2025-10-09 16:46:32,637 [INFO] Iniciando treinamento do modelo mlp_att1_CM
2025-10-09 16:46:32,637 [INFO] Configuração: att_index=1, epochs=30, layers=[128, 64, 32], lr=0.001, batch_size=32, descriptor_type=CM
2025-10-09 16:46:32,637 [INFO] Diretório para modelos: /mnt/hdd/home/jdurao/ToolBox-ChemXAI/models
2025-10-09 16:46:32,637 [INFO] Carregando dados...
2025-10-09 16:46:32,718 [INFO] Preparando dataloaders sem ruído...
2025-10-09 16:46:57,031 [INFO] Dados carregados em 24.39 segundos
2025-10-09 16:46:57,031 [INFO] Tamanhos dos conjuntos - Treino: 107108, Validação: 13388, Teste: 13389
2025-10-09 16:46:57,031 [INFO] Usando dispositivo: cuda
2025-10-09 16:46:57,270 [INFO] Dimensão de entrada: 841, Dimensão de saída: 1
2025-10-09 16:46:57,270 [INFO] Criando modelo MLP com camadas: [128, 64, 32]
2025-10-09 16:46:57,273 [INFO] Modelo criado com 118145 parâmetros
2025-10-09 16:46:57,292 [INFO] Iniciando treinamento com 30 épocas...
2025-10-09 16:46:57,765 [INFO] Época 1/30, Batch 50/3348, Loss: 0.1759
2025-10-09 16:46:58,054 [INFO] Época 1/30, Batch 100/3348, Loss: 0.1465
2025-10-09 16:46:58,331 [INFO] Época 1/30, Batch 150/3348, Loss: 0.1464
2025-10-09 16:46:58,606 [INFO] Época 1/30, Batch 200/3348, Loss: 0.1135
2025-10-09 16:46:58,865 [INFO] Época 1/30, Batch 250/3348, Loss: 0.1122
2025-10-09 16:46:59,127 [INFO] Época 1/30, Batch 300/3348, Loss: 0.1296
2025-10-09 16:46:59,389 [INFO] Época 1/30, Batch 350/3348, Loss: 0.1627
2025-10-09 16:46:59,646 [INFO] Época 1/30, Batch 400/3348, Loss: 0.1483
2025-10-09 16:46:59,904 [INFO] Época 1/30, Batch 450/3348, Loss: 0.1336
2025-10-09 16:47:00,169 [INFO] Época 1/30, Batch 500/3348, Loss: 0.1512
2025-10-09 16:47:00,437 [INFO] Época 1/30, Batch 550/3348, Loss: 0.1331
2025-10-09 16:47:00,705 [INFO] Época 1/30, Batch 600/3348, Loss: 0.1555
2025-10-09 16:47:00,971 [INFO] Época 1/30, Batch 650/3348, Loss: 0.1407
2025-10-09 16:47:01,238 [INFO] Época 1/30, Batch 700/3348, Loss: 0.1262
2025-10-09 16:47:01,503 [INFO] Época 1/30, Batch 750/3348, Loss: 0.1318
2025-10-09 16:47:01,768 [INFO] Época 1/30, Batch 800/3348, Loss: 0.1218
2025-10-09 16:47:02,037 [INFO] Época 1/30, Batch 850/3348, Loss: 0.1155
2025-10-09 16:47:02,302 [INFO] Época 1/30, Batch 900/3348, Loss: 0.1295
2025-10-09 16:47:02,567 [INFO] Época 1/30, Batch 950/3348, Loss: 0.1332
2025-10-09 16:47:02,834 [INFO] Época 1/30, Batch 1000/3348, Loss: 0.0747
2025-10-09 16:47:03,102 [INFO] Época 1/30, Batch 1050/3348, Loss: 0.1423
2025-10-09 16:47:03,365 [INFO] Época 1/30, Batch 1100/3348, Loss: 0.1017
2025-10-09 16:47:03,631 [INFO] Época 1/30, Batch 1150/3348, Loss: 0.1542
2025-10-09 16:47:03,896 [INFO] Época 1/30, Batch 1200/3348, Loss: 0.1434
2025-10-09 16:47:04,159 [INFO] Época 1/30, Batch 1250/3348, Loss: 0.0909
2025-10-09 16:47:04,422 [INFO] Época 1/30, Batch 1300/3348, Loss: 0.0852
2025-10-09 16:47:04,685 [INFO] Época 1/30, Batch 1350/3348, Loss: 0.1160
2025-10-09 16:47:04,948 [INFO] Época 1/30, Batch 1400/3348, Loss: 0.1006
2025-10-09 16:47:05,211 [INFO] Época 1/30, Batch 1450/3348, Loss: 0.0878
2025-10-09 16:47:05,476 [INFO] Época 1/30, Batch 1500/3348, Loss: 0.1198
2025-10-09 16:47:05,740 [INFO] Época 1/30, Batch 1550/3348, Loss: 0.1135
2025-10-09 16:47:06,004 [INFO] Época 1/30, Batch 1600/3348, Loss: 0.0973
2025-10-09 16:47:06,267 [INFO] Época 1/30, Batch 1650/3348, Loss: 0.1370
2025-10-09 16:47:06,530 [INFO] Época 1/30, Batch 1700/3348, Loss: 0.0999
2025-10-09 16:47:06,794 [INFO] Época 1/30, Batch 1750/3348, Loss: 0.1173
2025-10-09 16:47:07,057 [INFO] Época 1/30, Batch 1800/3348, Loss: 0.1024
2025-10-09 16:47:07,321 [INFO] Época 1/30, Batch 1850/3348, Loss: 0.1192
2025-10-09 16:47:07,587 [INFO] Época 1/30, Batch 1900/3348, Loss: 0.1285
2025-10-09 16:47:07,852 [INFO] Época 1/30, Batch 1950/3348, Loss: 0.1311
2025-10-09 16:47:08,115 [INFO] Época 1/30, Batch 2000/3348, Loss: 0.0855
2025-10-09 16:47:08,379 [INFO] Época 1/30, Batch 2050/3348, Loss: 0.1105
2025-10-09 16:47:08,648 [INFO] Época 1/30, Batch 2100/3348, Loss: 0.1164
2025-10-09 16:47:08,914 [INFO] Época 1/30, Batch 2150/3348, Loss: 0.0880
2025-10-09 16:47:09,179 [INFO] Época 1/30, Batch 2200/3348, Loss: 0.1183
2025-10-09 16:47:09,443 [INFO] Época 1/30, Batch 2250/3348, Loss: 0.1166
2025-10-09 16:47:09,711 [INFO] Época 1/30, Batch 2300/3348, Loss: 0.1002
2025-10-09 16:47:09,976 [INFO] Época 1/30, Batch 2350/3348, Loss: 0.1147
2025-10-09 16:47:10,239 [INFO] Época 1/30, Batch 2400/3348, Loss: 0.1137
2025-10-09 16:47:10,507 [INFO] Época 1/30, Batch 2450/3348, Loss: 0.1057
2025-10-09 16:47:10,770 [INFO] Época 1/30, Batch 2500/3348, Loss: 0.1504
2025-10-09 16:47:11,036 [INFO] Época 1/30, Batch 2550/3348, Loss: 0.1006
2025-10-09 16:47:11,300 [INFO] Época 1/30, Batch 2600/3348, Loss: 0.1081
2025-10-09 16:47:11,569 [INFO] Época 1/30, Batch 2650/3348, Loss: 0.0948
2025-10-09 16:47:11,837 [INFO] Época 1/30, Batch 2700/3348, Loss: 0.1083
2025-10-09 16:47:12,104 [INFO] Época 1/30, Batch 2750/3348, Loss: 0.1176
2025-10-09 16:47:12,371 [INFO] Época 1/30, Batch 2800/3348, Loss: 0.1128
2025-10-09 16:47:12,638 [INFO] Época 1/30, Batch 2850/3348, Loss: 0.1265
2025-10-09 16:47:12,906 [INFO] Época 1/30, Batch 2900/3348, Loss: 0.0998
2025-10-09 16:47:13,172 [INFO] Época 1/30, Batch 2950/3348, Loss: 0.1009
2025-10-09 16:47:13,448 [INFO] Época 1/30, Batch 3000/3348, Loss: 0.0938
2025-10-09 16:47:13,715 [INFO] Época 1/30, Batch 3050/3348, Loss: 0.1081
2025-10-09 16:47:13,985 [INFO] Época 1/30, Batch 3100/3348, Loss: 0.0912
2025-10-09 16:47:14,254 [INFO] Época 1/30, Batch 3150/3348, Loss: 0.1252
2025-10-09 16:47:14,529 [INFO] Época 1/30, Batch 3200/3348, Loss: 0.0970
2025-10-09 16:47:14,812 [INFO] Época 1/30, Batch 3250/3348, Loss: 0.1125
2025-10-09 16:47:15,094 [INFO] Época 1/30, Batch 3300/3348, Loss: 0.1361
2025-10-09 16:47:16,771 [INFO] [1/30] Train Loss: 0.1247 | Val Loss: 0.0928 | Tempo: 19.48s
2025-10-09 16:47:16,777 [INFO] Melhor modelo salvo em: /mnt/hdd/home/jdurao/ToolBox-ChemXAI/models/mlp_qm9_CM_att1_large.pth
2025-10-09 16:47:17,287 [INFO] Época 2/30, Batch 50/3348, Loss: 0.1114
2025-10-09 16:47:17,571 [INFO] Época 2/30, Batch 100/3348, Loss: 0.1232
2025-10-09 16:47:17,848 [INFO] Época 2/30, Batch 150/3348, Loss: 0.0846
2025-10-09 16:47:18,120 [INFO] Época 2/30, Batch 200/3348, Loss: 0.1140
2025-10-09 16:47:18,392 [INFO] Época 2/30, Batch 250/3348, Loss: 0.0845
2025-10-09 16:47:18,667 [INFO] Época 2/30, Batch 300/3348, Loss: 0.0954
2025-10-09 16:47:18,942 [INFO] Época 2/30, Batch 350/3348, Loss: 0.0994
2025-10-09 16:47:19,214 [INFO] Época 2/30, Batch 400/3348, Loss: 0.0911
2025-10-09 16:47:19,486 [INFO] Época 2/30, Batch 450/3348, Loss: 0.1126
2025-10-09 16:47:19,757 [INFO] Época 2/30, Batch 500/3348, Loss: 0.1033
2025-10-09 16:47:20,029 [INFO] Época 2/30, Batch 550/3348, Loss: 0.1068
2025-10-09 16:47:20,298 [INFO] Época 2/30, Batch 600/3348, Loss: 0.1002
2025-10-09 16:47:20,564 [INFO] Época 2/30, Batch 650/3348, Loss: 0.1160
2025-10-09 16:47:20,831 [INFO] Época 2/30, Batch 700/3348, Loss: 0.0869
2025-10-09 16:47:21,097 [INFO] Época 2/30, Batch 750/3348, Loss: 0.1114
2025-10-09 16:47:21,363 [INFO] Época 2/30, Batch 800/3348, Loss: 0.1038
2025-10-09 16:47:21,624 [INFO] Época 2/30, Batch 850/3348, Loss: 0.0929
2025-10-09 16:47:21,885 [INFO] Época 2/30, Batch 900/3348, Loss: 0.1181
2025-10-09 16:47:22,143 [INFO] Época 2/30, Batch 950/3348, Loss: 0.1159
2025-10-09 16:47:22,402 [INFO] Época 2/30, Batch 1000/3348, Loss: 0.1076
2025-10-09 16:47:22,662 [INFO] Época 2/30, Batch 1050/3348, Loss: 0.1024
2025-10-09 16:47:22,922 [INFO] Época 2/30, Batch 1100/3348, Loss: 0.1162
2025-10-09 16:47:23,191 [INFO] Época 2/30, Batch 1150/3348, Loss: 0.1239
2025-10-09 16:47:23,462 [INFO] Época 2/30, Batch 1200/3348, Loss: 0.0845
2025-10-09 16:47:23,736 [INFO] Época 2/30, Batch 1250/3348, Loss: 0.0897
2025-10-09 16:47:24,007 [INFO] Época 2/30, Batch 1300/3348, Loss: 0.1039
2025-10-09 16:47:24,279 [INFO] Época 2/30, Batch 1350/3348, Loss: 0.0929
2025-10-09 16:47:24,553 [INFO] Época 2/30, Batch 1400/3348, Loss: 0.0775
2025-10-09 16:47:24,825 [INFO] Época 2/30, Batch 1450/3348, Loss: 0.1206
2025-10-09 16:47:25,097 [INFO] Época 2/30, Batch 1500/3348, Loss: 0.0841
2025-10-09 16:47:25,370 [INFO] Época 2/30, Batch 1550/3348, Loss: 0.0888
2025-10-09 16:47:25,640 [INFO] Época 2/30, Batch 1600/3348, Loss: 0.1123
2025-10-09 16:47:25,911 [INFO] Época 2/30, Batch 1650/3348, Loss: 0.1014
2025-10-09 16:47:26,182 [INFO] Época 2/30, Batch 1700/3348, Loss: 0.1056
2025-10-09 16:47:26,452 [INFO] Época 2/30, Batch 1750/3348, Loss: 0.1066
2025-10-09 16:47:26,721 [INFO] Época 2/30, Batch 1800/3348, Loss: 0.0898
2025-10-09 16:47:26,993 [INFO] Época 2/30, Batch 1850/3348, Loss: 0.0989
2025-10-09 16:47:27,265 [INFO] Época 2/30, Batch 1900/3348, Loss: 0.0820
2025-10-09 16:47:27,536 [INFO] Época 2/30, Batch 1950/3348, Loss: 0.0867
2025-10-09 16:47:27,805 [INFO] Época 2/30, Batch 2000/3348, Loss: 0.1034
2025-10-09 16:47:28,075 [INFO] Época 2/30, Batch 2050/3348, Loss: 0.1172
2025-10-09 16:47:28,347 [INFO] Época 2/30, Batch 2100/3348, Loss: 0.0933
2025-10-09 16:47:28,616 [INFO] Época 2/30, Batch 2150/3348, Loss: 0.0983
2025-10-09 16:47:28,884 [INFO] Época 2/30, Batch 2200/3348, Loss: 0.0929
2025-10-09 16:47:29,153 [INFO] Época 2/30, Batch 2250/3348, Loss: 0.0913
2025-10-09 16:47:29,422 [INFO] Época 2/30, Batch 2300/3348, Loss: 0.0961
2025-10-09 16:47:29,692 [INFO] Época 2/30, Batch 2350/3348, Loss: 0.0774
2025-10-09 16:47:29,963 [INFO] Época 2/30, Batch 2400/3348, Loss: 0.0989
2025-10-09 16:47:30,233 [INFO] Época 2/30, Batch 2450/3348, Loss: 0.1211
2025-10-09 16:47:30,501 [INFO] Época 2/30, Batch 2500/3348, Loss: 0.0971
2025-10-09 16:47:30,769 [INFO] Época 2/30, Batch 2550/3348, Loss: 0.1026
2025-10-09 16:47:31,037 [INFO] Época 2/30, Batch 2600/3348, Loss: 0.1227
2025-10-09 16:47:31,308 [INFO] Época 2/30, Batch 2650/3348, Loss: 0.0886
2025-10-09 16:47:31,578 [INFO] Época 2/30, Batch 2700/3348, Loss: 0.1108
2025-10-09 16:47:31,846 [INFO] Época 2/30, Batch 2750/3348, Loss: 0.0839
2025-10-09 16:47:32,115 [INFO] Época 2/30, Batch 2800/3348, Loss: 0.0855
2025-10-09 16:47:32,383 [INFO] Época 2/30, Batch 2850/3348, Loss: 0.1238
2025-10-09 16:47:32,655 [INFO] Época 2/30, Batch 2900/3348, Loss: 0.1024
2025-10-09 16:47:32,926 [INFO] Época 2/30, Batch 2950/3348, Loss: 0.0876
2025-10-09 16:47:33,197 [INFO] Época 2/30, Batch 3000/3348, Loss: 0.0944
2025-10-09 16:47:33,471 [INFO] Época 2/30, Batch 3050/3348, Loss: 0.0893
2025-10-09 16:47:33,743 [INFO] Época 2/30, Batch 3100/3348, Loss: 0.1156
2025-10-09 16:47:34,014 [INFO] Época 2/30, Batch 3150/3348, Loss: 0.1050
2025-10-09 16:47:34,288 [INFO] Época 2/30, Batch 3200/3348, Loss: 0.0843
2025-10-09 16:47:34,559 [INFO] Época 2/30, Batch 3250/3348, Loss: 0.0941
2025-10-09 16:47:34,830 [INFO] Época 2/30, Batch 3300/3348, Loss: 0.0936
2025-10-09 16:47:36,517 [INFO] [2/30] Train Loss: 0.1058 | Val Loss: 0.0913 | Tempo: 19.74s
2025-10-09 16:47:36,524 [INFO] Melhor modelo salvo em: /mnt/hdd/home/jdurao/ToolBox-ChemXAI/models/mlp_qm9_CM_att1_large.pth
2025-10-09 16:47:37,016 [INFO] Época 3/30, Batch 50/3348, Loss: 0.0717
2025-10-09 16:47:37,296 [INFO] Época 3/30, Batch 100/3348, Loss: 0.0995
2025-10-09 16:47:37,574 [INFO] Época 3/30, Batch 150/3348, Loss: 0.1087
2025-10-09 16:47:37,851 [INFO] Época 3/30, Batch 200/3348, Loss: 0.1069
2025-10-09 16:47:38,130 [INFO] Época 3/30, Batch 250/3348, Loss: 0.0848
2025-10-09 16:47:38,406 [INFO] Época 3/30, Batch 300/3348, Loss: 0.0964
2025-10-09 16:47:38,683 [INFO] Época 3/30, Batch 350/3348, Loss: 0.0900
2025-10-09 16:47:38,961 [INFO] Época 3/30, Batch 400/3348, Loss: 0.1056
2025-10-09 16:47:39,239 [INFO] Época 3/30, Batch 450/3348, Loss: 0.0785
2025-10-09 16:47:39,516 [INFO] Época 3/30, Batch 500/3348, Loss: 0.0863
2025-10-09 16:47:39,791 [INFO] Época 3/30, Batch 550/3348, Loss: 0.1018
2025-10-09 16:47:40,069 [INFO] Época 3/30, Batch 600/3348, Loss: 0.0776
2025-10-09 16:47:40,343 [INFO] Época 3/30, Batch 650/3348, Loss: 0.0845
2025-10-09 16:47:40,617 [INFO] Época 3/30, Batch 700/3348, Loss: 0.0914
2025-10-09 16:47:40,889 [INFO] Época 3/30, Batch 750/3348, Loss: 0.1134
2025-10-09 16:47:41,163 [INFO] Época 3/30, Batch 800/3348, Loss: 0.1082
2025-10-09 16:47:41,435 [INFO] Época 3/30, Batch 850/3348, Loss: 0.0849
2025-10-09 16:47:41,708 [INFO] Época 3/30, Batch 900/3348, Loss: 0.0888
2025-10-09 16:47:41,983 [INFO] Época 3/30, Batch 950/3348, Loss: 0.0905
2025-10-09 16:47:42,256 [INFO] Época 3/30, Batch 1000/3348, Loss: 0.0700
2025-10-09 16:47:42,530 [INFO] Época 3/30, Batch 1050/3348, Loss: 0.0863
2025-10-09 16:47:42,803 [INFO] Época 3/30, Batch 1100/3348, Loss: 0.0818
2025-10-09 16:47:43,078 [INFO] Época 3/30, Batch 1150/3348, Loss: 0.0762
2025-10-09 16:47:43,352 [INFO] Época 3/30, Batch 1200/3348, Loss: 0.0723
2025-10-09 16:47:43,628 [INFO] Época 3/30, Batch 1250/3348, Loss: 0.1028
2025-10-09 16:47:43,904 [INFO] Época 3/30, Batch 1300/3348, Loss: 0.0764
2025-10-09 16:47:44,179 [INFO] Época 3/30, Batch 1350/3348, Loss: 0.0962
2025-10-09 16:47:44,455 [INFO] Época 3/30, Batch 1400/3348, Loss: 0.0912
2025-10-09 16:47:44,733 [INFO] Época 3/30, Batch 1450/3348, Loss: 0.0855
2025-10-09 16:47:45,007 [INFO] Época 3/30, Batch 1500/3348, Loss: 0.0863
2025-10-09 16:47:45,281 [INFO] Época 3/30, Batch 1550/3348, Loss: 0.1088
2025-10-09 16:47:45,553 [INFO] Época 3/30, Batch 1600/3348, Loss: 0.0659
2025-10-09 16:47:45,829 [INFO] Época 3/30, Batch 1650/3348, Loss: 0.0768
2025-10-09 16:47:46,107 [INFO] Época 3/30, Batch 1700/3348, Loss: 0.1139
2025-10-09 16:47:46,383 [INFO] Época 3/30, Batch 1750/3348, Loss: 0.0867
2025-10-09 16:47:46,659 [INFO] Época 3/30, Batch 1800/3348, Loss: 0.0761
2025-10-09 16:47:46,935 [INFO] Época 3/30, Batch 1850/3348, Loss: 0.0862
2025-10-09 16:47:47,210 [INFO] Época 3/30, Batch 1900/3348, Loss: 0.0948
2025-10-09 16:47:47,486 [INFO] Época 3/30, Batch 1950/3348, Loss: 0.0781
2025-10-09 16:47:47,760 [INFO] Época 3/30, Batch 2000/3348, Loss: 0.1044
2025-10-09 16:47:48,037 [INFO] Época 3/30, Batch 2050/3348, Loss: 0.0922
2025-10-09 16:47:48,312 [INFO] Época 3/30, Batch 2100/3348, Loss: 0.0799
2025-10-09 16:47:48,588 [INFO] Época 3/30, Batch 2150/3348, Loss: 0.1004
2025-10-09 16:47:48,864 [INFO] Época 3/30, Batch 2200/3348, Loss: 0.0998
2025-10-09 16:47:49,140 [INFO] Época 3/30, Batch 2250/3348, Loss: 0.1038
2025-10-09 16:47:49,416 [INFO] Época 3/30, Batch 2300/3348, Loss: 0.0901
2025-10-09 16:47:49,691 [INFO] Época 3/30, Batch 2350/3348, Loss: 0.1060
2025-10-09 16:47:49,965 [INFO] Época 3/30, Batch 2400/3348, Loss: 0.1326
2025-10-09 16:47:50,238 [INFO] Época 3/30, Batch 2450/3348, Loss: 0.0980
2025-10-09 16:47:50,513 [INFO] Época 3/30, Batch 2500/3348, Loss: 0.0951
2025-10-09 16:47:50,788 [INFO] Época 3/30, Batch 2550/3348, Loss: 0.0813
2025-10-09 16:47:51,062 [INFO] Época 3/30, Batch 2600/3348, Loss: 0.0808
2025-10-09 16:47:51,337 [INFO] Época 3/30, Batch 2650/3348, Loss: 0.0661
2025-10-09 16:47:51,612 [INFO] Época 3/30, Batch 2700/3348, Loss: 0.0805
2025-10-09 16:47:51,889 [INFO] Época 3/30, Batch 2750/3348, Loss: 0.0928
2025-10-09 16:47:52,164 [INFO] Época 3/30, Batch 2800/3348, Loss: 0.0867
2025-10-09 16:47:52,437 [INFO] Época 3/30, Batch 2850/3348, Loss: 0.3934
2025-10-09 16:47:52,713 [INFO] Época 3/30, Batch 2900/3348, Loss: 0.1007
2025-10-09 16:47:52,992 [INFO] Época 3/30, Batch 2950/3348, Loss: 0.0879
2025-10-09 16:47:53,271 [INFO] Época 3/30, Batch 3000/3348, Loss: 0.1043
2025-10-09 16:47:53,549 [INFO] Época 3/30, Batch 3050/3348, Loss: 0.1080
2025-10-09 16:47:53,827 [INFO] Época 3/30, Batch 3100/3348, Loss: 0.0821
2025-10-09 16:47:54,102 [INFO] Época 3/30, Batch 3150/3348, Loss: 0.0840
2025-10-09 16:47:54,376 [INFO] Época 3/30, Batch 3200/3348, Loss: 0.0805
2025-10-09 16:47:54,653 [INFO] Época 3/30, Batch 3250/3348, Loss: 0.0904
2025-10-09 16:47:54,928 [INFO] Época 3/30, Batch 3300/3348, Loss: 0.0703
2025-10-09 16:47:56,667 [INFO] [3/30] Train Loss: 0.0989 | Val Loss: 0.0756 | Tempo: 20.14s
2025-10-09 16:47:56,673 [INFO] Melhor modelo salvo em: /mnt/hdd/home/jdurao/ToolBox-ChemXAI/models/mlp_qm9_CM_att1_large.pth
2025-10-09 16:47:57,172 [INFO] Época 4/30, Batch 50/3348, Loss: 0.0739
2025-10-09 16:47:57,447 [INFO] Época 4/30, Batch 100/3348, Loss: 0.0953
2025-10-09 16:47:57,724 [INFO] Época 4/30, Batch 150/3348, Loss: 0.0871
2025-10-09 16:47:57,997 [INFO] Época 4/30, Batch 200/3348, Loss: 0.1055
2025-10-09 16:47:58,269 [INFO] Época 4/30, Batch 250/3348, Loss: 0.0811
2025-10-09 16:47:58,543 [INFO] Época 4/30, Batch 300/3348, Loss: 0.0813
2025-10-09 16:47:58,805 [INFO] Época 4/30, Batch 350/3348, Loss: 0.0865
2025-10-09 16:47:59,074 [INFO] Época 4/30, Batch 400/3348, Loss: 0.1942
2025-10-09 16:47:59,347 [INFO] Época 4/30, Batch 450/3348, Loss: 0.0977
2025-10-09 16:47:59,619 [INFO] Época 4/30, Batch 500/3348, Loss: 0.1063
2025-10-09 16:47:59,886 [INFO] Época 4/30, Batch 550/3348, Loss: 0.1145
2025-10-09 16:48:00,155 [INFO] Época 4/30, Batch 600/3348, Loss: 0.0688
2025-10-09 16:48:00,429 [INFO] Época 4/30, Batch 650/3348, Loss: 0.0853
2025-10-09 16:48:00,704 [INFO] Época 4/30, Batch 700/3348, Loss: 0.0855
2025-10-09 16:48:00,978 [INFO] Época 4/30, Batch 750/3348, Loss: 0.0609
2025-10-09 16:48:01,236 [INFO] Época 4/30, Batch 800/3348, Loss: 0.0735
2025-10-09 16:48:01,487 [INFO] Época 4/30, Batch 850/3348, Loss: 0.0625
2025-10-09 16:48:01,744 [INFO] Época 4/30, Batch 900/3348, Loss: 0.0886
2025-10-09 16:48:02,007 [INFO] Época 4/30, Batch 950/3348, Loss: 0.1016
2025-10-09 16:48:02,270 [INFO] Época 4/30, Batch 1000/3348, Loss: 0.0649
2025-10-09 16:48:02,533 [INFO] Época 4/30, Batch 1050/3348, Loss: 0.0846
2025-10-09 16:48:02,800 [INFO] Época 4/30, Batch 1100/3348, Loss: 0.0878
2025-10-09 16:48:03,067 [INFO] Época 4/30, Batch 1150/3348, Loss: 0.0959
2025-10-09 16:48:03,336 [INFO] Época 4/30, Batch 1200/3348, Loss: 0.1094
2025-10-09 16:48:03,607 [INFO] Época 4/30, Batch 1250/3348, Loss: 0.0688
2025-10-09 16:48:03,871 [INFO] Época 4/30, Batch 1300/3348, Loss: 0.0923
2025-10-09 16:48:04,135 [INFO] Época 4/30, Batch 1350/3348, Loss: 0.1008
2025-10-09 16:48:04,397 [INFO] Época 4/30, Batch 1400/3348, Loss: 0.1056
2025-10-09 16:48:04,659 [INFO] Época 4/30, Batch 1450/3348, Loss: 0.0705
2025-10-09 16:48:04,931 [INFO] Época 4/30, Batch 1500/3348, Loss: 0.0850
2025-10-09 16:48:05,201 [INFO] Época 4/30, Batch 1550/3348, Loss: 0.0657
2025-10-09 16:48:05,472 [INFO] Época 4/30, Batch 1600/3348, Loss: 0.0598
2025-10-09 16:48:05,740 [INFO] Época 4/30, Batch 1650/3348, Loss: 0.0826
2025-10-09 16:48:06,002 [INFO] Época 4/30, Batch 1700/3348, Loss: 0.0693
2025-10-09 16:48:06,265 [INFO] Época 4/30, Batch 1750/3348, Loss: 0.0862
2025-10-09 16:48:06,527 [INFO] Época 4/30, Batch 1800/3348, Loss: 0.0959
2025-10-09 16:48:06,789 [INFO] Época 4/30, Batch 1850/3348, Loss: 0.1091
2025-10-09 16:48:07,054 [INFO] Época 4/30, Batch 1900/3348, Loss: 0.0700
2025-10-09 16:48:07,319 [INFO] Época 4/30, Batch 1950/3348, Loss: 0.1027
2025-10-09 16:48:07,587 [INFO] Época 4/30, Batch 2000/3348, Loss: 0.1375
2025-10-09 16:48:07,854 [INFO] Época 4/30, Batch 2050/3348, Loss: 0.1021
2025-10-09 16:48:08,119 [INFO] Época 4/30, Batch 2100/3348, Loss: 0.0773
2025-10-09 16:48:08,383 [INFO] Época 4/30, Batch 2150/3348, Loss: 0.0570
2025-10-09 16:48:08,650 [INFO] Época 4/30, Batch 2200/3348, Loss: 0.0828
2025-10-09 16:48:08,920 [INFO] Época 4/30, Batch 2250/3348, Loss: 0.0820
2025-10-09 16:48:09,186 [INFO] Época 4/30, Batch 2300/3348, Loss: 0.0821
2025-10-09 16:48:09,451 [INFO] Época 4/30, Batch 2350/3348, Loss: 0.0882
2025-10-09 16:48:09,718 [INFO] Época 4/30, Batch 2400/3348, Loss: 0.0776
2025-10-09 16:48:09,984 [INFO] Época 4/30, Batch 2450/3348, Loss: 0.0806
2025-10-09 16:48:10,252 [INFO] Época 4/30, Batch 2500/3348, Loss: 0.1062
2025-10-09 16:48:10,520 [INFO] Época 4/30, Batch 2550/3348, Loss: 0.0848
2025-10-09 16:48:10,773 [INFO] Época 4/30, Batch 2600/3348, Loss: 0.0773
2025-10-09 16:48:11,024 [INFO] Época 4/30, Batch 2650/3348, Loss: 0.0703
2025-10-09 16:48:11,275 [INFO] Época 4/30, Batch 2700/3348, Loss: 0.1059
2025-10-09 16:48:11,528 [INFO] Época 4/30, Batch 2750/3348, Loss: 0.0867
2025-10-09 16:48:11,781 [INFO] Época 4/30, Batch 2800/3348, Loss: 0.0813
2025-10-09 16:48:12,030 [INFO] Época 4/30, Batch 2850/3348, Loss: 0.0936
2025-10-09 16:48:12,280 [INFO] Época 4/30, Batch 2900/3348, Loss: 0.0854
2025-10-09 16:48:12,530 [INFO] Época 4/30, Batch 2950/3348, Loss: 0.1508
2025-10-09 16:48:12,787 [INFO] Época 4/30, Batch 3000/3348, Loss: 0.0905
2025-10-09 16:48:13,037 [INFO] Época 4/30, Batch 3050/3348, Loss: 0.0871
2025-10-09 16:48:13,287 [INFO] Época 4/30, Batch 3100/3348, Loss: 0.0859
2025-10-09 16:48:13,537 [INFO] Época 4/30, Batch 3150/3348, Loss: 0.0925
2025-10-09 16:48:13,799 [INFO] Época 4/30, Batch 3200/3348, Loss: 0.0890
2025-10-09 16:48:14,063 [INFO] Época 4/30, Batch 3250/3348, Loss: 0.0979
2025-10-09 16:48:14,327 [INFO] Época 4/30, Batch 3300/3348, Loss: 0.0817
2025-10-09 16:48:15,975 [INFO] [4/30] Train Loss: 0.0937 | Val Loss: 0.0780 | Tempo: 19.30s
2025-10-09 16:48:16,446 [INFO] Época 5/30, Batch 50/3348, Loss: 0.0715
2025-10-09 16:48:16,719 [INFO] Época 5/30, Batch 100/3348, Loss: 0.1074
2025-10-09 16:48:16,990 [INFO] Época 5/30, Batch 150/3348, Loss: 0.0861
2025-10-09 16:48:17,261 [INFO] Época 5/30, Batch 200/3348, Loss: 0.0941
2025-10-09 16:48:17,531 [INFO] Época 5/30, Batch 250/3348, Loss: 0.0841
2025-10-09 16:48:17,799 [INFO] Época 5/30, Batch 300/3348, Loss: 0.0913
2025-10-09 16:48:18,068 [INFO] Época 5/30, Batch 350/3348, Loss: 0.0617
2025-10-09 16:48:18,335 [INFO] Época 5/30, Batch 400/3348, Loss: 0.0893
2025-10-09 16:48:18,601 [INFO] Época 5/30, Batch 450/3348, Loss: 0.0944
2025-10-09 16:48:18,869 [INFO] Época 5/30, Batch 500/3348, Loss: 0.0753
2025-10-09 16:48:19,136 [INFO] Época 5/30, Batch 550/3348, Loss: 0.0910
2025-10-09 16:48:19,403 [INFO] Época 5/30, Batch 600/3348, Loss: 0.0884
2025-10-09 16:48:19,669 [INFO] Época 5/30, Batch 650/3348, Loss: 0.0791
2025-10-09 16:48:19,936 [INFO] Época 5/30, Batch 700/3348, Loss: 0.1016
2025-10-09 16:48:20,202 [INFO] Época 5/30, Batch 750/3348, Loss: 0.0759
2025-10-09 16:48:20,466 [INFO] Época 5/30, Batch 800/3348, Loss: 0.0981
2025-10-09 16:48:20,730 [INFO] Época 5/30, Batch 850/3348, Loss: 0.0697
2025-10-09 16:48:20,993 [INFO] Época 5/30, Batch 900/3348, Loss: 0.0713
2025-10-09 16:48:21,256 [INFO] Época 5/30, Batch 950/3348, Loss: 0.1090
2025-10-09 16:48:21,521 [INFO] Época 5/30, Batch 1000/3348, Loss: 0.0750
2025-10-09 16:48:21,796 [INFO] Época 5/30, Batch 1050/3348, Loss: 0.1736
2025-10-09 16:48:22,058 [INFO] Época 5/30, Batch 1100/3348, Loss: 0.0848
2025-10-09 16:48:22,319 [INFO] Época 5/30, Batch 1150/3348, Loss: 0.0768
2025-10-09 16:48:22,578 [INFO] Época 5/30, Batch 1200/3348, Loss: 0.0858
2025-10-09 16:48:22,839 [INFO] Época 5/30, Batch 1250/3348, Loss: 0.0910
2025-10-09 16:48:23,099 [INFO] Época 5/30, Batch 1300/3348, Loss: 0.0727
2025-10-09 16:48:23,365 [INFO] Época 5/30, Batch 1350/3348, Loss: 0.0711
2025-10-09 16:48:23,633 [INFO] Época 5/30, Batch 1400/3348, Loss: 0.0816
2025-10-09 16:48:23,900 [INFO] Época 5/30, Batch 1450/3348, Loss: 0.0612
2025-10-09 16:48:24,166 [INFO] Época 5/30, Batch 1500/3348, Loss: 0.0647
2025-10-09 16:48:24,435 [INFO] Época 5/30, Batch 1550/3348, Loss: 0.0737
2025-10-09 16:48:24,701 [INFO] Época 5/30, Batch 1600/3348, Loss: 0.0667
2025-10-09 16:48:24,966 [INFO] Época 5/30, Batch 1650/3348, Loss: 0.0806
2025-10-09 16:48:25,230 [INFO] Época 5/30, Batch 1700/3348, Loss: 0.0700
2025-10-09 16:48:25,498 [INFO] Época 5/30, Batch 1750/3348, Loss: 0.0836
2025-10-09 16:48:25,768 [INFO] Época 5/30, Batch 1800/3348, Loss: 0.0604
2025-10-09 16:48:26,034 [INFO] Época 5/30, Batch 1850/3348, Loss: 0.0697
2025-10-09 16:48:26,301 [INFO] Época 5/30, Batch 1900/3348, Loss: 0.0897
2025-10-09 16:48:26,567 [INFO] Época 5/30, Batch 1950/3348, Loss: 0.0748
2025-10-09 16:48:26,836 [INFO] Época 5/30, Batch 2000/3348, Loss: 0.1007
2025-10-09 16:48:27,104 [INFO] Época 5/30, Batch 2050/3348, Loss: 0.0878
2025-10-09 16:48:27,373 [INFO] Época 5/30, Batch 2100/3348, Loss: 0.0853
2025-10-09 16:48:27,642 [INFO] Época 5/30, Batch 2150/3348, Loss: 0.0712
2025-10-09 16:48:27,913 [INFO] Época 5/30, Batch 2200/3348, Loss: 0.0830
2025-10-09 16:48:28,182 [INFO] Época 5/30, Batch 2250/3348, Loss: 0.0671
2025-10-09 16:48:28,451 [INFO] Época 5/30, Batch 2300/3348, Loss: 0.0718
2025-10-09 16:48:28,720 [INFO] Época 5/30, Batch 2350/3348, Loss: 0.0997
2025-10-09 16:48:28,988 [INFO] Época 5/30, Batch 2400/3348, Loss: 0.0852
2025-10-09 16:48:29,254 [INFO] Época 5/30, Batch 2450/3348, Loss: 0.0692
2025-10-09 16:48:29,520 [INFO] Época 5/30, Batch 2500/3348, Loss: 0.0937
2025-10-09 16:48:29,788 [INFO] Época 5/30, Batch 2550/3348, Loss: 0.0741
2025-10-09 16:48:30,053 [INFO] Época 5/30, Batch 2600/3348, Loss: 0.0779
2025-10-09 16:48:30,318 [INFO] Época 5/30, Batch 2650/3348, Loss: 0.0642
2025-10-09 16:48:30,581 [INFO] Época 5/30, Batch 2700/3348, Loss: 0.0805
2025-10-09 16:48:30,846 [INFO] Época 5/30, Batch 2750/3348, Loss: 0.0615
2025-10-09 16:48:31,113 [INFO] Época 5/30, Batch 2800/3348, Loss: 0.1292
2025-10-09 16:48:31,380 [INFO] Época 5/30, Batch 2850/3348, Loss: 0.0835
2025-10-09 16:48:31,648 [INFO] Época 5/30, Batch 2900/3348, Loss: 0.0577
2025-10-09 16:48:31,918 [INFO] Época 5/30, Batch 2950/3348, Loss: 0.1375
2025-10-09 16:48:32,182 [INFO] Época 5/30, Batch 3000/3348, Loss: 0.0815
2025-10-09 16:48:32,449 [INFO] Época 5/30, Batch 3050/3348, Loss: 0.0721
2025-10-09 16:48:32,715 [INFO] Época 5/30, Batch 3100/3348, Loss: 0.0955
2025-10-09 16:48:32,983 [INFO] Época 5/30, Batch 3150/3348, Loss: 0.1187
2025-10-09 16:48:33,250 [INFO] Época 5/30, Batch 3200/3348, Loss: 0.0538
2025-10-09 16:48:33,517 [INFO] Época 5/30, Batch 3250/3348, Loss: 0.0745
2025-10-09 16:48:33,785 [INFO] Época 5/30, Batch 3300/3348, Loss: 0.0970
2025-10-09 16:48:35,524 [INFO] [5/30] Train Loss: 0.0897 | Val Loss: 0.0773 | Tempo: 19.55s
2025-10-09 16:48:35,993 [INFO] Época 6/30, Batch 50/3348, Loss: 0.0769
2025-10-09 16:48:36,262 [INFO] Época 6/30, Batch 100/3348, Loss: 0.0795
2025-10-09 16:48:36,531 [INFO] Época 6/30, Batch 150/3348, Loss: 0.0633
2025-10-09 16:48:36,800 [INFO] Época 6/30, Batch 200/3348, Loss: 0.0756
2025-10-09 16:48:37,065 [INFO] Época 6/30, Batch 250/3348, Loss: 0.0976
2025-10-09 16:48:37,332 [INFO] Época 6/30, Batch 300/3348, Loss: 0.0766
2025-10-09 16:48:37,599 [INFO] Época 6/30, Batch 350/3348, Loss: 0.0960
2025-10-09 16:48:37,866 [INFO] Época 6/30, Batch 400/3348, Loss: 0.0724
2025-10-09 16:48:38,134 [INFO] Época 6/30, Batch 450/3348, Loss: 0.0672
2025-10-09 16:48:38,401 [INFO] Época 6/30, Batch 500/3348, Loss: 0.0843
2025-10-09 16:48:38,671 [INFO] Época 6/30, Batch 550/3348, Loss: 0.0777
2025-10-09 16:48:38,939 [INFO] Época 6/30, Batch 600/3348, Loss: 0.0745
2025-10-09 16:48:39,204 [INFO] Época 6/30, Batch 650/3348, Loss: 0.0621
2025-10-09 16:48:39,470 [INFO] Época 6/30, Batch 700/3348, Loss: 0.0615
2025-10-09 16:48:39,736 [INFO] Época 6/30, Batch 750/3348, Loss: 0.0601
2025-10-09 16:48:40,003 [INFO] Época 6/30, Batch 800/3348, Loss: 0.0466
2025-10-09 16:48:40,269 [INFO] Época 6/30, Batch 850/3348, Loss: 0.0743
2025-10-09 16:48:40,534 [INFO] Época 6/30, Batch 900/3348, Loss: 0.0748
2025-10-09 16:48:40,794 [INFO] Época 6/30, Batch 950/3348, Loss: 0.0898
2025-10-09 16:48:41,051 [INFO] Época 6/30, Batch 1000/3348, Loss: 0.0693
2025-10-09 16:48:41,309 [INFO] Época 6/30, Batch 1050/3348, Loss: 0.0716
2025-10-09 16:48:41,566 [INFO] Época 6/30, Batch 1100/3348, Loss: 0.0563
2025-10-09 16:48:41,823 [INFO] Época 6/30, Batch 1150/3348, Loss: 0.0870
2025-10-09 16:48:42,082 [INFO] Época 6/30, Batch 1200/3348, Loss: 0.0767
2025-10-09 16:48:42,342 [INFO] Época 6/30, Batch 1250/3348, Loss: 0.0787
2025-10-09 16:48:42,606 [INFO] Época 6/30, Batch 1300/3348, Loss: 0.0807
2025-10-09 16:48:42,871 [INFO] Época 6/30, Batch 1350/3348, Loss: 0.0738
2025-10-09 16:48:43,135 [INFO] Época 6/30, Batch 1400/3348, Loss: 0.0688
2025-10-09 16:48:43,398 [INFO] Época 6/30, Batch 1450/3348, Loss: 0.0870
2025-10-09 16:48:43,662 [INFO] Época 6/30, Batch 1500/3348, Loss: 0.0691
2025-10-09 16:48:43,926 [INFO] Época 6/30, Batch 1550/3348, Loss: 0.0773
2025-10-09 16:48:44,193 [INFO] Época 6/30, Batch 1600/3348, Loss: 0.0698
2025-10-09 16:48:44,464 [INFO] Época 6/30, Batch 1650/3348, Loss: 0.0644
2025-10-09 16:48:44,729 [INFO] Época 6/30, Batch 1700/3348, Loss: 0.0796
2025-10-09 16:48:44,991 [INFO] Época 6/30, Batch 1750/3348, Loss: 0.0873
2025-10-09 16:48:45,254 [INFO] Época 6/30, Batch 1800/3348, Loss: 0.0719
2025-10-09 16:48:45,515 [INFO] Época 6/30, Batch 1850/3348, Loss: 0.0837
2025-10-09 16:48:45,778 [INFO] Época 6/30, Batch 1900/3348, Loss: 0.0820
2025-10-09 16:48:46,041 [INFO] Época 6/30, Batch 1950/3348, Loss: 0.0821
2025-10-09 16:48:46,303 [INFO] Época 6/30, Batch 2000/3348, Loss: 0.1032
2025-10-09 16:48:46,568 [INFO] Época 6/30, Batch 2050/3348, Loss: 0.0790
2025-10-09 16:48:46,830 [INFO] Época 6/30, Batch 2100/3348, Loss: 0.0791
2025-10-09 16:48:47,092 [INFO] Época 6/30, Batch 2150/3348, Loss: 0.0799
2025-10-09 16:48:47,353 [INFO] Época 6/30, Batch 2200/3348, Loss: 0.0813
2025-10-09 16:48:47,615 [INFO] Época 6/30, Batch 2250/3348, Loss: 0.0713
2025-10-09 16:48:47,877 [INFO] Época 6/30, Batch 2300/3348, Loss: 0.0732
2025-10-09 16:48:48,139 [INFO] Época 6/30, Batch 2350/3348, Loss: 0.0892
2025-10-09 16:48:48,401 [INFO] Época 6/30, Batch 2400/3348, Loss: 0.0877
2025-10-09 16:48:48,665 [INFO] Época 6/30, Batch 2450/3348, Loss: 0.0983
2025-10-09 16:48:48,927 [INFO] Época 6/30, Batch 2500/3348, Loss: 0.0645
2025-10-09 16:48:49,190 [INFO] Época 6/30, Batch 2550/3348, Loss: 0.0888
2025-10-09 16:48:49,454 [INFO] Época 6/30, Batch 2600/3348, Loss: 0.1014
2025-10-09 16:48:49,717 [INFO] Época 6/30, Batch 2650/3348, Loss: 0.0777
2025-10-09 16:48:49,982 [INFO] Época 6/30, Batch 2700/3348, Loss: 0.0851
2025-10-09 16:48:50,244 [INFO] Época 6/30, Batch 2750/3348, Loss: 0.0830
2025-10-09 16:48:50,508 [INFO] Época 6/30, Batch 2800/3348, Loss: 0.0685
2025-10-09 16:48:50,780 [INFO] Época 6/30, Batch 2850/3348, Loss: 0.0845
2025-10-09 16:48:51,051 [INFO] Época 6/30, Batch 2900/3348, Loss: 0.0610
2025-10-09 16:48:51,322 [INFO] Época 6/30, Batch 2950/3348, Loss: 0.0819
2025-10-09 16:48:51,593 [INFO] Época 6/30, Batch 3000/3348, Loss: 0.0889
2025-10-09 16:48:51,864 [INFO] Época 6/30, Batch 3050/3348, Loss: 0.0677
2025-10-09 16:48:52,137 [INFO] Época 6/30, Batch 3100/3348, Loss: 0.0767
2025-10-09 16:48:52,409 [INFO] Época 6/30, Batch 3150/3348, Loss: 0.1144
2025-10-09 16:48:52,681 [INFO] Época 6/30, Batch 3200/3348, Loss: 0.0918
2025-10-09 16:48:52,952 [INFO] Época 6/30, Batch 3250/3348, Loss: 0.0942
2025-10-09 16:48:53,224 [INFO] Época 6/30, Batch 3300/3348, Loss: 0.0761
2025-10-09 16:48:54,985 [INFO] [6/30] Train Loss: 0.0868 | Val Loss: 0.0749 | Tempo: 19.46s
2025-10-09 16:48:54,991 [INFO] Melhor modelo salvo em: /mnt/hdd/home/jdurao/ToolBox-ChemXAI/models/mlp_qm9_CM_att1_large.pth
2025-10-09 16:48:55,475 [INFO] Época 7/30, Batch 50/3348, Loss: 0.0856
2025-10-09 16:48:55,750 [INFO] Época 7/30, Batch 100/3348, Loss: 0.0858
2025-10-09 16:48:56,021 [INFO] Época 7/30, Batch 150/3348, Loss: 0.0623
2025-10-09 16:48:56,294 [INFO] Época 7/30, Batch 200/3348, Loss: 0.0779
2025-10-09 16:48:56,565 [INFO] Época 7/30, Batch 250/3348, Loss: 0.0885
2025-10-09 16:48:56,838 [INFO] Época 7/30, Batch 300/3348, Loss: 0.0816
2025-10-09 16:48:57,111 [INFO] Época 7/30, Batch 350/3348, Loss: 0.1109
2025-10-09 16:48:57,381 [INFO] Época 7/30, Batch 400/3348, Loss: 0.0921
2025-10-09 16:48:57,649 [INFO] Época 7/30, Batch 450/3348, Loss: 0.0596
2025-10-09 16:48:57,917 [INFO] Época 7/30, Batch 500/3348, Loss: 0.0784
2025-10-09 16:48:58,184 [INFO] Época 7/30, Batch 550/3348, Loss: 0.0599
2025-10-09 16:48:58,453 [INFO] Época 7/30, Batch 600/3348, Loss: 0.0763
2025-10-09 16:48:58,721 [INFO] Época 7/30, Batch 650/3348, Loss: 0.0739
2025-10-09 16:48:58,990 [INFO] Época 7/30, Batch 700/3348, Loss: 0.0944
2025-10-09 16:48:59,256 [INFO] Época 7/30, Batch 750/3348, Loss: 0.0890
2025-10-09 16:48:59,522 [INFO] Época 7/30, Batch 800/3348, Loss: 0.0936
2025-10-09 16:48:59,789 [INFO] Época 7/30, Batch 850/3348, Loss: 0.0636
2025-10-09 16:49:00,056 [INFO] Época 7/30, Batch 900/3348, Loss: 0.0552
2025-10-09 16:49:00,321 [INFO] Época 7/30, Batch 950/3348, Loss: 0.0918
2025-10-09 16:49:00,586 [INFO] Época 7/30, Batch 1000/3348, Loss: 0.0857
2025-10-09 16:49:00,851 [INFO] Época 7/30, Batch 1050/3348, Loss: 0.0868
2025-10-09 16:49:01,118 [INFO] Época 7/30, Batch 1100/3348, Loss: 0.0766
2025-10-09 16:49:01,386 [INFO] Época 7/30, Batch 1150/3348, Loss: 0.0901
2025-10-09 16:49:01,652 [INFO] Época 7/30, Batch 1200/3348, Loss: 0.1403
2025-10-09 16:49:01,919 [INFO] Época 7/30, Batch 1250/3348, Loss: 0.0896
2025-10-09 16:49:02,187 [INFO] Época 7/30, Batch 1300/3348, Loss: 0.0921
2025-10-09 16:49:02,466 [INFO] Época 7/30, Batch 1350/3348, Loss: 0.0588
2025-10-09 16:49:02,738 [INFO] Época 7/30, Batch 1400/3348, Loss: 0.0590
2025-10-09 16:49:03,008 [INFO] Época 7/30, Batch 1450/3348, Loss: 0.0678
2025-10-09 16:49:03,277 [INFO] Época 7/30, Batch 1500/3348, Loss: 0.0936
2025-10-09 16:49:03,546 [INFO] Época 7/30, Batch 1550/3348, Loss: 0.0784
2025-10-09 16:49:03,814 [INFO] Época 7/30, Batch 1600/3348, Loss: 0.0601
2025-10-09 16:49:04,084 [INFO] Época 7/30, Batch 1650/3348, Loss: 0.0610
2025-10-09 16:49:04,353 [INFO] Época 7/30, Batch 1700/3348, Loss: 0.0803
2025-10-09 16:49:04,624 [INFO] Época 7/30, Batch 1750/3348, Loss: 0.0718
2025-10-09 16:49:04,892 [INFO] Época 7/30, Batch 1800/3348, Loss: 0.0850
2025-10-09 16:49:05,159 [INFO] Época 7/30, Batch 1850/3348, Loss: 0.1562
2025-10-09 16:49:05,423 [INFO] Época 7/30, Batch 1900/3348, Loss: 0.0686
2025-10-09 16:49:05,693 [INFO] Época 7/30, Batch 1950/3348, Loss: 0.0637
2025-10-09 16:49:05,966 [INFO] Época 7/30, Batch 2000/3348, Loss: 0.1470
2025-10-09 16:49:06,238 [INFO] Época 7/30, Batch 2050/3348, Loss: 0.0662
2025-10-09 16:49:06,510 [INFO] Época 7/30, Batch 2100/3348, Loss: 0.0641
2025-10-09 16:49:06,783 [INFO] Época 7/30, Batch 2150/3348, Loss: 0.0696
2025-10-09 16:49:07,056 [INFO] Época 7/30, Batch 2200/3348, Loss: 0.0674
2025-10-09 16:49:07,331 [INFO] Época 7/30, Batch 2250/3348, Loss: 0.0773
2025-10-09 16:49:07,601 [INFO] Época 7/30, Batch 2300/3348, Loss: 0.0845
2025-10-09 16:49:07,877 [INFO] Época 7/30, Batch 2350/3348, Loss: 0.0639
2025-10-09 16:49:08,149 [INFO] Época 7/30, Batch 2400/3348, Loss: 0.0759
2025-10-09 16:49:08,417 [INFO] Época 7/30, Batch 2450/3348, Loss: 0.0715
2025-10-09 16:49:08,682 [INFO] Época 7/30, Batch 2500/3348, Loss: 0.0737
2025-10-09 16:49:08,947 [INFO] Época 7/30, Batch 2550/3348, Loss: 0.0786
2025-10-09 16:49:09,221 [INFO] Época 7/30, Batch 2600/3348, Loss: 0.0667
2025-10-09 16:49:09,493 [INFO] Época 7/30, Batch 2650/3348, Loss: 0.0844
2025-10-09 16:49:09,768 [INFO] Época 7/30, Batch 2700/3348, Loss: 0.0799
2025-10-09 16:49:10,044 [INFO] Época 7/30, Batch 2750/3348, Loss: 0.0816
2025-10-09 16:49:10,316 [INFO] Época 7/30, Batch 2800/3348, Loss: 0.0810
2025-10-09 16:49:10,592 [INFO] Época 7/30, Batch 2850/3348, Loss: 0.0767
2025-10-09 16:49:10,867 [INFO] Época 7/30, Batch 2900/3348, Loss: 0.0750
2025-10-09 16:49:11,140 [INFO] Época 7/30, Batch 2950/3348, Loss: 0.0873
2025-10-09 16:49:11,413 [INFO] Época 7/30, Batch 3000/3348, Loss: 0.0591
2025-10-09 16:49:11,687 [INFO] Época 7/30, Batch 3050/3348, Loss: 0.0795
2025-10-09 16:49:11,961 [INFO] Época 7/30, Batch 3100/3348, Loss: 0.0783
2025-10-09 16:49:12,235 [INFO] Época 7/30, Batch 3150/3348, Loss: 0.0856
2025-10-09 16:49:12,508 [INFO] Época 7/30, Batch 3200/3348, Loss: 0.0608
2025-10-09 16:49:12,783 [INFO] Época 7/30, Batch 3250/3348, Loss: 0.0617
2025-10-09 16:49:13,053 [INFO] Época 7/30, Batch 3300/3348, Loss: 0.0668
2025-10-09 16:49:14,785 [INFO] [7/30] Train Loss: 0.0844 | Val Loss: 0.0739 | Tempo: 19.79s
2025-10-09 16:49:14,791 [INFO] Melhor modelo salvo em: /mnt/hdd/home/jdurao/ToolBox-ChemXAI/models/mlp_qm9_CM_att1_large.pth
2025-10-09 16:49:15,307 [INFO] Época 8/30, Batch 50/3348, Loss: 0.0671
2025-10-09 16:49:15,598 [INFO] Época 8/30, Batch 100/3348, Loss: 0.0801
2025-10-09 16:49:15,887 [INFO] Época 8/30, Batch 150/3348, Loss: 0.0679
2025-10-09 16:49:16,174 [INFO] Época 8/30, Batch 200/3348, Loss: 0.1346
2025-10-09 16:49:16,460 [INFO] Época 8/30, Batch 250/3348, Loss: 0.0719
2025-10-09 16:49:16,746 [INFO] Época 8/30, Batch 300/3348, Loss: 0.0552
2025-10-09 16:49:17,035 [INFO] Época 8/30, Batch 350/3348, Loss: 0.0719
2025-10-09 16:49:17,324 [INFO] Época 8/30, Batch 400/3348, Loss: 0.0962
2025-10-09 16:49:17,607 [INFO] Época 8/30, Batch 450/3348, Loss: 0.0668
2025-10-09 16:49:17,902 [INFO] Época 8/30, Batch 500/3348, Loss: 0.0857
2025-10-09 16:49:18,201 [INFO] Época 8/30, Batch 550/3348, Loss: 0.0731
2025-10-09 16:49:18,504 [INFO] Época 8/30, Batch 600/3348, Loss: 0.0550
2025-10-09 16:49:18,800 [INFO] Época 8/30, Batch 650/3348, Loss: 0.1111
2025-10-09 16:49:19,101 [INFO] Época 8/30, Batch 700/3348, Loss: 0.0585
2025-10-09 16:49:19,370 [INFO] Época 8/30, Batch 750/3348, Loss: 0.0657
2025-10-09 16:49:19,628 [INFO] Época 8/30, Batch 800/3348, Loss: 0.0576
2025-10-09 16:49:19,889 [INFO] Época 8/30, Batch 850/3348, Loss: 0.0755
2025-10-09 16:49:20,146 [INFO] Época 8/30, Batch 900/3348, Loss: 0.0870
2025-10-09 16:49:20,401 [INFO] Época 8/30, Batch 950/3348, Loss: 0.0713
2025-10-09 16:49:20,657 [INFO] Época 8/30, Batch 1000/3348, Loss: 0.0658
2025-10-09 16:49:20,913 [INFO] Época 8/30, Batch 1050/3348, Loss: 0.0755
2025-10-09 16:49:21,176 [INFO] Época 8/30, Batch 1100/3348, Loss: 0.0780
2025-10-09 16:49:21,439 [INFO] Época 8/30, Batch 1150/3348, Loss: 0.0774
2025-10-09 16:49:21,705 [INFO] Época 8/30, Batch 1200/3348, Loss: 0.0752
2025-10-09 16:49:21,969 [INFO] Época 8/30, Batch 1250/3348, Loss: 0.0866
2025-10-09 16:49:22,237 [INFO] Época 8/30, Batch 1300/3348, Loss: 0.0598
2025-10-09 16:49:22,499 [INFO] Época 8/30, Batch 1350/3348, Loss: 0.0575
2025-10-09 16:49:22,767 [INFO] Época 8/30, Batch 1400/3348, Loss: 0.0932
2025-10-09 16:49:23,032 [INFO] Época 8/30, Batch 1450/3348, Loss: 0.0783
2025-10-09 16:49:23,297 [INFO] Época 8/30, Batch 1500/3348, Loss: 0.0783
2025-10-09 16:49:23,561 [INFO] Época 8/30, Batch 1550/3348, Loss: 0.0755
2025-10-09 16:49:23,829 [INFO] Época 8/30, Batch 1600/3348, Loss: 0.0533
2025-10-09 16:49:24,098 [INFO] Época 8/30, Batch 1650/3348, Loss: 0.1008
2025-10-09 16:49:24,362 [INFO] Época 8/30, Batch 1700/3348, Loss: 0.0712
2025-10-09 16:49:24,626 [INFO] Época 8/30, Batch 1750/3348, Loss: 0.0741
2025-10-09 16:49:24,892 [INFO] Época 8/30, Batch 1800/3348, Loss: 0.0790
2025-10-09 16:49:25,156 [INFO] Época 8/30, Batch 1850/3348, Loss: 0.0711
2025-10-09 16:49:25,420 [INFO] Época 8/30, Batch 1900/3348, Loss: 0.0778
2025-10-09 16:49:25,686 [INFO] Época 8/30, Batch 1950/3348, Loss: 0.0627
2025-10-09 16:49:25,949 [INFO] Época 8/30, Batch 2000/3348, Loss: 0.0663
2025-10-09 16:49:26,216 [INFO] Época 8/30, Batch 2050/3348, Loss: 0.0718
2025-10-09 16:49:26,482 [INFO] Época 8/30, Batch 2100/3348, Loss: 0.0826
2025-10-09 16:49:26,746 [INFO] Época 8/30, Batch 2150/3348, Loss: 0.0901
2025-10-09 16:49:27,008 [INFO] Época 8/30, Batch 2200/3348, Loss: 0.0614
2025-10-09 16:49:27,268 [INFO] Época 8/30, Batch 2250/3348, Loss: 0.0806
2025-10-09 16:49:27,530 [INFO] Época 8/30, Batch 2300/3348, Loss: 0.1092
2025-10-09 16:49:27,791 [INFO] Época 8/30, Batch 2350/3348, Loss: 0.0800
2025-10-09 16:49:28,051 [INFO] Época 8/30, Batch 2400/3348, Loss: 0.0836
2025-10-09 16:49:28,311 [INFO] Época 8/30, Batch 2450/3348, Loss: 0.0772
2025-10-09 16:49:28,573 [INFO] Época 8/30, Batch 2500/3348, Loss: 0.0708
2025-10-09 16:49:28,834 [INFO] Época 8/30, Batch 2550/3348, Loss: 0.0670
2025-10-09 16:49:29,095 [INFO] Época 8/30, Batch 2600/3348, Loss: 0.0532
2025-10-09 16:49:29,355 [INFO] Época 8/30, Batch 2650/3348, Loss: 0.0935
2025-10-09 16:49:29,617 [INFO] Época 8/30, Batch 2700/3348, Loss: 0.0592
2025-10-09 16:49:29,896 [INFO] Época 8/30, Batch 2750/3348, Loss: 0.1247
2025-10-09 16:49:30,179 [INFO] Época 8/30, Batch 2800/3348, Loss: 0.0659
2025-10-09 16:49:30,446 [INFO] Época 8/30, Batch 2850/3348, Loss: 0.0796
2025-10-09 16:49:30,714 [INFO] Época 8/30, Batch 2900/3348, Loss: 0.0779
2025-10-09 16:49:30,981 [INFO] Época 8/30, Batch 2950/3348, Loss: 0.0493
2025-10-09 16:49:31,245 [INFO] Época 8/30, Batch 3000/3348, Loss: 0.0626
2025-10-09 16:49:31,510 [INFO] Época 8/30, Batch 3050/3348, Loss: 0.0962
2025-10-09 16:49:31,776 [INFO] Época 8/30, Batch 3100/3348, Loss: 0.0713
2025-10-09 16:49:32,041 [INFO] Época 8/30, Batch 3150/3348, Loss: 0.0577
2025-10-09 16:49:32,307 [INFO] Época 8/30, Batch 3200/3348, Loss: 0.0778
2025-10-09 16:49:32,573 [INFO] Época 8/30, Batch 3250/3348, Loss: 0.0773
2025-10-09 16:49:32,835 [INFO] Época 8/30, Batch 3300/3348, Loss: 0.0931
2025-10-09 16:49:34,465 [INFO] [8/30] Train Loss: 0.0823 | Val Loss: 0.0692 | Tempo: 19.67s
2025-10-09 16:49:34,471 [INFO] Melhor modelo salvo em: /mnt/hdd/home/jdurao/ToolBox-ChemXAI/models/mlp_qm9_CM_att1_large.pth
2025-10-09 16:49:34,951 [INFO] Época 9/30, Batch 50/3348, Loss: 0.0742
2025-10-09 16:49:35,225 [INFO] Época 9/30, Batch 100/3348, Loss: 0.0617
2025-10-09 16:49:35,500 [INFO] Época 9/30, Batch 150/3348, Loss: 0.0690
2025-10-09 16:49:35,770 [INFO] Época 9/30, Batch 200/3348, Loss: 0.0965
2025-10-09 16:49:36,039 [INFO] Época 9/30, Batch 250/3348, Loss: 0.0742
2025-10-09 16:49:36,308 [INFO] Época 9/30, Batch 300/3348, Loss: 0.0697
2025-10-09 16:49:36,576 [INFO] Época 9/30, Batch 350/3348, Loss: 0.0646
2025-10-09 16:49:36,845 [INFO] Época 9/30, Batch 400/3348, Loss: 0.0716
2025-10-09 16:49:37,110 [INFO] Época 9/30, Batch 450/3348, Loss: 0.0853
2025-10-09 16:49:37,377 [INFO] Época 9/30, Batch 500/3348, Loss: 0.0684
2025-10-09 16:49:37,642 [INFO] Época 9/30, Batch 550/3348, Loss: 0.0846
2025-10-09 16:49:37,908 [INFO] Época 9/30, Batch 600/3348, Loss: 0.0633
2025-10-09 16:49:38,175 [INFO] Época 9/30, Batch 650/3348, Loss: 0.0799
2025-10-09 16:49:38,440 [INFO] Época 9/30, Batch 700/3348, Loss: 0.0786
2025-10-09 16:49:38,703 [INFO] Época 9/30, Batch 750/3348, Loss: 0.0744
2025-10-09 16:49:38,962 [INFO] Época 9/30, Batch 800/3348, Loss: 0.0617
2025-10-09 16:49:39,219 [INFO] Época 9/30, Batch 850/3348, Loss: 0.0678
2025-10-09 16:49:39,478 [INFO] Época 9/30, Batch 900/3348, Loss: 0.0645
2025-10-09 16:49:39,733 [INFO] Época 9/30, Batch 950/3348, Loss: 0.0706
2025-10-09 16:49:39,985 [INFO] Época 9/30, Batch 1000/3348, Loss: 0.0861
2025-10-09 16:49:40,238 [INFO] Época 9/30, Batch 1050/3348, Loss: 0.0983
2025-10-09 16:49:40,494 [INFO] Época 9/30, Batch 1100/3348, Loss: 0.0568
2025-10-09 16:49:40,748 [INFO] Época 9/30, Batch 1150/3348, Loss: 0.0872
2025-10-09 16:49:41,002 [INFO] Época 9/30, Batch 1200/3348, Loss: 0.0695
2025-10-09 16:49:41,255 [INFO] Época 9/30, Batch 1250/3348, Loss: 0.0899
2025-10-09 16:49:41,516 [INFO] Época 9/30, Batch 1300/3348, Loss: 0.0939
2025-10-09 16:49:41,780 [INFO] Época 9/30, Batch 1350/3348, Loss: 0.0607
2025-10-09 16:49:42,046 [INFO] Época 9/30, Batch 1400/3348, Loss: 0.0801
2025-10-09 16:49:42,310 [INFO] Época 9/30, Batch 1450/3348, Loss: 0.0610
2025-10-09 16:49:42,573 [INFO] Época 9/30, Batch 1500/3348, Loss: 0.0650
2025-10-09 16:49:42,838 [INFO] Época 9/30, Batch 1550/3348, Loss: 0.0691
2025-10-09 16:49:43,102 [INFO] Época 9/30, Batch 1600/3348, Loss: 0.0920
2025-10-09 16:49:43,366 [INFO] Época 9/30, Batch 1650/3348, Loss: 0.0905
2025-10-09 16:49:43,628 [INFO] Época 9/30, Batch 1700/3348, Loss: 0.0748
2025-10-09 16:49:43,893 [INFO] Época 9/30, Batch 1750/3348, Loss: 0.0748
2025-10-09 16:49:44,155 [INFO] Época 9/30, Batch 1800/3348, Loss: 0.0745
2025-10-09 16:49:44,420 [INFO] Época 9/30, Batch 1850/3348, Loss: 0.0765
2025-10-09 16:49:44,683 [INFO] Época 9/30, Batch 1900/3348, Loss: 0.0784
2025-10-09 16:49:44,949 [INFO] Época 9/30, Batch 1950/3348, Loss: 0.0636
2025-10-09 16:49:45,212 [INFO] Época 9/30, Batch 2000/3348, Loss: 0.0826
2025-10-09 16:49:45,481 [INFO] Época 9/30, Batch 2050/3348, Loss: 0.0760
2025-10-09 16:49:45,757 [INFO] Época 9/30, Batch 2100/3348, Loss: 0.0610
2025-10-09 16:49:46,031 [INFO] Época 9/30, Batch 2150/3348, Loss: 0.0833
2025-10-09 16:49:46,306 [INFO] Época 9/30, Batch 2200/3348, Loss: 0.0822
2025-10-09 16:49:46,579 [INFO] Época 9/30, Batch 2250/3348, Loss: 0.0777
2025-10-09 16:49:46,852 [INFO] Época 9/30, Batch 2300/3348, Loss: 0.0802
2025-10-09 16:49:47,122 [INFO] Época 9/30, Batch 2350/3348, Loss: 0.0775
2025-10-09 16:49:47,386 [INFO] Época 9/30, Batch 2400/3348, Loss: 0.0867
2025-10-09 16:49:47,659 [INFO] Época 9/30, Batch 2450/3348, Loss: 0.0788
2025-10-09 16:49:47,931 [INFO] Época 9/30, Batch 2500/3348, Loss: 0.0888
2025-10-09 16:49:48,204 [INFO] Época 9/30, Batch 2550/3348, Loss: 0.0965
2025-10-09 16:49:48,477 [INFO] Época 9/30, Batch 2600/3348, Loss: 0.0831
2025-10-09 16:49:48,751 [INFO] Época 9/30, Batch 2650/3348, Loss: 0.0647
2025-10-09 16:49:49,027 [INFO] Época 9/30, Batch 2700/3348, Loss: 0.0597
2025-10-09 16:49:49,297 [INFO] Época 9/30, Batch 2750/3348, Loss: 0.0947
2025-10-09 16:49:49,571 [INFO] Época 9/30, Batch 2800/3348, Loss: 0.0679
2025-10-09 16:49:49,836 [INFO] Época 9/30, Batch 2850/3348, Loss: 0.0812
2025-10-09 16:49:50,099 [INFO] Época 9/30, Batch 2900/3348, Loss: 0.0773
2025-10-09 16:49:50,364 [INFO] Época 9/30, Batch 2950/3348, Loss: 0.0927
2025-10-09 16:49:50,627 [INFO] Época 9/30, Batch 3000/3348, Loss: 0.0723
2025-10-09 16:49:50,901 [INFO] Época 9/30, Batch 3050/3348, Loss: 0.0933
2025-10-09 16:49:51,174 [INFO] Época 9/30, Batch 3100/3348, Loss: 0.0574
2025-10-09 16:49:51,449 [INFO] Época 9/30, Batch 3150/3348, Loss: 0.0761
2025-10-09 16:49:51,720 [INFO] Época 9/30, Batch 3200/3348, Loss: 0.0970
2025-10-09 16:49:51,987 [INFO] Época 9/30, Batch 3250/3348, Loss: 0.0850
2025-10-09 16:49:52,256 [INFO] Época 9/30, Batch 3300/3348, Loss: 0.0817
2025-10-09 16:49:53,980 [INFO] [9/30] Train Loss: 0.0796 | Val Loss: 0.0703 | Tempo: 19.51s
2025-10-09 16:49:54,463 [INFO] Época 10/30, Batch 50/3348, Loss: 0.0483
2025-10-09 16:49:54,739 [INFO] Época 10/30, Batch 100/3348, Loss: 0.0955
2025-10-09 16:49:55,013 [INFO] Época 10/30, Batch 150/3348, Loss: 0.0720
2025-10-09 16:49:55,286 [INFO] Época 10/30, Batch 200/3348, Loss: 0.0611
2025-10-09 16:49:55,559 [INFO] Época 10/30, Batch 250/3348, Loss: 0.0698
2025-10-09 16:49:55,830 [INFO] Época 10/30, Batch 300/3348, Loss: 0.0644
2025-10-09 16:49:56,102 [INFO] Época 10/30, Batch 350/3348, Loss: 0.0655
2025-10-09 16:49:56,374 [INFO] Época 10/30, Batch 400/3348, Loss: 0.0681
2025-10-09 16:49:56,646 [INFO] Época 10/30, Batch 450/3348, Loss: 0.0594
2025-10-09 16:49:56,917 [INFO] Época 10/30, Batch 500/3348, Loss: 0.0582
2025-10-09 16:49:57,187 [INFO] Época 10/30, Batch 550/3348, Loss: 0.0658
2025-10-09 16:49:57,455 [INFO] Época 10/30, Batch 600/3348, Loss: 0.0789
2025-10-09 16:49:57,723 [INFO] Época 10/30, Batch 650/3348, Loss: 0.0594
2025-10-09 16:49:57,991 [INFO] Época 10/30, Batch 700/3348, Loss: 0.0590
2025-10-09 16:49:58,254 [INFO] Época 10/30, Batch 750/3348, Loss: 0.0732
2025-10-09 16:49:58,516 [INFO] Época 10/30, Batch 800/3348, Loss: 0.0673
2025-10-09 16:49:58,776 [INFO] Época 10/30, Batch 850/3348, Loss: 0.0759
2025-10-09 16:49:59,036 [INFO] Época 10/30, Batch 900/3348, Loss: 0.0677
2025-10-09 16:49:59,298 [INFO] Época 10/30, Batch 950/3348, Loss: 0.0734
2025-10-09 16:49:59,557 [INFO] Época 10/30, Batch 1000/3348, Loss: 0.0540
2025-10-09 16:49:59,816 [INFO] Época 10/30, Batch 1050/3348, Loss: 0.0908
2025-10-09 16:50:00,076 [INFO] Época 10/30, Batch 1100/3348, Loss: 0.0600
2025-10-09 16:50:00,338 [INFO] Época 10/30, Batch 1150/3348, Loss: 0.0662
2025-10-09 16:50:00,606 [INFO] Época 10/30, Batch 1200/3348, Loss: 0.0696
2025-10-09 16:50:00,875 [INFO] Época 10/30, Batch 1250/3348, Loss: 0.0840
2025-10-09 16:50:01,141 [INFO] Época 10/30, Batch 1300/3348, Loss: 0.0589
2025-10-09 16:50:01,408 [INFO] Época 10/30, Batch 1350/3348, Loss: 0.0686
2025-10-09 16:50:01,675 [INFO] Época 10/30, Batch 1400/3348, Loss: 0.0668
2025-10-09 16:50:01,944 [INFO] Época 10/30, Batch 1450/3348, Loss: 0.0578
2025-10-09 16:50:02,211 [INFO] Época 10/30, Batch 1500/3348, Loss: 0.0498
2025-10-09 16:50:02,478 [INFO] Época 10/30, Batch 1550/3348, Loss: 0.0751
2025-10-09 16:50:02,745 [INFO] Época 10/30, Batch 1600/3348, Loss: 0.0757
2025-10-09 16:50:03,011 [INFO] Época 10/30, Batch 1650/3348, Loss: 0.0580
2025-10-09 16:50:03,276 [INFO] Época 10/30, Batch 1700/3348, Loss: 0.0669
2025-10-09 16:50:03,541 [INFO] Época 10/30, Batch 1750/3348, Loss: 0.0715
2025-10-09 16:50:03,805 [INFO] Época 10/30, Batch 1800/3348, Loss: 0.0565
2025-10-09 16:50:04,071 [INFO] Época 10/30, Batch 1850/3348, Loss: 0.0671
2025-10-09 16:50:04,338 [INFO] Época 10/30, Batch 1900/3348, Loss: 0.0847
2025-10-09 16:50:04,623 [INFO] Época 10/30, Batch 1950/3348, Loss: 0.0852
2025-10-09 16:50:04,905 [INFO] Época 10/30, Batch 2000/3348, Loss: 0.1029
2025-10-09 16:50:05,189 [INFO] Época 10/30, Batch 2050/3348, Loss: 0.1783
2025-10-09 16:50:05,474 [INFO] Época 10/30, Batch 2100/3348, Loss: 0.1095
2025-10-09 16:50:05,757 [INFO] Época 10/30, Batch 2150/3348, Loss: 0.0615
2025-10-09 16:50:06,040 [INFO] Época 10/30, Batch 2200/3348, Loss: 0.0806
2025-10-09 16:50:06,323 [INFO] Época 10/30, Batch 2250/3348, Loss: 0.0598
2025-10-09 16:50:06,597 [INFO] Época 10/30, Batch 2300/3348, Loss: 0.0574
2025-10-09 16:50:06,862 [INFO] Época 10/30, Batch 2350/3348, Loss: 0.0696
2025-10-09 16:50:07,127 [INFO] Época 10/30, Batch 2400/3348, Loss: 0.0702
2025-10-09 16:50:07,394 [INFO] Época 10/30, Batch 2450/3348, Loss: 0.0751
2025-10-09 16:50:07,658 [INFO] Época 10/30, Batch 2500/3348, Loss: 0.0721
2025-10-09 16:50:07,927 [INFO] Época 10/30, Batch 2550/3348, Loss: 0.0535
2025-10-09 16:50:08,193 [INFO] Época 10/30, Batch 2600/3348, Loss: 0.0796
2025-10-09 16:50:08,461 [INFO] Época 10/30, Batch 2650/3348, Loss: 0.0870
2025-10-09 16:50:08,732 [INFO] Época 10/30, Batch 2700/3348, Loss: 0.0629
2025-10-09 16:50:09,013 [INFO] Época 10/30, Batch 2750/3348, Loss: 0.0753
2025-10-09 16:50:09,288 [INFO] Época 10/30, Batch 2800/3348, Loss: 0.0713
2025-10-09 16:50:09,564 [INFO] Época 10/30, Batch 2850/3348, Loss: 0.1397
2025-10-09 16:50:09,832 [INFO] Época 10/30, Batch 2900/3348, Loss: 0.0787
2025-10-09 16:50:10,097 [INFO] Época 10/30, Batch 2950/3348, Loss: 0.0720
2025-10-09 16:50:10,363 [INFO] Época 10/30, Batch 3000/3348, Loss: 0.0407
2025-10-09 16:50:10,628 [INFO] Época 10/30, Batch 3050/3348, Loss: 0.0780
2025-10-09 16:50:10,893 [INFO] Época 10/30, Batch 3100/3348, Loss: 0.0768
2025-10-09 16:50:11,162 [INFO] Época 10/30, Batch 3150/3348, Loss: 0.0671
2025-10-09 16:50:11,429 [INFO] Época 10/30, Batch 3200/3348, Loss: 0.0755
2025-10-09 16:50:11,698 [INFO] Época 10/30, Batch 3250/3348, Loss: 0.0642
2025-10-09 16:50:11,965 [INFO] Época 10/30, Batch 3300/3348, Loss: 0.0578
2025-10-09 16:50:13,665 [INFO] [10/30] Train Loss: 0.0779 | Val Loss: 0.0694 | Tempo: 19.68s
2025-10-09 16:50:14,152 [INFO] Época 11/30, Batch 50/3348, Loss: 0.0633
2025-10-09 16:50:14,422 [INFO] Época 11/30, Batch 100/3348, Loss: 0.0769
2025-10-09 16:50:14,686 [INFO] Época 11/30, Batch 150/3348, Loss: 0.0635
2025-10-09 16:50:14,956 [INFO] Época 11/30, Batch 200/3348, Loss: 0.0624
2025-10-09 16:50:15,223 [INFO] Época 11/30, Batch 250/3348, Loss: 0.0648
2025-10-09 16:50:15,490 [INFO] Época 11/30, Batch 300/3348, Loss: 0.0750
2025-10-09 16:50:15,757 [INFO] Época 11/30, Batch 350/3348, Loss: 0.0610
2025-10-09 16:50:16,022 [INFO] Época 11/30, Batch 400/3348, Loss: 0.0661
2025-10-09 16:50:16,293 [INFO] Época 11/30, Batch 450/3348, Loss: 0.0740
2025-10-09 16:50:16,562 [INFO] Época 11/30, Batch 500/3348, Loss: 0.0747
2025-10-09 16:50:16,830 [INFO] Época 11/30, Batch 550/3348, Loss: 0.0893
2025-10-09 16:50:17,106 [INFO] Época 11/30, Batch 600/3348, Loss: 0.0508
2025-10-09 16:50:17,378 [INFO] Época 11/30, Batch 650/3348, Loss: 0.0452
2025-10-09 16:50:17,649 [INFO] Época 11/30, Batch 700/3348, Loss: 0.0702
2025-10-09 16:50:17,913 [INFO] Época 11/30, Batch 750/3348, Loss: 0.0847
2025-10-09 16:50:18,180 [INFO] Época 11/30, Batch 800/3348, Loss: 0.0621
2025-10-09 16:50:18,443 [INFO] Época 11/30, Batch 850/3348, Loss: 0.0543
2025-10-09 16:50:18,699 [INFO] Época 11/30, Batch 900/3348, Loss: 0.0516
2025-10-09 16:50:18,956 [INFO] Época 11/30, Batch 950/3348, Loss: 0.0745
2025-10-09 16:50:19,213 [INFO] Época 11/30, Batch 1000/3348, Loss: 0.0808
2025-10-09 16:50:19,471 [INFO] Época 11/30, Batch 1050/3348, Loss: 0.0579
2025-10-09 16:50:19,728 [INFO] Época 11/30, Batch 1100/3348, Loss: 0.0771
2025-10-09 16:50:19,994 [INFO] Época 11/30, Batch 1150/3348, Loss: 0.0651
2025-10-09 16:50:20,253 [INFO] Época 11/30, Batch 1200/3348, Loss: 0.0856
2025-10-09 16:50:20,518 [INFO] Época 11/30, Batch 1250/3348, Loss: 0.0718
2025-10-09 16:50:20,787 [INFO] Época 11/30, Batch 1300/3348, Loss: 0.0637
2025-10-09 16:50:21,054 [INFO] Época 11/30, Batch 1350/3348, Loss: 0.0674
2025-10-09 16:50:21,323 [INFO] Época 11/30, Batch 1400/3348, Loss: 0.0545
2025-10-09 16:50:21,594 [INFO] Época 11/30, Batch 1450/3348, Loss: 0.0741
2025-10-09 16:50:21,863 [INFO] Época 11/30, Batch 1500/3348, Loss: 0.0528
2025-10-09 16:50:22,133 [INFO] Época 11/30, Batch 1550/3348, Loss: 0.0649
2025-10-09 16:50:22,405 [INFO] Época 11/30, Batch 1600/3348, Loss: 0.0795
2025-10-09 16:50:22,674 [INFO] Época 11/30, Batch 1650/3348, Loss: 0.0726
2025-10-09 16:50:22,942 [INFO] Época 11/30, Batch 1700/3348, Loss: 0.0770
2025-10-09 16:50:23,208 [INFO] Época 11/30, Batch 1750/3348, Loss: 0.0829
2025-10-09 16:50:23,474 [INFO] Época 11/30, Batch 1800/3348, Loss: 0.0615
2025-10-09 16:50:23,740 [INFO] Época 11/30, Batch 1850/3348, Loss: 0.0492
2025-10-09 16:50:24,008 [INFO] Época 11/30, Batch 1900/3348, Loss: 0.0709
2025-10-09 16:50:24,272 [INFO] Época 11/30, Batch 1950/3348, Loss: 0.0653
2025-10-09 16:50:24,540 [INFO] Época 11/30, Batch 2000/3348, Loss: 0.0708
2025-10-09 16:50:24,807 [INFO] Época 11/30, Batch 2050/3348, Loss: 0.0642
2025-10-09 16:50:25,073 [INFO] Época 11/30, Batch 2100/3348, Loss: 0.0741
2025-10-09 16:50:25,338 [INFO] Época 11/30, Batch 2150/3348, Loss: 0.0773
2025-10-09 16:50:25,605 [INFO] Época 11/30, Batch 2200/3348, Loss: 0.0917
2025-10-09 16:50:25,872 [INFO] Época 11/30, Batch 2250/3348, Loss: 0.0674
2025-10-09 16:50:26,139 [INFO] Época 11/30, Batch 2300/3348, Loss: 0.0779
2025-10-09 16:50:26,408 [INFO] Época 11/30, Batch 2350/3348, Loss: 0.0436
2025-10-09 16:50:26,677 [INFO] Época 11/30, Batch 2400/3348, Loss: 0.0818
2025-10-09 16:50:26,947 [INFO] Época 11/30, Batch 2450/3348, Loss: 0.1137
2025-10-09 16:50:27,217 [INFO] Época 11/30, Batch 2500/3348, Loss: 0.0583
2025-10-09 16:50:27,487 [INFO] Época 11/30, Batch 2550/3348, Loss: 0.0756
2025-10-09 16:50:27,755 [INFO] Época 11/30, Batch 2600/3348, Loss: 0.2447
2025-10-09 16:50:28,024 [INFO] Época 11/30, Batch 2650/3348, Loss: 0.0815
2025-10-09 16:50:28,293 [INFO] Época 11/30, Batch 2700/3348, Loss: 0.0554
2025-10-09 16:50:28,564 [INFO] Época 11/30, Batch 2750/3348, Loss: 0.0762
2025-10-09 16:50:28,832 [INFO] Época 11/30, Batch 2800/3348, Loss: 0.0730
2025-10-09 16:50:29,100 [INFO] Época 11/30, Batch 2850/3348, Loss: 0.0578
2025-10-09 16:50:29,368 [INFO] Época 11/30, Batch 2900/3348, Loss: 0.0803
2025-10-09 16:50:29,636 [INFO] Época 11/30, Batch 2950/3348, Loss: 0.0715
2025-10-09 16:50:29,904 [INFO] Época 11/30, Batch 3000/3348, Loss: 0.0637
2025-10-09 16:50:30,173 [INFO] Época 11/30, Batch 3050/3348, Loss: 0.0721
2025-10-09 16:50:30,437 [INFO] Época 11/30, Batch 3100/3348, Loss: 0.0736
2025-10-09 16:50:30,705 [INFO] Época 11/30, Batch 3150/3348, Loss: 0.0701
2025-10-09 16:50:30,975 [INFO] Época 11/30, Batch 3200/3348, Loss: 0.0841
2025-10-09 16:50:31,242 [INFO] Época 11/30, Batch 3250/3348, Loss: 0.0879
2025-10-09 16:50:31,511 [INFO] Época 11/30, Batch 3300/3348, Loss: 0.0608
2025-10-09 16:50:33,233 [INFO] [11/30] Train Loss: 0.0766 | Val Loss: 0.0719 | Tempo: 19.57s
2025-10-09 16:50:33,714 [INFO] Época 12/30, Batch 50/3348, Loss: 0.0737
2025-10-09 16:50:33,982 [INFO] Época 12/30, Batch 100/3348, Loss: 0.0563
2025-10-09 16:50:34,249 [INFO] Época 12/30, Batch 150/3348, Loss: 0.0658
2025-10-09 16:50:34,515 [INFO] Época 12/30, Batch 200/3348, Loss: 0.0507
2025-10-09 16:50:34,785 [INFO] Época 12/30, Batch 250/3348, Loss: 0.0776
2025-10-09 16:50:35,060 [INFO] Época 12/30, Batch 300/3348, Loss: 0.0694
2025-10-09 16:50:35,337 [INFO] Época 12/30, Batch 350/3348, Loss: 0.0678
2025-10-09 16:50:35,612 [INFO] Época 12/30, Batch 400/3348, Loss: 0.0681
2025-10-09 16:50:35,885 [INFO] Época 12/30, Batch 450/3348, Loss: 0.0793
2025-10-09 16:50:36,162 [INFO] Época 12/30, Batch 500/3348, Loss: 0.0742
2025-10-09 16:50:36,440 [INFO] Época 12/30, Batch 550/3348, Loss: 0.0664
2025-10-09 16:50:36,715 [INFO] Época 12/30, Batch 600/3348, Loss: 0.0617
2025-10-09 16:50:36,994 [INFO] Época 12/30, Batch 650/3348, Loss: 0.0784
2025-10-09 16:50:37,268 [INFO] Época 12/30, Batch 700/3348, Loss: 0.0679
2025-10-09 16:50:37,538 [INFO] Época 12/30, Batch 750/3348, Loss: 0.0950
2025-10-09 16:50:37,796 [INFO] Época 12/30, Batch 800/3348, Loss: 0.0501
2025-10-09 16:50:38,056 [INFO] Época 12/30, Batch 850/3348, Loss: 0.0631
2025-10-09 16:50:38,314 [INFO] Época 12/30, Batch 900/3348, Loss: 0.0589
2025-10-09 16:50:38,572 [INFO] Época 12/30, Batch 950/3348, Loss: 0.0979
2025-10-09 16:50:38,824 [INFO] Época 12/30, Batch 1000/3348, Loss: 0.0699
2025-10-09 16:50:39,077 [INFO] Época 12/30, Batch 1050/3348, Loss: 0.0596
2025-10-09 16:50:39,327 [INFO] Época 12/30, Batch 1100/3348, Loss: 0.0619
2025-10-09 16:50:39,582 [INFO] Época 12/30, Batch 1150/3348, Loss: 0.5257
2025-10-09 16:50:39,841 [INFO] Época 12/30, Batch 1200/3348, Loss: 0.0534
2025-10-09 16:50:40,102 [INFO] Época 12/30, Batch 1250/3348, Loss: 0.0633
2025-10-09 16:50:40,362 [INFO] Época 12/30, Batch 1300/3348, Loss: 0.0706
2025-10-09 16:50:40,626 [INFO] Época 12/30, Batch 1350/3348, Loss: 0.0759
2025-10-09 16:50:40,887 [INFO] Época 12/30, Batch 1400/3348, Loss: 0.0678
2025-10-09 16:50:41,155 [INFO] Época 12/30, Batch 1450/3348, Loss: 0.0621
2025-10-09 16:50:41,427 [INFO] Época 12/30, Batch 1500/3348, Loss: 0.0572
2025-10-09 16:50:41,698 [INFO] Época 12/30, Batch 1550/3348, Loss: 0.0783
2025-10-09 16:50:41,959 [INFO] Época 12/30, Batch 1600/3348, Loss: 0.0797
2025-10-09 16:50:42,219 [INFO] Época 12/30, Batch 1650/3348, Loss: 0.0796
2025-10-09 16:50:42,478 [INFO] Época 12/30, Batch 1700/3348, Loss: 0.0783
2025-10-09 16:50:42,739 [INFO] Época 12/30, Batch 1750/3348, Loss: 0.0798
2025-10-09 16:50:43,002 [INFO] Época 12/30, Batch 1800/3348, Loss: 0.0588
2025-10-09 16:50:43,263 [INFO] Época 12/30, Batch 1850/3348, Loss: 0.0544
2025-10-09 16:50:43,525 [INFO] Época 12/30, Batch 1900/3348, Loss: 0.0553
2025-10-09 16:50:43,786 [INFO] Época 12/30, Batch 1950/3348, Loss: 0.0740
2025-10-09 16:50:44,046 [INFO] Época 12/30, Batch 2000/3348, Loss: 0.0693
2025-10-09 16:50:44,307 [INFO] Época 12/30, Batch 2050/3348, Loss: 0.0578
2025-10-09 16:50:44,568 [INFO] Época 12/30, Batch 2100/3348, Loss: 0.0708
2025-10-09 16:50:44,829 [INFO] Época 12/30, Batch 2150/3348, Loss: 0.0701
2025-10-09 16:50:45,100 [INFO] Época 12/30, Batch 2200/3348, Loss: 0.0688
2025-10-09 16:50:45,373 [INFO] Época 12/30, Batch 2250/3348, Loss: 0.0678
2025-10-09 16:50:45,642 [INFO] Época 12/30, Batch 2300/3348, Loss: 0.0731
2025-10-09 16:50:45,915 [INFO] Época 12/30, Batch 2350/3348, Loss: 0.0624
2025-10-09 16:50:46,188 [INFO] Época 12/30, Batch 2400/3348, Loss: 0.0653
2025-10-09 16:50:46,463 [INFO] Época 12/30, Batch 2450/3348, Loss: 0.0658
2025-10-09 16:50:46,736 [INFO] Época 12/30, Batch 2500/3348, Loss: 0.0576
2025-10-09 16:50:47,011 [INFO] Época 12/30, Batch 2550/3348, Loss: 0.0575
2025-10-09 16:50:47,286 [INFO] Época 12/30, Batch 2600/3348, Loss: 0.0838
2025-10-09 16:50:47,559 [INFO] Época 12/30, Batch 2650/3348, Loss: 0.0556
2025-10-09 16:50:47,830 [INFO] Época 12/30, Batch 2700/3348, Loss: 0.0668
2025-10-09 16:50:48,105 [INFO] Época 12/30, Batch 2750/3348, Loss: 0.0665
2025-10-09 16:50:48,377 [INFO] Época 12/30, Batch 2800/3348, Loss: 0.0727
2025-10-09 16:50:48,651 [INFO] Época 12/30, Batch 2850/3348, Loss: 0.0682
2025-10-09 16:50:48,923 [INFO] Época 12/30, Batch 2900/3348, Loss: 0.0577
2025-10-09 16:50:49,194 [INFO] Época 12/30, Batch 2950/3348, Loss: 0.0842
2025-10-09 16:50:49,466 [INFO] Época 12/30, Batch 3000/3348, Loss: 0.0503
2025-10-09 16:50:49,735 [INFO] Época 12/30, Batch 3050/3348, Loss: 0.0760
2025-10-09 16:50:49,996 [INFO] Época 12/30, Batch 3100/3348, Loss: 0.0619
2025-10-09 16:50:50,257 [INFO] Época 12/30, Batch 3150/3348, Loss: 0.0778
2025-10-09 16:50:50,518 [INFO] Época 12/30, Batch 3200/3348, Loss: 0.0652
2025-10-09 16:50:50,780 [INFO] Época 12/30, Batch 3250/3348, Loss: 0.0630
2025-10-09 16:50:51,041 [INFO] Época 12/30, Batch 3300/3348, Loss: 0.0697
2025-10-09 16:50:52,759 [INFO] [12/30] Train Loss: 0.0754 | Val Loss: 0.0678 | Tempo: 19.53s
2025-10-09 16:50:52,765 [INFO] Melhor modelo salvo em: /mnt/hdd/home/jdurao/ToolBox-ChemXAI/models/mlp_qm9_CM_att1_large.pth
2025-10-09 16:50:53,262 [INFO] Época 13/30, Batch 50/3348, Loss: 0.0630
2025-10-09 16:50:53,533 [INFO] Época 13/30, Batch 100/3348, Loss: 0.0467
2025-10-09 16:50:53,799 [INFO] Época 13/30, Batch 150/3348, Loss: 0.0581
2025-10-09 16:50:54,074 [INFO] Época 13/30, Batch 200/3348, Loss: 0.0862
2025-10-09 16:50:54,359 [INFO] Época 13/30, Batch 250/3348, Loss: 0.0716
2025-10-09 16:50:54,644 [INFO] Época 13/30, Batch 300/3348, Loss: 0.0570
2025-10-09 16:50:54,928 [INFO] Época 13/30, Batch 350/3348, Loss: 0.0556
2025-10-09 16:50:55,211 [INFO] Época 13/30, Batch 400/3348, Loss: 0.0574
2025-10-09 16:50:55,494 [INFO] Época 13/30, Batch 450/3348, Loss: 0.0601
2025-10-09 16:50:55,779 [INFO] Época 13/30, Batch 500/3348, Loss: 0.0569
2025-10-09 16:50:56,061 [INFO] Época 13/30, Batch 550/3348, Loss: 0.0616
2025-10-09 16:50:56,338 [INFO] Época 13/30, Batch 600/3348, Loss: 0.0605
2025-10-09 16:50:56,600 [INFO] Época 13/30, Batch 650/3348, Loss: 0.0506
2025-10-09 16:50:56,862 [INFO] Época 13/30, Batch 700/3348, Loss: 0.0476
2025-10-09 16:50:57,124 [INFO] Época 13/30, Batch 750/3348, Loss: 0.0733
2025-10-09 16:50:57,387 [INFO] Época 13/30, Batch 800/3348, Loss: 0.0703
2025-10-09 16:50:57,642 [INFO] Época 13/30, Batch 850/3348, Loss: 0.0653
2025-10-09 16:50:57,894 [INFO] Época 13/30, Batch 900/3348, Loss: 0.0629
2025-10-09 16:50:58,147 [INFO] Época 13/30, Batch 950/3348, Loss: 0.0510
2025-10-09 16:50:58,421 [INFO] Época 13/30, Batch 1000/3348, Loss: 0.0679
2025-10-09 16:50:58,695 [INFO] Época 13/30, Batch 1050/3348, Loss: 0.0732
2025-10-09 16:50:58,970 [INFO] Época 13/30, Batch 1100/3348, Loss: 0.0943
2025-10-09 16:50:59,244 [INFO] Época 13/30, Batch 1150/3348, Loss: 0.0698
2025-10-09 16:50:59,519 [INFO] Época 13/30, Batch 1200/3348, Loss: 0.0707
2025-10-09 16:50:59,801 [INFO] Época 13/30, Batch 1250/3348, Loss: 0.0767
2025-10-09 16:51:00,069 [INFO] Época 13/30, Batch 1300/3348, Loss: 0.0809
2025-10-09 16:51:00,332 [INFO] Época 13/30, Batch 1350/3348, Loss: 0.0428
2025-10-09 16:51:00,593 [INFO] Época 13/30, Batch 1400/3348, Loss: 0.0545
2025-10-09 16:51:00,855 [INFO] Época 13/30, Batch 1450/3348, Loss: 0.0565
2025-10-09 16:51:01,116 [INFO] Época 13/30, Batch 1500/3348, Loss: 0.0714
2025-10-09 16:51:01,378 [INFO] Época 13/30, Batch 1550/3348, Loss: 0.0702
2025-10-09 16:51:01,647 [INFO] Época 13/30, Batch 1600/3348, Loss: 0.0670
2025-10-09 16:51:01,930 [INFO] Época 13/30, Batch 1650/3348, Loss: 0.0516
2025-10-09 16:51:02,213 [INFO] Época 13/30, Batch 1700/3348, Loss: 0.0674
2025-10-09 16:51:02,497 [INFO] Época 13/30, Batch 1750/3348, Loss: 0.0699
2025-10-09 16:51:02,771 [INFO] Época 13/30, Batch 1800/3348, Loss: 0.0757
2025-10-09 16:51:03,050 [INFO] Época 13/30, Batch 1850/3348, Loss: 0.0658
2025-10-09 16:51:03,331 [INFO] Época 13/30, Batch 1900/3348, Loss: 0.0680
2025-10-09 16:51:03,596 [INFO] Época 13/30, Batch 1950/3348, Loss: 0.0550
2025-10-09 16:51:03,858 [INFO] Época 13/30, Batch 2000/3348, Loss: 0.0475
2025-10-09 16:51:04,136 [INFO] Época 13/30, Batch 2050/3348, Loss: 0.0706
2025-10-09 16:51:04,402 [INFO] Época 13/30, Batch 2100/3348, Loss: 0.1019
2025-10-09 16:51:04,667 [INFO] Época 13/30, Batch 2150/3348, Loss: 0.0697
2025-10-09 16:51:04,930 [INFO] Época 13/30, Batch 2200/3348, Loss: 0.0634
2025-10-09 16:51:05,194 [INFO] Época 13/30, Batch 2250/3348, Loss: 0.0656
2025-10-09 16:51:05,457 [INFO] Época 13/30, Batch 2300/3348, Loss: 0.1589
2025-10-09 16:51:05,719 [INFO] Época 13/30, Batch 2350/3348, Loss: 0.0552
2025-10-09 16:51:05,978 [INFO] Época 13/30, Batch 2400/3348, Loss: 0.0662
2025-10-09 16:51:06,242 [INFO] Época 13/30, Batch 2450/3348, Loss: 0.0520
2025-10-09 16:51:06,503 [INFO] Época 13/30, Batch 2500/3348, Loss: 0.0535
2025-10-09 16:51:06,765 [INFO] Época 13/30, Batch 2550/3348, Loss: 0.0918
2025-10-09 16:51:07,025 [INFO] Época 13/30, Batch 2600/3348, Loss: 0.0661
2025-10-09 16:51:07,287 [INFO] Época 13/30, Batch 2650/3348, Loss: 0.0579
2025-10-09 16:51:07,547 [INFO] Época 13/30, Batch 2700/3348, Loss: 0.0509
2025-10-09 16:51:07,807 [INFO] Época 13/30, Batch 2750/3348, Loss: 0.0610
2025-10-09 16:51:08,063 [INFO] Época 13/30, Batch 2800/3348, Loss: 0.0562
2025-10-09 16:51:08,324 [INFO] Época 13/30, Batch 2850/3348, Loss: 0.0684
2025-10-09 16:51:08,584 [INFO] Época 13/30, Batch 2900/3348, Loss: 0.0720
2025-10-09 16:51:08,844 [INFO] Época 13/30, Batch 2950/3348, Loss: 0.0531
2025-10-09 16:51:09,107 [INFO] Época 13/30, Batch 3000/3348, Loss: 0.0775
2025-10-09 16:51:09,371 [INFO] Época 13/30, Batch 3050/3348, Loss: 0.0858
2025-10-09 16:51:09,632 [INFO] Época 13/30, Batch 3100/3348, Loss: 0.0729
2025-10-09 16:51:09,889 [INFO] Época 13/30, Batch 3150/3348, Loss: 0.0730
2025-10-09 16:51:10,159 [INFO] Época 13/30, Batch 3200/3348, Loss: 0.0683
2025-10-09 16:51:10,441 [INFO] Época 13/30, Batch 3250/3348, Loss: 0.0509
2025-10-09 16:51:10,701 [INFO] Época 13/30, Batch 3300/3348, Loss: 0.0732
2025-10-09 16:51:12,378 [INFO] [13/30] Train Loss: 0.0740 | Val Loss: 0.0663 | Tempo: 19.61s
2025-10-09 16:51:12,385 [INFO] Melhor modelo salvo em: /mnt/hdd/home/jdurao/ToolBox-ChemXAI/models/mlp_qm9_CM_att1_large.pth
2025-10-09 16:51:12,877 [INFO] Época 14/30, Batch 50/3348, Loss: 0.0560
2025-10-09 16:51:13,153 [INFO] Época 14/30, Batch 100/3348, Loss: 0.0766
2025-10-09 16:51:13,429 [INFO] Época 14/30, Batch 150/3348, Loss: 0.0770
2025-10-09 16:51:13,705 [INFO] Época 14/30, Batch 200/3348, Loss: 0.0800
2025-10-09 16:51:13,980 [INFO] Época 14/30, Batch 250/3348, Loss: 0.0807
2025-10-09 16:51:14,250 [INFO] Época 14/30, Batch 300/3348, Loss: 0.0643
2025-10-09 16:51:14,517 [INFO] Época 14/30, Batch 350/3348, Loss: 0.0747
2025-10-09 16:51:14,786 [INFO] Época 14/30, Batch 400/3348, Loss: 0.0583
2025-10-09 16:51:15,058 [INFO] Época 14/30, Batch 450/3348, Loss: 0.0581
2025-10-09 16:51:15,331 [INFO] Época 14/30, Batch 500/3348, Loss: 0.0471
2025-10-09 16:51:15,606 [INFO] Época 14/30, Batch 550/3348, Loss: 0.0592
2025-10-09 16:51:15,878 [INFO] Época 14/30, Batch 600/3348, Loss: 0.0547
2025-10-09 16:51:16,152 [INFO] Época 14/30, Batch 650/3348, Loss: 0.0649
2025-10-09 16:51:16,424 [INFO] Época 14/30, Batch 700/3348, Loss: 0.0598
2025-10-09 16:51:16,695 [INFO] Época 14/30, Batch 750/3348, Loss: 0.0855
2025-10-09 16:51:16,957 [INFO] Época 14/30, Batch 800/3348, Loss: 0.0651
2025-10-09 16:51:17,217 [INFO] Época 14/30, Batch 850/3348, Loss: 0.0730
2025-10-09 16:51:17,477 [INFO] Época 14/30, Batch 900/3348, Loss: 0.0746
2025-10-09 16:51:17,736 [INFO] Época 14/30, Batch 950/3348, Loss: 0.0701
2025-10-09 16:51:17,995 [INFO] Época 14/30, Batch 1000/3348, Loss: 0.0620
2025-10-09 16:51:18,254 [INFO] Época 14/30, Batch 1050/3348, Loss: 0.0493
2025-10-09 16:51:18,517 [INFO] Época 14/30, Batch 1100/3348, Loss: 0.0434
2025-10-09 16:51:18,784 [INFO] Época 14/30, Batch 1150/3348, Loss: 0.0753
2025-10-09 16:51:19,051 [INFO] Época 14/30, Batch 1200/3348, Loss: 0.0714
2025-10-09 16:51:19,315 [INFO] Época 14/30, Batch 1250/3348, Loss: 0.0536
2025-10-09 16:51:19,579 [INFO] Época 14/30, Batch 1300/3348, Loss: 0.0786
2025-10-09 16:51:19,846 [INFO] Época 14/30, Batch 1350/3348, Loss: 0.0712
2025-10-09 16:51:20,112 [INFO] Época 14/30, Batch 1400/3348, Loss: 0.0710
2025-10-09 16:51:20,379 [INFO] Época 14/30, Batch 1450/3348, Loss: 0.0746
2025-10-09 16:51:20,649 [INFO] Época 14/30, Batch 1500/3348, Loss: 0.0779
2025-10-09 16:51:20,918 [INFO] Época 14/30, Batch 1550/3348, Loss: 0.0479
2025-10-09 16:51:21,186 [INFO] Época 14/30, Batch 1600/3348, Loss: 0.0760
2025-10-09 16:51:21,454 [INFO] Época 14/30, Batch 1650/3348, Loss: 0.0724
2025-10-09 16:51:21,721 [INFO] Época 14/30, Batch 1700/3348, Loss: 0.0812
2025-10-09 16:51:21,987 [INFO] Época 14/30, Batch 1750/3348, Loss: 0.0774
2025-10-09 16:51:22,253 [INFO] Época 14/30, Batch 1800/3348, Loss: 0.0615
2025-10-09 16:51:22,520 [INFO] Época 14/30, Batch 1850/3348, Loss: 0.0818
2025-10-09 16:51:22,788 [INFO] Época 14/30, Batch 1900/3348, Loss: 0.0737
2025-10-09 16:51:23,054 [INFO] Época 14/30, Batch 1950/3348, Loss: 0.0604
2025-10-09 16:51:23,319 [INFO] Época 14/30, Batch 2000/3348, Loss: 0.0476
2025-10-09 16:51:23,584 [INFO] Época 14/30, Batch 2050/3348, Loss: 0.0627
2025-10-09 16:51:23,850 [INFO] Época 14/30, Batch 2100/3348, Loss: 0.0620
2025-10-09 16:51:24,114 [INFO] Época 14/30, Batch 2150/3348, Loss: 0.0518
2025-10-09 16:51:24,376 [INFO] Época 14/30, Batch 2200/3348, Loss: 0.0579
2025-10-09 16:51:24,641 [INFO] Época 14/30, Batch 2250/3348, Loss: 0.0597
2025-10-09 16:51:24,904 [INFO] Época 14/30, Batch 2300/3348, Loss: 0.0615
2025-10-09 16:51:25,170 [INFO] Época 14/30, Batch 2350/3348, Loss: 0.0680
2025-10-09 16:51:25,434 [INFO] Época 14/30, Batch 2400/3348, Loss: 0.0715
2025-10-09 16:51:25,707 [INFO] Época 14/30, Batch 2450/3348, Loss: 0.0823
2025-10-09 16:51:25,980 [INFO] Época 14/30, Batch 2500/3348, Loss: 0.0487
2025-10-09 16:51:26,254 [INFO] Época 14/30, Batch 2550/3348, Loss: 0.0737
2025-10-09 16:51:26,530 [INFO] Época 14/30, Batch 2600/3348, Loss: 0.0453
2025-10-09 16:51:26,807 [INFO] Época 14/30, Batch 2650/3348, Loss: 0.0682
2025-10-09 16:51:27,082 [INFO] Época 14/30, Batch 2700/3348, Loss: 0.0756
2025-10-09 16:51:27,356 [INFO] Época 14/30, Batch 2750/3348, Loss: 0.0644
2025-10-09 16:51:27,634 [INFO] Época 14/30, Batch 2800/3348, Loss: 0.0995
2025-10-09 16:51:27,893 [INFO] Época 14/30, Batch 2850/3348, Loss: 0.0547
2025-10-09 16:51:28,168 [INFO] Época 14/30, Batch 2900/3348, Loss: 0.0476
2025-10-09 16:51:28,441 [INFO] Época 14/30, Batch 2950/3348, Loss: 0.0866
2025-10-09 16:51:28,711 [INFO] Época 14/30, Batch 3000/3348, Loss: 0.0807
2025-10-09 16:51:28,968 [INFO] Época 14/30, Batch 3050/3348, Loss: 0.0750
2025-10-09 16:51:29,222 [INFO] Época 14/30, Batch 3100/3348, Loss: 0.0780
2025-10-09 16:51:29,478 [INFO] Época 14/30, Batch 3150/3348, Loss: 0.0665
2025-10-09 16:51:29,739 [INFO] Época 14/30, Batch 3200/3348, Loss: 0.0670
2025-10-09 16:51:30,014 [INFO] Época 14/30, Batch 3250/3348, Loss: 0.1034
2025-10-09 16:51:30,289 [INFO] Época 14/30, Batch 3300/3348, Loss: 0.0801
2025-10-09 16:51:32,018 [INFO] [14/30] Train Loss: 0.0729 | Val Loss: 0.0659 | Tempo: 19.63s
2025-10-09 16:51:32,024 [INFO] Melhor modelo salvo em: /mnt/hdd/home/jdurao/ToolBox-ChemXAI/models/mlp_qm9_CM_att1_large.pth
2025-10-09 16:51:32,510 [INFO] Época 15/30, Batch 50/3348, Loss: 0.0715
2025-10-09 16:51:32,780 [INFO] Época 15/30, Batch 100/3348, Loss: 0.0594
2025-10-09 16:51:33,051 [INFO] Época 15/30, Batch 150/3348, Loss: 0.0688
2025-10-09 16:51:33,318 [INFO] Época 15/30, Batch 200/3348, Loss: 0.0550
2025-10-09 16:51:33,586 [INFO] Época 15/30, Batch 250/3348, Loss: 0.0622
2025-10-09 16:51:33,856 [INFO] Época 15/30, Batch 300/3348, Loss: 0.0781
2025-10-09 16:51:34,126 [INFO] Época 15/30, Batch 350/3348, Loss: 0.0594
2025-10-09 16:51:34,393 [INFO] Época 15/30, Batch 400/3348, Loss: 0.0759
2025-10-09 16:51:34,659 [INFO] Época 15/30, Batch 450/3348, Loss: 0.0381
2025-10-09 16:51:34,925 [INFO] Época 15/30, Batch 500/3348, Loss: 0.0643
2025-10-09 16:51:35,191 [INFO] Época 15/30, Batch 550/3348, Loss: 0.0664
2025-10-09 16:51:35,459 [INFO] Época 15/30, Batch 600/3348, Loss: 0.0380
2025-10-09 16:51:35,726 [INFO] Época 15/30, Batch 650/3348, Loss: 0.0486
2025-10-09 16:51:35,990 [INFO] Época 15/30, Batch 700/3348, Loss: 0.0523
2025-10-09 16:51:36,255 [INFO] Época 15/30, Batch 750/3348, Loss: 0.0635
2025-10-09 16:51:36,520 [INFO] Época 15/30, Batch 800/3348, Loss: 0.0684
2025-10-09 16:51:36,786 [INFO] Época 15/30, Batch 850/3348, Loss: 0.0724
2025-10-09 16:51:37,048 [INFO] Época 15/30, Batch 900/3348, Loss: 0.0637
2025-10-09 16:51:37,314 [INFO] Época 15/30, Batch 950/3348, Loss: 0.0563
2025-10-09 16:51:37,579 [INFO] Época 15/30, Batch 1000/3348, Loss: 0.1170
2025-10-09 16:51:37,843 [INFO] Época 15/30, Batch 1050/3348, Loss: 0.0630
2025-10-09 16:51:38,110 [INFO] Época 15/30, Batch 1100/3348, Loss: 0.0632
2025-10-09 16:51:38,373 [INFO] Época 15/30, Batch 1150/3348, Loss: 0.0537
2025-10-09 16:51:38,638 [INFO] Época 15/30, Batch 1200/3348, Loss: 0.0880
2025-10-09 16:51:38,902 [INFO] Época 15/30, Batch 1250/3348, Loss: 0.0535
2025-10-09 16:51:39,165 [INFO] Época 15/30, Batch 1300/3348, Loss: 0.0531
2025-10-09 16:51:39,431 [INFO] Época 15/30, Batch 1350/3348, Loss: 0.0801
2025-10-09 16:51:39,694 [INFO] Época 15/30, Batch 1400/3348, Loss: 0.0626
2025-10-09 16:51:39,956 [INFO] Época 15/30, Batch 1450/3348, Loss: 0.0769
2025-10-09 16:51:40,220 [INFO] Época 15/30, Batch 1500/3348, Loss: 0.0635
2025-10-09 16:51:40,484 [INFO] Época 15/30, Batch 1550/3348, Loss: 0.0441
2025-10-09 16:51:40,747 [INFO] Época 15/30, Batch 1600/3348, Loss: 0.0970
2025-10-09 16:51:41,013 [INFO] Época 15/30, Batch 1650/3348, Loss: 0.0567
2025-10-09 16:51:41,277 [INFO] Época 15/30, Batch 1700/3348, Loss: 0.0470
2025-10-09 16:51:41,541 [INFO] Época 15/30, Batch 1750/3348, Loss: 0.0627
2025-10-09 16:51:41,806 [INFO] Época 15/30, Batch 1800/3348, Loss: 0.0661
2025-10-09 16:51:42,070 [INFO] Época 15/30, Batch 1850/3348, Loss: 0.0892
2025-10-09 16:51:42,336 [INFO] Época 15/30, Batch 1900/3348, Loss: 0.0772
2025-10-09 16:51:42,602 [INFO] Época 15/30, Batch 1950/3348, Loss: 0.0655
2025-10-09 16:51:42,867 [INFO] Época 15/30, Batch 2000/3348, Loss: 0.0705
2025-10-09 16:51:43,131 [INFO] Época 15/30, Batch 2050/3348, Loss: 0.0829
2025-10-09 16:51:43,395 [INFO] Época 15/30, Batch 2100/3348, Loss: 0.0747
2025-10-09 16:51:43,660 [INFO] Época 15/30, Batch 2150/3348, Loss: 0.0518
2025-10-09 16:51:43,926 [INFO] Época 15/30, Batch 2200/3348, Loss: 0.0661
2025-10-09 16:51:44,190 [INFO] Época 15/30, Batch 2250/3348, Loss: 0.0548
2025-10-09 16:51:44,453 [INFO] Época 15/30, Batch 2300/3348, Loss: 0.0711
2025-10-09 16:51:44,718 [INFO] Época 15/30, Batch 2350/3348, Loss: 0.0710
2025-10-09 16:51:44,984 [INFO] Época 15/30, Batch 2400/3348, Loss: 0.0518
2025-10-09 16:51:45,249 [INFO] Época 15/30, Batch 2450/3348, Loss: 0.0708
2025-10-09 16:51:45,512 [INFO] Época 15/30, Batch 2500/3348, Loss: 0.0553
2025-10-09 16:51:45,779 [INFO] Época 15/30, Batch 2550/3348, Loss: 0.0808
2025-10-09 16:51:46,045 [INFO] Época 15/30, Batch 2600/3348, Loss: 0.0652
2025-10-09 16:51:46,310 [INFO] Época 15/30, Batch 2650/3348, Loss: 0.0723
2025-10-09 16:51:46,575 [INFO] Época 15/30, Batch 2700/3348, Loss: 0.0750
2025-10-09 16:51:46,839 [INFO] Época 15/30, Batch 2750/3348, Loss: 0.0480
2025-10-09 16:51:47,101 [INFO] Época 15/30, Batch 2800/3348, Loss: 0.0820
2025-10-09 16:51:47,365 [INFO] Época 15/30, Batch 2850/3348, Loss: 0.0695
2025-10-09 16:51:47,631 [INFO] Época 15/30, Batch 2900/3348, Loss: 0.0698
2025-10-09 16:51:47,897 [INFO] Época 15/30, Batch 2950/3348, Loss: 0.0778
2025-10-09 16:51:48,162 [INFO] Época 15/30, Batch 3000/3348, Loss: 0.0748
2025-10-09 16:51:48,426 [INFO] Época 15/30, Batch 3050/3348, Loss: 0.0692
2025-10-09 16:51:48,690 [INFO] Época 15/30, Batch 3100/3348, Loss: 0.0607
2025-10-09 16:51:48,956 [INFO] Época 15/30, Batch 3150/3348, Loss: 0.0628
2025-10-09 16:51:49,218 [INFO] Época 15/30, Batch 3200/3348, Loss: 0.0714
2025-10-09 16:51:49,483 [INFO] Época 15/30, Batch 3250/3348, Loss: 0.0601
2025-10-09 16:51:49,746 [INFO] Época 15/30, Batch 3300/3348, Loss: 0.0649
2025-10-09 16:51:51,376 [INFO] [15/30] Train Loss: 0.0722 | Val Loss: 0.0693 | Tempo: 19.35s
2025-10-09 16:51:51,874 [INFO] Época 16/30, Batch 50/3348, Loss: 0.0660
2025-10-09 16:51:52,156 [INFO] Época 16/30, Batch 100/3348, Loss: 0.0809
2025-10-09 16:51:52,435 [INFO] Época 16/30, Batch 150/3348, Loss: 0.0474
2025-10-09 16:51:52,707 [INFO] Época 16/30, Batch 200/3348, Loss: 0.0524
2025-10-09 16:51:52,988 [INFO] Época 16/30, Batch 250/3348, Loss: 0.0559
2025-10-09 16:51:53,278 [INFO] Época 16/30, Batch 300/3348, Loss: 0.0491
2025-10-09 16:51:53,566 [INFO] Época 16/30, Batch 350/3348, Loss: 0.0590
2025-10-09 16:51:53,846 [INFO] Época 16/30, Batch 400/3348, Loss: 0.0760
2025-10-09 16:51:54,126 [INFO] Época 16/30, Batch 450/3348, Loss: 0.0719
2025-10-09 16:51:54,402 [INFO] Época 16/30, Batch 500/3348, Loss: 0.0456
2025-10-09 16:51:54,694 [INFO] Época 16/30, Batch 550/3348, Loss: 0.0565
2025-10-09 16:51:54,977 [INFO] Época 16/30, Batch 600/3348, Loss: 0.0748
2025-10-09 16:51:55,253 [INFO] Época 16/30, Batch 650/3348, Loss: 0.0695
2025-10-09 16:51:55,528 [INFO] Época 16/30, Batch 700/3348, Loss: 0.0863
2025-10-09 16:51:55,803 [INFO] Época 16/30, Batch 750/3348, Loss: 0.0654
2025-10-09 16:51:56,087 [INFO] Época 16/30, Batch 800/3348, Loss: 0.0617
2025-10-09 16:51:56,373 [INFO] Época 16/30, Batch 850/3348, Loss: 0.0629
2025-10-09 16:51:56,657 [INFO] Época 16/30, Batch 900/3348, Loss: 0.0495
2025-10-09 16:51:56,934 [INFO] Época 16/30, Batch 950/3348, Loss: 0.0714
2025-10-09 16:51:57,210 [INFO] Época 16/30, Batch 1000/3348, Loss: 0.0473
2025-10-09 16:51:57,488 [INFO] Época 16/30, Batch 1050/3348, Loss: 0.0646
2025-10-09 16:51:57,772 [INFO] Época 16/30, Batch 1100/3348, Loss: 0.0671
2025-10-09 16:51:58,057 [INFO] Época 16/30, Batch 1150/3348, Loss: 0.0645
2025-10-09 16:51:58,341 [INFO] Época 16/30, Batch 1200/3348, Loss: 0.0532
2025-10-09 16:51:58,623 [INFO] Época 16/30, Batch 1250/3348, Loss: 0.0655
2025-10-09 16:51:58,908 [INFO] Época 16/30, Batch 1300/3348, Loss: 0.0619
2025-10-09 16:51:59,192 [INFO] Época 16/30, Batch 1350/3348, Loss: 0.0609
2025-10-09 16:51:59,478 [INFO] Época 16/30, Batch 1400/3348, Loss: 0.0524
2025-10-09 16:51:59,761 [INFO] Época 16/30, Batch 1450/3348, Loss: 0.0406
2025-10-09 16:52:00,044 [INFO] Época 16/30, Batch 1500/3348, Loss: 0.0670
2025-10-09 16:52:00,321 [INFO] Época 16/30, Batch 1550/3348, Loss: 0.0700
2025-10-09 16:52:00,602 [INFO] Época 16/30, Batch 1600/3348, Loss: 0.0599
2025-10-09 16:52:00,883 [INFO] Época 16/30, Batch 1650/3348, Loss: 0.0651
2025-10-09 16:52:01,157 [INFO] Época 16/30, Batch 1700/3348, Loss: 0.0736
2025-10-09 16:52:01,432 [INFO] Época 16/30, Batch 1750/3348, Loss: 0.0643
2025-10-09 16:52:01,712 [INFO] Época 16/30, Batch 1800/3348, Loss: 0.0852
2025-10-09 16:52:01,993 [INFO] Época 16/30, Batch 1850/3348, Loss: 0.0677
2025-10-09 16:52:02,280 [INFO] Época 16/30, Batch 1900/3348, Loss: 0.0704
2025-10-09 16:52:02,562 [INFO] Época 16/30, Batch 1950/3348, Loss: 0.0973
2025-10-09 16:52:02,843 [INFO] Época 16/30, Batch 2000/3348, Loss: 0.0584
2025-10-09 16:52:03,127 [INFO] Época 16/30, Batch 2050/3348, Loss: 0.0727
2025-10-09 16:52:03,408 [INFO] Época 16/30, Batch 2100/3348, Loss: 0.0933
2025-10-09 16:52:03,691 [INFO] Época 16/30, Batch 2150/3348, Loss: 0.0609
2025-10-09 16:52:03,967 [INFO] Época 16/30, Batch 2200/3348, Loss: 0.0782
2025-10-09 16:52:04,242 [INFO] Época 16/30, Batch 2250/3348, Loss: 0.0847
2025-10-09 16:52:04,516 [INFO] Época 16/30, Batch 2300/3348, Loss: 0.0664
2025-10-09 16:52:04,790 [INFO] Época 16/30, Batch 2350/3348, Loss: 0.0778
2025-10-09 16:52:05,066 [INFO] Época 16/30, Batch 2400/3348, Loss: 0.0649
2025-10-09 16:52:05,340 [INFO] Época 16/30, Batch 2450/3348, Loss: 0.0804
2025-10-09 16:52:05,615 [INFO] Época 16/30, Batch 2500/3348, Loss: 0.0713
2025-10-09 16:52:05,889 [INFO] Época 16/30, Batch 2550/3348, Loss: 0.0686
2025-10-09 16:52:06,165 [INFO] Época 16/30, Batch 2600/3348, Loss: 0.0617
2025-10-09 16:52:06,437 [INFO] Época 16/30, Batch 2650/3348, Loss: 0.0706
2025-10-09 16:52:06,711 [INFO] Época 16/30, Batch 2700/3348, Loss: 0.0701
2025-10-09 16:52:06,984 [INFO] Época 16/30, Batch 2750/3348, Loss: 0.0800
2025-10-09 16:52:07,258 [INFO] Época 16/30, Batch 2800/3348, Loss: 0.0569
2025-10-09 16:52:07,532 [INFO] Época 16/30, Batch 2850/3348, Loss: 0.0694
2025-10-09 16:52:07,805 [INFO] Época 16/30, Batch 2900/3348, Loss: 0.0738
2025-10-09 16:52:08,080 [INFO] Época 16/30, Batch 2950/3348, Loss: 0.0642
2025-10-09 16:52:08,354 [INFO] Época 16/30, Batch 3000/3348, Loss: 0.0509
2025-10-09 16:52:08,629 [INFO] Época 16/30, Batch 3050/3348, Loss: 0.0684
2025-10-09 16:52:08,904 [INFO] Época 16/30, Batch 3100/3348, Loss: 0.0794
2025-10-09 16:52:09,179 [INFO] Época 16/30, Batch 3150/3348, Loss: 0.0887
2025-10-09 16:52:09,457 [INFO] Época 16/30, Batch 3200/3348, Loss: 0.0615
2025-10-09 16:52:09,736 [INFO] Época 16/30, Batch 3250/3348, Loss: 0.0568
2025-10-09 16:52:10,019 [INFO] Época 16/30, Batch 3300/3348, Loss: 0.0689
2025-10-09 16:52:11,778 [INFO] [16/30] Train Loss: 0.0712 | Val Loss: 0.0690 | Tempo: 20.40s
2025-10-09 16:52:12,266 [INFO] Época 17/30, Batch 50/3348, Loss: 0.0718
2025-10-09 16:52:12,535 [INFO] Época 17/30, Batch 100/3348, Loss: 0.0585
2025-10-09 16:52:12,805 [INFO] Época 17/30, Batch 150/3348, Loss: 0.0682
2025-10-09 16:52:13,073 [INFO] Época 17/30, Batch 200/3348, Loss: 0.0500
2025-10-09 16:52:13,334 [INFO] Época 17/30, Batch 250/3348, Loss: 0.0749
2025-10-09 16:52:13,595 [INFO] Época 17/30, Batch 300/3348, Loss: 0.0552
2025-10-09 16:52:13,856 [INFO] Época 17/30, Batch 350/3348, Loss: 0.0511
2025-10-09 16:52:14,120 [INFO] Época 17/30, Batch 400/3348, Loss: 0.0508
2025-10-09 16:52:14,381 [INFO] Época 17/30, Batch 450/3348, Loss: 0.0741
2025-10-09 16:52:14,643 [INFO] Época 17/30, Batch 500/3348, Loss: 0.0529
2025-10-09 16:52:14,905 [INFO] Época 17/30, Batch 550/3348, Loss: 0.0448
2025-10-09 16:52:15,166 [INFO] Época 17/30, Batch 600/3348, Loss: 0.0503
2025-10-09 16:52:15,427 [INFO] Época 17/30, Batch 650/3348, Loss: 0.0502
2025-10-09 16:52:15,690 [INFO] Época 17/30, Batch 700/3348, Loss: 0.0671
2025-10-09 16:52:15,955 [INFO] Época 17/30, Batch 750/3348, Loss: 0.0851
2025-10-09 16:52:16,219 [INFO] Época 17/30, Batch 800/3348, Loss: 0.0629
2025-10-09 16:52:16,483 [INFO] Época 17/30, Batch 850/3348, Loss: 0.0732
2025-10-09 16:52:16,748 [INFO] Época 17/30, Batch 900/3348, Loss: 0.0568
2025-10-09 16:52:17,013 [INFO] Época 17/30, Batch 950/3348, Loss: 0.0473
2025-10-09 16:52:17,275 [INFO] Época 17/30, Batch 1000/3348, Loss: 0.0545
2025-10-09 16:52:17,539 [INFO] Época 17/30, Batch 1050/3348, Loss: 0.0766
2025-10-09 16:52:17,804 [INFO] Época 17/30, Batch 1100/3348, Loss: 0.0625
2025-10-09 16:52:18,068 [INFO] Época 17/30, Batch 1150/3348, Loss: 0.0581
2025-10-09 16:52:18,332 [INFO] Época 17/30, Batch 1200/3348, Loss: 0.0792
2025-10-09 16:52:18,596 [INFO] Época 17/30, Batch 1250/3348, Loss: 0.0580
2025-10-09 16:52:18,858 [INFO] Época 17/30, Batch 1300/3348, Loss: 0.0567
2025-10-09 16:52:19,120 [INFO] Época 17/30, Batch 1350/3348, Loss: 0.0419
2025-10-09 16:52:19,379 [INFO] Época 17/30, Batch 1400/3348, Loss: 0.0539
2025-10-09 16:52:19,639 [INFO] Época 17/30, Batch 1450/3348, Loss: 0.1402
2025-10-09 16:52:19,900 [INFO] Época 17/30, Batch 1500/3348, Loss: 0.0480
2025-10-09 16:52:20,160 [INFO] Época 17/30, Batch 1550/3348, Loss: 0.0496
2025-10-09 16:52:20,420 [INFO] Época 17/30, Batch 1600/3348, Loss: 0.0673
2025-10-09 16:52:20,681 [INFO] Época 17/30, Batch 1650/3348, Loss: 0.0624
2025-10-09 16:52:20,946 [INFO] Época 17/30, Batch 1700/3348, Loss: 0.0962
2025-10-09 16:52:21,209 [INFO] Época 17/30, Batch 1750/3348, Loss: 0.0648
2025-10-09 16:52:21,472 [INFO] Época 17/30, Batch 1800/3348, Loss: 0.0725
2025-10-09 16:52:21,736 [INFO] Época 17/30, Batch 1850/3348, Loss: 0.0565
2025-10-09 16:52:21,998 [INFO] Época 17/30, Batch 1900/3348, Loss: 0.0796
2025-10-09 16:52:22,257 [INFO] Época 17/30, Batch 1950/3348, Loss: 0.0639
2025-10-09 16:52:22,517 [INFO] Época 17/30, Batch 2000/3348, Loss: 0.0478
2025-10-09 16:52:22,775 [INFO] Época 17/30, Batch 2050/3348, Loss: 0.0655
2025-10-09 16:52:23,037 [INFO] Época 17/30, Batch 2100/3348, Loss: 0.0576
2025-10-09 16:52:23,300 [INFO] Época 17/30, Batch 2150/3348, Loss: 0.0599
2025-10-09 16:52:23,563 [INFO] Época 17/30, Batch 2200/3348, Loss: 0.0681
2025-10-09 16:52:23,824 [INFO] Época 17/30, Batch 2250/3348, Loss: 0.0836
2025-10-09 16:52:24,085 [INFO] Época 17/30, Batch 2300/3348, Loss: 0.0735
2025-10-09 16:52:24,344 [INFO] Época 17/30, Batch 2350/3348, Loss: 0.0516
2025-10-09 16:52:24,607 [INFO] Época 17/30, Batch 2400/3348, Loss: 0.0670
2025-10-09 16:52:24,868 [INFO] Época 17/30, Batch 2450/3348, Loss: 0.0679
2025-10-09 16:52:25,129 [INFO] Época 17/30, Batch 2500/3348, Loss: 0.0595
2025-10-09 16:52:25,392 [INFO] Época 17/30, Batch 2550/3348, Loss: 0.0746
2025-10-09 16:52:25,656 [INFO] Época 17/30, Batch 2600/3348, Loss: 0.0663
2025-10-09 16:52:25,914 [INFO] Época 17/30, Batch 2650/3348, Loss: 0.0764
2025-10-09 16:52:26,173 [INFO] Época 17/30, Batch 2700/3348, Loss: 0.0727
2025-10-09 16:52:26,435 [INFO] Época 17/30, Batch 2750/3348, Loss: 0.0562
2025-10-09 16:52:26,698 [INFO] Época 17/30, Batch 2800/3348, Loss: 0.0566
2025-10-09 16:52:26,957 [INFO] Época 17/30, Batch 2850/3348, Loss: 0.0828
2025-10-09 16:52:27,218 [INFO] Época 17/30, Batch 2900/3348, Loss: 0.0642
2025-10-09 16:52:27,480 [INFO] Época 17/30, Batch 2950/3348, Loss: 0.0644
2025-10-09 16:52:27,745 [INFO] Época 17/30, Batch 3000/3348, Loss: 0.0675
2025-10-09 16:52:28,008 [INFO] Época 17/30, Batch 3050/3348, Loss: 0.0696
2025-10-09 16:52:28,272 [INFO] Época 17/30, Batch 3100/3348, Loss: 0.0586
2025-10-09 16:52:28,536 [INFO] Época 17/30, Batch 3150/3348, Loss: 0.0593
2025-10-09 16:52:28,801 [INFO] Época 17/30, Batch 3200/3348, Loss: 0.0501
2025-10-09 16:52:29,069 [INFO] Época 17/30, Batch 3250/3348, Loss: 0.0760
2025-10-09 16:52:29,335 [INFO] Época 17/30, Batch 3300/3348, Loss: 0.0687
2025-10-09 16:52:30,991 [INFO] [17/30] Train Loss: 0.0705 | Val Loss: 0.0676 | Tempo: 19.21s
2025-10-09 16:52:31,485 [INFO] Época 18/30, Batch 50/3348, Loss: 0.0709
2025-10-09 16:52:31,758 [INFO] Época 18/30, Batch 100/3348, Loss: 0.0715
2025-10-09 16:52:32,033 [INFO] Época 18/30, Batch 150/3348, Loss: 0.0463
2025-10-09 16:52:32,310 [INFO] Época 18/30, Batch 200/3348, Loss: 0.0809
2025-10-09 16:52:32,585 [INFO] Época 18/30, Batch 250/3348, Loss: 0.0832
2025-10-09 16:52:32,855 [INFO] Época 18/30, Batch 300/3348, Loss: 0.0618
2025-10-09 16:52:33,126 [INFO] Época 18/30, Batch 350/3348, Loss: 0.0657
2025-10-09 16:52:33,394 [INFO] Época 18/30, Batch 400/3348, Loss: 0.0504
2025-10-09 16:52:33,673 [INFO] Época 18/30, Batch 450/3348, Loss: 0.0831
2025-10-09 16:52:33,944 [INFO] Época 18/30, Batch 500/3348, Loss: 0.0453
2025-10-09 16:52:34,214 [INFO] Época 18/30, Batch 550/3348, Loss: 0.0606
2025-10-09 16:52:34,494 [INFO] Época 18/30, Batch 600/3348, Loss: 0.0661
2025-10-09 16:52:34,766 [INFO] Época 18/30, Batch 650/3348, Loss: 0.0553
2025-10-09 16:52:35,046 [INFO] Época 18/30, Batch 700/3348, Loss: 0.0671
2025-10-09 16:52:35,327 [INFO] Época 18/30, Batch 750/3348, Loss: 0.0575
2025-10-09 16:52:35,606 [INFO] Época 18/30, Batch 800/3348, Loss: 3.7828
2025-10-09 16:52:35,866 [INFO] Época 18/30, Batch 850/3348, Loss: 0.0434
2025-10-09 16:52:36,124 [INFO] Época 18/30, Batch 900/3348, Loss: 0.0532
2025-10-09 16:52:36,380 [INFO] Época 18/30, Batch 950/3348, Loss: 0.0600
2025-10-09 16:52:36,637 [INFO] Época 18/30, Batch 1000/3348, Loss: 0.0546
2025-10-09 16:52:36,897 [INFO] Época 18/30, Batch 1050/3348, Loss: 0.0610
2025-10-09 16:52:37,155 [INFO] Época 18/30, Batch 1100/3348, Loss: 0.0596
2025-10-09 16:52:37,412 [INFO] Época 18/30, Batch 1150/3348, Loss: 0.0739
2025-10-09 16:52:37,674 [INFO] Época 18/30, Batch 1200/3348, Loss: 0.0619
2025-10-09 16:52:37,949 [INFO] Época 18/30, Batch 1250/3348, Loss: 0.0541
2025-10-09 16:52:38,226 [INFO] Época 18/30, Batch 1300/3348, Loss: 0.0660
2025-10-09 16:52:38,501 [INFO] Época 18/30, Batch 1350/3348, Loss: 0.0653
2025-10-09 16:52:38,779 [INFO] Época 18/30, Batch 1400/3348, Loss: 0.0585
2025-10-09 16:52:39,057 [INFO] Época 18/30, Batch 1450/3348, Loss: 0.0542
2025-10-09 16:52:39,335 [INFO] Época 18/30, Batch 1500/3348, Loss: 0.0609
2025-10-09 16:52:39,608 [INFO] Época 18/30, Batch 1550/3348, Loss: 0.0906
2025-10-09 16:52:39,880 [INFO] Época 18/30, Batch 1600/3348, Loss: 0.0503
2025-10-09 16:52:40,151 [INFO] Época 18/30, Batch 1650/3348, Loss: 0.0417
2025-10-09 16:52:40,422 [INFO] Época 18/30, Batch 1700/3348, Loss: 0.0636
2025-10-09 16:52:40,697 [INFO] Época 18/30, Batch 1750/3348, Loss: 0.0613
2025-10-09 16:52:40,969 [INFO] Época 18/30, Batch 1800/3348, Loss: 0.0617
2025-10-09 16:52:41,240 [INFO] Época 18/30, Batch 1850/3348, Loss: 0.0438
2025-10-09 16:52:41,513 [INFO] Época 18/30, Batch 1900/3348, Loss: 0.0642
2025-10-09 16:52:41,786 [INFO] Época 18/30, Batch 1950/3348, Loss: 0.0415
2025-10-09 16:52:42,061 [INFO] Época 18/30, Batch 2000/3348, Loss: 0.0716
2025-10-09 16:52:42,332 [INFO] Época 18/30, Batch 2050/3348, Loss: 0.0659
2025-10-09 16:52:42,606 [INFO] Época 18/30, Batch 2100/3348, Loss: 0.0461
2025-10-09 16:52:42,878 [INFO] Época 18/30, Batch 2150/3348, Loss: 0.0612
2025-10-09 16:52:43,151 [INFO] Época 18/30, Batch 2200/3348, Loss: 0.0554
2025-10-09 16:52:43,421 [INFO] Época 18/30, Batch 2250/3348, Loss: 0.0458
2025-10-09 16:52:43,681 [INFO] Época 18/30, Batch 2300/3348, Loss: 0.0634
2025-10-09 16:52:43,946 [INFO] Época 18/30, Batch 2350/3348, Loss: 0.0719
2025-10-09 16:52:44,207 [INFO] Época 18/30, Batch 2400/3348, Loss: 0.0714
2025-10-09 16:52:44,468 [INFO] Época 18/30, Batch 2450/3348, Loss: 0.0554
2025-10-09 16:52:44,725 [INFO] Época 18/30, Batch 2500/3348, Loss: 0.0482
2025-10-09 16:52:44,987 [INFO] Época 18/30, Batch 2550/3348, Loss: 0.0718
2025-10-09 16:52:45,248 [INFO] Época 18/30, Batch 2600/3348, Loss: 0.0500
2025-10-09 16:52:45,509 [INFO] Época 18/30, Batch 2650/3348, Loss: 0.0760
2025-10-09 16:52:45,773 [INFO] Época 18/30, Batch 2700/3348, Loss: 0.0724
2025-10-09 16:52:46,034 [INFO] Época 18/30, Batch 2750/3348, Loss: 0.0711
2025-10-09 16:52:46,293 [INFO] Época 18/30, Batch 2800/3348, Loss: 0.0399
2025-10-09 16:52:46,553 [INFO] Época 18/30, Batch 2850/3348, Loss: 0.0654
2025-10-09 16:52:46,816 [INFO] Época 18/30, Batch 2900/3348, Loss: 0.0490
2025-10-09 16:52:47,081 [INFO] Época 18/30, Batch 2950/3348, Loss: 0.0783
2025-10-09 16:52:47,348 [INFO] Época 18/30, Batch 3000/3348, Loss: 0.0855
2025-10-09 16:52:47,618 [INFO] Época 18/30, Batch 3050/3348, Loss: 0.0745
2025-10-09 16:52:47,894 [INFO] Época 18/30, Batch 3100/3348, Loss: 0.0490
2025-10-09 16:52:48,171 [INFO] Época 18/30, Batch 3150/3348, Loss: 0.0502
2025-10-09 16:52:48,447 [INFO] Época 18/30, Batch 3200/3348, Loss: 0.0597
2025-10-09 16:52:48,723 [INFO] Época 18/30, Batch 3250/3348, Loss: 0.0614
2025-10-09 16:52:49,000 [INFO] Época 18/30, Batch 3300/3348, Loss: 0.0644
2025-10-09 16:52:50,733 [INFO] [18/30] Train Loss: 0.0693 | Val Loss: 0.0654 | Tempo: 19.74s
2025-10-09 16:52:50,739 [INFO] Melhor modelo salvo em: /mnt/hdd/home/jdurao/ToolBox-ChemXAI/models/mlp_qm9_CM_att1_large.pth
2025-10-09 16:52:51,222 [INFO] Época 19/30, Batch 50/3348, Loss: 0.0589
2025-10-09 16:52:51,486 [INFO] Época 19/30, Batch 100/3348, Loss: 0.0555
2025-10-09 16:52:51,751 [INFO] Época 19/30, Batch 150/3348, Loss: 0.0538
2025-10-09 16:52:52,014 [INFO] Época 19/30, Batch 200/3348, Loss: 0.0607
2025-10-09 16:52:52,277 [INFO] Época 19/30, Batch 250/3348, Loss: 0.0729
2025-10-09 16:52:52,546 [INFO] Época 19/30, Batch 300/3348, Loss: 0.0568
2025-10-09 16:52:52,822 [INFO] Época 19/30, Batch 350/3348, Loss: 0.0813
2025-10-09 16:52:53,095 [INFO] Época 19/30, Batch 400/3348, Loss: 0.0479
2025-10-09 16:52:53,369 [INFO] Época 19/30, Batch 450/3348, Loss: 0.0755
2025-10-09 16:52:53,645 [INFO] Época 19/30, Batch 500/3348, Loss: 0.0512
2025-10-09 16:52:53,920 [INFO] Época 19/30, Batch 550/3348, Loss: 0.0576
2025-10-09 16:52:54,194 [INFO] Época 19/30, Batch 600/3348, Loss: 0.0542
2025-10-09 16:52:54,469 [INFO] Época 19/30, Batch 650/3348, Loss: 0.0753
2025-10-09 16:52:54,737 [INFO] Época 19/30, Batch 700/3348, Loss: 0.1096
2025-10-09 16:52:54,996 [INFO] Época 19/30, Batch 750/3348, Loss: 0.0410
2025-10-09 16:52:55,257 [INFO] Época 19/30, Batch 800/3348, Loss: 0.0363
2025-10-09 16:52:55,512 [INFO] Época 19/30, Batch 850/3348, Loss: 0.0689
2025-10-09 16:52:55,777 [INFO] Época 19/30, Batch 900/3348, Loss: 0.0632
2025-10-09 16:52:56,040 [INFO] Época 19/30, Batch 950/3348, Loss: 0.0792
2025-10-09 16:52:56,303 [INFO] Época 19/30, Batch 1000/3348, Loss: 0.0609
2025-10-09 16:52:56,566 [INFO] Época 19/30, Batch 1050/3348, Loss: 0.0481
2025-10-09 16:52:56,826 [INFO] Época 19/30, Batch 1100/3348, Loss: 0.0499
2025-10-09 16:52:57,085 [INFO] Época 19/30, Batch 1150/3348, Loss: 0.0519
2025-10-09 16:52:57,345 [INFO] Época 19/30, Batch 1200/3348, Loss: 0.0804
2025-10-09 16:52:57,611 [INFO] Época 19/30, Batch 1250/3348, Loss: 0.0500
2025-10-09 16:52:57,886 [INFO] Época 19/30, Batch 1300/3348, Loss: 0.0492
2025-10-09 16:52:58,159 [INFO] Época 19/30, Batch 1350/3348, Loss: 0.0777
2025-10-09 16:52:58,421 [INFO] Época 19/30, Batch 1400/3348, Loss: 0.0538
2025-10-09 16:52:58,689 [INFO] Época 19/30, Batch 1450/3348, Loss: 0.0592
2025-10-09 16:52:58,962 [INFO] Época 19/30, Batch 1500/3348, Loss: 0.0374
2025-10-09 16:52:59,235 [INFO] Época 19/30, Batch 1550/3348, Loss: 0.0385
2025-10-09 16:52:59,506 [INFO] Época 19/30, Batch 1600/3348, Loss: 0.0476
2025-10-09 16:52:59,781 [INFO] Época 19/30, Batch 1650/3348, Loss: 0.0431
2025-10-09 16:53:00,053 [INFO] Época 19/30, Batch 1700/3348, Loss: 0.0581
2025-10-09 16:53:00,327 [INFO] Época 19/30, Batch 1750/3348, Loss: 0.0620
2025-10-09 16:53:00,601 [INFO] Época 19/30, Batch 1800/3348, Loss: 0.0669
2025-10-09 16:53:00,873 [INFO] Época 19/30, Batch 1850/3348, Loss: 0.0703
2025-10-09 16:53:01,137 [INFO] Época 19/30, Batch 1900/3348, Loss: 0.0561
2025-10-09 16:53:01,401 [INFO] Época 19/30, Batch 1950/3348, Loss: 0.0451
2025-10-09 16:53:01,665 [INFO] Época 19/30, Batch 2000/3348, Loss: 0.0531
2025-10-09 16:53:01,929 [INFO] Época 19/30, Batch 2050/3348, Loss: 0.0552
2025-10-09 16:53:02,192 [INFO] Época 19/30, Batch 2100/3348, Loss: 0.0586
2025-10-09 16:53:02,453 [INFO] Época 19/30, Batch 2150/3348, Loss: 0.0679
2025-10-09 16:53:02,713 [INFO] Época 19/30, Batch 2200/3348, Loss: 0.0808
2025-10-09 16:53:02,975 [INFO] Época 19/30, Batch 2250/3348, Loss: 0.0646
2025-10-09 16:53:03,238 [INFO] Época 19/30, Batch 2300/3348, Loss: 0.1157
2025-10-09 16:53:03,499 [INFO] Época 19/30, Batch 2350/3348, Loss: 0.0645
2025-10-09 16:53:03,761 [INFO] Época 19/30, Batch 2400/3348, Loss: 0.0592
2025-10-09 16:53:04,024 [INFO] Época 19/30, Batch 2450/3348, Loss: 0.0554
2025-10-09 16:53:04,284 [INFO] Época 19/30, Batch 2500/3348, Loss: 0.0630
2025-10-09 16:53:04,549 [INFO] Época 19/30, Batch 2550/3348, Loss: 0.0610
2025-10-09 16:53:04,812 [INFO] Época 19/30, Batch 2600/3348, Loss: 0.0624
2025-10-09 16:53:05,077 [INFO] Época 19/30, Batch 2650/3348, Loss: 0.1168
2025-10-09 16:53:05,355 [INFO] Época 19/30, Batch 2700/3348, Loss: 0.0924
2025-10-09 16:53:05,629 [INFO] Época 19/30, Batch 2750/3348, Loss: 0.0559
2025-10-09 16:53:05,902 [INFO] Época 19/30, Batch 2800/3348, Loss: 0.0480
2025-10-09 16:53:06,174 [INFO] Época 19/30, Batch 2850/3348, Loss: 0.0922
2025-10-09 16:53:06,448 [INFO] Época 19/30, Batch 2900/3348, Loss: 0.0558
2025-10-09 16:53:06,722 [INFO] Época 19/30, Batch 2950/3348, Loss: 0.0563
2025-10-09 16:53:06,995 [INFO] Época 19/30, Batch 3000/3348, Loss: 0.0625
2025-10-09 16:53:07,267 [INFO] Época 19/30, Batch 3050/3348, Loss: 0.0764
2025-10-09 16:53:07,539 [INFO] Época 19/30, Batch 3100/3348, Loss: 0.0487
2025-10-09 16:53:07,811 [INFO] Época 19/30, Batch 3150/3348, Loss: 0.0588
2025-10-09 16:53:08,083 [INFO] Época 19/30, Batch 3200/3348, Loss: 0.0630
2025-10-09 16:53:08,355 [INFO] Época 19/30, Batch 3250/3348, Loss: 0.0562
2025-10-09 16:53:08,628 [INFO] Época 19/30, Batch 3300/3348, Loss: 0.0583
2025-10-09 16:53:10,347 [INFO] [19/30] Train Loss: 0.0690 | Val Loss: 0.0655 | Tempo: 19.61s
2025-10-09 16:53:10,847 [INFO] Época 20/30, Batch 50/3348, Loss: 0.0519
2025-10-09 16:53:11,136 [INFO] Época 20/30, Batch 100/3348, Loss: 0.0583
2025-10-09 16:53:11,423 [INFO] Época 20/30, Batch 150/3348, Loss: 0.0547
2025-10-09 16:53:11,714 [INFO] Época 20/30, Batch 200/3348, Loss: 0.0489
2025-10-09 16:53:12,002 [INFO] Época 20/30, Batch 250/3348, Loss: 0.0515
2025-10-09 16:53:12,289 [INFO] Época 20/30, Batch 300/3348, Loss: 0.0586
2025-10-09 16:53:12,579 [INFO] Época 20/30, Batch 350/3348, Loss: 0.0412
2025-10-09 16:53:12,852 [INFO] Época 20/30, Batch 400/3348, Loss: 0.0508
2025-10-09 16:53:13,133 [INFO] Época 20/30, Batch 450/3348, Loss: 0.0462
2025-10-09 16:53:13,401 [INFO] Época 20/30, Batch 500/3348, Loss: 0.0518
2025-10-09 16:53:13,668 [INFO] Época 20/30, Batch 550/3348, Loss: 0.0422
2025-10-09 16:53:13,931 [INFO] Época 20/30, Batch 600/3348, Loss: 0.0580
2025-10-09 16:53:14,196 [INFO] Época 20/30, Batch 650/3348, Loss: 0.0318
2025-10-09 16:53:14,450 [INFO] Época 20/30, Batch 700/3348, Loss: 0.2946
2025-10-09 16:53:14,705 [INFO] Época 20/30, Batch 750/3348, Loss: 0.0701
2025-10-09 16:53:14,967 [INFO] Época 20/30, Batch 800/3348, Loss: 0.0450
2025-10-09 16:53:15,230 [INFO] Época 20/30, Batch 850/3348, Loss: 0.0490
2025-10-09 16:53:15,493 [INFO] Época 20/30, Batch 900/3348, Loss: 0.0762
2025-10-09 16:53:15,756 [INFO] Época 20/30, Batch 950/3348, Loss: 0.0451
2025-10-09 16:53:16,014 [INFO] Época 20/30, Batch 1000/3348, Loss: 0.0527
2025-10-09 16:53:16,276 [INFO] Época 20/30, Batch 1050/3348, Loss: 0.0592
2025-10-09 16:53:16,538 [INFO] Época 20/30, Batch 1100/3348, Loss: 0.0665
2025-10-09 16:53:16,802 [INFO] Época 20/30, Batch 1150/3348, Loss: 0.0751
2025-10-09 16:53:17,068 [INFO] Época 20/30, Batch 1200/3348, Loss: 0.0600
2025-10-09 16:53:17,335 [INFO] Época 20/30, Batch 1250/3348, Loss: 0.0500
2025-10-09 16:53:17,597 [INFO] Época 20/30, Batch 1300/3348, Loss: 0.0599
2025-10-09 16:53:17,863 [INFO] Época 20/30, Batch 1350/3348, Loss: 0.0650
2025-10-09 16:53:18,131 [INFO] Época 20/30, Batch 1400/3348, Loss: 0.0932
2025-10-09 16:53:18,400 [INFO] Época 20/30, Batch 1450/3348, Loss: 0.0614
2025-10-09 16:53:18,674 [INFO] Época 20/30, Batch 1500/3348, Loss: 0.0847
2025-10-09 16:53:18,963 [INFO] Época 20/30, Batch 1550/3348, Loss: 0.0634
2025-10-09 16:53:19,253 [INFO] Época 20/30, Batch 1600/3348, Loss: 0.0476
2025-10-09 16:53:19,539 [INFO] Época 20/30, Batch 1650/3348, Loss: 0.0537
2025-10-09 16:53:19,825 [INFO] Época 20/30, Batch 1700/3348, Loss: 0.0624
2025-10-09 16:53:20,111 [INFO] Época 20/30, Batch 1750/3348, Loss: 0.0737
2025-10-09 16:53:20,400 [INFO] Época 20/30, Batch 1800/3348, Loss: 0.0636
2025-10-09 16:53:20,682 [INFO] Época 20/30, Batch 1850/3348, Loss: 0.0631
2025-10-09 16:53:20,953 [INFO] Época 20/30, Batch 1900/3348, Loss: 0.0573
2025-10-09 16:53:21,218 [INFO] Época 20/30, Batch 1950/3348, Loss: 0.0731
2025-10-09 16:53:21,484 [INFO] Época 20/30, Batch 2000/3348, Loss: 0.0734
2025-10-09 16:53:21,750 [INFO] Época 20/30, Batch 2050/3348, Loss: 0.0973
2025-10-09 16:53:22,010 [INFO] Época 20/30, Batch 2100/3348, Loss: 0.0901
2025-10-09 16:53:22,275 [INFO] Época 20/30, Batch 2150/3348, Loss: 0.0783
2025-10-09 16:53:22,540 [INFO] Época 20/30, Batch 2200/3348, Loss: 0.0488
2025-10-09 16:53:22,806 [INFO] Época 20/30, Batch 2250/3348, Loss: 0.0668
2025-10-09 16:53:23,073 [INFO] Época 20/30, Batch 2300/3348, Loss: 0.0665
2025-10-09 16:53:23,339 [INFO] Época 20/30, Batch 2350/3348, Loss: 0.0540
2025-10-09 16:53:23,605 [INFO] Época 20/30, Batch 2400/3348, Loss: 0.0887
2025-10-09 16:53:23,872 [INFO] Época 20/30, Batch 2450/3348, Loss: 0.0459
2025-10-09 16:53:24,141 [INFO] Época 20/30, Batch 2500/3348, Loss: 0.0580
2025-10-09 16:53:24,407 [INFO] Época 20/30, Batch 2550/3348, Loss: 0.0594
2025-10-09 16:53:24,675 [INFO] Época 20/30, Batch 2600/3348, Loss: 0.0554
2025-10-09 16:53:24,942 [INFO] Época 20/30, Batch 2650/3348, Loss: 0.0521
2025-10-09 16:53:25,208 [INFO] Época 20/30, Batch 2700/3348, Loss: 0.0599
2025-10-09 16:53:25,474 [INFO] Época 20/30, Batch 2750/3348, Loss: 0.0561
2025-10-09 16:53:25,742 [INFO] Época 20/30, Batch 2800/3348, Loss: 0.0625
2025-10-09 16:53:26,007 [INFO] Época 20/30, Batch 2850/3348, Loss: 0.0716
2025-10-09 16:53:26,271 [INFO] Época 20/30, Batch 2900/3348, Loss: 0.0548
2025-10-09 16:53:26,539 [INFO] Época 20/30, Batch 2950/3348, Loss: 0.0587
2025-10-09 16:53:26,805 [INFO] Época 20/30, Batch 3000/3348, Loss: 0.0616
2025-10-09 16:53:27,071 [INFO] Época 20/30, Batch 3050/3348, Loss: 0.0584
2025-10-09 16:53:27,337 [INFO] Época 20/30, Batch 3100/3348, Loss: 0.0569
2025-10-09 16:53:27,599 [INFO] Época 20/30, Batch 3150/3348, Loss: 0.0599
2025-10-09 16:53:27,870 [INFO] Época 20/30, Batch 3200/3348, Loss: 0.0648
2025-10-09 16:53:28,142 [INFO] Época 20/30, Batch 3250/3348, Loss: 0.0462
2025-10-09 16:53:28,413 [INFO] Época 20/30, Batch 3300/3348, Loss: 0.0711
2025-10-09 16:53:30,130 [INFO] [20/30] Train Loss: 0.0680 | Val Loss: 0.0639 | Tempo: 19.78s
2025-10-09 16:53:30,136 [INFO] Melhor modelo salvo em: /mnt/hdd/home/jdurao/ToolBox-ChemXAI/models/mlp_qm9_CM_att1_large.pth
2025-10-09 16:53:30,619 [INFO] Época 21/30, Batch 50/3348, Loss: 0.0506
2025-10-09 16:53:30,887 [INFO] Época 21/30, Batch 100/3348, Loss: 0.0520
2025-10-09 16:53:31,154 [INFO] Época 21/30, Batch 150/3348, Loss: 0.0487
2025-10-09 16:53:31,418 [INFO] Época 21/30, Batch 200/3348, Loss: 0.0681
2025-10-09 16:53:31,680 [INFO] Época 21/30, Batch 250/3348, Loss: 0.0522
2025-10-09 16:53:31,945 [INFO] Época 21/30, Batch 300/3348, Loss: 0.0510
2025-10-09 16:53:32,211 [INFO] Época 21/30, Batch 350/3348, Loss: 0.0719
2025-10-09 16:53:32,474 [INFO] Época 21/30, Batch 400/3348, Loss: 0.0506
2025-10-09 16:53:32,738 [INFO] Época 21/30, Batch 450/3348, Loss: 0.0570
2025-10-09 16:53:33,000 [INFO] Época 21/30, Batch 500/3348, Loss: 0.0834
2025-10-09 16:53:33,264 [INFO] Época 21/30, Batch 550/3348, Loss: 0.0552
2025-10-09 16:53:33,527 [INFO] Época 21/30, Batch 600/3348, Loss: 0.0502
2025-10-09 16:53:33,790 [INFO] Época 21/30, Batch 650/3348, Loss: 0.0578
2025-10-09 16:53:34,055 [INFO] Época 21/30, Batch 700/3348, Loss: 0.0511
2025-10-09 16:53:34,319 [INFO] Época 21/30, Batch 750/3348, Loss: 0.0886
2025-10-09 16:53:34,584 [INFO] Época 21/30, Batch 800/3348, Loss: 0.0669
2025-10-09 16:53:34,849 [INFO] Época 21/30, Batch 850/3348, Loss: 0.0425
2025-10-09 16:53:35,113 [INFO] Época 21/30, Batch 900/3348, Loss: 0.0852
2025-10-09 16:53:35,376 [INFO] Época 21/30, Batch 950/3348, Loss: 0.0572
2025-10-09 16:53:35,640 [INFO] Época 21/30, Batch 1000/3348, Loss: 0.0642
2025-10-09 16:53:35,903 [INFO] Época 21/30, Batch 1050/3348, Loss: 0.0676
2025-10-09 16:53:36,169 [INFO] Época 21/30, Batch 1100/3348, Loss: 0.0591
2025-10-09 16:53:36,434 [INFO] Época 21/30, Batch 1150/3348, Loss: 0.0395
2025-10-09 16:53:36,698 [INFO] Época 21/30, Batch 1200/3348, Loss: 0.0683
2025-10-09 16:53:36,963 [INFO] Época 21/30, Batch 1250/3348, Loss: 0.0427
2025-10-09 16:53:37,228 [INFO] Época 21/30, Batch 1300/3348, Loss: 0.0663
2025-10-09 16:53:37,493 [INFO] Época 21/30, Batch 1350/3348, Loss: 0.0495
2025-10-09 16:53:37,757 [INFO] Época 21/30, Batch 1400/3348, Loss: 0.0456
2025-10-09 16:53:38,021 [INFO] Época 21/30, Batch 1450/3348, Loss: 0.0860
2025-10-09 16:53:38,284 [INFO] Época 21/30, Batch 1500/3348, Loss: 0.0572
2025-10-09 16:53:38,547 [INFO] Época 21/30, Batch 1550/3348, Loss: 0.0587
2025-10-09 16:53:38,811 [INFO] Época 21/30, Batch 1600/3348, Loss: 0.0637
2025-10-09 16:53:39,075 [INFO] Época 21/30, Batch 1650/3348, Loss: 0.0556
2025-10-09 16:53:39,337 [INFO] Época 21/30, Batch 1700/3348, Loss: 0.0608
2025-10-09 16:53:39,604 [INFO] Época 21/30, Batch 1750/3348, Loss: 0.0875
2025-10-09 16:53:39,868 [INFO] Época 21/30, Batch 1800/3348, Loss: 0.0573
2025-10-09 16:53:40,131 [INFO] Época 21/30, Batch 1850/3348, Loss: 0.0564
2025-10-09 16:53:40,393 [INFO] Época 21/30, Batch 1900/3348, Loss: 0.0582
2025-10-09 16:53:40,657 [INFO] Época 21/30, Batch 1950/3348, Loss: 0.0574
2025-10-09 16:53:40,921 [INFO] Época 21/30, Batch 2000/3348, Loss: 0.0533
2025-10-09 16:53:41,184 [INFO] Época 21/30, Batch 2050/3348, Loss: 0.0711
2025-10-09 16:53:41,448 [INFO] Época 21/30, Batch 2100/3348, Loss: 0.0640
2025-10-09 16:53:41,714 [INFO] Época 21/30, Batch 2150/3348, Loss: 0.0602
2025-10-09 16:53:41,978 [INFO] Época 21/30, Batch 2200/3348, Loss: 0.0521
2025-10-09 16:53:42,236 [INFO] Época 21/30, Batch 2250/3348, Loss: 0.0373
2025-10-09 16:53:42,497 [INFO] Época 21/30, Batch 2300/3348, Loss: 0.0884
2025-10-09 16:53:42,758 [INFO] Época 21/30, Batch 2350/3348, Loss: 0.0762
2025-10-09 16:53:43,018 [INFO] Época 21/30, Batch 2400/3348, Loss: 0.0595
2025-10-09 16:53:43,278 [INFO] Época 21/30, Batch 2450/3348, Loss: 0.0627
2025-10-09 16:53:43,537 [INFO] Época 21/30, Batch 2500/3348, Loss: 0.0486
2025-10-09 16:53:43,799 [INFO] Época 21/30, Batch 2550/3348, Loss: 0.0445
2025-10-09 16:53:44,062 [INFO] Época 21/30, Batch 2600/3348, Loss: 0.0642
2025-10-09 16:53:44,320 [INFO] Época 21/30, Batch 2650/3348, Loss: 0.0631
2025-10-09 16:53:44,579 [INFO] Época 21/30, Batch 2700/3348, Loss: 0.0567
2025-10-09 16:53:44,842 [INFO] Época 21/30, Batch 2750/3348, Loss: 0.0652
2025-10-09 16:53:45,103 [INFO] Época 21/30, Batch 2800/3348, Loss: 0.0792
2025-10-09 16:53:45,365 [INFO] Época 21/30, Batch 2850/3348, Loss: 0.0469
2025-10-09 16:53:45,625 [INFO] Época 21/30, Batch 2900/3348, Loss: 0.0636
2025-10-09 16:53:45,884 [INFO] Época 21/30, Batch 2950/3348, Loss: 0.0508
2025-10-09 16:53:46,143 [INFO] Época 21/30, Batch 3000/3348, Loss: 0.0619
2025-10-09 16:53:46,402 [INFO] Época 21/30, Batch 3050/3348, Loss: 0.0477
2025-10-09 16:53:46,660 [INFO] Época 21/30, Batch 3100/3348, Loss: 0.0583
2025-10-09 16:53:46,921 [INFO] Época 21/30, Batch 3150/3348, Loss: 0.0609
2025-10-09 16:53:47,181 [INFO] Época 21/30, Batch 3200/3348, Loss: 0.0503
2025-10-09 16:53:47,440 [INFO] Época 21/30, Batch 3250/3348, Loss: 0.0480
2025-10-09 16:53:47,700 [INFO] Época 21/30, Batch 3300/3348, Loss: 0.0811
2025-10-09 16:53:49,421 [INFO] [21/30] Train Loss: 0.0675 | Val Loss: 0.0617 | Tempo: 19.28s
2025-10-09 16:53:49,428 [INFO] Melhor modelo salvo em: /mnt/hdd/home/jdurao/ToolBox-ChemXAI/models/mlp_qm9_CM_att1_large.pth
2025-10-09 16:53:49,933 [INFO] Época 22/30, Batch 50/3348, Loss: 0.0614
2025-10-09 16:53:50,220 [INFO] Época 22/30, Batch 100/3348, Loss: 0.0541
2025-10-09 16:53:50,502 [INFO] Época 22/30, Batch 150/3348, Loss: 0.0685
2025-10-09 16:53:50,781 [INFO] Época 22/30, Batch 200/3348, Loss: 0.0883
2025-10-09 16:53:51,060 [INFO] Época 22/30, Batch 250/3348, Loss: 0.0495
2025-10-09 16:53:51,342 [INFO] Época 22/30, Batch 300/3348, Loss: 0.0505
2025-10-09 16:53:51,624 [INFO] Época 22/30, Batch 350/3348, Loss: 0.0593
2025-10-09 16:53:51,903 [INFO] Época 22/30, Batch 400/3348, Loss: 0.0622
2025-10-09 16:53:52,180 [INFO] Época 22/30, Batch 450/3348, Loss: 0.0622
2025-10-09 16:53:52,452 [INFO] Época 22/30, Batch 500/3348, Loss: 0.0662
2025-10-09 16:53:52,725 [INFO] Época 22/30, Batch 550/3348, Loss: 0.0882
2025-10-09 16:53:53,004 [INFO] Época 22/30, Batch 600/3348, Loss: 0.0576
2025-10-09 16:53:53,274 [INFO] Época 22/30, Batch 650/3348, Loss: 0.0732
2025-10-09 16:53:53,533 [INFO] Época 22/30, Batch 700/3348, Loss: 0.0649
2025-10-09 16:53:53,797 [INFO] Época 22/30, Batch 750/3348, Loss: 0.0632
2025-10-09 16:53:54,071 [INFO] Época 22/30, Batch 800/3348, Loss: 0.0387
2025-10-09 16:53:54,345 [INFO] Época 22/30, Batch 850/3348, Loss: 0.0558
2025-10-09 16:53:54,617 [INFO] Época 22/30, Batch 900/3348, Loss: 0.0476
2025-10-09 16:53:54,890 [INFO] Época 22/30, Batch 950/3348, Loss: 0.0496
2025-10-09 16:53:55,162 [INFO] Época 22/30, Batch 1000/3348, Loss: 0.0454
2025-10-09 16:53:55,435 [INFO] Época 22/30, Batch 1050/3348, Loss: 0.0630
2025-10-09 16:53:55,705 [INFO] Época 22/30, Batch 1100/3348, Loss: 0.0662
2025-10-09 16:53:55,971 [INFO] Época 22/30, Batch 1150/3348, Loss: 0.0701
2025-10-09 16:53:56,246 [INFO] Época 22/30, Batch 1200/3348, Loss: 0.0625
2025-10-09 16:53:56,522 [INFO] Época 22/30, Batch 1250/3348, Loss: 0.0598
2025-10-09 16:53:56,794 [INFO] Época 22/30, Batch 1300/3348, Loss: 0.0446
2025-10-09 16:53:57,068 [INFO] Época 22/30, Batch 1350/3348, Loss: 0.0605
2025-10-09 16:53:57,343 [INFO] Época 22/30, Batch 1400/3348, Loss: 0.0446
2025-10-09 16:53:57,617 [INFO] Época 22/30, Batch 1450/3348, Loss: 0.0641
2025-10-09 16:53:57,891 [INFO] Época 22/30, Batch 1500/3348, Loss: 0.0544
2025-10-09 16:53:58,164 [INFO] Época 22/30, Batch 1550/3348, Loss: 0.0593
2025-10-09 16:53:58,438 [INFO] Época 22/30, Batch 1600/3348, Loss: 0.1054
2025-10-09 16:53:58,710 [INFO] Época 22/30, Batch 1650/3348, Loss: 0.0553
2025-10-09 16:53:58,982 [INFO] Época 22/30, Batch 1700/3348, Loss: 0.0636
2025-10-09 16:53:59,252 [INFO] Época 22/30, Batch 1750/3348, Loss: 0.0975
2025-10-09 16:53:59,518 [INFO] Época 22/30, Batch 1800/3348, Loss: 0.0480
2025-10-09 16:53:59,787 [INFO] Época 22/30, Batch 1850/3348, Loss: 0.1040
2025-10-09 16:54:00,055 [INFO] Época 22/30, Batch 1900/3348, Loss: 0.0358
2025-10-09 16:54:00,326 [INFO] Época 22/30, Batch 1950/3348, Loss: 0.0499
2025-10-09 16:54:00,596 [INFO] Época 22/30, Batch 2000/3348, Loss: 0.0385
2025-10-09 16:54:00,865 [INFO] Época 22/30, Batch 2050/3348, Loss: 0.0635
2025-10-09 16:54:01,139 [INFO] Época 22/30, Batch 2100/3348, Loss: 0.0782
2025-10-09 16:54:01,414 [INFO] Época 22/30, Batch 2150/3348, Loss: 0.0430
2025-10-09 16:54:01,688 [INFO] Época 22/30, Batch 2200/3348, Loss: 0.0417
2025-10-09 16:54:01,961 [INFO] Época 22/30, Batch 2250/3348, Loss: 0.0595
2025-10-09 16:54:02,238 [INFO] Época 22/30, Batch 2300/3348, Loss: 0.0714
2025-10-09 16:54:02,512 [INFO] Época 22/30, Batch 2350/3348, Loss: 0.0573
2025-10-09 16:54:02,790 [INFO] Época 22/30, Batch 2400/3348, Loss: 0.0615
2025-10-09 16:54:03,065 [INFO] Época 22/30, Batch 2450/3348, Loss: 0.0485
2025-10-09 16:54:03,338 [INFO] Época 22/30, Batch 2500/3348, Loss: 0.0662
2025-10-09 16:54:03,607 [INFO] Época 22/30, Batch 2550/3348, Loss: 0.0595
2025-10-09 16:54:03,879 [INFO] Época 22/30, Batch 2600/3348, Loss: 0.0578
2025-10-09 16:54:04,151 [INFO] Época 22/30, Batch 2650/3348, Loss: 0.0469
2025-10-09 16:54:04,421 [INFO] Época 22/30, Batch 2700/3348, Loss: 0.0618
2025-10-09 16:54:04,692 [INFO] Época 22/30, Batch 2750/3348, Loss: 0.0688
2025-10-09 16:54:04,961 [INFO] Época 22/30, Batch 2800/3348, Loss: 0.0693
2025-10-09 16:54:05,231 [INFO] Época 22/30, Batch 2850/3348, Loss: 0.0436
2025-10-09 16:54:05,504 [INFO] Época 22/30, Batch 2900/3348, Loss: 0.0618
2025-10-09 16:54:05,773 [INFO] Época 22/30, Batch 2950/3348, Loss: 0.0762
2025-10-09 16:54:06,048 [INFO] Época 22/30, Batch 3000/3348, Loss: 0.0585
2025-10-09 16:54:06,326 [INFO] Época 22/30, Batch 3050/3348, Loss: 0.0426
2025-10-09 16:54:06,604 [INFO] Época 22/30, Batch 3100/3348, Loss: 0.0468
2025-10-09 16:54:06,882 [INFO] Época 22/30, Batch 3150/3348, Loss: 0.0771
2025-10-09 16:54:07,155 [INFO] Época 22/30, Batch 3200/3348, Loss: 0.0473
2025-10-09 16:54:07,432 [INFO] Época 22/30, Batch 3250/3348, Loss: 0.0467
2025-10-09 16:54:07,707 [INFO] Época 22/30, Batch 3300/3348, Loss: 0.0588
2025-10-09 16:54:09,414 [INFO] [22/30] Train Loss: 0.0666 | Val Loss: 0.0641 | Tempo: 19.99s
2025-10-09 16:54:09,906 [INFO] Época 23/30, Batch 50/3348, Loss: 0.0935
2025-10-09 16:54:10,204 [INFO] Época 23/30, Batch 100/3348, Loss: 0.0499
2025-10-09 16:54:10,492 [INFO] Época 23/30, Batch 150/3348, Loss: 0.0569
2025-10-09 16:54:10,779 [INFO] Época 23/30, Batch 200/3348, Loss: 0.0667
2025-10-09 16:54:11,064 [INFO] Época 23/30, Batch 250/3348, Loss: 0.0539
2025-10-09 16:54:11,348 [INFO] Época 23/30, Batch 300/3348, Loss: 0.0613
2025-10-09 16:54:11,633 [INFO] Época 23/30, Batch 350/3348, Loss: 0.0539
2025-10-09 16:54:11,918 [INFO] Época 23/30, Batch 400/3348, Loss: 0.0691
2025-10-09 16:54:12,202 [INFO] Época 23/30, Batch 450/3348, Loss: 0.0536
2025-10-09 16:54:12,485 [INFO] Época 23/30, Batch 500/3348, Loss: 0.0697
2025-10-09 16:54:12,770 [INFO] Época 23/30, Batch 550/3348, Loss: 0.0580
2025-10-09 16:54:13,056 [INFO] Época 23/30, Batch 600/3348, Loss: 0.0512
2025-10-09 16:54:13,340 [INFO] Época 23/30, Batch 650/3348, Loss: 0.0656
2025-10-09 16:54:13,623 [INFO] Época 23/30, Batch 700/3348, Loss: 0.0917
2025-10-09 16:54:13,907 [INFO] Época 23/30, Batch 750/3348, Loss: 0.0539
2025-10-09 16:54:14,188 [INFO] Época 23/30, Batch 800/3348, Loss: 0.0606
2025-10-09 16:54:14,469 [INFO] Época 23/30, Batch 850/3348, Loss: 0.0480
2025-10-09 16:54:14,745 [INFO] Época 23/30, Batch 900/3348, Loss: 0.1160
2025-10-09 16:54:14,998 [INFO] Época 23/30, Batch 950/3348, Loss: 0.0918
2025-10-09 16:54:15,265 [INFO] Época 23/30, Batch 1000/3348, Loss: 0.0434
2025-10-09 16:54:15,536 [INFO] Época 23/30, Batch 1050/3348, Loss: 0.0562
2025-10-09 16:54:15,809 [INFO] Época 23/30, Batch 1100/3348, Loss: 0.0507
2025-10-09 16:54:16,095 [INFO] Época 23/30, Batch 1150/3348, Loss: 0.0419
2025-10-09 16:54:16,376 [INFO] Época 23/30, Batch 1200/3348, Loss: 0.0588
2025-10-09 16:54:16,641 [INFO] Época 23/30, Batch 1250/3348, Loss: 0.0516
2025-10-09 16:54:16,905 [INFO] Época 23/30, Batch 1300/3348, Loss: 0.0814
2025-10-09 16:54:17,169 [INFO] Época 23/30, Batch 1350/3348, Loss: 0.0466
2025-10-09 16:54:17,437 [INFO] Época 23/30, Batch 1400/3348, Loss: 0.0569
2025-10-09 16:54:17,702 [INFO] Época 23/30, Batch 1450/3348, Loss: 0.0449
2025-10-09 16:54:17,967 [INFO] Época 23/30, Batch 1500/3348, Loss: 0.0624
2025-10-09 16:54:18,229 [INFO] Época 23/30, Batch 1550/3348, Loss: 0.0534
2025-10-09 16:54:18,490 [INFO] Época 23/30, Batch 1600/3348, Loss: 0.0621
2025-10-09 16:54:18,755 [INFO] Época 23/30, Batch 1650/3348, Loss: 0.0779
2025-10-09 16:54:19,019 [INFO] Época 23/30, Batch 1700/3348, Loss: 0.0637
2025-10-09 16:54:19,285 [INFO] Época 23/30, Batch 1750/3348, Loss: 0.0626
2025-10-09 16:54:19,552 [INFO] Época 23/30, Batch 1800/3348, Loss: 0.0745
2025-10-09 16:54:19,828 [INFO] Época 23/30, Batch 1850/3348, Loss: 0.0520
2025-10-09 16:54:20,115 [INFO] Época 23/30, Batch 1900/3348, Loss: 0.0547
2025-10-09 16:54:20,400 [INFO] Época 23/30, Batch 1950/3348, Loss: 0.0518
2025-10-09 16:54:20,685 [INFO] Época 23/30, Batch 2000/3348, Loss: 0.0667
2025-10-09 16:54:20,969 [INFO] Época 23/30, Batch 2050/3348, Loss: 0.0543
2025-10-09 16:54:21,254 [INFO] Época 23/30, Batch 2100/3348, Loss: 0.0538
2025-10-09 16:54:21,540 [INFO] Época 23/30, Batch 2150/3348, Loss: 0.0624
2025-10-09 16:54:21,828 [INFO] Época 23/30, Batch 2200/3348, Loss: 0.0786
2025-10-09 16:54:22,113 [INFO] Época 23/30, Batch 2250/3348, Loss: 0.0494
2025-10-09 16:54:22,401 [INFO] Época 23/30, Batch 2300/3348, Loss: 0.0500
2025-10-09 16:54:22,677 [INFO] Época 23/30, Batch 2350/3348, Loss: 0.0722
2025-10-09 16:54:22,947 [INFO] Época 23/30, Batch 2400/3348, Loss: 0.0520
2025-10-09 16:54:23,232 [INFO] Época 23/30, Batch 2450/3348, Loss: 0.0777
2025-10-09 16:54:23,518 [INFO] Época 23/30, Batch 2500/3348, Loss: 0.0625
2025-10-09 16:54:23,792 [INFO] Época 23/30, Batch 2550/3348, Loss: 0.0596
2025-10-09 16:54:24,063 [INFO] Época 23/30, Batch 2600/3348, Loss: 0.0585
2025-10-09 16:54:24,333 [INFO] Época 23/30, Batch 2650/3348, Loss: 0.0604
2025-10-09 16:54:24,604 [INFO] Época 23/30, Batch 2700/3348, Loss: 0.0695
2025-10-09 16:54:24,866 [INFO] Época 23/30, Batch 2750/3348, Loss: 0.0757
2025-10-09 16:54:25,133 [INFO] Época 23/30, Batch 2800/3348, Loss: 0.0481
2025-10-09 16:54:25,399 [INFO] Época 23/30, Batch 2850/3348, Loss: 0.0542
2025-10-09 16:54:25,664 [INFO] Época 23/30, Batch 2900/3348, Loss: 0.0563
2025-10-09 16:54:25,929 [INFO] Época 23/30, Batch 2950/3348, Loss: 0.0890
2025-10-09 16:54:26,193 [INFO] Época 23/30, Batch 3000/3348, Loss: 0.0498
2025-10-09 16:54:26,472 [INFO] Época 23/30, Batch 3050/3348, Loss: 0.0561
2025-10-09 16:54:26,757 [INFO] Época 23/30, Batch 3100/3348, Loss: 0.0530
2025-10-09 16:54:27,042 [INFO] Época 23/30, Batch 3150/3348, Loss: 0.0874
2025-10-09 16:54:27,328 [INFO] Época 23/30, Batch 3200/3348, Loss: 0.0533
2025-10-09 16:54:27,613 [INFO] Época 23/30, Batch 3250/3348, Loss: 0.0665
2025-10-09 16:54:27,896 [INFO] Época 23/30, Batch 3300/3348, Loss: 0.0615
2025-10-09 16:54:29,706 [INFO] [23/30] Train Loss: 0.0670 | Val Loss: 0.0636 | Tempo: 20.29s
2025-10-09 16:54:30,188 [INFO] Época 24/30, Batch 50/3348, Loss: 0.0553
2025-10-09 16:54:30,460 [INFO] Época 24/30, Batch 100/3348, Loss: 0.0532
2025-10-09 16:54:30,731 [INFO] Época 24/30, Batch 150/3348, Loss: 0.0596
2025-10-09 16:54:31,001 [INFO] Época 24/30, Batch 200/3348, Loss: 0.0660
2025-10-09 16:54:31,270 [INFO] Época 24/30, Batch 250/3348, Loss: 0.0559
2025-10-09 16:54:31,539 [INFO] Época 24/30, Batch 300/3348, Loss: 0.0774
2025-10-09 16:54:31,808 [INFO] Época 24/30, Batch 350/3348, Loss: 0.0557
2025-10-09 16:54:32,077 [INFO] Época 24/30, Batch 400/3348, Loss: 0.0678
2025-10-09 16:54:32,347 [INFO] Época 24/30, Batch 450/3348, Loss: 0.0511
2025-10-09 16:54:32,620 [INFO] Época 24/30, Batch 500/3348, Loss: 0.0609
2025-10-09 16:54:32,889 [INFO] Época 24/30, Batch 550/3348, Loss: 0.0612
2025-10-09 16:54:33,159 [INFO] Época 24/30, Batch 600/3348, Loss: 0.0554
2025-10-09 16:54:33,428 [INFO] Época 24/30, Batch 650/3348, Loss: 0.0516
2025-10-09 16:54:33,697 [INFO] Época 24/30, Batch 700/3348, Loss: 0.0493
2025-10-09 16:54:33,964 [INFO] Época 24/30, Batch 750/3348, Loss: 0.0478
2025-10-09 16:54:34,233 [INFO] Época 24/30, Batch 800/3348, Loss: 0.0500
2025-10-09 16:54:34,498 [INFO] Época 24/30, Batch 850/3348, Loss: 0.0660
2025-10-09 16:54:34,761 [INFO] Época 24/30, Batch 900/3348, Loss: 0.0510
2025-10-09 16:54:35,025 [INFO] Época 24/30, Batch 950/3348, Loss: 0.0489
2025-10-09 16:54:35,286 [INFO] Época 24/30, Batch 1000/3348, Loss: 0.0874
2025-10-09 16:54:35,548 [INFO] Época 24/30, Batch 1050/3348, Loss: 0.0632
2025-10-09 16:54:35,807 [INFO] Época 24/30, Batch 1100/3348, Loss: 0.0717
2025-10-09 16:54:36,070 [INFO] Época 24/30, Batch 1150/3348, Loss: 0.0592
2025-10-09 16:54:36,331 [INFO] Época 24/30, Batch 1200/3348, Loss: 0.0591
2025-10-09 16:54:36,593 [INFO] Época 24/30, Batch 1250/3348, Loss: 0.0756
2025-10-09 16:54:36,854 [INFO] Época 24/30, Batch 1300/3348, Loss: 0.0688
2025-10-09 16:54:37,122 [INFO] Época 24/30, Batch 1350/3348, Loss: 0.0925
2025-10-09 16:54:37,389 [INFO] Época 24/30, Batch 1400/3348, Loss: 0.0523
2025-10-09 16:54:37,658 [INFO] Época 24/30, Batch 1450/3348, Loss: 0.0772
2025-10-09 16:54:37,925 [INFO] Época 24/30, Batch 1500/3348, Loss: 0.0374
2025-10-09 16:54:38,196 [INFO] Época 24/30, Batch 1550/3348, Loss: 0.0656
2025-10-09 16:54:38,464 [INFO] Época 24/30, Batch 1600/3348, Loss: 0.0570
2025-10-09 16:54:38,734 [INFO] Época 24/30, Batch 1650/3348, Loss: 0.0471
2025-10-09 16:54:39,004 [INFO] Época 24/30, Batch 1700/3348, Loss: 0.0700
2025-10-09 16:54:39,270 [INFO] Época 24/30, Batch 1750/3348, Loss: 0.0582
2025-10-09 16:54:39,540 [INFO] Época 24/30, Batch 1800/3348, Loss: 0.0488
2025-10-09 16:54:39,811 [INFO] Época 24/30, Batch 1850/3348, Loss: 0.0581
2025-10-09 16:54:40,082 [INFO] Época 24/30, Batch 1900/3348, Loss: 0.0850
2025-10-09 16:54:40,350 [INFO] Época 24/30, Batch 1950/3348, Loss: 0.0612
2025-10-09 16:54:40,615 [INFO] Época 24/30, Batch 2000/3348, Loss: 0.1200
2025-10-09 16:54:40,884 [INFO] Época 24/30, Batch 2050/3348, Loss: 0.0648
2025-10-09 16:54:41,151 [INFO] Época 24/30, Batch 2100/3348, Loss: 0.0659
2025-10-09 16:54:41,415 [INFO] Época 24/30, Batch 2150/3348, Loss: 0.0643
2025-10-09 16:54:41,681 [INFO] Época 24/30, Batch 2200/3348, Loss: 0.0637
2025-10-09 16:54:41,946 [INFO] Época 24/30, Batch 2250/3348, Loss: 0.0503
2025-10-09 16:54:42,213 [INFO] Época 24/30, Batch 2300/3348, Loss: 0.0531
2025-10-09 16:54:42,478 [INFO] Época 24/30, Batch 2350/3348, Loss: 0.0754
2025-10-09 16:54:42,743 [INFO] Época 24/30, Batch 2400/3348, Loss: 0.0720
2025-10-09 16:54:43,010 [INFO] Época 24/30, Batch 2450/3348, Loss: 0.0637
2025-10-09 16:54:43,275 [INFO] Época 24/30, Batch 2500/3348, Loss: 0.0613
2025-10-09 16:54:43,540 [INFO] Época 24/30, Batch 2550/3348, Loss: 0.0629
2025-10-09 16:54:43,806 [INFO] Época 24/30, Batch 2600/3348, Loss: 0.0516
2025-10-09 16:54:44,075 [INFO] Época 24/30, Batch 2650/3348, Loss: 0.0731
2025-10-09 16:54:44,342 [INFO] Época 24/30, Batch 2700/3348, Loss: 0.0616
2025-10-09 16:54:44,617 [INFO] Época 24/30, Batch 2750/3348, Loss: 0.0516
2025-10-09 16:54:44,893 [INFO] Época 24/30, Batch 2800/3348, Loss: 0.0590
2025-10-09 16:54:45,168 [INFO] Época 24/30, Batch 2850/3348, Loss: 0.0506
2025-10-09 16:54:45,445 [INFO] Época 24/30, Batch 2900/3348, Loss: 0.0649
2025-10-09 16:54:45,721 [INFO] Época 24/30, Batch 2950/3348, Loss: 0.0398
2025-10-09 16:54:45,986 [INFO] Época 24/30, Batch 3000/3348, Loss: 0.0482
2025-10-09 16:54:46,250 [INFO] Época 24/30, Batch 3050/3348, Loss: 0.0437
2025-10-09 16:54:46,512 [INFO] Época 24/30, Batch 3100/3348, Loss: 0.0673
2025-10-09 16:54:46,776 [INFO] Época 24/30, Batch 3150/3348, Loss: 0.0506
2025-10-09 16:54:47,050 [INFO] Época 24/30, Batch 3200/3348, Loss: 0.0490
2025-10-09 16:54:47,315 [INFO] Época 24/30, Batch 3250/3348, Loss: 0.0719
2025-10-09 16:54:47,582 [INFO] Época 24/30, Batch 3300/3348, Loss: 0.0669
2025-10-09 16:54:49,236 [INFO] [24/30] Train Loss: 0.0662 | Val Loss: 0.0642 | Tempo: 19.53s
2025-10-09 16:54:49,746 [INFO] Época 25/30, Batch 50/3348, Loss: 0.0571
2025-10-09 16:54:50,034 [INFO] Época 25/30, Batch 100/3348, Loss: 0.0626
2025-10-09 16:54:50,325 [INFO] Época 25/30, Batch 150/3348, Loss: 0.0689
2025-10-09 16:54:50,615 [INFO] Época 25/30, Batch 200/3348, Loss: 0.0584
2025-10-09 16:54:50,900 [INFO] Época 25/30, Batch 250/3348, Loss: 0.0455
2025-10-09 16:54:51,188 [INFO] Época 25/30, Batch 300/3348, Loss: 0.0359
2025-10-09 16:54:51,475 [INFO] Época 25/30, Batch 350/3348, Loss: 0.0710
2025-10-09 16:54:51,746 [INFO] Época 25/30, Batch 400/3348, Loss: 0.0627
2025-10-09 16:54:52,013 [INFO] Época 25/30, Batch 450/3348, Loss: 0.0489
2025-10-09 16:54:52,286 [INFO] Época 25/30, Batch 500/3348, Loss: 0.0510
2025-10-09 16:54:52,571 [INFO] Época 25/30, Batch 550/3348, Loss: 0.0481
2025-10-09 16:54:52,859 [INFO] Época 25/30, Batch 600/3348, Loss: 0.0476
2025-10-09 16:54:53,145 [INFO] Época 25/30, Batch 650/3348, Loss: 0.0761
2025-10-09 16:54:53,433 [INFO] Época 25/30, Batch 700/3348, Loss: 0.0439
2025-10-09 16:54:53,721 [INFO] Época 25/30, Batch 750/3348, Loss: 0.0452
2025-10-09 16:54:54,005 [INFO] Época 25/30, Batch 800/3348, Loss: 0.0519
2025-10-09 16:54:54,288 [INFO] Época 25/30, Batch 850/3348, Loss: 0.0398
2025-10-09 16:54:54,571 [INFO] Época 25/30, Batch 900/3348, Loss: 0.0409
2025-10-09 16:54:54,857 [INFO] Época 25/30, Batch 950/3348, Loss: 0.0560
2025-10-09 16:54:55,142 [INFO] Época 25/30, Batch 1000/3348, Loss: 0.0446
2025-10-09 16:54:55,429 [INFO] Época 25/30, Batch 1050/3348, Loss: 0.0689
2025-10-09 16:54:55,714 [INFO] Época 25/30, Batch 1100/3348, Loss: 0.0458
2025-10-09 16:54:56,001 [INFO] Época 25/30, Batch 1150/3348, Loss: 0.0601
2025-10-09 16:54:56,288 [INFO] Época 25/30, Batch 1200/3348, Loss: 0.0526
2025-10-09 16:54:56,574 [INFO] Época 25/30, Batch 1250/3348, Loss: 0.0554
2025-10-09 16:54:56,863 [INFO] Época 25/30, Batch 1300/3348, Loss: 0.0416
2025-10-09 16:54:57,148 [INFO] Época 25/30, Batch 1350/3348, Loss: 0.0687
2025-10-09 16:54:57,433 [INFO] Época 25/30, Batch 1400/3348, Loss: 0.0623
2025-10-09 16:54:57,717 [INFO] Época 25/30, Batch 1450/3348, Loss: 0.0592
2025-10-09 16:54:57,996 [INFO] Época 25/30, Batch 1500/3348, Loss: 0.1434
2025-10-09 16:54:58,262 [INFO] Época 25/30, Batch 1550/3348, Loss: 0.0568
2025-10-09 16:54:58,529 [INFO] Época 25/30, Batch 1600/3348, Loss: 0.0525
2025-10-09 16:54:58,798 [INFO] Época 25/30, Batch 1650/3348, Loss: 0.0581
2025-10-09 16:54:59,064 [INFO] Época 25/30, Batch 1700/3348, Loss: 0.0594
2025-10-09 16:54:59,332 [INFO] Época 25/30, Batch 1750/3348, Loss: 0.0487
2025-10-09 16:54:59,600 [INFO] Época 25/30, Batch 1800/3348, Loss: 0.0504
2025-10-09 16:54:59,867 [INFO] Época 25/30, Batch 1850/3348, Loss: 0.0757
2025-10-09 16:55:00,134 [INFO] Época 25/30, Batch 1900/3348, Loss: 0.2510
2025-10-09 16:55:00,401 [INFO] Época 25/30, Batch 1950/3348, Loss: 0.0567
2025-10-09 16:55:00,670 [INFO] Época 25/30, Batch 2000/3348, Loss: 0.0507
2025-10-09 16:55:00,938 [INFO] Época 25/30, Batch 2050/3348, Loss: 0.0545
2025-10-09 16:55:01,206 [INFO] Época 25/30, Batch 2100/3348, Loss: 0.0465
2025-10-09 16:55:01,472 [INFO] Época 25/30, Batch 2150/3348, Loss: 0.0569
2025-10-09 16:55:01,737 [INFO] Época 25/30, Batch 2200/3348, Loss: 0.0551
2025-10-09 16:55:02,003 [INFO] Época 25/30, Batch 2250/3348, Loss: 0.0566
2025-10-09 16:55:02,269 [INFO] Época 25/30, Batch 2300/3348, Loss: 0.0621
2025-10-09 16:55:02,537 [INFO] Época 25/30, Batch 2350/3348, Loss: 0.0605
2025-10-09 16:55:02,805 [INFO] Época 25/30, Batch 2400/3348, Loss: 0.0565
2025-10-09 16:55:03,073 [INFO] Época 25/30, Batch 2450/3348, Loss: 0.0627
2025-10-09 16:55:03,340 [INFO] Época 25/30, Batch 2500/3348, Loss: 0.0754
2025-10-09 16:55:03,609 [INFO] Época 25/30, Batch 2550/3348, Loss: 0.0534
2025-10-09 16:55:03,879 [INFO] Época 25/30, Batch 2600/3348, Loss: 0.0561
2025-10-09 16:55:04,146 [INFO] Época 25/30, Batch 2650/3348, Loss: 0.0570
2025-10-09 16:55:04,414 [INFO] Época 25/30, Batch 2700/3348, Loss: 0.0500
2025-10-09 16:55:04,683 [INFO] Época 25/30, Batch 2750/3348, Loss: 0.0560
2025-10-09 16:55:04,952 [INFO] Época 25/30, Batch 2800/3348, Loss: 0.0591
2025-10-09 16:55:05,220 [INFO] Época 25/30, Batch 2850/3348, Loss: 0.0657
2025-10-09 16:55:05,489 [INFO] Época 25/30, Batch 2900/3348, Loss: 0.0724
2025-10-09 16:55:05,755 [INFO] Época 25/30, Batch 2950/3348, Loss: 0.0611
2025-10-09 16:55:06,023 [INFO] Época 25/30, Batch 3000/3348, Loss: 0.0515
2025-10-09 16:55:06,293 [INFO] Época 25/30, Batch 3050/3348, Loss: 0.0698
2025-10-09 16:55:06,563 [INFO] Época 25/30, Batch 3100/3348, Loss: 0.0654
2025-10-09 16:55:06,833 [INFO] Época 25/30, Batch 3150/3348, Loss: 0.0622
2025-10-09 16:55:07,105 [INFO] Época 25/30, Batch 3200/3348, Loss: 0.0553
2025-10-09 16:55:07,375 [INFO] Época 25/30, Batch 3250/3348, Loss: 0.0466
2025-10-09 16:55:07,645 [INFO] Época 25/30, Batch 3300/3348, Loss: 0.0583
2025-10-09 16:55:09,310 [INFO] [25/30] Train Loss: 0.0650 | Val Loss: 0.0658 | Tempo: 20.07s
2025-10-09 16:55:09,797 [INFO] Época 26/30, Batch 50/3348, Loss: 0.0516
2025-10-09 16:55:10,069 [INFO] Época 26/30, Batch 100/3348, Loss: 0.0516
2025-10-09 16:55:10,338 [INFO] Época 26/30, Batch 150/3348, Loss: 0.0597
2025-10-09 16:55:10,605 [INFO] Época 26/30, Batch 200/3348, Loss: 0.0372
2025-10-09 16:55:10,876 [INFO] Época 26/30, Batch 250/3348, Loss: 0.0568
2025-10-09 16:55:11,143 [INFO] Época 26/30, Batch 300/3348, Loss: 0.0459
2025-10-09 16:55:11,409 [INFO] Época 26/30, Batch 350/3348, Loss: 0.0510
2025-10-09 16:55:11,676 [INFO] Época 26/30, Batch 400/3348, Loss: 0.0538
2025-10-09 16:55:11,953 [INFO] Época 26/30, Batch 450/3348, Loss: 0.0386
2025-10-09 16:55:12,240 [INFO] Época 26/30, Batch 500/3348, Loss: 0.0483
2025-10-09 16:55:12,527 [INFO] Época 26/30, Batch 550/3348, Loss: 0.0590
2025-10-09 16:55:12,811 [INFO] Época 26/30, Batch 600/3348, Loss: 0.0869
2025-10-09 16:55:13,095 [INFO] Época 26/30, Batch 650/3348, Loss: 0.0521
2025-10-09 16:55:13,378 [INFO] Época 26/30, Batch 700/3348, Loss: 0.0709
2025-10-09 16:55:13,663 [INFO] Época 26/30, Batch 750/3348, Loss: 0.0529
2025-10-09 16:55:13,948 [INFO] Época 26/30, Batch 800/3348, Loss: 0.0659
2025-10-09 16:55:14,234 [INFO] Época 26/30, Batch 850/3348, Loss: 0.0600
2025-10-09 16:55:14,517 [INFO] Época 26/30, Batch 900/3348, Loss: 0.0477
2025-10-09 16:55:14,799 [INFO] Época 26/30, Batch 950/3348, Loss: 0.0501
2025-10-09 16:55:15,084 [INFO] Época 26/30, Batch 1000/3348, Loss: 0.0528
2025-10-09 16:55:15,367 [INFO] Época 26/30, Batch 1050/3348, Loss: 0.0536
2025-10-09 16:55:15,649 [INFO] Época 26/30, Batch 1100/3348, Loss: 0.0526
2025-10-09 16:55:15,932 [INFO] Época 26/30, Batch 1150/3348, Loss: 0.0438
2025-10-09 16:55:16,215 [INFO] Época 26/30, Batch 1200/3348, Loss: 0.0904
2025-10-09 16:55:16,501 [INFO] Época 26/30, Batch 1250/3348, Loss: 0.0472
2025-10-09 16:55:16,785 [INFO] Época 26/30, Batch 1300/3348, Loss: 0.0719
2025-10-09 16:55:17,068 [INFO] Época 26/30, Batch 1350/3348, Loss: 0.0482
2025-10-09 16:55:17,353 [INFO] Época 26/30, Batch 1400/3348, Loss: 0.0523
2025-10-09 16:55:17,637 [INFO] Época 26/30, Batch 1450/3348, Loss: 0.0461
2025-10-09 16:55:17,924 [INFO] Época 26/30, Batch 1500/3348, Loss: 0.0618
2025-10-09 16:55:18,209 [INFO] Época 26/30, Batch 1550/3348, Loss: 0.0502
2025-10-09 16:55:18,493 [INFO] Época 26/30, Batch 1600/3348, Loss: 0.0705
2025-10-09 16:55:18,779 [INFO] Época 26/30, Batch 1650/3348, Loss: 0.0415
2025-10-09 16:55:19,065 [INFO] Época 26/30, Batch 1700/3348, Loss: 0.0546
2025-10-09 16:55:19,351 [INFO] Época 26/30, Batch 1750/3348, Loss: 0.0489
2025-10-09 16:55:19,636 [INFO] Época 26/30, Batch 1800/3348, Loss: 0.0622
2025-10-09 16:55:19,921 [INFO] Época 26/30, Batch 1850/3348, Loss: 0.0523
2025-10-09 16:55:20,204 [INFO] Época 26/30, Batch 1900/3348, Loss: 0.0557
2025-10-09 16:55:20,490 [INFO] Época 26/30, Batch 1950/3348, Loss: 0.0771
2025-10-09 16:55:20,775 [INFO] Época 26/30, Batch 2000/3348, Loss: 0.0491
2025-10-09 16:55:21,060 [INFO] Época 26/30, Batch 2050/3348, Loss: 0.0692
2025-10-09 16:55:21,330 [INFO] Época 26/30, Batch 2100/3348, Loss: 0.0628
2025-10-09 16:55:21,589 [INFO] Época 26/30, Batch 2150/3348, Loss: 0.0648
2025-10-09 16:55:21,854 [INFO] Época 26/30, Batch 2200/3348, Loss: 0.0668
2025-10-09 16:55:22,129 [INFO] Época 26/30, Batch 2250/3348, Loss: 0.0515
2025-10-09 16:55:22,407 [INFO] Época 26/30, Batch 2300/3348, Loss: 0.0612
2025-10-09 16:55:22,686 [INFO] Época 26/30, Batch 2350/3348, Loss: 0.0662
2025-10-09 16:55:22,962 [INFO] Época 26/30, Batch 2400/3348, Loss: 0.0620
2025-10-09 16:55:23,235 [INFO] Época 26/30, Batch 2450/3348, Loss: 0.0514
2025-10-09 16:55:23,509 [INFO] Época 26/30, Batch 2500/3348, Loss: 0.3730
2025-10-09 16:55:23,789 [INFO] Época 26/30, Batch 2550/3348, Loss: 0.0575
2025-10-09 16:55:24,073 [INFO] Época 26/30, Batch 2600/3348, Loss: 0.0674
2025-10-09 16:55:24,357 [INFO] Época 26/30, Batch 2650/3348, Loss: 0.0514
2025-10-09 16:55:24,640 [INFO] Época 26/30, Batch 2700/3348, Loss: 0.0564
2025-10-09 16:55:24,922 [INFO] Época 26/30, Batch 2750/3348, Loss: 0.0608
2025-10-09 16:55:25,206 [INFO] Época 26/30, Batch 2800/3348, Loss: 0.0468
2025-10-09 16:55:25,483 [INFO] Época 26/30, Batch 2850/3348, Loss: 0.0926
2025-10-09 16:55:25,760 [INFO] Época 26/30, Batch 2900/3348, Loss: 0.0521
2025-10-09 16:55:26,037 [INFO] Época 26/30, Batch 2950/3348, Loss: 0.0650
2025-10-09 16:55:26,314 [INFO] Época 26/30, Batch 3000/3348, Loss: 0.0572
2025-10-09 16:55:26,592 [INFO] Época 26/30, Batch 3050/3348, Loss: 0.0812
2025-10-09 16:55:26,860 [INFO] Época 26/30, Batch 3100/3348, Loss: 0.0749
2025-10-09 16:55:27,127 [INFO] Época 26/30, Batch 3150/3348, Loss: 0.0620
2025-10-09 16:55:27,405 [INFO] Época 26/30, Batch 3200/3348, Loss: 0.0657
2025-10-09 16:55:27,682 [INFO] Época 26/30, Batch 3250/3348, Loss: 0.0648
2025-10-09 16:55:27,960 [INFO] Época 26/30, Batch 3300/3348, Loss: 0.0600
2025-10-09 16:55:29,694 [INFO] [26/30] Train Loss: 0.0645 | Val Loss: 0.0625 | Tempo: 20.38s
2025-10-09 16:55:30,185 [INFO] Época 27/30, Batch 50/3348, Loss: 0.0477
2025-10-09 16:55:30,451 [INFO] Época 27/30, Batch 100/3348, Loss: 0.0783
2025-10-09 16:55:30,716 [INFO] Época 27/30, Batch 150/3348, Loss: 0.0521
2025-10-09 16:55:30,982 [INFO] Época 27/30, Batch 200/3348, Loss: 0.0572
2025-10-09 16:55:31,246 [INFO] Época 27/30, Batch 250/3348, Loss: 0.0610
2025-10-09 16:55:31,506 [INFO] Época 27/30, Batch 300/3348, Loss: 0.0431
2025-10-09 16:55:31,770 [INFO] Época 27/30, Batch 350/3348, Loss: 0.0480
2025-10-09 16:55:32,031 [INFO] Época 27/30, Batch 400/3348, Loss: 0.0589
2025-10-09 16:55:32,293 [INFO] Época 27/30, Batch 450/3348, Loss: 0.0530
2025-10-09 16:55:32,554 [INFO] Época 27/30, Batch 500/3348, Loss: 0.0566
2025-10-09 16:55:32,817 [INFO] Época 27/30, Batch 550/3348, Loss: 0.0617
2025-10-09 16:55:33,079 [INFO] Época 27/30, Batch 600/3348, Loss: 0.0468
2025-10-09 16:55:33,342 [INFO] Época 27/30, Batch 650/3348, Loss: 0.0463
2025-10-09 16:55:33,602 [INFO] Época 27/30, Batch 700/3348, Loss: 0.0489
2025-10-09 16:55:33,873 [INFO] Época 27/30, Batch 750/3348, Loss: 0.0660
2025-10-09 16:55:34,134 [INFO] Época 27/30, Batch 800/3348, Loss: 0.0838
2025-10-09 16:55:34,409 [INFO] Época 27/30, Batch 850/3348, Loss: 0.0471
2025-10-09 16:55:34,694 [INFO] Época 27/30, Batch 900/3348, Loss: 0.0596
2025-10-09 16:55:34,958 [INFO] Época 27/30, Batch 950/3348, Loss: 0.0653
2025-10-09 16:55:35,250 [INFO] Época 27/30, Batch 1000/3348, Loss: 0.0433
2025-10-09 16:55:35,518 [INFO] Época 27/30, Batch 1050/3348, Loss: 0.0476
2025-10-09 16:55:35,801 [INFO] Época 27/30, Batch 1100/3348, Loss: 0.0564
2025-10-09 16:55:36,086 [INFO] Época 27/30, Batch 1150/3348, Loss: 0.0501
2025-10-09 16:55:36,374 [INFO] Época 27/30, Batch 1200/3348, Loss: 0.0443
2025-10-09 16:55:36,658 [INFO] Época 27/30, Batch 1250/3348, Loss: 0.0645
2025-10-09 16:55:36,944 [INFO] Época 27/30, Batch 1300/3348, Loss: 0.0508
2025-10-09 16:55:37,229 [INFO] Época 27/30, Batch 1350/3348, Loss: 0.0764
2025-10-09 16:55:37,514 [INFO] Época 27/30, Batch 1400/3348, Loss: 0.0594
2025-10-09 16:55:37,798 [INFO] Época 27/30, Batch 1450/3348, Loss: 0.0633
2025-10-09 16:55:38,078 [INFO] Época 27/30, Batch 1500/3348, Loss: 0.0507
2025-10-09 16:55:38,347 [INFO] Época 27/30, Batch 1550/3348, Loss: 0.0544
2025-10-09 16:55:38,614 [INFO] Época 27/30, Batch 1600/3348, Loss: 0.0362
2025-10-09 16:55:38,888 [INFO] Época 27/30, Batch 1650/3348, Loss: 0.0608
2025-10-09 16:55:39,155 [INFO] Época 27/30, Batch 1700/3348, Loss: 0.0522
2025-10-09 16:55:39,435 [INFO] Época 27/30, Batch 1750/3348, Loss: 0.0497
2025-10-09 16:55:39,711 [INFO] Época 27/30, Batch 1800/3348, Loss: 0.0446
2025-10-09 16:55:39,977 [INFO] Época 27/30, Batch 1850/3348, Loss: 0.0618
2025-10-09 16:55:40,244 [INFO] Época 27/30, Batch 1900/3348, Loss: 0.0582
2025-10-09 16:55:40,512 [INFO] Época 27/30, Batch 1950/3348, Loss: 0.0684
2025-10-09 16:55:40,790 [INFO] Época 27/30, Batch 2000/3348, Loss: 0.0562
2025-10-09 16:55:41,076 [INFO] Época 27/30, Batch 2050/3348, Loss: 0.0725
2025-10-09 16:55:41,359 [INFO] Época 27/30, Batch 2100/3348, Loss: 0.0527
2025-10-09 16:55:41,642 [INFO] Época 27/30, Batch 2150/3348, Loss: 0.0540
2025-10-09 16:55:41,914 [INFO] Época 27/30, Batch 2200/3348, Loss: 0.0409
2025-10-09 16:55:42,200 [INFO] Época 27/30, Batch 2250/3348, Loss: 0.0650
2025-10-09 16:55:42,486 [INFO] Época 27/30, Batch 2300/3348, Loss: 0.0594
2025-10-09 16:55:42,769 [INFO] Época 27/30, Batch 2350/3348, Loss: 0.0713
2025-10-09 16:55:43,053 [INFO] Época 27/30, Batch 2400/3348, Loss: 0.0463
2025-10-09 16:55:43,327 [INFO] Época 27/30, Batch 2450/3348, Loss: 0.0589
2025-10-09 16:55:43,594 [INFO] Época 27/30, Batch 2500/3348, Loss: 0.0597
2025-10-09 16:55:43,860 [INFO] Época 27/30, Batch 2550/3348, Loss: 0.0500
2025-10-09 16:55:44,125 [INFO] Época 27/30, Batch 2600/3348, Loss: 0.0675
2025-10-09 16:55:44,390 [INFO] Época 27/30, Batch 2650/3348, Loss: 0.0570
2025-10-09 16:55:44,654 [INFO] Época 27/30, Batch 2700/3348, Loss: 0.0776
2025-10-09 16:55:44,922 [INFO] Época 27/30, Batch 2750/3348, Loss: 0.0562
2025-10-09 16:55:45,190 [INFO] Época 27/30, Batch 2800/3348, Loss: 0.0625
2025-10-09 16:55:45,474 [INFO] Época 27/30, Batch 2850/3348, Loss: 0.0540
2025-10-09 16:55:45,758 [INFO] Época 27/30, Batch 2900/3348, Loss: 0.0445
2025-10-09 16:55:46,041 [INFO] Época 27/30, Batch 2950/3348, Loss: 0.0508
2025-10-09 16:55:46,325 [INFO] Época 27/30, Batch 3000/3348, Loss: 0.0663
2025-10-09 16:55:46,608 [INFO] Época 27/30, Batch 3050/3348, Loss: 0.0533
2025-10-09 16:55:46,894 [INFO] Época 27/30, Batch 3100/3348, Loss: 0.0761
2025-10-09 16:55:47,177 [INFO] Época 27/30, Batch 3150/3348, Loss: 0.0589
2025-10-09 16:55:47,470 [INFO] Época 27/30, Batch 3200/3348, Loss: 0.0576
2025-10-09 16:55:47,762 [INFO] Época 27/30, Batch 3250/3348, Loss: 0.0543
2025-10-09 16:55:48,054 [INFO] Época 27/30, Batch 3300/3348, Loss: 0.0519
2025-10-09 16:55:49,863 [INFO] [27/30] Train Loss: 0.0636 | Val Loss: 0.0647 | Tempo: 20.17s
2025-10-09 16:55:50,377 [INFO] Época 28/30, Batch 50/3348, Loss: 0.0578
2025-10-09 16:55:50,665 [INFO] Época 28/30, Batch 100/3348, Loss: 0.0547
2025-10-09 16:55:50,951 [INFO] Época 28/30, Batch 150/3348, Loss: 0.0735
2025-10-09 16:55:51,239 [INFO] Época 28/30, Batch 200/3348, Loss: 0.0587
2025-10-09 16:55:51,525 [INFO] Época 28/30, Batch 250/3348, Loss: 0.0385
2025-10-09 16:55:51,812 [INFO] Época 28/30, Batch 300/3348, Loss: 0.0430
2025-10-09 16:55:52,097 [INFO] Época 28/30, Batch 350/3348, Loss: 0.2195
2025-10-09 16:55:52,382 [INFO] Época 28/30, Batch 400/3348, Loss: 0.0515
2025-10-09 16:55:52,667 [INFO] Época 28/30, Batch 450/3348, Loss: 0.0551
2025-10-09 16:55:52,946 [INFO] Época 28/30, Batch 500/3348, Loss: 0.0617
2025-10-09 16:55:53,214 [INFO] Época 28/30, Batch 550/3348, Loss: 0.0566
2025-10-09 16:55:53,483 [INFO] Época 28/30, Batch 600/3348, Loss: 0.0583
2025-10-09 16:55:53,756 [INFO] Época 28/30, Batch 650/3348, Loss: 0.0631
2025-10-09 16:55:54,030 [INFO] Época 28/30, Batch 700/3348, Loss: 0.0401
2025-10-09 16:55:54,303 [INFO] Época 28/30, Batch 750/3348, Loss: 0.0510
2025-10-09 16:55:54,570 [INFO] Época 28/30, Batch 800/3348, Loss: 0.0614
2025-10-09 16:55:54,838 [INFO] Época 28/30, Batch 850/3348, Loss: 0.0676
2025-10-09 16:55:55,105 [INFO] Época 28/30, Batch 900/3348, Loss: 0.0515
2025-10-09 16:55:55,373 [INFO] Época 28/30, Batch 950/3348, Loss: 0.0535
2025-10-09 16:55:55,640 [INFO] Época 28/30, Batch 1000/3348, Loss: 0.0550
2025-10-09 16:55:55,909 [INFO] Época 28/30, Batch 1050/3348, Loss: 0.0721
2025-10-09 16:55:56,183 [INFO] Época 28/30, Batch 1100/3348, Loss: 0.0442
2025-10-09 16:55:56,455 [INFO] Época 28/30, Batch 1150/3348, Loss: 0.0441
2025-10-09 16:55:56,726 [INFO] Época 28/30, Batch 1200/3348, Loss: 0.0567
2025-10-09 16:55:56,999 [INFO] Época 28/30, Batch 1250/3348, Loss: 0.0487
2025-10-09 16:55:57,271 [INFO] Época 28/30, Batch 1300/3348, Loss: 0.0580
2025-10-09 16:55:57,546 [INFO] Época 28/30, Batch 1350/3348, Loss: 0.0611
2025-10-09 16:55:57,819 [INFO] Época 28/30, Batch 1400/3348, Loss: 0.0559
2025-10-09 16:55:58,087 [INFO] Época 28/30, Batch 1450/3348, Loss: 0.0663
2025-10-09 16:55:58,351 [INFO] Época 28/30, Batch 1500/3348, Loss: 0.0517
2025-10-09 16:55:58,622 [INFO] Época 28/30, Batch 1550/3348, Loss: 0.0604
2025-10-09 16:55:58,899 [INFO] Época 28/30, Batch 1600/3348, Loss: 0.0518
2025-10-09 16:55:59,167 [INFO] Época 28/30, Batch 1650/3348, Loss: 0.0515
2025-10-09 16:55:59,441 [INFO] Época 28/30, Batch 1700/3348, Loss: 0.0663
2025-10-09 16:55:59,714 [INFO] Época 28/30, Batch 1750/3348, Loss: 0.0534
2025-10-09 16:55:59,979 [INFO] Época 28/30, Batch 1800/3348, Loss: 0.0454
2025-10-09 16:56:00,249 [INFO] Época 28/30, Batch 1850/3348, Loss: 0.0503
2025-10-09 16:56:00,522 [INFO] Época 28/30, Batch 1900/3348, Loss: 0.0639
2025-10-09 16:56:00,791 [INFO] Época 28/30, Batch 1950/3348, Loss: 0.0554
2025-10-09 16:56:01,059 [INFO] Época 28/30, Batch 2000/3348, Loss: 0.0482
2025-10-09 16:56:01,325 [INFO] Época 28/30, Batch 2050/3348, Loss: 0.0589
2025-10-09 16:56:01,591 [INFO] Época 28/30, Batch 2100/3348, Loss: 0.0585
2025-10-09 16:56:01,856 [INFO] Época 28/30, Batch 2150/3348, Loss: 0.0557
2025-10-09 16:56:02,121 [INFO] Época 28/30, Batch 2200/3348, Loss: 0.0635
2025-10-09 16:56:02,386 [INFO] Época 28/30, Batch 2250/3348, Loss: 0.0905
2025-10-09 16:56:02,651 [INFO] Época 28/30, Batch 2300/3348, Loss: 0.0725
2025-10-09 16:56:02,918 [INFO] Época 28/30, Batch 2350/3348, Loss: 0.0468
2025-10-09 16:56:03,182 [INFO] Época 28/30, Batch 2400/3348, Loss: 0.0437
2025-10-09 16:56:03,448 [INFO] Época 28/30, Batch 2450/3348, Loss: 0.0385
2025-10-09 16:56:03,718 [INFO] Época 28/30, Batch 2500/3348, Loss: 0.0742
2025-10-09 16:56:03,985 [INFO] Época 28/30, Batch 2550/3348, Loss: 0.0707
2025-10-09 16:56:04,253 [INFO] Época 28/30, Batch 2600/3348, Loss: 0.0690
2025-10-09 16:56:04,523 [INFO] Época 28/30, Batch 2650/3348, Loss: 0.0625
2025-10-09 16:56:04,786 [INFO] Época 28/30, Batch 2700/3348, Loss: 0.0436
2025-10-09 16:56:05,050 [INFO] Época 28/30, Batch 2750/3348, Loss: 0.0660
2025-10-09 16:56:05,316 [INFO] Época 28/30, Batch 2800/3348, Loss: 0.0641
2025-10-09 16:56:05,582 [INFO] Época 28/30, Batch 2850/3348, Loss: 0.0524
2025-10-09 16:56:05,848 [INFO] Época 28/30, Batch 2900/3348, Loss: 0.0582
2025-10-09 16:56:06,113 [INFO] Época 28/30, Batch 2950/3348, Loss: 0.0474
2025-10-09 16:56:06,378 [INFO] Época 28/30, Batch 3000/3348, Loss: 0.0393
2025-10-09 16:56:06,644 [INFO] Época 28/30, Batch 3050/3348, Loss: 0.0662
2025-10-09 16:56:06,910 [INFO] Época 28/30, Batch 3100/3348, Loss: 0.0649
2025-10-09 16:56:07,175 [INFO] Época 28/30, Batch 3150/3348, Loss: 0.0484
2025-10-09 16:56:07,442 [INFO] Época 28/30, Batch 3200/3348, Loss: 0.0269
2025-10-09 16:56:07,706 [INFO] Época 28/30, Batch 3250/3348, Loss: 0.0442
2025-10-09 16:56:07,972 [INFO] Época 28/30, Batch 3300/3348, Loss: 0.0649
2025-10-09 16:56:09,683 [INFO] [28/30] Train Loss: 0.0639 | Val Loss: 0.0649 | Tempo: 19.82s
2025-10-09 16:56:10,173 [INFO] Época 29/30, Batch 50/3348, Loss: 0.0406
2025-10-09 16:56:10,447 [INFO] Época 29/30, Batch 100/3348, Loss: 0.0606
2025-10-09 16:56:10,718 [INFO] Época 29/30, Batch 150/3348, Loss: 0.0556
2025-10-09 16:56:10,985 [INFO] Época 29/30, Batch 200/3348, Loss: 0.0708
2025-10-09 16:56:11,252 [INFO] Época 29/30, Batch 250/3348, Loss: 0.0576
2025-10-09 16:56:11,521 [INFO] Época 29/30, Batch 300/3348, Loss: 0.0615
2025-10-09 16:56:11,788 [INFO] Época 29/30, Batch 350/3348, Loss: 0.0512
2025-10-09 16:56:12,058 [INFO] Época 29/30, Batch 400/3348, Loss: 0.0528
2025-10-09 16:56:12,326 [INFO] Época 29/30, Batch 450/3348, Loss: 0.0449
2025-10-09 16:56:12,598 [INFO] Época 29/30, Batch 500/3348, Loss: 0.0514
2025-10-09 16:56:12,866 [INFO] Época 29/30, Batch 550/3348, Loss: 0.0577
2025-10-09 16:56:13,134 [INFO] Época 29/30, Batch 600/3348, Loss: 0.0710
2025-10-09 16:56:13,401 [INFO] Época 29/30, Batch 650/3348, Loss: 0.0680
2025-10-09 16:56:13,667 [INFO] Época 29/30, Batch 700/3348, Loss: 0.0602
2025-10-09 16:56:13,933 [INFO] Época 29/30, Batch 750/3348, Loss: 0.0490
2025-10-09 16:56:14,197 [INFO] Época 29/30, Batch 800/3348, Loss: 0.0560
2025-10-09 16:56:14,462 [INFO] Época 29/30, Batch 850/3348, Loss: 0.0633
2025-10-09 16:56:14,725 [INFO] Época 29/30, Batch 900/3348, Loss: 0.0679
2025-10-09 16:56:14,989 [INFO] Época 29/30, Batch 950/3348, Loss: 0.0496
2025-10-09 16:56:15,253 [INFO] Época 29/30, Batch 1000/3348, Loss: 0.0655
2025-10-09 16:56:15,510 [INFO] Época 29/30, Batch 1050/3348, Loss: 0.0610
2025-10-09 16:56:15,768 [INFO] Época 29/30, Batch 1100/3348, Loss: 0.0606
2025-10-09 16:56:16,028 [INFO] Época 29/30, Batch 1150/3348, Loss: 0.0382
2025-10-09 16:56:16,295 [INFO] Época 29/30, Batch 1200/3348, Loss: 0.0442
2025-10-09 16:56:16,560 [INFO] Época 29/30, Batch 1250/3348, Loss: 0.0760
2025-10-09 16:56:16,828 [INFO] Época 29/30, Batch 1300/3348, Loss: 0.0505
2025-10-09 16:56:17,098 [INFO] Época 29/30, Batch 1350/3348, Loss: 0.0583
2025-10-09 16:56:17,369 [INFO] Época 29/30, Batch 1400/3348, Loss: 0.0557
2025-10-09 16:56:17,637 [INFO] Época 29/30, Batch 1450/3348, Loss: 0.0536
2025-10-09 16:56:17,903 [INFO] Época 29/30, Batch 1500/3348, Loss: 0.0412
2025-10-09 16:56:18,185 [INFO] Época 29/30, Batch 1550/3348, Loss: 0.0533
2025-10-09 16:56:18,460 [INFO] Época 29/30, Batch 1600/3348, Loss: 0.0632
2025-10-09 16:56:18,728 [INFO] Época 29/30, Batch 1650/3348, Loss: 0.0651
2025-10-09 16:56:18,994 [INFO] Época 29/30, Batch 1700/3348, Loss: 0.0498
2025-10-09 16:56:19,260 [INFO] Época 29/30, Batch 1750/3348, Loss: 0.0430
2025-10-09 16:56:19,526 [INFO] Época 29/30, Batch 1800/3348, Loss: 0.0700
2025-10-09 16:56:19,797 [INFO] Época 29/30, Batch 1850/3348, Loss: 0.0540
2025-10-09 16:56:20,065 [INFO] Época 29/30, Batch 1900/3348, Loss: 0.0648
2025-10-09 16:56:20,332 [INFO] Época 29/30, Batch 1950/3348, Loss: 0.0806
2025-10-09 16:56:20,599 [INFO] Época 29/30, Batch 2000/3348, Loss: 0.0493
2025-10-09 16:56:20,867 [INFO] Época 29/30, Batch 2050/3348, Loss: 0.0474
2025-10-09 16:56:21,133 [INFO] Época 29/30, Batch 2100/3348, Loss: 0.0609
2025-10-09 16:56:21,401 [INFO] Época 29/30, Batch 2150/3348, Loss: 0.0542
2025-10-09 16:56:21,668 [INFO] Época 29/30, Batch 2200/3348, Loss: 0.0597
2025-10-09 16:56:21,936 [INFO] Época 29/30, Batch 2250/3348, Loss: 0.0665
2025-10-09 16:56:22,202 [INFO] Época 29/30, Batch 2300/3348, Loss: 0.0540
2025-10-09 16:56:22,469 [INFO] Época 29/30, Batch 2350/3348, Loss: 0.0717
2025-10-09 16:56:22,735 [INFO] Época 29/30, Batch 2400/3348, Loss: 0.0514
2025-10-09 16:56:23,003 [INFO] Época 29/30, Batch 2450/3348, Loss: 0.0597
2025-10-09 16:56:23,269 [INFO] Época 29/30, Batch 2500/3348, Loss: 0.0724
2025-10-09 16:56:23,537 [INFO] Época 29/30, Batch 2550/3348, Loss: 0.0551
2025-10-09 16:56:23,810 [INFO] Época 29/30, Batch 2600/3348, Loss: 0.0616
2025-10-09 16:56:24,079 [INFO] Época 29/30, Batch 2650/3348, Loss: 0.0647
2025-10-09 16:56:24,352 [INFO] Época 29/30, Batch 2700/3348, Loss: 0.0638
2025-10-09 16:56:24,623 [INFO] Época 29/30, Batch 2750/3348, Loss: 0.0726
2025-10-09 16:56:24,892 [INFO] Época 29/30, Batch 2800/3348, Loss: 0.0598
2025-10-09 16:56:25,159 [INFO] Época 29/30, Batch 2850/3348, Loss: 0.0626
2025-10-09 16:56:25,429 [INFO] Época 29/30, Batch 2900/3348, Loss: 0.0478
2025-10-09 16:56:25,698 [INFO] Época 29/30, Batch 2950/3348, Loss: 0.0495
2025-10-09 16:56:25,967 [INFO] Época 29/30, Batch 3000/3348, Loss: 0.0452
2025-10-09 16:56:26,236 [INFO] Época 29/30, Batch 3050/3348, Loss: 0.0442
2025-10-09 16:56:26,506 [INFO] Época 29/30, Batch 3100/3348, Loss: 0.0620
2025-10-09 16:56:26,773 [INFO] Época 29/30, Batch 3150/3348, Loss: 0.0561
2025-10-09 16:56:27,040 [INFO] Época 29/30, Batch 3200/3348, Loss: 0.0754
2025-10-09 16:56:27,311 [INFO] Época 29/30, Batch 3250/3348, Loss: 0.0501
2025-10-09 16:56:27,583 [INFO] Época 29/30, Batch 3300/3348, Loss: 0.0784
2025-10-09 16:56:29,323 [INFO] [29/30] Train Loss: 0.0632 | Val Loss: 0.0632 | Tempo: 19.64s
2025-10-09 16:56:29,837 [INFO] Época 30/30, Batch 50/3348, Loss: 0.1165
2025-10-09 16:56:30,108 [INFO] Época 30/30, Batch 100/3348, Loss: 0.0722
2025-10-09 16:56:30,376 [INFO] Época 30/30, Batch 150/3348, Loss: 0.0581
2025-10-09 16:56:30,642 [INFO] Época 30/30, Batch 200/3348, Loss: 0.0563
2025-10-09 16:56:30,908 [INFO] Época 30/30, Batch 250/3348, Loss: 0.0645
2025-10-09 16:56:31,173 [INFO] Época 30/30, Batch 300/3348, Loss: 0.0928
2025-10-09 16:56:31,439 [INFO] Época 30/30, Batch 350/3348, Loss: 0.0562
2025-10-09 16:56:31,705 [INFO] Época 30/30, Batch 400/3348, Loss: 0.0560
2025-10-09 16:56:31,971 [INFO] Época 30/30, Batch 450/3348, Loss: 0.0820
2025-10-09 16:56:32,236 [INFO] Época 30/30, Batch 500/3348, Loss: 0.0340
2025-10-09 16:56:32,501 [INFO] Época 30/30, Batch 550/3348, Loss: 0.0554
2025-10-09 16:56:32,766 [INFO] Época 30/30, Batch 600/3348, Loss: 0.0575
2025-10-09 16:56:33,035 [INFO] Época 30/30, Batch 650/3348, Loss: 0.0432
2025-10-09 16:56:33,318 [INFO] Época 30/30, Batch 700/3348, Loss: 0.0615
2025-10-09 16:56:33,621 [INFO] Época 30/30, Batch 750/3348, Loss: 0.0506
2025-10-09 16:56:33,898 [INFO] Época 30/30, Batch 800/3348, Loss: 0.0594
2025-10-09 16:56:34,161 [INFO] Época 30/30, Batch 850/3348, Loss: 0.0564
2025-10-09 16:56:34,427 [INFO] Época 30/30, Batch 900/3348, Loss: 0.1235
2025-10-09 16:56:34,691 [INFO] Época 30/30, Batch 950/3348, Loss: 0.0518
2025-10-09 16:56:34,958 [INFO] Época 30/30, Batch 1000/3348, Loss: 0.0689
2025-10-09 16:56:35,224 [INFO] Época 30/30, Batch 1050/3348, Loss: 0.0500
2025-10-09 16:56:35,504 [INFO] Época 30/30, Batch 1100/3348, Loss: 0.0384
2025-10-09 16:56:35,783 [INFO] Época 30/30, Batch 1150/3348, Loss: 0.0535
2025-10-09 16:56:36,047 [INFO] Época 30/30, Batch 1200/3348, Loss: 0.0673
2025-10-09 16:56:36,311 [INFO] Época 30/30, Batch 1250/3348, Loss: 0.0469
2025-10-09 16:56:36,579 [INFO] Época 30/30, Batch 1300/3348, Loss: 0.0448
2025-10-09 16:56:36,844 [INFO] Época 30/30, Batch 1350/3348, Loss: 0.0749
2025-10-09 16:56:37,110 [INFO] Época 30/30, Batch 1400/3348, Loss: 0.0513
2025-10-09 16:56:37,376 [INFO] Época 30/30, Batch 1450/3348, Loss: 0.0646
2025-10-09 16:56:37,648 [INFO] Época 30/30, Batch 1500/3348, Loss: 0.0726
2025-10-09 16:56:37,932 [INFO] Época 30/30, Batch 1550/3348, Loss: 0.0997
2025-10-09 16:56:38,199 [INFO] Época 30/30, Batch 1600/3348, Loss: 0.0545
2025-10-09 16:56:38,466 [INFO] Época 30/30, Batch 1650/3348, Loss: 0.0586
2025-10-09 16:56:38,746 [INFO] Época 30/30, Batch 1700/3348, Loss: 0.0700
2025-10-09 16:56:39,028 [INFO] Época 30/30, Batch 1750/3348, Loss: 0.0663
2025-10-09 16:56:39,291 [INFO] Época 30/30, Batch 1800/3348, Loss: 0.0616
2025-10-09 16:56:39,569 [INFO] Época 30/30, Batch 1850/3348, Loss: 0.0340
2025-10-09 16:56:39,838 [INFO] Época 30/30, Batch 1900/3348, Loss: 0.0414
2025-10-09 16:56:40,102 [INFO] Época 30/30, Batch 1950/3348, Loss: 0.0654
2025-10-09 16:56:40,369 [INFO] Época 30/30, Batch 2000/3348, Loss: 0.0871
2025-10-09 16:56:40,650 [INFO] Época 30/30, Batch 2050/3348, Loss: 0.0610
2025-10-09 16:56:40,934 [INFO] Época 30/30, Batch 2100/3348, Loss: 0.0657
2025-10-09 16:56:41,217 [INFO] Época 30/30, Batch 2150/3348, Loss: 0.1011
2025-10-09 16:56:41,485 [INFO] Época 30/30, Batch 2200/3348, Loss: 0.0486
2025-10-09 16:56:41,750 [INFO] Época 30/30, Batch 2250/3348, Loss: 0.0744
2025-10-09 16:56:42,016 [INFO] Época 30/30, Batch 2300/3348, Loss: 0.0675
2025-10-09 16:56:42,281 [INFO] Época 30/30, Batch 2350/3348, Loss: 0.0712
2025-10-09 16:56:42,546 [INFO] Época 30/30, Batch 2400/3348, Loss: 0.0604
2025-10-09 16:56:42,812 [INFO] Época 30/30, Batch 2450/3348, Loss: 0.0520
2025-10-09 16:56:43,080 [INFO] Época 30/30, Batch 2500/3348, Loss: 0.0463
2025-10-09 16:56:43,347 [INFO] Época 30/30, Batch 2550/3348, Loss: 0.0490
2025-10-09 16:56:43,613 [INFO] Época 30/30, Batch 2600/3348, Loss: 0.0566
2025-10-09 16:56:43,877 [INFO] Época 30/30, Batch 2650/3348, Loss: 0.0578
2025-10-09 16:56:44,143 [INFO] Época 30/30, Batch 2700/3348, Loss: 0.0536
2025-10-09 16:56:44,408 [INFO] Época 30/30, Batch 2750/3348, Loss: 0.0351
2025-10-09 16:56:44,673 [INFO] Época 30/30, Batch 2800/3348, Loss: 0.0476
2025-10-09 16:56:44,937 [INFO] Época 30/30, Batch 2850/3348, Loss: 0.0565
2025-10-09 16:56:45,202 [INFO] Época 30/30, Batch 2900/3348, Loss: 0.0334
2025-10-09 16:56:45,467 [INFO] Época 30/30, Batch 2950/3348, Loss: 0.0546
2025-10-09 16:56:45,731 [INFO] Época 30/30, Batch 3000/3348, Loss: 0.0445
2025-10-09 16:56:45,997 [INFO] Época 30/30, Batch 3050/3348, Loss: 0.0542
2025-10-09 16:56:46,263 [INFO] Época 30/30, Batch 3100/3348, Loss: 0.0430
2025-10-09 16:56:46,528 [INFO] Época 30/30, Batch 3150/3348, Loss: 0.0671
2025-10-09 16:56:46,794 [INFO] Época 30/30, Batch 3200/3348, Loss: 0.0521
2025-10-09 16:56:47,060 [INFO] Época 30/30, Batch 3250/3348, Loss: 0.0483
2025-10-09 16:56:47,325 [INFO] Época 30/30, Batch 3300/3348, Loss: 0.0469
2025-10-09 16:56:49,063 [INFO] [30/30] Train Loss: 0.0625 | Val Loss: 0.0611 | Tempo: 19.74s
2025-10-09 16:56:49,070 [INFO] Melhor modelo salvo em: /mnt/hdd/home/jdurao/ToolBox-ChemXAI/models/mlp_qm9_CM_att1_large.pth
2025-10-09 16:56:49,071 [INFO] Treinamento concluído em 591.78 segundos (9.86 minutos)
2025-10-09 16:56:49,071 [INFO] Iniciando avaliação no conjunto de teste...
2025-10-09 16:56:50,445 [INFO] Avaliação do teste concluída em 1.37 segundos
2025-10-09 16:56:50,446 [INFO] MSE no teste: 0.0166
2025-10-09 16:56:50,446 [INFO] RMSE no teste: 0.1289
2025-10-09 16:56:50,446 [INFO] MAE no teste: 0.0958
2025-10-09 16:56:50,446 [INFO] Métricas salvas em /mnt/hdd/home/jdurao/ToolBox-ChemXAI/logs/mlp_att1_CM_metrics.json
