2025-10-10 03:17:56,224 [INFO] Iniciando treinamento do modelo mlp_att7_Pattern
2025-10-10 03:17:56,224 [INFO] Configuração: att_index=7, epochs=30, layers=[128, 64, 32], lr=0.001, batch_size=32, descriptor_type=Pattern
2025-10-10 03:17:56,224 [INFO] Diretório para modelos: /mnt/hdd/home/jdurao/ToolBox-ChemXAI/models
2025-10-10 03:17:56,224 [INFO] Carregando dados...
2025-10-10 03:17:56,321 [INFO] Preparando dataloaders sem ruído...
2025-10-10 03:18:12,274 [INFO] Dados carregados em 16.05 segundos
2025-10-10 03:18:12,274 [INFO] Tamanhos dos conjuntos - Treino: 107108, Validação: 13388, Teste: 13389
2025-10-10 03:18:12,274 [INFO] Usando dispositivo: cuda
2025-10-10 03:18:12,652 [INFO] Dimensão de entrada: 512, Dimensão de saída: 1
2025-10-10 03:18:12,653 [INFO] Criando modelo MLP com camadas: [128, 64, 32]
2025-10-10 03:18:12,657 [INFO] Modelo criado com 76033 parâmetros
2025-10-10 03:18:12,660 [INFO] Iniciando treinamento com 30 épocas...
2025-10-10 03:18:13,239 [INFO] Época 1/30, Batch 50/3348, Loss: 0.3903
2025-10-10 03:18:13,521 [INFO] Época 1/30, Batch 100/3348, Loss: 0.3453
2025-10-10 03:18:13,790 [INFO] Época 1/30, Batch 150/3348, Loss: 0.3203
2025-10-10 03:18:14,056 [INFO] Época 1/30, Batch 200/3348, Loss: 0.4044
2025-10-10 03:18:14,322 [INFO] Época 1/30, Batch 250/3348, Loss: 0.2695
2025-10-10 03:18:14,589 [INFO] Época 1/30, Batch 300/3348, Loss: 0.3786
2025-10-10 03:18:14,853 [INFO] Época 1/30, Batch 350/3348, Loss: 0.3911
2025-10-10 03:18:15,118 [INFO] Época 1/30, Batch 400/3348, Loss: 0.3172
2025-10-10 03:18:15,382 [INFO] Época 1/30, Batch 450/3348, Loss: 0.2642
2025-10-10 03:18:15,645 [INFO] Época 1/30, Batch 500/3348, Loss: 0.3550
2025-10-10 03:18:15,916 [INFO] Época 1/30, Batch 550/3348, Loss: 0.2605
2025-10-10 03:18:16,186 [INFO] Época 1/30, Batch 600/3348, Loss: 0.2411
2025-10-10 03:18:16,455 [INFO] Época 1/30, Batch 650/3348, Loss: 0.2505
2025-10-10 03:18:16,723 [INFO] Época 1/30, Batch 700/3348, Loss: 0.2270
2025-10-10 03:18:16,991 [INFO] Época 1/30, Batch 750/3348, Loss: 0.3203
2025-10-10 03:18:17,262 [INFO] Época 1/30, Batch 800/3348, Loss: 0.2540
2025-10-10 03:18:17,532 [INFO] Época 1/30, Batch 850/3348, Loss: 0.2335
2025-10-10 03:18:17,801 [INFO] Época 1/30, Batch 900/3348, Loss: 0.2573
2025-10-10 03:18:18,071 [INFO] Época 1/30, Batch 950/3348, Loss: 0.1895
2025-10-10 03:18:18,341 [INFO] Época 1/30, Batch 1000/3348, Loss: 0.2463
2025-10-10 03:18:18,622 [INFO] Época 1/30, Batch 1050/3348, Loss: 0.3256
2025-10-10 03:18:18,883 [INFO] Época 1/30, Batch 1100/3348, Loss: 0.2777
2025-10-10 03:18:19,145 [INFO] Época 1/30, Batch 1150/3348, Loss: 0.1952
2025-10-10 03:18:19,403 [INFO] Época 1/30, Batch 1200/3348, Loss: 0.1968
2025-10-10 03:18:19,664 [INFO] Época 1/30, Batch 1250/3348, Loss: 0.2506
2025-10-10 03:18:19,925 [INFO] Época 1/30, Batch 1300/3348, Loss: 0.2137
2025-10-10 03:18:20,186 [INFO] Época 1/30, Batch 1350/3348, Loss: 0.2290
2025-10-10 03:18:20,447 [INFO] Época 1/30, Batch 1400/3348, Loss: 0.3168
2025-10-10 03:18:20,709 [INFO] Época 1/30, Batch 1450/3348, Loss: 0.2403
2025-10-10 03:18:20,970 [INFO] Época 1/30, Batch 1500/3348, Loss: 0.2797
2025-10-10 03:18:21,232 [INFO] Época 1/30, Batch 1550/3348, Loss: 0.1927
2025-10-10 03:18:21,492 [INFO] Época 1/30, Batch 1600/3348, Loss: 0.2770
2025-10-10 03:18:21,752 [INFO] Época 1/30, Batch 1650/3348, Loss: 0.2173
2025-10-10 03:18:22,011 [INFO] Época 1/30, Batch 1700/3348, Loss: 0.2020
2025-10-10 03:18:22,271 [INFO] Época 1/30, Batch 1750/3348, Loss: 0.1915
2025-10-10 03:18:22,534 [INFO] Época 1/30, Batch 1800/3348, Loss: 0.2334
2025-10-10 03:18:22,805 [INFO] Época 1/30, Batch 1850/3348, Loss: 0.2013
2025-10-10 03:18:23,075 [INFO] Época 1/30, Batch 1900/3348, Loss: 0.1763
2025-10-10 03:18:23,345 [INFO] Época 1/30, Batch 1950/3348, Loss: 0.2898
2025-10-10 03:18:23,619 [INFO] Época 1/30, Batch 2000/3348, Loss: 0.2138
2025-10-10 03:18:23,889 [INFO] Época 1/30, Batch 2050/3348, Loss: 0.1950
2025-10-10 03:18:24,159 [INFO] Época 1/30, Batch 2100/3348, Loss: 0.2161
2025-10-10 03:18:24,429 [INFO] Época 1/30, Batch 2150/3348, Loss: 0.3094
2025-10-10 03:18:24,699 [INFO] Época 1/30, Batch 2200/3348, Loss: 0.1958
2025-10-10 03:18:24,970 [INFO] Época 1/30, Batch 2250/3348, Loss: 0.2337
2025-10-10 03:18:25,238 [INFO] Época 1/30, Batch 2300/3348, Loss: 0.1878
2025-10-10 03:18:25,509 [INFO] Época 1/30, Batch 2350/3348, Loss: 0.2402
2025-10-10 03:18:25,779 [INFO] Época 1/30, Batch 2400/3348, Loss: 0.2130
2025-10-10 03:18:26,049 [INFO] Época 1/30, Batch 2450/3348, Loss: 0.1808
2025-10-10 03:18:26,320 [INFO] Época 1/30, Batch 2500/3348, Loss: 0.2188
2025-10-10 03:18:26,591 [INFO] Época 1/30, Batch 2550/3348, Loss: 0.1467
2025-10-10 03:18:26,862 [INFO] Época 1/30, Batch 2600/3348, Loss: 0.2406
2025-10-10 03:18:27,132 [INFO] Época 1/30, Batch 2650/3348, Loss: 0.2316
2025-10-10 03:18:27,401 [INFO] Época 1/30, Batch 2700/3348, Loss: 0.1959
2025-10-10 03:18:27,670 [INFO] Época 1/30, Batch 2750/3348, Loss: 0.1986
2025-10-10 03:18:27,940 [INFO] Época 1/30, Batch 2800/3348, Loss: 0.2393
2025-10-10 03:18:28,211 [INFO] Época 1/30, Batch 2850/3348, Loss: 0.2231
2025-10-10 03:18:28,474 [INFO] Época 1/30, Batch 2900/3348, Loss: 0.3484
2025-10-10 03:18:28,737 [INFO] Época 1/30, Batch 2950/3348, Loss: 0.1845
2025-10-10 03:18:28,998 [INFO] Época 1/30, Batch 3000/3348, Loss: 0.2169
2025-10-10 03:18:29,260 [INFO] Época 1/30, Batch 3050/3348, Loss: 0.2548
2025-10-10 03:18:29,523 [INFO] Época 1/30, Batch 3100/3348, Loss: 0.2453
2025-10-10 03:18:29,784 [INFO] Época 1/30, Batch 3150/3348, Loss: 0.2342
2025-10-10 03:18:30,044 [INFO] Época 1/30, Batch 3200/3348, Loss: 0.1787
2025-10-10 03:18:30,304 [INFO] Época 1/30, Batch 3250/3348, Loss: 0.2095
2025-10-10 03:18:30,566 [INFO] Época 1/30, Batch 3300/3348, Loss: 0.2157
2025-10-10 03:18:32,365 [INFO] [1/30] Train Loss: 0.2557 | Val Loss: 0.1824 | Tempo: 19.70s
2025-10-10 03:18:32,370 [INFO] Melhor modelo salvo em: /mnt/hdd/home/jdurao/ToolBox-ChemXAI/models/mlp_qm9_Pattern_att7_large.pth
2025-10-10 03:18:32,949 [INFO] Época 2/30, Batch 50/3348, Loss: 0.2277
2025-10-10 03:18:33,218 [INFO] Época 2/30, Batch 100/3348, Loss: 0.1786
2025-10-10 03:18:33,492 [INFO] Época 2/30, Batch 150/3348, Loss: 0.1945
2025-10-10 03:18:33,775 [INFO] Época 2/30, Batch 200/3348, Loss: 0.2036
2025-10-10 03:18:34,042 [INFO] Época 2/30, Batch 250/3348, Loss: 0.1631
2025-10-10 03:18:34,310 [INFO] Época 2/30, Batch 300/3348, Loss: 0.1639
2025-10-10 03:18:34,579 [INFO] Época 2/30, Batch 350/3348, Loss: 0.2774
2025-10-10 03:18:34,843 [INFO] Época 2/30, Batch 400/3348, Loss: 0.1568
2025-10-10 03:18:35,108 [INFO] Época 2/30, Batch 450/3348, Loss: 0.2042
2025-10-10 03:18:35,372 [INFO] Época 2/30, Batch 500/3348, Loss: 0.1661
2025-10-10 03:18:35,636 [INFO] Época 2/30, Batch 550/3348, Loss: 0.2276
2025-10-10 03:18:35,911 [INFO] Época 2/30, Batch 600/3348, Loss: 0.1894
2025-10-10 03:18:36,176 [INFO] Época 2/30, Batch 650/3348, Loss: 0.1955
2025-10-10 03:18:36,441 [INFO] Época 2/30, Batch 700/3348, Loss: 0.2773
2025-10-10 03:18:36,718 [INFO] Época 2/30, Batch 750/3348, Loss: 0.1894
2025-10-10 03:18:36,983 [INFO] Época 2/30, Batch 800/3348, Loss: 0.1440
2025-10-10 03:18:37,247 [INFO] Época 2/30, Batch 850/3348, Loss: 0.1737
2025-10-10 03:18:37,510 [INFO] Época 2/30, Batch 900/3348, Loss: 0.2607
2025-10-10 03:18:37,773 [INFO] Época 2/30, Batch 950/3348, Loss: 0.2063
2025-10-10 03:18:38,039 [INFO] Época 2/30, Batch 1000/3348, Loss: 0.1416
2025-10-10 03:18:38,305 [INFO] Época 2/30, Batch 1050/3348, Loss: 0.1405
2025-10-10 03:18:38,572 [INFO] Época 2/30, Batch 1100/3348, Loss: 0.2120
2025-10-10 03:18:38,838 [INFO] Época 2/30, Batch 1150/3348, Loss: 0.2775
2025-10-10 03:18:39,105 [INFO] Época 2/30, Batch 1200/3348, Loss: 0.1614
2025-10-10 03:18:39,369 [INFO] Época 2/30, Batch 1250/3348, Loss: 0.2373
2025-10-10 03:18:39,633 [INFO] Época 2/30, Batch 1300/3348, Loss: 0.1817
2025-10-10 03:18:39,907 [INFO] Época 2/30, Batch 1350/3348, Loss: 0.1928
2025-10-10 03:18:40,182 [INFO] Época 2/30, Batch 1400/3348, Loss: 0.1391
2025-10-10 03:18:40,458 [INFO] Época 2/30, Batch 1450/3348, Loss: 0.2336
2025-10-10 03:18:40,734 [INFO] Época 2/30, Batch 1500/3348, Loss: 0.2121
2025-10-10 03:18:40,997 [INFO] Época 2/30, Batch 1550/3348, Loss: 0.2425
2025-10-10 03:18:41,258 [INFO] Época 2/30, Batch 1600/3348, Loss: 0.1596
2025-10-10 03:18:41,531 [INFO] Época 2/30, Batch 1650/3348, Loss: 0.1501
2025-10-10 03:18:41,797 [INFO] Época 2/30, Batch 1700/3348, Loss: 0.1791
2025-10-10 03:18:42,060 [INFO] Época 2/30, Batch 1750/3348, Loss: 0.2591
2025-10-10 03:18:42,323 [INFO] Época 2/30, Batch 1800/3348, Loss: 0.1735
2025-10-10 03:18:42,588 [INFO] Época 2/30, Batch 1850/3348, Loss: 0.2052
2025-10-10 03:18:42,853 [INFO] Época 2/30, Batch 1900/3348, Loss: 0.1414
2025-10-10 03:18:43,118 [INFO] Época 2/30, Batch 1950/3348, Loss: 0.1902
2025-10-10 03:18:43,380 [INFO] Época 2/30, Batch 2000/3348, Loss: 0.1885
2025-10-10 03:18:43,645 [INFO] Época 2/30, Batch 2050/3348, Loss: 0.1960
2025-10-10 03:18:43,921 [INFO] Época 2/30, Batch 2100/3348, Loss: 0.2204
2025-10-10 03:18:44,184 [INFO] Época 2/30, Batch 2150/3348, Loss: 0.2640
2025-10-10 03:18:44,448 [INFO] Época 2/30, Batch 2200/3348, Loss: 0.1916
2025-10-10 03:18:44,711 [INFO] Época 2/30, Batch 2250/3348, Loss: 0.1512
2025-10-10 03:18:44,974 [INFO] Época 2/30, Batch 2300/3348, Loss: 0.1782
2025-10-10 03:18:45,240 [INFO] Época 2/30, Batch 2350/3348, Loss: 0.1877
2025-10-10 03:18:45,504 [INFO] Época 2/30, Batch 2400/3348, Loss: 0.2305
2025-10-10 03:18:45,766 [INFO] Época 2/30, Batch 2450/3348, Loss: 0.1424
2025-10-10 03:18:46,030 [INFO] Época 2/30, Batch 2500/3348, Loss: 0.1452
2025-10-10 03:18:46,293 [INFO] Época 2/30, Batch 2550/3348, Loss: 0.2003
2025-10-10 03:18:46,557 [INFO] Época 2/30, Batch 2600/3348, Loss: 0.1711
2025-10-10 03:18:46,821 [INFO] Época 2/30, Batch 2650/3348, Loss: 0.2126
2025-10-10 03:18:47,084 [INFO] Época 2/30, Batch 2700/3348, Loss: 0.1575
2025-10-10 03:18:47,346 [INFO] Época 2/30, Batch 2750/3348, Loss: 0.1698
2025-10-10 03:18:47,609 [INFO] Época 2/30, Batch 2800/3348, Loss: 0.2358
2025-10-10 03:18:47,883 [INFO] Época 2/30, Batch 2850/3348, Loss: 0.2495
2025-10-10 03:18:48,159 [INFO] Época 2/30, Batch 2900/3348, Loss: 0.1599
2025-10-10 03:18:48,434 [INFO] Época 2/30, Batch 2950/3348, Loss: 0.1448
2025-10-10 03:18:48,709 [INFO] Época 2/30, Batch 3000/3348, Loss: 0.2532
2025-10-10 03:18:48,996 [INFO] Época 2/30, Batch 3050/3348, Loss: 0.1547
2025-10-10 03:18:49,269 [INFO] Época 2/30, Batch 3100/3348, Loss: 0.1837
2025-10-10 03:18:49,545 [INFO] Época 2/30, Batch 3150/3348, Loss: 0.1581
2025-10-10 03:18:49,819 [INFO] Época 2/30, Batch 3200/3348, Loss: 0.1850
2025-10-10 03:18:50,093 [INFO] Época 2/30, Batch 3250/3348, Loss: 0.1705
2025-10-10 03:18:50,355 [INFO] Época 2/30, Batch 3300/3348, Loss: 0.1896
2025-10-10 03:18:52,148 [INFO] [2/30] Train Loss: 0.2048 | Val Loss: 0.1784 | Tempo: 19.78s
2025-10-10 03:18:52,153 [INFO] Melhor modelo salvo em: /mnt/hdd/home/jdurao/ToolBox-ChemXAI/models/mlp_qm9_Pattern_att7_large.pth
2025-10-10 03:18:52,734 [INFO] Época 3/30, Batch 50/3348, Loss: 0.2020
2025-10-10 03:18:53,014 [INFO] Época 3/30, Batch 100/3348, Loss: 0.1620
2025-10-10 03:18:53,290 [INFO] Época 3/30, Batch 150/3348, Loss: 0.1983
2025-10-10 03:18:53,566 [INFO] Época 3/30, Batch 200/3348, Loss: 0.1160
2025-10-10 03:18:53,838 [INFO] Época 3/30, Batch 250/3348, Loss: 0.1937
2025-10-10 03:18:54,126 [INFO] Época 3/30, Batch 300/3348, Loss: 0.1977
2025-10-10 03:18:54,403 [INFO] Época 3/30, Batch 350/3348, Loss: 0.2034
2025-10-10 03:18:54,665 [INFO] Época 3/30, Batch 400/3348, Loss: 0.1640
2025-10-10 03:18:54,923 [INFO] Época 3/30, Batch 450/3348, Loss: 0.2165
2025-10-10 03:18:55,181 [INFO] Época 3/30, Batch 500/3348, Loss: 0.1714
2025-10-10 03:18:55,440 [INFO] Época 3/30, Batch 550/3348, Loss: 0.1215
2025-10-10 03:18:55,704 [INFO] Época 3/30, Batch 600/3348, Loss: 0.1973
2025-10-10 03:18:55,980 [INFO] Época 3/30, Batch 650/3348, Loss: 0.2019
2025-10-10 03:18:56,253 [INFO] Época 3/30, Batch 700/3348, Loss: 0.1352
2025-10-10 03:18:56,524 [INFO] Época 3/30, Batch 750/3348, Loss: 0.2007
2025-10-10 03:18:56,794 [INFO] Época 3/30, Batch 800/3348, Loss: 0.1475
2025-10-10 03:18:57,066 [INFO] Época 3/30, Batch 850/3348, Loss: 0.1775
2025-10-10 03:18:57,333 [INFO] Época 3/30, Batch 900/3348, Loss: 0.1623
2025-10-10 03:18:57,605 [INFO] Época 3/30, Batch 950/3348, Loss: 0.2281
2025-10-10 03:18:57,875 [INFO] Época 3/30, Batch 1000/3348, Loss: 0.2198
2025-10-10 03:18:58,145 [INFO] Época 3/30, Batch 1050/3348, Loss: 0.2029
2025-10-10 03:18:58,415 [INFO] Época 3/30, Batch 1100/3348, Loss: 0.2145
2025-10-10 03:18:58,686 [INFO] Época 3/30, Batch 1150/3348, Loss: 0.2310
2025-10-10 03:18:58,958 [INFO] Época 3/30, Batch 1200/3348, Loss: 0.1690
2025-10-10 03:18:59,234 [INFO] Época 3/30, Batch 1250/3348, Loss: 0.1816
2025-10-10 03:18:59,496 [INFO] Época 3/30, Batch 1300/3348, Loss: 0.2112
2025-10-10 03:18:59,758 [INFO] Época 3/30, Batch 1350/3348, Loss: 0.1607
2025-10-10 03:19:00,021 [INFO] Época 3/30, Batch 1400/3348, Loss: 0.1212
2025-10-10 03:19:00,283 [INFO] Época 3/30, Batch 1450/3348, Loss: 0.1675
2025-10-10 03:19:00,544 [INFO] Época 3/30, Batch 1500/3348, Loss: 0.1700
2025-10-10 03:19:00,808 [INFO] Época 3/30, Batch 1550/3348, Loss: 0.1425
2025-10-10 03:19:01,070 [INFO] Época 3/30, Batch 1600/3348, Loss: 0.2068
2025-10-10 03:19:01,335 [INFO] Época 3/30, Batch 1650/3348, Loss: 0.1817
2025-10-10 03:19:01,595 [INFO] Época 3/30, Batch 1700/3348, Loss: 0.1523
2025-10-10 03:19:01,858 [INFO] Época 3/30, Batch 1750/3348, Loss: 0.1841
2025-10-10 03:19:02,119 [INFO] Época 3/30, Batch 1800/3348, Loss: 0.1646
2025-10-10 03:19:02,379 [INFO] Época 3/30, Batch 1850/3348, Loss: 0.1304
2025-10-10 03:19:02,640 [INFO] Época 3/30, Batch 1900/3348, Loss: 0.2380
2025-10-10 03:19:02,901 [INFO] Época 3/30, Batch 1950/3348, Loss: 0.1458
2025-10-10 03:19:03,163 [INFO] Época 3/30, Batch 2000/3348, Loss: 0.1947
2025-10-10 03:19:03,425 [INFO] Época 3/30, Batch 2050/3348, Loss: 0.2512
2025-10-10 03:19:03,687 [INFO] Época 3/30, Batch 2100/3348, Loss: 0.2255
2025-10-10 03:19:03,948 [INFO] Época 3/30, Batch 2150/3348, Loss: 0.1488
2025-10-10 03:19:04,210 [INFO] Época 3/30, Batch 2200/3348, Loss: 0.1980
2025-10-10 03:19:04,473 [INFO] Época 3/30, Batch 2250/3348, Loss: 0.2080
2025-10-10 03:19:04,733 [INFO] Época 3/30, Batch 2300/3348, Loss: 0.1531
2025-10-10 03:19:04,993 [INFO] Época 3/30, Batch 2350/3348, Loss: 0.2233
2025-10-10 03:19:05,255 [INFO] Época 3/30, Batch 2400/3348, Loss: 0.1793
2025-10-10 03:19:05,515 [INFO] Época 3/30, Batch 2450/3348, Loss: 0.1909
2025-10-10 03:19:05,776 [INFO] Época 3/30, Batch 2500/3348, Loss: 0.2046
2025-10-10 03:19:06,037 [INFO] Época 3/30, Batch 2550/3348, Loss: 0.2007
2025-10-10 03:19:06,300 [INFO] Época 3/30, Batch 2600/3348, Loss: 0.2178
2025-10-10 03:19:06,562 [INFO] Época 3/30, Batch 2650/3348, Loss: 0.2330
2025-10-10 03:19:06,822 [INFO] Época 3/30, Batch 2700/3348, Loss: 0.2432
2025-10-10 03:19:07,084 [INFO] Época 3/30, Batch 2750/3348, Loss: 0.1618
2025-10-10 03:19:07,345 [INFO] Época 3/30, Batch 2800/3348, Loss: 0.1907
2025-10-10 03:19:07,607 [INFO] Época 3/30, Batch 2850/3348, Loss: 0.2013
2025-10-10 03:19:07,874 [INFO] Época 3/30, Batch 2900/3348, Loss: 0.1832
2025-10-10 03:19:08,137 [INFO] Época 3/30, Batch 2950/3348, Loss: 0.1870
2025-10-10 03:19:08,400 [INFO] Época 3/30, Batch 3000/3348, Loss: 0.1881
2025-10-10 03:19:08,662 [INFO] Época 3/30, Batch 3050/3348, Loss: 0.2239
2025-10-10 03:19:08,924 [INFO] Época 3/30, Batch 3100/3348, Loss: 0.2140
2025-10-10 03:19:09,187 [INFO] Época 3/30, Batch 3150/3348, Loss: 0.1639
2025-10-10 03:19:09,448 [INFO] Época 3/30, Batch 3200/3348, Loss: 0.2116
2025-10-10 03:19:09,710 [INFO] Época 3/30, Batch 3250/3348, Loss: 0.1601
2025-10-10 03:19:09,971 [INFO] Época 3/30, Batch 3300/3348, Loss: 0.2683
2025-10-10 03:19:11,713 [INFO] [3/30] Train Loss: 0.1912 | Val Loss: 0.1704 | Tempo: 19.56s
2025-10-10 03:19:11,719 [INFO] Melhor modelo salvo em: /mnt/hdd/home/jdurao/ToolBox-ChemXAI/models/mlp_qm9_Pattern_att7_large.pth
2025-10-10 03:19:12,297 [INFO] Época 4/30, Batch 50/3348, Loss: 0.1617
2025-10-10 03:19:12,564 [INFO] Época 4/30, Batch 100/3348, Loss: 0.1664
2025-10-10 03:19:12,829 [INFO] Época 4/30, Batch 150/3348, Loss: 0.2050
2025-10-10 03:19:13,093 [INFO] Época 4/30, Batch 200/3348, Loss: 0.1481
2025-10-10 03:19:13,357 [INFO] Época 4/30, Batch 250/3348, Loss: 0.2573
2025-10-10 03:19:13,621 [INFO] Época 4/30, Batch 300/3348, Loss: 0.1642
2025-10-10 03:19:13,885 [INFO] Época 4/30, Batch 350/3348, Loss: 0.2171
2025-10-10 03:19:14,150 [INFO] Época 4/30, Batch 400/3348, Loss: 0.1821
2025-10-10 03:19:14,413 [INFO] Época 4/30, Batch 450/3348, Loss: 0.2397
2025-10-10 03:19:14,676 [INFO] Época 4/30, Batch 500/3348, Loss: 0.1931
2025-10-10 03:19:14,952 [INFO] Época 4/30, Batch 550/3348, Loss: 0.1818
2025-10-10 03:19:15,216 [INFO] Época 4/30, Batch 600/3348, Loss: 0.1937
2025-10-10 03:19:15,480 [INFO] Época 4/30, Batch 650/3348, Loss: 0.2093
2025-10-10 03:19:15,735 [INFO] Época 4/30, Batch 700/3348, Loss: 0.1442
2025-10-10 03:19:15,988 [INFO] Época 4/30, Batch 750/3348, Loss: 0.1314
2025-10-10 03:19:16,249 [INFO] Época 4/30, Batch 800/3348, Loss: 0.1745
2025-10-10 03:19:16,507 [INFO] Época 4/30, Batch 850/3348, Loss: 0.1644
2025-10-10 03:19:16,770 [INFO] Época 4/30, Batch 900/3348, Loss: 0.1560
2025-10-10 03:19:17,032 [INFO] Época 4/30, Batch 950/3348, Loss: 0.2351
2025-10-10 03:19:17,290 [INFO] Época 4/30, Batch 1000/3348, Loss: 0.1869
2025-10-10 03:19:17,549 [INFO] Época 4/30, Batch 1050/3348, Loss: 0.1787
2025-10-10 03:19:17,809 [INFO] Época 4/30, Batch 1100/3348, Loss: 0.2311
2025-10-10 03:19:18,068 [INFO] Época 4/30, Batch 1150/3348, Loss: 0.1523
2025-10-10 03:19:18,332 [INFO] Época 4/30, Batch 1200/3348, Loss: 0.1791
2025-10-10 03:19:18,595 [INFO] Época 4/30, Batch 1250/3348, Loss: 0.1864
2025-10-10 03:19:18,853 [INFO] Época 4/30, Batch 1300/3348, Loss: 0.1458
2025-10-10 03:19:19,115 [INFO] Época 4/30, Batch 1350/3348, Loss: 0.1584
2025-10-10 03:19:19,381 [INFO] Época 4/30, Batch 1400/3348, Loss: 0.1836
2025-10-10 03:19:19,645 [INFO] Época 4/30, Batch 1450/3348, Loss: 0.2875
2025-10-10 03:19:19,909 [INFO] Época 4/30, Batch 1500/3348, Loss: 0.1941
2025-10-10 03:19:20,176 [INFO] Época 4/30, Batch 1550/3348, Loss: 0.1619
2025-10-10 03:19:20,439 [INFO] Época 4/30, Batch 1600/3348, Loss: 0.1646
2025-10-10 03:19:20,702 [INFO] Época 4/30, Batch 1650/3348, Loss: 0.2070
2025-10-10 03:19:20,965 [INFO] Época 4/30, Batch 1700/3348, Loss: 0.1627
2025-10-10 03:19:21,226 [INFO] Época 4/30, Batch 1750/3348, Loss: 0.2462
2025-10-10 03:19:21,488 [INFO] Época 4/30, Batch 1800/3348, Loss: 0.1604
2025-10-10 03:19:21,749 [INFO] Época 4/30, Batch 1850/3348, Loss: 0.1512
2025-10-10 03:19:22,012 [INFO] Época 4/30, Batch 1900/3348, Loss: 0.1613
2025-10-10 03:19:22,275 [INFO] Época 4/30, Batch 1950/3348, Loss: 0.2093
2025-10-10 03:19:22,535 [INFO] Época 4/30, Batch 2000/3348, Loss: 0.1844
2025-10-10 03:19:22,797 [INFO] Época 4/30, Batch 2050/3348, Loss: 0.2094
2025-10-10 03:19:23,060 [INFO] Época 4/30, Batch 2100/3348, Loss: 0.1933
2025-10-10 03:19:23,324 [INFO] Época 4/30, Batch 2150/3348, Loss: 0.1905
2025-10-10 03:19:23,588 [INFO] Época 4/30, Batch 2200/3348, Loss: 0.1823
2025-10-10 03:19:23,849 [INFO] Época 4/30, Batch 2250/3348, Loss: 0.2234
2025-10-10 03:19:24,111 [INFO] Época 4/30, Batch 2300/3348, Loss: 0.1780
2025-10-10 03:19:24,372 [INFO] Época 4/30, Batch 2350/3348, Loss: 0.1730
2025-10-10 03:19:24,635 [INFO] Época 4/30, Batch 2400/3348, Loss: 0.2267
2025-10-10 03:19:24,898 [INFO] Época 4/30, Batch 2450/3348, Loss: 0.2117
2025-10-10 03:19:25,160 [INFO] Época 4/30, Batch 2500/3348, Loss: 0.1823
2025-10-10 03:19:25,424 [INFO] Época 4/30, Batch 2550/3348, Loss: 0.1454
2025-10-10 03:19:25,689 [INFO] Época 4/30, Batch 2600/3348, Loss: 0.1711
2025-10-10 03:19:25,950 [INFO] Época 4/30, Batch 2650/3348, Loss: 0.2112
2025-10-10 03:19:26,212 [INFO] Época 4/30, Batch 2700/3348, Loss: 0.1516
2025-10-10 03:19:26,474 [INFO] Época 4/30, Batch 2750/3348, Loss: 0.1477
2025-10-10 03:19:26,734 [INFO] Época 4/30, Batch 2800/3348, Loss: 0.2418
2025-10-10 03:19:26,996 [INFO] Época 4/30, Batch 2850/3348, Loss: 0.1742
2025-10-10 03:19:27,256 [INFO] Época 4/30, Batch 2900/3348, Loss: 0.2373
2025-10-10 03:19:27,518 [INFO] Época 4/30, Batch 2950/3348, Loss: 0.1759
2025-10-10 03:19:27,780 [INFO] Época 4/30, Batch 3000/3348, Loss: 0.2122
2025-10-10 03:19:28,041 [INFO] Época 4/30, Batch 3050/3348, Loss: 0.2177
2025-10-10 03:19:28,308 [INFO] Época 4/30, Batch 3100/3348, Loss: 0.1271
2025-10-10 03:19:28,577 [INFO] Época 4/30, Batch 3150/3348, Loss: 0.1913
2025-10-10 03:19:28,837 [INFO] Época 4/30, Batch 3200/3348, Loss: 0.1923
2025-10-10 03:19:29,097 [INFO] Época 4/30, Batch 3250/3348, Loss: 0.1615
2025-10-10 03:19:29,360 [INFO] Época 4/30, Batch 3300/3348, Loss: 0.1695
2025-10-10 03:19:31,126 [INFO] [4/30] Train Loss: 0.1825 | Val Loss: 0.1698 | Tempo: 19.41s
2025-10-10 03:19:31,132 [INFO] Melhor modelo salvo em: /mnt/hdd/home/jdurao/ToolBox-ChemXAI/models/mlp_qm9_Pattern_att7_large.pth
2025-10-10 03:19:31,703 [INFO] Época 5/30, Batch 50/3348, Loss: 0.1617
2025-10-10 03:19:31,974 [INFO] Época 5/30, Batch 100/3348, Loss: 0.1994
2025-10-10 03:19:32,241 [INFO] Época 5/30, Batch 150/3348, Loss: 0.1867
2025-10-10 03:19:32,506 [INFO] Época 5/30, Batch 200/3348, Loss: 0.1983
2025-10-10 03:19:32,778 [INFO] Época 5/30, Batch 250/3348, Loss: 0.1548
2025-10-10 03:19:33,045 [INFO] Época 5/30, Batch 300/3348, Loss: 0.1977
2025-10-10 03:19:33,307 [INFO] Época 5/30, Batch 350/3348, Loss: 0.1718
2025-10-10 03:19:33,571 [INFO] Época 5/30, Batch 400/3348, Loss: 0.1441
2025-10-10 03:19:33,836 [INFO] Época 5/30, Batch 450/3348, Loss: 0.1879
2025-10-10 03:19:34,099 [INFO] Época 5/30, Batch 500/3348, Loss: 0.1599
2025-10-10 03:19:34,362 [INFO] Época 5/30, Batch 550/3348, Loss: 0.1713
2025-10-10 03:19:34,624 [INFO] Época 5/30, Batch 600/3348, Loss: 0.1470
2025-10-10 03:19:34,887 [INFO] Época 5/30, Batch 650/3348, Loss: 0.1960
2025-10-10 03:19:35,151 [INFO] Época 5/30, Batch 700/3348, Loss: 0.2066
2025-10-10 03:19:35,407 [INFO] Época 5/30, Batch 750/3348, Loss: 0.1818
2025-10-10 03:19:35,661 [INFO] Época 5/30, Batch 800/3348, Loss: 0.2127
2025-10-10 03:19:35,913 [INFO] Época 5/30, Batch 850/3348, Loss: 0.1307
2025-10-10 03:19:36,166 [INFO] Época 5/30, Batch 900/3348, Loss: 0.1876
2025-10-10 03:19:36,428 [INFO] Época 5/30, Batch 950/3348, Loss: 0.2065
2025-10-10 03:19:36,687 [INFO] Época 5/30, Batch 1000/3348, Loss: 0.2035
2025-10-10 03:19:36,938 [INFO] Época 5/30, Batch 1050/3348, Loss: 0.1644
2025-10-10 03:19:37,190 [INFO] Época 5/30, Batch 1100/3348, Loss: 0.1292
2025-10-10 03:19:37,447 [INFO] Época 5/30, Batch 1150/3348, Loss: 0.1249
2025-10-10 03:19:37,704 [INFO] Época 5/30, Batch 1200/3348, Loss: 0.2583
2025-10-10 03:19:37,954 [INFO] Época 5/30, Batch 1250/3348, Loss: 0.1747
2025-10-10 03:19:38,209 [INFO] Época 5/30, Batch 1300/3348, Loss: 0.1746
2025-10-10 03:19:38,473 [INFO] Época 5/30, Batch 1350/3348, Loss: 0.1287
2025-10-10 03:19:38,734 [INFO] Época 5/30, Batch 1400/3348, Loss: 0.2485
2025-10-10 03:19:38,994 [INFO] Época 5/30, Batch 1450/3348, Loss: 0.2200
2025-10-10 03:19:39,253 [INFO] Época 5/30, Batch 1500/3348, Loss: 0.1330
2025-10-10 03:19:39,512 [INFO] Época 5/30, Batch 1550/3348, Loss: 0.1888
2025-10-10 03:19:39,772 [INFO] Época 5/30, Batch 1600/3348, Loss: 0.1966
2025-10-10 03:19:40,035 [INFO] Época 5/30, Batch 1650/3348, Loss: 0.1896
2025-10-10 03:19:40,298 [INFO] Época 5/30, Batch 1700/3348, Loss: 0.2510
2025-10-10 03:19:40,562 [INFO] Época 5/30, Batch 1750/3348, Loss: 0.1472
2025-10-10 03:19:40,827 [INFO] Época 5/30, Batch 1800/3348, Loss: 0.1723
2025-10-10 03:19:41,091 [INFO] Época 5/30, Batch 1850/3348, Loss: 0.1898
2025-10-10 03:19:41,357 [INFO] Época 5/30, Batch 1900/3348, Loss: 0.2898
2025-10-10 03:19:41,620 [INFO] Época 5/30, Batch 1950/3348, Loss: 0.1466
2025-10-10 03:19:41,882 [INFO] Época 5/30, Batch 2000/3348, Loss: 0.2532
2025-10-10 03:19:42,145 [INFO] Época 5/30, Batch 2050/3348, Loss: 0.2239
2025-10-10 03:19:42,410 [INFO] Época 5/30, Batch 2100/3348, Loss: 0.1782
2025-10-10 03:19:42,674 [INFO] Época 5/30, Batch 2150/3348, Loss: 0.2240
2025-10-10 03:19:42,940 [INFO] Época 5/30, Batch 2200/3348, Loss: 0.2157
2025-10-10 03:19:43,202 [INFO] Época 5/30, Batch 2250/3348, Loss: 0.1314
2025-10-10 03:19:43,465 [INFO] Época 5/30, Batch 2300/3348, Loss: 0.1763
2025-10-10 03:19:43,726 [INFO] Época 5/30, Batch 2350/3348, Loss: 0.1719
2025-10-10 03:19:43,987 [INFO] Época 5/30, Batch 2400/3348, Loss: 0.1371
2025-10-10 03:19:44,248 [INFO] Época 5/30, Batch 2450/3348, Loss: 0.1726
2025-10-10 03:19:44,515 [INFO] Época 5/30, Batch 2500/3348, Loss: 0.1552
2025-10-10 03:19:44,784 [INFO] Época 5/30, Batch 2550/3348, Loss: 0.1447
2025-10-10 03:19:45,049 [INFO] Época 5/30, Batch 2600/3348, Loss: 0.1558
2025-10-10 03:19:45,311 [INFO] Época 5/30, Batch 2650/3348, Loss: 0.1432
2025-10-10 03:19:45,572 [INFO] Época 5/30, Batch 2700/3348, Loss: 0.1702
2025-10-10 03:19:45,837 [INFO] Época 5/30, Batch 2750/3348, Loss: 0.1813
2025-10-10 03:19:46,100 [INFO] Época 5/30, Batch 2800/3348, Loss: 0.2095
2025-10-10 03:19:46,363 [INFO] Época 5/30, Batch 2850/3348, Loss: 0.1676
2025-10-10 03:19:46,637 [INFO] Época 5/30, Batch 2900/3348, Loss: 0.1729
2025-10-10 03:19:46,899 [INFO] Época 5/30, Batch 2950/3348, Loss: 0.1508
2025-10-10 03:19:47,162 [INFO] Época 5/30, Batch 3000/3348, Loss: 0.1601
2025-10-10 03:19:47,425 [INFO] Época 5/30, Batch 3050/3348, Loss: 0.1859
2025-10-10 03:19:47,689 [INFO] Época 5/30, Batch 3100/3348, Loss: 0.1540
2025-10-10 03:19:47,954 [INFO] Época 5/30, Batch 3150/3348, Loss: 0.1631
2025-10-10 03:19:48,218 [INFO] Época 5/30, Batch 3200/3348, Loss: 0.1744
2025-10-10 03:19:48,482 [INFO] Época 5/30, Batch 3250/3348, Loss: 0.1945
2025-10-10 03:19:48,746 [INFO] Época 5/30, Batch 3300/3348, Loss: 0.1627
2025-10-10 03:19:50,632 [INFO] [5/30] Train Loss: 0.1765 | Val Loss: 0.1704 | Tempo: 19.50s
2025-10-10 03:19:51,219 [INFO] Época 6/30, Batch 50/3348, Loss: 0.1325
2025-10-10 03:19:51,490 [INFO] Época 6/30, Batch 100/3348, Loss: 0.1529
2025-10-10 03:19:51,760 [INFO] Época 6/30, Batch 150/3348, Loss: 0.2431
2025-10-10 03:19:52,027 [INFO] Época 6/30, Batch 200/3348, Loss: 0.1567
2025-10-10 03:19:52,294 [INFO] Época 6/30, Batch 250/3348, Loss: 0.1377
2025-10-10 03:19:52,560 [INFO] Época 6/30, Batch 300/3348, Loss: 0.1464
2025-10-10 03:19:52,825 [INFO] Época 6/30, Batch 350/3348, Loss: 0.1574
2025-10-10 03:19:53,090 [INFO] Época 6/30, Batch 400/3348, Loss: 0.1822
2025-10-10 03:19:53,359 [INFO] Época 6/30, Batch 450/3348, Loss: 0.0758
2025-10-10 03:19:53,626 [INFO] Época 6/30, Batch 500/3348, Loss: 0.2493
2025-10-10 03:19:53,888 [INFO] Época 6/30, Batch 550/3348, Loss: 0.1579
2025-10-10 03:19:54,152 [INFO] Época 6/30, Batch 600/3348, Loss: 0.2426
2025-10-10 03:19:54,420 [INFO] Época 6/30, Batch 650/3348, Loss: 0.1778
2025-10-10 03:19:54,683 [INFO] Época 6/30, Batch 700/3348, Loss: 0.2397
2025-10-10 03:19:54,946 [INFO] Época 6/30, Batch 750/3348, Loss: 0.2074
2025-10-10 03:19:55,210 [INFO] Época 6/30, Batch 800/3348, Loss: 0.1164
2025-10-10 03:19:55,465 [INFO] Época 6/30, Batch 850/3348, Loss: 0.1706
2025-10-10 03:19:55,719 [INFO] Época 6/30, Batch 900/3348, Loss: 0.2123
2025-10-10 03:19:55,973 [INFO] Época 6/30, Batch 950/3348, Loss: 0.1710
2025-10-10 03:19:56,226 [INFO] Época 6/30, Batch 1000/3348, Loss: 0.2508
2025-10-10 03:19:56,478 [INFO] Época 6/30, Batch 1050/3348, Loss: 0.1345
2025-10-10 03:19:56,728 [INFO] Época 6/30, Batch 1100/3348, Loss: 0.2191
2025-10-10 03:19:56,978 [INFO] Época 6/30, Batch 1150/3348, Loss: 0.1614
2025-10-10 03:19:57,228 [INFO] Época 6/30, Batch 1200/3348, Loss: 0.1727
2025-10-10 03:19:57,487 [INFO] Época 6/30, Batch 1250/3348, Loss: 0.1778
2025-10-10 03:19:57,749 [INFO] Época 6/30, Batch 1300/3348, Loss: 0.1396
2025-10-10 03:19:58,017 [INFO] Época 6/30, Batch 1350/3348, Loss: 0.2322
2025-10-10 03:19:58,282 [INFO] Época 6/30, Batch 1400/3348, Loss: 0.2098
2025-10-10 03:19:58,545 [INFO] Época 6/30, Batch 1450/3348, Loss: 0.1264
2025-10-10 03:19:58,808 [INFO] Época 6/30, Batch 1500/3348, Loss: 0.1153
2025-10-10 03:19:59,070 [INFO] Época 6/30, Batch 1550/3348, Loss: 0.1053
2025-10-10 03:19:59,331 [INFO] Época 6/30, Batch 1600/3348, Loss: 0.1354
2025-10-10 03:19:59,593 [INFO] Época 6/30, Batch 1650/3348, Loss: 0.1891
2025-10-10 03:19:59,854 [INFO] Época 6/30, Batch 1700/3348, Loss: 0.1920
2025-10-10 03:20:00,118 [INFO] Época 6/30, Batch 1750/3348, Loss: 0.2223
2025-10-10 03:20:00,380 [INFO] Época 6/30, Batch 1800/3348, Loss: 0.1852
2025-10-10 03:20:00,643 [INFO] Época 6/30, Batch 1850/3348, Loss: 0.1766
2025-10-10 03:20:00,904 [INFO] Época 6/30, Batch 1900/3348, Loss: 0.1663
2025-10-10 03:20:01,164 [INFO] Época 6/30, Batch 1950/3348, Loss: 0.1694
2025-10-10 03:20:01,425 [INFO] Época 6/30, Batch 2000/3348, Loss: 0.1468
2025-10-10 03:20:01,687 [INFO] Época 6/30, Batch 2050/3348, Loss: 0.1626
2025-10-10 03:20:01,948 [INFO] Época 6/30, Batch 2100/3348, Loss: 0.2139
2025-10-10 03:20:02,209 [INFO] Época 6/30, Batch 2150/3348, Loss: 0.2157
2025-10-10 03:20:02,470 [INFO] Época 6/30, Batch 2200/3348, Loss: 0.1835
2025-10-10 03:20:02,733 [INFO] Época 6/30, Batch 2250/3348, Loss: 0.1688
2025-10-10 03:20:02,991 [INFO] Época 6/30, Batch 2300/3348, Loss: 0.1170
2025-10-10 03:20:03,251 [INFO] Época 6/30, Batch 2350/3348, Loss: 0.1485
2025-10-10 03:20:03,511 [INFO] Época 6/30, Batch 2400/3348, Loss: 0.1617
2025-10-10 03:20:03,772 [INFO] Época 6/30, Batch 2450/3348, Loss: 0.1553
2025-10-10 03:20:04,033 [INFO] Época 6/30, Batch 2500/3348, Loss: 0.1436
2025-10-10 03:20:04,293 [INFO] Época 6/30, Batch 2550/3348, Loss: 0.1506
2025-10-10 03:20:04,557 [INFO] Época 6/30, Batch 2600/3348, Loss: 0.1424
2025-10-10 03:20:04,818 [INFO] Época 6/30, Batch 2650/3348, Loss: 0.1532
2025-10-10 03:20:05,081 [INFO] Época 6/30, Batch 2700/3348, Loss: 0.1383
2025-10-10 03:20:05,341 [INFO] Época 6/30, Batch 2750/3348, Loss: 0.1484
2025-10-10 03:20:05,601 [INFO] Época 6/30, Batch 2800/3348, Loss: 0.1501
2025-10-10 03:20:05,863 [INFO] Época 6/30, Batch 2850/3348, Loss: 0.2074
2025-10-10 03:20:06,125 [INFO] Época 6/30, Batch 2900/3348, Loss: 0.1597
2025-10-10 03:20:06,389 [INFO] Época 6/30, Batch 2950/3348, Loss: 0.2340
2025-10-10 03:20:06,652 [INFO] Época 6/30, Batch 3000/3348, Loss: 0.1991
2025-10-10 03:20:06,915 [INFO] Época 6/30, Batch 3050/3348, Loss: 0.1227
2025-10-10 03:20:07,177 [INFO] Época 6/30, Batch 3100/3348, Loss: 0.1991
2025-10-10 03:20:07,448 [INFO] Época 6/30, Batch 3150/3348, Loss: 0.2032
2025-10-10 03:20:07,710 [INFO] Época 6/30, Batch 3200/3348, Loss: 0.1857
2025-10-10 03:20:07,971 [INFO] Época 6/30, Batch 3250/3348, Loss: 0.2135
2025-10-10 03:20:08,234 [INFO] Época 6/30, Batch 3300/3348, Loss: 0.1878
2025-10-10 03:20:10,041 [INFO] [6/30] Train Loss: 0.1711 | Val Loss: 0.1590 | Tempo: 19.41s
2025-10-10 03:20:10,046 [INFO] Melhor modelo salvo em: /mnt/hdd/home/jdurao/ToolBox-ChemXAI/models/mlp_qm9_Pattern_att7_large.pth
2025-10-10 03:20:10,643 [INFO] Época 7/30, Batch 50/3348, Loss: 0.1681
2025-10-10 03:20:10,915 [INFO] Época 7/30, Batch 100/3348, Loss: 0.1432
2025-10-10 03:20:11,182 [INFO] Época 7/30, Batch 150/3348, Loss: 0.0970
2025-10-10 03:20:11,448 [INFO] Época 7/30, Batch 200/3348, Loss: 0.1269
2025-10-10 03:20:11,716 [INFO] Época 7/30, Batch 250/3348, Loss: 0.1226
2025-10-10 03:20:11,979 [INFO] Época 7/30, Batch 300/3348, Loss: 0.1511
2025-10-10 03:20:12,244 [INFO] Época 7/30, Batch 350/3348, Loss: 0.1720
2025-10-10 03:20:12,519 [INFO] Época 7/30, Batch 400/3348, Loss: 0.1267
2025-10-10 03:20:12,781 [INFO] Época 7/30, Batch 450/3348, Loss: 0.1463
2025-10-10 03:20:13,044 [INFO] Época 7/30, Batch 500/3348, Loss: 0.1876
2025-10-10 03:20:13,304 [INFO] Época 7/30, Batch 550/3348, Loss: 0.1474
2025-10-10 03:20:13,565 [INFO] Época 7/30, Batch 600/3348, Loss: 0.1239
2025-10-10 03:20:13,827 [INFO] Época 7/30, Batch 650/3348, Loss: 0.1404
2025-10-10 03:20:14,088 [INFO] Época 7/30, Batch 700/3348, Loss: 0.1423
2025-10-10 03:20:14,350 [INFO] Época 7/30, Batch 750/3348, Loss: 0.1209
2025-10-10 03:20:14,612 [INFO] Época 7/30, Batch 800/3348, Loss: 0.1337
2025-10-10 03:20:14,867 [INFO] Época 7/30, Batch 850/3348, Loss: 0.1287
2025-10-10 03:20:15,122 [INFO] Época 7/30, Batch 900/3348, Loss: 0.1542
2025-10-10 03:20:15,376 [INFO] Época 7/30, Batch 950/3348, Loss: 0.1371
2025-10-10 03:20:15,631 [INFO] Época 7/30, Batch 1000/3348, Loss: 0.1568
2025-10-10 03:20:15,889 [INFO] Época 7/30, Batch 1050/3348, Loss: 0.1456
2025-10-10 03:20:16,145 [INFO] Época 7/30, Batch 1100/3348, Loss: 0.1587
2025-10-10 03:20:16,406 [INFO] Época 7/30, Batch 1150/3348, Loss: 0.1102
2025-10-10 03:20:16,669 [INFO] Época 7/30, Batch 1200/3348, Loss: 0.1718
2025-10-10 03:20:16,933 [INFO] Época 7/30, Batch 1250/3348, Loss: 0.1250
2025-10-10 03:20:17,197 [INFO] Época 7/30, Batch 1300/3348, Loss: 0.1698
2025-10-10 03:20:17,461 [INFO] Época 7/30, Batch 1350/3348, Loss: 0.1846
2025-10-10 03:20:17,735 [INFO] Época 7/30, Batch 1400/3348, Loss: 0.1154
2025-10-10 03:20:17,999 [INFO] Época 7/30, Batch 1450/3348, Loss: 0.2539
2025-10-10 03:20:18,262 [INFO] Época 7/30, Batch 1500/3348, Loss: 0.1984
2025-10-10 03:20:18,528 [INFO] Época 7/30, Batch 1550/3348, Loss: 0.1927
2025-10-10 03:20:18,790 [INFO] Época 7/30, Batch 1600/3348, Loss: 0.1881
2025-10-10 03:20:19,052 [INFO] Época 7/30, Batch 1650/3348, Loss: 0.2446
2025-10-10 03:20:19,315 [INFO] Época 7/30, Batch 1700/3348, Loss: 0.3765
2025-10-10 03:20:19,577 [INFO] Época 7/30, Batch 1750/3348, Loss: 0.1486
2025-10-10 03:20:19,841 [INFO] Época 7/30, Batch 1800/3348, Loss: 0.1734
2025-10-10 03:20:20,103 [INFO] Época 7/30, Batch 1850/3348, Loss: 0.1659
2025-10-10 03:20:20,363 [INFO] Época 7/30, Batch 1900/3348, Loss: 0.1848
2025-10-10 03:20:20,626 [INFO] Época 7/30, Batch 1950/3348, Loss: 0.1500
2025-10-10 03:20:20,889 [INFO] Época 7/30, Batch 2000/3348, Loss: 0.1649
2025-10-10 03:20:21,154 [INFO] Época 7/30, Batch 2050/3348, Loss: 0.1325
2025-10-10 03:20:21,417 [INFO] Época 7/30, Batch 2100/3348, Loss: 0.1918
2025-10-10 03:20:21,680 [INFO] Época 7/30, Batch 2150/3348, Loss: 0.1588
2025-10-10 03:20:21,941 [INFO] Época 7/30, Batch 2200/3348, Loss: 0.1554
2025-10-10 03:20:22,203 [INFO] Época 7/30, Batch 2250/3348, Loss: 0.1289
2025-10-10 03:20:22,468 [INFO] Época 7/30, Batch 2300/3348, Loss: 0.1112
2025-10-10 03:20:22,738 [INFO] Época 7/30, Batch 2350/3348, Loss: 0.1881
2025-10-10 03:20:23,003 [INFO] Época 7/30, Batch 2400/3348, Loss: 0.2566
2025-10-10 03:20:23,265 [INFO] Época 7/30, Batch 2450/3348, Loss: 0.2105
2025-10-10 03:20:23,529 [INFO] Época 7/30, Batch 2500/3348, Loss: 0.1660
2025-10-10 03:20:23,792 [INFO] Época 7/30, Batch 2550/3348, Loss: 0.1781
2025-10-10 03:20:24,055 [INFO] Época 7/30, Batch 2600/3348, Loss: 0.1336
2025-10-10 03:20:24,318 [INFO] Época 7/30, Batch 2650/3348, Loss: 0.1715
2025-10-10 03:20:24,584 [INFO] Época 7/30, Batch 2700/3348, Loss: 0.1229
2025-10-10 03:20:24,855 [INFO] Época 7/30, Batch 2750/3348, Loss: 0.1683
2025-10-10 03:20:25,125 [INFO] Época 7/30, Batch 2800/3348, Loss: 0.1783
2025-10-10 03:20:25,399 [INFO] Época 7/30, Batch 2850/3348, Loss: 0.1460
2025-10-10 03:20:25,672 [INFO] Época 7/30, Batch 2900/3348, Loss: 0.1556
2025-10-10 03:20:25,938 [INFO] Época 7/30, Batch 2950/3348, Loss: 0.1509
2025-10-10 03:20:26,204 [INFO] Época 7/30, Batch 3000/3348, Loss: 0.1508
2025-10-10 03:20:26,469 [INFO] Época 7/30, Batch 3050/3348, Loss: 0.1545
2025-10-10 03:20:26,736 [INFO] Época 7/30, Batch 3100/3348, Loss: 0.1844
2025-10-10 03:20:27,000 [INFO] Época 7/30, Batch 3150/3348, Loss: 0.2628
2025-10-10 03:20:27,264 [INFO] Época 7/30, Batch 3200/3348, Loss: 0.1904
2025-10-10 03:20:27,526 [INFO] Época 7/30, Batch 3250/3348, Loss: 0.1665
2025-10-10 03:20:27,791 [INFO] Época 7/30, Batch 3300/3348, Loss: 0.3368
2025-10-10 03:20:29,580 [INFO] [7/30] Train Loss: 0.1671 | Val Loss: 0.1641 | Tempo: 19.53s
2025-10-10 03:20:30,154 [INFO] Época 8/30, Batch 50/3348, Loss: 0.2230
2025-10-10 03:20:30,424 [INFO] Época 8/30, Batch 100/3348, Loss: 0.1730
2025-10-10 03:20:30,688 [INFO] Época 8/30, Batch 150/3348, Loss: 0.1284
2025-10-10 03:20:30,956 [INFO] Época 8/30, Batch 200/3348, Loss: 0.1707
2025-10-10 03:20:31,221 [INFO] Época 8/30, Batch 250/3348, Loss: 0.1884
2025-10-10 03:20:31,490 [INFO] Época 8/30, Batch 300/3348, Loss: 0.1867
2025-10-10 03:20:31,755 [INFO] Época 8/30, Batch 350/3348, Loss: 0.1325
2025-10-10 03:20:32,020 [INFO] Época 8/30, Batch 400/3348, Loss: 0.1421
2025-10-10 03:20:32,283 [INFO] Época 8/30, Batch 450/3348, Loss: 0.1814
2025-10-10 03:20:32,549 [INFO] Época 8/30, Batch 500/3348, Loss: 0.2661
2025-10-10 03:20:32,814 [INFO] Época 8/30, Batch 550/3348, Loss: 0.1154
2025-10-10 03:20:33,077 [INFO] Época 8/30, Batch 600/3348, Loss: 0.1559
2025-10-10 03:20:33,339 [INFO] Época 8/30, Batch 650/3348, Loss: 0.1460
2025-10-10 03:20:33,599 [INFO] Época 8/30, Batch 700/3348, Loss: 0.1789
2025-10-10 03:20:33,864 [INFO] Época 8/30, Batch 750/3348, Loss: 0.2010
2025-10-10 03:20:34,130 [INFO] Época 8/30, Batch 800/3348, Loss: 0.1227
2025-10-10 03:20:34,392 [INFO] Época 8/30, Batch 850/3348, Loss: 0.1120
2025-10-10 03:20:34,652 [INFO] Época 8/30, Batch 900/3348, Loss: 0.1347
2025-10-10 03:20:34,912 [INFO] Época 8/30, Batch 950/3348, Loss: 0.2415
2025-10-10 03:20:35,172 [INFO] Época 8/30, Batch 1000/3348, Loss: 0.1491
2025-10-10 03:20:35,435 [INFO] Época 8/30, Batch 1050/3348, Loss: 0.0946
2025-10-10 03:20:35,696 [INFO] Época 8/30, Batch 1100/3348, Loss: 0.1844
2025-10-10 03:20:35,959 [INFO] Época 8/30, Batch 1150/3348, Loss: 0.1638
2025-10-10 03:20:36,220 [INFO] Época 8/30, Batch 1200/3348, Loss: 0.1826
2025-10-10 03:20:36,483 [INFO] Época 8/30, Batch 1250/3348, Loss: 0.1312
2025-10-10 03:20:36,748 [INFO] Época 8/30, Batch 1300/3348, Loss: 0.1941
2025-10-10 03:20:37,009 [INFO] Época 8/30, Batch 1350/3348, Loss: 0.1422
2025-10-10 03:20:37,269 [INFO] Época 8/30, Batch 1400/3348, Loss: 0.2659
2025-10-10 03:20:37,531 [INFO] Época 8/30, Batch 1450/3348, Loss: 0.1506
2025-10-10 03:20:37,793 [INFO] Época 8/30, Batch 1500/3348, Loss: 0.1096
2025-10-10 03:20:38,065 [INFO] Época 8/30, Batch 1550/3348, Loss: 0.1666
2025-10-10 03:20:38,331 [INFO] Época 8/30, Batch 1600/3348, Loss: 0.1654
2025-10-10 03:20:38,603 [INFO] Época 8/30, Batch 1650/3348, Loss: 0.1645
2025-10-10 03:20:38,869 [INFO] Época 8/30, Batch 1700/3348, Loss: 0.1476
2025-10-10 03:20:39,131 [INFO] Época 8/30, Batch 1750/3348, Loss: 0.2569
2025-10-10 03:20:39,394 [INFO] Época 8/30, Batch 1800/3348, Loss: 0.1970
2025-10-10 03:20:39,660 [INFO] Época 8/30, Batch 1850/3348, Loss: 0.1489
2025-10-10 03:20:39,924 [INFO] Época 8/30, Batch 1900/3348, Loss: 0.1383
2025-10-10 03:20:40,187 [INFO] Época 8/30, Batch 1950/3348, Loss: 0.1076
2025-10-10 03:20:40,453 [INFO] Época 8/30, Batch 2000/3348, Loss: 0.1760
2025-10-10 03:20:40,718 [INFO] Época 8/30, Batch 2050/3348, Loss: 0.2162
2025-10-10 03:20:40,979 [INFO] Época 8/30, Batch 2100/3348, Loss: 0.1615
2025-10-10 03:20:41,240 [INFO] Época 8/30, Batch 2150/3348, Loss: 0.1349
2025-10-10 03:20:41,503 [INFO] Época 8/30, Batch 2200/3348, Loss: 0.0866
2025-10-10 03:20:41,771 [INFO] Época 8/30, Batch 2250/3348, Loss: 0.1299
2025-10-10 03:20:42,039 [INFO] Época 8/30, Batch 2300/3348, Loss: 0.1545
2025-10-10 03:20:42,304 [INFO] Época 8/30, Batch 2350/3348, Loss: 0.2283
2025-10-10 03:20:42,563 [INFO] Época 8/30, Batch 2400/3348, Loss: 0.1242
2025-10-10 03:20:42,823 [INFO] Época 8/30, Batch 2450/3348, Loss: 0.2006
2025-10-10 03:20:43,083 [INFO] Época 8/30, Batch 2500/3348, Loss: 0.1917
2025-10-10 03:20:43,342 [INFO] Época 8/30, Batch 2550/3348, Loss: 0.1402
2025-10-10 03:20:43,604 [INFO] Época 8/30, Batch 2600/3348, Loss: 0.1347
2025-10-10 03:20:43,865 [INFO] Época 8/30, Batch 2650/3348, Loss: 0.1580
2025-10-10 03:20:44,126 [INFO] Época 8/30, Batch 2700/3348, Loss: 0.2065
2025-10-10 03:20:44,386 [INFO] Época 8/30, Batch 2750/3348, Loss: 0.1699
2025-10-10 03:20:44,649 [INFO] Época 8/30, Batch 2800/3348, Loss: 0.1410
2025-10-10 03:20:44,912 [INFO] Época 8/30, Batch 2850/3348, Loss: 0.1679
2025-10-10 03:20:45,172 [INFO] Época 8/30, Batch 2900/3348, Loss: 0.1237
2025-10-10 03:20:45,432 [INFO] Época 8/30, Batch 2950/3348, Loss: 0.1275
2025-10-10 03:20:45,693 [INFO] Época 8/30, Batch 3000/3348, Loss: 0.1647
2025-10-10 03:20:45,955 [INFO] Época 8/30, Batch 3050/3348, Loss: 0.2336
2025-10-10 03:20:46,217 [INFO] Época 8/30, Batch 3100/3348, Loss: 0.2050
2025-10-10 03:20:46,477 [INFO] Época 8/30, Batch 3150/3348, Loss: 0.1446
2025-10-10 03:20:46,737 [INFO] Época 8/30, Batch 3200/3348, Loss: 0.1751
2025-10-10 03:20:46,997 [INFO] Época 8/30, Batch 3250/3348, Loss: 0.1524
2025-10-10 03:20:47,256 [INFO] Época 8/30, Batch 3300/3348, Loss: 0.1913
2025-10-10 03:20:49,098 [INFO] [8/30] Train Loss: 0.1640 | Val Loss: 0.1534 | Tempo: 19.52s
2025-10-10 03:20:49,103 [INFO] Melhor modelo salvo em: /mnt/hdd/home/jdurao/ToolBox-ChemXAI/models/mlp_qm9_Pattern_att7_large.pth
2025-10-10 03:20:49,684 [INFO] Época 9/30, Batch 50/3348, Loss: 0.1342
2025-10-10 03:20:49,956 [INFO] Época 9/30, Batch 100/3348, Loss: 0.1701
2025-10-10 03:20:50,225 [INFO] Época 9/30, Batch 150/3348, Loss: 0.1839
2025-10-10 03:20:50,493 [INFO] Época 9/30, Batch 200/3348, Loss: 0.1647
2025-10-10 03:20:50,755 [INFO] Época 9/30, Batch 250/3348, Loss: 0.1948
2025-10-10 03:20:51,021 [INFO] Época 9/30, Batch 300/3348, Loss: 0.2418
2025-10-10 03:20:51,284 [INFO] Época 9/30, Batch 350/3348, Loss: 0.1443
2025-10-10 03:20:51,547 [INFO] Época 9/30, Batch 400/3348, Loss: 0.1200
2025-10-10 03:20:51,809 [INFO] Época 9/30, Batch 450/3348, Loss: 0.1334
2025-10-10 03:20:52,073 [INFO] Época 9/30, Batch 500/3348, Loss: 0.1664
2025-10-10 03:20:52,338 [INFO] Época 9/30, Batch 550/3348, Loss: 0.1631
2025-10-10 03:20:52,602 [INFO] Época 9/30, Batch 600/3348, Loss: 0.1374
2025-10-10 03:20:52,863 [INFO] Época 9/30, Batch 650/3348, Loss: 0.1631
2025-10-10 03:20:53,124 [INFO] Época 9/30, Batch 700/3348, Loss: 0.1477
2025-10-10 03:20:53,386 [INFO] Época 9/30, Batch 750/3348, Loss: 0.2198
2025-10-10 03:20:53,650 [INFO] Época 9/30, Batch 800/3348, Loss: 0.2038
2025-10-10 03:20:53,912 [INFO] Época 9/30, Batch 850/3348, Loss: 0.1910
2025-10-10 03:20:54,171 [INFO] Época 9/30, Batch 900/3348, Loss: 0.1359
2025-10-10 03:20:54,439 [INFO] Época 9/30, Batch 950/3348, Loss: 0.1743
2025-10-10 03:20:54,694 [INFO] Época 9/30, Batch 1000/3348, Loss: 0.1735
2025-10-10 03:20:54,944 [INFO] Época 9/30, Batch 1050/3348, Loss: 0.1609
2025-10-10 03:20:55,196 [INFO] Época 9/30, Batch 1100/3348, Loss: 0.1819
2025-10-10 03:20:55,448 [INFO] Época 9/30, Batch 1150/3348, Loss: 0.1714
2025-10-10 03:20:55,709 [INFO] Época 9/30, Batch 1200/3348, Loss: 0.1534
2025-10-10 03:20:55,970 [INFO] Época 9/30, Batch 1250/3348, Loss: 0.1387
2025-10-10 03:20:56,226 [INFO] Época 9/30, Batch 1300/3348, Loss: 0.1479
2025-10-10 03:20:56,487 [INFO] Época 9/30, Batch 1350/3348, Loss: 0.2079
2025-10-10 03:20:56,748 [INFO] Época 9/30, Batch 1400/3348, Loss: 0.1297
2025-10-10 03:20:57,008 [INFO] Época 9/30, Batch 1450/3348, Loss: 0.1530
2025-10-10 03:20:57,268 [INFO] Época 9/30, Batch 1500/3348, Loss: 0.1604
2025-10-10 03:20:57,528 [INFO] Época 9/30, Batch 1550/3348, Loss: 0.1744
2025-10-10 03:20:57,788 [INFO] Época 9/30, Batch 1600/3348, Loss: 0.1507
2025-10-10 03:20:58,049 [INFO] Época 9/30, Batch 1650/3348, Loss: 0.1813
2025-10-10 03:20:58,308 [INFO] Época 9/30, Batch 1700/3348, Loss: 0.1531
2025-10-10 03:20:58,566 [INFO] Época 9/30, Batch 1750/3348, Loss: 0.2149
2025-10-10 03:20:58,827 [INFO] Época 9/30, Batch 1800/3348, Loss: 0.1158
2025-10-10 03:20:59,088 [INFO] Época 9/30, Batch 1850/3348, Loss: 0.1896
2025-10-10 03:20:59,347 [INFO] Época 9/30, Batch 1900/3348, Loss: 0.1338
2025-10-10 03:20:59,605 [INFO] Época 9/30, Batch 1950/3348, Loss: 0.1344
2025-10-10 03:20:59,866 [INFO] Época 9/30, Batch 2000/3348, Loss: 0.2084
2025-10-10 03:21:00,128 [INFO] Época 9/30, Batch 2050/3348, Loss: 0.1496
2025-10-10 03:21:00,390 [INFO] Época 9/30, Batch 2100/3348, Loss: 0.1044
2025-10-10 03:21:00,652 [INFO] Época 9/30, Batch 2150/3348, Loss: 0.1731
2025-10-10 03:21:00,914 [INFO] Época 9/30, Batch 2200/3348, Loss: 0.1555
2025-10-10 03:21:01,176 [INFO] Época 9/30, Batch 2250/3348, Loss: 0.1162
2025-10-10 03:21:01,440 [INFO] Época 9/30, Batch 2300/3348, Loss: 0.1746
2025-10-10 03:21:01,707 [INFO] Época 9/30, Batch 2350/3348, Loss: 0.1564
2025-10-10 03:21:01,973 [INFO] Época 9/30, Batch 2400/3348, Loss: 0.2262
2025-10-10 03:21:02,239 [INFO] Época 9/30, Batch 2450/3348, Loss: 0.2019
2025-10-10 03:21:02,504 [INFO] Época 9/30, Batch 2500/3348, Loss: 0.1315
2025-10-10 03:21:02,764 [INFO] Época 9/30, Batch 2550/3348, Loss: 0.1865
2025-10-10 03:21:03,021 [INFO] Época 9/30, Batch 2600/3348, Loss: 0.1354
2025-10-10 03:21:03,281 [INFO] Época 9/30, Batch 2650/3348, Loss: 0.1359
2025-10-10 03:21:03,542 [INFO] Época 9/30, Batch 2700/3348, Loss: 0.1607
2025-10-10 03:21:03,803 [INFO] Época 9/30, Batch 2750/3348, Loss: 0.1855
2025-10-10 03:21:04,065 [INFO] Época 9/30, Batch 2800/3348, Loss: 0.1577
2025-10-10 03:21:04,325 [INFO] Época 9/30, Batch 2850/3348, Loss: 0.1430
2025-10-10 03:21:04,589 [INFO] Época 9/30, Batch 2900/3348, Loss: 0.1885
2025-10-10 03:21:04,859 [INFO] Época 9/30, Batch 2950/3348, Loss: 0.1887
2025-10-10 03:21:05,117 [INFO] Época 9/30, Batch 3000/3348, Loss: 0.1476
2025-10-10 03:21:05,379 [INFO] Época 9/30, Batch 3050/3348, Loss: 0.2318
2025-10-10 03:21:05,640 [INFO] Época 9/30, Batch 3100/3348, Loss: 0.0979
2025-10-10 03:21:05,904 [INFO] Época 9/30, Batch 3150/3348, Loss: 0.1606
2025-10-10 03:21:06,165 [INFO] Época 9/30, Batch 3200/3348, Loss: 0.1704
2025-10-10 03:21:06,427 [INFO] Época 9/30, Batch 3250/3348, Loss: 0.1358
2025-10-10 03:21:06,690 [INFO] Época 9/30, Batch 3300/3348, Loss: 0.1419
2025-10-10 03:21:08,576 [INFO] [9/30] Train Loss: 0.1607 | Val Loss: 0.1583 | Tempo: 19.47s
2025-10-10 03:21:09,163 [INFO] Época 10/30, Batch 50/3348, Loss: 0.1470
2025-10-10 03:21:09,435 [INFO] Época 10/30, Batch 100/3348, Loss: 0.1772
2025-10-10 03:21:09,702 [INFO] Época 10/30, Batch 150/3348, Loss: 0.1680
2025-10-10 03:21:09,975 [INFO] Época 10/30, Batch 200/3348, Loss: 0.1198
2025-10-10 03:21:10,237 [INFO] Época 10/30, Batch 250/3348, Loss: 0.0854
2025-10-10 03:21:10,502 [INFO] Época 10/30, Batch 300/3348, Loss: 0.1607
2025-10-10 03:21:10,769 [INFO] Época 10/30, Batch 350/3348, Loss: 0.1229
2025-10-10 03:21:11,034 [INFO] Época 10/30, Batch 400/3348, Loss: 0.1825
2025-10-10 03:21:11,298 [INFO] Época 10/30, Batch 450/3348, Loss: 0.0932
2025-10-10 03:21:11,559 [INFO] Época 10/30, Batch 500/3348, Loss: 0.1678
2025-10-10 03:21:11,822 [INFO] Época 10/30, Batch 550/3348, Loss: 0.1734
2025-10-10 03:21:12,086 [INFO] Época 10/30, Batch 600/3348, Loss: 0.1701
2025-10-10 03:21:12,348 [INFO] Época 10/30, Batch 650/3348, Loss: 0.1456
2025-10-10 03:21:12,613 [INFO] Época 10/30, Batch 700/3348, Loss: 0.2127
2025-10-10 03:21:12,876 [INFO] Época 10/30, Batch 750/3348, Loss: 0.1517
2025-10-10 03:21:13,138 [INFO] Época 10/30, Batch 800/3348, Loss: 0.1963
2025-10-10 03:21:13,399 [INFO] Época 10/30, Batch 850/3348, Loss: 0.1595
2025-10-10 03:21:13,647 [INFO] Época 10/30, Batch 900/3348, Loss: 0.2279
2025-10-10 03:21:13,895 [INFO] Época 10/30, Batch 950/3348, Loss: 0.1160
2025-10-10 03:21:14,142 [INFO] Época 10/30, Batch 1000/3348, Loss: 0.1372
2025-10-10 03:21:14,387 [INFO] Época 10/30, Batch 1050/3348, Loss: 0.1391
2025-10-10 03:21:14,636 [INFO] Época 10/30, Batch 1100/3348, Loss: 0.1380
2025-10-10 03:21:14,884 [INFO] Época 10/30, Batch 1150/3348, Loss: 0.1699
2025-10-10 03:21:15,133 [INFO] Época 10/30, Batch 1200/3348, Loss: 0.1328
2025-10-10 03:21:15,380 [INFO] Época 10/30, Batch 1250/3348, Loss: 0.1817
2025-10-10 03:21:15,641 [INFO] Época 10/30, Batch 1300/3348, Loss: 0.1646
2025-10-10 03:21:15,903 [INFO] Época 10/30, Batch 1350/3348, Loss: 0.1775
2025-10-10 03:21:16,165 [INFO] Época 10/30, Batch 1400/3348, Loss: 0.1539
2025-10-10 03:21:16,425 [INFO] Época 10/30, Batch 1450/3348, Loss: 0.1489
2025-10-10 03:21:16,686 [INFO] Época 10/30, Batch 1500/3348, Loss: 0.1617
2025-10-10 03:21:16,948 [INFO] Época 10/30, Batch 1550/3348, Loss: 0.1652
2025-10-10 03:21:17,208 [INFO] Época 10/30, Batch 1600/3348, Loss: 0.1674
2025-10-10 03:21:17,471 [INFO] Época 10/30, Batch 1650/3348, Loss: 0.2437
2025-10-10 03:21:17,733 [INFO] Época 10/30, Batch 1700/3348, Loss: 0.1819
2025-10-10 03:21:17,994 [INFO] Época 10/30, Batch 1750/3348, Loss: 0.1930
2025-10-10 03:21:18,254 [INFO] Época 10/30, Batch 1800/3348, Loss: 0.1663
2025-10-10 03:21:18,516 [INFO] Época 10/30, Batch 1850/3348, Loss: 0.1504
2025-10-10 03:21:18,780 [INFO] Época 10/30, Batch 1900/3348, Loss: 0.1277
2025-10-10 03:21:19,040 [INFO] Época 10/30, Batch 1950/3348, Loss: 0.1588
2025-10-10 03:21:19,301 [INFO] Época 10/30, Batch 2000/3348, Loss: 0.1221
2025-10-10 03:21:19,562 [INFO] Época 10/30, Batch 2050/3348, Loss: 0.1541
2025-10-10 03:21:19,824 [INFO] Época 10/30, Batch 2100/3348, Loss: 0.1480
2025-10-10 03:21:20,084 [INFO] Época 10/30, Batch 2150/3348, Loss: 0.1809
2025-10-10 03:21:20,347 [INFO] Época 10/30, Batch 2200/3348, Loss: 0.1404
2025-10-10 03:21:20,606 [INFO] Época 10/30, Batch 2250/3348, Loss: 0.1495
2025-10-10 03:21:20,867 [INFO] Época 10/30, Batch 2300/3348, Loss: 0.1142
2025-10-10 03:21:21,127 [INFO] Época 10/30, Batch 2350/3348, Loss: 0.1456
2025-10-10 03:21:21,390 [INFO] Época 10/30, Batch 2400/3348, Loss: 0.1424
2025-10-10 03:21:21,652 [INFO] Época 10/30, Batch 2450/3348, Loss: 0.1601
2025-10-10 03:21:21,913 [INFO] Época 10/30, Batch 2500/3348, Loss: 0.1301
2025-10-10 03:21:22,173 [INFO] Época 10/30, Batch 2550/3348, Loss: 0.2719
2025-10-10 03:21:22,437 [INFO] Época 10/30, Batch 2600/3348, Loss: 0.1418
2025-10-10 03:21:22,699 [INFO] Época 10/30, Batch 2650/3348, Loss: 0.1632
2025-10-10 03:21:22,957 [INFO] Época 10/30, Batch 2700/3348, Loss: 0.1968
2025-10-10 03:21:23,215 [INFO] Época 10/30, Batch 2750/3348, Loss: 0.1464
2025-10-10 03:21:23,472 [INFO] Época 10/30, Batch 2800/3348, Loss: 0.1330
2025-10-10 03:21:23,731 [INFO] Época 10/30, Batch 2850/3348, Loss: 0.1160
2025-10-10 03:21:23,992 [INFO] Época 10/30, Batch 2900/3348, Loss: 0.1871
2025-10-10 03:21:24,249 [INFO] Época 10/30, Batch 2950/3348, Loss: 0.1975
2025-10-10 03:21:24,507 [INFO] Época 10/30, Batch 3000/3348, Loss: 0.1727
2025-10-10 03:21:24,767 [INFO] Época 10/30, Batch 3050/3348, Loss: 0.0970
2025-10-10 03:21:25,028 [INFO] Época 10/30, Batch 3100/3348, Loss: 0.1210
2025-10-10 03:21:25,289 [INFO] Época 10/30, Batch 3150/3348, Loss: 0.2022
2025-10-10 03:21:25,561 [INFO] Época 10/30, Batch 3200/3348, Loss: 0.1626
2025-10-10 03:21:25,825 [INFO] Época 10/30, Batch 3250/3348, Loss: 0.1548
2025-10-10 03:21:26,085 [INFO] Época 10/30, Batch 3300/3348, Loss: 0.2171
2025-10-10 03:21:27,929 [INFO] [10/30] Train Loss: 0.1582 | Val Loss: 0.1529 | Tempo: 19.35s
2025-10-10 03:21:27,934 [INFO] Melhor modelo salvo em: /mnt/hdd/home/jdurao/ToolBox-ChemXAI/models/mlp_qm9_Pattern_att7_large.pth
2025-10-10 03:21:28,519 [INFO] Época 11/30, Batch 50/3348, Loss: 0.2409
2025-10-10 03:21:28,795 [INFO] Época 11/30, Batch 100/3348, Loss: 0.1372
2025-10-10 03:21:29,073 [INFO] Época 11/30, Batch 150/3348, Loss: 0.1452
2025-10-10 03:21:29,348 [INFO] Época 11/30, Batch 200/3348, Loss: 0.1672
2025-10-10 03:21:29,623 [INFO] Época 11/30, Batch 250/3348, Loss: 0.1556
2025-10-10 03:21:29,888 [INFO] Época 11/30, Batch 300/3348, Loss: 0.1414
2025-10-10 03:21:30,155 [INFO] Época 11/30, Batch 350/3348, Loss: 0.2037
2025-10-10 03:21:30,426 [INFO] Época 11/30, Batch 400/3348, Loss: 0.1552
2025-10-10 03:21:30,708 [INFO] Época 11/30, Batch 450/3348, Loss: 0.1198
2025-10-10 03:21:30,977 [INFO] Época 11/30, Batch 500/3348, Loss: 0.1414
2025-10-10 03:21:31,249 [INFO] Época 11/30, Batch 550/3348, Loss: 0.1674
2025-10-10 03:21:31,521 [INFO] Época 11/30, Batch 600/3348, Loss: 0.1322
2025-10-10 03:21:31,793 [INFO] Época 11/30, Batch 650/3348, Loss: 0.1196
2025-10-10 03:21:32,057 [INFO] Época 11/30, Batch 700/3348, Loss: 0.1652
2025-10-10 03:21:32,319 [INFO] Época 11/30, Batch 750/3348, Loss: 0.1279
2025-10-10 03:21:32,584 [INFO] Época 11/30, Batch 800/3348, Loss: 0.1683
2025-10-10 03:21:32,837 [INFO] Época 11/30, Batch 850/3348, Loss: 0.1470
2025-10-10 03:21:33,091 [INFO] Época 11/30, Batch 900/3348, Loss: 0.1285
2025-10-10 03:21:33,344 [INFO] Época 11/30, Batch 950/3348, Loss: 0.1313
2025-10-10 03:21:33,598 [INFO] Época 11/30, Batch 1000/3348, Loss: 0.1210
2025-10-10 03:21:33,851 [INFO] Época 11/30, Batch 1050/3348, Loss: 0.2271
2025-10-10 03:21:34,102 [INFO] Época 11/30, Batch 1100/3348, Loss: 0.2600
2025-10-10 03:21:34,356 [INFO] Época 11/30, Batch 1150/3348, Loss: 0.2151
2025-10-10 03:21:34,613 [INFO] Época 11/30, Batch 1200/3348, Loss: 0.1154
2025-10-10 03:21:34,881 [INFO] Época 11/30, Batch 1250/3348, Loss: 0.1231
2025-10-10 03:21:35,150 [INFO] Época 11/30, Batch 1300/3348, Loss: 0.2131
2025-10-10 03:21:35,420 [INFO] Época 11/30, Batch 1350/3348, Loss: 0.1441
2025-10-10 03:21:35,692 [INFO] Época 11/30, Batch 1400/3348, Loss: 0.1084
2025-10-10 03:21:35,962 [INFO] Época 11/30, Batch 1450/3348, Loss: 0.1405
2025-10-10 03:21:36,232 [INFO] Época 11/30, Batch 1500/3348, Loss: 0.1434
2025-10-10 03:21:36,502 [INFO] Época 11/30, Batch 1550/3348, Loss: 0.1828
2025-10-10 03:21:36,773 [INFO] Época 11/30, Batch 1600/3348, Loss: 0.1977
2025-10-10 03:21:37,044 [INFO] Época 11/30, Batch 1650/3348, Loss: 0.1513
2025-10-10 03:21:37,314 [INFO] Época 11/30, Batch 1700/3348, Loss: 0.1549
2025-10-10 03:21:37,583 [INFO] Época 11/30, Batch 1750/3348, Loss: 0.1784
2025-10-10 03:21:37,851 [INFO] Época 11/30, Batch 1800/3348, Loss: 0.1675
2025-10-10 03:21:38,126 [INFO] Época 11/30, Batch 1850/3348, Loss: 0.1348
2025-10-10 03:21:38,400 [INFO] Época 11/30, Batch 1900/3348, Loss: 0.1166
2025-10-10 03:21:38,676 [INFO] Época 11/30, Batch 1950/3348, Loss: 0.1854
2025-10-10 03:21:38,948 [INFO] Época 11/30, Batch 2000/3348, Loss: 0.1342
2025-10-10 03:21:39,219 [INFO] Época 11/30, Batch 2050/3348, Loss: 0.1911
2025-10-10 03:21:39,489 [INFO] Época 11/30, Batch 2100/3348, Loss: 0.2071
2025-10-10 03:21:39,754 [INFO] Época 11/30, Batch 2150/3348, Loss: 0.1626
2025-10-10 03:21:40,015 [INFO] Época 11/30, Batch 2200/3348, Loss: 0.1833
2025-10-10 03:21:40,276 [INFO] Época 11/30, Batch 2250/3348, Loss: 0.1310
2025-10-10 03:21:40,538 [INFO] Época 11/30, Batch 2300/3348, Loss: 0.0888
2025-10-10 03:21:40,799 [INFO] Época 11/30, Batch 2350/3348, Loss: 0.1954
2025-10-10 03:21:41,073 [INFO] Época 11/30, Batch 2400/3348, Loss: 0.1922
2025-10-10 03:21:41,334 [INFO] Época 11/30, Batch 2450/3348, Loss: 0.1949
2025-10-10 03:21:41,598 [INFO] Época 11/30, Batch 2500/3348, Loss: 0.1887
2025-10-10 03:21:41,861 [INFO] Época 11/30, Batch 2550/3348, Loss: 0.2314
2025-10-10 03:21:42,124 [INFO] Época 11/30, Batch 2600/3348, Loss: 0.1623
2025-10-10 03:21:42,386 [INFO] Época 11/30, Batch 2650/3348, Loss: 0.2646
2025-10-10 03:21:42,649 [INFO] Época 11/30, Batch 2700/3348, Loss: 0.1442
2025-10-10 03:21:42,911 [INFO] Época 11/30, Batch 2750/3348, Loss: 0.2647
2025-10-10 03:21:43,173 [INFO] Época 11/30, Batch 2800/3348, Loss: 0.1624
2025-10-10 03:21:43,436 [INFO] Época 11/30, Batch 2850/3348, Loss: 0.2172
2025-10-10 03:21:43,701 [INFO] Época 11/30, Batch 2900/3348, Loss: 0.1299
2025-10-10 03:21:43,976 [INFO] Época 11/30, Batch 2950/3348, Loss: 0.1584
2025-10-10 03:21:44,247 [INFO] Época 11/30, Batch 3000/3348, Loss: 0.1170
2025-10-10 03:21:44,517 [INFO] Época 11/30, Batch 3050/3348, Loss: 0.1884
2025-10-10 03:21:44,788 [INFO] Época 11/30, Batch 3100/3348, Loss: 0.1095
2025-10-10 03:21:45,060 [INFO] Época 11/30, Batch 3150/3348, Loss: 0.2059
2025-10-10 03:21:45,332 [INFO] Época 11/30, Batch 3200/3348, Loss: 0.1565
2025-10-10 03:21:45,603 [INFO] Época 11/30, Batch 3250/3348, Loss: 0.1334
2025-10-10 03:21:45,873 [INFO] Época 11/30, Batch 3300/3348, Loss: 0.1259
2025-10-10 03:21:47,738 [INFO] [11/30] Train Loss: 0.1559 | Val Loss: 0.1598 | Tempo: 19.80s
2025-10-10 03:21:48,325 [INFO] Época 12/30, Batch 50/3348, Loss: 0.1841
2025-10-10 03:21:48,595 [INFO] Época 12/30, Batch 100/3348, Loss: 0.1701
2025-10-10 03:21:48,862 [INFO] Época 12/30, Batch 150/3348, Loss: 0.1516
2025-10-10 03:21:49,128 [INFO] Época 12/30, Batch 200/3348, Loss: 0.1219
2025-10-10 03:21:49,393 [INFO] Época 12/30, Batch 250/3348, Loss: 0.1514
2025-10-10 03:21:49,658 [INFO] Época 12/30, Batch 300/3348, Loss: 0.1765
2025-10-10 03:21:49,923 [INFO] Época 12/30, Batch 350/3348, Loss: 0.1655
2025-10-10 03:21:50,187 [INFO] Época 12/30, Batch 400/3348, Loss: 0.1259
2025-10-10 03:21:50,452 [INFO] Época 12/30, Batch 450/3348, Loss: 0.1467
2025-10-10 03:21:50,716 [INFO] Época 12/30, Batch 500/3348, Loss: 0.1888
2025-10-10 03:21:50,978 [INFO] Época 12/30, Batch 550/3348, Loss: 0.1079
2025-10-10 03:21:51,240 [INFO] Época 12/30, Batch 600/3348, Loss: 0.1969
2025-10-10 03:21:51,505 [INFO] Época 12/30, Batch 650/3348, Loss: 0.1424
2025-10-10 03:21:51,769 [INFO] Época 12/30, Batch 700/3348, Loss: 0.1943
2025-10-10 03:21:52,031 [INFO] Época 12/30, Batch 750/3348, Loss: 0.1858
2025-10-10 03:21:52,292 [INFO] Época 12/30, Batch 800/3348, Loss: 0.1503
2025-10-10 03:21:52,555 [INFO] Época 12/30, Batch 850/3348, Loss: 0.2151
2025-10-10 03:21:52,815 [INFO] Época 12/30, Batch 900/3348, Loss: 0.1654
2025-10-10 03:21:53,076 [INFO] Época 12/30, Batch 950/3348, Loss: 0.1242
2025-10-10 03:21:53,336 [INFO] Época 12/30, Batch 1000/3348, Loss: 0.1409
2025-10-10 03:21:53,596 [INFO] Época 12/30, Batch 1050/3348, Loss: 0.1410
2025-10-10 03:21:53,855 [INFO] Época 12/30, Batch 1100/3348, Loss: 0.0991
2025-10-10 03:21:54,116 [INFO] Época 12/30, Batch 1150/3348, Loss: 0.1360
2025-10-10 03:21:54,378 [INFO] Época 12/30, Batch 1200/3348, Loss: 0.1128
2025-10-10 03:21:54,642 [INFO] Época 12/30, Batch 1250/3348, Loss: 0.1400
2025-10-10 03:21:54,905 [INFO] Época 12/30, Batch 1300/3348, Loss: 0.1961
2025-10-10 03:21:55,168 [INFO] Época 12/30, Batch 1350/3348, Loss: 0.2036
2025-10-10 03:21:55,432 [INFO] Época 12/30, Batch 1400/3348, Loss: 0.1235
2025-10-10 03:21:55,696 [INFO] Época 12/30, Batch 1450/3348, Loss: 0.1549
2025-10-10 03:21:55,960 [INFO] Época 12/30, Batch 1500/3348, Loss: 0.1766
2025-10-10 03:21:56,223 [INFO] Época 12/30, Batch 1550/3348, Loss: 0.1344
2025-10-10 03:21:56,491 [INFO] Época 12/30, Batch 1600/3348, Loss: 0.1374
2025-10-10 03:21:56,756 [INFO] Época 12/30, Batch 1650/3348, Loss: 0.1726
2025-10-10 03:21:57,021 [INFO] Época 12/30, Batch 1700/3348, Loss: 0.1695
2025-10-10 03:21:57,285 [INFO] Época 12/30, Batch 1750/3348, Loss: 0.1817
2025-10-10 03:21:57,551 [INFO] Época 12/30, Batch 1800/3348, Loss: 0.1307
2025-10-10 03:21:57,818 [INFO] Época 12/30, Batch 1850/3348, Loss: 0.1526
2025-10-10 03:21:58,083 [INFO] Época 12/30, Batch 1900/3348, Loss: 0.1895
2025-10-10 03:21:58,347 [INFO] Época 12/30, Batch 1950/3348, Loss: 0.1037
2025-10-10 03:21:58,609 [INFO] Época 12/30, Batch 2000/3348, Loss: 0.1276
2025-10-10 03:21:58,872 [INFO] Época 12/30, Batch 2050/3348, Loss: 0.2597
2025-10-10 03:21:59,134 [INFO] Época 12/30, Batch 2100/3348, Loss: 0.1356
2025-10-10 03:21:59,396 [INFO] Época 12/30, Batch 2150/3348, Loss: 0.1915
2025-10-10 03:21:59,658 [INFO] Época 12/30, Batch 2200/3348, Loss: 0.1755
2025-10-10 03:21:59,920 [INFO] Época 12/30, Batch 2250/3348, Loss: 0.2007
2025-10-10 03:22:00,183 [INFO] Época 12/30, Batch 2300/3348, Loss: 0.1561
2025-10-10 03:22:00,445 [INFO] Época 12/30, Batch 2350/3348, Loss: 0.1428
2025-10-10 03:22:00,707 [INFO] Época 12/30, Batch 2400/3348, Loss: 0.1764
2025-10-10 03:22:00,968 [INFO] Época 12/30, Batch 2450/3348, Loss: 0.2210
2025-10-10 03:22:01,231 [INFO] Época 12/30, Batch 2500/3348, Loss: 0.1382
2025-10-10 03:22:01,506 [INFO] Época 12/30, Batch 2550/3348, Loss: 0.1263
2025-10-10 03:22:01,767 [INFO] Época 12/30, Batch 2600/3348, Loss: 0.1566
2025-10-10 03:22:02,030 [INFO] Época 12/30, Batch 2650/3348, Loss: 0.1646
2025-10-10 03:22:02,294 [INFO] Época 12/30, Batch 2700/3348, Loss: 0.1386
2025-10-10 03:22:02,558 [INFO] Época 12/30, Batch 2750/3348, Loss: 0.1613
2025-10-10 03:22:02,824 [INFO] Época 12/30, Batch 2800/3348, Loss: 0.1137
2025-10-10 03:22:03,094 [INFO] Época 12/30, Batch 2850/3348, Loss: 0.1078
2025-10-10 03:22:03,357 [INFO] Época 12/30, Batch 2900/3348, Loss: 0.1637
2025-10-10 03:22:03,621 [INFO] Época 12/30, Batch 2950/3348, Loss: 0.1088
2025-10-10 03:22:03,888 [INFO] Época 12/30, Batch 3000/3348, Loss: 0.1801
2025-10-10 03:22:04,152 [INFO] Época 12/30, Batch 3050/3348, Loss: 0.1261
2025-10-10 03:22:04,414 [INFO] Época 12/30, Batch 3100/3348, Loss: 0.1351
2025-10-10 03:22:04,679 [INFO] Época 12/30, Batch 3150/3348, Loss: 0.1934
2025-10-10 03:22:04,941 [INFO] Época 12/30, Batch 3200/3348, Loss: 0.1523
2025-10-10 03:22:05,202 [INFO] Época 12/30, Batch 3250/3348, Loss: 0.1394
2025-10-10 03:22:05,466 [INFO] Época 12/30, Batch 3300/3348, Loss: 0.1437
2025-10-10 03:22:07,237 [INFO] [12/30] Train Loss: 0.1538 | Val Loss: 0.1533 | Tempo: 19.50s
2025-10-10 03:22:07,820 [INFO] Época 13/30, Batch 50/3348, Loss: 0.1170
2025-10-10 03:22:08,095 [INFO] Época 13/30, Batch 100/3348, Loss: 0.1825
2025-10-10 03:22:08,367 [INFO] Época 13/30, Batch 150/3348, Loss: 0.1261
2025-10-10 03:22:08,642 [INFO] Época 13/30, Batch 200/3348, Loss: 0.1301
2025-10-10 03:22:08,914 [INFO] Época 13/30, Batch 250/3348, Loss: 0.1520
2025-10-10 03:22:09,186 [INFO] Época 13/30, Batch 300/3348, Loss: 0.1364
2025-10-10 03:22:09,457 [INFO] Época 13/30, Batch 350/3348, Loss: 0.1024
2025-10-10 03:22:09,727 [INFO] Época 13/30, Batch 400/3348, Loss: 0.1569
2025-10-10 03:22:10,000 [INFO] Época 13/30, Batch 450/3348, Loss: 0.1931
2025-10-10 03:22:10,272 [INFO] Época 13/30, Batch 500/3348, Loss: 0.1246
2025-10-10 03:22:10,543 [INFO] Época 13/30, Batch 550/3348, Loss: 0.2023
2025-10-10 03:22:10,814 [INFO] Época 13/30, Batch 600/3348, Loss: 0.1244
2025-10-10 03:22:11,084 [INFO] Época 13/30, Batch 650/3348, Loss: 0.1305
2025-10-10 03:22:11,358 [INFO] Época 13/30, Batch 700/3348, Loss: 0.1403
2025-10-10 03:22:11,629 [INFO] Época 13/30, Batch 750/3348, Loss: 0.1118
2025-10-10 03:22:11,895 [INFO] Época 13/30, Batch 800/3348, Loss: 0.1197
2025-10-10 03:22:12,155 [INFO] Época 13/30, Batch 850/3348, Loss: 0.1205
2025-10-10 03:22:12,415 [INFO] Época 13/30, Batch 900/3348, Loss: 0.1086
2025-10-10 03:22:12,680 [INFO] Época 13/30, Batch 950/3348, Loss: 0.1010
2025-10-10 03:22:12,941 [INFO] Época 13/30, Batch 1000/3348, Loss: 0.1325
2025-10-10 03:22:13,201 [INFO] Época 13/30, Batch 1050/3348, Loss: 0.1409
2025-10-10 03:22:13,462 [INFO] Época 13/30, Batch 1100/3348, Loss: 0.1222
2025-10-10 03:22:13,728 [INFO] Época 13/30, Batch 1150/3348, Loss: 0.1805
2025-10-10 03:22:13,995 [INFO] Época 13/30, Batch 1200/3348, Loss: 0.1660
2025-10-10 03:22:14,256 [INFO] Época 13/30, Batch 1250/3348, Loss: 0.1501
2025-10-10 03:22:14,518 [INFO] Época 13/30, Batch 1300/3348, Loss: 0.1557
2025-10-10 03:22:14,778 [INFO] Época 13/30, Batch 1350/3348, Loss: 0.1020
2025-10-10 03:22:15,037 [INFO] Época 13/30, Batch 1400/3348, Loss: 0.1230
2025-10-10 03:22:15,297 [INFO] Época 13/30, Batch 1450/3348, Loss: 0.1745
2025-10-10 03:22:15,557 [INFO] Época 13/30, Batch 1500/3348, Loss: 0.1212
2025-10-10 03:22:15,817 [INFO] Época 13/30, Batch 1550/3348, Loss: 0.1633
2025-10-10 03:22:16,078 [INFO] Época 13/30, Batch 1600/3348, Loss: 0.1587
2025-10-10 03:22:16,338 [INFO] Época 13/30, Batch 1650/3348, Loss: 0.1711
2025-10-10 03:22:16,600 [INFO] Época 13/30, Batch 1700/3348, Loss: 0.1419
2025-10-10 03:22:16,869 [INFO] Época 13/30, Batch 1750/3348, Loss: 0.1959
2025-10-10 03:22:17,138 [INFO] Época 13/30, Batch 1800/3348, Loss: 0.1468
2025-10-10 03:22:17,407 [INFO] Época 13/30, Batch 1850/3348, Loss: 0.1369
2025-10-10 03:22:17,676 [INFO] Época 13/30, Batch 1900/3348, Loss: 0.0930
2025-10-10 03:22:17,944 [INFO] Época 13/30, Batch 1950/3348, Loss: 0.2287
2025-10-10 03:22:18,214 [INFO] Época 13/30, Batch 2000/3348, Loss: 0.1580
2025-10-10 03:22:18,483 [INFO] Época 13/30, Batch 2050/3348, Loss: 0.1317
2025-10-10 03:22:18,753 [INFO] Época 13/30, Batch 2100/3348, Loss: 0.1376
2025-10-10 03:22:19,021 [INFO] Época 13/30, Batch 2150/3348, Loss: 0.2085
2025-10-10 03:22:19,290 [INFO] Época 13/30, Batch 2200/3348, Loss: 0.1359
2025-10-10 03:22:19,561 [INFO] Época 13/30, Batch 2250/3348, Loss: 0.1311
2025-10-10 03:22:19,821 [INFO] Época 13/30, Batch 2300/3348, Loss: 0.1340
2025-10-10 03:22:20,081 [INFO] Época 13/30, Batch 2350/3348, Loss: 0.1700
2025-10-10 03:22:20,339 [INFO] Época 13/30, Batch 2400/3348, Loss: 0.1507
2025-10-10 03:22:20,599 [INFO] Época 13/30, Batch 2450/3348, Loss: 0.1503
2025-10-10 03:22:20,859 [INFO] Época 13/30, Batch 2500/3348, Loss: 0.1545
2025-10-10 03:22:21,118 [INFO] Época 13/30, Batch 2550/3348, Loss: 0.1817
2025-10-10 03:22:21,377 [INFO] Época 13/30, Batch 2600/3348, Loss: 0.1519
2025-10-10 03:22:21,636 [INFO] Época 13/30, Batch 2650/3348, Loss: 0.1506
2025-10-10 03:22:21,905 [INFO] Época 13/30, Batch 2700/3348, Loss: 0.1674
2025-10-10 03:22:22,175 [INFO] Época 13/30, Batch 2750/3348, Loss: 0.2715
2025-10-10 03:22:22,442 [INFO] Época 13/30, Batch 2800/3348, Loss: 0.1439
2025-10-10 03:22:22,710 [INFO] Época 13/30, Batch 2850/3348, Loss: 0.1301
2025-10-10 03:22:22,979 [INFO] Época 13/30, Batch 2900/3348, Loss: 0.2623
2025-10-10 03:22:23,249 [INFO] Época 13/30, Batch 2950/3348, Loss: 0.2139
2025-10-10 03:22:23,516 [INFO] Época 13/30, Batch 3000/3348, Loss: 0.1263
2025-10-10 03:22:23,778 [INFO] Época 13/30, Batch 3050/3348, Loss: 0.1481
2025-10-10 03:22:24,036 [INFO] Época 13/30, Batch 3100/3348, Loss: 0.1383
2025-10-10 03:22:24,297 [INFO] Época 13/30, Batch 3150/3348, Loss: 0.1353
2025-10-10 03:22:24,565 [INFO] Época 13/30, Batch 3200/3348, Loss: 0.1465
2025-10-10 03:22:24,834 [INFO] Época 13/30, Batch 3250/3348, Loss: 0.1505
2025-10-10 03:22:25,104 [INFO] Época 13/30, Batch 3300/3348, Loss: 0.1500
2025-10-10 03:22:27,066 [INFO] [13/30] Train Loss: 0.1518 | Val Loss: 0.1515 | Tempo: 19.83s
2025-10-10 03:22:27,071 [INFO] Melhor modelo salvo em: /mnt/hdd/home/jdurao/ToolBox-ChemXAI/models/mlp_qm9_Pattern_att7_large.pth
2025-10-10 03:22:27,674 [INFO] Época 14/30, Batch 50/3348, Loss: 0.1675
2025-10-10 03:22:27,960 [INFO] Época 14/30, Batch 100/3348, Loss: 0.1544
2025-10-10 03:22:28,248 [INFO] Época 14/30, Batch 150/3348, Loss: 0.1373
2025-10-10 03:22:28,507 [INFO] Época 14/30, Batch 200/3348, Loss: 0.1514
2025-10-10 03:22:28,768 [INFO] Época 14/30, Batch 250/3348, Loss: 0.1365
2025-10-10 03:22:29,026 [INFO] Época 14/30, Batch 300/3348, Loss: 0.1309
2025-10-10 03:22:29,285 [INFO] Época 14/30, Batch 350/3348, Loss: 0.1501
2025-10-10 03:22:29,543 [INFO] Época 14/30, Batch 400/3348, Loss: 0.1241
2025-10-10 03:22:29,808 [INFO] Época 14/30, Batch 450/3348, Loss: 0.1165
2025-10-10 03:22:30,080 [INFO] Época 14/30, Batch 500/3348, Loss: 0.1190
2025-10-10 03:22:30,349 [INFO] Época 14/30, Batch 550/3348, Loss: 0.1326
2025-10-10 03:22:30,625 [INFO] Época 14/30, Batch 600/3348, Loss: 0.1171
2025-10-10 03:22:30,879 [INFO] Época 14/30, Batch 650/3348, Loss: 0.1320
2025-10-10 03:22:31,131 [INFO] Época 14/30, Batch 700/3348, Loss: 0.1302
2025-10-10 03:22:31,384 [INFO] Época 14/30, Batch 750/3348, Loss: 0.1915
2025-10-10 03:22:31,640 [INFO] Época 14/30, Batch 800/3348, Loss: 0.2625
2025-10-10 03:22:31,894 [INFO] Época 14/30, Batch 850/3348, Loss: 0.1760
2025-10-10 03:22:32,149 [INFO] Época 14/30, Batch 900/3348, Loss: 0.1900
2025-10-10 03:22:32,407 [INFO] Época 14/30, Batch 950/3348, Loss: 0.1473
2025-10-10 03:22:32,663 [INFO] Época 14/30, Batch 1000/3348, Loss: 0.1346
2025-10-10 03:22:32,915 [INFO] Época 14/30, Batch 1050/3348, Loss: 0.1402
2025-10-10 03:22:33,168 [INFO] Época 14/30, Batch 1100/3348, Loss: 0.1606
2025-10-10 03:22:33,433 [INFO] Época 14/30, Batch 1150/3348, Loss: 0.1236
2025-10-10 03:22:33,689 [INFO] Época 14/30, Batch 1200/3348, Loss: 0.1637
2025-10-10 03:22:33,951 [INFO] Época 14/30, Batch 1250/3348, Loss: 0.1815
2025-10-10 03:22:34,210 [INFO] Época 14/30, Batch 1300/3348, Loss: 0.1604
2025-10-10 03:22:34,471 [INFO] Época 14/30, Batch 1350/3348, Loss: 0.1577
2025-10-10 03:22:34,729 [INFO] Época 14/30, Batch 1400/3348, Loss: 0.1008
2025-10-10 03:22:34,986 [INFO] Época 14/30, Batch 1450/3348, Loss: 0.1821
2025-10-10 03:22:35,245 [INFO] Época 14/30, Batch 1500/3348, Loss: 0.1114
2025-10-10 03:22:35,508 [INFO] Época 14/30, Batch 1550/3348, Loss: 0.1314
2025-10-10 03:22:35,768 [INFO] Época 14/30, Batch 1600/3348, Loss: 0.0988
2025-10-10 03:22:36,028 [INFO] Época 14/30, Batch 1650/3348, Loss: 0.1386
2025-10-10 03:22:36,290 [INFO] Época 14/30, Batch 1700/3348, Loss: 0.1080
2025-10-10 03:22:36,553 [INFO] Época 14/30, Batch 1750/3348, Loss: 0.1591
2025-10-10 03:22:36,813 [INFO] Época 14/30, Batch 1800/3348, Loss: 0.1495
2025-10-10 03:22:37,071 [INFO] Época 14/30, Batch 1850/3348, Loss: 0.1146
2025-10-10 03:22:37,330 [INFO] Época 14/30, Batch 1900/3348, Loss: 0.1083
2025-10-10 03:22:37,591 [INFO] Época 14/30, Batch 1950/3348, Loss: 0.2318
2025-10-10 03:22:37,851 [INFO] Época 14/30, Batch 2000/3348, Loss: 0.1849
2025-10-10 03:22:38,111 [INFO] Época 14/30, Batch 2050/3348, Loss: 0.1035
2025-10-10 03:22:38,375 [INFO] Época 14/30, Batch 2100/3348, Loss: 0.1447
2025-10-10 03:22:38,642 [INFO] Época 14/30, Batch 2150/3348, Loss: 0.1515
2025-10-10 03:22:38,908 [INFO] Época 14/30, Batch 2200/3348, Loss: 0.2016
2025-10-10 03:22:39,175 [INFO] Época 14/30, Batch 2250/3348, Loss: 0.1729
2025-10-10 03:22:39,435 [INFO] Época 14/30, Batch 2300/3348, Loss: 0.1924
2025-10-10 03:22:39,695 [INFO] Época 14/30, Batch 2350/3348, Loss: 0.1463
2025-10-10 03:22:39,953 [INFO] Época 14/30, Batch 2400/3348, Loss: 0.2087
2025-10-10 03:22:40,213 [INFO] Época 14/30, Batch 2450/3348, Loss: 0.1743
2025-10-10 03:22:40,473 [INFO] Época 14/30, Batch 2500/3348, Loss: 0.1224
2025-10-10 03:22:40,739 [INFO] Época 14/30, Batch 2550/3348, Loss: 0.5789
2025-10-10 03:22:41,007 [INFO] Época 14/30, Batch 2600/3348, Loss: 0.1499
2025-10-10 03:22:41,277 [INFO] Época 14/30, Batch 2650/3348, Loss: 0.1669
2025-10-10 03:22:41,555 [INFO] Época 14/30, Batch 2700/3348, Loss: 0.1130
2025-10-10 03:22:41,822 [INFO] Época 14/30, Batch 2750/3348, Loss: 0.1466
2025-10-10 03:22:42,087 [INFO] Época 14/30, Batch 2800/3348, Loss: 0.1393
2025-10-10 03:22:42,356 [INFO] Época 14/30, Batch 2850/3348, Loss: 0.1300
2025-10-10 03:22:42,624 [INFO] Época 14/30, Batch 2900/3348, Loss: 0.1947
2025-10-10 03:22:42,894 [INFO] Época 14/30, Batch 2950/3348, Loss: 0.1568
2025-10-10 03:22:43,165 [INFO] Época 14/30, Batch 3000/3348, Loss: 0.1267
2025-10-10 03:22:43,437 [INFO] Época 14/30, Batch 3050/3348, Loss: 0.1261
2025-10-10 03:22:43,719 [INFO] Época 14/30, Batch 3100/3348, Loss: 0.1205
2025-10-10 03:22:43,989 [INFO] Época 14/30, Batch 3150/3348, Loss: 0.1976
2025-10-10 03:22:44,258 [INFO] Época 14/30, Batch 3200/3348, Loss: 0.1266
2025-10-10 03:22:44,529 [INFO] Época 14/30, Batch 3250/3348, Loss: 0.1432
2025-10-10 03:22:44,801 [INFO] Época 14/30, Batch 3300/3348, Loss: 0.1406
2025-10-10 03:22:46,571 [INFO] [14/30] Train Loss: 0.1506 | Val Loss: 0.1542 | Tempo: 19.50s
2025-10-10 03:22:47,157 [INFO] Época 15/30, Batch 50/3348, Loss: 0.1905
2025-10-10 03:22:47,435 [INFO] Época 15/30, Batch 100/3348, Loss: 0.1196
2025-10-10 03:22:47,712 [INFO] Época 15/30, Batch 150/3348, Loss: 0.1400
2025-10-10 03:22:47,986 [INFO] Época 15/30, Batch 200/3348, Loss: 0.1502
2025-10-10 03:22:48,261 [INFO] Época 15/30, Batch 250/3348, Loss: 0.1606
2025-10-10 03:22:48,534 [INFO] Época 15/30, Batch 300/3348, Loss: 0.1195
2025-10-10 03:22:48,807 [INFO] Época 15/30, Batch 350/3348, Loss: 0.1371
2025-10-10 03:22:49,074 [INFO] Época 15/30, Batch 400/3348, Loss: 0.1182
2025-10-10 03:22:49,337 [INFO] Época 15/30, Batch 450/3348, Loss: 0.1518
2025-10-10 03:22:49,604 [INFO] Época 15/30, Batch 500/3348, Loss: 0.1335
2025-10-10 03:22:49,879 [INFO] Época 15/30, Batch 550/3348, Loss: 0.2412
2025-10-10 03:22:50,148 [INFO] Época 15/30, Batch 600/3348, Loss: 0.1662
2025-10-10 03:22:50,409 [INFO] Época 15/30, Batch 650/3348, Loss: 0.1630
2025-10-10 03:22:50,670 [INFO] Época 15/30, Batch 700/3348, Loss: 0.1704
2025-10-10 03:22:50,931 [INFO] Época 15/30, Batch 750/3348, Loss: 0.1235
2025-10-10 03:22:51,195 [INFO] Época 15/30, Batch 800/3348, Loss: 0.1242
2025-10-10 03:22:51,458 [INFO] Época 15/30, Batch 850/3348, Loss: 0.2118
2025-10-10 03:22:51,719 [INFO] Época 15/30, Batch 900/3348, Loss: 0.1565
2025-10-10 03:22:51,972 [INFO] Época 15/30, Batch 950/3348, Loss: 0.1703
2025-10-10 03:22:52,226 [INFO] Época 15/30, Batch 1000/3348, Loss: 0.1312
2025-10-10 03:22:52,481 [INFO] Época 15/30, Batch 1050/3348, Loss: 0.2016
2025-10-10 03:22:52,741 [INFO] Época 15/30, Batch 1100/3348, Loss: 0.1146
2025-10-10 03:22:53,014 [INFO] Época 15/30, Batch 1150/3348, Loss: 0.1357
2025-10-10 03:22:53,285 [INFO] Época 15/30, Batch 1200/3348, Loss: 0.1488
2025-10-10 03:22:53,557 [INFO] Época 15/30, Batch 1250/3348, Loss: 0.1497
2025-10-10 03:22:53,830 [INFO] Época 15/30, Batch 1300/3348, Loss: 0.2068
2025-10-10 03:22:54,103 [INFO] Época 15/30, Batch 1350/3348, Loss: 0.1668
2025-10-10 03:22:54,374 [INFO] Época 15/30, Batch 1400/3348, Loss: 0.1580
2025-10-10 03:22:54,648 [INFO] Época 15/30, Batch 1450/3348, Loss: 0.1424
2025-10-10 03:22:54,920 [INFO] Época 15/30, Batch 1500/3348, Loss: 0.1654
2025-10-10 03:22:55,194 [INFO] Época 15/30, Batch 1550/3348, Loss: 0.1729
2025-10-10 03:22:55,468 [INFO] Época 15/30, Batch 1600/3348, Loss: 0.2089
2025-10-10 03:22:55,741 [INFO] Época 15/30, Batch 1650/3348, Loss: 0.1905
2025-10-10 03:22:56,011 [INFO] Época 15/30, Batch 1700/3348, Loss: 0.1480
2025-10-10 03:22:56,284 [INFO] Época 15/30, Batch 1750/3348, Loss: 0.1803
2025-10-10 03:22:56,559 [INFO] Época 15/30, Batch 1800/3348, Loss: 0.1300
2025-10-10 03:22:56,832 [INFO] Época 15/30, Batch 1850/3348, Loss: 0.1875
2025-10-10 03:22:57,102 [INFO] Época 15/30, Batch 1900/3348, Loss: 0.1579
2025-10-10 03:22:57,377 [INFO] Época 15/30, Batch 1950/3348, Loss: 0.1833
2025-10-10 03:22:57,649 [INFO] Época 15/30, Batch 2000/3348, Loss: 0.1108
2025-10-10 03:22:57,926 [INFO] Época 15/30, Batch 2050/3348, Loss: 0.1162
2025-10-10 03:22:58,201 [INFO] Época 15/30, Batch 2100/3348, Loss: 0.1127
2025-10-10 03:22:58,475 [INFO] Época 15/30, Batch 2150/3348, Loss: 0.1285
2025-10-10 03:22:58,748 [INFO] Época 15/30, Batch 2200/3348, Loss: 0.0869
2025-10-10 03:22:59,032 [INFO] Época 15/30, Batch 2250/3348, Loss: 0.1438
2025-10-10 03:22:59,303 [INFO] Época 15/30, Batch 2300/3348, Loss: 0.1972
2025-10-10 03:22:59,577 [INFO] Época 15/30, Batch 2350/3348, Loss: 0.1231
2025-10-10 03:22:59,849 [INFO] Época 15/30, Batch 2400/3348, Loss: 0.1198
2025-10-10 03:23:00,123 [INFO] Época 15/30, Batch 2450/3348, Loss: 0.1141
2025-10-10 03:23:00,393 [INFO] Época 15/30, Batch 2500/3348, Loss: 0.0865
2025-10-10 03:23:00,667 [INFO] Época 15/30, Batch 2550/3348, Loss: 0.1774
2025-10-10 03:23:00,934 [INFO] Época 15/30, Batch 2600/3348, Loss: 0.1345
2025-10-10 03:23:01,199 [INFO] Época 15/30, Batch 2650/3348, Loss: 0.1501
2025-10-10 03:23:01,463 [INFO] Época 15/30, Batch 2700/3348, Loss: 0.1610
2025-10-10 03:23:01,727 [INFO] Época 15/30, Batch 2750/3348, Loss: 0.1138
2025-10-10 03:23:01,994 [INFO] Época 15/30, Batch 2800/3348, Loss: 0.1147
2025-10-10 03:23:02,267 [INFO] Época 15/30, Batch 2850/3348, Loss: 0.1579
2025-10-10 03:23:02,539 [INFO] Época 15/30, Batch 2900/3348, Loss: 0.1644
2025-10-10 03:23:02,809 [INFO] Época 15/30, Batch 2950/3348, Loss: 0.1837
2025-10-10 03:23:03,081 [INFO] Época 15/30, Batch 3000/3348, Loss: 0.1150
2025-10-10 03:23:03,356 [INFO] Época 15/30, Batch 3050/3348, Loss: 0.1970
2025-10-10 03:23:03,626 [INFO] Época 15/30, Batch 3100/3348, Loss: 0.1194
2025-10-10 03:23:03,893 [INFO] Época 15/30, Batch 3150/3348, Loss: 0.1225
2025-10-10 03:23:04,170 [INFO] Época 15/30, Batch 3200/3348, Loss: 0.1400
2025-10-10 03:23:04,435 [INFO] Época 15/30, Batch 3250/3348, Loss: 0.1061
2025-10-10 03:23:04,709 [INFO] Época 15/30, Batch 3300/3348, Loss: 0.1483
2025-10-10 03:23:06,652 [INFO] [15/30] Train Loss: 0.1487 | Val Loss: 0.1565 | Tempo: 20.08s
2025-10-10 03:23:07,236 [INFO] Época 16/30, Batch 50/3348, Loss: 0.1219
2025-10-10 03:23:07,504 [INFO] Época 16/30, Batch 100/3348, Loss: 0.1433
2025-10-10 03:23:07,772 [INFO] Época 16/30, Batch 150/3348, Loss: 0.1665
2025-10-10 03:23:08,037 [INFO] Época 16/30, Batch 200/3348, Loss: 0.1403
2025-10-10 03:23:08,303 [INFO] Época 16/30, Batch 250/3348, Loss: 0.0834
2025-10-10 03:23:08,566 [INFO] Época 16/30, Batch 300/3348, Loss: 0.1345
2025-10-10 03:23:08,832 [INFO] Época 16/30, Batch 350/3348, Loss: 0.1372
2025-10-10 03:23:09,094 [INFO] Época 16/30, Batch 400/3348, Loss: 0.1910
2025-10-10 03:23:09,357 [INFO] Época 16/30, Batch 450/3348, Loss: 0.1153
2025-10-10 03:23:09,620 [INFO] Época 16/30, Batch 500/3348, Loss: 0.1446
2025-10-10 03:23:09,887 [INFO] Época 16/30, Batch 550/3348, Loss: 0.1394
2025-10-10 03:23:10,152 [INFO] Época 16/30, Batch 600/3348, Loss: 0.1688
2025-10-10 03:23:10,413 [INFO] Época 16/30, Batch 650/3348, Loss: 0.1818
2025-10-10 03:23:10,674 [INFO] Época 16/30, Batch 700/3348, Loss: 0.0957
2025-10-10 03:23:10,934 [INFO] Época 16/30, Batch 750/3348, Loss: 0.1719
2025-10-10 03:23:11,196 [INFO] Época 16/30, Batch 800/3348, Loss: 0.1270
2025-10-10 03:23:11,457 [INFO] Época 16/30, Batch 850/3348, Loss: 0.1682
2025-10-10 03:23:11,717 [INFO] Época 16/30, Batch 900/3348, Loss: 0.1321
2025-10-10 03:23:11,978 [INFO] Época 16/30, Batch 950/3348, Loss: 0.1160
2025-10-10 03:23:12,238 [INFO] Época 16/30, Batch 1000/3348, Loss: 0.1265
2025-10-10 03:23:12,500 [INFO] Época 16/30, Batch 1050/3348, Loss: 0.1669
2025-10-10 03:23:12,762 [INFO] Época 16/30, Batch 1100/3348, Loss: 0.2148
2025-10-10 03:23:13,026 [INFO] Época 16/30, Batch 1150/3348, Loss: 0.1503
2025-10-10 03:23:13,291 [INFO] Época 16/30, Batch 1200/3348, Loss: 0.1723
2025-10-10 03:23:13,556 [INFO] Época 16/30, Batch 1250/3348, Loss: 0.1157
2025-10-10 03:23:13,821 [INFO] Época 16/30, Batch 1300/3348, Loss: 0.1489
2025-10-10 03:23:14,087 [INFO] Época 16/30, Batch 1350/3348, Loss: 0.1317
2025-10-10 03:23:14,351 [INFO] Época 16/30, Batch 1400/3348, Loss: 0.1323
2025-10-10 03:23:14,627 [INFO] Época 16/30, Batch 1450/3348, Loss: 0.1465
2025-10-10 03:23:14,897 [INFO] Época 16/30, Batch 1500/3348, Loss: 0.1841
2025-10-10 03:23:15,166 [INFO] Época 16/30, Batch 1550/3348, Loss: 0.1431
2025-10-10 03:23:15,432 [INFO] Época 16/30, Batch 1600/3348, Loss: 0.2206
2025-10-10 03:23:15,696 [INFO] Época 16/30, Batch 1650/3348, Loss: 0.1125
2025-10-10 03:23:15,961 [INFO] Época 16/30, Batch 1700/3348, Loss: 0.1723
2025-10-10 03:23:16,226 [INFO] Época 16/30, Batch 1750/3348, Loss: 0.1641
2025-10-10 03:23:16,491 [INFO] Época 16/30, Batch 1800/3348, Loss: 0.1272
2025-10-10 03:23:16,755 [INFO] Época 16/30, Batch 1850/3348, Loss: 0.1151
2025-10-10 03:23:17,022 [INFO] Época 16/30, Batch 1900/3348, Loss: 0.1936
2025-10-10 03:23:17,292 [INFO] Época 16/30, Batch 1950/3348, Loss: 0.1718
2025-10-10 03:23:17,560 [INFO] Época 16/30, Batch 2000/3348, Loss: 0.2524
2025-10-10 03:23:17,826 [INFO] Época 16/30, Batch 2050/3348, Loss: 0.1625
2025-10-10 03:23:18,098 [INFO] Época 16/30, Batch 2100/3348, Loss: 0.1373
2025-10-10 03:23:18,366 [INFO] Época 16/30, Batch 2150/3348, Loss: 0.0720
2025-10-10 03:23:18,636 [INFO] Época 16/30, Batch 2200/3348, Loss: 0.1078
2025-10-10 03:23:18,904 [INFO] Época 16/30, Batch 2250/3348, Loss: 0.1273
2025-10-10 03:23:19,171 [INFO] Época 16/30, Batch 2300/3348, Loss: 0.2096
2025-10-10 03:23:19,437 [INFO] Época 16/30, Batch 2350/3348, Loss: 0.1187
2025-10-10 03:23:19,713 [INFO] Época 16/30, Batch 2400/3348, Loss: 0.2126
2025-10-10 03:23:19,976 [INFO] Época 16/30, Batch 2450/3348, Loss: 0.1541
2025-10-10 03:23:20,241 [INFO] Época 16/30, Batch 2500/3348, Loss: 0.1756
2025-10-10 03:23:20,504 [INFO] Época 16/30, Batch 2550/3348, Loss: 0.1300
2025-10-10 03:23:20,769 [INFO] Época 16/30, Batch 2600/3348, Loss: 0.1868
2025-10-10 03:23:21,033 [INFO] Época 16/30, Batch 2650/3348, Loss: 0.1505
2025-10-10 03:23:21,296 [INFO] Época 16/30, Batch 2700/3348, Loss: 0.1748
2025-10-10 03:23:21,558 [INFO] Época 16/30, Batch 2750/3348, Loss: 0.1987
2025-10-10 03:23:21,825 [INFO] Época 16/30, Batch 2800/3348, Loss: 0.1295
2025-10-10 03:23:22,092 [INFO] Época 16/30, Batch 2850/3348, Loss: 0.1607
2025-10-10 03:23:22,361 [INFO] Época 16/30, Batch 2900/3348, Loss: 0.1734
2025-10-10 03:23:22,627 [INFO] Época 16/30, Batch 2950/3348, Loss: 0.1157
2025-10-10 03:23:22,895 [INFO] Época 16/30, Batch 3000/3348, Loss: 0.1736
2025-10-10 03:23:23,168 [INFO] Época 16/30, Batch 3050/3348, Loss: 0.1215
2025-10-10 03:23:23,438 [INFO] Época 16/30, Batch 3100/3348, Loss: 0.2698
2025-10-10 03:23:23,704 [INFO] Época 16/30, Batch 3150/3348, Loss: 0.1408
2025-10-10 03:23:23,967 [INFO] Época 16/30, Batch 3200/3348, Loss: 0.1553
2025-10-10 03:23:24,231 [INFO] Época 16/30, Batch 3250/3348, Loss: 0.1149
2025-10-10 03:23:24,496 [INFO] Época 16/30, Batch 3300/3348, Loss: 0.1950
2025-10-10 03:23:26,381 [INFO] [16/30] Train Loss: 0.1475 | Val Loss: 0.1529 | Tempo: 19.73s
2025-10-10 03:23:26,964 [INFO] Época 17/30, Batch 50/3348, Loss: 0.1246
2025-10-10 03:23:27,235 [INFO] Época 17/30, Batch 100/3348, Loss: 0.1568
2025-10-10 03:23:27,504 [INFO] Época 17/30, Batch 150/3348, Loss: 0.2280
2025-10-10 03:23:27,770 [INFO] Época 17/30, Batch 200/3348, Loss: 0.1295
2025-10-10 03:23:28,034 [INFO] Época 17/30, Batch 250/3348, Loss: 0.1801
2025-10-10 03:23:28,298 [INFO] Época 17/30, Batch 300/3348, Loss: 0.1577
2025-10-10 03:23:28,564 [INFO] Época 17/30, Batch 350/3348, Loss: 0.1290
2025-10-10 03:23:28,828 [INFO] Época 17/30, Batch 400/3348, Loss: 0.1611
2025-10-10 03:23:29,091 [INFO] Época 17/30, Batch 450/3348, Loss: 0.1554
2025-10-10 03:23:29,355 [INFO] Época 17/30, Batch 500/3348, Loss: 0.1676
2025-10-10 03:23:29,620 [INFO] Época 17/30, Batch 550/3348, Loss: 0.1646
2025-10-10 03:23:29,895 [INFO] Época 17/30, Batch 600/3348, Loss: 0.1272
2025-10-10 03:23:30,161 [INFO] Época 17/30, Batch 650/3348, Loss: 0.1348
2025-10-10 03:23:30,426 [INFO] Época 17/30, Batch 700/3348, Loss: 0.1156
2025-10-10 03:23:30,692 [INFO] Época 17/30, Batch 750/3348, Loss: 0.1520
2025-10-10 03:23:30,956 [INFO] Época 17/30, Batch 800/3348, Loss: 0.0998
2025-10-10 03:23:31,222 [INFO] Época 17/30, Batch 850/3348, Loss: 0.1556
2025-10-10 03:23:31,486 [INFO] Época 17/30, Batch 900/3348, Loss: 0.1782
2025-10-10 03:23:31,749 [INFO] Época 17/30, Batch 950/3348, Loss: 0.1140
2025-10-10 03:23:32,014 [INFO] Época 17/30, Batch 1000/3348, Loss: 0.1013
2025-10-10 03:23:32,278 [INFO] Época 17/30, Batch 1050/3348, Loss: 0.1380
2025-10-10 03:23:32,542 [INFO] Época 17/30, Batch 1100/3348, Loss: 0.1240
2025-10-10 03:23:32,805 [INFO] Época 17/30, Batch 1150/3348, Loss: 0.1068
2025-10-10 03:23:33,069 [INFO] Época 17/30, Batch 1200/3348, Loss: 0.1275
2025-10-10 03:23:33,335 [INFO] Época 17/30, Batch 1250/3348, Loss: 0.1406
2025-10-10 03:23:33,602 [INFO] Época 17/30, Batch 1300/3348, Loss: 0.1415
2025-10-10 03:23:33,865 [INFO] Época 17/30, Batch 1350/3348, Loss: 0.1825
2025-10-10 03:23:34,130 [INFO] Época 17/30, Batch 1400/3348, Loss: 0.1427
2025-10-10 03:23:34,393 [INFO] Época 17/30, Batch 1450/3348, Loss: 0.2237
2025-10-10 03:23:34,657 [INFO] Época 17/30, Batch 1500/3348, Loss: 0.1159
2025-10-10 03:23:34,935 [INFO] Época 17/30, Batch 1550/3348, Loss: 0.1474
2025-10-10 03:23:35,199 [INFO] Época 17/30, Batch 1600/3348, Loss: 0.2030
2025-10-10 03:23:35,465 [INFO] Época 17/30, Batch 1650/3348, Loss: 0.1408
2025-10-10 03:23:35,727 [INFO] Época 17/30, Batch 1700/3348, Loss: 0.1501
2025-10-10 03:23:35,989 [INFO] Época 17/30, Batch 1750/3348, Loss: 0.1195
2025-10-10 03:23:36,249 [INFO] Época 17/30, Batch 1800/3348, Loss: 0.0998
2025-10-10 03:23:36,512 [INFO] Época 17/30, Batch 1850/3348, Loss: 0.2564
2025-10-10 03:23:36,777 [INFO] Época 17/30, Batch 1900/3348, Loss: 0.1422
2025-10-10 03:23:37,042 [INFO] Época 17/30, Batch 1950/3348, Loss: 0.1890
2025-10-10 03:23:37,306 [INFO] Época 17/30, Batch 2000/3348, Loss: 0.1583
2025-10-10 03:23:37,570 [INFO] Época 17/30, Batch 2050/3348, Loss: 0.1733
2025-10-10 03:23:37,835 [INFO] Época 17/30, Batch 2100/3348, Loss: 0.1151
2025-10-10 03:23:38,100 [INFO] Época 17/30, Batch 2150/3348, Loss: 0.1771
2025-10-10 03:23:38,364 [INFO] Época 17/30, Batch 2200/3348, Loss: 0.1345
2025-10-10 03:23:38,627 [INFO] Época 17/30, Batch 2250/3348, Loss: 0.1431
2025-10-10 03:23:38,890 [INFO] Época 17/30, Batch 2300/3348, Loss: 0.1655
2025-10-10 03:23:39,153 [INFO] Época 17/30, Batch 2350/3348, Loss: 0.1778
2025-10-10 03:23:39,418 [INFO] Época 17/30, Batch 2400/3348, Loss: 0.1152
2025-10-10 03:23:39,681 [INFO] Época 17/30, Batch 2450/3348, Loss: 0.1507
2025-10-10 03:23:39,943 [INFO] Época 17/30, Batch 2500/3348, Loss: 0.1746
2025-10-10 03:23:40,207 [INFO] Época 17/30, Batch 2550/3348, Loss: 0.1382
2025-10-10 03:23:40,470 [INFO] Época 17/30, Batch 2600/3348, Loss: 0.1381
2025-10-10 03:23:40,736 [INFO] Época 17/30, Batch 2650/3348, Loss: 0.1764
2025-10-10 03:23:40,997 [INFO] Época 17/30, Batch 2700/3348, Loss: 0.1461
2025-10-10 03:23:41,260 [INFO] Época 17/30, Batch 2750/3348, Loss: 0.1381
2025-10-10 03:23:41,522 [INFO] Época 17/30, Batch 2800/3348, Loss: 0.1113
2025-10-10 03:23:41,786 [INFO] Época 17/30, Batch 2850/3348, Loss: 0.1005
2025-10-10 03:23:42,050 [INFO] Época 17/30, Batch 2900/3348, Loss: 0.1670
2025-10-10 03:23:42,312 [INFO] Época 17/30, Batch 2950/3348, Loss: 0.1176
2025-10-10 03:23:42,574 [INFO] Época 17/30, Batch 3000/3348, Loss: 0.1017
2025-10-10 03:23:42,838 [INFO] Época 17/30, Batch 3050/3348, Loss: 0.1308
2025-10-10 03:23:43,102 [INFO] Época 17/30, Batch 3100/3348, Loss: 0.1004
2025-10-10 03:23:43,367 [INFO] Época 17/30, Batch 3150/3348, Loss: 0.1605
2025-10-10 03:23:43,631 [INFO] Época 17/30, Batch 3200/3348, Loss: 0.1112
2025-10-10 03:23:43,893 [INFO] Época 17/30, Batch 3250/3348, Loss: 0.1482
2025-10-10 03:23:44,155 [INFO] Época 17/30, Batch 3300/3348, Loss: 0.1814
2025-10-10 03:23:46,077 [INFO] [17/30] Train Loss: 0.1455 | Val Loss: 0.1492 | Tempo: 19.70s
2025-10-10 03:23:46,082 [INFO] Melhor modelo salvo em: /mnt/hdd/home/jdurao/ToolBox-ChemXAI/models/mlp_qm9_Pattern_att7_large.pth
2025-10-10 03:23:46,670 [INFO] Época 18/30, Batch 50/3348, Loss: 0.1920
2025-10-10 03:23:46,941 [INFO] Época 18/30, Batch 100/3348, Loss: 0.1501
2025-10-10 03:23:47,211 [INFO] Época 18/30, Batch 150/3348, Loss: 0.1779
2025-10-10 03:23:47,479 [INFO] Época 18/30, Batch 200/3348, Loss: 0.1755
2025-10-10 03:23:47,747 [INFO] Época 18/30, Batch 250/3348, Loss: 0.1726
2025-10-10 03:23:48,013 [INFO] Época 18/30, Batch 300/3348, Loss: 0.1639
2025-10-10 03:23:48,275 [INFO] Época 18/30, Batch 350/3348, Loss: 0.1267
2025-10-10 03:23:48,538 [INFO] Época 18/30, Batch 400/3348, Loss: 0.1315
2025-10-10 03:23:48,803 [INFO] Época 18/30, Batch 450/3348, Loss: 0.1412
2025-10-10 03:23:49,069 [INFO] Época 18/30, Batch 500/3348, Loss: 0.1751
2025-10-10 03:23:49,331 [INFO] Época 18/30, Batch 550/3348, Loss: 0.1829
2025-10-10 03:23:49,597 [INFO] Época 18/30, Batch 600/3348, Loss: 0.1134
2025-10-10 03:23:49,863 [INFO] Época 18/30, Batch 650/3348, Loss: 0.1354
2025-10-10 03:23:50,128 [INFO] Época 18/30, Batch 700/3348, Loss: 0.1618
2025-10-10 03:23:50,393 [INFO] Época 18/30, Batch 750/3348, Loss: 0.1055
2025-10-10 03:23:50,656 [INFO] Época 18/30, Batch 800/3348, Loss: 0.1736
2025-10-10 03:23:50,919 [INFO] Época 18/30, Batch 850/3348, Loss: 0.1856
2025-10-10 03:23:51,186 [INFO] Época 18/30, Batch 900/3348, Loss: 0.2764
2025-10-10 03:23:51,464 [INFO] Época 18/30, Batch 950/3348, Loss: 0.1498
2025-10-10 03:23:51,728 [INFO] Época 18/30, Batch 1000/3348, Loss: 0.1110
2025-10-10 03:23:51,993 [INFO] Época 18/30, Batch 1050/3348, Loss: 0.1850
2025-10-10 03:23:52,256 [INFO] Época 18/30, Batch 1100/3348, Loss: 0.1375
2025-10-10 03:23:52,523 [INFO] Época 18/30, Batch 1150/3348, Loss: 0.1508
2025-10-10 03:23:52,787 [INFO] Época 18/30, Batch 1200/3348, Loss: 0.1477
2025-10-10 03:23:53,054 [INFO] Época 18/30, Batch 1250/3348, Loss: 0.1741
2025-10-10 03:23:53,319 [INFO] Época 18/30, Batch 1300/3348, Loss: 0.1290
2025-10-10 03:23:53,584 [INFO] Época 18/30, Batch 1350/3348, Loss: 0.1273
2025-10-10 03:23:53,850 [INFO] Época 18/30, Batch 1400/3348, Loss: 0.1630
2025-10-10 03:23:54,116 [INFO] Época 18/30, Batch 1450/3348, Loss: 0.1060
2025-10-10 03:23:54,384 [INFO] Época 18/30, Batch 1500/3348, Loss: 0.1363
2025-10-10 03:23:54,649 [INFO] Época 18/30, Batch 1550/3348, Loss: 0.1986
2025-10-10 03:23:54,916 [INFO] Época 18/30, Batch 1600/3348, Loss: 0.2026
2025-10-10 03:23:55,183 [INFO] Época 18/30, Batch 1650/3348, Loss: 0.1485
2025-10-10 03:23:55,451 [INFO] Época 18/30, Batch 1700/3348, Loss: 0.1739
2025-10-10 03:23:55,718 [INFO] Época 18/30, Batch 1750/3348, Loss: 0.1457
2025-10-10 03:23:55,982 [INFO] Época 18/30, Batch 1800/3348, Loss: 0.1824
2025-10-10 03:23:56,245 [INFO] Época 18/30, Batch 1850/3348, Loss: 0.1484
2025-10-10 03:23:56,512 [INFO] Época 18/30, Batch 1900/3348, Loss: 0.1493
2025-10-10 03:23:56,778 [INFO] Época 18/30, Batch 1950/3348, Loss: 0.1295
2025-10-10 03:23:57,044 [INFO] Época 18/30, Batch 2000/3348, Loss: 0.1350
2025-10-10 03:23:57,312 [INFO] Época 18/30, Batch 2050/3348, Loss: 0.1847
2025-10-10 03:23:57,578 [INFO] Época 18/30, Batch 2100/3348, Loss: 0.1823
2025-10-10 03:23:57,843 [INFO] Época 18/30, Batch 2150/3348, Loss: 0.1462
2025-10-10 03:23:58,108 [INFO] Época 18/30, Batch 2200/3348, Loss: 0.1339
2025-10-10 03:23:58,374 [INFO] Época 18/30, Batch 2250/3348, Loss: 0.1383
2025-10-10 03:23:58,639 [INFO] Época 18/30, Batch 2300/3348, Loss: 0.1535
2025-10-10 03:23:58,905 [INFO] Época 18/30, Batch 2350/3348, Loss: 0.1345
2025-10-10 03:23:59,171 [INFO] Época 18/30, Batch 2400/3348, Loss: 0.1355
2025-10-10 03:23:59,437 [INFO] Época 18/30, Batch 2450/3348, Loss: 0.1160
2025-10-10 03:23:59,702 [INFO] Época 18/30, Batch 2500/3348, Loss: 0.1603
2025-10-10 03:23:59,966 [INFO] Época 18/30, Batch 2550/3348, Loss: 0.1811
2025-10-10 03:24:00,229 [INFO] Época 18/30, Batch 2600/3348, Loss: 0.0981
2025-10-10 03:24:00,493 [INFO] Época 18/30, Batch 2650/3348, Loss: 0.1814
2025-10-10 03:24:00,759 [INFO] Época 18/30, Batch 2700/3348, Loss: 0.1473
2025-10-10 03:24:01,023 [INFO] Época 18/30, Batch 2750/3348, Loss: 0.1587
2025-10-10 03:24:01,286 [INFO] Época 18/30, Batch 2800/3348, Loss: 0.1174
2025-10-10 03:24:01,563 [INFO] Época 18/30, Batch 2850/3348, Loss: 0.1309
2025-10-10 03:24:01,828 [INFO] Época 18/30, Batch 2900/3348, Loss: 0.1939
2025-10-10 03:24:02,092 [INFO] Época 18/30, Batch 2950/3348, Loss: 0.1339
2025-10-10 03:24:02,356 [INFO] Época 18/30, Batch 3000/3348, Loss: 0.1457
2025-10-10 03:24:02,621 [INFO] Época 18/30, Batch 3050/3348, Loss: 0.1164
2025-10-10 03:24:02,886 [INFO] Época 18/30, Batch 3100/3348, Loss: 0.1076
2025-10-10 03:24:03,148 [INFO] Época 18/30, Batch 3150/3348, Loss: 0.1886
2025-10-10 03:24:03,413 [INFO] Época 18/30, Batch 3200/3348, Loss: 0.1472
2025-10-10 03:24:03,676 [INFO] Época 18/30, Batch 3250/3348, Loss: 0.1310
2025-10-10 03:24:03,940 [INFO] Época 18/30, Batch 3300/3348, Loss: 0.2004
2025-10-10 03:24:05,750 [INFO] [18/30] Train Loss: 0.1439 | Val Loss: 0.1519 | Tempo: 19.67s
2025-10-10 03:24:06,324 [INFO] Época 19/30, Batch 50/3348, Loss: 0.1241
2025-10-10 03:24:06,606 [INFO] Época 19/30, Batch 100/3348, Loss: 0.2055
2025-10-10 03:24:06,872 [INFO] Época 19/30, Batch 150/3348, Loss: 0.1792
2025-10-10 03:24:07,136 [INFO] Época 19/30, Batch 200/3348, Loss: 0.1287
2025-10-10 03:24:07,400 [INFO] Época 19/30, Batch 250/3348, Loss: 0.1301
2025-10-10 03:24:07,663 [INFO] Época 19/30, Batch 300/3348, Loss: 0.1169
2025-10-10 03:24:07,925 [INFO] Época 19/30, Batch 350/3348, Loss: 0.1225
2025-10-10 03:24:08,190 [INFO] Época 19/30, Batch 400/3348, Loss: 0.1347
2025-10-10 03:24:08,453 [INFO] Época 19/30, Batch 450/3348, Loss: 0.0906
2025-10-10 03:24:08,715 [INFO] Época 19/30, Batch 500/3348, Loss: 0.1449
2025-10-10 03:24:08,977 [INFO] Época 19/30, Batch 550/3348, Loss: 0.0812
2025-10-10 03:24:09,238 [INFO] Época 19/30, Batch 600/3348, Loss: 0.1888
2025-10-10 03:24:09,500 [INFO] Época 19/30, Batch 650/3348, Loss: 0.1352
2025-10-10 03:24:09,763 [INFO] Época 19/30, Batch 700/3348, Loss: 0.1434
2025-10-10 03:24:10,027 [INFO] Época 19/30, Batch 750/3348, Loss: 0.0987
2025-10-10 03:24:10,289 [INFO] Época 19/30, Batch 800/3348, Loss: 0.2138
2025-10-10 03:24:10,551 [INFO] Época 19/30, Batch 850/3348, Loss: 0.1520
2025-10-10 03:24:10,817 [INFO] Época 19/30, Batch 900/3348, Loss: 0.1209
2025-10-10 03:24:11,082 [INFO] Época 19/30, Batch 950/3348, Loss: 0.1312
2025-10-10 03:24:11,348 [INFO] Época 19/30, Batch 1000/3348, Loss: 0.1171
2025-10-10 03:24:11,612 [INFO] Época 19/30, Batch 1050/3348, Loss: 0.1343
2025-10-10 03:24:11,876 [INFO] Época 19/30, Batch 1100/3348, Loss: 0.1147
2025-10-10 03:24:12,139 [INFO] Época 19/30, Batch 1150/3348, Loss: 0.0942
2025-10-10 03:24:12,404 [INFO] Época 19/30, Batch 1200/3348, Loss: 0.1383
2025-10-10 03:24:12,668 [INFO] Época 19/30, Batch 1250/3348, Loss: 0.2036
2025-10-10 03:24:12,932 [INFO] Época 19/30, Batch 1300/3348, Loss: 0.1754
2025-10-10 03:24:13,197 [INFO] Época 19/30, Batch 1350/3348, Loss: 0.1563
2025-10-10 03:24:13,461 [INFO] Época 19/30, Batch 1400/3348, Loss: 0.1211
2025-10-10 03:24:13,726 [INFO] Época 19/30, Batch 1450/3348, Loss: 0.1569
2025-10-10 03:24:13,990 [INFO] Época 19/30, Batch 1500/3348, Loss: 0.1494
2025-10-10 03:24:14,255 [INFO] Época 19/30, Batch 1550/3348, Loss: 0.1672
2025-10-10 03:24:14,519 [INFO] Época 19/30, Batch 1600/3348, Loss: 0.1478
2025-10-10 03:24:14,784 [INFO] Época 19/30, Batch 1650/3348, Loss: 0.1826
2025-10-10 03:24:15,050 [INFO] Época 19/30, Batch 1700/3348, Loss: 0.1392
2025-10-10 03:24:15,313 [INFO] Época 19/30, Batch 1750/3348, Loss: 0.1598
2025-10-10 03:24:15,576 [INFO] Época 19/30, Batch 1800/3348, Loss: 0.2135
2025-10-10 03:24:15,837 [INFO] Época 19/30, Batch 1850/3348, Loss: 0.1453
2025-10-10 03:24:16,098 [INFO] Época 19/30, Batch 1900/3348, Loss: 0.1152
2025-10-10 03:24:16,361 [INFO] Época 19/30, Batch 1950/3348, Loss: 0.1469
2025-10-10 03:24:16,632 [INFO] Época 19/30, Batch 2000/3348, Loss: 0.0911
2025-10-10 03:24:16,893 [INFO] Época 19/30, Batch 2050/3348, Loss: 0.1167
2025-10-10 03:24:17,155 [INFO] Época 19/30, Batch 2100/3348, Loss: 0.1496
2025-10-10 03:24:17,416 [INFO] Época 19/30, Batch 2150/3348, Loss: 0.1750
2025-10-10 03:24:17,678 [INFO] Época 19/30, Batch 2200/3348, Loss: 0.1385
2025-10-10 03:24:17,938 [INFO] Época 19/30, Batch 2250/3348, Loss: 0.1133
2025-10-10 03:24:18,199 [INFO] Época 19/30, Batch 2300/3348, Loss: 0.1542
2025-10-10 03:24:18,460 [INFO] Época 19/30, Batch 2350/3348, Loss: 0.1503
2025-10-10 03:24:18,721 [INFO] Época 19/30, Batch 2400/3348, Loss: 0.1615
2025-10-10 03:24:18,985 [INFO] Época 19/30, Batch 2450/3348, Loss: 0.1124
2025-10-10 03:24:19,248 [INFO] Época 19/30, Batch 2500/3348, Loss: 0.1879
2025-10-10 03:24:19,511 [INFO] Época 19/30, Batch 2550/3348, Loss: 0.1519
2025-10-10 03:24:19,775 [INFO] Época 19/30, Batch 2600/3348, Loss: 0.1420
2025-10-10 03:24:20,037 [INFO] Época 19/30, Batch 2650/3348, Loss: 0.1330
2025-10-10 03:24:20,300 [INFO] Época 19/30, Batch 2700/3348, Loss: 0.1814
2025-10-10 03:24:20,566 [INFO] Época 19/30, Batch 2750/3348, Loss: 0.1766
2025-10-10 03:24:20,829 [INFO] Época 19/30, Batch 2800/3348, Loss: 0.1193
2025-10-10 03:24:21,092 [INFO] Época 19/30, Batch 2850/3348, Loss: 0.1259
2025-10-10 03:24:21,354 [INFO] Época 19/30, Batch 2900/3348, Loss: 0.1384
2025-10-10 03:24:21,615 [INFO] Época 19/30, Batch 2950/3348, Loss: 0.1611
2025-10-10 03:24:21,887 [INFO] Época 19/30, Batch 3000/3348, Loss: 0.2054
2025-10-10 03:24:22,148 [INFO] Época 19/30, Batch 3050/3348, Loss: 0.1522
2025-10-10 03:24:22,408 [INFO] Época 19/30, Batch 3100/3348, Loss: 0.2461
2025-10-10 03:24:22,670 [INFO] Época 19/30, Batch 3150/3348, Loss: 0.1491
2025-10-10 03:24:22,934 [INFO] Época 19/30, Batch 3200/3348, Loss: 0.1105
2025-10-10 03:24:23,198 [INFO] Época 19/30, Batch 3250/3348, Loss: 0.1079
2025-10-10 03:24:23,463 [INFO] Época 19/30, Batch 3300/3348, Loss: 0.1522
2025-10-10 03:24:25,382 [INFO] [19/30] Train Loss: 0.1431 | Val Loss: 0.1618 | Tempo: 19.63s
2025-10-10 03:24:25,969 [INFO] Época 20/30, Batch 50/3348, Loss: 0.1192
2025-10-10 03:24:26,241 [INFO] Época 20/30, Batch 100/3348, Loss: 0.1170
2025-10-10 03:24:26,512 [INFO] Época 20/30, Batch 150/3348, Loss: 0.1033
2025-10-10 03:24:26,781 [INFO] Época 20/30, Batch 200/3348, Loss: 0.1542
2025-10-10 03:24:27,050 [INFO] Época 20/30, Batch 250/3348, Loss: 0.1570
2025-10-10 03:24:27,318 [INFO] Época 20/30, Batch 300/3348, Loss: 0.1081
2025-10-10 03:24:27,584 [INFO] Época 20/30, Batch 350/3348, Loss: 0.1739
2025-10-10 03:24:27,865 [INFO] Época 20/30, Batch 400/3348, Loss: 0.1295
2025-10-10 03:24:28,147 [INFO] Época 20/30, Batch 450/3348, Loss: 0.1633
2025-10-10 03:24:28,413 [INFO] Época 20/30, Batch 500/3348, Loss: 0.1389
2025-10-10 03:24:28,677 [INFO] Época 20/30, Batch 550/3348, Loss: 0.0980
2025-10-10 03:24:28,940 [INFO] Época 20/30, Batch 600/3348, Loss: 0.0958
2025-10-10 03:24:29,204 [INFO] Época 20/30, Batch 650/3348, Loss: 0.0917
2025-10-10 03:24:29,467 [INFO] Época 20/30, Batch 700/3348, Loss: 0.1385
2025-10-10 03:24:29,729 [INFO] Época 20/30, Batch 750/3348, Loss: 0.1311
2025-10-10 03:24:29,989 [INFO] Época 20/30, Batch 800/3348, Loss: 0.1313
2025-10-10 03:24:30,253 [INFO] Época 20/30, Batch 850/3348, Loss: 0.1712
2025-10-10 03:24:30,516 [INFO] Época 20/30, Batch 900/3348, Loss: 0.1036
2025-10-10 03:24:30,777 [INFO] Época 20/30, Batch 950/3348, Loss: 0.1341
2025-10-10 03:24:31,036 [INFO] Época 20/30, Batch 1000/3348, Loss: 0.1201
2025-10-10 03:24:31,296 [INFO] Época 20/30, Batch 1050/3348, Loss: 0.1577
2025-10-10 03:24:31,557 [INFO] Época 20/30, Batch 1100/3348, Loss: 0.1502
2025-10-10 03:24:31,818 [INFO] Época 20/30, Batch 1150/3348, Loss: 0.1965
2025-10-10 03:24:32,094 [INFO] Época 20/30, Batch 1200/3348, Loss: 0.1149
2025-10-10 03:24:32,358 [INFO] Época 20/30, Batch 1250/3348, Loss: 0.1617
2025-10-10 03:24:32,623 [INFO] Época 20/30, Batch 1300/3348, Loss: 0.1937
2025-10-10 03:24:32,888 [INFO] Época 20/30, Batch 1350/3348, Loss: 0.1450
2025-10-10 03:24:33,155 [INFO] Época 20/30, Batch 1400/3348, Loss: 0.1858
2025-10-10 03:24:33,420 [INFO] Época 20/30, Batch 1450/3348, Loss: 0.1185
2025-10-10 03:24:33,686 [INFO] Época 20/30, Batch 1500/3348, Loss: 0.1418
2025-10-10 03:24:33,953 [INFO] Época 20/30, Batch 1550/3348, Loss: 0.1180
2025-10-10 03:24:34,219 [INFO] Época 20/30, Batch 1600/3348, Loss: 0.1811
2025-10-10 03:24:34,485 [INFO] Época 20/30, Batch 1650/3348, Loss: 0.1718
2025-10-10 03:24:34,750 [INFO] Época 20/30, Batch 1700/3348, Loss: 0.1079
2025-10-10 03:24:35,014 [INFO] Época 20/30, Batch 1750/3348, Loss: 0.1318
2025-10-10 03:24:35,276 [INFO] Época 20/30, Batch 1800/3348, Loss: 0.1202
2025-10-10 03:24:35,540 [INFO] Época 20/30, Batch 1850/3348, Loss: 0.1391
2025-10-10 03:24:35,803 [INFO] Época 20/30, Batch 1900/3348, Loss: 0.2340
2025-10-10 03:24:36,065 [INFO] Época 20/30, Batch 1950/3348, Loss: 0.1224
2025-10-10 03:24:36,330 [INFO] Época 20/30, Batch 2000/3348, Loss: 0.1195
2025-10-10 03:24:36,594 [INFO] Época 20/30, Batch 2050/3348, Loss: 0.1411
2025-10-10 03:24:36,858 [INFO] Época 20/30, Batch 2100/3348, Loss: 0.1641
2025-10-10 03:24:37,134 [INFO] Época 20/30, Batch 2150/3348, Loss: 0.2173
2025-10-10 03:24:37,399 [INFO] Época 20/30, Batch 2200/3348, Loss: 0.1353
2025-10-10 03:24:37,664 [INFO] Época 20/30, Batch 2250/3348, Loss: 0.1433
2025-10-10 03:24:37,930 [INFO] Época 20/30, Batch 2300/3348, Loss: 0.1112
2025-10-10 03:24:38,194 [INFO] Época 20/30, Batch 2350/3348, Loss: 0.0930
2025-10-10 03:24:38,457 [INFO] Época 20/30, Batch 2400/3348, Loss: 0.1655
2025-10-10 03:24:38,720 [INFO] Época 20/30, Batch 2450/3348, Loss: 0.1356
2025-10-10 03:24:38,985 [INFO] Época 20/30, Batch 2500/3348, Loss: 0.1463
2025-10-10 03:24:39,252 [INFO] Época 20/30, Batch 2550/3348, Loss: 0.1424
2025-10-10 03:24:39,524 [INFO] Época 20/30, Batch 2600/3348, Loss: 0.1226
2025-10-10 03:24:39,794 [INFO] Época 20/30, Batch 2650/3348, Loss: 0.1057
2025-10-10 03:24:40,068 [INFO] Época 20/30, Batch 2700/3348, Loss: 0.1748
2025-10-10 03:24:40,339 [INFO] Época 20/30, Batch 2750/3348, Loss: 0.1845
2025-10-10 03:24:40,603 [INFO] Época 20/30, Batch 2800/3348, Loss: 0.1364
2025-10-10 03:24:40,865 [INFO] Época 20/30, Batch 2850/3348, Loss: 0.2082
2025-10-10 03:24:41,139 [INFO] Época 20/30, Batch 2900/3348, Loss: 0.1752
2025-10-10 03:24:41,412 [INFO] Época 20/30, Batch 2950/3348, Loss: 0.1723
2025-10-10 03:24:41,685 [INFO] Época 20/30, Batch 3000/3348, Loss: 0.1421
2025-10-10 03:24:41,955 [INFO] Época 20/30, Batch 3050/3348, Loss: 0.1209
2025-10-10 03:24:42,222 [INFO] Época 20/30, Batch 3100/3348, Loss: 0.1311
2025-10-10 03:24:42,486 [INFO] Época 20/30, Batch 3150/3348, Loss: 0.1273
2025-10-10 03:24:42,748 [INFO] Época 20/30, Batch 3200/3348, Loss: 0.1472
2025-10-10 03:24:43,018 [INFO] Época 20/30, Batch 3250/3348, Loss: 0.1543
2025-10-10 03:24:43,287 [INFO] Época 20/30, Batch 3300/3348, Loss: 0.1277
2025-10-10 03:24:45,144 [INFO] [20/30] Train Loss: 0.1422 | Val Loss: 0.1542 | Tempo: 19.76s
2025-10-10 03:24:45,726 [INFO] Época 21/30, Batch 50/3348, Loss: 0.1368
2025-10-10 03:24:45,991 [INFO] Época 21/30, Batch 100/3348, Loss: 0.1380
2025-10-10 03:24:46,256 [INFO] Época 21/30, Batch 150/3348, Loss: 0.1227
2025-10-10 03:24:46,519 [INFO] Época 21/30, Batch 200/3348, Loss: 0.1461
2025-10-10 03:24:46,783 [INFO] Época 21/30, Batch 250/3348, Loss: 0.1460
2025-10-10 03:24:47,044 [INFO] Época 21/30, Batch 300/3348, Loss: 0.1322
2025-10-10 03:24:47,305 [INFO] Época 21/30, Batch 350/3348, Loss: 0.1439
2025-10-10 03:24:47,566 [INFO] Época 21/30, Batch 400/3348, Loss: 0.1698
2025-10-10 03:24:47,829 [INFO] Época 21/30, Batch 450/3348, Loss: 0.1098
2025-10-10 03:24:48,094 [INFO] Época 21/30, Batch 500/3348, Loss: 0.1432
2025-10-10 03:24:48,358 [INFO] Época 21/30, Batch 550/3348, Loss: 0.1638
2025-10-10 03:24:48,625 [INFO] Época 21/30, Batch 600/3348, Loss: 0.1899
2025-10-10 03:24:48,886 [INFO] Época 21/30, Batch 650/3348, Loss: 0.1194
2025-10-10 03:24:49,147 [INFO] Época 21/30, Batch 700/3348, Loss: 0.1243
2025-10-10 03:24:49,406 [INFO] Época 21/30, Batch 750/3348, Loss: 0.1003
2025-10-10 03:24:49,666 [INFO] Época 21/30, Batch 800/3348, Loss: 0.0729
2025-10-10 03:24:49,929 [INFO] Época 21/30, Batch 850/3348, Loss: 0.1591
2025-10-10 03:24:50,188 [INFO] Época 21/30, Batch 900/3348, Loss: 0.1296
2025-10-10 03:24:50,447 [INFO] Época 21/30, Batch 950/3348, Loss: 0.1246
2025-10-10 03:24:50,707 [INFO] Época 21/30, Batch 1000/3348, Loss: 0.1616
2025-10-10 03:24:50,966 [INFO] Época 21/30, Batch 1050/3348, Loss: 0.0830
2025-10-10 03:24:51,225 [INFO] Época 21/30, Batch 1100/3348, Loss: 0.1484
2025-10-10 03:24:51,483 [INFO] Época 21/30, Batch 1150/3348, Loss: 0.1489
2025-10-10 03:24:51,744 [INFO] Época 21/30, Batch 1200/3348, Loss: 0.1191
2025-10-10 03:24:52,004 [INFO] Época 21/30, Batch 1250/3348, Loss: 0.1749
2025-10-10 03:24:52,267 [INFO] Época 21/30, Batch 1300/3348, Loss: 0.1879
2025-10-10 03:24:52,538 [INFO] Época 21/30, Batch 1350/3348, Loss: 0.1114
2025-10-10 03:24:52,798 [INFO] Época 21/30, Batch 1400/3348, Loss: 0.1158
2025-10-10 03:24:53,059 [INFO] Época 21/30, Batch 1450/3348, Loss: 0.1358
2025-10-10 03:24:53,323 [INFO] Época 21/30, Batch 1500/3348, Loss: 0.1227
2025-10-10 03:24:53,586 [INFO] Época 21/30, Batch 1550/3348, Loss: 0.1962
2025-10-10 03:24:53,847 [INFO] Época 21/30, Batch 1600/3348, Loss: 0.1727
2025-10-10 03:24:54,109 [INFO] Época 21/30, Batch 1650/3348, Loss: 0.1063
2025-10-10 03:24:54,370 [INFO] Época 21/30, Batch 1700/3348, Loss: 0.1359
2025-10-10 03:24:54,632 [INFO] Época 21/30, Batch 1750/3348, Loss: 0.1000
2025-10-10 03:24:54,894 [INFO] Época 21/30, Batch 1800/3348, Loss: 0.1271
2025-10-10 03:24:55,155 [INFO] Época 21/30, Batch 1850/3348, Loss: 0.1496
2025-10-10 03:24:55,416 [INFO] Época 21/30, Batch 1900/3348, Loss: 0.1077
2025-10-10 03:24:55,676 [INFO] Época 21/30, Batch 1950/3348, Loss: 0.1528
2025-10-10 03:24:55,933 [INFO] Época 21/30, Batch 2000/3348, Loss: 0.1298
2025-10-10 03:24:56,194 [INFO] Época 21/30, Batch 2050/3348, Loss: 0.0921
2025-10-10 03:24:56,456 [INFO] Época 21/30, Batch 2100/3348, Loss: 0.1540
2025-10-10 03:24:56,716 [INFO] Época 21/30, Batch 2150/3348, Loss: 0.1371
2025-10-10 03:24:56,975 [INFO] Época 21/30, Batch 2200/3348, Loss: 0.1359
2025-10-10 03:24:57,235 [INFO] Época 21/30, Batch 2250/3348, Loss: 0.1390
2025-10-10 03:24:57,496 [INFO] Época 21/30, Batch 2300/3348, Loss: 0.1028
2025-10-10 03:24:57,757 [INFO] Época 21/30, Batch 2350/3348, Loss: 0.0990
2025-10-10 03:24:58,018 [INFO] Época 21/30, Batch 2400/3348, Loss: 0.1168
2025-10-10 03:24:58,282 [INFO] Época 21/30, Batch 2450/3348, Loss: 0.1459
2025-10-10 03:24:58,542 [INFO] Época 21/30, Batch 2500/3348, Loss: 0.1062
2025-10-10 03:24:58,802 [INFO] Época 21/30, Batch 2550/3348, Loss: 0.1839
2025-10-10 03:24:59,062 [INFO] Época 21/30, Batch 2600/3348, Loss: 0.1277
2025-10-10 03:24:59,322 [INFO] Época 21/30, Batch 2650/3348, Loss: 0.1105
2025-10-10 03:24:59,584 [INFO] Época 21/30, Batch 2700/3348, Loss: 0.1529
2025-10-10 03:24:59,845 [INFO] Época 21/30, Batch 2750/3348, Loss: 0.1863
2025-10-10 03:25:00,106 [INFO] Época 21/30, Batch 2800/3348, Loss: 0.1109
2025-10-10 03:25:00,366 [INFO] Época 21/30, Batch 2850/3348, Loss: 0.1210
2025-10-10 03:25:00,627 [INFO] Época 21/30, Batch 2900/3348, Loss: 0.1349
2025-10-10 03:25:00,889 [INFO] Época 21/30, Batch 2950/3348, Loss: 0.1448
2025-10-10 03:25:01,150 [INFO] Época 21/30, Batch 3000/3348, Loss: 0.1989
2025-10-10 03:25:01,411 [INFO] Época 21/30, Batch 3050/3348, Loss: 0.2005
2025-10-10 03:25:01,671 [INFO] Época 21/30, Batch 3100/3348, Loss: 0.0639
2025-10-10 03:25:01,931 [INFO] Época 21/30, Batch 3150/3348, Loss: 0.1682
2025-10-10 03:25:02,191 [INFO] Época 21/30, Batch 3200/3348, Loss: 0.1325
2025-10-10 03:25:02,451 [INFO] Época 21/30, Batch 3250/3348, Loss: 0.1285
2025-10-10 03:25:02,713 [INFO] Época 21/30, Batch 3300/3348, Loss: 0.1632
2025-10-10 03:25:04,494 [INFO] [21/30] Train Loss: 0.1409 | Val Loss: 0.1529 | Tempo: 19.35s
2025-10-10 03:25:05,072 [INFO] Época 22/30, Batch 50/3348, Loss: 0.1312
2025-10-10 03:25:05,339 [INFO] Época 22/30, Batch 100/3348, Loss: 0.1519
2025-10-10 03:25:05,606 [INFO] Época 22/30, Batch 150/3348, Loss: 0.1062
2025-10-10 03:25:05,870 [INFO] Época 22/30, Batch 200/3348, Loss: 0.1138
2025-10-10 03:25:06,135 [INFO] Época 22/30, Batch 250/3348, Loss: 0.1631
2025-10-10 03:25:06,401 [INFO] Época 22/30, Batch 300/3348, Loss: 0.1631
2025-10-10 03:25:06,664 [INFO] Época 22/30, Batch 350/3348, Loss: 0.1131
2025-10-10 03:25:06,925 [INFO] Época 22/30, Batch 400/3348, Loss: 0.1272
2025-10-10 03:25:07,188 [INFO] Época 22/30, Batch 450/3348, Loss: 0.1402
2025-10-10 03:25:07,449 [INFO] Época 22/30, Batch 500/3348, Loss: 0.1412
2025-10-10 03:25:07,716 [INFO] Época 22/30, Batch 550/3348, Loss: 0.1366
2025-10-10 03:25:07,992 [INFO] Época 22/30, Batch 600/3348, Loss: 0.1274
2025-10-10 03:25:08,255 [INFO] Época 22/30, Batch 650/3348, Loss: 0.1596
2025-10-10 03:25:08,520 [INFO] Época 22/30, Batch 700/3348, Loss: 0.1280
2025-10-10 03:25:08,785 [INFO] Época 22/30, Batch 750/3348, Loss: 0.1774
2025-10-10 03:25:09,050 [INFO] Época 22/30, Batch 800/3348, Loss: 0.0910
2025-10-10 03:25:09,314 [INFO] Época 22/30, Batch 850/3348, Loss: 0.1521
2025-10-10 03:25:09,579 [INFO] Época 22/30, Batch 900/3348, Loss: 0.1677
2025-10-10 03:25:09,841 [INFO] Época 22/30, Batch 950/3348, Loss: 0.1821
2025-10-10 03:25:10,103 [INFO] Época 22/30, Batch 1000/3348, Loss: 0.1798
2025-10-10 03:25:10,366 [INFO] Época 22/30, Batch 1050/3348, Loss: 0.0955
2025-10-10 03:25:10,627 [INFO] Época 22/30, Batch 1100/3348, Loss: 0.1566
2025-10-10 03:25:10,892 [INFO] Época 22/30, Batch 1150/3348, Loss: 0.1225
2025-10-10 03:25:11,153 [INFO] Época 22/30, Batch 1200/3348, Loss: 0.1127
2025-10-10 03:25:11,415 [INFO] Época 22/30, Batch 1250/3348, Loss: 0.1225
2025-10-10 03:25:11,678 [INFO] Época 22/30, Batch 1300/3348, Loss: 0.1679
2025-10-10 03:25:11,939 [INFO] Época 22/30, Batch 1350/3348, Loss: 0.1390
2025-10-10 03:25:12,202 [INFO] Época 22/30, Batch 1400/3348, Loss: 0.1081
2025-10-10 03:25:12,464 [INFO] Época 22/30, Batch 1450/3348, Loss: 0.1196
2025-10-10 03:25:12,727 [INFO] Época 22/30, Batch 1500/3348, Loss: 0.0954
2025-10-10 03:25:13,001 [INFO] Época 22/30, Batch 1550/3348, Loss: 0.1493
2025-10-10 03:25:13,261 [INFO] Época 22/30, Batch 1600/3348, Loss: 0.1392
2025-10-10 03:25:13,521 [INFO] Época 22/30, Batch 1650/3348, Loss: 0.1414
2025-10-10 03:25:13,784 [INFO] Época 22/30, Batch 1700/3348, Loss: 0.1514
2025-10-10 03:25:14,045 [INFO] Época 22/30, Batch 1750/3348, Loss: 0.1317
2025-10-10 03:25:14,306 [INFO] Época 22/30, Batch 1800/3348, Loss: 0.1307
2025-10-10 03:25:14,566 [INFO] Época 22/30, Batch 1850/3348, Loss: 0.1172
2025-10-10 03:25:14,830 [INFO] Época 22/30, Batch 1900/3348, Loss: 0.1320
2025-10-10 03:25:15,093 [INFO] Época 22/30, Batch 1950/3348, Loss: 0.1854
2025-10-10 03:25:15,354 [INFO] Época 22/30, Batch 2000/3348, Loss: 0.1454
2025-10-10 03:25:15,617 [INFO] Época 22/30, Batch 2050/3348, Loss: 0.1384
2025-10-10 03:25:15,876 [INFO] Época 22/30, Batch 2100/3348, Loss: 0.0977
2025-10-10 03:25:16,139 [INFO] Época 22/30, Batch 2150/3348, Loss: 0.1667
2025-10-10 03:25:16,402 [INFO] Época 22/30, Batch 2200/3348, Loss: 0.0995
2025-10-10 03:25:16,666 [INFO] Época 22/30, Batch 2250/3348, Loss: 0.1508
2025-10-10 03:25:16,930 [INFO] Época 22/30, Batch 2300/3348, Loss: 0.1357
2025-10-10 03:25:17,192 [INFO] Época 22/30, Batch 2350/3348, Loss: 0.1078
2025-10-10 03:25:17,454 [INFO] Época 22/30, Batch 2400/3348, Loss: 0.1007
2025-10-10 03:25:17,717 [INFO] Época 22/30, Batch 2450/3348, Loss: 0.1932
2025-10-10 03:25:17,981 [INFO] Época 22/30, Batch 2500/3348, Loss: 0.0937
2025-10-10 03:25:18,245 [INFO] Época 22/30, Batch 2550/3348, Loss: 0.1437
2025-10-10 03:25:18,510 [INFO] Época 22/30, Batch 2600/3348, Loss: 0.1659
2025-10-10 03:25:18,774 [INFO] Época 22/30, Batch 2650/3348, Loss: 0.1222
2025-10-10 03:25:19,036 [INFO] Época 22/30, Batch 2700/3348, Loss: 0.0852
2025-10-10 03:25:19,301 [INFO] Época 22/30, Batch 2750/3348, Loss: 0.0803
2025-10-10 03:25:19,563 [INFO] Época 22/30, Batch 2800/3348, Loss: 0.2119
2025-10-10 03:25:19,826 [INFO] Época 22/30, Batch 2850/3348, Loss: 0.1831
2025-10-10 03:25:20,089 [INFO] Época 22/30, Batch 2900/3348, Loss: 0.1353
2025-10-10 03:25:20,353 [INFO] Época 22/30, Batch 2950/3348, Loss: 0.1264
2025-10-10 03:25:20,616 [INFO] Época 22/30, Batch 3000/3348, Loss: 0.1770
2025-10-10 03:25:20,878 [INFO] Época 22/30, Batch 3050/3348, Loss: 0.1324
2025-10-10 03:25:21,141 [INFO] Época 22/30, Batch 3100/3348, Loss: 0.1193
2025-10-10 03:25:21,404 [INFO] Época 22/30, Batch 3150/3348, Loss: 0.1649
2025-10-10 03:25:21,666 [INFO] Época 22/30, Batch 3200/3348, Loss: 0.1404
2025-10-10 03:25:21,929 [INFO] Época 22/30, Batch 3250/3348, Loss: 0.1223
2025-10-10 03:25:22,193 [INFO] Época 22/30, Batch 3300/3348, Loss: 0.1810
2025-10-10 03:25:23,965 [INFO] [22/30] Train Loss: 0.1396 | Val Loss: 0.1536 | Tempo: 19.47s
2025-10-10 03:25:24,526 [INFO] Época 23/30, Batch 50/3348, Loss: 0.1331
2025-10-10 03:25:24,792 [INFO] Época 23/30, Batch 100/3348, Loss: 0.2324
2025-10-10 03:25:25,057 [INFO] Época 23/30, Batch 150/3348, Loss: 0.1114
2025-10-10 03:25:25,319 [INFO] Época 23/30, Batch 200/3348, Loss: 0.1234
2025-10-10 03:25:25,581 [INFO] Época 23/30, Batch 250/3348, Loss: 0.1300
2025-10-10 03:25:25,845 [INFO] Época 23/30, Batch 300/3348, Loss: 0.1190
2025-10-10 03:25:26,106 [INFO] Época 23/30, Batch 350/3348, Loss: 0.1370
2025-10-10 03:25:26,367 [INFO] Época 23/30, Batch 400/3348, Loss: 0.1253
2025-10-10 03:25:26,628 [INFO] Época 23/30, Batch 450/3348, Loss: 0.1073
2025-10-10 03:25:26,888 [INFO] Época 23/30, Batch 500/3348, Loss: 0.1276
2025-10-10 03:25:27,149 [INFO] Época 23/30, Batch 550/3348, Loss: 0.1256
2025-10-10 03:25:27,408 [INFO] Época 23/30, Batch 600/3348, Loss: 0.1214
2025-10-10 03:25:27,668 [INFO] Época 23/30, Batch 650/3348, Loss: 0.1585
2025-10-10 03:25:27,928 [INFO] Época 23/30, Batch 700/3348, Loss: 0.1750
2025-10-10 03:25:28,188 [INFO] Época 23/30, Batch 750/3348, Loss: 0.1248
2025-10-10 03:25:28,450 [INFO] Época 23/30, Batch 800/3348, Loss: 0.1954
2025-10-10 03:25:28,712 [INFO] Época 23/30, Batch 850/3348, Loss: 0.1192
2025-10-10 03:25:28,972 [INFO] Época 23/30, Batch 900/3348, Loss: 0.1992
2025-10-10 03:25:29,232 [INFO] Época 23/30, Batch 950/3348, Loss: 0.1670
2025-10-10 03:25:29,493 [INFO] Época 23/30, Batch 1000/3348, Loss: 0.1136
2025-10-10 03:25:29,754 [INFO] Época 23/30, Batch 1050/3348, Loss: 0.2188
2025-10-10 03:25:30,015 [INFO] Época 23/30, Batch 1100/3348, Loss: 0.2318
2025-10-10 03:25:30,275 [INFO] Época 23/30, Batch 1150/3348, Loss: 0.1084
2025-10-10 03:25:30,535 [INFO] Época 23/30, Batch 1200/3348, Loss: 0.1718
2025-10-10 03:25:30,795 [INFO] Época 23/30, Batch 1250/3348, Loss: 0.1138
2025-10-10 03:25:31,060 [INFO] Época 23/30, Batch 1300/3348, Loss: 0.1607
2025-10-10 03:25:31,326 [INFO] Época 23/30, Batch 1350/3348, Loss: 0.1790
2025-10-10 03:25:31,592 [INFO] Época 23/30, Batch 1400/3348, Loss: 0.1227
2025-10-10 03:25:31,858 [INFO] Época 23/30, Batch 1450/3348, Loss: 0.2096
2025-10-10 03:25:32,123 [INFO] Época 23/30, Batch 1500/3348, Loss: 0.1069
2025-10-10 03:25:32,384 [INFO] Época 23/30, Batch 1550/3348, Loss: 0.1462
2025-10-10 03:25:32,645 [INFO] Época 23/30, Batch 1600/3348, Loss: 0.1047
2025-10-10 03:25:32,909 [INFO] Época 23/30, Batch 1650/3348, Loss: 0.1573
2025-10-10 03:25:33,174 [INFO] Época 23/30, Batch 1700/3348, Loss: 0.1140
2025-10-10 03:25:33,436 [INFO] Época 23/30, Batch 1750/3348, Loss: 0.1171
2025-10-10 03:25:33,700 [INFO] Época 23/30, Batch 1800/3348, Loss: 0.1085
2025-10-10 03:25:33,961 [INFO] Época 23/30, Batch 1850/3348, Loss: 0.0904
2025-10-10 03:25:34,221 [INFO] Época 23/30, Batch 1900/3348, Loss: 0.1532
2025-10-10 03:25:34,482 [INFO] Época 23/30, Batch 1950/3348, Loss: 0.1474
2025-10-10 03:25:34,744 [INFO] Época 23/30, Batch 2000/3348, Loss: 0.1419
2025-10-10 03:25:35,009 [INFO] Época 23/30, Batch 2050/3348, Loss: 0.1601
2025-10-10 03:25:35,276 [INFO] Época 23/30, Batch 2100/3348, Loss: 0.2052
2025-10-10 03:25:35,538 [INFO] Época 23/30, Batch 2150/3348, Loss: 0.1339
2025-10-10 03:25:35,800 [INFO] Época 23/30, Batch 2200/3348, Loss: 0.1019
2025-10-10 03:25:36,065 [INFO] Época 23/30, Batch 2250/3348, Loss: 0.1555
2025-10-10 03:25:36,328 [INFO] Época 23/30, Batch 2300/3348, Loss: 0.1489
2025-10-10 03:25:36,588 [INFO] Época 23/30, Batch 2350/3348, Loss: 0.1608
2025-10-10 03:25:36,851 [INFO] Época 23/30, Batch 2400/3348, Loss: 0.1211
2025-10-10 03:25:37,114 [INFO] Época 23/30, Batch 2450/3348, Loss: 0.1174
2025-10-10 03:25:37,374 [INFO] Época 23/30, Batch 2500/3348, Loss: 0.1246
2025-10-10 03:25:37,635 [INFO] Época 23/30, Batch 2550/3348, Loss: 0.1791
2025-10-10 03:25:37,902 [INFO] Época 23/30, Batch 2600/3348, Loss: 0.1088
2025-10-10 03:25:38,161 [INFO] Época 23/30, Batch 2650/3348, Loss: 0.1439
2025-10-10 03:25:38,427 [INFO] Época 23/30, Batch 2700/3348, Loss: 0.1505
2025-10-10 03:25:38,691 [INFO] Época 23/30, Batch 2750/3348, Loss: 0.1152
2025-10-10 03:25:38,958 [INFO] Época 23/30, Batch 2800/3348, Loss: 0.1237
2025-10-10 03:25:39,226 [INFO] Época 23/30, Batch 2850/3348, Loss: 0.1228
2025-10-10 03:25:39,492 [INFO] Época 23/30, Batch 2900/3348, Loss: 0.1813
2025-10-10 03:25:39,759 [INFO] Época 23/30, Batch 2950/3348, Loss: 0.0973
2025-10-10 03:25:40,022 [INFO] Época 23/30, Batch 3000/3348, Loss: 0.1369
2025-10-10 03:25:40,286 [INFO] Época 23/30, Batch 3050/3348, Loss: 0.1475
2025-10-10 03:25:40,551 [INFO] Época 23/30, Batch 3100/3348, Loss: 0.1269
2025-10-10 03:25:40,818 [INFO] Época 23/30, Batch 3150/3348, Loss: 0.1066
2025-10-10 03:25:41,084 [INFO] Época 23/30, Batch 3200/3348, Loss: 0.1270
2025-10-10 03:25:41,346 [INFO] Época 23/30, Batch 3250/3348, Loss: 0.1043
2025-10-10 03:25:41,613 [INFO] Época 23/30, Batch 3300/3348, Loss: 0.0742
2025-10-10 03:25:43,510 [INFO] [23/30] Train Loss: 0.1387 | Val Loss: 0.1542 | Tempo: 19.54s
2025-10-10 03:25:44,113 [INFO] Época 24/30, Batch 50/3348, Loss: 0.1536
2025-10-10 03:25:44,399 [INFO] Época 24/30, Batch 100/3348, Loss: 0.1260
2025-10-10 03:25:44,676 [INFO] Época 24/30, Batch 150/3348, Loss: 0.1654
2025-10-10 03:25:44,948 [INFO] Época 24/30, Batch 200/3348, Loss: 0.1506
2025-10-10 03:25:45,219 [INFO] Época 24/30, Batch 250/3348, Loss: 0.1328
2025-10-10 03:25:45,489 [INFO] Época 24/30, Batch 300/3348, Loss: 0.1105
2025-10-10 03:25:45,761 [INFO] Época 24/30, Batch 350/3348, Loss: 0.1190
2025-10-10 03:25:46,031 [INFO] Época 24/30, Batch 400/3348, Loss: 0.1257
2025-10-10 03:25:46,298 [INFO] Época 24/30, Batch 450/3348, Loss: 0.1096
2025-10-10 03:25:46,568 [INFO] Época 24/30, Batch 500/3348, Loss: 0.1646
2025-10-10 03:25:46,836 [INFO] Época 24/30, Batch 550/3348, Loss: 0.1620
2025-10-10 03:25:47,107 [INFO] Época 24/30, Batch 600/3348, Loss: 0.2142
2025-10-10 03:25:47,379 [INFO] Época 24/30, Batch 650/3348, Loss: 0.1349
2025-10-10 03:25:47,653 [INFO] Época 24/30, Batch 700/3348, Loss: 0.1660
2025-10-10 03:25:47,923 [INFO] Época 24/30, Batch 750/3348, Loss: 0.1563
2025-10-10 03:25:48,192 [INFO] Época 24/30, Batch 800/3348, Loss: 0.1331
2025-10-10 03:25:48,451 [INFO] Época 24/30, Batch 850/3348, Loss: 0.1149
2025-10-10 03:25:48,707 [INFO] Época 24/30, Batch 900/3348, Loss: 0.1673
2025-10-10 03:25:48,965 [INFO] Época 24/30, Batch 950/3348, Loss: 0.1674
2025-10-10 03:25:49,223 [INFO] Época 24/30, Batch 1000/3348, Loss: 0.1272
2025-10-10 03:25:49,480 [INFO] Época 24/30, Batch 1050/3348, Loss: 0.0862
2025-10-10 03:25:49,742 [INFO] Época 24/30, Batch 1100/3348, Loss: 0.1139
2025-10-10 03:25:50,001 [INFO] Época 24/30, Batch 1150/3348, Loss: 0.1357
2025-10-10 03:25:50,265 [INFO] Época 24/30, Batch 1200/3348, Loss: 0.1356
2025-10-10 03:25:50,533 [INFO] Época 24/30, Batch 1250/3348, Loss: 0.1136
2025-10-10 03:25:50,802 [INFO] Época 24/30, Batch 1300/3348, Loss: 0.1564
2025-10-10 03:25:51,072 [INFO] Época 24/30, Batch 1350/3348, Loss: 0.1256
2025-10-10 03:25:51,340 [INFO] Época 24/30, Batch 1400/3348, Loss: 0.2639
2025-10-10 03:25:51,610 [INFO] Época 24/30, Batch 1450/3348, Loss: 0.1674
2025-10-10 03:25:51,881 [INFO] Época 24/30, Batch 1500/3348, Loss: 0.1378
2025-10-10 03:25:52,150 [INFO] Época 24/30, Batch 1550/3348, Loss: 0.1164
2025-10-10 03:25:52,418 [INFO] Época 24/30, Batch 1600/3348, Loss: 0.1168
2025-10-10 03:25:52,689 [INFO] Época 24/30, Batch 1650/3348, Loss: 0.1269
2025-10-10 03:25:52,958 [INFO] Época 24/30, Batch 1700/3348, Loss: 0.1720
2025-10-10 03:25:53,226 [INFO] Época 24/30, Batch 1750/3348, Loss: 0.1463
2025-10-10 03:25:53,495 [INFO] Época 24/30, Batch 1800/3348, Loss: 0.1321
2025-10-10 03:25:53,763 [INFO] Época 24/30, Batch 1850/3348, Loss: 0.1339
2025-10-10 03:25:54,034 [INFO] Época 24/30, Batch 1900/3348, Loss: 0.1143
2025-10-10 03:25:54,301 [INFO] Época 24/30, Batch 1950/3348, Loss: 0.1427
2025-10-10 03:25:54,571 [INFO] Época 24/30, Batch 2000/3348, Loss: 0.1041
2025-10-10 03:25:54,849 [INFO] Época 24/30, Batch 2050/3348, Loss: 0.1746
2025-10-10 03:25:55,118 [INFO] Época 24/30, Batch 2100/3348, Loss: 0.1263
2025-10-10 03:25:55,388 [INFO] Época 24/30, Batch 2150/3348, Loss: 0.1084
2025-10-10 03:25:55,656 [INFO] Época 24/30, Batch 2200/3348, Loss: 0.1430
2025-10-10 03:25:55,915 [INFO] Época 24/30, Batch 2250/3348, Loss: 0.1501
2025-10-10 03:25:56,175 [INFO] Época 24/30, Batch 2300/3348, Loss: 0.1582
2025-10-10 03:25:56,436 [INFO] Época 24/30, Batch 2350/3348, Loss: 0.1979
2025-10-10 03:25:56,696 [INFO] Época 24/30, Batch 2400/3348, Loss: 0.1191
2025-10-10 03:25:56,955 [INFO] Época 24/30, Batch 2450/3348, Loss: 0.0867
2025-10-10 03:25:57,215 [INFO] Época 24/30, Batch 2500/3348, Loss: 0.1133
2025-10-10 03:25:57,477 [INFO] Época 24/30, Batch 2550/3348, Loss: 0.1062
2025-10-10 03:25:57,747 [INFO] Época 24/30, Batch 2600/3348, Loss: 0.1389
2025-10-10 03:25:58,015 [INFO] Época 24/30, Batch 2650/3348, Loss: 0.1296
2025-10-10 03:25:58,286 [INFO] Época 24/30, Batch 2700/3348, Loss: 0.1544
2025-10-10 03:25:58,555 [INFO] Época 24/30, Batch 2750/3348, Loss: 0.1326
2025-10-10 03:25:58,822 [INFO] Época 24/30, Batch 2800/3348, Loss: 0.1212
2025-10-10 03:25:59,084 [INFO] Época 24/30, Batch 2850/3348, Loss: 0.1356
2025-10-10 03:25:59,348 [INFO] Época 24/30, Batch 2900/3348, Loss: 0.1076
2025-10-10 03:25:59,618 [INFO] Época 24/30, Batch 2950/3348, Loss: 0.0816
2025-10-10 03:25:59,901 [INFO] Época 24/30, Batch 3000/3348, Loss: 0.1057
2025-10-10 03:26:00,164 [INFO] Época 24/30, Batch 3050/3348, Loss: 0.1662
2025-10-10 03:26:00,428 [INFO] Época 24/30, Batch 3100/3348, Loss: 0.1020
2025-10-10 03:26:00,693 [INFO] Época 24/30, Batch 3150/3348, Loss: 0.1352
2025-10-10 03:26:00,966 [INFO] Época 24/30, Batch 3200/3348, Loss: 0.1310
2025-10-10 03:26:01,238 [INFO] Época 24/30, Batch 3250/3348, Loss: 0.1477
2025-10-10 03:26:01,508 [INFO] Época 24/30, Batch 3300/3348, Loss: 0.1323
2025-10-10 03:26:03,423 [INFO] [24/30] Train Loss: 0.1378 | Val Loss: 0.1487 | Tempo: 19.91s
2025-10-10 03:26:03,428 [INFO] Melhor modelo salvo em: /mnt/hdd/home/jdurao/ToolBox-ChemXAI/models/mlp_qm9_Pattern_att7_large.pth
2025-10-10 03:26:04,016 [INFO] Época 25/30, Batch 50/3348, Loss: 0.1588
2025-10-10 03:26:04,291 [INFO] Época 25/30, Batch 100/3348, Loss: 0.1828
2025-10-10 03:26:04,566 [INFO] Época 25/30, Batch 150/3348, Loss: 0.1513
2025-10-10 03:26:04,840 [INFO] Época 25/30, Batch 200/3348, Loss: 0.0995
2025-10-10 03:26:05,120 [INFO] Época 25/30, Batch 250/3348, Loss: 0.2030
2025-10-10 03:26:05,387 [INFO] Época 25/30, Batch 300/3348, Loss: 0.1730
2025-10-10 03:26:05,655 [INFO] Época 25/30, Batch 350/3348, Loss: 0.1133
2025-10-10 03:26:05,923 [INFO] Época 25/30, Batch 400/3348, Loss: 0.1222
2025-10-10 03:26:06,189 [INFO] Época 25/30, Batch 450/3348, Loss: 0.1481
2025-10-10 03:26:06,454 [INFO] Época 25/30, Batch 500/3348, Loss: 0.1253
2025-10-10 03:26:06,718 [INFO] Época 25/30, Batch 550/3348, Loss: 0.1710
2025-10-10 03:26:06,986 [INFO] Época 25/30, Batch 600/3348, Loss: 0.1150
2025-10-10 03:26:07,254 [INFO] Época 25/30, Batch 650/3348, Loss: 0.1180
2025-10-10 03:26:07,516 [INFO] Época 25/30, Batch 700/3348, Loss: 0.1724
2025-10-10 03:26:07,774 [INFO] Época 25/30, Batch 750/3348, Loss: 0.1047
2025-10-10 03:26:08,030 [INFO] Época 25/30, Batch 800/3348, Loss: 0.1577
2025-10-10 03:26:08,289 [INFO] Época 25/30, Batch 850/3348, Loss: 0.1047
2025-10-10 03:26:08,550 [INFO] Época 25/30, Batch 900/3348, Loss: 0.1741
2025-10-10 03:26:08,812 [INFO] Época 25/30, Batch 950/3348, Loss: 0.1183
2025-10-10 03:26:09,073 [INFO] Época 25/30, Batch 1000/3348, Loss: 0.1175
2025-10-10 03:26:09,333 [INFO] Época 25/30, Batch 1050/3348, Loss: 0.1317
2025-10-10 03:26:09,593 [INFO] Época 25/30, Batch 1100/3348, Loss: 0.1140
2025-10-10 03:26:09,854 [INFO] Época 25/30, Batch 1150/3348, Loss: 0.1215
2025-10-10 03:26:10,128 [INFO] Época 25/30, Batch 1200/3348, Loss: 0.1794
2025-10-10 03:26:10,391 [INFO] Época 25/30, Batch 1250/3348, Loss: 0.1332
2025-10-10 03:26:10,654 [INFO] Época 25/30, Batch 1300/3348, Loss: 0.1451
2025-10-10 03:26:10,918 [INFO] Época 25/30, Batch 1350/3348, Loss: 0.1484
2025-10-10 03:26:11,185 [INFO] Época 25/30, Batch 1400/3348, Loss: 0.1230
2025-10-10 03:26:11,450 [INFO] Época 25/30, Batch 1450/3348, Loss: 0.1215
2025-10-10 03:26:11,714 [INFO] Época 25/30, Batch 1500/3348, Loss: 0.2134
2025-10-10 03:26:11,979 [INFO] Época 25/30, Batch 1550/3348, Loss: 0.1499
2025-10-10 03:26:12,242 [INFO] Época 25/30, Batch 1600/3348, Loss: 0.0932
2025-10-10 03:26:12,509 [INFO] Época 25/30, Batch 1650/3348, Loss: 0.1754
2025-10-10 03:26:12,770 [INFO] Época 25/30, Batch 1700/3348, Loss: 0.1033
2025-10-10 03:26:13,031 [INFO] Época 25/30, Batch 1750/3348, Loss: 0.1953
2025-10-10 03:26:13,294 [INFO] Época 25/30, Batch 1800/3348, Loss: 0.1037
2025-10-10 03:26:13,555 [INFO] Época 25/30, Batch 1850/3348, Loss: 0.1337
2025-10-10 03:26:13,818 [INFO] Época 25/30, Batch 1900/3348, Loss: 0.1148
2025-10-10 03:26:14,079 [INFO] Época 25/30, Batch 1950/3348, Loss: 0.0918
2025-10-10 03:26:14,339 [INFO] Época 25/30, Batch 2000/3348, Loss: 0.1239
2025-10-10 03:26:14,599 [INFO] Época 25/30, Batch 2050/3348, Loss: 0.1304
2025-10-10 03:26:14,859 [INFO] Época 25/30, Batch 2100/3348, Loss: 0.1635
2025-10-10 03:26:15,130 [INFO] Época 25/30, Batch 2150/3348, Loss: 0.2468
2025-10-10 03:26:15,392 [INFO] Época 25/30, Batch 2200/3348, Loss: 0.1146
2025-10-10 03:26:15,651 [INFO] Época 25/30, Batch 2250/3348, Loss: 0.1201
2025-10-10 03:26:15,911 [INFO] Época 25/30, Batch 2300/3348, Loss: 0.1042
2025-10-10 03:26:16,172 [INFO] Época 25/30, Batch 2350/3348, Loss: 0.1086
2025-10-10 03:26:16,433 [INFO] Época 25/30, Batch 2400/3348, Loss: 0.1445
2025-10-10 03:26:16,695 [INFO] Época 25/30, Batch 2450/3348, Loss: 0.1650
2025-10-10 03:26:16,954 [INFO] Época 25/30, Batch 2500/3348, Loss: 0.1569
2025-10-10 03:26:17,214 [INFO] Época 25/30, Batch 2550/3348, Loss: 0.1387
2025-10-10 03:26:17,475 [INFO] Época 25/30, Batch 2600/3348, Loss: 0.1759
2025-10-10 03:26:17,736 [INFO] Época 25/30, Batch 2650/3348, Loss: 0.2092
2025-10-10 03:26:17,997 [INFO] Época 25/30, Batch 2700/3348, Loss: 0.1073
2025-10-10 03:26:18,256 [INFO] Época 25/30, Batch 2750/3348, Loss: 0.1679
2025-10-10 03:26:18,516 [INFO] Época 25/30, Batch 2800/3348, Loss: 0.1180
2025-10-10 03:26:18,775 [INFO] Época 25/30, Batch 2850/3348, Loss: 0.1435
2025-10-10 03:26:19,035 [INFO] Época 25/30, Batch 2900/3348, Loss: 0.0840
2025-10-10 03:26:19,297 [INFO] Época 25/30, Batch 2950/3348, Loss: 0.1288
2025-10-10 03:26:19,558 [INFO] Época 25/30, Batch 3000/3348, Loss: 0.1379
2025-10-10 03:26:19,821 [INFO] Época 25/30, Batch 3050/3348, Loss: 0.1199
2025-10-10 03:26:20,081 [INFO] Época 25/30, Batch 3100/3348, Loss: 0.1278
2025-10-10 03:26:20,342 [INFO] Época 25/30, Batch 3150/3348, Loss: 0.1695
2025-10-10 03:26:20,605 [INFO] Época 25/30, Batch 3200/3348, Loss: 0.1331
2025-10-10 03:26:20,866 [INFO] Época 25/30, Batch 3250/3348, Loss: 0.0834
2025-10-10 03:26:21,126 [INFO] Época 25/30, Batch 3300/3348, Loss: 0.1067
2025-10-10 03:26:23,003 [INFO] [25/30] Train Loss: 0.1367 | Val Loss: 0.1513 | Tempo: 19.57s
2025-10-10 03:26:23,597 [INFO] Época 26/30, Batch 50/3348, Loss: 0.1435
2025-10-10 03:26:23,876 [INFO] Época 26/30, Batch 100/3348, Loss: 0.0977
2025-10-10 03:26:24,153 [INFO] Época 26/30, Batch 150/3348, Loss: 0.2004
2025-10-10 03:26:24,430 [INFO] Época 26/30, Batch 200/3348, Loss: 0.1473
2025-10-10 03:26:24,704 [INFO] Época 26/30, Batch 250/3348, Loss: 0.1358
2025-10-10 03:26:24,974 [INFO] Época 26/30, Batch 300/3348, Loss: 0.1592
2025-10-10 03:26:25,241 [INFO] Época 26/30, Batch 350/3348, Loss: 0.1540
2025-10-10 03:26:25,516 [INFO] Época 26/30, Batch 400/3348, Loss: 0.1383
2025-10-10 03:26:25,787 [INFO] Época 26/30, Batch 450/3348, Loss: 0.1601
2025-10-10 03:26:26,061 [INFO] Época 26/30, Batch 500/3348, Loss: 0.1549
2025-10-10 03:26:26,335 [INFO] Época 26/30, Batch 550/3348, Loss: 0.1327
2025-10-10 03:26:26,606 [INFO] Época 26/30, Batch 600/3348, Loss: 0.1530
2025-10-10 03:26:26,870 [INFO] Época 26/30, Batch 650/3348, Loss: 0.1301
2025-10-10 03:26:27,124 [INFO] Época 26/30, Batch 700/3348, Loss: 0.1005
2025-10-10 03:26:27,386 [INFO] Época 26/30, Batch 750/3348, Loss: 0.1648
2025-10-10 03:26:27,651 [INFO] Época 26/30, Batch 800/3348, Loss: 0.1526
2025-10-10 03:26:27,914 [INFO] Época 26/30, Batch 850/3348, Loss: 0.1125
2025-10-10 03:26:28,177 [INFO] Época 26/30, Batch 900/3348, Loss: 0.1341
2025-10-10 03:26:28,442 [INFO] Época 26/30, Batch 950/3348, Loss: 0.1356
2025-10-10 03:26:28,708 [INFO] Época 26/30, Batch 1000/3348, Loss: 0.1452
2025-10-10 03:26:28,978 [INFO] Época 26/30, Batch 1050/3348, Loss: 0.0812
2025-10-10 03:26:29,249 [INFO] Época 26/30, Batch 1100/3348, Loss: 0.1303
2025-10-10 03:26:29,521 [INFO] Época 26/30, Batch 1150/3348, Loss: 0.1916
2025-10-10 03:26:29,797 [INFO] Época 26/30, Batch 1200/3348, Loss: 0.1259
2025-10-10 03:26:30,071 [INFO] Época 26/30, Batch 1250/3348, Loss: 0.1319
2025-10-10 03:26:30,343 [INFO] Época 26/30, Batch 1300/3348, Loss: 0.1915
2025-10-10 03:26:30,628 [INFO] Época 26/30, Batch 1350/3348, Loss: 0.1492
2025-10-10 03:26:30,899 [INFO] Época 26/30, Batch 1400/3348, Loss: 0.1426
2025-10-10 03:26:31,175 [INFO] Época 26/30, Batch 1450/3348, Loss: 0.1519
2025-10-10 03:26:31,446 [INFO] Época 26/30, Batch 1500/3348, Loss: 0.1318
2025-10-10 03:26:31,719 [INFO] Época 26/30, Batch 1550/3348, Loss: 0.1972
2025-10-10 03:26:31,992 [INFO] Época 26/30, Batch 1600/3348, Loss: 0.1610
2025-10-10 03:26:32,264 [INFO] Época 26/30, Batch 1650/3348, Loss: 0.1938
2025-10-10 03:26:32,538 [INFO] Época 26/30, Batch 1700/3348, Loss: 0.1205
2025-10-10 03:26:32,810 [INFO] Época 26/30, Batch 1750/3348, Loss: 0.1183
2025-10-10 03:26:33,074 [INFO] Época 26/30, Batch 1800/3348, Loss: 0.1305
2025-10-10 03:26:33,338 [INFO] Época 26/30, Batch 1850/3348, Loss: 0.1352
2025-10-10 03:26:33,603 [INFO] Época 26/30, Batch 1900/3348, Loss: 0.1966
2025-10-10 03:26:33,868 [INFO] Época 26/30, Batch 1950/3348, Loss: 0.1353
2025-10-10 03:26:34,132 [INFO] Época 26/30, Batch 2000/3348, Loss: 0.1457
2025-10-10 03:26:34,398 [INFO] Época 26/30, Batch 2050/3348, Loss: 0.1271
2025-10-10 03:26:34,669 [INFO] Época 26/30, Batch 2100/3348, Loss: 0.1643
2025-10-10 03:26:34,942 [INFO] Época 26/30, Batch 2150/3348, Loss: 0.0731
2025-10-10 03:26:35,217 [INFO] Época 26/30, Batch 2200/3348, Loss: 0.2037
2025-10-10 03:26:35,490 [INFO] Época 26/30, Batch 2250/3348, Loss: 0.1267
2025-10-10 03:26:35,762 [INFO] Época 26/30, Batch 2300/3348, Loss: 0.1215
2025-10-10 03:26:36,035 [INFO] Época 26/30, Batch 2350/3348, Loss: 0.1011
2025-10-10 03:26:36,307 [INFO] Época 26/30, Batch 2400/3348, Loss: 0.0964
2025-10-10 03:26:36,579 [INFO] Época 26/30, Batch 2450/3348, Loss: 0.1626
2025-10-10 03:26:36,851 [INFO] Época 26/30, Batch 2500/3348, Loss: 0.1620
2025-10-10 03:26:37,126 [INFO] Época 26/30, Batch 2550/3348, Loss: 0.2443
2025-10-10 03:26:37,401 [INFO] Época 26/30, Batch 2600/3348, Loss: 0.1100
2025-10-10 03:26:37,672 [INFO] Época 26/30, Batch 2650/3348, Loss: 0.1124
2025-10-10 03:26:37,940 [INFO] Época 26/30, Batch 2700/3348, Loss: 0.1026
2025-10-10 03:26:38,207 [INFO] Época 26/30, Batch 2750/3348, Loss: 0.1199
2025-10-10 03:26:38,474 [INFO] Época 26/30, Batch 2800/3348, Loss: 0.1209
2025-10-10 03:26:38,741 [INFO] Época 26/30, Batch 2850/3348, Loss: 0.1311
2025-10-10 03:26:39,007 [INFO] Época 26/30, Batch 2900/3348, Loss: 0.1395
2025-10-10 03:26:39,273 [INFO] Época 26/30, Batch 2950/3348, Loss: 0.1626
2025-10-10 03:26:39,541 [INFO] Época 26/30, Batch 3000/3348, Loss: 0.1678
2025-10-10 03:26:39,808 [INFO] Época 26/30, Batch 3050/3348, Loss: 0.2075
2025-10-10 03:26:40,073 [INFO] Época 26/30, Batch 3100/3348, Loss: 0.2200
2025-10-10 03:26:40,345 [INFO] Época 26/30, Batch 3150/3348, Loss: 0.1180
2025-10-10 03:26:40,618 [INFO] Época 26/30, Batch 3200/3348, Loss: 0.1519
2025-10-10 03:26:40,898 [INFO] Época 26/30, Batch 3250/3348, Loss: 0.1117
2025-10-10 03:26:41,173 [INFO] Época 26/30, Batch 3300/3348, Loss: 0.1628
2025-10-10 03:26:42,954 [INFO] [26/30] Train Loss: 0.1363 | Val Loss: 0.1574 | Tempo: 19.95s
2025-10-10 03:26:43,533 [INFO] Época 27/30, Batch 50/3348, Loss: 0.1257
2025-10-10 03:26:43,801 [INFO] Época 27/30, Batch 100/3348, Loss: 0.1114
2025-10-10 03:26:44,066 [INFO] Época 27/30, Batch 150/3348, Loss: 0.1090
2025-10-10 03:26:44,332 [INFO] Época 27/30, Batch 200/3348, Loss: 0.1227
2025-10-10 03:26:44,596 [INFO] Época 27/30, Batch 250/3348, Loss: 0.1778
2025-10-10 03:26:44,860 [INFO] Época 27/30, Batch 300/3348, Loss: 0.1075
2025-10-10 03:26:45,123 [INFO] Época 27/30, Batch 350/3348, Loss: 0.0920
2025-10-10 03:26:45,388 [INFO] Época 27/30, Batch 400/3348, Loss: 0.1052
2025-10-10 03:26:45,652 [INFO] Época 27/30, Batch 450/3348, Loss: 0.1066
2025-10-10 03:26:45,931 [INFO] Época 27/30, Batch 500/3348, Loss: 0.1286
2025-10-10 03:26:46,198 [INFO] Época 27/30, Batch 550/3348, Loss: 0.1300
2025-10-10 03:26:46,468 [INFO] Época 27/30, Batch 600/3348, Loss: 0.1561
2025-10-10 03:26:46,729 [INFO] Época 27/30, Batch 650/3348, Loss: 0.1096
2025-10-10 03:26:46,985 [INFO] Época 27/30, Batch 700/3348, Loss: 0.1274
2025-10-10 03:26:47,239 [INFO] Época 27/30, Batch 750/3348, Loss: 0.1419
2025-10-10 03:26:47,493 [INFO] Época 27/30, Batch 800/3348, Loss: 0.1327
2025-10-10 03:26:47,747 [INFO] Época 27/30, Batch 850/3348, Loss: 0.1262
2025-10-10 03:26:48,002 [INFO] Época 27/30, Batch 900/3348, Loss: 0.1359
2025-10-10 03:26:48,260 [INFO] Época 27/30, Batch 950/3348, Loss: 0.1582
2025-10-10 03:26:48,516 [INFO] Época 27/30, Batch 1000/3348, Loss: 0.1084
2025-10-10 03:26:48,772 [INFO] Época 27/30, Batch 1050/3348, Loss: 0.1219
2025-10-10 03:26:49,029 [INFO] Época 27/30, Batch 1100/3348, Loss: 0.1507
2025-10-10 03:26:49,287 [INFO] Época 27/30, Batch 1150/3348, Loss: 0.1215
2025-10-10 03:26:49,551 [INFO] Época 27/30, Batch 1200/3348, Loss: 0.1267
2025-10-10 03:26:49,818 [INFO] Época 27/30, Batch 1250/3348, Loss: 0.1765
2025-10-10 03:26:50,082 [INFO] Época 27/30, Batch 1300/3348, Loss: 0.1501
2025-10-10 03:26:50,345 [INFO] Época 27/30, Batch 1350/3348, Loss: 0.1193
2025-10-10 03:26:50,604 [INFO] Época 27/30, Batch 1400/3348, Loss: 0.1289
2025-10-10 03:26:50,865 [INFO] Época 27/30, Batch 1450/3348, Loss: 0.1202
2025-10-10 03:26:51,128 [INFO] Época 27/30, Batch 1500/3348, Loss: 0.1320
2025-10-10 03:26:51,388 [INFO] Época 27/30, Batch 1550/3348, Loss: 0.1513
2025-10-10 03:26:51,646 [INFO] Época 27/30, Batch 1600/3348, Loss: 0.2147
2025-10-10 03:26:51,907 [INFO] Época 27/30, Batch 1650/3348, Loss: 0.1324
2025-10-10 03:26:52,164 [INFO] Época 27/30, Batch 1700/3348, Loss: 0.1248
2025-10-10 03:26:52,425 [INFO] Época 27/30, Batch 1750/3348, Loss: 0.1142
2025-10-10 03:26:52,683 [INFO] Época 27/30, Batch 1800/3348, Loss: 0.0763
2025-10-10 03:26:52,941 [INFO] Época 27/30, Batch 1850/3348, Loss: 0.1357
2025-10-10 03:26:53,197 [INFO] Época 27/30, Batch 1900/3348, Loss: 0.1933
2025-10-10 03:26:53,454 [INFO] Época 27/30, Batch 1950/3348, Loss: 0.0810
2025-10-10 03:26:53,712 [INFO] Época 27/30, Batch 2000/3348, Loss: 0.1306
2025-10-10 03:26:53,969 [INFO] Época 27/30, Batch 2050/3348, Loss: 0.1586
2025-10-10 03:26:54,226 [INFO] Época 27/30, Batch 2100/3348, Loss: 0.1707
2025-10-10 03:26:54,482 [INFO] Época 27/30, Batch 2150/3348, Loss: 0.0981
2025-10-10 03:26:54,740 [INFO] Época 27/30, Batch 2200/3348, Loss: 0.1672
2025-10-10 03:26:55,004 [INFO] Época 27/30, Batch 2250/3348, Loss: 0.1514
2025-10-10 03:26:55,266 [INFO] Época 27/30, Batch 2300/3348, Loss: 0.1529
2025-10-10 03:26:55,527 [INFO] Época 27/30, Batch 2350/3348, Loss: 0.1055
2025-10-10 03:26:55,787 [INFO] Época 27/30, Batch 2400/3348, Loss: 0.1133
2025-10-10 03:26:56,046 [INFO] Época 27/30, Batch 2450/3348, Loss: 0.1406
2025-10-10 03:26:56,307 [INFO] Época 27/30, Batch 2500/3348, Loss: 0.1408
2025-10-10 03:26:56,568 [INFO] Época 27/30, Batch 2550/3348, Loss: 0.1260
2025-10-10 03:26:56,827 [INFO] Época 27/30, Batch 2600/3348, Loss: 0.1258
2025-10-10 03:26:57,087 [INFO] Época 27/30, Batch 2650/3348, Loss: 0.1214
2025-10-10 03:26:57,345 [INFO] Época 27/30, Batch 2700/3348, Loss: 0.1362
2025-10-10 03:26:57,602 [INFO] Época 27/30, Batch 2750/3348, Loss: 0.1352
2025-10-10 03:26:57,858 [INFO] Época 27/30, Batch 2800/3348, Loss: 0.1601
2025-10-10 03:26:58,117 [INFO] Época 27/30, Batch 2850/3348, Loss: 0.1368
2025-10-10 03:26:58,375 [INFO] Época 27/30, Batch 2900/3348, Loss: 0.1334
2025-10-10 03:26:58,635 [INFO] Época 27/30, Batch 2950/3348, Loss: 0.1083
2025-10-10 03:26:58,895 [INFO] Época 27/30, Batch 3000/3348, Loss: 0.1693
2025-10-10 03:26:59,154 [INFO] Época 27/30, Batch 3050/3348, Loss: 0.1035
2025-10-10 03:26:59,412 [INFO] Época 27/30, Batch 3100/3348, Loss: 0.1649
2025-10-10 03:26:59,673 [INFO] Época 27/30, Batch 3150/3348, Loss: 0.0905
2025-10-10 03:26:59,934 [INFO] Época 27/30, Batch 3200/3348, Loss: 0.1155
2025-10-10 03:27:00,197 [INFO] Época 27/30, Batch 3250/3348, Loss: 0.1168
2025-10-10 03:27:00,457 [INFO] Época 27/30, Batch 3300/3348, Loss: 0.1176
2025-10-10 03:27:02,325 [INFO] [27/30] Train Loss: 0.1356 | Val Loss: 0.1536 | Tempo: 19.37s
2025-10-10 03:27:02,919 [INFO] Época 28/30, Batch 50/3348, Loss: 0.1211
2025-10-10 03:27:03,199 [INFO] Época 28/30, Batch 100/3348, Loss: 0.1523
2025-10-10 03:27:03,471 [INFO] Época 28/30, Batch 150/3348, Loss: 0.1088
2025-10-10 03:27:03,741 [INFO] Época 28/30, Batch 200/3348, Loss: 0.1037
2025-10-10 03:27:04,008 [INFO] Época 28/30, Batch 250/3348, Loss: 0.1061
2025-10-10 03:27:04,274 [INFO] Época 28/30, Batch 300/3348, Loss: 0.1328
2025-10-10 03:27:04,537 [INFO] Época 28/30, Batch 350/3348, Loss: 0.1570
2025-10-10 03:27:04,801 [INFO] Época 28/30, Batch 400/3348, Loss: 0.1186
2025-10-10 03:27:05,070 [INFO] Época 28/30, Batch 450/3348, Loss: 0.1470
2025-10-10 03:27:05,342 [INFO] Época 28/30, Batch 500/3348, Loss: 0.0614
2025-10-10 03:27:05,606 [INFO] Época 28/30, Batch 550/3348, Loss: 0.1330
2025-10-10 03:27:05,876 [INFO] Época 28/30, Batch 600/3348, Loss: 0.0787
2025-10-10 03:27:06,145 [INFO] Época 28/30, Batch 650/3348, Loss: 0.1249
2025-10-10 03:27:06,406 [INFO] Época 28/30, Batch 700/3348, Loss: 0.1034
2025-10-10 03:27:06,663 [INFO] Época 28/30, Batch 750/3348, Loss: 0.0959
2025-10-10 03:27:06,919 [INFO] Época 28/30, Batch 800/3348, Loss: 0.0952
2025-10-10 03:27:07,173 [INFO] Época 28/30, Batch 850/3348, Loss: 0.2218
2025-10-10 03:27:07,429 [INFO] Época 28/30, Batch 900/3348, Loss: 0.0977
2025-10-10 03:27:07,687 [INFO] Época 28/30, Batch 950/3348, Loss: 0.1272
2025-10-10 03:27:07,943 [INFO] Época 28/30, Batch 1000/3348, Loss: 0.1464
2025-10-10 03:27:08,200 [INFO] Época 28/30, Batch 1050/3348, Loss: 0.1213
2025-10-10 03:27:08,465 [INFO] Época 28/30, Batch 1100/3348, Loss: 0.1564
2025-10-10 03:27:08,730 [INFO] Época 28/30, Batch 1150/3348, Loss: 0.1530
2025-10-10 03:27:08,994 [INFO] Época 28/30, Batch 1200/3348, Loss: 0.1393
2025-10-10 03:27:09,261 [INFO] Época 28/30, Batch 1250/3348, Loss: 0.1624
2025-10-10 03:27:09,542 [INFO] Época 28/30, Batch 1300/3348, Loss: 0.2395
2025-10-10 03:27:09,823 [INFO] Época 28/30, Batch 1350/3348, Loss: 0.1250
2025-10-10 03:27:10,108 [INFO] Época 28/30, Batch 1400/3348, Loss: 0.1334
2025-10-10 03:27:10,387 [INFO] Época 28/30, Batch 1450/3348, Loss: 0.0877
2025-10-10 03:27:10,661 [INFO] Época 28/30, Batch 1500/3348, Loss: 0.1181
2025-10-10 03:27:10,926 [INFO] Época 28/30, Batch 1550/3348, Loss: 0.1234
2025-10-10 03:27:11,195 [INFO] Época 28/30, Batch 1600/3348, Loss: 0.1475
2025-10-10 03:27:11,464 [INFO] Época 28/30, Batch 1650/3348, Loss: 0.1847
2025-10-10 03:27:11,733 [INFO] Época 28/30, Batch 1700/3348, Loss: 0.1341
2025-10-10 03:27:12,001 [INFO] Época 28/30, Batch 1750/3348, Loss: 0.1615
2025-10-10 03:27:12,269 [INFO] Época 28/30, Batch 1800/3348, Loss: 0.1201
2025-10-10 03:27:12,538 [INFO] Época 28/30, Batch 1850/3348, Loss: 0.2253
2025-10-10 03:27:12,817 [INFO] Época 28/30, Batch 1900/3348, Loss: 0.1517
2025-10-10 03:27:13,084 [INFO] Época 28/30, Batch 1950/3348, Loss: 0.1135
2025-10-10 03:27:13,346 [INFO] Época 28/30, Batch 2000/3348, Loss: 0.1681
2025-10-10 03:27:13,607 [INFO] Época 28/30, Batch 2050/3348, Loss: 0.2121
2025-10-10 03:27:13,866 [INFO] Época 28/30, Batch 2100/3348, Loss: 0.1735
2025-10-10 03:27:14,122 [INFO] Época 28/30, Batch 2150/3348, Loss: 0.1705
2025-10-10 03:27:14,382 [INFO] Época 28/30, Batch 2200/3348, Loss: 0.1899
2025-10-10 03:27:14,641 [INFO] Época 28/30, Batch 2250/3348, Loss: 0.1569
2025-10-10 03:27:14,901 [INFO] Época 28/30, Batch 2300/3348, Loss: 0.1061
2025-10-10 03:27:15,161 [INFO] Época 28/30, Batch 2350/3348, Loss: 0.1340
2025-10-10 03:27:15,421 [INFO] Época 28/30, Batch 2400/3348, Loss: 0.1701
2025-10-10 03:27:15,686 [INFO] Época 28/30, Batch 2450/3348, Loss: 0.2103
2025-10-10 03:27:15,960 [INFO] Época 28/30, Batch 2500/3348, Loss: 0.0859
2025-10-10 03:27:16,238 [INFO] Época 28/30, Batch 2550/3348, Loss: 0.1140
2025-10-10 03:27:16,509 [INFO] Época 28/30, Batch 2600/3348, Loss: 0.1738
2025-10-10 03:27:16,772 [INFO] Época 28/30, Batch 2650/3348, Loss: 0.1786
2025-10-10 03:27:17,032 [INFO] Época 28/30, Batch 2700/3348, Loss: 0.1524
2025-10-10 03:27:17,297 [INFO] Época 28/30, Batch 2750/3348, Loss: 0.1191
2025-10-10 03:27:17,563 [INFO] Época 28/30, Batch 2800/3348, Loss: 0.1148
2025-10-10 03:27:17,839 [INFO] Época 28/30, Batch 2850/3348, Loss: 0.1853
2025-10-10 03:27:18,103 [INFO] Época 28/30, Batch 2900/3348, Loss: 0.1596
2025-10-10 03:27:18,378 [INFO] Época 28/30, Batch 2950/3348, Loss: 0.1092
2025-10-10 03:27:18,654 [INFO] Época 28/30, Batch 3000/3348, Loss: 0.1638
2025-10-10 03:27:18,920 [INFO] Época 28/30, Batch 3050/3348, Loss: 0.1121
2025-10-10 03:27:19,184 [INFO] Época 28/30, Batch 3100/3348, Loss: 0.1914
2025-10-10 03:27:19,449 [INFO] Época 28/30, Batch 3150/3348, Loss: 0.0900
2025-10-10 03:27:19,711 [INFO] Época 28/30, Batch 3200/3348, Loss: 0.1447
2025-10-10 03:27:19,974 [INFO] Época 28/30, Batch 3250/3348, Loss: 0.1878
2025-10-10 03:27:20,236 [INFO] Época 28/30, Batch 3300/3348, Loss: 0.1488
2025-10-10 03:27:22,037 [INFO] [28/30] Train Loss: 0.1348 | Val Loss: 0.1476 | Tempo: 19.71s
2025-10-10 03:27:22,043 [INFO] Melhor modelo salvo em: /mnt/hdd/home/jdurao/ToolBox-ChemXAI/models/mlp_qm9_Pattern_att7_large.pth
2025-10-10 03:27:22,619 [INFO] Época 29/30, Batch 50/3348, Loss: 0.1067
2025-10-10 03:27:22,900 [INFO] Época 29/30, Batch 100/3348, Loss: 0.0945
2025-10-10 03:27:23,167 [INFO] Época 29/30, Batch 150/3348, Loss: 0.1666
2025-10-10 03:27:23,433 [INFO] Época 29/30, Batch 200/3348, Loss: 0.1162
2025-10-10 03:27:23,698 [INFO] Época 29/30, Batch 250/3348, Loss: 0.1058
2025-10-10 03:27:23,959 [INFO] Época 29/30, Batch 300/3348, Loss: 0.1120
2025-10-10 03:27:24,224 [INFO] Época 29/30, Batch 350/3348, Loss: 0.1121
2025-10-10 03:27:24,488 [INFO] Época 29/30, Batch 400/3348, Loss: 0.0868
2025-10-10 03:27:24,751 [INFO] Época 29/30, Batch 450/3348, Loss: 0.1372
2025-10-10 03:27:25,013 [INFO] Época 29/30, Batch 500/3348, Loss: 0.0877
2025-10-10 03:27:25,278 [INFO] Época 29/30, Batch 550/3348, Loss: 0.1342
2025-10-10 03:27:25,541 [INFO] Época 29/30, Batch 600/3348, Loss: 0.1303
2025-10-10 03:27:25,803 [INFO] Época 29/30, Batch 650/3348, Loss: 0.1444
2025-10-10 03:27:26,060 [INFO] Época 29/30, Batch 700/3348, Loss: 0.1216
2025-10-10 03:27:26,316 [INFO] Época 29/30, Batch 750/3348, Loss: 0.1213
2025-10-10 03:27:26,579 [INFO] Época 29/30, Batch 800/3348, Loss: 0.1913
2025-10-10 03:27:26,841 [INFO] Época 29/30, Batch 850/3348, Loss: 0.1191
2025-10-10 03:27:27,104 [INFO] Época 29/30, Batch 900/3348, Loss: 0.1420
2025-10-10 03:27:27,365 [INFO] Época 29/30, Batch 950/3348, Loss: 0.1052
2025-10-10 03:27:27,626 [INFO] Época 29/30, Batch 1000/3348, Loss: 0.1531
2025-10-10 03:27:27,898 [INFO] Época 29/30, Batch 1050/3348, Loss: 0.1161
2025-10-10 03:27:28,161 [INFO] Época 29/30, Batch 1100/3348, Loss: 0.1361
2025-10-10 03:27:28,422 [INFO] Época 29/30, Batch 1150/3348, Loss: 0.1390
2025-10-10 03:27:28,686 [INFO] Época 29/30, Batch 1200/3348, Loss: 0.1174
2025-10-10 03:27:28,949 [INFO] Época 29/30, Batch 1250/3348, Loss: 0.1803
2025-10-10 03:27:29,215 [INFO] Época 29/30, Batch 1300/3348, Loss: 0.0893
2025-10-10 03:27:29,478 [INFO] Época 29/30, Batch 1350/3348, Loss: 0.1409
2025-10-10 03:27:29,739 [INFO] Época 29/30, Batch 1400/3348, Loss: 0.1201
2025-10-10 03:27:30,002 [INFO] Época 29/30, Batch 1450/3348, Loss: 0.1461
2025-10-10 03:27:30,263 [INFO] Época 29/30, Batch 1500/3348, Loss: 0.1057
2025-10-10 03:27:30,527 [INFO] Época 29/30, Batch 1550/3348, Loss: 0.1229
2025-10-10 03:27:30,789 [INFO] Época 29/30, Batch 1600/3348, Loss: 0.1571
2025-10-10 03:27:31,050 [INFO] Época 29/30, Batch 1650/3348, Loss: 0.1327
2025-10-10 03:27:31,311 [INFO] Época 29/30, Batch 1700/3348, Loss: 0.1658
2025-10-10 03:27:31,573 [INFO] Época 29/30, Batch 1750/3348, Loss: 0.1266
2025-10-10 03:27:31,836 [INFO] Época 29/30, Batch 1800/3348, Loss: 0.1175
2025-10-10 03:27:32,097 [INFO] Época 29/30, Batch 1850/3348, Loss: 0.1249
2025-10-10 03:27:32,358 [INFO] Época 29/30, Batch 1900/3348, Loss: 0.1600
2025-10-10 03:27:32,620 [INFO] Época 29/30, Batch 1950/3348, Loss: 0.1732
2025-10-10 03:27:32,882 [INFO] Época 29/30, Batch 2000/3348, Loss: 0.1162
2025-10-10 03:27:33,156 [INFO] Época 29/30, Batch 2050/3348, Loss: 0.0758
2025-10-10 03:27:33,419 [INFO] Época 29/30, Batch 2100/3348, Loss: 0.1612
2025-10-10 03:27:33,679 [INFO] Época 29/30, Batch 2150/3348, Loss: 0.0989
2025-10-10 03:27:33,941 [INFO] Época 29/30, Batch 2200/3348, Loss: 0.1495
2025-10-10 03:27:34,205 [INFO] Época 29/30, Batch 2250/3348, Loss: 0.0945
2025-10-10 03:27:34,467 [INFO] Época 29/30, Batch 2300/3348, Loss: 0.1283
2025-10-10 03:27:34,727 [INFO] Época 29/30, Batch 2350/3348, Loss: 0.1177
2025-10-10 03:27:34,987 [INFO] Época 29/30, Batch 2400/3348, Loss: 0.1854
2025-10-10 03:27:35,247 [INFO] Época 29/30, Batch 2450/3348, Loss: 0.1692
2025-10-10 03:27:35,510 [INFO] Época 29/30, Batch 2500/3348, Loss: 0.1848
2025-10-10 03:27:35,772 [INFO] Época 29/30, Batch 2550/3348, Loss: 0.1438
2025-10-10 03:27:36,035 [INFO] Época 29/30, Batch 2600/3348, Loss: 0.2171
2025-10-10 03:27:36,297 [INFO] Época 29/30, Batch 2650/3348, Loss: 0.1304
2025-10-10 03:27:36,563 [INFO] Época 29/30, Batch 2700/3348, Loss: 0.1241
2025-10-10 03:27:36,827 [INFO] Época 29/30, Batch 2750/3348, Loss: 0.1134
2025-10-10 03:27:37,088 [INFO] Época 29/30, Batch 2800/3348, Loss: 0.1681
2025-10-10 03:27:37,353 [INFO] Época 29/30, Batch 2850/3348, Loss: 0.1240
2025-10-10 03:27:37,617 [INFO] Época 29/30, Batch 2900/3348, Loss: 0.1770
2025-10-10 03:27:37,879 [INFO] Época 29/30, Batch 2950/3348, Loss: 0.1674
2025-10-10 03:27:38,143 [INFO] Época 29/30, Batch 3000/3348, Loss: 0.1149
2025-10-10 03:27:38,404 [INFO] Época 29/30, Batch 3050/3348, Loss: 0.1618
2025-10-10 03:27:38,666 [INFO] Época 29/30, Batch 3100/3348, Loss: 0.1246
2025-10-10 03:27:38,929 [INFO] Época 29/30, Batch 3150/3348, Loss: 0.1275
2025-10-10 03:27:39,191 [INFO] Época 29/30, Batch 3200/3348, Loss: 0.0968
2025-10-10 03:27:39,454 [INFO] Época 29/30, Batch 3250/3348, Loss: 0.1069
2025-10-10 03:27:39,716 [INFO] Época 29/30, Batch 3300/3348, Loss: 0.1622
2025-10-10 03:27:41,562 [INFO] [29/30] Train Loss: 0.1337 | Val Loss: 0.1554 | Tempo: 19.52s
2025-10-10 03:27:42,146 [INFO] Época 30/30, Batch 50/3348, Loss: 0.0975
2025-10-10 03:27:42,415 [INFO] Época 30/30, Batch 100/3348, Loss: 0.0698
2025-10-10 03:27:42,680 [INFO] Época 30/30, Batch 150/3348, Loss: 0.1470
2025-10-10 03:27:42,952 [INFO] Época 30/30, Batch 200/3348, Loss: 0.0877
2025-10-10 03:27:43,226 [INFO] Época 30/30, Batch 250/3348, Loss: 0.1257
2025-10-10 03:27:43,513 [INFO] Época 30/30, Batch 300/3348, Loss: 0.1225
2025-10-10 03:27:43,785 [INFO] Época 30/30, Batch 350/3348, Loss: 0.1009
2025-10-10 03:27:44,058 [INFO] Época 30/30, Batch 400/3348, Loss: 0.1001
2025-10-10 03:27:44,329 [INFO] Época 30/30, Batch 450/3348, Loss: 0.1581
2025-10-10 03:27:44,599 [INFO] Época 30/30, Batch 500/3348, Loss: 0.1328
2025-10-10 03:27:44,873 [INFO] Época 30/30, Batch 550/3348, Loss: 0.1288
2025-10-10 03:27:45,146 [INFO] Época 30/30, Batch 600/3348, Loss: 0.1456
2025-10-10 03:27:45,414 [INFO] Época 30/30, Batch 650/3348, Loss: 0.1204
2025-10-10 03:27:45,683 [INFO] Época 30/30, Batch 700/3348, Loss: 0.0910
2025-10-10 03:27:45,954 [INFO] Época 30/30, Batch 750/3348, Loss: 0.1610
2025-10-10 03:27:46,228 [INFO] Época 30/30, Batch 800/3348, Loss: 0.1126
2025-10-10 03:27:46,501 [INFO] Época 30/30, Batch 850/3348, Loss: 0.1111
2025-10-10 03:27:46,774 [INFO] Época 30/30, Batch 900/3348, Loss: 0.1206
2025-10-10 03:27:47,036 [INFO] Época 30/30, Batch 950/3348, Loss: 0.1102
2025-10-10 03:27:47,297 [INFO] Época 30/30, Batch 1000/3348, Loss: 0.1145
2025-10-10 03:27:47,559 [INFO] Época 30/30, Batch 1050/3348, Loss: 0.0731
2025-10-10 03:27:47,820 [INFO] Época 30/30, Batch 1100/3348, Loss: 0.1779
2025-10-10 03:27:48,078 [INFO] Época 30/30, Batch 1150/3348, Loss: 0.1708
2025-10-10 03:27:48,338 [INFO] Época 30/30, Batch 1200/3348, Loss: 0.0865
2025-10-10 03:27:48,608 [INFO] Época 30/30, Batch 1250/3348, Loss: 0.0839
2025-10-10 03:27:48,868 [INFO] Época 30/30, Batch 1300/3348, Loss: 0.1320
2025-10-10 03:27:49,128 [INFO] Época 30/30, Batch 1350/3348, Loss: 0.1663
2025-10-10 03:27:49,388 [INFO] Época 30/30, Batch 1400/3348, Loss: 0.1440
2025-10-10 03:27:49,651 [INFO] Época 30/30, Batch 1450/3348, Loss: 0.0962
2025-10-10 03:27:49,923 [INFO] Época 30/30, Batch 1500/3348, Loss: 0.1398
2025-10-10 03:27:50,196 [INFO] Época 30/30, Batch 1550/3348, Loss: 0.1305
2025-10-10 03:27:50,468 [INFO] Época 30/30, Batch 1600/3348, Loss: 0.1209
2025-10-10 03:27:50,741 [INFO] Época 30/30, Batch 1650/3348, Loss: 0.1051
2025-10-10 03:27:51,014 [INFO] Época 30/30, Batch 1700/3348, Loss: 0.1101
2025-10-10 03:27:51,286 [INFO] Época 30/30, Batch 1750/3348, Loss: 0.1255
2025-10-10 03:27:51,559 [INFO] Época 30/30, Batch 1800/3348, Loss: 0.1143
2025-10-10 03:27:51,830 [INFO] Época 30/30, Batch 1850/3348, Loss: 0.1597
2025-10-10 03:27:52,103 [INFO] Época 30/30, Batch 1900/3348, Loss: 0.1428
2025-10-10 03:27:52,377 [INFO] Época 30/30, Batch 1950/3348, Loss: 0.1379
2025-10-10 03:27:52,643 [INFO] Época 30/30, Batch 2000/3348, Loss: 0.1133
2025-10-10 03:27:52,915 [INFO] Época 30/30, Batch 2050/3348, Loss: 0.1054
2025-10-10 03:27:53,190 [INFO] Época 30/30, Batch 2100/3348, Loss: 0.1457
2025-10-10 03:27:53,462 [INFO] Época 30/30, Batch 2150/3348, Loss: 0.0921
2025-10-10 03:27:53,737 [INFO] Época 30/30, Batch 2200/3348, Loss: 0.1130
2025-10-10 03:27:54,009 [INFO] Época 30/30, Batch 2250/3348, Loss: 0.1749
2025-10-10 03:27:54,281 [INFO] Época 30/30, Batch 2300/3348, Loss: 0.1382
2025-10-10 03:27:54,553 [INFO] Época 30/30, Batch 2350/3348, Loss: 0.1246
2025-10-10 03:27:54,826 [INFO] Época 30/30, Batch 2400/3348, Loss: 0.1222
2025-10-10 03:27:55,102 [INFO] Época 30/30, Batch 2450/3348, Loss: 0.1683
2025-10-10 03:27:55,379 [INFO] Época 30/30, Batch 2500/3348, Loss: 0.1195
2025-10-10 03:27:55,657 [INFO] Época 30/30, Batch 2550/3348, Loss: 0.1103
2025-10-10 03:27:55,936 [INFO] Época 30/30, Batch 2600/3348, Loss: 0.1914
2025-10-10 03:27:56,214 [INFO] Época 30/30, Batch 2650/3348, Loss: 0.0793
2025-10-10 03:27:56,493 [INFO] Época 30/30, Batch 2700/3348, Loss: 0.2292
2025-10-10 03:27:56,761 [INFO] Época 30/30, Batch 2750/3348, Loss: 0.1230
2025-10-10 03:27:57,027 [INFO] Época 30/30, Batch 2800/3348, Loss: 0.1476
2025-10-10 03:27:57,292 [INFO] Época 30/30, Batch 2850/3348, Loss: 0.1064
2025-10-10 03:27:57,558 [INFO] Época 30/30, Batch 2900/3348, Loss: 0.1109
2025-10-10 03:27:57,823 [INFO] Época 30/30, Batch 2950/3348, Loss: 0.1314
2025-10-10 03:27:58,087 [INFO] Época 30/30, Batch 3000/3348, Loss: 0.1068
2025-10-10 03:27:58,355 [INFO] Época 30/30, Batch 3050/3348, Loss: 0.1218
2025-10-10 03:27:58,624 [INFO] Época 30/30, Batch 3100/3348, Loss: 0.1316
2025-10-10 03:27:58,889 [INFO] Época 30/30, Batch 3150/3348, Loss: 0.1510
2025-10-10 03:27:59,151 [INFO] Época 30/30, Batch 3200/3348, Loss: 0.0951
2025-10-10 03:27:59,414 [INFO] Época 30/30, Batch 3250/3348, Loss: 0.1584
2025-10-10 03:27:59,678 [INFO] Época 30/30, Batch 3300/3348, Loss: 0.2331
2025-10-10 03:28:01,571 [INFO] [30/30] Train Loss: 0.1330 | Val Loss: 0.1580 | Tempo: 20.01s
2025-10-10 03:28:01,571 [INFO] Treinamento concluído em 588.91 segundos (9.82 minutos)
2025-10-10 03:28:01,571 [INFO] Iniciando avaliação no conjunto de teste...
2025-10-10 03:28:03,054 [INFO] Avaliação do teste concluída em 1.48 segundos
2025-10-10 03:28:03,054 [INFO] MSE no teste: 0.1086
2025-10-10 03:28:03,054 [INFO] RMSE no teste: 0.3296
2025-10-10 03:28:03,054 [INFO] MAE no teste: 0.2142
2025-10-10 03:28:03,055 [INFO] Métricas salvas em /mnt/hdd/home/jdurao/ToolBox-ChemXAI/logs/mlp_att7_Pattern_metrics.json
