2025-10-10 09:17:05,027 [INFO] Iniciando treinamento do modelo mlp_att11_MorganCount
2025-10-10 09:17:05,028 [INFO] Configuração: att_index=11, epochs=30, layers=[128, 64, 32], lr=0.001, batch_size=32, descriptor_type=MorganCount
2025-10-10 09:17:05,028 [INFO] Diretório para modelos: /mnt/hdd/home/jdurao/ToolBox-ChemXAI/models
2025-10-10 09:17:05,028 [INFO] Carregando dados...
2025-10-10 09:17:05,114 [INFO] Preparando dataloaders sem ruído...
2025-10-10 09:17:11,944 [INFO] Dados carregados em 6.92 segundos
2025-10-10 09:17:11,945 [INFO] Tamanhos dos conjuntos - Treino: 107108, Validação: 13388, Teste: 13389
2025-10-10 09:17:11,945 [INFO] Usando dispositivo: cuda
2025-10-10 09:17:12,367 [INFO] Dimensão de entrada: 512, Dimensão de saída: 1
2025-10-10 09:17:12,368 [INFO] Criando modelo MLP com camadas: [128, 64, 32]
2025-10-10 09:17:12,372 [INFO] Modelo criado com 76033 parâmetros
2025-10-10 09:17:12,373 [INFO] Iniciando treinamento com 30 épocas...
2025-10-10 09:17:12,959 [INFO] Época 1/30, Batch 50/3348, Loss: 0.4941
2025-10-10 09:17:13,227 [INFO] Época 1/30, Batch 100/3348, Loss: 0.4951
2025-10-10 09:17:13,493 [INFO] Época 1/30, Batch 150/3348, Loss: 0.4804
2025-10-10 09:17:13,758 [INFO] Época 1/30, Batch 200/3348, Loss: 0.3867
2025-10-10 09:17:14,021 [INFO] Época 1/30, Batch 250/3348, Loss: 0.4791
2025-10-10 09:17:14,284 [INFO] Época 1/30, Batch 300/3348, Loss: 0.5454
2025-10-10 09:17:14,549 [INFO] Época 1/30, Batch 350/3348, Loss: 0.4674
2025-10-10 09:17:14,813 [INFO] Época 1/30, Batch 400/3348, Loss: 0.4143
2025-10-10 09:17:15,077 [INFO] Época 1/30, Batch 450/3348, Loss: 0.3873
2025-10-10 09:17:15,341 [INFO] Época 1/30, Batch 500/3348, Loss: 0.4739
2025-10-10 09:17:15,605 [INFO] Época 1/30, Batch 550/3348, Loss: 0.3381
2025-10-10 09:17:15,869 [INFO] Época 1/30, Batch 600/3348, Loss: 0.3388
2025-10-10 09:17:16,132 [INFO] Época 1/30, Batch 650/3348, Loss: 0.3413
2025-10-10 09:17:16,398 [INFO] Época 1/30, Batch 700/3348, Loss: 0.3449
2025-10-10 09:17:16,663 [INFO] Época 1/30, Batch 750/3348, Loss: 0.3941
2025-10-10 09:17:16,926 [INFO] Época 1/30, Batch 800/3348, Loss: 0.3083
2025-10-10 09:17:17,190 [INFO] Época 1/30, Batch 850/3348, Loss: 0.2692
2025-10-10 09:17:17,457 [INFO] Época 1/30, Batch 900/3348, Loss: 0.3652
2025-10-10 09:17:17,723 [INFO] Época 1/30, Batch 950/3348, Loss: 0.2689
2025-10-10 09:17:17,987 [INFO] Época 1/30, Batch 1000/3348, Loss: 0.2731
2025-10-10 09:17:18,251 [INFO] Época 1/30, Batch 1050/3348, Loss: 0.3856
2025-10-10 09:17:18,512 [INFO] Época 1/30, Batch 1100/3348, Loss: 0.2737
2025-10-10 09:17:18,775 [INFO] Época 1/30, Batch 1150/3348, Loss: 0.2008
2025-10-10 09:17:19,037 [INFO] Época 1/30, Batch 1200/3348, Loss: 0.2696
2025-10-10 09:17:19,297 [INFO] Época 1/30, Batch 1250/3348, Loss: 0.2456
2025-10-10 09:17:19,557 [INFO] Época 1/30, Batch 1300/3348, Loss: 0.2882
2025-10-10 09:17:19,818 [INFO] Época 1/30, Batch 1350/3348, Loss: 0.3375
2025-10-10 09:17:20,080 [INFO] Época 1/30, Batch 1400/3348, Loss: 0.2096
2025-10-10 09:17:20,340 [INFO] Época 1/30, Batch 1450/3348, Loss: 0.2195
2025-10-10 09:17:20,602 [INFO] Época 1/30, Batch 1500/3348, Loss: 0.3226
2025-10-10 09:17:20,864 [INFO] Época 1/30, Batch 1550/3348, Loss: 0.2539
2025-10-10 09:17:21,128 [INFO] Época 1/30, Batch 1600/3348, Loss: 0.2838
2025-10-10 09:17:21,393 [INFO] Época 1/30, Batch 1650/3348, Loss: 0.2668
2025-10-10 09:17:21,654 [INFO] Época 1/30, Batch 1700/3348, Loss: 0.2259
2025-10-10 09:17:21,917 [INFO] Época 1/30, Batch 1750/3348, Loss: 0.2115
2025-10-10 09:17:22,178 [INFO] Época 1/30, Batch 1800/3348, Loss: 0.3210
2025-10-10 09:17:22,441 [INFO] Época 1/30, Batch 1850/3348, Loss: 0.2395
2025-10-10 09:17:22,717 [INFO] Época 1/30, Batch 1900/3348, Loss: 0.2275
2025-10-10 09:17:22,981 [INFO] Época 1/30, Batch 1950/3348, Loss: 0.2440
2025-10-10 09:17:23,241 [INFO] Época 1/30, Batch 2000/3348, Loss: 0.2193
2025-10-10 09:17:23,502 [INFO] Época 1/30, Batch 2050/3348, Loss: 0.1968
2025-10-10 09:17:23,766 [INFO] Época 1/30, Batch 2100/3348, Loss: 0.2391
2025-10-10 09:17:24,028 [INFO] Época 1/30, Batch 2150/3348, Loss: 0.2184
2025-10-10 09:17:24,291 [INFO] Época 1/30, Batch 2200/3348, Loss: 0.2291
2025-10-10 09:17:24,554 [INFO] Época 1/30, Batch 2250/3348, Loss: 0.2525
2025-10-10 09:17:24,817 [INFO] Época 1/30, Batch 2300/3348, Loss: 0.2419
2025-10-10 09:17:25,083 [INFO] Época 1/30, Batch 2350/3348, Loss: 0.2317
2025-10-10 09:17:25,345 [INFO] Época 1/30, Batch 2400/3348, Loss: 0.1998
2025-10-10 09:17:25,609 [INFO] Época 1/30, Batch 2450/3348, Loss: 0.1857
2025-10-10 09:17:25,871 [INFO] Época 1/30, Batch 2500/3348, Loss: 0.2242
2025-10-10 09:17:26,136 [INFO] Época 1/30, Batch 2550/3348, Loss: 0.2475
2025-10-10 09:17:26,397 [INFO] Época 1/30, Batch 2600/3348, Loss: 0.2423
2025-10-10 09:17:26,662 [INFO] Época 1/30, Batch 2650/3348, Loss: 0.1690
2025-10-10 09:17:26,925 [INFO] Época 1/30, Batch 2700/3348, Loss: 0.2078
2025-10-10 09:17:27,187 [INFO] Época 1/30, Batch 2750/3348, Loss: 0.2011
2025-10-10 09:17:27,449 [INFO] Época 1/30, Batch 2800/3348, Loss: 0.1529
2025-10-10 09:17:27,723 [INFO] Época 1/30, Batch 2850/3348, Loss: 0.1890
2025-10-10 09:17:27,984 [INFO] Época 1/30, Batch 2900/3348, Loss: 0.1250
2025-10-10 09:17:28,246 [INFO] Época 1/30, Batch 2950/3348, Loss: 0.1898
2025-10-10 09:17:28,508 [INFO] Época 1/30, Batch 3000/3348, Loss: 0.1649
2025-10-10 09:17:28,770 [INFO] Época 1/30, Batch 3050/3348, Loss: 0.1897
2025-10-10 09:17:29,032 [INFO] Época 1/30, Batch 3100/3348, Loss: 0.1925
2025-10-10 09:17:29,293 [INFO] Época 1/30, Batch 3150/3348, Loss: 0.2478
2025-10-10 09:17:29,555 [INFO] Época 1/30, Batch 3200/3348, Loss: 0.1217
2025-10-10 09:17:29,818 [INFO] Época 1/30, Batch 3250/3348, Loss: 0.1845
2025-10-10 09:17:30,079 [INFO] Época 1/30, Batch 3300/3348, Loss: 0.1836
2025-10-10 09:17:31,988 [INFO] [1/30] Train Loss: 0.2749 | Val Loss: 0.1845 | Tempo: 19.61s
2025-10-10 09:17:31,993 [INFO] Melhor modelo salvo em: /mnt/hdd/home/jdurao/ToolBox-ChemXAI/models/mlp_qm9_MorganCount_att11_large.pth
2025-10-10 09:17:32,594 [INFO] Época 2/30, Batch 50/3348, Loss: 0.1884
2025-10-10 09:17:32,875 [INFO] Época 2/30, Batch 100/3348, Loss: 0.1492
2025-10-10 09:17:33,151 [INFO] Época 2/30, Batch 150/3348, Loss: 0.1496
2025-10-10 09:17:33,422 [INFO] Época 2/30, Batch 200/3348, Loss: 0.1542
2025-10-10 09:17:33,690 [INFO] Época 2/30, Batch 250/3348, Loss: 0.2080
2025-10-10 09:17:33,963 [INFO] Época 2/30, Batch 300/3348, Loss: 0.1311
2025-10-10 09:17:34,238 [INFO] Época 2/30, Batch 350/3348, Loss: 0.1297
2025-10-10 09:17:34,513 [INFO] Época 2/30, Batch 400/3348, Loss: 0.1761
2025-10-10 09:17:34,785 [INFO] Época 2/30, Batch 450/3348, Loss: 0.1436
2025-10-10 09:17:35,057 [INFO] Época 2/30, Batch 500/3348, Loss: 0.1199
2025-10-10 09:17:35,328 [INFO] Época 2/30, Batch 550/3348, Loss: 0.1616
2025-10-10 09:17:35,602 [INFO] Época 2/30, Batch 600/3348, Loss: 0.1313
2025-10-10 09:17:35,876 [INFO] Época 2/30, Batch 650/3348, Loss: 0.1367
2025-10-10 09:17:36,143 [INFO] Época 2/30, Batch 700/3348, Loss: 0.1675
2025-10-10 09:17:36,406 [INFO] Época 2/30, Batch 750/3348, Loss: 0.1491
2025-10-10 09:17:36,668 [INFO] Época 2/30, Batch 800/3348, Loss: 0.1371
2025-10-10 09:17:36,930 [INFO] Época 2/30, Batch 850/3348, Loss: 0.1419
2025-10-10 09:17:37,194 [INFO] Época 2/30, Batch 900/3348, Loss: 0.2057
2025-10-10 09:17:37,457 [INFO] Época 2/30, Batch 950/3348, Loss: 0.1253
2025-10-10 09:17:37,722 [INFO] Época 2/30, Batch 1000/3348, Loss: 0.2013
2025-10-10 09:17:38,005 [INFO] Época 2/30, Batch 1050/3348, Loss: 0.1029
2025-10-10 09:17:38,277 [INFO] Época 2/30, Batch 1100/3348, Loss: 0.1158
2025-10-10 09:17:38,548 [INFO] Época 2/30, Batch 1150/3348, Loss: 0.1561
2025-10-10 09:17:38,822 [INFO] Época 2/30, Batch 1200/3348, Loss: 0.1372
2025-10-10 09:17:39,092 [INFO] Época 2/30, Batch 1250/3348, Loss: 0.1103
2025-10-10 09:17:39,364 [INFO] Época 2/30, Batch 1300/3348, Loss: 0.1383
2025-10-10 09:17:39,633 [INFO] Época 2/30, Batch 1350/3348, Loss: 0.1182
2025-10-10 09:17:39,894 [INFO] Época 2/30, Batch 1400/3348, Loss: 0.1194
2025-10-10 09:17:40,158 [INFO] Época 2/30, Batch 1450/3348, Loss: 0.1650
2025-10-10 09:17:40,421 [INFO] Época 2/30, Batch 1500/3348, Loss: 0.1377
2025-10-10 09:17:40,691 [INFO] Época 2/30, Batch 1550/3348, Loss: 0.1273
2025-10-10 09:17:40,952 [INFO] Época 2/30, Batch 1600/3348, Loss: 0.1240
2025-10-10 09:17:41,211 [INFO] Época 2/30, Batch 1650/3348, Loss: 0.1245
2025-10-10 09:17:41,474 [INFO] Época 2/30, Batch 1700/3348, Loss: 0.1841
2025-10-10 09:17:41,745 [INFO] Época 2/30, Batch 1750/3348, Loss: 0.2044
2025-10-10 09:17:42,017 [INFO] Época 2/30, Batch 1800/3348, Loss: 0.0924
2025-10-10 09:17:42,286 [INFO] Época 2/30, Batch 1850/3348, Loss: 0.1439
2025-10-10 09:17:42,556 [INFO] Época 2/30, Batch 1900/3348, Loss: 0.1817
2025-10-10 09:17:42,823 [INFO] Época 2/30, Batch 1950/3348, Loss: 0.1358
2025-10-10 09:17:43,095 [INFO] Época 2/30, Batch 2000/3348, Loss: 0.1083
2025-10-10 09:17:43,356 [INFO] Época 2/30, Batch 2050/3348, Loss: 0.1385
2025-10-10 09:17:43,616 [INFO] Época 2/30, Batch 2100/3348, Loss: 0.1377
2025-10-10 09:17:43,876 [INFO] Época 2/30, Batch 2150/3348, Loss: 0.1444
2025-10-10 09:17:44,138 [INFO] Época 2/30, Batch 2200/3348, Loss: 0.1058
2025-10-10 09:17:44,398 [INFO] Época 2/30, Batch 2250/3348, Loss: 0.1664
2025-10-10 09:17:44,660 [INFO] Época 2/30, Batch 2300/3348, Loss: 0.1413
2025-10-10 09:17:44,920 [INFO] Época 2/30, Batch 2350/3348, Loss: 0.1432
2025-10-10 09:17:45,181 [INFO] Época 2/30, Batch 2400/3348, Loss: 0.1265
2025-10-10 09:17:45,444 [INFO] Época 2/30, Batch 2450/3348, Loss: 0.1045
2025-10-10 09:17:45,705 [INFO] Época 2/30, Batch 2500/3348, Loss: 0.1210
2025-10-10 09:17:45,967 [INFO] Época 2/30, Batch 2550/3348, Loss: 0.1503
2025-10-10 09:17:46,229 [INFO] Época 2/30, Batch 2600/3348, Loss: 0.1268
2025-10-10 09:17:46,490 [INFO] Época 2/30, Batch 2650/3348, Loss: 0.1469
2025-10-10 09:17:46,752 [INFO] Época 2/30, Batch 2700/3348, Loss: 0.1074
2025-10-10 09:17:47,014 [INFO] Época 2/30, Batch 2750/3348, Loss: 0.1008
2025-10-10 09:17:47,274 [INFO] Época 2/30, Batch 2800/3348, Loss: 0.1126
2025-10-10 09:17:47,535 [INFO] Época 2/30, Batch 2850/3348, Loss: 0.1403
2025-10-10 09:17:47,796 [INFO] Época 2/30, Batch 2900/3348, Loss: 0.1291
2025-10-10 09:17:48,059 [INFO] Época 2/30, Batch 2950/3348, Loss: 0.1356
2025-10-10 09:17:48,320 [INFO] Época 2/30, Batch 3000/3348, Loss: 0.1587
2025-10-10 09:17:48,581 [INFO] Época 2/30, Batch 3050/3348, Loss: 0.1418
2025-10-10 09:17:48,842 [INFO] Época 2/30, Batch 3100/3348, Loss: 0.1761
2025-10-10 09:17:49,102 [INFO] Época 2/30, Batch 3150/3348, Loss: 0.1580
2025-10-10 09:17:49,365 [INFO] Época 2/30, Batch 3200/3348, Loss: 0.1482
2025-10-10 09:17:49,626 [INFO] Época 2/30, Batch 3250/3348, Loss: 0.1167
2025-10-10 09:17:49,886 [INFO] Época 2/30, Batch 3300/3348, Loss: 0.1262
2025-10-10 09:17:51,732 [INFO] [2/30] Train Loss: 0.1446 | Val Loss: 0.1339 | Tempo: 19.74s
2025-10-10 09:17:51,738 [INFO] Melhor modelo salvo em: /mnt/hdd/home/jdurao/ToolBox-ChemXAI/models/mlp_qm9_MorganCount_att11_large.pth
2025-10-10 09:17:52,326 [INFO] Época 3/30, Batch 50/3348, Loss: 0.0793
2025-10-10 09:17:52,597 [INFO] Época 3/30, Batch 100/3348, Loss: 0.0977
2025-10-10 09:17:52,866 [INFO] Época 3/30, Batch 150/3348, Loss: 0.1167
2025-10-10 09:17:53,135 [INFO] Época 3/30, Batch 200/3348, Loss: 0.1465
2025-10-10 09:17:53,406 [INFO] Época 3/30, Batch 250/3348, Loss: 0.0926
2025-10-10 09:17:53,674 [INFO] Época 3/30, Batch 300/3348, Loss: 0.1278
2025-10-10 09:17:53,940 [INFO] Época 3/30, Batch 350/3348, Loss: 0.1003
2025-10-10 09:17:54,206 [INFO] Época 3/30, Batch 400/3348, Loss: 0.1340
2025-10-10 09:17:54,472 [INFO] Época 3/30, Batch 450/3348, Loss: 0.0714
2025-10-10 09:17:54,737 [INFO] Época 3/30, Batch 500/3348, Loss: 0.0950
2025-10-10 09:17:55,003 [INFO] Época 3/30, Batch 550/3348, Loss: 0.1366
2025-10-10 09:17:55,267 [INFO] Época 3/30, Batch 600/3348, Loss: 0.1524
2025-10-10 09:17:55,532 [INFO] Época 3/30, Batch 650/3348, Loss: 0.1490
2025-10-10 09:17:55,796 [INFO] Época 3/30, Batch 700/3348, Loss: 0.0691
2025-10-10 09:17:56,052 [INFO] Época 3/30, Batch 750/3348, Loss: 0.0639
2025-10-10 09:17:56,309 [INFO] Época 3/30, Batch 800/3348, Loss: 0.1248
2025-10-10 09:17:56,574 [INFO] Época 3/30, Batch 850/3348, Loss: 0.1250
2025-10-10 09:17:56,840 [INFO] Época 3/30, Batch 900/3348, Loss: 0.1312
2025-10-10 09:17:57,107 [INFO] Época 3/30, Batch 950/3348, Loss: 0.1119
2025-10-10 09:17:57,372 [INFO] Época 3/30, Batch 1000/3348, Loss: 0.0854
2025-10-10 09:17:57,636 [INFO] Época 3/30, Batch 1050/3348, Loss: 0.0804
2025-10-10 09:17:57,908 [INFO] Época 3/30, Batch 1100/3348, Loss: 0.1206
2025-10-10 09:17:58,182 [INFO] Época 3/30, Batch 1150/3348, Loss: 0.1306
2025-10-10 09:17:58,462 [INFO] Época 3/30, Batch 1200/3348, Loss: 0.1066
2025-10-10 09:17:58,735 [INFO] Época 3/30, Batch 1250/3348, Loss: 0.1122
2025-10-10 09:17:59,010 [INFO] Época 3/30, Batch 1300/3348, Loss: 0.1058
2025-10-10 09:17:59,282 [INFO] Época 3/30, Batch 1350/3348, Loss: 0.1299
2025-10-10 09:17:59,556 [INFO] Época 3/30, Batch 1400/3348, Loss: 0.1415
2025-10-10 09:17:59,828 [INFO] Época 3/30, Batch 1450/3348, Loss: 0.1264
2025-10-10 09:18:00,100 [INFO] Época 3/30, Batch 1500/3348, Loss: 0.1213
2025-10-10 09:18:00,371 [INFO] Época 3/30, Batch 1550/3348, Loss: 0.0628
2025-10-10 09:18:00,642 [INFO] Época 3/30, Batch 1600/3348, Loss: 0.1201
2025-10-10 09:18:00,912 [INFO] Época 3/30, Batch 1650/3348, Loss: 0.1122
2025-10-10 09:18:01,184 [INFO] Época 3/30, Batch 1700/3348, Loss: 0.0871
2025-10-10 09:18:01,453 [INFO] Época 3/30, Batch 1750/3348, Loss: 0.1568
2025-10-10 09:18:01,726 [INFO] Época 3/30, Batch 1800/3348, Loss: 0.0901
2025-10-10 09:18:01,998 [INFO] Época 3/30, Batch 1850/3348, Loss: 0.0801
2025-10-10 09:18:02,269 [INFO] Época 3/30, Batch 1900/3348, Loss: 0.1214
2025-10-10 09:18:02,542 [INFO] Época 3/30, Batch 1950/3348, Loss: 0.1317
2025-10-10 09:18:02,814 [INFO] Época 3/30, Batch 2000/3348, Loss: 0.1109
2025-10-10 09:18:03,087 [INFO] Época 3/30, Batch 2050/3348, Loss: 0.1292
2025-10-10 09:18:03,359 [INFO] Época 3/30, Batch 2100/3348, Loss: 0.1108
2025-10-10 09:18:03,633 [INFO] Época 3/30, Batch 2150/3348, Loss: 0.1436
2025-10-10 09:18:03,904 [INFO] Época 3/30, Batch 2200/3348, Loss: 0.1492
2025-10-10 09:18:04,176 [INFO] Época 3/30, Batch 2250/3348, Loss: 0.1405
2025-10-10 09:18:04,445 [INFO] Época 3/30, Batch 2300/3348, Loss: 0.1326
2025-10-10 09:18:04,718 [INFO] Época 3/30, Batch 2350/3348, Loss: 0.1092
2025-10-10 09:18:04,990 [INFO] Época 3/30, Batch 2400/3348, Loss: 0.1107
2025-10-10 09:18:05,262 [INFO] Época 3/30, Batch 2450/3348, Loss: 0.1361
2025-10-10 09:18:05,535 [INFO] Época 3/30, Batch 2500/3348, Loss: 0.1260
2025-10-10 09:18:05,806 [INFO] Época 3/30, Batch 2550/3348, Loss: 0.0807
2025-10-10 09:18:06,078 [INFO] Época 3/30, Batch 2600/3348, Loss: 0.0964
2025-10-10 09:18:06,351 [INFO] Época 3/30, Batch 2650/3348, Loss: 0.1003
2025-10-10 09:18:06,624 [INFO] Época 3/30, Batch 2700/3348, Loss: 0.0853
2025-10-10 09:18:06,897 [INFO] Época 3/30, Batch 2750/3348, Loss: 0.0654
2025-10-10 09:18:07,169 [INFO] Época 3/30, Batch 2800/3348, Loss: 0.1092
2025-10-10 09:18:07,440 [INFO] Época 3/30, Batch 2850/3348, Loss: 0.0705
2025-10-10 09:18:07,707 [INFO] Época 3/30, Batch 2900/3348, Loss: 0.0991
2025-10-10 09:18:07,972 [INFO] Época 3/30, Batch 2950/3348, Loss: 0.0824
2025-10-10 09:18:08,237 [INFO] Época 3/30, Batch 3000/3348, Loss: 0.0872
2025-10-10 09:18:08,503 [INFO] Época 3/30, Batch 3050/3348, Loss: 0.1133
2025-10-10 09:18:08,775 [INFO] Época 3/30, Batch 3100/3348, Loss: 0.1382
2025-10-10 09:18:09,047 [INFO] Época 3/30, Batch 3150/3348, Loss: 0.0779
2025-10-10 09:18:09,320 [INFO] Época 3/30, Batch 3200/3348, Loss: 0.0790
2025-10-10 09:18:09,593 [INFO] Época 3/30, Batch 3250/3348, Loss: 0.1113
2025-10-10 09:18:09,862 [INFO] Época 3/30, Batch 3300/3348, Loss: 0.0926
2025-10-10 09:18:11,702 [INFO] [3/30] Train Loss: 0.1108 | Val Loss: 0.1146 | Tempo: 19.96s
2025-10-10 09:18:11,708 [INFO] Melhor modelo salvo em: /mnt/hdd/home/jdurao/ToolBox-ChemXAI/models/mlp_qm9_MorganCount_att11_large.pth
2025-10-10 09:18:12,308 [INFO] Época 4/30, Batch 50/3348, Loss: 0.1403
2025-10-10 09:18:12,591 [INFO] Época 4/30, Batch 100/3348, Loss: 0.0902
2025-10-10 09:18:12,870 [INFO] Época 4/30, Batch 150/3348, Loss: 0.0704
2025-10-10 09:18:13,148 [INFO] Época 4/30, Batch 200/3348, Loss: 0.1531
2025-10-10 09:18:13,424 [INFO] Época 4/30, Batch 250/3348, Loss: 0.0813
2025-10-10 09:18:13,700 [INFO] Época 4/30, Batch 300/3348, Loss: 0.0631
2025-10-10 09:18:13,975 [INFO] Época 4/30, Batch 350/3348, Loss: 0.0683
2025-10-10 09:18:14,249 [INFO] Época 4/30, Batch 400/3348, Loss: 0.0524
2025-10-10 09:18:14,525 [INFO] Época 4/30, Batch 450/3348, Loss: 0.0560
2025-10-10 09:18:14,802 [INFO] Época 4/30, Batch 500/3348, Loss: 0.0767
2025-10-10 09:18:15,076 [INFO] Época 4/30, Batch 550/3348, Loss: 0.1359
2025-10-10 09:18:15,349 [INFO] Época 4/30, Batch 600/3348, Loss: 0.1049
2025-10-10 09:18:15,623 [INFO] Época 4/30, Batch 650/3348, Loss: 0.0920
2025-10-10 09:18:15,896 [INFO] Época 4/30, Batch 700/3348, Loss: 0.0883
2025-10-10 09:18:16,172 [INFO] Época 4/30, Batch 750/3348, Loss: 0.0826
2025-10-10 09:18:16,444 [INFO] Época 4/30, Batch 800/3348, Loss: 0.0927
2025-10-10 09:18:16,716 [INFO] Época 4/30, Batch 850/3348, Loss: 0.0968
2025-10-10 09:18:16,988 [INFO] Época 4/30, Batch 900/3348, Loss: 0.0630
2025-10-10 09:18:17,260 [INFO] Época 4/30, Batch 950/3348, Loss: 0.1538
2025-10-10 09:18:17,532 [INFO] Época 4/30, Batch 1000/3348, Loss: 0.0749
2025-10-10 09:18:17,796 [INFO] Época 4/30, Batch 1050/3348, Loss: 0.1118
2025-10-10 09:18:18,060 [INFO] Época 4/30, Batch 1100/3348, Loss: 0.0909
2025-10-10 09:18:18,325 [INFO] Época 4/30, Batch 1150/3348, Loss: 0.0626
2025-10-10 09:18:18,587 [INFO] Época 4/30, Batch 1200/3348, Loss: 0.1020
2025-10-10 09:18:18,855 [INFO] Época 4/30, Batch 1250/3348, Loss: 0.0754
2025-10-10 09:18:19,138 [INFO] Época 4/30, Batch 1300/3348, Loss: 0.0707
2025-10-10 09:18:19,411 [INFO] Época 4/30, Batch 1350/3348, Loss: 0.0982
2025-10-10 09:18:19,684 [INFO] Época 4/30, Batch 1400/3348, Loss: 0.0987
2025-10-10 09:18:19,957 [INFO] Época 4/30, Batch 1450/3348, Loss: 0.1533
2025-10-10 09:18:20,232 [INFO] Época 4/30, Batch 1500/3348, Loss: 0.1225
2025-10-10 09:18:20,505 [INFO] Época 4/30, Batch 1550/3348, Loss: 0.1301
2025-10-10 09:18:20,779 [INFO] Época 4/30, Batch 1600/3348, Loss: 0.1123
2025-10-10 09:18:21,053 [INFO] Época 4/30, Batch 1650/3348, Loss: 0.0855
2025-10-10 09:18:21,327 [INFO] Época 4/30, Batch 1700/3348, Loss: 0.1017
2025-10-10 09:18:21,603 [INFO] Época 4/30, Batch 1750/3348, Loss: 0.0756
2025-10-10 09:18:21,876 [INFO] Época 4/30, Batch 1800/3348, Loss: 0.0830
2025-10-10 09:18:22,150 [INFO] Época 4/30, Batch 1850/3348, Loss: 0.0636
2025-10-10 09:18:22,422 [INFO] Época 4/30, Batch 1900/3348, Loss: 0.0722
2025-10-10 09:18:22,696 [INFO] Época 4/30, Batch 1950/3348, Loss: 0.1111
2025-10-10 09:18:22,971 [INFO] Época 4/30, Batch 2000/3348, Loss: 0.1374
2025-10-10 09:18:23,243 [INFO] Época 4/30, Batch 2050/3348, Loss: 0.0946
2025-10-10 09:18:23,512 [INFO] Época 4/30, Batch 2100/3348, Loss: 0.1390
2025-10-10 09:18:23,775 [INFO] Época 4/30, Batch 2150/3348, Loss: 0.0940
2025-10-10 09:18:24,038 [INFO] Época 4/30, Batch 2200/3348, Loss: 0.0730
2025-10-10 09:18:24,313 [INFO] Época 4/30, Batch 2250/3348, Loss: 0.1330
2025-10-10 09:18:24,579 [INFO] Época 4/30, Batch 2300/3348, Loss: 0.0454
2025-10-10 09:18:24,851 [INFO] Época 4/30, Batch 2350/3348, Loss: 0.0996
2025-10-10 09:18:25,125 [INFO] Época 4/30, Batch 2400/3348, Loss: 0.0758
2025-10-10 09:18:25,400 [INFO] Época 4/30, Batch 2450/3348, Loss: 0.1104
2025-10-10 09:18:25,674 [INFO] Época 4/30, Batch 2500/3348, Loss: 0.1123
2025-10-10 09:18:25,949 [INFO] Época 4/30, Batch 2550/3348, Loss: 0.0994
2025-10-10 09:18:26,221 [INFO] Época 4/30, Batch 2600/3348, Loss: 0.1103
2025-10-10 09:18:26,498 [INFO] Época 4/30, Batch 2650/3348, Loss: 0.1302
2025-10-10 09:18:26,772 [INFO] Época 4/30, Batch 2700/3348, Loss: 0.0894
2025-10-10 09:18:27,047 [INFO] Época 4/30, Batch 2750/3348, Loss: 0.0838
2025-10-10 09:18:27,323 [INFO] Época 4/30, Batch 2800/3348, Loss: 0.0888
2025-10-10 09:18:27,596 [INFO] Época 4/30, Batch 2850/3348, Loss: 0.0871
2025-10-10 09:18:27,868 [INFO] Época 4/30, Batch 2900/3348, Loss: 0.0554
2025-10-10 09:18:28,141 [INFO] Época 4/30, Batch 2950/3348, Loss: 0.1578
2025-10-10 09:18:28,410 [INFO] Época 4/30, Batch 3000/3348, Loss: 0.1049
2025-10-10 09:18:28,686 [INFO] Época 4/30, Batch 3050/3348, Loss: 0.0970
2025-10-10 09:18:28,958 [INFO] Época 4/30, Batch 3100/3348, Loss: 0.0787
2025-10-10 09:18:29,231 [INFO] Época 4/30, Batch 3150/3348, Loss: 0.1049
2025-10-10 09:18:29,506 [INFO] Época 4/30, Batch 3200/3348, Loss: 0.1094
2025-10-10 09:18:29,772 [INFO] Época 4/30, Batch 3250/3348, Loss: 0.0923
2025-10-10 09:18:30,039 [INFO] Época 4/30, Batch 3300/3348, Loss: 0.0910
2025-10-10 09:18:31,978 [INFO] [4/30] Train Loss: 0.0914 | Val Loss: 0.0985 | Tempo: 20.27s
2025-10-10 09:18:31,983 [INFO] Melhor modelo salvo em: /mnt/hdd/home/jdurao/ToolBox-ChemXAI/models/mlp_qm9_MorganCount_att11_large.pth
2025-10-10 09:18:32,590 [INFO] Época 5/30, Batch 50/3348, Loss: 0.0768
2025-10-10 09:18:32,867 [INFO] Época 5/30, Batch 100/3348, Loss: 0.1136
2025-10-10 09:18:33,144 [INFO] Época 5/30, Batch 150/3348, Loss: 0.1014
2025-10-10 09:18:33,417 [INFO] Época 5/30, Batch 200/3348, Loss: 0.0623
2025-10-10 09:18:33,692 [INFO] Época 5/30, Batch 250/3348, Loss: 0.0948
2025-10-10 09:18:33,963 [INFO] Época 5/30, Batch 300/3348, Loss: 0.0706
2025-10-10 09:18:34,236 [INFO] Época 5/30, Batch 350/3348, Loss: 0.0814
2025-10-10 09:18:34,519 [INFO] Época 5/30, Batch 400/3348, Loss: 0.1032
2025-10-10 09:18:34,792 [INFO] Época 5/30, Batch 450/3348, Loss: 0.1405
2025-10-10 09:18:35,064 [INFO] Época 5/30, Batch 500/3348, Loss: 0.0898
2025-10-10 09:18:35,337 [INFO] Época 5/30, Batch 550/3348, Loss: 0.0644
2025-10-10 09:18:35,608 [INFO] Época 5/30, Batch 600/3348, Loss: 0.1389
2025-10-10 09:18:35,881 [INFO] Época 5/30, Batch 650/3348, Loss: 0.0593
2025-10-10 09:18:36,150 [INFO] Época 5/30, Batch 700/3348, Loss: 0.0998
2025-10-10 09:18:36,423 [INFO] Época 5/30, Batch 750/3348, Loss: 0.0903
2025-10-10 09:18:36,694 [INFO] Época 5/30, Batch 800/3348, Loss: 0.0931
2025-10-10 09:18:36,965 [INFO] Época 5/30, Batch 850/3348, Loss: 0.0474
2025-10-10 09:18:37,233 [INFO] Época 5/30, Batch 900/3348, Loss: 0.1154
2025-10-10 09:18:37,504 [INFO] Época 5/30, Batch 950/3348, Loss: 0.0458
2025-10-10 09:18:37,773 [INFO] Época 5/30, Batch 1000/3348, Loss: 0.0817
2025-10-10 09:18:38,045 [INFO] Época 5/30, Batch 1050/3348, Loss: 0.1053
2025-10-10 09:18:38,317 [INFO] Época 5/30, Batch 1100/3348, Loss: 0.0570
2025-10-10 09:18:38,589 [INFO] Época 5/30, Batch 1150/3348, Loss: 0.1730
2025-10-10 09:18:38,859 [INFO] Época 5/30, Batch 1200/3348, Loss: 0.0985
2025-10-10 09:18:39,132 [INFO] Época 5/30, Batch 1250/3348, Loss: 0.0531
2025-10-10 09:18:39,404 [INFO] Época 5/30, Batch 1300/3348, Loss: 0.0528
2025-10-10 09:18:39,678 [INFO] Época 5/30, Batch 1350/3348, Loss: 0.0630
2025-10-10 09:18:39,949 [INFO] Época 5/30, Batch 1400/3348, Loss: 0.1177
2025-10-10 09:18:40,222 [INFO] Época 5/30, Batch 1450/3348, Loss: 0.1340
2025-10-10 09:18:40,494 [INFO] Época 5/30, Batch 1500/3348, Loss: 0.1165
2025-10-10 09:18:40,769 [INFO] Época 5/30, Batch 1550/3348, Loss: 0.0864
2025-10-10 09:18:41,042 [INFO] Época 5/30, Batch 1600/3348, Loss: 0.1032
2025-10-10 09:18:41,318 [INFO] Época 5/30, Batch 1650/3348, Loss: 0.0786
2025-10-10 09:18:41,592 [INFO] Época 5/30, Batch 1700/3348, Loss: 0.0715
2025-10-10 09:18:41,864 [INFO] Época 5/30, Batch 1750/3348, Loss: 0.1167
2025-10-10 09:18:42,137 [INFO] Época 5/30, Batch 1800/3348, Loss: 0.0953
2025-10-10 09:18:42,409 [INFO] Época 5/30, Batch 1850/3348, Loss: 0.0839
2025-10-10 09:18:42,682 [INFO] Época 5/30, Batch 1900/3348, Loss: 0.0636
2025-10-10 09:18:42,955 [INFO] Época 5/30, Batch 1950/3348, Loss: 0.0671
2025-10-10 09:18:43,226 [INFO] Época 5/30, Batch 2000/3348, Loss: 0.1130
2025-10-10 09:18:43,499 [INFO] Época 5/30, Batch 2050/3348, Loss: 0.0567
2025-10-10 09:18:43,765 [INFO] Época 5/30, Batch 2100/3348, Loss: 0.0910
2025-10-10 09:18:44,027 [INFO] Época 5/30, Batch 2150/3348, Loss: 0.0911
2025-10-10 09:18:44,288 [INFO] Época 5/30, Batch 2200/3348, Loss: 0.0800
2025-10-10 09:18:44,549 [INFO] Época 5/30, Batch 2250/3348, Loss: 0.0824
2025-10-10 09:18:44,823 [INFO] Época 5/30, Batch 2300/3348, Loss: 0.0543
2025-10-10 09:18:45,084 [INFO] Época 5/30, Batch 2350/3348, Loss: 0.0560
2025-10-10 09:18:45,346 [INFO] Época 5/30, Batch 2400/3348, Loss: 0.0479
2025-10-10 09:18:45,608 [INFO] Época 5/30, Batch 2450/3348, Loss: 0.0953
2025-10-10 09:18:45,867 [INFO] Época 5/30, Batch 2500/3348, Loss: 0.0883
2025-10-10 09:18:46,131 [INFO] Época 5/30, Batch 2550/3348, Loss: 0.0428
2025-10-10 09:18:46,388 [INFO] Época 5/30, Batch 2600/3348, Loss: 0.0650
2025-10-10 09:18:46,650 [INFO] Época 5/30, Batch 2650/3348, Loss: 0.0711
2025-10-10 09:18:46,912 [INFO] Época 5/30, Batch 2700/3348, Loss: 0.1098
2025-10-10 09:18:47,171 [INFO] Época 5/30, Batch 2750/3348, Loss: 0.0503
2025-10-10 09:18:47,433 [INFO] Época 5/30, Batch 2800/3348, Loss: 0.0799
2025-10-10 09:18:47,690 [INFO] Época 5/30, Batch 2850/3348, Loss: 0.1014
2025-10-10 09:18:47,948 [INFO] Época 5/30, Batch 2900/3348, Loss: 0.0515
2025-10-10 09:18:48,209 [INFO] Época 5/30, Batch 2950/3348, Loss: 0.1560
2025-10-10 09:18:48,465 [INFO] Época 5/30, Batch 3000/3348, Loss: 0.0937
2025-10-10 09:18:48,722 [INFO] Época 5/30, Batch 3050/3348, Loss: 0.0715
2025-10-10 09:18:48,985 [INFO] Época 5/30, Batch 3100/3348, Loss: 0.0426
2025-10-10 09:18:49,246 [INFO] Época 5/30, Batch 3150/3348, Loss: 0.0937
2025-10-10 09:18:49,510 [INFO] Época 5/30, Batch 3200/3348, Loss: 0.0982
2025-10-10 09:18:49,773 [INFO] Época 5/30, Batch 3250/3348, Loss: 0.0821
2025-10-10 09:18:50,034 [INFO] Época 5/30, Batch 3300/3348, Loss: 0.0886
2025-10-10 09:18:51,923 [INFO] [5/30] Train Loss: 0.0806 | Val Loss: 0.0787 | Tempo: 19.94s
2025-10-10 09:18:51,928 [INFO] Melhor modelo salvo em: /mnt/hdd/home/jdurao/ToolBox-ChemXAI/models/mlp_qm9_MorganCount_att11_large.pth
2025-10-10 09:18:52,529 [INFO] Época 6/30, Batch 50/3348, Loss: 0.0712
2025-10-10 09:18:52,802 [INFO] Época 6/30, Batch 100/3348, Loss: 0.0559
2025-10-10 09:18:53,069 [INFO] Época 6/30, Batch 150/3348, Loss: 0.0940
2025-10-10 09:18:53,336 [INFO] Época 6/30, Batch 200/3348, Loss: 0.0806
2025-10-10 09:18:53,601 [INFO] Época 6/30, Batch 250/3348, Loss: 0.0385
2025-10-10 09:18:53,866 [INFO] Época 6/30, Batch 300/3348, Loss: 0.0584
2025-10-10 09:18:54,132 [INFO] Época 6/30, Batch 350/3348, Loss: 0.0964
2025-10-10 09:18:54,397 [INFO] Época 6/30, Batch 400/3348, Loss: 0.0650
2025-10-10 09:18:54,662 [INFO] Época 6/30, Batch 450/3348, Loss: 0.0824
2025-10-10 09:18:54,928 [INFO] Época 6/30, Batch 500/3348, Loss: 0.0576
2025-10-10 09:18:55,206 [INFO] Época 6/30, Batch 550/3348, Loss: 0.1497
2025-10-10 09:18:55,469 [INFO] Época 6/30, Batch 600/3348, Loss: 0.0864
2025-10-10 09:18:55,734 [INFO] Época 6/30, Batch 650/3348, Loss: 0.0548
2025-10-10 09:18:55,996 [INFO] Época 6/30, Batch 700/3348, Loss: 0.0719
2025-10-10 09:18:56,259 [INFO] Época 6/30, Batch 750/3348, Loss: 0.0767
2025-10-10 09:18:56,523 [INFO] Época 6/30, Batch 800/3348, Loss: 0.0663
2025-10-10 09:18:56,787 [INFO] Época 6/30, Batch 850/3348, Loss: 0.0460
2025-10-10 09:18:57,049 [INFO] Época 6/30, Batch 900/3348, Loss: 0.0822
2025-10-10 09:18:57,311 [INFO] Época 6/30, Batch 950/3348, Loss: 0.0816
2025-10-10 09:18:57,574 [INFO] Época 6/30, Batch 1000/3348, Loss: 0.0572
2025-10-10 09:18:57,840 [INFO] Época 6/30, Batch 1050/3348, Loss: 0.0559
2025-10-10 09:18:58,103 [INFO] Época 6/30, Batch 1100/3348, Loss: 0.0914
2025-10-10 09:18:58,365 [INFO] Época 6/30, Batch 1150/3348, Loss: 0.0582
2025-10-10 09:18:58,627 [INFO] Época 6/30, Batch 1200/3348, Loss: 0.0657
2025-10-10 09:18:58,888 [INFO] Época 6/30, Batch 1250/3348, Loss: 0.0775
2025-10-10 09:18:59,153 [INFO] Época 6/30, Batch 1300/3348, Loss: 0.0617
2025-10-10 09:18:59,417 [INFO] Época 6/30, Batch 1350/3348, Loss: 0.0878
2025-10-10 09:18:59,679 [INFO] Época 6/30, Batch 1400/3348, Loss: 0.0592
2025-10-10 09:18:59,941 [INFO] Época 6/30, Batch 1450/3348, Loss: 0.0895
2025-10-10 09:19:00,215 [INFO] Época 6/30, Batch 1500/3348, Loss: 0.0415
2025-10-10 09:19:00,479 [INFO] Época 6/30, Batch 1550/3348, Loss: 0.0631
2025-10-10 09:19:00,744 [INFO] Época 6/30, Batch 1600/3348, Loss: 0.0906
2025-10-10 09:19:01,007 [INFO] Época 6/30, Batch 1650/3348, Loss: 0.0761
2025-10-10 09:19:01,269 [INFO] Época 6/30, Batch 1700/3348, Loss: 0.0740
2025-10-10 09:19:01,531 [INFO] Época 6/30, Batch 1750/3348, Loss: 0.0787
2025-10-10 09:19:01,796 [INFO] Época 6/30, Batch 1800/3348, Loss: 0.1345
2025-10-10 09:19:02,059 [INFO] Época 6/30, Batch 1850/3348, Loss: 0.0499
2025-10-10 09:19:02,324 [INFO] Época 6/30, Batch 1900/3348, Loss: 0.1029
2025-10-10 09:19:02,589 [INFO] Época 6/30, Batch 1950/3348, Loss: 0.0490
2025-10-10 09:19:02,854 [INFO] Época 6/30, Batch 2000/3348, Loss: 0.0829
2025-10-10 09:19:03,118 [INFO] Época 6/30, Batch 2050/3348, Loss: 0.0651
2025-10-10 09:19:03,381 [INFO] Época 6/30, Batch 2100/3348, Loss: 0.0520
2025-10-10 09:19:03,642 [INFO] Época 6/30, Batch 2150/3348, Loss: 0.0683
2025-10-10 09:19:03,905 [INFO] Época 6/30, Batch 2200/3348, Loss: 0.0686
2025-10-10 09:19:04,168 [INFO] Época 6/30, Batch 2250/3348, Loss: 0.0689
2025-10-10 09:19:04,433 [INFO] Época 6/30, Batch 2300/3348, Loss: 0.0409
2025-10-10 09:19:04,700 [INFO] Época 6/30, Batch 2350/3348, Loss: 0.0337
2025-10-10 09:19:04,964 [INFO] Época 6/30, Batch 2400/3348, Loss: 0.0849
2025-10-10 09:19:05,240 [INFO] Época 6/30, Batch 2450/3348, Loss: 0.0803
2025-10-10 09:19:05,504 [INFO] Época 6/30, Batch 2500/3348, Loss: 0.0932
2025-10-10 09:19:05,764 [INFO] Época 6/30, Batch 2550/3348, Loss: 0.0930
2025-10-10 09:19:06,029 [INFO] Época 6/30, Batch 2600/3348, Loss: 0.1232
2025-10-10 09:19:06,291 [INFO] Época 6/30, Batch 2650/3348, Loss: 0.0689
2025-10-10 09:19:06,554 [INFO] Época 6/30, Batch 2700/3348, Loss: 0.0709
2025-10-10 09:19:06,816 [INFO] Época 6/30, Batch 2750/3348, Loss: 0.0634
2025-10-10 09:19:07,078 [INFO] Época 6/30, Batch 2800/3348, Loss: 0.0475
2025-10-10 09:19:07,342 [INFO] Época 6/30, Batch 2850/3348, Loss: 0.0382
2025-10-10 09:19:07,603 [INFO] Época 6/30, Batch 2900/3348, Loss: 0.0625
2025-10-10 09:19:07,866 [INFO] Época 6/30, Batch 2950/3348, Loss: 0.0435
2025-10-10 09:19:08,128 [INFO] Época 6/30, Batch 3000/3348, Loss: 0.0725
2025-10-10 09:19:08,391 [INFO] Época 6/30, Batch 3050/3348, Loss: 0.0975
2025-10-10 09:19:08,653 [INFO] Época 6/30, Batch 3100/3348, Loss: 0.1101
2025-10-10 09:19:08,917 [INFO] Época 6/30, Batch 3150/3348, Loss: 0.0671
2025-10-10 09:19:09,180 [INFO] Época 6/30, Batch 3200/3348, Loss: 0.1398
2025-10-10 09:19:09,442 [INFO] Época 6/30, Batch 3250/3348, Loss: 0.0904
2025-10-10 09:19:09,704 [INFO] Época 6/30, Batch 3300/3348, Loss: 0.0885
2025-10-10 09:19:11,490 [INFO] [6/30] Train Loss: 0.0720 | Val Loss: 0.0791 | Tempo: 19.56s
2025-10-10 09:19:12,080 [INFO] Época 7/30, Batch 50/3348, Loss: 0.0855
2025-10-10 09:19:12,353 [INFO] Época 7/30, Batch 100/3348, Loss: 0.0624
2025-10-10 09:19:12,622 [INFO] Época 7/30, Batch 150/3348, Loss: 0.0545
2025-10-10 09:19:12,889 [INFO] Época 7/30, Batch 200/3348, Loss: 0.0842
2025-10-10 09:19:13,151 [INFO] Época 7/30, Batch 250/3348, Loss: 0.0794
2025-10-10 09:19:13,411 [INFO] Época 7/30, Batch 300/3348, Loss: 0.0667
2025-10-10 09:19:13,673 [INFO] Época 7/30, Batch 350/3348, Loss: 0.0440
2025-10-10 09:19:13,936 [INFO] Época 7/30, Batch 400/3348, Loss: 0.0639
2025-10-10 09:19:14,196 [INFO] Época 7/30, Batch 450/3348, Loss: 0.0538
2025-10-10 09:19:14,457 [INFO] Época 7/30, Batch 500/3348, Loss: 0.0440
2025-10-10 09:19:14,718 [INFO] Época 7/30, Batch 550/3348, Loss: 0.0451
2025-10-10 09:19:14,984 [INFO] Época 7/30, Batch 600/3348, Loss: 0.0354
2025-10-10 09:19:15,249 [INFO] Época 7/30, Batch 650/3348, Loss: 0.0419
2025-10-10 09:19:15,515 [INFO] Época 7/30, Batch 700/3348, Loss: 0.0769
2025-10-10 09:19:15,779 [INFO] Época 7/30, Batch 750/3348, Loss: 0.0607
2025-10-10 09:19:16,049 [INFO] Época 7/30, Batch 800/3348, Loss: 0.0867
2025-10-10 09:19:16,319 [INFO] Época 7/30, Batch 850/3348, Loss: 0.0729
2025-10-10 09:19:16,589 [INFO] Época 7/30, Batch 900/3348, Loss: 0.0710
2025-10-10 09:19:16,854 [INFO] Época 7/30, Batch 950/3348, Loss: 0.0983
2025-10-10 09:19:17,119 [INFO] Época 7/30, Batch 1000/3348, Loss: 0.0630
2025-10-10 09:19:17,380 [INFO] Época 7/30, Batch 1050/3348, Loss: 0.0912
2025-10-10 09:19:17,644 [INFO] Época 7/30, Batch 1100/3348, Loss: 0.0890
2025-10-10 09:19:17,907 [INFO] Época 7/30, Batch 1150/3348, Loss: 0.0600
2025-10-10 09:19:18,170 [INFO] Época 7/30, Batch 1200/3348, Loss: 0.1170
2025-10-10 09:19:18,435 [INFO] Época 7/30, Batch 1250/3348, Loss: 0.0822
2025-10-10 09:19:18,702 [INFO] Época 7/30, Batch 1300/3348, Loss: 0.0822
2025-10-10 09:19:18,974 [INFO] Época 7/30, Batch 1350/3348, Loss: 0.0646
2025-10-10 09:19:19,245 [INFO] Época 7/30, Batch 1400/3348, Loss: 0.0571
2025-10-10 09:19:19,516 [INFO] Época 7/30, Batch 1450/3348, Loss: 0.0681
2025-10-10 09:19:19,781 [INFO] Época 7/30, Batch 1500/3348, Loss: 0.0537
2025-10-10 09:19:20,043 [INFO] Época 7/30, Batch 1550/3348, Loss: 0.0669
2025-10-10 09:19:20,305 [INFO] Época 7/30, Batch 1600/3348, Loss: 0.0456
2025-10-10 09:19:20,569 [INFO] Época 7/30, Batch 1650/3348, Loss: 0.0408
2025-10-10 09:19:20,840 [INFO] Época 7/30, Batch 1700/3348, Loss: 0.0595
2025-10-10 09:19:21,110 [INFO] Época 7/30, Batch 1750/3348, Loss: 0.0398
2025-10-10 09:19:21,382 [INFO] Época 7/30, Batch 1800/3348, Loss: 0.0909
2025-10-10 09:19:21,653 [INFO] Época 7/30, Batch 1850/3348, Loss: 0.0748
2025-10-10 09:19:21,934 [INFO] Época 7/30, Batch 1900/3348, Loss: 0.0535
2025-10-10 09:19:22,205 [INFO] Época 7/30, Batch 1950/3348, Loss: 0.0686
2025-10-10 09:19:22,476 [INFO] Época 7/30, Batch 2000/3348, Loss: 0.0659
2025-10-10 09:19:22,749 [INFO] Época 7/30, Batch 2050/3348, Loss: 0.0679
2025-10-10 09:19:23,021 [INFO] Época 7/30, Batch 2100/3348, Loss: 0.0774
2025-10-10 09:19:23,292 [INFO] Época 7/30, Batch 2150/3348, Loss: 0.0772
2025-10-10 09:19:23,563 [INFO] Época 7/30, Batch 2200/3348, Loss: 0.0764
2025-10-10 09:19:23,835 [INFO] Época 7/30, Batch 2250/3348, Loss: 0.0364
2025-10-10 09:19:24,106 [INFO] Época 7/30, Batch 2300/3348, Loss: 0.0553
2025-10-10 09:19:24,378 [INFO] Época 7/30, Batch 2350/3348, Loss: 0.0703
2025-10-10 09:19:24,648 [INFO] Época 7/30, Batch 2400/3348, Loss: 0.0618
2025-10-10 09:19:24,919 [INFO] Época 7/30, Batch 2450/3348, Loss: 0.0595
2025-10-10 09:19:25,184 [INFO] Época 7/30, Batch 2500/3348, Loss: 0.0834
2025-10-10 09:19:25,446 [INFO] Época 7/30, Batch 2550/3348, Loss: 0.0375
2025-10-10 09:19:25,708 [INFO] Época 7/30, Batch 2600/3348, Loss: 0.0779
2025-10-10 09:19:25,971 [INFO] Época 7/30, Batch 2650/3348, Loss: 0.0697
2025-10-10 09:19:26,235 [INFO] Época 7/30, Batch 2700/3348, Loss: 0.0483
2025-10-10 09:19:26,497 [INFO] Época 7/30, Batch 2750/3348, Loss: 0.0510
2025-10-10 09:19:26,770 [INFO] Época 7/30, Batch 2800/3348, Loss: 0.0342
2025-10-10 09:19:27,047 [INFO] Época 7/30, Batch 2850/3348, Loss: 0.0448
2025-10-10 09:19:27,310 [INFO] Época 7/30, Batch 2900/3348, Loss: 0.0604
2025-10-10 09:19:27,571 [INFO] Época 7/30, Batch 2950/3348, Loss: 0.0636
2025-10-10 09:19:27,834 [INFO] Época 7/30, Batch 3000/3348, Loss: 0.0592
2025-10-10 09:19:28,096 [INFO] Época 7/30, Batch 3050/3348, Loss: 0.1228
2025-10-10 09:19:28,359 [INFO] Época 7/30, Batch 3100/3348, Loss: 0.1013
2025-10-10 09:19:28,622 [INFO] Época 7/30, Batch 3150/3348, Loss: 0.0467
2025-10-10 09:19:28,884 [INFO] Época 7/30, Batch 3200/3348, Loss: 0.0762
2025-10-10 09:19:29,145 [INFO] Época 7/30, Batch 3250/3348, Loss: 0.0779
2025-10-10 09:19:29,408 [INFO] Época 7/30, Batch 3300/3348, Loss: 0.0735
2025-10-10 09:19:31,294 [INFO] [7/30] Train Loss: 0.0667 | Val Loss: 0.0772 | Tempo: 19.80s
2025-10-10 09:19:31,299 [INFO] Melhor modelo salvo em: /mnt/hdd/home/jdurao/ToolBox-ChemXAI/models/mlp_qm9_MorganCount_att11_large.pth
2025-10-10 09:19:31,886 [INFO] Época 8/30, Batch 50/3348, Loss: 0.0441
2025-10-10 09:19:32,162 [INFO] Época 8/30, Batch 100/3348, Loss: 0.0446
2025-10-10 09:19:32,434 [INFO] Época 8/30, Batch 150/3348, Loss: 0.0469
2025-10-10 09:19:32,706 [INFO] Época 8/30, Batch 200/3348, Loss: 0.0516
2025-10-10 09:19:32,972 [INFO] Época 8/30, Batch 250/3348, Loss: 0.0982
2025-10-10 09:19:33,237 [INFO] Época 8/30, Batch 300/3348, Loss: 0.0566
2025-10-10 09:19:33,504 [INFO] Época 8/30, Batch 350/3348, Loss: 0.0643
2025-10-10 09:19:33,769 [INFO] Época 8/30, Batch 400/3348, Loss: 0.0454
2025-10-10 09:19:34,030 [INFO] Época 8/30, Batch 450/3348, Loss: 0.0564
2025-10-10 09:19:34,294 [INFO] Época 8/30, Batch 500/3348, Loss: 0.0733
2025-10-10 09:19:34,558 [INFO] Época 8/30, Batch 550/3348, Loss: 0.0607
2025-10-10 09:19:34,825 [INFO] Época 8/30, Batch 600/3348, Loss: 0.0660
2025-10-10 09:19:35,089 [INFO] Época 8/30, Batch 650/3348, Loss: 0.0441
2025-10-10 09:19:35,353 [INFO] Época 8/30, Batch 700/3348, Loss: 0.0502
2025-10-10 09:19:35,616 [INFO] Época 8/30, Batch 750/3348, Loss: 0.1062
2025-10-10 09:19:35,879 [INFO] Época 8/30, Batch 800/3348, Loss: 0.0616
2025-10-10 09:19:36,127 [INFO] Época 8/30, Batch 850/3348, Loss: 0.0885
2025-10-10 09:19:36,378 [INFO] Época 8/30, Batch 900/3348, Loss: 0.0851
2025-10-10 09:19:36,647 [INFO] Época 8/30, Batch 950/3348, Loss: 0.0464
2025-10-10 09:19:36,910 [INFO] Época 8/30, Batch 1000/3348, Loss: 0.0910
2025-10-10 09:19:37,171 [INFO] Época 8/30, Batch 1050/3348, Loss: 0.0513
2025-10-10 09:19:37,432 [INFO] Época 8/30, Batch 1100/3348, Loss: 0.0296
2025-10-10 09:19:37,694 [INFO] Época 8/30, Batch 1150/3348, Loss: 0.0939
2025-10-10 09:19:37,959 [INFO] Época 8/30, Batch 1200/3348, Loss: 0.0493
2025-10-10 09:19:38,232 [INFO] Época 8/30, Batch 1250/3348, Loss: 0.0300
2025-10-10 09:19:38,507 [INFO] Época 8/30, Batch 1300/3348, Loss: 0.0443
2025-10-10 09:19:38,779 [INFO] Época 8/30, Batch 1350/3348, Loss: 0.0694
2025-10-10 09:19:39,054 [INFO] Época 8/30, Batch 1400/3348, Loss: 0.0430
2025-10-10 09:19:39,327 [INFO] Época 8/30, Batch 1450/3348, Loss: 0.0606
2025-10-10 09:19:39,603 [INFO] Época 8/30, Batch 1500/3348, Loss: 0.0537
2025-10-10 09:19:39,876 [INFO] Época 8/30, Batch 1550/3348, Loss: 0.0614
2025-10-10 09:19:40,143 [INFO] Época 8/30, Batch 1600/3348, Loss: 0.1050
2025-10-10 09:19:40,410 [INFO] Época 8/30, Batch 1650/3348, Loss: 0.0745
2025-10-10 09:19:40,678 [INFO] Época 8/30, Batch 1700/3348, Loss: 0.0567
2025-10-10 09:19:40,945 [INFO] Época 8/30, Batch 1750/3348, Loss: 0.0796
2025-10-10 09:19:41,212 [INFO] Época 8/30, Batch 1800/3348, Loss: 0.0773
2025-10-10 09:19:41,481 [INFO] Época 8/30, Batch 1850/3348, Loss: 0.0653
2025-10-10 09:19:41,754 [INFO] Época 8/30, Batch 1900/3348, Loss: 0.0582
2025-10-10 09:19:42,024 [INFO] Época 8/30, Batch 1950/3348, Loss: 0.0850
2025-10-10 09:19:42,289 [INFO] Época 8/30, Batch 2000/3348, Loss: 0.0857
2025-10-10 09:19:42,554 [INFO] Época 8/30, Batch 2050/3348, Loss: 0.0856
2025-10-10 09:19:42,820 [INFO] Época 8/30, Batch 2100/3348, Loss: 0.0681
2025-10-10 09:19:43,092 [INFO] Época 8/30, Batch 2150/3348, Loss: 0.0691
2025-10-10 09:19:43,365 [INFO] Época 8/30, Batch 2200/3348, Loss: 0.0333
2025-10-10 09:19:43,638 [INFO] Época 8/30, Batch 2250/3348, Loss: 0.0698
2025-10-10 09:19:43,912 [INFO] Época 8/30, Batch 2300/3348, Loss: 0.0647
2025-10-10 09:19:44,183 [INFO] Época 8/30, Batch 2350/3348, Loss: 0.0353
2025-10-10 09:19:44,459 [INFO] Época 8/30, Batch 2400/3348, Loss: 0.0616
2025-10-10 09:19:44,729 [INFO] Época 8/30, Batch 2450/3348, Loss: 0.0443
2025-10-10 09:19:44,993 [INFO] Época 8/30, Batch 2500/3348, Loss: 0.0475
2025-10-10 09:19:45,258 [INFO] Época 8/30, Batch 2550/3348, Loss: 0.0750
2025-10-10 09:19:45,524 [INFO] Época 8/30, Batch 2600/3348, Loss: 0.0449
2025-10-10 09:19:45,790 [INFO] Época 8/30, Batch 2650/3348, Loss: 0.0737
2025-10-10 09:19:46,057 [INFO] Época 8/30, Batch 2700/3348, Loss: 0.0593
2025-10-10 09:19:46,323 [INFO] Época 8/30, Batch 2750/3348, Loss: 0.0800
2025-10-10 09:19:46,594 [INFO] Época 8/30, Batch 2800/3348, Loss: 0.0428
2025-10-10 09:19:46,866 [INFO] Época 8/30, Batch 2850/3348, Loss: 0.0740
2025-10-10 09:19:47,138 [INFO] Época 8/30, Batch 2900/3348, Loss: 0.0455
2025-10-10 09:19:47,413 [INFO] Época 8/30, Batch 2950/3348, Loss: 0.0458
2025-10-10 09:19:47,687 [INFO] Época 8/30, Batch 3000/3348, Loss: 0.0697
2025-10-10 09:19:47,959 [INFO] Época 8/30, Batch 3050/3348, Loss: 0.0466
2025-10-10 09:19:48,227 [INFO] Época 8/30, Batch 3100/3348, Loss: 0.0575
2025-10-10 09:19:48,493 [INFO] Época 8/30, Batch 3150/3348, Loss: 0.0446
2025-10-10 09:19:48,757 [INFO] Época 8/30, Batch 3200/3348, Loss: 0.0967
2025-10-10 09:19:49,020 [INFO] Época 8/30, Batch 3250/3348, Loss: 0.0452
2025-10-10 09:19:49,283 [INFO] Época 8/30, Batch 3300/3348, Loss: 0.0322
2025-10-10 09:19:51,104 [INFO] [8/30] Train Loss: 0.0618 | Val Loss: 0.0684 | Tempo: 19.80s
2025-10-10 09:19:51,109 [INFO] Melhor modelo salvo em: /mnt/hdd/home/jdurao/ToolBox-ChemXAI/models/mlp_qm9_MorganCount_att11_large.pth
2025-10-10 09:19:51,711 [INFO] Época 9/30, Batch 50/3348, Loss: 0.0819
2025-10-10 09:19:51,986 [INFO] Época 9/30, Batch 100/3348, Loss: 0.0392
2025-10-10 09:19:52,262 [INFO] Época 9/30, Batch 150/3348, Loss: 0.0768
2025-10-10 09:19:52,544 [INFO] Época 9/30, Batch 200/3348, Loss: 0.0665
2025-10-10 09:19:52,814 [INFO] Época 9/30, Batch 250/3348, Loss: 0.1122
2025-10-10 09:19:53,084 [INFO] Época 9/30, Batch 300/3348, Loss: 0.0450
2025-10-10 09:19:53,353 [INFO] Época 9/30, Batch 350/3348, Loss: 0.0716
2025-10-10 09:19:53,622 [INFO] Época 9/30, Batch 400/3348, Loss: 0.0653
2025-10-10 09:19:53,892 [INFO] Época 9/30, Batch 450/3348, Loss: 0.0624
2025-10-10 09:19:54,163 [INFO] Época 9/30, Batch 500/3348, Loss: 0.0751
2025-10-10 09:19:54,432 [INFO] Época 9/30, Batch 550/3348, Loss: 0.0408
2025-10-10 09:19:54,698 [INFO] Época 9/30, Batch 600/3348, Loss: 0.0351
2025-10-10 09:19:54,965 [INFO] Época 9/30, Batch 650/3348, Loss: 0.0359
2025-10-10 09:19:55,228 [INFO] Época 9/30, Batch 700/3348, Loss: 0.0570
2025-10-10 09:19:55,492 [INFO] Época 9/30, Batch 750/3348, Loss: 0.0170
2025-10-10 09:19:55,756 [INFO] Época 9/30, Batch 800/3348, Loss: 0.0353
2025-10-10 09:19:56,022 [INFO] Época 9/30, Batch 850/3348, Loss: 0.0769
2025-10-10 09:19:56,289 [INFO] Época 9/30, Batch 900/3348, Loss: 0.0513
2025-10-10 09:19:56,554 [INFO] Época 9/30, Batch 950/3348, Loss: 0.0877
2025-10-10 09:19:56,819 [INFO] Época 9/30, Batch 1000/3348, Loss: 0.0244
2025-10-10 09:19:57,085 [INFO] Época 9/30, Batch 1050/3348, Loss: 0.0388
2025-10-10 09:19:57,350 [INFO] Época 9/30, Batch 1100/3348, Loss: 0.0493
2025-10-10 09:19:57,616 [INFO] Época 9/30, Batch 1150/3348, Loss: 0.0568
2025-10-10 09:19:57,879 [INFO] Época 9/30, Batch 1200/3348, Loss: 0.0676
2025-10-10 09:19:58,141 [INFO] Época 9/30, Batch 1250/3348, Loss: 0.0377
2025-10-10 09:19:58,404 [INFO] Época 9/30, Batch 1300/3348, Loss: 0.0336
2025-10-10 09:19:58,670 [INFO] Época 9/30, Batch 1350/3348, Loss: 0.0329
2025-10-10 09:19:58,936 [INFO] Época 9/30, Batch 1400/3348, Loss: 0.0622
2025-10-10 09:19:59,204 [INFO] Época 9/30, Batch 1450/3348, Loss: 0.0304
2025-10-10 09:19:59,470 [INFO] Época 9/30, Batch 1500/3348, Loss: 0.0433
2025-10-10 09:19:59,735 [INFO] Época 9/30, Batch 1550/3348, Loss: 0.0543
2025-10-10 09:20:00,000 [INFO] Época 9/30, Batch 1600/3348, Loss: 0.0444
2025-10-10 09:20:00,263 [INFO] Época 9/30, Batch 1650/3348, Loss: 0.0500
2025-10-10 09:20:00,527 [INFO] Época 9/30, Batch 1700/3348, Loss: 0.0541
2025-10-10 09:20:00,791 [INFO] Época 9/30, Batch 1750/3348, Loss: 0.0476
2025-10-10 09:20:01,055 [INFO] Época 9/30, Batch 1800/3348, Loss: 0.0294
2025-10-10 09:20:01,322 [INFO] Época 9/30, Batch 1850/3348, Loss: 0.0515
2025-10-10 09:20:01,591 [INFO] Época 9/30, Batch 1900/3348, Loss: 0.0324
2025-10-10 09:20:01,857 [INFO] Época 9/30, Batch 1950/3348, Loss: 0.0849
2025-10-10 09:20:02,120 [INFO] Época 9/30, Batch 2000/3348, Loss: 0.0607
2025-10-10 09:20:02,382 [INFO] Época 9/30, Batch 2050/3348, Loss: 0.0805
2025-10-10 09:20:02,657 [INFO] Época 9/30, Batch 2100/3348, Loss: 0.0331
2025-10-10 09:20:02,923 [INFO] Época 9/30, Batch 2150/3348, Loss: 0.0311
2025-10-10 09:20:03,187 [INFO] Época 9/30, Batch 2200/3348, Loss: 0.0455
2025-10-10 09:20:03,453 [INFO] Época 9/30, Batch 2250/3348, Loss: 0.0966
2025-10-10 09:20:03,720 [INFO] Época 9/30, Batch 2300/3348, Loss: 0.0480
2025-10-10 09:20:03,986 [INFO] Época 9/30, Batch 2350/3348, Loss: 0.0308
2025-10-10 09:20:04,252 [INFO] Época 9/30, Batch 2400/3348, Loss: 0.0531
2025-10-10 09:20:04,518 [INFO] Época 9/30, Batch 2450/3348, Loss: 0.0524
2025-10-10 09:20:04,784 [INFO] Época 9/30, Batch 2500/3348, Loss: 0.0714
2025-10-10 09:20:05,048 [INFO] Época 9/30, Batch 2550/3348, Loss: 0.1068
2025-10-10 09:20:05,312 [INFO] Época 9/30, Batch 2600/3348, Loss: 0.0615
2025-10-10 09:20:05,575 [INFO] Época 9/30, Batch 2650/3348, Loss: 0.0267
2025-10-10 09:20:05,841 [INFO] Época 9/30, Batch 2700/3348, Loss: 0.0592
2025-10-10 09:20:06,107 [INFO] Época 9/30, Batch 2750/3348, Loss: 0.0568
2025-10-10 09:20:06,372 [INFO] Época 9/30, Batch 2800/3348, Loss: 0.0354
2025-10-10 09:20:06,637 [INFO] Época 9/30, Batch 2850/3348, Loss: 0.0649
2025-10-10 09:20:06,897 [INFO] Época 9/30, Batch 2900/3348, Loss: 0.0694
2025-10-10 09:20:07,169 [INFO] Época 9/30, Batch 2950/3348, Loss: 0.0838
2025-10-10 09:20:07,435 [INFO] Época 9/30, Batch 3000/3348, Loss: 0.1077
2025-10-10 09:20:07,714 [INFO] Época 9/30, Batch 3050/3348, Loss: 0.0464
2025-10-10 09:20:07,981 [INFO] Época 9/30, Batch 3100/3348, Loss: 0.0646
2025-10-10 09:20:08,246 [INFO] Época 9/30, Batch 3150/3348, Loss: 0.0750
2025-10-10 09:20:08,513 [INFO] Época 9/30, Batch 3200/3348, Loss: 0.0891
2025-10-10 09:20:08,778 [INFO] Época 9/30, Batch 3250/3348, Loss: 0.0990
2025-10-10 09:20:09,043 [INFO] Época 9/30, Batch 3300/3348, Loss: 0.0383
2025-10-10 09:20:10,823 [INFO] [9/30] Train Loss: 0.0583 | Val Loss: 0.0750 | Tempo: 19.71s
2025-10-10 09:20:11,420 [INFO] Época 10/30, Batch 50/3348, Loss: 0.0507
2025-10-10 09:20:11,695 [INFO] Época 10/30, Batch 100/3348, Loss: 0.0569
2025-10-10 09:20:11,966 [INFO] Época 10/30, Batch 150/3348, Loss: 0.0578
2025-10-10 09:20:12,235 [INFO] Época 10/30, Batch 200/3348, Loss: 0.0654
2025-10-10 09:20:12,501 [INFO] Época 10/30, Batch 250/3348, Loss: 0.0467
2025-10-10 09:20:12,768 [INFO] Época 10/30, Batch 300/3348, Loss: 0.0306
2025-10-10 09:20:13,032 [INFO] Época 10/30, Batch 350/3348, Loss: 0.0668
2025-10-10 09:20:13,298 [INFO] Época 10/30, Batch 400/3348, Loss: 0.0421
2025-10-10 09:20:13,561 [INFO] Época 10/30, Batch 450/3348, Loss: 0.0799
2025-10-10 09:20:13,828 [INFO] Época 10/30, Batch 500/3348, Loss: 0.0723
2025-10-10 09:20:14,096 [INFO] Época 10/30, Batch 550/3348, Loss: 0.0359
2025-10-10 09:20:14,365 [INFO] Época 10/30, Batch 600/3348, Loss: 0.0678
2025-10-10 09:20:14,634 [INFO] Época 10/30, Batch 650/3348, Loss: 0.0933
2025-10-10 09:20:14,894 [INFO] Época 10/30, Batch 700/3348, Loss: 0.0721
2025-10-10 09:20:15,158 [INFO] Época 10/30, Batch 750/3348, Loss: 0.0436
2025-10-10 09:20:15,422 [INFO] Época 10/30, Batch 800/3348, Loss: 0.0647
2025-10-10 09:20:15,686 [INFO] Época 10/30, Batch 850/3348, Loss: 0.0597
2025-10-10 09:20:15,952 [INFO] Época 10/30, Batch 900/3348, Loss: 0.0688
2025-10-10 09:20:16,219 [INFO] Época 10/30, Batch 950/3348, Loss: 0.0447
2025-10-10 09:20:16,483 [INFO] Época 10/30, Batch 1000/3348, Loss: 0.0407
2025-10-10 09:20:16,748 [INFO] Época 10/30, Batch 1050/3348, Loss: 0.0484
2025-10-10 09:20:17,013 [INFO] Época 10/30, Batch 1100/3348, Loss: 0.0467
2025-10-10 09:20:17,279 [INFO] Época 10/30, Batch 1150/3348, Loss: 0.0548
2025-10-10 09:20:17,545 [INFO] Época 10/30, Batch 1200/3348, Loss: 0.0348
2025-10-10 09:20:17,823 [INFO] Época 10/30, Batch 1250/3348, Loss: 0.1062
2025-10-10 09:20:18,088 [INFO] Época 10/30, Batch 1300/3348, Loss: 0.0505
2025-10-10 09:20:18,351 [INFO] Época 10/30, Batch 1350/3348, Loss: 0.0774
2025-10-10 09:20:18,617 [INFO] Época 10/30, Batch 1400/3348, Loss: 0.0560
2025-10-10 09:20:18,884 [INFO] Época 10/30, Batch 1450/3348, Loss: 0.0511
2025-10-10 09:20:19,147 [INFO] Época 10/30, Batch 1500/3348, Loss: 0.0717
2025-10-10 09:20:19,413 [INFO] Época 10/30, Batch 1550/3348, Loss: 0.0549
2025-10-10 09:20:19,677 [INFO] Época 10/30, Batch 1600/3348, Loss: 0.0416
2025-10-10 09:20:19,940 [INFO] Época 10/30, Batch 1650/3348, Loss: 0.0435
2025-10-10 09:20:20,206 [INFO] Época 10/30, Batch 1700/3348, Loss: 0.0486
2025-10-10 09:20:20,468 [INFO] Época 10/30, Batch 1750/3348, Loss: 0.0411
2025-10-10 09:20:20,731 [INFO] Época 10/30, Batch 1800/3348, Loss: 0.0328
2025-10-10 09:20:20,994 [INFO] Época 10/30, Batch 1850/3348, Loss: 0.0540
2025-10-10 09:20:21,259 [INFO] Época 10/30, Batch 1900/3348, Loss: 0.0436
2025-10-10 09:20:21,522 [INFO] Época 10/30, Batch 1950/3348, Loss: 0.0353
2025-10-10 09:20:21,786 [INFO] Época 10/30, Batch 2000/3348, Loss: 0.0552
2025-10-10 09:20:22,050 [INFO] Época 10/30, Batch 2050/3348, Loss: 0.0851
2025-10-10 09:20:22,314 [INFO] Época 10/30, Batch 2100/3348, Loss: 0.0603
2025-10-10 09:20:22,576 [INFO] Época 10/30, Batch 2150/3348, Loss: 0.0552
2025-10-10 09:20:22,850 [INFO] Época 10/30, Batch 2200/3348, Loss: 0.0453
2025-10-10 09:20:23,114 [INFO] Época 10/30, Batch 2250/3348, Loss: 0.0392
2025-10-10 09:20:23,379 [INFO] Época 10/30, Batch 2300/3348, Loss: 0.0698
2025-10-10 09:20:23,643 [INFO] Época 10/30, Batch 2350/3348, Loss: 0.0300
2025-10-10 09:20:23,906 [INFO] Época 10/30, Batch 2400/3348, Loss: 0.0739
2025-10-10 09:20:24,169 [INFO] Época 10/30, Batch 2450/3348, Loss: 0.1095
2025-10-10 09:20:24,433 [INFO] Época 10/30, Batch 2500/3348, Loss: 0.0482
2025-10-10 09:20:24,697 [INFO] Época 10/30, Batch 2550/3348, Loss: 0.0656
2025-10-10 09:20:24,962 [INFO] Época 10/30, Batch 2600/3348, Loss: 0.0497
2025-10-10 09:20:25,225 [INFO] Época 10/30, Batch 2650/3348, Loss: 0.0540
2025-10-10 09:20:25,489 [INFO] Época 10/30, Batch 2700/3348, Loss: 0.0392
2025-10-10 09:20:25,755 [INFO] Época 10/30, Batch 2750/3348, Loss: 0.0764
2025-10-10 09:20:26,020 [INFO] Época 10/30, Batch 2800/3348, Loss: 0.0556
2025-10-10 09:20:26,285 [INFO] Época 10/30, Batch 2850/3348, Loss: 0.0455
2025-10-10 09:20:26,549 [INFO] Época 10/30, Batch 2900/3348, Loss: 0.0518
2025-10-10 09:20:26,814 [INFO] Época 10/30, Batch 2950/3348, Loss: 0.0817
2025-10-10 09:20:27,079 [INFO] Época 10/30, Batch 3000/3348, Loss: 0.0535
2025-10-10 09:20:27,344 [INFO] Época 10/30, Batch 3050/3348, Loss: 0.0888
2025-10-10 09:20:27,607 [INFO] Época 10/30, Batch 3100/3348, Loss: 0.0259
2025-10-10 09:20:27,874 [INFO] Época 10/30, Batch 3150/3348, Loss: 0.0550
2025-10-10 09:20:28,140 [INFO] Época 10/30, Batch 3200/3348, Loss: 0.0769
2025-10-10 09:20:28,407 [INFO] Época 10/30, Batch 3250/3348, Loss: 0.0758
2025-10-10 09:20:28,674 [INFO] Época 10/30, Batch 3300/3348, Loss: 0.0390
2025-10-10 09:20:30,523 [INFO] [10/30] Train Loss: 0.0553 | Val Loss: 0.0669 | Tempo: 19.70s
2025-10-10 09:20:30,528 [INFO] Melhor modelo salvo em: /mnt/hdd/home/jdurao/ToolBox-ChemXAI/models/mlp_qm9_MorganCount_att11_large.pth
2025-10-10 09:20:31,113 [INFO] Época 11/30, Batch 50/3348, Loss: 0.0430
2025-10-10 09:20:31,380 [INFO] Época 11/30, Batch 100/3348, Loss: 0.0417
2025-10-10 09:20:31,645 [INFO] Época 11/30, Batch 150/3348, Loss: 0.0469
2025-10-10 09:20:31,910 [INFO] Época 11/30, Batch 200/3348, Loss: 0.0208
2025-10-10 09:20:32,172 [INFO] Época 11/30, Batch 250/3348, Loss: 0.0463
2025-10-10 09:20:32,436 [INFO] Época 11/30, Batch 300/3348, Loss: 0.0674
2025-10-10 09:20:32,697 [INFO] Época 11/30, Batch 350/3348, Loss: 0.0482
2025-10-10 09:20:32,970 [INFO] Época 11/30, Batch 400/3348, Loss: 0.0405
2025-10-10 09:20:33,232 [INFO] Época 11/30, Batch 450/3348, Loss: 0.0382
2025-10-10 09:20:33,495 [INFO] Época 11/30, Batch 500/3348, Loss: 0.0548
2025-10-10 09:20:33,756 [INFO] Época 11/30, Batch 550/3348, Loss: 0.0468
2025-10-10 09:20:34,018 [INFO] Época 11/30, Batch 600/3348, Loss: 0.0829
2025-10-10 09:20:34,279 [INFO] Época 11/30, Batch 650/3348, Loss: 0.0388
2025-10-10 09:20:34,540 [INFO] Época 11/30, Batch 700/3348, Loss: 0.0448
2025-10-10 09:20:34,794 [INFO] Época 11/30, Batch 750/3348, Loss: 0.0303
2025-10-10 09:20:35,049 [INFO] Época 11/30, Batch 800/3348, Loss: 0.0317
2025-10-10 09:20:35,305 [INFO] Época 11/30, Batch 850/3348, Loss: 0.0891
2025-10-10 09:20:35,562 [INFO] Época 11/30, Batch 900/3348, Loss: 0.0663
2025-10-10 09:20:35,818 [INFO] Época 11/30, Batch 950/3348, Loss: 0.0473
2025-10-10 09:20:36,074 [INFO] Época 11/30, Batch 1000/3348, Loss: 0.0673
2025-10-10 09:20:36,330 [INFO] Época 11/30, Batch 1050/3348, Loss: 0.1139
2025-10-10 09:20:36,586 [INFO] Época 11/30, Batch 1100/3348, Loss: 0.0925
2025-10-10 09:20:36,843 [INFO] Época 11/30, Batch 1150/3348, Loss: 0.0571
2025-10-10 09:20:37,101 [INFO] Época 11/30, Batch 1200/3348, Loss: 0.0951
2025-10-10 09:20:37,364 [INFO] Época 11/30, Batch 1250/3348, Loss: 0.0363
2025-10-10 09:20:37,628 [INFO] Época 11/30, Batch 1300/3348, Loss: 0.0557
2025-10-10 09:20:37,893 [INFO] Época 11/30, Batch 1350/3348, Loss: 0.0639
2025-10-10 09:20:38,158 [INFO] Época 11/30, Batch 1400/3348, Loss: 0.0315
2025-10-10 09:20:38,420 [INFO] Época 11/30, Batch 1450/3348, Loss: 0.0395
2025-10-10 09:20:38,684 [INFO] Época 11/30, Batch 1500/3348, Loss: 0.0327
2025-10-10 09:20:38,947 [INFO] Época 11/30, Batch 1550/3348, Loss: 0.0549
2025-10-10 09:20:39,211 [INFO] Época 11/30, Batch 1600/3348, Loss: 0.0427
2025-10-10 09:20:39,474 [INFO] Época 11/30, Batch 1650/3348, Loss: 0.0281
2025-10-10 09:20:39,736 [INFO] Época 11/30, Batch 1700/3348, Loss: 0.0495
2025-10-10 09:20:39,998 [INFO] Época 11/30, Batch 1750/3348, Loss: 0.0195
2025-10-10 09:20:40,260 [INFO] Época 11/30, Batch 1800/3348, Loss: 0.0476
2025-10-10 09:20:40,521 [INFO] Época 11/30, Batch 1850/3348, Loss: 0.0253
2025-10-10 09:20:40,784 [INFO] Época 11/30, Batch 1900/3348, Loss: 0.0416
2025-10-10 09:20:41,047 [INFO] Época 11/30, Batch 1950/3348, Loss: 0.0501
2025-10-10 09:20:41,312 [INFO] Época 11/30, Batch 2000/3348, Loss: 0.0471
2025-10-10 09:20:41,574 [INFO] Época 11/30, Batch 2050/3348, Loss: 0.0337
2025-10-10 09:20:41,835 [INFO] Época 11/30, Batch 2100/3348, Loss: 0.0475
2025-10-10 09:20:42,098 [INFO] Época 11/30, Batch 2150/3348, Loss: 0.0691
2025-10-10 09:20:42,359 [INFO] Época 11/30, Batch 2200/3348, Loss: 0.0516
2025-10-10 09:20:42,622 [INFO] Época 11/30, Batch 2250/3348, Loss: 0.0319
2025-10-10 09:20:42,885 [INFO] Época 11/30, Batch 2300/3348, Loss: 0.0699
2025-10-10 09:20:43,148 [INFO] Época 11/30, Batch 2350/3348, Loss: 0.0413
2025-10-10 09:20:43,409 [INFO] Época 11/30, Batch 2400/3348, Loss: 0.0702
2025-10-10 09:20:43,671 [INFO] Época 11/30, Batch 2450/3348, Loss: 0.0964
2025-10-10 09:20:43,934 [INFO] Época 11/30, Batch 2500/3348, Loss: 0.0861
2025-10-10 09:20:44,197 [INFO] Época 11/30, Batch 2550/3348, Loss: 0.0609
2025-10-10 09:20:44,457 [INFO] Época 11/30, Batch 2600/3348, Loss: 0.0381
2025-10-10 09:20:44,719 [INFO] Época 11/30, Batch 2650/3348, Loss: 0.0502
2025-10-10 09:20:44,979 [INFO] Época 11/30, Batch 2700/3348, Loss: 0.0724
2025-10-10 09:20:45,240 [INFO] Época 11/30, Batch 2750/3348, Loss: 0.0992
2025-10-10 09:20:45,501 [INFO] Época 11/30, Batch 2800/3348, Loss: 0.0790
2025-10-10 09:20:45,766 [INFO] Época 11/30, Batch 2850/3348, Loss: 0.0494
2025-10-10 09:20:46,034 [INFO] Época 11/30, Batch 2900/3348, Loss: 0.0467
2025-10-10 09:20:46,307 [INFO] Época 11/30, Batch 2950/3348, Loss: 0.0313
2025-10-10 09:20:46,576 [INFO] Época 11/30, Batch 3000/3348, Loss: 0.0619
2025-10-10 09:20:46,848 [INFO] Época 11/30, Batch 3050/3348, Loss: 0.0974
2025-10-10 09:20:47,119 [INFO] Época 11/30, Batch 3100/3348, Loss: 0.0563
2025-10-10 09:20:47,383 [INFO] Época 11/30, Batch 3150/3348, Loss: 0.0808
2025-10-10 09:20:47,644 [INFO] Época 11/30, Batch 3200/3348, Loss: 0.0358
2025-10-10 09:20:47,908 [INFO] Época 11/30, Batch 3250/3348, Loss: 0.0541
2025-10-10 09:20:48,169 [INFO] Época 11/30, Batch 3300/3348, Loss: 0.0523
2025-10-10 09:20:50,064 [INFO] [11/30] Train Loss: 0.0531 | Val Loss: 0.0749 | Tempo: 19.54s
2025-10-10 09:20:50,667 [INFO] Época 12/30, Batch 50/3348, Loss: 0.0367
2025-10-10 09:20:50,935 [INFO] Época 12/30, Batch 100/3348, Loss: 0.0567
2025-10-10 09:20:51,202 [INFO] Época 12/30, Batch 150/3348, Loss: 0.0440
2025-10-10 09:20:51,466 [INFO] Época 12/30, Batch 200/3348, Loss: 0.0320
2025-10-10 09:20:51,731 [INFO] Época 12/30, Batch 250/3348, Loss: 0.0485
2025-10-10 09:20:51,994 [INFO] Época 12/30, Batch 300/3348, Loss: 0.0782
2025-10-10 09:20:52,255 [INFO] Época 12/30, Batch 350/3348, Loss: 0.0692
2025-10-10 09:20:52,517 [INFO] Época 12/30, Batch 400/3348, Loss: 0.0598
2025-10-10 09:20:52,780 [INFO] Época 12/30, Batch 450/3348, Loss: 0.0609
2025-10-10 09:20:53,044 [INFO] Época 12/30, Batch 500/3348, Loss: 0.0575
2025-10-10 09:20:53,314 [INFO] Época 12/30, Batch 550/3348, Loss: 0.0434
2025-10-10 09:20:53,584 [INFO] Época 12/30, Batch 600/3348, Loss: 0.0470
2025-10-10 09:20:53,856 [INFO] Época 12/30, Batch 650/3348, Loss: 0.0321
2025-10-10 09:20:54,128 [INFO] Época 12/30, Batch 700/3348, Loss: 0.0892
2025-10-10 09:20:54,399 [INFO] Época 12/30, Batch 750/3348, Loss: 0.0578
2025-10-10 09:20:54,670 [INFO] Época 12/30, Batch 800/3348, Loss: 0.0249
2025-10-10 09:20:54,941 [INFO] Época 12/30, Batch 850/3348, Loss: 0.0449
2025-10-10 09:20:55,211 [INFO] Época 12/30, Batch 900/3348, Loss: 0.0314
2025-10-10 09:20:55,482 [INFO] Época 12/30, Batch 950/3348, Loss: 0.0348
2025-10-10 09:20:55,751 [INFO] Época 12/30, Batch 1000/3348, Loss: 0.0777
2025-10-10 09:20:56,022 [INFO] Época 12/30, Batch 1050/3348, Loss: 0.0517
2025-10-10 09:20:56,291 [INFO] Época 12/30, Batch 1100/3348, Loss: 0.0668
2025-10-10 09:20:56,563 [INFO] Época 12/30, Batch 1150/3348, Loss: 0.0341
2025-10-10 09:20:56,832 [INFO] Época 12/30, Batch 1200/3348, Loss: 0.0751
2025-10-10 09:20:57,094 [INFO] Época 12/30, Batch 1250/3348, Loss: 0.0651
2025-10-10 09:20:57,357 [INFO] Época 12/30, Batch 1300/3348, Loss: 0.0591
2025-10-10 09:20:57,618 [INFO] Época 12/30, Batch 1350/3348, Loss: 0.0418
2025-10-10 09:20:57,879 [INFO] Época 12/30, Batch 1400/3348, Loss: 0.0623
2025-10-10 09:20:58,141 [INFO] Época 12/30, Batch 1450/3348, Loss: 0.0617
2025-10-10 09:20:58,402 [INFO] Época 12/30, Batch 1500/3348, Loss: 0.0365
2025-10-10 09:20:58,678 [INFO] Época 12/30, Batch 1550/3348, Loss: 0.0532
2025-10-10 09:20:58,940 [INFO] Época 12/30, Batch 1600/3348, Loss: 0.0454
2025-10-10 09:20:59,201 [INFO] Época 12/30, Batch 1650/3348, Loss: 0.0240
2025-10-10 09:20:59,463 [INFO] Época 12/30, Batch 1700/3348, Loss: 0.0585
2025-10-10 09:20:59,724 [INFO] Época 12/30, Batch 1750/3348, Loss: 0.0550
2025-10-10 09:20:59,987 [INFO] Época 12/30, Batch 1800/3348, Loss: 0.0435
2025-10-10 09:21:00,249 [INFO] Época 12/30, Batch 1850/3348, Loss: 0.0341
2025-10-10 09:21:00,512 [INFO] Época 12/30, Batch 1900/3348, Loss: 0.0549
2025-10-10 09:21:00,774 [INFO] Época 12/30, Batch 1950/3348, Loss: 0.0922
2025-10-10 09:21:01,035 [INFO] Época 12/30, Batch 2000/3348, Loss: 0.0843
2025-10-10 09:21:01,298 [INFO] Época 12/30, Batch 2050/3348, Loss: 0.0374
2025-10-10 09:21:01,560 [INFO] Época 12/30, Batch 2100/3348, Loss: 0.0278
2025-10-10 09:21:01,822 [INFO] Época 12/30, Batch 2150/3348, Loss: 0.0733
2025-10-10 09:21:02,085 [INFO] Época 12/30, Batch 2200/3348, Loss: 0.0467
2025-10-10 09:21:02,347 [INFO] Época 12/30, Batch 2250/3348, Loss: 0.0548
2025-10-10 09:21:02,610 [INFO] Época 12/30, Batch 2300/3348, Loss: 0.0558
2025-10-10 09:21:02,872 [INFO] Época 12/30, Batch 2350/3348, Loss: 0.0543
2025-10-10 09:21:03,133 [INFO] Época 12/30, Batch 2400/3348, Loss: 0.0565
2025-10-10 09:21:03,395 [INFO] Época 12/30, Batch 2450/3348, Loss: 0.0474
2025-10-10 09:21:03,657 [INFO] Época 12/30, Batch 2500/3348, Loss: 0.0472
2025-10-10 09:21:03,928 [INFO] Época 12/30, Batch 2550/3348, Loss: 0.0472
2025-10-10 09:21:04,187 [INFO] Época 12/30, Batch 2600/3348, Loss: 0.0413
2025-10-10 09:21:04,450 [INFO] Época 12/30, Batch 2650/3348, Loss: 0.0665
2025-10-10 09:21:04,712 [INFO] Época 12/30, Batch 2700/3348, Loss: 0.0426
2025-10-10 09:21:04,973 [INFO] Época 12/30, Batch 2750/3348, Loss: 0.0318
2025-10-10 09:21:05,234 [INFO] Época 12/30, Batch 2800/3348, Loss: 0.0387
2025-10-10 09:21:05,495 [INFO] Época 12/30, Batch 2850/3348, Loss: 0.0212
2025-10-10 09:21:05,757 [INFO] Época 12/30, Batch 2900/3348, Loss: 0.0462
2025-10-10 09:21:06,017 [INFO] Época 12/30, Batch 2950/3348, Loss: 0.0314
2025-10-10 09:21:06,277 [INFO] Época 12/30, Batch 3000/3348, Loss: 0.0668
2025-10-10 09:21:06,540 [INFO] Época 12/30, Batch 3050/3348, Loss: 0.0995
2025-10-10 09:21:06,801 [INFO] Época 12/30, Batch 3100/3348, Loss: 0.0354
2025-10-10 09:21:07,061 [INFO] Época 12/30, Batch 3150/3348, Loss: 0.0928
2025-10-10 09:21:07,322 [INFO] Época 12/30, Batch 3200/3348, Loss: 0.0524
2025-10-10 09:21:07,581 [INFO] Época 12/30, Batch 3250/3348, Loss: 0.0889
2025-10-10 09:21:07,842 [INFO] Época 12/30, Batch 3300/3348, Loss: 0.0340
2025-10-10 09:21:09,633 [INFO] [12/30] Train Loss: 0.0507 | Val Loss: 0.0653 | Tempo: 19.57s
2025-10-10 09:21:09,642 [INFO] Melhor modelo salvo em: /mnt/hdd/home/jdurao/ToolBox-ChemXAI/models/mlp_qm9_MorganCount_att11_large.pth
2025-10-10 09:21:10,234 [INFO] Época 13/30, Batch 50/3348, Loss: 0.0649
2025-10-10 09:21:10,512 [INFO] Época 13/30, Batch 100/3348, Loss: 0.0266
2025-10-10 09:21:10,786 [INFO] Época 13/30, Batch 150/3348, Loss: 0.0600
2025-10-10 09:21:11,062 [INFO] Época 13/30, Batch 200/3348, Loss: 0.0522
2025-10-10 09:21:11,336 [INFO] Época 13/30, Batch 250/3348, Loss: 0.0534
2025-10-10 09:21:11,610 [INFO] Época 13/30, Batch 300/3348, Loss: 0.0539
2025-10-10 09:21:11,879 [INFO] Época 13/30, Batch 350/3348, Loss: 0.0420
2025-10-10 09:21:12,140 [INFO] Época 13/30, Batch 400/3348, Loss: 0.0700
2025-10-10 09:21:12,403 [INFO] Época 13/30, Batch 450/3348, Loss: 0.0801
2025-10-10 09:21:12,664 [INFO] Época 13/30, Batch 500/3348, Loss: 0.0472
2025-10-10 09:21:12,927 [INFO] Época 13/30, Batch 550/3348, Loss: 0.0426
2025-10-10 09:21:13,189 [INFO] Época 13/30, Batch 600/3348, Loss: 0.0572
2025-10-10 09:21:13,451 [INFO] Época 13/30, Batch 650/3348, Loss: 0.0442
2025-10-10 09:21:13,714 [INFO] Época 13/30, Batch 700/3348, Loss: 0.0603
2025-10-10 09:21:13,975 [INFO] Época 13/30, Batch 750/3348, Loss: 0.0375
2025-10-10 09:21:14,237 [INFO] Época 13/30, Batch 800/3348, Loss: 0.0445
2025-10-10 09:21:14,499 [INFO] Época 13/30, Batch 850/3348, Loss: 0.0404
2025-10-10 09:21:14,762 [INFO] Época 13/30, Batch 900/3348, Loss: 0.0176
2025-10-10 09:21:15,024 [INFO] Época 13/30, Batch 950/3348, Loss: 0.0554
2025-10-10 09:21:15,287 [INFO] Época 13/30, Batch 1000/3348, Loss: 0.0286
2025-10-10 09:21:15,550 [INFO] Época 13/30, Batch 1050/3348, Loss: 0.0300
2025-10-10 09:21:15,818 [INFO] Época 13/30, Batch 1100/3348, Loss: 0.0456
2025-10-10 09:21:16,078 [INFO] Época 13/30, Batch 1150/3348, Loss: 0.0697
2025-10-10 09:21:16,339 [INFO] Época 13/30, Batch 1200/3348, Loss: 0.0419
2025-10-10 09:21:16,600 [INFO] Época 13/30, Batch 1250/3348, Loss: 0.0362
2025-10-10 09:21:16,860 [INFO] Época 13/30, Batch 1300/3348, Loss: 0.0552
2025-10-10 09:21:17,121 [INFO] Época 13/30, Batch 1350/3348, Loss: 0.0367
2025-10-10 09:21:17,380 [INFO] Época 13/30, Batch 1400/3348, Loss: 0.0559
2025-10-10 09:21:17,641 [INFO] Época 13/30, Batch 1450/3348, Loss: 0.0284
2025-10-10 09:21:17,914 [INFO] Época 13/30, Batch 1500/3348, Loss: 0.0601
2025-10-10 09:21:18,185 [INFO] Época 13/30, Batch 1550/3348, Loss: 0.0412
2025-10-10 09:21:18,457 [INFO] Época 13/30, Batch 1600/3348, Loss: 0.0411
2025-10-10 09:21:18,726 [INFO] Época 13/30, Batch 1650/3348, Loss: 0.0591
2025-10-10 09:21:18,997 [INFO] Época 13/30, Batch 1700/3348, Loss: 0.0799
2025-10-10 09:21:19,266 [INFO] Época 13/30, Batch 1750/3348, Loss: 0.0725
2025-10-10 09:21:19,538 [INFO] Época 13/30, Batch 1800/3348, Loss: 0.0309
2025-10-10 09:21:19,809 [INFO] Época 13/30, Batch 1850/3348, Loss: 0.0426
2025-10-10 09:21:20,091 [INFO] Época 13/30, Batch 1900/3348, Loss: 0.0367
2025-10-10 09:21:20,359 [INFO] Época 13/30, Batch 1950/3348, Loss: 0.0401
2025-10-10 09:21:20,632 [INFO] Época 13/30, Batch 2000/3348, Loss: 0.0240
2025-10-10 09:21:20,902 [INFO] Época 13/30, Batch 2050/3348, Loss: 0.0607
2025-10-10 09:21:21,175 [INFO] Época 13/30, Batch 2100/3348, Loss: 0.0404
2025-10-10 09:21:21,444 [INFO] Época 13/30, Batch 2150/3348, Loss: 0.0492
2025-10-10 09:21:21,713 [INFO] Época 13/30, Batch 2200/3348, Loss: 0.0256
2025-10-10 09:21:21,972 [INFO] Época 13/30, Batch 2250/3348, Loss: 0.0391
2025-10-10 09:21:22,233 [INFO] Época 13/30, Batch 2300/3348, Loss: 0.0576
2025-10-10 09:21:22,495 [INFO] Época 13/30, Batch 2350/3348, Loss: 0.0800
2025-10-10 09:21:22,765 [INFO] Época 13/30, Batch 2400/3348, Loss: 0.0411
2025-10-10 09:21:23,029 [INFO] Época 13/30, Batch 2450/3348, Loss: 0.0547
2025-10-10 09:21:23,289 [INFO] Época 13/30, Batch 2500/3348, Loss: 0.0657
2025-10-10 09:21:23,548 [INFO] Época 13/30, Batch 2550/3348, Loss: 0.0433
2025-10-10 09:21:23,808 [INFO] Época 13/30, Batch 2600/3348, Loss: 0.0198
2025-10-10 09:21:24,075 [INFO] Época 13/30, Batch 2650/3348, Loss: 0.0578
2025-10-10 09:21:24,346 [INFO] Época 13/30, Batch 2700/3348, Loss: 0.0349
2025-10-10 09:21:24,615 [INFO] Época 13/30, Batch 2750/3348, Loss: 0.0261
2025-10-10 09:21:24,885 [INFO] Época 13/30, Batch 2800/3348, Loss: 0.0384
2025-10-10 09:21:25,167 [INFO] Época 13/30, Batch 2850/3348, Loss: 0.0806
2025-10-10 09:21:25,439 [INFO] Época 13/30, Batch 2900/3348, Loss: 0.0421
2025-10-10 09:21:25,708 [INFO] Época 13/30, Batch 2950/3348, Loss: 0.0537
2025-10-10 09:21:25,978 [INFO] Época 13/30, Batch 3000/3348, Loss: 0.0863
2025-10-10 09:21:26,248 [INFO] Época 13/30, Batch 3050/3348, Loss: 0.0526
2025-10-10 09:21:26,521 [INFO] Época 13/30, Batch 3100/3348, Loss: 0.0667
2025-10-10 09:21:26,790 [INFO] Época 13/30, Batch 3150/3348, Loss: 0.0425
2025-10-10 09:21:27,060 [INFO] Época 13/30, Batch 3200/3348, Loss: 0.0608
2025-10-10 09:21:27,330 [INFO] Época 13/30, Batch 3250/3348, Loss: 0.0488
2025-10-10 09:21:27,600 [INFO] Época 13/30, Batch 3300/3348, Loss: 0.0218
2025-10-10 09:21:29,392 [INFO] [13/30] Train Loss: 0.0492 | Val Loss: 0.0533 | Tempo: 19.75s
2025-10-10 09:21:29,398 [INFO] Melhor modelo salvo em: /mnt/hdd/home/jdurao/ToolBox-ChemXAI/models/mlp_qm9_MorganCount_att11_large.pth
2025-10-10 09:21:29,984 [INFO] Época 14/30, Batch 50/3348, Loss: 0.0662
2025-10-10 09:21:30,266 [INFO] Época 14/30, Batch 100/3348, Loss: 0.0814
2025-10-10 09:21:30,533 [INFO] Época 14/30, Batch 150/3348, Loss: 0.0584
2025-10-10 09:21:30,798 [INFO] Época 14/30, Batch 200/3348, Loss: 0.0292
2025-10-10 09:21:31,062 [INFO] Época 14/30, Batch 250/3348, Loss: 0.0790
2025-10-10 09:21:31,326 [INFO] Época 14/30, Batch 300/3348, Loss: 0.0340
2025-10-10 09:21:31,589 [INFO] Época 14/30, Batch 350/3348, Loss: 0.0240
2025-10-10 09:21:31,854 [INFO] Época 14/30, Batch 400/3348, Loss: 0.0508
2025-10-10 09:21:32,116 [INFO] Época 14/30, Batch 450/3348, Loss: 0.0558
2025-10-10 09:21:32,380 [INFO] Época 14/30, Batch 500/3348, Loss: 0.0597
2025-10-10 09:21:32,644 [INFO] Época 14/30, Batch 550/3348, Loss: 0.0500
2025-10-10 09:21:32,909 [INFO] Época 14/30, Batch 600/3348, Loss: 0.0706
2025-10-10 09:21:33,174 [INFO] Época 14/30, Batch 650/3348, Loss: 0.0326
2025-10-10 09:21:33,437 [INFO] Época 14/30, Batch 700/3348, Loss: 0.0428
2025-10-10 09:21:33,698 [INFO] Época 14/30, Batch 750/3348, Loss: 0.0461
2025-10-10 09:21:33,961 [INFO] Época 14/30, Batch 800/3348, Loss: 0.0595
2025-10-10 09:21:34,222 [INFO] Época 14/30, Batch 850/3348, Loss: 0.0763
2025-10-10 09:21:34,482 [INFO] Época 14/30, Batch 900/3348, Loss: 0.0491
2025-10-10 09:21:34,742 [INFO] Época 14/30, Batch 950/3348, Loss: 0.0384
2025-10-10 09:21:35,003 [INFO] Época 14/30, Batch 1000/3348, Loss: 0.0366
2025-10-10 09:21:35,276 [INFO] Época 14/30, Batch 1050/3348, Loss: 0.0393
2025-10-10 09:21:35,539 [INFO] Época 14/30, Batch 1100/3348, Loss: 0.0183
2025-10-10 09:21:35,802 [INFO] Época 14/30, Batch 1150/3348, Loss: 0.0373
2025-10-10 09:21:36,065 [INFO] Época 14/30, Batch 1200/3348, Loss: 0.0463
2025-10-10 09:21:36,329 [INFO] Época 14/30, Batch 1250/3348, Loss: 0.0386
2025-10-10 09:21:36,592 [INFO] Época 14/30, Batch 1300/3348, Loss: 0.0296
2025-10-10 09:21:36,855 [INFO] Época 14/30, Batch 1350/3348, Loss: 0.0491
2025-10-10 09:21:37,118 [INFO] Época 14/30, Batch 1400/3348, Loss: 0.0369
2025-10-10 09:21:37,381 [INFO] Época 14/30, Batch 1450/3348, Loss: 0.0520
2025-10-10 09:21:37,646 [INFO] Época 14/30, Batch 1500/3348, Loss: 0.0499
2025-10-10 09:21:37,909 [INFO] Época 14/30, Batch 1550/3348, Loss: 0.0638
2025-10-10 09:21:38,173 [INFO] Época 14/30, Batch 1600/3348, Loss: 0.0322
2025-10-10 09:21:38,436 [INFO] Época 14/30, Batch 1650/3348, Loss: 0.0319
2025-10-10 09:21:38,700 [INFO] Época 14/30, Batch 1700/3348, Loss: 0.0367
2025-10-10 09:21:38,962 [INFO] Época 14/30, Batch 1750/3348, Loss: 0.0320
2025-10-10 09:21:39,225 [INFO] Época 14/30, Batch 1800/3348, Loss: 0.0354
2025-10-10 09:21:39,489 [INFO] Época 14/30, Batch 1850/3348, Loss: 0.0380
2025-10-10 09:21:39,751 [INFO] Época 14/30, Batch 1900/3348, Loss: 0.0297
2025-10-10 09:21:40,012 [INFO] Época 14/30, Batch 1950/3348, Loss: 0.0316
2025-10-10 09:21:40,276 [INFO] Época 14/30, Batch 2000/3348, Loss: 0.0318
2025-10-10 09:21:40,538 [INFO] Época 14/30, Batch 2050/3348, Loss: 0.0337
2025-10-10 09:21:40,802 [INFO] Época 14/30, Batch 2100/3348, Loss: 0.0740
2025-10-10 09:21:41,065 [INFO] Época 14/30, Batch 2150/3348, Loss: 0.0411
2025-10-10 09:21:41,327 [INFO] Época 14/30, Batch 2200/3348, Loss: 0.0398
2025-10-10 09:21:41,590 [INFO] Época 14/30, Batch 2250/3348, Loss: 0.0304
2025-10-10 09:21:41,855 [INFO] Época 14/30, Batch 2300/3348, Loss: 0.0523
2025-10-10 09:21:42,123 [INFO] Época 14/30, Batch 2350/3348, Loss: 0.0485
2025-10-10 09:21:42,388 [INFO] Época 14/30, Batch 2400/3348, Loss: 0.0355
2025-10-10 09:21:42,654 [INFO] Época 14/30, Batch 2450/3348, Loss: 0.0297
2025-10-10 09:21:42,919 [INFO] Época 14/30, Batch 2500/3348, Loss: 0.0673
2025-10-10 09:21:43,186 [INFO] Época 14/30, Batch 2550/3348, Loss: 0.0453
2025-10-10 09:21:43,453 [INFO] Época 14/30, Batch 2600/3348, Loss: 0.0589
2025-10-10 09:21:43,722 [INFO] Época 14/30, Batch 2650/3348, Loss: 0.0249
2025-10-10 09:21:43,990 [INFO] Época 14/30, Batch 2700/3348, Loss: 0.0248
2025-10-10 09:21:44,255 [INFO] Época 14/30, Batch 2750/3348, Loss: 0.0989
2025-10-10 09:21:44,525 [INFO] Época 14/30, Batch 2800/3348, Loss: 0.0402
2025-10-10 09:21:44,792 [INFO] Época 14/30, Batch 2850/3348, Loss: 0.0366
2025-10-10 09:21:45,060 [INFO] Época 14/30, Batch 2900/3348, Loss: 0.0888
2025-10-10 09:21:45,337 [INFO] Época 14/30, Batch 2950/3348, Loss: 0.0209
2025-10-10 09:21:45,600 [INFO] Época 14/30, Batch 3000/3348, Loss: 0.0207
2025-10-10 09:21:45,866 [INFO] Época 14/30, Batch 3050/3348, Loss: 0.0761
2025-10-10 09:21:46,130 [INFO] Época 14/30, Batch 3100/3348, Loss: 0.0341
2025-10-10 09:21:46,394 [INFO] Época 14/30, Batch 3150/3348, Loss: 0.0434
2025-10-10 09:21:46,658 [INFO] Época 14/30, Batch 3200/3348, Loss: 0.0264
2025-10-10 09:21:46,925 [INFO] Época 14/30, Batch 3250/3348, Loss: 0.0773
2025-10-10 09:21:47,188 [INFO] Época 14/30, Batch 3300/3348, Loss: 0.0369
2025-10-10 09:21:48,985 [INFO] [14/30] Train Loss: 0.0472 | Val Loss: 0.0640 | Tempo: 19.59s
2025-10-10 09:21:49,572 [INFO] Época 15/30, Batch 50/3348, Loss: 0.0711
2025-10-10 09:21:49,845 [INFO] Época 15/30, Batch 100/3348, Loss: 0.0375
2025-10-10 09:21:50,114 [INFO] Época 15/30, Batch 150/3348, Loss: 0.0417
2025-10-10 09:21:50,383 [INFO] Época 15/30, Batch 200/3348, Loss: 0.0347
2025-10-10 09:21:50,650 [INFO] Época 15/30, Batch 250/3348, Loss: 0.0310
2025-10-10 09:21:50,916 [INFO] Época 15/30, Batch 300/3348, Loss: 0.0295
2025-10-10 09:21:51,184 [INFO] Época 15/30, Batch 350/3348, Loss: 0.0530
2025-10-10 09:21:51,451 [INFO] Época 15/30, Batch 400/3348, Loss: 0.0479
2025-10-10 09:21:51,723 [INFO] Época 15/30, Batch 450/3348, Loss: 0.0247
2025-10-10 09:21:51,997 [INFO] Época 15/30, Batch 500/3348, Loss: 0.0687
2025-10-10 09:21:52,272 [INFO] Época 15/30, Batch 550/3348, Loss: 0.0342
2025-10-10 09:21:52,547 [INFO] Época 15/30, Batch 600/3348, Loss: 0.0456
2025-10-10 09:21:52,823 [INFO] Época 15/30, Batch 650/3348, Loss: 0.0553
2025-10-10 09:21:53,096 [INFO] Época 15/30, Batch 700/3348, Loss: 0.0755
2025-10-10 09:21:53,365 [INFO] Época 15/30, Batch 750/3348, Loss: 0.0457
2025-10-10 09:21:53,634 [INFO] Época 15/30, Batch 800/3348, Loss: 0.0545
2025-10-10 09:21:53,904 [INFO] Época 15/30, Batch 850/3348, Loss: 0.0486
2025-10-10 09:21:54,173 [INFO] Época 15/30, Batch 900/3348, Loss: 0.0301
2025-10-10 09:21:54,442 [INFO] Época 15/30, Batch 950/3348, Loss: 0.0380
2025-10-10 09:21:54,712 [INFO] Época 15/30, Batch 1000/3348, Loss: 0.0342
2025-10-10 09:21:54,983 [INFO] Época 15/30, Batch 1050/3348, Loss: 0.0346
2025-10-10 09:21:55,250 [INFO] Época 15/30, Batch 1100/3348, Loss: 0.0400
2025-10-10 09:21:55,533 [INFO] Época 15/30, Batch 1150/3348, Loss: 0.0615
2025-10-10 09:21:55,806 [INFO] Época 15/30, Batch 1200/3348, Loss: 0.0225
2025-10-10 09:21:56,077 [INFO] Época 15/30, Batch 1250/3348, Loss: 0.0522
2025-10-10 09:21:56,350 [INFO] Época 15/30, Batch 1300/3348, Loss: 0.0445
2025-10-10 09:21:56,623 [INFO] Época 15/30, Batch 1350/3348, Loss: 0.0725
2025-10-10 09:21:56,890 [INFO] Época 15/30, Batch 1400/3348, Loss: 0.0167
2025-10-10 09:21:57,154 [INFO] Época 15/30, Batch 1450/3348, Loss: 0.0520
2025-10-10 09:21:57,418 [INFO] Época 15/30, Batch 1500/3348, Loss: 0.0336
2025-10-10 09:21:57,683 [INFO] Época 15/30, Batch 1550/3348, Loss: 0.0422
2025-10-10 09:21:57,954 [INFO] Época 15/30, Batch 1600/3348, Loss: 0.0799
2025-10-10 09:21:58,226 [INFO] Época 15/30, Batch 1650/3348, Loss: 0.0757
2025-10-10 09:21:58,496 [INFO] Época 15/30, Batch 1700/3348, Loss: 0.0240
2025-10-10 09:21:58,769 [INFO] Época 15/30, Batch 1750/3348, Loss: 0.0500
2025-10-10 09:21:59,040 [INFO] Época 15/30, Batch 1800/3348, Loss: 0.0709
2025-10-10 09:21:59,313 [INFO] Época 15/30, Batch 1850/3348, Loss: 0.0748
2025-10-10 09:21:59,585 [INFO] Época 15/30, Batch 1900/3348, Loss: 0.0411
2025-10-10 09:21:59,848 [INFO] Época 15/30, Batch 1950/3348, Loss: 0.1053
2025-10-10 09:22:00,111 [INFO] Época 15/30, Batch 2000/3348, Loss: 0.0517
2025-10-10 09:22:00,370 [INFO] Época 15/30, Batch 2050/3348, Loss: 0.0268
2025-10-10 09:22:00,642 [INFO] Época 15/30, Batch 2100/3348, Loss: 0.0445
2025-10-10 09:22:00,904 [INFO] Época 15/30, Batch 2150/3348, Loss: 0.0250
2025-10-10 09:22:01,169 [INFO] Época 15/30, Batch 2200/3348, Loss: 0.0561
2025-10-10 09:22:01,430 [INFO] Época 15/30, Batch 2250/3348, Loss: 0.0351
2025-10-10 09:22:01,691 [INFO] Época 15/30, Batch 2300/3348, Loss: 0.0713
2025-10-10 09:22:01,953 [INFO] Época 15/30, Batch 2350/3348, Loss: 0.0571
2025-10-10 09:22:02,217 [INFO] Época 15/30, Batch 2400/3348, Loss: 0.0475
2025-10-10 09:22:02,479 [INFO] Época 15/30, Batch 2450/3348, Loss: 0.0397
2025-10-10 09:22:02,742 [INFO] Época 15/30, Batch 2500/3348, Loss: 0.0353
2025-10-10 09:22:03,007 [INFO] Época 15/30, Batch 2550/3348, Loss: 0.0450
2025-10-10 09:22:03,277 [INFO] Época 15/30, Batch 2600/3348, Loss: 0.0396
2025-10-10 09:22:03,550 [INFO] Época 15/30, Batch 2650/3348, Loss: 0.0270
2025-10-10 09:22:03,818 [INFO] Época 15/30, Batch 2700/3348, Loss: 0.0447
2025-10-10 09:22:04,089 [INFO] Época 15/30, Batch 2750/3348, Loss: 0.0241
2025-10-10 09:22:04,359 [INFO] Época 15/30, Batch 2800/3348, Loss: 0.0457
2025-10-10 09:22:04,630 [INFO] Época 15/30, Batch 2850/3348, Loss: 0.0207
2025-10-10 09:22:04,899 [INFO] Época 15/30, Batch 2900/3348, Loss: 0.0412
2025-10-10 09:22:05,161 [INFO] Época 15/30, Batch 2950/3348, Loss: 0.0361
2025-10-10 09:22:05,422 [INFO] Época 15/30, Batch 3000/3348, Loss: 0.0611
2025-10-10 09:22:05,693 [INFO] Época 15/30, Batch 3050/3348, Loss: 0.0248
2025-10-10 09:22:05,955 [INFO] Época 15/30, Batch 3100/3348, Loss: 0.0446
2025-10-10 09:22:06,215 [INFO] Época 15/30, Batch 3150/3348, Loss: 0.0424
2025-10-10 09:22:06,477 [INFO] Época 15/30, Batch 3200/3348, Loss: 0.0567
2025-10-10 09:22:06,737 [INFO] Época 15/30, Batch 3250/3348, Loss: 0.0364
2025-10-10 09:22:06,997 [INFO] Época 15/30, Batch 3300/3348, Loss: 0.0336
2025-10-10 09:22:08,814 [INFO] [15/30] Train Loss: 0.0453 | Val Loss: 0.0563 | Tempo: 19.83s
2025-10-10 09:22:09,389 [INFO] Época 16/30, Batch 50/3348, Loss: 0.0556
2025-10-10 09:22:09,676 [INFO] Época 16/30, Batch 100/3348, Loss: 0.0499
2025-10-10 09:22:09,965 [INFO] Época 16/30, Batch 150/3348, Loss: 0.0250
2025-10-10 09:22:10,254 [INFO] Época 16/30, Batch 200/3348, Loss: 0.0371
2025-10-10 09:22:10,540 [INFO] Época 16/30, Batch 250/3348, Loss: 0.0192
2025-10-10 09:22:10,829 [INFO] Época 16/30, Batch 300/3348, Loss: 0.0403
2025-10-10 09:22:11,113 [INFO] Época 16/30, Batch 350/3348, Loss: 0.0266
2025-10-10 09:22:11,399 [INFO] Época 16/30, Batch 400/3348, Loss: 0.0651
2025-10-10 09:22:11,684 [INFO] Época 16/30, Batch 450/3348, Loss: 0.0468
2025-10-10 09:22:11,968 [INFO] Época 16/30, Batch 500/3348, Loss: 0.0440
2025-10-10 09:22:12,251 [INFO] Época 16/30, Batch 550/3348, Loss: 0.0273
2025-10-10 09:22:12,531 [INFO] Época 16/30, Batch 600/3348, Loss: 0.0345
2025-10-10 09:22:12,800 [INFO] Época 16/30, Batch 650/3348, Loss: 0.0545
2025-10-10 09:22:13,060 [INFO] Época 16/30, Batch 700/3348, Loss: 0.0411
2025-10-10 09:22:13,319 [INFO] Época 16/30, Batch 750/3348, Loss: 0.0367
2025-10-10 09:22:13,581 [INFO] Época 16/30, Batch 800/3348, Loss: 0.0420
2025-10-10 09:22:13,838 [INFO] Época 16/30, Batch 850/3348, Loss: 0.0279
2025-10-10 09:22:14,096 [INFO] Época 16/30, Batch 900/3348, Loss: 0.0392
2025-10-10 09:22:14,353 [INFO] Época 16/30, Batch 950/3348, Loss: 0.0280
2025-10-10 09:22:14,610 [INFO] Época 16/30, Batch 1000/3348, Loss: 0.0364
2025-10-10 09:22:14,867 [INFO] Época 16/30, Batch 1050/3348, Loss: 0.0585
2025-10-10 09:22:15,125 [INFO] Época 16/30, Batch 1100/3348, Loss: 0.0647
2025-10-10 09:22:15,381 [INFO] Época 16/30, Batch 1150/3348, Loss: 0.0347
2025-10-10 09:22:15,644 [INFO] Época 16/30, Batch 1200/3348, Loss: 0.0407
2025-10-10 09:22:15,933 [INFO] Época 16/30, Batch 1250/3348, Loss: 0.0223
2025-10-10 09:22:16,208 [INFO] Época 16/30, Batch 1300/3348, Loss: 0.0622
2025-10-10 09:22:16,486 [INFO] Época 16/30, Batch 1350/3348, Loss: 0.0399
2025-10-10 09:22:16,763 [INFO] Época 16/30, Batch 1400/3348, Loss: 0.0394
2025-10-10 09:22:17,041 [INFO] Época 16/30, Batch 1450/3348, Loss: 0.0500
2025-10-10 09:22:17,318 [INFO] Época 16/30, Batch 1500/3348, Loss: 0.0520
2025-10-10 09:22:17,594 [INFO] Época 16/30, Batch 1550/3348, Loss: 0.0287
2025-10-10 09:22:17,872 [INFO] Época 16/30, Batch 1600/3348, Loss: 0.0373
2025-10-10 09:22:18,147 [INFO] Época 16/30, Batch 1650/3348, Loss: 0.0408
2025-10-10 09:22:18,422 [INFO] Época 16/30, Batch 1700/3348, Loss: 0.0500
2025-10-10 09:22:18,696 [INFO] Época 16/30, Batch 1750/3348, Loss: 0.0283
2025-10-10 09:22:18,970 [INFO] Época 16/30, Batch 1800/3348, Loss: 0.0300
2025-10-10 09:22:19,244 [INFO] Época 16/30, Batch 1850/3348, Loss: 0.0295
2025-10-10 09:22:19,519 [INFO] Época 16/30, Batch 1900/3348, Loss: 0.0353
2025-10-10 09:22:19,788 [INFO] Época 16/30, Batch 1950/3348, Loss: 0.0323
2025-10-10 09:22:20,050 [INFO] Época 16/30, Batch 2000/3348, Loss: 0.0426
2025-10-10 09:22:20,312 [INFO] Época 16/30, Batch 2050/3348, Loss: 0.0343
2025-10-10 09:22:20,575 [INFO] Época 16/30, Batch 2100/3348, Loss: 0.0282
2025-10-10 09:22:20,838 [INFO] Época 16/30, Batch 2150/3348, Loss: 0.0520
2025-10-10 09:22:21,100 [INFO] Época 16/30, Batch 2200/3348, Loss: 0.0466
2025-10-10 09:22:21,363 [INFO] Época 16/30, Batch 2250/3348, Loss: 0.0513
2025-10-10 09:22:21,627 [INFO] Época 16/30, Batch 2300/3348, Loss: 0.0296
2025-10-10 09:22:21,891 [INFO] Época 16/30, Batch 2350/3348, Loss: 0.0480
2025-10-10 09:22:22,154 [INFO] Época 16/30, Batch 2400/3348, Loss: 0.0274
2025-10-10 09:22:22,419 [INFO] Época 16/30, Batch 2450/3348, Loss: 0.0666
2025-10-10 09:22:22,681 [INFO] Época 16/30, Batch 2500/3348, Loss: 0.0555
2025-10-10 09:22:22,946 [INFO] Época 16/30, Batch 2550/3348, Loss: 0.0301
2025-10-10 09:22:23,210 [INFO] Época 16/30, Batch 2600/3348, Loss: 0.0229
2025-10-10 09:22:23,473 [INFO] Época 16/30, Batch 2650/3348, Loss: 0.0342
2025-10-10 09:22:23,738 [INFO] Época 16/30, Batch 2700/3348, Loss: 0.0497
2025-10-10 09:22:23,998 [INFO] Época 16/30, Batch 2750/3348, Loss: 0.0428
2025-10-10 09:22:24,258 [INFO] Época 16/30, Batch 2800/3348, Loss: 0.0420
2025-10-10 09:22:24,517 [INFO] Época 16/30, Batch 2850/3348, Loss: 0.0313
2025-10-10 09:22:24,776 [INFO] Época 16/30, Batch 2900/3348, Loss: 0.0427
2025-10-10 09:22:25,034 [INFO] Época 16/30, Batch 2950/3348, Loss: 0.0682
2025-10-10 09:22:25,293 [INFO] Época 16/30, Batch 3000/3348, Loss: 0.0897
2025-10-10 09:22:25,551 [INFO] Época 16/30, Batch 3050/3348, Loss: 0.0386
2025-10-10 09:22:25,808 [INFO] Época 16/30, Batch 3100/3348, Loss: 0.0710
2025-10-10 09:22:26,064 [INFO] Época 16/30, Batch 3150/3348, Loss: 0.0221
2025-10-10 09:22:26,326 [INFO] Época 16/30, Batch 3200/3348, Loss: 0.0394
2025-10-10 09:22:26,584 [INFO] Época 16/30, Batch 3250/3348, Loss: 0.0665
2025-10-10 09:22:26,842 [INFO] Época 16/30, Batch 3300/3348, Loss: 0.0601
2025-10-10 09:22:28,609 [INFO] [16/30] Train Loss: 0.0450 | Val Loss: 0.0610 | Tempo: 19.79s
2025-10-10 09:22:29,205 [INFO] Época 17/30, Batch 50/3348, Loss: 0.0209
2025-10-10 09:22:29,483 [INFO] Época 17/30, Batch 100/3348, Loss: 0.0624
2025-10-10 09:22:29,752 [INFO] Época 17/30, Batch 150/3348, Loss: 0.0880
2025-10-10 09:22:30,021 [INFO] Época 17/30, Batch 200/3348, Loss: 0.0479
2025-10-10 09:22:30,284 [INFO] Época 17/30, Batch 250/3348, Loss: 0.0720
2025-10-10 09:22:30,547 [INFO] Época 17/30, Batch 300/3348, Loss: 0.0749
2025-10-10 09:22:30,812 [INFO] Época 17/30, Batch 350/3348, Loss: 0.0387
2025-10-10 09:22:31,080 [INFO] Época 17/30, Batch 400/3348, Loss: 0.0574
2025-10-10 09:22:31,359 [INFO] Época 17/30, Batch 450/3348, Loss: 0.0397
2025-10-10 09:22:31,625 [INFO] Época 17/30, Batch 500/3348, Loss: 0.0594
2025-10-10 09:22:31,889 [INFO] Época 17/30, Batch 550/3348, Loss: 0.0425
2025-10-10 09:22:32,152 [INFO] Época 17/30, Batch 600/3348, Loss: 0.0517
2025-10-10 09:22:32,415 [INFO] Época 17/30, Batch 650/3348, Loss: 0.0343
2025-10-10 09:22:32,678 [INFO] Época 17/30, Batch 700/3348, Loss: 0.0816
2025-10-10 09:22:32,939 [INFO] Época 17/30, Batch 750/3348, Loss: 0.0467
2025-10-10 09:22:33,201 [INFO] Época 17/30, Batch 800/3348, Loss: 0.0315
2025-10-10 09:22:33,462 [INFO] Época 17/30, Batch 850/3348, Loss: 0.0174
2025-10-10 09:22:33,724 [INFO] Época 17/30, Batch 900/3348, Loss: 0.0416
2025-10-10 09:22:33,985 [INFO] Época 17/30, Batch 950/3348, Loss: 0.0196
2025-10-10 09:22:34,246 [INFO] Época 17/30, Batch 1000/3348, Loss: 0.0279
2025-10-10 09:22:34,509 [INFO] Época 17/30, Batch 1050/3348, Loss: 0.0605
2025-10-10 09:22:34,770 [INFO] Época 17/30, Batch 1100/3348, Loss: 0.0539
2025-10-10 09:22:35,030 [INFO] Época 17/30, Batch 1150/3348, Loss: 0.0374
2025-10-10 09:22:35,294 [INFO] Época 17/30, Batch 1200/3348, Loss: 0.0409
2025-10-10 09:22:35,555 [INFO] Época 17/30, Batch 1250/3348, Loss: 0.0396
2025-10-10 09:22:35,819 [INFO] Época 17/30, Batch 1300/3348, Loss: 0.0401
2025-10-10 09:22:36,082 [INFO] Época 17/30, Batch 1350/3348, Loss: 0.0316
2025-10-10 09:22:36,345 [INFO] Época 17/30, Batch 1400/3348, Loss: 0.0341
2025-10-10 09:22:36,609 [INFO] Época 17/30, Batch 1450/3348, Loss: 0.0452
2025-10-10 09:22:36,873 [INFO] Época 17/30, Batch 1500/3348, Loss: 0.0685
2025-10-10 09:22:37,137 [INFO] Época 17/30, Batch 1550/3348, Loss: 0.0522
2025-10-10 09:22:37,399 [INFO] Época 17/30, Batch 1600/3348, Loss: 0.0379
2025-10-10 09:22:37,663 [INFO] Época 17/30, Batch 1650/3348, Loss: 0.0558
2025-10-10 09:22:37,925 [INFO] Época 17/30, Batch 1700/3348, Loss: 0.0437
2025-10-10 09:22:38,186 [INFO] Época 17/30, Batch 1750/3348, Loss: 0.0177
2025-10-10 09:22:38,448 [INFO] Época 17/30, Batch 1800/3348, Loss: 0.0871
2025-10-10 09:22:38,712 [INFO] Época 17/30, Batch 1850/3348, Loss: 0.0520
2025-10-10 09:22:38,974 [INFO] Época 17/30, Batch 1900/3348, Loss: 0.0501
2025-10-10 09:22:39,235 [INFO] Época 17/30, Batch 1950/3348, Loss: 0.0308
2025-10-10 09:22:39,497 [INFO] Época 17/30, Batch 2000/3348, Loss: 0.0510
2025-10-10 09:22:39,758 [INFO] Época 17/30, Batch 2050/3348, Loss: 0.0918
2025-10-10 09:22:40,020 [INFO] Época 17/30, Batch 2100/3348, Loss: 0.0388
2025-10-10 09:22:40,282 [INFO] Época 17/30, Batch 2150/3348, Loss: 0.0463
2025-10-10 09:22:40,542 [INFO] Época 17/30, Batch 2200/3348, Loss: 0.0355
2025-10-10 09:22:40,805 [INFO] Época 17/30, Batch 2250/3348, Loss: 0.0543
2025-10-10 09:22:41,067 [INFO] Época 17/30, Batch 2300/3348, Loss: 0.0277
2025-10-10 09:22:41,328 [INFO] Época 17/30, Batch 2350/3348, Loss: 0.0300
2025-10-10 09:22:41,589 [INFO] Época 17/30, Batch 2400/3348, Loss: 0.0683
2025-10-10 09:22:41,849 [INFO] Época 17/30, Batch 2450/3348, Loss: 0.0233
2025-10-10 09:22:42,110 [INFO] Época 17/30, Batch 2500/3348, Loss: 0.0387
2025-10-10 09:22:42,369 [INFO] Época 17/30, Batch 2550/3348, Loss: 0.0554
2025-10-10 09:22:42,628 [INFO] Época 17/30, Batch 2600/3348, Loss: 0.0716
2025-10-10 09:22:42,889 [INFO] Época 17/30, Batch 2650/3348, Loss: 0.0339
2025-10-10 09:22:43,148 [INFO] Época 17/30, Batch 2700/3348, Loss: 0.0321
2025-10-10 09:22:43,409 [INFO] Época 17/30, Batch 2750/3348, Loss: 0.0440
2025-10-10 09:22:43,669 [INFO] Época 17/30, Batch 2800/3348, Loss: 0.0433
2025-10-10 09:22:43,929 [INFO] Época 17/30, Batch 2850/3348, Loss: 0.0522
2025-10-10 09:22:44,190 [INFO] Época 17/30, Batch 2900/3348, Loss: 0.0541
2025-10-10 09:22:44,453 [INFO] Época 17/30, Batch 2950/3348, Loss: 0.0560
2025-10-10 09:22:44,715 [INFO] Época 17/30, Batch 3000/3348, Loss: 0.0372
2025-10-10 09:22:44,977 [INFO] Época 17/30, Batch 3050/3348, Loss: 0.0459
2025-10-10 09:22:45,237 [INFO] Época 17/30, Batch 3100/3348, Loss: 0.0371
2025-10-10 09:22:45,498 [INFO] Época 17/30, Batch 3150/3348, Loss: 0.0222
2025-10-10 09:22:45,769 [INFO] Época 17/30, Batch 3200/3348, Loss: 0.0483
2025-10-10 09:22:46,038 [INFO] Época 17/30, Batch 3250/3348, Loss: 0.0306
2025-10-10 09:22:46,299 [INFO] Época 17/30, Batch 3300/3348, Loss: 0.0226
2025-10-10 09:22:48,112 [INFO] [17/30] Train Loss: 0.0439 | Val Loss: 0.0660 | Tempo: 19.50s
2025-10-10 09:22:48,711 [INFO] Época 18/30, Batch 50/3348, Loss: 0.0355
2025-10-10 09:22:48,981 [INFO] Época 18/30, Batch 100/3348, Loss: 0.0381
2025-10-10 09:22:49,250 [INFO] Época 18/30, Batch 150/3348, Loss: 0.0204
2025-10-10 09:22:49,518 [INFO] Época 18/30, Batch 200/3348, Loss: 0.0552
2025-10-10 09:22:49,784 [INFO] Época 18/30, Batch 250/3348, Loss: 0.0360
2025-10-10 09:22:50,050 [INFO] Época 18/30, Batch 300/3348, Loss: 0.0400
2025-10-10 09:22:50,314 [INFO] Época 18/30, Batch 350/3348, Loss: 0.0763
2025-10-10 09:22:50,578 [INFO] Época 18/30, Batch 400/3348, Loss: 0.0388
2025-10-10 09:22:50,844 [INFO] Época 18/30, Batch 450/3348, Loss: 0.0324
2025-10-10 09:22:51,109 [INFO] Época 18/30, Batch 500/3348, Loss: 0.0616
2025-10-10 09:22:51,374 [INFO] Época 18/30, Batch 550/3348, Loss: 0.0465
2025-10-10 09:22:51,640 [INFO] Época 18/30, Batch 600/3348, Loss: 0.0389
2025-10-10 09:22:51,903 [INFO] Época 18/30, Batch 650/3348, Loss: 0.0232
2025-10-10 09:22:52,165 [INFO] Época 18/30, Batch 700/3348, Loss: 0.0756
2025-10-10 09:22:52,421 [INFO] Época 18/30, Batch 750/3348, Loss: 0.0706
2025-10-10 09:22:52,679 [INFO] Época 18/30, Batch 800/3348, Loss: 0.0408
2025-10-10 09:22:52,943 [INFO] Época 18/30, Batch 850/3348, Loss: 0.0303
2025-10-10 09:22:53,204 [INFO] Época 18/30, Batch 900/3348, Loss: 0.1320
2025-10-10 09:22:53,467 [INFO] Época 18/30, Batch 950/3348, Loss: 0.0391
2025-10-10 09:22:53,731 [INFO] Época 18/30, Batch 1000/3348, Loss: 0.0350
2025-10-10 09:22:53,994 [INFO] Época 18/30, Batch 1050/3348, Loss: 0.0715
2025-10-10 09:22:54,256 [INFO] Época 18/30, Batch 1100/3348, Loss: 0.0403
2025-10-10 09:22:54,517 [INFO] Época 18/30, Batch 1150/3348, Loss: 0.0707
2025-10-10 09:22:54,780 [INFO] Época 18/30, Batch 1200/3348, Loss: 0.0403
2025-10-10 09:22:55,044 [INFO] Época 18/30, Batch 1250/3348, Loss: 0.0295
2025-10-10 09:22:55,308 [INFO] Época 18/30, Batch 1300/3348, Loss: 0.0350
2025-10-10 09:22:55,574 [INFO] Época 18/30, Batch 1350/3348, Loss: 0.0345
2025-10-10 09:22:55,840 [INFO] Época 18/30, Batch 1400/3348, Loss: 0.0290
2025-10-10 09:22:56,106 [INFO] Época 18/30, Batch 1450/3348, Loss: 0.0351
2025-10-10 09:22:56,373 [INFO] Época 18/30, Batch 1500/3348, Loss: 0.0799
2025-10-10 09:22:56,638 [INFO] Época 18/30, Batch 1550/3348, Loss: 0.0396
2025-10-10 09:22:56,901 [INFO] Época 18/30, Batch 1600/3348, Loss: 0.0482
2025-10-10 09:22:57,165 [INFO] Época 18/30, Batch 1650/3348, Loss: 0.0385
2025-10-10 09:22:57,429 [INFO] Época 18/30, Batch 1700/3348, Loss: 0.0656
2025-10-10 09:22:57,692 [INFO] Época 18/30, Batch 1750/3348, Loss: 0.0435
2025-10-10 09:22:57,956 [INFO] Época 18/30, Batch 1800/3348, Loss: 0.0652
2025-10-10 09:22:58,219 [INFO] Época 18/30, Batch 1850/3348, Loss: 0.0361
2025-10-10 09:22:58,494 [INFO] Época 18/30, Batch 1900/3348, Loss: 0.0412
2025-10-10 09:22:58,760 [INFO] Época 18/30, Batch 1950/3348, Loss: 0.0269
2025-10-10 09:22:59,026 [INFO] Época 18/30, Batch 2000/3348, Loss: 0.0456
2025-10-10 09:22:59,292 [INFO] Época 18/30, Batch 2050/3348, Loss: 0.0546
2025-10-10 09:22:59,562 [INFO] Época 18/30, Batch 2100/3348, Loss: 0.0440
2025-10-10 09:22:59,826 [INFO] Época 18/30, Batch 2150/3348, Loss: 0.0444
2025-10-10 09:23:00,090 [INFO] Época 18/30, Batch 2200/3348, Loss: 0.0251
2025-10-10 09:23:00,355 [INFO] Época 18/30, Batch 2250/3348, Loss: 0.0527
2025-10-10 09:23:00,619 [INFO] Época 18/30, Batch 2300/3348, Loss: 0.0513
2025-10-10 09:23:00,883 [INFO] Época 18/30, Batch 2350/3348, Loss: 0.0312
2025-10-10 09:23:01,147 [INFO] Época 18/30, Batch 2400/3348, Loss: 0.0290
2025-10-10 09:23:01,413 [INFO] Época 18/30, Batch 2450/3348, Loss: 0.0252
2025-10-10 09:23:01,682 [INFO] Época 18/30, Batch 2500/3348, Loss: 0.0276
2025-10-10 09:23:01,945 [INFO] Época 18/30, Batch 2550/3348, Loss: 0.0187
2025-10-10 09:23:02,208 [INFO] Época 18/30, Batch 2600/3348, Loss: 0.0439
2025-10-10 09:23:02,471 [INFO] Época 18/30, Batch 2650/3348, Loss: 0.0403
2025-10-10 09:23:02,735 [INFO] Época 18/30, Batch 2700/3348, Loss: 0.0445
2025-10-10 09:23:02,999 [INFO] Época 18/30, Batch 2750/3348, Loss: 0.0278
2025-10-10 09:23:03,264 [INFO] Época 18/30, Batch 2800/3348, Loss: 0.0295
2025-10-10 09:23:03,532 [INFO] Época 18/30, Batch 2850/3348, Loss: 0.0328
2025-10-10 09:23:03,794 [INFO] Época 18/30, Batch 2900/3348, Loss: 0.0304
2025-10-10 09:23:04,058 [INFO] Época 18/30, Batch 2950/3348, Loss: 0.0383
2025-10-10 09:23:04,322 [INFO] Época 18/30, Batch 3000/3348, Loss: 0.0639
2025-10-10 09:23:04,585 [INFO] Época 18/30, Batch 3050/3348, Loss: 0.0320
2025-10-10 09:23:04,847 [INFO] Época 18/30, Batch 3100/3348, Loss: 0.0599
2025-10-10 09:23:05,110 [INFO] Época 18/30, Batch 3150/3348, Loss: 0.0709
2025-10-10 09:23:05,373 [INFO] Época 18/30, Batch 3200/3348, Loss: 0.0905
2025-10-10 09:23:05,635 [INFO] Época 18/30, Batch 3250/3348, Loss: 0.0354
2025-10-10 09:23:05,900 [INFO] Época 18/30, Batch 3300/3348, Loss: 0.0415
2025-10-10 09:23:07,686 [INFO] [18/30] Train Loss: 0.0428 | Val Loss: 0.0542 | Tempo: 19.57s
2025-10-10 09:23:08,286 [INFO] Época 19/30, Batch 50/3348, Loss: 0.0195
2025-10-10 09:23:08,562 [INFO] Época 19/30, Batch 100/3348, Loss: 0.0348
2025-10-10 09:23:08,831 [INFO] Época 19/30, Batch 150/3348, Loss: 0.0381
2025-10-10 09:23:09,098 [INFO] Época 19/30, Batch 200/3348, Loss: 0.0840
2025-10-10 09:23:09,367 [INFO] Época 19/30, Batch 250/3348, Loss: 0.0334
2025-10-10 09:23:09,633 [INFO] Época 19/30, Batch 300/3348, Loss: 0.0412
2025-10-10 09:23:09,901 [INFO] Época 19/30, Batch 350/3348, Loss: 0.0329
2025-10-10 09:23:10,167 [INFO] Época 19/30, Batch 400/3348, Loss: 0.0261
2025-10-10 09:23:10,433 [INFO] Época 19/30, Batch 450/3348, Loss: 0.0657
2025-10-10 09:23:10,703 [INFO] Época 19/30, Batch 500/3348, Loss: 0.0304
2025-10-10 09:23:10,968 [INFO] Época 19/30, Batch 550/3348, Loss: 0.0191
2025-10-10 09:23:11,228 [INFO] Época 19/30, Batch 600/3348, Loss: 0.0714
2025-10-10 09:23:11,490 [INFO] Época 19/30, Batch 650/3348, Loss: 0.0801
2025-10-10 09:23:11,751 [INFO] Época 19/30, Batch 700/3348, Loss: 0.0428
2025-10-10 09:23:12,012 [INFO] Época 19/30, Batch 750/3348, Loss: 0.0247
2025-10-10 09:23:12,267 [INFO] Época 19/30, Batch 800/3348, Loss: 0.0920
2025-10-10 09:23:12,523 [INFO] Época 19/30, Batch 850/3348, Loss: 0.0268
2025-10-10 09:23:12,778 [INFO] Época 19/30, Batch 900/3348, Loss: 0.0267
2025-10-10 09:23:13,034 [INFO] Época 19/30, Batch 950/3348, Loss: 0.0546
2025-10-10 09:23:13,289 [INFO] Época 19/30, Batch 1000/3348, Loss: 0.0695
2025-10-10 09:23:13,557 [INFO] Época 19/30, Batch 1050/3348, Loss: 0.0347
2025-10-10 09:23:13,821 [INFO] Época 19/30, Batch 1100/3348, Loss: 0.0452
2025-10-10 09:23:14,088 [INFO] Época 19/30, Batch 1150/3348, Loss: 0.0344
2025-10-10 09:23:14,356 [INFO] Época 19/30, Batch 1200/3348, Loss: 0.0659
2025-10-10 09:23:14,623 [INFO] Época 19/30, Batch 1250/3348, Loss: 0.0419
2025-10-10 09:23:14,892 [INFO] Época 19/30, Batch 1300/3348, Loss: 0.0360
2025-10-10 09:23:15,159 [INFO] Época 19/30, Batch 1350/3348, Loss: 0.0939
2025-10-10 09:23:15,425 [INFO] Época 19/30, Batch 1400/3348, Loss: 0.0262
2025-10-10 09:23:15,691 [INFO] Época 19/30, Batch 1450/3348, Loss: 0.0324
2025-10-10 09:23:15,957 [INFO] Época 19/30, Batch 1500/3348, Loss: 0.0231
2025-10-10 09:23:16,227 [INFO] Época 19/30, Batch 1550/3348, Loss: 0.0497
2025-10-10 09:23:16,494 [INFO] Época 19/30, Batch 1600/3348, Loss: 0.0563
2025-10-10 09:23:16,761 [INFO] Época 19/30, Batch 1650/3348, Loss: 0.0307
2025-10-10 09:23:17,026 [INFO] Época 19/30, Batch 1700/3348, Loss: 0.0859
2025-10-10 09:23:17,291 [INFO] Época 19/30, Batch 1750/3348, Loss: 0.0447
2025-10-10 09:23:17,558 [INFO] Época 19/30, Batch 1800/3348, Loss: 0.0612
2025-10-10 09:23:17,825 [INFO] Época 19/30, Batch 1850/3348, Loss: 0.0487
2025-10-10 09:23:18,087 [INFO] Época 19/30, Batch 1900/3348, Loss: 0.0305
2025-10-10 09:23:18,349 [INFO] Época 19/30, Batch 1950/3348, Loss: 0.0370
2025-10-10 09:23:18,625 [INFO] Época 19/30, Batch 2000/3348, Loss: 0.0671
2025-10-10 09:23:18,890 [INFO] Época 19/30, Batch 2050/3348, Loss: 0.0405
2025-10-10 09:23:19,153 [INFO] Época 19/30, Batch 2100/3348, Loss: 0.0282
2025-10-10 09:23:19,416 [INFO] Época 19/30, Batch 2150/3348, Loss: 0.0219
2025-10-10 09:23:19,679 [INFO] Época 19/30, Batch 2200/3348, Loss: 0.0317
2025-10-10 09:23:19,942 [INFO] Época 19/30, Batch 2250/3348, Loss: 0.0501
2025-10-10 09:23:20,208 [INFO] Época 19/30, Batch 2300/3348, Loss: 0.0183
2025-10-10 09:23:20,471 [INFO] Época 19/30, Batch 2350/3348, Loss: 0.0539
2025-10-10 09:23:20,734 [INFO] Época 19/30, Batch 2400/3348, Loss: 0.0801
2025-10-10 09:23:20,997 [INFO] Época 19/30, Batch 2450/3348, Loss: 0.0221
2025-10-10 09:23:21,262 [INFO] Época 19/30, Batch 2500/3348, Loss: 0.0740
2025-10-10 09:23:21,528 [INFO] Época 19/30, Batch 2550/3348, Loss: 0.0353
2025-10-10 09:23:21,790 [INFO] Época 19/30, Batch 2600/3348, Loss: 0.0402
2025-10-10 09:23:22,052 [INFO] Época 19/30, Batch 2650/3348, Loss: 0.0181
2025-10-10 09:23:22,316 [INFO] Época 19/30, Batch 2700/3348, Loss: 0.0399
2025-10-10 09:23:22,578 [INFO] Época 19/30, Batch 2750/3348, Loss: 0.0267
2025-10-10 09:23:22,842 [INFO] Época 19/30, Batch 2800/3348, Loss: 0.0401
2025-10-10 09:23:23,106 [INFO] Época 19/30, Batch 2850/3348, Loss: 0.0315
2025-10-10 09:23:23,369 [INFO] Época 19/30, Batch 2900/3348, Loss: 0.0610
2025-10-10 09:23:23,635 [INFO] Época 19/30, Batch 2950/3348, Loss: 0.0394
2025-10-10 09:23:23,901 [INFO] Época 19/30, Batch 3000/3348, Loss: 0.0187
2025-10-10 09:23:24,169 [INFO] Época 19/30, Batch 3050/3348, Loss: 0.0536
2025-10-10 09:23:24,434 [INFO] Época 19/30, Batch 3100/3348, Loss: 0.0426
2025-10-10 09:23:24,702 [INFO] Época 19/30, Batch 3150/3348, Loss: 0.0455
2025-10-10 09:23:24,969 [INFO] Época 19/30, Batch 3200/3348, Loss: 0.0471
2025-10-10 09:23:25,234 [INFO] Época 19/30, Batch 3250/3348, Loss: 0.0439
2025-10-10 09:23:25,500 [INFO] Época 19/30, Batch 3300/3348, Loss: 0.0571
2025-10-10 09:23:27,396 [INFO] [19/30] Train Loss: 0.0418 | Val Loss: 0.0595 | Tempo: 19.71s
2025-10-10 09:23:27,998 [INFO] Época 20/30, Batch 50/3348, Loss: 0.0746
2025-10-10 09:23:28,272 [INFO] Época 20/30, Batch 100/3348, Loss: 0.0210
2025-10-10 09:23:28,546 [INFO] Época 20/30, Batch 150/3348, Loss: 0.0438
2025-10-10 09:23:28,825 [INFO] Época 20/30, Batch 200/3348, Loss: 0.0444
2025-10-10 09:23:29,097 [INFO] Época 20/30, Batch 250/3348, Loss: 0.0397
2025-10-10 09:23:29,370 [INFO] Época 20/30, Batch 300/3348, Loss: 0.0686
2025-10-10 09:23:29,643 [INFO] Época 20/30, Batch 350/3348, Loss: 0.0278
2025-10-10 09:23:29,916 [INFO] Época 20/30, Batch 400/3348, Loss: 0.0698
2025-10-10 09:23:30,184 [INFO] Época 20/30, Batch 450/3348, Loss: 0.0327
2025-10-10 09:23:30,451 [INFO] Época 20/30, Batch 500/3348, Loss: 0.0304
2025-10-10 09:23:30,717 [INFO] Época 20/30, Batch 550/3348, Loss: 0.0323
2025-10-10 09:23:30,986 [INFO] Época 20/30, Batch 600/3348, Loss: 0.0353
2025-10-10 09:23:31,253 [INFO] Época 20/30, Batch 650/3348, Loss: 0.0543
2025-10-10 09:23:31,517 [INFO] Época 20/30, Batch 700/3348, Loss: 0.0329
2025-10-10 09:23:31,780 [INFO] Época 20/30, Batch 750/3348, Loss: 0.0234
2025-10-10 09:23:32,037 [INFO] Época 20/30, Batch 800/3348, Loss: 0.0571
2025-10-10 09:23:32,294 [INFO] Época 20/30, Batch 850/3348, Loss: 0.0250
2025-10-10 09:23:32,551 [INFO] Época 20/30, Batch 900/3348, Loss: 0.0736
2025-10-10 09:23:32,807 [INFO] Época 20/30, Batch 950/3348, Loss: 0.0544
2025-10-10 09:23:33,063 [INFO] Época 20/30, Batch 1000/3348, Loss: 0.0302
2025-10-10 09:23:33,317 [INFO] Época 20/30, Batch 1050/3348, Loss: 0.0631
2025-10-10 09:23:33,570 [INFO] Época 20/30, Batch 1100/3348, Loss: 0.0601
2025-10-10 09:23:33,842 [INFO] Época 20/30, Batch 1150/3348, Loss: 0.0288
2025-10-10 09:23:34,106 [INFO] Época 20/30, Batch 1200/3348, Loss: 0.0207
2025-10-10 09:23:34,370 [INFO] Época 20/30, Batch 1250/3348, Loss: 0.0528
2025-10-10 09:23:34,638 [INFO] Época 20/30, Batch 1300/3348, Loss: 0.0405
2025-10-10 09:23:34,902 [INFO] Época 20/30, Batch 1350/3348, Loss: 0.0356
2025-10-10 09:23:35,168 [INFO] Época 20/30, Batch 1400/3348, Loss: 0.0582
2025-10-10 09:23:35,436 [INFO] Época 20/30, Batch 1450/3348, Loss: 0.0429
2025-10-10 09:23:35,710 [INFO] Época 20/30, Batch 1500/3348, Loss: 0.0390
2025-10-10 09:23:35,987 [INFO] Época 20/30, Batch 1550/3348, Loss: 0.0554
2025-10-10 09:23:36,252 [INFO] Época 20/30, Batch 1600/3348, Loss: 0.0400
2025-10-10 09:23:36,517 [INFO] Época 20/30, Batch 1650/3348, Loss: 0.0314
2025-10-10 09:23:36,782 [INFO] Época 20/30, Batch 1700/3348, Loss: 0.0333
2025-10-10 09:23:37,047 [INFO] Época 20/30, Batch 1750/3348, Loss: 0.0449
2025-10-10 09:23:37,314 [INFO] Época 20/30, Batch 1800/3348, Loss: 0.0253
2025-10-10 09:23:37,588 [INFO] Época 20/30, Batch 1850/3348, Loss: 0.0426
2025-10-10 09:23:37,866 [INFO] Época 20/30, Batch 1900/3348, Loss: 0.0420
2025-10-10 09:23:38,142 [INFO] Época 20/30, Batch 1950/3348, Loss: 0.0614
2025-10-10 09:23:38,418 [INFO] Época 20/30, Batch 2000/3348, Loss: 0.0318
2025-10-10 09:23:38,695 [INFO] Época 20/30, Batch 2050/3348, Loss: 0.0331
2025-10-10 09:23:38,979 [INFO] Época 20/30, Batch 2100/3348, Loss: 0.0334
2025-10-10 09:23:39,255 [INFO] Época 20/30, Batch 2150/3348, Loss: 0.0501
2025-10-10 09:23:39,521 [INFO] Época 20/30, Batch 2200/3348, Loss: 0.0441
2025-10-10 09:23:39,787 [INFO] Época 20/30, Batch 2250/3348, Loss: 0.0377
2025-10-10 09:23:40,058 [INFO] Época 20/30, Batch 2300/3348, Loss: 0.0252
2025-10-10 09:23:40,342 [INFO] Época 20/30, Batch 2350/3348, Loss: 0.0374
2025-10-10 09:23:40,619 [INFO] Época 20/30, Batch 2400/3348, Loss: 0.0284
2025-10-10 09:23:40,894 [INFO] Época 20/30, Batch 2450/3348, Loss: 0.0259
2025-10-10 09:23:41,170 [INFO] Época 20/30, Batch 2500/3348, Loss: 0.0776
2025-10-10 09:23:41,447 [INFO] Época 20/30, Batch 2550/3348, Loss: 0.0409
2025-10-10 09:23:41,724 [INFO] Época 20/30, Batch 2600/3348, Loss: 0.0505
2025-10-10 09:23:42,000 [INFO] Época 20/30, Batch 2650/3348, Loss: 0.0257
2025-10-10 09:23:42,274 [INFO] Época 20/30, Batch 2700/3348, Loss: 0.0322
2025-10-10 09:23:42,550 [INFO] Época 20/30, Batch 2750/3348, Loss: 0.0381
2025-10-10 09:23:42,825 [INFO] Época 20/30, Batch 2800/3348, Loss: 0.0568
2025-10-10 09:23:43,101 [INFO] Época 20/30, Batch 2850/3348, Loss: 0.0426
2025-10-10 09:23:43,377 [INFO] Época 20/30, Batch 2900/3348, Loss: 0.0350
2025-10-10 09:23:43,651 [INFO] Época 20/30, Batch 2950/3348, Loss: 0.0474
2025-10-10 09:23:43,924 [INFO] Época 20/30, Batch 3000/3348, Loss: 0.0227
2025-10-10 09:23:44,210 [INFO] Época 20/30, Batch 3050/3348, Loss: 0.0459
2025-10-10 09:23:44,483 [INFO] Época 20/30, Batch 3100/3348, Loss: 0.0318
2025-10-10 09:23:44,756 [INFO] Época 20/30, Batch 3150/3348, Loss: 0.0426
2025-10-10 09:23:45,028 [INFO] Época 20/30, Batch 3200/3348, Loss: 0.0388
2025-10-10 09:23:45,302 [INFO] Época 20/30, Batch 3250/3348, Loss: 0.0361
2025-10-10 09:23:45,574 [INFO] Época 20/30, Batch 3300/3348, Loss: 0.0783
2025-10-10 09:23:47,349 [INFO] [20/30] Train Loss: 0.0415 | Val Loss: 0.0545 | Tempo: 19.95s
2025-10-10 09:23:47,949 [INFO] Época 21/30, Batch 50/3348, Loss: 0.0434
2025-10-10 09:23:48,226 [INFO] Época 21/30, Batch 100/3348, Loss: 0.0227
2025-10-10 09:23:48,503 [INFO] Época 21/30, Batch 150/3348, Loss: 0.0183
2025-10-10 09:23:48,777 [INFO] Época 21/30, Batch 200/3348, Loss: 0.0774
2025-10-10 09:23:49,052 [INFO] Época 21/30, Batch 250/3348, Loss: 0.0923
2025-10-10 09:23:49,327 [INFO] Época 21/30, Batch 300/3348, Loss: 0.0550
2025-10-10 09:23:49,600 [INFO] Época 21/30, Batch 350/3348, Loss: 0.0323
2025-10-10 09:23:49,875 [INFO] Época 21/30, Batch 400/3348, Loss: 0.0423
2025-10-10 09:23:50,145 [INFO] Época 21/30, Batch 450/3348, Loss: 0.0265
2025-10-10 09:23:50,417 [INFO] Época 21/30, Batch 500/3348, Loss: 0.0586
2025-10-10 09:23:50,688 [INFO] Época 21/30, Batch 550/3348, Loss: 0.0299
2025-10-10 09:23:50,960 [INFO] Época 21/30, Batch 600/3348, Loss: 0.0514
2025-10-10 09:23:51,232 [INFO] Época 21/30, Batch 650/3348, Loss: 0.0368
2025-10-10 09:23:51,503 [INFO] Época 21/30, Batch 700/3348, Loss: 0.0458
2025-10-10 09:23:51,774 [INFO] Época 21/30, Batch 750/3348, Loss: 0.0449
2025-10-10 09:23:52,046 [INFO] Época 21/30, Batch 800/3348, Loss: 0.0350
2025-10-10 09:23:52,319 [INFO] Época 21/30, Batch 850/3348, Loss: 0.0204
2025-10-10 09:23:52,589 [INFO] Época 21/30, Batch 900/3348, Loss: 0.0485
2025-10-10 09:23:52,860 [INFO] Época 21/30, Batch 950/3348, Loss: 0.0374
2025-10-10 09:23:53,131 [INFO] Época 21/30, Batch 1000/3348, Loss: 0.0237
2025-10-10 09:23:53,402 [INFO] Época 21/30, Batch 1050/3348, Loss: 0.0624
2025-10-10 09:23:53,673 [INFO] Época 21/30, Batch 1100/3348, Loss: 0.0452
2025-10-10 09:23:53,944 [INFO] Época 21/30, Batch 1150/3348, Loss: 0.0355
2025-10-10 09:23:54,208 [INFO] Época 21/30, Batch 1200/3348, Loss: 0.0473
2025-10-10 09:23:54,482 [INFO] Época 21/30, Batch 1250/3348, Loss: 0.0399
2025-10-10 09:23:54,744 [INFO] Época 21/30, Batch 1300/3348, Loss: 0.0611
2025-10-10 09:23:55,008 [INFO] Época 21/30, Batch 1350/3348, Loss: 0.0547
2025-10-10 09:23:55,268 [INFO] Época 21/30, Batch 1400/3348, Loss: 0.0590
2025-10-10 09:23:55,533 [INFO] Época 21/30, Batch 1450/3348, Loss: 0.0405
2025-10-10 09:23:55,796 [INFO] Época 21/30, Batch 1500/3348, Loss: 0.0198
2025-10-10 09:23:56,059 [INFO] Época 21/30, Batch 1550/3348, Loss: 0.0534
2025-10-10 09:23:56,323 [INFO] Época 21/30, Batch 1600/3348, Loss: 0.0392
2025-10-10 09:23:56,587 [INFO] Época 21/30, Batch 1650/3348, Loss: 0.0267
2025-10-10 09:23:56,850 [INFO] Época 21/30, Batch 1700/3348, Loss: 0.0394
2025-10-10 09:23:57,114 [INFO] Época 21/30, Batch 1750/3348, Loss: 0.0447
2025-10-10 09:23:57,378 [INFO] Época 21/30, Batch 1800/3348, Loss: 0.0322
2025-10-10 09:23:57,642 [INFO] Época 21/30, Batch 1850/3348, Loss: 0.0480
2025-10-10 09:23:57,906 [INFO] Época 21/30, Batch 1900/3348, Loss: 0.0200
2025-10-10 09:23:58,170 [INFO] Época 21/30, Batch 1950/3348, Loss: 0.0669
2025-10-10 09:23:58,434 [INFO] Época 21/30, Batch 2000/3348, Loss: 0.0220
2025-10-10 09:23:58,695 [INFO] Época 21/30, Batch 2050/3348, Loss: 0.0359
2025-10-10 09:23:58,960 [INFO] Época 21/30, Batch 2100/3348, Loss: 0.0233
2025-10-10 09:23:59,224 [INFO] Época 21/30, Batch 2150/3348, Loss: 0.0552
2025-10-10 09:23:59,499 [INFO] Época 21/30, Batch 2200/3348, Loss: 0.0264
2025-10-10 09:23:59,763 [INFO] Época 21/30, Batch 2250/3348, Loss: 0.0348
2025-10-10 09:24:00,027 [INFO] Época 21/30, Batch 2300/3348, Loss: 0.0587
2025-10-10 09:24:00,294 [INFO] Época 21/30, Batch 2350/3348, Loss: 0.0215
2025-10-10 09:24:00,559 [INFO] Época 21/30, Batch 2400/3348, Loss: 0.0422
2025-10-10 09:24:00,823 [INFO] Época 21/30, Batch 2450/3348, Loss: 0.0272
2025-10-10 09:24:01,086 [INFO] Época 21/30, Batch 2500/3348, Loss: 0.0223
2025-10-10 09:24:01,350 [INFO] Época 21/30, Batch 2550/3348, Loss: 0.0443
2025-10-10 09:24:01,615 [INFO] Época 21/30, Batch 2600/3348, Loss: 0.0299
2025-10-10 09:24:01,880 [INFO] Época 21/30, Batch 2650/3348, Loss: 0.0137
2025-10-10 09:24:02,144 [INFO] Época 21/30, Batch 2700/3348, Loss: 0.0304
2025-10-10 09:24:02,406 [INFO] Época 21/30, Batch 2750/3348, Loss: 0.0455
2025-10-10 09:24:02,669 [INFO] Época 21/30, Batch 2800/3348, Loss: 0.0233
2025-10-10 09:24:02,933 [INFO] Época 21/30, Batch 2850/3348, Loss: 0.0209
2025-10-10 09:24:03,198 [INFO] Época 21/30, Batch 2900/3348, Loss: 0.0316
2025-10-10 09:24:03,463 [INFO] Época 21/30, Batch 2950/3348, Loss: 0.0352
2025-10-10 09:24:03,727 [INFO] Época 21/30, Batch 3000/3348, Loss: 0.0739
2025-10-10 09:24:03,992 [INFO] Época 21/30, Batch 3050/3348, Loss: 0.0608
2025-10-10 09:24:04,256 [INFO] Época 21/30, Batch 3100/3348, Loss: 0.0214
2025-10-10 09:24:04,532 [INFO] Época 21/30, Batch 3150/3348, Loss: 0.0300
2025-10-10 09:24:04,795 [INFO] Época 21/30, Batch 3200/3348, Loss: 0.0601
2025-10-10 09:24:05,058 [INFO] Época 21/30, Batch 3250/3348, Loss: 0.0250
2025-10-10 09:24:05,322 [INFO] Época 21/30, Batch 3300/3348, Loss: 0.0522
2025-10-10 09:24:07,128 [INFO] [21/30] Train Loss: 0.0410 | Val Loss: 0.0485 | Tempo: 19.78s
2025-10-10 09:24:07,134 [INFO] Melhor modelo salvo em: /mnt/hdd/home/jdurao/ToolBox-ChemXAI/models/mlp_qm9_MorganCount_att11_large.pth
2025-10-10 09:24:07,721 [INFO] Época 22/30, Batch 50/3348, Loss: 0.0571
2025-10-10 09:24:07,991 [INFO] Época 22/30, Batch 100/3348, Loss: 0.0458
2025-10-10 09:24:08,257 [INFO] Época 22/30, Batch 150/3348, Loss: 0.0412
2025-10-10 09:24:08,522 [INFO] Época 22/30, Batch 200/3348, Loss: 0.0440
2025-10-10 09:24:08,786 [INFO] Época 22/30, Batch 250/3348, Loss: 0.0331
2025-10-10 09:24:09,049 [INFO] Época 22/30, Batch 300/3348, Loss: 0.0326
2025-10-10 09:24:09,312 [INFO] Época 22/30, Batch 350/3348, Loss: 0.0251
2025-10-10 09:24:09,586 [INFO] Época 22/30, Batch 400/3348, Loss: 0.0683
2025-10-10 09:24:09,846 [INFO] Época 22/30, Batch 450/3348, Loss: 0.0231
2025-10-10 09:24:10,107 [INFO] Época 22/30, Batch 500/3348, Loss: 0.0341
2025-10-10 09:24:10,369 [INFO] Época 22/30, Batch 550/3348, Loss: 0.0252
2025-10-10 09:24:10,633 [INFO] Época 22/30, Batch 600/3348, Loss: 0.0368
2025-10-10 09:24:10,900 [INFO] Época 22/30, Batch 650/3348, Loss: 0.0669
2025-10-10 09:24:11,159 [INFO] Época 22/30, Batch 700/3348, Loss: 0.0448
2025-10-10 09:24:11,420 [INFO] Época 22/30, Batch 750/3348, Loss: 0.0369
2025-10-10 09:24:11,681 [INFO] Época 22/30, Batch 800/3348, Loss: 0.0436
2025-10-10 09:24:11,947 [INFO] Época 22/30, Batch 850/3348, Loss: 0.0290
2025-10-10 09:24:12,209 [INFO] Época 22/30, Batch 900/3348, Loss: 0.0443
2025-10-10 09:24:12,470 [INFO] Época 22/30, Batch 950/3348, Loss: 0.0294
2025-10-10 09:24:12,733 [INFO] Época 22/30, Batch 1000/3348, Loss: 0.0563
2025-10-10 09:24:12,996 [INFO] Época 22/30, Batch 1050/3348, Loss: 0.0503
2025-10-10 09:24:13,260 [INFO] Época 22/30, Batch 1100/3348, Loss: 0.0596
2025-10-10 09:24:13,523 [INFO] Época 22/30, Batch 1150/3348, Loss: 0.0304
2025-10-10 09:24:13,786 [INFO] Época 22/30, Batch 1200/3348, Loss: 0.0207
2025-10-10 09:24:14,049 [INFO] Época 22/30, Batch 1250/3348, Loss: 0.0377
2025-10-10 09:24:14,312 [INFO] Época 22/30, Batch 1300/3348, Loss: 0.0293
2025-10-10 09:24:14,576 [INFO] Época 22/30, Batch 1350/3348, Loss: 0.0256
2025-10-10 09:24:14,840 [INFO] Época 22/30, Batch 1400/3348, Loss: 0.0234
2025-10-10 09:24:15,103 [INFO] Época 22/30, Batch 1450/3348, Loss: 0.0806
2025-10-10 09:24:15,367 [INFO] Época 22/30, Batch 1500/3348, Loss: 0.0246
2025-10-10 09:24:15,632 [INFO] Época 22/30, Batch 1550/3348, Loss: 0.0767
2025-10-10 09:24:15,896 [INFO] Época 22/30, Batch 1600/3348, Loss: 0.0466
2025-10-10 09:24:16,161 [INFO] Época 22/30, Batch 1650/3348, Loss: 0.0187
2025-10-10 09:24:16,424 [INFO] Época 22/30, Batch 1700/3348, Loss: 0.0473
2025-10-10 09:24:16,690 [INFO] Época 22/30, Batch 1750/3348, Loss: 0.0509
2025-10-10 09:24:16,954 [INFO] Época 22/30, Batch 1800/3348, Loss: 0.0248
2025-10-10 09:24:17,217 [INFO] Época 22/30, Batch 1850/3348, Loss: 0.0250
2025-10-10 09:24:17,481 [INFO] Época 22/30, Batch 1900/3348, Loss: 0.0231
2025-10-10 09:24:17,746 [INFO] Época 22/30, Batch 1950/3348, Loss: 0.0217
2025-10-10 09:24:18,010 [INFO] Época 22/30, Batch 2000/3348, Loss: 0.0290
2025-10-10 09:24:18,273 [INFO] Época 22/30, Batch 2050/3348, Loss: 0.0367
2025-10-10 09:24:18,536 [INFO] Época 22/30, Batch 2100/3348, Loss: 0.0286
2025-10-10 09:24:18,800 [INFO] Época 22/30, Batch 2150/3348, Loss: 0.0433
2025-10-10 09:24:19,063 [INFO] Época 22/30, Batch 2200/3348, Loss: 0.0308
2025-10-10 09:24:19,324 [INFO] Época 22/30, Batch 2250/3348, Loss: 0.0807
2025-10-10 09:24:19,598 [INFO] Época 22/30, Batch 2300/3348, Loss: 0.0197
2025-10-10 09:24:19,861 [INFO] Época 22/30, Batch 2350/3348, Loss: 0.0195
2025-10-10 09:24:20,124 [INFO] Época 22/30, Batch 2400/3348, Loss: 0.0249
2025-10-10 09:24:20,385 [INFO] Época 22/30, Batch 2450/3348, Loss: 0.0567
2025-10-10 09:24:20,646 [INFO] Época 22/30, Batch 2500/3348, Loss: 0.0487
2025-10-10 09:24:20,908 [INFO] Época 22/30, Batch 2550/3348, Loss: 0.0180
2025-10-10 09:24:21,170 [INFO] Época 22/30, Batch 2600/3348, Loss: 0.0458
2025-10-10 09:24:21,435 [INFO] Época 22/30, Batch 2650/3348, Loss: 0.0829
2025-10-10 09:24:21,696 [INFO] Época 22/30, Batch 2700/3348, Loss: 0.0392
2025-10-10 09:24:21,959 [INFO] Época 22/30, Batch 2750/3348, Loss: 0.0471
2025-10-10 09:24:22,222 [INFO] Época 22/30, Batch 2800/3348, Loss: 0.0873
2025-10-10 09:24:22,484 [INFO] Época 22/30, Batch 2850/3348, Loss: 0.0428
2025-10-10 09:24:22,751 [INFO] Época 22/30, Batch 2900/3348, Loss: 0.0308
2025-10-10 09:24:23,014 [INFO] Época 22/30, Batch 2950/3348, Loss: 0.0353
2025-10-10 09:24:23,277 [INFO] Época 22/30, Batch 3000/3348, Loss: 0.0752
2025-10-10 09:24:23,540 [INFO] Época 22/30, Batch 3050/3348, Loss: 0.0454
2025-10-10 09:24:23,803 [INFO] Época 22/30, Batch 3100/3348, Loss: 0.0391
2025-10-10 09:24:24,067 [INFO] Época 22/30, Batch 3150/3348, Loss: 0.0577
2025-10-10 09:24:24,328 [INFO] Época 22/30, Batch 3200/3348, Loss: 0.0200
2025-10-10 09:24:24,602 [INFO] Época 22/30, Batch 3250/3348, Loss: 0.0443
2025-10-10 09:24:24,865 [INFO] Época 22/30, Batch 3300/3348, Loss: 0.0407
2025-10-10 09:24:26,709 [INFO] [22/30] Train Loss: 0.0402 | Val Loss: 0.0660 | Tempo: 19.58s
2025-10-10 09:24:27,294 [INFO] Época 23/30, Batch 50/3348, Loss: 0.0215
2025-10-10 09:24:27,562 [INFO] Época 23/30, Batch 100/3348, Loss: 0.0231
2025-10-10 09:24:27,826 [INFO] Época 23/30, Batch 150/3348, Loss: 0.0596
2025-10-10 09:24:28,089 [INFO] Época 23/30, Batch 200/3348, Loss: 0.0324
2025-10-10 09:24:28,351 [INFO] Época 23/30, Batch 250/3348, Loss: 0.0490
2025-10-10 09:24:28,615 [INFO] Época 23/30, Batch 300/3348, Loss: 0.0406
2025-10-10 09:24:28,877 [INFO] Época 23/30, Batch 350/3348, Loss: 0.0382
2025-10-10 09:24:29,142 [INFO] Época 23/30, Batch 400/3348, Loss: 0.0346
2025-10-10 09:24:29,406 [INFO] Época 23/30, Batch 450/3348, Loss: 0.0311
2025-10-10 09:24:29,669 [INFO] Época 23/30, Batch 500/3348, Loss: 0.0257
2025-10-10 09:24:29,932 [INFO] Época 23/30, Batch 550/3348, Loss: 0.0351
2025-10-10 09:24:30,193 [INFO] Época 23/30, Batch 600/3348, Loss: 0.0381
2025-10-10 09:24:30,454 [INFO] Época 23/30, Batch 650/3348, Loss: 0.0839
2025-10-10 09:24:30,715 [INFO] Época 23/30, Batch 700/3348, Loss: 0.0358
2025-10-10 09:24:30,969 [INFO] Época 23/30, Batch 750/3348, Loss: 0.0149
2025-10-10 09:24:31,219 [INFO] Época 23/30, Batch 800/3348, Loss: 0.0404
2025-10-10 09:24:31,471 [INFO] Época 23/30, Batch 850/3348, Loss: 0.0484
2025-10-10 09:24:31,723 [INFO] Época 23/30, Batch 900/3348, Loss: 0.0459
2025-10-10 09:24:31,973 [INFO] Época 23/30, Batch 950/3348, Loss: 0.0301
2025-10-10 09:24:32,222 [INFO] Época 23/30, Batch 1000/3348, Loss: 0.0167
2025-10-10 09:24:32,472 [INFO] Época 23/30, Batch 1050/3348, Loss: 0.0422
2025-10-10 09:24:32,721 [INFO] Época 23/30, Batch 1100/3348, Loss: 0.0700
2025-10-10 09:24:32,982 [INFO] Época 23/30, Batch 1150/3348, Loss: 0.0254
2025-10-10 09:24:33,245 [INFO] Época 23/30, Batch 1200/3348, Loss: 0.0477
2025-10-10 09:24:33,509 [INFO] Época 23/30, Batch 1250/3348, Loss: 0.0556
2025-10-10 09:24:33,770 [INFO] Época 23/30, Batch 1300/3348, Loss: 0.0178
2025-10-10 09:24:34,031 [INFO] Época 23/30, Batch 1350/3348, Loss: 0.0334
2025-10-10 09:24:34,294 [INFO] Época 23/30, Batch 1400/3348, Loss: 0.0433
2025-10-10 09:24:34,557 [INFO] Época 23/30, Batch 1450/3348, Loss: 0.0167
2025-10-10 09:24:34,830 [INFO] Época 23/30, Batch 1500/3348, Loss: 0.0303
2025-10-10 09:24:35,092 [INFO] Época 23/30, Batch 1550/3348, Loss: 0.0277
2025-10-10 09:24:35,355 [INFO] Época 23/30, Batch 1600/3348, Loss: 0.0405
2025-10-10 09:24:35,617 [INFO] Época 23/30, Batch 1650/3348, Loss: 0.0408
2025-10-10 09:24:35,881 [INFO] Época 23/30, Batch 1700/3348, Loss: 0.0395
2025-10-10 09:24:36,143 [INFO] Época 23/30, Batch 1750/3348, Loss: 0.0307
2025-10-10 09:24:36,404 [INFO] Época 23/30, Batch 1800/3348, Loss: 0.0237
2025-10-10 09:24:36,666 [INFO] Época 23/30, Batch 1850/3348, Loss: 0.0278
2025-10-10 09:24:36,929 [INFO] Época 23/30, Batch 1900/3348, Loss: 0.0335
2025-10-10 09:24:37,191 [INFO] Época 23/30, Batch 1950/3348, Loss: 0.0282
2025-10-10 09:24:37,453 [INFO] Época 23/30, Batch 2000/3348, Loss: 0.0249
2025-10-10 09:24:37,715 [INFO] Época 23/30, Batch 2050/3348, Loss: 0.0422
2025-10-10 09:24:37,977 [INFO] Época 23/30, Batch 2100/3348, Loss: 0.0415
2025-10-10 09:24:38,240 [INFO] Época 23/30, Batch 2150/3348, Loss: 0.0512
2025-10-10 09:24:38,505 [INFO] Época 23/30, Batch 2200/3348, Loss: 0.0538
2025-10-10 09:24:38,767 [INFO] Época 23/30, Batch 2250/3348, Loss: 0.0390
2025-10-10 09:24:39,030 [INFO] Época 23/30, Batch 2300/3348, Loss: 0.0412
2025-10-10 09:24:39,292 [INFO] Época 23/30, Batch 2350/3348, Loss: 0.0615
2025-10-10 09:24:39,554 [INFO] Época 23/30, Batch 2400/3348, Loss: 0.0340
2025-10-10 09:24:39,819 [INFO] Época 23/30, Batch 2450/3348, Loss: 0.0298
2025-10-10 09:24:40,090 [INFO] Época 23/30, Batch 2500/3348, Loss: 0.0473
2025-10-10 09:24:40,353 [INFO] Época 23/30, Batch 2550/3348, Loss: 0.0154
2025-10-10 09:24:40,615 [INFO] Época 23/30, Batch 2600/3348, Loss: 0.0695
2025-10-10 09:24:40,877 [INFO] Época 23/30, Batch 2650/3348, Loss: 0.0631
2025-10-10 09:24:41,140 [INFO] Época 23/30, Batch 2700/3348, Loss: 0.0734
2025-10-10 09:24:41,402 [INFO] Época 23/30, Batch 2750/3348, Loss: 0.0304
2025-10-10 09:24:41,664 [INFO] Época 23/30, Batch 2800/3348, Loss: 0.0377
2025-10-10 09:24:41,926 [INFO] Época 23/30, Batch 2850/3348, Loss: 0.0332
2025-10-10 09:24:42,188 [INFO] Época 23/30, Batch 2900/3348, Loss: 0.0374
2025-10-10 09:24:42,451 [INFO] Época 23/30, Batch 2950/3348, Loss: 0.0297
2025-10-10 09:24:42,714 [INFO] Época 23/30, Batch 3000/3348, Loss: 0.0939
2025-10-10 09:24:42,979 [INFO] Época 23/30, Batch 3050/3348, Loss: 0.0518
2025-10-10 09:24:43,243 [INFO] Época 23/30, Batch 3100/3348, Loss: 0.0475
2025-10-10 09:24:43,508 [INFO] Época 23/30, Batch 3150/3348, Loss: 0.0239
2025-10-10 09:24:43,774 [INFO] Época 23/30, Batch 3200/3348, Loss: 0.0339
2025-10-10 09:24:44,041 [INFO] Época 23/30, Batch 3250/3348, Loss: 0.0410
2025-10-10 09:24:44,307 [INFO] Época 23/30, Batch 3300/3348, Loss: 0.0454
2025-10-10 09:24:46,087 [INFO] [23/30] Train Loss: 0.0387 | Val Loss: 0.0475 | Tempo: 19.38s
2025-10-10 09:24:46,090 [INFO] Melhor modelo salvo em: /mnt/hdd/home/jdurao/ToolBox-ChemXAI/models/mlp_qm9_MorganCount_att11_large.pth
2025-10-10 09:24:46,673 [INFO] Época 24/30, Batch 50/3348, Loss: 0.0180
2025-10-10 09:24:46,949 [INFO] Época 24/30, Batch 100/3348, Loss: 0.0330
2025-10-10 09:24:47,215 [INFO] Época 24/30, Batch 150/3348, Loss: 0.0367
2025-10-10 09:24:47,482 [INFO] Época 24/30, Batch 200/3348, Loss: 0.0554
2025-10-10 09:24:47,748 [INFO] Época 24/30, Batch 250/3348, Loss: 0.0397
2025-10-10 09:24:48,014 [INFO] Época 24/30, Batch 300/3348, Loss: 0.0418
2025-10-10 09:24:48,276 [INFO] Época 24/30, Batch 350/3348, Loss: 0.0240
2025-10-10 09:24:48,540 [INFO] Época 24/30, Batch 400/3348, Loss: 0.0867
2025-10-10 09:24:48,806 [INFO] Época 24/30, Batch 450/3348, Loss: 0.0186
2025-10-10 09:24:49,072 [INFO] Época 24/30, Batch 500/3348, Loss: 0.0553
2025-10-10 09:24:49,338 [INFO] Época 24/30, Batch 550/3348, Loss: 0.0481
2025-10-10 09:24:49,602 [INFO] Época 24/30, Batch 600/3348, Loss: 0.0628
2025-10-10 09:24:49,865 [INFO] Época 24/30, Batch 650/3348, Loss: 0.0398
2025-10-10 09:24:50,126 [INFO] Época 24/30, Batch 700/3348, Loss: 0.0301
2025-10-10 09:24:50,383 [INFO] Época 24/30, Batch 750/3348, Loss: 0.0336
2025-10-10 09:24:50,660 [INFO] Época 24/30, Batch 800/3348, Loss: 0.0289
2025-10-10 09:24:50,918 [INFO] Época 24/30, Batch 850/3348, Loss: 0.0633
2025-10-10 09:24:51,181 [INFO] Época 24/30, Batch 900/3348, Loss: 0.0248
2025-10-10 09:24:51,448 [INFO] Época 24/30, Batch 950/3348, Loss: 0.0377
2025-10-10 09:24:51,713 [INFO] Época 24/30, Batch 1000/3348, Loss: 0.0421
2025-10-10 09:24:51,976 [INFO] Época 24/30, Batch 1050/3348, Loss: 0.0728
2025-10-10 09:24:52,241 [INFO] Época 24/30, Batch 1100/3348, Loss: 0.0837
2025-10-10 09:24:52,504 [INFO] Época 24/30, Batch 1150/3348, Loss: 0.0286
2025-10-10 09:24:52,770 [INFO] Época 24/30, Batch 1200/3348, Loss: 0.0325
2025-10-10 09:24:53,035 [INFO] Época 24/30, Batch 1250/3348, Loss: 0.0384
2025-10-10 09:24:53,299 [INFO] Época 24/30, Batch 1300/3348, Loss: 0.0416
2025-10-10 09:24:53,564 [INFO] Época 24/30, Batch 1350/3348, Loss: 0.0289
2025-10-10 09:24:53,827 [INFO] Época 24/30, Batch 1400/3348, Loss: 0.0439
2025-10-10 09:24:54,090 [INFO] Época 24/30, Batch 1450/3348, Loss: 0.0627
2025-10-10 09:24:54,351 [INFO] Época 24/30, Batch 1500/3348, Loss: 0.0338
2025-10-10 09:24:54,616 [INFO] Época 24/30, Batch 1550/3348, Loss: 0.0358
2025-10-10 09:24:54,888 [INFO] Época 24/30, Batch 1600/3348, Loss: 0.0321
2025-10-10 09:24:55,160 [INFO] Época 24/30, Batch 1650/3348, Loss: 0.0722
2025-10-10 09:24:55,432 [INFO] Época 24/30, Batch 1700/3348, Loss: 0.0280
2025-10-10 09:24:55,701 [INFO] Época 24/30, Batch 1750/3348, Loss: 0.0225
2025-10-10 09:24:55,966 [INFO] Época 24/30, Batch 1800/3348, Loss: 0.0654
2025-10-10 09:24:56,229 [INFO] Época 24/30, Batch 1850/3348, Loss: 0.0246
2025-10-10 09:24:56,498 [INFO] Época 24/30, Batch 1900/3348, Loss: 0.0285
2025-10-10 09:24:56,763 [INFO] Época 24/30, Batch 1950/3348, Loss: 0.0346
2025-10-10 09:24:57,026 [INFO] Época 24/30, Batch 2000/3348, Loss: 0.0311
2025-10-10 09:24:57,292 [INFO] Época 24/30, Batch 2050/3348, Loss: 0.0327
2025-10-10 09:24:57,558 [INFO] Época 24/30, Batch 2100/3348, Loss: 0.0193
2025-10-10 09:24:57,825 [INFO] Época 24/30, Batch 2150/3348, Loss: 0.0329
2025-10-10 09:24:58,089 [INFO] Época 24/30, Batch 2200/3348, Loss: 0.0473
2025-10-10 09:24:58,352 [INFO] Época 24/30, Batch 2250/3348, Loss: 0.0445
2025-10-10 09:24:58,616 [INFO] Época 24/30, Batch 2300/3348, Loss: 0.0446
2025-10-10 09:24:58,880 [INFO] Época 24/30, Batch 2350/3348, Loss: 0.0383
2025-10-10 09:24:59,141 [INFO] Época 24/30, Batch 2400/3348, Loss: 0.0351
2025-10-10 09:24:59,404 [INFO] Época 24/30, Batch 2450/3348, Loss: 0.0517
2025-10-10 09:24:59,671 [INFO] Época 24/30, Batch 2500/3348, Loss: 0.0203
2025-10-10 09:24:59,933 [INFO] Época 24/30, Batch 2550/3348, Loss: 0.0617
2025-10-10 09:25:00,197 [INFO] Época 24/30, Batch 2600/3348, Loss: 0.0422
2025-10-10 09:25:00,461 [INFO] Época 24/30, Batch 2650/3348, Loss: 0.0392
2025-10-10 09:25:00,725 [INFO] Época 24/30, Batch 2700/3348, Loss: 0.0327
2025-10-10 09:25:00,989 [INFO] Época 24/30, Batch 2750/3348, Loss: 0.0408
2025-10-10 09:25:01,253 [INFO] Época 24/30, Batch 2800/3348, Loss: 0.0289
2025-10-10 09:25:01,529 [INFO] Época 24/30, Batch 2850/3348, Loss: 0.0324
2025-10-10 09:25:01,796 [INFO] Época 24/30, Batch 2900/3348, Loss: 0.0387
2025-10-10 09:25:02,062 [INFO] Época 24/30, Batch 2950/3348, Loss: 0.0369
2025-10-10 09:25:02,330 [INFO] Época 24/30, Batch 3000/3348, Loss: 0.0241
2025-10-10 09:25:02,597 [INFO] Época 24/30, Batch 3050/3348, Loss: 0.0373
2025-10-10 09:25:02,863 [INFO] Época 24/30, Batch 3100/3348, Loss: 0.0427
2025-10-10 09:25:03,131 [INFO] Época 24/30, Batch 3150/3348, Loss: 0.0661
2025-10-10 09:25:03,394 [INFO] Época 24/30, Batch 3200/3348, Loss: 0.0291
2025-10-10 09:25:03,659 [INFO] Época 24/30, Batch 3250/3348, Loss: 0.0773
2025-10-10 09:25:03,921 [INFO] Época 24/30, Batch 3300/3348, Loss: 0.0515
2025-10-10 09:25:05,709 [INFO] [24/30] Train Loss: 0.0389 | Val Loss: 0.0585 | Tempo: 19.62s
2025-10-10 09:25:06,310 [INFO] Época 25/30, Batch 50/3348, Loss: 0.0260
2025-10-10 09:25:06,590 [INFO] Época 25/30, Batch 100/3348, Loss: 0.0174
2025-10-10 09:25:06,867 [INFO] Época 25/30, Batch 150/3348, Loss: 0.0783
2025-10-10 09:25:07,145 [INFO] Época 25/30, Batch 200/3348, Loss: 0.0291
2025-10-10 09:25:07,423 [INFO] Época 25/30, Batch 250/3348, Loss: 0.0322
2025-10-10 09:25:07,699 [INFO] Época 25/30, Batch 300/3348, Loss: 0.0361
2025-10-10 09:25:07,972 [INFO] Época 25/30, Batch 350/3348, Loss: 0.0225
2025-10-10 09:25:08,244 [INFO] Época 25/30, Batch 400/3348, Loss: 0.0578
2025-10-10 09:25:08,518 [INFO] Época 25/30, Batch 450/3348, Loss: 0.0503
2025-10-10 09:25:08,791 [INFO] Época 25/30, Batch 500/3348, Loss: 0.0441
2025-10-10 09:25:09,062 [INFO] Época 25/30, Batch 550/3348, Loss: 0.0198
2025-10-10 09:25:09,334 [INFO] Época 25/30, Batch 600/3348, Loss: 0.0296
2025-10-10 09:25:09,606 [INFO] Época 25/30, Batch 650/3348, Loss: 0.0291
2025-10-10 09:25:09,878 [INFO] Época 25/30, Batch 700/3348, Loss: 0.0416
2025-10-10 09:25:10,150 [INFO] Época 25/30, Batch 750/3348, Loss: 0.0507
2025-10-10 09:25:10,419 [INFO] Época 25/30, Batch 800/3348, Loss: 0.0426
2025-10-10 09:25:10,692 [INFO] Época 25/30, Batch 850/3348, Loss: 0.0329
2025-10-10 09:25:10,964 [INFO] Época 25/30, Batch 900/3348, Loss: 0.0259
2025-10-10 09:25:11,235 [INFO] Época 25/30, Batch 950/3348, Loss: 0.0357
2025-10-10 09:25:11,508 [INFO] Época 25/30, Batch 1000/3348, Loss: 0.0628
2025-10-10 09:25:11,792 [INFO] Época 25/30, Batch 1050/3348, Loss: 0.0171
2025-10-10 09:25:12,061 [INFO] Época 25/30, Batch 1100/3348, Loss: 0.0260
2025-10-10 09:25:12,336 [INFO] Época 25/30, Batch 1150/3348, Loss: 0.0706
2025-10-10 09:25:12,610 [INFO] Época 25/30, Batch 1200/3348, Loss: 0.0300
2025-10-10 09:25:12,886 [INFO] Época 25/30, Batch 1250/3348, Loss: 0.1010
2025-10-10 09:25:13,161 [INFO] Época 25/30, Batch 1300/3348, Loss: 0.0352
2025-10-10 09:25:13,437 [INFO] Época 25/30, Batch 1350/3348, Loss: 0.0336
2025-10-10 09:25:13,711 [INFO] Época 25/30, Batch 1400/3348, Loss: 0.0238
2025-10-10 09:25:13,986 [INFO] Época 25/30, Batch 1450/3348, Loss: 0.0316
2025-10-10 09:25:14,262 [INFO] Época 25/30, Batch 1500/3348, Loss: 0.0145
2025-10-10 09:25:14,537 [INFO] Época 25/30, Batch 1550/3348, Loss: 0.0471
2025-10-10 09:25:14,801 [INFO] Época 25/30, Batch 1600/3348, Loss: 0.0335
2025-10-10 09:25:15,064 [INFO] Época 25/30, Batch 1650/3348, Loss: 0.0316
2025-10-10 09:25:15,329 [INFO] Época 25/30, Batch 1700/3348, Loss: 0.0239
2025-10-10 09:25:15,596 [INFO] Época 25/30, Batch 1750/3348, Loss: 0.0256
2025-10-10 09:25:15,861 [INFO] Época 25/30, Batch 1800/3348, Loss: 0.0302
2025-10-10 09:25:16,126 [INFO] Época 25/30, Batch 1850/3348, Loss: 0.0319
2025-10-10 09:25:16,391 [INFO] Época 25/30, Batch 1900/3348, Loss: 0.0342
2025-10-10 09:25:16,657 [INFO] Época 25/30, Batch 1950/3348, Loss: 0.0416
2025-10-10 09:25:16,920 [INFO] Época 25/30, Batch 2000/3348, Loss: 0.0534
2025-10-10 09:25:17,182 [INFO] Época 25/30, Batch 2050/3348, Loss: 0.0534
2025-10-10 09:25:17,443 [INFO] Época 25/30, Batch 2100/3348, Loss: 0.0381
2025-10-10 09:25:17,706 [INFO] Época 25/30, Batch 2150/3348, Loss: 0.0524
2025-10-10 09:25:17,976 [INFO] Época 25/30, Batch 2200/3348, Loss: 0.0222
2025-10-10 09:25:18,247 [INFO] Época 25/30, Batch 2250/3348, Loss: 0.0169
2025-10-10 09:25:18,515 [INFO] Época 25/30, Batch 2300/3348, Loss: 0.0453
2025-10-10 09:25:18,786 [INFO] Época 25/30, Batch 2350/3348, Loss: 0.0256
2025-10-10 09:25:19,056 [INFO] Época 25/30, Batch 2400/3348, Loss: 0.0474
2025-10-10 09:25:19,321 [INFO] Época 25/30, Batch 2450/3348, Loss: 0.0279
2025-10-10 09:25:19,583 [INFO] Época 25/30, Batch 2500/3348, Loss: 0.0850
2025-10-10 09:25:19,845 [INFO] Época 25/30, Batch 2550/3348, Loss: 0.0229
2025-10-10 09:25:20,104 [INFO] Época 25/30, Batch 2600/3348, Loss: 0.0153
2025-10-10 09:25:20,366 [INFO] Época 25/30, Batch 2650/3348, Loss: 0.0239
2025-10-10 09:25:20,627 [INFO] Época 25/30, Batch 2700/3348, Loss: 0.0348
2025-10-10 09:25:20,892 [INFO] Época 25/30, Batch 2750/3348, Loss: 0.0895
2025-10-10 09:25:21,153 [INFO] Época 25/30, Batch 2800/3348, Loss: 0.0452
2025-10-10 09:25:21,417 [INFO] Época 25/30, Batch 2850/3348, Loss: 0.0421
2025-10-10 09:25:21,679 [INFO] Época 25/30, Batch 2900/3348, Loss: 0.0335
2025-10-10 09:25:21,952 [INFO] Época 25/30, Batch 2950/3348, Loss: 0.0364
2025-10-10 09:25:22,214 [INFO] Época 25/30, Batch 3000/3348, Loss: 0.0491
2025-10-10 09:25:22,477 [INFO] Época 25/30, Batch 3050/3348, Loss: 0.0563
2025-10-10 09:25:22,738 [INFO] Época 25/30, Batch 3100/3348, Loss: 0.0268
2025-10-10 09:25:22,998 [INFO] Época 25/30, Batch 3150/3348, Loss: 0.0416
2025-10-10 09:25:23,260 [INFO] Época 25/30, Batch 3200/3348, Loss: 0.0291
2025-10-10 09:25:23,522 [INFO] Época 25/30, Batch 3250/3348, Loss: 0.0229
2025-10-10 09:25:23,784 [INFO] Época 25/30, Batch 3300/3348, Loss: 0.0408
2025-10-10 09:25:25,738 [INFO] [25/30] Train Loss: 0.0388 | Val Loss: 0.0594 | Tempo: 20.03s
2025-10-10 09:25:26,339 [INFO] Época 26/30, Batch 50/3348, Loss: 0.0197
2025-10-10 09:25:26,615 [INFO] Época 26/30, Batch 100/3348, Loss: 0.0541
2025-10-10 09:25:26,887 [INFO] Época 26/30, Batch 150/3348, Loss: 0.0351
2025-10-10 09:25:27,161 [INFO] Época 26/30, Batch 200/3348, Loss: 0.0427
2025-10-10 09:25:27,434 [INFO] Época 26/30, Batch 250/3348, Loss: 0.0591
2025-10-10 09:25:27,703 [INFO] Época 26/30, Batch 300/3348, Loss: 0.0486
2025-10-10 09:25:27,974 [INFO] Época 26/30, Batch 350/3348, Loss: 0.0548
2025-10-10 09:25:28,245 [INFO] Época 26/30, Batch 400/3348, Loss: 0.0334
2025-10-10 09:25:28,516 [INFO] Época 26/30, Batch 450/3348, Loss: 0.0452
2025-10-10 09:25:28,787 [INFO] Época 26/30, Batch 500/3348, Loss: 0.0279
2025-10-10 09:25:29,057 [INFO] Época 26/30, Batch 550/3348, Loss: 0.0387
2025-10-10 09:25:29,328 [INFO] Época 26/30, Batch 600/3348, Loss: 0.0315
2025-10-10 09:25:29,599 [INFO] Época 26/30, Batch 650/3348, Loss: 0.0459
2025-10-10 09:25:29,867 [INFO] Época 26/30, Batch 700/3348, Loss: 0.0630
2025-10-10 09:25:30,130 [INFO] Época 26/30, Batch 750/3348, Loss: 0.0234
2025-10-10 09:25:30,390 [INFO] Época 26/30, Batch 800/3348, Loss: 0.0281
2025-10-10 09:25:30,646 [INFO] Época 26/30, Batch 850/3348, Loss: 0.0209
2025-10-10 09:25:30,908 [INFO] Época 26/30, Batch 900/3348, Loss: 0.0425
2025-10-10 09:25:31,172 [INFO] Época 26/30, Batch 950/3348, Loss: 0.0432
2025-10-10 09:25:31,436 [INFO] Época 26/30, Batch 1000/3348, Loss: 0.0263
2025-10-10 09:25:31,701 [INFO] Época 26/30, Batch 1050/3348, Loss: 0.0302
2025-10-10 09:25:31,968 [INFO] Época 26/30, Batch 1100/3348, Loss: 0.0522
2025-10-10 09:25:32,238 [INFO] Época 26/30, Batch 1150/3348, Loss: 0.0343
2025-10-10 09:25:32,506 [INFO] Época 26/30, Batch 1200/3348, Loss: 0.0213
2025-10-10 09:25:32,774 [INFO] Época 26/30, Batch 1250/3348, Loss: 0.0202
2025-10-10 09:25:33,042 [INFO] Época 26/30, Batch 1300/3348, Loss: 0.0353
2025-10-10 09:25:33,311 [INFO] Época 26/30, Batch 1350/3348, Loss: 0.0691
2025-10-10 09:25:33,579 [INFO] Época 26/30, Batch 1400/3348, Loss: 0.0250
2025-10-10 09:25:33,849 [INFO] Época 26/30, Batch 1450/3348, Loss: 0.0463
2025-10-10 09:25:34,118 [INFO] Época 26/30, Batch 1500/3348, Loss: 0.0205
2025-10-10 09:25:34,387 [INFO] Época 26/30, Batch 1550/3348, Loss: 0.0421
2025-10-10 09:25:34,656 [INFO] Época 26/30, Batch 1600/3348, Loss: 0.0361
2025-10-10 09:25:34,927 [INFO] Época 26/30, Batch 1650/3348, Loss: 0.0264
2025-10-10 09:25:35,196 [INFO] Época 26/30, Batch 1700/3348, Loss: 0.0823
2025-10-10 09:25:35,465 [INFO] Época 26/30, Batch 1750/3348, Loss: 0.0596
2025-10-10 09:25:35,735 [INFO] Época 26/30, Batch 1800/3348, Loss: 0.0290
2025-10-10 09:25:36,004 [INFO] Época 26/30, Batch 1850/3348, Loss: 0.0387
2025-10-10 09:25:36,273 [INFO] Época 26/30, Batch 1900/3348, Loss: 0.0423
2025-10-10 09:25:36,544 [INFO] Época 26/30, Batch 1950/3348, Loss: 0.0347
2025-10-10 09:25:36,815 [INFO] Época 26/30, Batch 2000/3348, Loss: 0.0279
2025-10-10 09:25:37,080 [INFO] Época 26/30, Batch 2050/3348, Loss: 0.0295
2025-10-10 09:25:37,343 [INFO] Época 26/30, Batch 2100/3348, Loss: 0.0591
2025-10-10 09:25:37,603 [INFO] Época 26/30, Batch 2150/3348, Loss: 0.0574
2025-10-10 09:25:37,872 [INFO] Época 26/30, Batch 2200/3348, Loss: 0.0465
2025-10-10 09:25:38,144 [INFO] Época 26/30, Batch 2250/3348, Loss: 0.0155
2025-10-10 09:25:38,414 [INFO] Época 26/30, Batch 2300/3348, Loss: 0.0520
2025-10-10 09:25:38,683 [INFO] Época 26/30, Batch 2350/3348, Loss: 0.0252
2025-10-10 09:25:38,951 [INFO] Época 26/30, Batch 2400/3348, Loss: 0.0469
2025-10-10 09:25:39,213 [INFO] Época 26/30, Batch 2450/3348, Loss: 0.0342
2025-10-10 09:25:39,474 [INFO] Época 26/30, Batch 2500/3348, Loss: 0.0613
2025-10-10 09:25:39,737 [INFO] Época 26/30, Batch 2550/3348, Loss: 0.0352
2025-10-10 09:25:39,996 [INFO] Época 26/30, Batch 2600/3348, Loss: 0.0360
2025-10-10 09:25:40,259 [INFO] Época 26/30, Batch 2650/3348, Loss: 0.0392
2025-10-10 09:25:40,528 [INFO] Época 26/30, Batch 2700/3348, Loss: 0.0383
2025-10-10 09:25:40,798 [INFO] Época 26/30, Batch 2750/3348, Loss: 0.0446
2025-10-10 09:25:41,059 [INFO] Época 26/30, Batch 2800/3348, Loss: 0.0452
2025-10-10 09:25:41,320 [INFO] Época 26/30, Batch 2850/3348, Loss: 0.0222
2025-10-10 09:25:41,582 [INFO] Época 26/30, Batch 2900/3348, Loss: 0.0348
2025-10-10 09:25:41,851 [INFO] Época 26/30, Batch 2950/3348, Loss: 0.0332
2025-10-10 09:25:42,120 [INFO] Época 26/30, Batch 3000/3348, Loss: 0.0424
2025-10-10 09:25:42,400 [INFO] Época 26/30, Batch 3050/3348, Loss: 0.0174
2025-10-10 09:25:42,669 [INFO] Época 26/30, Batch 3100/3348, Loss: 0.0793
2025-10-10 09:25:42,938 [INFO] Época 26/30, Batch 3150/3348, Loss: 0.0266
2025-10-10 09:25:43,205 [INFO] Época 26/30, Batch 3200/3348, Loss: 0.0789
2025-10-10 09:25:43,475 [INFO] Época 26/30, Batch 3250/3348, Loss: 0.0490
2025-10-10 09:25:43,744 [INFO] Época 26/30, Batch 3300/3348, Loss: 0.0385
2025-10-10 09:25:45,627 [INFO] [26/30] Train Loss: 0.0383 | Val Loss: 0.0535 | Tempo: 19.89s
2025-10-10 09:25:46,225 [INFO] Época 27/30, Batch 50/3348, Loss: 0.0551
2025-10-10 09:25:46,497 [INFO] Época 27/30, Batch 100/3348, Loss: 0.0615
2025-10-10 09:25:46,763 [INFO] Época 27/30, Batch 150/3348, Loss: 0.0321
2025-10-10 09:25:47,027 [INFO] Época 27/30, Batch 200/3348, Loss: 0.0247
2025-10-10 09:25:47,290 [INFO] Época 27/30, Batch 250/3348, Loss: 0.0343
2025-10-10 09:25:47,554 [INFO] Época 27/30, Batch 300/3348, Loss: 0.0229
2025-10-10 09:25:47,818 [INFO] Época 27/30, Batch 350/3348, Loss: 0.0313
2025-10-10 09:25:48,081 [INFO] Época 27/30, Batch 400/3348, Loss: 0.0326
2025-10-10 09:25:48,344 [INFO] Época 27/30, Batch 450/3348, Loss: 0.0300
2025-10-10 09:25:48,607 [INFO] Época 27/30, Batch 500/3348, Loss: 0.0258
2025-10-10 09:25:48,871 [INFO] Época 27/30, Batch 550/3348, Loss: 0.0244
2025-10-10 09:25:49,134 [INFO] Época 27/30, Batch 600/3348, Loss: 0.0311
2025-10-10 09:25:49,398 [INFO] Época 27/30, Batch 650/3348, Loss: 0.0224
2025-10-10 09:25:49,661 [INFO] Época 27/30, Batch 700/3348, Loss: 0.0771
2025-10-10 09:25:49,922 [INFO] Época 27/30, Batch 750/3348, Loss: 0.0619
2025-10-10 09:25:50,187 [INFO] Época 27/30, Batch 800/3348, Loss: 0.0247
2025-10-10 09:25:50,448 [INFO] Época 27/30, Batch 850/3348, Loss: 0.0234
2025-10-10 09:25:50,710 [INFO] Época 27/30, Batch 900/3348, Loss: 0.0310
2025-10-10 09:25:50,971 [INFO] Época 27/30, Batch 950/3348, Loss: 0.0368
2025-10-10 09:25:51,231 [INFO] Época 27/30, Batch 1000/3348, Loss: 0.0178
2025-10-10 09:25:51,494 [INFO] Época 27/30, Batch 1050/3348, Loss: 0.0298
2025-10-10 09:25:51,755 [INFO] Época 27/30, Batch 1100/3348, Loss: 0.0153
2025-10-10 09:25:52,018 [INFO] Época 27/30, Batch 1150/3348, Loss: 0.0185
2025-10-10 09:25:52,280 [INFO] Época 27/30, Batch 1200/3348, Loss: 0.0384
2025-10-10 09:25:52,544 [INFO] Época 27/30, Batch 1250/3348, Loss: 0.0733
2025-10-10 09:25:52,811 [INFO] Época 27/30, Batch 1300/3348, Loss: 0.0335
2025-10-10 09:25:53,072 [INFO] Época 27/30, Batch 1350/3348, Loss: 0.0709
2025-10-10 09:25:53,332 [INFO] Época 27/30, Batch 1400/3348, Loss: 0.0217
2025-10-10 09:25:53,593 [INFO] Época 27/30, Batch 1450/3348, Loss: 0.0166
2025-10-10 09:25:53,858 [INFO] Época 27/30, Batch 1500/3348, Loss: 0.0288
2025-10-10 09:25:54,122 [INFO] Época 27/30, Batch 1550/3348, Loss: 0.0267
2025-10-10 09:25:54,379 [INFO] Época 27/30, Batch 1600/3348, Loss: 0.0245
2025-10-10 09:25:54,645 [INFO] Época 27/30, Batch 1650/3348, Loss: 0.0404
2025-10-10 09:25:54,910 [INFO] Época 27/30, Batch 1700/3348, Loss: 0.0299
2025-10-10 09:25:55,175 [INFO] Época 27/30, Batch 1750/3348, Loss: 0.0382
2025-10-10 09:25:55,439 [INFO] Época 27/30, Batch 1800/3348, Loss: 0.0439
2025-10-10 09:25:55,704 [INFO] Época 27/30, Batch 1850/3348, Loss: 0.0242
2025-10-10 09:25:55,969 [INFO] Época 27/30, Batch 1900/3348, Loss: 0.0245
2025-10-10 09:25:56,233 [INFO] Época 27/30, Batch 1950/3348, Loss: 0.0279
2025-10-10 09:25:56,498 [INFO] Época 27/30, Batch 2000/3348, Loss: 0.0185
2025-10-10 09:25:56,762 [INFO] Época 27/30, Batch 2050/3348, Loss: 0.0303
2025-10-10 09:25:57,025 [INFO] Época 27/30, Batch 2100/3348, Loss: 0.0442
2025-10-10 09:25:57,289 [INFO] Época 27/30, Batch 2150/3348, Loss: 0.0334
2025-10-10 09:25:57,553 [INFO] Época 27/30, Batch 2200/3348, Loss: 0.0381
2025-10-10 09:25:57,826 [INFO] Época 27/30, Batch 2250/3348, Loss: 0.0502
2025-10-10 09:25:58,086 [INFO] Época 27/30, Batch 2300/3348, Loss: 0.0310
2025-10-10 09:25:58,346 [INFO] Época 27/30, Batch 2350/3348, Loss: 0.0292
2025-10-10 09:25:58,606 [INFO] Época 27/30, Batch 2400/3348, Loss: 0.0315
2025-10-10 09:25:58,867 [INFO] Época 27/30, Batch 2450/3348, Loss: 0.0526
2025-10-10 09:25:59,127 [INFO] Época 27/30, Batch 2500/3348, Loss: 0.0485
2025-10-10 09:25:59,387 [INFO] Época 27/30, Batch 2550/3348, Loss: 0.0433
2025-10-10 09:25:59,650 [INFO] Época 27/30, Batch 2600/3348, Loss: 0.0317
2025-10-10 09:25:59,911 [INFO] Época 27/30, Batch 2650/3348, Loss: 0.0468
2025-10-10 09:26:00,175 [INFO] Época 27/30, Batch 2700/3348, Loss: 0.0433
2025-10-10 09:26:00,439 [INFO] Época 27/30, Batch 2750/3348, Loss: 0.0563
2025-10-10 09:26:00,703 [INFO] Época 27/30, Batch 2800/3348, Loss: 0.0428
2025-10-10 09:26:00,969 [INFO] Época 27/30, Batch 2850/3348, Loss: 0.0534
2025-10-10 09:26:01,231 [INFO] Época 27/30, Batch 2900/3348, Loss: 0.0347
2025-10-10 09:26:01,494 [INFO] Época 27/30, Batch 2950/3348, Loss: 0.0422
2025-10-10 09:26:01,756 [INFO] Época 27/30, Batch 3000/3348, Loss: 0.0221
2025-10-10 09:26:02,020 [INFO] Época 27/30, Batch 3050/3348, Loss: 0.0386
2025-10-10 09:26:02,284 [INFO] Época 27/30, Batch 3100/3348, Loss: 0.0274
2025-10-10 09:26:02,548 [INFO] Época 27/30, Batch 3150/3348, Loss: 0.0488
2025-10-10 09:26:02,810 [INFO] Época 27/30, Batch 3200/3348, Loss: 0.0200
2025-10-10 09:26:03,073 [INFO] Época 27/30, Batch 3250/3348, Loss: 0.0218
2025-10-10 09:26:03,333 [INFO] Época 27/30, Batch 3300/3348, Loss: 0.0315
2025-10-10 09:26:05,149 [INFO] [27/30] Train Loss: 0.0377 | Val Loss: 0.0471 | Tempo: 19.52s
2025-10-10 09:26:05,154 [INFO] Melhor modelo salvo em: /mnt/hdd/home/jdurao/ToolBox-ChemXAI/models/mlp_qm9_MorganCount_att11_large.pth
2025-10-10 09:26:05,747 [INFO] Época 28/30, Batch 50/3348, Loss: 0.0216
2025-10-10 09:26:06,019 [INFO] Época 28/30, Batch 100/3348, Loss: 0.0283
2025-10-10 09:26:06,290 [INFO] Época 28/30, Batch 150/3348, Loss: 0.0428
2025-10-10 09:26:06,557 [INFO] Época 28/30, Batch 200/3348, Loss: 0.0639
2025-10-10 09:26:06,825 [INFO] Época 28/30, Batch 250/3348, Loss: 0.0290
2025-10-10 09:26:07,093 [INFO] Época 28/30, Batch 300/3348, Loss: 0.0194
2025-10-10 09:26:07,362 [INFO] Época 28/30, Batch 350/3348, Loss: 0.0189
2025-10-10 09:26:07,632 [INFO] Época 28/30, Batch 400/3348, Loss: 0.0154
2025-10-10 09:26:07,897 [INFO] Época 28/30, Batch 450/3348, Loss: 0.0390
2025-10-10 09:26:08,173 [INFO] Época 28/30, Batch 500/3348, Loss: 0.0303
2025-10-10 09:26:08,439 [INFO] Época 28/30, Batch 550/3348, Loss: 0.0416
2025-10-10 09:26:08,708 [INFO] Época 28/30, Batch 600/3348, Loss: 0.0239
2025-10-10 09:26:08,972 [INFO] Época 28/30, Batch 650/3348, Loss: 0.0518
2025-10-10 09:26:09,226 [INFO] Época 28/30, Batch 700/3348, Loss: 0.0269
2025-10-10 09:26:09,481 [INFO] Época 28/30, Batch 750/3348, Loss: 0.0789
2025-10-10 09:26:09,735 [INFO] Época 28/30, Batch 800/3348, Loss: 0.0558
2025-10-10 09:26:09,991 [INFO] Época 28/30, Batch 850/3348, Loss: 0.0368
2025-10-10 09:26:10,247 [INFO] Época 28/30, Batch 900/3348, Loss: 0.0527
2025-10-10 09:26:10,503 [INFO] Época 28/30, Batch 950/3348, Loss: 0.0479
2025-10-10 09:26:10,765 [INFO] Época 28/30, Batch 1000/3348, Loss: 0.0176
2025-10-10 09:26:11,028 [INFO] Época 28/30, Batch 1050/3348, Loss: 0.0339
2025-10-10 09:26:11,292 [INFO] Época 28/30, Batch 1100/3348, Loss: 0.0201
2025-10-10 09:26:11,554 [INFO] Época 28/30, Batch 1150/3348, Loss: 0.0312
2025-10-10 09:26:11,813 [INFO] Época 28/30, Batch 1200/3348, Loss: 0.0222
2025-10-10 09:26:12,075 [INFO] Época 28/30, Batch 1250/3348, Loss: 0.0577
2025-10-10 09:26:12,340 [INFO] Época 28/30, Batch 1300/3348, Loss: 0.0720
2025-10-10 09:26:12,607 [INFO] Época 28/30, Batch 1350/3348, Loss: 0.0257
2025-10-10 09:26:12,880 [INFO] Época 28/30, Batch 1400/3348, Loss: 0.0329
2025-10-10 09:26:13,154 [INFO] Época 28/30, Batch 1450/3348, Loss: 0.0140
2025-10-10 09:26:13,430 [INFO] Época 28/30, Batch 1500/3348, Loss: 0.0288
2025-10-10 09:26:13,698 [INFO] Época 28/30, Batch 1550/3348, Loss: 0.0333
2025-10-10 09:26:13,966 [INFO] Época 28/30, Batch 1600/3348, Loss: 0.0854
2025-10-10 09:26:14,233 [INFO] Época 28/30, Batch 1650/3348, Loss: 0.0676
2025-10-10 09:26:14,499 [INFO] Época 28/30, Batch 1700/3348, Loss: 0.0483
2025-10-10 09:26:14,759 [INFO] Época 28/30, Batch 1750/3348, Loss: 0.0445
2025-10-10 09:26:15,017 [INFO] Época 28/30, Batch 1800/3348, Loss: 0.0449
2025-10-10 09:26:15,277 [INFO] Época 28/30, Batch 1850/3348, Loss: 0.0691
2025-10-10 09:26:15,534 [INFO] Época 28/30, Batch 1900/3348, Loss: 0.0570
2025-10-10 09:26:15,791 [INFO] Época 28/30, Batch 1950/3348, Loss: 0.0486
2025-10-10 09:26:16,048 [INFO] Época 28/30, Batch 2000/3348, Loss: 0.0339
2025-10-10 09:26:16,307 [INFO] Época 28/30, Batch 2050/3348, Loss: 0.0241
2025-10-10 09:26:16,565 [INFO] Época 28/30, Batch 2100/3348, Loss: 0.0857
2025-10-10 09:26:16,823 [INFO] Época 28/30, Batch 2150/3348, Loss: 0.0221
2025-10-10 09:26:17,080 [INFO] Época 28/30, Batch 2200/3348, Loss: 0.0234
2025-10-10 09:26:17,337 [INFO] Época 28/30, Batch 2250/3348, Loss: 0.0635
2025-10-10 09:26:17,595 [INFO] Época 28/30, Batch 2300/3348, Loss: 0.0200
2025-10-10 09:26:17,854 [INFO] Época 28/30, Batch 2350/3348, Loss: 0.0373
2025-10-10 09:26:18,111 [INFO] Época 28/30, Batch 2400/3348, Loss: 0.0268
2025-10-10 09:26:18,370 [INFO] Época 28/30, Batch 2450/3348, Loss: 0.0348
2025-10-10 09:26:18,630 [INFO] Época 28/30, Batch 2500/3348, Loss: 0.0777
2025-10-10 09:26:18,887 [INFO] Época 28/30, Batch 2550/3348, Loss: 0.0403
2025-10-10 09:26:19,147 [INFO] Época 28/30, Batch 2600/3348, Loss: 0.0255
2025-10-10 09:26:19,405 [INFO] Época 28/30, Batch 2650/3348, Loss: 0.0195
2025-10-10 09:26:19,673 [INFO] Época 28/30, Batch 2700/3348, Loss: 0.0272
2025-10-10 09:26:19,938 [INFO] Época 28/30, Batch 2750/3348, Loss: 0.0287
2025-10-10 09:26:20,206 [INFO] Época 28/30, Batch 2800/3348, Loss: 0.0241
2025-10-10 09:26:20,473 [INFO] Época 28/30, Batch 2850/3348, Loss: 0.0275
2025-10-10 09:26:20,741 [INFO] Época 28/30, Batch 2900/3348, Loss: 0.0742
2025-10-10 09:26:21,007 [INFO] Época 28/30, Batch 2950/3348, Loss: 0.0293
2025-10-10 09:26:21,273 [INFO] Época 28/30, Batch 3000/3348, Loss: 0.0551
2025-10-10 09:26:21,537 [INFO] Época 28/30, Batch 3050/3348, Loss: 0.0588
2025-10-10 09:26:21,797 [INFO] Época 28/30, Batch 3100/3348, Loss: 0.0537
2025-10-10 09:26:22,055 [INFO] Época 28/30, Batch 3150/3348, Loss: 0.0235
2025-10-10 09:26:22,313 [INFO] Época 28/30, Batch 3200/3348, Loss: 0.0143
2025-10-10 09:26:22,573 [INFO] Época 28/30, Batch 3250/3348, Loss: 0.0569
2025-10-10 09:26:22,833 [INFO] Época 28/30, Batch 3300/3348, Loss: 0.0271
2025-10-10 09:26:24,590 [INFO] [28/30] Train Loss: 0.0379 | Val Loss: 0.0598 | Tempo: 19.44s
2025-10-10 09:26:25,185 [INFO] Época 29/30, Batch 50/3348, Loss: 0.0273
2025-10-10 09:26:25,453 [INFO] Época 29/30, Batch 100/3348, Loss: 0.0277
2025-10-10 09:26:25,717 [INFO] Época 29/30, Batch 150/3348, Loss: 0.0249
2025-10-10 09:26:25,980 [INFO] Época 29/30, Batch 200/3348, Loss: 0.0377
2025-10-10 09:26:26,242 [INFO] Época 29/30, Batch 250/3348, Loss: 0.0444
2025-10-10 09:26:26,502 [INFO] Época 29/30, Batch 300/3348, Loss: 0.0164
2025-10-10 09:26:26,766 [INFO] Época 29/30, Batch 350/3348, Loss: 0.0653
2025-10-10 09:26:27,027 [INFO] Época 29/30, Batch 400/3348, Loss: 0.0317
2025-10-10 09:26:27,289 [INFO] Época 29/30, Batch 450/3348, Loss: 0.0497
2025-10-10 09:26:27,555 [INFO] Época 29/30, Batch 500/3348, Loss: 0.0237
2025-10-10 09:26:27,825 [INFO] Época 29/30, Batch 550/3348, Loss: 0.0438
2025-10-10 09:26:28,098 [INFO] Época 29/30, Batch 600/3348, Loss: 0.0393
2025-10-10 09:26:28,367 [INFO] Época 29/30, Batch 650/3348, Loss: 0.0252
2025-10-10 09:26:28,634 [INFO] Época 29/30, Batch 700/3348, Loss: 0.0235
2025-10-10 09:26:28,895 [INFO] Época 29/30, Batch 750/3348, Loss: 0.0131
2025-10-10 09:26:29,149 [INFO] Época 29/30, Batch 800/3348, Loss: 0.0396
2025-10-10 09:26:29,402 [INFO] Época 29/30, Batch 850/3348, Loss: 0.0311
2025-10-10 09:26:29,656 [INFO] Época 29/30, Batch 900/3348, Loss: 0.0321
2025-10-10 09:26:29,920 [INFO] Época 29/30, Batch 950/3348, Loss: 0.0273
2025-10-10 09:26:30,173 [INFO] Época 29/30, Batch 1000/3348, Loss: 0.0627
2025-10-10 09:26:30,427 [INFO] Época 29/30, Batch 1050/3348, Loss: 0.0455
2025-10-10 09:26:30,680 [INFO] Época 29/30, Batch 1100/3348, Loss: 0.0177
2025-10-10 09:26:30,935 [INFO] Época 29/30, Batch 1150/3348, Loss: 0.0518
2025-10-10 09:26:31,199 [INFO] Época 29/30, Batch 1200/3348, Loss: 0.0706
2025-10-10 09:26:31,467 [INFO] Época 29/30, Batch 1250/3348, Loss: 0.0372
2025-10-10 09:26:31,736 [INFO] Época 29/30, Batch 1300/3348, Loss: 0.0405
2025-10-10 09:26:32,004 [INFO] Época 29/30, Batch 1350/3348, Loss: 0.0318
2025-10-10 09:26:32,274 [INFO] Época 29/30, Batch 1400/3348, Loss: 0.0348
2025-10-10 09:26:32,542 [INFO] Época 29/30, Batch 1450/3348, Loss: 0.0208
2025-10-10 09:26:32,811 [INFO] Época 29/30, Batch 1500/3348, Loss: 0.0333
2025-10-10 09:26:33,077 [INFO] Época 29/30, Batch 1550/3348, Loss: 0.0486
2025-10-10 09:26:33,345 [INFO] Época 29/30, Batch 1600/3348, Loss: 0.0531
2025-10-10 09:26:33,608 [INFO] Época 29/30, Batch 1650/3348, Loss: 0.0325
2025-10-10 09:26:33,878 [INFO] Época 29/30, Batch 1700/3348, Loss: 0.0543
2025-10-10 09:26:34,145 [INFO] Época 29/30, Batch 1750/3348, Loss: 0.0394
2025-10-10 09:26:34,413 [INFO] Época 29/30, Batch 1800/3348, Loss: 0.0322
2025-10-10 09:26:34,681 [INFO] Época 29/30, Batch 1850/3348, Loss: 0.0357
2025-10-10 09:26:34,953 [INFO] Época 29/30, Batch 1900/3348, Loss: 0.0319
2025-10-10 09:26:35,221 [INFO] Época 29/30, Batch 1950/3348, Loss: 0.0464
2025-10-10 09:26:35,489 [INFO] Época 29/30, Batch 2000/3348, Loss: 0.0357
2025-10-10 09:26:35,758 [INFO] Época 29/30, Batch 2050/3348, Loss: 0.0645
2025-10-10 09:26:36,026 [INFO] Época 29/30, Batch 2100/3348, Loss: 0.0291
2025-10-10 09:26:36,296 [INFO] Época 29/30, Batch 2150/3348, Loss: 0.0173
2025-10-10 09:26:36,568 [INFO] Época 29/30, Batch 2200/3348, Loss: 0.0244
2025-10-10 09:26:36,830 [INFO] Época 29/30, Batch 2250/3348, Loss: 0.0489
2025-10-10 09:26:37,092 [INFO] Época 29/30, Batch 2300/3348, Loss: 0.0791
2025-10-10 09:26:37,354 [INFO] Época 29/30, Batch 2350/3348, Loss: 0.0196
2025-10-10 09:26:37,618 [INFO] Época 29/30, Batch 2400/3348, Loss: 0.0392
2025-10-10 09:26:37,881 [INFO] Época 29/30, Batch 2450/3348, Loss: 0.0272
2025-10-10 09:26:38,143 [INFO] Época 29/30, Batch 2500/3348, Loss: 0.0400
2025-10-10 09:26:38,405 [INFO] Época 29/30, Batch 2550/3348, Loss: 0.0374
2025-10-10 09:26:38,667 [INFO] Época 29/30, Batch 2600/3348, Loss: 0.0592
2025-10-10 09:26:38,930 [INFO] Época 29/30, Batch 2650/3348, Loss: 0.0315
2025-10-10 09:26:39,192 [INFO] Época 29/30, Batch 2700/3348, Loss: 0.0363
2025-10-10 09:26:39,454 [INFO] Época 29/30, Batch 2750/3348, Loss: 0.0328
2025-10-10 09:26:39,716 [INFO] Época 29/30, Batch 2800/3348, Loss: 0.0264
2025-10-10 09:26:39,988 [INFO] Época 29/30, Batch 2850/3348, Loss: 0.0356
2025-10-10 09:26:40,250 [INFO] Época 29/30, Batch 2900/3348, Loss: 0.0288
2025-10-10 09:26:40,509 [INFO] Época 29/30, Batch 2950/3348, Loss: 0.0245
2025-10-10 09:26:40,769 [INFO] Época 29/30, Batch 3000/3348, Loss: 0.0355
2025-10-10 09:26:41,031 [INFO] Época 29/30, Batch 3050/3348, Loss: 0.0360
2025-10-10 09:26:41,291 [INFO] Época 29/30, Batch 3100/3348, Loss: 0.0696
2025-10-10 09:26:41,552 [INFO] Época 29/30, Batch 3150/3348, Loss: 0.0311
2025-10-10 09:26:41,813 [INFO] Época 29/30, Batch 3200/3348, Loss: 0.0324
2025-10-10 09:26:42,074 [INFO] Época 29/30, Batch 3250/3348, Loss: 0.0360
2025-10-10 09:26:42,335 [INFO] Época 29/30, Batch 3300/3348, Loss: 0.0527
2025-10-10 09:26:44,253 [INFO] [29/30] Train Loss: 0.0370 | Val Loss: 0.0503 | Tempo: 19.66s
2025-10-10 09:26:44,852 [INFO] Época 30/30, Batch 50/3348, Loss: 0.0114
2025-10-10 09:26:45,133 [INFO] Época 30/30, Batch 100/3348, Loss: 0.0334
2025-10-10 09:26:45,402 [INFO] Época 30/30, Batch 150/3348, Loss: 0.0540
2025-10-10 09:26:45,667 [INFO] Época 30/30, Batch 200/3348, Loss: 0.0414
2025-10-10 09:26:45,935 [INFO] Época 30/30, Batch 250/3348, Loss: 0.0273
2025-10-10 09:26:46,200 [INFO] Época 30/30, Batch 300/3348, Loss: 0.0293
2025-10-10 09:26:46,471 [INFO] Época 30/30, Batch 350/3348, Loss: 0.0448
2025-10-10 09:26:46,733 [INFO] Época 30/30, Batch 400/3348, Loss: 0.0426
2025-10-10 09:26:46,995 [INFO] Época 30/30, Batch 450/3348, Loss: 0.0254
2025-10-10 09:26:47,261 [INFO] Época 30/30, Batch 500/3348, Loss: 0.0254
2025-10-10 09:26:47,527 [INFO] Época 30/30, Batch 550/3348, Loss: 0.0326
2025-10-10 09:26:47,788 [INFO] Época 30/30, Batch 600/3348, Loss: 0.0488
2025-10-10 09:26:48,052 [INFO] Época 30/30, Batch 650/3348, Loss: 0.0393
2025-10-10 09:26:48,315 [INFO] Época 30/30, Batch 700/3348, Loss: 0.0278
2025-10-10 09:26:48,576 [INFO] Época 30/30, Batch 750/3348, Loss: 0.0384
2025-10-10 09:26:48,838 [INFO] Época 30/30, Batch 800/3348, Loss: 0.0400
2025-10-10 09:26:49,100 [INFO] Época 30/30, Batch 850/3348, Loss: 0.0234
2025-10-10 09:26:49,367 [INFO] Época 30/30, Batch 900/3348, Loss: 0.0298
2025-10-10 09:26:49,632 [INFO] Época 30/30, Batch 950/3348, Loss: 0.0208
2025-10-10 09:26:49,895 [INFO] Época 30/30, Batch 1000/3348, Loss: 0.0254
2025-10-10 09:26:50,158 [INFO] Época 30/30, Batch 1050/3348, Loss: 0.0631
2025-10-10 09:26:50,420 [INFO] Época 30/30, Batch 1100/3348, Loss: 0.0224
2025-10-10 09:26:50,685 [INFO] Época 30/30, Batch 1150/3348, Loss: 0.0292
2025-10-10 09:26:50,948 [INFO] Época 30/30, Batch 1200/3348, Loss: 0.0239
2025-10-10 09:26:51,209 [INFO] Época 30/30, Batch 1250/3348, Loss: 0.0410
2025-10-10 09:26:51,473 [INFO] Época 30/30, Batch 1300/3348, Loss: 0.0338
2025-10-10 09:26:51,738 [INFO] Época 30/30, Batch 1350/3348, Loss: 0.0626
2025-10-10 09:26:52,003 [INFO] Época 30/30, Batch 1400/3348, Loss: 0.0310
2025-10-10 09:26:52,263 [INFO] Época 30/30, Batch 1450/3348, Loss: 0.0203
2025-10-10 09:26:52,524 [INFO] Época 30/30, Batch 1500/3348, Loss: 0.0229
2025-10-10 09:26:52,787 [INFO] Época 30/30, Batch 1550/3348, Loss: 0.0258
2025-10-10 09:26:53,049 [INFO] Época 30/30, Batch 1600/3348, Loss: 0.0489
2025-10-10 09:26:53,309 [INFO] Época 30/30, Batch 1650/3348, Loss: 0.0349
2025-10-10 09:26:53,572 [INFO] Época 30/30, Batch 1700/3348, Loss: 0.0151
2025-10-10 09:26:53,834 [INFO] Época 30/30, Batch 1750/3348, Loss: 0.0329
2025-10-10 09:26:54,095 [INFO] Época 30/30, Batch 1800/3348, Loss: 0.0201
2025-10-10 09:26:54,357 [INFO] Época 30/30, Batch 1850/3348, Loss: 0.0345
2025-10-10 09:26:54,621 [INFO] Época 30/30, Batch 1900/3348, Loss: 0.0306
2025-10-10 09:26:54,885 [INFO] Época 30/30, Batch 1950/3348, Loss: 0.0375
2025-10-10 09:26:55,146 [INFO] Época 30/30, Batch 2000/3348, Loss: 0.0385
2025-10-10 09:26:55,416 [INFO] Época 30/30, Batch 2050/3348, Loss: 0.0344
2025-10-10 09:26:55,677 [INFO] Época 30/30, Batch 2100/3348, Loss: 0.0303
2025-10-10 09:26:55,940 [INFO] Época 30/30, Batch 2150/3348, Loss: 0.0469
2025-10-10 09:26:56,202 [INFO] Época 30/30, Batch 2200/3348, Loss: 0.0557
2025-10-10 09:26:56,464 [INFO] Época 30/30, Batch 2250/3348, Loss: 0.0217
2025-10-10 09:26:56,726 [INFO] Época 30/30, Batch 2300/3348, Loss: 0.0150
2025-10-10 09:26:56,990 [INFO] Época 30/30, Batch 2350/3348, Loss: 0.0349
2025-10-10 09:26:57,253 [INFO] Época 30/30, Batch 2400/3348, Loss: 0.0327
2025-10-10 09:26:57,517 [INFO] Época 30/30, Batch 2450/3348, Loss: 0.0480
2025-10-10 09:26:57,781 [INFO] Época 30/30, Batch 2500/3348, Loss: 0.0359
2025-10-10 09:26:58,045 [INFO] Época 30/30, Batch 2550/3348, Loss: 0.0404
2025-10-10 09:26:58,310 [INFO] Época 30/30, Batch 2600/3348, Loss: 0.0278
2025-10-10 09:26:58,570 [INFO] Época 30/30, Batch 2650/3348, Loss: 0.0347
2025-10-10 09:26:58,834 [INFO] Época 30/30, Batch 2700/3348, Loss: 0.0341
2025-10-10 09:26:59,099 [INFO] Época 30/30, Batch 2750/3348, Loss: 0.0286
2025-10-10 09:26:59,366 [INFO] Época 30/30, Batch 2800/3348, Loss: 0.0289
2025-10-10 09:26:59,632 [INFO] Época 30/30, Batch 2850/3348, Loss: 0.0213
2025-10-10 09:26:59,897 [INFO] Época 30/30, Batch 2900/3348, Loss: 0.0210
2025-10-10 09:27:00,163 [INFO] Época 30/30, Batch 2950/3348, Loss: 0.0254
2025-10-10 09:27:00,439 [INFO] Época 30/30, Batch 3000/3348, Loss: 0.0222
2025-10-10 09:27:00,706 [INFO] Época 30/30, Batch 3050/3348, Loss: 0.0715
2025-10-10 09:27:00,975 [INFO] Época 30/30, Batch 3100/3348, Loss: 0.0171
2025-10-10 09:27:01,242 [INFO] Época 30/30, Batch 3150/3348, Loss: 0.0422
2025-10-10 09:27:01,512 [INFO] Época 30/30, Batch 3200/3348, Loss: 0.0252
2025-10-10 09:27:01,776 [INFO] Época 30/30, Batch 3250/3348, Loss: 0.0381
2025-10-10 09:27:02,040 [INFO] Época 30/30, Batch 3300/3348, Loss: 0.0234
2025-10-10 09:27:03,972 [INFO] [30/30] Train Loss: 0.0362 | Val Loss: 0.0521 | Tempo: 19.72s
2025-10-10 09:27:03,972 [INFO] Treinamento concluído em 591.60 segundos (9.86 minutos)
2025-10-10 09:27:03,972 [INFO] Iniciando avaliação no conjunto de teste...
2025-10-10 09:27:05,470 [INFO] Avaliação do teste concluída em 1.50 segundos
2025-10-10 09:27:05,480 [INFO] MSE no teste: 0.2343
2025-10-10 09:27:05,480 [INFO] RMSE no teste: 0.4841
2025-10-10 09:27:05,481 [INFO] MAE no teste: 0.2595
2025-10-10 09:27:05,481 [INFO] Métricas salvas em /mnt/hdd/home/jdurao/ToolBox-ChemXAI/logs/mlp_att11_MorganCount_metrics.json
