2025-10-09 16:12:23,300 [INFO] Iniciando treinamento do modelo mlp_att0_Pattern
2025-10-09 16:12:23,300 [INFO] Configuração: att_index=0, epochs=30, layers=[128, 64, 32], lr=0.001, batch_size=32, descriptor_type=Pattern
2025-10-09 16:12:23,300 [INFO] Diretório para modelos: /mnt/hdd/home/jdurao/ToolBox-ChemXAI/models
2025-10-09 16:12:23,300 [INFO] Carregando dados...
2025-10-09 16:12:23,386 [INFO] Preparando dataloaders sem ruído...
2025-10-09 16:12:30,302 [INFO] Dados carregados em 7.00 segundos
2025-10-09 16:12:30,303 [INFO] Tamanhos dos conjuntos - Treino: 107108, Validação: 13388, Teste: 13389
2025-10-09 16:12:30,303 [INFO] Usando dispositivo: cuda
2025-10-09 16:12:30,545 [INFO] Dimensão de entrada: 512, Dimensão de saída: 1
2025-10-09 16:12:30,545 [INFO] Criando modelo MLP com camadas: [128, 64, 32]
2025-10-09 16:12:30,550 [INFO] Modelo criado com 76033 parâmetros
2025-10-09 16:12:30,551 [INFO] Iniciando treinamento com 30 épocas...
2025-10-09 16:12:31,025 [INFO] Época 1/30, Batch 50/3348, Loss: 0.0052
2025-10-09 16:12:31,297 [INFO] Época 1/30, Batch 100/3348, Loss: 0.0035
2025-10-09 16:12:31,564 [INFO] Época 1/30, Batch 150/3348, Loss: 0.0019
2025-10-09 16:12:31,831 [INFO] Época 1/30, Batch 200/3348, Loss: 0.0011
2025-10-09 16:12:32,097 [INFO] Época 1/30, Batch 250/3348, Loss: 0.0009
2025-10-09 16:12:32,359 [INFO] Época 1/30, Batch 300/3348, Loss: 0.0022
2025-10-09 16:12:32,622 [INFO] Época 1/30, Batch 350/3348, Loss: 0.0005
2025-10-09 16:12:32,879 [INFO] Época 1/30, Batch 400/3348, Loss: 0.0008
2025-10-09 16:12:33,133 [INFO] Época 1/30, Batch 450/3348, Loss: 0.0005
2025-10-09 16:12:33,394 [INFO] Época 1/30, Batch 500/3348, Loss: 0.0028
2025-10-09 16:12:33,659 [INFO] Época 1/30, Batch 550/3348, Loss: 0.0004
2025-10-09 16:12:33,924 [INFO] Época 1/30, Batch 600/3348, Loss: 0.0006
2025-10-09 16:12:34,190 [INFO] Época 1/30, Batch 650/3348, Loss: 0.0005
2025-10-09 16:12:34,455 [INFO] Época 1/30, Batch 700/3348, Loss: 0.0005
2025-10-09 16:12:34,716 [INFO] Época 1/30, Batch 750/3348, Loss: 0.0005
2025-10-09 16:12:34,977 [INFO] Época 1/30, Batch 800/3348, Loss: 0.0007
2025-10-09 16:12:35,241 [INFO] Época 1/30, Batch 850/3348, Loss: 0.0005
2025-10-09 16:12:35,504 [INFO] Época 1/30, Batch 900/3348, Loss: 0.0005
2025-10-09 16:12:35,769 [INFO] Época 1/30, Batch 950/3348, Loss: 0.0004
2025-10-09 16:12:36,032 [INFO] Época 1/30, Batch 1000/3348, Loss: 0.0004
2025-10-09 16:12:36,294 [INFO] Época 1/30, Batch 1050/3348, Loss: 0.0003
2025-10-09 16:12:36,556 [INFO] Época 1/30, Batch 1100/3348, Loss: 0.0004
2025-10-09 16:12:36,822 [INFO] Época 1/30, Batch 1150/3348, Loss: 0.0007
2025-10-09 16:12:37,089 [INFO] Época 1/30, Batch 1200/3348, Loss: 0.0006
2025-10-09 16:12:37,358 [INFO] Época 1/30, Batch 1250/3348, Loss: 0.0004
2025-10-09 16:12:37,621 [INFO] Época 1/30, Batch 1300/3348, Loss: 0.0003
2025-10-09 16:12:37,884 [INFO] Época 1/30, Batch 1350/3348, Loss: 0.0006
2025-10-09 16:12:38,147 [INFO] Época 1/30, Batch 1400/3348, Loss: 0.0004
2025-10-09 16:12:38,409 [INFO] Época 1/30, Batch 1450/3348, Loss: 0.0004
2025-10-09 16:12:38,671 [INFO] Época 1/30, Batch 1500/3348, Loss: 0.0003
2025-10-09 16:12:38,933 [INFO] Época 1/30, Batch 1550/3348, Loss: 0.0004
2025-10-09 16:12:39,194 [INFO] Época 1/30, Batch 1600/3348, Loss: 0.0004
2025-10-09 16:12:39,456 [INFO] Época 1/30, Batch 1650/3348, Loss: 0.0005
2025-10-09 16:12:39,719 [INFO] Época 1/30, Batch 1700/3348, Loss: 0.0004
2025-10-09 16:12:39,980 [INFO] Época 1/30, Batch 1750/3348, Loss: 0.0003
2025-10-09 16:12:40,241 [INFO] Época 1/30, Batch 1800/3348, Loss: 0.0004
2025-10-09 16:12:40,503 [INFO] Época 1/30, Batch 1850/3348, Loss: 0.0002
2025-10-09 16:12:40,763 [INFO] Época 1/30, Batch 1900/3348, Loss: 0.0008
2025-10-09 16:12:41,026 [INFO] Época 1/30, Batch 1950/3348, Loss: 0.0003
2025-10-09 16:12:41,288 [INFO] Época 1/30, Batch 2000/3348, Loss: 0.0003
2025-10-09 16:12:41,549 [INFO] Época 1/30, Batch 2050/3348, Loss: 0.0004
2025-10-09 16:12:41,813 [INFO] Época 1/30, Batch 2100/3348, Loss: 0.0004
2025-10-09 16:12:42,074 [INFO] Época 1/30, Batch 2150/3348, Loss: 0.0003
2025-10-09 16:12:42,332 [INFO] Época 1/30, Batch 2200/3348, Loss: 0.0005
2025-10-09 16:12:42,596 [INFO] Época 1/30, Batch 2250/3348, Loss: 0.0005
2025-10-09 16:12:42,857 [INFO] Época 1/30, Batch 2300/3348, Loss: 0.0003
2025-10-09 16:12:43,118 [INFO] Época 1/30, Batch 2350/3348, Loss: 0.0005
2025-10-09 16:12:43,378 [INFO] Época 1/30, Batch 2400/3348, Loss: 0.0007
2025-10-09 16:12:43,648 [INFO] Época 1/30, Batch 2450/3348, Loss: 0.0003
2025-10-09 16:12:43,911 [INFO] Época 1/30, Batch 2500/3348, Loss: 0.0005
2025-10-09 16:12:44,174 [INFO] Época 1/30, Batch 2550/3348, Loss: 0.0004
2025-10-09 16:12:44,436 [INFO] Época 1/30, Batch 2600/3348, Loss: 0.0004
2025-10-09 16:12:44,698 [INFO] Época 1/30, Batch 2650/3348, Loss: 0.0006
2025-10-09 16:12:44,960 [INFO] Época 1/30, Batch 2700/3348, Loss: 0.0003
2025-10-09 16:12:45,224 [INFO] Época 1/30, Batch 2750/3348, Loss: 0.0003
2025-10-09 16:12:45,486 [INFO] Época 1/30, Batch 2800/3348, Loss: 0.0004
2025-10-09 16:12:45,747 [INFO] Época 1/30, Batch 2850/3348, Loss: 0.0004
2025-10-09 16:12:46,009 [INFO] Época 1/30, Batch 2900/3348, Loss: 0.0004
2025-10-09 16:12:46,272 [INFO] Época 1/30, Batch 2950/3348, Loss: 0.0003
2025-10-09 16:12:46,536 [INFO] Época 1/30, Batch 3000/3348, Loss: 0.0012
2025-10-09 16:12:46,800 [INFO] Época 1/30, Batch 3050/3348, Loss: 0.0005
2025-10-09 16:12:47,063 [INFO] Época 1/30, Batch 3100/3348, Loss: 0.0003
2025-10-09 16:12:47,326 [INFO] Época 1/30, Batch 3150/3348, Loss: 0.0003
2025-10-09 16:12:47,587 [INFO] Época 1/30, Batch 3200/3348, Loss: 0.0004
2025-10-09 16:12:47,852 [INFO] Época 1/30, Batch 3250/3348, Loss: 0.0005
2025-10-09 16:12:48,116 [INFO] Época 1/30, Batch 3300/3348, Loss: 0.0004
2025-10-09 16:12:49,694 [INFO] [1/30] Train Loss: 0.0053 | Val Loss: 0.0004 | Tempo: 19.14s
2025-10-09 16:12:49,700 [INFO] Melhor modelo salvo em: /mnt/hdd/home/jdurao/ToolBox-ChemXAI/models/mlp_qm9_Pattern_att0_large.pth
2025-10-09 16:12:50,174 [INFO] Época 2/30, Batch 50/3348, Loss: 0.0004
2025-10-09 16:12:50,442 [INFO] Época 2/30, Batch 100/3348, Loss: 0.0005
2025-10-09 16:12:50,709 [INFO] Época 2/30, Batch 150/3348, Loss: 0.0005
2025-10-09 16:12:50,978 [INFO] Época 2/30, Batch 200/3348, Loss: 0.0005
2025-10-09 16:12:51,246 [INFO] Época 2/30, Batch 250/3348, Loss: 0.0004
2025-10-09 16:12:51,515 [INFO] Época 2/30, Batch 300/3348, Loss: 0.0003
2025-10-09 16:12:51,781 [INFO] Época 2/30, Batch 350/3348, Loss: 0.0003
2025-10-09 16:12:52,051 [INFO] Época 2/30, Batch 400/3348, Loss: 0.0003
2025-10-09 16:12:52,322 [INFO] Época 2/30, Batch 450/3348, Loss: 0.0005
2025-10-09 16:12:52,590 [INFO] Época 2/30, Batch 500/3348, Loss: 0.0004
2025-10-09 16:12:52,857 [INFO] Época 2/30, Batch 550/3348, Loss: 0.0005
2025-10-09 16:12:53,127 [INFO] Época 2/30, Batch 600/3348, Loss: 0.0003
2025-10-09 16:12:53,394 [INFO] Época 2/30, Batch 650/3348, Loss: 0.0004
2025-10-09 16:12:53,666 [INFO] Época 2/30, Batch 700/3348, Loss: 0.0003
2025-10-09 16:12:53,934 [INFO] Época 2/30, Batch 750/3348, Loss: 0.0003
2025-10-09 16:12:54,200 [INFO] Época 2/30, Batch 800/3348, Loss: 0.0003
2025-10-09 16:12:54,459 [INFO] Época 2/30, Batch 850/3348, Loss: 0.0004
2025-10-09 16:12:54,712 [INFO] Época 2/30, Batch 900/3348, Loss: 0.0003
2025-10-09 16:12:54,965 [INFO] Época 2/30, Batch 950/3348, Loss: 0.0003
2025-10-09 16:12:55,217 [INFO] Época 2/30, Batch 1000/3348, Loss: 0.0003
2025-10-09 16:12:55,471 [INFO] Época 2/30, Batch 1050/3348, Loss: 0.0005
2025-10-09 16:12:55,723 [INFO] Época 2/30, Batch 1100/3348, Loss: 0.0004
2025-10-09 16:12:55,975 [INFO] Época 2/30, Batch 1150/3348, Loss: 0.0003
2025-10-09 16:12:56,226 [INFO] Época 2/30, Batch 1200/3348, Loss: 0.0004
2025-10-09 16:12:56,487 [INFO] Época 2/30, Batch 1250/3348, Loss: 0.0005
2025-10-09 16:12:56,755 [INFO] Época 2/30, Batch 1300/3348, Loss: 0.0007
2025-10-09 16:12:57,032 [INFO] Época 2/30, Batch 1350/3348, Loss: 0.0004
2025-10-09 16:12:57,308 [INFO] Época 2/30, Batch 1400/3348, Loss: 0.0004
2025-10-09 16:12:57,595 [INFO] Época 2/30, Batch 1450/3348, Loss: 0.0004
2025-10-09 16:12:57,889 [INFO] Época 2/30, Batch 1500/3348, Loss: 0.0006
2025-10-09 16:12:58,170 [INFO] Época 2/30, Batch 1550/3348, Loss: 0.0003
2025-10-09 16:12:58,453 [INFO] Época 2/30, Batch 1600/3348, Loss: 0.0003
2025-10-09 16:12:58,733 [INFO] Época 2/30, Batch 1650/3348, Loss: 0.0004
2025-10-09 16:12:59,015 [INFO] Época 2/30, Batch 1700/3348, Loss: 0.0004
2025-10-09 16:12:59,298 [INFO] Época 2/30, Batch 1750/3348, Loss: 0.0003
2025-10-09 16:12:59,581 [INFO] Época 2/30, Batch 1800/3348, Loss: 0.0003
2025-10-09 16:12:59,865 [INFO] Época 2/30, Batch 1850/3348, Loss: 0.0004
2025-10-09 16:13:00,146 [INFO] Época 2/30, Batch 1900/3348, Loss: 0.0003
2025-10-09 16:13:00,428 [INFO] Época 2/30, Batch 1950/3348, Loss: 0.0003
2025-10-09 16:13:00,711 [INFO] Época 2/30, Batch 2000/3348, Loss: 0.0005
2025-10-09 16:13:00,995 [INFO] Época 2/30, Batch 2050/3348, Loss: 0.0004
2025-10-09 16:13:01,277 [INFO] Época 2/30, Batch 2100/3348, Loss: 0.0003
2025-10-09 16:13:01,557 [INFO] Época 2/30, Batch 2150/3348, Loss: 0.0003
2025-10-09 16:13:01,839 [INFO] Época 2/30, Batch 2200/3348, Loss: 0.0003
2025-10-09 16:13:02,121 [INFO] Época 2/30, Batch 2250/3348, Loss: 0.0003
2025-10-09 16:13:02,403 [INFO] Época 2/30, Batch 2300/3348, Loss: 0.0003
2025-10-09 16:13:02,685 [INFO] Época 2/30, Batch 2350/3348, Loss: 0.0003
2025-10-09 16:13:02,969 [INFO] Época 2/30, Batch 2400/3348, Loss: 0.0003
2025-10-09 16:13:03,252 [INFO] Época 2/30, Batch 2450/3348, Loss: 0.0003
2025-10-09 16:13:03,536 [INFO] Época 2/30, Batch 2500/3348, Loss: 0.0003
2025-10-09 16:13:03,820 [INFO] Época 2/30, Batch 2550/3348, Loss: 0.0005
2025-10-09 16:13:04,101 [INFO] Época 2/30, Batch 2600/3348, Loss: 0.0003
2025-10-09 16:13:04,382 [INFO] Época 2/30, Batch 2650/3348, Loss: 0.0002
2025-10-09 16:13:04,664 [INFO] Época 2/30, Batch 2700/3348, Loss: 0.0003
2025-10-09 16:13:04,947 [INFO] Época 2/30, Batch 2750/3348, Loss: 0.0003
2025-10-09 16:13:05,230 [INFO] Época 2/30, Batch 2800/3348, Loss: 0.0003
2025-10-09 16:13:05,508 [INFO] Época 2/30, Batch 2850/3348, Loss: 0.0003
2025-10-09 16:13:05,780 [INFO] Época 2/30, Batch 2900/3348, Loss: 0.0004
2025-10-09 16:13:06,051 [INFO] Época 2/30, Batch 2950/3348, Loss: 0.0003
2025-10-09 16:13:06,320 [INFO] Época 2/30, Batch 3000/3348, Loss: 0.0004
2025-10-09 16:13:06,589 [INFO] Época 2/30, Batch 3050/3348, Loss: 0.0005
2025-10-09 16:13:06,864 [INFO] Época 2/30, Batch 3100/3348, Loss: 0.0003
2025-10-09 16:13:07,134 [INFO] Época 2/30, Batch 3150/3348, Loss: 0.0004
2025-10-09 16:13:07,403 [INFO] Época 2/30, Batch 3200/3348, Loss: 0.0003
2025-10-09 16:13:07,669 [INFO] Época 2/30, Batch 3250/3348, Loss: 0.0003
2025-10-09 16:13:07,938 [INFO] Época 2/30, Batch 3300/3348, Loss: 0.0003
2025-10-09 16:13:09,629 [INFO] [2/30] Train Loss: 0.0048 | Val Loss: 0.0003 | Tempo: 19.93s
2025-10-09 16:13:09,634 [INFO] Melhor modelo salvo em: /mnt/hdd/home/jdurao/ToolBox-ChemXAI/models/mlp_qm9_Pattern_att0_large.pth
2025-10-09 16:13:10,123 [INFO] Época 3/30, Batch 50/3348, Loss: 0.0003
2025-10-09 16:13:10,404 [INFO] Época 3/30, Batch 100/3348, Loss: 0.0004
2025-10-09 16:13:10,683 [INFO] Época 3/30, Batch 150/3348, Loss: 0.0003
2025-10-09 16:13:10,956 [INFO] Época 3/30, Batch 200/3348, Loss: 0.0004
2025-10-09 16:13:11,227 [INFO] Época 3/30, Batch 250/3348, Loss: 0.0003
2025-10-09 16:13:11,496 [INFO] Época 3/30, Batch 300/3348, Loss: 0.0005
2025-10-09 16:13:11,763 [INFO] Época 3/30, Batch 350/3348, Loss: 0.0003
2025-10-09 16:13:12,027 [INFO] Época 3/30, Batch 400/3348, Loss: 0.0003
2025-10-09 16:13:12,293 [INFO] Época 3/30, Batch 450/3348, Loss: 0.0002
2025-10-09 16:13:12,559 [INFO] Época 3/30, Batch 500/3348, Loss: 0.0002
2025-10-09 16:13:12,825 [INFO] Época 3/30, Batch 550/3348, Loss: 0.0003
2025-10-09 16:13:13,092 [INFO] Época 3/30, Batch 600/3348, Loss: 0.0003
2025-10-09 16:13:13,358 [INFO] Época 3/30, Batch 650/3348, Loss: 0.0003
2025-10-09 16:13:13,623 [INFO] Época 3/30, Batch 700/3348, Loss: 0.0007
2025-10-09 16:13:13,889 [INFO] Época 3/30, Batch 750/3348, Loss: 0.0003
2025-10-09 16:13:14,154 [INFO] Época 3/30, Batch 800/3348, Loss: 0.0003
2025-10-09 16:13:14,420 [INFO] Época 3/30, Batch 850/3348, Loss: 0.0006
2025-10-09 16:13:14,687 [INFO] Época 3/30, Batch 900/3348, Loss: 0.0003
2025-10-09 16:13:14,951 [INFO] Época 3/30, Batch 950/3348, Loss: 0.0004
2025-10-09 16:13:15,219 [INFO] Época 3/30, Batch 1000/3348, Loss: 0.0003
2025-10-09 16:13:15,483 [INFO] Época 3/30, Batch 1050/3348, Loss: 0.0004
2025-10-09 16:13:15,747 [INFO] Época 3/30, Batch 1100/3348, Loss: 0.0005
2025-10-09 16:13:16,010 [INFO] Época 3/30, Batch 1150/3348, Loss: 0.0003
2025-10-09 16:13:16,274 [INFO] Época 3/30, Batch 1200/3348, Loss: 0.0003
2025-10-09 16:13:16,553 [INFO] Época 3/30, Batch 1250/3348, Loss: 0.0003
2025-10-09 16:13:16,831 [INFO] Época 3/30, Batch 1300/3348, Loss: 0.0003
2025-10-09 16:13:17,101 [INFO] Época 3/30, Batch 1350/3348, Loss: 0.0003
2025-10-09 16:13:17,372 [INFO] Época 3/30, Batch 1400/3348, Loss: 0.0004
2025-10-09 16:13:17,643 [INFO] Época 3/30, Batch 1450/3348, Loss: 0.0004
2025-10-09 16:13:17,915 [INFO] Época 3/30, Batch 1500/3348, Loss: 0.0003
2025-10-09 16:13:18,183 [INFO] Época 3/30, Batch 1550/3348, Loss: 0.0004
2025-10-09 16:13:18,451 [INFO] Época 3/30, Batch 1600/3348, Loss: 0.0004
2025-10-09 16:13:18,717 [INFO] Época 3/30, Batch 1650/3348, Loss: 0.0005
2025-10-09 16:13:18,985 [INFO] Época 3/30, Batch 1700/3348, Loss: 0.0003
2025-10-09 16:13:19,252 [INFO] Época 3/30, Batch 1750/3348, Loss: 0.0002
2025-10-09 16:13:19,521 [INFO] Época 3/30, Batch 1800/3348, Loss: 0.0003
2025-10-09 16:13:19,788 [INFO] Época 3/30, Batch 1850/3348, Loss: 0.0006
2025-10-09 16:13:20,054 [INFO] Época 3/30, Batch 1900/3348, Loss: 0.0005
2025-10-09 16:13:20,322 [INFO] Época 3/30, Batch 1950/3348, Loss: 0.0003
2025-10-09 16:13:20,591 [INFO] Época 3/30, Batch 2000/3348, Loss: 0.0002
2025-10-09 16:13:20,860 [INFO] Época 3/30, Batch 2050/3348, Loss: 0.0003
2025-10-09 16:13:21,129 [INFO] Época 3/30, Batch 2100/3348, Loss: 0.0003
2025-10-09 16:13:21,397 [INFO] Época 3/30, Batch 2150/3348, Loss: 0.0004
2025-10-09 16:13:21,665 [INFO] Época 3/30, Batch 2200/3348, Loss: 0.0004
2025-10-09 16:13:21,935 [INFO] Época 3/30, Batch 2250/3348, Loss: 0.0002
2025-10-09 16:13:22,209 [INFO] Época 3/30, Batch 2300/3348, Loss: 0.0003
2025-10-09 16:13:22,479 [INFO] Época 3/30, Batch 2350/3348, Loss: 0.0008
2025-10-09 16:13:22,746 [INFO] Época 3/30, Batch 2400/3348, Loss: 0.0003
2025-10-09 16:13:23,014 [INFO] Época 3/30, Batch 2450/3348, Loss: 0.0003
2025-10-09 16:13:23,283 [INFO] Época 3/30, Batch 2500/3348, Loss: 0.0002
2025-10-09 16:13:23,553 [INFO] Época 3/30, Batch 2550/3348, Loss: 0.0002
2025-10-09 16:13:23,820 [INFO] Época 3/30, Batch 2600/3348, Loss: 0.0003
2025-10-09 16:13:24,087 [INFO] Época 3/30, Batch 2650/3348, Loss: 0.0003
2025-10-09 16:13:24,354 [INFO] Época 3/30, Batch 2700/3348, Loss: 0.0002
2025-10-09 16:13:24,621 [INFO] Época 3/30, Batch 2750/3348, Loss: 0.0003
2025-10-09 16:13:24,890 [INFO] Época 3/30, Batch 2800/3348, Loss: 0.0003
2025-10-09 16:13:25,156 [INFO] Época 3/30, Batch 2850/3348, Loss: 0.0003
2025-10-09 16:13:25,422 [INFO] Época 3/30, Batch 2900/3348, Loss: 0.0003
2025-10-09 16:13:25,689 [INFO] Época 3/30, Batch 2950/3348, Loss: 0.0003
2025-10-09 16:13:25,956 [INFO] Época 3/30, Batch 3000/3348, Loss: 0.0004
2025-10-09 16:13:26,224 [INFO] Época 3/30, Batch 3050/3348, Loss: 0.0002
2025-10-09 16:13:26,490 [INFO] Época 3/30, Batch 3100/3348, Loss: 0.0003
2025-10-09 16:13:26,754 [INFO] Época 3/30, Batch 3150/3348, Loss: 0.0003
2025-10-09 16:13:27,019 [INFO] Época 3/30, Batch 3200/3348, Loss: 0.0003
2025-10-09 16:13:27,284 [INFO] Época 3/30, Batch 3250/3348, Loss: 0.0003
2025-10-09 16:13:27,550 [INFO] Época 3/30, Batch 3300/3348, Loss: 0.0003
2025-10-09 16:13:29,242 [INFO] [3/30] Train Loss: 0.0048 | Val Loss: 0.0003 | Tempo: 19.61s
2025-10-09 16:13:29,248 [INFO] Melhor modelo salvo em: /mnt/hdd/home/jdurao/ToolBox-ChemXAI/models/mlp_qm9_Pattern_att0_large.pth
2025-10-09 16:13:29,734 [INFO] Época 4/30, Batch 50/3348, Loss: 0.0002
2025-10-09 16:13:30,016 [INFO] Época 4/30, Batch 100/3348, Loss: 0.0003
2025-10-09 16:13:30,297 [INFO] Época 4/30, Batch 150/3348, Loss: 0.0002
2025-10-09 16:13:30,573 [INFO] Época 4/30, Batch 200/3348, Loss: 0.0003
2025-10-09 16:13:30,848 [INFO] Época 4/30, Batch 250/3348, Loss: 0.0002
2025-10-09 16:13:31,124 [INFO] Época 4/30, Batch 300/3348, Loss: 0.0003
2025-10-09 16:13:31,401 [INFO] Época 4/30, Batch 350/3348, Loss: 0.0003
2025-10-09 16:13:31,680 [INFO] Época 4/30, Batch 400/3348, Loss: 0.0004
2025-10-09 16:13:31,965 [INFO] Época 4/30, Batch 450/3348, Loss: 0.0003
2025-10-09 16:13:32,250 [INFO] Época 4/30, Batch 500/3348, Loss: 0.0003
2025-10-09 16:13:32,538 [INFO] Época 4/30, Batch 550/3348, Loss: 0.0005
2025-10-09 16:13:32,828 [INFO] Época 4/30, Batch 600/3348, Loss: 0.0003
2025-10-09 16:13:33,114 [INFO] Época 4/30, Batch 650/3348, Loss: 0.0002
2025-10-09 16:13:33,399 [INFO] Época 4/30, Batch 700/3348, Loss: 0.0005
2025-10-09 16:13:33,682 [INFO] Época 4/30, Batch 750/3348, Loss: 0.0003
2025-10-09 16:13:33,968 [INFO] Época 4/30, Batch 800/3348, Loss: 0.0005
2025-10-09 16:13:34,254 [INFO] Época 4/30, Batch 850/3348, Loss: 0.0002
2025-10-09 16:13:34,538 [INFO] Época 4/30, Batch 900/3348, Loss: 0.0004
2025-10-09 16:13:34,823 [INFO] Época 4/30, Batch 950/3348, Loss: 0.0011
2025-10-09 16:13:35,106 [INFO] Época 4/30, Batch 1000/3348, Loss: 0.0004
2025-10-09 16:13:35,391 [INFO] Época 4/30, Batch 1050/3348, Loss: 0.0003
2025-10-09 16:13:35,674 [INFO] Época 4/30, Batch 1100/3348, Loss: 0.0004
2025-10-09 16:13:35,944 [INFO] Época 4/30, Batch 1150/3348, Loss: 0.0002
2025-10-09 16:13:36,214 [INFO] Época 4/30, Batch 1200/3348, Loss: 0.0003
2025-10-09 16:13:36,484 [INFO] Época 4/30, Batch 1250/3348, Loss: 0.0002
2025-10-09 16:13:36,768 [INFO] Época 4/30, Batch 1300/3348, Loss: 0.0006
2025-10-09 16:13:37,047 [INFO] Época 4/30, Batch 1350/3348, Loss: 0.0002
2025-10-09 16:13:37,326 [INFO] Época 4/30, Batch 1400/3348, Loss: 0.0002
2025-10-09 16:13:37,604 [INFO] Época 4/30, Batch 1450/3348, Loss: 0.0006
2025-10-09 16:13:37,878 [INFO] Época 4/30, Batch 1500/3348, Loss: 0.0003
2025-10-09 16:13:38,159 [INFO] Época 4/30, Batch 1550/3348, Loss: 0.0003
2025-10-09 16:13:38,438 [INFO] Época 4/30, Batch 1600/3348, Loss: 0.0003
2025-10-09 16:13:38,719 [INFO] Época 4/30, Batch 1650/3348, Loss: 0.0004
2025-10-09 16:13:38,990 [INFO] Época 4/30, Batch 1700/3348, Loss: 0.0003
2025-10-09 16:13:39,253 [INFO] Época 4/30, Batch 1750/3348, Loss: 0.0002
2025-10-09 16:13:39,516 [INFO] Época 4/30, Batch 1800/3348, Loss: 0.0003
2025-10-09 16:13:39,778 [INFO] Época 4/30, Batch 1850/3348, Loss: 0.0003
2025-10-09 16:13:40,042 [INFO] Época 4/30, Batch 1900/3348, Loss: 0.0002
2025-10-09 16:13:40,309 [INFO] Época 4/30, Batch 1950/3348, Loss: 0.0002
2025-10-09 16:13:40,576 [INFO] Época 4/30, Batch 2000/3348, Loss: 0.0004
2025-10-09 16:13:40,844 [INFO] Época 4/30, Batch 2050/3348, Loss: 0.0002
2025-10-09 16:13:41,106 [INFO] Época 4/30, Batch 2100/3348, Loss: 0.0002
2025-10-09 16:13:41,371 [INFO] Época 4/30, Batch 2150/3348, Loss: 0.0002
2025-10-09 16:13:41,634 [INFO] Época 4/30, Batch 2200/3348, Loss: 0.0003
2025-10-09 16:13:41,895 [INFO] Época 4/30, Batch 2250/3348, Loss: 0.0003
2025-10-09 16:13:42,157 [INFO] Época 4/30, Batch 2300/3348, Loss: 0.0003
2025-10-09 16:13:42,421 [INFO] Época 4/30, Batch 2350/3348, Loss: 0.0003
2025-10-09 16:13:42,695 [INFO] Época 4/30, Batch 2400/3348, Loss: 0.0003
2025-10-09 16:13:42,980 [INFO] Época 4/30, Batch 2450/3348, Loss: 0.0003
2025-10-09 16:13:43,264 [INFO] Época 4/30, Batch 2500/3348, Loss: 0.0002
2025-10-09 16:13:43,548 [INFO] Época 4/30, Batch 2550/3348, Loss: 0.0003
2025-10-09 16:13:43,834 [INFO] Época 4/30, Batch 2600/3348, Loss: 0.0003
2025-10-09 16:13:44,100 [INFO] Época 4/30, Batch 2650/3348, Loss: 0.0007
2025-10-09 16:13:44,365 [INFO] Época 4/30, Batch 2700/3348, Loss: 0.0007
2025-10-09 16:13:44,638 [INFO] Época 4/30, Batch 2750/3348, Loss: 0.0003
2025-10-09 16:13:44,907 [INFO] Época 4/30, Batch 2800/3348, Loss: 0.0004
2025-10-09 16:13:45,174 [INFO] Época 4/30, Batch 2850/3348, Loss: 0.0003
2025-10-09 16:13:45,439 [INFO] Época 4/30, Batch 2900/3348, Loss: 0.0004
2025-10-09 16:13:45,711 [INFO] Época 4/30, Batch 2950/3348, Loss: 0.0002
2025-10-09 16:13:45,991 [INFO] Época 4/30, Batch 3000/3348, Loss: 0.0003
2025-10-09 16:13:46,273 [INFO] Época 4/30, Batch 3050/3348, Loss: 0.0003
2025-10-09 16:13:46,552 [INFO] Época 4/30, Batch 3100/3348, Loss: 0.0004
2025-10-09 16:13:46,822 [INFO] Época 4/30, Batch 3150/3348, Loss: 0.0004
2025-10-09 16:13:47,092 [INFO] Época 4/30, Batch 3200/3348, Loss: 0.0004
2025-10-09 16:13:47,361 [INFO] Época 4/30, Batch 3250/3348, Loss: 0.0005
2025-10-09 16:13:47,635 [INFO] Época 4/30, Batch 3300/3348, Loss: 0.0003
2025-10-09 16:13:49,208 [INFO] [4/30] Train Loss: 0.0047 | Val Loss: 0.0004 | Tempo: 19.96s
2025-10-09 16:13:49,681 [INFO] Época 5/30, Batch 50/3348, Loss: 0.0005
2025-10-09 16:13:49,954 [INFO] Época 5/30, Batch 100/3348, Loss: 0.0004
2025-10-09 16:13:50,229 [INFO] Época 5/30, Batch 150/3348, Loss: 0.0003
2025-10-09 16:13:50,502 [INFO] Época 5/30, Batch 200/3348, Loss: 0.0004
2025-10-09 16:13:50,778 [INFO] Época 5/30, Batch 250/3348, Loss: 0.0002
2025-10-09 16:13:51,053 [INFO] Época 5/30, Batch 300/3348, Loss: 0.0003
2025-10-09 16:13:51,324 [INFO] Época 5/30, Batch 350/3348, Loss: 0.0004
2025-10-09 16:13:51,596 [INFO] Época 5/30, Batch 400/3348, Loss: 0.0002
2025-10-09 16:13:51,863 [INFO] Época 5/30, Batch 450/3348, Loss: 0.0003
2025-10-09 16:13:52,133 [INFO] Época 5/30, Batch 500/3348, Loss: 0.0003
2025-10-09 16:13:52,402 [INFO] Época 5/30, Batch 550/3348, Loss: 0.0004
2025-10-09 16:13:52,672 [INFO] Época 5/30, Batch 600/3348, Loss: 0.0005
2025-10-09 16:13:52,943 [INFO] Época 5/30, Batch 650/3348, Loss: 0.0004
2025-10-09 16:13:53,211 [INFO] Época 5/30, Batch 700/3348, Loss: 0.0003
2025-10-09 16:13:53,481 [INFO] Época 5/30, Batch 750/3348, Loss: 0.0003
2025-10-09 16:13:53,742 [INFO] Época 5/30, Batch 800/3348, Loss: 0.0003
2025-10-09 16:13:54,004 [INFO] Época 5/30, Batch 850/3348, Loss: 0.0003
2025-10-09 16:13:54,265 [INFO] Época 5/30, Batch 900/3348, Loss: 0.0003
2025-10-09 16:13:54,529 [INFO] Época 5/30, Batch 950/3348, Loss: 0.0003
2025-10-09 16:13:54,791 [INFO] Época 5/30, Batch 1000/3348, Loss: 0.0003
2025-10-09 16:13:55,053 [INFO] Época 5/30, Batch 1050/3348, Loss: 0.0003
2025-10-09 16:13:55,313 [INFO] Época 5/30, Batch 1100/3348, Loss: 0.0003
2025-10-09 16:13:55,580 [INFO] Época 5/30, Batch 1150/3348, Loss: 0.0003
2025-10-09 16:13:55,850 [INFO] Época 5/30, Batch 1200/3348, Loss: 0.0006
2025-10-09 16:13:56,122 [INFO] Época 5/30, Batch 1250/3348, Loss: 0.0003
2025-10-09 16:13:56,393 [INFO] Época 5/30, Batch 1300/3348, Loss: 0.0003
2025-10-09 16:13:56,664 [INFO] Época 5/30, Batch 1350/3348, Loss: 0.0002
2025-10-09 16:13:56,943 [INFO] Época 5/30, Batch 1400/3348, Loss: 0.0003
2025-10-09 16:13:57,221 [INFO] Época 5/30, Batch 1450/3348, Loss: 0.0003
2025-10-09 16:13:57,499 [INFO] Época 5/30, Batch 1500/3348, Loss: 0.0003
2025-10-09 16:13:57,775 [INFO] Época 5/30, Batch 1550/3348, Loss: 0.0004
2025-10-09 16:13:58,054 [INFO] Época 5/30, Batch 1600/3348, Loss: 0.0003
2025-10-09 16:13:58,333 [INFO] Época 5/30, Batch 1650/3348, Loss: 0.0002
2025-10-09 16:13:58,610 [INFO] Época 5/30, Batch 1700/3348, Loss: 0.0004
2025-10-09 16:13:58,887 [INFO] Época 5/30, Batch 1750/3348, Loss: 0.0003
2025-10-09 16:13:59,165 [INFO] Época 5/30, Batch 1800/3348, Loss: 0.0002
2025-10-09 16:13:59,444 [INFO] Época 5/30, Batch 1850/3348, Loss: 0.0005
2025-10-09 16:13:59,723 [INFO] Época 5/30, Batch 1900/3348, Loss: 0.0004
2025-10-09 16:14:00,001 [INFO] Época 5/30, Batch 1950/3348, Loss: 0.0002
2025-10-09 16:14:00,282 [INFO] Época 5/30, Batch 2000/3348, Loss: 0.0004
2025-10-09 16:14:00,558 [INFO] Época 5/30, Batch 2050/3348, Loss: 0.0002
2025-10-09 16:14:00,838 [INFO] Época 5/30, Batch 2100/3348, Loss: 0.0005
2025-10-09 16:14:01,118 [INFO] Época 5/30, Batch 2150/3348, Loss: 0.0003
2025-10-09 16:14:01,398 [INFO] Época 5/30, Batch 2200/3348, Loss: 0.0003
2025-10-09 16:14:01,677 [INFO] Época 5/30, Batch 2250/3348, Loss: 0.0002
2025-10-09 16:14:01,939 [INFO] Época 5/30, Batch 2300/3348, Loss: 0.0004
2025-10-09 16:14:02,217 [INFO] Época 5/30, Batch 2350/3348, Loss: 0.0002
2025-10-09 16:14:02,498 [INFO] Época 5/30, Batch 2400/3348, Loss: 0.0004
2025-10-09 16:14:02,779 [INFO] Época 5/30, Batch 2450/3348, Loss: 0.0003
2025-10-09 16:14:03,060 [INFO] Época 5/30, Batch 2500/3348, Loss: 0.0003
2025-10-09 16:14:03,328 [INFO] Época 5/30, Batch 2550/3348, Loss: 0.0002
2025-10-09 16:14:03,591 [INFO] Época 5/30, Batch 2600/3348, Loss: 0.0003
2025-10-09 16:14:03,857 [INFO] Época 5/30, Batch 2650/3348, Loss: 0.0003
2025-10-09 16:14:04,139 [INFO] Época 5/30, Batch 2700/3348, Loss: 0.0002
2025-10-09 16:14:04,419 [INFO] Época 5/30, Batch 2750/3348, Loss: 0.0002
2025-10-09 16:14:04,696 [INFO] Época 5/30, Batch 2800/3348, Loss: 0.0002
2025-10-09 16:14:04,958 [INFO] Época 5/30, Batch 2850/3348, Loss: 0.0004
2025-10-09 16:14:05,240 [INFO] Época 5/30, Batch 2900/3348, Loss: 0.0002
2025-10-09 16:14:05,522 [INFO] Época 5/30, Batch 2950/3348, Loss: 0.0003
2025-10-09 16:14:05,803 [INFO] Época 5/30, Batch 3000/3348, Loss: 0.0004
2025-10-09 16:14:06,084 [INFO] Época 5/30, Batch 3050/3348, Loss: 0.0002
2025-10-09 16:14:06,365 [INFO] Época 5/30, Batch 3100/3348, Loss: 0.0008
2025-10-09 16:14:06,650 [INFO] Época 5/30, Batch 3150/3348, Loss: 0.0003
2025-10-09 16:14:06,930 [INFO] Época 5/30, Batch 3200/3348, Loss: 0.0003
2025-10-09 16:14:07,212 [INFO] Época 5/30, Batch 3250/3348, Loss: 0.0005
2025-10-09 16:14:07,495 [INFO] Época 5/30, Batch 3300/3348, Loss: 0.0004
2025-10-09 16:14:09,182 [INFO] [5/30] Train Loss: 0.0047 | Val Loss: 0.0003 | Tempo: 19.97s
2025-10-09 16:14:09,187 [INFO] Melhor modelo salvo em: /mnt/hdd/home/jdurao/ToolBox-ChemXAI/models/mlp_qm9_Pattern_att0_large.pth
2025-10-09 16:14:09,666 [INFO] Época 6/30, Batch 50/3348, Loss: 0.0009
2025-10-09 16:14:09,937 [INFO] Época 6/30, Batch 100/3348, Loss: 0.0003
2025-10-09 16:14:10,202 [INFO] Época 6/30, Batch 150/3348, Loss: 0.0004
2025-10-09 16:14:10,465 [INFO] Época 6/30, Batch 200/3348, Loss: 0.0004
2025-10-09 16:14:10,730 [INFO] Época 6/30, Batch 250/3348, Loss: 0.0003
2025-10-09 16:14:10,993 [INFO] Época 6/30, Batch 300/3348, Loss: 0.0003
2025-10-09 16:14:11,257 [INFO] Época 6/30, Batch 350/3348, Loss: 0.0002
2025-10-09 16:14:11,520 [INFO] Época 6/30, Batch 400/3348, Loss: 0.0003
2025-10-09 16:14:11,782 [INFO] Época 6/30, Batch 450/3348, Loss: 0.0002
2025-10-09 16:14:12,043 [INFO] Época 6/30, Batch 500/3348, Loss: 0.0003
2025-10-09 16:14:12,306 [INFO] Época 6/30, Batch 550/3348, Loss: 0.0002
2025-10-09 16:14:12,570 [INFO] Época 6/30, Batch 600/3348, Loss: 0.0003
2025-10-09 16:14:12,835 [INFO] Época 6/30, Batch 650/3348, Loss: 0.0003
2025-10-09 16:14:13,095 [INFO] Época 6/30, Batch 700/3348, Loss: 0.0003
2025-10-09 16:14:13,357 [INFO] Época 6/30, Batch 750/3348, Loss: 0.0003
2025-10-09 16:14:13,622 [INFO] Época 6/30, Batch 800/3348, Loss: 0.0002
2025-10-09 16:14:13,886 [INFO] Época 6/30, Batch 850/3348, Loss: 0.0002
2025-10-09 16:14:14,150 [INFO] Época 6/30, Batch 900/3348, Loss: 0.0002
2025-10-09 16:14:14,411 [INFO] Época 6/30, Batch 950/3348, Loss: 0.0002
2025-10-09 16:14:14,673 [INFO] Época 6/30, Batch 1000/3348, Loss: 0.0004
2025-10-09 16:14:14,934 [INFO] Época 6/30, Batch 1050/3348, Loss: 0.0002
2025-10-09 16:14:15,197 [INFO] Época 6/30, Batch 1100/3348, Loss: 0.0002
2025-10-09 16:14:15,461 [INFO] Época 6/30, Batch 1150/3348, Loss: 0.0003
2025-10-09 16:14:15,725 [INFO] Época 6/30, Batch 1200/3348, Loss: 0.0004
2025-10-09 16:14:15,988 [INFO] Época 6/30, Batch 1250/3348, Loss: 0.0005
2025-10-09 16:14:16,248 [INFO] Época 6/30, Batch 1300/3348, Loss: 0.0004
2025-10-09 16:14:16,510 [INFO] Época 6/30, Batch 1350/3348, Loss: 0.0002
2025-10-09 16:14:16,772 [INFO] Época 6/30, Batch 1400/3348, Loss: 0.0002
2025-10-09 16:14:17,034 [INFO] Época 6/30, Batch 1450/3348, Loss: 0.0004
2025-10-09 16:14:17,296 [INFO] Época 6/30, Batch 1500/3348, Loss: 0.0002
2025-10-09 16:14:17,559 [INFO] Época 6/30, Batch 1550/3348, Loss: 0.0002
2025-10-09 16:14:17,821 [INFO] Época 6/30, Batch 1600/3348, Loss: 0.0002
2025-10-09 16:14:18,084 [INFO] Época 6/30, Batch 1650/3348, Loss: 0.0002
2025-10-09 16:14:18,345 [INFO] Época 6/30, Batch 1700/3348, Loss: 0.0003
2025-10-09 16:14:18,610 [INFO] Época 6/30, Batch 1750/3348, Loss: 0.0004
2025-10-09 16:14:18,871 [INFO] Época 6/30, Batch 1800/3348, Loss: 0.0003
2025-10-09 16:14:19,134 [INFO] Época 6/30, Batch 1850/3348, Loss: 0.0005
2025-10-09 16:14:19,397 [INFO] Época 6/30, Batch 1900/3348, Loss: 0.0004
2025-10-09 16:14:19,659 [INFO] Época 6/30, Batch 1950/3348, Loss: 0.0003
2025-10-09 16:14:19,920 [INFO] Época 6/30, Batch 2000/3348, Loss: 0.0003
2025-10-09 16:14:20,185 [INFO] Época 6/30, Batch 2050/3348, Loss: 0.0002
2025-10-09 16:14:20,447 [INFO] Época 6/30, Batch 2100/3348, Loss: 0.0002
2025-10-09 16:14:20,713 [INFO] Época 6/30, Batch 2150/3348, Loss: 0.0002
2025-10-09 16:14:20,988 [INFO] Época 6/30, Batch 2200/3348, Loss: 0.0002
2025-10-09 16:14:21,260 [INFO] Época 6/30, Batch 2250/3348, Loss: 0.0003
2025-10-09 16:14:21,534 [INFO] Época 6/30, Batch 2300/3348, Loss: 0.0004
2025-10-09 16:14:21,800 [INFO] Época 6/30, Batch 2350/3348, Loss: 0.0005
2025-10-09 16:14:22,063 [INFO] Época 6/30, Batch 2400/3348, Loss: 0.0006
2025-10-09 16:14:22,323 [INFO] Época 6/30, Batch 2450/3348, Loss: 0.0004
2025-10-09 16:14:22,582 [INFO] Época 6/30, Batch 2500/3348, Loss: 0.0003
2025-10-09 16:14:22,841 [INFO] Época 6/30, Batch 2550/3348, Loss: 0.0002
2025-10-09 16:14:23,102 [INFO] Época 6/30, Batch 2600/3348, Loss: 0.0003
2025-10-09 16:14:23,363 [INFO] Época 6/30, Batch 2650/3348, Loss: 0.0003
2025-10-09 16:14:23,623 [INFO] Época 6/30, Batch 2700/3348, Loss: 0.0003
2025-10-09 16:14:23,883 [INFO] Época 6/30, Batch 2750/3348, Loss: 0.0004
2025-10-09 16:14:24,143 [INFO] Época 6/30, Batch 2800/3348, Loss: 0.0003
2025-10-09 16:14:24,404 [INFO] Época 6/30, Batch 2850/3348, Loss: 0.0002
2025-10-09 16:14:24,665 [INFO] Época 6/30, Batch 2900/3348, Loss: 0.0003
2025-10-09 16:14:24,923 [INFO] Época 6/30, Batch 2950/3348, Loss: 0.0002
2025-10-09 16:14:25,184 [INFO] Época 6/30, Batch 3000/3348, Loss: 0.0003
2025-10-09 16:14:25,444 [INFO] Época 6/30, Batch 3050/3348, Loss: 0.0003
2025-10-09 16:14:25,705 [INFO] Época 6/30, Batch 3100/3348, Loss: 0.0002
2025-10-09 16:14:25,965 [INFO] Época 6/30, Batch 3150/3348, Loss: 0.0004
2025-10-09 16:14:26,225 [INFO] Época 6/30, Batch 3200/3348, Loss: 0.0002
2025-10-09 16:14:26,486 [INFO] Época 6/30, Batch 3250/3348, Loss: 0.0003
2025-10-09 16:14:26,748 [INFO] Época 6/30, Batch 3300/3348, Loss: 0.0003
2025-10-09 16:14:28,386 [INFO] [6/30] Train Loss: 0.0047 | Val Loss: 0.0003 | Tempo: 19.20s
2025-10-09 16:14:28,391 [INFO] Melhor modelo salvo em: /mnt/hdd/home/jdurao/ToolBox-ChemXAI/models/mlp_qm9_Pattern_att0_large.pth
2025-10-09 16:14:28,863 [INFO] Época 7/30, Batch 50/3348, Loss: 0.0002
2025-10-09 16:14:29,135 [INFO] Época 7/30, Batch 100/3348, Loss: 0.0004
2025-10-09 16:14:29,407 [INFO] Época 7/30, Batch 150/3348, Loss: 0.0002
2025-10-09 16:14:29,676 [INFO] Época 7/30, Batch 200/3348, Loss: 0.0002
2025-10-09 16:14:29,941 [INFO] Época 7/30, Batch 250/3348, Loss: 0.0004
2025-10-09 16:14:30,204 [INFO] Época 7/30, Batch 300/3348, Loss: 0.0006
2025-10-09 16:14:30,464 [INFO] Época 7/30, Batch 350/3348, Loss: 0.0004
2025-10-09 16:14:30,726 [INFO] Época 7/30, Batch 400/3348, Loss: 0.0003
2025-10-09 16:14:30,987 [INFO] Época 7/30, Batch 450/3348, Loss: 0.0005
2025-10-09 16:14:31,249 [INFO] Época 7/30, Batch 500/3348, Loss: 0.0002
2025-10-09 16:14:31,511 [INFO] Época 7/30, Batch 550/3348, Loss: 0.0003
2025-10-09 16:14:31,771 [INFO] Época 7/30, Batch 600/3348, Loss: 0.0003
2025-10-09 16:14:32,032 [INFO] Época 7/30, Batch 650/3348, Loss: 0.0005
2025-10-09 16:14:32,293 [INFO] Época 7/30, Batch 700/3348, Loss: 0.0003
2025-10-09 16:14:32,550 [INFO] Época 7/30, Batch 750/3348, Loss: 0.0003
2025-10-09 16:14:32,803 [INFO] Época 7/30, Batch 800/3348, Loss: 0.0003
2025-10-09 16:14:33,056 [INFO] Época 7/30, Batch 850/3348, Loss: 0.0002
2025-10-09 16:14:33,312 [INFO] Época 7/30, Batch 900/3348, Loss: 0.0003
2025-10-09 16:14:33,566 [INFO] Época 7/30, Batch 950/3348, Loss: 0.0003
2025-10-09 16:14:33,822 [INFO] Época 7/30, Batch 1000/3348, Loss: 0.0005
2025-10-09 16:14:34,076 [INFO] Época 7/30, Batch 1050/3348, Loss: 0.0003
2025-10-09 16:14:34,330 [INFO] Época 7/30, Batch 1100/3348, Loss: 0.0004
2025-10-09 16:14:34,587 [INFO] Época 7/30, Batch 1150/3348, Loss: 0.0002
2025-10-09 16:14:34,850 [INFO] Época 7/30, Batch 1200/3348, Loss: 0.0002
2025-10-09 16:14:35,112 [INFO] Época 7/30, Batch 1250/3348, Loss: 0.0003
2025-10-09 16:14:35,373 [INFO] Época 7/30, Batch 1300/3348, Loss: 0.0002
2025-10-09 16:14:35,638 [INFO] Época 7/30, Batch 1350/3348, Loss: 0.0002
2025-10-09 16:14:35,905 [INFO] Época 7/30, Batch 1400/3348, Loss: 0.0002
2025-10-09 16:14:36,167 [INFO] Época 7/30, Batch 1450/3348, Loss: 0.0002
2025-10-09 16:14:36,432 [INFO] Época 7/30, Batch 1500/3348, Loss: 0.0002
2025-10-09 16:14:36,693 [INFO] Época 7/30, Batch 1550/3348, Loss: 0.0002
2025-10-09 16:14:36,958 [INFO] Época 7/30, Batch 1600/3348, Loss: 0.0003
2025-10-09 16:14:37,222 [INFO] Época 7/30, Batch 1650/3348, Loss: 0.0003
2025-10-09 16:14:37,489 [INFO] Época 7/30, Batch 1700/3348, Loss: 0.0002
2025-10-09 16:14:37,751 [INFO] Época 7/30, Batch 1750/3348, Loss: 0.0003
2025-10-09 16:14:38,014 [INFO] Época 7/30, Batch 1800/3348, Loss: 0.0003
2025-10-09 16:14:38,277 [INFO] Época 7/30, Batch 1850/3348, Loss: 0.0002
2025-10-09 16:14:38,538 [INFO] Época 7/30, Batch 1900/3348, Loss: 0.0003
2025-10-09 16:14:38,800 [INFO] Época 7/30, Batch 1950/3348, Loss: 0.0002
2025-10-09 16:14:39,060 [INFO] Época 7/30, Batch 2000/3348, Loss: 0.0003
2025-10-09 16:14:39,319 [INFO] Época 7/30, Batch 2050/3348, Loss: 0.0002
2025-10-09 16:14:39,580 [INFO] Época 7/30, Batch 2100/3348, Loss: 0.0003
2025-10-09 16:14:39,840 [INFO] Época 7/30, Batch 2150/3348, Loss: 0.0004
2025-10-09 16:14:40,098 [INFO] Época 7/30, Batch 2200/3348, Loss: 0.0004
2025-10-09 16:14:40,356 [INFO] Época 7/30, Batch 2250/3348, Loss: 0.0003
2025-10-09 16:14:40,613 [INFO] Época 7/30, Batch 2300/3348, Loss: 0.0002
2025-10-09 16:14:40,872 [INFO] Época 7/30, Batch 2350/3348, Loss: 0.0003
2025-10-09 16:14:41,129 [INFO] Época 7/30, Batch 2400/3348, Loss: 0.0002
2025-10-09 16:14:41,386 [INFO] Época 7/30, Batch 2450/3348, Loss: 0.0003
2025-10-09 16:14:41,643 [INFO] Época 7/30, Batch 2500/3348, Loss: 0.0005
2025-10-09 16:14:41,900 [INFO] Época 7/30, Batch 2550/3348, Loss: 0.0002
2025-10-09 16:14:42,159 [INFO] Época 7/30, Batch 2600/3348, Loss: 0.0003
2025-10-09 16:14:42,415 [INFO] Época 7/30, Batch 2650/3348, Loss: 0.0004
2025-10-09 16:14:42,674 [INFO] Época 7/30, Batch 2700/3348, Loss: 0.0004
2025-10-09 16:14:42,933 [INFO] Época 7/30, Batch 2750/3348, Loss: 0.0004
2025-10-09 16:14:43,189 [INFO] Época 7/30, Batch 2800/3348, Loss: 0.0002
2025-10-09 16:14:43,444 [INFO] Época 7/30, Batch 2850/3348, Loss: 0.0003
2025-10-09 16:14:43,696 [INFO] Época 7/30, Batch 2900/3348, Loss: 0.0003
2025-10-09 16:14:43,952 [INFO] Época 7/30, Batch 2950/3348, Loss: 0.0005
2025-10-09 16:14:44,207 [INFO] Época 7/30, Batch 3000/3348, Loss: 0.0003
2025-10-09 16:14:44,461 [INFO] Época 7/30, Batch 3050/3348, Loss: 0.0002
2025-10-09 16:14:44,716 [INFO] Época 7/30, Batch 3100/3348, Loss: 0.0003
2025-10-09 16:14:44,971 [INFO] Época 7/30, Batch 3150/3348, Loss: 0.0003
2025-10-09 16:14:45,230 [INFO] Época 7/30, Batch 3200/3348, Loss: 0.0002
2025-10-09 16:14:45,483 [INFO] Época 7/30, Batch 3250/3348, Loss: 0.0004
2025-10-09 16:14:45,739 [INFO] Época 7/30, Batch 3300/3348, Loss: 0.0005
2025-10-09 16:14:47,398 [INFO] [7/30] Train Loss: 0.0047 | Val Loss: 0.0002 | Tempo: 19.01s
2025-10-09 16:14:47,404 [INFO] Melhor modelo salvo em: /mnt/hdd/home/jdurao/ToolBox-ChemXAI/models/mlp_qm9_Pattern_att0_large.pth
2025-10-09 16:14:47,878 [INFO] Época 8/30, Batch 50/3348, Loss: 0.0003
2025-10-09 16:14:48,146 [INFO] Época 8/30, Batch 100/3348, Loss: 0.0003
2025-10-09 16:14:48,412 [INFO] Época 8/30, Batch 150/3348, Loss: 0.0003
2025-10-09 16:14:48,679 [INFO] Época 8/30, Batch 200/3348, Loss: 0.0003
2025-10-09 16:14:48,944 [INFO] Época 8/30, Batch 250/3348, Loss: 0.0015
2025-10-09 16:14:49,207 [INFO] Época 8/30, Batch 300/3348, Loss: 0.0003
2025-10-09 16:14:49,470 [INFO] Época 8/30, Batch 350/3348, Loss: 0.0003
2025-10-09 16:14:49,741 [INFO] Época 8/30, Batch 400/3348, Loss: 0.0005
2025-10-09 16:14:50,018 [INFO] Época 8/30, Batch 450/3348, Loss: 0.0002
2025-10-09 16:14:50,281 [INFO] Época 8/30, Batch 500/3348, Loss: 0.0003
2025-10-09 16:14:50,546 [INFO] Época 8/30, Batch 550/3348, Loss: 0.0003
2025-10-09 16:14:50,810 [INFO] Época 8/30, Batch 600/3348, Loss: 0.0002
2025-10-09 16:14:51,075 [INFO] Época 8/30, Batch 650/3348, Loss: 0.0002
2025-10-09 16:14:51,340 [INFO] Época 8/30, Batch 700/3348, Loss: 0.0003
2025-10-09 16:14:51,605 [INFO] Época 8/30, Batch 750/3348, Loss: 0.0003
2025-10-09 16:14:51,868 [INFO] Época 8/30, Batch 800/3348, Loss: 0.0003
2025-10-09 16:14:52,130 [INFO] Época 8/30, Batch 850/3348, Loss: 0.0003
2025-10-09 16:14:52,397 [INFO] Época 8/30, Batch 900/3348, Loss: 0.0002
2025-10-09 16:14:52,670 [INFO] Época 8/30, Batch 950/3348, Loss: 0.0003
2025-10-09 16:14:52,942 [INFO] Época 8/30, Batch 1000/3348, Loss: 0.0004
2025-10-09 16:14:53,214 [INFO] Época 8/30, Batch 1050/3348, Loss: 0.0002
2025-10-09 16:14:53,482 [INFO] Época 8/30, Batch 1100/3348, Loss: 0.0003
2025-10-09 16:14:53,761 [INFO] Época 8/30, Batch 1150/3348, Loss: 0.0003
2025-10-09 16:14:54,035 [INFO] Época 8/30, Batch 1200/3348, Loss: 0.0002
2025-10-09 16:14:54,303 [INFO] Época 8/30, Batch 1250/3348, Loss: 0.0002
2025-10-09 16:14:54,574 [INFO] Época 8/30, Batch 1300/3348, Loss: 0.0003
2025-10-09 16:14:54,851 [INFO] Época 8/30, Batch 1350/3348, Loss: 0.0003
2025-10-09 16:14:55,132 [INFO] Época 8/30, Batch 1400/3348, Loss: 0.0003
2025-10-09 16:14:55,415 [INFO] Época 8/30, Batch 1450/3348, Loss: 0.0002
2025-10-09 16:14:55,694 [INFO] Época 8/30, Batch 1500/3348, Loss: 0.0002
2025-10-09 16:14:55,974 [INFO] Época 8/30, Batch 1550/3348, Loss: 0.0003
2025-10-09 16:14:56,253 [INFO] Época 8/30, Batch 1600/3348, Loss: 0.0002
2025-10-09 16:14:56,533 [INFO] Época 8/30, Batch 1650/3348, Loss: 0.0006
2025-10-09 16:14:56,808 [INFO] Época 8/30, Batch 1700/3348, Loss: 0.0003
2025-10-09 16:14:57,081 [INFO] Época 8/30, Batch 1750/3348, Loss: 0.0002
2025-10-09 16:14:57,353 [INFO] Época 8/30, Batch 1800/3348, Loss: 0.0002
2025-10-09 16:14:57,626 [INFO] Época 8/30, Batch 1850/3348, Loss: 0.0005
2025-10-09 16:14:57,897 [INFO] Época 8/30, Batch 1900/3348, Loss: 0.0003
2025-10-09 16:14:58,173 [INFO] Época 8/30, Batch 1950/3348, Loss: 0.0002
2025-10-09 16:14:58,447 [INFO] Época 8/30, Batch 2000/3348, Loss: 0.0004
2025-10-09 16:14:58,722 [INFO] Época 8/30, Batch 2050/3348, Loss: 0.0002
2025-10-09 16:14:58,997 [INFO] Época 8/30, Batch 2100/3348, Loss: 0.0002
2025-10-09 16:14:59,268 [INFO] Época 8/30, Batch 2150/3348, Loss: 0.0003
2025-10-09 16:14:59,536 [INFO] Época 8/30, Batch 2200/3348, Loss: 0.0002
2025-10-09 16:14:59,806 [INFO] Época 8/30, Batch 2250/3348, Loss: 0.0003
2025-10-09 16:15:00,077 [INFO] Época 8/30, Batch 2300/3348, Loss: 0.0002
2025-10-09 16:15:00,346 [INFO] Época 8/30, Batch 2350/3348, Loss: 0.0005
2025-10-09 16:15:00,616 [INFO] Época 8/30, Batch 2400/3348, Loss: 0.0002
2025-10-09 16:15:00,906 [INFO] Época 8/30, Batch 2450/3348, Loss: 0.0002
2025-10-09 16:15:01,197 [INFO] Época 8/30, Batch 2500/3348, Loss: 0.0002
2025-10-09 16:15:01,470 [INFO] Época 8/30, Batch 2550/3348, Loss: 0.0004
2025-10-09 16:15:01,742 [INFO] Época 8/30, Batch 2600/3348, Loss: 0.0003
2025-10-09 16:15:02,017 [INFO] Época 8/30, Batch 2650/3348, Loss: 0.0003
2025-10-09 16:15:02,290 [INFO] Época 8/30, Batch 2700/3348, Loss: 0.0004
2025-10-09 16:15:02,567 [INFO] Época 8/30, Batch 2750/3348, Loss: 0.0002
2025-10-09 16:15:02,836 [INFO] Época 8/30, Batch 2800/3348, Loss: 0.0002
2025-10-09 16:15:03,104 [INFO] Época 8/30, Batch 2850/3348, Loss: 0.0004
2025-10-09 16:15:03,370 [INFO] Época 8/30, Batch 2900/3348, Loss: 0.0005
2025-10-09 16:15:03,639 [INFO] Época 8/30, Batch 2950/3348, Loss: 0.0003
2025-10-09 16:15:03,906 [INFO] Época 8/30, Batch 3000/3348, Loss: 0.0003
2025-10-09 16:15:04,172 [INFO] Época 8/30, Batch 3050/3348, Loss: 0.0002
2025-10-09 16:15:04,438 [INFO] Época 8/30, Batch 3100/3348, Loss: 0.0002
2025-10-09 16:15:04,706 [INFO] Época 8/30, Batch 3150/3348, Loss: 0.0004
2025-10-09 16:15:04,973 [INFO] Época 8/30, Batch 3200/3348, Loss: 0.0003
2025-10-09 16:15:05,240 [INFO] Época 8/30, Batch 3250/3348, Loss: 0.0003
2025-10-09 16:15:05,507 [INFO] Época 8/30, Batch 3300/3348, Loss: 0.0003
2025-10-09 16:15:07,086 [INFO] [8/30] Train Loss: 0.0047 | Val Loss: 0.0003 | Tempo: 19.68s
2025-10-09 16:15:07,582 [INFO] Época 9/30, Batch 50/3348, Loss: 0.0006
2025-10-09 16:15:07,882 [INFO] Época 9/30, Batch 100/3348, Loss: 0.0002
2025-10-09 16:15:08,151 [INFO] Época 9/30, Batch 150/3348, Loss: 0.0003
2025-10-09 16:15:08,412 [INFO] Época 9/30, Batch 200/3348, Loss: 0.0001
2025-10-09 16:15:08,675 [INFO] Época 9/30, Batch 250/3348, Loss: 0.0003
2025-10-09 16:15:08,935 [INFO] Época 9/30, Batch 300/3348, Loss: 0.0002
2025-10-09 16:15:09,193 [INFO] Época 9/30, Batch 350/3348, Loss: 0.0004
2025-10-09 16:15:09,459 [INFO] Época 9/30, Batch 400/3348, Loss: 0.0003
2025-10-09 16:15:09,719 [INFO] Época 9/30, Batch 450/3348, Loss: 0.0003
2025-10-09 16:15:09,977 [INFO] Época 9/30, Batch 500/3348, Loss: 0.0003
2025-10-09 16:15:10,232 [INFO] Época 9/30, Batch 550/3348, Loss: 0.0003
2025-10-09 16:15:10,490 [INFO] Época 9/30, Batch 600/3348, Loss: 0.0003
2025-10-09 16:15:10,749 [INFO] Época 9/30, Batch 650/3348, Loss: 0.0006
2025-10-09 16:15:11,011 [INFO] Época 9/30, Batch 700/3348, Loss: 0.0003
2025-10-09 16:15:11,266 [INFO] Época 9/30, Batch 750/3348, Loss: 0.0003
2025-10-09 16:15:11,506 [INFO] Época 9/30, Batch 800/3348, Loss: 0.0003
2025-10-09 16:15:11,747 [INFO] Época 9/30, Batch 850/3348, Loss: 0.0003
2025-10-09 16:15:11,987 [INFO] Época 9/30, Batch 900/3348, Loss: 0.0004
2025-10-09 16:15:12,230 [INFO] Época 9/30, Batch 950/3348, Loss: 0.0003
2025-10-09 16:15:12,469 [INFO] Época 9/30, Batch 1000/3348, Loss: 0.0003
2025-10-09 16:15:12,707 [INFO] Época 9/30, Batch 1050/3348, Loss: 0.0004
2025-10-09 16:15:12,947 [INFO] Época 9/30, Batch 1100/3348, Loss: 0.0003
2025-10-09 16:15:13,187 [INFO] Época 9/30, Batch 1150/3348, Loss: 0.0003
2025-10-09 16:15:13,429 [INFO] Época 9/30, Batch 1200/3348, Loss: 0.0003
2025-10-09 16:15:13,676 [INFO] Época 9/30, Batch 1250/3348, Loss: 0.0003
2025-10-09 16:15:13,918 [INFO] Época 9/30, Batch 1300/3348, Loss: 0.0005
2025-10-09 16:15:14,160 [INFO] Época 9/30, Batch 1350/3348, Loss: 0.0004
2025-10-09 16:15:14,412 [INFO] Época 9/30, Batch 1400/3348, Loss: 0.0003
2025-10-09 16:15:14,654 [INFO] Época 9/30, Batch 1450/3348, Loss: 0.0002
2025-10-09 16:15:14,899 [INFO] Época 9/30, Batch 1500/3348, Loss: 0.0003
2025-10-09 16:15:15,142 [INFO] Época 9/30, Batch 1550/3348, Loss: 0.0002
2025-10-09 16:15:15,386 [INFO] Época 9/30, Batch 1600/3348, Loss: 0.0003
2025-10-09 16:15:15,630 [INFO] Época 9/30, Batch 1650/3348, Loss: 0.0003
2025-10-09 16:15:15,878 [INFO] Época 9/30, Batch 1700/3348, Loss: 0.0002
2025-10-09 16:15:16,122 [INFO] Época 9/30, Batch 1750/3348, Loss: 0.0002
2025-10-09 16:15:16,363 [INFO] Época 9/30, Batch 1800/3348, Loss: 0.0005
2025-10-09 16:15:16,610 [INFO] Época 9/30, Batch 1850/3348, Loss: 0.0004
2025-10-09 16:15:16,861 [INFO] Época 9/30, Batch 1900/3348, Loss: 0.0003
2025-10-09 16:15:17,105 [INFO] Época 9/30, Batch 1950/3348, Loss: 0.0004
2025-10-09 16:15:17,348 [INFO] Época 9/30, Batch 2000/3348, Loss: 0.0004
2025-10-09 16:15:17,590 [INFO] Época 9/30, Batch 2050/3348, Loss: 0.0002
2025-10-09 16:15:17,831 [INFO] Época 9/30, Batch 2100/3348, Loss: 0.0004
2025-10-09 16:15:18,079 [INFO] Época 9/30, Batch 2150/3348, Loss: 0.0003
2025-10-09 16:15:18,326 [INFO] Época 9/30, Batch 2200/3348, Loss: 0.0003
2025-10-09 16:15:18,581 [INFO] Época 9/30, Batch 2250/3348, Loss: 0.0003
2025-10-09 16:15:18,831 [INFO] Época 9/30, Batch 2300/3348, Loss: 0.0002
2025-10-09 16:15:19,075 [INFO] Época 9/30, Batch 2350/3348, Loss: 0.0001
2025-10-09 16:15:19,318 [INFO] Época 9/30, Batch 2400/3348, Loss: 0.0003
2025-10-09 16:15:19,561 [INFO] Época 9/30, Batch 2450/3348, Loss: 0.0002
2025-10-09 16:15:19,810 [INFO] Época 9/30, Batch 2500/3348, Loss: 0.0002
2025-10-09 16:15:20,055 [INFO] Época 9/30, Batch 2550/3348, Loss: 0.0003
2025-10-09 16:15:20,301 [INFO] Época 9/30, Batch 2600/3348, Loss: 0.0004
2025-10-09 16:15:20,546 [INFO] Época 9/30, Batch 2650/3348, Loss: 0.0003
2025-10-09 16:15:20,791 [INFO] Época 9/30, Batch 2700/3348, Loss: 0.0002
2025-10-09 16:15:21,038 [INFO] Época 9/30, Batch 2750/3348, Loss: 0.0002
2025-10-09 16:15:21,280 [INFO] Época 9/30, Batch 2800/3348, Loss: 0.0003
2025-10-09 16:15:21,524 [INFO] Época 9/30, Batch 2850/3348, Loss: 0.0002
2025-10-09 16:15:21,770 [INFO] Época 9/30, Batch 2900/3348, Loss: 0.0003
2025-10-09 16:15:22,015 [INFO] Época 9/30, Batch 2950/3348, Loss: 0.0003
2025-10-09 16:15:22,258 [INFO] Época 9/30, Batch 3000/3348, Loss: 0.0003
2025-10-09 16:15:22,503 [INFO] Época 9/30, Batch 3050/3348, Loss: 0.0004
2025-10-09 16:15:22,747 [INFO] Época 9/30, Batch 3100/3348, Loss: 0.0003
2025-10-09 16:15:22,987 [INFO] Época 9/30, Batch 3150/3348, Loss: 0.0002
2025-10-09 16:15:23,231 [INFO] Época 9/30, Batch 3200/3348, Loss: 0.0003
2025-10-09 16:15:23,477 [INFO] Época 9/30, Batch 3250/3348, Loss: 0.0003
2025-10-09 16:15:23,732 [INFO] Época 9/30, Batch 3300/3348, Loss: 0.0002
2025-10-09 16:15:25,314 [INFO] [9/30] Train Loss: 0.0047 | Val Loss: 0.0005 | Tempo: 18.23s
2025-10-09 16:15:25,777 [INFO] Época 10/30, Batch 50/3348, Loss: 0.0003
2025-10-09 16:15:26,045 [INFO] Época 10/30, Batch 100/3348, Loss: 0.0004
2025-10-09 16:15:26,309 [INFO] Época 10/30, Batch 150/3348, Loss: 0.0002
2025-10-09 16:15:26,571 [INFO] Época 10/30, Batch 200/3348, Loss: 0.0003
2025-10-09 16:15:26,847 [INFO] Época 10/30, Batch 250/3348, Loss: 0.0003
2025-10-09 16:15:27,125 [INFO] Época 10/30, Batch 300/3348, Loss: 0.0003
2025-10-09 16:15:27,406 [INFO] Época 10/30, Batch 350/3348, Loss: 0.0004
2025-10-09 16:15:27,678 [INFO] Época 10/30, Batch 400/3348, Loss: 0.0002
2025-10-09 16:15:27,949 [INFO] Época 10/30, Batch 450/3348, Loss: 0.0002
2025-10-09 16:15:28,220 [INFO] Época 10/30, Batch 500/3348, Loss: 0.0003
2025-10-09 16:15:28,491 [INFO] Época 10/30, Batch 550/3348, Loss: 0.0002
2025-10-09 16:15:28,759 [INFO] Época 10/30, Batch 600/3348, Loss: 0.0004
2025-10-09 16:15:29,016 [INFO] Época 10/30, Batch 650/3348, Loss: 0.0003
2025-10-09 16:15:29,281 [INFO] Época 10/30, Batch 700/3348, Loss: 0.0003
2025-10-09 16:15:29,541 [INFO] Época 10/30, Batch 750/3348, Loss: 0.0003
2025-10-09 16:15:29,797 [INFO] Época 10/30, Batch 800/3348, Loss: 0.0004
2025-10-09 16:15:30,059 [INFO] Época 10/30, Batch 850/3348, Loss: 0.0002
2025-10-09 16:15:30,329 [INFO] Época 10/30, Batch 900/3348, Loss: 0.0003
2025-10-09 16:15:30,596 [INFO] Época 10/30, Batch 950/3348, Loss: 0.0002
2025-10-09 16:15:30,855 [INFO] Época 10/30, Batch 1000/3348, Loss: 0.0003
2025-10-09 16:15:31,115 [INFO] Época 10/30, Batch 1050/3348, Loss: 0.0004
2025-10-09 16:15:31,377 [INFO] Época 10/30, Batch 1100/3348, Loss: 0.0002
2025-10-09 16:15:31,634 [INFO] Época 10/30, Batch 1150/3348, Loss: 0.0003
2025-10-09 16:15:31,897 [INFO] Época 10/30, Batch 1200/3348, Loss: 0.0002
2025-10-09 16:15:32,162 [INFO] Época 10/30, Batch 1250/3348, Loss: 0.0002
2025-10-09 16:15:32,425 [INFO] Época 10/30, Batch 1300/3348, Loss: 0.0003
2025-10-09 16:15:32,692 [INFO] Época 10/30, Batch 1350/3348, Loss: 0.0003
2025-10-09 16:15:32,965 [INFO] Época 10/30, Batch 1400/3348, Loss: 0.0003
2025-10-09 16:15:33,236 [INFO] Época 10/30, Batch 1450/3348, Loss: 0.0002
2025-10-09 16:15:33,501 [INFO] Época 10/30, Batch 1500/3348, Loss: 0.0004
2025-10-09 16:15:33,764 [INFO] Época 10/30, Batch 1550/3348, Loss: 0.0005
2025-10-09 16:15:34,028 [INFO] Época 10/30, Batch 1600/3348, Loss: 0.0004
2025-10-09 16:15:34,293 [INFO] Época 10/30, Batch 1650/3348, Loss: 0.0003
2025-10-09 16:15:34,559 [INFO] Época 10/30, Batch 1700/3348, Loss: 0.0002
2025-10-09 16:15:34,824 [INFO] Época 10/30, Batch 1750/3348, Loss: 0.0003
2025-10-09 16:15:35,093 [INFO] Época 10/30, Batch 1800/3348, Loss: 0.0002
2025-10-09 16:15:35,359 [INFO] Época 10/30, Batch 1850/3348, Loss: 0.0003
2025-10-09 16:15:35,626 [INFO] Época 10/30, Batch 1900/3348, Loss: 0.0002
2025-10-09 16:15:35,895 [INFO] Época 10/30, Batch 1950/3348, Loss: 0.0002
2025-10-09 16:15:36,165 [INFO] Época 10/30, Batch 2000/3348, Loss: 0.0002
2025-10-09 16:15:36,437 [INFO] Época 10/30, Batch 2050/3348, Loss: 0.0004
2025-10-09 16:15:36,707 [INFO] Época 10/30, Batch 2100/3348, Loss: 0.0002
2025-10-09 16:15:36,970 [INFO] Época 10/30, Batch 2150/3348, Loss: 0.0002
2025-10-09 16:15:37,235 [INFO] Época 10/30, Batch 2200/3348, Loss: 0.0004
2025-10-09 16:15:37,504 [INFO] Época 10/30, Batch 2250/3348, Loss: 0.0004
2025-10-09 16:15:37,772 [INFO] Época 10/30, Batch 2300/3348, Loss: 0.0002
2025-10-09 16:15:38,044 [INFO] Época 10/30, Batch 2350/3348, Loss: 0.0006
2025-10-09 16:15:38,320 [INFO] Época 10/30, Batch 2400/3348, Loss: 0.0003
2025-10-09 16:15:38,594 [INFO] Época 10/30, Batch 2450/3348, Loss: 0.0003
2025-10-09 16:15:38,870 [INFO] Época 10/30, Batch 2500/3348, Loss: 0.0003
2025-10-09 16:15:39,146 [INFO] Época 10/30, Batch 2550/3348, Loss: 0.0003
2025-10-09 16:15:39,420 [INFO] Época 10/30, Batch 2600/3348, Loss: 0.0002
2025-10-09 16:15:39,695 [INFO] Época 10/30, Batch 2650/3348, Loss: 0.0003
2025-10-09 16:15:39,970 [INFO] Época 10/30, Batch 2700/3348, Loss: 0.0002
2025-10-09 16:15:40,245 [INFO] Época 10/30, Batch 2750/3348, Loss: 0.0003
2025-10-09 16:15:40,519 [INFO] Época 10/30, Batch 2800/3348, Loss: 0.0003
2025-10-09 16:15:40,789 [INFO] Época 10/30, Batch 2850/3348, Loss: 0.0004
2025-10-09 16:15:41,060 [INFO] Época 10/30, Batch 2900/3348, Loss: 0.0004
2025-10-09 16:15:41,332 [INFO] Época 10/30, Batch 2950/3348, Loss: 0.0004
2025-10-09 16:15:41,601 [INFO] Época 10/30, Batch 3000/3348, Loss: 0.0002
2025-10-09 16:15:41,870 [INFO] Época 10/30, Batch 3050/3348, Loss: 0.0003
2025-10-09 16:15:42,138 [INFO] Época 10/30, Batch 3100/3348, Loss: 0.0003
2025-10-09 16:15:42,406 [INFO] Época 10/30, Batch 3150/3348, Loss: 0.0004
2025-10-09 16:15:42,680 [INFO] Época 10/30, Batch 3200/3348, Loss: 0.0002
2025-10-09 16:15:42,952 [INFO] Época 10/30, Batch 3250/3348, Loss: 0.0003
2025-10-09 16:15:43,229 [INFO] Época 10/30, Batch 3300/3348, Loss: 0.0004
2025-10-09 16:15:44,881 [INFO] [10/30] Train Loss: 0.0047 | Val Loss: 0.0003 | Tempo: 19.57s
2025-10-09 16:15:45,400 [INFO] Época 11/30, Batch 50/3348, Loss: 0.0003
2025-10-09 16:15:45,673 [INFO] Época 11/30, Batch 100/3348, Loss: 0.0004
2025-10-09 16:15:45,942 [INFO] Época 11/30, Batch 150/3348, Loss: 0.0004
2025-10-09 16:15:46,211 [INFO] Época 11/30, Batch 200/3348, Loss: 0.0002
2025-10-09 16:15:46,477 [INFO] Época 11/30, Batch 250/3348, Loss: 0.0004
2025-10-09 16:15:46,756 [INFO] Época 11/30, Batch 300/3348, Loss: 0.0003
2025-10-09 16:15:47,042 [INFO] Época 11/30, Batch 350/3348, Loss: 0.0005
2025-10-09 16:15:47,306 [INFO] Época 11/30, Batch 400/3348, Loss: 0.0003
2025-10-09 16:15:47,573 [INFO] Época 11/30, Batch 450/3348, Loss: 0.0002
2025-10-09 16:15:47,844 [INFO] Época 11/30, Batch 500/3348, Loss: 0.0002
2025-10-09 16:15:48,129 [INFO] Época 11/30, Batch 550/3348, Loss: 0.0003
2025-10-09 16:15:48,414 [INFO] Época 11/30, Batch 600/3348, Loss: 0.0003
2025-10-09 16:15:48,698 [INFO] Época 11/30, Batch 650/3348, Loss: 0.0002
2025-10-09 16:15:48,966 [INFO] Época 11/30, Batch 700/3348, Loss: 0.0002
2025-10-09 16:15:49,228 [INFO] Época 11/30, Batch 750/3348, Loss: 0.0003
2025-10-09 16:15:49,492 [INFO] Época 11/30, Batch 800/3348, Loss: 0.0002
2025-10-09 16:15:49,757 [INFO] Época 11/30, Batch 850/3348, Loss: 0.0002
2025-10-09 16:15:50,018 [INFO] Época 11/30, Batch 900/3348, Loss: 0.0004
2025-10-09 16:15:50,281 [INFO] Época 11/30, Batch 950/3348, Loss: 0.0002
2025-10-09 16:15:50,544 [INFO] Época 11/30, Batch 1000/3348, Loss: 0.0003
2025-10-09 16:15:50,811 [INFO] Época 11/30, Batch 1050/3348, Loss: 4.0182
2025-10-09 16:15:51,076 [INFO] Época 11/30, Batch 1100/3348, Loss: 0.0002
2025-10-09 16:15:51,342 [INFO] Época 11/30, Batch 1150/3348, Loss: 0.0003
2025-10-09 16:15:51,613 [INFO] Época 11/30, Batch 1200/3348, Loss: 0.0003
2025-10-09 16:15:51,895 [INFO] Época 11/30, Batch 1250/3348, Loss: 0.0002
2025-10-09 16:15:52,177 [INFO] Época 11/30, Batch 1300/3348, Loss: 0.0003
2025-10-09 16:15:52,458 [INFO] Época 11/30, Batch 1350/3348, Loss: 0.0003
2025-10-09 16:15:52,738 [INFO] Época 11/30, Batch 1400/3348, Loss: 0.0003
2025-10-09 16:15:53,015 [INFO] Época 11/30, Batch 1450/3348, Loss: 0.0002
2025-10-09 16:15:53,299 [INFO] Época 11/30, Batch 1500/3348, Loss: 0.0002
2025-10-09 16:15:53,577 [INFO] Época 11/30, Batch 1550/3348, Loss: 0.0002
2025-10-09 16:15:53,843 [INFO] Época 11/30, Batch 1600/3348, Loss: 0.0002
2025-10-09 16:15:54,108 [INFO] Época 11/30, Batch 1650/3348, Loss: 0.0003
2025-10-09 16:15:54,374 [INFO] Época 11/30, Batch 1700/3348, Loss: 0.0003
2025-10-09 16:15:54,640 [INFO] Época 11/30, Batch 1750/3348, Loss: 0.0004
2025-10-09 16:15:54,906 [INFO] Época 11/30, Batch 1800/3348, Loss: 0.0003
2025-10-09 16:15:55,172 [INFO] Época 11/30, Batch 1850/3348, Loss: 0.0002
2025-10-09 16:15:55,436 [INFO] Época 11/30, Batch 1900/3348, Loss: 0.0003
2025-10-09 16:15:55,707 [INFO] Época 11/30, Batch 1950/3348, Loss: 0.0002
2025-10-09 16:15:55,977 [INFO] Época 11/30, Batch 2000/3348, Loss: 0.0003
2025-10-09 16:15:56,249 [INFO] Época 11/30, Batch 2050/3348, Loss: 0.0003
2025-10-09 16:15:56,519 [INFO] Época 11/30, Batch 2100/3348, Loss: 0.0002
2025-10-09 16:15:56,786 [INFO] Época 11/30, Batch 2150/3348, Loss: 0.0003
2025-10-09 16:15:57,055 [INFO] Época 11/30, Batch 2200/3348, Loss: 0.0003
2025-10-09 16:15:57,320 [INFO] Época 11/30, Batch 2250/3348, Loss: 0.0002
2025-10-09 16:15:57,591 [INFO] Época 11/30, Batch 2300/3348, Loss: 0.0002
2025-10-09 16:15:57,869 [INFO] Época 11/30, Batch 2350/3348, Loss: 0.0002
2025-10-09 16:15:58,136 [INFO] Época 11/30, Batch 2400/3348, Loss: 0.0002
2025-10-09 16:15:58,418 [INFO] Época 11/30, Batch 2450/3348, Loss: 0.0008
2025-10-09 16:15:58,682 [INFO] Época 11/30, Batch 2500/3348, Loss: 0.0002
2025-10-09 16:15:58,954 [INFO] Época 11/30, Batch 2550/3348, Loss: 0.0002
2025-10-09 16:15:59,231 [INFO] Época 11/30, Batch 2600/3348, Loss: 0.0004
2025-10-09 16:15:59,495 [INFO] Época 11/30, Batch 2650/3348, Loss: 0.0004
2025-10-09 16:15:59,764 [INFO] Época 11/30, Batch 2700/3348, Loss: 0.0002
2025-10-09 16:16:00,032 [INFO] Época 11/30, Batch 2750/3348, Loss: 0.0003
2025-10-09 16:16:00,299 [INFO] Época 11/30, Batch 2800/3348, Loss: 0.0002
2025-10-09 16:16:00,565 [INFO] Época 11/30, Batch 2850/3348, Loss: 0.0001
2025-10-09 16:16:00,832 [INFO] Época 11/30, Batch 2900/3348, Loss: 0.0002
2025-10-09 16:16:01,098 [INFO] Época 11/30, Batch 2950/3348, Loss: 0.0002
2025-10-09 16:16:01,362 [INFO] Época 11/30, Batch 3000/3348, Loss: 0.0003
2025-10-09 16:16:01,634 [INFO] Época 11/30, Batch 3050/3348, Loss: 0.0004
2025-10-09 16:16:01,900 [INFO] Época 11/30, Batch 3100/3348, Loss: 0.0003
2025-10-09 16:16:02,166 [INFO] Época 11/30, Batch 3150/3348, Loss: 0.0003
2025-10-09 16:16:02,430 [INFO] Época 11/30, Batch 3200/3348, Loss: 0.0003
2025-10-09 16:16:02,705 [INFO] Época 11/30, Batch 3250/3348, Loss: 0.0002
2025-10-09 16:16:02,979 [INFO] Época 11/30, Batch 3300/3348, Loss: 0.0003
2025-10-09 16:16:04,696 [INFO] [11/30] Train Loss: 0.0047 | Val Loss: 0.0002 | Tempo: 19.82s
2025-10-09 16:16:05,185 [INFO] Época 12/30, Batch 50/3348, Loss: 0.0002
2025-10-09 16:16:05,467 [INFO] Época 12/30, Batch 100/3348, Loss: 0.0003
2025-10-09 16:16:05,749 [INFO] Época 12/30, Batch 150/3348, Loss: 0.0026
2025-10-09 16:16:06,033 [INFO] Época 12/30, Batch 200/3348, Loss: 0.0003
2025-10-09 16:16:06,318 [INFO] Época 12/30, Batch 250/3348, Loss: 0.0002
2025-10-09 16:16:06,603 [INFO] Época 12/30, Batch 300/3348, Loss: 0.0003
2025-10-09 16:16:06,866 [INFO] Época 12/30, Batch 350/3348, Loss: 0.0003
2025-10-09 16:16:07,127 [INFO] Época 12/30, Batch 400/3348, Loss: 0.0002
2025-10-09 16:16:07,388 [INFO] Época 12/30, Batch 450/3348, Loss: 0.0002
2025-10-09 16:16:07,649 [INFO] Época 12/30, Batch 500/3348, Loss: 0.0004
2025-10-09 16:16:07,912 [INFO] Época 12/30, Batch 550/3348, Loss: 0.0002
2025-10-09 16:16:08,172 [INFO] Época 12/30, Batch 600/3348, Loss: 0.0002
2025-10-09 16:16:08,434 [INFO] Época 12/30, Batch 650/3348, Loss: 0.0004
2025-10-09 16:16:08,694 [INFO] Época 12/30, Batch 700/3348, Loss: 0.0002
2025-10-09 16:16:08,949 [INFO] Época 12/30, Batch 750/3348, Loss: 0.0003
2025-10-09 16:16:09,205 [INFO] Época 12/30, Batch 800/3348, Loss: 0.0002
2025-10-09 16:16:09,460 [INFO] Época 12/30, Batch 850/3348, Loss: 0.0001
2025-10-09 16:16:09,721 [INFO] Época 12/30, Batch 900/3348, Loss: 0.0002
2025-10-09 16:16:09,979 [INFO] Época 12/30, Batch 950/3348, Loss: 0.0002
2025-10-09 16:16:10,234 [INFO] Época 12/30, Batch 1000/3348, Loss: 0.0003
2025-10-09 16:16:10,491 [INFO] Época 12/30, Batch 1050/3348, Loss: 0.0002
2025-10-09 16:16:10,750 [INFO] Época 12/30, Batch 1100/3348, Loss: 0.0002
2025-10-09 16:16:11,011 [INFO] Época 12/30, Batch 1150/3348, Loss: 0.0006
2025-10-09 16:16:11,272 [INFO] Época 12/30, Batch 1200/3348, Loss: 0.0004
2025-10-09 16:16:11,536 [INFO] Época 12/30, Batch 1250/3348, Loss: 0.0002
2025-10-09 16:16:11,799 [INFO] Época 12/30, Batch 1300/3348, Loss: 0.0003
2025-10-09 16:16:12,062 [INFO] Época 12/30, Batch 1350/3348, Loss: 0.0002
2025-10-09 16:16:12,324 [INFO] Época 12/30, Batch 1400/3348, Loss: 0.0002
2025-10-09 16:16:12,586 [INFO] Época 12/30, Batch 1450/3348, Loss: 0.0003
2025-10-09 16:16:12,846 [INFO] Época 12/30, Batch 1500/3348, Loss: 0.0003
2025-10-09 16:16:13,110 [INFO] Época 12/30, Batch 1550/3348, Loss: 0.0002
2025-10-09 16:16:13,386 [INFO] Época 12/30, Batch 1600/3348, Loss: 0.0004
2025-10-09 16:16:13,656 [INFO] Época 12/30, Batch 1650/3348, Loss: 0.0002
2025-10-09 16:16:13,936 [INFO] Época 12/30, Batch 1700/3348, Loss: 0.0002
2025-10-09 16:16:14,212 [INFO] Época 12/30, Batch 1750/3348, Loss: 0.0002
2025-10-09 16:16:14,484 [INFO] Época 12/30, Batch 1800/3348, Loss: 0.0003
2025-10-09 16:16:14,759 [INFO] Época 12/30, Batch 1850/3348, Loss: 0.0002
2025-10-09 16:16:15,032 [INFO] Época 12/30, Batch 1900/3348, Loss: 0.0002
2025-10-09 16:16:15,304 [INFO] Época 12/30, Batch 1950/3348, Loss: 0.0002
2025-10-09 16:16:15,578 [INFO] Época 12/30, Batch 2000/3348, Loss: 0.0002
2025-10-09 16:16:15,850 [INFO] Época 12/30, Batch 2050/3348, Loss: 0.0003
2025-10-09 16:16:16,123 [INFO] Época 12/30, Batch 2100/3348, Loss: 0.0002
2025-10-09 16:16:16,396 [INFO] Época 12/30, Batch 2150/3348, Loss: 0.0003
2025-10-09 16:16:16,670 [INFO] Época 12/30, Batch 2200/3348, Loss: 0.0002
2025-10-09 16:16:16,945 [INFO] Época 12/30, Batch 2250/3348, Loss: 0.0003
2025-10-09 16:16:17,219 [INFO] Época 12/30, Batch 2300/3348, Loss: 0.0002
2025-10-09 16:16:17,493 [INFO] Época 12/30, Batch 2350/3348, Loss: 0.0002
2025-10-09 16:16:17,751 [INFO] Época 12/30, Batch 2400/3348, Loss: 0.0002
2025-10-09 16:16:18,022 [INFO] Época 12/30, Batch 2450/3348, Loss: 0.0002
2025-10-09 16:16:18,279 [INFO] Época 12/30, Batch 2500/3348, Loss: 0.0004
2025-10-09 16:16:18,532 [INFO] Época 12/30, Batch 2550/3348, Loss: 0.0002
2025-10-09 16:16:18,785 [INFO] Época 12/30, Batch 2600/3348, Loss: 0.0002
2025-10-09 16:16:19,052 [INFO] Época 12/30, Batch 2650/3348, Loss: 0.0003
2025-10-09 16:16:19,322 [INFO] Época 12/30, Batch 2700/3348, Loss: 0.0002
2025-10-09 16:16:19,594 [INFO] Época 12/30, Batch 2750/3348, Loss: 0.0003
2025-10-09 16:16:19,865 [INFO] Época 12/30, Batch 2800/3348, Loss: 0.0002
2025-10-09 16:16:20,137 [INFO] Época 12/30, Batch 2850/3348, Loss: 0.0005
2025-10-09 16:16:20,410 [INFO] Época 12/30, Batch 2900/3348, Loss: 0.0003
2025-10-09 16:16:20,671 [INFO] Época 12/30, Batch 2950/3348, Loss: 0.0003
2025-10-09 16:16:20,941 [INFO] Época 12/30, Batch 3000/3348, Loss: 0.0004
2025-10-09 16:16:21,214 [INFO] Época 12/30, Batch 3050/3348, Loss: 0.0002
2025-10-09 16:16:21,485 [INFO] Época 12/30, Batch 3100/3348, Loss: 0.0003
2025-10-09 16:16:21,759 [INFO] Época 12/30, Batch 3150/3348, Loss: 0.0003
2025-10-09 16:16:22,030 [INFO] Época 12/30, Batch 3200/3348, Loss: 0.0002
2025-10-09 16:16:22,293 [INFO] Época 12/30, Batch 3250/3348, Loss: 0.0004
2025-10-09 16:16:22,536 [INFO] Época 12/30, Batch 3300/3348, Loss: 0.0002
2025-10-09 16:16:24,118 [INFO] [12/30] Train Loss: 0.0047 | Val Loss: 0.0002 | Tempo: 19.42s
2025-10-09 16:16:24,124 [INFO] Melhor modelo salvo em: /mnt/hdd/home/jdurao/ToolBox-ChemXAI/models/mlp_qm9_Pattern_att0_large.pth
2025-10-09 16:16:24,578 [INFO] Época 13/30, Batch 50/3348, Loss: 0.0002
2025-10-09 16:16:24,833 [INFO] Época 13/30, Batch 100/3348, Loss: 0.0003
2025-10-09 16:16:25,085 [INFO] Época 13/30, Batch 150/3348, Loss: 0.0003
2025-10-09 16:16:25,338 [INFO] Época 13/30, Batch 200/3348, Loss: 0.0002
2025-10-09 16:16:25,586 [INFO] Época 13/30, Batch 250/3348, Loss: 0.0002
2025-10-09 16:16:25,848 [INFO] Época 13/30, Batch 300/3348, Loss: 0.0002
2025-10-09 16:16:26,103 [INFO] Época 13/30, Batch 350/3348, Loss: 0.0004
2025-10-09 16:16:26,359 [INFO] Época 13/30, Batch 400/3348, Loss: 0.0002
2025-10-09 16:16:26,614 [INFO] Época 13/30, Batch 450/3348, Loss: 0.0003
2025-10-09 16:16:26,866 [INFO] Época 13/30, Batch 500/3348, Loss: 0.0002
2025-10-09 16:16:27,123 [INFO] Época 13/30, Batch 550/3348, Loss: 0.0003
2025-10-09 16:16:27,378 [INFO] Época 13/30, Batch 600/3348, Loss: 0.0002
2025-10-09 16:16:27,634 [INFO] Época 13/30, Batch 650/3348, Loss: 0.0002
2025-10-09 16:16:27,888 [INFO] Época 13/30, Batch 700/3348, Loss: 0.0004
2025-10-09 16:16:28,134 [INFO] Época 13/30, Batch 750/3348, Loss: 0.0003
2025-10-09 16:16:28,383 [INFO] Época 13/30, Batch 800/3348, Loss: 0.0002
2025-10-09 16:16:28,642 [INFO] Época 13/30, Batch 850/3348, Loss: 0.0002
2025-10-09 16:16:28,888 [INFO] Época 13/30, Batch 900/3348, Loss: 0.0002
2025-10-09 16:16:29,134 [INFO] Época 13/30, Batch 950/3348, Loss: 0.0002
2025-10-09 16:16:29,380 [INFO] Época 13/30, Batch 1000/3348, Loss: 0.0003
2025-10-09 16:16:29,625 [INFO] Época 13/30, Batch 1050/3348, Loss: 0.0003
2025-10-09 16:16:29,870 [INFO] Época 13/30, Batch 1100/3348, Loss: 0.0002
2025-10-09 16:16:30,131 [INFO] Época 13/30, Batch 1150/3348, Loss: 0.0004
2025-10-09 16:16:30,406 [INFO] Época 13/30, Batch 1200/3348, Loss: 0.0002
2025-10-09 16:16:30,681 [INFO] Época 13/30, Batch 1250/3348, Loss: 0.0002
2025-10-09 16:16:30,956 [INFO] Época 13/30, Batch 1300/3348, Loss: 0.0002
2025-10-09 16:16:31,231 [INFO] Época 13/30, Batch 1350/3348, Loss: 0.0003
2025-10-09 16:16:31,507 [INFO] Época 13/30, Batch 1400/3348, Loss: 0.0002
2025-10-09 16:16:31,782 [INFO] Época 13/30, Batch 1450/3348, Loss: 0.0003
2025-10-09 16:16:32,059 [INFO] Época 13/30, Batch 1500/3348, Loss: 0.0003
2025-10-09 16:16:32,335 [INFO] Época 13/30, Batch 1550/3348, Loss: 0.0004
2025-10-09 16:16:32,611 [INFO] Época 13/30, Batch 1600/3348, Loss: 0.0002
2025-10-09 16:16:32,879 [INFO] Época 13/30, Batch 1650/3348, Loss: 0.0002
2025-10-09 16:16:33,141 [INFO] Época 13/30, Batch 1700/3348, Loss: 0.0002
2025-10-09 16:16:33,404 [INFO] Época 13/30, Batch 1750/3348, Loss: 0.0029
2025-10-09 16:16:33,668 [INFO] Época 13/30, Batch 1800/3348, Loss: 0.0002
2025-10-09 16:16:33,931 [INFO] Época 13/30, Batch 1850/3348, Loss: 0.0004
2025-10-09 16:16:34,188 [INFO] Época 13/30, Batch 1900/3348, Loss: 0.0003
2025-10-09 16:16:34,435 [INFO] Época 13/30, Batch 1950/3348, Loss: 0.0003
2025-10-09 16:16:34,681 [INFO] Época 13/30, Batch 2000/3348, Loss: 0.0003
2025-10-09 16:16:34,927 [INFO] Época 13/30, Batch 2050/3348, Loss: 0.0003
2025-10-09 16:16:35,172 [INFO] Época 13/30, Batch 2100/3348, Loss: 0.0002
2025-10-09 16:16:35,420 [INFO] Época 13/30, Batch 2150/3348, Loss: 0.0002
2025-10-09 16:16:35,669 [INFO] Época 13/30, Batch 2200/3348, Loss: 0.0004
2025-10-09 16:16:35,942 [INFO] Época 13/30, Batch 2250/3348, Loss: 0.0002
2025-10-09 16:16:36,218 [INFO] Época 13/30, Batch 2300/3348, Loss: 0.0003
2025-10-09 16:16:36,495 [INFO] Época 13/30, Batch 2350/3348, Loss: 0.0001
2025-10-09 16:16:36,775 [INFO] Época 13/30, Batch 2400/3348, Loss: 0.0003
2025-10-09 16:16:37,051 [INFO] Época 13/30, Batch 2450/3348, Loss: 0.0003
2025-10-09 16:16:37,325 [INFO] Época 13/30, Batch 2500/3348, Loss: 0.0004
2025-10-09 16:16:37,602 [INFO] Época 13/30, Batch 2550/3348, Loss: 0.0002
2025-10-09 16:16:37,881 [INFO] Época 13/30, Batch 2600/3348, Loss: 0.0004
2025-10-09 16:16:38,157 [INFO] Época 13/30, Batch 2650/3348, Loss: 0.0004
2025-10-09 16:16:38,431 [INFO] Época 13/30, Batch 2700/3348, Loss: 0.0002
2025-10-09 16:16:38,705 [INFO] Época 13/30, Batch 2750/3348, Loss: 0.0002
2025-10-09 16:16:38,972 [INFO] Época 13/30, Batch 2800/3348, Loss: 0.0002
2025-10-09 16:16:39,226 [INFO] Época 13/30, Batch 2850/3348, Loss: 0.0003
2025-10-09 16:16:39,484 [INFO] Época 13/30, Batch 2900/3348, Loss: 0.0003
2025-10-09 16:16:39,745 [INFO] Época 13/30, Batch 2950/3348, Loss: 0.0002
2025-10-09 16:16:39,997 [INFO] Época 13/30, Batch 3000/3348, Loss: 0.0003
2025-10-09 16:16:40,256 [INFO] Época 13/30, Batch 3050/3348, Loss: 0.0004
2025-10-09 16:16:40,508 [INFO] Época 13/30, Batch 3100/3348, Loss: 0.0003
2025-10-09 16:16:40,763 [INFO] Época 13/30, Batch 3150/3348, Loss: 0.0002
2025-10-09 16:16:41,017 [INFO] Época 13/30, Batch 3200/3348, Loss: 0.0002
2025-10-09 16:16:41,270 [INFO] Época 13/30, Batch 3250/3348, Loss: 0.0002
2025-10-09 16:16:41,524 [INFO] Época 13/30, Batch 3300/3348, Loss: 0.0002
2025-10-09 16:16:43,081 [INFO] [13/30] Train Loss: 0.0047 | Val Loss: 0.0003 | Tempo: 18.96s
2025-10-09 16:16:43,554 [INFO] Época 14/30, Batch 50/3348, Loss: 0.0003
2025-10-09 16:16:43,823 [INFO] Época 14/30, Batch 100/3348, Loss: 0.0003
2025-10-09 16:16:44,089 [INFO] Época 14/30, Batch 150/3348, Loss: 0.0002
2025-10-09 16:16:44,351 [INFO] Época 14/30, Batch 200/3348, Loss: 0.0002
2025-10-09 16:16:44,615 [INFO] Época 14/30, Batch 250/3348, Loss: 0.0003
2025-10-09 16:16:44,879 [INFO] Época 14/30, Batch 300/3348, Loss: 0.0002
2025-10-09 16:16:45,141 [INFO] Época 14/30, Batch 350/3348, Loss: 0.0001
2025-10-09 16:16:45,406 [INFO] Época 14/30, Batch 400/3348, Loss: 0.0002
2025-10-09 16:16:45,669 [INFO] Época 14/30, Batch 450/3348, Loss: 0.0003
2025-10-09 16:16:45,931 [INFO] Época 14/30, Batch 500/3348, Loss: 0.0003
2025-10-09 16:16:46,192 [INFO] Época 14/30, Batch 550/3348, Loss: 0.0003
2025-10-09 16:16:46,453 [INFO] Época 14/30, Batch 600/3348, Loss: 0.0003
2025-10-09 16:16:46,714 [INFO] Época 14/30, Batch 650/3348, Loss: 0.0002
2025-10-09 16:16:46,976 [INFO] Época 14/30, Batch 700/3348, Loss: 0.0002
2025-10-09 16:16:47,238 [INFO] Época 14/30, Batch 750/3348, Loss: 0.0003
2025-10-09 16:16:47,500 [INFO] Época 14/30, Batch 800/3348, Loss: 0.0001
2025-10-09 16:16:47,760 [INFO] Época 14/30, Batch 850/3348, Loss: 0.0002
2025-10-09 16:16:48,015 [INFO] Época 14/30, Batch 900/3348, Loss: 0.0002
2025-10-09 16:16:48,273 [INFO] Época 14/30, Batch 950/3348, Loss: 0.0002
2025-10-09 16:16:48,533 [INFO] Época 14/30, Batch 1000/3348, Loss: 0.0002
2025-10-09 16:16:48,792 [INFO] Época 14/30, Batch 1050/3348, Loss: 0.0002
2025-10-09 16:16:49,048 [INFO] Época 14/30, Batch 1100/3348, Loss: 0.0003
2025-10-09 16:16:49,308 [INFO] Época 14/30, Batch 1150/3348, Loss: 0.0003
2025-10-09 16:16:49,566 [INFO] Época 14/30, Batch 1200/3348, Loss: 0.0002
2025-10-09 16:16:49,821 [INFO] Época 14/30, Batch 1250/3348, Loss: 0.0002
2025-10-09 16:16:50,084 [INFO] Época 14/30, Batch 1300/3348, Loss: 0.0001
2025-10-09 16:16:50,345 [INFO] Época 14/30, Batch 1350/3348, Loss: 0.0003
2025-10-09 16:16:50,605 [INFO] Época 14/30, Batch 1400/3348, Loss: 0.0002
2025-10-09 16:16:50,865 [INFO] Época 14/30, Batch 1450/3348, Loss: 0.0004
2025-10-09 16:16:51,117 [INFO] Época 14/30, Batch 1500/3348, Loss: 0.0003
2025-10-09 16:16:51,378 [INFO] Época 14/30, Batch 1550/3348, Loss: 0.0002
2025-10-09 16:16:51,634 [INFO] Época 14/30, Batch 1600/3348, Loss: 0.0002
2025-10-09 16:16:51,894 [INFO] Época 14/30, Batch 1650/3348, Loss: 0.0002
2025-10-09 16:16:52,157 [INFO] Época 14/30, Batch 1700/3348, Loss: 0.0002
2025-10-09 16:16:52,418 [INFO] Época 14/30, Batch 1750/3348, Loss: 0.0002
2025-10-09 16:16:52,680 [INFO] Época 14/30, Batch 1800/3348, Loss: 0.0003
2025-10-09 16:16:52,935 [INFO] Época 14/30, Batch 1850/3348, Loss: 0.0002
2025-10-09 16:16:53,198 [INFO] Época 14/30, Batch 1900/3348, Loss: 0.0002
2025-10-09 16:16:53,462 [INFO] Época 14/30, Batch 1950/3348, Loss: 0.0005
2025-10-09 16:16:53,724 [INFO] Época 14/30, Batch 2000/3348, Loss: 0.0002
2025-10-09 16:16:53,982 [INFO] Época 14/30, Batch 2050/3348, Loss: 0.0003
2025-10-09 16:16:54,233 [INFO] Época 14/30, Batch 2100/3348, Loss: 0.0002
2025-10-09 16:16:54,483 [INFO] Época 14/30, Batch 2150/3348, Loss: 0.0003
2025-10-09 16:16:54,736 [INFO] Época 14/30, Batch 2200/3348, Loss: 0.0003
2025-10-09 16:16:54,991 [INFO] Época 14/30, Batch 2250/3348, Loss: 0.0003
2025-10-09 16:16:55,250 [INFO] Época 14/30, Batch 2300/3348, Loss: 0.0004
2025-10-09 16:16:55,506 [INFO] Época 14/30, Batch 2350/3348, Loss: 0.0002
2025-10-09 16:16:55,755 [INFO] Época 14/30, Batch 2400/3348, Loss: 0.0002
2025-10-09 16:16:56,000 [INFO] Época 14/30, Batch 2450/3348, Loss: 0.0002
2025-10-09 16:16:56,246 [INFO] Época 14/30, Batch 2500/3348, Loss: 0.0002
2025-10-09 16:16:56,493 [INFO] Época 14/30, Batch 2550/3348, Loss: 0.0006
2025-10-09 16:16:56,745 [INFO] Época 14/30, Batch 2600/3348, Loss: 0.0005
2025-10-09 16:16:56,986 [INFO] Época 14/30, Batch 2650/3348, Loss: 0.0003
2025-10-09 16:16:57,228 [INFO] Época 14/30, Batch 2700/3348, Loss: 0.0002
2025-10-09 16:16:57,471 [INFO] Época 14/30, Batch 2750/3348, Loss: 0.0002
2025-10-09 16:16:57,713 [INFO] Época 14/30, Batch 2800/3348, Loss: 0.0002
2025-10-09 16:16:57,965 [INFO] Época 14/30, Batch 2850/3348, Loss: 0.0003
2025-10-09 16:16:58,212 [INFO] Época 14/30, Batch 2900/3348, Loss: 0.0003
2025-10-09 16:16:58,455 [INFO] Época 14/30, Batch 2950/3348, Loss: 0.0002
2025-10-09 16:16:58,699 [INFO] Época 14/30, Batch 3000/3348, Loss: 0.0003
2025-10-09 16:16:58,941 [INFO] Época 14/30, Batch 3050/3348, Loss: 0.0003
2025-10-09 16:16:59,182 [INFO] Época 14/30, Batch 3100/3348, Loss: 0.0003
2025-10-09 16:16:59,428 [INFO] Época 14/30, Batch 3150/3348, Loss: 0.0001
2025-10-09 16:16:59,681 [INFO] Época 14/30, Batch 3200/3348, Loss: 0.0002
2025-10-09 16:16:59,930 [INFO] Época 14/30, Batch 3250/3348, Loss: 0.0002
2025-10-09 16:17:00,177 [INFO] Época 14/30, Batch 3300/3348, Loss: 0.0002
2025-10-09 16:17:01,715 [INFO] [14/30] Train Loss: 0.0047 | Val Loss: 0.0004 | Tempo: 18.63s
2025-10-09 16:17:02,169 [INFO] Época 15/30, Batch 50/3348, Loss: 0.0004
2025-10-09 16:17:02,427 [INFO] Época 15/30, Batch 100/3348, Loss: 0.0002
2025-10-09 16:17:02,683 [INFO] Época 15/30, Batch 150/3348, Loss: 0.0002
2025-10-09 16:17:02,936 [INFO] Época 15/30, Batch 200/3348, Loss: 0.0002
2025-10-09 16:17:03,183 [INFO] Época 15/30, Batch 250/3348, Loss: 0.0003
2025-10-09 16:17:03,437 [INFO] Época 15/30, Batch 300/3348, Loss: 0.0002
2025-10-09 16:17:03,693 [INFO] Época 15/30, Batch 350/3348, Loss: 0.0005
2025-10-09 16:17:03,945 [INFO] Época 15/30, Batch 400/3348, Loss: 0.0002
2025-10-09 16:17:04,191 [INFO] Época 15/30, Batch 450/3348, Loss: 0.0001
2025-10-09 16:17:04,436 [INFO] Época 15/30, Batch 500/3348, Loss: 0.0003
2025-10-09 16:17:04,690 [INFO] Época 15/30, Batch 550/3348, Loss: 0.0002
2025-10-09 16:17:04,944 [INFO] Época 15/30, Batch 600/3348, Loss: 0.0002
2025-10-09 16:17:05,198 [INFO] Época 15/30, Batch 650/3348, Loss: 0.0002
2025-10-09 16:17:05,454 [INFO] Época 15/30, Batch 700/3348, Loss: 0.0001
2025-10-09 16:17:05,708 [INFO] Época 15/30, Batch 750/3348, Loss: 0.0001
2025-10-09 16:17:05,962 [INFO] Época 15/30, Batch 800/3348, Loss: 0.0002
2025-10-09 16:17:06,214 [INFO] Época 15/30, Batch 850/3348, Loss: 0.0002
2025-10-09 16:17:06,465 [INFO] Época 15/30, Batch 900/3348, Loss: 0.0003
2025-10-09 16:17:06,709 [INFO] Época 15/30, Batch 950/3348, Loss: 0.0002
2025-10-09 16:17:06,951 [INFO] Época 15/30, Batch 1000/3348, Loss: 0.0002
2025-10-09 16:17:07,193 [INFO] Época 15/30, Batch 1050/3348, Loss: 0.0003
2025-10-09 16:17:07,438 [INFO] Época 15/30, Batch 1100/3348, Loss: 0.0002
2025-10-09 16:17:07,681 [INFO] Época 15/30, Batch 1150/3348, Loss: 0.0002
2025-10-09 16:17:07,934 [INFO] Época 15/30, Batch 1200/3348, Loss: 0.0002
2025-10-09 16:17:08,182 [INFO] Época 15/30, Batch 1250/3348, Loss: 0.0003
2025-10-09 16:17:08,425 [INFO] Época 15/30, Batch 1300/3348, Loss: 0.0002
2025-10-09 16:17:08,670 [INFO] Época 15/30, Batch 1350/3348, Loss: 0.0007
2025-10-09 16:17:08,913 [INFO] Época 15/30, Batch 1400/3348, Loss: 0.0002
2025-10-09 16:17:09,157 [INFO] Época 15/30, Batch 1450/3348, Loss: 0.0003
2025-10-09 16:17:09,397 [INFO] Época 15/30, Batch 1500/3348, Loss: 0.0002
2025-10-09 16:17:09,644 [INFO] Época 15/30, Batch 1550/3348, Loss: 0.0003
2025-10-09 16:17:09,897 [INFO] Época 15/30, Batch 1600/3348, Loss: 0.0002
2025-10-09 16:17:10,150 [INFO] Época 15/30, Batch 1650/3348, Loss: 0.0003
2025-10-09 16:17:10,399 [INFO] Época 15/30, Batch 1700/3348, Loss: 0.0004
2025-10-09 16:17:10,643 [INFO] Época 15/30, Batch 1750/3348, Loss: 0.0003
2025-10-09 16:17:10,887 [INFO] Época 15/30, Batch 1800/3348, Loss: 0.0003
2025-10-09 16:17:11,130 [INFO] Época 15/30, Batch 1850/3348, Loss: 0.0002
2025-10-09 16:17:11,372 [INFO] Época 15/30, Batch 1900/3348, Loss: 0.0003
2025-10-09 16:17:11,624 [INFO] Época 15/30, Batch 1950/3348, Loss: 0.0002
2025-10-09 16:17:11,877 [INFO] Época 15/30, Batch 2000/3348, Loss: 0.0002
2025-10-09 16:17:12,130 [INFO] Época 15/30, Batch 2050/3348, Loss: 0.0002
2025-10-09 16:17:12,383 [INFO] Época 15/30, Batch 2100/3348, Loss: 0.0002
2025-10-09 16:17:12,636 [INFO] Época 15/30, Batch 2150/3348, Loss: 0.0002
2025-10-09 16:17:12,889 [INFO] Época 15/30, Batch 2200/3348, Loss: 0.0003
2025-10-09 16:17:13,141 [INFO] Época 15/30, Batch 2250/3348, Loss: 0.0004
2025-10-09 16:17:13,394 [INFO] Época 15/30, Batch 2300/3348, Loss: 0.0003
2025-10-09 16:17:13,650 [INFO] Época 15/30, Batch 2350/3348, Loss: 0.0003
2025-10-09 16:17:13,902 [INFO] Época 15/30, Batch 2400/3348, Loss: 0.0003
2025-10-09 16:17:14,154 [INFO] Época 15/30, Batch 2450/3348, Loss: 0.0002
2025-10-09 16:17:14,405 [INFO] Época 15/30, Batch 2500/3348, Loss: 0.0003
2025-10-09 16:17:14,659 [INFO] Época 15/30, Batch 2550/3348, Loss: 0.0003
2025-10-09 16:17:14,911 [INFO] Época 15/30, Batch 2600/3348, Loss: 0.0003
2025-10-09 16:17:15,164 [INFO] Época 15/30, Batch 2650/3348, Loss: 0.0002
2025-10-09 16:17:15,416 [INFO] Época 15/30, Batch 2700/3348, Loss: 0.0002
2025-10-09 16:17:15,671 [INFO] Época 15/30, Batch 2750/3348, Loss: 0.0002
2025-10-09 16:17:15,923 [INFO] Época 15/30, Batch 2800/3348, Loss: 0.0002
2025-10-09 16:17:16,176 [INFO] Época 15/30, Batch 2850/3348, Loss: 0.0002
2025-10-09 16:17:16,429 [INFO] Época 15/30, Batch 2900/3348, Loss: 0.0002
2025-10-09 16:17:16,674 [INFO] Época 15/30, Batch 2950/3348, Loss: 0.0003
2025-10-09 16:17:16,919 [INFO] Época 15/30, Batch 3000/3348, Loss: 0.0002
2025-10-09 16:17:17,174 [INFO] Época 15/30, Batch 3050/3348, Loss: 0.0002
2025-10-09 16:17:17,426 [INFO] Época 15/30, Batch 3100/3348, Loss: 0.0002
2025-10-09 16:17:17,667 [INFO] Época 15/30, Batch 3150/3348, Loss: 0.0002
2025-10-09 16:17:17,914 [INFO] Época 15/30, Batch 3200/3348, Loss: 0.0004
2025-10-09 16:17:18,168 [INFO] Época 15/30, Batch 3250/3348, Loss: 0.0002
2025-10-09 16:17:18,421 [INFO] Época 15/30, Batch 3300/3348, Loss: 0.0002
2025-10-09 16:17:20,010 [INFO] [15/30] Train Loss: 0.0047 | Val Loss: 0.0004 | Tempo: 18.29s
2025-10-09 16:17:20,460 [INFO] Época 16/30, Batch 50/3348, Loss: 0.0003
2025-10-09 16:17:20,710 [INFO] Época 16/30, Batch 100/3348, Loss: 0.0002
2025-10-09 16:17:20,959 [INFO] Época 16/30, Batch 150/3348, Loss: 0.0002
2025-10-09 16:17:21,206 [INFO] Época 16/30, Batch 200/3348, Loss: 0.0002
2025-10-09 16:17:21,452 [INFO] Época 16/30, Batch 250/3348, Loss: 0.0002
2025-10-09 16:17:21,699 [INFO] Época 16/30, Batch 300/3348, Loss: 0.0002
2025-10-09 16:17:21,943 [INFO] Época 16/30, Batch 350/3348, Loss: 0.0002
2025-10-09 16:17:22,189 [INFO] Época 16/30, Batch 400/3348, Loss: 0.0002
2025-10-09 16:17:22,436 [INFO] Época 16/30, Batch 450/3348, Loss: 0.0002
2025-10-09 16:17:22,683 [INFO] Época 16/30, Batch 500/3348, Loss: 0.0002
2025-10-09 16:17:22,932 [INFO] Época 16/30, Batch 550/3348, Loss: 0.0002
2025-10-09 16:17:23,188 [INFO] Época 16/30, Batch 600/3348, Loss: 0.0002
2025-10-09 16:17:23,435 [INFO] Época 16/30, Batch 650/3348, Loss: 0.0002
2025-10-09 16:17:23,687 [INFO] Época 16/30, Batch 700/3348, Loss: 0.0002
2025-10-09 16:17:23,938 [INFO] Época 16/30, Batch 750/3348, Loss: 0.0001
2025-10-09 16:17:24,177 [INFO] Época 16/30, Batch 800/3348, Loss: 0.0003
2025-10-09 16:17:24,416 [INFO] Época 16/30, Batch 850/3348, Loss: 0.0002
2025-10-09 16:17:24,654 [INFO] Época 16/30, Batch 900/3348, Loss: 0.0004
2025-10-09 16:17:24,896 [INFO] Época 16/30, Batch 950/3348, Loss: 0.0002
2025-10-09 16:17:25,138 [INFO] Época 16/30, Batch 1000/3348, Loss: 0.0003
2025-10-09 16:17:25,383 [INFO] Época 16/30, Batch 1050/3348, Loss: 0.0002
2025-10-09 16:17:25,625 [INFO] Época 16/30, Batch 1100/3348, Loss: 0.0003
2025-10-09 16:17:25,868 [INFO] Época 16/30, Batch 1150/3348, Loss: 0.0002
2025-10-09 16:17:26,110 [INFO] Época 16/30, Batch 1200/3348, Loss: 0.0003
2025-10-09 16:17:26,349 [INFO] Época 16/30, Batch 1250/3348, Loss: 0.0003
2025-10-09 16:17:26,588 [INFO] Época 16/30, Batch 1300/3348, Loss: 0.0003
2025-10-09 16:17:26,827 [INFO] Época 16/30, Batch 1350/3348, Loss: 0.0002
2025-10-09 16:17:27,072 [INFO] Época 16/30, Batch 1400/3348, Loss: 0.0002
2025-10-09 16:17:27,320 [INFO] Época 16/30, Batch 1450/3348, Loss: 0.0002
2025-10-09 16:17:27,569 [INFO] Época 16/30, Batch 1500/3348, Loss: 0.0004
2025-10-09 16:17:27,823 [INFO] Época 16/30, Batch 1550/3348, Loss: 0.0002
2025-10-09 16:17:28,070 [INFO] Época 16/30, Batch 1600/3348, Loss: 0.0002
2025-10-09 16:17:28,315 [INFO] Época 16/30, Batch 1650/3348, Loss: 0.0003
2025-10-09 16:17:28,563 [INFO] Época 16/30, Batch 1700/3348, Loss: 0.0003
2025-10-09 16:17:28,814 [INFO] Época 16/30, Batch 1750/3348, Loss: 0.0003
2025-10-09 16:17:29,066 [INFO] Época 16/30, Batch 1800/3348, Loss: 0.0002
2025-10-09 16:17:29,319 [INFO] Época 16/30, Batch 1850/3348, Loss: 0.0002
2025-10-09 16:17:29,575 [INFO] Época 16/30, Batch 1900/3348, Loss: 0.0001
2025-10-09 16:17:29,831 [INFO] Época 16/30, Batch 1950/3348, Loss: 0.0003
2025-10-09 16:17:30,082 [INFO] Época 16/30, Batch 2000/3348, Loss: 0.0002
2025-10-09 16:17:30,334 [INFO] Época 16/30, Batch 2050/3348, Loss: 0.0002
2025-10-09 16:17:30,588 [INFO] Época 16/30, Batch 2100/3348, Loss: 0.0002
2025-10-09 16:17:30,841 [INFO] Época 16/30, Batch 2150/3348, Loss: 0.0002
2025-10-09 16:17:31,095 [INFO] Época 16/30, Batch 2200/3348, Loss: 0.0003
2025-10-09 16:17:31,348 [INFO] Época 16/30, Batch 2250/3348, Loss: 0.0002
2025-10-09 16:17:31,603 [INFO] Época 16/30, Batch 2300/3348, Loss: 0.0002
2025-10-09 16:17:31,857 [INFO] Época 16/30, Batch 2350/3348, Loss: 0.0003
2025-10-09 16:17:32,114 [INFO] Época 16/30, Batch 2400/3348, Loss: 0.0003
2025-10-09 16:17:32,370 [INFO] Época 16/30, Batch 2450/3348, Loss: 0.0002
2025-10-09 16:17:32,628 [INFO] Época 16/30, Batch 2500/3348, Loss: 0.0002
2025-10-09 16:17:32,887 [INFO] Época 16/30, Batch 2550/3348, Loss: 0.0003
2025-10-09 16:17:33,136 [INFO] Época 16/30, Batch 2600/3348, Loss: 0.0002
2025-10-09 16:17:33,382 [INFO] Época 16/30, Batch 2650/3348, Loss: 0.0003
2025-10-09 16:17:33,627 [INFO] Época 16/30, Batch 2700/3348, Loss: 0.0003
2025-10-09 16:17:33,878 [INFO] Época 16/30, Batch 2750/3348, Loss: 0.0002
2025-10-09 16:17:34,130 [INFO] Época 16/30, Batch 2800/3348, Loss: 0.0002
2025-10-09 16:17:34,376 [INFO] Época 16/30, Batch 2850/3348, Loss: 0.0002
2025-10-09 16:17:34,625 [INFO] Época 16/30, Batch 2900/3348, Loss: 0.0002
2025-10-09 16:17:34,872 [INFO] Época 16/30, Batch 2950/3348, Loss: 0.0002
2025-10-09 16:17:35,121 [INFO] Época 16/30, Batch 3000/3348, Loss: 0.0002
2025-10-09 16:17:35,369 [INFO] Época 16/30, Batch 3050/3348, Loss: 0.0002
2025-10-09 16:17:35,616 [INFO] Época 16/30, Batch 3100/3348, Loss: 0.0002
2025-10-09 16:17:35,865 [INFO] Época 16/30, Batch 3150/3348, Loss: 0.0002
2025-10-09 16:17:36,120 [INFO] Época 16/30, Batch 3200/3348, Loss: 0.0002
2025-10-09 16:17:36,374 [INFO] Época 16/30, Batch 3250/3348, Loss: 0.0004
2025-10-09 16:17:36,630 [INFO] Época 16/30, Batch 3300/3348, Loss: 0.0002
2025-10-09 16:17:38,180 [INFO] [16/30] Train Loss: 0.0047 | Val Loss: 0.0003 | Tempo: 18.17s
2025-10-09 16:17:38,649 [INFO] Época 17/30, Batch 50/3348, Loss: 0.0002
2025-10-09 16:17:38,913 [INFO] Época 17/30, Batch 100/3348, Loss: 0.0002
2025-10-09 16:17:39,167 [INFO] Época 17/30, Batch 150/3348, Loss: 10.7061
2025-10-09 16:17:39,422 [INFO] Época 17/30, Batch 200/3348, Loss: 0.0002
2025-10-09 16:17:39,677 [INFO] Época 17/30, Batch 250/3348, Loss: 0.0008
2025-10-09 16:17:39,932 [INFO] Época 17/30, Batch 300/3348, Loss: 0.0003
2025-10-09 16:17:40,181 [INFO] Época 17/30, Batch 350/3348, Loss: 0.0002
2025-10-09 16:17:40,435 [INFO] Época 17/30, Batch 400/3348, Loss: 0.0002
2025-10-09 16:17:40,688 [INFO] Época 17/30, Batch 450/3348, Loss: 0.0002
2025-10-09 16:17:40,945 [INFO] Época 17/30, Batch 500/3348, Loss: 0.0002
2025-10-09 16:17:41,203 [INFO] Época 17/30, Batch 550/3348, Loss: 0.0002
2025-10-09 16:17:41,487 [INFO] Época 17/30, Batch 600/3348, Loss: 0.0005
2025-10-09 16:17:41,740 [INFO] Época 17/30, Batch 650/3348, Loss: 0.0003
2025-10-09 16:17:42,006 [INFO] Época 17/30, Batch 700/3348, Loss: 0.0002
2025-10-09 16:17:42,270 [INFO] Época 17/30, Batch 750/3348, Loss: 0.0003
2025-10-09 16:17:42,533 [INFO] Época 17/30, Batch 800/3348, Loss: 0.0002
2025-10-09 16:17:42,776 [INFO] Época 17/30, Batch 850/3348, Loss: 0.0003
2025-10-09 16:17:43,020 [INFO] Época 17/30, Batch 900/3348, Loss: 0.0003
2025-10-09 16:17:43,262 [INFO] Época 17/30, Batch 950/3348, Loss: 0.0002
2025-10-09 16:17:43,510 [INFO] Época 17/30, Batch 1000/3348, Loss: 0.0002
2025-10-09 16:17:43,763 [INFO] Época 17/30, Batch 1050/3348, Loss: 0.0002
2025-10-09 16:17:44,012 [INFO] Época 17/30, Batch 1100/3348, Loss: 0.0002
2025-10-09 16:17:44,253 [INFO] Época 17/30, Batch 1150/3348, Loss: 0.0002
2025-10-09 16:17:44,494 [INFO] Época 17/30, Batch 1200/3348, Loss: 0.0002
2025-10-09 16:17:44,733 [INFO] Época 17/30, Batch 1250/3348, Loss: 0.0003
2025-10-09 16:17:44,971 [INFO] Época 17/30, Batch 1300/3348, Loss: 0.0002
2025-10-09 16:17:45,212 [INFO] Época 17/30, Batch 1350/3348, Loss: 0.0003
2025-10-09 16:17:45,454 [INFO] Época 17/30, Batch 1400/3348, Loss: 0.0002
2025-10-09 16:17:45,694 [INFO] Época 17/30, Batch 1450/3348, Loss: 0.0003
2025-10-09 16:17:45,936 [INFO] Época 17/30, Batch 1500/3348, Loss: 0.0002
2025-10-09 16:17:46,177 [INFO] Época 17/30, Batch 1550/3348, Loss: 0.0002
2025-10-09 16:17:46,418 [INFO] Época 17/30, Batch 1600/3348, Loss: 0.0002
2025-10-09 16:17:46,663 [INFO] Época 17/30, Batch 1650/3348, Loss: 0.0003
2025-10-09 16:17:46,907 [INFO] Época 17/30, Batch 1700/3348, Loss: 0.0002
2025-10-09 16:17:47,150 [INFO] Época 17/30, Batch 1750/3348, Loss: 0.0002
2025-10-09 16:17:47,394 [INFO] Época 17/30, Batch 1800/3348, Loss: 0.0002
2025-10-09 16:17:47,634 [INFO] Época 17/30, Batch 1850/3348, Loss: 0.0003
2025-10-09 16:17:47,876 [INFO] Época 17/30, Batch 1900/3348, Loss: 0.0002
2025-10-09 16:17:48,148 [INFO] Época 17/30, Batch 1950/3348, Loss: 0.0002
2025-10-09 16:17:48,412 [INFO] Época 17/30, Batch 2000/3348, Loss: 0.0003
2025-10-09 16:17:48,678 [INFO] Época 17/30, Batch 2050/3348, Loss: 0.0003
2025-10-09 16:17:48,937 [INFO] Época 17/30, Batch 2100/3348, Loss: 0.0003
2025-10-09 16:17:49,179 [INFO] Época 17/30, Batch 2150/3348, Loss: 0.0003
2025-10-09 16:17:49,423 [INFO] Época 17/30, Batch 2200/3348, Loss: 0.0003
2025-10-09 16:17:49,666 [INFO] Época 17/30, Batch 2250/3348, Loss: 0.0002
2025-10-09 16:17:49,911 [INFO] Época 17/30, Batch 2300/3348, Loss: 0.0002
2025-10-09 16:17:50,152 [INFO] Época 17/30, Batch 2350/3348, Loss: 0.0003
2025-10-09 16:17:50,396 [INFO] Época 17/30, Batch 2400/3348, Loss: 0.0003
2025-10-09 16:17:50,639 [INFO] Época 17/30, Batch 2450/3348, Loss: 0.0002
2025-10-09 16:17:50,883 [INFO] Época 17/30, Batch 2500/3348, Loss: 0.0002
2025-10-09 16:17:51,129 [INFO] Época 17/30, Batch 2550/3348, Loss: 0.0003
2025-10-09 16:17:51,372 [INFO] Época 17/30, Batch 2600/3348, Loss: 0.0003
2025-10-09 16:17:51,615 [INFO] Época 17/30, Batch 2650/3348, Loss: 0.0003
2025-10-09 16:17:51,857 [INFO] Época 17/30, Batch 2700/3348, Loss: 0.0002
2025-10-09 16:17:52,100 [INFO] Época 17/30, Batch 2750/3348, Loss: 0.0002
2025-10-09 16:17:52,342 [INFO] Época 17/30, Batch 2800/3348, Loss: 0.0002
2025-10-09 16:17:52,583 [INFO] Época 17/30, Batch 2850/3348, Loss: 0.0004
2025-10-09 16:17:52,839 [INFO] Época 17/30, Batch 2900/3348, Loss: 0.0007
2025-10-09 16:17:53,084 [INFO] Época 17/30, Batch 2950/3348, Loss: 0.0002
2025-10-09 16:17:53,327 [INFO] Época 17/30, Batch 3000/3348, Loss: 0.0002
2025-10-09 16:17:53,579 [INFO] Época 17/30, Batch 3050/3348, Loss: 0.0002
2025-10-09 16:17:53,837 [INFO] Época 17/30, Batch 3100/3348, Loss: 0.0002
2025-10-09 16:17:54,089 [INFO] Época 17/30, Batch 3150/3348, Loss: 0.0002
2025-10-09 16:17:54,332 [INFO] Época 17/30, Batch 3200/3348, Loss: 0.0002
2025-10-09 16:17:54,574 [INFO] Época 17/30, Batch 3250/3348, Loss: 0.0002
2025-10-09 16:17:54,817 [INFO] Época 17/30, Batch 3300/3348, Loss: 0.0004
2025-10-09 16:17:56,355 [INFO] [17/30] Train Loss: 0.0047 | Val Loss: 0.0002 | Tempo: 18.17s
2025-10-09 16:17:56,360 [INFO] Melhor modelo salvo em: /mnt/hdd/home/jdurao/ToolBox-ChemXAI/models/mlp_qm9_Pattern_att0_large.pth
2025-10-09 16:17:56,813 [INFO] Época 18/30, Batch 50/3348, Loss: 0.0002
2025-10-09 16:17:57,068 [INFO] Época 18/30, Batch 100/3348, Loss: 0.0002
2025-10-09 16:17:57,319 [INFO] Época 18/30, Batch 150/3348, Loss: 0.0002
2025-10-09 16:17:57,571 [INFO] Época 18/30, Batch 200/3348, Loss: 0.0003
2025-10-09 16:17:57,822 [INFO] Época 18/30, Batch 250/3348, Loss: 0.0003
2025-10-09 16:17:58,077 [INFO] Época 18/30, Batch 300/3348, Loss: 0.0002
2025-10-09 16:17:58,337 [INFO] Época 18/30, Batch 350/3348, Loss: 0.0004
2025-10-09 16:17:58,597 [INFO] Época 18/30, Batch 400/3348, Loss: 0.0003
2025-10-09 16:17:58,859 [INFO] Época 18/30, Batch 450/3348, Loss: 0.0004
2025-10-09 16:17:59,117 [INFO] Época 18/30, Batch 500/3348, Loss: 0.0002
2025-10-09 16:17:59,378 [INFO] Época 18/30, Batch 550/3348, Loss: 0.0003
2025-10-09 16:17:59,635 [INFO] Época 18/30, Batch 600/3348, Loss: 0.0003
2025-10-09 16:17:59,876 [INFO] Época 18/30, Batch 650/3348, Loss: 0.0002
2025-10-09 16:18:00,119 [INFO] Época 18/30, Batch 700/3348, Loss: 0.0002
2025-10-09 16:18:00,360 [INFO] Época 18/30, Batch 750/3348, Loss: 0.0002
2025-10-09 16:18:00,604 [INFO] Época 18/30, Batch 800/3348, Loss: 0.0002
2025-10-09 16:18:00,846 [INFO] Época 18/30, Batch 850/3348, Loss: 0.0002
2025-10-09 16:18:01,089 [INFO] Época 18/30, Batch 900/3348, Loss: 0.0014
2025-10-09 16:18:01,329 [INFO] Época 18/30, Batch 950/3348, Loss: 0.0003
2025-10-09 16:18:01,570 [INFO] Época 18/30, Batch 1000/3348, Loss: 0.0002
2025-10-09 16:18:01,812 [INFO] Época 18/30, Batch 1050/3348, Loss: 0.0002
2025-10-09 16:18:02,053 [INFO] Época 18/30, Batch 1100/3348, Loss: 0.0001
2025-10-09 16:18:02,294 [INFO] Época 18/30, Batch 1150/3348, Loss: 0.0002
2025-10-09 16:18:02,535 [INFO] Época 18/30, Batch 1200/3348, Loss: 0.0012
2025-10-09 16:18:02,776 [INFO] Época 18/30, Batch 1250/3348, Loss: 0.0003
2025-10-09 16:18:03,021 [INFO] Época 18/30, Batch 1300/3348, Loss: 0.0002
2025-10-09 16:18:03,264 [INFO] Época 18/30, Batch 1350/3348, Loss: 0.0002
2025-10-09 16:18:03,504 [INFO] Época 18/30, Batch 1400/3348, Loss: 0.0002
2025-10-09 16:18:03,745 [INFO] Época 18/30, Batch 1450/3348, Loss: 0.0003
2025-10-09 16:18:03,995 [INFO] Época 18/30, Batch 1500/3348, Loss: 0.0004
2025-10-09 16:18:04,256 [INFO] Época 18/30, Batch 1550/3348, Loss: 0.0003
2025-10-09 16:18:04,513 [INFO] Época 18/30, Batch 1600/3348, Loss: 0.0002
2025-10-09 16:18:04,771 [INFO] Época 18/30, Batch 1650/3348, Loss: 0.0003
2025-10-09 16:18:05,029 [INFO] Época 18/30, Batch 1700/3348, Loss: 0.0003
2025-10-09 16:18:05,288 [INFO] Época 18/30, Batch 1750/3348, Loss: 0.0002
2025-10-09 16:18:05,547 [INFO] Época 18/30, Batch 1800/3348, Loss: 0.0003
2025-10-09 16:18:05,804 [INFO] Época 18/30, Batch 1850/3348, Loss: 0.0002
2025-10-09 16:18:06,052 [INFO] Época 18/30, Batch 1900/3348, Loss: 0.0002
2025-10-09 16:18:06,292 [INFO] Época 18/30, Batch 1950/3348, Loss: 0.0002
2025-10-09 16:18:06,531 [INFO] Época 18/30, Batch 2000/3348, Loss: 0.0001
2025-10-09 16:18:06,770 [INFO] Época 18/30, Batch 2050/3348, Loss: 0.0002
2025-10-09 16:18:07,008 [INFO] Época 18/30, Batch 2100/3348, Loss: 0.0002
2025-10-09 16:18:07,249 [INFO] Época 18/30, Batch 2150/3348, Loss: 0.0002
2025-10-09 16:18:07,490 [INFO] Época 18/30, Batch 2200/3348, Loss: 0.0002
2025-10-09 16:18:07,740 [INFO] Época 18/30, Batch 2250/3348, Loss: 0.0001
2025-10-09 16:18:07,998 [INFO] Época 18/30, Batch 2300/3348, Loss: 0.0002
2025-10-09 16:18:08,255 [INFO] Época 18/30, Batch 2350/3348, Loss: 0.0002
2025-10-09 16:18:08,495 [INFO] Época 18/30, Batch 2400/3348, Loss: 0.0003
2025-10-09 16:18:08,736 [INFO] Época 18/30, Batch 2450/3348, Loss: 0.0002
2025-10-09 16:18:08,978 [INFO] Época 18/30, Batch 2500/3348, Loss: 0.0002
2025-10-09 16:18:09,218 [INFO] Época 18/30, Batch 2550/3348, Loss: 0.0003
2025-10-09 16:18:09,461 [INFO] Época 18/30, Batch 2600/3348, Loss: 0.0002
2025-10-09 16:18:09,700 [INFO] Época 18/30, Batch 2650/3348, Loss: 0.0002
2025-10-09 16:18:09,941 [INFO] Época 18/30, Batch 2700/3348, Loss: 0.0002
2025-10-09 16:18:10,183 [INFO] Época 18/30, Batch 2750/3348, Loss: 0.0002
2025-10-09 16:18:10,438 [INFO] Época 18/30, Batch 2800/3348, Loss: 0.0005
2025-10-09 16:18:10,698 [INFO] Época 18/30, Batch 2850/3348, Loss: 0.0003
2025-10-09 16:18:10,955 [INFO] Época 18/30, Batch 2900/3348, Loss: 0.0003
2025-10-09 16:18:11,215 [INFO] Época 18/30, Batch 2950/3348, Loss: 0.0002
2025-10-09 16:18:11,470 [INFO] Época 18/30, Batch 3000/3348, Loss: 0.0002
2025-10-09 16:18:11,727 [INFO] Época 18/30, Batch 3050/3348, Loss: 0.0003
2025-10-09 16:18:11,984 [INFO] Época 18/30, Batch 3100/3348, Loss: 0.0003
2025-10-09 16:18:12,240 [INFO] Época 18/30, Batch 3150/3348, Loss: 0.0003
2025-10-09 16:18:12,495 [INFO] Época 18/30, Batch 3200/3348, Loss: 0.0002
2025-10-09 16:18:12,751 [INFO] Época 18/30, Batch 3250/3348, Loss: 0.0002
2025-10-09 16:18:13,009 [INFO] Época 18/30, Batch 3300/3348, Loss: 0.0002
2025-10-09 16:18:14,655 [INFO] [18/30] Train Loss: 0.0046 | Val Loss: 0.0002 | Tempo: 18.29s
2025-10-09 16:18:15,100 [INFO] Época 19/30, Batch 50/3348, Loss: 0.0003
2025-10-09 16:18:15,365 [INFO] Época 19/30, Batch 100/3348, Loss: 0.0002
2025-10-09 16:18:15,623 [INFO] Época 19/30, Batch 150/3348, Loss: 0.0003
2025-10-09 16:18:15,871 [INFO] Época 19/30, Batch 200/3348, Loss: 0.0002
2025-10-09 16:18:16,118 [INFO] Época 19/30, Batch 250/3348, Loss: 0.0002
2025-10-09 16:18:16,366 [INFO] Época 19/30, Batch 300/3348, Loss: 0.0002
2025-10-09 16:18:16,611 [INFO] Época 19/30, Batch 350/3348, Loss: 0.0002
2025-10-09 16:18:16,860 [INFO] Época 19/30, Batch 400/3348, Loss: 0.0002
2025-10-09 16:18:17,104 [INFO] Época 19/30, Batch 450/3348, Loss: 0.0002
2025-10-09 16:18:17,352 [INFO] Época 19/30, Batch 500/3348, Loss: 0.0003
2025-10-09 16:18:17,598 [INFO] Época 19/30, Batch 550/3348, Loss: 0.0003
2025-10-09 16:18:17,849 [INFO] Época 19/30, Batch 600/3348, Loss: 0.0003
2025-10-09 16:18:18,116 [INFO] Época 19/30, Batch 650/3348, Loss: 0.0002
2025-10-09 16:18:18,369 [INFO] Época 19/30, Batch 700/3348, Loss: 0.0003
2025-10-09 16:18:18,623 [INFO] Época 19/30, Batch 750/3348, Loss: 0.0003
2025-10-09 16:18:18,868 [INFO] Época 19/30, Batch 800/3348, Loss: 0.0002
2025-10-09 16:18:19,144 [INFO] Época 19/30, Batch 850/3348, Loss: 0.0003
2025-10-09 16:18:19,405 [INFO] Época 19/30, Batch 900/3348, Loss: 0.0002
2025-10-09 16:18:19,662 [INFO] Época 19/30, Batch 950/3348, Loss: 0.0003
2025-10-09 16:18:19,917 [INFO] Época 19/30, Batch 1000/3348, Loss: 0.0001
2025-10-09 16:18:20,178 [INFO] Época 19/30, Batch 1050/3348, Loss: 0.0002
2025-10-09 16:18:20,441 [INFO] Época 19/30, Batch 1100/3348, Loss: 0.0003
2025-10-09 16:18:20,698 [INFO] Época 19/30, Batch 1150/3348, Loss: 0.0003
2025-10-09 16:18:20,954 [INFO] Época 19/30, Batch 1200/3348, Loss: 0.0003
2025-10-09 16:18:21,213 [INFO] Época 19/30, Batch 1250/3348, Loss: 0.0004
2025-10-09 16:18:21,474 [INFO] Época 19/30, Batch 1300/3348, Loss: 0.0002
2025-10-09 16:18:21,735 [INFO] Época 19/30, Batch 1350/3348, Loss: 0.0002
2025-10-09 16:18:21,997 [INFO] Época 19/30, Batch 1400/3348, Loss: 0.0002
2025-10-09 16:18:22,257 [INFO] Época 19/30, Batch 1450/3348, Loss: 0.0003
2025-10-09 16:18:22,519 [INFO] Época 19/30, Batch 1500/3348, Loss: 0.0002
2025-10-09 16:18:22,780 [INFO] Época 19/30, Batch 1550/3348, Loss: 0.0002
2025-10-09 16:18:23,042 [INFO] Época 19/30, Batch 1600/3348, Loss: 0.0002
2025-10-09 16:18:23,302 [INFO] Época 19/30, Batch 1650/3348, Loss: 0.0002
2025-10-09 16:18:23,563 [INFO] Época 19/30, Batch 1700/3348, Loss: 0.0002
2025-10-09 16:18:23,825 [INFO] Época 19/30, Batch 1750/3348, Loss: 0.0002
2025-10-09 16:18:24,088 [INFO] Época 19/30, Batch 1800/3348, Loss: 0.0003
2025-10-09 16:18:24,352 [INFO] Época 19/30, Batch 1850/3348, Loss: 0.0002
2025-10-09 16:18:24,616 [INFO] Época 19/30, Batch 1900/3348, Loss: 0.0002
2025-10-09 16:18:24,876 [INFO] Época 19/30, Batch 1950/3348, Loss: 0.0003
2025-10-09 16:18:25,138 [INFO] Época 19/30, Batch 2000/3348, Loss: 0.0002
2025-10-09 16:18:25,398 [INFO] Época 19/30, Batch 2050/3348, Loss: 0.0003
2025-10-09 16:18:25,661 [INFO] Época 19/30, Batch 2100/3348, Loss: 0.0002
2025-10-09 16:18:25,922 [INFO] Época 19/30, Batch 2150/3348, Loss: 0.0002
2025-10-09 16:18:26,184 [INFO] Época 19/30, Batch 2200/3348, Loss: 0.0002
2025-10-09 16:18:26,441 [INFO] Época 19/30, Batch 2250/3348, Loss: 0.0003
2025-10-09 16:18:26,693 [INFO] Época 19/30, Batch 2300/3348, Loss: 0.0003
2025-10-09 16:18:26,944 [INFO] Época 19/30, Batch 2350/3348, Loss: 0.0003
2025-10-09 16:18:27,194 [INFO] Época 19/30, Batch 2400/3348, Loss: 0.0002
2025-10-09 16:18:27,443 [INFO] Época 19/30, Batch 2450/3348, Loss: 0.0002
2025-10-09 16:18:27,696 [INFO] Época 19/30, Batch 2500/3348, Loss: 0.0004
2025-10-09 16:18:27,954 [INFO] Época 19/30, Batch 2550/3348, Loss: 0.0002
2025-10-09 16:18:28,219 [INFO] Época 19/30, Batch 2600/3348, Loss: 0.0002
2025-10-09 16:18:28,481 [INFO] Época 19/30, Batch 2650/3348, Loss: 0.0002
2025-10-09 16:18:28,744 [INFO] Época 19/30, Batch 2700/3348, Loss: 0.0002
2025-10-09 16:18:29,007 [INFO] Época 19/30, Batch 2750/3348, Loss: 0.0004
2025-10-09 16:18:29,272 [INFO] Época 19/30, Batch 2800/3348, Loss: 0.0003
2025-10-09 16:18:29,536 [INFO] Época 19/30, Batch 2850/3348, Loss: 0.0002
2025-10-09 16:18:29,799 [INFO] Época 19/30, Batch 2900/3348, Loss: 0.0002
2025-10-09 16:18:30,061 [INFO] Época 19/30, Batch 2950/3348, Loss: 0.0002
2025-10-09 16:18:30,322 [INFO] Época 19/30, Batch 3000/3348, Loss: 0.0002
2025-10-09 16:18:30,583 [INFO] Época 19/30, Batch 3050/3348, Loss: 0.0002
2025-10-09 16:18:30,842 [INFO] Época 19/30, Batch 3100/3348, Loss: 0.0002
2025-10-09 16:18:31,103 [INFO] Época 19/30, Batch 3150/3348, Loss: 0.0003
2025-10-09 16:18:31,360 [INFO] Época 19/30, Batch 3200/3348, Loss: 0.0003
2025-10-09 16:18:31,609 [INFO] Época 19/30, Batch 3250/3348, Loss: 0.0002
2025-10-09 16:18:31,861 [INFO] Época 19/30, Batch 3300/3348, Loss: 0.0003
2025-10-09 16:18:33,463 [INFO] [19/30] Train Loss: 0.0046 | Val Loss: 0.0003 | Tempo: 18.81s
2025-10-09 16:18:33,912 [INFO] Época 20/30, Batch 50/3348, Loss: 0.0001
2025-10-09 16:18:34,161 [INFO] Época 20/30, Batch 100/3348, Loss: 0.0003
2025-10-09 16:18:34,405 [INFO] Época 20/30, Batch 150/3348, Loss: 0.0004
2025-10-09 16:18:34,649 [INFO] Época 20/30, Batch 200/3348, Loss: 0.0003
2025-10-09 16:18:34,891 [INFO] Época 20/30, Batch 250/3348, Loss: 0.0002
2025-10-09 16:18:35,133 [INFO] Época 20/30, Batch 300/3348, Loss: 0.0007
2025-10-09 16:18:35,377 [INFO] Época 20/30, Batch 350/3348, Loss: 0.0003
2025-10-09 16:18:35,620 [INFO] Época 20/30, Batch 400/3348, Loss: 0.0002
2025-10-09 16:18:35,862 [INFO] Época 20/30, Batch 450/3348, Loss: 0.0002
2025-10-09 16:18:36,105 [INFO] Época 20/30, Batch 500/3348, Loss: 0.0002
2025-10-09 16:18:36,350 [INFO] Época 20/30, Batch 550/3348, Loss: 0.0002
2025-10-09 16:18:36,594 [INFO] Época 20/30, Batch 600/3348, Loss: 0.0002
2025-10-09 16:18:36,836 [INFO] Época 20/30, Batch 650/3348, Loss: 0.0003
2025-10-09 16:18:37,095 [INFO] Época 20/30, Batch 700/3348, Loss: 0.0002
2025-10-09 16:18:37,337 [INFO] Época 20/30, Batch 750/3348, Loss: 0.0002
2025-10-09 16:18:37,579 [INFO] Época 20/30, Batch 800/3348, Loss: 0.0002
2025-10-09 16:18:37,817 [INFO] Época 20/30, Batch 850/3348, Loss: 0.0004
2025-10-09 16:18:38,059 [INFO] Época 20/30, Batch 900/3348, Loss: 0.0002
2025-10-09 16:18:38,304 [INFO] Época 20/30, Batch 950/3348, Loss: 0.0002
2025-10-09 16:18:38,549 [INFO] Época 20/30, Batch 1000/3348, Loss: 0.0002
2025-10-09 16:18:38,792 [INFO] Época 20/30, Batch 1050/3348, Loss: 0.0002
2025-10-09 16:18:39,030 [INFO] Época 20/30, Batch 1100/3348, Loss: 0.0003
2025-10-09 16:18:39,264 [INFO] Época 20/30, Batch 1150/3348, Loss: 0.0002
2025-10-09 16:18:39,498 [INFO] Época 20/30, Batch 1200/3348, Loss: 0.0002
2025-10-09 16:18:39,732 [INFO] Época 20/30, Batch 1250/3348, Loss: 0.0002
2025-10-09 16:18:39,968 [INFO] Época 20/30, Batch 1300/3348, Loss: 0.0002
2025-10-09 16:18:40,210 [INFO] Época 20/30, Batch 1350/3348, Loss: 0.0002
2025-10-09 16:18:40,456 [INFO] Época 20/30, Batch 1400/3348, Loss: 0.0002
2025-10-09 16:18:40,701 [INFO] Época 20/30, Batch 1450/3348, Loss: 0.0002
2025-10-09 16:18:40,956 [INFO] Época 20/30, Batch 1500/3348, Loss: 0.0002
2025-10-09 16:18:41,209 [INFO] Época 20/30, Batch 1550/3348, Loss: 0.0003
2025-10-09 16:18:41,461 [INFO] Época 20/30, Batch 1600/3348, Loss: 0.0002
2025-10-09 16:18:41,714 [INFO] Época 20/30, Batch 1650/3348, Loss: 0.0002
2025-10-09 16:18:41,965 [INFO] Época 20/30, Batch 1700/3348, Loss: 0.0001
2025-10-09 16:18:42,218 [INFO] Época 20/30, Batch 1750/3348, Loss: 0.0003
2025-10-09 16:18:42,470 [INFO] Época 20/30, Batch 1800/3348, Loss: 0.0001
2025-10-09 16:18:42,722 [INFO] Época 20/30, Batch 1850/3348, Loss: 0.0002
2025-10-09 16:18:42,970 [INFO] Época 20/30, Batch 1900/3348, Loss: 0.0003
2025-10-09 16:18:43,217 [INFO] Época 20/30, Batch 1950/3348, Loss: 0.0002
2025-10-09 16:18:43,462 [INFO] Época 20/30, Batch 2000/3348, Loss: 0.0003
2025-10-09 16:18:43,715 [INFO] Época 20/30, Batch 2050/3348, Loss: 0.0002
2025-10-09 16:18:43,981 [INFO] Época 20/30, Batch 2100/3348, Loss: 0.0002
2025-10-09 16:18:44,233 [INFO] Época 20/30, Batch 2150/3348, Loss: 0.0002
2025-10-09 16:18:44,486 [INFO] Época 20/30, Batch 2200/3348, Loss: 0.0005
2025-10-09 16:18:44,736 [INFO] Época 20/30, Batch 2250/3348, Loss: 0.0002
2025-10-09 16:18:44,988 [INFO] Época 20/30, Batch 2300/3348, Loss: 0.0002
2025-10-09 16:18:45,243 [INFO] Época 20/30, Batch 2350/3348, Loss: 0.0002
2025-10-09 16:18:45,498 [INFO] Época 20/30, Batch 2400/3348, Loss: 0.0002
2025-10-09 16:18:45,750 [INFO] Época 20/30, Batch 2450/3348, Loss: 0.0002
2025-10-09 16:18:46,004 [INFO] Época 20/30, Batch 2500/3348, Loss: 0.0004
2025-10-09 16:18:46,256 [INFO] Época 20/30, Batch 2550/3348, Loss: 0.0002
2025-10-09 16:18:46,509 [INFO] Época 20/30, Batch 2600/3348, Loss: 0.0003
2025-10-09 16:18:46,763 [INFO] Época 20/30, Batch 2650/3348, Loss: 0.0002
2025-10-09 16:18:47,014 [INFO] Época 20/30, Batch 2700/3348, Loss: 0.0002
2025-10-09 16:18:47,265 [INFO] Época 20/30, Batch 2750/3348, Loss: 0.0003
2025-10-09 16:18:47,519 [INFO] Época 20/30, Batch 2800/3348, Loss: 0.0005
2025-10-09 16:18:47,771 [INFO] Época 20/30, Batch 2850/3348, Loss: 0.0003
2025-10-09 16:18:48,019 [INFO] Época 20/30, Batch 2900/3348, Loss: 0.0004
2025-10-09 16:18:48,263 [INFO] Época 20/30, Batch 2950/3348, Loss: 0.0002
2025-10-09 16:18:48,507 [INFO] Época 20/30, Batch 3000/3348, Loss: 0.0002
2025-10-09 16:18:48,753 [INFO] Época 20/30, Batch 3050/3348, Loss: 0.0002
2025-10-09 16:18:49,003 [INFO] Época 20/30, Batch 3100/3348, Loss: 0.0003
2025-10-09 16:18:49,258 [INFO] Época 20/30, Batch 3150/3348, Loss: 0.0003
2025-10-09 16:18:49,510 [INFO] Época 20/30, Batch 3200/3348, Loss: 0.0002
2025-10-09 16:18:49,762 [INFO] Época 20/30, Batch 3250/3348, Loss: 0.0002
2025-10-09 16:18:50,019 [INFO] Época 20/30, Batch 3300/3348, Loss: 0.0002
2025-10-09 16:18:51,599 [INFO] [20/30] Train Loss: 0.0046 | Val Loss: 0.0003 | Tempo: 18.14s
2025-10-09 16:18:52,043 [INFO] Época 21/30, Batch 50/3348, Loss: 0.0002
2025-10-09 16:18:52,291 [INFO] Época 21/30, Batch 100/3348, Loss: 0.0003
2025-10-09 16:18:52,539 [INFO] Época 21/30, Batch 150/3348, Loss: 0.0002
2025-10-09 16:18:52,782 [INFO] Época 21/30, Batch 200/3348, Loss: 0.0002
2025-10-09 16:18:53,016 [INFO] Época 21/30, Batch 250/3348, Loss: 0.0002
2025-10-09 16:18:53,250 [INFO] Época 21/30, Batch 300/3348, Loss: 0.0002
2025-10-09 16:18:53,485 [INFO] Época 21/30, Batch 350/3348, Loss: 0.0002
2025-10-09 16:18:53,718 [INFO] Época 21/30, Batch 400/3348, Loss: 0.0002
2025-10-09 16:18:53,965 [INFO] Época 21/30, Batch 450/3348, Loss: 0.0002
2025-10-09 16:18:54,202 [INFO] Época 21/30, Batch 500/3348, Loss: 0.0002
2025-10-09 16:18:54,438 [INFO] Época 21/30, Batch 550/3348, Loss: 0.0002
2025-10-09 16:18:54,675 [INFO] Época 21/30, Batch 600/3348, Loss: 0.0002
2025-10-09 16:18:54,914 [INFO] Época 21/30, Batch 650/3348, Loss: 0.0003
2025-10-09 16:18:55,147 [INFO] Época 21/30, Batch 700/3348, Loss: 0.0002
2025-10-09 16:18:55,380 [INFO] Época 21/30, Batch 750/3348, Loss: 0.0003
2025-10-09 16:18:55,611 [INFO] Época 21/30, Batch 800/3348, Loss: 0.0003
2025-10-09 16:18:55,845 [INFO] Época 21/30, Batch 850/3348, Loss: 0.0003
2025-10-09 16:18:56,079 [INFO] Época 21/30, Batch 900/3348, Loss: 0.0002
2025-10-09 16:18:56,313 [INFO] Época 21/30, Batch 950/3348, Loss: 0.0002
2025-10-09 16:18:56,559 [INFO] Época 21/30, Batch 1000/3348, Loss: 0.0002
2025-10-09 16:18:56,797 [INFO] Época 21/30, Batch 1050/3348, Loss: 0.0002
2025-10-09 16:18:57,037 [INFO] Época 21/30, Batch 1100/3348, Loss: 0.0002
2025-10-09 16:18:57,281 [INFO] Época 21/30, Batch 1150/3348, Loss: 0.0002
2025-10-09 16:18:57,521 [INFO] Época 21/30, Batch 1200/3348, Loss: 0.0002
2025-10-09 16:18:57,760 [INFO] Época 21/30, Batch 1250/3348, Loss: 0.0001
2025-10-09 16:18:57,999 [INFO] Época 21/30, Batch 1300/3348, Loss: 0.0002
2025-10-09 16:18:58,248 [INFO] Época 21/30, Batch 1350/3348, Loss: 0.0005
2025-10-09 16:18:58,496 [INFO] Época 21/30, Batch 1400/3348, Loss: 0.0002
2025-10-09 16:18:58,741 [INFO] Época 21/30, Batch 1450/3348, Loss: 0.0002
2025-10-09 16:18:58,991 [INFO] Época 21/30, Batch 1500/3348, Loss: 0.0002
2025-10-09 16:18:59,234 [INFO] Época 21/30, Batch 1550/3348, Loss: 0.0002
2025-10-09 16:18:59,479 [INFO] Época 21/30, Batch 1600/3348, Loss: 0.0002
2025-10-09 16:18:59,729 [INFO] Época 21/30, Batch 1650/3348, Loss: 0.0003
2025-10-09 16:18:59,976 [INFO] Época 21/30, Batch 1700/3348, Loss: 0.0002
2025-10-09 16:19:00,220 [INFO] Época 21/30, Batch 1750/3348, Loss: 0.0002
2025-10-09 16:19:00,467 [INFO] Época 21/30, Batch 1800/3348, Loss: 0.0002
2025-10-09 16:19:00,722 [INFO] Época 21/30, Batch 1850/3348, Loss: 0.0003
2025-10-09 16:19:00,976 [INFO] Época 21/30, Batch 1900/3348, Loss: 0.0002
2025-10-09 16:19:01,225 [INFO] Época 21/30, Batch 1950/3348, Loss: 0.0002
2025-10-09 16:19:01,474 [INFO] Época 21/30, Batch 2000/3348, Loss: 0.0005
2025-10-09 16:19:01,725 [INFO] Época 21/30, Batch 2050/3348, Loss: 0.0002
2025-10-09 16:19:01,974 [INFO] Época 21/30, Batch 2100/3348, Loss: 0.0003
2025-10-09 16:19:02,224 [INFO] Época 21/30, Batch 2150/3348, Loss: 0.0001
2025-10-09 16:19:02,471 [INFO] Época 21/30, Batch 2200/3348, Loss: 0.0003
2025-10-09 16:19:02,719 [INFO] Época 21/30, Batch 2250/3348, Loss: 0.0003
2025-10-09 16:19:02,970 [INFO] Época 21/30, Batch 2300/3348, Loss: 0.0002
2025-10-09 16:19:03,220 [INFO] Época 21/30, Batch 2350/3348, Loss: 0.0002
2025-10-09 16:19:03,470 [INFO] Época 21/30, Batch 2400/3348, Loss: 0.0002
2025-10-09 16:19:03,720 [INFO] Época 21/30, Batch 2450/3348, Loss: 0.0003
2025-10-09 16:19:03,970 [INFO] Época 21/30, Batch 2500/3348, Loss: 0.0002
2025-10-09 16:19:04,220 [INFO] Época 21/30, Batch 2550/3348, Loss: 0.0002
2025-10-09 16:19:04,472 [INFO] Época 21/30, Batch 2600/3348, Loss: 0.0002
2025-10-09 16:19:04,735 [INFO] Época 21/30, Batch 2650/3348, Loss: 0.0003
2025-10-09 16:19:04,995 [INFO] Época 21/30, Batch 2700/3348, Loss: 0.0002
2025-10-09 16:19:05,256 [INFO] Época 21/30, Batch 2750/3348, Loss: 0.0003
2025-10-09 16:19:05,518 [INFO] Época 21/30, Batch 2800/3348, Loss: 0.0002
2025-10-09 16:19:05,777 [INFO] Época 21/30, Batch 2850/3348, Loss: 0.0002
2025-10-09 16:19:06,038 [INFO] Época 21/30, Batch 2900/3348, Loss: 0.0002
2025-10-09 16:19:06,286 [INFO] Época 21/30, Batch 2950/3348, Loss: 0.0003
2025-10-09 16:19:06,530 [INFO] Época 21/30, Batch 3000/3348, Loss: 0.0002
2025-10-09 16:19:06,776 [INFO] Época 21/30, Batch 3050/3348, Loss: 0.0002
2025-10-09 16:19:07,020 [INFO] Época 21/30, Batch 3100/3348, Loss: 0.0002
2025-10-09 16:19:07,265 [INFO] Época 21/30, Batch 3150/3348, Loss: 0.0002
2025-10-09 16:19:07,512 [INFO] Época 21/30, Batch 3200/3348, Loss: 0.0004
2025-10-09 16:19:07,756 [INFO] Época 21/30, Batch 3250/3348, Loss: 0.0001
2025-10-09 16:19:08,002 [INFO] Época 21/30, Batch 3300/3348, Loss: 0.0003
2025-10-09 16:19:09,565 [INFO] [21/30] Train Loss: 0.0046 | Val Loss: 0.0004 | Tempo: 17.97s
2025-10-09 16:19:10,038 [INFO] Época 22/30, Batch 50/3348, Loss: 0.0002
2025-10-09 16:19:10,292 [INFO] Época 22/30, Batch 100/3348, Loss: 0.0002
2025-10-09 16:19:10,541 [INFO] Época 22/30, Batch 150/3348, Loss: 0.0001
2025-10-09 16:19:10,793 [INFO] Época 22/30, Batch 200/3348, Loss: 0.0002
2025-10-09 16:19:11,046 [INFO] Época 22/30, Batch 250/3348, Loss: 0.0003
2025-10-09 16:19:11,301 [INFO] Época 22/30, Batch 300/3348, Loss: 0.0005
2025-10-09 16:19:11,553 [INFO] Época 22/30, Batch 350/3348, Loss: 0.0002
2025-10-09 16:19:11,806 [INFO] Época 22/30, Batch 400/3348, Loss: 0.0003
2025-10-09 16:19:12,059 [INFO] Época 22/30, Batch 450/3348, Loss: 0.0002
2025-10-09 16:19:12,323 [INFO] Época 22/30, Batch 500/3348, Loss: 0.0003
2025-10-09 16:19:12,573 [INFO] Época 22/30, Batch 550/3348, Loss: 0.0002
2025-10-09 16:19:12,823 [INFO] Época 22/30, Batch 600/3348, Loss: 0.0003
2025-10-09 16:19:13,072 [INFO] Época 22/30, Batch 650/3348, Loss: 0.0002
2025-10-09 16:19:13,323 [INFO] Época 22/30, Batch 700/3348, Loss: 0.0002
2025-10-09 16:19:13,569 [INFO] Época 22/30, Batch 750/3348, Loss: 0.0003
2025-10-09 16:19:13,817 [INFO] Época 22/30, Batch 800/3348, Loss: 0.0003
2025-10-09 16:19:14,064 [INFO] Época 22/30, Batch 850/3348, Loss: 0.0003
2025-10-09 16:19:14,313 [INFO] Época 22/30, Batch 900/3348, Loss: 0.0002
2025-10-09 16:19:14,562 [INFO] Época 22/30, Batch 950/3348, Loss: 0.0003
2025-10-09 16:19:14,801 [INFO] Época 22/30, Batch 1000/3348, Loss: 0.0002
2025-10-09 16:19:15,040 [INFO] Época 22/30, Batch 1050/3348, Loss: 0.0003
2025-10-09 16:19:15,281 [INFO] Época 22/30, Batch 1100/3348, Loss: 0.0002
2025-10-09 16:19:15,526 [INFO] Época 22/30, Batch 1150/3348, Loss: 0.0002
2025-10-09 16:19:15,768 [INFO] Época 22/30, Batch 1200/3348, Loss: 0.0003
2025-10-09 16:19:16,012 [INFO] Época 22/30, Batch 1250/3348, Loss: 0.0002
2025-10-09 16:19:16,257 [INFO] Época 22/30, Batch 1300/3348, Loss: 0.0002
2025-10-09 16:19:16,501 [INFO] Época 22/30, Batch 1350/3348, Loss: 0.0003
2025-10-09 16:19:16,742 [INFO] Época 22/30, Batch 1400/3348, Loss: 0.0002
2025-10-09 16:19:16,985 [INFO] Época 22/30, Batch 1450/3348, Loss: 0.0004
2025-10-09 16:19:17,225 [INFO] Época 22/30, Batch 1500/3348, Loss: 0.0004
2025-10-09 16:19:17,468 [INFO] Época 22/30, Batch 1550/3348, Loss: 0.0002
2025-10-09 16:19:17,709 [INFO] Época 22/30, Batch 1600/3348, Loss: 0.0003
2025-10-09 16:19:17,949 [INFO] Época 22/30, Batch 1650/3348, Loss: 0.0001
2025-10-09 16:19:18,188 [INFO] Época 22/30, Batch 1700/3348, Loss: 0.0001
2025-10-09 16:19:18,423 [INFO] Época 22/30, Batch 1750/3348, Loss: 0.0002
2025-10-09 16:19:18,659 [INFO] Época 22/30, Batch 1800/3348, Loss: 0.0003
2025-10-09 16:19:18,894 [INFO] Época 22/30, Batch 1850/3348, Loss: 0.0002
2025-10-09 16:19:19,130 [INFO] Época 22/30, Batch 1900/3348, Loss: 0.0001
2025-10-09 16:19:19,367 [INFO] Época 22/30, Batch 1950/3348, Loss: 0.0003
2025-10-09 16:19:19,603 [INFO] Época 22/30, Batch 2000/3348, Loss: 0.0002
2025-10-09 16:19:19,839 [INFO] Época 22/30, Batch 2050/3348, Loss: 0.0002
2025-10-09 16:19:20,075 [INFO] Época 22/30, Batch 2100/3348, Loss: 0.0002
2025-10-09 16:19:20,312 [INFO] Época 22/30, Batch 2150/3348, Loss: 0.0003
2025-10-09 16:19:20,549 [INFO] Época 22/30, Batch 2200/3348, Loss: 0.0002
2025-10-09 16:19:20,785 [INFO] Época 22/30, Batch 2250/3348, Loss: 0.0002
2025-10-09 16:19:21,023 [INFO] Época 22/30, Batch 2300/3348, Loss: 0.0004
2025-10-09 16:19:21,260 [INFO] Época 22/30, Batch 2350/3348, Loss: 0.0003
2025-10-09 16:19:21,498 [INFO] Época 22/30, Batch 2400/3348, Loss: 0.0003
2025-10-09 16:19:21,736 [INFO] Época 22/30, Batch 2450/3348, Loss: 0.0002
2025-10-09 16:19:21,974 [INFO] Época 22/30, Batch 2500/3348, Loss: 0.0002
2025-10-09 16:19:22,214 [INFO] Época 22/30, Batch 2550/3348, Loss: 0.0002
2025-10-09 16:19:22,454 [INFO] Época 22/30, Batch 2600/3348, Loss: 0.0003
2025-10-09 16:19:22,702 [INFO] Época 22/30, Batch 2650/3348, Loss: 0.0002
2025-10-09 16:19:22,957 [INFO] Época 22/30, Batch 2700/3348, Loss: 0.0002
2025-10-09 16:19:23,199 [INFO] Época 22/30, Batch 2750/3348, Loss: 0.0002
2025-10-09 16:19:23,436 [INFO] Época 22/30, Batch 2800/3348, Loss: 0.0002
2025-10-09 16:19:23,673 [INFO] Época 22/30, Batch 2850/3348, Loss: 0.0002
2025-10-09 16:19:23,925 [INFO] Época 22/30, Batch 2900/3348, Loss: 0.0002
2025-10-09 16:19:24,178 [INFO] Época 22/30, Batch 2950/3348, Loss: 0.0002
2025-10-09 16:19:24,436 [INFO] Época 22/30, Batch 3000/3348, Loss: 0.0002
2025-10-09 16:19:24,693 [INFO] Época 22/30, Batch 3050/3348, Loss: 0.0003
2025-10-09 16:19:24,950 [INFO] Época 22/30, Batch 3100/3348, Loss: 0.0003
2025-10-09 16:19:25,206 [INFO] Época 22/30, Batch 3150/3348, Loss: 0.0002
2025-10-09 16:19:25,462 [INFO] Época 22/30, Batch 3200/3348, Loss: 0.0002
2025-10-09 16:19:25,719 [INFO] Época 22/30, Batch 3250/3348, Loss: 0.0003
2025-10-09 16:19:25,998 [INFO] Época 22/30, Batch 3300/3348, Loss: 0.0002
2025-10-09 16:19:27,552 [INFO] [22/30] Train Loss: 0.0046 | Val Loss: 0.0002 | Tempo: 17.99s
2025-10-09 16:19:28,009 [INFO] Época 23/30, Batch 50/3348, Loss: 0.0002
2025-10-09 16:19:28,265 [INFO] Época 23/30, Batch 100/3348, Loss: 0.0002
2025-10-09 16:19:28,520 [INFO] Época 23/30, Batch 150/3348, Loss: 0.0002
2025-10-09 16:19:28,770 [INFO] Época 23/30, Batch 200/3348, Loss: 0.0002
2025-10-09 16:19:29,038 [INFO] Época 23/30, Batch 250/3348, Loss: 0.0003
2025-10-09 16:19:29,304 [INFO] Época 23/30, Batch 300/3348, Loss: 0.0004
2025-10-09 16:19:29,569 [INFO] Época 23/30, Batch 350/3348, Loss: 0.0002
2025-10-09 16:19:29,836 [INFO] Época 23/30, Batch 400/3348, Loss: 0.0003
2025-10-09 16:19:30,098 [INFO] Época 23/30, Batch 450/3348, Loss: 0.0002
2025-10-09 16:19:30,355 [INFO] Época 23/30, Batch 500/3348, Loss: 0.0001
2025-10-09 16:19:30,612 [INFO] Época 23/30, Batch 550/3348, Loss: 0.0002
2025-10-09 16:19:30,867 [INFO] Época 23/30, Batch 600/3348, Loss: 0.0003
2025-10-09 16:19:31,120 [INFO] Época 23/30, Batch 650/3348, Loss: 0.0003
2025-10-09 16:19:31,373 [INFO] Época 23/30, Batch 700/3348, Loss: 0.0001
2025-10-09 16:19:31,627 [INFO] Época 23/30, Batch 750/3348, Loss: 0.0003
2025-10-09 16:19:31,882 [INFO] Época 23/30, Batch 800/3348, Loss: 0.0002
2025-10-09 16:19:32,136 [INFO] Época 23/30, Batch 850/3348, Loss: 0.0002
2025-10-09 16:19:32,389 [INFO] Época 23/30, Batch 900/3348, Loss: 0.0003
2025-10-09 16:19:32,641 [INFO] Época 23/30, Batch 950/3348, Loss: 0.0002
2025-10-09 16:19:32,889 [INFO] Época 23/30, Batch 1000/3348, Loss: 0.0002
2025-10-09 16:19:33,143 [INFO] Época 23/30, Batch 1050/3348, Loss: 0.0002
2025-10-09 16:19:33,399 [INFO] Época 23/30, Batch 1100/3348, Loss: 0.0003
2025-10-09 16:19:33,668 [INFO] Época 23/30, Batch 1150/3348, Loss: 0.0002
2025-10-09 16:19:33,921 [INFO] Época 23/30, Batch 1200/3348, Loss: 0.0002
2025-10-09 16:19:34,162 [INFO] Época 23/30, Batch 1250/3348, Loss: 0.0003
2025-10-09 16:19:34,406 [INFO] Época 23/30, Batch 1300/3348, Loss: 0.0002
2025-10-09 16:19:34,648 [INFO] Época 23/30, Batch 1350/3348, Loss: 0.0002
2025-10-09 16:19:34,889 [INFO] Época 23/30, Batch 1400/3348, Loss: 0.0002
2025-10-09 16:19:35,132 [INFO] Época 23/30, Batch 1450/3348, Loss: 0.0002
2025-10-09 16:19:35,377 [INFO] Época 23/30, Batch 1500/3348, Loss: 0.0002
2025-10-09 16:19:35,617 [INFO] Época 23/30, Batch 1550/3348, Loss: 0.0002
2025-10-09 16:19:35,859 [INFO] Época 23/30, Batch 1600/3348, Loss: 0.0002
2025-10-09 16:19:36,100 [INFO] Época 23/30, Batch 1650/3348, Loss: 0.0002
2025-10-09 16:19:36,342 [INFO] Época 23/30, Batch 1700/3348, Loss: 0.0001
2025-10-09 16:19:36,585 [INFO] Época 23/30, Batch 1750/3348, Loss: 0.0002
2025-10-09 16:19:36,826 [INFO] Época 23/30, Batch 1800/3348, Loss: 0.0002
2025-10-09 16:19:37,073 [INFO] Época 23/30, Batch 1850/3348, Loss: 0.0002
2025-10-09 16:19:37,323 [INFO] Época 23/30, Batch 1900/3348, Loss: 0.0003
2025-10-09 16:19:37,572 [INFO] Época 23/30, Batch 1950/3348, Loss: 0.0002
2025-10-09 16:19:37,823 [INFO] Época 23/30, Batch 2000/3348, Loss: 0.0002
2025-10-09 16:19:38,066 [INFO] Época 23/30, Batch 2050/3348, Loss: 0.0002
2025-10-09 16:19:38,310 [INFO] Época 23/30, Batch 2100/3348, Loss: 0.0002
2025-10-09 16:19:38,559 [INFO] Época 23/30, Batch 2150/3348, Loss: 0.0002
2025-10-09 16:19:38,811 [INFO] Época 23/30, Batch 2200/3348, Loss: 0.0002
2025-10-09 16:19:39,062 [INFO] Época 23/30, Batch 2250/3348, Loss: 0.0002
2025-10-09 16:19:39,311 [INFO] Época 23/30, Batch 2300/3348, Loss: 0.0002
2025-10-09 16:19:39,560 [INFO] Época 23/30, Batch 2350/3348, Loss: 0.0001
2025-10-09 16:19:39,809 [INFO] Época 23/30, Batch 2400/3348, Loss: 0.0001
2025-10-09 16:19:40,054 [INFO] Época 23/30, Batch 2450/3348, Loss: 0.0002
2025-10-09 16:19:40,305 [INFO] Época 23/30, Batch 2500/3348, Loss: 0.0002
2025-10-09 16:19:40,554 [INFO] Época 23/30, Batch 2550/3348, Loss: 0.0004
2025-10-09 16:19:40,804 [INFO] Época 23/30, Batch 2600/3348, Loss: 0.0001
2025-10-09 16:19:41,053 [INFO] Época 23/30, Batch 2650/3348, Loss: 0.0002
2025-10-09 16:19:41,305 [INFO] Época 23/30, Batch 2700/3348, Loss: 0.0002
2025-10-09 16:19:41,554 [INFO] Época 23/30, Batch 2750/3348, Loss: 0.0002
2025-10-09 16:19:41,806 [INFO] Época 23/30, Batch 2800/3348, Loss: 0.0002
2025-10-09 16:19:42,057 [INFO] Época 23/30, Batch 2850/3348, Loss: 0.0002
2025-10-09 16:19:42,307 [INFO] Época 23/30, Batch 2900/3348, Loss: 0.0003
2025-10-09 16:19:42,552 [INFO] Época 23/30, Batch 2950/3348, Loss: 0.0004
2025-10-09 16:19:42,794 [INFO] Época 23/30, Batch 3000/3348, Loss: 0.0002
2025-10-09 16:19:43,035 [INFO] Época 23/30, Batch 3050/3348, Loss: 0.0003
2025-10-09 16:19:43,276 [INFO] Época 23/30, Batch 3100/3348, Loss: 0.0002
2025-10-09 16:19:43,523 [INFO] Época 23/30, Batch 3150/3348, Loss: 0.0002
2025-10-09 16:19:43,788 [INFO] Época 23/30, Batch 3200/3348, Loss: 0.0002
2025-10-09 16:19:44,030 [INFO] Época 23/30, Batch 3250/3348, Loss: 0.0004
2025-10-09 16:19:44,271 [INFO] Época 23/30, Batch 3300/3348, Loss: 0.0003
2025-10-09 16:19:45,791 [INFO] [23/30] Train Loss: 0.0046 | Val Loss: 0.0003 | Tempo: 18.24s
2025-10-09 16:19:46,265 [INFO] Época 24/30, Batch 50/3348, Loss: 0.0002
2025-10-09 16:19:46,515 [INFO] Época 24/30, Batch 100/3348, Loss: 0.0002
2025-10-09 16:19:46,764 [INFO] Época 24/30, Batch 150/3348, Loss: 0.0003
2025-10-09 16:19:47,010 [INFO] Época 24/30, Batch 200/3348, Loss: 0.0002
2025-10-09 16:19:47,259 [INFO] Época 24/30, Batch 250/3348, Loss: 0.0002
2025-10-09 16:19:47,503 [INFO] Época 24/30, Batch 300/3348, Loss: 0.0001
2025-10-09 16:19:47,748 [INFO] Época 24/30, Batch 350/3348, Loss: 0.0002
2025-10-09 16:19:47,992 [INFO] Época 24/30, Batch 400/3348, Loss: 0.0002
2025-10-09 16:19:48,235 [INFO] Época 24/30, Batch 450/3348, Loss: 0.0002
2025-10-09 16:19:48,480 [INFO] Época 24/30, Batch 500/3348, Loss: 0.0002
2025-10-09 16:19:48,722 [INFO] Época 24/30, Batch 550/3348, Loss: 0.0002
2025-10-09 16:19:48,967 [INFO] Época 24/30, Batch 600/3348, Loss: 0.0002
2025-10-09 16:19:49,211 [INFO] Época 24/30, Batch 650/3348, Loss: 0.0002
2025-10-09 16:19:49,452 [INFO] Época 24/30, Batch 700/3348, Loss: 0.0002
2025-10-09 16:19:49,695 [INFO] Época 24/30, Batch 750/3348, Loss: 0.0002
2025-10-09 16:19:49,936 [INFO] Época 24/30, Batch 800/3348, Loss: 0.0002
2025-10-09 16:19:50,177 [INFO] Época 24/30, Batch 850/3348, Loss: 0.0002
2025-10-09 16:19:50,418 [INFO] Época 24/30, Batch 900/3348, Loss: 0.0003
2025-10-09 16:19:50,660 [INFO] Época 24/30, Batch 950/3348, Loss: 0.0002
2025-10-09 16:19:50,900 [INFO] Época 24/30, Batch 1000/3348, Loss: 0.0002
2025-10-09 16:19:51,144 [INFO] Época 24/30, Batch 1050/3348, Loss: 0.0003
2025-10-09 16:19:51,384 [INFO] Época 24/30, Batch 1100/3348, Loss: 0.0002
2025-10-09 16:19:51,626 [INFO] Época 24/30, Batch 1150/3348, Loss: 0.0003
2025-10-09 16:19:51,866 [INFO] Época 24/30, Batch 1200/3348, Loss: 0.0002
2025-10-09 16:19:52,109 [INFO] Época 24/30, Batch 1250/3348, Loss: 0.0003
2025-10-09 16:19:52,349 [INFO] Época 24/30, Batch 1300/3348, Loss: 0.0002
2025-10-09 16:19:52,590 [INFO] Época 24/30, Batch 1350/3348, Loss: 0.0002
2025-10-09 16:19:52,829 [INFO] Época 24/30, Batch 1400/3348, Loss: 0.0002
2025-10-09 16:19:53,073 [INFO] Época 24/30, Batch 1450/3348, Loss: 0.0028
2025-10-09 16:19:53,317 [INFO] Época 24/30, Batch 1500/3348, Loss: 0.0002
2025-10-09 16:19:53,558 [INFO] Época 24/30, Batch 1550/3348, Loss: 0.0003
2025-10-09 16:19:53,799 [INFO] Época 24/30, Batch 1600/3348, Loss: 0.0002
2025-10-09 16:19:54,040 [INFO] Época 24/30, Batch 1650/3348, Loss: 0.0002
2025-10-09 16:19:54,282 [INFO] Época 24/30, Batch 1700/3348, Loss: 0.0003
2025-10-09 16:19:54,524 [INFO] Época 24/30, Batch 1750/3348, Loss: 0.0002
2025-10-09 16:19:54,768 [INFO] Época 24/30, Batch 1800/3348, Loss: 0.0001
2025-10-09 16:19:55,011 [INFO] Época 24/30, Batch 1850/3348, Loss: 0.0003
2025-10-09 16:19:55,253 [INFO] Época 24/30, Batch 1900/3348, Loss: 0.0002
2025-10-09 16:19:55,498 [INFO] Época 24/30, Batch 1950/3348, Loss: 0.0002
2025-10-09 16:19:55,741 [INFO] Época 24/30, Batch 2000/3348, Loss: 0.0002
2025-10-09 16:19:55,985 [INFO] Época 24/30, Batch 2050/3348, Loss: 0.0003
2025-10-09 16:19:56,235 [INFO] Época 24/30, Batch 2100/3348, Loss: 0.0002
2025-10-09 16:19:56,478 [INFO] Época 24/30, Batch 2150/3348, Loss: 0.0003
2025-10-09 16:19:56,729 [INFO] Época 24/30, Batch 2200/3348, Loss: 0.0003
2025-10-09 16:19:57,016 [INFO] Época 24/30, Batch 2250/3348, Loss: 0.0002
2025-10-09 16:19:57,269 [INFO] Época 24/30, Batch 2300/3348, Loss: 0.0001
2025-10-09 16:19:57,517 [INFO] Época 24/30, Batch 2350/3348, Loss: 0.0002
2025-10-09 16:19:57,768 [INFO] Época 24/30, Batch 2400/3348, Loss: 0.0002
2025-10-09 16:19:58,012 [INFO] Época 24/30, Batch 2450/3348, Loss: 0.0002
2025-10-09 16:19:58,255 [INFO] Época 24/30, Batch 2500/3348, Loss: 0.0002
2025-10-09 16:19:58,499 [INFO] Época 24/30, Batch 2550/3348, Loss: 0.0002
2025-10-09 16:19:58,748 [INFO] Época 24/30, Batch 2600/3348, Loss: 0.0003
2025-10-09 16:19:58,991 [INFO] Época 24/30, Batch 2650/3348, Loss: 0.0002
2025-10-09 16:19:59,234 [INFO] Época 24/30, Batch 2700/3348, Loss: 0.0002
2025-10-09 16:19:59,477 [INFO] Época 24/30, Batch 2750/3348, Loss: 0.0001
2025-10-09 16:19:59,721 [INFO] Época 24/30, Batch 2800/3348, Loss: 0.0001
2025-10-09 16:19:59,964 [INFO] Época 24/30, Batch 2850/3348, Loss: 0.0001
2025-10-09 16:20:00,209 [INFO] Época 24/30, Batch 2900/3348, Loss: 0.0002
2025-10-09 16:20:00,453 [INFO] Época 24/30, Batch 2950/3348, Loss: 0.0002
2025-10-09 16:20:00,696 [INFO] Época 24/30, Batch 3000/3348, Loss: 0.0002
2025-10-09 16:20:00,938 [INFO] Época 24/30, Batch 3050/3348, Loss: 0.0002
2025-10-09 16:20:01,183 [INFO] Época 24/30, Batch 3100/3348, Loss: 0.0002
2025-10-09 16:20:01,426 [INFO] Época 24/30, Batch 3150/3348, Loss: 0.0002
2025-10-09 16:20:01,669 [INFO] Época 24/30, Batch 3200/3348, Loss: 0.0002
2025-10-09 16:20:01,909 [INFO] Época 24/30, Batch 3250/3348, Loss: 0.0002
2025-10-09 16:20:02,150 [INFO] Época 24/30, Batch 3300/3348, Loss: 0.0003
2025-10-09 16:20:03,721 [INFO] [24/30] Train Loss: 0.0046 | Val Loss: 0.0002 | Tempo: 17.93s
2025-10-09 16:20:04,175 [INFO] Época 25/30, Batch 50/3348, Loss: 0.0002
2025-10-09 16:20:04,423 [INFO] Época 25/30, Batch 100/3348, Loss: 0.0002
2025-10-09 16:20:04,670 [INFO] Época 25/30, Batch 150/3348, Loss: 0.0001
2025-10-09 16:20:04,916 [INFO] Época 25/30, Batch 200/3348, Loss: 0.0002
2025-10-09 16:20:05,163 [INFO] Época 25/30, Batch 250/3348, Loss: 0.0002
2025-10-09 16:20:05,409 [INFO] Época 25/30, Batch 300/3348, Loss: 0.0002
2025-10-09 16:20:05,654 [INFO] Época 25/30, Batch 350/3348, Loss: 0.0002
2025-10-09 16:20:05,898 [INFO] Época 25/30, Batch 400/3348, Loss: 0.0002
2025-10-09 16:20:06,146 [INFO] Época 25/30, Batch 450/3348, Loss: 0.0003
2025-10-09 16:20:06,391 [INFO] Época 25/30, Batch 500/3348, Loss: 0.0002
2025-10-09 16:20:06,637 [INFO] Época 25/30, Batch 550/3348, Loss: 0.0002
2025-10-09 16:20:06,880 [INFO] Época 25/30, Batch 600/3348, Loss: 0.0002
2025-10-09 16:20:07,122 [INFO] Época 25/30, Batch 650/3348, Loss: 0.0002
2025-10-09 16:20:07,363 [INFO] Época 25/30, Batch 700/3348, Loss: 0.0002
2025-10-09 16:20:07,604 [INFO] Época 25/30, Batch 750/3348, Loss: 0.0002
2025-10-09 16:20:07,843 [INFO] Época 25/30, Batch 800/3348, Loss: 0.0002
2025-10-09 16:20:08,078 [INFO] Época 25/30, Batch 850/3348, Loss: 0.0002
2025-10-09 16:20:08,317 [INFO] Época 25/30, Batch 900/3348, Loss: 0.0002
2025-10-09 16:20:08,555 [INFO] Época 25/30, Batch 950/3348, Loss: 0.0002
2025-10-09 16:20:08,791 [INFO] Época 25/30, Batch 1000/3348, Loss: 0.0002
2025-10-09 16:20:09,034 [INFO] Época 25/30, Batch 1050/3348, Loss: 0.0002
2025-10-09 16:20:09,270 [INFO] Época 25/30, Batch 1100/3348, Loss: 0.0002
2025-10-09 16:20:09,503 [INFO] Época 25/30, Batch 1150/3348, Loss: 0.0002
2025-10-09 16:20:09,734 [INFO] Época 25/30, Batch 1200/3348, Loss: 0.0002
2025-10-09 16:20:09,965 [INFO] Época 25/30, Batch 1250/3348, Loss: 0.0002
2025-10-09 16:20:10,199 [INFO] Época 25/30, Batch 1300/3348, Loss: 0.0002
2025-10-09 16:20:10,433 [INFO] Época 25/30, Batch 1350/3348, Loss: 0.0002
2025-10-09 16:20:10,667 [INFO] Época 25/30, Batch 1400/3348, Loss: 0.0002
2025-10-09 16:20:10,902 [INFO] Época 25/30, Batch 1450/3348, Loss: 0.0002
2025-10-09 16:20:11,142 [INFO] Época 25/30, Batch 1500/3348, Loss: 0.0003
2025-10-09 16:20:11,390 [INFO] Época 25/30, Batch 1550/3348, Loss: 0.0002
2025-10-09 16:20:11,633 [INFO] Época 25/30, Batch 1600/3348, Loss: 0.0002
2025-10-09 16:20:11,874 [INFO] Época 25/30, Batch 1650/3348, Loss: 0.0002
2025-10-09 16:20:12,118 [INFO] Época 25/30, Batch 1700/3348, Loss: 0.0002
2025-10-09 16:20:12,362 [INFO] Época 25/30, Batch 1750/3348, Loss: 0.0030
2025-10-09 16:20:12,605 [INFO] Época 25/30, Batch 1800/3348, Loss: 0.0002
2025-10-09 16:20:12,847 [INFO] Época 25/30, Batch 1850/3348, Loss: 0.0002
2025-10-09 16:20:13,088 [INFO] Época 25/30, Batch 1900/3348, Loss: 0.0003
2025-10-09 16:20:13,330 [INFO] Época 25/30, Batch 1950/3348, Loss: 0.0002
2025-10-09 16:20:13,576 [INFO] Época 25/30, Batch 2000/3348, Loss: 0.0002
2025-10-09 16:20:13,820 [INFO] Época 25/30, Batch 2050/3348, Loss: 0.0001
2025-10-09 16:20:14,063 [INFO] Época 25/30, Batch 2100/3348, Loss: 0.0002
2025-10-09 16:20:14,302 [INFO] Época 25/30, Batch 2150/3348, Loss: 0.0012
2025-10-09 16:20:14,576 [INFO] Época 25/30, Batch 2200/3348, Loss: 0.0003
2025-10-09 16:20:14,816 [INFO] Época 25/30, Batch 2250/3348, Loss: 0.0002
2025-10-09 16:20:15,057 [INFO] Época 25/30, Batch 2300/3348, Loss: 0.0002
2025-10-09 16:20:15,297 [INFO] Época 25/30, Batch 2350/3348, Loss: 0.0002
2025-10-09 16:20:15,536 [INFO] Época 25/30, Batch 2400/3348, Loss: 0.0002
2025-10-09 16:20:15,777 [INFO] Época 25/30, Batch 2450/3348, Loss: 0.0002
2025-10-09 16:20:16,018 [INFO] Época 25/30, Batch 2500/3348, Loss: 0.0002
2025-10-09 16:20:16,259 [INFO] Época 25/30, Batch 2550/3348, Loss: 0.0002
2025-10-09 16:20:16,503 [INFO] Época 25/30, Batch 2600/3348, Loss: 0.0002
2025-10-09 16:20:16,745 [INFO] Época 25/30, Batch 2650/3348, Loss: 0.0002
2025-10-09 16:20:16,985 [INFO] Época 25/30, Batch 2700/3348, Loss: 0.0002
2025-10-09 16:20:17,223 [INFO] Época 25/30, Batch 2750/3348, Loss: 0.0002
2025-10-09 16:20:17,465 [INFO] Época 25/30, Batch 2800/3348, Loss: 0.0002
2025-10-09 16:20:17,707 [INFO] Época 25/30, Batch 2850/3348, Loss: 0.0002
2025-10-09 16:20:17,946 [INFO] Época 25/30, Batch 2900/3348, Loss: 0.0002
2025-10-09 16:20:18,185 [INFO] Época 25/30, Batch 2950/3348, Loss: 0.0003
2025-10-09 16:20:18,425 [INFO] Época 25/30, Batch 3000/3348, Loss: 0.0003
2025-10-09 16:20:18,665 [INFO] Época 25/30, Batch 3050/3348, Loss: 0.0002
2025-10-09 16:20:18,910 [INFO] Época 25/30, Batch 3100/3348, Loss: 0.0002
2025-10-09 16:20:19,154 [INFO] Época 25/30, Batch 3150/3348, Loss: 0.0003
2025-10-09 16:20:19,395 [INFO] Época 25/30, Batch 3200/3348, Loss: 0.0002
2025-10-09 16:20:19,635 [INFO] Época 25/30, Batch 3250/3348, Loss: 0.0002
2025-10-09 16:20:19,876 [INFO] Época 25/30, Batch 3300/3348, Loss: 0.0002
2025-10-09 16:20:21,442 [INFO] [25/30] Train Loss: 0.0046 | Val Loss: 0.0002 | Tempo: 17.72s
2025-10-09 16:20:21,447 [INFO] Melhor modelo salvo em: /mnt/hdd/home/jdurao/ToolBox-ChemXAI/models/mlp_qm9_Pattern_att0_large.pth
2025-10-09 16:20:21,905 [INFO] Época 26/30, Batch 50/3348, Loss: 0.0002
2025-10-09 16:20:22,153 [INFO] Época 26/30, Batch 100/3348, Loss: 0.0002
2025-10-09 16:20:22,401 [INFO] Época 26/30, Batch 150/3348, Loss: 0.0003
2025-10-09 16:20:22,648 [INFO] Época 26/30, Batch 200/3348, Loss: 0.0002
2025-10-09 16:20:22,892 [INFO] Época 26/30, Batch 250/3348, Loss: 0.0011
2025-10-09 16:20:23,138 [INFO] Época 26/30, Batch 300/3348, Loss: 0.0002
2025-10-09 16:20:23,381 [INFO] Época 26/30, Batch 350/3348, Loss: 0.0001
2025-10-09 16:20:23,625 [INFO] Época 26/30, Batch 400/3348, Loss: 0.0002
2025-10-09 16:20:23,868 [INFO] Época 26/30, Batch 450/3348, Loss: 0.0003
2025-10-09 16:20:24,112 [INFO] Época 26/30, Batch 500/3348, Loss: 0.0002
2025-10-09 16:20:24,357 [INFO] Época 26/30, Batch 550/3348, Loss: 0.0002
2025-10-09 16:20:24,601 [INFO] Época 26/30, Batch 600/3348, Loss: 0.0002
2025-10-09 16:20:24,843 [INFO] Época 26/30, Batch 650/3348, Loss: 0.0002
2025-10-09 16:20:25,085 [INFO] Época 26/30, Batch 700/3348, Loss: 0.0002
2025-10-09 16:20:25,328 [INFO] Época 26/30, Batch 750/3348, Loss: 0.0002
2025-10-09 16:20:25,573 [INFO] Época 26/30, Batch 800/3348, Loss: 0.0001
2025-10-09 16:20:25,817 [INFO] Época 26/30, Batch 850/3348, Loss: 0.0003
2025-10-09 16:20:26,060 [INFO] Época 26/30, Batch 900/3348, Loss: 0.0002
2025-10-09 16:20:26,303 [INFO] Época 26/30, Batch 950/3348, Loss: 0.0004
2025-10-09 16:20:26,547 [INFO] Época 26/30, Batch 1000/3348, Loss: 0.0003
2025-10-09 16:20:26,789 [INFO] Época 26/30, Batch 1050/3348, Loss: 0.0002
2025-10-09 16:20:27,033 [INFO] Época 26/30, Batch 1100/3348, Loss: 0.0002
2025-10-09 16:20:27,274 [INFO] Época 26/30, Batch 1150/3348, Loss: 0.0002
2025-10-09 16:20:27,517 [INFO] Época 26/30, Batch 1200/3348, Loss: 0.0002
2025-10-09 16:20:27,759 [INFO] Época 26/30, Batch 1250/3348, Loss: 0.0003
2025-10-09 16:20:28,005 [INFO] Época 26/30, Batch 1300/3348, Loss: 0.0003
2025-10-09 16:20:28,251 [INFO] Época 26/30, Batch 1350/3348, Loss: 0.0003
2025-10-09 16:20:28,495 [INFO] Época 26/30, Batch 1400/3348, Loss: 0.0002
2025-10-09 16:20:28,742 [INFO] Época 26/30, Batch 1450/3348, Loss: 0.0002
2025-10-09 16:20:28,989 [INFO] Época 26/30, Batch 1500/3348, Loss: 0.0002
2025-10-09 16:20:29,233 [INFO] Época 26/30, Batch 1550/3348, Loss: 0.0002
2025-10-09 16:20:29,478 [INFO] Época 26/30, Batch 1600/3348, Loss: 0.0002
2025-10-09 16:20:29,727 [INFO] Época 26/30, Batch 1650/3348, Loss: 0.0002
2025-10-09 16:20:29,973 [INFO] Época 26/30, Batch 1700/3348, Loss: 0.0002
2025-10-09 16:20:30,219 [INFO] Época 26/30, Batch 1750/3348, Loss: 0.0002
2025-10-09 16:20:30,464 [INFO] Época 26/30, Batch 1800/3348, Loss: 0.0001
2025-10-09 16:20:30,710 [INFO] Época 26/30, Batch 1850/3348, Loss: 0.0002
2025-10-09 16:20:30,953 [INFO] Época 26/30, Batch 1900/3348, Loss: 0.0002
2025-10-09 16:20:31,195 [INFO] Época 26/30, Batch 1950/3348, Loss: 0.0002
2025-10-09 16:20:31,439 [INFO] Época 26/30, Batch 2000/3348, Loss: 0.0002
2025-10-09 16:20:31,683 [INFO] Época 26/30, Batch 2050/3348, Loss: 0.0002
2025-10-09 16:20:31,927 [INFO] Época 26/30, Batch 2100/3348, Loss: 0.0003
2025-10-09 16:20:32,185 [INFO] Época 26/30, Batch 2150/3348, Loss: 0.0002
2025-10-09 16:20:32,428 [INFO] Época 26/30, Batch 2200/3348, Loss: 0.0002
2025-10-09 16:20:32,671 [INFO] Época 26/30, Batch 2250/3348, Loss: 0.0001
2025-10-09 16:20:32,914 [INFO] Época 26/30, Batch 2300/3348, Loss: 0.0002
2025-10-09 16:20:33,156 [INFO] Época 26/30, Batch 2350/3348, Loss: 0.0002
2025-10-09 16:20:33,398 [INFO] Época 26/30, Batch 2400/3348, Loss: 0.0002
2025-10-09 16:20:33,640 [INFO] Época 26/30, Batch 2450/3348, Loss: 0.0002
2025-10-09 16:20:33,881 [INFO] Época 26/30, Batch 2500/3348, Loss: 0.0002
2025-10-09 16:20:34,122 [INFO] Época 26/30, Batch 2550/3348, Loss: 0.0002
2025-10-09 16:20:34,366 [INFO] Época 26/30, Batch 2600/3348, Loss: 0.0002
2025-10-09 16:20:34,610 [INFO] Época 26/30, Batch 2650/3348, Loss: 0.0003
2025-10-09 16:20:34,851 [INFO] Época 26/30, Batch 2700/3348, Loss: 0.0002
2025-10-09 16:20:35,093 [INFO] Época 26/30, Batch 2750/3348, Loss: 0.0002
2025-10-09 16:20:35,335 [INFO] Época 26/30, Batch 2800/3348, Loss: 0.0002
2025-10-09 16:20:35,579 [INFO] Época 26/30, Batch 2850/3348, Loss: 0.0002
2025-10-09 16:20:35,821 [INFO] Época 26/30, Batch 2900/3348, Loss: 0.0002
2025-10-09 16:20:36,063 [INFO] Época 26/30, Batch 2950/3348, Loss: 0.0002
2025-10-09 16:20:36,304 [INFO] Época 26/30, Batch 3000/3348, Loss: 0.0002
2025-10-09 16:20:36,545 [INFO] Época 26/30, Batch 3050/3348, Loss: 0.0002
2025-10-09 16:20:36,786 [INFO] Época 26/30, Batch 3100/3348, Loss: 0.0005
2025-10-09 16:20:37,029 [INFO] Época 26/30, Batch 3150/3348, Loss: 0.0002
2025-10-09 16:20:37,270 [INFO] Época 26/30, Batch 3200/3348, Loss: 0.0002
2025-10-09 16:20:37,514 [INFO] Época 26/30, Batch 3250/3348, Loss: 0.0002
2025-10-09 16:20:37,754 [INFO] Época 26/30, Batch 3300/3348, Loss: 0.0002
2025-10-09 16:20:39,301 [INFO] [26/30] Train Loss: 0.0046 | Val Loss: 0.0002 | Tempo: 17.85s
2025-10-09 16:20:39,760 [INFO] Época 27/30, Batch 50/3348, Loss: 0.0002
2025-10-09 16:20:40,014 [INFO] Época 27/30, Batch 100/3348, Loss: 0.0001
2025-10-09 16:20:40,266 [INFO] Época 27/30, Batch 150/3348, Loss: 0.0001
2025-10-09 16:20:40,518 [INFO] Época 27/30, Batch 200/3348, Loss: 0.0002
2025-10-09 16:20:40,769 [INFO] Época 27/30, Batch 250/3348, Loss: 0.0002
2025-10-09 16:20:41,019 [INFO] Época 27/30, Batch 300/3348, Loss: 0.0002
2025-10-09 16:20:41,272 [INFO] Época 27/30, Batch 350/3348, Loss: 0.0002
2025-10-09 16:20:41,522 [INFO] Época 27/30, Batch 400/3348, Loss: 0.0002
2025-10-09 16:20:41,769 [INFO] Época 27/30, Batch 450/3348, Loss: 0.0003
2025-10-09 16:20:42,014 [INFO] Época 27/30, Batch 500/3348, Loss: 0.0002
2025-10-09 16:20:42,254 [INFO] Época 27/30, Batch 550/3348, Loss: 0.0002
2025-10-09 16:20:42,499 [INFO] Época 27/30, Batch 600/3348, Loss: 0.0001
2025-10-09 16:20:42,740 [INFO] Época 27/30, Batch 650/3348, Loss: 0.0002
2025-10-09 16:20:42,984 [INFO] Época 27/30, Batch 700/3348, Loss: 0.0003
2025-10-09 16:20:43,227 [INFO] Época 27/30, Batch 750/3348, Loss: 0.0002
2025-10-09 16:20:43,480 [INFO] Época 27/30, Batch 800/3348, Loss: 0.0001
2025-10-09 16:20:43,720 [INFO] Época 27/30, Batch 850/3348, Loss: 0.0002
2025-10-09 16:20:43,952 [INFO] Época 27/30, Batch 900/3348, Loss: 0.0003
2025-10-09 16:20:44,188 [INFO] Época 27/30, Batch 950/3348, Loss: 0.0002
2025-10-09 16:20:44,430 [INFO] Época 27/30, Batch 1000/3348, Loss: 0.0004
2025-10-09 16:20:44,679 [INFO] Época 27/30, Batch 1050/3348, Loss: 0.0001
2025-10-09 16:20:44,934 [INFO] Época 27/30, Batch 1100/3348, Loss: 0.0002
2025-10-09 16:20:45,184 [INFO] Época 27/30, Batch 1150/3348, Loss: 0.0002
2025-10-09 16:20:45,416 [INFO] Época 27/30, Batch 1200/3348, Loss: 0.0003
2025-10-09 16:20:45,645 [INFO] Época 27/30, Batch 1250/3348, Loss: 0.0002
2025-10-09 16:20:45,873 [INFO] Época 27/30, Batch 1300/3348, Loss: 0.0003
2025-10-09 16:20:46,101 [INFO] Época 27/30, Batch 1350/3348, Loss: 0.0002
2025-10-09 16:20:46,331 [INFO] Época 27/30, Batch 1400/3348, Loss: 0.0002
2025-10-09 16:20:46,560 [INFO] Época 27/30, Batch 1450/3348, Loss: 0.0002
2025-10-09 16:20:46,788 [INFO] Época 27/30, Batch 1500/3348, Loss: 0.0002
2025-10-09 16:20:47,016 [INFO] Época 27/30, Batch 1550/3348, Loss: 0.0002
2025-10-09 16:20:47,244 [INFO] Época 27/30, Batch 1600/3348, Loss: 0.0001
2025-10-09 16:20:47,475 [INFO] Época 27/30, Batch 1650/3348, Loss: 0.0002
2025-10-09 16:20:47,705 [INFO] Época 27/30, Batch 1700/3348, Loss: 0.0002
2025-10-09 16:20:47,937 [INFO] Época 27/30, Batch 1750/3348, Loss: 0.0002
2025-10-09 16:20:48,164 [INFO] Época 27/30, Batch 1800/3348, Loss: 0.0004
2025-10-09 16:20:48,395 [INFO] Época 27/30, Batch 1850/3348, Loss: 0.0003
2025-10-09 16:20:48,644 [INFO] Época 27/30, Batch 1900/3348, Loss: 0.0002
2025-10-09 16:20:48,886 [INFO] Época 27/30, Batch 1950/3348, Loss: 0.0002
2025-10-09 16:20:49,125 [INFO] Época 27/30, Batch 2000/3348, Loss: 0.0003
2025-10-09 16:20:49,366 [INFO] Época 27/30, Batch 2050/3348, Loss: 0.0002
2025-10-09 16:20:49,606 [INFO] Época 27/30, Batch 2100/3348, Loss: 0.0002
2025-10-09 16:20:49,847 [INFO] Época 27/30, Batch 2150/3348, Loss: 0.0003
2025-10-09 16:20:50,085 [INFO] Época 27/30, Batch 2200/3348, Loss: 0.0002
2025-10-09 16:20:50,326 [INFO] Época 27/30, Batch 2250/3348, Loss: 0.0002
2025-10-09 16:20:50,570 [INFO] Época 27/30, Batch 2300/3348, Loss: 0.0002
2025-10-09 16:20:50,812 [INFO] Época 27/30, Batch 2350/3348, Loss: 0.0004
2025-10-09 16:20:51,054 [INFO] Época 27/30, Batch 2400/3348, Loss: 0.0002
2025-10-09 16:20:51,296 [INFO] Época 27/30, Batch 2450/3348, Loss: 0.0001
2025-10-09 16:20:51,538 [INFO] Época 27/30, Batch 2500/3348, Loss: 0.0005
2025-10-09 16:20:51,778 [INFO] Época 27/30, Batch 2550/3348, Loss: 0.0002
2025-10-09 16:20:52,020 [INFO] Época 27/30, Batch 2600/3348, Loss: 0.0002
2025-10-09 16:20:52,261 [INFO] Época 27/30, Batch 2650/3348, Loss: 0.0002
2025-10-09 16:20:52,501 [INFO] Época 27/30, Batch 2700/3348, Loss: 0.0003
2025-10-09 16:20:52,740 [INFO] Época 27/30, Batch 2750/3348, Loss: 0.0003
2025-10-09 16:20:52,985 [INFO] Época 27/30, Batch 2800/3348, Loss: 0.0003
2025-10-09 16:20:53,224 [INFO] Época 27/30, Batch 2850/3348, Loss: 0.0002
2025-10-09 16:20:53,468 [INFO] Época 27/30, Batch 2900/3348, Loss: 0.0002
2025-10-09 16:20:53,708 [INFO] Época 27/30, Batch 2950/3348, Loss: 0.0002
2025-10-09 16:20:53,953 [INFO] Época 27/30, Batch 3000/3348, Loss: 0.0002
2025-10-09 16:20:54,196 [INFO] Época 27/30, Batch 3050/3348, Loss: 0.0001
2025-10-09 16:20:54,438 [INFO] Época 27/30, Batch 3100/3348, Loss: 0.0002
2025-10-09 16:20:54,686 [INFO] Época 27/30, Batch 3150/3348, Loss: 0.0002
2025-10-09 16:20:54,944 [INFO] Época 27/30, Batch 3200/3348, Loss: 0.0002
2025-10-09 16:20:55,204 [INFO] Época 27/30, Batch 3250/3348, Loss: 0.0002
2025-10-09 16:20:55,446 [INFO] Época 27/30, Batch 3300/3348, Loss: 0.0002
2025-10-09 16:20:56,974 [INFO] [27/30] Train Loss: 0.0046 | Val Loss: 0.0003 | Tempo: 17.67s
2025-10-09 16:20:57,430 [INFO] Época 28/30, Batch 50/3348, Loss: 0.0002
2025-10-09 16:20:57,693 [INFO] Época 28/30, Batch 100/3348, Loss: 0.0002
2025-10-09 16:20:57,961 [INFO] Época 28/30, Batch 150/3348, Loss: 0.0002
2025-10-09 16:20:58,222 [INFO] Época 28/30, Batch 200/3348, Loss: 0.0001
2025-10-09 16:20:58,483 [INFO] Época 28/30, Batch 250/3348, Loss: 0.0002
2025-10-09 16:20:58,745 [INFO] Época 28/30, Batch 300/3348, Loss: 0.0002
2025-10-09 16:20:58,997 [INFO] Época 28/30, Batch 350/3348, Loss: 0.0002
2025-10-09 16:20:59,256 [INFO] Época 28/30, Batch 400/3348, Loss: 0.0002
2025-10-09 16:20:59,514 [INFO] Época 28/30, Batch 450/3348, Loss: 0.0003
2025-10-09 16:20:59,777 [INFO] Época 28/30, Batch 500/3348, Loss: 0.0002
2025-10-09 16:21:00,025 [INFO] Época 28/30, Batch 550/3348, Loss: 0.0002
2025-10-09 16:21:00,267 [INFO] Época 28/30, Batch 600/3348, Loss: 0.0001
2025-10-09 16:21:00,514 [INFO] Época 28/30, Batch 650/3348, Loss: 0.0002
2025-10-09 16:21:00,761 [INFO] Época 28/30, Batch 700/3348, Loss: 0.0003
2025-10-09 16:21:01,009 [INFO] Época 28/30, Batch 750/3348, Loss: 0.0002
2025-10-09 16:21:01,260 [INFO] Época 28/30, Batch 800/3348, Loss: 0.0002
2025-10-09 16:21:01,504 [INFO] Época 28/30, Batch 850/3348, Loss: 0.0001
2025-10-09 16:21:01,767 [INFO] Época 28/30, Batch 900/3348, Loss: 0.0003
2025-10-09 16:21:02,034 [INFO] Época 28/30, Batch 950/3348, Loss: 0.0002
2025-10-09 16:21:02,297 [INFO] Época 28/30, Batch 1000/3348, Loss: 0.0004
2025-10-09 16:21:02,548 [INFO] Época 28/30, Batch 1050/3348, Loss: 0.0003
2025-10-09 16:21:02,800 [INFO] Época 28/30, Batch 1100/3348, Loss: 0.0001
2025-10-09 16:21:03,039 [INFO] Época 28/30, Batch 1150/3348, Loss: 0.0002
2025-10-09 16:21:03,279 [INFO] Época 28/30, Batch 1200/3348, Loss: 0.0003
2025-10-09 16:21:03,518 [INFO] Época 28/30, Batch 1250/3348, Loss: 0.0002
2025-10-09 16:21:03,757 [INFO] Época 28/30, Batch 1300/3348, Loss: 0.0009
2025-10-09 16:21:04,004 [INFO] Época 28/30, Batch 1350/3348, Loss: 0.0002
2025-10-09 16:21:04,256 [INFO] Época 28/30, Batch 1400/3348, Loss: 0.0004
2025-10-09 16:21:04,505 [INFO] Época 28/30, Batch 1450/3348, Loss: 0.0002
2025-10-09 16:21:04,754 [INFO] Época 28/30, Batch 1500/3348, Loss: 0.0002
2025-10-09 16:21:05,002 [INFO] Época 28/30, Batch 1550/3348, Loss: 0.0002
2025-10-09 16:21:05,251 [INFO] Época 28/30, Batch 1600/3348, Loss: 0.0001
2025-10-09 16:21:05,500 [INFO] Época 28/30, Batch 1650/3348, Loss: 0.0002
2025-10-09 16:21:05,749 [INFO] Época 28/30, Batch 1700/3348, Loss: 0.0003
2025-10-09 16:21:05,999 [INFO] Época 28/30, Batch 1750/3348, Loss: 0.0003
2025-10-09 16:21:06,246 [INFO] Época 28/30, Batch 1800/3348, Loss: 0.0002
2025-10-09 16:21:06,494 [INFO] Época 28/30, Batch 1850/3348, Loss: 0.0001
2025-10-09 16:21:06,740 [INFO] Época 28/30, Batch 1900/3348, Loss: 0.0002
2025-10-09 16:21:06,994 [INFO] Época 28/30, Batch 1950/3348, Loss: 0.0001
2025-10-09 16:21:07,247 [INFO] Época 28/30, Batch 2000/3348, Loss: 0.0003
2025-10-09 16:21:07,497 [INFO] Época 28/30, Batch 2050/3348, Loss: 0.0001
2025-10-09 16:21:07,745 [INFO] Época 28/30, Batch 2100/3348, Loss: 0.0003
2025-10-09 16:21:07,996 [INFO] Época 28/30, Batch 2150/3348, Loss: 0.0002
2025-10-09 16:21:08,246 [INFO] Época 28/30, Batch 2200/3348, Loss: 0.0002
2025-10-09 16:21:08,492 [INFO] Época 28/30, Batch 2250/3348, Loss: 0.0003
2025-10-09 16:21:08,739 [INFO] Época 28/30, Batch 2300/3348, Loss: 0.0001
2025-10-09 16:21:08,985 [INFO] Época 28/30, Batch 2350/3348, Loss: 0.0002
2025-10-09 16:21:09,237 [INFO] Época 28/30, Batch 2400/3348, Loss: 0.0002
2025-10-09 16:21:09,488 [INFO] Época 28/30, Batch 2450/3348, Loss: 0.0003
2025-10-09 16:21:09,739 [INFO] Época 28/30, Batch 2500/3348, Loss: 0.0002
2025-10-09 16:21:09,988 [INFO] Época 28/30, Batch 2550/3348, Loss: 0.0003
2025-10-09 16:21:10,239 [INFO] Época 28/30, Batch 2600/3348, Loss: 0.0001
2025-10-09 16:21:10,487 [INFO] Época 28/30, Batch 2650/3348, Loss: 0.0003
2025-10-09 16:21:10,743 [INFO] Época 28/30, Batch 2700/3348, Loss: 0.0002
2025-10-09 16:21:10,982 [INFO] Época 28/30, Batch 2750/3348, Loss: 0.0002
2025-10-09 16:21:11,221 [INFO] Época 28/30, Batch 2800/3348, Loss: 0.0003
2025-10-09 16:21:11,460 [INFO] Época 28/30, Batch 2850/3348, Loss: 0.0003
2025-10-09 16:21:11,697 [INFO] Época 28/30, Batch 2900/3348, Loss: 0.0003
2025-10-09 16:21:11,936 [INFO] Época 28/30, Batch 2950/3348, Loss: 0.0002
2025-10-09 16:21:12,174 [INFO] Época 28/30, Batch 3000/3348, Loss: 0.0002
2025-10-09 16:21:12,414 [INFO] Época 28/30, Batch 3050/3348, Loss: 0.0002
2025-10-09 16:21:12,655 [INFO] Época 28/30, Batch 3100/3348, Loss: 0.0002
2025-10-09 16:21:12,898 [INFO] Época 28/30, Batch 3150/3348, Loss: 0.0002
2025-10-09 16:21:13,141 [INFO] Época 28/30, Batch 3200/3348, Loss: 0.0002
2025-10-09 16:21:13,382 [INFO] Época 28/30, Batch 3250/3348, Loss: 0.0002
2025-10-09 16:21:13,623 [INFO] Época 28/30, Batch 3300/3348, Loss: 0.0002
2025-10-09 16:21:15,153 [INFO] [28/30] Train Loss: 0.0046 | Val Loss: 0.0002 | Tempo: 18.18s
2025-10-09 16:21:15,596 [INFO] Época 29/30, Batch 50/3348, Loss: 0.0001
2025-10-09 16:21:15,845 [INFO] Época 29/30, Batch 100/3348, Loss: 0.0002
2025-10-09 16:21:16,092 [INFO] Época 29/30, Batch 150/3348, Loss: 0.0002
2025-10-09 16:21:16,338 [INFO] Época 29/30, Batch 200/3348, Loss: 0.0002
2025-10-09 16:21:16,585 [INFO] Época 29/30, Batch 250/3348, Loss: 0.0002
2025-10-09 16:21:16,832 [INFO] Época 29/30, Batch 300/3348, Loss: 0.0002
2025-10-09 16:21:17,078 [INFO] Época 29/30, Batch 350/3348, Loss: 0.0002
2025-10-09 16:21:17,322 [INFO] Época 29/30, Batch 400/3348, Loss: 0.0008
2025-10-09 16:21:17,566 [INFO] Época 29/30, Batch 450/3348, Loss: 0.0008
2025-10-09 16:21:17,812 [INFO] Época 29/30, Batch 500/3348, Loss: 0.0003
2025-10-09 16:21:18,058 [INFO] Época 29/30, Batch 550/3348, Loss: 0.0003
2025-10-09 16:21:18,302 [INFO] Época 29/30, Batch 600/3348, Loss: 0.0002
2025-10-09 16:21:18,551 [INFO] Época 29/30, Batch 650/3348, Loss: 0.0002
2025-10-09 16:21:18,797 [INFO] Época 29/30, Batch 700/3348, Loss: 0.0002
2025-10-09 16:21:19,043 [INFO] Época 29/30, Batch 750/3348, Loss: 0.0001
2025-10-09 16:21:19,285 [INFO] Época 29/30, Batch 800/3348, Loss: 0.0002
2025-10-09 16:21:19,523 [INFO] Época 29/30, Batch 850/3348, Loss: 0.0003
2025-10-09 16:21:19,762 [INFO] Época 29/30, Batch 900/3348, Loss: 0.0002
2025-10-09 16:21:20,013 [INFO] Época 29/30, Batch 950/3348, Loss: 0.0002
2025-10-09 16:21:20,252 [INFO] Época 29/30, Batch 1000/3348, Loss: 0.0002
2025-10-09 16:21:20,489 [INFO] Época 29/30, Batch 1050/3348, Loss: 0.0002
2025-10-09 16:21:20,730 [INFO] Época 29/30, Batch 1100/3348, Loss: 0.0002
2025-10-09 16:21:20,972 [INFO] Época 29/30, Batch 1150/3348, Loss: 0.0002
2025-10-09 16:21:21,217 [INFO] Época 29/30, Batch 1200/3348, Loss: 0.0002
2025-10-09 16:21:21,461 [INFO] Época 29/30, Batch 1250/3348, Loss: 0.0002
2025-10-09 16:21:21,706 [INFO] Época 29/30, Batch 1300/3348, Loss: 0.0002
2025-10-09 16:21:21,951 [INFO] Época 29/30, Batch 1350/3348, Loss: 0.0002
2025-10-09 16:21:22,192 [INFO] Época 29/30, Batch 1400/3348, Loss: 0.0002
2025-10-09 16:21:22,427 [INFO] Época 29/30, Batch 1450/3348, Loss: 0.0002
2025-10-09 16:21:22,662 [INFO] Época 29/30, Batch 1500/3348, Loss: 0.0003
2025-10-09 16:21:22,896 [INFO] Época 29/30, Batch 1550/3348, Loss: 0.0002
2025-10-09 16:21:23,128 [INFO] Época 29/30, Batch 1600/3348, Loss: 0.0002
2025-10-09 16:21:23,363 [INFO] Época 29/30, Batch 1650/3348, Loss: 0.0004
2025-10-09 16:21:23,599 [INFO] Época 29/30, Batch 1700/3348, Loss: 0.0002
2025-10-09 16:21:23,833 [INFO] Época 29/30, Batch 1750/3348, Loss: 0.0002
2025-10-09 16:21:24,079 [INFO] Época 29/30, Batch 1800/3348, Loss: 0.0002
2025-10-09 16:21:24,313 [INFO] Época 29/30, Batch 1850/3348, Loss: 0.0002
2025-10-09 16:21:24,549 [INFO] Época 29/30, Batch 1900/3348, Loss: 0.0003
2025-10-09 16:21:24,788 [INFO] Época 29/30, Batch 1950/3348, Loss: 0.0003
2025-10-09 16:21:25,025 [INFO] Época 29/30, Batch 2000/3348, Loss: 0.0001
2025-10-09 16:21:25,262 [INFO] Época 29/30, Batch 2050/3348, Loss: 0.0002
2025-10-09 16:21:25,498 [INFO] Época 29/30, Batch 2100/3348, Loss: 0.0002
2025-10-09 16:21:25,734 [INFO] Época 29/30, Batch 2150/3348, Loss: 0.0002
2025-10-09 16:21:25,987 [INFO] Época 29/30, Batch 2200/3348, Loss: 0.0002
2025-10-09 16:21:26,234 [INFO] Época 29/30, Batch 2250/3348, Loss: 0.0002
2025-10-09 16:21:26,482 [INFO] Época 29/30, Batch 2300/3348, Loss: 0.0002
2025-10-09 16:21:26,730 [INFO] Época 29/30, Batch 2350/3348, Loss: 0.0002
2025-10-09 16:21:26,975 [INFO] Época 29/30, Batch 2400/3348, Loss: 0.0002
2025-10-09 16:21:27,226 [INFO] Época 29/30, Batch 2450/3348, Loss: 0.0002
2025-10-09 16:21:27,471 [INFO] Época 29/30, Batch 2500/3348, Loss: 0.0002
2025-10-09 16:21:27,714 [INFO] Época 29/30, Batch 2550/3348, Loss: 0.0002
2025-10-09 16:21:27,959 [INFO] Época 29/30, Batch 2600/3348, Loss: 0.0002
2025-10-09 16:21:28,203 [INFO] Época 29/30, Batch 2650/3348, Loss: 0.0002
2025-10-09 16:21:28,450 [INFO] Época 29/30, Batch 2700/3348, Loss: 0.0001
2025-10-09 16:21:28,697 [INFO] Época 29/30, Batch 2750/3348, Loss: 0.0002
2025-10-09 16:21:28,944 [INFO] Época 29/30, Batch 2800/3348, Loss: 0.0003
2025-10-09 16:21:29,188 [INFO] Época 29/30, Batch 2850/3348, Loss: 0.0002
2025-10-09 16:21:29,433 [INFO] Época 29/30, Batch 2900/3348, Loss: 0.0002
2025-10-09 16:21:29,677 [INFO] Época 29/30, Batch 2950/3348, Loss: 0.0001
2025-10-09 16:21:29,923 [INFO] Época 29/30, Batch 3000/3348, Loss: 0.0002
2025-10-09 16:21:30,169 [INFO] Época 29/30, Batch 3050/3348, Loss: 0.0002
2025-10-09 16:21:30,413 [INFO] Época 29/30, Batch 3100/3348, Loss: 0.0002
2025-10-09 16:21:30,658 [INFO] Época 29/30, Batch 3150/3348, Loss: 0.0003
2025-10-09 16:21:30,902 [INFO] Época 29/30, Batch 3200/3348, Loss: 0.0001
2025-10-09 16:21:31,148 [INFO] Época 29/30, Batch 3250/3348, Loss: 0.0002
2025-10-09 16:21:31,393 [INFO] Época 29/30, Batch 3300/3348, Loss: 0.0002
2025-10-09 16:21:32,916 [INFO] [29/30] Train Loss: 0.0046 | Val Loss: 0.0003 | Tempo: 17.76s
2025-10-09 16:21:33,383 [INFO] Época 30/30, Batch 50/3348, Loss: 0.0002
2025-10-09 16:21:33,649 [INFO] Época 30/30, Batch 100/3348, Loss: 0.0002
2025-10-09 16:21:33,912 [INFO] Época 30/30, Batch 150/3348, Loss: 0.0003
2025-10-09 16:21:34,166 [INFO] Época 30/30, Batch 200/3348, Loss: 0.0002
2025-10-09 16:21:34,418 [INFO] Época 30/30, Batch 250/3348, Loss: 0.0002
2025-10-09 16:21:34,669 [INFO] Época 30/30, Batch 300/3348, Loss: 0.0002
2025-10-09 16:21:34,920 [INFO] Época 30/30, Batch 350/3348, Loss: 0.0001
2025-10-09 16:21:35,169 [INFO] Época 30/30, Batch 400/3348, Loss: 0.0003
2025-10-09 16:21:35,422 [INFO] Época 30/30, Batch 450/3348, Loss: 0.0003
2025-10-09 16:21:35,673 [INFO] Época 30/30, Batch 500/3348, Loss: 0.0002
2025-10-09 16:21:35,923 [INFO] Época 30/30, Batch 550/3348, Loss: 0.0003
2025-10-09 16:21:36,173 [INFO] Época 30/30, Batch 600/3348, Loss: 0.0002
2025-10-09 16:21:36,423 [INFO] Época 30/30, Batch 650/3348, Loss: 0.0002
2025-10-09 16:21:36,674 [INFO] Época 30/30, Batch 700/3348, Loss: 0.0002
2025-10-09 16:21:36,924 [INFO] Época 30/30, Batch 750/3348, Loss: 0.0001
2025-10-09 16:21:37,169 [INFO] Época 30/30, Batch 800/3348, Loss: 0.0002
2025-10-09 16:21:37,418 [INFO] Época 30/30, Batch 850/3348, Loss: 0.0002
2025-10-09 16:21:37,667 [INFO] Época 30/30, Batch 900/3348, Loss: 0.0002
2025-10-09 16:21:37,922 [INFO] Época 30/30, Batch 950/3348, Loss: 0.0002
2025-10-09 16:21:38,175 [INFO] Época 30/30, Batch 1000/3348, Loss: 0.0002
2025-10-09 16:21:38,422 [INFO] Época 30/30, Batch 1050/3348, Loss: 0.0001
2025-10-09 16:21:38,663 [INFO] Época 30/30, Batch 1100/3348, Loss: 0.0003
2025-10-09 16:21:38,900 [INFO] Época 30/30, Batch 1150/3348, Loss: 0.0003
2025-10-09 16:21:39,137 [INFO] Época 30/30, Batch 1200/3348, Loss: 0.0002
2025-10-09 16:21:39,377 [INFO] Época 30/30, Batch 1250/3348, Loss: 0.0001
2025-10-09 16:21:39,618 [INFO] Época 30/30, Batch 1300/3348, Loss: 0.0002
2025-10-09 16:21:39,867 [INFO] Época 30/30, Batch 1350/3348, Loss: 0.0002
2025-10-09 16:21:40,117 [INFO] Época 30/30, Batch 1400/3348, Loss: 0.0001
2025-10-09 16:21:40,369 [INFO] Época 30/30, Batch 1450/3348, Loss: 0.0002
2025-10-09 16:21:40,622 [INFO] Época 30/30, Batch 1500/3348, Loss: 0.0002
2025-10-09 16:21:40,870 [INFO] Época 30/30, Batch 1550/3348, Loss: 0.0002
2025-10-09 16:21:41,121 [INFO] Época 30/30, Batch 1600/3348, Loss: 0.0002
2025-10-09 16:21:41,372 [INFO] Época 30/30, Batch 1650/3348, Loss: 0.0002
2025-10-09 16:21:41,623 [INFO] Época 30/30, Batch 1700/3348, Loss: 0.0001
2025-10-09 16:21:41,869 [INFO] Época 30/30, Batch 1750/3348, Loss: 0.0001
2025-10-09 16:21:42,120 [INFO] Época 30/30, Batch 1800/3348, Loss: 0.0002
2025-10-09 16:21:42,373 [INFO] Época 30/30, Batch 1850/3348, Loss: 0.0002
2025-10-09 16:21:42,627 [INFO] Época 30/30, Batch 1900/3348, Loss: 0.0002
2025-10-09 16:21:42,879 [INFO] Época 30/30, Batch 1950/3348, Loss: 0.0003
2025-10-09 16:21:43,124 [INFO] Época 30/30, Batch 2000/3348, Loss: 0.0001
2025-10-09 16:21:43,368 [INFO] Época 30/30, Batch 2050/3348, Loss: 0.0002
2025-10-09 16:21:43,614 [INFO] Época 30/30, Batch 2100/3348, Loss: 0.0002
2025-10-09 16:21:43,855 [INFO] Época 30/30, Batch 2150/3348, Loss: 0.0001
2025-10-09 16:21:44,112 [INFO] Época 30/30, Batch 2200/3348, Loss: 0.0004
2025-10-09 16:21:44,361 [INFO] Época 30/30, Batch 2250/3348, Loss: 0.0001
2025-10-09 16:21:44,611 [INFO] Época 30/30, Batch 2300/3348, Loss: 0.0002
2025-10-09 16:21:44,853 [INFO] Época 30/30, Batch 2350/3348, Loss: 0.0002
2025-10-09 16:21:45,091 [INFO] Época 30/30, Batch 2400/3348, Loss: 0.0002
2025-10-09 16:21:45,330 [INFO] Época 30/30, Batch 2450/3348, Loss: 0.0002
2025-10-09 16:21:45,570 [INFO] Época 30/30, Batch 2500/3348, Loss: 0.0002
2025-10-09 16:21:45,811 [INFO] Época 30/30, Batch 2550/3348, Loss: 0.0002
2025-10-09 16:21:46,050 [INFO] Época 30/30, Batch 2600/3348, Loss: 0.0003
2025-10-09 16:21:46,289 [INFO] Época 30/30, Batch 2650/3348, Loss: 0.0002
2025-10-09 16:21:46,528 [INFO] Época 30/30, Batch 2700/3348, Loss: 0.0002
2025-10-09 16:21:46,771 [INFO] Época 30/30, Batch 2750/3348, Loss: 0.0002
2025-10-09 16:21:47,011 [INFO] Época 30/30, Batch 2800/3348, Loss: 0.0002
2025-10-09 16:21:47,250 [INFO] Época 30/30, Batch 2850/3348, Loss: 0.0002
2025-10-09 16:21:47,490 [INFO] Época 30/30, Batch 2900/3348, Loss: 0.0003
2025-10-09 16:21:47,729 [INFO] Época 30/30, Batch 2950/3348, Loss: 0.0001
2025-10-09 16:21:47,971 [INFO] Época 30/30, Batch 3000/3348, Loss: 0.0002
2025-10-09 16:21:48,211 [INFO] Época 30/30, Batch 3050/3348, Loss: 0.0002
2025-10-09 16:21:48,451 [INFO] Época 30/30, Batch 3100/3348, Loss: 0.0002
2025-10-09 16:21:48,696 [INFO] Época 30/30, Batch 3150/3348, Loss: 0.0002
2025-10-09 16:21:48,941 [INFO] Época 30/30, Batch 3200/3348, Loss: 0.0002
2025-10-09 16:21:49,188 [INFO] Época 30/30, Batch 3250/3348, Loss: 0.0002
2025-10-09 16:21:49,436 [INFO] Época 30/30, Batch 3300/3348, Loss: 0.0028
2025-10-09 16:21:51,002 [INFO] [30/30] Train Loss: 0.0046 | Val Loss: 0.0002 | Tempo: 18.09s
2025-10-09 16:21:51,003 [INFO] Treinamento concluído em 560.45 segundos (9.34 minutos)
2025-10-09 16:21:51,003 [INFO] Iniciando avaliação no conjunto de teste...
2025-10-09 16:21:52,319 [INFO] Avaliação do teste concluída em 1.32 segundos
2025-10-09 16:21:52,320 [INFO] MSE no teste: 0.0000
2025-10-09 16:21:52,320 [INFO] RMSE no teste: 0.0004
2025-10-09 16:21:52,320 [INFO] MAE no teste: 0.0003
2025-10-09 16:21:52,321 [INFO] Métricas salvas em /mnt/hdd/home/jdurao/ToolBox-ChemXAI/logs/mlp_att0_Pattern_metrics.json
