2025-10-10 07:32:07,746 [INFO] Iniciando treinamento do modelo mlp_att10_EState
2025-10-10 07:32:07,746 [INFO] Configuração: att_index=10, epochs=30, layers=[128, 64, 32], lr=0.001, batch_size=32, descriptor_type=EState
2025-10-10 07:32:07,746 [INFO] Diretório para modelos: /mnt/hdd/home/jdurao/ToolBox-ChemXAI/models
2025-10-10 07:32:07,746 [INFO] Carregando dados...
2025-10-10 07:32:07,834 [INFO] Preparando dataloaders sem ruído...
2025-10-10 07:32:08,829 [INFO] Dados carregados em 1.08 segundos
2025-10-10 07:32:08,829 [INFO] Tamanhos dos conjuntos - Treino: 107108, Validação: 13388, Teste: 13389
2025-10-10 07:32:08,829 [INFO] Usando dispositivo: cuda
2025-10-10 07:32:09,207 [INFO] Dimensão de entrada: 79, Dimensão de saída: 1
2025-10-10 07:32:09,210 [INFO] Criando modelo MLP com camadas: [128, 64, 32]
2025-10-10 07:32:09,212 [INFO] Modelo criado com 20609 parâmetros
2025-10-10 07:32:09,214 [INFO] Iniciando treinamento com 30 épocas...
2025-10-10 07:32:09,771 [INFO] Época 1/30, Batch 50/3348, Loss: 0.5222
2025-10-10 07:32:10,038 [INFO] Época 1/30, Batch 100/3348, Loss: 0.6404
2025-10-10 07:32:10,301 [INFO] Época 1/30, Batch 150/3348, Loss: 0.4557
2025-10-10 07:32:10,563 [INFO] Época 1/30, Batch 200/3348, Loss: 0.4271
2025-10-10 07:32:10,826 [INFO] Época 1/30, Batch 250/3348, Loss: 0.3387
2025-10-10 07:32:11,093 [INFO] Época 1/30, Batch 300/3348, Loss: 0.4295
2025-10-10 07:32:11,360 [INFO] Época 1/30, Batch 350/3348, Loss: 0.4779
2025-10-10 07:32:11,626 [INFO] Época 1/30, Batch 400/3348, Loss: 0.5417
2025-10-10 07:32:11,891 [INFO] Época 1/30, Batch 450/3348, Loss: 0.3656
2025-10-10 07:32:12,155 [INFO] Época 1/30, Batch 500/3348, Loss: 0.4276
2025-10-10 07:32:12,418 [INFO] Época 1/30, Batch 550/3348, Loss: 0.3725
2025-10-10 07:32:12,685 [INFO] Época 1/30, Batch 600/3348, Loss: 0.5311
2025-10-10 07:32:12,935 [INFO] Época 1/30, Batch 650/3348, Loss: 0.4623
2025-10-10 07:32:13,191 [INFO] Época 1/30, Batch 700/3348, Loss: 0.3773
2025-10-10 07:32:13,451 [INFO] Época 1/30, Batch 750/3348, Loss: 0.4023
2025-10-10 07:32:13,712 [INFO] Época 1/30, Batch 800/3348, Loss: 0.4295
2025-10-10 07:32:13,976 [INFO] Época 1/30, Batch 850/3348, Loss: 0.4852
2025-10-10 07:32:14,235 [INFO] Época 1/30, Batch 900/3348, Loss: 0.2838
2025-10-10 07:32:14,498 [INFO] Época 1/30, Batch 950/3348, Loss: 0.4303
2025-10-10 07:32:14,760 [INFO] Época 1/30, Batch 1000/3348, Loss: 0.4384
2025-10-10 07:32:15,023 [INFO] Época 1/30, Batch 1050/3348, Loss: 0.6191
2025-10-10 07:32:15,286 [INFO] Época 1/30, Batch 1100/3348, Loss: 0.4089
2025-10-10 07:32:15,547 [INFO] Época 1/30, Batch 1150/3348, Loss: 0.2201
2025-10-10 07:32:15,809 [INFO] Época 1/30, Batch 1200/3348, Loss: 0.4411
2025-10-10 07:32:16,070 [INFO] Época 1/30, Batch 1250/3348, Loss: 0.3546
2025-10-10 07:32:16,332 [INFO] Época 1/30, Batch 1300/3348, Loss: 0.3023
2025-10-10 07:32:16,595 [INFO] Época 1/30, Batch 1350/3348, Loss: 0.3452
2025-10-10 07:32:16,854 [INFO] Época 1/30, Batch 1400/3348, Loss: 0.4958
2025-10-10 07:32:17,114 [INFO] Época 1/30, Batch 1450/3348, Loss: 0.3939
2025-10-10 07:32:17,372 [INFO] Época 1/30, Batch 1500/3348, Loss: 0.6260
2025-10-10 07:32:17,631 [INFO] Época 1/30, Batch 1550/3348, Loss: 0.3653
2025-10-10 07:32:17,891 [INFO] Época 1/30, Batch 1600/3348, Loss: 0.3871
2025-10-10 07:32:18,151 [INFO] Época 1/30, Batch 1650/3348, Loss: 0.5367
2025-10-10 07:32:18,410 [INFO] Época 1/30, Batch 1700/3348, Loss: 0.7820
2025-10-10 07:32:18,671 [INFO] Época 1/30, Batch 1750/3348, Loss: 0.4403
2025-10-10 07:32:18,929 [INFO] Época 1/30, Batch 1800/3348, Loss: 0.3932
2025-10-10 07:32:19,189 [INFO] Época 1/30, Batch 1850/3348, Loss: 0.4404
2025-10-10 07:32:19,454 [INFO] Época 1/30, Batch 1900/3348, Loss: 0.5917
2025-10-10 07:32:19,721 [INFO] Época 1/30, Batch 1950/3348, Loss: 0.2538
2025-10-10 07:32:19,981 [INFO] Época 1/30, Batch 2000/3348, Loss: 0.4362
2025-10-10 07:32:20,242 [INFO] Época 1/30, Batch 2050/3348, Loss: 0.4727
2025-10-10 07:32:20,515 [INFO] Época 1/30, Batch 2100/3348, Loss: 0.3691
2025-10-10 07:32:20,790 [INFO] Época 1/30, Batch 2150/3348, Loss: 0.4414
2025-10-10 07:32:21,063 [INFO] Época 1/30, Batch 2200/3348, Loss: 0.3894
2025-10-10 07:32:21,338 [INFO] Época 1/30, Batch 2250/3348, Loss: 0.3225
2025-10-10 07:32:21,610 [INFO] Época 1/30, Batch 2300/3348, Loss: 0.4188
2025-10-10 07:32:21,884 [INFO] Época 1/30, Batch 2350/3348, Loss: 0.2895
2025-10-10 07:32:22,157 [INFO] Época 1/30, Batch 2400/3348, Loss: 0.2272
2025-10-10 07:32:22,432 [INFO] Época 1/30, Batch 2450/3348, Loss: 0.4009
2025-10-10 07:32:22,699 [INFO] Época 1/30, Batch 2500/3348, Loss: 0.5108
2025-10-10 07:32:22,963 [INFO] Época 1/30, Batch 2550/3348, Loss: 0.3918
2025-10-10 07:32:23,227 [INFO] Época 1/30, Batch 2600/3348, Loss: 0.4490
2025-10-10 07:32:23,492 [INFO] Época 1/30, Batch 2650/3348, Loss: 0.3739
2025-10-10 07:32:23,755 [INFO] Época 1/30, Batch 2700/3348, Loss: 0.3117
2025-10-10 07:32:24,018 [INFO] Época 1/30, Batch 2750/3348, Loss: 0.3315
2025-10-10 07:32:24,282 [INFO] Época 1/30, Batch 2800/3348, Loss: 0.4649
2025-10-10 07:32:24,547 [INFO] Época 1/30, Batch 2850/3348, Loss: 0.5633
2025-10-10 07:32:24,823 [INFO] Época 1/30, Batch 2900/3348, Loss: 0.3914
2025-10-10 07:32:25,098 [INFO] Época 1/30, Batch 2950/3348, Loss: 0.4208
2025-10-10 07:32:25,371 [INFO] Época 1/30, Batch 3000/3348, Loss: 0.6767
2025-10-10 07:32:25,644 [INFO] Época 1/30, Batch 3050/3348, Loss: 0.2552
2025-10-10 07:32:25,915 [INFO] Época 1/30, Batch 3100/3348, Loss: 0.4093
2025-10-10 07:32:26,191 [INFO] Época 1/30, Batch 3150/3348, Loss: 0.5488
2025-10-10 07:32:26,459 [INFO] Época 1/30, Batch 3200/3348, Loss: 0.3800
2025-10-10 07:32:26,722 [INFO] Época 1/30, Batch 3250/3348, Loss: 0.2734
2025-10-10 07:32:26,985 [INFO] Época 1/30, Batch 3300/3348, Loss: 0.4406
2025-10-10 07:32:28,664 [INFO] [1/30] Train Loss: 0.4077 | Val Loss: 0.2644 | Tempo: 19.45s
2025-10-10 07:32:28,668 [INFO] Melhor modelo salvo em: /mnt/hdd/home/jdurao/ToolBox-ChemXAI/models/mlp_qm9_EState_att10_large.pth
2025-10-10 07:32:29,232 [INFO] Época 2/30, Batch 50/3348, Loss: 0.3902
2025-10-10 07:32:29,508 [INFO] Época 2/30, Batch 100/3348, Loss: 0.4958
2025-10-10 07:32:29,779 [INFO] Época 2/30, Batch 150/3348, Loss: 0.4551
2025-10-10 07:32:30,050 [INFO] Época 2/30, Batch 200/3348, Loss: 0.3675
2025-10-10 07:32:30,321 [INFO] Época 2/30, Batch 250/3348, Loss: 0.3964
2025-10-10 07:32:30,592 [INFO] Época 2/30, Batch 300/3348, Loss: 0.5188
2025-10-10 07:32:30,857 [INFO] Época 2/30, Batch 350/3348, Loss: 0.4259
2025-10-10 07:32:31,118 [INFO] Época 2/30, Batch 400/3348, Loss: 0.4879
2025-10-10 07:32:31,383 [INFO] Época 2/30, Batch 450/3348, Loss: 0.3309
2025-10-10 07:32:31,644 [INFO] Época 2/30, Batch 500/3348, Loss: 0.3103
2025-10-10 07:32:31,906 [INFO] Época 2/30, Batch 550/3348, Loss: 0.3868
2025-10-10 07:32:32,169 [INFO] Época 2/30, Batch 600/3348, Loss: 0.4068
2025-10-10 07:32:32,431 [INFO] Época 2/30, Batch 650/3348, Loss: 0.2828
2025-10-10 07:32:32,692 [INFO] Época 2/30, Batch 700/3348, Loss: 0.3617
2025-10-10 07:32:32,954 [INFO] Época 2/30, Batch 750/3348, Loss: 0.3641
2025-10-10 07:32:33,215 [INFO] Época 2/30, Batch 800/3348, Loss: 0.4364
2025-10-10 07:32:33,478 [INFO] Época 2/30, Batch 850/3348, Loss: 0.4435
2025-10-10 07:32:33,738 [INFO] Época 2/30, Batch 900/3348, Loss: 0.3477
2025-10-10 07:32:33,999 [INFO] Época 2/30, Batch 950/3348, Loss: 0.5811
2025-10-10 07:32:34,257 [INFO] Época 2/30, Batch 1000/3348, Loss: 0.3159
2025-10-10 07:32:34,517 [INFO] Época 2/30, Batch 1050/3348, Loss: 0.3911
2025-10-10 07:32:34,777 [INFO] Época 2/30, Batch 1100/3348, Loss: 0.4899
2025-10-10 07:32:35,038 [INFO] Época 2/30, Batch 1150/3348, Loss: 0.4602
2025-10-10 07:32:35,309 [INFO] Época 2/30, Batch 1200/3348, Loss: 0.3306
2025-10-10 07:32:35,569 [INFO] Época 2/30, Batch 1250/3348, Loss: 0.2577
2025-10-10 07:32:35,829 [INFO] Época 2/30, Batch 1300/3348, Loss: 0.3519
2025-10-10 07:32:36,088 [INFO] Época 2/30, Batch 1350/3348, Loss: 0.2824
2025-10-10 07:32:36,349 [INFO] Época 2/30, Batch 1400/3348, Loss: 0.2195
2025-10-10 07:32:36,612 [INFO] Época 2/30, Batch 1450/3348, Loss: 0.3643
2025-10-10 07:32:36,875 [INFO] Época 2/30, Batch 1500/3348, Loss: 0.5784
2025-10-10 07:32:37,139 [INFO] Época 2/30, Batch 1550/3348, Loss: 0.5082
2025-10-10 07:32:37,402 [INFO] Época 2/30, Batch 1600/3348, Loss: 0.3979
2025-10-10 07:32:37,670 [INFO] Época 2/30, Batch 1650/3348, Loss: 0.3623
2025-10-10 07:32:37,936 [INFO] Época 2/30, Batch 1700/3348, Loss: 0.3827
2025-10-10 07:32:38,197 [INFO] Época 2/30, Batch 1750/3348, Loss: 0.3282
2025-10-10 07:32:38,456 [INFO] Época 2/30, Batch 1800/3348, Loss: 0.4017
2025-10-10 07:32:38,717 [INFO] Época 2/30, Batch 1850/3348, Loss: 0.4239
2025-10-10 07:32:38,981 [INFO] Época 2/30, Batch 1900/3348, Loss: 0.5015
2025-10-10 07:32:39,242 [INFO] Época 2/30, Batch 1950/3348, Loss: 0.4431
2025-10-10 07:32:39,501 [INFO] Época 2/30, Batch 2000/3348, Loss: 0.3749
2025-10-10 07:32:39,761 [INFO] Época 2/30, Batch 2050/3348, Loss: 0.4315
2025-10-10 07:32:40,021 [INFO] Época 2/30, Batch 2100/3348, Loss: 0.2758
2025-10-10 07:32:40,283 [INFO] Época 2/30, Batch 2150/3348, Loss: 0.4093
2025-10-10 07:32:40,542 [INFO] Época 2/30, Batch 2200/3348, Loss: 0.2941
2025-10-10 07:32:40,801 [INFO] Época 2/30, Batch 2250/3348, Loss: 0.3452
2025-10-10 07:32:41,060 [INFO] Época 2/30, Batch 2300/3348, Loss: 0.5712
2025-10-10 07:32:41,318 [INFO] Época 2/30, Batch 2350/3348, Loss: 0.3600
2025-10-10 07:32:41,576 [INFO] Época 2/30, Batch 2400/3348, Loss: 0.2760
2025-10-10 07:32:41,835 [INFO] Época 2/30, Batch 2450/3348, Loss: 0.4250
2025-10-10 07:32:42,092 [INFO] Época 2/30, Batch 2500/3348, Loss: 0.5135
2025-10-10 07:32:42,352 [INFO] Época 2/30, Batch 2550/3348, Loss: 0.4777
2025-10-10 07:32:42,611 [INFO] Época 2/30, Batch 2600/3348, Loss: 0.3674
2025-10-10 07:32:42,871 [INFO] Época 2/30, Batch 2650/3348, Loss: 0.4100
2025-10-10 07:32:43,130 [INFO] Época 2/30, Batch 2700/3348, Loss: 0.5039
2025-10-10 07:32:43,390 [INFO] Época 2/30, Batch 2750/3348, Loss: 0.5044
2025-10-10 07:32:43,647 [INFO] Época 2/30, Batch 2800/3348, Loss: 0.4355
2025-10-10 07:32:43,912 [INFO] Época 2/30, Batch 2850/3348, Loss: 0.5147
2025-10-10 07:32:44,180 [INFO] Época 2/30, Batch 2900/3348, Loss: 0.4005
2025-10-10 07:32:44,445 [INFO] Época 2/30, Batch 2950/3348, Loss: 0.2262
2025-10-10 07:32:44,714 [INFO] Época 2/30, Batch 3000/3348, Loss: 0.2649
2025-10-10 07:32:44,982 [INFO] Época 2/30, Batch 3050/3348, Loss: 0.2951
2025-10-10 07:32:45,249 [INFO] Época 2/30, Batch 3100/3348, Loss: 0.4126
2025-10-10 07:32:45,514 [INFO] Época 2/30, Batch 3150/3348, Loss: 0.3802
2025-10-10 07:32:45,781 [INFO] Época 2/30, Batch 3200/3348, Loss: 0.1058
2025-10-10 07:32:46,049 [INFO] Época 2/30, Batch 3250/3348, Loss: 0.3393
2025-10-10 07:32:46,314 [INFO] Época 2/30, Batch 3300/3348, Loss: 0.3313
2025-10-10 07:32:48,099 [INFO] [2/30] Train Loss: 0.3911 | Val Loss: 0.2573 | Tempo: 19.43s
2025-10-10 07:32:48,103 [INFO] Melhor modelo salvo em: /mnt/hdd/home/jdurao/ToolBox-ChemXAI/models/mlp_qm9_EState_att10_large.pth
2025-10-10 07:32:48,678 [INFO] Época 3/30, Batch 50/3348, Loss: 0.4522
2025-10-10 07:32:48,950 [INFO] Época 3/30, Batch 100/3348, Loss: 0.5483
2025-10-10 07:32:49,221 [INFO] Época 3/30, Batch 150/3348, Loss: 0.3033
2025-10-10 07:32:49,492 [INFO] Época 3/30, Batch 200/3348, Loss: 0.3013
2025-10-10 07:32:49,762 [INFO] Época 3/30, Batch 250/3348, Loss: 0.6019
2025-10-10 07:32:50,025 [INFO] Época 3/30, Batch 300/3348, Loss: 0.4702
2025-10-10 07:32:50,296 [INFO] Época 3/30, Batch 350/3348, Loss: 0.4532
2025-10-10 07:32:50,563 [INFO] Época 3/30, Batch 400/3348, Loss: 0.4605
2025-10-10 07:32:50,836 [INFO] Época 3/30, Batch 450/3348, Loss: 0.4827
2025-10-10 07:32:51,098 [INFO] Época 3/30, Batch 500/3348, Loss: 0.2822
2025-10-10 07:32:51,362 [INFO] Época 3/30, Batch 550/3348, Loss: 0.4885
2025-10-10 07:32:51,623 [INFO] Época 3/30, Batch 600/3348, Loss: 0.4336
2025-10-10 07:32:51,884 [INFO] Época 3/30, Batch 650/3348, Loss: 0.4167
2025-10-10 07:32:52,146 [INFO] Época 3/30, Batch 700/3348, Loss: 0.4289
2025-10-10 07:32:52,404 [INFO] Época 3/30, Batch 750/3348, Loss: 0.5654
2025-10-10 07:32:52,664 [INFO] Época 3/30, Batch 800/3348, Loss: 0.4528
2025-10-10 07:32:52,923 [INFO] Época 3/30, Batch 850/3348, Loss: 0.3294
2025-10-10 07:32:53,188 [INFO] Época 3/30, Batch 900/3348, Loss: 0.2882
2025-10-10 07:32:53,448 [INFO] Época 3/30, Batch 950/3348, Loss: 0.5281
2025-10-10 07:32:53,709 [INFO] Época 3/30, Batch 1000/3348, Loss: 0.2922
2025-10-10 07:32:53,970 [INFO] Época 3/30, Batch 1050/3348, Loss: 0.3126
2025-10-10 07:32:54,231 [INFO] Época 3/30, Batch 1100/3348, Loss: 0.7474
2025-10-10 07:32:54,492 [INFO] Época 3/30, Batch 1150/3348, Loss: 0.2986
2025-10-10 07:32:54,752 [INFO] Época 3/30, Batch 1200/3348, Loss: 0.2971
2025-10-10 07:32:55,014 [INFO] Época 3/30, Batch 1250/3348, Loss: 0.4432
2025-10-10 07:32:55,280 [INFO] Época 3/30, Batch 1300/3348, Loss: 0.5403
2025-10-10 07:32:55,545 [INFO] Época 3/30, Batch 1350/3348, Loss: 0.2790
2025-10-10 07:32:55,813 [INFO] Época 3/30, Batch 1400/3348, Loss: 0.3840
2025-10-10 07:32:56,089 [INFO] Época 3/30, Batch 1450/3348, Loss: 0.2989
2025-10-10 07:32:56,352 [INFO] Época 3/30, Batch 1500/3348, Loss: 0.3568
2025-10-10 07:32:56,616 [INFO] Época 3/30, Batch 1550/3348, Loss: 0.4839
2025-10-10 07:32:56,880 [INFO] Época 3/30, Batch 1600/3348, Loss: 0.2357
2025-10-10 07:32:57,147 [INFO] Época 3/30, Batch 1650/3348, Loss: 0.5265
2025-10-10 07:32:57,416 [INFO] Época 3/30, Batch 1700/3348, Loss: 0.1958
2025-10-10 07:32:57,682 [INFO] Época 3/30, Batch 1750/3348, Loss: 0.5350
2025-10-10 07:32:57,944 [INFO] Época 3/30, Batch 1800/3348, Loss: 0.3533
2025-10-10 07:32:58,203 [INFO] Época 3/30, Batch 1850/3348, Loss: 0.5696
2025-10-10 07:32:58,463 [INFO] Época 3/30, Batch 1900/3348, Loss: 0.4041
2025-10-10 07:32:58,726 [INFO] Época 3/30, Batch 1950/3348, Loss: 0.3739
2025-10-10 07:32:58,986 [INFO] Época 3/30, Batch 2000/3348, Loss: 0.4002
2025-10-10 07:32:59,247 [INFO] Época 3/30, Batch 2050/3348, Loss: 0.4368
2025-10-10 07:32:59,512 [INFO] Época 3/30, Batch 2100/3348, Loss: 0.4015
2025-10-10 07:32:59,777 [INFO] Época 3/30, Batch 2150/3348, Loss: 0.4938
2025-10-10 07:33:00,043 [INFO] Época 3/30, Batch 2200/3348, Loss: 0.4435
2025-10-10 07:33:00,308 [INFO] Época 3/30, Batch 2250/3348, Loss: 0.3467
2025-10-10 07:33:00,574 [INFO] Época 3/30, Batch 2300/3348, Loss: 0.3192
2025-10-10 07:33:00,840 [INFO] Época 3/30, Batch 2350/3348, Loss: 0.2732
2025-10-10 07:33:01,106 [INFO] Época 3/30, Batch 2400/3348, Loss: 0.4713
2025-10-10 07:33:01,374 [INFO] Época 3/30, Batch 2450/3348, Loss: 0.3883
2025-10-10 07:33:01,641 [INFO] Época 3/30, Batch 2500/3348, Loss: 0.4284
2025-10-10 07:33:01,901 [INFO] Época 3/30, Batch 2550/3348, Loss: 0.5282
2025-10-10 07:33:02,163 [INFO] Época 3/30, Batch 2600/3348, Loss: 0.4278
2025-10-10 07:33:02,424 [INFO] Época 3/30, Batch 2650/3348, Loss: 0.5334
2025-10-10 07:33:02,685 [INFO] Época 3/30, Batch 2700/3348, Loss: 0.3798
2025-10-10 07:33:02,947 [INFO] Época 3/30, Batch 2750/3348, Loss: 0.4001
2025-10-10 07:33:03,209 [INFO] Época 3/30, Batch 2800/3348, Loss: 0.2651
2025-10-10 07:33:03,471 [INFO] Época 3/30, Batch 2850/3348, Loss: 0.3884
2025-10-10 07:33:03,734 [INFO] Época 3/30, Batch 2900/3348, Loss: 0.2292
2025-10-10 07:33:04,001 [INFO] Época 3/30, Batch 2950/3348, Loss: 0.5301
2025-10-10 07:33:04,264 [INFO] Época 3/30, Batch 3000/3348, Loss: 0.5528
2025-10-10 07:33:04,528 [INFO] Época 3/30, Batch 3050/3348, Loss: 0.3957
2025-10-10 07:33:04,797 [INFO] Época 3/30, Batch 3100/3348, Loss: 0.3869
2025-10-10 07:33:05,063 [INFO] Época 3/30, Batch 3150/3348, Loss: 0.4313
2025-10-10 07:33:05,332 [INFO] Época 3/30, Batch 3200/3348, Loss: 0.4251
2025-10-10 07:33:05,599 [INFO] Época 3/30, Batch 3250/3348, Loss: 0.3429
2025-10-10 07:33:05,864 [INFO] Época 3/30, Batch 3300/3348, Loss: 0.4913
2025-10-10 07:33:07,700 [INFO] [3/30] Train Loss: 0.3857 | Val Loss: 0.2579 | Tempo: 19.60s
2025-10-10 07:33:08,268 [INFO] Época 4/30, Batch 50/3348, Loss: 0.2528
2025-10-10 07:33:08,533 [INFO] Época 4/30, Batch 100/3348, Loss: 0.5438
2025-10-10 07:33:08,793 [INFO] Época 4/30, Batch 150/3348, Loss: 0.5518
2025-10-10 07:33:09,053 [INFO] Época 4/30, Batch 200/3348, Loss: 0.3823
2025-10-10 07:33:09,312 [INFO] Época 4/30, Batch 250/3348, Loss: 0.3349
2025-10-10 07:33:09,571 [INFO] Época 4/30, Batch 300/3348, Loss: 0.4134
2025-10-10 07:33:09,829 [INFO] Época 4/30, Batch 350/3348, Loss: 0.5386
2025-10-10 07:33:10,090 [INFO] Época 4/30, Batch 400/3348, Loss: 0.2516
2025-10-10 07:33:10,351 [INFO] Época 4/30, Batch 450/3348, Loss: 0.4504
2025-10-10 07:33:10,610 [INFO] Época 4/30, Batch 500/3348, Loss: 0.2884
2025-10-10 07:33:10,875 [INFO] Época 4/30, Batch 550/3348, Loss: 0.4427
2025-10-10 07:33:11,147 [INFO] Época 4/30, Batch 600/3348, Loss: 0.3086
2025-10-10 07:33:11,408 [INFO] Época 4/30, Batch 650/3348, Loss: 0.4128
2025-10-10 07:33:11,670 [INFO] Época 4/30, Batch 700/3348, Loss: 0.3769
2025-10-10 07:33:11,931 [INFO] Época 4/30, Batch 750/3348, Loss: 0.3797
2025-10-10 07:33:12,193 [INFO] Época 4/30, Batch 800/3348, Loss: 0.3189
2025-10-10 07:33:12,453 [INFO] Época 4/30, Batch 850/3348, Loss: 0.5799
2025-10-10 07:33:12,713 [INFO] Época 4/30, Batch 900/3348, Loss: 0.2774
2025-10-10 07:33:12,973 [INFO] Época 4/30, Batch 950/3348, Loss: 0.4022
2025-10-10 07:33:13,233 [INFO] Época 4/30, Batch 1000/3348, Loss: 0.6487
2025-10-10 07:33:13,492 [INFO] Época 4/30, Batch 1050/3348, Loss: 0.4501
2025-10-10 07:33:13,751 [INFO] Época 4/30, Batch 1100/3348, Loss: 0.2567
2025-10-10 07:33:14,009 [INFO] Época 4/30, Batch 1150/3348, Loss: 0.4355
2025-10-10 07:33:14,270 [INFO] Época 4/30, Batch 1200/3348, Loss: 0.3085
2025-10-10 07:33:14,529 [INFO] Época 4/30, Batch 1250/3348, Loss: 0.2307
2025-10-10 07:33:14,786 [INFO] Época 4/30, Batch 1300/3348, Loss: 0.3963
2025-10-10 07:33:15,045 [INFO] Época 4/30, Batch 1350/3348, Loss: 0.2921
2025-10-10 07:33:15,303 [INFO] Época 4/30, Batch 1400/3348, Loss: 0.2780
2025-10-10 07:33:15,565 [INFO] Época 4/30, Batch 1450/3348, Loss: 0.4243
2025-10-10 07:33:15,826 [INFO] Época 4/30, Batch 1500/3348, Loss: 0.2503
2025-10-10 07:33:16,088 [INFO] Época 4/30, Batch 1550/3348, Loss: 0.3788
2025-10-10 07:33:16,349 [INFO] Época 4/30, Batch 1600/3348, Loss: 0.2457
2025-10-10 07:33:16,607 [INFO] Época 4/30, Batch 1650/3348, Loss: 0.2241
2025-10-10 07:33:16,870 [INFO] Época 4/30, Batch 1700/3348, Loss: 0.4900
2025-10-10 07:33:17,130 [INFO] Época 4/30, Batch 1750/3348, Loss: 0.2511
2025-10-10 07:33:17,392 [INFO] Época 4/30, Batch 1800/3348, Loss: 0.4895
2025-10-10 07:33:17,653 [INFO] Época 4/30, Batch 1850/3348, Loss: 0.4194
2025-10-10 07:33:17,915 [INFO] Época 4/30, Batch 1900/3348, Loss: 0.5019
2025-10-10 07:33:18,176 [INFO] Época 4/30, Batch 1950/3348, Loss: 0.3632
2025-10-10 07:33:18,437 [INFO] Época 4/30, Batch 2000/3348, Loss: 0.3578
2025-10-10 07:33:18,697 [INFO] Época 4/30, Batch 2050/3348, Loss: 0.4259
2025-10-10 07:33:18,958 [INFO] Época 4/30, Batch 2100/3348, Loss: 0.3477
2025-10-10 07:33:19,219 [INFO] Época 4/30, Batch 2150/3348, Loss: 0.4636
2025-10-10 07:33:19,479 [INFO] Época 4/30, Batch 2200/3348, Loss: 0.3061
2025-10-10 07:33:19,739 [INFO] Época 4/30, Batch 2250/3348, Loss: 0.5162
2025-10-10 07:33:20,000 [INFO] Época 4/30, Batch 2300/3348, Loss: 0.3370
2025-10-10 07:33:20,259 [INFO] Época 4/30, Batch 2350/3348, Loss: 0.4111
2025-10-10 07:33:20,520 [INFO] Época 4/30, Batch 2400/3348, Loss: 0.3690
2025-10-10 07:33:20,781 [INFO] Época 4/30, Batch 2450/3348, Loss: 0.3621
2025-10-10 07:33:21,044 [INFO] Época 4/30, Batch 2500/3348, Loss: 0.2558
2025-10-10 07:33:21,304 [INFO] Época 4/30, Batch 2550/3348, Loss: 0.3695
2025-10-10 07:33:21,564 [INFO] Época 4/30, Batch 2600/3348, Loss: 0.2722
2025-10-10 07:33:21,821 [INFO] Época 4/30, Batch 2650/3348, Loss: 0.5596
2025-10-10 07:33:22,078 [INFO] Época 4/30, Batch 2700/3348, Loss: 0.5596
2025-10-10 07:33:22,337 [INFO] Época 4/30, Batch 2750/3348, Loss: 0.3683
2025-10-10 07:33:22,596 [INFO] Época 4/30, Batch 2800/3348, Loss: 0.4951
2025-10-10 07:33:22,854 [INFO] Época 4/30, Batch 2850/3348, Loss: 0.3354
2025-10-10 07:33:23,111 [INFO] Época 4/30, Batch 2900/3348, Loss: 0.4246
2025-10-10 07:33:23,370 [INFO] Época 4/30, Batch 2950/3348, Loss: 0.4484
2025-10-10 07:33:23,629 [INFO] Época 4/30, Batch 3000/3348, Loss: 0.4268
2025-10-10 07:33:23,889 [INFO] Época 4/30, Batch 3050/3348, Loss: 0.3277
2025-10-10 07:33:24,147 [INFO] Época 4/30, Batch 3100/3348, Loss: 0.3688
2025-10-10 07:33:24,406 [INFO] Época 4/30, Batch 3150/3348, Loss: 0.3495
2025-10-10 07:33:24,665 [INFO] Época 4/30, Batch 3200/3348, Loss: 0.3038
2025-10-10 07:33:24,924 [INFO] Época 4/30, Batch 3250/3348, Loss: 0.1540
2025-10-10 07:33:25,182 [INFO] Época 4/30, Batch 3300/3348, Loss: 0.4160
2025-10-10 07:33:26,966 [INFO] [4/30] Train Loss: 0.3820 | Val Loss: 0.2613 | Tempo: 19.26s
2025-10-10 07:33:27,533 [INFO] Época 5/30, Batch 50/3348, Loss: 0.4977
2025-10-10 07:33:27,802 [INFO] Época 5/30, Batch 100/3348, Loss: 0.3205
2025-10-10 07:33:28,072 [INFO] Época 5/30, Batch 150/3348, Loss: 0.3345
2025-10-10 07:33:28,337 [INFO] Época 5/30, Batch 200/3348, Loss: 0.4658
2025-10-10 07:33:28,595 [INFO] Época 5/30, Batch 250/3348, Loss: 0.4664
2025-10-10 07:33:28,853 [INFO] Época 5/30, Batch 300/3348, Loss: 0.4592
2025-10-10 07:33:29,115 [INFO] Época 5/30, Batch 350/3348, Loss: 0.2724
2025-10-10 07:33:29,373 [INFO] Época 5/30, Batch 400/3348, Loss: 0.5112
2025-10-10 07:33:29,633 [INFO] Época 5/30, Batch 450/3348, Loss: 0.6549
2025-10-10 07:33:29,892 [INFO] Época 5/30, Batch 500/3348, Loss: 0.3280
2025-10-10 07:33:30,151 [INFO] Época 5/30, Batch 550/3348, Loss: 0.3711
2025-10-10 07:33:30,414 [INFO] Época 5/30, Batch 600/3348, Loss: 0.4900
2025-10-10 07:33:30,676 [INFO] Época 5/30, Batch 650/3348, Loss: 0.3933
2025-10-10 07:33:30,940 [INFO] Época 5/30, Batch 700/3348, Loss: 0.4177
2025-10-10 07:33:31,201 [INFO] Época 5/30, Batch 750/3348, Loss: 0.3841
2025-10-10 07:33:31,461 [INFO] Época 5/30, Batch 800/3348, Loss: 0.5308
2025-10-10 07:33:31,724 [INFO] Época 5/30, Batch 850/3348, Loss: 0.3482
2025-10-10 07:33:31,988 [INFO] Época 5/30, Batch 900/3348, Loss: 0.4137
2025-10-10 07:33:32,248 [INFO] Época 5/30, Batch 950/3348, Loss: 0.3263
2025-10-10 07:33:32,508 [INFO] Época 5/30, Batch 1000/3348, Loss: 0.4874
2025-10-10 07:33:32,770 [INFO] Época 5/30, Batch 1050/3348, Loss: 0.3267
2025-10-10 07:33:33,037 [INFO] Época 5/30, Batch 1100/3348, Loss: 0.5563
2025-10-10 07:33:33,304 [INFO] Época 5/30, Batch 1150/3348, Loss: 0.3510
2025-10-10 07:33:33,576 [INFO] Época 5/30, Batch 1200/3348, Loss: 0.4421
2025-10-10 07:33:33,849 [INFO] Época 5/30, Batch 1250/3348, Loss: 0.3149
2025-10-10 07:33:34,120 [INFO] Época 5/30, Batch 1300/3348, Loss: 0.6681
2025-10-10 07:33:34,390 [INFO] Época 5/30, Batch 1350/3348, Loss: 0.3570
2025-10-10 07:33:34,660 [INFO] Época 5/30, Batch 1400/3348, Loss: 0.2666
2025-10-10 07:33:34,928 [INFO] Época 5/30, Batch 1450/3348, Loss: 0.3644
2025-10-10 07:33:35,197 [INFO] Época 5/30, Batch 1500/3348, Loss: 0.3008
2025-10-10 07:33:35,461 [INFO] Época 5/30, Batch 1550/3348, Loss: 0.2092
2025-10-10 07:33:35,724 [INFO] Época 5/30, Batch 1600/3348, Loss: 0.3254
2025-10-10 07:33:35,985 [INFO] Época 5/30, Batch 1650/3348, Loss: 0.4167
2025-10-10 07:33:36,249 [INFO] Época 5/30, Batch 1700/3348, Loss: 0.3946
2025-10-10 07:33:36,513 [INFO] Época 5/30, Batch 1750/3348, Loss: 0.3045
2025-10-10 07:33:36,777 [INFO] Época 5/30, Batch 1800/3348, Loss: 0.2708
2025-10-10 07:33:37,038 [INFO] Época 5/30, Batch 1850/3348, Loss: 0.4581
2025-10-10 07:33:37,314 [INFO] Época 5/30, Batch 1900/3348, Loss: 0.4788
2025-10-10 07:33:37,576 [INFO] Época 5/30, Batch 1950/3348, Loss: 0.3298
2025-10-10 07:33:37,840 [INFO] Época 5/30, Batch 2000/3348, Loss: 0.3162
2025-10-10 07:33:38,102 [INFO] Época 5/30, Batch 2050/3348, Loss: 0.4466
2025-10-10 07:33:38,366 [INFO] Época 5/30, Batch 2100/3348, Loss: 0.3189
2025-10-10 07:33:38,630 [INFO] Época 5/30, Batch 2150/3348, Loss: 0.3223
2025-10-10 07:33:38,898 [INFO] Época 5/30, Batch 2200/3348, Loss: 0.2139
2025-10-10 07:33:39,164 [INFO] Época 5/30, Batch 2250/3348, Loss: 0.5988
2025-10-10 07:33:39,429 [INFO] Época 5/30, Batch 2300/3348, Loss: 0.2699
2025-10-10 07:33:39,694 [INFO] Época 5/30, Batch 2350/3348, Loss: 0.4470
2025-10-10 07:33:39,962 [INFO] Época 5/30, Batch 2400/3348, Loss: 0.5205
2025-10-10 07:33:40,228 [INFO] Época 5/30, Batch 2450/3348, Loss: 0.2641
2025-10-10 07:33:40,495 [INFO] Época 5/30, Batch 2500/3348, Loss: 0.4091
2025-10-10 07:33:40,762 [INFO] Época 5/30, Batch 2550/3348, Loss: 0.3697
2025-10-10 07:33:41,030 [INFO] Época 5/30, Batch 2600/3348, Loss: 0.5317
2025-10-10 07:33:41,295 [INFO] Época 5/30, Batch 2650/3348, Loss: 0.1979
2025-10-10 07:33:41,562 [INFO] Época 5/30, Batch 2700/3348, Loss: 0.3968
2025-10-10 07:33:41,828 [INFO] Época 5/30, Batch 2750/3348, Loss: 0.3829
2025-10-10 07:33:42,094 [INFO] Época 5/30, Batch 2800/3348, Loss: 0.4529
2025-10-10 07:33:42,369 [INFO] Época 5/30, Batch 2850/3348, Loss: 0.2962
2025-10-10 07:33:42,633 [INFO] Época 5/30, Batch 2900/3348, Loss: 0.2596
2025-10-10 07:33:42,896 [INFO] Época 5/30, Batch 2950/3348, Loss: 0.5085
2025-10-10 07:33:43,160 [INFO] Época 5/30, Batch 3000/3348, Loss: 0.3136
2025-10-10 07:33:43,426 [INFO] Época 5/30, Batch 3050/3348, Loss: 0.4502
2025-10-10 07:33:43,687 [INFO] Época 5/30, Batch 3100/3348, Loss: 0.4243
2025-10-10 07:33:43,939 [INFO] Época 5/30, Batch 3150/3348, Loss: 0.3529
2025-10-10 07:33:44,194 [INFO] Época 5/30, Batch 3200/3348, Loss: 0.3004
2025-10-10 07:33:44,447 [INFO] Época 5/30, Batch 3250/3348, Loss: 0.4975
2025-10-10 07:33:44,701 [INFO] Época 5/30, Batch 3300/3348, Loss: 0.3917
2025-10-10 07:33:46,455 [INFO] [5/30] Train Loss: 0.3796 | Val Loss: 0.2559 | Tempo: 19.49s
2025-10-10 07:33:46,459 [INFO] Melhor modelo salvo em: /mnt/hdd/home/jdurao/ToolBox-ChemXAI/models/mlp_qm9_EState_att10_large.pth
2025-10-10 07:33:47,015 [INFO] Época 6/30, Batch 50/3348, Loss: 0.3127
2025-10-10 07:33:47,278 [INFO] Época 6/30, Batch 100/3348, Loss: 0.3999
2025-10-10 07:33:47,552 [INFO] Época 6/30, Batch 150/3348, Loss: 0.4573
2025-10-10 07:33:47,815 [INFO] Época 6/30, Batch 200/3348, Loss: 0.2737
2025-10-10 07:33:48,079 [INFO] Época 6/30, Batch 250/3348, Loss: 0.3718
2025-10-10 07:33:48,340 [INFO] Época 6/30, Batch 300/3348, Loss: 0.4150
2025-10-10 07:33:48,602 [INFO] Época 6/30, Batch 350/3348, Loss: 0.2787
2025-10-10 07:33:48,862 [INFO] Época 6/30, Batch 400/3348, Loss: 0.3669
2025-10-10 07:33:49,124 [INFO] Época 6/30, Batch 450/3348, Loss: 0.2337
2025-10-10 07:33:49,387 [INFO] Época 6/30, Batch 500/3348, Loss: 0.3428
2025-10-10 07:33:49,649 [INFO] Época 6/30, Batch 550/3348, Loss: 0.3164
2025-10-10 07:33:49,911 [INFO] Época 6/30, Batch 600/3348, Loss: 0.2433
2025-10-10 07:33:50,180 [INFO] Época 6/30, Batch 650/3348, Loss: 0.3801
2025-10-10 07:33:50,441 [INFO] Época 6/30, Batch 700/3348, Loss: 0.3506
2025-10-10 07:33:50,694 [INFO] Época 6/30, Batch 750/3348, Loss: 0.4978
2025-10-10 07:33:50,946 [INFO] Época 6/30, Batch 800/3348, Loss: 0.2682
2025-10-10 07:33:51,195 [INFO] Época 6/30, Batch 850/3348, Loss: 0.3591
2025-10-10 07:33:51,444 [INFO] Época 6/30, Batch 900/3348, Loss: 0.3567
2025-10-10 07:33:51,696 [INFO] Época 6/30, Batch 950/3348, Loss: 0.4970
2025-10-10 07:33:51,949 [INFO] Época 6/30, Batch 1000/3348, Loss: 0.1823
2025-10-10 07:33:52,202 [INFO] Época 6/30, Batch 1050/3348, Loss: 0.4156
2025-10-10 07:33:52,457 [INFO] Época 6/30, Batch 1100/3348, Loss: 0.3832
2025-10-10 07:33:52,721 [INFO] Época 6/30, Batch 1150/3348, Loss: 0.5777
2025-10-10 07:33:52,983 [INFO] Época 6/30, Batch 1200/3348, Loss: 0.4861
2025-10-10 07:33:53,248 [INFO] Época 6/30, Batch 1250/3348, Loss: 0.3951
2025-10-10 07:33:53,510 [INFO] Época 6/30, Batch 1300/3348, Loss: 0.5054
2025-10-10 07:33:53,774 [INFO] Época 6/30, Batch 1350/3348, Loss: 0.4520
2025-10-10 07:33:54,037 [INFO] Época 6/30, Batch 1400/3348, Loss: 0.4258
2025-10-10 07:33:54,298 [INFO] Época 6/30, Batch 1450/3348, Loss: 0.3096
2025-10-10 07:33:54,561 [INFO] Época 6/30, Batch 1500/3348, Loss: 0.4360
2025-10-10 07:33:54,823 [INFO] Época 6/30, Batch 1550/3348, Loss: 0.2325
2025-10-10 07:33:55,085 [INFO] Época 6/30, Batch 1600/3348, Loss: 0.4912
2025-10-10 07:33:55,346 [INFO] Época 6/30, Batch 1650/3348, Loss: 0.4109
2025-10-10 07:33:55,605 [INFO] Época 6/30, Batch 1700/3348, Loss: 0.2260
2025-10-10 07:33:55,869 [INFO] Época 6/30, Batch 1750/3348, Loss: 0.3547
2025-10-10 07:33:56,131 [INFO] Época 6/30, Batch 1800/3348, Loss: 0.4217
2025-10-10 07:33:56,393 [INFO] Época 6/30, Batch 1850/3348, Loss: 0.3134
2025-10-10 07:33:56,654 [INFO] Época 6/30, Batch 1900/3348, Loss: 0.4292
2025-10-10 07:33:56,916 [INFO] Época 6/30, Batch 1950/3348, Loss: 0.3511
2025-10-10 07:33:57,177 [INFO] Época 6/30, Batch 2000/3348, Loss: 0.3283
2025-10-10 07:33:57,441 [INFO] Época 6/30, Batch 2050/3348, Loss: 0.4134
2025-10-10 07:33:57,705 [INFO] Época 6/30, Batch 2100/3348, Loss: 0.3407
2025-10-10 07:33:57,977 [INFO] Época 6/30, Batch 2150/3348, Loss: 0.3016
2025-10-10 07:33:58,241 [INFO] Época 6/30, Batch 2200/3348, Loss: 0.5575
2025-10-10 07:33:58,504 [INFO] Época 6/30, Batch 2250/3348, Loss: 0.3976
2025-10-10 07:33:58,769 [INFO] Época 6/30, Batch 2300/3348, Loss: 0.2429
2025-10-10 07:33:59,033 [INFO] Época 6/30, Batch 2350/3348, Loss: 0.3092
2025-10-10 07:33:59,297 [INFO] Época 6/30, Batch 2400/3348, Loss: 0.1795
2025-10-10 07:33:59,561 [INFO] Época 6/30, Batch 2450/3348, Loss: 0.3901
2025-10-10 07:33:59,823 [INFO] Época 6/30, Batch 2500/3348, Loss: 0.3435
2025-10-10 07:34:00,087 [INFO] Época 6/30, Batch 2550/3348, Loss: 0.3287
2025-10-10 07:34:00,349 [INFO] Época 6/30, Batch 2600/3348, Loss: 0.3884
2025-10-10 07:34:00,612 [INFO] Época 6/30, Batch 2650/3348, Loss: 0.4054
2025-10-10 07:34:00,875 [INFO] Época 6/30, Batch 2700/3348, Loss: 0.2489
2025-10-10 07:34:01,138 [INFO] Época 6/30, Batch 2750/3348, Loss: 0.2844
2025-10-10 07:34:01,401 [INFO] Época 6/30, Batch 2800/3348, Loss: 0.3931
2025-10-10 07:34:01,663 [INFO] Época 6/30, Batch 2850/3348, Loss: 0.4289
2025-10-10 07:34:01,925 [INFO] Época 6/30, Batch 2900/3348, Loss: 0.3605
2025-10-10 07:34:02,189 [INFO] Época 6/30, Batch 2950/3348, Loss: 0.3520
2025-10-10 07:34:02,453 [INFO] Época 6/30, Batch 3000/3348, Loss: 0.3887
2025-10-10 07:34:02,716 [INFO] Época 6/30, Batch 3050/3348, Loss: 0.3192
2025-10-10 07:34:02,977 [INFO] Época 6/30, Batch 3100/3348, Loss: 0.2798
2025-10-10 07:34:03,237 [INFO] Época 6/30, Batch 3150/3348, Loss: 0.3120
2025-10-10 07:34:03,499 [INFO] Época 6/30, Batch 3200/3348, Loss: 0.3581
2025-10-10 07:34:03,763 [INFO] Época 6/30, Batch 3250/3348, Loss: 0.4494
2025-10-10 07:34:04,032 [INFO] Época 6/30, Batch 3300/3348, Loss: 0.4070
2025-10-10 07:34:05,774 [INFO] [6/30] Train Loss: 0.3778 | Val Loss: 0.2640 | Tempo: 19.31s
2025-10-10 07:34:06,327 [INFO] Época 7/30, Batch 50/3348, Loss: 0.3451
2025-10-10 07:34:06,591 [INFO] Época 7/30, Batch 100/3348, Loss: 0.4271
2025-10-10 07:34:06,851 [INFO] Época 7/30, Batch 150/3348, Loss: 0.4717
2025-10-10 07:34:07,110 [INFO] Época 7/30, Batch 200/3348, Loss: 0.3483
2025-10-10 07:34:07,368 [INFO] Época 7/30, Batch 250/3348, Loss: 0.3240
2025-10-10 07:34:07,629 [INFO] Época 7/30, Batch 300/3348, Loss: 0.3767
2025-10-10 07:34:07,888 [INFO] Época 7/30, Batch 350/3348, Loss: 0.3171
2025-10-10 07:34:08,149 [INFO] Época 7/30, Batch 400/3348, Loss: 0.3563
2025-10-10 07:34:08,407 [INFO] Época 7/30, Batch 450/3348, Loss: 0.3439
2025-10-10 07:34:08,666 [INFO] Época 7/30, Batch 500/3348, Loss: 0.3909
2025-10-10 07:34:08,924 [INFO] Época 7/30, Batch 550/3348, Loss: 0.3476
2025-10-10 07:34:09,182 [INFO] Época 7/30, Batch 600/3348, Loss: 0.4164
2025-10-10 07:34:09,441 [INFO] Época 7/30, Batch 650/3348, Loss: 0.2243
2025-10-10 07:34:09,698 [INFO] Época 7/30, Batch 700/3348, Loss: 0.5584
2025-10-10 07:34:09,955 [INFO] Época 7/30, Batch 750/3348, Loss: 0.3165
2025-10-10 07:34:10,215 [INFO] Época 7/30, Batch 800/3348, Loss: 0.3682
2025-10-10 07:34:10,473 [INFO] Época 7/30, Batch 850/3348, Loss: 0.5298
2025-10-10 07:34:10,724 [INFO] Época 7/30, Batch 900/3348, Loss: 0.4938
2025-10-10 07:34:10,971 [INFO] Época 7/30, Batch 950/3348, Loss: 0.2302
2025-10-10 07:34:11,218 [INFO] Época 7/30, Batch 1000/3348, Loss: 0.3089
2025-10-10 07:34:11,465 [INFO] Época 7/30, Batch 1050/3348, Loss: 0.2860
2025-10-10 07:34:11,711 [INFO] Época 7/30, Batch 1100/3348, Loss: 0.5149
2025-10-10 07:34:11,957 [INFO] Época 7/30, Batch 1150/3348, Loss: 0.3626
2025-10-10 07:34:12,202 [INFO] Época 7/30, Batch 1200/3348, Loss: 0.4906
2025-10-10 07:34:12,447 [INFO] Época 7/30, Batch 1250/3348, Loss: 0.3136
2025-10-10 07:34:12,706 [INFO] Época 7/30, Batch 1300/3348, Loss: 0.3694
2025-10-10 07:34:12,966 [INFO] Época 7/30, Batch 1350/3348, Loss: 0.4691
2025-10-10 07:34:13,226 [INFO] Época 7/30, Batch 1400/3348, Loss: 0.3915
2025-10-10 07:34:13,485 [INFO] Época 7/30, Batch 1450/3348, Loss: 0.4391
2025-10-10 07:34:13,743 [INFO] Época 7/30, Batch 1500/3348, Loss: 0.4327
2025-10-10 07:34:14,003 [INFO] Época 7/30, Batch 1550/3348, Loss: 0.2629
2025-10-10 07:34:14,264 [INFO] Época 7/30, Batch 1600/3348, Loss: 0.3808
2025-10-10 07:34:14,523 [INFO] Época 7/30, Batch 1650/3348, Loss: 0.3301
2025-10-10 07:34:14,783 [INFO] Época 7/30, Batch 1700/3348, Loss: 0.3840
2025-10-10 07:34:15,043 [INFO] Época 7/30, Batch 1750/3348, Loss: 0.3748
2025-10-10 07:34:15,301 [INFO] Época 7/30, Batch 1800/3348, Loss: 0.3103
2025-10-10 07:34:15,560 [INFO] Época 7/30, Batch 1850/3348, Loss: 0.3173
2025-10-10 07:34:15,817 [INFO] Época 7/30, Batch 1900/3348, Loss: 0.5562
2025-10-10 07:34:16,077 [INFO] Época 7/30, Batch 1950/3348, Loss: 0.1729
2025-10-10 07:34:16,337 [INFO] Época 7/30, Batch 2000/3348, Loss: 0.2619
2025-10-10 07:34:16,596 [INFO] Época 7/30, Batch 2050/3348, Loss: 0.3459
2025-10-10 07:34:16,856 [INFO] Época 7/30, Batch 2100/3348, Loss: 0.3719
2025-10-10 07:34:17,116 [INFO] Época 7/30, Batch 2150/3348, Loss: 0.3194
2025-10-10 07:34:17,375 [INFO] Época 7/30, Batch 2200/3348, Loss: 0.4767
2025-10-10 07:34:17,635 [INFO] Época 7/30, Batch 2250/3348, Loss: 0.2471
2025-10-10 07:34:17,897 [INFO] Época 7/30, Batch 2300/3348, Loss: 0.4299
2025-10-10 07:34:18,159 [INFO] Época 7/30, Batch 2350/3348, Loss: 0.2333
2025-10-10 07:34:18,419 [INFO] Época 7/30, Batch 2400/3348, Loss: 0.2788
2025-10-10 07:34:18,679 [INFO] Época 7/30, Batch 2450/3348, Loss: 0.5069
2025-10-10 07:34:18,942 [INFO] Época 7/30, Batch 2500/3348, Loss: 0.4805
2025-10-10 07:34:19,203 [INFO] Época 7/30, Batch 2550/3348, Loss: 0.4452
2025-10-10 07:34:19,465 [INFO] Época 7/30, Batch 2600/3348, Loss: 0.4728
2025-10-10 07:34:19,727 [INFO] Época 7/30, Batch 2650/3348, Loss: 0.4428
2025-10-10 07:34:19,985 [INFO] Época 7/30, Batch 2700/3348, Loss: 0.4288
2025-10-10 07:34:20,246 [INFO] Época 7/30, Batch 2750/3348, Loss: 0.4458
2025-10-10 07:34:20,508 [INFO] Época 7/30, Batch 2800/3348, Loss: 0.4534
2025-10-10 07:34:20,766 [INFO] Época 7/30, Batch 2850/3348, Loss: 0.3542
2025-10-10 07:34:21,025 [INFO] Época 7/30, Batch 2900/3348, Loss: 0.3533
2025-10-10 07:34:21,283 [INFO] Época 7/30, Batch 2950/3348, Loss: 0.3805
2025-10-10 07:34:21,542 [INFO] Época 7/30, Batch 3000/3348, Loss: 0.2955
2025-10-10 07:34:21,802 [INFO] Época 7/30, Batch 3050/3348, Loss: 0.3077
2025-10-10 07:34:22,062 [INFO] Época 7/30, Batch 3100/3348, Loss: 0.1751
2025-10-10 07:34:22,321 [INFO] Época 7/30, Batch 3150/3348, Loss: 0.2817
2025-10-10 07:34:22,580 [INFO] Época 7/30, Batch 3200/3348, Loss: 0.3603
2025-10-10 07:34:22,838 [INFO] Época 7/30, Batch 3250/3348, Loss: 0.3947
2025-10-10 07:34:23,097 [INFO] Época 7/30, Batch 3300/3348, Loss: 0.5567
2025-10-10 07:34:24,937 [INFO] [7/30] Train Loss: 0.3762 | Val Loss: 0.2609 | Tempo: 19.16s
2025-10-10 07:34:25,489 [INFO] Época 8/30, Batch 50/3348, Loss: 0.2939
2025-10-10 07:34:25,753 [INFO] Época 8/30, Batch 100/3348, Loss: 0.3451
2025-10-10 07:34:26,013 [INFO] Época 8/30, Batch 150/3348, Loss: 0.3421
2025-10-10 07:34:26,275 [INFO] Época 8/30, Batch 200/3348, Loss: 0.3519
2025-10-10 07:34:26,536 [INFO] Época 8/30, Batch 250/3348, Loss: 0.1531
2025-10-10 07:34:26,799 [INFO] Época 8/30, Batch 300/3348, Loss: 0.4034
2025-10-10 07:34:27,070 [INFO] Época 8/30, Batch 350/3348, Loss: 0.4456
2025-10-10 07:34:27,346 [INFO] Época 8/30, Batch 400/3348, Loss: 0.3566
2025-10-10 07:34:27,623 [INFO] Época 8/30, Batch 450/3348, Loss: 0.2985
2025-10-10 07:34:27,888 [INFO] Época 8/30, Batch 500/3348, Loss: 0.3964
2025-10-10 07:34:28,146 [INFO] Época 8/30, Batch 550/3348, Loss: 0.3681
2025-10-10 07:34:28,405 [INFO] Época 8/30, Batch 600/3348, Loss: 0.4007
2025-10-10 07:34:28,669 [INFO] Época 8/30, Batch 650/3348, Loss: 0.4218
2025-10-10 07:34:28,931 [INFO] Época 8/30, Batch 700/3348, Loss: 0.3385
2025-10-10 07:34:29,196 [INFO] Época 8/30, Batch 750/3348, Loss: 0.2552
2025-10-10 07:34:29,461 [INFO] Época 8/30, Batch 800/3348, Loss: 0.2558
2025-10-10 07:34:29,729 [INFO] Época 8/30, Batch 850/3348, Loss: 0.4960
2025-10-10 07:34:29,994 [INFO] Época 8/30, Batch 900/3348, Loss: 0.2995
2025-10-10 07:34:30,271 [INFO] Época 8/30, Batch 950/3348, Loss: 0.3513
2025-10-10 07:34:30,534 [INFO] Época 8/30, Batch 1000/3348, Loss: 0.1582
2025-10-10 07:34:30,792 [INFO] Época 8/30, Batch 1050/3348, Loss: 0.4903
2025-10-10 07:34:31,050 [INFO] Época 8/30, Batch 1100/3348, Loss: 0.3729
2025-10-10 07:34:31,306 [INFO] Época 8/30, Batch 1150/3348, Loss: 0.3082
2025-10-10 07:34:31,564 [INFO] Época 8/30, Batch 1200/3348, Loss: 0.3365
2025-10-10 07:34:31,818 [INFO] Época 8/30, Batch 1250/3348, Loss: 0.4099
2025-10-10 07:34:32,073 [INFO] Época 8/30, Batch 1300/3348, Loss: 0.3039
2025-10-10 07:34:32,329 [INFO] Época 8/30, Batch 1350/3348, Loss: 0.4233
2025-10-10 07:34:32,585 [INFO] Época 8/30, Batch 1400/3348, Loss: 0.4468
2025-10-10 07:34:32,840 [INFO] Época 8/30, Batch 1450/3348, Loss: 0.4642
2025-10-10 07:34:33,095 [INFO] Época 8/30, Batch 1500/3348, Loss: 0.2651
2025-10-10 07:34:33,351 [INFO] Época 8/30, Batch 1550/3348, Loss: 0.3814
2025-10-10 07:34:33,611 [INFO] Época 8/30, Batch 1600/3348, Loss: 0.2445
2025-10-10 07:34:33,867 [INFO] Época 8/30, Batch 1650/3348, Loss: 0.2432
2025-10-10 07:34:34,124 [INFO] Época 8/30, Batch 1700/3348, Loss: 0.3688
2025-10-10 07:34:34,380 [INFO] Época 8/30, Batch 1750/3348, Loss: 0.4106
2025-10-10 07:34:34,638 [INFO] Época 8/30, Batch 1800/3348, Loss: 0.2814
2025-10-10 07:34:34,907 [INFO] Época 8/30, Batch 1850/3348, Loss: 0.4711
2025-10-10 07:34:35,172 [INFO] Época 8/30, Batch 1900/3348, Loss: 0.2982
2025-10-10 07:34:35,439 [INFO] Época 8/30, Batch 1950/3348, Loss: 0.3801
2025-10-10 07:34:35,707 [INFO] Época 8/30, Batch 2000/3348, Loss: 0.2625
2025-10-10 07:34:35,973 [INFO] Época 8/30, Batch 2050/3348, Loss: 0.3644
2025-10-10 07:34:36,240 [INFO] Época 8/30, Batch 2100/3348, Loss: 0.4507
2025-10-10 07:34:36,504 [INFO] Época 8/30, Batch 2150/3348, Loss: 0.5011
2025-10-10 07:34:36,762 [INFO] Época 8/30, Batch 2200/3348, Loss: 0.4637
2025-10-10 07:34:37,020 [INFO] Época 8/30, Batch 2250/3348, Loss: 0.2943
2025-10-10 07:34:37,276 [INFO] Época 8/30, Batch 2300/3348, Loss: 0.4443
2025-10-10 07:34:37,534 [INFO] Época 8/30, Batch 2350/3348, Loss: 0.2932
2025-10-10 07:34:37,792 [INFO] Época 8/30, Batch 2400/3348, Loss: 0.3282
2025-10-10 07:34:38,051 [INFO] Época 8/30, Batch 2450/3348, Loss: 0.3807
2025-10-10 07:34:38,307 [INFO] Época 8/30, Batch 2500/3348, Loss: 0.2300
2025-10-10 07:34:38,564 [INFO] Época 8/30, Batch 2550/3348, Loss: 0.4100
2025-10-10 07:34:38,823 [INFO] Época 8/30, Batch 2600/3348, Loss: 0.4516
2025-10-10 07:34:39,083 [INFO] Época 8/30, Batch 2650/3348, Loss: 0.4860
2025-10-10 07:34:39,339 [INFO] Época 8/30, Batch 2700/3348, Loss: 0.3300
2025-10-10 07:34:39,596 [INFO] Época 8/30, Batch 2750/3348, Loss: 0.5597
2025-10-10 07:34:39,853 [INFO] Época 8/30, Batch 2800/3348, Loss: 0.2276
2025-10-10 07:34:40,106 [INFO] Época 8/30, Batch 2850/3348, Loss: 0.4171
2025-10-10 07:34:40,361 [INFO] Época 8/30, Batch 2900/3348, Loss: 0.3430
2025-10-10 07:34:40,618 [INFO] Época 8/30, Batch 2950/3348, Loss: 0.2984
2025-10-10 07:34:40,874 [INFO] Época 8/30, Batch 3000/3348, Loss: 0.3386
2025-10-10 07:34:41,128 [INFO] Época 8/30, Batch 3050/3348, Loss: 0.2321
2025-10-10 07:34:41,382 [INFO] Época 8/30, Batch 3100/3348, Loss: 0.1963
2025-10-10 07:34:41,637 [INFO] Época 8/30, Batch 3150/3348, Loss: 0.2756
2025-10-10 07:34:41,891 [INFO] Época 8/30, Batch 3200/3348, Loss: 0.3125
2025-10-10 07:34:42,146 [INFO] Época 8/30, Batch 3250/3348, Loss: 0.4804
2025-10-10 07:34:42,401 [INFO] Época 8/30, Batch 3300/3348, Loss: 0.1480
2025-10-10 07:34:44,208 [INFO] [8/30] Train Loss: 0.3750 | Val Loss: 0.2558 | Tempo: 19.27s
2025-10-10 07:34:44,212 [INFO] Melhor modelo salvo em: /mnt/hdd/home/jdurao/ToolBox-ChemXAI/models/mlp_qm9_EState_att10_large.pth
2025-10-10 07:34:44,770 [INFO] Época 9/30, Batch 50/3348, Loss: 0.4308
2025-10-10 07:34:45,035 [INFO] Época 9/30, Batch 100/3348, Loss: 0.4655
2025-10-10 07:34:45,296 [INFO] Época 9/30, Batch 150/3348, Loss: 0.3652
2025-10-10 07:34:45,555 [INFO] Época 9/30, Batch 200/3348, Loss: 0.1564
2025-10-10 07:34:45,824 [INFO] Época 9/30, Batch 250/3348, Loss: 0.3693
2025-10-10 07:34:46,078 [INFO] Época 9/30, Batch 300/3348, Loss: 0.3008
2025-10-10 07:34:46,338 [INFO] Época 9/30, Batch 350/3348, Loss: 0.3259
2025-10-10 07:34:46,594 [INFO] Época 9/30, Batch 400/3348, Loss: 0.3907
2025-10-10 07:34:46,851 [INFO] Época 9/30, Batch 450/3348, Loss: 0.3651
2025-10-10 07:34:47,106 [INFO] Época 9/30, Batch 500/3348, Loss: 0.4795
2025-10-10 07:34:47,361 [INFO] Época 9/30, Batch 550/3348, Loss: 0.3166
2025-10-10 07:34:47,619 [INFO] Época 9/30, Batch 600/3348, Loss: 0.3566
2025-10-10 07:34:47,874 [INFO] Época 9/30, Batch 650/3348, Loss: 0.2692
2025-10-10 07:34:48,130 [INFO] Época 9/30, Batch 700/3348, Loss: 0.3996
2025-10-10 07:34:48,388 [INFO] Época 9/30, Batch 750/3348, Loss: 0.3427
2025-10-10 07:34:48,640 [INFO] Época 9/30, Batch 800/3348, Loss: 0.3138
2025-10-10 07:34:48,888 [INFO] Época 9/30, Batch 850/3348, Loss: 0.2865
2025-10-10 07:34:49,132 [INFO] Época 9/30, Batch 900/3348, Loss: 0.5074
2025-10-10 07:34:49,377 [INFO] Época 9/30, Batch 950/3348, Loss: 0.4962
2025-10-10 07:34:49,623 [INFO] Época 9/30, Batch 1000/3348, Loss: 0.3135
2025-10-10 07:34:49,872 [INFO] Época 9/30, Batch 1050/3348, Loss: 0.2833
2025-10-10 07:34:50,118 [INFO] Época 9/30, Batch 1100/3348, Loss: 0.2290
2025-10-10 07:34:50,365 [INFO] Época 9/30, Batch 1150/3348, Loss: 0.2715
2025-10-10 07:34:50,614 [INFO] Época 9/30, Batch 1200/3348, Loss: 0.2983
2025-10-10 07:34:50,879 [INFO] Época 9/30, Batch 1250/3348, Loss: 0.4401
2025-10-10 07:34:51,133 [INFO] Época 9/30, Batch 1300/3348, Loss: 0.5034
2025-10-10 07:34:51,388 [INFO] Época 9/30, Batch 1350/3348, Loss: 0.2698
2025-10-10 07:34:51,646 [INFO] Época 9/30, Batch 1400/3348, Loss: 0.2523
2025-10-10 07:34:51,902 [INFO] Época 9/30, Batch 1450/3348, Loss: 0.4546
2025-10-10 07:34:52,156 [INFO] Época 9/30, Batch 1500/3348, Loss: 0.2486
2025-10-10 07:34:52,411 [INFO] Época 9/30, Batch 1550/3348, Loss: 0.4336
2025-10-10 07:34:52,666 [INFO] Época 9/30, Batch 1600/3348, Loss: 0.3322
2025-10-10 07:34:52,923 [INFO] Época 9/30, Batch 1650/3348, Loss: 0.4392
2025-10-10 07:34:53,177 [INFO] Época 9/30, Batch 1700/3348, Loss: 0.3112
2025-10-10 07:34:53,432 [INFO] Época 9/30, Batch 1750/3348, Loss: 0.4248
2025-10-10 07:34:53,686 [INFO] Época 9/30, Batch 1800/3348, Loss: 0.2797
2025-10-10 07:34:53,942 [INFO] Época 9/30, Batch 1850/3348, Loss: 0.3410
2025-10-10 07:34:54,199 [INFO] Época 9/30, Batch 1900/3348, Loss: 0.3274
2025-10-10 07:34:54,453 [INFO] Época 9/30, Batch 1950/3348, Loss: 0.2745
2025-10-10 07:34:54,707 [INFO] Época 9/30, Batch 2000/3348, Loss: 0.2446
2025-10-10 07:34:54,962 [INFO] Época 9/30, Batch 2050/3348, Loss: 0.4232
2025-10-10 07:34:55,215 [INFO] Época 9/30, Batch 2100/3348, Loss: 0.4154
2025-10-10 07:34:55,471 [INFO] Época 9/30, Batch 2150/3348, Loss: 0.2641
2025-10-10 07:34:55,727 [INFO] Época 9/30, Batch 2200/3348, Loss: 0.3569
2025-10-10 07:34:55,984 [INFO] Época 9/30, Batch 2250/3348, Loss: 0.2970
2025-10-10 07:34:56,243 [INFO] Época 9/30, Batch 2300/3348, Loss: 0.4800
2025-10-10 07:34:56,497 [INFO] Época 9/30, Batch 2350/3348, Loss: 0.5026
2025-10-10 07:34:56,752 [INFO] Época 9/30, Batch 2400/3348, Loss: 0.3084
2025-10-10 07:34:57,008 [INFO] Época 9/30, Batch 2450/3348, Loss: 0.2621
2025-10-10 07:34:57,264 [INFO] Época 9/30, Batch 2500/3348, Loss: 0.2855
2025-10-10 07:34:57,519 [INFO] Época 9/30, Batch 2550/3348, Loss: 0.1924
2025-10-10 07:34:57,776 [INFO] Época 9/30, Batch 2600/3348, Loss: 0.3622
2025-10-10 07:34:58,032 [INFO] Época 9/30, Batch 2650/3348, Loss: 0.3348
2025-10-10 07:34:58,289 [INFO] Época 9/30, Batch 2700/3348, Loss: 0.2291
2025-10-10 07:34:58,545 [INFO] Época 9/30, Batch 2750/3348, Loss: 0.4416
2025-10-10 07:34:58,803 [INFO] Época 9/30, Batch 2800/3348, Loss: 0.4651
2025-10-10 07:34:59,061 [INFO] Época 9/30, Batch 2850/3348, Loss: 0.4568
2025-10-10 07:34:59,320 [INFO] Época 9/30, Batch 2900/3348, Loss: 0.4026
2025-10-10 07:34:59,577 [INFO] Época 9/30, Batch 2950/3348, Loss: 0.4070
2025-10-10 07:34:59,836 [INFO] Época 9/30, Batch 3000/3348, Loss: 0.3378
2025-10-10 07:35:00,095 [INFO] Época 9/30, Batch 3050/3348, Loss: 0.5645
2025-10-10 07:35:00,354 [INFO] Época 9/30, Batch 3100/3348, Loss: 0.3270
2025-10-10 07:35:00,613 [INFO] Época 9/30, Batch 3150/3348, Loss: 0.2964
2025-10-10 07:35:00,871 [INFO] Época 9/30, Batch 3200/3348, Loss: 0.4687
2025-10-10 07:35:01,131 [INFO] Época 9/30, Batch 3250/3348, Loss: 0.3994
2025-10-10 07:35:01,390 [INFO] Época 9/30, Batch 3300/3348, Loss: 0.4583
2025-10-10 07:35:03,100 [INFO] [9/30] Train Loss: 0.3737 | Val Loss: 0.2558 | Tempo: 18.89s
2025-10-10 07:35:03,105 [INFO] Melhor modelo salvo em: /mnt/hdd/home/jdurao/ToolBox-ChemXAI/models/mlp_qm9_EState_att10_large.pth
2025-10-10 07:35:03,652 [INFO] Época 10/30, Batch 50/3348, Loss: 0.4035
2025-10-10 07:35:03,913 [INFO] Época 10/30, Batch 100/3348, Loss: 0.3717
2025-10-10 07:35:04,174 [INFO] Época 10/30, Batch 150/3348, Loss: 0.3345
2025-10-10 07:35:04,433 [INFO] Época 10/30, Batch 200/3348, Loss: 0.3604
2025-10-10 07:35:04,691 [INFO] Época 10/30, Batch 250/3348, Loss: 0.3632
2025-10-10 07:35:04,949 [INFO] Época 10/30, Batch 300/3348, Loss: 0.2345
2025-10-10 07:35:05,208 [INFO] Época 10/30, Batch 350/3348, Loss: 0.3415
2025-10-10 07:35:05,466 [INFO] Época 10/30, Batch 400/3348, Loss: 0.2664
2025-10-10 07:35:05,723 [INFO] Época 10/30, Batch 450/3348, Loss: 0.2460
2025-10-10 07:35:05,979 [INFO] Época 10/30, Batch 500/3348, Loss: 0.4327
2025-10-10 07:35:06,247 [INFO] Época 10/30, Batch 550/3348, Loss: 0.3864
2025-10-10 07:35:06,504 [INFO] Época 10/30, Batch 600/3348, Loss: 0.5369
2025-10-10 07:35:06,762 [INFO] Época 10/30, Batch 650/3348, Loss: 0.5091
2025-10-10 07:35:07,020 [INFO] Época 10/30, Batch 700/3348, Loss: 0.2736
2025-10-10 07:35:07,278 [INFO] Época 10/30, Batch 750/3348, Loss: 0.4713
2025-10-10 07:35:07,535 [INFO] Época 10/30, Batch 800/3348, Loss: 0.4802
2025-10-10 07:35:07,792 [INFO] Época 10/30, Batch 850/3348, Loss: 0.3966
2025-10-10 07:35:08,052 [INFO] Época 10/30, Batch 900/3348, Loss: 0.2284
2025-10-10 07:35:08,311 [INFO] Época 10/30, Batch 950/3348, Loss: 0.6110
2025-10-10 07:35:08,569 [INFO] Época 10/30, Batch 1000/3348, Loss: 0.3445
2025-10-10 07:35:08,828 [INFO] Época 10/30, Batch 1050/3348, Loss: 0.3646
2025-10-10 07:35:09,088 [INFO] Época 10/30, Batch 1100/3348, Loss: 0.3848
2025-10-10 07:35:09,348 [INFO] Época 10/30, Batch 1150/3348, Loss: 0.4078
2025-10-10 07:35:09,607 [INFO] Época 10/30, Batch 1200/3348, Loss: 0.4092
2025-10-10 07:35:09,864 [INFO] Época 10/30, Batch 1250/3348, Loss: 0.3668
2025-10-10 07:35:10,120 [INFO] Época 10/30, Batch 1300/3348, Loss: 0.3067
2025-10-10 07:35:10,378 [INFO] Época 10/30, Batch 1350/3348, Loss: 0.1965
2025-10-10 07:35:10,636 [INFO] Época 10/30, Batch 1400/3348, Loss: 0.3313
2025-10-10 07:35:10,895 [INFO] Época 10/30, Batch 1450/3348, Loss: 0.3252
2025-10-10 07:35:11,152 [INFO] Época 10/30, Batch 1500/3348, Loss: 0.2148
2025-10-10 07:35:11,410 [INFO] Época 10/30, Batch 1550/3348, Loss: 0.3573
2025-10-10 07:35:11,667 [INFO] Época 10/30, Batch 1600/3348, Loss: 0.2924
2025-10-10 07:35:11,926 [INFO] Época 10/30, Batch 1650/3348, Loss: 0.4412
2025-10-10 07:35:12,182 [INFO] Época 10/30, Batch 1700/3348, Loss: 0.3232
2025-10-10 07:35:12,438 [INFO] Época 10/30, Batch 1750/3348, Loss: 0.4023
2025-10-10 07:35:12,694 [INFO] Época 10/30, Batch 1800/3348, Loss: 0.3843
2025-10-10 07:35:12,951 [INFO] Época 10/30, Batch 1850/3348, Loss: 0.3288
2025-10-10 07:35:13,207 [INFO] Época 10/30, Batch 1900/3348, Loss: 0.4330
2025-10-10 07:35:13,466 [INFO] Época 10/30, Batch 1950/3348, Loss: 0.3636
2025-10-10 07:35:13,722 [INFO] Época 10/30, Batch 2000/3348, Loss: 0.2930
2025-10-10 07:35:13,980 [INFO] Época 10/30, Batch 2050/3348, Loss: 0.3540
2025-10-10 07:35:14,239 [INFO] Época 10/30, Batch 2100/3348, Loss: 0.3374
2025-10-10 07:35:14,503 [INFO] Época 10/30, Batch 2150/3348, Loss: 0.4196
2025-10-10 07:35:14,769 [INFO] Época 10/30, Batch 2200/3348, Loss: 0.3351
2025-10-10 07:35:15,031 [INFO] Época 10/30, Batch 2250/3348, Loss: 0.3137
2025-10-10 07:35:15,296 [INFO] Época 10/30, Batch 2300/3348, Loss: 0.5284
2025-10-10 07:35:15,561 [INFO] Época 10/30, Batch 2350/3348, Loss: 0.4894
2025-10-10 07:35:15,826 [INFO] Época 10/30, Batch 2400/3348, Loss: 0.3173
2025-10-10 07:35:16,092 [INFO] Época 10/30, Batch 2450/3348, Loss: 0.3480
2025-10-10 07:35:16,355 [INFO] Época 10/30, Batch 2500/3348, Loss: 0.3151
2025-10-10 07:35:16,623 [INFO] Época 10/30, Batch 2550/3348, Loss: 0.1901
2025-10-10 07:35:16,889 [INFO] Época 10/30, Batch 2600/3348, Loss: 0.2920
2025-10-10 07:35:17,154 [INFO] Época 10/30, Batch 2650/3348, Loss: 0.4119
2025-10-10 07:35:17,425 [INFO] Época 10/30, Batch 2700/3348, Loss: 0.4318
2025-10-10 07:35:17,690 [INFO] Época 10/30, Batch 2750/3348, Loss: 0.3346
2025-10-10 07:35:17,949 [INFO] Época 10/30, Batch 2800/3348, Loss: 0.3951
2025-10-10 07:35:18,205 [INFO] Época 10/30, Batch 2850/3348, Loss: 0.2492
2025-10-10 07:35:18,459 [INFO] Época 10/30, Batch 2900/3348, Loss: 0.3802
2025-10-10 07:35:18,717 [INFO] Época 10/30, Batch 2950/3348, Loss: 0.3637
2025-10-10 07:35:18,974 [INFO] Época 10/30, Batch 3000/3348, Loss: 0.3612
2025-10-10 07:35:19,243 [INFO] Época 10/30, Batch 3050/3348, Loss: 0.3038
2025-10-10 07:35:19,511 [INFO] Época 10/30, Batch 3100/3348, Loss: 0.4505
2025-10-10 07:35:19,778 [INFO] Época 10/30, Batch 3150/3348, Loss: 0.3724
2025-10-10 07:35:20,049 [INFO] Época 10/30, Batch 3200/3348, Loss: 0.3431
2025-10-10 07:35:20,317 [INFO] Época 10/30, Batch 3250/3348, Loss: 0.3160
2025-10-10 07:35:20,588 [INFO] Época 10/30, Batch 3300/3348, Loss: 0.3890
2025-10-10 07:35:22,477 [INFO] [10/30] Train Loss: 0.3731 | Val Loss: 0.2674 | Tempo: 19.37s
2025-10-10 07:35:23,042 [INFO] Época 11/30, Batch 50/3348, Loss: 0.3967
2025-10-10 07:35:23,305 [INFO] Época 11/30, Batch 100/3348, Loss: 0.3407
2025-10-10 07:35:23,568 [INFO] Época 11/30, Batch 150/3348, Loss: 0.3793
2025-10-10 07:35:23,828 [INFO] Época 11/30, Batch 200/3348, Loss: 0.2810
2025-10-10 07:35:24,088 [INFO] Época 11/30, Batch 250/3348, Loss: 0.3770
2025-10-10 07:35:24,348 [INFO] Época 11/30, Batch 300/3348, Loss: 0.4492
2025-10-10 07:35:24,607 [INFO] Época 11/30, Batch 350/3348, Loss: 0.3752
2025-10-10 07:35:24,866 [INFO] Época 11/30, Batch 400/3348, Loss: 0.2281
2025-10-10 07:35:25,127 [INFO] Época 11/30, Batch 450/3348, Loss: 0.3018
2025-10-10 07:35:25,387 [INFO] Época 11/30, Batch 500/3348, Loss: 0.2176
2025-10-10 07:35:25,649 [INFO] Época 11/30, Batch 550/3348, Loss: 0.3510
2025-10-10 07:35:25,908 [INFO] Época 11/30, Batch 600/3348, Loss: 0.2555
2025-10-10 07:35:26,166 [INFO] Época 11/30, Batch 650/3348, Loss: 0.4627
2025-10-10 07:35:26,425 [INFO] Época 11/30, Batch 700/3348, Loss: 0.2896
2025-10-10 07:35:26,678 [INFO] Época 11/30, Batch 750/3348, Loss: 0.2838
2025-10-10 07:35:26,922 [INFO] Época 11/30, Batch 800/3348, Loss: 0.2343
2025-10-10 07:35:27,164 [INFO] Época 11/30, Batch 850/3348, Loss: 0.4147
2025-10-10 07:35:27,405 [INFO] Época 11/30, Batch 900/3348, Loss: 0.2734
2025-10-10 07:35:27,649 [INFO] Época 11/30, Batch 950/3348, Loss: 0.3421
2025-10-10 07:35:27,903 [INFO] Época 11/30, Batch 1000/3348, Loss: 0.4152
2025-10-10 07:35:28,145 [INFO] Época 11/30, Batch 1050/3348, Loss: 0.4012
2025-10-10 07:35:28,388 [INFO] Época 11/30, Batch 1100/3348, Loss: 0.2379
2025-10-10 07:35:28,635 [INFO] Época 11/30, Batch 1150/3348, Loss: 0.3095
2025-10-10 07:35:28,893 [INFO] Época 11/30, Batch 1200/3348, Loss: 0.3363
2025-10-10 07:35:29,150 [INFO] Época 11/30, Batch 1250/3348, Loss: 0.1419
2025-10-10 07:35:29,409 [INFO] Época 11/30, Batch 1300/3348, Loss: 0.1730
2025-10-10 07:35:29,668 [INFO] Época 11/30, Batch 1350/3348, Loss: 0.5144
2025-10-10 07:35:29,927 [INFO] Época 11/30, Batch 1400/3348, Loss: 0.5222
2025-10-10 07:35:30,187 [INFO] Época 11/30, Batch 1450/3348, Loss: 0.3108
2025-10-10 07:35:30,448 [INFO] Época 11/30, Batch 1500/3348, Loss: 0.2798
2025-10-10 07:35:30,710 [INFO] Época 11/30, Batch 1550/3348, Loss: 0.3170
2025-10-10 07:35:30,968 [INFO] Época 11/30, Batch 1600/3348, Loss: 0.1816
2025-10-10 07:35:31,226 [INFO] Época 11/30, Batch 1650/3348, Loss: 0.4876
2025-10-10 07:35:31,487 [INFO] Época 11/30, Batch 1700/3348, Loss: 0.4626
2025-10-10 07:35:31,747 [INFO] Época 11/30, Batch 1750/3348, Loss: 0.3268
2025-10-10 07:35:32,007 [INFO] Época 11/30, Batch 1800/3348, Loss: 0.4006
2025-10-10 07:35:32,265 [INFO] Época 11/30, Batch 1850/3348, Loss: 0.4475
2025-10-10 07:35:32,523 [INFO] Época 11/30, Batch 1900/3348, Loss: 0.2997
2025-10-10 07:35:32,783 [INFO] Época 11/30, Batch 1950/3348, Loss: 0.3045
2025-10-10 07:35:33,052 [INFO] Época 11/30, Batch 2000/3348, Loss: 0.2856
2025-10-10 07:35:33,312 [INFO] Época 11/30, Batch 2050/3348, Loss: 0.4860
2025-10-10 07:35:33,572 [INFO] Época 11/30, Batch 2100/3348, Loss: 0.4296
2025-10-10 07:35:33,833 [INFO] Época 11/30, Batch 2150/3348, Loss: 0.3623
2025-10-10 07:35:34,095 [INFO] Época 11/30, Batch 2200/3348, Loss: 0.3782
2025-10-10 07:35:34,353 [INFO] Época 11/30, Batch 2250/3348, Loss: 0.3328
2025-10-10 07:35:34,613 [INFO] Época 11/30, Batch 2300/3348, Loss: 0.4592
2025-10-10 07:35:34,872 [INFO] Época 11/30, Batch 2350/3348, Loss: 0.4512
2025-10-10 07:35:35,136 [INFO] Época 11/30, Batch 2400/3348, Loss: 0.3701
2025-10-10 07:35:35,397 [INFO] Época 11/30, Batch 2450/3348, Loss: 0.4358
2025-10-10 07:35:35,658 [INFO] Época 11/30, Batch 2500/3348, Loss: 0.4440
2025-10-10 07:35:35,918 [INFO] Época 11/30, Batch 2550/3348, Loss: 0.2887
2025-10-10 07:35:36,176 [INFO] Época 11/30, Batch 2600/3348, Loss: 0.3530
2025-10-10 07:35:36,436 [INFO] Época 11/30, Batch 2650/3348, Loss: 0.3005
2025-10-10 07:35:36,695 [INFO] Época 11/30, Batch 2700/3348, Loss: 0.4791
2025-10-10 07:35:36,954 [INFO] Época 11/30, Batch 2750/3348, Loss: 0.3833
2025-10-10 07:35:37,213 [INFO] Época 11/30, Batch 2800/3348, Loss: 0.4627
2025-10-10 07:35:37,472 [INFO] Época 11/30, Batch 2850/3348, Loss: 0.2816
2025-10-10 07:35:37,730 [INFO] Época 11/30, Batch 2900/3348, Loss: 0.3376
2025-10-10 07:35:37,988 [INFO] Época 11/30, Batch 2950/3348, Loss: 0.4407
2025-10-10 07:35:38,251 [INFO] Época 11/30, Batch 3000/3348, Loss: 0.3418
2025-10-10 07:35:38,510 [INFO] Época 11/30, Batch 3050/3348, Loss: 0.4493
2025-10-10 07:35:38,768 [INFO] Época 11/30, Batch 3100/3348, Loss: 0.4428
2025-10-10 07:35:39,026 [INFO] Época 11/30, Batch 3150/3348, Loss: 0.1867
2025-10-10 07:35:39,287 [INFO] Época 11/30, Batch 3200/3348, Loss: 0.4032
2025-10-10 07:35:39,547 [INFO] Época 11/30, Batch 3250/3348, Loss: 0.5735
2025-10-10 07:35:39,805 [INFO] Época 11/30, Batch 3300/3348, Loss: 0.3113
2025-10-10 07:35:41,635 [INFO] [11/30] Train Loss: 0.3722 | Val Loss: 0.2658 | Tempo: 19.16s
2025-10-10 07:35:42,204 [INFO] Época 12/30, Batch 50/3348, Loss: 0.2517
2025-10-10 07:35:42,479 [INFO] Época 12/30, Batch 100/3348, Loss: 0.3595
2025-10-10 07:35:42,751 [INFO] Época 12/30, Batch 150/3348, Loss: 0.3507
2025-10-10 07:35:43,020 [INFO] Época 12/30, Batch 200/3348, Loss: 0.4173
2025-10-10 07:35:43,301 [INFO] Época 12/30, Batch 250/3348, Loss: 0.3069
2025-10-10 07:35:43,569 [INFO] Época 12/30, Batch 300/3348, Loss: 0.3082
2025-10-10 07:35:43,838 [INFO] Época 12/30, Batch 350/3348, Loss: 0.4295
2025-10-10 07:35:44,108 [INFO] Época 12/30, Batch 400/3348, Loss: 0.5002
2025-10-10 07:35:44,377 [INFO] Época 12/30, Batch 450/3348, Loss: 0.5120
2025-10-10 07:35:44,644 [INFO] Época 12/30, Batch 500/3348, Loss: 0.3237
2025-10-10 07:35:44,912 [INFO] Época 12/30, Batch 550/3348, Loss: 0.3970
2025-10-10 07:35:45,179 [INFO] Época 12/30, Batch 600/3348, Loss: 0.3957
2025-10-10 07:35:45,446 [INFO] Época 12/30, Batch 650/3348, Loss: 0.3096
2025-10-10 07:35:45,713 [INFO] Época 12/30, Batch 700/3348, Loss: 0.2378
2025-10-10 07:35:45,979 [INFO] Época 12/30, Batch 750/3348, Loss: 0.4235
2025-10-10 07:35:46,246 [INFO] Época 12/30, Batch 800/3348, Loss: 0.3849
2025-10-10 07:35:46,514 [INFO] Época 12/30, Batch 850/3348, Loss: 0.1843
2025-10-10 07:35:46,781 [INFO] Época 12/30, Batch 900/3348, Loss: 0.1999
2025-10-10 07:35:47,048 [INFO] Época 12/30, Batch 950/3348, Loss: 0.2549
2025-10-10 07:35:47,314 [INFO] Época 12/30, Batch 1000/3348, Loss: 0.3011
2025-10-10 07:35:47,578 [INFO] Época 12/30, Batch 1050/3348, Loss: 0.4137
2025-10-10 07:35:47,845 [INFO] Época 12/30, Batch 1100/3348, Loss: 0.4237
2025-10-10 07:35:48,112 [INFO] Época 12/30, Batch 1150/3348, Loss: 0.4097
2025-10-10 07:35:48,392 [INFO] Época 12/30, Batch 1200/3348, Loss: 0.3504
2025-10-10 07:35:48,661 [INFO] Época 12/30, Batch 1250/3348, Loss: 0.4646
2025-10-10 07:35:48,930 [INFO] Época 12/30, Batch 1300/3348, Loss: 0.3121
2025-10-10 07:35:49,198 [INFO] Época 12/30, Batch 1350/3348, Loss: 0.4073
2025-10-10 07:35:49,467 [INFO] Época 12/30, Batch 1400/3348, Loss: 0.5069
2025-10-10 07:35:49,735 [INFO] Época 12/30, Batch 1450/3348, Loss: 0.3756
2025-10-10 07:35:50,006 [INFO] Época 12/30, Batch 1500/3348, Loss: 0.4091
2025-10-10 07:35:50,273 [INFO] Época 12/30, Batch 1550/3348, Loss: 0.4004
2025-10-10 07:35:50,542 [INFO] Época 12/30, Batch 1600/3348, Loss: 0.2444
2025-10-10 07:35:50,811 [INFO] Época 12/30, Batch 1650/3348, Loss: 0.6471
2025-10-10 07:35:51,077 [INFO] Época 12/30, Batch 1700/3348, Loss: 0.4338
2025-10-10 07:35:51,346 [INFO] Época 12/30, Batch 1750/3348, Loss: 0.3842
2025-10-10 07:35:51,613 [INFO] Época 12/30, Batch 1800/3348, Loss: 0.2769
2025-10-10 07:35:51,880 [INFO] Época 12/30, Batch 1850/3348, Loss: 0.3683
2025-10-10 07:35:52,146 [INFO] Época 12/30, Batch 1900/3348, Loss: 0.2401
2025-10-10 07:35:52,416 [INFO] Época 12/30, Batch 1950/3348, Loss: 0.2678
2025-10-10 07:35:52,689 [INFO] Época 12/30, Batch 2000/3348, Loss: 0.3733
2025-10-10 07:35:52,948 [INFO] Época 12/30, Batch 2050/3348, Loss: 0.3258
2025-10-10 07:35:53,207 [INFO] Época 12/30, Batch 2100/3348, Loss: 0.2587
2025-10-10 07:35:53,465 [INFO] Época 12/30, Batch 2150/3348, Loss: 0.4867
2025-10-10 07:35:53,724 [INFO] Época 12/30, Batch 2200/3348, Loss: 0.3420
2025-10-10 07:35:53,983 [INFO] Época 12/30, Batch 2250/3348, Loss: 0.5064
2025-10-10 07:35:54,241 [INFO] Época 12/30, Batch 2300/3348, Loss: 0.3654
2025-10-10 07:35:54,499 [INFO] Época 12/30, Batch 2350/3348, Loss: 0.4159
2025-10-10 07:35:54,755 [INFO] Época 12/30, Batch 2400/3348, Loss: 0.5329
2025-10-10 07:35:55,013 [INFO] Época 12/30, Batch 2450/3348, Loss: 0.5659
2025-10-10 07:35:55,271 [INFO] Época 12/30, Batch 2500/3348, Loss: 0.3279
2025-10-10 07:35:55,528 [INFO] Época 12/30, Batch 2550/3348, Loss: 0.3136
2025-10-10 07:35:55,786 [INFO] Época 12/30, Batch 2600/3348, Loss: 0.3903
2025-10-10 07:35:56,042 [INFO] Época 12/30, Batch 2650/3348, Loss: 0.3843
2025-10-10 07:35:56,301 [INFO] Época 12/30, Batch 2700/3348, Loss: 0.4957
2025-10-10 07:35:56,569 [INFO] Época 12/30, Batch 2750/3348, Loss: 0.3507
2025-10-10 07:35:56,838 [INFO] Época 12/30, Batch 2800/3348, Loss: 0.3419
2025-10-10 07:35:57,106 [INFO] Época 12/30, Batch 2850/3348, Loss: 0.3537
2025-10-10 07:35:57,376 [INFO] Época 12/30, Batch 2900/3348, Loss: 0.3916
2025-10-10 07:35:57,644 [INFO] Época 12/30, Batch 2950/3348, Loss: 0.4785
2025-10-10 07:35:57,913 [INFO] Época 12/30, Batch 3000/3348, Loss: 0.2794
2025-10-10 07:35:58,181 [INFO] Época 12/30, Batch 3050/3348, Loss: 0.2375
2025-10-10 07:35:58,449 [INFO] Época 12/30, Batch 3100/3348, Loss: 0.4011
2025-10-10 07:35:58,718 [INFO] Época 12/30, Batch 3150/3348, Loss: 0.2766
2025-10-10 07:35:58,986 [INFO] Época 12/30, Batch 3200/3348, Loss: 0.4854
2025-10-10 07:35:59,255 [INFO] Época 12/30, Batch 3250/3348, Loss: 0.2995
2025-10-10 07:35:59,525 [INFO] Época 12/30, Batch 3300/3348, Loss: 0.3134
2025-10-10 07:36:01,363 [INFO] [12/30] Train Loss: 0.3711 | Val Loss: 0.2619 | Tempo: 19.73s
2025-10-10 07:36:01,930 [INFO] Época 13/30, Batch 50/3348, Loss: 0.2227
2025-10-10 07:36:02,194 [INFO] Época 13/30, Batch 100/3348, Loss: 0.4261
2025-10-10 07:36:02,455 [INFO] Época 13/30, Batch 150/3348, Loss: 0.5781
2025-10-10 07:36:02,717 [INFO] Época 13/30, Batch 200/3348, Loss: 0.2222
2025-10-10 07:36:02,978 [INFO] Época 13/30, Batch 250/3348, Loss: 0.3594
2025-10-10 07:36:03,240 [INFO] Época 13/30, Batch 300/3348, Loss: 0.4461
2025-10-10 07:36:03,503 [INFO] Época 13/30, Batch 350/3348, Loss: 0.3278
2025-10-10 07:36:03,776 [INFO] Época 13/30, Batch 400/3348, Loss: 0.4655
2025-10-10 07:36:04,037 [INFO] Época 13/30, Batch 450/3348, Loss: 0.4378
2025-10-10 07:36:04,301 [INFO] Época 13/30, Batch 500/3348, Loss: 0.5543
2025-10-10 07:36:04,561 [INFO] Época 13/30, Batch 550/3348, Loss: 0.3599
2025-10-10 07:36:04,819 [INFO] Época 13/30, Batch 600/3348, Loss: 0.3132
2025-10-10 07:36:05,078 [INFO] Época 13/30, Batch 650/3348, Loss: 0.3393
2025-10-10 07:36:05,337 [INFO] Época 13/30, Batch 700/3348, Loss: 0.5347
2025-10-10 07:36:05,600 [INFO] Época 13/30, Batch 750/3348, Loss: 0.2497
2025-10-10 07:36:05,862 [INFO] Época 13/30, Batch 800/3348, Loss: 0.4247
2025-10-10 07:36:06,123 [INFO] Época 13/30, Batch 850/3348, Loss: 0.3489
2025-10-10 07:36:06,386 [INFO] Época 13/30, Batch 900/3348, Loss: 0.3369
2025-10-10 07:36:06,647 [INFO] Época 13/30, Batch 950/3348, Loss: 0.3546
2025-10-10 07:36:06,908 [INFO] Época 13/30, Batch 1000/3348, Loss: 0.3156
2025-10-10 07:36:07,167 [INFO] Época 13/30, Batch 1050/3348, Loss: 0.3158
2025-10-10 07:36:07,429 [INFO] Época 13/30, Batch 1100/3348, Loss: 0.4335
2025-10-10 07:36:07,686 [INFO] Época 13/30, Batch 1150/3348, Loss: 0.3088
2025-10-10 07:36:07,946 [INFO] Época 13/30, Batch 1200/3348, Loss: 0.4421
2025-10-10 07:36:08,210 [INFO] Época 13/30, Batch 1250/3348, Loss: 0.2550
2025-10-10 07:36:08,472 [INFO] Época 13/30, Batch 1300/3348, Loss: 0.3260
2025-10-10 07:36:08,735 [INFO] Época 13/30, Batch 1350/3348, Loss: 0.2910
2025-10-10 07:36:08,996 [INFO] Época 13/30, Batch 1400/3348, Loss: 0.2999
2025-10-10 07:36:09,256 [INFO] Época 13/30, Batch 1450/3348, Loss: 0.4003
2025-10-10 07:36:09,516 [INFO] Época 13/30, Batch 1500/3348, Loss: 0.2821
2025-10-10 07:36:09,778 [INFO] Época 13/30, Batch 1550/3348, Loss: 0.4352
2025-10-10 07:36:10,039 [INFO] Época 13/30, Batch 1600/3348, Loss: 0.4855
2025-10-10 07:36:10,299 [INFO] Época 13/30, Batch 1650/3348, Loss: 0.3869
2025-10-10 07:36:10,558 [INFO] Época 13/30, Batch 1700/3348, Loss: 0.3992
2025-10-10 07:36:10,821 [INFO] Época 13/30, Batch 1750/3348, Loss: 0.3960
2025-10-10 07:36:11,082 [INFO] Época 13/30, Batch 1800/3348, Loss: 0.5104
2025-10-10 07:36:11,341 [INFO] Época 13/30, Batch 1850/3348, Loss: 0.2834
2025-10-10 07:36:11,599 [INFO] Época 13/30, Batch 1900/3348, Loss: 0.4075
2025-10-10 07:36:11,861 [INFO] Época 13/30, Batch 1950/3348, Loss: 0.2814
2025-10-10 07:36:12,122 [INFO] Época 13/30, Batch 2000/3348, Loss: 0.4981
2025-10-10 07:36:12,386 [INFO] Época 13/30, Batch 2050/3348, Loss: 0.3616
2025-10-10 07:36:12,647 [INFO] Época 13/30, Batch 2100/3348, Loss: 0.5566
2025-10-10 07:36:12,907 [INFO] Época 13/30, Batch 2150/3348, Loss: 0.2264
2025-10-10 07:36:13,167 [INFO] Época 13/30, Batch 2200/3348, Loss: 0.3278
2025-10-10 07:36:13,426 [INFO] Época 13/30, Batch 2250/3348, Loss: 0.5629
2025-10-10 07:36:13,686 [INFO] Época 13/30, Batch 2300/3348, Loss: 0.3600
2025-10-10 07:36:13,945 [INFO] Época 13/30, Batch 2350/3348, Loss: 0.2654
2025-10-10 07:36:14,215 [INFO] Época 13/30, Batch 2400/3348, Loss: 0.3613
2025-10-10 07:36:14,473 [INFO] Época 13/30, Batch 2450/3348, Loss: 0.5207
2025-10-10 07:36:14,732 [INFO] Época 13/30, Batch 2500/3348, Loss: 0.2913
2025-10-10 07:36:14,992 [INFO] Época 13/30, Batch 2550/3348, Loss: 0.2920
2025-10-10 07:36:15,251 [INFO] Época 13/30, Batch 2600/3348, Loss: 0.4497
2025-10-10 07:36:15,511 [INFO] Época 13/30, Batch 2650/3348, Loss: 0.5673
2025-10-10 07:36:15,771 [INFO] Época 13/30, Batch 2700/3348, Loss: 0.3599
2025-10-10 07:36:16,030 [INFO] Época 13/30, Batch 2750/3348, Loss: 0.2674
2025-10-10 07:36:16,290 [INFO] Época 13/30, Batch 2800/3348, Loss: 0.4870
2025-10-10 07:36:16,548 [INFO] Época 13/30, Batch 2850/3348, Loss: 0.3768
2025-10-10 07:36:16,810 [INFO] Época 13/30, Batch 2900/3348, Loss: 0.2068
2025-10-10 07:36:17,070 [INFO] Época 13/30, Batch 2950/3348, Loss: 0.4511
2025-10-10 07:36:17,331 [INFO] Época 13/30, Batch 3000/3348, Loss: 0.4817
2025-10-10 07:36:17,594 [INFO] Época 13/30, Batch 3050/3348, Loss: 0.3824
2025-10-10 07:36:17,856 [INFO] Época 13/30, Batch 3100/3348, Loss: 0.3566
2025-10-10 07:36:18,114 [INFO] Época 13/30, Batch 3150/3348, Loss: 0.6346
2025-10-10 07:36:18,374 [INFO] Época 13/30, Batch 3200/3348, Loss: 0.2773
2025-10-10 07:36:18,634 [INFO] Época 13/30, Batch 3250/3348, Loss: 0.4167
2025-10-10 07:36:18,893 [INFO] Época 13/30, Batch 3300/3348, Loss: 0.3017
2025-10-10 07:36:20,733 [INFO] [13/30] Train Loss: 0.3702 | Val Loss: 0.2561 | Tempo: 19.37s
2025-10-10 07:36:21,294 [INFO] Época 14/30, Batch 50/3348, Loss: 0.2309
2025-10-10 07:36:21,557 [INFO] Época 14/30, Batch 100/3348, Loss: 0.4110
2025-10-10 07:36:21,817 [INFO] Época 14/30, Batch 150/3348, Loss: 0.4689
2025-10-10 07:36:22,077 [INFO] Época 14/30, Batch 200/3348, Loss: 0.2646
2025-10-10 07:36:22,337 [INFO] Época 14/30, Batch 250/3348, Loss: 0.4409
2025-10-10 07:36:22,597 [INFO] Época 14/30, Batch 300/3348, Loss: 0.3137
2025-10-10 07:36:22,857 [INFO] Época 14/30, Batch 350/3348, Loss: 0.4589
2025-10-10 07:36:23,115 [INFO] Época 14/30, Batch 400/3348, Loss: 0.5361
2025-10-10 07:36:23,372 [INFO] Época 14/30, Batch 450/3348, Loss: 0.4164
2025-10-10 07:36:23,630 [INFO] Época 14/30, Batch 500/3348, Loss: 0.2961
2025-10-10 07:36:23,891 [INFO] Época 14/30, Batch 550/3348, Loss: 0.4190
2025-10-10 07:36:24,153 [INFO] Época 14/30, Batch 600/3348, Loss: 0.2638
2025-10-10 07:36:24,422 [INFO] Época 14/30, Batch 650/3348, Loss: 0.3703
2025-10-10 07:36:24,691 [INFO] Época 14/30, Batch 700/3348, Loss: 0.2460
2025-10-10 07:36:24,949 [INFO] Época 14/30, Batch 750/3348, Loss: 0.2867
2025-10-10 07:36:25,215 [INFO] Época 14/30, Batch 800/3348, Loss: 0.2731
2025-10-10 07:36:25,482 [INFO] Época 14/30, Batch 850/3348, Loss: 0.3420
2025-10-10 07:36:25,749 [INFO] Época 14/30, Batch 900/3348, Loss: 0.3163
2025-10-10 07:36:26,016 [INFO] Época 14/30, Batch 950/3348, Loss: 0.5861
2025-10-10 07:36:26,283 [INFO] Época 14/30, Batch 1000/3348, Loss: 0.3422
2025-10-10 07:36:26,548 [INFO] Época 14/30, Batch 1050/3348, Loss: 0.3684
2025-10-10 07:36:26,807 [INFO] Época 14/30, Batch 1100/3348, Loss: 0.5702
2025-10-10 07:36:27,067 [INFO] Época 14/30, Batch 1150/3348, Loss: 0.2976
2025-10-10 07:36:27,325 [INFO] Época 14/30, Batch 1200/3348, Loss: 0.5395
2025-10-10 07:36:27,584 [INFO] Época 14/30, Batch 1250/3348, Loss: 0.4029
2025-10-10 07:36:27,845 [INFO] Época 14/30, Batch 1300/3348, Loss: 0.4685
2025-10-10 07:36:28,102 [INFO] Época 14/30, Batch 1350/3348, Loss: 0.3828
2025-10-10 07:36:28,360 [INFO] Época 14/30, Batch 1400/3348, Loss: 0.3192
2025-10-10 07:36:28,619 [INFO] Época 14/30, Batch 1450/3348, Loss: 0.3138
2025-10-10 07:36:28,883 [INFO] Época 14/30, Batch 1500/3348, Loss: 0.3326
2025-10-10 07:36:29,151 [INFO] Época 14/30, Batch 1550/3348, Loss: 0.3364
2025-10-10 07:36:29,419 [INFO] Época 14/30, Batch 1600/3348, Loss: 0.3401
2025-10-10 07:36:29,685 [INFO] Época 14/30, Batch 1650/3348, Loss: 0.5490
2025-10-10 07:36:29,952 [INFO] Época 14/30, Batch 1700/3348, Loss: 0.2760
2025-10-10 07:36:30,219 [INFO] Época 14/30, Batch 1750/3348, Loss: 0.3839
2025-10-10 07:36:30,484 [INFO] Época 14/30, Batch 1800/3348, Loss: 0.5373
2025-10-10 07:36:30,744 [INFO] Época 14/30, Batch 1850/3348, Loss: 0.3383
2025-10-10 07:36:31,004 [INFO] Época 14/30, Batch 1900/3348, Loss: 0.2880
2025-10-10 07:36:31,273 [INFO] Época 14/30, Batch 1950/3348, Loss: 0.2790
2025-10-10 07:36:31,532 [INFO] Época 14/30, Batch 2000/3348, Loss: 0.3063
2025-10-10 07:36:31,791 [INFO] Época 14/30, Batch 2050/3348, Loss: 0.4154
2025-10-10 07:36:32,051 [INFO] Época 14/30, Batch 2100/3348, Loss: 0.5139
2025-10-10 07:36:32,310 [INFO] Época 14/30, Batch 2150/3348, Loss: 0.3262
2025-10-10 07:36:32,579 [INFO] Época 14/30, Batch 2200/3348, Loss: 0.4327
2025-10-10 07:36:32,842 [INFO] Época 14/30, Batch 2250/3348, Loss: 0.2002
2025-10-10 07:36:33,109 [INFO] Época 14/30, Batch 2300/3348, Loss: 0.4886
2025-10-10 07:36:33,380 [INFO] Época 14/30, Batch 2350/3348, Loss: 0.3164
2025-10-10 07:36:33,651 [INFO] Época 14/30, Batch 2400/3348, Loss: 0.2797
2025-10-10 07:36:33,917 [INFO] Época 14/30, Batch 2450/3348, Loss: 0.5475
2025-10-10 07:36:34,185 [INFO] Época 14/30, Batch 2500/3348, Loss: 0.1946
2025-10-10 07:36:34,452 [INFO] Época 14/30, Batch 2550/3348, Loss: 0.2717
2025-10-10 07:36:34,721 [INFO] Época 14/30, Batch 2600/3348, Loss: 0.6356
2025-10-10 07:36:34,988 [INFO] Época 14/30, Batch 2650/3348, Loss: 0.3152
2025-10-10 07:36:35,256 [INFO] Época 14/30, Batch 2700/3348, Loss: 0.1887
2025-10-10 07:36:35,525 [INFO] Época 14/30, Batch 2750/3348, Loss: 0.5136
2025-10-10 07:36:35,789 [INFO] Época 14/30, Batch 2800/3348, Loss: 0.5099
2025-10-10 07:36:36,052 [INFO] Época 14/30, Batch 2850/3348, Loss: 0.2318
2025-10-10 07:36:36,327 [INFO] Época 14/30, Batch 2900/3348, Loss: 0.3246
2025-10-10 07:36:36,589 [INFO] Época 14/30, Batch 2950/3348, Loss: 0.3215
2025-10-10 07:36:36,850 [INFO] Época 14/30, Batch 3000/3348, Loss: 0.3408
2025-10-10 07:36:37,112 [INFO] Época 14/30, Batch 3050/3348, Loss: 0.4096
2025-10-10 07:36:37,376 [INFO] Época 14/30, Batch 3100/3348, Loss: 0.4657
2025-10-10 07:36:37,639 [INFO] Época 14/30, Batch 3150/3348, Loss: 0.5224
2025-10-10 07:36:37,902 [INFO] Época 14/30, Batch 3200/3348, Loss: 0.2004
2025-10-10 07:36:38,164 [INFO] Época 14/30, Batch 3250/3348, Loss: 0.4855
2025-10-10 07:36:38,427 [INFO] Época 14/30, Batch 3300/3348, Loss: 0.2324
2025-10-10 07:36:40,127 [INFO] [14/30] Train Loss: 0.3696 | Val Loss: 0.2580 | Tempo: 19.39s
2025-10-10 07:36:40,675 [INFO] Época 15/30, Batch 50/3348, Loss: 0.1644
2025-10-10 07:36:40,940 [INFO] Época 15/30, Batch 100/3348, Loss: 0.3215
2025-10-10 07:36:41,202 [INFO] Época 15/30, Batch 150/3348, Loss: 0.5109
2025-10-10 07:36:41,465 [INFO] Época 15/30, Batch 200/3348, Loss: 0.3904
2025-10-10 07:36:41,725 [INFO] Época 15/30, Batch 250/3348, Loss: 0.3736
2025-10-10 07:36:41,988 [INFO] Época 15/30, Batch 300/3348, Loss: 0.4289
2025-10-10 07:36:42,248 [INFO] Época 15/30, Batch 350/3348, Loss: 0.5140
2025-10-10 07:36:42,508 [INFO] Época 15/30, Batch 400/3348, Loss: 0.4044
2025-10-10 07:36:42,769 [INFO] Época 15/30, Batch 450/3348, Loss: 0.2875
2025-10-10 07:36:43,027 [INFO] Época 15/30, Batch 500/3348, Loss: 0.4447
2025-10-10 07:36:43,286 [INFO] Época 15/30, Batch 550/3348, Loss: 0.4301
2025-10-10 07:36:43,544 [INFO] Época 15/30, Batch 600/3348, Loss: 0.4426
2025-10-10 07:36:43,802 [INFO] Época 15/30, Batch 650/3348, Loss: 0.4385
2025-10-10 07:36:44,062 [INFO] Época 15/30, Batch 700/3348, Loss: 0.3642
2025-10-10 07:36:44,321 [INFO] Época 15/30, Batch 750/3348, Loss: 0.2699
2025-10-10 07:36:44,579 [INFO] Época 15/30, Batch 800/3348, Loss: 0.2338
2025-10-10 07:36:44,836 [INFO] Época 15/30, Batch 850/3348, Loss: 0.2715
2025-10-10 07:36:45,095 [INFO] Época 15/30, Batch 900/3348, Loss: 0.3739
2025-10-10 07:36:45,353 [INFO] Época 15/30, Batch 950/3348, Loss: 0.3341
2025-10-10 07:36:45,612 [INFO] Época 15/30, Batch 1000/3348, Loss: 0.4072
2025-10-10 07:36:45,871 [INFO] Época 15/30, Batch 1050/3348, Loss: 0.3129
2025-10-10 07:36:46,131 [INFO] Época 15/30, Batch 1100/3348, Loss: 0.4137
2025-10-10 07:36:46,390 [INFO] Época 15/30, Batch 1150/3348, Loss: 0.1804
2025-10-10 07:36:46,652 [INFO] Época 15/30, Batch 1200/3348, Loss: 0.4043
2025-10-10 07:36:46,911 [INFO] Época 15/30, Batch 1250/3348, Loss: 0.3645
2025-10-10 07:36:47,172 [INFO] Época 15/30, Batch 1300/3348, Loss: 0.5890
2025-10-10 07:36:47,434 [INFO] Época 15/30, Batch 1350/3348, Loss: 0.7587
2025-10-10 07:36:47,695 [INFO] Época 15/30, Batch 1400/3348, Loss: 0.5141
2025-10-10 07:36:47,953 [INFO] Época 15/30, Batch 1450/3348, Loss: 0.4807
2025-10-10 07:36:48,214 [INFO] Época 15/30, Batch 1500/3348, Loss: 0.4547
2025-10-10 07:36:48,474 [INFO] Época 15/30, Batch 1550/3348, Loss: 0.3136
2025-10-10 07:36:48,736 [INFO] Época 15/30, Batch 1600/3348, Loss: 0.3854
2025-10-10 07:36:48,998 [INFO] Época 15/30, Batch 1650/3348, Loss: 0.3718
2025-10-10 07:36:49,260 [INFO] Época 15/30, Batch 1700/3348, Loss: 0.3106
2025-10-10 07:36:49,517 [INFO] Época 15/30, Batch 1750/3348, Loss: 0.4299
2025-10-10 07:36:49,776 [INFO] Época 15/30, Batch 1800/3348, Loss: 0.3730
2025-10-10 07:36:50,036 [INFO] Época 15/30, Batch 1850/3348, Loss: 0.4726
2025-10-10 07:36:50,294 [INFO] Época 15/30, Batch 1900/3348, Loss: 0.4925
2025-10-10 07:36:50,557 [INFO] Época 15/30, Batch 1950/3348, Loss: 0.4547
2025-10-10 07:36:50,818 [INFO] Época 15/30, Batch 2000/3348, Loss: 0.4853
2025-10-10 07:36:51,080 [INFO] Época 15/30, Batch 2050/3348, Loss: 0.3937
2025-10-10 07:36:51,340 [INFO] Época 15/30, Batch 2100/3348, Loss: 0.5533
2025-10-10 07:36:51,602 [INFO] Época 15/30, Batch 2150/3348, Loss: 0.2144
2025-10-10 07:36:51,864 [INFO] Época 15/30, Batch 2200/3348, Loss: 0.2551
2025-10-10 07:36:52,122 [INFO] Época 15/30, Batch 2250/3348, Loss: 0.2265
2025-10-10 07:36:52,381 [INFO] Época 15/30, Batch 2300/3348, Loss: 0.3411
2025-10-10 07:36:52,641 [INFO] Época 15/30, Batch 2350/3348, Loss: 0.3169
2025-10-10 07:36:52,901 [INFO] Época 15/30, Batch 2400/3348, Loss: 0.4536
2025-10-10 07:36:53,160 [INFO] Época 15/30, Batch 2450/3348, Loss: 0.3364
2025-10-10 07:36:53,420 [INFO] Época 15/30, Batch 2500/3348, Loss: 0.3029
2025-10-10 07:36:53,680 [INFO] Época 15/30, Batch 2550/3348, Loss: 0.4001
2025-10-10 07:36:53,941 [INFO] Época 15/30, Batch 2600/3348, Loss: 0.2885
2025-10-10 07:36:54,203 [INFO] Época 15/30, Batch 2650/3348, Loss: 0.3407
2025-10-10 07:36:54,463 [INFO] Época 15/30, Batch 2700/3348, Loss: 0.3950
2025-10-10 07:36:54,722 [INFO] Época 15/30, Batch 2750/3348, Loss: 0.3851
2025-10-10 07:36:54,982 [INFO] Época 15/30, Batch 2800/3348, Loss: 0.3997
2025-10-10 07:36:55,241 [INFO] Época 15/30, Batch 2850/3348, Loss: 0.3318
2025-10-10 07:36:55,502 [INFO] Época 15/30, Batch 2900/3348, Loss: 0.3941
2025-10-10 07:36:55,762 [INFO] Época 15/30, Batch 2950/3348, Loss: 0.5162
2025-10-10 07:36:56,023 [INFO] Época 15/30, Batch 3000/3348, Loss: 0.3757
2025-10-10 07:36:56,283 [INFO] Época 15/30, Batch 3050/3348, Loss: 0.2987
2025-10-10 07:36:56,542 [INFO] Época 15/30, Batch 3100/3348, Loss: 0.4473
2025-10-10 07:36:56,808 [INFO] Época 15/30, Batch 3150/3348, Loss: 0.3910
2025-10-10 07:36:57,074 [INFO] Época 15/30, Batch 3200/3348, Loss: 0.2986
2025-10-10 07:36:57,341 [INFO] Época 15/30, Batch 3250/3348, Loss: 0.3562
2025-10-10 07:36:57,609 [INFO] Época 15/30, Batch 3300/3348, Loss: 0.3730
2025-10-10 07:36:59,325 [INFO] [15/30] Train Loss: 0.3688 | Val Loss: 0.2528 | Tempo: 19.20s
2025-10-10 07:36:59,329 [INFO] Melhor modelo salvo em: /mnt/hdd/home/jdurao/ToolBox-ChemXAI/models/mlp_qm9_EState_att10_large.pth
2025-10-10 07:36:59,885 [INFO] Época 16/30, Batch 50/3348, Loss: 0.4083
2025-10-10 07:37:00,151 [INFO] Época 16/30, Batch 100/3348, Loss: 0.4562
2025-10-10 07:37:00,415 [INFO] Época 16/30, Batch 150/3348, Loss: 0.4547
2025-10-10 07:37:00,678 [INFO] Época 16/30, Batch 200/3348, Loss: 0.4053
2025-10-10 07:37:00,939 [INFO] Época 16/30, Batch 250/3348, Loss: 0.3719
2025-10-10 07:37:01,197 [INFO] Época 16/30, Batch 300/3348, Loss: 0.3463
2025-10-10 07:37:01,457 [INFO] Época 16/30, Batch 350/3348, Loss: 0.3778
2025-10-10 07:37:01,716 [INFO] Época 16/30, Batch 400/3348, Loss: 0.5533
2025-10-10 07:37:01,973 [INFO] Época 16/30, Batch 450/3348, Loss: 0.3915
2025-10-10 07:37:02,242 [INFO] Época 16/30, Batch 500/3348, Loss: 0.4270
2025-10-10 07:37:02,502 [INFO] Época 16/30, Batch 550/3348, Loss: 0.4149
2025-10-10 07:37:02,765 [INFO] Época 16/30, Batch 600/3348, Loss: 0.5466
2025-10-10 07:37:03,024 [INFO] Época 16/30, Batch 650/3348, Loss: 0.3907
2025-10-10 07:37:03,280 [INFO] Época 16/30, Batch 700/3348, Loss: 0.3370
2025-10-10 07:37:03,527 [INFO] Época 16/30, Batch 750/3348, Loss: 0.3933
2025-10-10 07:37:03,777 [INFO] Época 16/30, Batch 800/3348, Loss: 0.4199
2025-10-10 07:37:04,035 [INFO] Época 16/30, Batch 850/3348, Loss: 0.2967
2025-10-10 07:37:04,293 [INFO] Época 16/30, Batch 900/3348, Loss: 0.3526
2025-10-10 07:37:04,554 [INFO] Época 16/30, Batch 950/3348, Loss: 0.3818
2025-10-10 07:37:04,814 [INFO] Época 16/30, Batch 1000/3348, Loss: 0.4577
2025-10-10 07:37:05,072 [INFO] Época 16/30, Batch 1050/3348, Loss: 0.4327
2025-10-10 07:37:05,334 [INFO] Época 16/30, Batch 1100/3348, Loss: 0.3934
2025-10-10 07:37:05,594 [INFO] Época 16/30, Batch 1150/3348, Loss: 0.3824
2025-10-10 07:37:05,867 [INFO] Época 16/30, Batch 1200/3348, Loss: 0.4365
2025-10-10 07:37:06,134 [INFO] Época 16/30, Batch 1250/3348, Loss: 0.3023
2025-10-10 07:37:06,400 [INFO] Época 16/30, Batch 1300/3348, Loss: 0.4528
2025-10-10 07:37:06,667 [INFO] Época 16/30, Batch 1350/3348, Loss: 0.4435
2025-10-10 07:37:06,934 [INFO] Época 16/30, Batch 1400/3348, Loss: 0.4307
2025-10-10 07:37:07,203 [INFO] Época 16/30, Batch 1450/3348, Loss: 0.4001
2025-10-10 07:37:07,471 [INFO] Época 16/30, Batch 1500/3348, Loss: 0.4384
2025-10-10 07:37:07,739 [INFO] Época 16/30, Batch 1550/3348, Loss: 0.2390
2025-10-10 07:37:08,004 [INFO] Época 16/30, Batch 1600/3348, Loss: 0.4417
2025-10-10 07:37:08,273 [INFO] Época 16/30, Batch 1650/3348, Loss: 0.2360
2025-10-10 07:37:08,539 [INFO] Época 16/30, Batch 1700/3348, Loss: 0.3745
2025-10-10 07:37:08,807 [INFO] Época 16/30, Batch 1750/3348, Loss: 0.1609
2025-10-10 07:37:09,072 [INFO] Época 16/30, Batch 1800/3348, Loss: 0.2164
2025-10-10 07:37:09,339 [INFO] Época 16/30, Batch 1850/3348, Loss: 0.2386
2025-10-10 07:37:09,606 [INFO] Época 16/30, Batch 1900/3348, Loss: 0.2814
2025-10-10 07:37:09,868 [INFO] Época 16/30, Batch 1950/3348, Loss: 0.4634
2025-10-10 07:37:10,127 [INFO] Época 16/30, Batch 2000/3348, Loss: 0.3130
2025-10-10 07:37:10,384 [INFO] Época 16/30, Batch 2050/3348, Loss: 0.3718
2025-10-10 07:37:10,642 [INFO] Época 16/30, Batch 2100/3348, Loss: 0.1645
2025-10-10 07:37:10,903 [INFO] Época 16/30, Batch 2150/3348, Loss: 0.2150
2025-10-10 07:37:11,161 [INFO] Época 16/30, Batch 2200/3348, Loss: 0.3116
2025-10-10 07:37:11,418 [INFO] Época 16/30, Batch 2250/3348, Loss: 0.4771
2025-10-10 07:37:11,676 [INFO] Época 16/30, Batch 2300/3348, Loss: 0.4026
2025-10-10 07:37:11,933 [INFO] Época 16/30, Batch 2350/3348, Loss: 0.2567
2025-10-10 07:37:12,193 [INFO] Época 16/30, Batch 2400/3348, Loss: 0.4360
2025-10-10 07:37:12,454 [INFO] Época 16/30, Batch 2450/3348, Loss: 0.2458
2025-10-10 07:37:12,712 [INFO] Época 16/30, Batch 2500/3348, Loss: 0.2563
2025-10-10 07:37:12,970 [INFO] Época 16/30, Batch 2550/3348, Loss: 0.3458
2025-10-10 07:37:13,228 [INFO] Época 16/30, Batch 2600/3348, Loss: 0.3448
2025-10-10 07:37:13,487 [INFO] Época 16/30, Batch 2650/3348, Loss: 0.3940
2025-10-10 07:37:13,746 [INFO] Época 16/30, Batch 2700/3348, Loss: 0.5336
2025-10-10 07:37:14,003 [INFO] Época 16/30, Batch 2750/3348, Loss: 0.5512
2025-10-10 07:37:14,266 [INFO] Época 16/30, Batch 2800/3348, Loss: 0.3930
2025-10-10 07:37:14,529 [INFO] Época 16/30, Batch 2850/3348, Loss: 0.3488
2025-10-10 07:37:14,794 [INFO] Época 16/30, Batch 2900/3348, Loss: 0.3925
2025-10-10 07:37:15,061 [INFO] Época 16/30, Batch 2950/3348, Loss: 0.3877
2025-10-10 07:37:15,327 [INFO] Época 16/30, Batch 3000/3348, Loss: 0.4945
2025-10-10 07:37:15,595 [INFO] Época 16/30, Batch 3050/3348, Loss: 0.5726
2025-10-10 07:37:15,863 [INFO] Época 16/30, Batch 3100/3348, Loss: 0.3921
2025-10-10 07:37:16,134 [INFO] Época 16/30, Batch 3150/3348, Loss: 0.3474
2025-10-10 07:37:16,406 [INFO] Época 16/30, Batch 3200/3348, Loss: 0.2497
2025-10-10 07:37:16,677 [INFO] Época 16/30, Batch 3250/3348, Loss: 0.3148
2025-10-10 07:37:16,949 [INFO] Época 16/30, Batch 3300/3348, Loss: 0.4864
2025-10-10 07:37:18,768 [INFO] [16/30] Train Loss: 0.3677 | Val Loss: 0.2571 | Tempo: 19.44s
2025-10-10 07:37:19,343 [INFO] Época 17/30, Batch 50/3348, Loss: 0.3828
2025-10-10 07:37:19,617 [INFO] Época 17/30, Batch 100/3348, Loss: 0.2786
2025-10-10 07:37:19,890 [INFO] Época 17/30, Batch 150/3348, Loss: 0.3406
2025-10-10 07:37:20,158 [INFO] Época 17/30, Batch 200/3348, Loss: 0.2385
2025-10-10 07:37:20,429 [INFO] Época 17/30, Batch 250/3348, Loss: 0.4786
2025-10-10 07:37:20,697 [INFO] Época 17/30, Batch 300/3348, Loss: 0.5745
2025-10-10 07:37:20,967 [INFO] Época 17/30, Batch 350/3348, Loss: 0.3440
2025-10-10 07:37:21,237 [INFO] Época 17/30, Batch 400/3348, Loss: 0.5722
2025-10-10 07:37:21,509 [INFO] Época 17/30, Batch 450/3348, Loss: 0.4902
2025-10-10 07:37:21,787 [INFO] Época 17/30, Batch 500/3348, Loss: 0.4550
2025-10-10 07:37:22,066 [INFO] Época 17/30, Batch 550/3348, Loss: 0.3062
2025-10-10 07:37:22,344 [INFO] Época 17/30, Batch 600/3348, Loss: 0.3933
2025-10-10 07:37:22,623 [INFO] Época 17/30, Batch 650/3348, Loss: 0.4302
2025-10-10 07:37:22,890 [INFO] Época 17/30, Batch 700/3348, Loss: 0.3692
2025-10-10 07:37:23,159 [INFO] Época 17/30, Batch 750/3348, Loss: 0.4168
2025-10-10 07:37:23,427 [INFO] Época 17/30, Batch 800/3348, Loss: 0.2644
2025-10-10 07:37:23,696 [INFO] Época 17/30, Batch 850/3348, Loss: 0.3564
2025-10-10 07:37:23,968 [INFO] Época 17/30, Batch 900/3348, Loss: 0.2580
2025-10-10 07:37:24,245 [INFO] Época 17/30, Batch 950/3348, Loss: 0.3994
2025-10-10 07:37:24,516 [INFO] Época 17/30, Batch 1000/3348, Loss: 0.3796
2025-10-10 07:37:24,785 [INFO] Época 17/30, Batch 1050/3348, Loss: 0.4742
2025-10-10 07:37:25,053 [INFO] Época 17/30, Batch 1100/3348, Loss: 0.3956
2025-10-10 07:37:25,322 [INFO] Época 17/30, Batch 1150/3348, Loss: 0.4888
2025-10-10 07:37:25,592 [INFO] Época 17/30, Batch 1200/3348, Loss: 0.4411
2025-10-10 07:37:25,861 [INFO] Época 17/30, Batch 1250/3348, Loss: 0.3826
2025-10-10 07:37:26,129 [INFO] Época 17/30, Batch 1300/3348, Loss: 0.3562
2025-10-10 07:37:26,397 [INFO] Época 17/30, Batch 1350/3348, Loss: 0.2078
2025-10-10 07:37:26,669 [INFO] Época 17/30, Batch 1400/3348, Loss: 0.3210
2025-10-10 07:37:26,937 [INFO] Época 17/30, Batch 1450/3348, Loss: 0.3952
2025-10-10 07:37:27,205 [INFO] Época 17/30, Batch 1500/3348, Loss: 0.2849
2025-10-10 07:37:27,474 [INFO] Época 17/30, Batch 1550/3348, Loss: 0.4592
2025-10-10 07:37:27,744 [INFO] Época 17/30, Batch 1600/3348, Loss: 0.3433
2025-10-10 07:37:28,014 [INFO] Época 17/30, Batch 1650/3348, Loss: 0.3775
2025-10-10 07:37:28,283 [INFO] Época 17/30, Batch 1700/3348, Loss: 0.4599
2025-10-10 07:37:28,551 [INFO] Época 17/30, Batch 1750/3348, Loss: 0.4850
2025-10-10 07:37:28,819 [INFO] Época 17/30, Batch 1800/3348, Loss: 0.5037
2025-10-10 07:37:29,088 [INFO] Época 17/30, Batch 1850/3348, Loss: 0.3322
2025-10-10 07:37:29,358 [INFO] Época 17/30, Batch 1900/3348, Loss: 0.3984
2025-10-10 07:37:29,627 [INFO] Época 17/30, Batch 1950/3348, Loss: 0.2388
2025-10-10 07:37:29,895 [INFO] Época 17/30, Batch 2000/3348, Loss: 0.3022
2025-10-10 07:37:30,163 [INFO] Época 17/30, Batch 2050/3348, Loss: 0.2819
2025-10-10 07:37:30,431 [INFO] Época 17/30, Batch 2100/3348, Loss: 0.3446
2025-10-10 07:37:30,703 [INFO] Época 17/30, Batch 2150/3348, Loss: 0.3294
2025-10-10 07:37:30,974 [INFO] Época 17/30, Batch 2200/3348, Loss: 0.3368
2025-10-10 07:37:31,244 [INFO] Época 17/30, Batch 2250/3348, Loss: 0.4557
2025-10-10 07:37:31,517 [INFO] Época 17/30, Batch 2300/3348, Loss: 0.3542
2025-10-10 07:37:31,790 [INFO] Época 17/30, Batch 2350/3348, Loss: 0.3113
2025-10-10 07:37:32,064 [INFO] Época 17/30, Batch 2400/3348, Loss: 0.3150
2025-10-10 07:37:32,337 [INFO] Época 17/30, Batch 2450/3348, Loss: 0.5764
2025-10-10 07:37:32,610 [INFO] Época 17/30, Batch 2500/3348, Loss: 0.2150
2025-10-10 07:37:32,879 [INFO] Época 17/30, Batch 2550/3348, Loss: 0.5336
2025-10-10 07:37:33,145 [INFO] Época 17/30, Batch 2600/3348, Loss: 0.4431
2025-10-10 07:37:33,410 [INFO] Época 17/30, Batch 2650/3348, Loss: 0.3464
2025-10-10 07:37:33,677 [INFO] Época 17/30, Batch 2700/3348, Loss: 0.2649
2025-10-10 07:37:33,943 [INFO] Época 17/30, Batch 2750/3348, Loss: 0.4784
2025-10-10 07:37:34,209 [INFO] Época 17/30, Batch 2800/3348, Loss: 0.3211
2025-10-10 07:37:34,478 [INFO] Época 17/30, Batch 2850/3348, Loss: 0.4684
2025-10-10 07:37:34,744 [INFO] Época 17/30, Batch 2900/3348, Loss: 0.4750
2025-10-10 07:37:35,014 [INFO] Época 17/30, Batch 2950/3348, Loss: 0.3374
2025-10-10 07:37:35,280 [INFO] Época 17/30, Batch 3000/3348, Loss: 0.5042
2025-10-10 07:37:35,547 [INFO] Época 17/30, Batch 3050/3348, Loss: 0.4082
2025-10-10 07:37:35,819 [INFO] Época 17/30, Batch 3100/3348, Loss: 0.2941
2025-10-10 07:37:36,089 [INFO] Época 17/30, Batch 3150/3348, Loss: 0.4808
2025-10-10 07:37:36,366 [INFO] Época 17/30, Batch 3200/3348, Loss: 0.4211
2025-10-10 07:37:36,637 [INFO] Época 17/30, Batch 3250/3348, Loss: 0.4077
2025-10-10 07:37:36,907 [INFO] Época 17/30, Batch 3300/3348, Loss: 0.3541
2025-10-10 07:37:38,741 [INFO] [17/30] Train Loss: 0.3673 | Val Loss: 0.2635 | Tempo: 19.97s
2025-10-10 07:37:39,308 [INFO] Época 18/30, Batch 50/3348, Loss: 0.2938
2025-10-10 07:37:39,592 [INFO] Época 18/30, Batch 100/3348, Loss: 0.1351
2025-10-10 07:37:39,858 [INFO] Época 18/30, Batch 150/3348, Loss: 0.2748
2025-10-10 07:37:40,119 [INFO] Época 18/30, Batch 200/3348, Loss: 0.3429
2025-10-10 07:37:40,380 [INFO] Época 18/30, Batch 250/3348, Loss: 0.4314
2025-10-10 07:37:40,638 [INFO] Época 18/30, Batch 300/3348, Loss: 0.3929
2025-10-10 07:37:40,897 [INFO] Época 18/30, Batch 350/3348, Loss: 0.3573
2025-10-10 07:37:41,158 [INFO] Época 18/30, Batch 400/3348, Loss: 0.4115
2025-10-10 07:37:41,417 [INFO] Época 18/30, Batch 450/3348, Loss: 0.4338
2025-10-10 07:37:41,676 [INFO] Época 18/30, Batch 500/3348, Loss: 0.3219
2025-10-10 07:37:41,935 [INFO] Época 18/30, Batch 550/3348, Loss: 0.5764
2025-10-10 07:37:42,198 [INFO] Época 18/30, Batch 600/3348, Loss: 0.3362
2025-10-10 07:37:42,459 [INFO] Época 18/30, Batch 650/3348, Loss: 0.2901
2025-10-10 07:37:42,729 [INFO] Época 18/30, Batch 700/3348, Loss: 0.4230
2025-10-10 07:37:43,004 [INFO] Época 18/30, Batch 750/3348, Loss: 0.2703
2025-10-10 07:37:43,278 [INFO] Época 18/30, Batch 800/3348, Loss: 0.5090
2025-10-10 07:37:43,550 [INFO] Época 18/30, Batch 850/3348, Loss: 0.2701
2025-10-10 07:37:43,825 [INFO] Época 18/30, Batch 900/3348, Loss: 0.3428
2025-10-10 07:37:44,100 [INFO] Época 18/30, Batch 950/3348, Loss: 0.6393
2025-10-10 07:37:44,375 [INFO] Época 18/30, Batch 1000/3348, Loss: 0.2992
2025-10-10 07:37:44,648 [INFO] Época 18/30, Batch 1050/3348, Loss: 0.2972
2025-10-10 07:37:44,921 [INFO] Época 18/30, Batch 1100/3348, Loss: 0.2861
2025-10-10 07:37:45,196 [INFO] Época 18/30, Batch 1150/3348, Loss: 0.3053
2025-10-10 07:37:45,472 [INFO] Época 18/30, Batch 1200/3348, Loss: 0.3074
2025-10-10 07:37:45,749 [INFO] Época 18/30, Batch 1250/3348, Loss: 0.4304
2025-10-10 07:37:46,023 [INFO] Época 18/30, Batch 1300/3348, Loss: 0.2650
2025-10-10 07:37:46,298 [INFO] Época 18/30, Batch 1350/3348, Loss: 0.3595
2025-10-10 07:37:46,572 [INFO] Época 18/30, Batch 1400/3348, Loss: 0.3499
2025-10-10 07:37:46,848 [INFO] Época 18/30, Batch 1450/3348, Loss: 0.2211
2025-10-10 07:37:47,120 [INFO] Época 18/30, Batch 1500/3348, Loss: 0.2631
2025-10-10 07:37:47,397 [INFO] Época 18/30, Batch 1550/3348, Loss: 0.3744
2025-10-10 07:37:47,669 [INFO] Época 18/30, Batch 1600/3348, Loss: 0.3778
2025-10-10 07:37:47,926 [INFO] Época 18/30, Batch 1650/3348, Loss: 0.3273
2025-10-10 07:37:48,186 [INFO] Época 18/30, Batch 1700/3348, Loss: 0.4143
2025-10-10 07:37:48,444 [INFO] Época 18/30, Batch 1750/3348, Loss: 0.3709
2025-10-10 07:37:48,702 [INFO] Época 18/30, Batch 1800/3348, Loss: 0.4286
2025-10-10 07:37:48,960 [INFO] Época 18/30, Batch 1850/3348, Loss: 0.2378
2025-10-10 07:37:49,218 [INFO] Época 18/30, Batch 1900/3348, Loss: 0.3462
2025-10-10 07:37:49,481 [INFO] Época 18/30, Batch 1950/3348, Loss: 0.4196
2025-10-10 07:37:49,750 [INFO] Época 18/30, Batch 2000/3348, Loss: 0.3566
2025-10-10 07:37:50,011 [INFO] Época 18/30, Batch 2050/3348, Loss: 0.4236
2025-10-10 07:37:50,271 [INFO] Época 18/30, Batch 2100/3348, Loss: 0.2999
2025-10-10 07:37:50,530 [INFO] Época 18/30, Batch 2150/3348, Loss: 0.4037
2025-10-10 07:37:50,791 [INFO] Época 18/30, Batch 2200/3348, Loss: 0.4930
2025-10-10 07:37:51,049 [INFO] Época 18/30, Batch 2250/3348, Loss: 0.4599
2025-10-10 07:37:51,310 [INFO] Época 18/30, Batch 2300/3348, Loss: 0.2559
2025-10-10 07:37:51,569 [INFO] Época 18/30, Batch 2350/3348, Loss: 0.4134
2025-10-10 07:37:51,828 [INFO] Época 18/30, Batch 2400/3348, Loss: 0.2468
2025-10-10 07:37:52,088 [INFO] Época 18/30, Batch 2450/3348, Loss: 0.3472
2025-10-10 07:37:52,347 [INFO] Época 18/30, Batch 2500/3348, Loss: 0.4313
2025-10-10 07:37:52,606 [INFO] Época 18/30, Batch 2550/3348, Loss: 0.2827
2025-10-10 07:37:52,866 [INFO] Época 18/30, Batch 2600/3348, Loss: 0.2980
2025-10-10 07:37:53,124 [INFO] Época 18/30, Batch 2650/3348, Loss: 0.4142
2025-10-10 07:37:53,383 [INFO] Época 18/30, Batch 2700/3348, Loss: 0.3388
2025-10-10 07:37:53,642 [INFO] Época 18/30, Batch 2750/3348, Loss: 0.2937
2025-10-10 07:37:53,902 [INFO] Época 18/30, Batch 2800/3348, Loss: 0.4294
2025-10-10 07:37:54,160 [INFO] Época 18/30, Batch 2850/3348, Loss: 0.3288
2025-10-10 07:37:54,419 [INFO] Época 18/30, Batch 2900/3348, Loss: 0.4795
2025-10-10 07:37:54,677 [INFO] Época 18/30, Batch 2950/3348, Loss: 0.3452
2025-10-10 07:37:54,938 [INFO] Época 18/30, Batch 3000/3348, Loss: 0.4166
2025-10-10 07:37:55,198 [INFO] Época 18/30, Batch 3050/3348, Loss: 0.3988
2025-10-10 07:37:55,456 [INFO] Época 18/30, Batch 3100/3348, Loss: 0.3350
2025-10-10 07:37:55,718 [INFO] Época 18/30, Batch 3150/3348, Loss: 0.3608
2025-10-10 07:37:55,978 [INFO] Época 18/30, Batch 3200/3348, Loss: 0.3946
2025-10-10 07:37:56,240 [INFO] Época 18/30, Batch 3250/3348, Loss: 0.3085
2025-10-10 07:37:56,498 [INFO] Época 18/30, Batch 3300/3348, Loss: 0.3177
2025-10-10 07:37:58,322 [INFO] [18/30] Train Loss: 0.3664 | Val Loss: 0.2667 | Tempo: 19.58s
2025-10-10 07:37:58,886 [INFO] Época 19/30, Batch 50/3348, Loss: 0.4334
2025-10-10 07:37:59,152 [INFO] Época 19/30, Batch 100/3348, Loss: 0.3317
2025-10-10 07:37:59,416 [INFO] Época 19/30, Batch 150/3348, Loss: 0.3233
2025-10-10 07:37:59,680 [INFO] Época 19/30, Batch 200/3348, Loss: 0.3432
2025-10-10 07:37:59,944 [INFO] Época 19/30, Batch 250/3348, Loss: 0.3534
2025-10-10 07:38:00,203 [INFO] Época 19/30, Batch 300/3348, Loss: 0.3378
2025-10-10 07:38:00,462 [INFO] Época 19/30, Batch 350/3348, Loss: 0.4192
2025-10-10 07:38:00,721 [INFO] Época 19/30, Batch 400/3348, Loss: 0.3639
2025-10-10 07:38:00,981 [INFO] Época 19/30, Batch 450/3348, Loss: 0.4172
2025-10-10 07:38:01,242 [INFO] Época 19/30, Batch 500/3348, Loss: 0.4079
2025-10-10 07:38:01,500 [INFO] Época 19/30, Batch 550/3348, Loss: 0.3987
2025-10-10 07:38:01,759 [INFO] Época 19/30, Batch 600/3348, Loss: 0.3338
2025-10-10 07:38:02,019 [INFO] Época 19/30, Batch 650/3348, Loss: 0.2178
2025-10-10 07:38:02,282 [INFO] Época 19/30, Batch 700/3348, Loss: 0.4231
2025-10-10 07:38:02,540 [INFO] Época 19/30, Batch 750/3348, Loss: 0.3632
2025-10-10 07:38:02,798 [INFO] Época 19/30, Batch 800/3348, Loss: 0.3291
2025-10-10 07:38:03,055 [INFO] Época 19/30, Batch 850/3348, Loss: 0.2667
2025-10-10 07:38:03,304 [INFO] Época 19/30, Batch 900/3348, Loss: 0.3303
2025-10-10 07:38:03,553 [INFO] Época 19/30, Batch 950/3348, Loss: 0.5037
2025-10-10 07:38:03,806 [INFO] Época 19/30, Batch 1000/3348, Loss: 0.2787
2025-10-10 07:38:04,056 [INFO] Época 19/30, Batch 1050/3348, Loss: 0.2973
2025-10-10 07:38:04,306 [INFO] Época 19/30, Batch 1100/3348, Loss: 0.3217
2025-10-10 07:38:04,553 [INFO] Época 19/30, Batch 1150/3348, Loss: 0.3112
2025-10-10 07:38:04,802 [INFO] Época 19/30, Batch 1200/3348, Loss: 0.3039
2025-10-10 07:38:05,055 [INFO] Época 19/30, Batch 1250/3348, Loss: 0.2462
2025-10-10 07:38:05,315 [INFO] Época 19/30, Batch 1300/3348, Loss: 0.4087
2025-10-10 07:38:05,575 [INFO] Época 19/30, Batch 1350/3348, Loss: 0.4124
2025-10-10 07:38:05,833 [INFO] Época 19/30, Batch 1400/3348, Loss: 0.3350
2025-10-10 07:38:06,089 [INFO] Época 19/30, Batch 1450/3348, Loss: 0.2284
2025-10-10 07:38:06,347 [INFO] Época 19/30, Batch 1500/3348, Loss: 0.4902
2025-10-10 07:38:06,606 [INFO] Época 19/30, Batch 1550/3348, Loss: 0.3352
2025-10-10 07:38:06,869 [INFO] Época 19/30, Batch 1600/3348, Loss: 0.3717
2025-10-10 07:38:07,132 [INFO] Época 19/30, Batch 1650/3348, Loss: 0.3654
2025-10-10 07:38:07,392 [INFO] Época 19/30, Batch 1700/3348, Loss: 0.4007
2025-10-10 07:38:07,653 [INFO] Época 19/30, Batch 1750/3348, Loss: 0.5384
2025-10-10 07:38:07,921 [INFO] Época 19/30, Batch 1800/3348, Loss: 0.2701
2025-10-10 07:38:08,190 [INFO] Época 19/30, Batch 1850/3348, Loss: 0.3859
2025-10-10 07:38:08,458 [INFO] Época 19/30, Batch 1900/3348, Loss: 0.2718
2025-10-10 07:38:08,722 [INFO] Época 19/30, Batch 1950/3348, Loss: 0.3405
2025-10-10 07:38:08,986 [INFO] Época 19/30, Batch 2000/3348, Loss: 0.3244
2025-10-10 07:38:09,250 [INFO] Época 19/30, Batch 2050/3348, Loss: 0.1607
2025-10-10 07:38:09,512 [INFO] Época 19/30, Batch 2100/3348, Loss: 0.5019
2025-10-10 07:38:09,780 [INFO] Época 19/30, Batch 2150/3348, Loss: 0.2420
2025-10-10 07:38:10,043 [INFO] Época 19/30, Batch 2200/3348, Loss: 0.2960
2025-10-10 07:38:10,319 [INFO] Época 19/30, Batch 2250/3348, Loss: 0.3361
2025-10-10 07:38:10,582 [INFO] Época 19/30, Batch 2300/3348, Loss: 0.3603
2025-10-10 07:38:10,842 [INFO] Época 19/30, Batch 2350/3348, Loss: 0.3173
2025-10-10 07:38:11,100 [INFO] Época 19/30, Batch 2400/3348, Loss: 0.3698
2025-10-10 07:38:11,358 [INFO] Época 19/30, Batch 2450/3348, Loss: 0.3282
2025-10-10 07:38:11,618 [INFO] Época 19/30, Batch 2500/3348, Loss: 0.2638
2025-10-10 07:38:11,879 [INFO] Época 19/30, Batch 2550/3348, Loss: 0.3962
2025-10-10 07:38:12,141 [INFO] Época 19/30, Batch 2600/3348, Loss: 0.6229
2025-10-10 07:38:12,405 [INFO] Época 19/30, Batch 2650/3348, Loss: 0.3542
2025-10-10 07:38:12,668 [INFO] Época 19/30, Batch 2700/3348, Loss: 0.2951
2025-10-10 07:38:12,931 [INFO] Época 19/30, Batch 2750/3348, Loss: 0.3233
2025-10-10 07:38:13,194 [INFO] Época 19/30, Batch 2800/3348, Loss: 0.4356
2025-10-10 07:38:13,455 [INFO] Época 19/30, Batch 2850/3348, Loss: 0.3441
2025-10-10 07:38:13,717 [INFO] Época 19/30, Batch 2900/3348, Loss: 0.4375
2025-10-10 07:38:13,978 [INFO] Época 19/30, Batch 2950/3348, Loss: 0.5330
2025-10-10 07:38:14,241 [INFO] Época 19/30, Batch 3000/3348, Loss: 0.3853
2025-10-10 07:38:14,500 [INFO] Época 19/30, Batch 3050/3348, Loss: 0.2165
2025-10-10 07:38:14,758 [INFO] Época 19/30, Batch 3100/3348, Loss: 0.4004
2025-10-10 07:38:15,018 [INFO] Época 19/30, Batch 3150/3348, Loss: 0.4045
2025-10-10 07:38:15,277 [INFO] Época 19/30, Batch 3200/3348, Loss: 0.3216
2025-10-10 07:38:15,537 [INFO] Época 19/30, Batch 3250/3348, Loss: 0.5278
2025-10-10 07:38:15,797 [INFO] Época 19/30, Batch 3300/3348, Loss: 0.3558
2025-10-10 07:38:17,461 [INFO] [19/30] Train Loss: 0.3657 | Val Loss: 0.2615 | Tempo: 19.14s
2025-10-10 07:38:18,018 [INFO] Época 20/30, Batch 50/3348, Loss: 0.2912
2025-10-10 07:38:18,288 [INFO] Época 20/30, Batch 100/3348, Loss: 0.2273
2025-10-10 07:38:18,557 [INFO] Época 20/30, Batch 150/3348, Loss: 0.4909
2025-10-10 07:38:18,816 [INFO] Época 20/30, Batch 200/3348, Loss: 0.4395
2025-10-10 07:38:19,075 [INFO] Época 20/30, Batch 250/3348, Loss: 0.5059
2025-10-10 07:38:19,331 [INFO] Época 20/30, Batch 300/3348, Loss: 0.4335
2025-10-10 07:38:19,588 [INFO] Época 20/30, Batch 350/3348, Loss: 0.2322
2025-10-10 07:38:19,854 [INFO] Época 20/30, Batch 400/3348, Loss: 0.2895
2025-10-10 07:38:20,119 [INFO] Época 20/30, Batch 450/3348, Loss: 0.4107
2025-10-10 07:38:20,388 [INFO] Época 20/30, Batch 500/3348, Loss: 0.2593
2025-10-10 07:38:20,666 [INFO] Época 20/30, Batch 550/3348, Loss: 0.3196
2025-10-10 07:38:20,929 [INFO] Época 20/30, Batch 600/3348, Loss: 0.3139
2025-10-10 07:38:21,188 [INFO] Época 20/30, Batch 650/3348, Loss: 0.1998
2025-10-10 07:38:21,448 [INFO] Época 20/30, Batch 700/3348, Loss: 0.2641
2025-10-10 07:38:21,708 [INFO] Época 20/30, Batch 750/3348, Loss: 0.2558
2025-10-10 07:38:21,964 [INFO] Época 20/30, Batch 800/3348, Loss: 0.4371
2025-10-10 07:38:22,221 [INFO] Época 20/30, Batch 850/3348, Loss: 0.4859
2025-10-10 07:38:22,476 [INFO] Época 20/30, Batch 900/3348, Loss: 0.4041
2025-10-10 07:38:22,734 [INFO] Época 20/30, Batch 950/3348, Loss: 0.1752
2025-10-10 07:38:22,996 [INFO] Época 20/30, Batch 1000/3348, Loss: 0.4467
2025-10-10 07:38:23,257 [INFO] Época 20/30, Batch 1050/3348, Loss: 0.5093
2025-10-10 07:38:23,519 [INFO] Época 20/30, Batch 1100/3348, Loss: 0.3390
2025-10-10 07:38:23,780 [INFO] Época 20/30, Batch 1150/3348, Loss: 0.3339
2025-10-10 07:38:24,040 [INFO] Época 20/30, Batch 1200/3348, Loss: 0.4025
2025-10-10 07:38:24,299 [INFO] Época 20/30, Batch 1250/3348, Loss: 0.3319
2025-10-10 07:38:24,557 [INFO] Época 20/30, Batch 1300/3348, Loss: 0.4085
2025-10-10 07:38:24,814 [INFO] Época 20/30, Batch 1350/3348, Loss: 0.4221
2025-10-10 07:38:25,071 [INFO] Época 20/30, Batch 1400/3348, Loss: 0.2858
2025-10-10 07:38:25,327 [INFO] Época 20/30, Batch 1450/3348, Loss: 0.3701
2025-10-10 07:38:25,585 [INFO] Época 20/30, Batch 1500/3348, Loss: 0.3168
2025-10-10 07:38:25,853 [INFO] Época 20/30, Batch 1550/3348, Loss: 0.3532
2025-10-10 07:38:26,110 [INFO] Época 20/30, Batch 1600/3348, Loss: 0.2983
2025-10-10 07:38:26,366 [INFO] Época 20/30, Batch 1650/3348, Loss: 0.1789
2025-10-10 07:38:26,623 [INFO] Época 20/30, Batch 1700/3348, Loss: 0.3598
2025-10-10 07:38:26,880 [INFO] Época 20/30, Batch 1750/3348, Loss: 0.2008
2025-10-10 07:38:27,138 [INFO] Época 20/30, Batch 1800/3348, Loss: 0.3321
2025-10-10 07:38:27,392 [INFO] Época 20/30, Batch 1850/3348, Loss: 0.2535
2025-10-10 07:38:27,651 [INFO] Época 20/30, Batch 1900/3348, Loss: 0.3778
2025-10-10 07:38:27,906 [INFO] Época 20/30, Batch 1950/3348, Loss: 0.3915
2025-10-10 07:38:28,164 [INFO] Época 20/30, Batch 2000/3348, Loss: 0.3463
2025-10-10 07:38:28,421 [INFO] Época 20/30, Batch 2050/3348, Loss: 0.3913
2025-10-10 07:38:28,681 [INFO] Época 20/30, Batch 2100/3348, Loss: 0.2142
2025-10-10 07:38:28,947 [INFO] Época 20/30, Batch 2150/3348, Loss: 0.4918
2025-10-10 07:38:29,216 [INFO] Época 20/30, Batch 2200/3348, Loss: 0.3778
2025-10-10 07:38:29,483 [INFO] Época 20/30, Batch 2250/3348, Loss: 0.4959
2025-10-10 07:38:29,749 [INFO] Época 20/30, Batch 2300/3348, Loss: 0.3154
2025-10-10 07:38:30,015 [INFO] Época 20/30, Batch 2350/3348, Loss: 0.2545
2025-10-10 07:38:30,281 [INFO] Época 20/30, Batch 2400/3348, Loss: 0.1877
2025-10-10 07:38:30,547 [INFO] Época 20/30, Batch 2450/3348, Loss: 0.5069
2025-10-10 07:38:30,805 [INFO] Época 20/30, Batch 2500/3348, Loss: 0.5743
2025-10-10 07:38:31,074 [INFO] Época 20/30, Batch 2550/3348, Loss: 0.4627
2025-10-10 07:38:31,330 [INFO] Época 20/30, Batch 2600/3348, Loss: 0.5997
2025-10-10 07:38:31,587 [INFO] Época 20/30, Batch 2650/3348, Loss: 0.3788
2025-10-10 07:38:31,845 [INFO] Época 20/30, Batch 2700/3348, Loss: 0.3045
2025-10-10 07:38:32,102 [INFO] Época 20/30, Batch 2750/3348, Loss: 0.3772
2025-10-10 07:38:32,361 [INFO] Época 20/30, Batch 2800/3348, Loss: 0.2663
2025-10-10 07:38:32,620 [INFO] Época 20/30, Batch 2850/3348, Loss: 0.3026
2025-10-10 07:38:32,876 [INFO] Época 20/30, Batch 2900/3348, Loss: 0.3649
2025-10-10 07:38:33,130 [INFO] Época 20/30, Batch 2950/3348, Loss: 0.4021
2025-10-10 07:38:33,385 [INFO] Época 20/30, Batch 3000/3348, Loss: 0.4159
2025-10-10 07:38:33,640 [INFO] Época 20/30, Batch 3050/3348, Loss: 0.3219
2025-10-10 07:38:33,897 [INFO] Época 20/30, Batch 3100/3348, Loss: 0.3215
2025-10-10 07:38:34,153 [INFO] Época 20/30, Batch 3150/3348, Loss: 0.2112
2025-10-10 07:38:34,408 [INFO] Época 20/30, Batch 3200/3348, Loss: 0.4344
2025-10-10 07:38:34,663 [INFO] Época 20/30, Batch 3250/3348, Loss: 0.1927
2025-10-10 07:38:34,918 [INFO] Época 20/30, Batch 3300/3348, Loss: 0.2425
2025-10-10 07:38:36,606 [INFO] [20/30] Train Loss: 0.3652 | Val Loss: 0.2649 | Tempo: 19.14s
2025-10-10 07:38:37,159 [INFO] Época 21/30, Batch 50/3348, Loss: 0.3736
2025-10-10 07:38:37,428 [INFO] Época 21/30, Batch 100/3348, Loss: 0.3076
2025-10-10 07:38:37,689 [INFO] Época 21/30, Batch 150/3348, Loss: 0.4544
2025-10-10 07:38:37,951 [INFO] Época 21/30, Batch 200/3348, Loss: 0.2126
2025-10-10 07:38:38,211 [INFO] Época 21/30, Batch 250/3348, Loss: 0.3417
2025-10-10 07:38:38,472 [INFO] Época 21/30, Batch 300/3348, Loss: 0.5058
2025-10-10 07:38:38,731 [INFO] Época 21/30, Batch 350/3348, Loss: 0.3889
2025-10-10 07:38:38,990 [INFO] Época 21/30, Batch 400/3348, Loss: 0.5309
2025-10-10 07:38:39,248 [INFO] Época 21/30, Batch 450/3348, Loss: 0.3083
2025-10-10 07:38:39,506 [INFO] Época 21/30, Batch 500/3348, Loss: 0.2769
2025-10-10 07:38:39,766 [INFO] Época 21/30, Batch 550/3348, Loss: 0.4527
2025-10-10 07:38:40,022 [INFO] Época 21/30, Batch 600/3348, Loss: 0.3566
2025-10-10 07:38:40,281 [INFO] Época 21/30, Batch 650/3348, Loss: 0.2413
2025-10-10 07:38:40,535 [INFO] Época 21/30, Batch 700/3348, Loss: 0.4070
2025-10-10 07:38:40,782 [INFO] Época 21/30, Batch 750/3348, Loss: 0.3171
2025-10-10 07:38:41,032 [INFO] Época 21/30, Batch 800/3348, Loss: 0.3409
2025-10-10 07:38:41,280 [INFO] Época 21/30, Batch 850/3348, Loss: 0.3713
2025-10-10 07:38:41,526 [INFO] Época 21/30, Batch 900/3348, Loss: 0.3294
2025-10-10 07:38:41,772 [INFO] Época 21/30, Batch 950/3348, Loss: 0.2005
2025-10-10 07:38:42,029 [INFO] Época 21/30, Batch 1000/3348, Loss: 0.3271
2025-10-10 07:38:42,276 [INFO] Época 21/30, Batch 1050/3348, Loss: 0.3983
2025-10-10 07:38:42,524 [INFO] Época 21/30, Batch 1100/3348, Loss: 0.3567
2025-10-10 07:38:42,767 [INFO] Época 21/30, Batch 1150/3348, Loss: 0.5770
2025-10-10 07:38:43,009 [INFO] Época 21/30, Batch 1200/3348, Loss: 0.4194
2025-10-10 07:38:43,259 [INFO] Época 21/30, Batch 1250/3348, Loss: 0.2588
2025-10-10 07:38:43,518 [INFO] Época 21/30, Batch 1300/3348, Loss: 0.1940
2025-10-10 07:38:43,775 [INFO] Época 21/30, Batch 1350/3348, Loss: 0.2068
2025-10-10 07:38:44,035 [INFO] Época 21/30, Batch 1400/3348, Loss: 0.4618
2025-10-10 07:38:44,294 [INFO] Época 21/30, Batch 1450/3348, Loss: 0.2106
2025-10-10 07:38:44,552 [INFO] Época 21/30, Batch 1500/3348, Loss: 0.4311
2025-10-10 07:38:44,811 [INFO] Época 21/30, Batch 1550/3348, Loss: 0.5548
2025-10-10 07:38:45,068 [INFO] Época 21/30, Batch 1600/3348, Loss: 0.2968
2025-10-10 07:38:45,327 [INFO] Época 21/30, Batch 1650/3348, Loss: 0.3633
2025-10-10 07:38:45,587 [INFO] Época 21/30, Batch 1700/3348, Loss: 0.3363
2025-10-10 07:38:45,848 [INFO] Época 21/30, Batch 1750/3348, Loss: 0.4301
2025-10-10 07:38:46,108 [INFO] Época 21/30, Batch 1800/3348, Loss: 0.4317
2025-10-10 07:38:46,366 [INFO] Época 21/30, Batch 1850/3348, Loss: 0.3089
2025-10-10 07:38:46,623 [INFO] Época 21/30, Batch 1900/3348, Loss: 0.4408
2025-10-10 07:38:46,880 [INFO] Época 21/30, Batch 1950/3348, Loss: 0.3480
2025-10-10 07:38:47,138 [INFO] Época 21/30, Batch 2000/3348, Loss: 0.4369
2025-10-10 07:38:47,396 [INFO] Época 21/30, Batch 2050/3348, Loss: 0.3240
2025-10-10 07:38:47,654 [INFO] Época 21/30, Batch 2100/3348, Loss: 0.2816
2025-10-10 07:38:47,910 [INFO] Época 21/30, Batch 2150/3348, Loss: 0.4357
2025-10-10 07:38:48,165 [INFO] Época 21/30, Batch 2200/3348, Loss: 0.2147
2025-10-10 07:38:48,424 [INFO] Época 21/30, Batch 2250/3348, Loss: 0.4472
2025-10-10 07:38:48,683 [INFO] Época 21/30, Batch 2300/3348, Loss: 0.5652
2025-10-10 07:38:48,939 [INFO] Época 21/30, Batch 2350/3348, Loss: 0.3994
2025-10-10 07:38:49,196 [INFO] Época 21/30, Batch 2400/3348, Loss: 0.3189
2025-10-10 07:38:49,454 [INFO] Época 21/30, Batch 2450/3348, Loss: 0.3987
2025-10-10 07:38:49,711 [INFO] Época 21/30, Batch 2500/3348, Loss: 0.3102
2025-10-10 07:38:49,968 [INFO] Época 21/30, Batch 2550/3348, Loss: 0.5287
2025-10-10 07:38:50,227 [INFO] Época 21/30, Batch 2600/3348, Loss: 0.3721
2025-10-10 07:38:50,485 [INFO] Época 21/30, Batch 2650/3348, Loss: 0.4276
2025-10-10 07:38:50,741 [INFO] Época 21/30, Batch 2700/3348, Loss: 0.2620
2025-10-10 07:38:50,999 [INFO] Época 21/30, Batch 2750/3348, Loss: 0.6106
2025-10-10 07:38:51,255 [INFO] Época 21/30, Batch 2800/3348, Loss: 0.4731
2025-10-10 07:38:51,516 [INFO] Época 21/30, Batch 2850/3348, Loss: 0.4256
2025-10-10 07:38:51,773 [INFO] Época 21/30, Batch 2900/3348, Loss: 0.3547
2025-10-10 07:38:52,031 [INFO] Época 21/30, Batch 2950/3348, Loss: 0.1960
2025-10-10 07:38:52,297 [INFO] Época 21/30, Batch 3000/3348, Loss: 0.2938
2025-10-10 07:38:52,555 [INFO] Época 21/30, Batch 3050/3348, Loss: 0.5336
2025-10-10 07:38:52,814 [INFO] Época 21/30, Batch 3100/3348, Loss: 0.2730
2025-10-10 07:38:53,072 [INFO] Época 21/30, Batch 3150/3348, Loss: 0.3584
2025-10-10 07:38:53,331 [INFO] Época 21/30, Batch 3200/3348, Loss: 0.3808
2025-10-10 07:38:53,589 [INFO] Época 21/30, Batch 3250/3348, Loss: 0.2493
2025-10-10 07:38:53,847 [INFO] Época 21/30, Batch 3300/3348, Loss: 0.4019
2025-10-10 07:38:55,662 [INFO] [21/30] Train Loss: 0.3647 | Val Loss: 0.2594 | Tempo: 19.05s
2025-10-10 07:38:56,212 [INFO] Época 22/30, Batch 50/3348, Loss: 0.3054
2025-10-10 07:38:56,475 [INFO] Época 22/30, Batch 100/3348, Loss: 0.1994
2025-10-10 07:38:56,736 [INFO] Época 22/30, Batch 150/3348, Loss: 0.5830
2025-10-10 07:38:56,996 [INFO] Época 22/30, Batch 200/3348, Loss: 0.4071
2025-10-10 07:38:57,254 [INFO] Época 22/30, Batch 250/3348, Loss: 0.2623
2025-10-10 07:38:57,522 [INFO] Época 22/30, Batch 300/3348, Loss: 0.3002
2025-10-10 07:38:57,779 [INFO] Época 22/30, Batch 350/3348, Loss: 0.5597
2025-10-10 07:38:58,037 [INFO] Época 22/30, Batch 400/3348, Loss: 0.2438
2025-10-10 07:38:58,294 [INFO] Época 22/30, Batch 450/3348, Loss: 0.2881
2025-10-10 07:38:58,552 [INFO] Época 22/30, Batch 500/3348, Loss: 0.2820
2025-10-10 07:38:58,810 [INFO] Época 22/30, Batch 550/3348, Loss: 0.3347
2025-10-10 07:38:59,068 [INFO] Época 22/30, Batch 600/3348, Loss: 0.3468
2025-10-10 07:38:59,325 [INFO] Época 22/30, Batch 650/3348, Loss: 0.2625
2025-10-10 07:38:59,582 [INFO] Época 22/30, Batch 700/3348, Loss: 0.3153
2025-10-10 07:38:59,832 [INFO] Época 22/30, Batch 750/3348, Loss: 0.5381
2025-10-10 07:39:00,084 [INFO] Época 22/30, Batch 800/3348, Loss: 0.4688
2025-10-10 07:39:00,343 [INFO] Época 22/30, Batch 850/3348, Loss: 0.3867
2025-10-10 07:39:00,603 [INFO] Época 22/30, Batch 900/3348, Loss: 0.3298
2025-10-10 07:39:00,862 [INFO] Época 22/30, Batch 950/3348, Loss: 0.2975
2025-10-10 07:39:01,120 [INFO] Época 22/30, Batch 1000/3348, Loss: 0.2562
2025-10-10 07:39:01,378 [INFO] Época 22/30, Batch 1050/3348, Loss: 0.4504
2025-10-10 07:39:01,638 [INFO] Época 22/30, Batch 1100/3348, Loss: 0.4600
2025-10-10 07:39:01,896 [INFO] Época 22/30, Batch 1150/3348, Loss: 0.4322
2025-10-10 07:39:02,155 [INFO] Época 22/30, Batch 1200/3348, Loss: 0.4773
2025-10-10 07:39:02,414 [INFO] Época 22/30, Batch 1250/3348, Loss: 0.5189
2025-10-10 07:39:02,684 [INFO] Época 22/30, Batch 1300/3348, Loss: 0.4802
2025-10-10 07:39:02,946 [INFO] Época 22/30, Batch 1350/3348, Loss: 0.5223
2025-10-10 07:39:03,207 [INFO] Época 22/30, Batch 1400/3348, Loss: 0.4597
2025-10-10 07:39:03,470 [INFO] Época 22/30, Batch 1450/3348, Loss: 0.3231
2025-10-10 07:39:03,729 [INFO] Época 22/30, Batch 1500/3348, Loss: 0.3526
2025-10-10 07:39:03,988 [INFO] Época 22/30, Batch 1550/3348, Loss: 0.4217
2025-10-10 07:39:04,249 [INFO] Época 22/30, Batch 1600/3348, Loss: 0.3017
2025-10-10 07:39:04,505 [INFO] Época 22/30, Batch 1650/3348, Loss: 0.2981
2025-10-10 07:39:04,766 [INFO] Época 22/30, Batch 1700/3348, Loss: 0.3300
2025-10-10 07:39:05,025 [INFO] Época 22/30, Batch 1750/3348, Loss: 0.3388
2025-10-10 07:39:05,285 [INFO] Época 22/30, Batch 1800/3348, Loss: 0.4424
2025-10-10 07:39:05,545 [INFO] Época 22/30, Batch 1850/3348, Loss: 0.6793
2025-10-10 07:39:05,805 [INFO] Época 22/30, Batch 1900/3348, Loss: 0.2892
2025-10-10 07:39:06,065 [INFO] Época 22/30, Batch 1950/3348, Loss: 0.3733
2025-10-10 07:39:06,324 [INFO] Época 22/30, Batch 2000/3348, Loss: 0.3492
2025-10-10 07:39:06,583 [INFO] Época 22/30, Batch 2050/3348, Loss: 0.3571
2025-10-10 07:39:06,845 [INFO] Época 22/30, Batch 2100/3348, Loss: 0.1821
2025-10-10 07:39:07,101 [INFO] Época 22/30, Batch 2150/3348, Loss: 0.2693
2025-10-10 07:39:07,361 [INFO] Época 22/30, Batch 2200/3348, Loss: 0.4036
2025-10-10 07:39:07,617 [INFO] Época 22/30, Batch 2250/3348, Loss: 0.4907
2025-10-10 07:39:07,875 [INFO] Época 22/30, Batch 2300/3348, Loss: 0.3158
2025-10-10 07:39:08,132 [INFO] Época 22/30, Batch 2350/3348, Loss: 0.4737
2025-10-10 07:39:08,389 [INFO] Época 22/30, Batch 2400/3348, Loss: 0.3806
2025-10-10 07:39:08,647 [INFO] Época 22/30, Batch 2450/3348, Loss: 0.3495
2025-10-10 07:39:08,904 [INFO] Época 22/30, Batch 2500/3348, Loss: 0.2754
2025-10-10 07:39:09,161 [INFO] Época 22/30, Batch 2550/3348, Loss: 0.3202
2025-10-10 07:39:09,417 [INFO] Época 22/30, Batch 2600/3348, Loss: 0.3103
2025-10-10 07:39:09,673 [INFO] Época 22/30, Batch 2650/3348, Loss: 0.3608
2025-10-10 07:39:09,931 [INFO] Época 22/30, Batch 2700/3348, Loss: 0.1809
2025-10-10 07:39:10,187 [INFO] Época 22/30, Batch 2750/3348, Loss: 0.3077
2025-10-10 07:39:10,444 [INFO] Época 22/30, Batch 2800/3348, Loss: 0.2483
2025-10-10 07:39:10,706 [INFO] Época 22/30, Batch 2850/3348, Loss: 0.3710
2025-10-10 07:39:10,967 [INFO] Época 22/30, Batch 2900/3348, Loss: 0.5456
2025-10-10 07:39:11,225 [INFO] Época 22/30, Batch 2950/3348, Loss: 0.3465
2025-10-10 07:39:11,481 [INFO] Época 22/30, Batch 3000/3348, Loss: 0.1994
2025-10-10 07:39:11,736 [INFO] Época 22/30, Batch 3050/3348, Loss: 0.3858
2025-10-10 07:39:11,993 [INFO] Época 22/30, Batch 3100/3348, Loss: 0.3649
2025-10-10 07:39:12,252 [INFO] Época 22/30, Batch 3150/3348, Loss: 0.2276
2025-10-10 07:39:12,509 [INFO] Época 22/30, Batch 3200/3348, Loss: 0.2685
2025-10-10 07:39:12,766 [INFO] Época 22/30, Batch 3250/3348, Loss: 0.2728
2025-10-10 07:39:13,034 [INFO] Época 22/30, Batch 3300/3348, Loss: 0.5394
2025-10-10 07:39:14,899 [INFO] [22/30] Train Loss: 0.3643 | Val Loss: 0.2682 | Tempo: 19.24s
2025-10-10 07:39:15,470 [INFO] Época 23/30, Batch 50/3348, Loss: 0.3091
2025-10-10 07:39:15,744 [INFO] Época 23/30, Batch 100/3348, Loss: 0.2496
2025-10-10 07:39:16,019 [INFO] Época 23/30, Batch 150/3348, Loss: 0.3665
2025-10-10 07:39:16,291 [INFO] Época 23/30, Batch 200/3348, Loss: 0.2377
2025-10-10 07:39:16,562 [INFO] Época 23/30, Batch 250/3348, Loss: 0.3098
2025-10-10 07:39:16,828 [INFO] Época 23/30, Batch 300/3348, Loss: 0.3847
2025-10-10 07:39:17,092 [INFO] Época 23/30, Batch 350/3348, Loss: 0.4562
2025-10-10 07:39:17,355 [INFO] Época 23/30, Batch 400/3348, Loss: 0.3940
2025-10-10 07:39:17,617 [INFO] Época 23/30, Batch 450/3348, Loss: 0.3671
2025-10-10 07:39:17,880 [INFO] Época 23/30, Batch 500/3348, Loss: 0.2652
2025-10-10 07:39:18,142 [INFO] Época 23/30, Batch 550/3348, Loss: 0.3035
2025-10-10 07:39:18,407 [INFO] Época 23/30, Batch 600/3348, Loss: 0.2379
2025-10-10 07:39:18,667 [INFO] Época 23/30, Batch 650/3348, Loss: 0.4546
2025-10-10 07:39:18,925 [INFO] Época 23/30, Batch 700/3348, Loss: 0.3396
2025-10-10 07:39:19,183 [INFO] Época 23/30, Batch 750/3348, Loss: 0.4524
2025-10-10 07:39:19,443 [INFO] Época 23/30, Batch 800/3348, Loss: 0.2175
2025-10-10 07:39:19,704 [INFO] Época 23/30, Batch 850/3348, Loss: 0.2264
2025-10-10 07:39:19,964 [INFO] Época 23/30, Batch 900/3348, Loss: 0.4620
2025-10-10 07:39:20,224 [INFO] Época 23/30, Batch 950/3348, Loss: 0.2869
2025-10-10 07:39:20,484 [INFO] Época 23/30, Batch 1000/3348, Loss: 0.3513
2025-10-10 07:39:20,745 [INFO] Época 23/30, Batch 1050/3348, Loss: 0.3104
2025-10-10 07:39:21,007 [INFO] Época 23/30, Batch 1100/3348, Loss: 0.3187
2025-10-10 07:39:21,266 [INFO] Época 23/30, Batch 1150/3348, Loss: 0.2497
2025-10-10 07:39:21,527 [INFO] Época 23/30, Batch 1200/3348, Loss: 0.3157
2025-10-10 07:39:21,796 [INFO] Época 23/30, Batch 1250/3348, Loss: 0.4252
2025-10-10 07:39:22,065 [INFO] Época 23/30, Batch 1300/3348, Loss: 0.3526
2025-10-10 07:39:22,336 [INFO] Época 23/30, Batch 1350/3348, Loss: 0.4761
2025-10-10 07:39:22,605 [INFO] Época 23/30, Batch 1400/3348, Loss: 0.5164
2025-10-10 07:39:22,875 [INFO] Época 23/30, Batch 1450/3348, Loss: 0.5183
2025-10-10 07:39:23,144 [INFO] Época 23/30, Batch 1500/3348, Loss: 0.3423
2025-10-10 07:39:23,425 [INFO] Época 23/30, Batch 1550/3348, Loss: 0.3249
2025-10-10 07:39:23,693 [INFO] Época 23/30, Batch 1600/3348, Loss: 0.3863
2025-10-10 07:39:23,964 [INFO] Época 23/30, Batch 1650/3348, Loss: 0.3635
2025-10-10 07:39:24,232 [INFO] Época 23/30, Batch 1700/3348, Loss: 0.1703
2025-10-10 07:39:24,494 [INFO] Época 23/30, Batch 1750/3348, Loss: 0.2301
2025-10-10 07:39:24,755 [INFO] Época 23/30, Batch 1800/3348, Loss: 0.3033
2025-10-10 07:39:25,015 [INFO] Época 23/30, Batch 1850/3348, Loss: 0.3555
2025-10-10 07:39:25,277 [INFO] Época 23/30, Batch 1900/3348, Loss: 0.2940
2025-10-10 07:39:25,537 [INFO] Época 23/30, Batch 1950/3348, Loss: 0.2766
2025-10-10 07:39:25,797 [INFO] Época 23/30, Batch 2000/3348, Loss: 0.5231
2025-10-10 07:39:26,056 [INFO] Época 23/30, Batch 2050/3348, Loss: 0.3620
2025-10-10 07:39:26,317 [INFO] Época 23/30, Batch 2100/3348, Loss: 0.5168
2025-10-10 07:39:26,580 [INFO] Época 23/30, Batch 2150/3348, Loss: 0.3410
2025-10-10 07:39:26,842 [INFO] Época 23/30, Batch 2200/3348, Loss: 0.4408
2025-10-10 07:39:27,101 [INFO] Época 23/30, Batch 2250/3348, Loss: 0.3776
2025-10-10 07:39:27,362 [INFO] Época 23/30, Batch 2300/3348, Loss: 0.2898
2025-10-10 07:39:27,624 [INFO] Época 23/30, Batch 2350/3348, Loss: 0.2548
2025-10-10 07:39:27,886 [INFO] Época 23/30, Batch 2400/3348, Loss: 0.2945
2025-10-10 07:39:28,146 [INFO] Época 23/30, Batch 2450/3348, Loss: 0.4831
2025-10-10 07:39:28,417 [INFO] Época 23/30, Batch 2500/3348, Loss: 0.3223
2025-10-10 07:39:28,678 [INFO] Época 23/30, Batch 2550/3348, Loss: 0.3425
2025-10-10 07:39:28,942 [INFO] Época 23/30, Batch 2600/3348, Loss: 0.4832
2025-10-10 07:39:29,211 [INFO] Época 23/30, Batch 2650/3348, Loss: 0.5846
2025-10-10 07:39:29,478 [INFO] Época 23/30, Batch 2700/3348, Loss: 0.4550
2025-10-10 07:39:29,747 [INFO] Época 23/30, Batch 2750/3348, Loss: 0.2676
2025-10-10 07:39:30,015 [INFO] Época 23/30, Batch 2800/3348, Loss: 0.4032
2025-10-10 07:39:30,281 [INFO] Época 23/30, Batch 2850/3348, Loss: 0.3296
2025-10-10 07:39:30,548 [INFO] Época 23/30, Batch 2900/3348, Loss: 0.3418
2025-10-10 07:39:30,814 [INFO] Época 23/30, Batch 2950/3348, Loss: 0.2382
2025-10-10 07:39:31,070 [INFO] Época 23/30, Batch 3000/3348, Loss: 0.2830
2025-10-10 07:39:31,327 [INFO] Época 23/30, Batch 3050/3348, Loss: 0.4718
2025-10-10 07:39:31,582 [INFO] Época 23/30, Batch 3100/3348, Loss: 0.3489
2025-10-10 07:39:31,840 [INFO] Época 23/30, Batch 3150/3348, Loss: 0.2513
2025-10-10 07:39:32,096 [INFO] Época 23/30, Batch 3200/3348, Loss: 0.2317
2025-10-10 07:39:32,352 [INFO] Época 23/30, Batch 3250/3348, Loss: 0.2939
2025-10-10 07:39:32,608 [INFO] Época 23/30, Batch 3300/3348, Loss: 0.2748
2025-10-10 07:39:34,307 [INFO] [23/30] Train Loss: 0.3638 | Val Loss: 0.2562 | Tempo: 19.41s
2025-10-10 07:39:34,857 [INFO] Época 24/30, Batch 50/3348, Loss: 0.3012
2025-10-10 07:39:35,121 [INFO] Época 24/30, Batch 100/3348, Loss: 0.3719
2025-10-10 07:39:35,383 [INFO] Época 24/30, Batch 150/3348, Loss: 0.3239
2025-10-10 07:39:35,642 [INFO] Época 24/30, Batch 200/3348, Loss: 0.5283
2025-10-10 07:39:35,903 [INFO] Época 24/30, Batch 250/3348, Loss: 0.3834
2025-10-10 07:39:36,160 [INFO] Época 24/30, Batch 300/3348, Loss: 0.4994
2025-10-10 07:39:36,419 [INFO] Época 24/30, Batch 350/3348, Loss: 0.5072
2025-10-10 07:39:36,679 [INFO] Época 24/30, Batch 400/3348, Loss: 0.4413
2025-10-10 07:39:36,938 [INFO] Época 24/30, Batch 450/3348, Loss: 0.4896
2025-10-10 07:39:37,197 [INFO] Época 24/30, Batch 500/3348, Loss: 0.5494
2025-10-10 07:39:37,456 [INFO] Época 24/30, Batch 550/3348, Loss: 0.2741
2025-10-10 07:39:37,714 [INFO] Época 24/30, Batch 600/3348, Loss: 0.3703
2025-10-10 07:39:37,974 [INFO] Época 24/30, Batch 650/3348, Loss: 0.4558
2025-10-10 07:39:38,234 [INFO] Época 24/30, Batch 700/3348, Loss: 0.4326
2025-10-10 07:39:38,482 [INFO] Época 24/30, Batch 750/3348, Loss: 0.2845
2025-10-10 07:39:38,730 [INFO] Época 24/30, Batch 800/3348, Loss: 0.4638
2025-10-10 07:39:38,977 [INFO] Época 24/30, Batch 850/3348, Loss: 0.3622
2025-10-10 07:39:39,226 [INFO] Época 24/30, Batch 900/3348, Loss: 0.4399
2025-10-10 07:39:39,474 [INFO] Época 24/30, Batch 950/3348, Loss: 0.4504
2025-10-10 07:39:39,735 [INFO] Época 24/30, Batch 1000/3348, Loss: 0.4098
2025-10-10 07:39:39,983 [INFO] Época 24/30, Batch 1050/3348, Loss: 0.4127
2025-10-10 07:39:40,231 [INFO] Época 24/30, Batch 1100/3348, Loss: 0.3472
2025-10-10 07:39:40,481 [INFO] Época 24/30, Batch 1150/3348, Loss: 0.3798
2025-10-10 07:39:40,729 [INFO] Época 24/30, Batch 1200/3348, Loss: 0.4392
2025-10-10 07:39:40,976 [INFO] Época 24/30, Batch 1250/3348, Loss: 0.4017
2025-10-10 07:39:41,224 [INFO] Época 24/30, Batch 1300/3348, Loss: 0.4566
2025-10-10 07:39:41,486 [INFO] Época 24/30, Batch 1350/3348, Loss: 0.3706
2025-10-10 07:39:41,751 [INFO] Época 24/30, Batch 1400/3348, Loss: 0.4498
2025-10-10 07:39:42,012 [INFO] Época 24/30, Batch 1450/3348, Loss: 0.3820
2025-10-10 07:39:42,274 [INFO] Época 24/30, Batch 1500/3348, Loss: 0.2112
2025-10-10 07:39:42,536 [INFO] Época 24/30, Batch 1550/3348, Loss: 0.2484
2025-10-10 07:39:42,797 [INFO] Época 24/30, Batch 1600/3348, Loss: 0.3178
2025-10-10 07:39:43,057 [INFO] Época 24/30, Batch 1650/3348, Loss: 0.3547
2025-10-10 07:39:43,315 [INFO] Época 24/30, Batch 1700/3348, Loss: 0.2711
2025-10-10 07:39:43,574 [INFO] Época 24/30, Batch 1750/3348, Loss: 0.2679
2025-10-10 07:39:43,834 [INFO] Época 24/30, Batch 1800/3348, Loss: 0.3120
2025-10-10 07:39:44,091 [INFO] Época 24/30, Batch 1850/3348, Loss: 0.4198
2025-10-10 07:39:44,353 [INFO] Época 24/30, Batch 1900/3348, Loss: 0.4337
2025-10-10 07:39:44,612 [INFO] Época 24/30, Batch 1950/3348, Loss: 0.4491
2025-10-10 07:39:44,881 [INFO] Época 24/30, Batch 2000/3348, Loss: 0.2616
2025-10-10 07:39:45,138 [INFO] Época 24/30, Batch 2050/3348, Loss: 0.3935
2025-10-10 07:39:45,396 [INFO] Época 24/30, Batch 2100/3348, Loss: 0.3968
2025-10-10 07:39:45,654 [INFO] Época 24/30, Batch 2150/3348, Loss: 0.5204
2025-10-10 07:39:45,912 [INFO] Época 24/30, Batch 2200/3348, Loss: 0.4771
2025-10-10 07:39:46,168 [INFO] Época 24/30, Batch 2250/3348, Loss: 0.4640
2025-10-10 07:39:46,427 [INFO] Época 24/30, Batch 2300/3348, Loss: 0.3922
2025-10-10 07:39:46,686 [INFO] Época 24/30, Batch 2350/3348, Loss: 0.2265
2025-10-10 07:39:46,943 [INFO] Época 24/30, Batch 2400/3348, Loss: 0.4780
2025-10-10 07:39:47,202 [INFO] Época 24/30, Batch 2450/3348, Loss: 0.3112
2025-10-10 07:39:47,461 [INFO] Época 24/30, Batch 2500/3348, Loss: 0.2006
2025-10-10 07:39:47,719 [INFO] Época 24/30, Batch 2550/3348, Loss: 0.5058
2025-10-10 07:39:47,978 [INFO] Época 24/30, Batch 2600/3348, Loss: 0.4148
2025-10-10 07:39:48,236 [INFO] Época 24/30, Batch 2650/3348, Loss: 0.3289
2025-10-10 07:39:48,495 [INFO] Época 24/30, Batch 2700/3348, Loss: 0.4239
2025-10-10 07:39:48,753 [INFO] Época 24/30, Batch 2750/3348, Loss: 0.3846
2025-10-10 07:39:49,013 [INFO] Época 24/30, Batch 2800/3348, Loss: 0.3168
2025-10-10 07:39:49,271 [INFO] Época 24/30, Batch 2850/3348, Loss: 0.3092
2025-10-10 07:39:49,530 [INFO] Época 24/30, Batch 2900/3348, Loss: 0.4356
2025-10-10 07:39:49,790 [INFO] Época 24/30, Batch 2950/3348, Loss: 0.2829
2025-10-10 07:39:50,050 [INFO] Época 24/30, Batch 3000/3348, Loss: 0.3338
2025-10-10 07:39:50,308 [INFO] Época 24/30, Batch 3050/3348, Loss: 0.3181
2025-10-10 07:39:50,567 [INFO] Época 24/30, Batch 3100/3348, Loss: 0.2926
2025-10-10 07:39:50,827 [INFO] Época 24/30, Batch 3150/3348, Loss: 0.4311
2025-10-10 07:39:51,087 [INFO] Época 24/30, Batch 3200/3348, Loss: 0.3135
2025-10-10 07:39:51,345 [INFO] Época 24/30, Batch 3250/3348, Loss: 0.4298
2025-10-10 07:39:51,603 [INFO] Época 24/30, Batch 3300/3348, Loss: 0.3729
2025-10-10 07:39:53,429 [INFO] [24/30] Train Loss: 0.3635 | Val Loss: 0.2562 | Tempo: 19.12s
2025-10-10 07:39:53,985 [INFO] Época 25/30, Batch 50/3348, Loss: 0.4856
2025-10-10 07:39:54,250 [INFO] Época 25/30, Batch 100/3348, Loss: 0.2565
2025-10-10 07:39:54,513 [INFO] Época 25/30, Batch 150/3348, Loss: 0.4187
2025-10-10 07:39:54,774 [INFO] Época 25/30, Batch 200/3348, Loss: 0.3735
2025-10-10 07:39:55,032 [INFO] Época 25/30, Batch 250/3348, Loss: 0.3363
2025-10-10 07:39:55,301 [INFO] Época 25/30, Batch 300/3348, Loss: 0.3584
2025-10-10 07:39:55,560 [INFO] Época 25/30, Batch 350/3348, Loss: 0.4010
2025-10-10 07:39:55,820 [INFO] Época 25/30, Batch 400/3348, Loss: 0.3859
2025-10-10 07:39:56,077 [INFO] Época 25/30, Batch 450/3348, Loss: 0.4098
2025-10-10 07:39:56,335 [INFO] Época 25/30, Batch 500/3348, Loss: 0.2857
2025-10-10 07:39:56,594 [INFO] Época 25/30, Batch 550/3348, Loss: 0.3556
2025-10-10 07:39:56,853 [INFO] Época 25/30, Batch 600/3348, Loss: 0.3965
2025-10-10 07:39:57,111 [INFO] Época 25/30, Batch 650/3348, Loss: 0.3728
2025-10-10 07:39:57,370 [INFO] Época 25/30, Batch 700/3348, Loss: 0.2289
2025-10-10 07:39:57,627 [INFO] Época 25/30, Batch 750/3348, Loss: 0.2676
2025-10-10 07:39:57,885 [INFO] Época 25/30, Batch 800/3348, Loss: 0.2798
2025-10-10 07:39:58,143 [INFO] Época 25/30, Batch 850/3348, Loss: 0.4306
2025-10-10 07:39:58,400 [INFO] Época 25/30, Batch 900/3348, Loss: 0.3366
2025-10-10 07:39:58,658 [INFO] Época 25/30, Batch 950/3348, Loss: 0.2415
2025-10-10 07:39:58,915 [INFO] Época 25/30, Batch 1000/3348, Loss: 0.2761
2025-10-10 07:39:59,174 [INFO] Época 25/30, Batch 1050/3348, Loss: 0.5115
2025-10-10 07:39:59,432 [INFO] Época 25/30, Batch 1100/3348, Loss: 0.5438
2025-10-10 07:39:59,690 [INFO] Época 25/30, Batch 1150/3348, Loss: 0.2984
2025-10-10 07:39:59,949 [INFO] Época 25/30, Batch 1200/3348, Loss: 0.1822
2025-10-10 07:40:00,208 [INFO] Época 25/30, Batch 1250/3348, Loss: 0.3304
2025-10-10 07:40:00,467 [INFO] Época 25/30, Batch 1300/3348, Loss: 0.4194
2025-10-10 07:40:00,724 [INFO] Época 25/30, Batch 1350/3348, Loss: 0.3864
2025-10-10 07:40:00,984 [INFO] Época 25/30, Batch 1400/3348, Loss: 0.2389
2025-10-10 07:40:01,245 [INFO] Época 25/30, Batch 1450/3348, Loss: 0.3122
2025-10-10 07:40:01,502 [INFO] Época 25/30, Batch 1500/3348, Loss: 0.3218
2025-10-10 07:40:01,760 [INFO] Época 25/30, Batch 1550/3348, Loss: 0.3339
2025-10-10 07:40:02,017 [INFO] Época 25/30, Batch 1600/3348, Loss: 0.4781
2025-10-10 07:40:02,275 [INFO] Época 25/30, Batch 1650/3348, Loss: 0.3838
2025-10-10 07:40:02,536 [INFO] Época 25/30, Batch 1700/3348, Loss: 0.5148
2025-10-10 07:40:02,792 [INFO] Época 25/30, Batch 1750/3348, Loss: 0.4802
2025-10-10 07:40:03,050 [INFO] Época 25/30, Batch 1800/3348, Loss: 0.3239
2025-10-10 07:40:03,307 [INFO] Época 25/30, Batch 1850/3348, Loss: 0.4226
2025-10-10 07:40:03,564 [INFO] Época 25/30, Batch 1900/3348, Loss: 0.5315
2025-10-10 07:40:03,832 [INFO] Época 25/30, Batch 1950/3348, Loss: 0.2938
2025-10-10 07:40:04,098 [INFO] Época 25/30, Batch 2000/3348, Loss: 0.3409
2025-10-10 07:40:04,363 [INFO] Época 25/30, Batch 2050/3348, Loss: 0.3686
2025-10-10 07:40:04,630 [INFO] Época 25/30, Batch 2100/3348, Loss: 0.3870
2025-10-10 07:40:04,897 [INFO] Época 25/30, Batch 2150/3348, Loss: 0.4989
2025-10-10 07:40:05,162 [INFO] Época 25/30, Batch 2200/3348, Loss: 0.3740
2025-10-10 07:40:05,421 [INFO] Época 25/30, Batch 2250/3348, Loss: 0.5746
2025-10-10 07:40:05,687 [INFO] Época 25/30, Batch 2300/3348, Loss: 0.4109
2025-10-10 07:40:05,952 [INFO] Época 25/30, Batch 2350/3348, Loss: 0.3500
2025-10-10 07:40:06,219 [INFO] Época 25/30, Batch 2400/3348, Loss: 0.3407
2025-10-10 07:40:06,486 [INFO] Época 25/30, Batch 2450/3348, Loss: 0.3683
2025-10-10 07:40:06,753 [INFO] Época 25/30, Batch 2500/3348, Loss: 0.1389
2025-10-10 07:40:07,019 [INFO] Época 25/30, Batch 2550/3348, Loss: 0.3382
2025-10-10 07:40:07,285 [INFO] Época 25/30, Batch 2600/3348, Loss: 0.3333
2025-10-10 07:40:07,549 [INFO] Época 25/30, Batch 2650/3348, Loss: 0.4017
2025-10-10 07:40:07,812 [INFO] Época 25/30, Batch 2700/3348, Loss: 0.3364
2025-10-10 07:40:08,069 [INFO] Época 25/30, Batch 2750/3348, Loss: 0.3147
2025-10-10 07:40:08,326 [INFO] Época 25/30, Batch 2800/3348, Loss: 0.2978
2025-10-10 07:40:08,584 [INFO] Época 25/30, Batch 2850/3348, Loss: 0.3609
2025-10-10 07:40:08,846 [INFO] Época 25/30, Batch 2900/3348, Loss: 0.2841
2025-10-10 07:40:09,111 [INFO] Época 25/30, Batch 2950/3348, Loss: 0.1810
2025-10-10 07:40:09,381 [INFO] Época 25/30, Batch 3000/3348, Loss: 0.2807
2025-10-10 07:40:09,648 [INFO] Época 25/30, Batch 3050/3348, Loss: 0.3010
2025-10-10 07:40:09,913 [INFO] Época 25/30, Batch 3100/3348, Loss: 0.2638
2025-10-10 07:40:10,172 [INFO] Época 25/30, Batch 3150/3348, Loss: 0.3600
2025-10-10 07:40:10,430 [INFO] Época 25/30, Batch 3200/3348, Loss: 0.4142
2025-10-10 07:40:10,710 [INFO] Época 25/30, Batch 3250/3348, Loss: 0.3298
2025-10-10 07:40:10,977 [INFO] Época 25/30, Batch 3300/3348, Loss: 0.3711
2025-10-10 07:40:12,804 [INFO] [25/30] Train Loss: 0.3632 | Val Loss: 0.2551 | Tempo: 19.37s
2025-10-10 07:40:12,805 [INFO] Early stopping ativado após 10 épocas sem melhoria
2025-10-10 07:40:12,805 [INFO] Treinamento concluído em 483.59 segundos (8.06 minutos)
2025-10-10 07:40:12,805 [INFO] Iniciando avaliação no conjunto de teste...
2025-10-10 07:40:14,258 [INFO] Avaliação do teste concluída em 1.45 segundos
2025-10-10 07:40:14,259 [INFO] MSE no teste: 0.5442
2025-10-10 07:40:14,259 [INFO] RMSE no teste: 0.7377
2025-10-10 07:40:14,259 [INFO] MAE no teste: 0.5066
2025-10-10 07:40:14,260 [INFO] Métricas salvas em /mnt/hdd/home/jdurao/ToolBox-ChemXAI/logs/mlp_att10_EState_metrics.json
