2025-10-10 03:10:11,674 [INFO] Iniciando treinamento do modelo mlp_att7_EState
2025-10-10 03:10:11,674 [INFO] Configuração: att_index=7, epochs=30, layers=[128, 64, 32], lr=0.001, batch_size=32, descriptor_type=EState
2025-10-10 03:10:11,674 [INFO] Diretório para modelos: /mnt/hdd/home/jdurao/ToolBox-ChemXAI/models
2025-10-10 03:10:11,675 [INFO] Carregando dados...
2025-10-10 03:10:11,760 [INFO] Preparando dataloaders sem ruído...
2025-10-10 03:10:14,489 [INFO] Dados carregados em 2.81 segundos
2025-10-10 03:10:14,489 [INFO] Tamanhos dos conjuntos - Treino: 107108, Validação: 13388, Teste: 13389
2025-10-10 03:10:14,489 [INFO] Usando dispositivo: cuda
2025-10-10 03:10:14,828 [INFO] Dimensão de entrada: 79, Dimensão de saída: 1
2025-10-10 03:10:14,829 [INFO] Criando modelo MLP com camadas: [128, 64, 32]
2025-10-10 03:10:14,832 [INFO] Modelo criado com 20609 parâmetros
2025-10-10 03:10:14,833 [INFO] Iniciando treinamento com 30 épocas...
2025-10-10 03:10:15,382 [INFO] Época 1/30, Batch 50/3348, Loss: 0.6401
2025-10-10 03:10:15,645 [INFO] Época 1/30, Batch 100/3348, Loss: 0.3975
2025-10-10 03:10:15,904 [INFO] Época 1/30, Batch 150/3348, Loss: 0.4303
2025-10-10 03:10:16,164 [INFO] Época 1/30, Batch 200/3348, Loss: 0.4004
2025-10-10 03:10:16,426 [INFO] Época 1/30, Batch 250/3348, Loss: 0.3796
2025-10-10 03:10:16,685 [INFO] Época 1/30, Batch 300/3348, Loss: 0.3425
2025-10-10 03:10:16,946 [INFO] Época 1/30, Batch 350/3348, Loss: 0.2723
2025-10-10 03:10:17,205 [INFO] Época 1/30, Batch 400/3348, Loss: 0.3937
2025-10-10 03:10:17,463 [INFO] Época 1/30, Batch 450/3348, Loss: 0.4028
2025-10-10 03:10:17,721 [INFO] Época 1/30, Batch 500/3348, Loss: 0.3894
2025-10-10 03:10:17,984 [INFO] Época 1/30, Batch 550/3348, Loss: 0.3101
2025-10-10 03:10:18,245 [INFO] Época 1/30, Batch 600/3348, Loss: 0.3168
2025-10-10 03:10:18,503 [INFO] Época 1/30, Batch 650/3348, Loss: 0.3516
2025-10-10 03:10:18,762 [INFO] Época 1/30, Batch 700/3348, Loss: 0.3222
2025-10-10 03:10:19,018 [INFO] Época 1/30, Batch 750/3348, Loss: 0.2761
2025-10-10 03:10:19,276 [INFO] Época 1/30, Batch 800/3348, Loss: 0.4361
2025-10-10 03:10:19,536 [INFO] Época 1/30, Batch 850/3348, Loss: 0.3113
2025-10-10 03:10:19,795 [INFO] Época 1/30, Batch 900/3348, Loss: 0.3078
2025-10-10 03:10:20,054 [INFO] Época 1/30, Batch 950/3348, Loss: 0.2399
2025-10-10 03:10:20,314 [INFO] Época 1/30, Batch 1000/3348, Loss: 0.2400
2025-10-10 03:10:20,572 [INFO] Época 1/30, Batch 1050/3348, Loss: 0.3201
2025-10-10 03:10:20,834 [INFO] Época 1/30, Batch 1100/3348, Loss: 0.3624
2025-10-10 03:10:21,091 [INFO] Época 1/30, Batch 1150/3348, Loss: 0.3345
2025-10-10 03:10:21,349 [INFO] Época 1/30, Batch 1200/3348, Loss: 0.4099
2025-10-10 03:10:21,607 [INFO] Época 1/30, Batch 1250/3348, Loss: 0.4374
2025-10-10 03:10:21,866 [INFO] Época 1/30, Batch 1300/3348, Loss: 0.4309
2025-10-10 03:10:22,124 [INFO] Época 1/30, Batch 1350/3348, Loss: 0.2539
2025-10-10 03:10:22,383 [INFO] Época 1/30, Batch 1400/3348, Loss: 0.3555
2025-10-10 03:10:22,644 [INFO] Época 1/30, Batch 1450/3348, Loss: 0.2982
2025-10-10 03:10:22,904 [INFO] Época 1/30, Batch 1500/3348, Loss: 0.3657
2025-10-10 03:10:23,165 [INFO] Época 1/30, Batch 1550/3348, Loss: 0.3759
2025-10-10 03:10:23,424 [INFO] Época 1/30, Batch 1600/3348, Loss: 0.3910
2025-10-10 03:10:23,684 [INFO] Época 1/30, Batch 1650/3348, Loss: 0.3084
2025-10-10 03:10:23,943 [INFO] Época 1/30, Batch 1700/3348, Loss: 0.2771
2025-10-10 03:10:24,201 [INFO] Época 1/30, Batch 1750/3348, Loss: 0.3446
2025-10-10 03:10:24,459 [INFO] Época 1/30, Batch 1800/3348, Loss: 0.3441
2025-10-10 03:10:24,718 [INFO] Época 1/30, Batch 1850/3348, Loss: 0.4044
2025-10-10 03:10:24,981 [INFO] Época 1/30, Batch 1900/3348, Loss: 0.3780
2025-10-10 03:10:25,241 [INFO] Época 1/30, Batch 1950/3348, Loss: 0.3029
2025-10-10 03:10:25,501 [INFO] Época 1/30, Batch 2000/3348, Loss: 0.3856
2025-10-10 03:10:25,760 [INFO] Época 1/30, Batch 2050/3348, Loss: 0.3812
2025-10-10 03:10:26,020 [INFO] Época 1/30, Batch 2100/3348, Loss: 0.3274
2025-10-10 03:10:26,280 [INFO] Época 1/30, Batch 2150/3348, Loss: 0.3567
2025-10-10 03:10:26,539 [INFO] Época 1/30, Batch 2200/3348, Loss: 0.2569
2025-10-10 03:10:26,798 [INFO] Época 1/30, Batch 2250/3348, Loss: 0.3778
2025-10-10 03:10:27,056 [INFO] Época 1/30, Batch 2300/3348, Loss: 0.3684
2025-10-10 03:10:27,315 [INFO] Época 1/30, Batch 2350/3348, Loss: 0.3670
2025-10-10 03:10:27,575 [INFO] Época 1/30, Batch 2400/3348, Loss: 0.3241
2025-10-10 03:10:27,835 [INFO] Época 1/30, Batch 2450/3348, Loss: 0.3111
2025-10-10 03:10:28,093 [INFO] Época 1/30, Batch 2500/3348, Loss: 0.2832
2025-10-10 03:10:28,363 [INFO] Época 1/30, Batch 2550/3348, Loss: 0.2983
2025-10-10 03:10:28,622 [INFO] Época 1/30, Batch 2600/3348, Loss: 0.3873
2025-10-10 03:10:28,883 [INFO] Época 1/30, Batch 2650/3348, Loss: 0.3620
2025-10-10 03:10:29,143 [INFO] Época 1/30, Batch 2700/3348, Loss: 0.3384
2025-10-10 03:10:29,402 [INFO] Época 1/30, Batch 2750/3348, Loss: 0.2747
2025-10-10 03:10:29,661 [INFO] Época 1/30, Batch 2800/3348, Loss: 0.4106
2025-10-10 03:10:29,922 [INFO] Época 1/30, Batch 2850/3348, Loss: 0.2400
2025-10-10 03:10:30,183 [INFO] Época 1/30, Batch 2900/3348, Loss: 0.3692
2025-10-10 03:10:30,442 [INFO] Época 1/30, Batch 2950/3348, Loss: 0.3498
2025-10-10 03:10:30,701 [INFO] Época 1/30, Batch 3000/3348, Loss: 0.4337
2025-10-10 03:10:30,963 [INFO] Época 1/30, Batch 3050/3348, Loss: 0.4474
2025-10-10 03:10:31,224 [INFO] Época 1/30, Batch 3100/3348, Loss: 0.3620
2025-10-10 03:10:31,488 [INFO] Época 1/30, Batch 3150/3348, Loss: 0.3466
2025-10-10 03:10:31,753 [INFO] Época 1/30, Batch 3200/3348, Loss: 0.3103
2025-10-10 03:10:32,015 [INFO] Época 1/30, Batch 3250/3348, Loss: 0.2847
2025-10-10 03:10:32,277 [INFO] Época 1/30, Batch 3300/3348, Loss: 0.2957
2025-10-10 03:10:34,099 [INFO] [1/30] Train Loss: 0.3503 | Val Loss: 0.3247 | Tempo: 19.27s
2025-10-10 03:10:34,103 [INFO] Melhor modelo salvo em: /mnt/hdd/home/jdurao/ToolBox-ChemXAI/models/mlp_qm9_EState_att7_large.pth
2025-10-10 03:10:34,649 [INFO] Época 2/30, Batch 50/3348, Loss: 0.4216
2025-10-10 03:10:34,911 [INFO] Época 2/30, Batch 100/3348, Loss: 0.2680
2025-10-10 03:10:35,170 [INFO] Época 2/30, Batch 150/3348, Loss: 0.3525
2025-10-10 03:10:35,428 [INFO] Época 2/30, Batch 200/3348, Loss: 0.3825
2025-10-10 03:10:35,685 [INFO] Época 2/30, Batch 250/3348, Loss: 0.4886
2025-10-10 03:10:35,944 [INFO] Época 2/30, Batch 300/3348, Loss: 0.3221
2025-10-10 03:10:36,200 [INFO] Época 2/30, Batch 350/3348, Loss: 0.3020
2025-10-10 03:10:36,457 [INFO] Época 2/30, Batch 400/3348, Loss: 0.3276
2025-10-10 03:10:36,717 [INFO] Época 2/30, Batch 450/3348, Loss: 0.2554
2025-10-10 03:10:36,977 [INFO] Época 2/30, Batch 500/3348, Loss: 0.4041
2025-10-10 03:10:37,237 [INFO] Época 2/30, Batch 550/3348, Loss: 0.3321
2025-10-10 03:10:37,500 [INFO] Época 2/30, Batch 600/3348, Loss: 0.3468
2025-10-10 03:10:37,763 [INFO] Época 2/30, Batch 650/3348, Loss: 0.4414
2025-10-10 03:10:38,020 [INFO] Época 2/30, Batch 700/3348, Loss: 0.3256
2025-10-10 03:10:38,269 [INFO] Época 2/30, Batch 750/3348, Loss: 0.3471
2025-10-10 03:10:38,515 [INFO] Época 2/30, Batch 800/3348, Loss: 0.3481
2025-10-10 03:10:38,761 [INFO] Época 2/30, Batch 850/3348, Loss: 0.3162
2025-10-10 03:10:39,011 [INFO] Época 2/30, Batch 900/3348, Loss: 0.3087
2025-10-10 03:10:39,259 [INFO] Época 2/30, Batch 950/3348, Loss: 0.4006
2025-10-10 03:10:39,518 [INFO] Época 2/30, Batch 1000/3348, Loss: 0.3700
2025-10-10 03:10:39,763 [INFO] Época 2/30, Batch 1050/3348, Loss: 0.3063
2025-10-10 03:10:40,008 [INFO] Época 2/30, Batch 1100/3348, Loss: 0.4356
2025-10-10 03:10:40,258 [INFO] Época 2/30, Batch 1150/3348, Loss: 0.3306
2025-10-10 03:10:40,517 [INFO] Época 2/30, Batch 1200/3348, Loss: 0.3494
2025-10-10 03:10:40,775 [INFO] Época 2/30, Batch 1250/3348, Loss: 0.3330
2025-10-10 03:10:41,032 [INFO] Época 2/30, Batch 1300/3348, Loss: 0.3102
2025-10-10 03:10:41,291 [INFO] Época 2/30, Batch 1350/3348, Loss: 0.3090
2025-10-10 03:10:41,551 [INFO] Época 2/30, Batch 1400/3348, Loss: 0.2660
2025-10-10 03:10:41,810 [INFO] Época 2/30, Batch 1450/3348, Loss: 0.2550
2025-10-10 03:10:42,069 [INFO] Época 2/30, Batch 1500/3348, Loss: 0.4299
2025-10-10 03:10:42,329 [INFO] Época 2/30, Batch 1550/3348, Loss: 0.3335
2025-10-10 03:10:42,589 [INFO] Época 2/30, Batch 1600/3348, Loss: 0.4665
2025-10-10 03:10:42,852 [INFO] Época 2/30, Batch 1650/3348, Loss: 0.2995
2025-10-10 03:10:43,113 [INFO] Época 2/30, Batch 1700/3348, Loss: 0.3363
2025-10-10 03:10:43,372 [INFO] Época 2/30, Batch 1750/3348, Loss: 0.3945
2025-10-10 03:10:43,638 [INFO] Época 2/30, Batch 1800/3348, Loss: 0.2546
2025-10-10 03:10:43,905 [INFO] Época 2/30, Batch 1850/3348, Loss: 0.2906
2025-10-10 03:10:44,173 [INFO] Época 2/30, Batch 1900/3348, Loss: 0.2406
2025-10-10 03:10:44,440 [INFO] Época 2/30, Batch 1950/3348, Loss: 0.3317
2025-10-10 03:10:44,717 [INFO] Época 2/30, Batch 2000/3348, Loss: 0.3760
2025-10-10 03:10:44,984 [INFO] Época 2/30, Batch 2050/3348, Loss: 0.2524
2025-10-10 03:10:45,250 [INFO] Época 2/30, Batch 2100/3348, Loss: 0.3630
2025-10-10 03:10:45,519 [INFO] Época 2/30, Batch 2150/3348, Loss: 0.4157
2025-10-10 03:10:45,786 [INFO] Época 2/30, Batch 2200/3348, Loss: 0.2548
2025-10-10 03:10:46,052 [INFO] Época 2/30, Batch 2250/3348, Loss: 0.3077
2025-10-10 03:10:46,317 [INFO] Época 2/30, Batch 2300/3348, Loss: 0.2519
2025-10-10 03:10:46,584 [INFO] Época 2/30, Batch 2350/3348, Loss: 0.2900
2025-10-10 03:10:46,847 [INFO] Época 2/30, Batch 2400/3348, Loss: 0.3482
2025-10-10 03:10:47,110 [INFO] Época 2/30, Batch 2450/3348, Loss: 0.3192
2025-10-10 03:10:47,369 [INFO] Época 2/30, Batch 2500/3348, Loss: 0.2265
2025-10-10 03:10:47,633 [INFO] Época 2/30, Batch 2550/3348, Loss: 0.2943
2025-10-10 03:10:47,895 [INFO] Época 2/30, Batch 2600/3348, Loss: 0.3601
2025-10-10 03:10:48,156 [INFO] Época 2/30, Batch 2650/3348, Loss: 0.2836
2025-10-10 03:10:48,419 [INFO] Época 2/30, Batch 2700/3348, Loss: 0.3699
2025-10-10 03:10:48,679 [INFO] Época 2/30, Batch 2750/3348, Loss: 0.3410
2025-10-10 03:10:48,938 [INFO] Época 2/30, Batch 2800/3348, Loss: 0.3785
2025-10-10 03:10:49,202 [INFO] Época 2/30, Batch 2850/3348, Loss: 0.2128
2025-10-10 03:10:49,461 [INFO] Época 2/30, Batch 2900/3348, Loss: 0.3995
2025-10-10 03:10:49,737 [INFO] Época 2/30, Batch 2950/3348, Loss: 0.2195
2025-10-10 03:10:49,999 [INFO] Época 2/30, Batch 3000/3348, Loss: 0.2834
2025-10-10 03:10:50,260 [INFO] Época 2/30, Batch 3050/3348, Loss: 0.2528
2025-10-10 03:10:50,520 [INFO] Época 2/30, Batch 3100/3348, Loss: 0.3174
2025-10-10 03:10:50,780 [INFO] Época 2/30, Batch 3150/3348, Loss: 0.2200
2025-10-10 03:10:51,041 [INFO] Época 2/30, Batch 3200/3348, Loss: 0.3113
2025-10-10 03:10:51,302 [INFO] Época 2/30, Batch 3250/3348, Loss: 0.3046
2025-10-10 03:10:51,566 [INFO] Época 2/30, Batch 3300/3348, Loss: 0.2905
2025-10-10 03:10:53,320 [INFO] [2/30] Train Loss: 0.3304 | Val Loss: 0.3113 | Tempo: 19.22s
2025-10-10 03:10:53,324 [INFO] Melhor modelo salvo em: /mnt/hdd/home/jdurao/ToolBox-ChemXAI/models/mlp_qm9_EState_att7_large.pth
2025-10-10 03:10:53,874 [INFO] Época 3/30, Batch 50/3348, Loss: 0.3862
2025-10-10 03:10:54,147 [INFO] Época 3/30, Batch 100/3348, Loss: 0.4207
2025-10-10 03:10:54,419 [INFO] Época 3/30, Batch 150/3348, Loss: 0.3205
2025-10-10 03:10:54,690 [INFO] Época 3/30, Batch 200/3348, Loss: 0.3513
2025-10-10 03:10:54,957 [INFO] Época 3/30, Batch 250/3348, Loss: 0.3411
2025-10-10 03:10:55,226 [INFO] Época 3/30, Batch 300/3348, Loss: 0.2244
2025-10-10 03:10:55,492 [INFO] Época 3/30, Batch 350/3348, Loss: 0.3135
2025-10-10 03:10:55,761 [INFO] Época 3/30, Batch 400/3348, Loss: 0.2868
2025-10-10 03:10:56,030 [INFO] Época 3/30, Batch 450/3348, Loss: 0.3459
2025-10-10 03:10:56,299 [INFO] Época 3/30, Batch 500/3348, Loss: 0.2817
2025-10-10 03:10:56,566 [INFO] Época 3/30, Batch 550/3348, Loss: 0.2172
2025-10-10 03:10:56,835 [INFO] Época 3/30, Batch 600/3348, Loss: 0.3800
2025-10-10 03:10:57,105 [INFO] Época 3/30, Batch 650/3348, Loss: 0.3337
2025-10-10 03:10:57,372 [INFO] Época 3/30, Batch 700/3348, Loss: 0.3193
2025-10-10 03:10:57,628 [INFO] Época 3/30, Batch 750/3348, Loss: 0.3178
2025-10-10 03:10:57,886 [INFO] Época 3/30, Batch 800/3348, Loss: 0.3284
2025-10-10 03:10:58,142 [INFO] Época 3/30, Batch 850/3348, Loss: 0.2725
2025-10-10 03:10:58,402 [INFO] Época 3/30, Batch 900/3348, Loss: 0.2493
2025-10-10 03:10:58,660 [INFO] Época 3/30, Batch 950/3348, Loss: 0.2745
2025-10-10 03:10:58,918 [INFO] Época 3/30, Batch 1000/3348, Loss: 0.3587
2025-10-10 03:10:59,171 [INFO] Época 3/30, Batch 1050/3348, Loss: 0.3183
2025-10-10 03:10:59,432 [INFO] Época 3/30, Batch 1100/3348, Loss: 0.3021
2025-10-10 03:10:59,695 [INFO] Época 3/30, Batch 1150/3348, Loss: 0.4058
2025-10-10 03:10:59,970 [INFO] Época 3/30, Batch 1200/3348, Loss: 0.3555
2025-10-10 03:11:00,232 [INFO] Época 3/30, Batch 1250/3348, Loss: 0.2831
2025-10-10 03:11:00,494 [INFO] Época 3/30, Batch 1300/3348, Loss: 0.3714
2025-10-10 03:11:00,758 [INFO] Época 3/30, Batch 1350/3348, Loss: 0.3228
2025-10-10 03:11:01,021 [INFO] Época 3/30, Batch 1400/3348, Loss: 0.3627
2025-10-10 03:11:01,286 [INFO] Época 3/30, Batch 1450/3348, Loss: 0.3369
2025-10-10 03:11:01,548 [INFO] Época 3/30, Batch 1500/3348, Loss: 0.3974
2025-10-10 03:11:01,811 [INFO] Época 3/30, Batch 1550/3348, Loss: 0.3377
2025-10-10 03:11:02,074 [INFO] Época 3/30, Batch 1600/3348, Loss: 0.3434
2025-10-10 03:11:02,337 [INFO] Época 3/30, Batch 1650/3348, Loss: 0.3038
2025-10-10 03:11:02,600 [INFO] Época 3/30, Batch 1700/3348, Loss: 0.4180
2025-10-10 03:11:02,863 [INFO] Época 3/30, Batch 1750/3348, Loss: 0.3456
2025-10-10 03:11:03,129 [INFO] Época 3/30, Batch 1800/3348, Loss: 0.3068
2025-10-10 03:11:03,397 [INFO] Época 3/30, Batch 1850/3348, Loss: 0.3015
2025-10-10 03:11:03,666 [INFO] Época 3/30, Batch 1900/3348, Loss: 0.3220
2025-10-10 03:11:03,935 [INFO] Época 3/30, Batch 1950/3348, Loss: 0.2694
2025-10-10 03:11:04,202 [INFO] Época 3/30, Batch 2000/3348, Loss: 0.3482
2025-10-10 03:11:04,471 [INFO] Época 3/30, Batch 2050/3348, Loss: 0.3349
2025-10-10 03:11:04,733 [INFO] Época 3/30, Batch 2100/3348, Loss: 0.3172
2025-10-10 03:11:05,005 [INFO] Época 3/30, Batch 2150/3348, Loss: 0.3600
2025-10-10 03:11:05,267 [INFO] Época 3/30, Batch 2200/3348, Loss: 0.2701
2025-10-10 03:11:05,530 [INFO] Época 3/30, Batch 2250/3348, Loss: 0.4933
2025-10-10 03:11:05,792 [INFO] Época 3/30, Batch 2300/3348, Loss: 0.3128
2025-10-10 03:11:06,053 [INFO] Época 3/30, Batch 2350/3348, Loss: 0.3633
2025-10-10 03:11:06,315 [INFO] Época 3/30, Batch 2400/3348, Loss: 0.3775
2025-10-10 03:11:06,578 [INFO] Época 3/30, Batch 2450/3348, Loss: 0.3498
2025-10-10 03:11:06,839 [INFO] Época 3/30, Batch 2500/3348, Loss: 0.3700
2025-10-10 03:11:07,096 [INFO] Época 3/30, Batch 2550/3348, Loss: 0.4374
2025-10-10 03:11:07,364 [INFO] Época 3/30, Batch 2600/3348, Loss: 0.3378
2025-10-10 03:11:07,632 [INFO] Época 3/30, Batch 2650/3348, Loss: 0.4161
2025-10-10 03:11:07,902 [INFO] Época 3/30, Batch 2700/3348, Loss: 0.3730
2025-10-10 03:11:08,169 [INFO] Época 3/30, Batch 2750/3348, Loss: 0.3060
2025-10-10 03:11:08,437 [INFO] Época 3/30, Batch 2800/3348, Loss: 0.2845
2025-10-10 03:11:08,704 [INFO] Época 3/30, Batch 2850/3348, Loss: 0.3138
2025-10-10 03:11:08,971 [INFO] Época 3/30, Batch 2900/3348, Loss: 0.2850
2025-10-10 03:11:09,237 [INFO] Época 3/30, Batch 2950/3348, Loss: 0.3353
2025-10-10 03:11:09,505 [INFO] Época 3/30, Batch 3000/3348, Loss: 0.2710
2025-10-10 03:11:09,772 [INFO] Época 3/30, Batch 3050/3348, Loss: 0.3803
2025-10-10 03:11:10,051 [INFO] Época 3/30, Batch 3100/3348, Loss: 0.3189
2025-10-10 03:11:10,320 [INFO] Época 3/30, Batch 3150/3348, Loss: 0.2500
2025-10-10 03:11:10,587 [INFO] Época 3/30, Batch 3200/3348, Loss: 0.3042
2025-10-10 03:11:10,849 [INFO] Época 3/30, Batch 3250/3348, Loss: 0.3478
2025-10-10 03:11:11,106 [INFO] Época 3/30, Batch 3300/3348, Loss: 0.3199
2025-10-10 03:11:12,928 [INFO] [3/30] Train Loss: 0.3264 | Val Loss: 0.3038 | Tempo: 19.60s
2025-10-10 03:11:12,933 [INFO] Melhor modelo salvo em: /mnt/hdd/home/jdurao/ToolBox-ChemXAI/models/mlp_qm9_EState_att7_large.pth
2025-10-10 03:11:13,479 [INFO] Época 4/30, Batch 50/3348, Loss: 0.4271
2025-10-10 03:11:13,737 [INFO] Época 4/30, Batch 100/3348, Loss: 0.2626
2025-10-10 03:11:13,992 [INFO] Época 4/30, Batch 150/3348, Loss: 0.3115
2025-10-10 03:11:14,248 [INFO] Época 4/30, Batch 200/3348, Loss: 0.2476
2025-10-10 03:11:14,502 [INFO] Época 4/30, Batch 250/3348, Loss: 0.3341
2025-10-10 03:11:14,755 [INFO] Época 4/30, Batch 300/3348, Loss: 0.3237
2025-10-10 03:11:15,006 [INFO] Época 4/30, Batch 350/3348, Loss: 0.2875
2025-10-10 03:11:15,259 [INFO] Época 4/30, Batch 400/3348, Loss: 0.3186
2025-10-10 03:11:15,512 [INFO] Época 4/30, Batch 450/3348, Loss: 0.2755
2025-10-10 03:11:15,766 [INFO] Época 4/30, Batch 500/3348, Loss: 0.4562
2025-10-10 03:11:16,020 [INFO] Época 4/30, Batch 550/3348, Loss: 0.2824
2025-10-10 03:11:16,271 [INFO] Época 4/30, Batch 600/3348, Loss: 0.3321
2025-10-10 03:11:16,524 [INFO] Época 4/30, Batch 650/3348, Loss: 0.3089
2025-10-10 03:11:16,782 [INFO] Época 4/30, Batch 700/3348, Loss: 0.2587
2025-10-10 03:11:17,033 [INFO] Época 4/30, Batch 750/3348, Loss: 0.3735
2025-10-10 03:11:17,282 [INFO] Época 4/30, Batch 800/3348, Loss: 0.2901
2025-10-10 03:11:17,532 [INFO] Época 4/30, Batch 850/3348, Loss: 0.2818
2025-10-10 03:11:17,780 [INFO] Época 4/30, Batch 900/3348, Loss: 0.2597
2025-10-10 03:11:18,030 [INFO] Época 4/30, Batch 950/3348, Loss: 0.2774
2025-10-10 03:11:18,277 [INFO] Época 4/30, Batch 1000/3348, Loss: 0.3439
2025-10-10 03:11:18,523 [INFO] Época 4/30, Batch 1050/3348, Loss: 0.3072
2025-10-10 03:11:18,769 [INFO] Época 4/30, Batch 1100/3348, Loss: 0.2685
2025-10-10 03:11:19,030 [INFO] Época 4/30, Batch 1150/3348, Loss: 0.3018
2025-10-10 03:11:19,301 [INFO] Época 4/30, Batch 1200/3348, Loss: 0.3234
2025-10-10 03:11:19,567 [INFO] Época 4/30, Batch 1250/3348, Loss: 0.3557
2025-10-10 03:11:19,831 [INFO] Época 4/30, Batch 1300/3348, Loss: 0.2836
2025-10-10 03:11:20,091 [INFO] Época 4/30, Batch 1350/3348, Loss: 0.3244
2025-10-10 03:11:20,361 [INFO] Época 4/30, Batch 1400/3348, Loss: 0.2901
2025-10-10 03:11:20,620 [INFO] Época 4/30, Batch 1450/3348, Loss: 0.2797
2025-10-10 03:11:20,881 [INFO] Época 4/30, Batch 1500/3348, Loss: 0.3328
2025-10-10 03:11:21,143 [INFO] Época 4/30, Batch 1550/3348, Loss: 0.2666
2025-10-10 03:11:21,403 [INFO] Época 4/30, Batch 1600/3348, Loss: 0.2687
2025-10-10 03:11:21,662 [INFO] Época 4/30, Batch 1650/3348, Loss: 0.2427
2025-10-10 03:11:21,919 [INFO] Época 4/30, Batch 1700/3348, Loss: 0.4833
2025-10-10 03:11:22,178 [INFO] Época 4/30, Batch 1750/3348, Loss: 0.2302
2025-10-10 03:11:22,436 [INFO] Época 4/30, Batch 1800/3348, Loss: 0.2640
2025-10-10 03:11:22,693 [INFO] Época 4/30, Batch 1850/3348, Loss: 0.3082
2025-10-10 03:11:22,952 [INFO] Época 4/30, Batch 1900/3348, Loss: 0.2713
2025-10-10 03:11:23,211 [INFO] Época 4/30, Batch 1950/3348, Loss: 0.2964
2025-10-10 03:11:23,472 [INFO] Época 4/30, Batch 2000/3348, Loss: 0.2672
2025-10-10 03:11:23,731 [INFO] Época 4/30, Batch 2050/3348, Loss: 0.2696
2025-10-10 03:11:23,990 [INFO] Época 4/30, Batch 2100/3348, Loss: 0.3505
2025-10-10 03:11:24,249 [INFO] Época 4/30, Batch 2150/3348, Loss: 0.2883
2025-10-10 03:11:24,507 [INFO] Época 4/30, Batch 2200/3348, Loss: 0.2863
2025-10-10 03:11:24,765 [INFO] Época 4/30, Batch 2250/3348, Loss: 0.2929
2025-10-10 03:11:25,023 [INFO] Época 4/30, Batch 2300/3348, Loss: 0.3144
2025-10-10 03:11:25,280 [INFO] Época 4/30, Batch 2350/3348, Loss: 0.3692
2025-10-10 03:11:25,547 [INFO] Época 4/30, Batch 2400/3348, Loss: 0.3739
2025-10-10 03:11:25,806 [INFO] Época 4/30, Batch 2450/3348, Loss: 0.2952
2025-10-10 03:11:26,066 [INFO] Época 4/30, Batch 2500/3348, Loss: 0.3149
2025-10-10 03:11:26,325 [INFO] Época 4/30, Batch 2550/3348, Loss: 0.3927
2025-10-10 03:11:26,584 [INFO] Época 4/30, Batch 2600/3348, Loss: 0.3421
2025-10-10 03:11:26,841 [INFO] Época 4/30, Batch 2650/3348, Loss: 0.3296
2025-10-10 03:11:27,101 [INFO] Época 4/30, Batch 2700/3348, Loss: 0.3188
2025-10-10 03:11:27,361 [INFO] Época 4/30, Batch 2750/3348, Loss: 0.3667
2025-10-10 03:11:27,620 [INFO] Época 4/30, Batch 2800/3348, Loss: 0.4314
2025-10-10 03:11:27,880 [INFO] Época 4/30, Batch 2850/3348, Loss: 0.3507
2025-10-10 03:11:28,139 [INFO] Época 4/30, Batch 2900/3348, Loss: 0.3703
2025-10-10 03:11:28,399 [INFO] Época 4/30, Batch 2950/3348, Loss: 0.2608
2025-10-10 03:11:28,659 [INFO] Época 4/30, Batch 3000/3348, Loss: 0.4606
2025-10-10 03:11:28,919 [INFO] Época 4/30, Batch 3050/3348, Loss: 0.3197
2025-10-10 03:11:29,177 [INFO] Época 4/30, Batch 3100/3348, Loss: 0.3248
2025-10-10 03:11:29,436 [INFO] Época 4/30, Batch 3150/3348, Loss: 0.3965
2025-10-10 03:11:29,696 [INFO] Época 4/30, Batch 3200/3348, Loss: 0.3702
2025-10-10 03:11:29,957 [INFO] Época 4/30, Batch 3250/3348, Loss: 0.3537
2025-10-10 03:11:30,216 [INFO] Época 4/30, Batch 3300/3348, Loss: 0.3173
2025-10-10 03:11:32,042 [INFO] [4/30] Train Loss: 0.3235 | Val Loss: 0.3054 | Tempo: 19.11s
2025-10-10 03:11:32,597 [INFO] Época 5/30, Batch 50/3348, Loss: 0.2874
2025-10-10 03:11:32,859 [INFO] Época 5/30, Batch 100/3348, Loss: 0.3061
2025-10-10 03:11:33,119 [INFO] Época 5/30, Batch 150/3348, Loss: 0.2470
2025-10-10 03:11:33,378 [INFO] Época 5/30, Batch 200/3348, Loss: 0.3327
2025-10-10 03:11:33,637 [INFO] Época 5/30, Batch 250/3348, Loss: 0.3893
2025-10-10 03:11:33,895 [INFO] Época 5/30, Batch 300/3348, Loss: 0.2819
2025-10-10 03:11:34,153 [INFO] Época 5/30, Batch 350/3348, Loss: 0.3080
2025-10-10 03:11:34,412 [INFO] Época 5/30, Batch 400/3348, Loss: 0.3452
2025-10-10 03:11:34,670 [INFO] Época 5/30, Batch 450/3348, Loss: 0.3761
2025-10-10 03:11:34,932 [INFO] Época 5/30, Batch 500/3348, Loss: 0.3110
2025-10-10 03:11:35,186 [INFO] Época 5/30, Batch 550/3348, Loss: 0.3088
2025-10-10 03:11:35,441 [INFO] Época 5/30, Batch 600/3348, Loss: 0.2388
2025-10-10 03:11:35,696 [INFO] Época 5/30, Batch 650/3348, Loss: 0.3007
2025-10-10 03:11:35,951 [INFO] Época 5/30, Batch 700/3348, Loss: 0.2961
2025-10-10 03:11:36,205 [INFO] Época 5/30, Batch 750/3348, Loss: 0.2301
2025-10-10 03:11:36,453 [INFO] Época 5/30, Batch 800/3348, Loss: 0.2780
2025-10-10 03:11:36,692 [INFO] Época 5/30, Batch 850/3348, Loss: 0.2478
2025-10-10 03:11:36,929 [INFO] Época 5/30, Batch 900/3348, Loss: 0.3602
2025-10-10 03:11:37,167 [INFO] Época 5/30, Batch 950/3348, Loss: 0.2947
2025-10-10 03:11:37,416 [INFO] Época 5/30, Batch 1000/3348, Loss: 0.2822
2025-10-10 03:11:37,656 [INFO] Época 5/30, Batch 1050/3348, Loss: 0.2155
2025-10-10 03:11:37,896 [INFO] Época 5/30, Batch 1100/3348, Loss: 0.3375
2025-10-10 03:11:38,136 [INFO] Época 5/30, Batch 1150/3348, Loss: 0.3591
2025-10-10 03:11:38,381 [INFO] Época 5/30, Batch 1200/3348, Loss: 0.3574
2025-10-10 03:11:38,634 [INFO] Época 5/30, Batch 1250/3348, Loss: 0.3410
2025-10-10 03:11:38,888 [INFO] Época 5/30, Batch 1300/3348, Loss: 0.3596
2025-10-10 03:11:39,141 [INFO] Época 5/30, Batch 1350/3348, Loss: 0.2452
2025-10-10 03:11:39,395 [INFO] Época 5/30, Batch 1400/3348, Loss: 0.2892
2025-10-10 03:11:39,649 [INFO] Época 5/30, Batch 1450/3348, Loss: 0.2740
2025-10-10 03:11:39,904 [INFO] Época 5/30, Batch 1500/3348, Loss: 0.2888
2025-10-10 03:11:40,157 [INFO] Época 5/30, Batch 1550/3348, Loss: 0.3329
2025-10-10 03:11:40,409 [INFO] Época 5/30, Batch 1600/3348, Loss: 0.3038
2025-10-10 03:11:40,663 [INFO] Época 5/30, Batch 1650/3348, Loss: 0.3207
2025-10-10 03:11:40,924 [INFO] Época 5/30, Batch 1700/3348, Loss: 0.2847
2025-10-10 03:11:41,185 [INFO] Época 5/30, Batch 1750/3348, Loss: 0.3492
2025-10-10 03:11:41,446 [INFO] Época 5/30, Batch 1800/3348, Loss: 0.3247
2025-10-10 03:11:41,698 [INFO] Época 5/30, Batch 1850/3348, Loss: 0.3420
2025-10-10 03:11:41,951 [INFO] Época 5/30, Batch 1900/3348, Loss: 0.3884
2025-10-10 03:11:42,203 [INFO] Época 5/30, Batch 1950/3348, Loss: 0.3116
2025-10-10 03:11:42,472 [INFO] Época 5/30, Batch 2000/3348, Loss: 0.2714
2025-10-10 03:11:42,732 [INFO] Época 5/30, Batch 2050/3348, Loss: 0.2224
2025-10-10 03:11:42,991 [INFO] Época 5/30, Batch 2100/3348, Loss: 0.3475
2025-10-10 03:11:43,248 [INFO] Época 5/30, Batch 2150/3348, Loss: 0.2352
2025-10-10 03:11:43,507 [INFO] Época 5/30, Batch 2200/3348, Loss: 0.2043
2025-10-10 03:11:43,767 [INFO] Época 5/30, Batch 2250/3348, Loss: 0.3807
2025-10-10 03:11:44,027 [INFO] Época 5/30, Batch 2300/3348, Loss: 0.3131
2025-10-10 03:11:44,285 [INFO] Época 5/30, Batch 2350/3348, Loss: 0.3399
2025-10-10 03:11:44,543 [INFO] Época 5/30, Batch 2400/3348, Loss: 0.3248
2025-10-10 03:11:44,801 [INFO] Época 5/30, Batch 2450/3348, Loss: 0.3651
2025-10-10 03:11:45,058 [INFO] Época 5/30, Batch 2500/3348, Loss: 0.3152
2025-10-10 03:11:45,318 [INFO] Época 5/30, Batch 2550/3348, Loss: 0.2274
2025-10-10 03:11:45,577 [INFO] Época 5/30, Batch 2600/3348, Loss: 0.3243
2025-10-10 03:11:45,835 [INFO] Época 5/30, Batch 2650/3348, Loss: 0.3345
2025-10-10 03:11:46,097 [INFO] Época 5/30, Batch 2700/3348, Loss: 0.3633
2025-10-10 03:11:46,355 [INFO] Época 5/30, Batch 2750/3348, Loss: 0.2906
2025-10-10 03:11:46,614 [INFO] Época 5/30, Batch 2800/3348, Loss: 0.2696
2025-10-10 03:11:46,872 [INFO] Época 5/30, Batch 2850/3348, Loss: 0.3480
2025-10-10 03:11:47,133 [INFO] Época 5/30, Batch 2900/3348, Loss: 0.3735
2025-10-10 03:11:47,395 [INFO] Época 5/30, Batch 2950/3348, Loss: 0.3205
2025-10-10 03:11:47,668 [INFO] Época 5/30, Batch 3000/3348, Loss: 0.3077
2025-10-10 03:11:47,932 [INFO] Época 5/30, Batch 3050/3348, Loss: 0.3743
2025-10-10 03:11:48,196 [INFO] Época 5/30, Batch 3100/3348, Loss: 0.3349
2025-10-10 03:11:48,461 [INFO] Época 5/30, Batch 3150/3348, Loss: 0.2147
2025-10-10 03:11:48,729 [INFO] Época 5/30, Batch 3200/3348, Loss: 0.2959
2025-10-10 03:11:48,998 [INFO] Época 5/30, Batch 3250/3348, Loss: 0.3646
2025-10-10 03:11:49,266 [INFO] Época 5/30, Batch 3300/3348, Loss: 0.2822
2025-10-10 03:11:51,042 [INFO] [5/30] Train Loss: 0.3210 | Val Loss: 0.3041 | Tempo: 19.00s
2025-10-10 03:11:51,579 [INFO] Época 6/30, Batch 50/3348, Loss: 0.2554
2025-10-10 03:11:51,841 [INFO] Época 6/30, Batch 100/3348, Loss: 0.2953
2025-10-10 03:11:52,099 [INFO] Época 6/30, Batch 150/3348, Loss: 0.3505
2025-10-10 03:11:52,357 [INFO] Época 6/30, Batch 200/3348, Loss: 0.3753
2025-10-10 03:11:52,615 [INFO] Época 6/30, Batch 250/3348, Loss: 0.3264
2025-10-10 03:11:52,882 [INFO] Época 6/30, Batch 300/3348, Loss: 0.4021
2025-10-10 03:11:53,140 [INFO] Época 6/30, Batch 350/3348, Loss: 0.2695
2025-10-10 03:11:53,398 [INFO] Época 6/30, Batch 400/3348, Loss: 0.3687
2025-10-10 03:11:53,655 [INFO] Época 6/30, Batch 450/3348, Loss: 0.3771
2025-10-10 03:11:53,913 [INFO] Época 6/30, Batch 500/3348, Loss: 0.4126
2025-10-10 03:11:54,174 [INFO] Época 6/30, Batch 550/3348, Loss: 0.3553
2025-10-10 03:11:54,433 [INFO] Época 6/30, Batch 600/3348, Loss: 0.4514
2025-10-10 03:11:54,690 [INFO] Época 6/30, Batch 650/3348, Loss: 0.3538
2025-10-10 03:11:54,949 [INFO] Época 6/30, Batch 700/3348, Loss: 0.3967
2025-10-10 03:11:55,203 [INFO] Época 6/30, Batch 750/3348, Loss: 0.2939
2025-10-10 03:11:55,461 [INFO] Época 6/30, Batch 800/3348, Loss: 0.3917
2025-10-10 03:11:55,718 [INFO] Época 6/30, Batch 850/3348, Loss: 0.2492
2025-10-10 03:11:55,975 [INFO] Época 6/30, Batch 900/3348, Loss: 0.3598
2025-10-10 03:11:56,232 [INFO] Época 6/30, Batch 950/3348, Loss: 0.4229
2025-10-10 03:11:56,488 [INFO] Época 6/30, Batch 1000/3348, Loss: 0.2725
2025-10-10 03:11:56,745 [INFO] Época 6/30, Batch 1050/3348, Loss: 0.2982
2025-10-10 03:11:57,001 [INFO] Época 6/30, Batch 1100/3348, Loss: 0.3709
2025-10-10 03:11:57,258 [INFO] Época 6/30, Batch 1150/3348, Loss: 0.2240
2025-10-10 03:11:57,513 [INFO] Época 6/30, Batch 1200/3348, Loss: 0.3788
2025-10-10 03:11:57,768 [INFO] Época 6/30, Batch 1250/3348, Loss: 0.3650
2025-10-10 03:11:58,025 [INFO] Época 6/30, Batch 1300/3348, Loss: 0.3394
2025-10-10 03:11:58,280 [INFO] Época 6/30, Batch 1350/3348, Loss: 0.3435
2025-10-10 03:11:58,536 [INFO] Época 6/30, Batch 1400/3348, Loss: 0.2674
2025-10-10 03:11:58,793 [INFO] Época 6/30, Batch 1450/3348, Loss: 0.2543
2025-10-10 03:11:59,046 [INFO] Época 6/30, Batch 1500/3348, Loss: 0.2792
2025-10-10 03:11:59,303 [INFO] Época 6/30, Batch 1550/3348, Loss: 0.3537
2025-10-10 03:11:59,559 [INFO] Época 6/30, Batch 1600/3348, Loss: 0.2952
2025-10-10 03:11:59,815 [INFO] Época 6/30, Batch 1650/3348, Loss: 0.2927
2025-10-10 03:12:00,071 [INFO] Época 6/30, Batch 1700/3348, Loss: 0.3550
2025-10-10 03:12:00,329 [INFO] Época 6/30, Batch 1750/3348, Loss: 0.3030
2025-10-10 03:12:00,587 [INFO] Época 6/30, Batch 1800/3348, Loss: 0.2902
2025-10-10 03:12:00,847 [INFO] Época 6/30, Batch 1850/3348, Loss: 0.3186
2025-10-10 03:12:01,106 [INFO] Época 6/30, Batch 1900/3348, Loss: 0.3268
2025-10-10 03:12:01,364 [INFO] Época 6/30, Batch 1950/3348, Loss: 0.2619
2025-10-10 03:12:01,622 [INFO] Época 6/30, Batch 2000/3348, Loss: 0.3567
2025-10-10 03:12:01,883 [INFO] Época 6/30, Batch 2050/3348, Loss: 0.3342
2025-10-10 03:12:02,142 [INFO] Época 6/30, Batch 2100/3348, Loss: 0.3708
2025-10-10 03:12:02,400 [INFO] Época 6/30, Batch 2150/3348, Loss: 0.3703
2025-10-10 03:12:02,658 [INFO] Época 6/30, Batch 2200/3348, Loss: 0.4847
2025-10-10 03:12:02,918 [INFO] Época 6/30, Batch 2250/3348, Loss: 0.4400
2025-10-10 03:12:03,180 [INFO] Época 6/30, Batch 2300/3348, Loss: 0.2710
2025-10-10 03:12:03,437 [INFO] Época 6/30, Batch 2350/3348, Loss: 0.3433
2025-10-10 03:12:03,696 [INFO] Época 6/30, Batch 2400/3348, Loss: 0.3801
2025-10-10 03:12:03,952 [INFO] Época 6/30, Batch 2450/3348, Loss: 0.2401
2025-10-10 03:12:04,210 [INFO] Época 6/30, Batch 2500/3348, Loss: 0.2628
2025-10-10 03:12:04,467 [INFO] Época 6/30, Batch 2550/3348, Loss: 0.3093
2025-10-10 03:12:04,724 [INFO] Época 6/30, Batch 2600/3348, Loss: 0.2779
2025-10-10 03:12:04,981 [INFO] Época 6/30, Batch 2650/3348, Loss: 0.2756
2025-10-10 03:12:05,240 [INFO] Época 6/30, Batch 2700/3348, Loss: 0.3542
2025-10-10 03:12:05,498 [INFO] Época 6/30, Batch 2750/3348, Loss: 0.2881
2025-10-10 03:12:05,756 [INFO] Época 6/30, Batch 2800/3348, Loss: 0.2810
2025-10-10 03:12:06,014 [INFO] Época 6/30, Batch 2850/3348, Loss: 0.2004
2025-10-10 03:12:06,273 [INFO] Época 6/30, Batch 2900/3348, Loss: 0.3755
2025-10-10 03:12:06,531 [INFO] Época 6/30, Batch 2950/3348, Loss: 0.2408
2025-10-10 03:12:06,788 [INFO] Época 6/30, Batch 3000/3348, Loss: 0.2987
2025-10-10 03:12:07,048 [INFO] Época 6/30, Batch 3050/3348, Loss: 0.3702
2025-10-10 03:12:07,310 [INFO] Época 6/30, Batch 3100/3348, Loss: 0.3296
2025-10-10 03:12:07,569 [INFO] Época 6/30, Batch 3150/3348, Loss: 0.3307
2025-10-10 03:12:07,828 [INFO] Época 6/30, Batch 3200/3348, Loss: 0.3042
2025-10-10 03:12:08,088 [INFO] Época 6/30, Batch 3250/3348, Loss: 0.2313
2025-10-10 03:12:08,349 [INFO] Época 6/30, Batch 3300/3348, Loss: 0.3589
2025-10-10 03:12:10,151 [INFO] [6/30] Train Loss: 0.3194 | Val Loss: 0.3035 | Tempo: 19.11s
2025-10-10 03:12:10,155 [INFO] Melhor modelo salvo em: /mnt/hdd/home/jdurao/ToolBox-ChemXAI/models/mlp_qm9_EState_att7_large.pth
2025-10-10 03:12:10,719 [INFO] Época 7/30, Batch 50/3348, Loss: 0.3089
2025-10-10 03:12:10,981 [INFO] Época 7/30, Batch 100/3348, Loss: 0.3679
2025-10-10 03:12:11,242 [INFO] Época 7/30, Batch 150/3348, Loss: 0.3116
2025-10-10 03:12:11,499 [INFO] Época 7/30, Batch 200/3348, Loss: 0.2172
2025-10-10 03:12:11,755 [INFO] Época 7/30, Batch 250/3348, Loss: 0.3027
2025-10-10 03:12:12,014 [INFO] Época 7/30, Batch 300/3348, Loss: 0.3286
2025-10-10 03:12:12,272 [INFO] Época 7/30, Batch 350/3348, Loss: 0.3458
2025-10-10 03:12:12,531 [INFO] Época 7/30, Batch 400/3348, Loss: 0.3631
2025-10-10 03:12:12,788 [INFO] Época 7/30, Batch 450/3348, Loss: 0.3064
2025-10-10 03:12:13,045 [INFO] Época 7/30, Batch 500/3348, Loss: 0.3151
2025-10-10 03:12:13,305 [INFO] Época 7/30, Batch 550/3348, Loss: 0.4442
2025-10-10 03:12:13,574 [INFO] Época 7/30, Batch 600/3348, Loss: 0.2852
2025-10-10 03:12:13,831 [INFO] Época 7/30, Batch 650/3348, Loss: 0.2907
2025-10-10 03:12:14,086 [INFO] Época 7/30, Batch 700/3348, Loss: 0.3971
2025-10-10 03:12:14,344 [INFO] Época 7/30, Batch 750/3348, Loss: 0.3647
2025-10-10 03:12:14,602 [INFO] Época 7/30, Batch 800/3348, Loss: 0.3468
2025-10-10 03:12:14,860 [INFO] Época 7/30, Batch 850/3348, Loss: 0.3381
2025-10-10 03:12:15,119 [INFO] Época 7/30, Batch 900/3348, Loss: 0.3996
2025-10-10 03:12:15,379 [INFO] Época 7/30, Batch 950/3348, Loss: 0.2885
2025-10-10 03:12:15,639 [INFO] Época 7/30, Batch 1000/3348, Loss: 0.2883
2025-10-10 03:12:15,896 [INFO] Época 7/30, Batch 1050/3348, Loss: 0.3577
2025-10-10 03:12:16,154 [INFO] Época 7/30, Batch 1100/3348, Loss: 0.3712
2025-10-10 03:12:16,411 [INFO] Época 7/30, Batch 1150/3348, Loss: 0.2968
2025-10-10 03:12:16,671 [INFO] Época 7/30, Batch 1200/3348, Loss: 0.2829
2025-10-10 03:12:16,929 [INFO] Época 7/30, Batch 1250/3348, Loss: 0.1943
2025-10-10 03:12:17,186 [INFO] Época 7/30, Batch 1300/3348, Loss: 0.2844
2025-10-10 03:12:17,447 [INFO] Época 7/30, Batch 1350/3348, Loss: 0.3933
2025-10-10 03:12:17,705 [INFO] Época 7/30, Batch 1400/3348, Loss: 0.3676
2025-10-10 03:12:17,962 [INFO] Época 7/30, Batch 1450/3348, Loss: 0.3159
2025-10-10 03:12:18,221 [INFO] Época 7/30, Batch 1500/3348, Loss: 0.2233
2025-10-10 03:12:18,479 [INFO] Época 7/30, Batch 1550/3348, Loss: 0.4294
2025-10-10 03:12:18,749 [INFO] Época 7/30, Batch 1600/3348, Loss: 0.4665
2025-10-10 03:12:19,005 [INFO] Época 7/30, Batch 1650/3348, Loss: 0.3224
2025-10-10 03:12:19,263 [INFO] Época 7/30, Batch 1700/3348, Loss: 0.2851
2025-10-10 03:12:19,525 [INFO] Época 7/30, Batch 1750/3348, Loss: 0.3819
2025-10-10 03:12:19,785 [INFO] Época 7/30, Batch 1800/3348, Loss: 0.2594
2025-10-10 03:12:20,044 [INFO] Época 7/30, Batch 1850/3348, Loss: 0.2789
2025-10-10 03:12:20,303 [INFO] Época 7/30, Batch 1900/3348, Loss: 0.3546
2025-10-10 03:12:20,561 [INFO] Época 7/30, Batch 1950/3348, Loss: 0.3325
2025-10-10 03:12:20,821 [INFO] Época 7/30, Batch 2000/3348, Loss: 0.4428
2025-10-10 03:12:21,080 [INFO] Época 7/30, Batch 2050/3348, Loss: 0.3338
2025-10-10 03:12:21,337 [INFO] Época 7/30, Batch 2100/3348, Loss: 0.3214
2025-10-10 03:12:21,596 [INFO] Época 7/30, Batch 2150/3348, Loss: 0.3649
2025-10-10 03:12:21,855 [INFO] Época 7/30, Batch 2200/3348, Loss: 0.3312
2025-10-10 03:12:22,113 [INFO] Época 7/30, Batch 2250/3348, Loss: 0.3065
2025-10-10 03:12:22,373 [INFO] Época 7/30, Batch 2300/3348, Loss: 0.3518
2025-10-10 03:12:22,633 [INFO] Época 7/30, Batch 2350/3348, Loss: 0.3165
2025-10-10 03:12:22,891 [INFO] Época 7/30, Batch 2400/3348, Loss: 0.2928
2025-10-10 03:12:23,148 [INFO] Época 7/30, Batch 2450/3348, Loss: 0.2851
2025-10-10 03:12:23,407 [INFO] Época 7/30, Batch 2500/3348, Loss: 0.3812
2025-10-10 03:12:23,663 [INFO] Época 7/30, Batch 2550/3348, Loss: 0.2910
2025-10-10 03:12:23,933 [INFO] Época 7/30, Batch 2600/3348, Loss: 0.3365
2025-10-10 03:12:24,192 [INFO] Época 7/30, Batch 2650/3348, Loss: 0.2626
2025-10-10 03:12:24,450 [INFO] Época 7/30, Batch 2700/3348, Loss: 0.2539
2025-10-10 03:12:24,710 [INFO] Época 7/30, Batch 2750/3348, Loss: 0.2398
2025-10-10 03:12:24,969 [INFO] Época 7/30, Batch 2800/3348, Loss: 0.4490
2025-10-10 03:12:25,229 [INFO] Época 7/30, Batch 2850/3348, Loss: 0.3596
2025-10-10 03:12:25,488 [INFO] Época 7/30, Batch 2900/3348, Loss: 0.2564
2025-10-10 03:12:25,749 [INFO] Época 7/30, Batch 2950/3348, Loss: 0.3474
2025-10-10 03:12:26,009 [INFO] Época 7/30, Batch 3000/3348, Loss: 0.4059
2025-10-10 03:12:26,267 [INFO] Época 7/30, Batch 3050/3348, Loss: 0.2149
2025-10-10 03:12:26,527 [INFO] Época 7/30, Batch 3100/3348, Loss: 0.3954
2025-10-10 03:12:26,785 [INFO] Época 7/30, Batch 3150/3348, Loss: 0.3229
2025-10-10 03:12:27,043 [INFO] Época 7/30, Batch 3200/3348, Loss: 0.3050
2025-10-10 03:12:27,302 [INFO] Época 7/30, Batch 3250/3348, Loss: 0.4621
2025-10-10 03:12:27,562 [INFO] Época 7/30, Batch 3300/3348, Loss: 0.3173
2025-10-10 03:12:29,359 [INFO] [7/30] Train Loss: 0.3184 | Val Loss: 0.3028 | Tempo: 19.20s
2025-10-10 03:12:29,374 [INFO] Melhor modelo salvo em: /mnt/hdd/home/jdurao/ToolBox-ChemXAI/models/mlp_qm9_EState_att7_large.pth
2025-10-10 03:12:29,925 [INFO] Época 8/30, Batch 50/3348, Loss: 0.2377
2025-10-10 03:12:30,186 [INFO] Época 8/30, Batch 100/3348, Loss: 0.3922
2025-10-10 03:12:30,444 [INFO] Época 8/30, Batch 150/3348, Loss: 0.3386
2025-10-10 03:12:30,699 [INFO] Época 8/30, Batch 200/3348, Loss: 0.2649
2025-10-10 03:12:30,955 [INFO] Época 8/30, Batch 250/3348, Loss: 0.3184
2025-10-10 03:12:31,214 [INFO] Época 8/30, Batch 300/3348, Loss: 0.2536
2025-10-10 03:12:31,473 [INFO] Época 8/30, Batch 350/3348, Loss: 0.3911
2025-10-10 03:12:31,730 [INFO] Época 8/30, Batch 400/3348, Loss: 0.3339
2025-10-10 03:12:31,987 [INFO] Época 8/30, Batch 450/3348, Loss: 0.4403
2025-10-10 03:12:32,245 [INFO] Época 8/30, Batch 500/3348, Loss: 0.3763
2025-10-10 03:12:32,504 [INFO] Época 8/30, Batch 550/3348, Loss: 0.3137
2025-10-10 03:12:32,762 [INFO] Época 8/30, Batch 600/3348, Loss: 0.2297
2025-10-10 03:12:33,020 [INFO] Época 8/30, Batch 650/3348, Loss: 0.3586
2025-10-10 03:12:33,274 [INFO] Época 8/30, Batch 700/3348, Loss: 0.2704
2025-10-10 03:12:33,529 [INFO] Época 8/30, Batch 750/3348, Loss: 0.2398
2025-10-10 03:12:33,783 [INFO] Época 8/30, Batch 800/3348, Loss: 0.2466
2025-10-10 03:12:34,040 [INFO] Época 8/30, Batch 850/3348, Loss: 0.2304
2025-10-10 03:12:34,293 [INFO] Época 8/30, Batch 900/3348, Loss: 0.3048
2025-10-10 03:12:34,547 [INFO] Época 8/30, Batch 950/3348, Loss: 0.2687
2025-10-10 03:12:34,811 [INFO] Época 8/30, Batch 1000/3348, Loss: 0.3101
2025-10-10 03:12:35,066 [INFO] Época 8/30, Batch 1050/3348, Loss: 0.3886
2025-10-10 03:12:35,323 [INFO] Época 8/30, Batch 1100/3348, Loss: 0.4925
2025-10-10 03:12:35,578 [INFO] Época 8/30, Batch 1150/3348, Loss: 0.3007
2025-10-10 03:12:35,832 [INFO] Época 8/30, Batch 1200/3348, Loss: 0.2865
2025-10-10 03:12:36,090 [INFO] Época 8/30, Batch 1250/3348, Loss: 0.2868
2025-10-10 03:12:36,347 [INFO] Época 8/30, Batch 1300/3348, Loss: 0.4223
2025-10-10 03:12:36,604 [INFO] Época 8/30, Batch 1350/3348, Loss: 0.3364
2025-10-10 03:12:36,859 [INFO] Época 8/30, Batch 1400/3348, Loss: 0.3291
2025-10-10 03:12:37,114 [INFO] Época 8/30, Batch 1450/3348, Loss: 0.2678
2025-10-10 03:12:37,369 [INFO] Época 8/30, Batch 1500/3348, Loss: 0.2485
2025-10-10 03:12:37,624 [INFO] Época 8/30, Batch 1550/3348, Loss: 0.2984
2025-10-10 03:12:37,883 [INFO] Época 8/30, Batch 1600/3348, Loss: 0.2507
2025-10-10 03:12:38,140 [INFO] Época 8/30, Batch 1650/3348, Loss: 0.4326
2025-10-10 03:12:38,399 [INFO] Época 8/30, Batch 1700/3348, Loss: 0.4545
2025-10-10 03:12:38,657 [INFO] Época 8/30, Batch 1750/3348, Loss: 0.3307
2025-10-10 03:12:38,915 [INFO] Época 8/30, Batch 1800/3348, Loss: 0.4440
2025-10-10 03:12:39,170 [INFO] Época 8/30, Batch 1850/3348, Loss: 0.2928
2025-10-10 03:12:39,429 [INFO] Época 8/30, Batch 1900/3348, Loss: 0.2438
2025-10-10 03:12:39,687 [INFO] Época 8/30, Batch 1950/3348, Loss: 0.2794
2025-10-10 03:12:39,948 [INFO] Época 8/30, Batch 2000/3348, Loss: 0.2180
2025-10-10 03:12:40,205 [INFO] Época 8/30, Batch 2050/3348, Loss: 0.2223
2025-10-10 03:12:40,463 [INFO] Época 8/30, Batch 2100/3348, Loss: 0.3732
2025-10-10 03:12:40,720 [INFO] Época 8/30, Batch 2150/3348, Loss: 0.3481
2025-10-10 03:12:40,977 [INFO] Época 8/30, Batch 2200/3348, Loss: 0.3792
2025-10-10 03:12:41,235 [INFO] Época 8/30, Batch 2250/3348, Loss: 0.3946
2025-10-10 03:12:41,494 [INFO] Época 8/30, Batch 2300/3348, Loss: 0.3242
2025-10-10 03:12:41,751 [INFO] Época 8/30, Batch 2350/3348, Loss: 0.3114
2025-10-10 03:12:42,011 [INFO] Época 8/30, Batch 2400/3348, Loss: 0.3072
2025-10-10 03:12:42,271 [INFO] Época 8/30, Batch 2450/3348, Loss: 0.2881
2025-10-10 03:12:42,528 [INFO] Época 8/30, Batch 2500/3348, Loss: 0.2858
2025-10-10 03:12:42,785 [INFO] Época 8/30, Batch 2550/3348, Loss: 0.2590
2025-10-10 03:12:43,043 [INFO] Época 8/30, Batch 2600/3348, Loss: 0.3500
2025-10-10 03:12:43,302 [INFO] Época 8/30, Batch 2650/3348, Loss: 0.4406
2025-10-10 03:12:43,560 [INFO] Época 8/30, Batch 2700/3348, Loss: 0.2892
2025-10-10 03:12:43,816 [INFO] Época 8/30, Batch 2750/3348, Loss: 0.3222
2025-10-10 03:12:44,072 [INFO] Época 8/30, Batch 2800/3348, Loss: 0.2636
2025-10-10 03:12:44,328 [INFO] Época 8/30, Batch 2850/3348, Loss: 0.4446
2025-10-10 03:12:44,588 [INFO] Época 8/30, Batch 2900/3348, Loss: 0.3681
2025-10-10 03:12:44,846 [INFO] Época 8/30, Batch 2950/3348, Loss: 0.3872
2025-10-10 03:12:45,113 [INFO] Época 8/30, Batch 3000/3348, Loss: 0.2780
2025-10-10 03:12:45,370 [INFO] Época 8/30, Batch 3050/3348, Loss: 0.3858
2025-10-10 03:12:45,627 [INFO] Época 8/30, Batch 3100/3348, Loss: 0.2225
2025-10-10 03:12:45,885 [INFO] Época 8/30, Batch 3150/3348, Loss: 0.4005
2025-10-10 03:12:46,142 [INFO] Época 8/30, Batch 3200/3348, Loss: 0.5137
2025-10-10 03:12:46,400 [INFO] Época 8/30, Batch 3250/3348, Loss: 0.3840
2025-10-10 03:12:46,654 [INFO] Época 8/30, Batch 3300/3348, Loss: 0.3502
2025-10-10 03:12:48,434 [INFO] [8/30] Train Loss: 0.3173 | Val Loss: 0.3061 | Tempo: 19.06s
2025-10-10 03:12:48,986 [INFO] Época 9/30, Batch 50/3348, Loss: 0.3865
2025-10-10 03:12:49,251 [INFO] Época 9/30, Batch 100/3348, Loss: 0.2482
2025-10-10 03:12:49,516 [INFO] Época 9/30, Batch 150/3348, Loss: 0.3646
2025-10-10 03:12:49,778 [INFO] Época 9/30, Batch 200/3348, Loss: 0.4453
2025-10-10 03:12:50,042 [INFO] Época 9/30, Batch 250/3348, Loss: 0.3507
2025-10-10 03:12:50,305 [INFO] Época 9/30, Batch 300/3348, Loss: 0.2165
2025-10-10 03:12:50,567 [INFO] Época 9/30, Batch 350/3348, Loss: 0.2877
2025-10-10 03:12:50,829 [INFO] Época 9/30, Batch 400/3348, Loss: 0.2986
2025-10-10 03:12:51,089 [INFO] Época 9/30, Batch 450/3348, Loss: 0.2477
2025-10-10 03:12:51,349 [INFO] Época 9/30, Batch 500/3348, Loss: 0.3468
2025-10-10 03:12:51,609 [INFO] Época 9/30, Batch 550/3348, Loss: 0.4463
2025-10-10 03:12:51,872 [INFO] Época 9/30, Batch 600/3348, Loss: 0.2769
2025-10-10 03:12:52,134 [INFO] Época 9/30, Batch 650/3348, Loss: 0.2671
2025-10-10 03:12:52,396 [INFO] Época 9/30, Batch 700/3348, Loss: 0.2483
2025-10-10 03:12:52,659 [INFO] Época 9/30, Batch 750/3348, Loss: 0.1933
2025-10-10 03:12:52,919 [INFO] Época 9/30, Batch 800/3348, Loss: 0.2889
2025-10-10 03:12:53,168 [INFO] Época 9/30, Batch 850/3348, Loss: 0.4322
2025-10-10 03:12:53,418 [INFO] Época 9/30, Batch 900/3348, Loss: 0.3332
2025-10-10 03:12:53,677 [INFO] Época 9/30, Batch 950/3348, Loss: 0.3084
2025-10-10 03:12:53,936 [INFO] Época 9/30, Batch 1000/3348, Loss: 0.2641
2025-10-10 03:12:54,196 [INFO] Época 9/30, Batch 1050/3348, Loss: 0.2945
2025-10-10 03:12:54,457 [INFO] Época 9/30, Batch 1100/3348, Loss: 0.3399
2025-10-10 03:12:54,717 [INFO] Época 9/30, Batch 1150/3348, Loss: 0.2718
2025-10-10 03:12:54,975 [INFO] Época 9/30, Batch 1200/3348, Loss: 0.2056
2025-10-10 03:12:55,233 [INFO] Época 9/30, Batch 1250/3348, Loss: 0.3297
2025-10-10 03:12:55,493 [INFO] Época 9/30, Batch 1300/3348, Loss: 0.3707
2025-10-10 03:12:55,751 [INFO] Época 9/30, Batch 1350/3348, Loss: 0.3569
2025-10-10 03:12:56,010 [INFO] Época 9/30, Batch 1400/3348, Loss: 0.4274
2025-10-10 03:12:56,269 [INFO] Época 9/30, Batch 1450/3348, Loss: 0.2489
2025-10-10 03:12:56,527 [INFO] Época 9/30, Batch 1500/3348, Loss: 0.2250
2025-10-10 03:12:56,787 [INFO] Época 9/30, Batch 1550/3348, Loss: 0.4155
2025-10-10 03:12:57,047 [INFO] Época 9/30, Batch 1600/3348, Loss: 0.2922
2025-10-10 03:12:57,306 [INFO] Época 9/30, Batch 1650/3348, Loss: 0.3403
2025-10-10 03:12:57,566 [INFO] Época 9/30, Batch 1700/3348, Loss: 0.3595
2025-10-10 03:12:57,825 [INFO] Época 9/30, Batch 1750/3348, Loss: 0.2605
2025-10-10 03:12:58,085 [INFO] Época 9/30, Batch 1800/3348, Loss: 0.3686
2025-10-10 03:12:58,345 [INFO] Época 9/30, Batch 1850/3348, Loss: 0.2854
2025-10-10 03:12:58,606 [INFO] Época 9/30, Batch 1900/3348, Loss: 0.2888
2025-10-10 03:12:58,866 [INFO] Época 9/30, Batch 1950/3348, Loss: 0.3622
2025-10-10 03:12:59,126 [INFO] Época 9/30, Batch 2000/3348, Loss: 0.1971
2025-10-10 03:12:59,387 [INFO] Época 9/30, Batch 2050/3348, Loss: 0.3127
2025-10-10 03:12:59,648 [INFO] Época 9/30, Batch 2100/3348, Loss: 0.3095
2025-10-10 03:12:59,909 [INFO] Época 9/30, Batch 2150/3348, Loss: 0.3380
2025-10-10 03:13:00,171 [INFO] Época 9/30, Batch 2200/3348, Loss: 0.2631
2025-10-10 03:13:00,432 [INFO] Época 9/30, Batch 2250/3348, Loss: 0.2502
2025-10-10 03:13:00,702 [INFO] Época 9/30, Batch 2300/3348, Loss: 0.3474
2025-10-10 03:13:00,961 [INFO] Época 9/30, Batch 2350/3348, Loss: 0.3565
2025-10-10 03:13:01,223 [INFO] Época 9/30, Batch 2400/3348, Loss: 0.2479
2025-10-10 03:13:01,484 [INFO] Época 9/30, Batch 2450/3348, Loss: 0.2518
2025-10-10 03:13:01,743 [INFO] Época 9/30, Batch 2500/3348, Loss: 0.3269
2025-10-10 03:13:02,002 [INFO] Época 9/30, Batch 2550/3348, Loss: 0.2486
2025-10-10 03:13:02,261 [INFO] Época 9/30, Batch 2600/3348, Loss: 0.3541
2025-10-10 03:13:02,520 [INFO] Época 9/30, Batch 2650/3348, Loss: 0.3616
2025-10-10 03:13:02,780 [INFO] Época 9/30, Batch 2700/3348, Loss: 0.3054
2025-10-10 03:13:03,038 [INFO] Época 9/30, Batch 2750/3348, Loss: 0.3687
2025-10-10 03:13:03,295 [INFO] Época 9/30, Batch 2800/3348, Loss: 0.2543
2025-10-10 03:13:03,555 [INFO] Época 9/30, Batch 2850/3348, Loss: 0.2273
2025-10-10 03:13:03,812 [INFO] Época 9/30, Batch 2900/3348, Loss: 0.2693
2025-10-10 03:13:04,073 [INFO] Época 9/30, Batch 2950/3348, Loss: 0.3701
2025-10-10 03:13:04,333 [INFO] Época 9/30, Batch 3000/3348, Loss: 0.3082
2025-10-10 03:13:04,591 [INFO] Época 9/30, Batch 3050/3348, Loss: 0.4651
2025-10-10 03:13:04,851 [INFO] Época 9/30, Batch 3100/3348, Loss: 0.3132
2025-10-10 03:13:05,110 [INFO] Época 9/30, Batch 3150/3348, Loss: 0.3253
2025-10-10 03:13:05,371 [INFO] Época 9/30, Batch 3200/3348, Loss: 0.2773
2025-10-10 03:13:05,629 [INFO] Época 9/30, Batch 3250/3348, Loss: 0.3353
2025-10-10 03:13:05,892 [INFO] Época 9/30, Batch 3300/3348, Loss: 0.4178
2025-10-10 03:13:07,591 [INFO] [9/30] Train Loss: 0.3160 | Val Loss: 0.3011 | Tempo: 19.16s
2025-10-10 03:13:07,595 [INFO] Melhor modelo salvo em: /mnt/hdd/home/jdurao/ToolBox-ChemXAI/models/mlp_qm9_EState_att7_large.pth
2025-10-10 03:13:08,131 [INFO] Época 10/30, Batch 50/3348, Loss: 0.2304
2025-10-10 03:13:08,392 [INFO] Época 10/30, Batch 100/3348, Loss: 0.3246
2025-10-10 03:13:08,651 [INFO] Época 10/30, Batch 150/3348, Loss: 0.2690
2025-10-10 03:13:08,908 [INFO] Época 10/30, Batch 200/3348, Loss: 0.4080
2025-10-10 03:13:09,164 [INFO] Época 10/30, Batch 250/3348, Loss: 0.2828
2025-10-10 03:13:09,423 [INFO] Época 10/30, Batch 300/3348, Loss: 0.3335
2025-10-10 03:13:09,679 [INFO] Época 10/30, Batch 350/3348, Loss: 0.3032
2025-10-10 03:13:09,937 [INFO] Época 10/30, Batch 400/3348, Loss: 0.2621
2025-10-10 03:13:10,194 [INFO] Época 10/30, Batch 450/3348, Loss: 0.3616
2025-10-10 03:13:10,452 [INFO] Época 10/30, Batch 500/3348, Loss: 0.2756
2025-10-10 03:13:10,710 [INFO] Época 10/30, Batch 550/3348, Loss: 0.3123
2025-10-10 03:13:10,975 [INFO] Época 10/30, Batch 600/3348, Loss: 0.4109
2025-10-10 03:13:11,229 [INFO] Época 10/30, Batch 650/3348, Loss: 0.2541
2025-10-10 03:13:11,485 [INFO] Época 10/30, Batch 700/3348, Loss: 0.2336
2025-10-10 03:13:11,740 [INFO] Época 10/30, Batch 750/3348, Loss: 0.3476
2025-10-10 03:13:11,997 [INFO] Época 10/30, Batch 800/3348, Loss: 0.3470
2025-10-10 03:13:12,252 [INFO] Época 10/30, Batch 850/3348, Loss: 0.2638
2025-10-10 03:13:12,508 [INFO] Época 10/30, Batch 900/3348, Loss: 0.2361
2025-10-10 03:13:12,765 [INFO] Época 10/30, Batch 950/3348, Loss: 0.2508
2025-10-10 03:13:13,020 [INFO] Época 10/30, Batch 1000/3348, Loss: 0.3182
2025-10-10 03:13:13,276 [INFO] Época 10/30, Batch 1050/3348, Loss: 0.3709
2025-10-10 03:13:13,533 [INFO] Época 10/30, Batch 1100/3348, Loss: 0.3268
2025-10-10 03:13:13,787 [INFO] Época 10/30, Batch 1150/3348, Loss: 0.3393
2025-10-10 03:13:14,042 [INFO] Época 10/30, Batch 1200/3348, Loss: 0.3058
2025-10-10 03:13:14,295 [INFO] Época 10/30, Batch 1250/3348, Loss: 0.3177
2025-10-10 03:13:14,549 [INFO] Época 10/30, Batch 1300/3348, Loss: 0.3464
2025-10-10 03:13:14,804 [INFO] Época 10/30, Batch 1350/3348, Loss: 0.3316
2025-10-10 03:13:15,059 [INFO] Época 10/30, Batch 1400/3348, Loss: 0.4119
2025-10-10 03:13:15,315 [INFO] Época 10/30, Batch 1450/3348, Loss: 0.3431
2025-10-10 03:13:15,574 [INFO] Época 10/30, Batch 1500/3348, Loss: 0.2162
2025-10-10 03:13:15,830 [INFO] Época 10/30, Batch 1550/3348, Loss: 0.3563
2025-10-10 03:13:16,095 [INFO] Época 10/30, Batch 1600/3348, Loss: 0.4448
2025-10-10 03:13:16,352 [INFO] Época 10/30, Batch 1650/3348, Loss: 0.2928
2025-10-10 03:13:16,610 [INFO] Época 10/30, Batch 1700/3348, Loss: 0.3012
2025-10-10 03:13:16,866 [INFO] Época 10/30, Batch 1750/3348, Loss: 0.3848
2025-10-10 03:13:17,122 [INFO] Época 10/30, Batch 1800/3348, Loss: 0.3390
2025-10-10 03:13:17,377 [INFO] Época 10/30, Batch 1850/3348, Loss: 0.3512
2025-10-10 03:13:17,633 [INFO] Época 10/30, Batch 1900/3348, Loss: 0.3336
2025-10-10 03:13:17,891 [INFO] Época 10/30, Batch 1950/3348, Loss: 0.3714
2025-10-10 03:13:18,146 [INFO] Época 10/30, Batch 2000/3348, Loss: 0.4300
2025-10-10 03:13:18,400 [INFO] Época 10/30, Batch 2050/3348, Loss: 0.3510
2025-10-10 03:13:18,656 [INFO] Época 10/30, Batch 2100/3348, Loss: 0.3422
2025-10-10 03:13:18,911 [INFO] Época 10/30, Batch 2150/3348, Loss: 0.3355
2025-10-10 03:13:19,166 [INFO] Época 10/30, Batch 2200/3348, Loss: 0.2204
2025-10-10 03:13:19,421 [INFO] Época 10/30, Batch 2250/3348, Loss: 0.2863
2025-10-10 03:13:19,676 [INFO] Época 10/30, Batch 2300/3348, Loss: 0.3304
2025-10-10 03:13:19,932 [INFO] Época 10/30, Batch 2350/3348, Loss: 0.4073
2025-10-10 03:13:20,186 [INFO] Época 10/30, Batch 2400/3348, Loss: 0.3299
2025-10-10 03:13:20,442 [INFO] Época 10/30, Batch 2450/3348, Loss: 0.3667
2025-10-10 03:13:20,696 [INFO] Época 10/30, Batch 2500/3348, Loss: 0.3547
2025-10-10 03:13:20,953 [INFO] Época 10/30, Batch 2550/3348, Loss: 0.3111
2025-10-10 03:13:21,219 [INFO] Época 10/30, Batch 2600/3348, Loss: 0.3027
2025-10-10 03:13:21,474 [INFO] Época 10/30, Batch 2650/3348, Loss: 0.2529
2025-10-10 03:13:21,730 [INFO] Época 10/30, Batch 2700/3348, Loss: 0.3038
2025-10-10 03:13:21,985 [INFO] Época 10/30, Batch 2750/3348, Loss: 0.3712
2025-10-10 03:13:22,239 [INFO] Época 10/30, Batch 2800/3348, Loss: 0.5138
2025-10-10 03:13:22,494 [INFO] Época 10/30, Batch 2850/3348, Loss: 0.2302
2025-10-10 03:13:22,748 [INFO] Época 10/30, Batch 2900/3348, Loss: 0.3131
2025-10-10 03:13:23,003 [INFO] Época 10/30, Batch 2950/3348, Loss: 0.3097
2025-10-10 03:13:23,258 [INFO] Época 10/30, Batch 3000/3348, Loss: 0.3517
2025-10-10 03:13:23,513 [INFO] Época 10/30, Batch 3050/3348, Loss: 0.2470
2025-10-10 03:13:23,768 [INFO] Época 10/30, Batch 3100/3348, Loss: 0.2759
2025-10-10 03:13:24,024 [INFO] Época 10/30, Batch 3150/3348, Loss: 0.3174
2025-10-10 03:13:24,280 [INFO] Época 10/30, Batch 3200/3348, Loss: 0.3812
2025-10-10 03:13:24,536 [INFO] Época 10/30, Batch 3250/3348, Loss: 0.3102
2025-10-10 03:13:24,791 [INFO] Época 10/30, Batch 3300/3348, Loss: 0.3508
2025-10-10 03:13:26,467 [INFO] [10/30] Train Loss: 0.3153 | Val Loss: 0.3028 | Tempo: 18.87s
2025-10-10 03:13:27,023 [INFO] Época 11/30, Batch 50/3348, Loss: 0.2491
2025-10-10 03:13:27,298 [INFO] Época 11/30, Batch 100/3348, Loss: 0.2458
2025-10-10 03:13:27,573 [INFO] Época 11/30, Batch 150/3348, Loss: 0.3749
2025-10-10 03:13:27,844 [INFO] Época 11/30, Batch 200/3348, Loss: 0.2419
2025-10-10 03:13:28,116 [INFO] Época 11/30, Batch 250/3348, Loss: 0.2465
2025-10-10 03:13:28,386 [INFO] Época 11/30, Batch 300/3348, Loss: 0.3264
2025-10-10 03:13:28,651 [INFO] Época 11/30, Batch 350/3348, Loss: 0.3629
2025-10-10 03:13:28,911 [INFO] Época 11/30, Batch 400/3348, Loss: 0.3391
2025-10-10 03:13:29,173 [INFO] Época 11/30, Batch 450/3348, Loss: 0.2834
2025-10-10 03:13:29,432 [INFO] Época 11/30, Batch 500/3348, Loss: 0.2403
2025-10-10 03:13:29,689 [INFO] Época 11/30, Batch 550/3348, Loss: 0.4037
2025-10-10 03:13:29,955 [INFO] Época 11/30, Batch 600/3348, Loss: 0.3379
2025-10-10 03:13:30,223 [INFO] Época 11/30, Batch 650/3348, Loss: 0.2474
2025-10-10 03:13:30,491 [INFO] Época 11/30, Batch 700/3348, Loss: 0.3014
2025-10-10 03:13:30,760 [INFO] Época 11/30, Batch 750/3348, Loss: 0.3259
2025-10-10 03:13:31,028 [INFO] Época 11/30, Batch 800/3348, Loss: 0.2807
2025-10-10 03:13:31,295 [INFO] Época 11/30, Batch 850/3348, Loss: 0.3660
2025-10-10 03:13:31,556 [INFO] Época 11/30, Batch 900/3348, Loss: 0.3680
2025-10-10 03:13:31,812 [INFO] Época 11/30, Batch 950/3348, Loss: 0.4614
2025-10-10 03:13:32,067 [INFO] Época 11/30, Batch 1000/3348, Loss: 0.2712
2025-10-10 03:13:32,317 [INFO] Época 11/30, Batch 1050/3348, Loss: 0.3383
2025-10-10 03:13:32,571 [INFO] Época 11/30, Batch 1100/3348, Loss: 0.2819
2025-10-10 03:13:32,824 [INFO] Época 11/30, Batch 1150/3348, Loss: 0.2999
2025-10-10 03:13:33,078 [INFO] Época 11/30, Batch 1200/3348, Loss: 0.3743
2025-10-10 03:13:33,333 [INFO] Época 11/30, Batch 1250/3348, Loss: 0.2110
2025-10-10 03:13:33,585 [INFO] Época 11/30, Batch 1300/3348, Loss: 0.4110
2025-10-10 03:13:33,839 [INFO] Época 11/30, Batch 1350/3348, Loss: 0.3204
2025-10-10 03:13:34,091 [INFO] Época 11/30, Batch 1400/3348, Loss: 0.2619
2025-10-10 03:13:34,345 [INFO] Época 11/30, Batch 1450/3348, Loss: 0.3374
2025-10-10 03:13:34,603 [INFO] Época 11/30, Batch 1500/3348, Loss: 0.3351
2025-10-10 03:13:34,862 [INFO] Época 11/30, Batch 1550/3348, Loss: 0.4197
2025-10-10 03:13:35,121 [INFO] Época 11/30, Batch 1600/3348, Loss: 0.4124
2025-10-10 03:13:35,379 [INFO] Época 11/30, Batch 1650/3348, Loss: 0.3016
2025-10-10 03:13:35,632 [INFO] Época 11/30, Batch 1700/3348, Loss: 0.3959
2025-10-10 03:13:35,884 [INFO] Época 11/30, Batch 1750/3348, Loss: 0.4103
2025-10-10 03:13:36,139 [INFO] Época 11/30, Batch 1800/3348, Loss: 0.3306
2025-10-10 03:13:36,392 [INFO] Época 11/30, Batch 1850/3348, Loss: 0.3325
2025-10-10 03:13:36,649 [INFO] Época 11/30, Batch 1900/3348, Loss: 0.2871
2025-10-10 03:13:36,929 [INFO] Época 11/30, Batch 1950/3348, Loss: 0.3720
2025-10-10 03:13:37,196 [INFO] Época 11/30, Batch 2000/3348, Loss: 0.3976
2025-10-10 03:13:37,452 [INFO] Época 11/30, Batch 2050/3348, Loss: 0.2688
2025-10-10 03:13:37,710 [INFO] Época 11/30, Batch 2100/3348, Loss: 0.2984
2025-10-10 03:13:37,977 [INFO] Época 11/30, Batch 2150/3348, Loss: 0.3617
2025-10-10 03:13:38,242 [INFO] Época 11/30, Batch 2200/3348, Loss: 0.2937
2025-10-10 03:13:38,510 [INFO] Época 11/30, Batch 2250/3348, Loss: 0.3262
2025-10-10 03:13:38,776 [INFO] Época 11/30, Batch 2300/3348, Loss: 0.2553
2025-10-10 03:13:39,044 [INFO] Época 11/30, Batch 2350/3348, Loss: 0.2716
2025-10-10 03:13:39,309 [INFO] Época 11/30, Batch 2400/3348, Loss: 0.2390
2025-10-10 03:13:39,577 [INFO] Época 11/30, Batch 2450/3348, Loss: 0.3208
2025-10-10 03:13:39,844 [INFO] Época 11/30, Batch 2500/3348, Loss: 0.1799
2025-10-10 03:13:40,111 [INFO] Época 11/30, Batch 2550/3348, Loss: 0.3161
2025-10-10 03:13:40,379 [INFO] Época 11/30, Batch 2600/3348, Loss: 0.2644
2025-10-10 03:13:40,645 [INFO] Época 11/30, Batch 2650/3348, Loss: 0.2423
2025-10-10 03:13:40,911 [INFO] Época 11/30, Batch 2700/3348, Loss: 0.2417
2025-10-10 03:13:41,180 [INFO] Época 11/30, Batch 2750/3348, Loss: 0.3018
2025-10-10 03:13:41,446 [INFO] Época 11/30, Batch 2800/3348, Loss: 0.2060
2025-10-10 03:13:41,714 [INFO] Época 11/30, Batch 2850/3348, Loss: 0.3108
2025-10-10 03:13:41,993 [INFO] Época 11/30, Batch 2900/3348, Loss: 0.3179
2025-10-10 03:13:42,261 [INFO] Época 11/30, Batch 2950/3348, Loss: 0.4482
2025-10-10 03:13:42,529 [INFO] Época 11/30, Batch 3000/3348, Loss: 0.2419
2025-10-10 03:13:42,798 [INFO] Época 11/30, Batch 3050/3348, Loss: 0.2663
2025-10-10 03:13:43,056 [INFO] Época 11/30, Batch 3100/3348, Loss: 0.2713
2025-10-10 03:13:43,313 [INFO] Época 11/30, Batch 3150/3348, Loss: 0.2703
2025-10-10 03:13:43,573 [INFO] Época 11/30, Batch 3200/3348, Loss: 0.3164
2025-10-10 03:13:43,842 [INFO] Época 11/30, Batch 3250/3348, Loss: 0.3674
2025-10-10 03:13:44,109 [INFO] Época 11/30, Batch 3300/3348, Loss: 0.2708
2025-10-10 03:13:45,794 [INFO] [11/30] Train Loss: 0.3145 | Val Loss: 0.3016 | Tempo: 19.32s
2025-10-10 03:13:46,337 [INFO] Época 12/30, Batch 50/3348, Loss: 0.2947
2025-10-10 03:13:46,597 [INFO] Época 12/30, Batch 100/3348, Loss: 0.2446
2025-10-10 03:13:46,855 [INFO] Época 12/30, Batch 150/3348, Loss: 0.4071
2025-10-10 03:13:47,124 [INFO] Época 12/30, Batch 200/3348, Loss: 0.4311
2025-10-10 03:13:47,382 [INFO] Época 12/30, Batch 250/3348, Loss: 0.3901
2025-10-10 03:13:47,638 [INFO] Época 12/30, Batch 300/3348, Loss: 0.2549
2025-10-10 03:13:47,895 [INFO] Época 12/30, Batch 350/3348, Loss: 0.2452
2025-10-10 03:13:48,152 [INFO] Época 12/30, Batch 400/3348, Loss: 0.3271
2025-10-10 03:13:48,409 [INFO] Época 12/30, Batch 450/3348, Loss: 0.3619
2025-10-10 03:13:48,668 [INFO] Época 12/30, Batch 500/3348, Loss: 0.3330
2025-10-10 03:13:48,925 [INFO] Época 12/30, Batch 550/3348, Loss: 0.2773
2025-10-10 03:13:49,184 [INFO] Época 12/30, Batch 600/3348, Loss: 0.3824
2025-10-10 03:13:49,442 [INFO] Época 12/30, Batch 650/3348, Loss: 0.2861
2025-10-10 03:13:49,701 [INFO] Época 12/30, Batch 700/3348, Loss: 0.3345
2025-10-10 03:13:49,962 [INFO] Época 12/30, Batch 750/3348, Loss: 0.3661
2025-10-10 03:13:50,221 [INFO] Época 12/30, Batch 800/3348, Loss: 0.3387
2025-10-10 03:13:50,481 [INFO] Época 12/30, Batch 850/3348, Loss: 0.4253
2025-10-10 03:13:50,739 [INFO] Época 12/30, Batch 900/3348, Loss: 0.3013
2025-10-10 03:13:50,995 [INFO] Época 12/30, Batch 950/3348, Loss: 0.2863
2025-10-10 03:13:51,254 [INFO] Época 12/30, Batch 1000/3348, Loss: 0.2232
2025-10-10 03:13:51,511 [INFO] Época 12/30, Batch 1050/3348, Loss: 0.3196
2025-10-10 03:13:51,769 [INFO] Época 12/30, Batch 1100/3348, Loss: 0.3259
2025-10-10 03:13:52,028 [INFO] Época 12/30, Batch 1150/3348, Loss: 0.3405
2025-10-10 03:13:52,296 [INFO] Época 12/30, Batch 1200/3348, Loss: 0.3367
2025-10-10 03:13:52,554 [INFO] Época 12/30, Batch 1250/3348, Loss: 0.2801
2025-10-10 03:13:52,809 [INFO] Época 12/30, Batch 1300/3348, Loss: 0.2937
2025-10-10 03:13:53,065 [INFO] Época 12/30, Batch 1350/3348, Loss: 0.2803
2025-10-10 03:13:53,320 [INFO] Época 12/30, Batch 1400/3348, Loss: 0.4640
2025-10-10 03:13:53,577 [INFO] Época 12/30, Batch 1450/3348, Loss: 0.2678
2025-10-10 03:13:53,836 [INFO] Época 12/30, Batch 1500/3348, Loss: 0.3394
2025-10-10 03:13:54,093 [INFO] Época 12/30, Batch 1550/3348, Loss: 0.3367
2025-10-10 03:13:54,349 [INFO] Época 12/30, Batch 1600/3348, Loss: 0.2814
2025-10-10 03:13:54,608 [INFO] Época 12/30, Batch 1650/3348, Loss: 0.2723
2025-10-10 03:13:54,865 [INFO] Época 12/30, Batch 1700/3348, Loss: 0.2852
2025-10-10 03:13:55,124 [INFO] Época 12/30, Batch 1750/3348, Loss: 0.3705
2025-10-10 03:13:55,383 [INFO] Época 12/30, Batch 1800/3348, Loss: 0.3087
2025-10-10 03:13:55,641 [INFO] Época 12/30, Batch 1850/3348, Loss: 0.3359
2025-10-10 03:13:55,898 [INFO] Época 12/30, Batch 1900/3348, Loss: 0.3411
2025-10-10 03:13:56,155 [INFO] Época 12/30, Batch 1950/3348, Loss: 0.2835
2025-10-10 03:13:56,412 [INFO] Época 12/30, Batch 2000/3348, Loss: 0.2304
2025-10-10 03:13:56,670 [INFO] Época 12/30, Batch 2050/3348, Loss: 0.3021
2025-10-10 03:13:56,927 [INFO] Época 12/30, Batch 2100/3348, Loss: 0.3837
2025-10-10 03:13:57,186 [INFO] Época 12/30, Batch 2150/3348, Loss: 0.3363
2025-10-10 03:13:57,447 [INFO] Época 12/30, Batch 2200/3348, Loss: 0.3899
2025-10-10 03:13:57,706 [INFO] Época 12/30, Batch 2250/3348, Loss: 0.2110
2025-10-10 03:13:57,965 [INFO] Época 12/30, Batch 2300/3348, Loss: 0.3165
2025-10-10 03:13:58,225 [INFO] Época 12/30, Batch 2350/3348, Loss: 0.3095
2025-10-10 03:13:58,483 [INFO] Época 12/30, Batch 2400/3348, Loss: 0.2685
2025-10-10 03:13:58,742 [INFO] Época 12/30, Batch 2450/3348, Loss: 0.3224
2025-10-10 03:13:59,000 [INFO] Época 12/30, Batch 2500/3348, Loss: 0.3420
2025-10-10 03:13:59,260 [INFO] Época 12/30, Batch 2550/3348, Loss: 0.3187
2025-10-10 03:13:59,521 [INFO] Época 12/30, Batch 2600/3348, Loss: 0.2428
2025-10-10 03:13:59,780 [INFO] Época 12/30, Batch 2650/3348, Loss: 0.3755
2025-10-10 03:14:00,041 [INFO] Época 12/30, Batch 2700/3348, Loss: 0.2692
2025-10-10 03:14:00,302 [INFO] Época 12/30, Batch 2750/3348, Loss: 0.2802
2025-10-10 03:14:00,562 [INFO] Época 12/30, Batch 2800/3348, Loss: 0.2779
2025-10-10 03:14:00,819 [INFO] Época 12/30, Batch 2850/3348, Loss: 0.3065
2025-10-10 03:14:01,077 [INFO] Época 12/30, Batch 2900/3348, Loss: 0.2873
2025-10-10 03:14:01,335 [INFO] Época 12/30, Batch 2950/3348, Loss: 0.3272
2025-10-10 03:14:01,592 [INFO] Época 12/30, Batch 3000/3348, Loss: 0.3184
2025-10-10 03:14:01,848 [INFO] Época 12/30, Batch 3050/3348, Loss: 0.3181
2025-10-10 03:14:02,103 [INFO] Época 12/30, Batch 3100/3348, Loss: 0.3935
2025-10-10 03:14:02,361 [INFO] Época 12/30, Batch 3150/3348, Loss: 0.2665
2025-10-10 03:14:02,627 [INFO] Época 12/30, Batch 3200/3348, Loss: 0.2408
2025-10-10 03:14:02,883 [INFO] Época 12/30, Batch 3250/3348, Loss: 0.2444
2025-10-10 03:14:03,142 [INFO] Época 12/30, Batch 3300/3348, Loss: 0.3397
2025-10-10 03:14:04,837 [INFO] [12/30] Train Loss: 0.3136 | Val Loss: 0.3016 | Tempo: 19.04s
2025-10-10 03:14:05,377 [INFO] Época 13/30, Batch 50/3348, Loss: 0.3059
2025-10-10 03:14:05,645 [INFO] Época 13/30, Batch 100/3348, Loss: 0.2717
2025-10-10 03:14:05,906 [INFO] Época 13/30, Batch 150/3348, Loss: 0.2829
2025-10-10 03:14:06,166 [INFO] Época 13/30, Batch 200/3348, Loss: 0.3193
2025-10-10 03:14:06,429 [INFO] Época 13/30, Batch 250/3348, Loss: 0.3515
2025-10-10 03:14:06,688 [INFO] Época 13/30, Batch 300/3348, Loss: 0.3218
2025-10-10 03:14:06,949 [INFO] Época 13/30, Batch 350/3348, Loss: 0.3580
2025-10-10 03:14:07,211 [INFO] Época 13/30, Batch 400/3348, Loss: 0.2963
2025-10-10 03:14:07,469 [INFO] Época 13/30, Batch 450/3348, Loss: 0.2913
2025-10-10 03:14:07,744 [INFO] Época 13/30, Batch 500/3348, Loss: 0.2496
2025-10-10 03:14:08,007 [INFO] Época 13/30, Batch 550/3348, Loss: 0.3306
2025-10-10 03:14:08,268 [INFO] Época 13/30, Batch 600/3348, Loss: 0.2885
2025-10-10 03:14:08,529 [INFO] Época 13/30, Batch 650/3348, Loss: 0.2089
2025-10-10 03:14:08,789 [INFO] Época 13/30, Batch 700/3348, Loss: 0.4063
2025-10-10 03:14:09,039 [INFO] Época 13/30, Batch 750/3348, Loss: 0.2257
2025-10-10 03:14:09,291 [INFO] Época 13/30, Batch 800/3348, Loss: 0.3322
2025-10-10 03:14:09,543 [INFO] Época 13/30, Batch 850/3348, Loss: 0.2964
2025-10-10 03:14:09,797 [INFO] Época 13/30, Batch 900/3348, Loss: 0.3292
2025-10-10 03:14:10,056 [INFO] Época 13/30, Batch 950/3348, Loss: 0.3572
2025-10-10 03:14:10,311 [INFO] Época 13/30, Batch 1000/3348, Loss: 0.2193
2025-10-10 03:14:10,569 [INFO] Época 13/30, Batch 1050/3348, Loss: 0.3586
2025-10-10 03:14:10,826 [INFO] Época 13/30, Batch 1100/3348, Loss: 0.2383
2025-10-10 03:14:11,080 [INFO] Época 13/30, Batch 1150/3348, Loss: 0.2610
2025-10-10 03:14:11,334 [INFO] Época 13/30, Batch 1200/3348, Loss: 0.4509
2025-10-10 03:14:11,589 [INFO] Época 13/30, Batch 1250/3348, Loss: 0.3203
2025-10-10 03:14:11,845 [INFO] Época 13/30, Batch 1300/3348, Loss: 0.2456
2025-10-10 03:14:12,097 [INFO] Época 13/30, Batch 1350/3348, Loss: 0.3436
2025-10-10 03:14:12,351 [INFO] Época 13/30, Batch 1400/3348, Loss: 0.2231
2025-10-10 03:14:12,606 [INFO] Época 13/30, Batch 1450/3348, Loss: 0.3187
2025-10-10 03:14:12,870 [INFO] Época 13/30, Batch 1500/3348, Loss: 0.3735
2025-10-10 03:14:13,125 [INFO] Época 13/30, Batch 1550/3348, Loss: 0.3104
2025-10-10 03:14:13,381 [INFO] Época 13/30, Batch 1600/3348, Loss: 0.3977
2025-10-10 03:14:13,636 [INFO] Época 13/30, Batch 1650/3348, Loss: 0.3253
2025-10-10 03:14:13,889 [INFO] Época 13/30, Batch 1700/3348, Loss: 0.2540
2025-10-10 03:14:14,141 [INFO] Época 13/30, Batch 1750/3348, Loss: 0.3295
2025-10-10 03:14:14,394 [INFO] Época 13/30, Batch 1800/3348, Loss: 0.2392
2025-10-10 03:14:14,648 [INFO] Época 13/30, Batch 1850/3348, Loss: 0.2697
2025-10-10 03:14:14,900 [INFO] Época 13/30, Batch 1900/3348, Loss: 0.2889
2025-10-10 03:14:15,153 [INFO] Época 13/30, Batch 1950/3348, Loss: 0.4033
2025-10-10 03:14:15,407 [INFO] Época 13/30, Batch 2000/3348, Loss: 0.2868
2025-10-10 03:14:15,661 [INFO] Época 13/30, Batch 2050/3348, Loss: 0.3806
2025-10-10 03:14:15,913 [INFO] Época 13/30, Batch 2100/3348, Loss: 0.2800
2025-10-10 03:14:16,169 [INFO] Época 13/30, Batch 2150/3348, Loss: 0.4843
2025-10-10 03:14:16,423 [INFO] Época 13/30, Batch 2200/3348, Loss: 0.3419
2025-10-10 03:14:16,679 [INFO] Época 13/30, Batch 2250/3348, Loss: 0.4874
2025-10-10 03:14:16,936 [INFO] Época 13/30, Batch 2300/3348, Loss: 0.3294
2025-10-10 03:14:17,189 [INFO] Época 13/30, Batch 2350/3348, Loss: 0.3070
2025-10-10 03:14:17,444 [INFO] Época 13/30, Batch 2400/3348, Loss: 0.2720
2025-10-10 03:14:17,698 [INFO] Época 13/30, Batch 2450/3348, Loss: 0.3726
2025-10-10 03:14:17,962 [INFO] Época 13/30, Batch 2500/3348, Loss: 0.2814
2025-10-10 03:14:18,218 [INFO] Época 13/30, Batch 2550/3348, Loss: 0.2951
2025-10-10 03:14:18,470 [INFO] Época 13/30, Batch 2600/3348, Loss: 0.2734
2025-10-10 03:14:18,725 [INFO] Época 13/30, Batch 2650/3348, Loss: 0.3567
2025-10-10 03:14:18,980 [INFO] Época 13/30, Batch 2700/3348, Loss: 0.2302
2025-10-10 03:14:19,233 [INFO] Época 13/30, Batch 2750/3348, Loss: 0.3810
2025-10-10 03:14:19,488 [INFO] Época 13/30, Batch 2800/3348, Loss: 0.3008
2025-10-10 03:14:19,743 [INFO] Época 13/30, Batch 2850/3348, Loss: 0.3580
2025-10-10 03:14:19,996 [INFO] Época 13/30, Batch 2900/3348, Loss: 0.3534
2025-10-10 03:14:20,248 [INFO] Época 13/30, Batch 2950/3348, Loss: 0.2547
2025-10-10 03:14:20,503 [INFO] Época 13/30, Batch 3000/3348, Loss: 0.3010
2025-10-10 03:14:20,756 [INFO] Época 13/30, Batch 3050/3348, Loss: 0.2230
2025-10-10 03:14:21,010 [INFO] Época 13/30, Batch 3100/3348, Loss: 0.4061
2025-10-10 03:14:21,264 [INFO] Época 13/30, Batch 3150/3348, Loss: 0.2716
2025-10-10 03:14:21,518 [INFO] Época 13/30, Batch 3200/3348, Loss: 0.3730
2025-10-10 03:14:21,770 [INFO] Época 13/30, Batch 3250/3348, Loss: 0.2471
2025-10-10 03:14:22,024 [INFO] Época 13/30, Batch 3300/3348, Loss: 0.2804
2025-10-10 03:14:23,837 [INFO] [13/30] Train Loss: 0.3128 | Val Loss: 0.3001 | Tempo: 19.00s
2025-10-10 03:14:23,852 [INFO] Melhor modelo salvo em: /mnt/hdd/home/jdurao/ToolBox-ChemXAI/models/mlp_qm9_EState_att7_large.pth
2025-10-10 03:14:24,402 [INFO] Época 14/30, Batch 50/3348, Loss: 0.3996
2025-10-10 03:14:24,661 [INFO] Época 14/30, Batch 100/3348, Loss: 0.3210
2025-10-10 03:14:24,919 [INFO] Época 14/30, Batch 150/3348, Loss: 0.2726
2025-10-10 03:14:25,177 [INFO] Época 14/30, Batch 200/3348, Loss: 0.2636
2025-10-10 03:14:25,434 [INFO] Época 14/30, Batch 250/3348, Loss: 0.3259
2025-10-10 03:14:25,692 [INFO] Época 14/30, Batch 300/3348, Loss: 0.3005
2025-10-10 03:14:25,948 [INFO] Época 14/30, Batch 350/3348, Loss: 0.3084
2025-10-10 03:14:26,203 [INFO] Época 14/30, Batch 400/3348, Loss: 0.2966
2025-10-10 03:14:26,458 [INFO] Época 14/30, Batch 450/3348, Loss: 0.2526
2025-10-10 03:14:26,712 [INFO] Época 14/30, Batch 500/3348, Loss: 0.3223
2025-10-10 03:14:26,969 [INFO] Época 14/30, Batch 550/3348, Loss: 0.1795
2025-10-10 03:14:27,223 [INFO] Época 14/30, Batch 600/3348, Loss: 0.3076
2025-10-10 03:14:27,480 [INFO] Época 14/30, Batch 650/3348, Loss: 0.2438
2025-10-10 03:14:27,733 [INFO] Época 14/30, Batch 700/3348, Loss: 0.2037
2025-10-10 03:14:27,980 [INFO] Época 14/30, Batch 750/3348, Loss: 0.2865
2025-10-10 03:14:28,227 [INFO] Época 14/30, Batch 800/3348, Loss: 0.3407
2025-10-10 03:14:28,473 [INFO] Época 14/30, Batch 850/3348, Loss: 0.3107
2025-10-10 03:14:28,728 [INFO] Época 14/30, Batch 900/3348, Loss: 0.2838
2025-10-10 03:14:28,994 [INFO] Época 14/30, Batch 950/3348, Loss: 0.2466
2025-10-10 03:14:29,269 [INFO] Época 14/30, Batch 1000/3348, Loss: 0.2996
2025-10-10 03:14:29,534 [INFO] Época 14/30, Batch 1050/3348, Loss: 0.4482
2025-10-10 03:14:29,799 [INFO] Época 14/30, Batch 1100/3348, Loss: 0.2515
2025-10-10 03:14:30,062 [INFO] Época 14/30, Batch 1150/3348, Loss: 0.3842
2025-10-10 03:14:30,327 [INFO] Época 14/30, Batch 1200/3348, Loss: 0.3565
2025-10-10 03:14:30,591 [INFO] Época 14/30, Batch 1250/3348, Loss: 0.3307
2025-10-10 03:14:30,857 [INFO] Época 14/30, Batch 1300/3348, Loss: 0.3040
2025-10-10 03:14:31,119 [INFO] Época 14/30, Batch 1350/3348, Loss: 0.2622
2025-10-10 03:14:31,377 [INFO] Época 14/30, Batch 1400/3348, Loss: 0.2593
2025-10-10 03:14:31,637 [INFO] Época 14/30, Batch 1450/3348, Loss: 0.2878
2025-10-10 03:14:31,894 [INFO] Época 14/30, Batch 1500/3348, Loss: 0.3120
2025-10-10 03:14:32,149 [INFO] Época 14/30, Batch 1550/3348, Loss: 0.2845
2025-10-10 03:14:32,406 [INFO] Época 14/30, Batch 1600/3348, Loss: 0.3481
2025-10-10 03:14:32,663 [INFO] Época 14/30, Batch 1650/3348, Loss: 0.3900
2025-10-10 03:14:32,921 [INFO] Época 14/30, Batch 1700/3348, Loss: 0.2800
2025-10-10 03:14:33,178 [INFO] Época 14/30, Batch 1750/3348, Loss: 0.3601
2025-10-10 03:14:33,434 [INFO] Época 14/30, Batch 1800/3348, Loss: 0.3727
2025-10-10 03:14:33,691 [INFO] Época 14/30, Batch 1850/3348, Loss: 0.2198
2025-10-10 03:14:33,947 [INFO] Época 14/30, Batch 1900/3348, Loss: 0.4390
2025-10-10 03:14:34,203 [INFO] Época 14/30, Batch 1950/3348, Loss: 0.2952
2025-10-10 03:14:34,470 [INFO] Época 14/30, Batch 2000/3348, Loss: 0.2609
2025-10-10 03:14:34,726 [INFO] Época 14/30, Batch 2050/3348, Loss: 0.2831
2025-10-10 03:14:34,982 [INFO] Época 14/30, Batch 2100/3348, Loss: 0.2419
2025-10-10 03:14:35,238 [INFO] Época 14/30, Batch 2150/3348, Loss: 0.2921
2025-10-10 03:14:35,492 [INFO] Época 14/30, Batch 2200/3348, Loss: 0.3775
2025-10-10 03:14:35,748 [INFO] Época 14/30, Batch 2250/3348, Loss: 0.2717
2025-10-10 03:14:36,003 [INFO] Época 14/30, Batch 2300/3348, Loss: 0.3172
2025-10-10 03:14:36,260 [INFO] Época 14/30, Batch 2350/3348, Loss: 0.2467
2025-10-10 03:14:36,514 [INFO] Época 14/30, Batch 2400/3348, Loss: 0.2346
2025-10-10 03:14:36,774 [INFO] Época 14/30, Batch 2450/3348, Loss: 0.2912
2025-10-10 03:14:37,038 [INFO] Época 14/30, Batch 2500/3348, Loss: 0.3425
2025-10-10 03:14:37,301 [INFO] Época 14/30, Batch 2550/3348, Loss: 0.3872
2025-10-10 03:14:37,567 [INFO] Época 14/30, Batch 2600/3348, Loss: 0.3495
2025-10-10 03:14:37,831 [INFO] Época 14/30, Batch 2650/3348, Loss: 0.3266
2025-10-10 03:14:38,095 [INFO] Época 14/30, Batch 2700/3348, Loss: 0.4649
2025-10-10 03:14:38,361 [INFO] Época 14/30, Batch 2750/3348, Loss: 0.2920
2025-10-10 03:14:38,633 [INFO] Época 14/30, Batch 2800/3348, Loss: 0.2494
2025-10-10 03:14:38,908 [INFO] Época 14/30, Batch 2850/3348, Loss: 0.2387
2025-10-10 03:14:39,179 [INFO] Época 14/30, Batch 2900/3348, Loss: 0.2619
2025-10-10 03:14:39,451 [INFO] Época 14/30, Batch 2950/3348, Loss: 0.3549
2025-10-10 03:14:39,724 [INFO] Época 14/30, Batch 3000/3348, Loss: 0.2909
2025-10-10 03:14:39,997 [INFO] Época 14/30, Batch 3050/3348, Loss: 0.2808
2025-10-10 03:14:40,268 [INFO] Época 14/30, Batch 3100/3348, Loss: 0.2538
2025-10-10 03:14:40,540 [INFO] Época 14/30, Batch 3150/3348, Loss: 0.2812
2025-10-10 03:14:40,801 [INFO] Época 14/30, Batch 3200/3348, Loss: 0.3126
2025-10-10 03:14:41,052 [INFO] Época 14/30, Batch 3250/3348, Loss: 0.3161
2025-10-10 03:14:41,305 [INFO] Época 14/30, Batch 3300/3348, Loss: 0.2900
2025-10-10 03:14:42,961 [INFO] [14/30] Train Loss: 0.3125 | Val Loss: 0.2991 | Tempo: 19.11s
2025-10-10 03:14:42,965 [INFO] Melhor modelo salvo em: /mnt/hdd/home/jdurao/ToolBox-ChemXAI/models/mlp_qm9_EState_att7_large.pth
2025-10-10 03:14:43,508 [INFO] Época 15/30, Batch 50/3348, Loss: 0.3778
2025-10-10 03:14:43,771 [INFO] Época 15/30, Batch 100/3348, Loss: 0.1955
2025-10-10 03:14:44,029 [INFO] Época 15/30, Batch 150/3348, Loss: 0.2611
2025-10-10 03:14:44,286 [INFO] Época 15/30, Batch 200/3348, Loss: 0.2966
2025-10-10 03:14:44,547 [INFO] Época 15/30, Batch 250/3348, Loss: 0.2762
2025-10-10 03:14:44,824 [INFO] Época 15/30, Batch 300/3348, Loss: 0.2751
2025-10-10 03:14:45,086 [INFO] Época 15/30, Batch 350/3348, Loss: 0.2459
2025-10-10 03:14:45,347 [INFO] Época 15/30, Batch 400/3348, Loss: 0.2711
2025-10-10 03:14:45,608 [INFO] Época 15/30, Batch 450/3348, Loss: 0.3250
2025-10-10 03:14:45,869 [INFO] Época 15/30, Batch 500/3348, Loss: 0.2801
2025-10-10 03:14:46,128 [INFO] Época 15/30, Batch 550/3348, Loss: 0.4563
2025-10-10 03:14:46,390 [INFO] Época 15/30, Batch 600/3348, Loss: 0.2984
2025-10-10 03:14:46,650 [INFO] Época 15/30, Batch 650/3348, Loss: 0.1959
2025-10-10 03:14:46,911 [INFO] Época 15/30, Batch 700/3348, Loss: 0.3506
2025-10-10 03:14:47,171 [INFO] Época 15/30, Batch 750/3348, Loss: 0.2607
2025-10-10 03:14:47,432 [INFO] Época 15/30, Batch 800/3348, Loss: 0.3273
2025-10-10 03:14:47,694 [INFO] Época 15/30, Batch 850/3348, Loss: 0.3128
2025-10-10 03:14:47,954 [INFO] Época 15/30, Batch 900/3348, Loss: 0.3628
2025-10-10 03:14:48,216 [INFO] Época 15/30, Batch 950/3348, Loss: 0.2617
2025-10-10 03:14:48,479 [INFO] Época 15/30, Batch 1000/3348, Loss: 0.2519
2025-10-10 03:14:48,739 [INFO] Época 15/30, Batch 1050/3348, Loss: 0.3344
2025-10-10 03:14:49,003 [INFO] Época 15/30, Batch 1100/3348, Loss: 0.2987
2025-10-10 03:14:49,263 [INFO] Época 15/30, Batch 1150/3348, Loss: 0.3372
2025-10-10 03:14:49,526 [INFO] Época 15/30, Batch 1200/3348, Loss: 0.3067
2025-10-10 03:14:49,787 [INFO] Época 15/30, Batch 1250/3348, Loss: 0.2811
2025-10-10 03:14:50,047 [INFO] Época 15/30, Batch 1300/3348, Loss: 0.2628
2025-10-10 03:14:50,305 [INFO] Época 15/30, Batch 1350/3348, Loss: 0.3255
2025-10-10 03:14:50,562 [INFO] Época 15/30, Batch 1400/3348, Loss: 0.2954
2025-10-10 03:14:50,818 [INFO] Época 15/30, Batch 1450/3348, Loss: 0.2844
2025-10-10 03:14:51,074 [INFO] Época 15/30, Batch 1500/3348, Loss: 0.3998
2025-10-10 03:14:51,331 [INFO] Época 15/30, Batch 1550/3348, Loss: 0.3527
2025-10-10 03:14:51,589 [INFO] Época 15/30, Batch 1600/3348, Loss: 0.3480
2025-10-10 03:14:51,846 [INFO] Época 15/30, Batch 1650/3348, Loss: 0.3594
2025-10-10 03:14:52,103 [INFO] Época 15/30, Batch 1700/3348, Loss: 0.2954
2025-10-10 03:14:52,360 [INFO] Época 15/30, Batch 1750/3348, Loss: 0.2863
2025-10-10 03:14:52,617 [INFO] Época 15/30, Batch 1800/3348, Loss: 0.3524
2025-10-10 03:14:52,883 [INFO] Época 15/30, Batch 1850/3348, Loss: 0.3007
2025-10-10 03:14:53,148 [INFO] Época 15/30, Batch 1900/3348, Loss: 0.3797
2025-10-10 03:14:53,414 [INFO] Época 15/30, Batch 1950/3348, Loss: 0.3029
2025-10-10 03:14:53,681 [INFO] Época 15/30, Batch 2000/3348, Loss: 0.3559
2025-10-10 03:14:53,942 [INFO] Época 15/30, Batch 2050/3348, Loss: 0.2563
2025-10-10 03:14:54,204 [INFO] Época 15/30, Batch 2100/3348, Loss: 0.3360
2025-10-10 03:14:54,466 [INFO] Época 15/30, Batch 2150/3348, Loss: 0.2878
2025-10-10 03:14:54,728 [INFO] Época 15/30, Batch 2200/3348, Loss: 0.2575
2025-10-10 03:14:54,989 [INFO] Época 15/30, Batch 2250/3348, Loss: 0.2753
2025-10-10 03:14:55,253 [INFO] Época 15/30, Batch 2300/3348, Loss: 0.3204
2025-10-10 03:14:55,513 [INFO] Época 15/30, Batch 2350/3348, Loss: 0.2170
2025-10-10 03:14:55,775 [INFO] Época 15/30, Batch 2400/3348, Loss: 0.4095
2025-10-10 03:14:56,036 [INFO] Época 15/30, Batch 2450/3348, Loss: 0.2784
2025-10-10 03:14:56,297 [INFO] Época 15/30, Batch 2500/3348, Loss: 0.3245
2025-10-10 03:14:56,559 [INFO] Época 15/30, Batch 2550/3348, Loss: 0.3773
2025-10-10 03:14:56,820 [INFO] Época 15/30, Batch 2600/3348, Loss: 0.2766
2025-10-10 03:14:57,079 [INFO] Época 15/30, Batch 2650/3348, Loss: 0.3647
2025-10-10 03:14:57,336 [INFO] Época 15/30, Batch 2700/3348, Loss: 0.2602
2025-10-10 03:14:57,593 [INFO] Época 15/30, Batch 2750/3348, Loss: 0.3003
2025-10-10 03:14:57,854 [INFO] Época 15/30, Batch 2800/3348, Loss: 0.3407
2025-10-10 03:14:58,110 [INFO] Época 15/30, Batch 2850/3348, Loss: 0.2952
2025-10-10 03:14:58,370 [INFO] Época 15/30, Batch 2900/3348, Loss: 0.4099
2025-10-10 03:14:58,628 [INFO] Época 15/30, Batch 2950/3348, Loss: 0.2553
2025-10-10 03:14:58,885 [INFO] Época 15/30, Batch 3000/3348, Loss: 0.2973
2025-10-10 03:14:59,143 [INFO] Época 15/30, Batch 3050/3348, Loss: 0.4113
2025-10-10 03:14:59,401 [INFO] Época 15/30, Batch 3100/3348, Loss: 0.3396
2025-10-10 03:14:59,660 [INFO] Época 15/30, Batch 3150/3348, Loss: 0.3946
2025-10-10 03:14:59,917 [INFO] Época 15/30, Batch 3200/3348, Loss: 0.4193
2025-10-10 03:15:00,176 [INFO] Época 15/30, Batch 3250/3348, Loss: 0.2508
2025-10-10 03:15:00,447 [INFO] Época 15/30, Batch 3300/3348, Loss: 0.3334
2025-10-10 03:15:02,094 [INFO] [15/30] Train Loss: 0.3120 | Val Loss: 0.3022 | Tempo: 19.13s
2025-10-10 03:15:02,638 [INFO] Época 16/30, Batch 50/3348, Loss: 0.3050
2025-10-10 03:15:02,898 [INFO] Época 16/30, Batch 100/3348, Loss: 0.3202
2025-10-10 03:15:03,157 [INFO] Época 16/30, Batch 150/3348, Loss: 0.4190
2025-10-10 03:15:03,415 [INFO] Época 16/30, Batch 200/3348, Loss: 0.2642
2025-10-10 03:15:03,671 [INFO] Época 16/30, Batch 250/3348, Loss: 0.3363
2025-10-10 03:15:03,928 [INFO] Época 16/30, Batch 300/3348, Loss: 0.2671
2025-10-10 03:15:04,184 [INFO] Época 16/30, Batch 350/3348, Loss: 0.3864
2025-10-10 03:15:04,440 [INFO] Época 16/30, Batch 400/3348, Loss: 0.3835
2025-10-10 03:15:04,696 [INFO] Época 16/30, Batch 450/3348, Loss: 0.3540
2025-10-10 03:15:04,949 [INFO] Época 16/30, Batch 500/3348, Loss: 0.3559
2025-10-10 03:15:05,206 [INFO] Época 16/30, Batch 550/3348, Loss: 0.2815
2025-10-10 03:15:05,465 [INFO] Época 16/30, Batch 600/3348, Loss: 0.2646
2025-10-10 03:15:05,722 [INFO] Época 16/30, Batch 650/3348, Loss: 0.3460
2025-10-10 03:15:05,978 [INFO] Época 16/30, Batch 700/3348, Loss: 0.2644
2025-10-10 03:15:06,236 [INFO] Época 16/30, Batch 750/3348, Loss: 0.3109
2025-10-10 03:15:06,491 [INFO] Época 16/30, Batch 800/3348, Loss: 0.3491
2025-10-10 03:15:06,744 [INFO] Época 16/30, Batch 850/3348, Loss: 0.2427
2025-10-10 03:15:06,998 [INFO] Época 16/30, Batch 900/3348, Loss: 0.4888
2025-10-10 03:15:07,252 [INFO] Época 16/30, Batch 950/3348, Loss: 0.2537
2025-10-10 03:15:07,507 [INFO] Época 16/30, Batch 1000/3348, Loss: 0.3324
2025-10-10 03:15:07,760 [INFO] Época 16/30, Batch 1050/3348, Loss: 0.3086
2025-10-10 03:15:08,015 [INFO] Época 16/30, Batch 1100/3348, Loss: 0.3477
2025-10-10 03:15:08,269 [INFO] Época 16/30, Batch 1150/3348, Loss: 0.3203
2025-10-10 03:15:08,523 [INFO] Época 16/30, Batch 1200/3348, Loss: 0.2983
2025-10-10 03:15:08,777 [INFO] Época 16/30, Batch 1250/3348, Loss: 0.3061
2025-10-10 03:15:09,031 [INFO] Época 16/30, Batch 1300/3348, Loss: 0.3078
2025-10-10 03:15:09,283 [INFO] Época 16/30, Batch 1350/3348, Loss: 0.2834
2025-10-10 03:15:09,538 [INFO] Época 16/30, Batch 1400/3348, Loss: 0.2686
2025-10-10 03:15:09,792 [INFO] Época 16/30, Batch 1450/3348, Loss: 0.3291
2025-10-10 03:15:10,050 [INFO] Época 16/30, Batch 1500/3348, Loss: 0.2657
2025-10-10 03:15:10,304 [INFO] Época 16/30, Batch 1550/3348, Loss: 0.3297
2025-10-10 03:15:10,572 [INFO] Época 16/30, Batch 1600/3348, Loss: 0.2737
2025-10-10 03:15:10,829 [INFO] Época 16/30, Batch 1650/3348, Loss: 0.3230
2025-10-10 03:15:11,085 [INFO] Época 16/30, Batch 1700/3348, Loss: 0.3104
2025-10-10 03:15:11,342 [INFO] Época 16/30, Batch 1750/3348, Loss: 0.3236
2025-10-10 03:15:11,597 [INFO] Época 16/30, Batch 1800/3348, Loss: 0.3000
2025-10-10 03:15:11,852 [INFO] Época 16/30, Batch 1850/3348, Loss: 0.2477
2025-10-10 03:15:12,109 [INFO] Época 16/30, Batch 1900/3348, Loss: 0.3089
2025-10-10 03:15:12,365 [INFO] Época 16/30, Batch 1950/3348, Loss: 0.2646
2025-10-10 03:15:12,619 [INFO] Época 16/30, Batch 2000/3348, Loss: 0.3120
2025-10-10 03:15:12,875 [INFO] Época 16/30, Batch 2050/3348, Loss: 0.2663
2025-10-10 03:15:13,131 [INFO] Época 16/30, Batch 2100/3348, Loss: 0.3193
2025-10-10 03:15:13,387 [INFO] Época 16/30, Batch 2150/3348, Loss: 0.3959
2025-10-10 03:15:13,643 [INFO] Época 16/30, Batch 2200/3348, Loss: 0.4285
2025-10-10 03:15:13,898 [INFO] Época 16/30, Batch 2250/3348, Loss: 0.3682
2025-10-10 03:15:14,151 [INFO] Época 16/30, Batch 2300/3348, Loss: 0.3407
2025-10-10 03:15:14,407 [INFO] Época 16/30, Batch 2350/3348, Loss: 0.2402
2025-10-10 03:15:14,665 [INFO] Época 16/30, Batch 2400/3348, Loss: 0.2773
2025-10-10 03:15:14,920 [INFO] Época 16/30, Batch 2450/3348, Loss: 0.4045
2025-10-10 03:15:15,173 [INFO] Época 16/30, Batch 2500/3348, Loss: 0.2637
2025-10-10 03:15:15,429 [INFO] Época 16/30, Batch 2550/3348, Loss: 0.3320
2025-10-10 03:15:15,696 [INFO] Época 16/30, Batch 2600/3348, Loss: 0.3067
2025-10-10 03:15:15,951 [INFO] Época 16/30, Batch 2650/3348, Loss: 0.3464
2025-10-10 03:15:16,207 [INFO] Época 16/30, Batch 2700/3348, Loss: 0.3739
2025-10-10 03:15:16,462 [INFO] Época 16/30, Batch 2750/3348, Loss: 0.3294
2025-10-10 03:15:16,719 [INFO] Época 16/30, Batch 2800/3348, Loss: 0.3038
2025-10-10 03:15:16,976 [INFO] Época 16/30, Batch 2850/3348, Loss: 0.3243
2025-10-10 03:15:17,234 [INFO] Época 16/30, Batch 2900/3348, Loss: 0.3357
2025-10-10 03:15:17,490 [INFO] Época 16/30, Batch 2950/3348, Loss: 0.4409
2025-10-10 03:15:17,744 [INFO] Época 16/30, Batch 3000/3348, Loss: 0.2931
2025-10-10 03:15:18,000 [INFO] Época 16/30, Batch 3050/3348, Loss: 0.3423
2025-10-10 03:15:18,255 [INFO] Época 16/30, Batch 3100/3348, Loss: 0.3274
2025-10-10 03:15:18,510 [INFO] Época 16/30, Batch 3150/3348, Loss: 0.2645
2025-10-10 03:15:18,766 [INFO] Época 16/30, Batch 3200/3348, Loss: 0.3558
2025-10-10 03:15:19,023 [INFO] Época 16/30, Batch 3250/3348, Loss: 0.3113
2025-10-10 03:15:19,278 [INFO] Época 16/30, Batch 3300/3348, Loss: 0.3533
2025-10-10 03:15:21,111 [INFO] [16/30] Train Loss: 0.3117 | Val Loss: 0.3014 | Tempo: 19.02s
2025-10-10 03:15:21,658 [INFO] Época 17/30, Batch 50/3348, Loss: 0.3313
2025-10-10 03:15:21,919 [INFO] Época 17/30, Batch 100/3348, Loss: 0.2243
2025-10-10 03:15:22,179 [INFO] Época 17/30, Batch 150/3348, Loss: 0.3275
2025-10-10 03:15:22,439 [INFO] Época 17/30, Batch 200/3348, Loss: 0.3820
2025-10-10 03:15:22,697 [INFO] Época 17/30, Batch 250/3348, Loss: 0.2262
2025-10-10 03:15:22,958 [INFO] Época 17/30, Batch 300/3348, Loss: 0.3676
2025-10-10 03:15:23,218 [INFO] Época 17/30, Batch 350/3348, Loss: 0.3049
2025-10-10 03:15:23,478 [INFO] Época 17/30, Batch 400/3348, Loss: 0.2981
2025-10-10 03:15:23,736 [INFO] Época 17/30, Batch 450/3348, Loss: 0.3152
2025-10-10 03:15:23,996 [INFO] Época 17/30, Batch 500/3348, Loss: 0.3284
2025-10-10 03:15:24,255 [INFO] Época 17/30, Batch 550/3348, Loss: 0.2854
2025-10-10 03:15:24,513 [INFO] Época 17/30, Batch 600/3348, Loss: 0.4346
2025-10-10 03:15:24,773 [INFO] Época 17/30, Batch 650/3348, Loss: 0.3678
2025-10-10 03:15:25,031 [INFO] Época 17/30, Batch 700/3348, Loss: 0.2809
2025-10-10 03:15:25,289 [INFO] Época 17/30, Batch 750/3348, Loss: 0.3130
2025-10-10 03:15:25,547 [INFO] Época 17/30, Batch 800/3348, Loss: 0.3244
2025-10-10 03:15:25,804 [INFO] Época 17/30, Batch 850/3348, Loss: 0.3366
2025-10-10 03:15:26,062 [INFO] Época 17/30, Batch 900/3348, Loss: 0.2780
2025-10-10 03:15:26,319 [INFO] Época 17/30, Batch 950/3348, Loss: 0.3915
2025-10-10 03:15:26,578 [INFO] Época 17/30, Batch 1000/3348, Loss: 0.2212
2025-10-10 03:15:26,834 [INFO] Época 17/30, Batch 1050/3348, Loss: 0.3693
2025-10-10 03:15:27,092 [INFO] Época 17/30, Batch 1100/3348, Loss: 0.3526
2025-10-10 03:15:27,349 [INFO] Época 17/30, Batch 1150/3348, Loss: 0.2399
2025-10-10 03:15:27,607 [INFO] Época 17/30, Batch 1200/3348, Loss: 0.4030
2025-10-10 03:15:27,866 [INFO] Época 17/30, Batch 1250/3348, Loss: 0.3689
2025-10-10 03:15:28,122 [INFO] Época 17/30, Batch 1300/3348, Loss: 0.3507
2025-10-10 03:15:28,380 [INFO] Época 17/30, Batch 1350/3348, Loss: 0.2830
2025-10-10 03:15:28,638 [INFO] Época 17/30, Batch 1400/3348, Loss: 0.3179
2025-10-10 03:15:28,897 [INFO] Época 17/30, Batch 1450/3348, Loss: 0.2310
2025-10-10 03:15:29,154 [INFO] Época 17/30, Batch 1500/3348, Loss: 0.2843
2025-10-10 03:15:29,411 [INFO] Época 17/30, Batch 1550/3348, Loss: 0.3044
2025-10-10 03:15:29,669 [INFO] Época 17/30, Batch 1600/3348, Loss: 0.3524
2025-10-10 03:15:29,927 [INFO] Época 17/30, Batch 1650/3348, Loss: 0.2536
2025-10-10 03:15:30,187 [INFO] Época 17/30, Batch 1700/3348, Loss: 0.2880
2025-10-10 03:15:30,445 [INFO] Época 17/30, Batch 1750/3348, Loss: 0.2539
2025-10-10 03:15:30,703 [INFO] Época 17/30, Batch 1800/3348, Loss: 0.4612
2025-10-10 03:15:30,960 [INFO] Época 17/30, Batch 1850/3348, Loss: 0.3599
2025-10-10 03:15:31,217 [INFO] Época 17/30, Batch 1900/3348, Loss: 0.2602
2025-10-10 03:15:31,475 [INFO] Época 17/30, Batch 1950/3348, Loss: 0.4071
2025-10-10 03:15:31,735 [INFO] Época 17/30, Batch 2000/3348, Loss: 0.4073
2025-10-10 03:15:31,993 [INFO] Época 17/30, Batch 2050/3348, Loss: 0.3850
2025-10-10 03:15:32,252 [INFO] Época 17/30, Batch 2100/3348, Loss: 0.3112
2025-10-10 03:15:32,511 [INFO] Época 17/30, Batch 2150/3348, Loss: 0.2934
2025-10-10 03:15:32,770 [INFO] Época 17/30, Batch 2200/3348, Loss: 0.2639
2025-10-10 03:15:33,028 [INFO] Época 17/30, Batch 2250/3348, Loss: 0.3101
2025-10-10 03:15:33,286 [INFO] Época 17/30, Batch 2300/3348, Loss: 0.3302
2025-10-10 03:15:33,543 [INFO] Época 17/30, Batch 2350/3348, Loss: 0.3306
2025-10-10 03:15:33,801 [INFO] Época 17/30, Batch 2400/3348, Loss: 0.3662
2025-10-10 03:15:34,060 [INFO] Época 17/30, Batch 2450/3348, Loss: 0.3348
2025-10-10 03:15:34,317 [INFO] Época 17/30, Batch 2500/3348, Loss: 0.4074
2025-10-10 03:15:34,576 [INFO] Época 17/30, Batch 2550/3348, Loss: 0.3233
2025-10-10 03:15:34,836 [INFO] Época 17/30, Batch 2600/3348, Loss: 0.4309
2025-10-10 03:15:35,094 [INFO] Época 17/30, Batch 2650/3348, Loss: 0.3432
2025-10-10 03:15:35,353 [INFO] Época 17/30, Batch 2700/3348, Loss: 0.2154
2025-10-10 03:15:35,610 [INFO] Época 17/30, Batch 2750/3348, Loss: 0.3236
2025-10-10 03:15:35,868 [INFO] Época 17/30, Batch 2800/3348, Loss: 0.3483
2025-10-10 03:15:36,128 [INFO] Época 17/30, Batch 2850/3348, Loss: 0.3376
2025-10-10 03:15:36,385 [INFO] Época 17/30, Batch 2900/3348, Loss: 0.3616
2025-10-10 03:15:36,645 [INFO] Época 17/30, Batch 2950/3348, Loss: 0.3475
2025-10-10 03:15:36,902 [INFO] Época 17/30, Batch 3000/3348, Loss: 0.2943
2025-10-10 03:15:37,159 [INFO] Época 17/30, Batch 3050/3348, Loss: 0.4246
2025-10-10 03:15:37,416 [INFO] Época 17/30, Batch 3100/3348, Loss: 0.3114
2025-10-10 03:15:37,672 [INFO] Época 17/30, Batch 3150/3348, Loss: 0.3587
2025-10-10 03:15:37,929 [INFO] Época 17/30, Batch 3200/3348, Loss: 0.4394
2025-10-10 03:15:38,189 [INFO] Época 17/30, Batch 3250/3348, Loss: 0.4257
2025-10-10 03:15:38,447 [INFO] Época 17/30, Batch 3300/3348, Loss: 0.3641
2025-10-10 03:15:40,217 [INFO] [17/30] Train Loss: 0.3110 | Val Loss: 0.3004 | Tempo: 19.11s
2025-10-10 03:15:40,766 [INFO] Época 18/30, Batch 50/3348, Loss: 0.2482
2025-10-10 03:15:41,040 [INFO] Época 18/30, Batch 100/3348, Loss: 0.2249
2025-10-10 03:15:41,309 [INFO] Época 18/30, Batch 150/3348, Loss: 0.2228
2025-10-10 03:15:41,575 [INFO] Época 18/30, Batch 200/3348, Loss: 0.2911
2025-10-10 03:15:41,844 [INFO] Época 18/30, Batch 250/3348, Loss: 0.2701
2025-10-10 03:15:42,110 [INFO] Época 18/30, Batch 300/3348, Loss: 0.3068
2025-10-10 03:15:42,378 [INFO] Época 18/30, Batch 350/3348, Loss: 0.3053
2025-10-10 03:15:42,643 [INFO] Época 18/30, Batch 400/3348, Loss: 0.2710
2025-10-10 03:15:42,912 [INFO] Época 18/30, Batch 450/3348, Loss: 0.3099
2025-10-10 03:15:43,180 [INFO] Época 18/30, Batch 500/3348, Loss: 0.1930
2025-10-10 03:15:43,449 [INFO] Época 18/30, Batch 550/3348, Loss: 0.3149
2025-10-10 03:15:43,716 [INFO] Época 18/30, Batch 600/3348, Loss: 0.2679
2025-10-10 03:15:43,981 [INFO] Época 18/30, Batch 650/3348, Loss: 0.3427
2025-10-10 03:15:44,247 [INFO] Época 18/30, Batch 700/3348, Loss: 0.3394
2025-10-10 03:15:44,513 [INFO] Época 18/30, Batch 750/3348, Loss: 0.3732
2025-10-10 03:15:44,779 [INFO] Época 18/30, Batch 800/3348, Loss: 0.3344
2025-10-10 03:15:45,044 [INFO] Época 18/30, Batch 850/3348, Loss: 0.3382
2025-10-10 03:15:45,310 [INFO] Época 18/30, Batch 900/3348, Loss: 0.3167
2025-10-10 03:15:45,577 [INFO] Época 18/30, Batch 950/3348, Loss: 0.2553
2025-10-10 03:15:45,843 [INFO] Época 18/30, Batch 1000/3348, Loss: 0.2348
2025-10-10 03:15:46,107 [INFO] Época 18/30, Batch 1050/3348, Loss: 0.2867
2025-10-10 03:15:46,373 [INFO] Época 18/30, Batch 1100/3348, Loss: 0.2380
2025-10-10 03:15:46,639 [INFO] Época 18/30, Batch 1150/3348, Loss: 0.2567
2025-10-10 03:15:46,906 [INFO] Época 18/30, Batch 1200/3348, Loss: 0.3514
2025-10-10 03:15:47,186 [INFO] Época 18/30, Batch 1250/3348, Loss: 0.3380
2025-10-10 03:15:47,452 [INFO] Época 18/30, Batch 1300/3348, Loss: 0.3121
2025-10-10 03:15:47,714 [INFO] Época 18/30, Batch 1350/3348, Loss: 0.4342
2025-10-10 03:15:47,981 [INFO] Época 18/30, Batch 1400/3348, Loss: 0.3249
2025-10-10 03:15:48,246 [INFO] Época 18/30, Batch 1450/3348, Loss: 0.3146
2025-10-10 03:15:48,512 [INFO] Época 18/30, Batch 1500/3348, Loss: 0.3720
2025-10-10 03:15:48,778 [INFO] Época 18/30, Batch 1550/3348, Loss: 0.2787
2025-10-10 03:15:49,041 [INFO] Época 18/30, Batch 1600/3348, Loss: 0.3341
2025-10-10 03:15:49,308 [INFO] Época 18/30, Batch 1650/3348, Loss: 0.3363
2025-10-10 03:15:49,574 [INFO] Época 18/30, Batch 1700/3348, Loss: 0.3269
2025-10-10 03:15:49,841 [INFO] Época 18/30, Batch 1750/3348, Loss: 0.2920
2025-10-10 03:15:50,106 [INFO] Época 18/30, Batch 1800/3348, Loss: 0.2615
2025-10-10 03:15:50,367 [INFO] Época 18/30, Batch 1850/3348, Loss: 0.2561
2025-10-10 03:15:50,628 [INFO] Época 18/30, Batch 1900/3348, Loss: 0.2547
2025-10-10 03:15:50,892 [INFO] Época 18/30, Batch 1950/3348, Loss: 0.2750
2025-10-10 03:15:51,158 [INFO] Época 18/30, Batch 2000/3348, Loss: 0.3153
2025-10-10 03:15:51,423 [INFO] Época 18/30, Batch 2050/3348, Loss: 0.3581
2025-10-10 03:15:51,689 [INFO] Época 18/30, Batch 2100/3348, Loss: 0.3317
2025-10-10 03:15:51,955 [INFO] Época 18/30, Batch 2150/3348, Loss: 0.2000
2025-10-10 03:15:52,220 [INFO] Época 18/30, Batch 2200/3348, Loss: 0.3544
2025-10-10 03:15:52,485 [INFO] Época 18/30, Batch 2250/3348, Loss: 0.3279
2025-10-10 03:15:52,744 [INFO] Época 18/30, Batch 2300/3348, Loss: 0.3556
2025-10-10 03:15:53,002 [INFO] Época 18/30, Batch 2350/3348, Loss: 0.2795
2025-10-10 03:15:53,257 [INFO] Época 18/30, Batch 2400/3348, Loss: 0.2580
2025-10-10 03:15:53,516 [INFO] Época 18/30, Batch 2450/3348, Loss: 0.3095
2025-10-10 03:15:53,774 [INFO] Época 18/30, Batch 2500/3348, Loss: 0.3136
2025-10-10 03:15:54,031 [INFO] Época 18/30, Batch 2550/3348, Loss: 0.2774
2025-10-10 03:15:54,289 [INFO] Época 18/30, Batch 2600/3348, Loss: 0.2881
2025-10-10 03:15:54,547 [INFO] Época 18/30, Batch 2650/3348, Loss: 0.2437
2025-10-10 03:15:54,812 [INFO] Época 18/30, Batch 2700/3348, Loss: 0.2670
2025-10-10 03:15:55,079 [INFO] Época 18/30, Batch 2750/3348, Loss: 0.3530
2025-10-10 03:15:55,346 [INFO] Época 18/30, Batch 2800/3348, Loss: 0.2690
2025-10-10 03:15:55,611 [INFO] Época 18/30, Batch 2850/3348, Loss: 0.3253
2025-10-10 03:15:55,876 [INFO] Época 18/30, Batch 2900/3348, Loss: 0.2718
2025-10-10 03:15:56,145 [INFO] Época 18/30, Batch 2950/3348, Loss: 0.3684
2025-10-10 03:15:56,411 [INFO] Época 18/30, Batch 3000/3348, Loss: 0.2637
2025-10-10 03:15:56,677 [INFO] Época 18/30, Batch 3050/3348, Loss: 0.3071
2025-10-10 03:15:56,942 [INFO] Época 18/30, Batch 3100/3348, Loss: 0.2066
2025-10-10 03:15:57,209 [INFO] Época 18/30, Batch 3150/3348, Loss: 0.3758
2025-10-10 03:15:57,486 [INFO] Época 18/30, Batch 3200/3348, Loss: 0.3169
2025-10-10 03:15:57,751 [INFO] Época 18/30, Batch 3250/3348, Loss: 0.2933
2025-10-10 03:15:58,011 [INFO] Época 18/30, Batch 3300/3348, Loss: 0.2428
2025-10-10 03:15:59,732 [INFO] [18/30] Train Loss: 0.3107 | Val Loss: 0.3008 | Tempo: 19.51s
2025-10-10 03:16:00,277 [INFO] Época 19/30, Batch 50/3348, Loss: 0.3010
2025-10-10 03:16:00,542 [INFO] Época 19/30, Batch 100/3348, Loss: 0.3429
2025-10-10 03:16:00,802 [INFO] Época 19/30, Batch 150/3348, Loss: 0.3881
2025-10-10 03:16:01,059 [INFO] Época 19/30, Batch 200/3348, Loss: 0.3525
2025-10-10 03:16:01,318 [INFO] Época 19/30, Batch 250/3348, Loss: 0.2891
2025-10-10 03:16:01,574 [INFO] Época 19/30, Batch 300/3348, Loss: 0.3748
2025-10-10 03:16:01,831 [INFO] Época 19/30, Batch 350/3348, Loss: 0.2546
2025-10-10 03:16:02,088 [INFO] Época 19/30, Batch 400/3348, Loss: 0.2865
2025-10-10 03:16:02,345 [INFO] Época 19/30, Batch 450/3348, Loss: 0.2723
2025-10-10 03:16:02,610 [INFO] Época 19/30, Batch 500/3348, Loss: 0.3047
2025-10-10 03:16:02,880 [INFO] Época 19/30, Batch 550/3348, Loss: 0.2459
2025-10-10 03:16:03,145 [INFO] Época 19/30, Batch 600/3348, Loss: 0.3437
2025-10-10 03:16:03,408 [INFO] Época 19/30, Batch 650/3348, Loss: 0.3088
2025-10-10 03:16:03,674 [INFO] Época 19/30, Batch 700/3348, Loss: 0.2822
2025-10-10 03:16:03,929 [INFO] Época 19/30, Batch 750/3348, Loss: 0.3097
2025-10-10 03:16:04,189 [INFO] Época 19/30, Batch 800/3348, Loss: 0.3040
2025-10-10 03:16:04,450 [INFO] Época 19/30, Batch 850/3348, Loss: 0.3401
2025-10-10 03:16:04,709 [INFO] Época 19/30, Batch 900/3348, Loss: 0.2859
2025-10-10 03:16:04,964 [INFO] Época 19/30, Batch 950/3348, Loss: 0.3543
2025-10-10 03:16:05,220 [INFO] Época 19/30, Batch 1000/3348, Loss: 0.4006
2025-10-10 03:16:05,475 [INFO] Época 19/30, Batch 1050/3348, Loss: 0.2813
2025-10-10 03:16:05,732 [INFO] Época 19/30, Batch 1100/3348, Loss: 0.2903
2025-10-10 03:16:05,987 [INFO] Época 19/30, Batch 1150/3348, Loss: 0.3686
2025-10-10 03:16:06,244 [INFO] Época 19/30, Batch 1200/3348, Loss: 0.3498
2025-10-10 03:16:06,505 [INFO] Época 19/30, Batch 1250/3348, Loss: 0.2404
2025-10-10 03:16:06,765 [INFO] Época 19/30, Batch 1300/3348, Loss: 0.3709
2025-10-10 03:16:07,023 [INFO] Época 19/30, Batch 1350/3348, Loss: 0.3163
2025-10-10 03:16:07,280 [INFO] Época 19/30, Batch 1400/3348, Loss: 0.2434
2025-10-10 03:16:07,537 [INFO] Época 19/30, Batch 1450/3348, Loss: 0.3506
2025-10-10 03:16:07,806 [INFO] Época 19/30, Batch 1500/3348, Loss: 0.2867
2025-10-10 03:16:08,063 [INFO] Época 19/30, Batch 1550/3348, Loss: 0.3128
2025-10-10 03:16:08,321 [INFO] Época 19/30, Batch 1600/3348, Loss: 0.2273
2025-10-10 03:16:08,578 [INFO] Época 19/30, Batch 1650/3348, Loss: 0.3773
2025-10-10 03:16:08,834 [INFO] Época 19/30, Batch 1700/3348, Loss: 0.2669
2025-10-10 03:16:09,092 [INFO] Época 19/30, Batch 1750/3348, Loss: 0.2813
2025-10-10 03:16:09,350 [INFO] Época 19/30, Batch 1800/3348, Loss: 0.3029
2025-10-10 03:16:09,606 [INFO] Época 19/30, Batch 1850/3348, Loss: 0.3458
2025-10-10 03:16:09,862 [INFO] Época 19/30, Batch 1900/3348, Loss: 0.3570
2025-10-10 03:16:10,120 [INFO] Época 19/30, Batch 1950/3348, Loss: 0.2437
2025-10-10 03:16:10,379 [INFO] Época 19/30, Batch 2000/3348, Loss: 0.4526
2025-10-10 03:16:10,636 [INFO] Época 19/30, Batch 2050/3348, Loss: 0.3532
2025-10-10 03:16:10,898 [INFO] Época 19/30, Batch 2100/3348, Loss: 0.4155
2025-10-10 03:16:11,169 [INFO] Época 19/30, Batch 2150/3348, Loss: 0.3248
2025-10-10 03:16:11,440 [INFO] Época 19/30, Batch 2200/3348, Loss: 0.2661
2025-10-10 03:16:11,718 [INFO] Época 19/30, Batch 2250/3348, Loss: 0.3711
2025-10-10 03:16:11,986 [INFO] Época 19/30, Batch 2300/3348, Loss: 0.3559
2025-10-10 03:16:12,254 [INFO] Época 19/30, Batch 2350/3348, Loss: 0.3175
2025-10-10 03:16:12,521 [INFO] Época 19/30, Batch 2400/3348, Loss: 0.2735
2025-10-10 03:16:12,790 [INFO] Época 19/30, Batch 2450/3348, Loss: 0.3141
2025-10-10 03:16:13,064 [INFO] Época 19/30, Batch 2500/3348, Loss: 0.3025
2025-10-10 03:16:13,328 [INFO] Época 19/30, Batch 2550/3348, Loss: 0.3265
2025-10-10 03:16:13,588 [INFO] Época 19/30, Batch 2600/3348, Loss: 0.3248
2025-10-10 03:16:13,848 [INFO] Época 19/30, Batch 2650/3348, Loss: 0.3017
2025-10-10 03:16:14,110 [INFO] Época 19/30, Batch 2700/3348, Loss: 0.2628
2025-10-10 03:16:14,370 [INFO] Época 19/30, Batch 2750/3348, Loss: 0.3201
2025-10-10 03:16:14,633 [INFO] Época 19/30, Batch 2800/3348, Loss: 0.3759
2025-10-10 03:16:14,892 [INFO] Época 19/30, Batch 2850/3348, Loss: 0.3174
2025-10-10 03:16:15,155 [INFO] Época 19/30, Batch 2900/3348, Loss: 0.3361
2025-10-10 03:16:15,415 [INFO] Época 19/30, Batch 2950/3348, Loss: 0.2681
2025-10-10 03:16:15,676 [INFO] Época 19/30, Batch 3000/3348, Loss: 0.2332
2025-10-10 03:16:15,936 [INFO] Época 19/30, Batch 3050/3348, Loss: 0.2660
2025-10-10 03:16:16,194 [INFO] Época 19/30, Batch 3100/3348, Loss: 0.3523
2025-10-10 03:16:16,454 [INFO] Época 19/30, Batch 3150/3348, Loss: 0.3399
2025-10-10 03:16:16,710 [INFO] Época 19/30, Batch 3200/3348, Loss: 0.2942
2025-10-10 03:16:16,969 [INFO] Época 19/30, Batch 3250/3348, Loss: 0.2692
2025-10-10 03:16:17,228 [INFO] Época 19/30, Batch 3300/3348, Loss: 0.3101
2025-10-10 03:16:18,992 [INFO] [19/30] Train Loss: 0.3106 | Val Loss: 0.3058 | Tempo: 19.26s
2025-10-10 03:16:19,537 [INFO] Época 20/30, Batch 50/3348, Loss: 0.3811
2025-10-10 03:16:19,800 [INFO] Época 20/30, Batch 100/3348, Loss: 0.2560
2025-10-10 03:16:20,065 [INFO] Época 20/30, Batch 150/3348, Loss: 0.3060
2025-10-10 03:16:20,327 [INFO] Época 20/30, Batch 200/3348, Loss: 0.2942
2025-10-10 03:16:20,593 [INFO] Época 20/30, Batch 250/3348, Loss: 0.3950
2025-10-10 03:16:20,855 [INFO] Época 20/30, Batch 300/3348, Loss: 0.3951
2025-10-10 03:16:21,121 [INFO] Época 20/30, Batch 350/3348, Loss: 0.3385
2025-10-10 03:16:21,384 [INFO] Época 20/30, Batch 400/3348, Loss: 0.4250
2025-10-10 03:16:21,649 [INFO] Época 20/30, Batch 450/3348, Loss: 0.3851
2025-10-10 03:16:21,911 [INFO] Época 20/30, Batch 500/3348, Loss: 0.3630
2025-10-10 03:16:22,173 [INFO] Época 20/30, Batch 550/3348, Loss: 0.4397
2025-10-10 03:16:22,434 [INFO] Época 20/30, Batch 600/3348, Loss: 0.3065
2025-10-10 03:16:22,696 [INFO] Época 20/30, Batch 650/3348, Loss: 0.2307
2025-10-10 03:16:22,957 [INFO] Época 20/30, Batch 700/3348, Loss: 0.3417
2025-10-10 03:16:23,219 [INFO] Época 20/30, Batch 750/3348, Loss: 0.2435
2025-10-10 03:16:23,477 [INFO] Época 20/30, Batch 800/3348, Loss: 0.2712
2025-10-10 03:16:23,736 [INFO] Época 20/30, Batch 850/3348, Loss: 0.3249
2025-10-10 03:16:23,992 [INFO] Época 20/30, Batch 900/3348, Loss: 0.3088
2025-10-10 03:16:24,249 [INFO] Época 20/30, Batch 950/3348, Loss: 0.2412
2025-10-10 03:16:24,504 [INFO] Época 20/30, Batch 1000/3348, Loss: 0.3306
2025-10-10 03:16:24,764 [INFO] Época 20/30, Batch 1050/3348, Loss: 0.2997
2025-10-10 03:16:25,023 [INFO] Época 20/30, Batch 1100/3348, Loss: 0.2691
2025-10-10 03:16:25,282 [INFO] Época 20/30, Batch 1150/3348, Loss: 0.3709
2025-10-10 03:16:25,541 [INFO] Época 20/30, Batch 1200/3348, Loss: 0.2702
2025-10-10 03:16:25,801 [INFO] Época 20/30, Batch 1250/3348, Loss: 0.3372
2025-10-10 03:16:26,058 [INFO] Época 20/30, Batch 1300/3348, Loss: 0.3539
2025-10-10 03:16:26,314 [INFO] Época 20/30, Batch 1350/3348, Loss: 0.2723
2025-10-10 03:16:26,573 [INFO] Época 20/30, Batch 1400/3348, Loss: 0.3361
2025-10-10 03:16:26,826 [INFO] Época 20/30, Batch 1450/3348, Loss: 0.3085
2025-10-10 03:16:27,082 [INFO] Época 20/30, Batch 1500/3348, Loss: 0.3654
2025-10-10 03:16:27,339 [INFO] Época 20/30, Batch 1550/3348, Loss: 0.2698
2025-10-10 03:16:27,595 [INFO] Época 20/30, Batch 1600/3348, Loss: 0.3349
2025-10-10 03:16:27,850 [INFO] Época 20/30, Batch 1650/3348, Loss: 0.3502
2025-10-10 03:16:28,106 [INFO] Época 20/30, Batch 1700/3348, Loss: 0.2704
2025-10-10 03:16:28,365 [INFO] Época 20/30, Batch 1750/3348, Loss: 0.2927
2025-10-10 03:16:28,624 [INFO] Época 20/30, Batch 1800/3348, Loss: 0.2711
2025-10-10 03:16:28,883 [INFO] Época 20/30, Batch 1850/3348, Loss: 0.2722
2025-10-10 03:16:29,140 [INFO] Época 20/30, Batch 1900/3348, Loss: 0.2477
2025-10-10 03:16:29,400 [INFO] Época 20/30, Batch 1950/3348, Loss: 0.2533
2025-10-10 03:16:29,660 [INFO] Época 20/30, Batch 2000/3348, Loss: 0.2491
2025-10-10 03:16:29,919 [INFO] Época 20/30, Batch 2050/3348, Loss: 0.3276
2025-10-10 03:16:30,180 [INFO] Época 20/30, Batch 2100/3348, Loss: 0.3751
2025-10-10 03:16:30,442 [INFO] Época 20/30, Batch 2150/3348, Loss: 0.2662
2025-10-10 03:16:30,700 [INFO] Época 20/30, Batch 2200/3348, Loss: 0.2883
2025-10-10 03:16:30,960 [INFO] Época 20/30, Batch 2250/3348, Loss: 0.3019
2025-10-10 03:16:31,222 [INFO] Época 20/30, Batch 2300/3348, Loss: 0.2779
2025-10-10 03:16:31,484 [INFO] Época 20/30, Batch 2350/3348, Loss: 0.3153
2025-10-10 03:16:31,742 [INFO] Época 20/30, Batch 2400/3348, Loss: 0.2742
2025-10-10 03:16:31,999 [INFO] Época 20/30, Batch 2450/3348, Loss: 0.2983
2025-10-10 03:16:32,256 [INFO] Época 20/30, Batch 2500/3348, Loss: 0.2992
2025-10-10 03:16:32,515 [INFO] Época 20/30, Batch 2550/3348, Loss: 0.3255
2025-10-10 03:16:32,774 [INFO] Época 20/30, Batch 2600/3348, Loss: 0.2168
2025-10-10 03:16:33,032 [INFO] Época 20/30, Batch 2650/3348, Loss: 0.3358
2025-10-10 03:16:33,289 [INFO] Época 20/30, Batch 2700/3348, Loss: 0.2973
2025-10-10 03:16:33,547 [INFO] Época 20/30, Batch 2750/3348, Loss: 0.3287
2025-10-10 03:16:33,805 [INFO] Época 20/30, Batch 2800/3348, Loss: 0.2771
2025-10-10 03:16:34,063 [INFO] Época 20/30, Batch 2850/3348, Loss: 0.2608
2025-10-10 03:16:34,321 [INFO] Época 20/30, Batch 2900/3348, Loss: 0.3423
2025-10-10 03:16:34,586 [INFO] Época 20/30, Batch 2950/3348, Loss: 0.2802
2025-10-10 03:16:34,846 [INFO] Época 20/30, Batch 3000/3348, Loss: 0.3309
2025-10-10 03:16:35,106 [INFO] Época 20/30, Batch 3050/3348, Loss: 0.3918
2025-10-10 03:16:35,369 [INFO] Época 20/30, Batch 3100/3348, Loss: 0.3015
2025-10-10 03:16:35,632 [INFO] Época 20/30, Batch 3150/3348, Loss: 0.2537
2025-10-10 03:16:35,888 [INFO] Época 20/30, Batch 3200/3348, Loss: 0.3176
2025-10-10 03:16:36,147 [INFO] Época 20/30, Batch 3250/3348, Loss: 0.2648
2025-10-10 03:16:36,410 [INFO] Época 20/30, Batch 3300/3348, Loss: 0.4031
2025-10-10 03:16:38,235 [INFO] [20/30] Train Loss: 0.3102 | Val Loss: 0.3025 | Tempo: 19.24s
2025-10-10 03:16:38,787 [INFO] Época 21/30, Batch 50/3348, Loss: 0.3580
2025-10-10 03:16:39,049 [INFO] Época 21/30, Batch 100/3348, Loss: 0.3624
2025-10-10 03:16:39,308 [INFO] Época 21/30, Batch 150/3348, Loss: 0.3167
2025-10-10 03:16:39,568 [INFO] Época 21/30, Batch 200/3348, Loss: 0.2766
2025-10-10 03:16:39,825 [INFO] Época 21/30, Batch 250/3348, Loss: 0.2053
2025-10-10 03:16:40,085 [INFO] Época 21/30, Batch 300/3348, Loss: 0.3167
2025-10-10 03:16:40,341 [INFO] Época 21/30, Batch 350/3348, Loss: 0.2668
2025-10-10 03:16:40,597 [INFO] Época 21/30, Batch 400/3348, Loss: 0.2786
2025-10-10 03:16:40,852 [INFO] Época 21/30, Batch 450/3348, Loss: 0.2599
2025-10-10 03:16:41,109 [INFO] Época 21/30, Batch 500/3348, Loss: 0.3826
2025-10-10 03:16:41,367 [INFO] Época 21/30, Batch 550/3348, Loss: 0.3305
2025-10-10 03:16:41,624 [INFO] Época 21/30, Batch 600/3348, Loss: 0.3470
2025-10-10 03:16:41,881 [INFO] Época 21/30, Batch 650/3348, Loss: 0.3029
2025-10-10 03:16:42,133 [INFO] Época 21/30, Batch 700/3348, Loss: 0.2255
2025-10-10 03:16:42,387 [INFO] Época 21/30, Batch 750/3348, Loss: 0.3075
2025-10-10 03:16:42,642 [INFO] Época 21/30, Batch 800/3348, Loss: 0.3432
2025-10-10 03:16:42,895 [INFO] Época 21/30, Batch 850/3348, Loss: 0.2758
2025-10-10 03:16:43,148 [INFO] Época 21/30, Batch 900/3348, Loss: 0.3347
2025-10-10 03:16:43,401 [INFO] Época 21/30, Batch 950/3348, Loss: 0.3464
2025-10-10 03:16:43,655 [INFO] Época 21/30, Batch 1000/3348, Loss: 0.3474
2025-10-10 03:16:43,911 [INFO] Época 21/30, Batch 1050/3348, Loss: 0.2637
2025-10-10 03:16:44,164 [INFO] Época 21/30, Batch 1100/3348, Loss: 0.4366
2025-10-10 03:16:44,419 [INFO] Época 21/30, Batch 1150/3348, Loss: 0.4257
2025-10-10 03:16:44,673 [INFO] Época 21/30, Batch 1200/3348, Loss: 0.3952
2025-10-10 03:16:44,929 [INFO] Época 21/30, Batch 1250/3348, Loss: 0.2820
2025-10-10 03:16:45,183 [INFO] Época 21/30, Batch 1300/3348, Loss: 0.1951
2025-10-10 03:16:45,439 [INFO] Época 21/30, Batch 1350/3348, Loss: 0.3657
2025-10-10 03:16:45,694 [INFO] Época 21/30, Batch 1400/3348, Loss: 0.3088
2025-10-10 03:16:45,949 [INFO] Época 21/30, Batch 1450/3348, Loss: 0.3130
2025-10-10 03:16:46,207 [INFO] Época 21/30, Batch 1500/3348, Loss: 0.2551
2025-10-10 03:16:46,463 [INFO] Época 21/30, Batch 1550/3348, Loss: 0.3363
2025-10-10 03:16:46,720 [INFO] Época 21/30, Batch 1600/3348, Loss: 0.2077
2025-10-10 03:16:46,976 [INFO] Época 21/30, Batch 1650/3348, Loss: 0.3383
2025-10-10 03:16:47,234 [INFO] Época 21/30, Batch 1700/3348, Loss: 0.3347
2025-10-10 03:16:47,491 [INFO] Época 21/30, Batch 1750/3348, Loss: 0.3754
2025-10-10 03:16:47,748 [INFO] Época 21/30, Batch 1800/3348, Loss: 0.3688
2025-10-10 03:16:48,004 [INFO] Época 21/30, Batch 1850/3348, Loss: 0.2558
2025-10-10 03:16:48,261 [INFO] Época 21/30, Batch 1900/3348, Loss: 0.2920
2025-10-10 03:16:48,517 [INFO] Época 21/30, Batch 1950/3348, Loss: 0.4252
2025-10-10 03:16:48,774 [INFO] Época 21/30, Batch 2000/3348, Loss: 0.2510
2025-10-10 03:16:49,030 [INFO] Época 21/30, Batch 2050/3348, Loss: 0.2178
2025-10-10 03:16:49,288 [INFO] Época 21/30, Batch 2100/3348, Loss: 0.3053
2025-10-10 03:16:49,545 [INFO] Época 21/30, Batch 2150/3348, Loss: 0.2525
2025-10-10 03:16:49,800 [INFO] Época 21/30, Batch 2200/3348, Loss: 0.3137
2025-10-10 03:16:50,056 [INFO] Época 21/30, Batch 2250/3348, Loss: 0.2802
2025-10-10 03:16:50,312 [INFO] Época 21/30, Batch 2300/3348, Loss: 0.3469
2025-10-10 03:16:50,569 [INFO] Época 21/30, Batch 2350/3348, Loss: 0.3563
2025-10-10 03:16:50,825 [INFO] Época 21/30, Batch 2400/3348, Loss: 0.2794
2025-10-10 03:16:51,081 [INFO] Época 21/30, Batch 2450/3348, Loss: 0.3275
2025-10-10 03:16:51,336 [INFO] Época 21/30, Batch 2500/3348, Loss: 0.2150
2025-10-10 03:16:51,592 [INFO] Época 21/30, Batch 2550/3348, Loss: 0.2700
2025-10-10 03:16:51,848 [INFO] Época 21/30, Batch 2600/3348, Loss: 0.2703
2025-10-10 03:16:52,103 [INFO] Época 21/30, Batch 2650/3348, Loss: 0.3556
2025-10-10 03:16:52,358 [INFO] Época 21/30, Batch 2700/3348, Loss: 0.2527
2025-10-10 03:16:52,612 [INFO] Época 21/30, Batch 2750/3348, Loss: 0.3837
2025-10-10 03:16:52,866 [INFO] Época 21/30, Batch 2800/3348, Loss: 0.3703
2025-10-10 03:16:53,123 [INFO] Época 21/30, Batch 2850/3348, Loss: 0.3826
2025-10-10 03:16:53,377 [INFO] Época 21/30, Batch 2900/3348, Loss: 0.3866
2025-10-10 03:16:53,631 [INFO] Época 21/30, Batch 2950/3348, Loss: 0.3057
2025-10-10 03:16:53,886 [INFO] Época 21/30, Batch 3000/3348, Loss: 0.3075
2025-10-10 03:16:54,139 [INFO] Época 21/30, Batch 3050/3348, Loss: 0.3028
2025-10-10 03:16:54,395 [INFO] Época 21/30, Batch 3100/3348, Loss: 0.2429
2025-10-10 03:16:54,652 [INFO] Época 21/30, Batch 3150/3348, Loss: 0.2817
2025-10-10 03:16:54,905 [INFO] Época 21/30, Batch 3200/3348, Loss: 0.3612
2025-10-10 03:16:55,161 [INFO] Época 21/30, Batch 3250/3348, Loss: 0.2235
2025-10-10 03:16:55,416 [INFO] Época 21/30, Batch 3300/3348, Loss: 0.3643
2025-10-10 03:16:57,204 [INFO] [21/30] Train Loss: 0.3097 | Val Loss: 0.3001 | Tempo: 18.97s
2025-10-10 03:16:57,756 [INFO] Época 22/30, Batch 50/3348, Loss: 0.3716
2025-10-10 03:16:58,022 [INFO] Época 22/30, Batch 100/3348, Loss: 0.2740
2025-10-10 03:16:58,283 [INFO] Época 22/30, Batch 150/3348, Loss: 0.4270
2025-10-10 03:16:58,549 [INFO] Época 22/30, Batch 200/3348, Loss: 0.2614
2025-10-10 03:16:58,808 [INFO] Época 22/30, Batch 250/3348, Loss: 0.3368
2025-10-10 03:16:59,066 [INFO] Época 22/30, Batch 300/3348, Loss: 0.3715
2025-10-10 03:16:59,325 [INFO] Época 22/30, Batch 350/3348, Loss: 0.3733
2025-10-10 03:16:59,583 [INFO] Época 22/30, Batch 400/3348, Loss: 0.2306
2025-10-10 03:16:59,838 [INFO] Época 22/30, Batch 450/3348, Loss: 0.2925
2025-10-10 03:17:00,095 [INFO] Época 22/30, Batch 500/3348, Loss: 0.2619
2025-10-10 03:17:00,355 [INFO] Época 22/30, Batch 550/3348, Loss: 0.3000
2025-10-10 03:17:00,611 [INFO] Época 22/30, Batch 600/3348, Loss: 0.3062
2025-10-10 03:17:00,869 [INFO] Época 22/30, Batch 650/3348, Loss: 0.2493
2025-10-10 03:17:01,125 [INFO] Época 22/30, Batch 700/3348, Loss: 0.2658
2025-10-10 03:17:01,380 [INFO] Época 22/30, Batch 750/3348, Loss: 0.2300
2025-10-10 03:17:01,637 [INFO] Época 22/30, Batch 800/3348, Loss: 0.3308
2025-10-10 03:17:01,892 [INFO] Época 22/30, Batch 850/3348, Loss: 0.3442
2025-10-10 03:17:02,148 [INFO] Época 22/30, Batch 900/3348, Loss: 0.2921
2025-10-10 03:17:02,403 [INFO] Época 22/30, Batch 950/3348, Loss: 0.2888
2025-10-10 03:17:02,657 [INFO] Época 22/30, Batch 1000/3348, Loss: 0.2221
2025-10-10 03:17:02,915 [INFO] Época 22/30, Batch 1050/3348, Loss: 0.3242
2025-10-10 03:17:03,173 [INFO] Época 22/30, Batch 1100/3348, Loss: 0.2981
2025-10-10 03:17:03,435 [INFO] Época 22/30, Batch 1150/3348, Loss: 0.3527
2025-10-10 03:17:03,695 [INFO] Época 22/30, Batch 1200/3348, Loss: 0.2334
2025-10-10 03:17:03,955 [INFO] Época 22/30, Batch 1250/3348, Loss: 0.3792
2025-10-10 03:17:04,215 [INFO] Época 22/30, Batch 1300/3348, Loss: 0.2341
2025-10-10 03:17:04,475 [INFO] Época 22/30, Batch 1350/3348, Loss: 0.3076
2025-10-10 03:17:04,735 [INFO] Época 22/30, Batch 1400/3348, Loss: 0.3659
2025-10-10 03:17:04,993 [INFO] Época 22/30, Batch 1450/3348, Loss: 0.3277
2025-10-10 03:17:05,251 [INFO] Época 22/30, Batch 1500/3348, Loss: 0.3042
2025-10-10 03:17:05,512 [INFO] Época 22/30, Batch 1550/3348, Loss: 0.4153
2025-10-10 03:17:05,770 [INFO] Época 22/30, Batch 1600/3348, Loss: 0.3238
2025-10-10 03:17:06,026 [INFO] Época 22/30, Batch 1650/3348, Loss: 0.3285
2025-10-10 03:17:06,284 [INFO] Época 22/30, Batch 1700/3348, Loss: 0.3410
2025-10-10 03:17:06,539 [INFO] Época 22/30, Batch 1750/3348, Loss: 0.3278
2025-10-10 03:17:06,797 [INFO] Época 22/30, Batch 1800/3348, Loss: 0.3286
2025-10-10 03:17:07,053 [INFO] Época 22/30, Batch 1850/3348, Loss: 0.4233
2025-10-10 03:17:07,310 [INFO] Época 22/30, Batch 1900/3348, Loss: 0.3045
2025-10-10 03:17:07,566 [INFO] Época 22/30, Batch 1950/3348, Loss: 0.2384
2025-10-10 03:17:07,822 [INFO] Época 22/30, Batch 2000/3348, Loss: 0.3927
2025-10-10 03:17:08,077 [INFO] Época 22/30, Batch 2050/3348, Loss: 0.3682
2025-10-10 03:17:08,334 [INFO] Época 22/30, Batch 2100/3348, Loss: 0.2131
2025-10-10 03:17:08,591 [INFO] Época 22/30, Batch 2150/3348, Loss: 0.2833
2025-10-10 03:17:08,846 [INFO] Época 22/30, Batch 2200/3348, Loss: 0.3423
2025-10-10 03:17:09,103 [INFO] Época 22/30, Batch 2250/3348, Loss: 0.2721
2025-10-10 03:17:09,360 [INFO] Época 22/30, Batch 2300/3348, Loss: 0.3398
2025-10-10 03:17:09,618 [INFO] Época 22/30, Batch 2350/3348, Loss: 0.2695
2025-10-10 03:17:09,877 [INFO] Época 22/30, Batch 2400/3348, Loss: 0.2877
2025-10-10 03:17:10,138 [INFO] Época 22/30, Batch 2450/3348, Loss: 0.1939
2025-10-10 03:17:10,393 [INFO] Época 22/30, Batch 2500/3348, Loss: 0.3412
2025-10-10 03:17:10,651 [INFO] Época 22/30, Batch 2550/3348, Loss: 0.3842
2025-10-10 03:17:10,905 [INFO] Época 22/30, Batch 2600/3348, Loss: 0.2545
2025-10-10 03:17:11,162 [INFO] Época 22/30, Batch 2650/3348, Loss: 0.3328
2025-10-10 03:17:11,418 [INFO] Época 22/30, Batch 2700/3348, Loss: 0.4125
2025-10-10 03:17:11,672 [INFO] Época 22/30, Batch 2750/3348, Loss: 0.3215
2025-10-10 03:17:11,926 [INFO] Época 22/30, Batch 2800/3348, Loss: 0.3235
2025-10-10 03:17:12,180 [INFO] Época 22/30, Batch 2850/3348, Loss: 0.2386
2025-10-10 03:17:12,435 [INFO] Época 22/30, Batch 2900/3348, Loss: 0.3376
2025-10-10 03:17:12,688 [INFO] Época 22/30, Batch 2950/3348, Loss: 0.3191
2025-10-10 03:17:12,938 [INFO] Época 22/30, Batch 3000/3348, Loss: 0.3174
2025-10-10 03:17:13,188 [INFO] Época 22/30, Batch 3050/3348, Loss: 0.2731
2025-10-10 03:17:13,443 [INFO] Época 22/30, Batch 3100/3348, Loss: 0.2456
2025-10-10 03:17:13,701 [INFO] Época 22/30, Batch 3150/3348, Loss: 0.2417
2025-10-10 03:17:13,955 [INFO] Época 22/30, Batch 3200/3348, Loss: 0.2321
2025-10-10 03:17:14,208 [INFO] Época 22/30, Batch 3250/3348, Loss: 0.3317
2025-10-10 03:17:14,465 [INFO] Época 22/30, Batch 3300/3348, Loss: 0.3465
2025-10-10 03:17:16,255 [INFO] [22/30] Train Loss: 0.3095 | Val Loss: 0.2999 | Tempo: 19.05s
2025-10-10 03:17:16,817 [INFO] Época 23/30, Batch 50/3348, Loss: 0.2669
2025-10-10 03:17:17,090 [INFO] Época 23/30, Batch 100/3348, Loss: 0.2659
2025-10-10 03:17:17,361 [INFO] Época 23/30, Batch 150/3348, Loss: 0.2551
2025-10-10 03:17:17,629 [INFO] Época 23/30, Batch 200/3348, Loss: 0.2982
2025-10-10 03:17:17,895 [INFO] Época 23/30, Batch 250/3348, Loss: 0.3596
2025-10-10 03:17:18,163 [INFO] Época 23/30, Batch 300/3348, Loss: 0.4299
2025-10-10 03:17:18,433 [INFO] Época 23/30, Batch 350/3348, Loss: 0.3162
2025-10-10 03:17:18,701 [INFO] Época 23/30, Batch 400/3348, Loss: 0.3090
2025-10-10 03:17:18,968 [INFO] Época 23/30, Batch 450/3348, Loss: 0.2711
2025-10-10 03:17:19,236 [INFO] Época 23/30, Batch 500/3348, Loss: 0.3008
2025-10-10 03:17:19,505 [INFO] Época 23/30, Batch 550/3348, Loss: 0.2505
2025-10-10 03:17:19,771 [INFO] Época 23/30, Batch 600/3348, Loss: 0.4238
2025-10-10 03:17:20,037 [INFO] Época 23/30, Batch 650/3348, Loss: 0.3051
2025-10-10 03:17:20,305 [INFO] Época 23/30, Batch 700/3348, Loss: 0.2595
2025-10-10 03:17:20,562 [INFO] Época 23/30, Batch 750/3348, Loss: 0.3219
2025-10-10 03:17:20,830 [INFO] Época 23/30, Batch 800/3348, Loss: 0.2534
2025-10-10 03:17:21,098 [INFO] Época 23/30, Batch 850/3348, Loss: 0.2804
2025-10-10 03:17:21,365 [INFO] Época 23/30, Batch 900/3348, Loss: 0.3677
2025-10-10 03:17:21,629 [INFO] Época 23/30, Batch 950/3348, Loss: 0.2255
2025-10-10 03:17:21,890 [INFO] Época 23/30, Batch 1000/3348, Loss: 0.2900
2025-10-10 03:17:22,149 [INFO] Época 23/30, Batch 1050/3348, Loss: 0.2985
2025-10-10 03:17:22,407 [INFO] Época 23/30, Batch 1100/3348, Loss: 0.2605
2025-10-10 03:17:22,668 [INFO] Época 23/30, Batch 1150/3348, Loss: 0.3332
2025-10-10 03:17:22,928 [INFO] Época 23/30, Batch 1200/3348, Loss: 0.2604
2025-10-10 03:17:23,185 [INFO] Época 23/30, Batch 1250/3348, Loss: 0.2395
2025-10-10 03:17:23,451 [INFO] Época 23/30, Batch 1300/3348, Loss: 0.3644
2025-10-10 03:17:23,714 [INFO] Época 23/30, Batch 1350/3348, Loss: 0.3234
2025-10-10 03:17:23,981 [INFO] Época 23/30, Batch 1400/3348, Loss: 0.2520
2025-10-10 03:17:24,247 [INFO] Época 23/30, Batch 1450/3348, Loss: 0.2873
2025-10-10 03:17:24,512 [INFO] Época 23/30, Batch 1500/3348, Loss: 0.4214
2025-10-10 03:17:24,778 [INFO] Época 23/30, Batch 1550/3348, Loss: 0.3413
2025-10-10 03:17:25,042 [INFO] Época 23/30, Batch 1600/3348, Loss: 0.2696
2025-10-10 03:17:25,310 [INFO] Época 23/30, Batch 1650/3348, Loss: 0.3016
2025-10-10 03:17:25,575 [INFO] Época 23/30, Batch 1700/3348, Loss: 0.2681
2025-10-10 03:17:25,842 [INFO] Época 23/30, Batch 1750/3348, Loss: 0.2581
2025-10-10 03:17:26,107 [INFO] Época 23/30, Batch 1800/3348, Loss: 0.3479
2025-10-10 03:17:26,371 [INFO] Época 23/30, Batch 1850/3348, Loss: 0.2538
2025-10-10 03:17:26,637 [INFO] Época 23/30, Batch 1900/3348, Loss: 0.2949
2025-10-10 03:17:26,901 [INFO] Época 23/30, Batch 1950/3348, Loss: 0.3806
2025-10-10 03:17:27,166 [INFO] Época 23/30, Batch 2000/3348, Loss: 0.2996
2025-10-10 03:17:27,432 [INFO] Época 23/30, Batch 2050/3348, Loss: 0.3938
2025-10-10 03:17:27,694 [INFO] Época 23/30, Batch 2100/3348, Loss: 0.2560
2025-10-10 03:17:27,956 [INFO] Época 23/30, Batch 2150/3348, Loss: 0.2830
2025-10-10 03:17:28,213 [INFO] Época 23/30, Batch 2200/3348, Loss: 0.3460
2025-10-10 03:17:28,471 [INFO] Época 23/30, Batch 2250/3348, Loss: 0.3226
2025-10-10 03:17:28,728 [INFO] Época 23/30, Batch 2300/3348, Loss: 0.2847
2025-10-10 03:17:28,986 [INFO] Época 23/30, Batch 2350/3348, Loss: 0.3527
2025-10-10 03:17:29,245 [INFO] Época 23/30, Batch 2400/3348, Loss: 0.3011
2025-10-10 03:17:29,504 [INFO] Época 23/30, Batch 2450/3348, Loss: 0.2729
2025-10-10 03:17:29,761 [INFO] Época 23/30, Batch 2500/3348, Loss: 0.3241
2025-10-10 03:17:30,020 [INFO] Época 23/30, Batch 2550/3348, Loss: 0.3024
2025-10-10 03:17:30,278 [INFO] Época 23/30, Batch 2600/3348, Loss: 0.3232
2025-10-10 03:17:30,536 [INFO] Época 23/30, Batch 2650/3348, Loss: 0.3388
2025-10-10 03:17:30,796 [INFO] Época 23/30, Batch 2700/3348, Loss: 0.2861
2025-10-10 03:17:31,056 [INFO] Época 23/30, Batch 2750/3348, Loss: 0.3040
2025-10-10 03:17:31,315 [INFO] Época 23/30, Batch 2800/3348, Loss: 0.3651
2025-10-10 03:17:31,573 [INFO] Época 23/30, Batch 2850/3348, Loss: 0.3007
2025-10-10 03:17:31,831 [INFO] Época 23/30, Batch 2900/3348, Loss: 0.3376
2025-10-10 03:17:32,091 [INFO] Época 23/30, Batch 2950/3348, Loss: 0.3053
2025-10-10 03:17:32,349 [INFO] Época 23/30, Batch 3000/3348, Loss: 0.3131
2025-10-10 03:17:32,607 [INFO] Época 23/30, Batch 3050/3348, Loss: 0.3495
2025-10-10 03:17:32,861 [INFO] Época 23/30, Batch 3100/3348, Loss: 0.2832
2025-10-10 03:17:33,115 [INFO] Época 23/30, Batch 3150/3348, Loss: 0.3116
2025-10-10 03:17:33,369 [INFO] Época 23/30, Batch 3200/3348, Loss: 0.3567
2025-10-10 03:17:33,621 [INFO] Época 23/30, Batch 3250/3348, Loss: 0.3089
2025-10-10 03:17:33,874 [INFO] Época 23/30, Batch 3300/3348, Loss: 0.2627
2025-10-10 03:17:35,572 [INFO] [23/30] Train Loss: 0.3095 | Val Loss: 0.3020 | Tempo: 19.32s
2025-10-10 03:17:36,115 [INFO] Época 24/30, Batch 50/3348, Loss: 0.3536
2025-10-10 03:17:36,380 [INFO] Época 24/30, Batch 100/3348, Loss: 0.3543
2025-10-10 03:17:36,642 [INFO] Época 24/30, Batch 150/3348, Loss: 0.3051
2025-10-10 03:17:36,912 [INFO] Época 24/30, Batch 200/3348, Loss: 0.2545
2025-10-10 03:17:37,171 [INFO] Época 24/30, Batch 250/3348, Loss: 0.2678
2025-10-10 03:17:37,429 [INFO] Época 24/30, Batch 300/3348, Loss: 0.4268
2025-10-10 03:17:37,688 [INFO] Época 24/30, Batch 350/3348, Loss: 0.3347
2025-10-10 03:17:37,946 [INFO] Época 24/30, Batch 400/3348, Loss: 0.2904
2025-10-10 03:17:38,204 [INFO] Época 24/30, Batch 450/3348, Loss: 0.3262
2025-10-10 03:17:38,462 [INFO] Época 24/30, Batch 500/3348, Loss: 0.2770
2025-10-10 03:17:38,722 [INFO] Época 24/30, Batch 550/3348, Loss: 0.1989
2025-10-10 03:17:38,982 [INFO] Época 24/30, Batch 600/3348, Loss: 0.4059
2025-10-10 03:17:39,244 [INFO] Época 24/30, Batch 650/3348, Loss: 0.2501
2025-10-10 03:17:39,505 [INFO] Época 24/30, Batch 700/3348, Loss: 0.2151
2025-10-10 03:17:39,762 [INFO] Época 24/30, Batch 750/3348, Loss: 0.3097
2025-10-10 03:17:40,016 [INFO] Época 24/30, Batch 800/3348, Loss: 0.3324
2025-10-10 03:17:40,271 [INFO] Época 24/30, Batch 850/3348, Loss: 0.2586
2025-10-10 03:17:40,529 [INFO] Época 24/30, Batch 900/3348, Loss: 0.3473
2025-10-10 03:17:40,785 [INFO] Época 24/30, Batch 950/3348, Loss: 0.3125
2025-10-10 03:17:41,041 [INFO] Época 24/30, Batch 1000/3348, Loss: 0.3117
2025-10-10 03:17:41,298 [INFO] Época 24/30, Batch 1050/3348, Loss: 0.3839
2025-10-10 03:17:41,553 [INFO] Época 24/30, Batch 1100/3348, Loss: 0.2577
2025-10-10 03:17:41,809 [INFO] Época 24/30, Batch 1150/3348, Loss: 0.2886
2025-10-10 03:17:42,057 [INFO] Época 24/30, Batch 1200/3348, Loss: 0.2451
2025-10-10 03:17:42,309 [INFO] Época 24/30, Batch 1250/3348, Loss: 0.2861
2025-10-10 03:17:42,566 [INFO] Época 24/30, Batch 1300/3348, Loss: 0.2556
2025-10-10 03:17:42,821 [INFO] Época 24/30, Batch 1350/3348, Loss: 0.2611
2025-10-10 03:17:43,077 [INFO] Época 24/30, Batch 1400/3348, Loss: 0.3478
2025-10-10 03:17:43,335 [INFO] Época 24/30, Batch 1450/3348, Loss: 0.2501
2025-10-10 03:17:43,590 [INFO] Época 24/30, Batch 1500/3348, Loss: 0.3033
2025-10-10 03:17:43,846 [INFO] Época 24/30, Batch 1550/3348, Loss: 0.3298
2025-10-10 03:17:44,101 [INFO] Época 24/30, Batch 1600/3348, Loss: 0.2805
2025-10-10 03:17:44,358 [INFO] Época 24/30, Batch 1650/3348, Loss: 0.3505
2025-10-10 03:17:44,616 [INFO] Época 24/30, Batch 1700/3348, Loss: 0.2914
2025-10-10 03:17:44,874 [INFO] Época 24/30, Batch 1750/3348, Loss: 0.2641
2025-10-10 03:17:45,129 [INFO] Época 24/30, Batch 1800/3348, Loss: 0.2654
2025-10-10 03:17:45,385 [INFO] Época 24/30, Batch 1850/3348, Loss: 0.3316
2025-10-10 03:17:45,640 [INFO] Época 24/30, Batch 1900/3348, Loss: 0.2439
2025-10-10 03:17:45,906 [INFO] Época 24/30, Batch 1950/3348, Loss: 0.2588
2025-10-10 03:17:46,170 [INFO] Época 24/30, Batch 2000/3348, Loss: 0.3449
2025-10-10 03:17:46,435 [INFO] Época 24/30, Batch 2050/3348, Loss: 0.2707
2025-10-10 03:17:46,698 [INFO] Época 24/30, Batch 2100/3348, Loss: 0.2996
2025-10-10 03:17:46,963 [INFO] Época 24/30, Batch 2150/3348, Loss: 0.4154
2025-10-10 03:17:47,229 [INFO] Época 24/30, Batch 2200/3348, Loss: 0.3327
2025-10-10 03:17:47,491 [INFO] Época 24/30, Batch 2250/3348, Loss: 0.2961
2025-10-10 03:17:47,754 [INFO] Época 24/30, Batch 2300/3348, Loss: 0.2755
2025-10-10 03:17:48,019 [INFO] Época 24/30, Batch 2350/3348, Loss: 0.4077
2025-10-10 03:17:48,286 [INFO] Época 24/30, Batch 2400/3348, Loss: 0.3613
2025-10-10 03:17:48,551 [INFO] Época 24/30, Batch 2450/3348, Loss: 0.3664
2025-10-10 03:17:48,811 [INFO] Época 24/30, Batch 2500/3348, Loss: 0.2445
2025-10-10 03:17:49,067 [INFO] Época 24/30, Batch 2550/3348, Loss: 0.2601
2025-10-10 03:17:49,323 [INFO] Época 24/30, Batch 2600/3348, Loss: 0.3316
2025-10-10 03:17:49,579 [INFO] Época 24/30, Batch 2650/3348, Loss: 0.2937
2025-10-10 03:17:49,847 [INFO] Época 24/30, Batch 2700/3348, Loss: 0.2079
2025-10-10 03:17:50,113 [INFO] Época 24/30, Batch 2750/3348, Loss: 0.1947
2025-10-10 03:17:50,379 [INFO] Época 24/30, Batch 2800/3348, Loss: 0.2783
2025-10-10 03:17:50,644 [INFO] Época 24/30, Batch 2850/3348, Loss: 0.2989
2025-10-10 03:17:50,910 [INFO] Época 24/30, Batch 2900/3348, Loss: 0.3091
2025-10-10 03:17:51,177 [INFO] Época 24/30, Batch 2950/3348, Loss: 0.2195
2025-10-10 03:17:51,443 [INFO] Época 24/30, Batch 3000/3348, Loss: 0.3440
2025-10-10 03:17:51,709 [INFO] Época 24/30, Batch 3050/3348, Loss: 0.2373
2025-10-10 03:17:51,977 [INFO] Época 24/30, Batch 3100/3348, Loss: 0.2809
2025-10-10 03:17:52,255 [INFO] Época 24/30, Batch 3150/3348, Loss: 0.2955
2025-10-10 03:17:52,521 [INFO] Época 24/30, Batch 3200/3348, Loss: 0.3692
2025-10-10 03:17:52,776 [INFO] Época 24/30, Batch 3250/3348, Loss: 0.2834
2025-10-10 03:17:53,035 [INFO] Época 24/30, Batch 3300/3348, Loss: 0.3090
2025-10-10 03:17:54,731 [INFO] [24/30] Train Loss: 0.3090 | Val Loss: 0.2993 | Tempo: 19.16s
2025-10-10 03:17:54,732 [INFO] Early stopping ativado após 10 épocas sem melhoria
2025-10-10 03:17:54,732 [INFO] Treinamento concluído em 459.90 segundos (7.66 minutos)
2025-10-10 03:17:54,732 [INFO] Iniciando avaliação no conjunto de teste...
2025-10-10 03:17:56,208 [INFO] Avaliação do teste concluída em 1.48 segundos
2025-10-10 03:17:56,208 [INFO] MSE no teste: 0.2187
2025-10-10 03:17:56,209 [INFO] RMSE no teste: 0.4676
2025-10-10 03:17:56,209 [INFO] MAE no teste: 0.3428
2025-10-10 03:17:56,209 [INFO] Métricas salvas em /mnt/hdd/home/jdurao/ToolBox-ChemXAI/logs/mlp_att7_EState_metrics.json
