2025-10-09 16:56:50,507 [INFO] Iniciando treinamento do modelo mlp_att1_Physicochemical
2025-10-09 16:56:50,507 [INFO] Configuração: att_index=1, epochs=30, layers=[128, 64, 32], lr=0.001, batch_size=32, descriptor_type=Physicochemical
2025-10-09 16:56:50,508 [INFO] Diretório para modelos: /mnt/hdd/home/jdurao/ToolBox-ChemXAI/models
2025-10-09 16:56:50,508 [INFO] Carregando dados...
2025-10-09 16:56:50,587 [INFO] Preparando dataloaders sem ruído...
2025-10-09 17:06:19,298 [INFO] Dados carregados em 568.79 segundos
2025-10-09 17:06:19,298 [INFO] Tamanhos dos conjuntos - Treino: 107108, Validação: 13388, Teste: 13389
2025-10-09 17:06:19,298 [INFO] Usando dispositivo: cuda
2025-10-09 17:06:20,342 [INFO] Dimensão de entrada: 9, Dimensão de saída: 1
2025-10-09 17:06:20,343 [INFO] Criando modelo MLP com camadas: [128, 64, 32]
2025-10-09 17:06:20,346 [INFO] Modelo criado com 11649 parâmetros
2025-10-09 17:06:20,366 [INFO] Iniciando treinamento com 30 épocas...
2025-10-09 17:06:20,901 [INFO] Época 1/30, Batch 50/3348, Loss: 0.1392
2025-10-09 17:06:21,163 [INFO] Época 1/30, Batch 100/3348, Loss: 0.1413
2025-10-09 17:06:21,422 [INFO] Época 1/30, Batch 150/3348, Loss: 0.1371
2025-10-09 17:06:21,678 [INFO] Época 1/30, Batch 200/3348, Loss: 0.1662
2025-10-09 17:06:21,935 [INFO] Época 1/30, Batch 250/3348, Loss: 0.1555
2025-10-09 17:06:22,184 [INFO] Época 1/30, Batch 300/3348, Loss: 0.1493
2025-10-09 17:06:22,419 [INFO] Época 1/30, Batch 350/3348, Loss: 0.1450
2025-10-09 17:06:22,651 [INFO] Época 1/30, Batch 400/3348, Loss: 0.1328
2025-10-09 17:06:22,885 [INFO] Época 1/30, Batch 450/3348, Loss: 0.1140
2025-10-09 17:06:23,120 [INFO] Época 1/30, Batch 500/3348, Loss: 0.1541
2025-10-09 17:06:23,355 [INFO] Época 1/30, Batch 550/3348, Loss: 0.1719
2025-10-09 17:06:23,594 [INFO] Época 1/30, Batch 600/3348, Loss: 0.1544
2025-10-09 17:06:23,829 [INFO] Época 1/30, Batch 650/3348, Loss: 0.1426
2025-10-09 17:06:24,087 [INFO] Época 1/30, Batch 700/3348, Loss: 0.1181
2025-10-09 17:06:24,349 [INFO] Época 1/30, Batch 750/3348, Loss: 0.1323
2025-10-09 17:06:24,610 [INFO] Época 1/30, Batch 800/3348, Loss: 0.1190
2025-10-09 17:06:24,870 [INFO] Época 1/30, Batch 850/3348, Loss: 0.1839
2025-10-09 17:06:25,129 [INFO] Época 1/30, Batch 900/3348, Loss: 0.1355
2025-10-09 17:06:25,389 [INFO] Época 1/30, Batch 950/3348, Loss: 0.1205
2025-10-09 17:06:25,648 [INFO] Época 1/30, Batch 1000/3348, Loss: 0.1658
2025-10-09 17:06:25,923 [INFO] Época 1/30, Batch 1050/3348, Loss: 0.1613
2025-10-09 17:06:26,206 [INFO] Época 1/30, Batch 1100/3348, Loss: 0.1171
2025-10-09 17:06:26,463 [INFO] Época 1/30, Batch 1150/3348, Loss: 0.1279
2025-10-09 17:06:26,722 [INFO] Época 1/30, Batch 1200/3348, Loss: 0.1130
2025-10-09 17:06:26,982 [INFO] Época 1/30, Batch 1250/3348, Loss: 0.1302
2025-10-09 17:06:27,246 [INFO] Época 1/30, Batch 1300/3348, Loss: 0.1492
2025-10-09 17:06:27,505 [INFO] Época 1/30, Batch 1350/3348, Loss: 0.1278
2025-10-09 17:06:27,765 [INFO] Época 1/30, Batch 1400/3348, Loss: 0.1672
2025-10-09 17:06:28,021 [INFO] Época 1/30, Batch 1450/3348, Loss: 0.1288
2025-10-09 17:06:28,279 [INFO] Época 1/30, Batch 1500/3348, Loss: 0.1631
2025-10-09 17:06:28,547 [INFO] Época 1/30, Batch 1550/3348, Loss: 0.1152
2025-10-09 17:06:28,823 [INFO] Época 1/30, Batch 1600/3348, Loss: 0.1469
2025-10-09 17:06:29,090 [INFO] Época 1/30, Batch 1650/3348, Loss: 0.1160
2025-10-09 17:06:29,344 [INFO] Época 1/30, Batch 1700/3348, Loss: 0.1220
2025-10-09 17:06:29,601 [INFO] Época 1/30, Batch 1750/3348, Loss: 0.1555
2025-10-09 17:06:29,861 [INFO] Época 1/30, Batch 1800/3348, Loss: 0.1151
2025-10-09 17:06:30,118 [INFO] Época 1/30, Batch 1850/3348, Loss: 0.1445
2025-10-09 17:06:30,374 [INFO] Época 1/30, Batch 1900/3348, Loss: 0.1475
2025-10-09 17:06:30,631 [INFO] Época 1/30, Batch 1950/3348, Loss: 0.1025
2025-10-09 17:06:30,888 [INFO] Época 1/30, Batch 2000/3348, Loss: 0.1265
2025-10-09 17:06:31,146 [INFO] Época 1/30, Batch 2050/3348, Loss: 0.1114
2025-10-09 17:06:31,403 [INFO] Época 1/30, Batch 2100/3348, Loss: 0.1241
2025-10-09 17:06:31,660 [INFO] Época 1/30, Batch 2150/3348, Loss: 0.1201
2025-10-09 17:06:31,917 [INFO] Época 1/30, Batch 2200/3348, Loss: 0.1143
2025-10-09 17:06:32,176 [INFO] Época 1/30, Batch 2250/3348, Loss: 0.1434
2025-10-09 17:06:32,437 [INFO] Época 1/30, Batch 2300/3348, Loss: 0.1491
2025-10-09 17:06:32,696 [INFO] Época 1/30, Batch 2350/3348, Loss: 0.1517
2025-10-09 17:06:32,956 [INFO] Época 1/30, Batch 2400/3348, Loss: 0.1357
2025-10-09 17:06:33,214 [INFO] Época 1/30, Batch 2450/3348, Loss: 0.1275
2025-10-09 17:06:33,473 [INFO] Época 1/30, Batch 2500/3348, Loss: 0.1064
2025-10-09 17:06:33,731 [INFO] Época 1/30, Batch 2550/3348, Loss: 0.1331
2025-10-09 17:06:34,007 [INFO] Época 1/30, Batch 2600/3348, Loss: 0.1250
2025-10-09 17:06:34,284 [INFO] Época 1/30, Batch 2650/3348, Loss: 0.1390
2025-10-09 17:06:34,563 [INFO] Época 1/30, Batch 2700/3348, Loss: 0.1243
2025-10-09 17:06:34,839 [INFO] Época 1/30, Batch 2750/3348, Loss: 0.1470
2025-10-09 17:06:35,113 [INFO] Época 1/30, Batch 2800/3348, Loss: 0.1601
2025-10-09 17:06:35,387 [INFO] Época 1/30, Batch 2850/3348, Loss: 0.1394
2025-10-09 17:06:35,660 [INFO] Época 1/30, Batch 2900/3348, Loss: 0.1163
2025-10-09 17:06:35,933 [INFO] Época 1/30, Batch 2950/3348, Loss: 0.1303
2025-10-09 17:06:36,205 [INFO] Época 1/30, Batch 3000/3348, Loss: 0.1294
2025-10-09 17:06:36,477 [INFO] Época 1/30, Batch 3050/3348, Loss: 0.1882
2025-10-09 17:06:36,751 [INFO] Época 1/30, Batch 3100/3348, Loss: 0.2739
2025-10-09 17:06:37,025 [INFO] Época 1/30, Batch 3150/3348, Loss: 0.1323
2025-10-09 17:06:37,298 [INFO] Época 1/30, Batch 3200/3348, Loss: 0.1464
2025-10-09 17:06:37,571 [INFO] Época 1/30, Batch 3250/3348, Loss: 0.1123
2025-10-09 17:06:37,843 [INFO] Época 1/30, Batch 3300/3348, Loss: 0.1397
2025-10-09 17:06:39,669 [INFO] [1/30] Train Loss: 0.1423 | Val Loss: 0.1053 | Tempo: 19.30s
2025-10-09 17:06:39,674 [INFO] Melhor modelo salvo em: /mnt/hdd/home/jdurao/ToolBox-ChemXAI/models/mlp_qm9_Physicochemical_att1_large.pth
2025-10-09 17:06:40,213 [INFO] Época 2/30, Batch 50/3348, Loss: 0.1670
2025-10-09 17:06:40,497 [INFO] Época 2/30, Batch 100/3348, Loss: 0.1185
2025-10-09 17:06:40,773 [INFO] Época 2/30, Batch 150/3348, Loss: 0.1890
2025-10-09 17:06:41,056 [INFO] Época 2/30, Batch 200/3348, Loss: 0.1092
2025-10-09 17:06:41,328 [INFO] Época 2/30, Batch 250/3348, Loss: 0.1206
2025-10-09 17:06:41,601 [INFO] Época 2/30, Batch 300/3348, Loss: 0.1045
2025-10-09 17:06:41,871 [INFO] Época 2/30, Batch 350/3348, Loss: 0.1521
2025-10-09 17:06:42,146 [INFO] Época 2/30, Batch 400/3348, Loss: 0.1492
2025-10-09 17:06:42,418 [INFO] Época 2/30, Batch 450/3348, Loss: 0.0958
2025-10-09 17:06:42,690 [INFO] Época 2/30, Batch 500/3348, Loss: 0.1131
2025-10-09 17:06:42,958 [INFO] Época 2/30, Batch 550/3348, Loss: 0.1261
2025-10-09 17:06:43,227 [INFO] Época 2/30, Batch 600/3348, Loss: 0.1355
2025-10-09 17:06:43,493 [INFO] Época 2/30, Batch 650/3348, Loss: 0.1138
2025-10-09 17:06:43,764 [INFO] Época 2/30, Batch 700/3348, Loss: 0.1111
2025-10-09 17:06:44,027 [INFO] Época 2/30, Batch 750/3348, Loss: 0.1470
2025-10-09 17:06:44,284 [INFO] Época 2/30, Batch 800/3348, Loss: 0.1001
2025-10-09 17:06:44,536 [INFO] Época 2/30, Batch 850/3348, Loss: 0.1013
2025-10-09 17:06:44,788 [INFO] Época 2/30, Batch 900/3348, Loss: 0.1319
2025-10-09 17:06:45,039 [INFO] Época 2/30, Batch 950/3348, Loss: 0.1025
2025-10-09 17:06:45,294 [INFO] Época 2/30, Batch 1000/3348, Loss: 0.1225
2025-10-09 17:06:45,551 [INFO] Época 2/30, Batch 1050/3348, Loss: 0.1524
2025-10-09 17:06:45,813 [INFO] Época 2/30, Batch 1100/3348, Loss: 0.1124
2025-10-09 17:06:46,072 [INFO] Época 2/30, Batch 1150/3348, Loss: 0.1379
2025-10-09 17:06:46,333 [INFO] Época 2/30, Batch 1200/3348, Loss: 0.1507
2025-10-09 17:06:46,597 [INFO] Época 2/30, Batch 1250/3348, Loss: 0.1089
2025-10-09 17:06:46,854 [INFO] Época 2/30, Batch 1300/3348, Loss: 0.1613
2025-10-09 17:06:47,115 [INFO] Época 2/30, Batch 1350/3348, Loss: 0.1467
2025-10-09 17:06:47,376 [INFO] Época 2/30, Batch 1400/3348, Loss: 0.1218
2025-10-09 17:06:47,634 [INFO] Época 2/30, Batch 1450/3348, Loss: 0.1375
2025-10-09 17:06:47,902 [INFO] Época 2/30, Batch 1500/3348, Loss: 0.1401
2025-10-09 17:06:48,166 [INFO] Época 2/30, Batch 1550/3348, Loss: 0.1257
2025-10-09 17:06:48,432 [INFO] Época 2/30, Batch 1600/3348, Loss: 0.1258
2025-10-09 17:06:48,693 [INFO] Época 2/30, Batch 1650/3348, Loss: 0.1166
2025-10-09 17:06:48,957 [INFO] Época 2/30, Batch 1700/3348, Loss: 0.1403
2025-10-09 17:06:49,219 [INFO] Época 2/30, Batch 1750/3348, Loss: 0.1463
2025-10-09 17:06:49,483 [INFO] Época 2/30, Batch 1800/3348, Loss: 0.1192
2025-10-09 17:06:49,748 [INFO] Época 2/30, Batch 1850/3348, Loss: 0.1786
2025-10-09 17:06:50,011 [INFO] Época 2/30, Batch 1900/3348, Loss: 0.1310
2025-10-09 17:06:50,275 [INFO] Época 2/30, Batch 1950/3348, Loss: 0.1044
2025-10-09 17:06:50,536 [INFO] Época 2/30, Batch 2000/3348, Loss: 0.1399
2025-10-09 17:06:50,791 [INFO] Época 2/30, Batch 2050/3348, Loss: 0.1129
2025-10-09 17:06:51,047 [INFO] Época 2/30, Batch 2100/3348, Loss: 0.1048
2025-10-09 17:06:51,303 [INFO] Época 2/30, Batch 2150/3348, Loss: 0.1349
2025-10-09 17:06:51,559 [INFO] Época 2/30, Batch 2200/3348, Loss: 0.1070
2025-10-09 17:06:51,822 [INFO] Época 2/30, Batch 2250/3348, Loss: 0.1241
2025-10-09 17:06:52,077 [INFO] Época 2/30, Batch 2300/3348, Loss: 0.1184
2025-10-09 17:06:52,334 [INFO] Época 2/30, Batch 2350/3348, Loss: 0.1111
2025-10-09 17:06:52,590 [INFO] Época 2/30, Batch 2400/3348, Loss: 0.0985
2025-10-09 17:06:52,848 [INFO] Época 2/30, Batch 2450/3348, Loss: 0.1343
2025-10-09 17:06:53,106 [INFO] Época 2/30, Batch 2500/3348, Loss: 0.1152
2025-10-09 17:06:53,363 [INFO] Época 2/30, Batch 2550/3348, Loss: 0.1243
2025-10-09 17:06:53,624 [INFO] Época 2/30, Batch 2600/3348, Loss: 0.1207
2025-10-09 17:06:53,893 [INFO] Época 2/30, Batch 2650/3348, Loss: 0.1096
2025-10-09 17:06:54,164 [INFO] Época 2/30, Batch 2700/3348, Loss: 0.1186
2025-10-09 17:06:54,432 [INFO] Época 2/30, Batch 2750/3348, Loss: 0.1179
2025-10-09 17:06:54,692 [INFO] Época 2/30, Batch 2800/3348, Loss: 0.0938
2025-10-09 17:06:54,953 [INFO] Época 2/30, Batch 2850/3348, Loss: 0.1314
2025-10-09 17:06:55,214 [INFO] Época 2/30, Batch 2900/3348, Loss: 0.1570
2025-10-09 17:06:55,476 [INFO] Época 2/30, Batch 2950/3348, Loss: 0.1353
2025-10-09 17:06:55,735 [INFO] Época 2/30, Batch 3000/3348, Loss: 0.1024
2025-10-09 17:06:55,995 [INFO] Época 2/30, Batch 3050/3348, Loss: 0.1993
2025-10-09 17:06:56,258 [INFO] Época 2/30, Batch 3100/3348, Loss: 0.1391
2025-10-09 17:06:56,519 [INFO] Época 2/30, Batch 3150/3348, Loss: 0.1073
2025-10-09 17:06:56,786 [INFO] Época 2/30, Batch 3200/3348, Loss: 0.1097
2025-10-09 17:06:57,054 [INFO] Época 2/30, Batch 3250/3348, Loss: 0.0969
2025-10-09 17:06:57,315 [INFO] Época 2/30, Batch 3300/3348, Loss: 0.1058
2025-10-09 17:06:58,958 [INFO] [2/30] Train Loss: 0.1313 | Val Loss: 0.0972 | Tempo: 19.28s
2025-10-09 17:06:58,963 [INFO] Melhor modelo salvo em: /mnt/hdd/home/jdurao/ToolBox-ChemXAI/models/mlp_qm9_Physicochemical_att1_large.pth
2025-10-09 17:06:59,505 [INFO] Época 3/30, Batch 50/3348, Loss: 0.1131
2025-10-09 17:06:59,764 [INFO] Época 3/30, Batch 100/3348, Loss: 0.8412
2025-10-09 17:06:59,999 [INFO] Época 3/30, Batch 150/3348, Loss: 0.1347
2025-10-09 17:07:00,232 [INFO] Época 3/30, Batch 200/3348, Loss: 0.1114
2025-10-09 17:07:00,464 [INFO] Época 3/30, Batch 250/3348, Loss: 0.1154
2025-10-09 17:07:00,697 [INFO] Época 3/30, Batch 300/3348, Loss: 0.1028
2025-10-09 17:07:00,930 [INFO] Época 3/30, Batch 350/3348, Loss: 0.1167
2025-10-09 17:07:01,161 [INFO] Época 3/30, Batch 400/3348, Loss: 0.1502
2025-10-09 17:07:01,392 [INFO] Época 3/30, Batch 450/3348, Loss: 0.1635
2025-10-09 17:07:01,625 [INFO] Época 3/30, Batch 500/3348, Loss: 0.1371
2025-10-09 17:07:01,855 [INFO] Época 3/30, Batch 550/3348, Loss: 0.0818
2025-10-09 17:07:02,086 [INFO] Época 3/30, Batch 600/3348, Loss: 0.1105
2025-10-09 17:07:02,318 [INFO] Época 3/30, Batch 650/3348, Loss: 0.1170
2025-10-09 17:07:02,548 [INFO] Época 3/30, Batch 700/3348, Loss: 0.1208
2025-10-09 17:07:02,779 [INFO] Época 3/30, Batch 750/3348, Loss: 0.1081
2025-10-09 17:07:03,011 [INFO] Época 3/30, Batch 800/3348, Loss: 0.1236
2025-10-09 17:07:03,243 [INFO] Época 3/30, Batch 850/3348, Loss: 0.1408
2025-10-09 17:07:03,475 [INFO] Época 3/30, Batch 900/3348, Loss: 0.1000
2025-10-09 17:07:03,727 [INFO] Época 3/30, Batch 950/3348, Loss: 0.1282
2025-10-09 17:07:03,984 [INFO] Época 3/30, Batch 1000/3348, Loss: 0.0896
2025-10-09 17:07:04,239 [INFO] Época 3/30, Batch 1050/3348, Loss: 0.0945
2025-10-09 17:07:04,493 [INFO] Época 3/30, Batch 1100/3348, Loss: 0.1265
2025-10-09 17:07:04,745 [INFO] Época 3/30, Batch 1150/3348, Loss: 0.1181
2025-10-09 17:07:04,999 [INFO] Época 3/30, Batch 1200/3348, Loss: 0.1138
2025-10-09 17:07:05,256 [INFO] Época 3/30, Batch 1250/3348, Loss: 0.1485
2025-10-09 17:07:05,510 [INFO] Época 3/30, Batch 1300/3348, Loss: 0.1273
2025-10-09 17:07:05,769 [INFO] Época 3/30, Batch 1350/3348, Loss: 0.1174
2025-10-09 17:07:06,026 [INFO] Época 3/30, Batch 1400/3348, Loss: 0.0991
2025-10-09 17:07:06,285 [INFO] Época 3/30, Batch 1450/3348, Loss: 0.0999
2025-10-09 17:07:06,541 [INFO] Época 3/30, Batch 1500/3348, Loss: 0.1603
2025-10-09 17:07:06,799 [INFO] Época 3/30, Batch 1550/3348, Loss: 0.1288
2025-10-09 17:07:07,058 [INFO] Época 3/30, Batch 1600/3348, Loss: 0.0962
2025-10-09 17:07:07,316 [INFO] Época 3/30, Batch 1650/3348, Loss: 0.1403
2025-10-09 17:07:07,575 [INFO] Época 3/30, Batch 1700/3348, Loss: 0.1021
2025-10-09 17:07:07,832 [INFO] Época 3/30, Batch 1750/3348, Loss: 0.1460
2025-10-09 17:07:08,090 [INFO] Época 3/30, Batch 1800/3348, Loss: 0.1009
2025-10-09 17:07:08,351 [INFO] Época 3/30, Batch 1850/3348, Loss: 0.1241
2025-10-09 17:07:08,613 [INFO] Época 3/30, Batch 1900/3348, Loss: 0.1175
2025-10-09 17:07:08,882 [INFO] Época 3/30, Batch 1950/3348, Loss: 0.1109
2025-10-09 17:07:09,143 [INFO] Época 3/30, Batch 2000/3348, Loss: 0.1272
2025-10-09 17:07:09,400 [INFO] Época 3/30, Batch 2050/3348, Loss: 0.1059
2025-10-09 17:07:09,660 [INFO] Época 3/30, Batch 2100/3348, Loss: 0.1367
2025-10-09 17:07:09,918 [INFO] Época 3/30, Batch 2150/3348, Loss: 0.1421
2025-10-09 17:07:10,175 [INFO] Época 3/30, Batch 2200/3348, Loss: 0.1090
2025-10-09 17:07:10,437 [INFO] Época 3/30, Batch 2250/3348, Loss: 0.1307
2025-10-09 17:07:10,698 [INFO] Época 3/30, Batch 2300/3348, Loss: 0.1196
2025-10-09 17:07:10,960 [INFO] Época 3/30, Batch 2350/3348, Loss: 0.1091
2025-10-09 17:07:11,225 [INFO] Época 3/30, Batch 2400/3348, Loss: 0.1107
2025-10-09 17:07:11,488 [INFO] Época 3/30, Batch 2450/3348, Loss: 0.0843
2025-10-09 17:07:11,748 [INFO] Época 3/30, Batch 2500/3348, Loss: 0.0627
2025-10-09 17:07:12,009 [INFO] Época 3/30, Batch 2550/3348, Loss: 0.1365
2025-10-09 17:07:12,271 [INFO] Época 3/30, Batch 2600/3348, Loss: 0.1275
2025-10-09 17:07:12,532 [INFO] Época 3/30, Batch 2650/3348, Loss: 0.1273
2025-10-09 17:07:12,794 [INFO] Época 3/30, Batch 2700/3348, Loss: 0.1234
2025-10-09 17:07:13,054 [INFO] Época 3/30, Batch 2750/3348, Loss: 0.1149
2025-10-09 17:07:13,317 [INFO] Época 3/30, Batch 2800/3348, Loss: 0.1134
2025-10-09 17:07:13,578 [INFO] Época 3/30, Batch 2850/3348, Loss: 0.1264
2025-10-09 17:07:13,839 [INFO] Época 3/30, Batch 2900/3348, Loss: 0.0807
2025-10-09 17:07:14,099 [INFO] Época 3/30, Batch 2950/3348, Loss: 0.1079
2025-10-09 17:07:14,362 [INFO] Época 3/30, Batch 3000/3348, Loss: 0.1369
2025-10-09 17:07:14,622 [INFO] Época 3/30, Batch 3050/3348, Loss: 0.0931
2025-10-09 17:07:14,883 [INFO] Época 3/30, Batch 3100/3348, Loss: 0.1355
2025-10-09 17:07:15,145 [INFO] Época 3/30, Batch 3150/3348, Loss: 0.1300
2025-10-09 17:07:15,403 [INFO] Época 3/30, Batch 3200/3348, Loss: 0.1207
2025-10-09 17:07:15,664 [INFO] Época 3/30, Batch 3250/3348, Loss: 0.1317
2025-10-09 17:07:15,923 [INFO] Época 3/30, Batch 3300/3348, Loss: 0.1396
2025-10-09 17:07:17,578 [INFO] [3/30] Train Loss: 0.1274 | Val Loss: 0.0980 | Tempo: 18.61s
2025-10-09 17:07:18,118 [INFO] Época 4/30, Batch 50/3348, Loss: 0.0934
2025-10-09 17:07:18,393 [INFO] Época 4/30, Batch 100/3348, Loss: 0.1082
2025-10-09 17:07:18,661 [INFO] Época 4/30, Batch 150/3348, Loss: 0.0932
2025-10-09 17:07:18,926 [INFO] Época 4/30, Batch 200/3348, Loss: 0.1224
2025-10-09 17:07:19,185 [INFO] Época 4/30, Batch 250/3348, Loss: 0.1290
2025-10-09 17:07:19,445 [INFO] Época 4/30, Batch 300/3348, Loss: 0.1447
2025-10-09 17:07:19,705 [INFO] Época 4/30, Batch 350/3348, Loss: 0.1126
2025-10-09 17:07:19,960 [INFO] Época 4/30, Batch 400/3348, Loss: 0.1040
2025-10-09 17:07:20,226 [INFO] Época 4/30, Batch 450/3348, Loss: 0.1335
2025-10-09 17:07:20,501 [INFO] Época 4/30, Batch 500/3348, Loss: 0.1309
2025-10-09 17:07:20,774 [INFO] Época 4/30, Batch 550/3348, Loss: 0.1113
2025-10-09 17:07:21,050 [INFO] Época 4/30, Batch 600/3348, Loss: 0.1070
2025-10-09 17:07:21,327 [INFO] Época 4/30, Batch 650/3348, Loss: 0.1270
2025-10-09 17:07:21,609 [INFO] Época 4/30, Batch 700/3348, Loss: 0.1505
2025-10-09 17:07:21,891 [INFO] Época 4/30, Batch 750/3348, Loss: 0.1260
2025-10-09 17:07:22,173 [INFO] Época 4/30, Batch 800/3348, Loss: 0.1151
2025-10-09 17:07:22,446 [INFO] Época 4/30, Batch 850/3348, Loss: 0.1111
2025-10-09 17:07:22,718 [INFO] Época 4/30, Batch 900/3348, Loss: 0.1249
2025-10-09 17:07:22,979 [INFO] Época 4/30, Batch 950/3348, Loss: 0.0994
2025-10-09 17:07:23,234 [INFO] Época 4/30, Batch 1000/3348, Loss: 0.0852
2025-10-09 17:07:23,500 [INFO] Época 4/30, Batch 1050/3348, Loss: 0.1593
2025-10-09 17:07:23,769 [INFO] Época 4/30, Batch 1100/3348, Loss: 0.1617
2025-10-09 17:07:24,036 [INFO] Época 4/30, Batch 1150/3348, Loss: 0.1038
2025-10-09 17:07:24,293 [INFO] Época 4/30, Batch 1200/3348, Loss: 0.0902
2025-10-09 17:07:24,552 [INFO] Época 4/30, Batch 1250/3348, Loss: 0.1029
2025-10-09 17:07:24,806 [INFO] Época 4/30, Batch 1300/3348, Loss: 0.1506
2025-10-09 17:07:25,060 [INFO] Época 4/30, Batch 1350/3348, Loss: 0.1136
2025-10-09 17:07:25,320 [INFO] Época 4/30, Batch 1400/3348, Loss: 0.0923
2025-10-09 17:07:25,577 [INFO] Época 4/30, Batch 1450/3348, Loss: 0.1251
2025-10-09 17:07:25,842 [INFO] Época 4/30, Batch 1500/3348, Loss: 0.1293
2025-10-09 17:07:26,108 [INFO] Época 4/30, Batch 1550/3348, Loss: 0.1281
2025-10-09 17:07:26,375 [INFO] Época 4/30, Batch 1600/3348, Loss: 0.1122
2025-10-09 17:07:26,644 [INFO] Época 4/30, Batch 1650/3348, Loss: 0.0895
2025-10-09 17:07:26,912 [INFO] Época 4/30, Batch 1700/3348, Loss: 0.1183
2025-10-09 17:07:27,178 [INFO] Época 4/30, Batch 1750/3348, Loss: 0.1046
2025-10-09 17:07:27,445 [INFO] Época 4/30, Batch 1800/3348, Loss: 0.1449
2025-10-09 17:07:27,711 [INFO] Época 4/30, Batch 1850/3348, Loss: 0.0995
2025-10-09 17:07:27,975 [INFO] Época 4/30, Batch 1900/3348, Loss: 0.0973
2025-10-09 17:07:28,233 [INFO] Época 4/30, Batch 1950/3348, Loss: 0.1062
2025-10-09 17:07:28,489 [INFO] Época 4/30, Batch 2000/3348, Loss: 0.0922
2025-10-09 17:07:28,746 [INFO] Época 4/30, Batch 2050/3348, Loss: 0.1065
2025-10-09 17:07:28,999 [INFO] Época 4/30, Batch 2100/3348, Loss: 0.1142
2025-10-09 17:07:29,257 [INFO] Época 4/30, Batch 2150/3348, Loss: 0.1032
2025-10-09 17:07:29,516 [INFO] Época 4/30, Batch 2200/3348, Loss: 0.1370
2025-10-09 17:07:29,773 [INFO] Época 4/30, Batch 2250/3348, Loss: 0.0929
2025-10-09 17:07:30,032 [INFO] Época 4/30, Batch 2300/3348, Loss: 0.1608
2025-10-09 17:07:30,291 [INFO] Época 4/30, Batch 2350/3348, Loss: 0.1425
2025-10-09 17:07:30,548 [INFO] Época 4/30, Batch 2400/3348, Loss: 0.1377
2025-10-09 17:07:30,804 [INFO] Época 4/30, Batch 2450/3348, Loss: 0.0977
2025-10-09 17:07:31,060 [INFO] Época 4/30, Batch 2500/3348, Loss: 0.1344
2025-10-09 17:07:31,316 [INFO] Época 4/30, Batch 2550/3348, Loss: 0.1249
2025-10-09 17:07:31,573 [INFO] Época 4/30, Batch 2600/3348, Loss: 0.1231
2025-10-09 17:07:31,829 [INFO] Época 4/30, Batch 2650/3348, Loss: 0.1030
2025-10-09 17:07:32,086 [INFO] Época 4/30, Batch 2700/3348, Loss: 0.0796
2025-10-09 17:07:32,343 [INFO] Época 4/30, Batch 2750/3348, Loss: 0.1208
2025-10-09 17:07:32,599 [INFO] Época 4/30, Batch 2800/3348, Loss: 0.1420
2025-10-09 17:07:32,853 [INFO] Época 4/30, Batch 2850/3348, Loss: 0.0951
2025-10-09 17:07:33,110 [INFO] Época 4/30, Batch 2900/3348, Loss: 0.1054
2025-10-09 17:07:33,368 [INFO] Época 4/30, Batch 2950/3348, Loss: 0.1478
2025-10-09 17:07:33,625 [INFO] Época 4/30, Batch 3000/3348, Loss: 0.1170
2025-10-09 17:07:33,881 [INFO] Época 4/30, Batch 3050/3348, Loss: 0.1150
2025-10-09 17:07:34,137 [INFO] Época 4/30, Batch 3100/3348, Loss: 0.1353
2025-10-09 17:07:34,396 [INFO] Época 4/30, Batch 3150/3348, Loss: 0.0977
2025-10-09 17:07:34,658 [INFO] Época 4/30, Batch 3200/3348, Loss: 0.1347
2025-10-09 17:07:34,916 [INFO] Época 4/30, Batch 3250/3348, Loss: 0.1553
2025-10-09 17:07:35,175 [INFO] Época 4/30, Batch 3300/3348, Loss: 0.1444
2025-10-09 17:07:36,882 [INFO] [4/30] Train Loss: 0.1258 | Val Loss: 0.0964 | Tempo: 19.30s
2025-10-09 17:07:36,886 [INFO] Melhor modelo salvo em: /mnt/hdd/home/jdurao/ToolBox-ChemXAI/models/mlp_qm9_Physicochemical_att1_large.pth
2025-10-09 17:07:37,422 [INFO] Época 5/30, Batch 50/3348, Loss: 0.1413
2025-10-09 17:07:37,671 [INFO] Época 5/30, Batch 100/3348, Loss: 0.1063
2025-10-09 17:07:37,916 [INFO] Época 5/30, Batch 150/3348, Loss: 0.1603
2025-10-09 17:07:38,160 [INFO] Época 5/30, Batch 200/3348, Loss: 0.0903
2025-10-09 17:07:38,402 [INFO] Época 5/30, Batch 250/3348, Loss: 0.1074
2025-10-09 17:07:38,644 [INFO] Época 5/30, Batch 300/3348, Loss: 0.1331
2025-10-09 17:07:38,885 [INFO] Época 5/30, Batch 350/3348, Loss: 0.1040
2025-10-09 17:07:39,128 [INFO] Época 5/30, Batch 400/3348, Loss: 0.1682
2025-10-09 17:07:39,370 [INFO] Época 5/30, Batch 450/3348, Loss: 0.2983
2025-10-09 17:07:39,611 [INFO] Época 5/30, Batch 500/3348, Loss: 0.1372
2025-10-09 17:07:39,850 [INFO] Época 5/30, Batch 550/3348, Loss: 0.0766
2025-10-09 17:07:40,090 [INFO] Época 5/30, Batch 600/3348, Loss: 0.1230
2025-10-09 17:07:40,338 [INFO] Época 5/30, Batch 650/3348, Loss: 0.1231
2025-10-09 17:07:40,588 [INFO] Época 5/30, Batch 700/3348, Loss: 0.1283
2025-10-09 17:07:40,842 [INFO] Época 5/30, Batch 750/3348, Loss: 0.1045
2025-10-09 17:07:41,110 [INFO] Época 5/30, Batch 800/3348, Loss: 0.1166
2025-10-09 17:07:41,379 [INFO] Época 5/30, Batch 850/3348, Loss: 0.1098
2025-10-09 17:07:41,650 [INFO] Época 5/30, Batch 900/3348, Loss: 0.1023
2025-10-09 17:07:41,924 [INFO] Época 5/30, Batch 950/3348, Loss: 0.1118
2025-10-09 17:07:42,197 [INFO] Época 5/30, Batch 1000/3348, Loss: 0.1114
2025-10-09 17:07:42,466 [INFO] Época 5/30, Batch 1050/3348, Loss: 0.1322
2025-10-09 17:07:42,738 [INFO] Época 5/30, Batch 1100/3348, Loss: 0.1273
2025-10-09 17:07:43,010 [INFO] Época 5/30, Batch 1150/3348, Loss: 0.1387
2025-10-09 17:07:43,279 [INFO] Época 5/30, Batch 1200/3348, Loss: 0.1030
2025-10-09 17:07:43,539 [INFO] Época 5/30, Batch 1250/3348, Loss: 0.0945
2025-10-09 17:07:43,802 [INFO] Época 5/30, Batch 1300/3348, Loss: 0.1076
2025-10-09 17:07:44,067 [INFO] Época 5/30, Batch 1350/3348, Loss: 0.1153
2025-10-09 17:07:44,333 [INFO] Época 5/30, Batch 1400/3348, Loss: 0.1227
2025-10-09 17:07:44,606 [INFO] Época 5/30, Batch 1450/3348, Loss: 0.1071
2025-10-09 17:07:44,880 [INFO] Época 5/30, Batch 1500/3348, Loss: 0.1089
2025-10-09 17:07:45,151 [INFO] Época 5/30, Batch 1550/3348, Loss: 0.1308
2025-10-09 17:07:45,420 [INFO] Época 5/30, Batch 1600/3348, Loss: 0.1072
2025-10-09 17:07:45,693 [INFO] Época 5/30, Batch 1650/3348, Loss: 0.1453
2025-10-09 17:07:45,961 [INFO] Época 5/30, Batch 1700/3348, Loss: 0.0981
2025-10-09 17:07:46,225 [INFO] Época 5/30, Batch 1750/3348, Loss: 0.1428
2025-10-09 17:07:46,491 [INFO] Época 5/30, Batch 1800/3348, Loss: 0.2020
2025-10-09 17:07:46,755 [INFO] Época 5/30, Batch 1850/3348, Loss: 0.1058
2025-10-09 17:07:47,023 [INFO] Época 5/30, Batch 1900/3348, Loss: 0.1247
2025-10-09 17:07:47,290 [INFO] Época 5/30, Batch 1950/3348, Loss: 0.1187
2025-10-09 17:07:47,555 [INFO] Época 5/30, Batch 2000/3348, Loss: 0.1036
2025-10-09 17:07:47,825 [INFO] Época 5/30, Batch 2050/3348, Loss: 0.1069
2025-10-09 17:07:48,090 [INFO] Época 5/30, Batch 2100/3348, Loss: 0.1037
2025-10-09 17:07:48,352 [INFO] Época 5/30, Batch 2150/3348, Loss: 0.1337
2025-10-09 17:07:48,617 [INFO] Época 5/30, Batch 2200/3348, Loss: 0.1181
2025-10-09 17:07:48,874 [INFO] Época 5/30, Batch 2250/3348, Loss: 0.3308
2025-10-09 17:07:49,135 [INFO] Época 5/30, Batch 2300/3348, Loss: 0.1131
2025-10-09 17:07:49,396 [INFO] Época 5/30, Batch 2350/3348, Loss: 0.0888
2025-10-09 17:07:49,659 [INFO] Época 5/30, Batch 2400/3348, Loss: 0.0981
2025-10-09 17:07:49,922 [INFO] Época 5/30, Batch 2450/3348, Loss: 0.1322
2025-10-09 17:07:50,190 [INFO] Época 5/30, Batch 2500/3348, Loss: 0.1132
2025-10-09 17:07:50,446 [INFO] Época 5/30, Batch 2550/3348, Loss: 0.1468
2025-10-09 17:07:50,700 [INFO] Época 5/30, Batch 2600/3348, Loss: 0.0921
2025-10-09 17:07:50,953 [INFO] Época 5/30, Batch 2650/3348, Loss: 0.1107
2025-10-09 17:07:51,207 [INFO] Época 5/30, Batch 2700/3348, Loss: 0.1868
2025-10-09 17:07:51,463 [INFO] Época 5/30, Batch 2750/3348, Loss: 0.0881
2025-10-09 17:07:51,722 [INFO] Época 5/30, Batch 2800/3348, Loss: 0.1329
2025-10-09 17:07:51,976 [INFO] Época 5/30, Batch 2850/3348, Loss: 0.1257
2025-10-09 17:07:52,239 [INFO] Época 5/30, Batch 2900/3348, Loss: 0.1158
2025-10-09 17:07:52,505 [INFO] Época 5/30, Batch 2950/3348, Loss: 0.1594
2025-10-09 17:07:52,769 [INFO] Época 5/30, Batch 3000/3348, Loss: 0.1123
2025-10-09 17:07:53,035 [INFO] Época 5/30, Batch 3050/3348, Loss: 0.1452
2025-10-09 17:07:53,307 [INFO] Época 5/30, Batch 3100/3348, Loss: 0.1102
2025-10-09 17:07:53,571 [INFO] Época 5/30, Batch 3150/3348, Loss: 0.1256
2025-10-09 17:07:53,828 [INFO] Época 5/30, Batch 3200/3348, Loss: 0.1110
2025-10-09 17:07:54,084 [INFO] Época 5/30, Batch 3250/3348, Loss: 0.1380
2025-10-09 17:07:54,339 [INFO] Época 5/30, Batch 3300/3348, Loss: 0.0929
2025-10-09 17:07:56,125 [INFO] [5/30] Train Loss: 0.1243 | Val Loss: 0.0974 | Tempo: 19.24s
2025-10-09 17:07:56,671 [INFO] Época 6/30, Batch 50/3348, Loss: 0.1361
2025-10-09 17:07:56,934 [INFO] Época 6/30, Batch 100/3348, Loss: 0.0910
2025-10-09 17:07:57,195 [INFO] Época 6/30, Batch 150/3348, Loss: 0.1095
2025-10-09 17:07:57,457 [INFO] Época 6/30, Batch 200/3348, Loss: 0.1426
2025-10-09 17:07:57,724 [INFO] Época 6/30, Batch 250/3348, Loss: 0.1073
2025-10-09 17:07:57,996 [INFO] Época 6/30, Batch 300/3348, Loss: 0.0972
2025-10-09 17:07:58,268 [INFO] Época 6/30, Batch 350/3348, Loss: 0.0965
2025-10-09 17:07:58,540 [INFO] Época 6/30, Batch 400/3348, Loss: 0.0891
2025-10-09 17:07:58,813 [INFO] Época 6/30, Batch 450/3348, Loss: 0.1114
2025-10-09 17:07:59,086 [INFO] Época 6/30, Batch 500/3348, Loss: 0.1213
2025-10-09 17:07:59,361 [INFO] Época 6/30, Batch 550/3348, Loss: 0.0956
2025-10-09 17:07:59,631 [INFO] Época 6/30, Batch 600/3348, Loss: 0.0993
2025-10-09 17:07:59,902 [INFO] Época 6/30, Batch 650/3348, Loss: 0.1092
2025-10-09 17:08:00,175 [INFO] Época 6/30, Batch 700/3348, Loss: 0.0924
2025-10-09 17:08:00,448 [INFO] Época 6/30, Batch 750/3348, Loss: 0.0993
2025-10-09 17:08:00,719 [INFO] Época 6/30, Batch 800/3348, Loss: 0.0935
2025-10-09 17:08:00,994 [INFO] Época 6/30, Batch 850/3348, Loss: 0.1132
2025-10-09 17:08:01,265 [INFO] Época 6/30, Batch 900/3348, Loss: 0.1338
2025-10-09 17:08:01,540 [INFO] Época 6/30, Batch 950/3348, Loss: 0.1555
2025-10-09 17:08:01,807 [INFO] Época 6/30, Batch 1000/3348, Loss: 0.1170
2025-10-09 17:08:02,070 [INFO] Época 6/30, Batch 1050/3348, Loss: 0.1245
2025-10-09 17:08:02,332 [INFO] Época 6/30, Batch 1100/3348, Loss: 0.0926
2025-10-09 17:08:02,596 [INFO] Época 6/30, Batch 1150/3348, Loss: 0.0945
2025-10-09 17:08:02,872 [INFO] Época 6/30, Batch 1200/3348, Loss: 0.1005
2025-10-09 17:08:03,145 [INFO] Época 6/30, Batch 1250/3348, Loss: 0.1364
2025-10-09 17:08:03,426 [INFO] Época 6/30, Batch 1300/3348, Loss: 0.1069
2025-10-09 17:08:03,702 [INFO] Época 6/30, Batch 1350/3348, Loss: 0.0998
2025-10-09 17:08:03,978 [INFO] Época 6/30, Batch 1400/3348, Loss: 0.0882
2025-10-09 17:08:04,256 [INFO] Época 6/30, Batch 1450/3348, Loss: 2.5752
2025-10-09 17:08:04,541 [INFO] Época 6/30, Batch 1500/3348, Loss: 0.1444
2025-10-09 17:08:04,812 [INFO] Época 6/30, Batch 1550/3348, Loss: 0.1031
2025-10-09 17:08:05,084 [INFO] Época 6/30, Batch 1600/3348, Loss: 0.1122
2025-10-09 17:08:05,354 [INFO] Época 6/30, Batch 1650/3348, Loss: 0.1226
2025-10-09 17:08:05,624 [INFO] Época 6/30, Batch 1700/3348, Loss: 0.1090
2025-10-09 17:08:05,896 [INFO] Época 6/30, Batch 1750/3348, Loss: 0.1405
2025-10-09 17:08:06,167 [INFO] Época 6/30, Batch 1800/3348, Loss: 0.1020
2025-10-09 17:08:06,439 [INFO] Época 6/30, Batch 1850/3348, Loss: 0.1504
2025-10-09 17:08:06,712 [INFO] Época 6/30, Batch 1900/3348, Loss: 0.0999
2025-10-09 17:08:06,978 [INFO] Época 6/30, Batch 1950/3348, Loss: 0.0920
2025-10-09 17:08:07,248 [INFO] Época 6/30, Batch 2000/3348, Loss: 0.1223
2025-10-09 17:08:07,516 [INFO] Época 6/30, Batch 2050/3348, Loss: 0.1189
2025-10-09 17:08:07,789 [INFO] Época 6/30, Batch 2100/3348, Loss: 0.0976
2025-10-09 17:08:08,062 [INFO] Época 6/30, Batch 2150/3348, Loss: 0.1304
2025-10-09 17:08:08,334 [INFO] Época 6/30, Batch 2200/3348, Loss: 0.1159
2025-10-09 17:08:08,608 [INFO] Época 6/30, Batch 2250/3348, Loss: 0.0951
2025-10-09 17:08:08,880 [INFO] Época 6/30, Batch 2300/3348, Loss: 0.1054
2025-10-09 17:08:09,150 [INFO] Época 6/30, Batch 2350/3348, Loss: 0.1264
2025-10-09 17:08:09,422 [INFO] Época 6/30, Batch 2400/3348, Loss: 0.1228
2025-10-09 17:08:09,692 [INFO] Época 6/30, Batch 2450/3348, Loss: 0.0945
2025-10-09 17:08:09,970 [INFO] Época 6/30, Batch 2500/3348, Loss: 0.1263
2025-10-09 17:08:10,243 [INFO] Época 6/30, Batch 2550/3348, Loss: 0.0994
2025-10-09 17:08:10,517 [INFO] Época 6/30, Batch 2600/3348, Loss: 0.1095
2025-10-09 17:08:10,791 [INFO] Época 6/30, Batch 2650/3348, Loss: 0.1176
2025-10-09 17:08:11,061 [INFO] Época 6/30, Batch 2700/3348, Loss: 0.1174
2025-10-09 17:08:11,333 [INFO] Época 6/30, Batch 2750/3348, Loss: 0.1171
2025-10-09 17:08:11,608 [INFO] Época 6/30, Batch 2800/3348, Loss: 0.1150
2025-10-09 17:08:11,879 [INFO] Época 6/30, Batch 2850/3348, Loss: 0.1018
2025-10-09 17:08:12,152 [INFO] Época 6/30, Batch 2900/3348, Loss: 0.1227
2025-10-09 17:08:12,426 [INFO] Época 6/30, Batch 2950/3348, Loss: 0.1222
2025-10-09 17:08:12,701 [INFO] Época 6/30, Batch 3000/3348, Loss: 0.1454
2025-10-09 17:08:12,974 [INFO] Época 6/30, Batch 3050/3348, Loss: 0.1424
2025-10-09 17:08:13,249 [INFO] Época 6/30, Batch 3100/3348, Loss: 0.0974
2025-10-09 17:08:13,521 [INFO] Época 6/30, Batch 3150/3348, Loss: 0.0927
2025-10-09 17:08:13,793 [INFO] Época 6/30, Batch 3200/3348, Loss: 0.1384
2025-10-09 17:08:14,068 [INFO] Época 6/30, Batch 3250/3348, Loss: 0.0880
2025-10-09 17:08:14,337 [INFO] Época 6/30, Batch 3300/3348, Loss: 0.1023
2025-10-09 17:08:16,000 [INFO] [6/30] Train Loss: 0.1232 | Val Loss: 0.0976 | Tempo: 19.87s
2025-10-09 17:08:16,521 [INFO] Época 7/30, Batch 50/3348, Loss: 0.1036
2025-10-09 17:08:16,773 [INFO] Época 7/30, Batch 100/3348, Loss: 0.1196
2025-10-09 17:08:17,021 [INFO] Época 7/30, Batch 150/3348, Loss: 0.1118
2025-10-09 17:08:17,272 [INFO] Época 7/30, Batch 200/3348, Loss: 0.1297
2025-10-09 17:08:17,521 [INFO] Época 7/30, Batch 250/3348, Loss: 0.1258
2025-10-09 17:08:17,772 [INFO] Época 7/30, Batch 300/3348, Loss: 0.0994
2025-10-09 17:08:18,022 [INFO] Época 7/30, Batch 350/3348, Loss: 0.1190
2025-10-09 17:08:18,282 [INFO] Época 7/30, Batch 400/3348, Loss: 0.0808
2025-10-09 17:08:18,551 [INFO] Época 7/30, Batch 450/3348, Loss: 0.1180
2025-10-09 17:08:18,822 [INFO] Época 7/30, Batch 500/3348, Loss: 0.0967
2025-10-09 17:08:19,090 [INFO] Época 7/30, Batch 550/3348, Loss: 0.1052
2025-10-09 17:08:19,358 [INFO] Época 7/30, Batch 600/3348, Loss: 0.0876
2025-10-09 17:08:19,628 [INFO] Época 7/30, Batch 650/3348, Loss: 0.1390
2025-10-09 17:08:19,897 [INFO] Época 7/30, Batch 700/3348, Loss: 0.1210
2025-10-09 17:08:20,166 [INFO] Época 7/30, Batch 750/3348, Loss: 0.1178
2025-10-09 17:08:20,434 [INFO] Época 7/30, Batch 800/3348, Loss: 0.1160
2025-10-09 17:08:20,698 [INFO] Época 7/30, Batch 850/3348, Loss: 0.2208
2025-10-09 17:08:20,966 [INFO] Época 7/30, Batch 900/3348, Loss: 0.1316
2025-10-09 17:08:21,234 [INFO] Época 7/30, Batch 950/3348, Loss: 0.3167
2025-10-09 17:08:21,503 [INFO] Época 7/30, Batch 1000/3348, Loss: 0.1371
2025-10-09 17:08:21,774 [INFO] Época 7/30, Batch 1050/3348, Loss: 0.0985
2025-10-09 17:08:22,039 [INFO] Época 7/30, Batch 1100/3348, Loss: 0.1387
2025-10-09 17:08:22,303 [INFO] Época 7/30, Batch 1150/3348, Loss: 0.1242
2025-10-09 17:08:22,569 [INFO] Época 7/30, Batch 1200/3348, Loss: 0.1121
2025-10-09 17:08:22,836 [INFO] Época 7/30, Batch 1250/3348, Loss: 0.1225
2025-10-09 17:08:23,106 [INFO] Época 7/30, Batch 1300/3348, Loss: 0.1411
2025-10-09 17:08:23,378 [INFO] Época 7/30, Batch 1350/3348, Loss: 0.1098
2025-10-09 17:08:23,649 [INFO] Época 7/30, Batch 1400/3348, Loss: 0.1214
2025-10-09 17:08:23,921 [INFO] Época 7/30, Batch 1450/3348, Loss: 0.1117
2025-10-09 17:08:24,194 [INFO] Época 7/30, Batch 1500/3348, Loss: 0.0901
2025-10-09 17:08:24,465 [INFO] Época 7/30, Batch 1550/3348, Loss: 0.1202
2025-10-09 17:08:24,735 [INFO] Época 7/30, Batch 1600/3348, Loss: 0.1151
2025-10-09 17:08:25,007 [INFO] Época 7/30, Batch 1650/3348, Loss: 0.1333
2025-10-09 17:08:25,276 [INFO] Época 7/30, Batch 1700/3348, Loss: 0.1112
2025-10-09 17:08:25,546 [INFO] Época 7/30, Batch 1750/3348, Loss: 0.0989
2025-10-09 17:08:25,814 [INFO] Época 7/30, Batch 1800/3348, Loss: 0.0889
2025-10-09 17:08:26,082 [INFO] Época 7/30, Batch 1850/3348, Loss: 0.1989
2025-10-09 17:08:26,350 [INFO] Época 7/30, Batch 1900/3348, Loss: 0.0785
2025-10-09 17:08:26,620 [INFO] Época 7/30, Batch 1950/3348, Loss: 0.1528
2025-10-09 17:08:26,890 [INFO] Época 7/30, Batch 2000/3348, Loss: 0.1233
2025-10-09 17:08:27,162 [INFO] Época 7/30, Batch 2050/3348, Loss: 0.1349
2025-10-09 17:08:27,434 [INFO] Época 7/30, Batch 2100/3348, Loss: 0.1190
2025-10-09 17:08:27,705 [INFO] Época 7/30, Batch 2150/3348, Loss: 0.1243
2025-10-09 17:08:27,978 [INFO] Época 7/30, Batch 2200/3348, Loss: 0.1197
2025-10-09 17:08:28,250 [INFO] Época 7/30, Batch 2250/3348, Loss: 0.0902
2025-10-09 17:08:28,526 [INFO] Época 7/30, Batch 2300/3348, Loss: 0.1507
2025-10-09 17:08:28,802 [INFO] Época 7/30, Batch 2350/3348, Loss: 0.1100
2025-10-09 17:08:29,079 [INFO] Época 7/30, Batch 2400/3348, Loss: 0.0974
2025-10-09 17:08:29,359 [INFO] Época 7/30, Batch 2450/3348, Loss: 0.1116
2025-10-09 17:08:29,639 [INFO] Época 7/30, Batch 2500/3348, Loss: 0.1083
2025-10-09 17:08:29,917 [INFO] Época 7/30, Batch 2550/3348, Loss: 0.1239
2025-10-09 17:08:30,194 [INFO] Época 7/30, Batch 2600/3348, Loss: 0.1084
2025-10-09 17:08:30,470 [INFO] Época 7/30, Batch 2650/3348, Loss: 0.1203
2025-10-09 17:08:30,741 [INFO] Época 7/30, Batch 2700/3348, Loss: 0.1120
2025-10-09 17:08:31,004 [INFO] Época 7/30, Batch 2750/3348, Loss: 0.0976
2025-10-09 17:08:31,267 [INFO] Época 7/30, Batch 2800/3348, Loss: 0.0839
2025-10-09 17:08:31,530 [INFO] Época 7/30, Batch 2850/3348, Loss: 0.1153
2025-10-09 17:08:31,791 [INFO] Época 7/30, Batch 2900/3348, Loss: 0.0991
2025-10-09 17:08:32,051 [INFO] Época 7/30, Batch 2950/3348, Loss: 0.1455
2025-10-09 17:08:32,311 [INFO] Época 7/30, Batch 3000/3348, Loss: 0.1039
2025-10-09 17:08:32,569 [INFO] Época 7/30, Batch 3050/3348, Loss: 0.1083
2025-10-09 17:08:32,829 [INFO] Época 7/30, Batch 3100/3348, Loss: 0.1153
2025-10-09 17:08:33,105 [INFO] Época 7/30, Batch 3150/3348, Loss: 0.1367
2025-10-09 17:08:33,382 [INFO] Época 7/30, Batch 3200/3348, Loss: 0.1132
2025-10-09 17:08:33,661 [INFO] Época 7/30, Batch 3250/3348, Loss: 0.1065
2025-10-09 17:08:33,942 [INFO] Época 7/30, Batch 3300/3348, Loss: 0.1857
2025-10-09 17:08:35,756 [INFO] [7/30] Train Loss: 0.1223 | Val Loss: 0.0941 | Tempo: 19.76s
2025-10-09 17:08:35,760 [INFO] Melhor modelo salvo em: /mnt/hdd/home/jdurao/ToolBox-ChemXAI/models/mlp_qm9_Physicochemical_att1_large.pth
2025-10-09 17:08:36,313 [INFO] Época 8/30, Batch 50/3348, Loss: 0.0866
2025-10-09 17:08:36,590 [INFO] Época 8/30, Batch 100/3348, Loss: 0.1021
2025-10-09 17:08:36,863 [INFO] Época 8/30, Batch 150/3348, Loss: 0.1185
2025-10-09 17:08:37,137 [INFO] Época 8/30, Batch 200/3348, Loss: 0.0853
2025-10-09 17:08:37,407 [INFO] Época 8/30, Batch 250/3348, Loss: 0.1417
2025-10-09 17:08:37,675 [INFO] Época 8/30, Batch 300/3348, Loss: 0.0934
2025-10-09 17:08:37,943 [INFO] Época 8/30, Batch 350/3348, Loss: 0.0825
2025-10-09 17:08:38,210 [INFO] Época 8/30, Batch 400/3348, Loss: 0.1254
2025-10-09 17:08:38,478 [INFO] Época 8/30, Batch 450/3348, Loss: 0.1007
2025-10-09 17:08:38,749 [INFO] Época 8/30, Batch 500/3348, Loss: 0.1191
2025-10-09 17:08:39,018 [INFO] Época 8/30, Batch 550/3348, Loss: 0.1197
2025-10-09 17:08:39,289 [INFO] Época 8/30, Batch 600/3348, Loss: 0.1282
2025-10-09 17:08:39,560 [INFO] Época 8/30, Batch 650/3348, Loss: 0.1487
2025-10-09 17:08:39,828 [INFO] Época 8/30, Batch 700/3348, Loss: 0.1856
2025-10-09 17:08:40,095 [INFO] Época 8/30, Batch 750/3348, Loss: 0.0843
2025-10-09 17:08:40,362 [INFO] Época 8/30, Batch 800/3348, Loss: 0.1115
2025-10-09 17:08:40,628 [INFO] Época 8/30, Batch 850/3348, Loss: 0.0962
2025-10-09 17:08:40,892 [INFO] Época 8/30, Batch 900/3348, Loss: 0.1524
2025-10-09 17:08:41,151 [INFO] Época 8/30, Batch 950/3348, Loss: 0.0959
2025-10-09 17:08:41,410 [INFO] Época 8/30, Batch 1000/3348, Loss: 0.1376
2025-10-09 17:08:41,671 [INFO] Época 8/30, Batch 1050/3348, Loss: 0.1156
2025-10-09 17:08:41,936 [INFO] Época 8/30, Batch 1100/3348, Loss: 0.0753
2025-10-09 17:08:42,204 [INFO] Época 8/30, Batch 1150/3348, Loss: 0.1054
2025-10-09 17:08:42,470 [INFO] Época 8/30, Batch 1200/3348, Loss: 0.1289
2025-10-09 17:08:42,737 [INFO] Época 8/30, Batch 1250/3348, Loss: 0.1309
2025-10-09 17:08:43,005 [INFO] Época 8/30, Batch 1300/3348, Loss: 0.1224
2025-10-09 17:08:43,272 [INFO] Época 8/30, Batch 1350/3348, Loss: 0.1439
2025-10-09 17:08:43,538 [INFO] Época 8/30, Batch 1400/3348, Loss: 0.1013
2025-10-09 17:08:43,796 [INFO] Época 8/30, Batch 1450/3348, Loss: 0.1093
2025-10-09 17:08:44,050 [INFO] Época 8/30, Batch 1500/3348, Loss: 0.1186
2025-10-09 17:08:44,304 [INFO] Época 8/30, Batch 1550/3348, Loss: 0.1035
2025-10-09 17:08:44,556 [INFO] Época 8/30, Batch 1600/3348, Loss: 0.0953
2025-10-09 17:08:44,806 [INFO] Época 8/30, Batch 1650/3348, Loss: 0.1356
2025-10-09 17:08:45,058 [INFO] Época 8/30, Batch 1700/3348, Loss: 0.1527
2025-10-09 17:08:45,308 [INFO] Época 8/30, Batch 1750/3348, Loss: 0.1160
2025-10-09 17:08:45,562 [INFO] Época 8/30, Batch 1800/3348, Loss: 0.1162
2025-10-09 17:08:45,829 [INFO] Época 8/30, Batch 1850/3348, Loss: 0.1191
2025-10-09 17:08:46,095 [INFO] Época 8/30, Batch 1900/3348, Loss: 0.0927
2025-10-09 17:08:46,362 [INFO] Época 8/30, Batch 1950/3348, Loss: 0.1152
2025-10-09 17:08:46,629 [INFO] Época 8/30, Batch 2000/3348, Loss: 0.1128
2025-10-09 17:08:46,896 [INFO] Época 8/30, Batch 2050/3348, Loss: 0.1528
2025-10-09 17:08:47,163 [INFO] Época 8/30, Batch 2100/3348, Loss: 0.1058
2025-10-09 17:08:47,430 [INFO] Época 8/30, Batch 2150/3348, Loss: 0.1087
2025-10-09 17:08:47,698 [INFO] Época 8/30, Batch 2200/3348, Loss: 0.1128
2025-10-09 17:08:47,963 [INFO] Época 8/30, Batch 2250/3348, Loss: 0.1261
2025-10-09 17:08:48,231 [INFO] Época 8/30, Batch 2300/3348, Loss: 0.1149
2025-10-09 17:08:48,495 [INFO] Época 8/30, Batch 2350/3348, Loss: 0.1314
2025-10-09 17:08:48,761 [INFO] Época 8/30, Batch 2400/3348, Loss: 0.0973
2025-10-09 17:08:49,026 [INFO] Época 8/30, Batch 2450/3348, Loss: 0.1190
2025-10-09 17:08:49,290 [INFO] Época 8/30, Batch 2500/3348, Loss: 0.1096
2025-10-09 17:08:49,566 [INFO] Época 8/30, Batch 2550/3348, Loss: 0.0985
2025-10-09 17:08:49,834 [INFO] Época 8/30, Batch 2600/3348, Loss: 0.1198
2025-10-09 17:08:50,101 [INFO] Época 8/30, Batch 2650/3348, Loss: 0.1082
2025-10-09 17:08:50,369 [INFO] Época 8/30, Batch 2700/3348, Loss: 0.1025
2025-10-09 17:08:50,636 [INFO] Época 8/30, Batch 2750/3348, Loss: 0.1139
2025-10-09 17:08:50,899 [INFO] Época 8/30, Batch 2800/3348, Loss: 0.1328
2025-10-09 17:08:51,163 [INFO] Época 8/30, Batch 2850/3348, Loss: 0.1049
2025-10-09 17:08:51,425 [INFO] Época 8/30, Batch 2900/3348, Loss: 0.1064
2025-10-09 17:08:51,689 [INFO] Época 8/30, Batch 2950/3348, Loss: 0.1040
2025-10-09 17:08:51,950 [INFO] Época 8/30, Batch 3000/3348, Loss: 0.1050
2025-10-09 17:08:52,199 [INFO] Época 8/30, Batch 3050/3348, Loss: 0.1049
2025-10-09 17:08:52,447 [INFO] Época 8/30, Batch 3100/3348, Loss: 0.1144
2025-10-09 17:08:52,695 [INFO] Época 8/30, Batch 3150/3348, Loss: 0.1116
2025-10-09 17:08:52,944 [INFO] Época 8/30, Batch 3200/3348, Loss: 0.1232
2025-10-09 17:08:53,192 [INFO] Época 8/30, Batch 3250/3348, Loss: 0.1202
2025-10-09 17:08:53,440 [INFO] Época 8/30, Batch 3300/3348, Loss: 0.1149
2025-10-09 17:08:55,092 [INFO] [8/30] Train Loss: 0.1212 | Val Loss: 0.0981 | Tempo: 19.33s
2025-10-09 17:08:55,624 [INFO] Época 9/30, Batch 50/3348, Loss: 0.1085
2025-10-09 17:08:55,898 [INFO] Época 9/30, Batch 100/3348, Loss: 0.1116
2025-10-09 17:08:56,169 [INFO] Época 9/30, Batch 150/3348, Loss: 0.1119
2025-10-09 17:08:56,444 [INFO] Época 9/30, Batch 200/3348, Loss: 0.1004
2025-10-09 17:08:56,722 [INFO] Época 9/30, Batch 250/3348, Loss: 0.0971
2025-10-09 17:08:56,998 [INFO] Época 9/30, Batch 300/3348, Loss: 0.0931
2025-10-09 17:08:57,273 [INFO] Época 9/30, Batch 350/3348, Loss: 0.1032
2025-10-09 17:08:57,545 [INFO] Época 9/30, Batch 400/3348, Loss: 0.1107
2025-10-09 17:08:57,823 [INFO] Época 9/30, Batch 450/3348, Loss: 0.1269
2025-10-09 17:08:58,100 [INFO] Época 9/30, Batch 500/3348, Loss: 0.1183
2025-10-09 17:08:58,373 [INFO] Época 9/30, Batch 550/3348, Loss: 0.1407
2025-10-09 17:08:58,650 [INFO] Época 9/30, Batch 600/3348, Loss: 0.1223
2025-10-09 17:08:58,923 [INFO] Época 9/30, Batch 650/3348, Loss: 0.0796
2025-10-09 17:08:59,191 [INFO] Época 9/30, Batch 700/3348, Loss: 0.0970
2025-10-09 17:08:59,462 [INFO] Época 9/30, Batch 750/3348, Loss: 0.1113
2025-10-09 17:08:59,738 [INFO] Época 9/30, Batch 800/3348, Loss: 0.1016
2025-10-09 17:09:00,018 [INFO] Época 9/30, Batch 850/3348, Loss: 0.1163
2025-10-09 17:09:00,294 [INFO] Época 9/30, Batch 900/3348, Loss: 0.1015
2025-10-09 17:09:00,570 [INFO] Época 9/30, Batch 950/3348, Loss: 0.1072
2025-10-09 17:09:00,848 [INFO] Época 9/30, Batch 1000/3348, Loss: 0.1200
2025-10-09 17:09:01,147 [INFO] Época 9/30, Batch 1050/3348, Loss: 0.1297
2025-10-09 17:09:01,415 [INFO] Época 9/30, Batch 1100/3348, Loss: 0.0705
2025-10-09 17:09:01,678 [INFO] Época 9/30, Batch 1150/3348, Loss: 0.1055
2025-10-09 17:09:01,943 [INFO] Época 9/30, Batch 1200/3348, Loss: 0.1266
2025-10-09 17:09:02,213 [INFO] Época 9/30, Batch 1250/3348, Loss: 0.1161
2025-10-09 17:09:02,485 [INFO] Época 9/30, Batch 1300/3348, Loss: 0.0806
2025-10-09 17:09:02,752 [INFO] Época 9/30, Batch 1350/3348, Loss: 0.1037
2025-10-09 17:09:03,020 [INFO] Época 9/30, Batch 1400/3348, Loss: 0.1420
2025-10-09 17:09:03,291 [INFO] Época 9/30, Batch 1450/3348, Loss: 0.1313
2025-10-09 17:09:03,559 [INFO] Época 9/30, Batch 1500/3348, Loss: 0.1483
2025-10-09 17:09:03,827 [INFO] Época 9/30, Batch 1550/3348, Loss: 0.1043
2025-10-09 17:09:04,097 [INFO] Época 9/30, Batch 1600/3348, Loss: 0.1053
2025-10-09 17:09:04,367 [INFO] Época 9/30, Batch 1650/3348, Loss: 0.1271
2025-10-09 17:09:04,638 [INFO] Época 9/30, Batch 1700/3348, Loss: 0.0898
2025-10-09 17:09:04,907 [INFO] Época 9/30, Batch 1750/3348, Loss: 0.0864
2025-10-09 17:09:05,176 [INFO] Época 9/30, Batch 1800/3348, Loss: 0.0905
2025-10-09 17:09:05,446 [INFO] Época 9/30, Batch 1850/3348, Loss: 0.1203
2025-10-09 17:09:05,716 [INFO] Época 9/30, Batch 1900/3348, Loss: 0.1809
2025-10-09 17:09:05,986 [INFO] Época 9/30, Batch 1950/3348, Loss: 0.1190
2025-10-09 17:09:06,257 [INFO] Época 9/30, Batch 2000/3348, Loss: 0.1159
2025-10-09 17:09:06,527 [INFO] Época 9/30, Batch 2050/3348, Loss: 0.1030
2025-10-09 17:09:06,797 [INFO] Época 9/30, Batch 2100/3348, Loss: 0.1021
2025-10-09 17:09:07,065 [INFO] Época 9/30, Batch 2150/3348, Loss: 0.1166
2025-10-09 17:09:07,334 [INFO] Época 9/30, Batch 2200/3348, Loss: 0.1257
2025-10-09 17:09:07,602 [INFO] Época 9/30, Batch 2250/3348, Loss: 0.1069
2025-10-09 17:09:07,871 [INFO] Época 9/30, Batch 2300/3348, Loss: 0.1280
2025-10-09 17:09:08,143 [INFO] Época 9/30, Batch 2350/3348, Loss: 0.1435
2025-10-09 17:09:08,415 [INFO] Época 9/30, Batch 2400/3348, Loss: 0.0771
2025-10-09 17:09:08,684 [INFO] Época 9/30, Batch 2450/3348, Loss: 0.1422
2025-10-09 17:09:08,954 [INFO] Época 9/30, Batch 2500/3348, Loss: 0.1073
2025-10-09 17:09:09,223 [INFO] Época 9/30, Batch 2550/3348, Loss: 0.1080
2025-10-09 17:09:09,495 [INFO] Época 9/30, Batch 2600/3348, Loss: 0.1003
2025-10-09 17:09:09,764 [INFO] Época 9/30, Batch 2650/3348, Loss: 0.1112
2025-10-09 17:09:10,033 [INFO] Época 9/30, Batch 2700/3348, Loss: 0.1039
2025-10-09 17:09:10,302 [INFO] Época 9/30, Batch 2750/3348, Loss: 0.0863
2025-10-09 17:09:10,570 [INFO] Época 9/30, Batch 2800/3348, Loss: 0.0899
2025-10-09 17:09:10,843 [INFO] Época 9/30, Batch 2850/3348, Loss: 0.1285
2025-10-09 17:09:11,111 [INFO] Época 9/30, Batch 2900/3348, Loss: 0.0993
2025-10-09 17:09:11,380 [INFO] Época 9/30, Batch 2950/3348, Loss: 0.1268
2025-10-09 17:09:11,648 [INFO] Época 9/30, Batch 3000/3348, Loss: 0.0891
2025-10-09 17:09:11,917 [INFO] Época 9/30, Batch 3050/3348, Loss: 0.1063
2025-10-09 17:09:12,188 [INFO] Época 9/30, Batch 3100/3348, Loss: 0.1140
2025-10-09 17:09:12,459 [INFO] Época 9/30, Batch 3150/3348, Loss: 0.0877
2025-10-09 17:09:12,730 [INFO] Época 9/30, Batch 3200/3348, Loss: 0.1036
2025-10-09 17:09:12,999 [INFO] Época 9/30, Batch 3250/3348, Loss: 0.1080
2025-10-09 17:09:13,269 [INFO] Época 9/30, Batch 3300/3348, Loss: 0.1066
2025-10-09 17:09:14,946 [INFO] [9/30] Train Loss: 0.1202 | Val Loss: 0.0930 | Tempo: 19.85s
2025-10-09 17:09:14,950 [INFO] Melhor modelo salvo em: /mnt/hdd/home/jdurao/ToolBox-ChemXAI/models/mlp_qm9_Physicochemical_att1_large.pth
2025-10-09 17:09:15,501 [INFO] Época 10/30, Batch 50/3348, Loss: 0.2148
2025-10-09 17:09:15,777 [INFO] Época 10/30, Batch 100/3348, Loss: 0.1073
2025-10-09 17:09:16,050 [INFO] Época 10/30, Batch 150/3348, Loss: 0.1448
2025-10-09 17:09:16,323 [INFO] Época 10/30, Batch 200/3348, Loss: 0.1224
2025-10-09 17:09:16,596 [INFO] Época 10/30, Batch 250/3348, Loss: 0.1141
2025-10-09 17:09:16,869 [INFO] Época 10/30, Batch 300/3348, Loss: 0.1293
2025-10-09 17:09:17,142 [INFO] Época 10/30, Batch 350/3348, Loss: 0.1162
2025-10-09 17:09:17,404 [INFO] Época 10/30, Batch 400/3348, Loss: 0.0883
2025-10-09 17:09:17,665 [INFO] Época 10/30, Batch 450/3348, Loss: 0.1061
2025-10-09 17:09:17,927 [INFO] Época 10/30, Batch 500/3348, Loss: 0.1181
2025-10-09 17:09:18,191 [INFO] Época 10/30, Batch 550/3348, Loss: 0.1151
2025-10-09 17:09:18,451 [INFO] Época 10/30, Batch 600/3348, Loss: 0.0956
2025-10-09 17:09:18,714 [INFO] Época 10/30, Batch 650/3348, Loss: 0.1232
2025-10-09 17:09:18,975 [INFO] Época 10/30, Batch 700/3348, Loss: 0.1046
2025-10-09 17:09:19,231 [INFO] Época 10/30, Batch 750/3348, Loss: 0.1284
2025-10-09 17:09:19,482 [INFO] Época 10/30, Batch 800/3348, Loss: 0.1310
2025-10-09 17:09:19,733 [INFO] Época 10/30, Batch 850/3348, Loss: 0.1406
2025-10-09 17:09:19,982 [INFO] Época 10/30, Batch 900/3348, Loss: 0.1070
2025-10-09 17:09:20,230 [INFO] Época 10/30, Batch 950/3348, Loss: 0.0826
2025-10-09 17:09:20,482 [INFO] Época 10/30, Batch 1000/3348, Loss: 0.1288
2025-10-09 17:09:20,734 [INFO] Época 10/30, Batch 1050/3348, Loss: 0.1111
2025-10-09 17:09:20,990 [INFO] Época 10/30, Batch 1100/3348, Loss: 0.1162
2025-10-09 17:09:21,245 [INFO] Época 10/30, Batch 1150/3348, Loss: 0.1134
2025-10-09 17:09:21,501 [INFO] Época 10/30, Batch 1200/3348, Loss: 0.0976
2025-10-09 17:09:21,759 [INFO] Época 10/30, Batch 1250/3348, Loss: 0.0739
2025-10-09 17:09:22,018 [INFO] Época 10/30, Batch 1300/3348, Loss: 0.1155
2025-10-09 17:09:22,278 [INFO] Época 10/30, Batch 1350/3348, Loss: 0.0922
2025-10-09 17:09:22,538 [INFO] Época 10/30, Batch 1400/3348, Loss: 0.1301
2025-10-09 17:09:22,797 [INFO] Época 10/30, Batch 1450/3348, Loss: 0.1042
2025-10-09 17:09:23,058 [INFO] Época 10/30, Batch 1500/3348, Loss: 0.0996
2025-10-09 17:09:23,317 [INFO] Época 10/30, Batch 1550/3348, Loss: 0.1249
2025-10-09 17:09:23,577 [INFO] Época 10/30, Batch 1600/3348, Loss: 0.1154
2025-10-09 17:09:23,839 [INFO] Época 10/30, Batch 1650/3348, Loss: 0.0941
2025-10-09 17:09:24,100 [INFO] Época 10/30, Batch 1700/3348, Loss: 0.1129
2025-10-09 17:09:24,359 [INFO] Época 10/30, Batch 1750/3348, Loss: 0.1314
2025-10-09 17:09:24,618 [INFO] Época 10/30, Batch 1800/3348, Loss: 0.1061
2025-10-09 17:09:24,881 [INFO] Época 10/30, Batch 1850/3348, Loss: 0.1078
2025-10-09 17:09:25,145 [INFO] Época 10/30, Batch 1900/3348, Loss: 0.1067
2025-10-09 17:09:25,407 [INFO] Época 10/30, Batch 1950/3348, Loss: 0.1145
2025-10-09 17:09:25,671 [INFO] Época 10/30, Batch 2000/3348, Loss: 0.1101
2025-10-09 17:09:25,934 [INFO] Época 10/30, Batch 2050/3348, Loss: 0.0969
2025-10-09 17:09:26,196 [INFO] Época 10/30, Batch 2100/3348, Loss: 0.0996
2025-10-09 17:09:26,462 [INFO] Época 10/30, Batch 2150/3348, Loss: 0.1004
2025-10-09 17:09:26,726 [INFO] Época 10/30, Batch 2200/3348, Loss: 0.1468
2025-10-09 17:09:26,990 [INFO] Época 10/30, Batch 2250/3348, Loss: 0.1127
2025-10-09 17:09:27,252 [INFO] Época 10/30, Batch 2300/3348, Loss: 0.1202
2025-10-09 17:09:27,515 [INFO] Época 10/30, Batch 2350/3348, Loss: 0.1141
2025-10-09 17:09:27,777 [INFO] Época 10/30, Batch 2400/3348, Loss: 0.1105
2025-10-09 17:09:28,042 [INFO] Época 10/30, Batch 2450/3348, Loss: 0.0772
2025-10-09 17:09:28,299 [INFO] Época 10/30, Batch 2500/3348, Loss: 0.1240
2025-10-09 17:09:28,560 [INFO] Época 10/30, Batch 2550/3348, Loss: 0.0970
2025-10-09 17:09:28,820 [INFO] Época 10/30, Batch 2600/3348, Loss: 0.1362
2025-10-09 17:09:29,079 [INFO] Época 10/30, Batch 2650/3348, Loss: 0.1379
2025-10-09 17:09:29,335 [INFO] Época 10/30, Batch 2700/3348, Loss: 0.1568
2025-10-09 17:09:29,600 [INFO] Época 10/30, Batch 2750/3348, Loss: 0.1080
2025-10-09 17:09:29,862 [INFO] Época 10/30, Batch 2800/3348, Loss: 0.0997
2025-10-09 17:09:30,113 [INFO] Época 10/30, Batch 2850/3348, Loss: 0.0886
2025-10-09 17:09:30,348 [INFO] Época 10/30, Batch 2900/3348, Loss: 0.1569
2025-10-09 17:09:30,582 [INFO] Época 10/30, Batch 2950/3348, Loss: 0.1177
2025-10-09 17:09:30,817 [INFO] Época 10/30, Batch 3000/3348, Loss: 0.1326
2025-10-09 17:09:31,053 [INFO] Época 10/30, Batch 3050/3348, Loss: 0.0858
2025-10-09 17:09:31,287 [INFO] Época 10/30, Batch 3100/3348, Loss: 0.0936
2025-10-09 17:09:31,522 [INFO] Época 10/30, Batch 3150/3348, Loss: 0.1214
2025-10-09 17:09:31,756 [INFO] Época 10/30, Batch 3200/3348, Loss: 0.1047
2025-10-09 17:09:31,991 [INFO] Época 10/30, Batch 3250/3348, Loss: 0.1163
2025-10-09 17:09:32,225 [INFO] Época 10/30, Batch 3300/3348, Loss: 0.1310
2025-10-09 17:09:33,867 [INFO] [10/30] Train Loss: 0.1192 | Val Loss: 0.0965 | Tempo: 18.92s
2025-10-09 17:09:34,420 [INFO] Época 11/30, Batch 50/3348, Loss: 0.1151
2025-10-09 17:09:34,687 [INFO] Época 11/30, Batch 100/3348, Loss: 0.1123
2025-10-09 17:09:34,954 [INFO] Época 11/30, Batch 150/3348, Loss: 0.1018
2025-10-09 17:09:35,218 [INFO] Época 11/30, Batch 200/3348, Loss: 0.1138
2025-10-09 17:09:35,482 [INFO] Época 11/30, Batch 250/3348, Loss: 0.1124
2025-10-09 17:09:35,744 [INFO] Época 11/30, Batch 300/3348, Loss: 0.1120
2025-10-09 17:09:36,007 [INFO] Época 11/30, Batch 350/3348, Loss: 0.0894
2025-10-09 17:09:36,270 [INFO] Época 11/30, Batch 400/3348, Loss: 0.1620
2025-10-09 17:09:36,535 [INFO] Época 11/30, Batch 450/3348, Loss: 0.1167
2025-10-09 17:09:36,798 [INFO] Época 11/30, Batch 500/3348, Loss: 0.1231
2025-10-09 17:09:37,063 [INFO] Época 11/30, Batch 550/3348, Loss: 0.0956
2025-10-09 17:09:37,325 [INFO] Época 11/30, Batch 600/3348, Loss: 0.0979
2025-10-09 17:09:37,587 [INFO] Época 11/30, Batch 650/3348, Loss: 0.1414
2025-10-09 17:09:37,848 [INFO] Época 11/30, Batch 700/3348, Loss: 0.0918
2025-10-09 17:09:38,110 [INFO] Época 11/30, Batch 750/3348, Loss: 0.0917
2025-10-09 17:09:38,372 [INFO] Época 11/30, Batch 800/3348, Loss: 0.1250
2025-10-09 17:09:38,629 [INFO] Época 11/30, Batch 850/3348, Loss: 0.1093
2025-10-09 17:09:38,882 [INFO] Época 11/30, Batch 900/3348, Loss: 0.1364
2025-10-09 17:09:39,138 [INFO] Época 11/30, Batch 950/3348, Loss: 0.0999
2025-10-09 17:09:39,392 [INFO] Época 11/30, Batch 1000/3348, Loss: 0.1021
2025-10-09 17:09:39,649 [INFO] Época 11/30, Batch 1050/3348, Loss: 0.0861
2025-10-09 17:09:39,905 [INFO] Época 11/30, Batch 1100/3348, Loss: 0.0766
2025-10-09 17:09:40,168 [INFO] Época 11/30, Batch 1150/3348, Loss: 0.0987
2025-10-09 17:09:40,434 [INFO] Época 11/30, Batch 1200/3348, Loss: 0.1046
2025-10-09 17:09:40,701 [INFO] Época 11/30, Batch 1250/3348, Loss: 0.1320
2025-10-09 17:09:40,967 [INFO] Época 11/30, Batch 1300/3348, Loss: 0.1032
2025-10-09 17:09:41,231 [INFO] Época 11/30, Batch 1350/3348, Loss: 0.1196
2025-10-09 17:09:41,497 [INFO] Época 11/30, Batch 1400/3348, Loss: 0.0872
2025-10-09 17:09:41,762 [INFO] Época 11/30, Batch 1450/3348, Loss: 0.0787
2025-10-09 17:09:42,028 [INFO] Época 11/30, Batch 1500/3348, Loss: 0.1618
2025-10-09 17:09:42,293 [INFO] Época 11/30, Batch 1550/3348, Loss: 0.1353
2025-10-09 17:09:42,558 [INFO] Época 11/30, Batch 1600/3348, Loss: 0.0840
2025-10-09 17:09:42,825 [INFO] Época 11/30, Batch 1650/3348, Loss: 0.0962
2025-10-09 17:09:43,090 [INFO] Época 11/30, Batch 1700/3348, Loss: 0.0835
2025-10-09 17:09:43,353 [INFO] Época 11/30, Batch 1750/3348, Loss: 0.1088
2025-10-09 17:09:43,617 [INFO] Época 11/30, Batch 1800/3348, Loss: 0.0871
2025-10-09 17:09:43,882 [INFO] Época 11/30, Batch 1850/3348, Loss: 0.1742
2025-10-09 17:09:44,147 [INFO] Época 11/30, Batch 1900/3348, Loss: 0.1438
2025-10-09 17:09:44,411 [INFO] Época 11/30, Batch 1950/3348, Loss: 0.0929
2025-10-09 17:09:44,676 [INFO] Época 11/30, Batch 2000/3348, Loss: 0.1154
2025-10-09 17:09:44,941 [INFO] Época 11/30, Batch 2050/3348, Loss: 0.1357
2025-10-09 17:09:45,205 [INFO] Época 11/30, Batch 2100/3348, Loss: 0.1100
2025-10-09 17:09:45,470 [INFO] Época 11/30, Batch 2150/3348, Loss: 0.1170
2025-10-09 17:09:45,736 [INFO] Época 11/30, Batch 2200/3348, Loss: 0.0928
2025-10-09 17:09:45,999 [INFO] Época 11/30, Batch 2250/3348, Loss: 0.1193
2025-10-09 17:09:46,263 [INFO] Época 11/30, Batch 2300/3348, Loss: 0.1138
2025-10-09 17:09:46,528 [INFO] Época 11/30, Batch 2350/3348, Loss: 0.1132
2025-10-09 17:09:46,796 [INFO] Época 11/30, Batch 2400/3348, Loss: 0.1287
2025-10-09 17:09:47,061 [INFO] Época 11/30, Batch 2450/3348, Loss: 0.0858
2025-10-09 17:09:47,325 [INFO] Época 11/30, Batch 2500/3348, Loss: 0.1133
2025-10-09 17:09:47,590 [INFO] Época 11/30, Batch 2550/3348, Loss: 0.1432
2025-10-09 17:09:47,854 [INFO] Época 11/30, Batch 2600/3348, Loss: 0.1297
2025-10-09 17:09:48,118 [INFO] Época 11/30, Batch 2650/3348, Loss: 0.1191
2025-10-09 17:09:48,383 [INFO] Época 11/30, Batch 2700/3348, Loss: 0.1253
2025-10-09 17:09:48,649 [INFO] Época 11/30, Batch 2750/3348, Loss: 0.1312
2025-10-09 17:09:48,913 [INFO] Época 11/30, Batch 2800/3348, Loss: 0.1308
2025-10-09 17:09:49,179 [INFO] Época 11/30, Batch 2850/3348, Loss: 0.1131
2025-10-09 17:09:49,440 [INFO] Época 11/30, Batch 2900/3348, Loss: 0.1265
2025-10-09 17:09:49,704 [INFO] Época 11/30, Batch 2950/3348, Loss: 0.1003
2025-10-09 17:09:49,970 [INFO] Época 11/30, Batch 3000/3348, Loss: 0.0998
2025-10-09 17:09:50,233 [INFO] Época 11/30, Batch 3050/3348, Loss: 0.1086
2025-10-09 17:09:50,497 [INFO] Época 11/30, Batch 3100/3348, Loss: 0.1242
2025-10-09 17:09:50,760 [INFO] Época 11/30, Batch 3150/3348, Loss: 0.1108
2025-10-09 17:09:51,023 [INFO] Época 11/30, Batch 3200/3348, Loss: 0.1238
2025-10-09 17:09:51,286 [INFO] Época 11/30, Batch 3250/3348, Loss: 0.2101
2025-10-09 17:09:51,549 [INFO] Época 11/30, Batch 3300/3348, Loss: 0.1439
2025-10-09 17:09:53,278 [INFO] [11/30] Train Loss: 0.1187 | Val Loss: 0.0955 | Tempo: 19.41s
2025-10-09 17:09:53,811 [INFO] Época 12/30, Batch 50/3348, Loss: 0.1562
2025-10-09 17:09:54,073 [INFO] Época 12/30, Batch 100/3348, Loss: 0.0983
2025-10-09 17:09:54,332 [INFO] Época 12/30, Batch 150/3348, Loss: 0.1070
2025-10-09 17:09:54,590 [INFO] Época 12/30, Batch 200/3348, Loss: 0.1254
2025-10-09 17:09:54,847 [INFO] Época 12/30, Batch 250/3348, Loss: 0.1155
2025-10-09 17:09:55,108 [INFO] Época 12/30, Batch 300/3348, Loss: 0.1116
2025-10-09 17:09:55,367 [INFO] Época 12/30, Batch 350/3348, Loss: 0.1041
2025-10-09 17:09:55,629 [INFO] Época 12/30, Batch 400/3348, Loss: 0.0926
2025-10-09 17:09:55,888 [INFO] Época 12/30, Batch 450/3348, Loss: 0.1211
2025-10-09 17:09:56,147 [INFO] Época 12/30, Batch 500/3348, Loss: 0.1018
2025-10-09 17:09:56,405 [INFO] Época 12/30, Batch 550/3348, Loss: 0.0889
2025-10-09 17:09:56,667 [INFO] Época 12/30, Batch 600/3348, Loss: 0.1103
2025-10-09 17:09:56,931 [INFO] Época 12/30, Batch 650/3348, Loss: 0.1221
2025-10-09 17:09:57,195 [INFO] Época 12/30, Batch 700/3348, Loss: 0.0976
2025-10-09 17:09:57,459 [INFO] Época 12/30, Batch 750/3348, Loss: 0.1465
2025-10-09 17:09:57,725 [INFO] Época 12/30, Batch 800/3348, Loss: 0.1386
2025-10-09 17:09:57,979 [INFO] Época 12/30, Batch 850/3348, Loss: 0.0799
2025-10-09 17:09:58,231 [INFO] Época 12/30, Batch 900/3348, Loss: 0.0935
2025-10-09 17:09:58,482 [INFO] Época 12/30, Batch 950/3348, Loss: 0.1179
2025-10-09 17:09:58,730 [INFO] Época 12/30, Batch 1000/3348, Loss: 0.1021
2025-10-09 17:09:58,977 [INFO] Época 12/30, Batch 1050/3348, Loss: 0.1436
2025-10-09 17:09:59,225 [INFO] Época 12/30, Batch 1100/3348, Loss: 0.0967
2025-10-09 17:09:59,474 [INFO] Época 12/30, Batch 1150/3348, Loss: 0.1153
2025-10-09 17:09:59,724 [INFO] Época 12/30, Batch 1200/3348, Loss: 0.0903
2025-10-09 17:09:59,974 [INFO] Época 12/30, Batch 1250/3348, Loss: 0.0830
2025-10-09 17:10:00,230 [INFO] Época 12/30, Batch 1300/3348, Loss: 0.0975
2025-10-09 17:10:00,488 [INFO] Época 12/30, Batch 1350/3348, Loss: 0.0975
2025-10-09 17:10:00,750 [INFO] Época 12/30, Batch 1400/3348, Loss: 0.1087
2025-10-09 17:10:01,008 [INFO] Época 12/30, Batch 1450/3348, Loss: 0.1145
2025-10-09 17:10:01,265 [INFO] Época 12/30, Batch 1500/3348, Loss: 0.0790
2025-10-09 17:10:01,522 [INFO] Época 12/30, Batch 1550/3348, Loss: 0.0841
2025-10-09 17:10:01,780 [INFO] Época 12/30, Batch 1600/3348, Loss: 0.1063
2025-10-09 17:10:02,036 [INFO] Época 12/30, Batch 1650/3348, Loss: 0.1090
2025-10-09 17:10:02,293 [INFO] Época 12/30, Batch 1700/3348, Loss: 0.1266
2025-10-09 17:10:02,550 [INFO] Época 12/30, Batch 1750/3348, Loss: 0.1253
2025-10-09 17:10:02,812 [INFO] Época 12/30, Batch 1800/3348, Loss: 0.1190
2025-10-09 17:10:03,073 [INFO] Época 12/30, Batch 1850/3348, Loss: 0.1288
2025-10-09 17:10:03,331 [INFO] Época 12/30, Batch 1900/3348, Loss: 0.1115
2025-10-09 17:10:03,587 [INFO] Época 12/30, Batch 1950/3348, Loss: 0.1054
2025-10-09 17:10:03,841 [INFO] Época 12/30, Batch 2000/3348, Loss: 0.1227
2025-10-09 17:10:04,097 [INFO] Época 12/30, Batch 2050/3348, Loss: 0.1099
2025-10-09 17:10:04,354 [INFO] Época 12/30, Batch 2100/3348, Loss: 0.1191
2025-10-09 17:10:04,611 [INFO] Época 12/30, Batch 2150/3348, Loss: 0.1379
2025-10-09 17:10:04,872 [INFO] Época 12/30, Batch 2200/3348, Loss: 0.0868
2025-10-09 17:10:05,131 [INFO] Época 12/30, Batch 2250/3348, Loss: 0.1046
2025-10-09 17:10:05,394 [INFO] Época 12/30, Batch 2300/3348, Loss: 0.0933
2025-10-09 17:10:05,654 [INFO] Época 12/30, Batch 2350/3348, Loss: 0.1190
2025-10-09 17:10:05,912 [INFO] Época 12/30, Batch 2400/3348, Loss: 0.1006
2025-10-09 17:10:06,171 [INFO] Época 12/30, Batch 2450/3348, Loss: 0.1405
2025-10-09 17:10:06,430 [INFO] Época 12/30, Batch 2500/3348, Loss: 0.0936
2025-10-09 17:10:06,688 [INFO] Época 12/30, Batch 2550/3348, Loss: 0.0910
2025-10-09 17:10:06,927 [INFO] Época 12/30, Batch 2600/3348, Loss: 0.0958
2025-10-09 17:10:07,158 [INFO] Época 12/30, Batch 2650/3348, Loss: 0.1015
2025-10-09 17:10:07,391 [INFO] Época 12/30, Batch 2700/3348, Loss: 0.1137
2025-10-09 17:10:07,621 [INFO] Época 12/30, Batch 2750/3348, Loss: 0.1116
2025-10-09 17:10:07,851 [INFO] Época 12/30, Batch 2800/3348, Loss: 0.0978
2025-10-09 17:10:08,081 [INFO] Época 12/30, Batch 2850/3348, Loss: 0.0908
2025-10-09 17:10:08,310 [INFO] Época 12/30, Batch 2900/3348, Loss: 0.1192
2025-10-09 17:10:08,545 [INFO] Época 12/30, Batch 2950/3348, Loss: 0.1051
2025-10-09 17:10:08,779 [INFO] Época 12/30, Batch 3000/3348, Loss: 0.1213
2025-10-09 17:10:09,009 [INFO] Época 12/30, Batch 3050/3348, Loss: 0.0970
2025-10-09 17:10:09,241 [INFO] Época 12/30, Batch 3100/3348, Loss: 0.1105
2025-10-09 17:10:09,473 [INFO] Época 12/30, Batch 3150/3348, Loss: 0.1233
2025-10-09 17:10:09,707 [INFO] Época 12/30, Batch 3200/3348, Loss: 0.1063
2025-10-09 17:10:09,942 [INFO] Época 12/30, Batch 3250/3348, Loss: 0.1221
2025-10-09 17:10:10,176 [INFO] Época 12/30, Batch 3300/3348, Loss: 0.1071
2025-10-09 17:10:11,864 [INFO] [12/30] Train Loss: 0.1179 | Val Loss: 0.0941 | Tempo: 18.58s
2025-10-09 17:10:12,390 [INFO] Época 13/30, Batch 50/3348, Loss: 0.1245
2025-10-09 17:10:12,655 [INFO] Época 13/30, Batch 100/3348, Loss: 0.1171
2025-10-09 17:10:12,923 [INFO] Época 13/30, Batch 150/3348, Loss: 0.1019
2025-10-09 17:10:13,190 [INFO] Época 13/30, Batch 200/3348, Loss: 0.1430
2025-10-09 17:10:13,455 [INFO] Época 13/30, Batch 250/3348, Loss: 0.0885
2025-10-09 17:10:13,720 [INFO] Época 13/30, Batch 300/3348, Loss: 0.1068
2025-10-09 17:10:13,986 [INFO] Época 13/30, Batch 350/3348, Loss: 0.1248
2025-10-09 17:10:14,251 [INFO] Época 13/30, Batch 400/3348, Loss: 0.1074
2025-10-09 17:10:14,511 [INFO] Época 13/30, Batch 450/3348, Loss: 0.1624
2025-10-09 17:10:14,763 [INFO] Época 13/30, Batch 500/3348, Loss: 0.1492
2025-10-09 17:10:15,032 [INFO] Época 13/30, Batch 550/3348, Loss: 0.1018
2025-10-09 17:10:15,307 [INFO] Época 13/30, Batch 600/3348, Loss: 0.1115
2025-10-09 17:10:15,580 [INFO] Época 13/30, Batch 650/3348, Loss: 0.1328
2025-10-09 17:10:15,857 [INFO] Época 13/30, Batch 700/3348, Loss: 0.0910
2025-10-09 17:10:16,125 [INFO] Época 13/30, Batch 750/3348, Loss: 0.1158
2025-10-09 17:10:16,390 [INFO] Época 13/30, Batch 800/3348, Loss: 0.0977
2025-10-09 17:10:16,663 [INFO] Época 13/30, Batch 850/3348, Loss: 0.1398
2025-10-09 17:10:16,938 [INFO] Época 13/30, Batch 900/3348, Loss: 0.0964
2025-10-09 17:10:17,213 [INFO] Época 13/30, Batch 950/3348, Loss: 0.1235
2025-10-09 17:10:17,478 [INFO] Época 13/30, Batch 1000/3348, Loss: 0.0844
2025-10-09 17:10:17,744 [INFO] Época 13/30, Batch 1050/3348, Loss: 0.1378
2025-10-09 17:10:18,009 [INFO] Época 13/30, Batch 1100/3348, Loss: 0.1302
2025-10-09 17:10:18,277 [INFO] Época 13/30, Batch 1150/3348, Loss: 0.1129
2025-10-09 17:10:18,547 [INFO] Época 13/30, Batch 1200/3348, Loss: 0.1096
2025-10-09 17:10:18,815 [INFO] Época 13/30, Batch 1250/3348, Loss: 0.1128
2025-10-09 17:10:19,084 [INFO] Época 13/30, Batch 1300/3348, Loss: 0.0823
2025-10-09 17:10:19,354 [INFO] Época 13/30, Batch 1350/3348, Loss: 0.1214
2025-10-09 17:10:19,620 [INFO] Época 13/30, Batch 1400/3348, Loss: 0.0923
2025-10-09 17:10:19,890 [INFO] Época 13/30, Batch 1450/3348, Loss: 0.0932
2025-10-09 17:10:20,164 [INFO] Época 13/30, Batch 1500/3348, Loss: 0.0997
2025-10-09 17:10:20,436 [INFO] Época 13/30, Batch 1550/3348, Loss: 0.0780
2025-10-09 17:10:20,700 [INFO] Época 13/30, Batch 1600/3348, Loss: 0.1359
2025-10-09 17:10:20,975 [INFO] Época 13/30, Batch 1650/3348, Loss: 0.0992
2025-10-09 17:10:21,251 [INFO] Época 13/30, Batch 1700/3348, Loss: 0.1106
2025-10-09 17:10:21,521 [INFO] Época 13/30, Batch 1750/3348, Loss: 0.1024
2025-10-09 17:10:21,786 [INFO] Época 13/30, Batch 1800/3348, Loss: 0.1119
2025-10-09 17:10:22,049 [INFO] Época 13/30, Batch 1850/3348, Loss: 0.0911
2025-10-09 17:10:22,312 [INFO] Época 13/30, Batch 1900/3348, Loss: 0.1200
2025-10-09 17:10:22,579 [INFO] Época 13/30, Batch 1950/3348, Loss: 0.0911
2025-10-09 17:10:22,854 [INFO] Época 13/30, Batch 2000/3348, Loss: 0.1162
2025-10-09 17:10:23,121 [INFO] Época 13/30, Batch 2050/3348, Loss: 0.1136
2025-10-09 17:10:23,390 [INFO] Época 13/30, Batch 2100/3348, Loss: 0.0892
2025-10-09 17:10:23,664 [INFO] Época 13/30, Batch 2150/3348, Loss: 0.0951
2025-10-09 17:10:23,939 [INFO] Época 13/30, Batch 2200/3348, Loss: 0.1014
2025-10-09 17:10:24,216 [INFO] Época 13/30, Batch 2250/3348, Loss: 0.1152
2025-10-09 17:10:24,490 [INFO] Época 13/30, Batch 2300/3348, Loss: 0.1248
2025-10-09 17:10:24,767 [INFO] Época 13/30, Batch 2350/3348, Loss: 0.1267
2025-10-09 17:10:25,041 [INFO] Época 13/30, Batch 2400/3348, Loss: 0.0950
2025-10-09 17:10:25,317 [INFO] Época 13/30, Batch 2450/3348, Loss: 0.0884
2025-10-09 17:10:25,595 [INFO] Época 13/30, Batch 2500/3348, Loss: 0.1128
2025-10-09 17:10:25,872 [INFO] Época 13/30, Batch 2550/3348, Loss: 0.1241
2025-10-09 17:10:26,150 [INFO] Época 13/30, Batch 2600/3348, Loss: 0.1226
2025-10-09 17:10:26,425 [INFO] Época 13/30, Batch 2650/3348, Loss: 0.1252
2025-10-09 17:10:26,702 [INFO] Época 13/30, Batch 2700/3348, Loss: 0.0948
2025-10-09 17:10:26,973 [INFO] Época 13/30, Batch 2750/3348, Loss: 0.0929
2025-10-09 17:10:27,239 [INFO] Época 13/30, Batch 2800/3348, Loss: 0.1574
2025-10-09 17:10:27,511 [INFO] Época 13/30, Batch 2850/3348, Loss: 0.1009
2025-10-09 17:10:27,788 [INFO] Época 13/30, Batch 2900/3348, Loss: 0.1293
2025-10-09 17:10:28,063 [INFO] Época 13/30, Batch 2950/3348, Loss: 0.0892
2025-10-09 17:10:28,343 [INFO] Época 13/30, Batch 3000/3348, Loss: 0.0914
2025-10-09 17:10:28,613 [INFO] Época 13/30, Batch 3050/3348, Loss: 0.1345
2025-10-09 17:10:28,888 [INFO] Época 13/30, Batch 3100/3348, Loss: 0.0653
2025-10-09 17:10:29,163 [INFO] Época 13/30, Batch 3150/3348, Loss: 0.1404
2025-10-09 17:10:29,440 [INFO] Época 13/30, Batch 3200/3348, Loss: 0.1102
2025-10-09 17:10:29,719 [INFO] Época 13/30, Batch 3250/3348, Loss: 0.1031
2025-10-09 17:10:29,994 [INFO] Época 13/30, Batch 3300/3348, Loss: 0.0905
2025-10-09 17:10:31,671 [INFO] [13/30] Train Loss: 0.1172 | Val Loss: 0.0940 | Tempo: 19.81s
2025-10-09 17:10:32,204 [INFO] Época 14/30, Batch 50/3348, Loss: 0.1193
2025-10-09 17:10:32,467 [INFO] Época 14/30, Batch 100/3348, Loss: 0.1240
2025-10-09 17:10:32,729 [INFO] Época 14/30, Batch 150/3348, Loss: 0.1082
2025-10-09 17:10:32,989 [INFO] Época 14/30, Batch 200/3348, Loss: 0.0830
2025-10-09 17:10:33,249 [INFO] Época 14/30, Batch 250/3348, Loss: 0.1151
2025-10-09 17:10:33,509 [INFO] Época 14/30, Batch 300/3348, Loss: 0.0976
2025-10-09 17:10:33,769 [INFO] Época 14/30, Batch 350/3348, Loss: 0.1280
2025-10-09 17:10:34,028 [INFO] Época 14/30, Batch 400/3348, Loss: 0.0796
2025-10-09 17:10:34,286 [INFO] Época 14/30, Batch 450/3348, Loss: 0.0863
2025-10-09 17:10:34,544 [INFO] Época 14/30, Batch 500/3348, Loss: 0.1109
2025-10-09 17:10:34,802 [INFO] Época 14/30, Batch 550/3348, Loss: 0.1195
2025-10-09 17:10:35,060 [INFO] Época 14/30, Batch 600/3348, Loss: 0.0977
2025-10-09 17:10:35,321 [INFO] Época 14/30, Batch 650/3348, Loss: 0.1247
2025-10-09 17:10:35,576 [INFO] Época 14/30, Batch 700/3348, Loss: 0.0956
2025-10-09 17:10:35,834 [INFO] Época 14/30, Batch 750/3348, Loss: 0.1208
2025-10-09 17:10:36,089 [INFO] Época 14/30, Batch 800/3348, Loss: 0.1051
2025-10-09 17:10:36,349 [INFO] Época 14/30, Batch 850/3348, Loss: 0.0894
2025-10-09 17:10:36,607 [INFO] Época 14/30, Batch 900/3348, Loss: 0.0945
2025-10-09 17:10:36,868 [INFO] Época 14/30, Batch 950/3348, Loss: 0.0935
2025-10-09 17:10:37,129 [INFO] Época 14/30, Batch 1000/3348, Loss: 0.1267
2025-10-09 17:10:37,390 [INFO] Época 14/30, Batch 1050/3348, Loss: 7.0126
2025-10-09 17:10:37,650 [INFO] Época 14/30, Batch 1100/3348, Loss: 0.1199
2025-10-09 17:10:37,906 [INFO] Época 14/30, Batch 1150/3348, Loss: 0.1372
2025-10-09 17:10:38,162 [INFO] Época 14/30, Batch 1200/3348, Loss: 0.1454
2025-10-09 17:10:38,418 [INFO] Época 14/30, Batch 1250/3348, Loss: 0.1003
2025-10-09 17:10:38,680 [INFO] Época 14/30, Batch 1300/3348, Loss: 0.1167
2025-10-09 17:10:38,949 [INFO] Época 14/30, Batch 1350/3348, Loss: 0.0978
2025-10-09 17:10:39,209 [INFO] Época 14/30, Batch 1400/3348, Loss: 0.1195
2025-10-09 17:10:39,467 [INFO] Época 14/30, Batch 1450/3348, Loss: 0.1165
2025-10-09 17:10:39,726 [INFO] Época 14/30, Batch 1500/3348, Loss: 0.0987
2025-10-09 17:10:39,996 [INFO] Época 14/30, Batch 1550/3348, Loss: 0.1108
2025-10-09 17:10:40,263 [INFO] Época 14/30, Batch 1600/3348, Loss: 0.5059
2025-10-09 17:10:40,531 [INFO] Época 14/30, Batch 1650/3348, Loss: 0.1267
2025-10-09 17:10:40,791 [INFO] Época 14/30, Batch 1700/3348, Loss: 0.1133
2025-10-09 17:10:41,050 [INFO] Época 14/30, Batch 1750/3348, Loss: 0.1328
2025-10-09 17:10:41,309 [INFO] Época 14/30, Batch 1800/3348, Loss: 0.1256
2025-10-09 17:10:41,568 [INFO] Época 14/30, Batch 1850/3348, Loss: 0.1066
2025-10-09 17:10:41,833 [INFO] Época 14/30, Batch 1900/3348, Loss: 0.1154
2025-10-09 17:10:42,103 [INFO] Época 14/30, Batch 1950/3348, Loss: 0.1419
2025-10-09 17:10:42,373 [INFO] Época 14/30, Batch 2000/3348, Loss: 0.1267
2025-10-09 17:10:42,645 [INFO] Época 14/30, Batch 2050/3348, Loss: 0.1132
2025-10-09 17:10:42,916 [INFO] Época 14/30, Batch 2100/3348, Loss: 0.0945
2025-10-09 17:10:43,183 [INFO] Época 14/30, Batch 2150/3348, Loss: 0.0992
2025-10-09 17:10:43,431 [INFO] Época 14/30, Batch 2200/3348, Loss: 0.1670
2025-10-09 17:10:43,679 [INFO] Época 14/30, Batch 2250/3348, Loss: 0.1274
2025-10-09 17:10:43,927 [INFO] Época 14/30, Batch 2300/3348, Loss: 0.0978
2025-10-09 17:10:44,165 [INFO] Época 14/30, Batch 2350/3348, Loss: 0.1178
2025-10-09 17:10:44,394 [INFO] Época 14/30, Batch 2400/3348, Loss: 0.1038
2025-10-09 17:10:44,629 [INFO] Época 14/30, Batch 2450/3348, Loss: 0.1168
2025-10-09 17:10:44,860 [INFO] Época 14/30, Batch 2500/3348, Loss: 0.1074
2025-10-09 17:10:45,093 [INFO] Época 14/30, Batch 2550/3348, Loss: 0.1051
2025-10-09 17:10:45,325 [INFO] Época 14/30, Batch 2600/3348, Loss: 0.1368
2025-10-09 17:10:45,557 [INFO] Época 14/30, Batch 2650/3348, Loss: 0.0858
2025-10-09 17:10:45,791 [INFO] Época 14/30, Batch 2700/3348, Loss: 0.0778
2025-10-09 17:10:46,026 [INFO] Época 14/30, Batch 2750/3348, Loss: 0.1198
2025-10-09 17:10:46,262 [INFO] Época 14/30, Batch 2800/3348, Loss: 0.1195
2025-10-09 17:10:46,496 [INFO] Época 14/30, Batch 2850/3348, Loss: 0.0852
2025-10-09 17:10:46,730 [INFO] Época 14/30, Batch 2900/3348, Loss: 0.0882
2025-10-09 17:10:46,962 [INFO] Época 14/30, Batch 2950/3348, Loss: 0.0953
2025-10-09 17:10:47,195 [INFO] Época 14/30, Batch 3000/3348, Loss: 0.1250
2025-10-09 17:10:47,428 [INFO] Época 14/30, Batch 3050/3348, Loss: 0.0772
2025-10-09 17:10:47,667 [INFO] Época 14/30, Batch 3100/3348, Loss: 0.1179
2025-10-09 17:10:47,908 [INFO] Época 14/30, Batch 3150/3348, Loss: 0.0969
2025-10-09 17:10:48,163 [INFO] Época 14/30, Batch 3200/3348, Loss: 0.0973
2025-10-09 17:10:48,422 [INFO] Época 14/30, Batch 3250/3348, Loss: 0.0835
2025-10-09 17:10:48,677 [INFO] Época 14/30, Batch 3300/3348, Loss: 0.0930
2025-10-09 17:10:50,453 [INFO] [14/30] Train Loss: 0.1172 | Val Loss: 0.0932 | Tempo: 18.78s
2025-10-09 17:10:50,989 [INFO] Época 15/30, Batch 50/3348, Loss: 0.0868
2025-10-09 17:10:51,250 [INFO] Época 15/30, Batch 100/3348, Loss: 0.1110
2025-10-09 17:10:51,509 [INFO] Época 15/30, Batch 150/3348, Loss: 0.1103
2025-10-09 17:10:51,767 [INFO] Época 15/30, Batch 200/3348, Loss: 0.1057
2025-10-09 17:10:52,026 [INFO] Época 15/30, Batch 250/3348, Loss: 0.1195
2025-10-09 17:10:52,283 [INFO] Época 15/30, Batch 300/3348, Loss: 0.1324
2025-10-09 17:10:52,541 [INFO] Época 15/30, Batch 350/3348, Loss: 0.1190
2025-10-09 17:10:52,798 [INFO] Época 15/30, Batch 400/3348, Loss: 0.1031
2025-10-09 17:10:53,055 [INFO] Época 15/30, Batch 450/3348, Loss: 0.1200
2025-10-09 17:10:53,313 [INFO] Época 15/30, Batch 500/3348, Loss: 0.0857
2025-10-09 17:10:53,569 [INFO] Época 15/30, Batch 550/3348, Loss: 0.1588
2025-10-09 17:10:53,825 [INFO] Época 15/30, Batch 600/3348, Loss: 0.1203
2025-10-09 17:10:54,083 [INFO] Época 15/30, Batch 650/3348, Loss: 0.1023
2025-10-09 17:10:54,338 [INFO] Época 15/30, Batch 700/3348, Loss: 0.1183
2025-10-09 17:10:54,597 [INFO] Época 15/30, Batch 750/3348, Loss: 0.1047
2025-10-09 17:10:54,855 [INFO] Época 15/30, Batch 800/3348, Loss: 0.1229
2025-10-09 17:10:55,114 [INFO] Época 15/30, Batch 850/3348, Loss: 0.1064
2025-10-09 17:10:55,371 [INFO] Época 15/30, Batch 900/3348, Loss: 0.0891
2025-10-09 17:10:55,628 [INFO] Época 15/30, Batch 950/3348, Loss: 0.1084
2025-10-09 17:10:55,885 [INFO] Época 15/30, Batch 1000/3348, Loss: 0.1071
2025-10-09 17:10:56,144 [INFO] Época 15/30, Batch 1050/3348, Loss: 0.1557
2025-10-09 17:10:56,402 [INFO] Época 15/30, Batch 1100/3348, Loss: 0.0685
2025-10-09 17:10:56,662 [INFO] Época 15/30, Batch 1150/3348, Loss: 0.0908
2025-10-09 17:10:56,921 [INFO] Época 15/30, Batch 1200/3348, Loss: 0.1290
2025-10-09 17:10:57,179 [INFO] Época 15/30, Batch 1250/3348, Loss: 0.0906
2025-10-09 17:10:57,439 [INFO] Época 15/30, Batch 1300/3348, Loss: 0.1136
2025-10-09 17:10:57,698 [INFO] Época 15/30, Batch 1350/3348, Loss: 0.0963
2025-10-09 17:10:57,953 [INFO] Época 15/30, Batch 1400/3348, Loss: 0.1056
2025-10-09 17:10:58,211 [INFO] Época 15/30, Batch 1450/3348, Loss: 0.1141
2025-10-09 17:10:58,469 [INFO] Época 15/30, Batch 1500/3348, Loss: 0.0927
2025-10-09 17:10:58,728 [INFO] Época 15/30, Batch 1550/3348, Loss: 0.1118
2025-10-09 17:10:58,985 [INFO] Época 15/30, Batch 1600/3348, Loss: 0.1210
2025-10-09 17:10:59,240 [INFO] Época 15/30, Batch 1650/3348, Loss: 0.0811
2025-10-09 17:10:59,499 [INFO] Época 15/30, Batch 1700/3348, Loss: 0.1407
2025-10-09 17:10:59,756 [INFO] Época 15/30, Batch 1750/3348, Loss: 0.1190
2025-10-09 17:11:00,018 [INFO] Época 15/30, Batch 1800/3348, Loss: 0.1159
2025-10-09 17:11:00,276 [INFO] Época 15/30, Batch 1850/3348, Loss: 0.1219
2025-10-09 17:11:00,535 [INFO] Época 15/30, Batch 1900/3348, Loss: 0.1120
2025-10-09 17:11:00,796 [INFO] Época 15/30, Batch 1950/3348, Loss: 0.0848
2025-10-09 17:11:01,053 [INFO] Época 15/30, Batch 2000/3348, Loss: 0.1239
2025-10-09 17:11:01,314 [INFO] Época 15/30, Batch 2050/3348, Loss: 0.1247
2025-10-09 17:11:01,571 [INFO] Época 15/30, Batch 2100/3348, Loss: 0.1088
2025-10-09 17:11:01,828 [INFO] Época 15/30, Batch 2150/3348, Loss: 0.1686
2025-10-09 17:11:02,085 [INFO] Época 15/30, Batch 2200/3348, Loss: 0.1014
2025-10-09 17:11:02,342 [INFO] Época 15/30, Batch 2250/3348, Loss: 0.1113
2025-10-09 17:11:02,601 [INFO] Época 15/30, Batch 2300/3348, Loss: 0.1171
2025-10-09 17:11:02,857 [INFO] Época 15/30, Batch 2350/3348, Loss: 0.1022
2025-10-09 17:11:03,120 [INFO] Época 15/30, Batch 2400/3348, Loss: 0.1004
2025-10-09 17:11:03,383 [INFO] Época 15/30, Batch 2450/3348, Loss: 0.1040
2025-10-09 17:11:03,640 [INFO] Época 15/30, Batch 2500/3348, Loss: 0.1281
2025-10-09 17:11:03,900 [INFO] Época 15/30, Batch 2550/3348, Loss: 0.1044
2025-10-09 17:11:04,158 [INFO] Época 15/30, Batch 2600/3348, Loss: 0.1077
2025-10-09 17:11:04,416 [INFO] Época 15/30, Batch 2650/3348, Loss: 0.0998
2025-10-09 17:11:04,673 [INFO] Época 15/30, Batch 2700/3348, Loss: 0.1332
2025-10-09 17:11:04,931 [INFO] Época 15/30, Batch 2750/3348, Loss: 0.0973
2025-10-09 17:11:05,201 [INFO] Época 15/30, Batch 2800/3348, Loss: 0.1100
2025-10-09 17:11:05,467 [INFO] Época 15/30, Batch 2850/3348, Loss: 0.0974
2025-10-09 17:11:05,734 [INFO] Época 15/30, Batch 2900/3348, Loss: 0.1100
2025-10-09 17:11:06,000 [INFO] Época 15/30, Batch 2950/3348, Loss: 0.1370
2025-10-09 17:11:06,268 [INFO] Época 15/30, Batch 3000/3348, Loss: 0.1410
2025-10-09 17:11:06,533 [INFO] Época 15/30, Batch 3050/3348, Loss: 0.1406
2025-10-09 17:11:06,800 [INFO] Época 15/30, Batch 3100/3348, Loss: 0.0955
2025-10-09 17:11:07,066 [INFO] Época 15/30, Batch 3150/3348, Loss: 0.0927
2025-10-09 17:11:07,331 [INFO] Época 15/30, Batch 3200/3348, Loss: 0.1457
2025-10-09 17:11:07,590 [INFO] Época 15/30, Batch 3250/3348, Loss: 0.1028
2025-10-09 17:11:07,849 [INFO] Época 15/30, Batch 3300/3348, Loss: 0.0989
2025-10-09 17:11:09,602 [INFO] [15/30] Train Loss: 0.1162 | Val Loss: 0.0947 | Tempo: 19.15s
2025-10-09 17:11:10,147 [INFO] Época 16/30, Batch 50/3348, Loss: 0.0922
2025-10-09 17:11:10,422 [INFO] Época 16/30, Batch 100/3348, Loss: 0.1054
2025-10-09 17:11:10,692 [INFO] Época 16/30, Batch 150/3348, Loss: 0.1062
2025-10-09 17:11:10,967 [INFO] Época 16/30, Batch 200/3348, Loss: 0.1134
2025-10-09 17:11:11,234 [INFO] Época 16/30, Batch 250/3348, Loss: 0.0950
2025-10-09 17:11:11,498 [INFO] Época 16/30, Batch 300/3348, Loss: 0.1046
2025-10-09 17:11:11,763 [INFO] Época 16/30, Batch 350/3348, Loss: 0.1261
2025-10-09 17:11:12,023 [INFO] Época 16/30, Batch 400/3348, Loss: 0.0984
2025-10-09 17:11:12,283 [INFO] Época 16/30, Batch 450/3348, Loss: 0.1184
2025-10-09 17:11:12,544 [INFO] Época 16/30, Batch 500/3348, Loss: 0.0923
2025-10-09 17:11:12,805 [INFO] Época 16/30, Batch 550/3348, Loss: 0.1046
2025-10-09 17:11:13,066 [INFO] Época 16/30, Batch 600/3348, Loss: 0.0930
2025-10-09 17:11:13,328 [INFO] Época 16/30, Batch 650/3348, Loss: 0.0970
2025-10-09 17:11:13,588 [INFO] Época 16/30, Batch 700/3348, Loss: 0.1276
2025-10-09 17:11:13,837 [INFO] Época 16/30, Batch 750/3348, Loss: 0.1306
2025-10-09 17:11:14,086 [INFO] Época 16/30, Batch 800/3348, Loss: 0.1140
2025-10-09 17:11:14,332 [INFO] Época 16/30, Batch 850/3348, Loss: 0.1212
2025-10-09 17:11:14,577 [INFO] Época 16/30, Batch 900/3348, Loss: 0.0940
2025-10-09 17:11:14,821 [INFO] Época 16/30, Batch 950/3348, Loss: 0.1177
2025-10-09 17:11:15,067 [INFO] Época 16/30, Batch 1000/3348, Loss: 0.1049
2025-10-09 17:11:15,312 [INFO] Época 16/30, Batch 1050/3348, Loss: 0.1274
2025-10-09 17:11:15,558 [INFO] Época 16/30, Batch 1100/3348, Loss: 0.0975
2025-10-09 17:11:15,803 [INFO] Época 16/30, Batch 1150/3348, Loss: 0.0844
2025-10-09 17:11:16,047 [INFO] Época 16/30, Batch 1200/3348, Loss: 0.1178
2025-10-09 17:11:16,296 [INFO] Época 16/30, Batch 1250/3348, Loss: 0.0915
2025-10-09 17:11:16,550 [INFO] Época 16/30, Batch 1300/3348, Loss: 0.0961
2025-10-09 17:11:16,803 [INFO] Época 16/30, Batch 1350/3348, Loss: 0.1378
2025-10-09 17:11:17,054 [INFO] Época 16/30, Batch 1400/3348, Loss: 0.1340
2025-10-09 17:11:17,307 [INFO] Época 16/30, Batch 1450/3348, Loss: 0.0971
2025-10-09 17:11:17,559 [INFO] Época 16/30, Batch 1500/3348, Loss: 0.1102
2025-10-09 17:11:17,812 [INFO] Época 16/30, Batch 1550/3348, Loss: 0.0900
2025-10-09 17:11:18,064 [INFO] Época 16/30, Batch 1600/3348, Loss: 0.1030
2025-10-09 17:11:18,315 [INFO] Época 16/30, Batch 1650/3348, Loss: 0.1002
2025-10-09 17:11:18,567 [INFO] Época 16/30, Batch 1700/3348, Loss: 0.1155
2025-10-09 17:11:18,831 [INFO] Época 16/30, Batch 1750/3348, Loss: 0.1295
2025-10-09 17:11:19,080 [INFO] Época 16/30, Batch 1800/3348, Loss: 0.1482
2025-10-09 17:11:19,334 [INFO] Época 16/30, Batch 1850/3348, Loss: 0.0960
2025-10-09 17:11:19,588 [INFO] Época 16/30, Batch 1900/3348, Loss: 0.1056
2025-10-09 17:11:19,842 [INFO] Época 16/30, Batch 1950/3348, Loss: 0.1079
2025-10-09 17:11:20,096 [INFO] Época 16/30, Batch 2000/3348, Loss: 0.1168
2025-10-09 17:11:20,348 [INFO] Época 16/30, Batch 2050/3348, Loss: 0.1267
2025-10-09 17:11:20,597 [INFO] Época 16/30, Batch 2100/3348, Loss: 0.1021
2025-10-09 17:11:20,845 [INFO] Época 16/30, Batch 2150/3348, Loss: 0.0740
2025-10-09 17:11:21,092 [INFO] Época 16/30, Batch 2200/3348, Loss: 0.1450
2025-10-09 17:11:21,340 [INFO] Época 16/30, Batch 2250/3348, Loss: 0.1333
2025-10-09 17:11:21,585 [INFO] Época 16/30, Batch 2300/3348, Loss: 0.1110
2025-10-09 17:11:21,824 [INFO] Época 16/30, Batch 2350/3348, Loss: 0.1288
2025-10-09 17:11:22,058 [INFO] Época 16/30, Batch 2400/3348, Loss: 0.1296
2025-10-09 17:11:22,302 [INFO] Época 16/30, Batch 2450/3348, Loss: 0.1267
2025-10-09 17:11:22,553 [INFO] Época 16/30, Batch 2500/3348, Loss: 0.0936
2025-10-09 17:11:22,802 [INFO] Época 16/30, Batch 2550/3348, Loss: 0.1051
2025-10-09 17:11:23,034 [INFO] Época 16/30, Batch 2600/3348, Loss: 0.1175
2025-10-09 17:11:23,264 [INFO] Época 16/30, Batch 2650/3348, Loss: 0.0747
2025-10-09 17:11:23,494 [INFO] Época 16/30, Batch 2700/3348, Loss: 0.1271
2025-10-09 17:11:23,732 [INFO] Época 16/30, Batch 2750/3348, Loss: 0.0990
2025-10-09 17:11:23,979 [INFO] Época 16/30, Batch 2800/3348, Loss: 0.1012
2025-10-09 17:11:24,229 [INFO] Época 16/30, Batch 2850/3348, Loss: 0.0972
2025-10-09 17:11:24,476 [INFO] Época 16/30, Batch 2900/3348, Loss: 0.1020
2025-10-09 17:11:24,716 [INFO] Época 16/30, Batch 2950/3348, Loss: 0.0990
2025-10-09 17:11:24,963 [INFO] Época 16/30, Batch 3000/3348, Loss: 0.1153
2025-10-09 17:11:25,208 [INFO] Época 16/30, Batch 3050/3348, Loss: 0.1049
2025-10-09 17:11:25,464 [INFO] Época 16/30, Batch 3100/3348, Loss: 0.1112
2025-10-09 17:11:25,722 [INFO] Época 16/30, Batch 3150/3348, Loss: 0.1184
2025-10-09 17:11:25,980 [INFO] Época 16/30, Batch 3200/3348, Loss: 0.1518
2025-10-09 17:11:26,238 [INFO] Época 16/30, Batch 3250/3348, Loss: 0.1129
2025-10-09 17:11:26,495 [INFO] Época 16/30, Batch 3300/3348, Loss: 0.0945
2025-10-09 17:11:28,284 [INFO] [16/30] Train Loss: 0.1154 | Val Loss: 0.0956 | Tempo: 18.68s
2025-10-09 17:11:28,852 [INFO] Época 17/30, Batch 50/3348, Loss: 0.1021
2025-10-09 17:11:29,135 [INFO] Época 17/30, Batch 100/3348, Loss: 0.0961
2025-10-09 17:11:29,415 [INFO] Época 17/30, Batch 150/3348, Loss: 0.1064
2025-10-09 17:11:29,692 [INFO] Época 17/30, Batch 200/3348, Loss: 0.0875
2025-10-09 17:11:29,970 [INFO] Época 17/30, Batch 250/3348, Loss: 0.1404
2025-10-09 17:11:30,248 [INFO] Época 17/30, Batch 300/3348, Loss: 0.1005
2025-10-09 17:11:30,527 [INFO] Época 17/30, Batch 350/3348, Loss: 0.0893
2025-10-09 17:11:30,800 [INFO] Época 17/30, Batch 400/3348, Loss: 0.1223
2025-10-09 17:11:31,069 [INFO] Época 17/30, Batch 450/3348, Loss: 0.1233
2025-10-09 17:11:31,339 [INFO] Época 17/30, Batch 500/3348, Loss: 0.1258
2025-10-09 17:11:31,610 [INFO] Época 17/30, Batch 550/3348, Loss: 0.1136
2025-10-09 17:11:31,882 [INFO] Época 17/30, Batch 600/3348, Loss: 0.1105
2025-10-09 17:11:32,151 [INFO] Época 17/30, Batch 650/3348, Loss: 0.1149
2025-10-09 17:11:32,415 [INFO] Época 17/30, Batch 700/3348, Loss: 0.1383
2025-10-09 17:11:32,682 [INFO] Época 17/30, Batch 750/3348, Loss: 0.0934
2025-10-09 17:11:32,950 [INFO] Época 17/30, Batch 800/3348, Loss: 0.1090
2025-10-09 17:11:33,220 [INFO] Época 17/30, Batch 850/3348, Loss: 0.1417
2025-10-09 17:11:33,486 [INFO] Época 17/30, Batch 900/3348, Loss: 0.1562
2025-10-09 17:11:33,754 [INFO] Época 17/30, Batch 950/3348, Loss: 0.1042
2025-10-09 17:11:34,022 [INFO] Época 17/30, Batch 1000/3348, Loss: 0.1314
2025-10-09 17:11:34,296 [INFO] Época 17/30, Batch 1050/3348, Loss: 0.1290
2025-10-09 17:11:34,572 [INFO] Época 17/30, Batch 1100/3348, Loss: 0.0971
2025-10-09 17:11:34,847 [INFO] Época 17/30, Batch 1150/3348, Loss: 0.1383
2025-10-09 17:11:35,122 [INFO] Época 17/30, Batch 1200/3348, Loss: 0.1000
2025-10-09 17:11:35,398 [INFO] Época 17/30, Batch 1250/3348, Loss: 0.0990
2025-10-09 17:11:35,672 [INFO] Época 17/30, Batch 1300/3348, Loss: 0.1280
2025-10-09 17:11:35,948 [INFO] Época 17/30, Batch 1350/3348, Loss: 0.1054
2025-10-09 17:11:36,223 [INFO] Época 17/30, Batch 1400/3348, Loss: 0.1029
2025-10-09 17:11:36,500 [INFO] Época 17/30, Batch 1450/3348, Loss: 0.0956
2025-10-09 17:11:36,773 [INFO] Época 17/30, Batch 1500/3348, Loss: 0.1101
2025-10-09 17:11:37,050 [INFO] Época 17/30, Batch 1550/3348, Loss: 0.0921
2025-10-09 17:11:37,325 [INFO] Época 17/30, Batch 1600/3348, Loss: 0.1315
2025-10-09 17:11:37,600 [INFO] Época 17/30, Batch 1650/3348, Loss: 0.1251
2025-10-09 17:11:37,874 [INFO] Época 17/30, Batch 1700/3348, Loss: 0.1250
2025-10-09 17:11:38,149 [INFO] Época 17/30, Batch 1750/3348, Loss: 0.1097
2025-10-09 17:11:38,425 [INFO] Época 17/30, Batch 1800/3348, Loss: 0.1432
2025-10-09 17:11:38,701 [INFO] Época 17/30, Batch 1850/3348, Loss: 0.1248
2025-10-09 17:11:38,977 [INFO] Época 17/30, Batch 1900/3348, Loss: 0.1037
2025-10-09 17:11:39,254 [INFO] Época 17/30, Batch 1950/3348, Loss: 0.1294
2025-10-09 17:11:39,527 [INFO] Época 17/30, Batch 2000/3348, Loss: 0.0975
2025-10-09 17:11:39,800 [INFO] Época 17/30, Batch 2050/3348, Loss: 0.0954
2025-10-09 17:11:40,077 [INFO] Época 17/30, Batch 2100/3348, Loss: 0.0978
2025-10-09 17:11:40,352 [INFO] Época 17/30, Batch 2150/3348, Loss: 0.1320
2025-10-09 17:11:40,629 [INFO] Época 17/30, Batch 2200/3348, Loss: 0.1120
2025-10-09 17:11:40,905 [INFO] Época 17/30, Batch 2250/3348, Loss: 0.0890
2025-10-09 17:11:41,180 [INFO] Época 17/30, Batch 2300/3348, Loss: 0.1160
2025-10-09 17:11:41,456 [INFO] Época 17/30, Batch 2350/3348, Loss: 0.1089
2025-10-09 17:11:41,733 [INFO] Época 17/30, Batch 2400/3348, Loss: 0.0977
2025-10-09 17:11:42,007 [INFO] Época 17/30, Batch 2450/3348, Loss: 0.1090
2025-10-09 17:11:42,281 [INFO] Época 17/30, Batch 2500/3348, Loss: 0.0953
2025-10-09 17:11:42,558 [INFO] Época 17/30, Batch 2550/3348, Loss: 0.1165
2025-10-09 17:11:42,836 [INFO] Época 17/30, Batch 2600/3348, Loss: 0.1192
2025-10-09 17:11:43,108 [INFO] Época 17/30, Batch 2650/3348, Loss: 0.1283
2025-10-09 17:11:43,382 [INFO] Época 17/30, Batch 2700/3348, Loss: 0.1144
2025-10-09 17:11:43,642 [INFO] Época 17/30, Batch 2750/3348, Loss: 0.1147
2025-10-09 17:11:43,896 [INFO] Época 17/30, Batch 2800/3348, Loss: 0.1252
2025-10-09 17:11:44,152 [INFO] Época 17/30, Batch 2850/3348, Loss: 0.1155
2025-10-09 17:11:44,419 [INFO] Época 17/30, Batch 2900/3348, Loss: 0.1113
2025-10-09 17:11:44,674 [INFO] Época 17/30, Batch 2950/3348, Loss: 0.1069
2025-10-09 17:11:44,928 [INFO] Época 17/30, Batch 3000/3348, Loss: 0.0753
2025-10-09 17:11:45,184 [INFO] Época 17/30, Batch 3050/3348, Loss: 0.1384
2025-10-09 17:11:45,443 [INFO] Época 17/30, Batch 3100/3348, Loss: 0.0939
2025-10-09 17:11:45,719 [INFO] Época 17/30, Batch 3150/3348, Loss: 0.1059
2025-10-09 17:11:45,994 [INFO] Época 17/30, Batch 3200/3348, Loss: 0.1236
2025-10-09 17:11:46,269 [INFO] Época 17/30, Batch 3250/3348, Loss: 0.1377
2025-10-09 17:11:46,543 [INFO] Época 17/30, Batch 3300/3348, Loss: 0.1034
2025-10-09 17:11:48,382 [INFO] [17/30] Train Loss: 0.1143 | Val Loss: 0.0926 | Tempo: 20.10s
2025-10-09 17:11:48,387 [INFO] Melhor modelo salvo em: /mnt/hdd/home/jdurao/ToolBox-ChemXAI/models/mlp_qm9_Physicochemical_att1_large.pth
2025-10-09 17:11:48,927 [INFO] Época 18/30, Batch 50/3348, Loss: 0.0909
2025-10-09 17:11:49,191 [INFO] Época 18/30, Batch 100/3348, Loss: 0.0888
2025-10-09 17:11:49,452 [INFO] Época 18/30, Batch 150/3348, Loss: 0.1231
2025-10-09 17:11:49,715 [INFO] Época 18/30, Batch 200/3348, Loss: 0.1287
2025-10-09 17:11:49,975 [INFO] Época 18/30, Batch 250/3348, Loss: 0.1046
2025-10-09 17:11:50,234 [INFO] Época 18/30, Batch 300/3348, Loss: 0.1419
2025-10-09 17:11:50,497 [INFO] Época 18/30, Batch 350/3348, Loss: 0.1115
2025-10-09 17:11:50,754 [INFO] Época 18/30, Batch 400/3348, Loss: 0.0949
2025-10-09 17:11:51,013 [INFO] Época 18/30, Batch 450/3348, Loss: 0.1143
2025-10-09 17:11:51,271 [INFO] Época 18/30, Batch 500/3348, Loss: 0.1201
2025-10-09 17:11:51,528 [INFO] Época 18/30, Batch 550/3348, Loss: 0.0985
2025-10-09 17:11:51,791 [INFO] Época 18/30, Batch 600/3348, Loss: 0.1163
2025-10-09 17:11:52,051 [INFO] Época 18/30, Batch 650/3348, Loss: 0.0971
2025-10-09 17:11:52,310 [INFO] Época 18/30, Batch 700/3348, Loss: 0.1138
2025-10-09 17:11:52,569 [INFO] Época 18/30, Batch 750/3348, Loss: 0.1373
2025-10-09 17:11:52,829 [INFO] Época 18/30, Batch 800/3348, Loss: 0.0883
2025-10-09 17:11:53,085 [INFO] Época 18/30, Batch 850/3348, Loss: 0.1201
2025-10-09 17:11:53,343 [INFO] Época 18/30, Batch 900/3348, Loss: 0.0958
2025-10-09 17:11:53,602 [INFO] Época 18/30, Batch 950/3348, Loss: 0.1143
2025-10-09 17:11:53,864 [INFO] Época 18/30, Batch 1000/3348, Loss: 0.0994
2025-10-09 17:11:54,120 [INFO] Época 18/30, Batch 1050/3348, Loss: 0.1086
2025-10-09 17:11:54,373 [INFO] Época 18/30, Batch 1100/3348, Loss: 0.1175
2025-10-09 17:11:54,627 [INFO] Época 18/30, Batch 1150/3348, Loss: 0.1450
2025-10-09 17:11:54,880 [INFO] Época 18/30, Batch 1200/3348, Loss: 0.0953
2025-10-09 17:11:55,135 [INFO] Época 18/30, Batch 1250/3348, Loss: 0.1409
2025-10-09 17:11:55,392 [INFO] Época 18/30, Batch 1300/3348, Loss: 0.1050
2025-10-09 17:11:55,655 [INFO] Época 18/30, Batch 1350/3348, Loss: 0.1355
2025-10-09 17:11:55,918 [INFO] Época 18/30, Batch 1400/3348, Loss: 0.0942
2025-10-09 17:11:56,178 [INFO] Época 18/30, Batch 1450/3348, Loss: 0.1135
2025-10-09 17:11:56,441 [INFO] Época 18/30, Batch 1500/3348, Loss: 0.1420
2025-10-09 17:11:56,703 [INFO] Época 18/30, Batch 1550/3348, Loss: 0.0981
2025-10-09 17:11:56,965 [INFO] Época 18/30, Batch 1600/3348, Loss: 0.1211
2025-10-09 17:11:57,228 [INFO] Época 18/30, Batch 1650/3348, Loss: 0.1508
2025-10-09 17:11:57,490 [INFO] Época 18/30, Batch 1700/3348, Loss: 0.1156
2025-10-09 17:11:57,750 [INFO] Época 18/30, Batch 1750/3348, Loss: 0.0915
2025-10-09 17:11:58,006 [INFO] Época 18/30, Batch 1800/3348, Loss: 0.1037
2025-10-09 17:11:58,264 [INFO] Época 18/30, Batch 1850/3348, Loss: 0.0832
2025-10-09 17:11:58,523 [INFO] Época 18/30, Batch 1900/3348, Loss: 0.1106
2025-10-09 17:11:58,783 [INFO] Época 18/30, Batch 1950/3348, Loss: 0.0893
2025-10-09 17:11:59,023 [INFO] Época 18/30, Batch 2000/3348, Loss: 0.1011
2025-10-09 17:11:59,263 [INFO] Época 18/30, Batch 2050/3348, Loss: 0.0999
2025-10-09 17:11:59,502 [INFO] Época 18/30, Batch 2100/3348, Loss: 0.1086
2025-10-09 17:11:59,743 [INFO] Época 18/30, Batch 2150/3348, Loss: 0.1244
2025-10-09 17:11:59,983 [INFO] Época 18/30, Batch 2200/3348, Loss: 0.1224
2025-10-09 17:12:00,221 [INFO] Época 18/30, Batch 2250/3348, Loss: 0.0933
2025-10-09 17:12:00,461 [INFO] Época 18/30, Batch 2300/3348, Loss: 0.1326
2025-10-09 17:12:00,701 [INFO] Época 18/30, Batch 2350/3348, Loss: 0.1132
2025-10-09 17:12:00,941 [INFO] Época 18/30, Batch 2400/3348, Loss: 0.1959
2025-10-09 17:12:01,183 [INFO] Época 18/30, Batch 2450/3348, Loss: 0.1137
2025-10-09 17:12:01,433 [INFO] Época 18/30, Batch 2500/3348, Loss: 0.1244
2025-10-09 17:12:01,683 [INFO] Época 18/30, Batch 2550/3348, Loss: 0.1216
2025-10-09 17:12:01,934 [INFO] Época 18/30, Batch 2600/3348, Loss: 0.1020
2025-10-09 17:12:02,187 [INFO] Época 18/30, Batch 2650/3348, Loss: 0.1470
2025-10-09 17:12:02,437 [INFO] Época 18/30, Batch 2700/3348, Loss: 0.2010
2025-10-09 17:12:02,710 [INFO] Época 18/30, Batch 2750/3348, Loss: 0.1044
2025-10-09 17:12:02,988 [INFO] Época 18/30, Batch 2800/3348, Loss: 0.1303
2025-10-09 17:12:03,263 [INFO] Época 18/30, Batch 2850/3348, Loss: 0.1107
2025-10-09 17:12:03,540 [INFO] Época 18/30, Batch 2900/3348, Loss: 0.0925
2025-10-09 17:12:03,815 [INFO] Época 18/30, Batch 2950/3348, Loss: 0.1408
2025-10-09 17:12:04,087 [INFO] Época 18/30, Batch 3000/3348, Loss: 0.1200
2025-10-09 17:12:04,345 [INFO] Época 18/30, Batch 3050/3348, Loss: 0.1178
2025-10-09 17:12:04,609 [INFO] Época 18/30, Batch 3100/3348, Loss: 0.0960
2025-10-09 17:12:04,883 [INFO] Época 18/30, Batch 3150/3348, Loss: 0.0878
2025-10-09 17:12:05,160 [INFO] Época 18/30, Batch 3200/3348, Loss: 0.1204
2025-10-09 17:12:05,434 [INFO] Época 18/30, Batch 3250/3348, Loss: 0.0915
2025-10-09 17:12:05,709 [INFO] Época 18/30, Batch 3300/3348, Loss: 0.1395
2025-10-09 17:12:07,474 [INFO] [18/30] Train Loss: 0.1150 | Val Loss: 0.0923 | Tempo: 19.09s
2025-10-09 17:12:07,479 [INFO] Melhor modelo salvo em: /mnt/hdd/home/jdurao/ToolBox-ChemXAI/models/mlp_qm9_Physicochemical_att1_large.pth
2025-10-09 17:12:08,012 [INFO] Época 19/30, Batch 50/3348, Loss: 0.0898
2025-10-09 17:12:08,288 [INFO] Época 19/30, Batch 100/3348, Loss: 0.1087
2025-10-09 17:12:08,563 [INFO] Época 19/30, Batch 150/3348, Loss: 0.1380
2025-10-09 17:12:08,830 [INFO] Época 19/30, Batch 200/3348, Loss: 0.0862
2025-10-09 17:12:09,090 [INFO] Época 19/30, Batch 250/3348, Loss: 0.1094
2025-10-09 17:12:09,350 [INFO] Época 19/30, Batch 300/3348, Loss: 0.0981
2025-10-09 17:12:09,609 [INFO] Época 19/30, Batch 350/3348, Loss: 0.1066
2025-10-09 17:12:09,872 [INFO] Época 19/30, Batch 400/3348, Loss: 0.1278
2025-10-09 17:12:10,135 [INFO] Época 19/30, Batch 450/3348, Loss: 0.1222
2025-10-09 17:12:10,398 [INFO] Época 19/30, Batch 500/3348, Loss: 0.1235
2025-10-09 17:12:10,662 [INFO] Época 19/30, Batch 550/3348, Loss: 0.1139
2025-10-09 17:12:10,930 [INFO] Época 19/30, Batch 600/3348, Loss: 0.1032
2025-10-09 17:12:11,192 [INFO] Época 19/30, Batch 650/3348, Loss: 0.1062
2025-10-09 17:12:11,449 [INFO] Época 19/30, Batch 700/3348, Loss: 0.0676
2025-10-09 17:12:11,715 [INFO] Época 19/30, Batch 750/3348, Loss: 5.3141
2025-10-09 17:12:11,977 [INFO] Época 19/30, Batch 800/3348, Loss: 0.1086
2025-10-09 17:12:12,229 [INFO] Época 19/30, Batch 850/3348, Loss: 0.1083
2025-10-09 17:12:12,487 [INFO] Época 19/30, Batch 900/3348, Loss: 0.1604
2025-10-09 17:12:12,743 [INFO] Época 19/30, Batch 950/3348, Loss: 0.0889
2025-10-09 17:12:12,999 [INFO] Época 19/30, Batch 1000/3348, Loss: 0.1247
2025-10-09 17:12:13,250 [INFO] Época 19/30, Batch 1050/3348, Loss: 0.1057
2025-10-09 17:12:13,500 [INFO] Época 19/30, Batch 1100/3348, Loss: 0.1316
2025-10-09 17:12:13,751 [INFO] Época 19/30, Batch 1150/3348, Loss: 0.0907
2025-10-09 17:12:14,003 [INFO] Época 19/30, Batch 1200/3348, Loss: 0.1287
2025-10-09 17:12:14,254 [INFO] Época 19/30, Batch 1250/3348, Loss: 0.1132
2025-10-09 17:12:14,508 [INFO] Época 19/30, Batch 1300/3348, Loss: 0.1348
2025-10-09 17:12:14,761 [INFO] Época 19/30, Batch 1350/3348, Loss: 0.1175
2025-10-09 17:12:15,015 [INFO] Época 19/30, Batch 1400/3348, Loss: 0.0920
2025-10-09 17:12:15,272 [INFO] Época 19/30, Batch 1450/3348, Loss: 0.1082
2025-10-09 17:12:15,527 [INFO] Época 19/30, Batch 1500/3348, Loss: 0.0791
2025-10-09 17:12:15,782 [INFO] Época 19/30, Batch 1550/3348, Loss: 0.1183
2025-10-09 17:12:16,036 [INFO] Época 19/30, Batch 1600/3348, Loss: 0.1241
2025-10-09 17:12:16,291 [INFO] Época 19/30, Batch 1650/3348, Loss: 0.1092
2025-10-09 17:12:16,547 [INFO] Época 19/30, Batch 1700/3348, Loss: 0.1293
2025-10-09 17:12:16,799 [INFO] Época 19/30, Batch 1750/3348, Loss: 0.1214
2025-10-09 17:12:17,056 [INFO] Época 19/30, Batch 1800/3348, Loss: 0.1097
2025-10-09 17:12:17,311 [INFO] Época 19/30, Batch 1850/3348, Loss: 0.1094
2025-10-09 17:12:17,565 [INFO] Época 19/30, Batch 1900/3348, Loss: 0.1114
2025-10-09 17:12:17,823 [INFO] Época 19/30, Batch 1950/3348, Loss: 0.0992
2025-10-09 17:12:18,079 [INFO] Época 19/30, Batch 2000/3348, Loss: 0.1386
2025-10-09 17:12:18,335 [INFO] Época 19/30, Batch 2050/3348, Loss: 0.0968
2025-10-09 17:12:18,591 [INFO] Época 19/30, Batch 2100/3348, Loss: 0.1121
2025-10-09 17:12:18,846 [INFO] Época 19/30, Batch 2150/3348, Loss: 0.1429
2025-10-09 17:12:19,104 [INFO] Época 19/30, Batch 2200/3348, Loss: 0.0791
2025-10-09 17:12:19,358 [INFO] Época 19/30, Batch 2250/3348, Loss: 0.1141
2025-10-09 17:12:19,615 [INFO] Época 19/30, Batch 2300/3348, Loss: 0.0787
2025-10-09 17:12:19,871 [INFO] Época 19/30, Batch 2350/3348, Loss: 0.1066
2025-10-09 17:12:20,130 [INFO] Época 19/30, Batch 2400/3348, Loss: 0.1050
2025-10-09 17:12:20,387 [INFO] Época 19/30, Batch 2450/3348, Loss: 0.0830
2025-10-09 17:12:20,642 [INFO] Época 19/30, Batch 2500/3348, Loss: 0.1400
2025-10-09 17:12:20,896 [INFO] Época 19/30, Batch 2550/3348, Loss: 0.1069
2025-10-09 17:12:21,151 [INFO] Época 19/30, Batch 2600/3348, Loss: 0.1180
2025-10-09 17:12:21,407 [INFO] Época 19/30, Batch 2650/3348, Loss: 0.0934
2025-10-09 17:12:21,664 [INFO] Época 19/30, Batch 2700/3348, Loss: 0.1257
2025-10-09 17:12:21,919 [INFO] Época 19/30, Batch 2750/3348, Loss: 0.1268
2025-10-09 17:12:22,174 [INFO] Época 19/30, Batch 2800/3348, Loss: 0.1260
2025-10-09 17:12:22,431 [INFO] Época 19/30, Batch 2850/3348, Loss: 0.1292
2025-10-09 17:12:22,690 [INFO] Época 19/30, Batch 2900/3348, Loss: 0.0764
2025-10-09 17:12:22,951 [INFO] Época 19/30, Batch 2950/3348, Loss: 0.1300
2025-10-09 17:12:23,206 [INFO] Época 19/30, Batch 3000/3348, Loss: 0.0949
2025-10-09 17:12:23,463 [INFO] Época 19/30, Batch 3050/3348, Loss: 0.1100
2025-10-09 17:12:23,721 [INFO] Época 19/30, Batch 3100/3348, Loss: 0.0869
2025-10-09 17:12:23,979 [INFO] Época 19/30, Batch 3150/3348, Loss: 0.0988
2025-10-09 17:12:24,239 [INFO] Época 19/30, Batch 3200/3348, Loss: 0.1362
2025-10-09 17:12:24,500 [INFO] Época 19/30, Batch 3250/3348, Loss: 0.0805
2025-10-09 17:12:24,758 [INFO] Época 19/30, Batch 3300/3348, Loss: 0.0897
2025-10-09 17:12:26,491 [INFO] [19/30] Train Loss: 0.1144 | Val Loss: 0.0941 | Tempo: 19.01s
2025-10-09 17:12:27,051 [INFO] Época 20/30, Batch 50/3348, Loss: 0.1062
2025-10-09 17:12:27,336 [INFO] Época 20/30, Batch 100/3348, Loss: 0.0950
2025-10-09 17:12:27,613 [INFO] Época 20/30, Batch 150/3348, Loss: 0.1286
2025-10-09 17:12:27,891 [INFO] Época 20/30, Batch 200/3348, Loss: 0.0804
2025-10-09 17:12:28,158 [INFO] Época 20/30, Batch 250/3348, Loss: 0.1008
2025-10-09 17:12:28,426 [INFO] Época 20/30, Batch 300/3348, Loss: 0.1200
2025-10-09 17:12:28,699 [INFO] Época 20/30, Batch 350/3348, Loss: 0.0869
2025-10-09 17:12:28,977 [INFO] Época 20/30, Batch 400/3348, Loss: 0.1209
2025-10-09 17:12:29,237 [INFO] Época 20/30, Batch 450/3348, Loss: 0.1269
2025-10-09 17:12:29,496 [INFO] Época 20/30, Batch 500/3348, Loss: 0.1433
2025-10-09 17:12:29,763 [INFO] Época 20/30, Batch 550/3348, Loss: 0.1102
2025-10-09 17:12:30,036 [INFO] Época 20/30, Batch 600/3348, Loss: 0.0835
2025-10-09 17:12:30,308 [INFO] Época 20/30, Batch 650/3348, Loss: 0.1078
2025-10-09 17:12:30,570 [INFO] Época 20/30, Batch 700/3348, Loss: 0.1151
2025-10-09 17:12:30,828 [INFO] Época 20/30, Batch 750/3348, Loss: 0.1025
2025-10-09 17:12:31,085 [INFO] Época 20/30, Batch 800/3348, Loss: 0.0983
2025-10-09 17:12:31,342 [INFO] Época 20/30, Batch 850/3348, Loss: 0.1045
2025-10-09 17:12:31,600 [INFO] Época 20/30, Batch 900/3348, Loss: 0.0988
2025-10-09 17:12:31,858 [INFO] Época 20/30, Batch 950/3348, Loss: 0.0944
2025-10-09 17:12:32,115 [INFO] Época 20/30, Batch 1000/3348, Loss: 0.0830
2025-10-09 17:12:32,370 [INFO] Época 20/30, Batch 1050/3348, Loss: 0.1120
2025-10-09 17:12:32,658 [INFO] Época 20/30, Batch 1100/3348, Loss: 0.1532
2025-10-09 17:12:32,949 [INFO] Época 20/30, Batch 1150/3348, Loss: 0.0866
2025-10-09 17:12:33,247 [INFO] Época 20/30, Batch 1200/3348, Loss: 0.1518
2025-10-09 17:12:33,519 [INFO] Época 20/30, Batch 1250/3348, Loss: 0.1137
2025-10-09 17:12:33,791 [INFO] Época 20/30, Batch 1300/3348, Loss: 0.0896
2025-10-09 17:12:34,064 [INFO] Época 20/30, Batch 1350/3348, Loss: 0.1009
2025-10-09 17:12:34,337 [INFO] Época 20/30, Batch 1400/3348, Loss: 0.1511
2025-10-09 17:12:34,613 [INFO] Época 20/30, Batch 1450/3348, Loss: 0.1052
2025-10-09 17:12:34,886 [INFO] Época 20/30, Batch 1500/3348, Loss: 0.1133
2025-10-09 17:12:35,157 [INFO] Época 20/30, Batch 1550/3348, Loss: 0.0841
2025-10-09 17:12:35,427 [INFO] Época 20/30, Batch 1600/3348, Loss: 0.1224
2025-10-09 17:12:35,698 [INFO] Época 20/30, Batch 1650/3348, Loss: 0.1220
2025-10-09 17:12:35,970 [INFO] Época 20/30, Batch 1700/3348, Loss: 0.1470
2025-10-09 17:12:36,234 [INFO] Época 20/30, Batch 1750/3348, Loss: 0.1096
2025-10-09 17:12:36,485 [INFO] Época 20/30, Batch 1800/3348, Loss: 0.1043
2025-10-09 17:12:36,735 [INFO] Época 20/30, Batch 1850/3348, Loss: 0.1038
2025-10-09 17:12:36,974 [INFO] Época 20/30, Batch 1900/3348, Loss: 0.1009
2025-10-09 17:12:37,211 [INFO] Época 20/30, Batch 1950/3348, Loss: 0.1139
2025-10-09 17:12:37,449 [INFO] Época 20/30, Batch 2000/3348, Loss: 0.0729
2025-10-09 17:12:37,689 [INFO] Época 20/30, Batch 2050/3348, Loss: 0.1206
2025-10-09 17:12:37,928 [INFO] Época 20/30, Batch 2100/3348, Loss: 0.1121
2025-10-09 17:12:38,167 [INFO] Época 20/30, Batch 2150/3348, Loss: 0.1169
2025-10-09 17:12:38,407 [INFO] Época 20/30, Batch 2200/3348, Loss: 0.0984
2025-10-09 17:12:38,648 [INFO] Época 20/30, Batch 2250/3348, Loss: 0.1311
2025-10-09 17:12:38,885 [INFO] Época 20/30, Batch 2300/3348, Loss: 0.0920
2025-10-09 17:12:39,123 [INFO] Época 20/30, Batch 2350/3348, Loss: 0.0967
2025-10-09 17:12:39,364 [INFO] Época 20/30, Batch 2400/3348, Loss: 0.1317
2025-10-09 17:12:39,603 [INFO] Época 20/30, Batch 2450/3348, Loss: 0.1792
2025-10-09 17:12:39,846 [INFO] Época 20/30, Batch 2500/3348, Loss: 0.1067
2025-10-09 17:12:40,108 [INFO] Época 20/30, Batch 2550/3348, Loss: 0.1178
2025-10-09 17:12:40,370 [INFO] Época 20/30, Batch 2600/3348, Loss: 0.1039
2025-10-09 17:12:40,636 [INFO] Época 20/30, Batch 2650/3348, Loss: 0.1238
2025-10-09 17:12:40,897 [INFO] Época 20/30, Batch 2700/3348, Loss: 0.1037
2025-10-09 17:12:41,159 [INFO] Época 20/30, Batch 2750/3348, Loss: 0.1332
2025-10-09 17:12:41,420 [INFO] Época 20/30, Batch 2800/3348, Loss: 0.1113
2025-10-09 17:12:41,681 [INFO] Época 20/30, Batch 2850/3348, Loss: 0.0796
2025-10-09 17:12:41,942 [INFO] Época 20/30, Batch 2900/3348, Loss: 0.0972
2025-10-09 17:12:42,202 [INFO] Época 20/30, Batch 2950/3348, Loss: 0.0970
2025-10-09 17:12:42,466 [INFO] Época 20/30, Batch 3000/3348, Loss: 0.1041
2025-10-09 17:12:42,729 [INFO] Época 20/30, Batch 3050/3348, Loss: 0.1097
2025-10-09 17:12:42,990 [INFO] Época 20/30, Batch 3100/3348, Loss: 0.0957
2025-10-09 17:12:43,253 [INFO] Época 20/30, Batch 3150/3348, Loss: 0.1048
2025-10-09 17:12:43,516 [INFO] Época 20/30, Batch 3200/3348, Loss: 0.1112
2025-10-09 17:12:43,778 [INFO] Época 20/30, Batch 3250/3348, Loss: 0.0968
2025-10-09 17:12:44,047 [INFO] Época 20/30, Batch 3300/3348, Loss: 0.0808
2025-10-09 17:12:45,819 [INFO] [20/30] Train Loss: 0.1144 | Val Loss: 0.0929 | Tempo: 19.33s
2025-10-09 17:12:46,368 [INFO] Época 21/30, Batch 50/3348, Loss: 0.1371
2025-10-09 17:12:46,642 [INFO] Época 21/30, Batch 100/3348, Loss: 0.1054
2025-10-09 17:12:46,918 [INFO] Época 21/30, Batch 150/3348, Loss: 0.1111
2025-10-09 17:12:47,179 [INFO] Época 21/30, Batch 200/3348, Loss: 0.0795
2025-10-09 17:12:47,440 [INFO] Época 21/30, Batch 250/3348, Loss: 0.1158
2025-10-09 17:12:47,702 [INFO] Época 21/30, Batch 300/3348, Loss: 0.0794
2025-10-09 17:12:47,973 [INFO] Época 21/30, Batch 350/3348, Loss: 0.1110
2025-10-09 17:12:48,231 [INFO] Época 21/30, Batch 400/3348, Loss: 0.1300
2025-10-09 17:12:48,490 [INFO] Época 21/30, Batch 450/3348, Loss: 0.1112
2025-10-09 17:12:48,759 [INFO] Época 21/30, Batch 500/3348, Loss: 0.1023
2025-10-09 17:12:49,019 [INFO] Época 21/30, Batch 550/3348, Loss: 0.1263
2025-10-09 17:12:49,277 [INFO] Época 21/30, Batch 600/3348, Loss: 0.1121
2025-10-09 17:12:49,534 [INFO] Época 21/30, Batch 650/3348, Loss: 0.1181
2025-10-09 17:12:49,791 [INFO] Época 21/30, Batch 700/3348, Loss: 0.0965
2025-10-09 17:12:50,051 [INFO] Época 21/30, Batch 750/3348, Loss: 0.1265
2025-10-09 17:12:50,308 [INFO] Época 21/30, Batch 800/3348, Loss: 0.1437
2025-10-09 17:12:50,566 [INFO] Época 21/30, Batch 850/3348, Loss: 0.1030
2025-10-09 17:12:50,826 [INFO] Época 21/30, Batch 900/3348, Loss: 0.0909
2025-10-09 17:12:51,098 [INFO] Época 21/30, Batch 950/3348, Loss: 0.0833
2025-10-09 17:12:51,374 [INFO] Época 21/30, Batch 1000/3348, Loss: 0.3212
2025-10-09 17:12:51,642 [INFO] Época 21/30, Batch 1050/3348, Loss: 0.0919
2025-10-09 17:12:51,916 [INFO] Época 21/30, Batch 1100/3348, Loss: 0.0941
2025-10-09 17:12:52,188 [INFO] Época 21/30, Batch 1150/3348, Loss: 0.0925
2025-10-09 17:12:52,446 [INFO] Época 21/30, Batch 1200/3348, Loss: 0.1758
2025-10-09 17:12:52,723 [INFO] Época 21/30, Batch 1250/3348, Loss: 0.0938
2025-10-09 17:12:52,994 [INFO] Época 21/30, Batch 1300/3348, Loss: 0.0930
2025-10-09 17:12:53,251 [INFO] Época 21/30, Batch 1350/3348, Loss: 0.0866
2025-10-09 17:12:53,510 [INFO] Época 21/30, Batch 1400/3348, Loss: 0.1232
2025-10-09 17:12:53,765 [INFO] Época 21/30, Batch 1450/3348, Loss: 0.1041
2025-10-09 17:12:54,027 [INFO] Época 21/30, Batch 1500/3348, Loss: 0.1104
2025-10-09 17:12:54,301 [INFO] Época 21/30, Batch 1550/3348, Loss: 0.0952
2025-10-09 17:12:54,575 [INFO] Época 21/30, Batch 1600/3348, Loss: 0.0772
2025-10-09 17:12:54,849 [INFO] Época 21/30, Batch 1650/3348, Loss: 0.0988
2025-10-09 17:12:55,126 [INFO] Época 21/30, Batch 1700/3348, Loss: 0.1042
2025-10-09 17:12:55,401 [INFO] Época 21/30, Batch 1750/3348, Loss: 0.0799
2025-10-09 17:12:55,676 [INFO] Época 21/30, Batch 1800/3348, Loss: 0.0858
2025-10-09 17:12:55,951 [INFO] Época 21/30, Batch 1850/3348, Loss: 0.1294
2025-10-09 17:12:56,226 [INFO] Época 21/30, Batch 1900/3348, Loss: 0.1517
2025-10-09 17:12:56,500 [INFO] Época 21/30, Batch 1950/3348, Loss: 0.0901
2025-10-09 17:12:56,777 [INFO] Época 21/30, Batch 2000/3348, Loss: 0.1197
2025-10-09 17:12:57,052 [INFO] Época 21/30, Batch 2050/3348, Loss: 0.1147
2025-10-09 17:12:57,328 [INFO] Época 21/30, Batch 2100/3348, Loss: 0.1194
2025-10-09 17:12:57,605 [INFO] Época 21/30, Batch 2150/3348, Loss: 0.1193
2025-10-09 17:12:57,872 [INFO] Época 21/30, Batch 2200/3348, Loss: 0.1205
2025-10-09 17:12:58,130 [INFO] Época 21/30, Batch 2250/3348, Loss: 0.1018
2025-10-09 17:12:58,391 [INFO] Época 21/30, Batch 2300/3348, Loss: 0.1197
2025-10-09 17:12:58,651 [INFO] Época 21/30, Batch 2350/3348, Loss: 0.0946
2025-10-09 17:12:58,912 [INFO] Época 21/30, Batch 2400/3348, Loss: 0.1173
2025-10-09 17:12:59,172 [INFO] Época 21/30, Batch 2450/3348, Loss: 0.1079
2025-10-09 17:12:59,436 [INFO] Época 21/30, Batch 2500/3348, Loss: 0.1104
2025-10-09 17:12:59,698 [INFO] Época 21/30, Batch 2550/3348, Loss: 0.0825
2025-10-09 17:12:59,960 [INFO] Época 21/30, Batch 2600/3348, Loss: 0.1205
2025-10-09 17:13:00,221 [INFO] Época 21/30, Batch 2650/3348, Loss: 0.1285
2025-10-09 17:13:00,482 [INFO] Época 21/30, Batch 2700/3348, Loss: 0.1005
2025-10-09 17:13:00,743 [INFO] Época 21/30, Batch 2750/3348, Loss: 0.0813
2025-10-09 17:13:01,004 [INFO] Época 21/30, Batch 2800/3348, Loss: 0.1300
2025-10-09 17:13:01,265 [INFO] Época 21/30, Batch 2850/3348, Loss: 0.0981
2025-10-09 17:13:01,526 [INFO] Época 21/30, Batch 2900/3348, Loss: 0.1277
2025-10-09 17:13:01,789 [INFO] Época 21/30, Batch 2950/3348, Loss: 0.1113
2025-10-09 17:13:02,050 [INFO] Época 21/30, Batch 3000/3348, Loss: 0.1022
2025-10-09 17:13:02,311 [INFO] Época 21/30, Batch 3050/3348, Loss: 0.1269
2025-10-09 17:13:02,574 [INFO] Época 21/30, Batch 3100/3348, Loss: 0.1200
2025-10-09 17:13:02,849 [INFO] Época 21/30, Batch 3150/3348, Loss: 0.0958
2025-10-09 17:13:03,123 [INFO] Época 21/30, Batch 3200/3348, Loss: 0.0687
2025-10-09 17:13:03,383 [INFO] Época 21/30, Batch 3250/3348, Loss: 0.0890
2025-10-09 17:13:03,644 [INFO] Época 21/30, Batch 3300/3348, Loss: 0.1296
2025-10-09 17:13:05,385 [INFO] [21/30] Train Loss: 0.1142 | Val Loss: 0.0922 | Tempo: 19.56s
2025-10-09 17:13:05,389 [INFO] Melhor modelo salvo em: /mnt/hdd/home/jdurao/ToolBox-ChemXAI/models/mlp_qm9_Physicochemical_att1_large.pth
2025-10-09 17:13:05,941 [INFO] Época 22/30, Batch 50/3348, Loss: 0.1011
2025-10-09 17:13:06,218 [INFO] Época 22/30, Batch 100/3348, Loss: 0.1171
2025-10-09 17:13:06,488 [INFO] Época 22/30, Batch 150/3348, Loss: 0.1335
2025-10-09 17:13:06,760 [INFO] Época 22/30, Batch 200/3348, Loss: 0.1156
2025-10-09 17:13:07,032 [INFO] Época 22/30, Batch 250/3348, Loss: 0.1094
2025-10-09 17:13:07,303 [INFO] Época 22/30, Batch 300/3348, Loss: 0.1244
2025-10-09 17:13:07,570 [INFO] Época 22/30, Batch 350/3348, Loss: 0.0897
2025-10-09 17:13:07,841 [INFO] Época 22/30, Batch 400/3348, Loss: 0.1359
2025-10-09 17:13:08,111 [INFO] Época 22/30, Batch 450/3348, Loss: 0.1334
2025-10-09 17:13:08,383 [INFO] Época 22/30, Batch 500/3348, Loss: 0.1132
2025-10-09 17:13:08,653 [INFO] Época 22/30, Batch 550/3348, Loss: 0.1052
2025-10-09 17:13:08,924 [INFO] Época 22/30, Batch 600/3348, Loss: 0.0928
2025-10-09 17:13:09,190 [INFO] Época 22/30, Batch 650/3348, Loss: 0.1324
2025-10-09 17:13:09,450 [INFO] Época 22/30, Batch 700/3348, Loss: 0.1144
2025-10-09 17:13:09,707 [INFO] Época 22/30, Batch 750/3348, Loss: 0.0956
2025-10-09 17:13:09,964 [INFO] Época 22/30, Batch 800/3348, Loss: 0.1039
2025-10-09 17:13:10,221 [INFO] Época 22/30, Batch 850/3348, Loss: 0.0994
2025-10-09 17:13:10,487 [INFO] Época 22/30, Batch 900/3348, Loss: 0.1602
2025-10-09 17:13:10,755 [INFO] Época 22/30, Batch 950/3348, Loss: 0.1095
2025-10-09 17:13:11,024 [INFO] Época 22/30, Batch 1000/3348, Loss: 0.0924
2025-10-09 17:13:11,285 [INFO] Época 22/30, Batch 1050/3348, Loss: 0.1350
2025-10-09 17:13:11,539 [INFO] Época 22/30, Batch 1100/3348, Loss: 0.1314
2025-10-09 17:13:11,792 [INFO] Época 22/30, Batch 1150/3348, Loss: 0.0900
2025-10-09 17:13:12,046 [INFO] Época 22/30, Batch 1200/3348, Loss: 0.1011
2025-10-09 17:13:12,300 [INFO] Época 22/30, Batch 1250/3348, Loss: 0.0976
2025-10-09 17:13:12,563 [INFO] Época 22/30, Batch 1300/3348, Loss: 0.1179
2025-10-09 17:13:12,825 [INFO] Época 22/30, Batch 1350/3348, Loss: 0.1033
2025-10-09 17:13:13,086 [INFO] Época 22/30, Batch 1400/3348, Loss: 0.1492
2025-10-09 17:13:13,349 [INFO] Época 22/30, Batch 1450/3348, Loss: 0.1142
2025-10-09 17:13:13,608 [INFO] Época 22/30, Batch 1500/3348, Loss: 0.1082
2025-10-09 17:13:13,846 [INFO] Época 22/30, Batch 1550/3348, Loss: 0.0994
2025-10-09 17:13:14,081 [INFO] Época 22/30, Batch 1600/3348, Loss: 0.0878
2025-10-09 17:13:14,318 [INFO] Época 22/30, Batch 1650/3348, Loss: 0.1022
2025-10-09 17:13:14,555 [INFO] Época 22/30, Batch 1700/3348, Loss: 0.0811
2025-10-09 17:13:14,800 [INFO] Época 22/30, Batch 1750/3348, Loss: 0.0986
2025-10-09 17:13:15,054 [INFO] Época 22/30, Batch 1800/3348, Loss: 0.1310
2025-10-09 17:13:15,302 [INFO] Época 22/30, Batch 1850/3348, Loss: 0.1132
2025-10-09 17:13:15,541 [INFO] Época 22/30, Batch 1900/3348, Loss: 0.1001
2025-10-09 17:13:15,781 [INFO] Época 22/30, Batch 1950/3348, Loss: 0.0955
2025-10-09 17:13:16,021 [INFO] Época 22/30, Batch 2000/3348, Loss: 0.1029
2025-10-09 17:13:16,261 [INFO] Época 22/30, Batch 2050/3348, Loss: 0.1215
2025-10-09 17:13:16,501 [INFO] Época 22/30, Batch 2100/3348, Loss: 0.1359
2025-10-09 17:13:16,740 [INFO] Época 22/30, Batch 2150/3348, Loss: 0.0985
2025-10-09 17:13:16,980 [INFO] Época 22/30, Batch 2200/3348, Loss: 0.0994
2025-10-09 17:13:17,224 [INFO] Época 22/30, Batch 2250/3348, Loss: 0.1097
2025-10-09 17:13:17,488 [INFO] Época 22/30, Batch 2300/3348, Loss: 0.1084
2025-10-09 17:13:17,749 [INFO] Época 22/30, Batch 2350/3348, Loss: 0.1302
2025-10-09 17:13:18,010 [INFO] Época 22/30, Batch 2400/3348, Loss: 0.1009
2025-10-09 17:13:18,269 [INFO] Época 22/30, Batch 2450/3348, Loss: 0.1039
2025-10-09 17:13:18,531 [INFO] Época 22/30, Batch 2500/3348, Loss: 0.1475
2025-10-09 17:13:18,794 [INFO] Época 22/30, Batch 2550/3348, Loss: 0.1195
2025-10-09 17:13:19,057 [INFO] Época 22/30, Batch 2600/3348, Loss: 0.1067
2025-10-09 17:13:19,321 [INFO] Época 22/30, Batch 2650/3348, Loss: 0.1050
2025-10-09 17:13:19,585 [INFO] Época 22/30, Batch 2700/3348, Loss: 0.1435
2025-10-09 17:13:19,848 [INFO] Época 22/30, Batch 2750/3348, Loss: 0.0930
2025-10-09 17:13:20,111 [INFO] Época 22/30, Batch 2800/3348, Loss: 0.1144
2025-10-09 17:13:20,377 [INFO] Época 22/30, Batch 2850/3348, Loss: 0.0999
2025-10-09 17:13:20,639 [INFO] Época 22/30, Batch 2900/3348, Loss: 0.0867
2025-10-09 17:13:20,902 [INFO] Época 22/30, Batch 2950/3348, Loss: 0.1504
2025-10-09 17:13:21,165 [INFO] Época 22/30, Batch 3000/3348, Loss: 0.1061
2025-10-09 17:13:21,427 [INFO] Época 22/30, Batch 3050/3348, Loss: 0.0894
2025-10-09 17:13:21,691 [INFO] Época 22/30, Batch 3100/3348, Loss: 0.1177
2025-10-09 17:13:21,965 [INFO] Época 22/30, Batch 3150/3348, Loss: 0.1714
2025-10-09 17:13:22,239 [INFO] Época 22/30, Batch 3200/3348, Loss: 0.1169
2025-10-09 17:13:22,513 [INFO] Época 22/30, Batch 3250/3348, Loss: 0.1045
2025-10-09 17:13:22,785 [INFO] Época 22/30, Batch 3300/3348, Loss: 0.1199
2025-10-09 17:13:24,549 [INFO] [22/30] Train Loss: 0.1137 | Val Loss: 0.0936 | Tempo: 19.16s
2025-10-09 17:13:25,111 [INFO] Época 23/30, Batch 50/3348, Loss: 0.0947
2025-10-09 17:13:25,387 [INFO] Época 23/30, Batch 100/3348, Loss: 0.1160
2025-10-09 17:13:25,663 [INFO] Época 23/30, Batch 150/3348, Loss: 0.1099
2025-10-09 17:13:25,935 [INFO] Época 23/30, Batch 200/3348, Loss: 0.1428
2025-10-09 17:13:26,197 [INFO] Época 23/30, Batch 250/3348, Loss: 0.1071
2025-10-09 17:13:26,460 [INFO] Época 23/30, Batch 300/3348, Loss: 0.1084
2025-10-09 17:13:26,724 [INFO] Época 23/30, Batch 350/3348, Loss: 0.1397
2025-10-09 17:13:26,987 [INFO] Época 23/30, Batch 400/3348, Loss: 0.0928
2025-10-09 17:13:27,250 [INFO] Época 23/30, Batch 450/3348, Loss: 0.1195
2025-10-09 17:13:27,513 [INFO] Época 23/30, Batch 500/3348, Loss: 0.1318
2025-10-09 17:13:27,777 [INFO] Época 23/30, Batch 550/3348, Loss: 0.1471
2025-10-09 17:13:28,044 [INFO] Época 23/30, Batch 600/3348, Loss: 0.1000
2025-10-09 17:13:28,313 [INFO] Época 23/30, Batch 650/3348, Loss: 0.0916
2025-10-09 17:13:28,571 [INFO] Época 23/30, Batch 700/3348, Loss: 0.1261
2025-10-09 17:13:28,827 [INFO] Época 23/30, Batch 750/3348, Loss: 0.0988
2025-10-09 17:13:29,094 [INFO] Época 23/30, Batch 800/3348, Loss: 0.0854
2025-10-09 17:13:29,369 [INFO] Época 23/30, Batch 850/3348, Loss: 0.1214
2025-10-09 17:13:29,649 [INFO] Época 23/30, Batch 900/3348, Loss: 0.3755
2025-10-09 17:13:29,927 [INFO] Época 23/30, Batch 950/3348, Loss: 0.1243
2025-10-09 17:13:30,202 [INFO] Época 23/30, Batch 1000/3348, Loss: 0.1320
2025-10-09 17:13:30,483 [INFO] Época 23/30, Batch 1050/3348, Loss: 0.0923
2025-10-09 17:13:30,751 [INFO] Época 23/30, Batch 1100/3348, Loss: 0.1032
2025-10-09 17:13:31,012 [INFO] Época 23/30, Batch 1150/3348, Loss: 0.0847
2025-10-09 17:13:31,269 [INFO] Época 23/30, Batch 1200/3348, Loss: 0.1259
2025-10-09 17:13:31,525 [INFO] Época 23/30, Batch 1250/3348, Loss: 0.1312
2025-10-09 17:13:31,779 [INFO] Época 23/30, Batch 1300/3348, Loss: 0.1103
2025-10-09 17:13:32,033 [INFO] Época 23/30, Batch 1350/3348, Loss: 0.1177
2025-10-09 17:13:32,289 [INFO] Época 23/30, Batch 1400/3348, Loss: 0.1029
2025-10-09 17:13:32,546 [INFO] Época 23/30, Batch 1450/3348, Loss: 0.1243
2025-10-09 17:13:32,805 [INFO] Época 23/30, Batch 1500/3348, Loss: 0.1004
2025-10-09 17:13:33,063 [INFO] Época 23/30, Batch 1550/3348, Loss: 0.1270
2025-10-09 17:13:33,320 [INFO] Época 23/30, Batch 1600/3348, Loss: 0.1291
2025-10-09 17:13:33,587 [INFO] Época 23/30, Batch 1650/3348, Loss: 0.0895
2025-10-09 17:13:33,861 [INFO] Época 23/30, Batch 1700/3348, Loss: 0.1140
2025-10-09 17:13:34,136 [INFO] Época 23/30, Batch 1750/3348, Loss: 0.1058
2025-10-09 17:13:34,411 [INFO] Época 23/30, Batch 1800/3348, Loss: 0.1254
2025-10-09 17:13:34,685 [INFO] Época 23/30, Batch 1850/3348, Loss: 0.1079
2025-10-09 17:13:34,957 [INFO] Época 23/30, Batch 1900/3348, Loss: 0.0957
2025-10-09 17:13:35,233 [INFO] Época 23/30, Batch 1950/3348, Loss: 0.1260
2025-10-09 17:13:35,504 [INFO] Época 23/30, Batch 2000/3348, Loss: 0.1266
2025-10-09 17:13:35,762 [INFO] Época 23/30, Batch 2050/3348, Loss: 0.1129
2025-10-09 17:13:36,019 [INFO] Época 23/30, Batch 2100/3348, Loss: 0.1342
2025-10-09 17:13:36,273 [INFO] Época 23/30, Batch 2150/3348, Loss: 0.1004
2025-10-09 17:13:36,529 [INFO] Época 23/30, Batch 2200/3348, Loss: 0.0958
2025-10-09 17:13:36,789 [INFO] Época 23/30, Batch 2250/3348, Loss: 0.1205
2025-10-09 17:13:37,048 [INFO] Época 23/30, Batch 2300/3348, Loss: 0.0889
2025-10-09 17:13:37,316 [INFO] Época 23/30, Batch 2350/3348, Loss: 0.1397
2025-10-09 17:13:37,592 [INFO] Época 23/30, Batch 2400/3348, Loss: 0.0920
2025-10-09 17:13:37,868 [INFO] Época 23/30, Batch 2450/3348, Loss: 0.1030
2025-10-09 17:13:38,144 [INFO] Época 23/30, Batch 2500/3348, Loss: 0.1063
2025-10-09 17:13:38,405 [INFO] Época 23/30, Batch 2550/3348, Loss: 0.1128
2025-10-09 17:13:38,662 [INFO] Época 23/30, Batch 2600/3348, Loss: 0.1190
2025-10-09 17:13:38,917 [INFO] Época 23/30, Batch 2650/3348, Loss: 0.1304
2025-10-09 17:13:39,181 [INFO] Época 23/30, Batch 2700/3348, Loss: 0.1111
2025-10-09 17:13:39,449 [INFO] Época 23/30, Batch 2750/3348, Loss: 0.0879
2025-10-09 17:13:39,719 [INFO] Época 23/30, Batch 2800/3348, Loss: 0.0925
2025-10-09 17:13:39,992 [INFO] Época 23/30, Batch 2850/3348, Loss: 0.0981
2025-10-09 17:13:40,248 [INFO] Época 23/30, Batch 2900/3348, Loss: 0.1126
2025-10-09 17:13:40,505 [INFO] Época 23/30, Batch 2950/3348, Loss: 0.1020
2025-10-09 17:13:40,768 [INFO] Época 23/30, Batch 3000/3348, Loss: 0.0973
2025-10-09 17:13:41,036 [INFO] Época 23/30, Batch 3050/3348, Loss: 0.0846
2025-10-09 17:13:41,304 [INFO] Época 23/30, Batch 3100/3348, Loss: 0.1065
2025-10-09 17:13:41,571 [INFO] Época 23/30, Batch 3150/3348, Loss: 0.0898
2025-10-09 17:13:41,840 [INFO] Época 23/30, Batch 3200/3348, Loss: 0.1037
2025-10-09 17:13:42,108 [INFO] Época 23/30, Batch 3250/3348, Loss: 0.1180
2025-10-09 17:13:42,376 [INFO] Época 23/30, Batch 3300/3348, Loss: 0.1105
2025-10-09 17:13:44,173 [INFO] [23/30] Train Loss: 0.1129 | Val Loss: 0.0930 | Tempo: 19.62s
2025-10-09 17:13:44,715 [INFO] Época 24/30, Batch 50/3348, Loss: 0.0913
2025-10-09 17:13:44,983 [INFO] Época 24/30, Batch 100/3348, Loss: 0.0904
2025-10-09 17:13:45,249 [INFO] Época 24/30, Batch 150/3348, Loss: 0.1118
2025-10-09 17:13:45,513 [INFO] Época 24/30, Batch 200/3348, Loss: 0.0905
2025-10-09 17:13:45,778 [INFO] Época 24/30, Batch 250/3348, Loss: 0.1221
2025-10-09 17:13:46,039 [INFO] Época 24/30, Batch 300/3348, Loss: 0.0956
2025-10-09 17:13:46,300 [INFO] Época 24/30, Batch 350/3348, Loss: 0.0991
2025-10-09 17:13:46,561 [INFO] Época 24/30, Batch 400/3348, Loss: 0.1223
2025-10-09 17:13:46,821 [INFO] Época 24/30, Batch 450/3348, Loss: 0.1192
2025-10-09 17:13:47,081 [INFO] Época 24/30, Batch 500/3348, Loss: 0.1042
2025-10-09 17:13:47,342 [INFO] Época 24/30, Batch 550/3348, Loss: 0.0821
2025-10-09 17:13:47,603 [INFO] Época 24/30, Batch 600/3348, Loss: 0.0814
2025-10-09 17:13:47,864 [INFO] Época 24/30, Batch 650/3348, Loss: 0.1376
2025-10-09 17:13:48,126 [INFO] Época 24/30, Batch 700/3348, Loss: 0.1498
2025-10-09 17:13:48,383 [INFO] Época 24/30, Batch 750/3348, Loss: 0.0866
2025-10-09 17:13:48,639 [INFO] Época 24/30, Batch 800/3348, Loss: 0.1350
2025-10-09 17:13:48,897 [INFO] Época 24/30, Batch 850/3348, Loss: 0.1175
2025-10-09 17:13:49,152 [INFO] Época 24/30, Batch 900/3348, Loss: 0.1066
2025-10-09 17:13:49,408 [INFO] Época 24/30, Batch 950/3348, Loss: 0.1130
2025-10-09 17:13:49,670 [INFO] Época 24/30, Batch 1000/3348, Loss: 0.1086
2025-10-09 17:13:49,942 [INFO] Época 24/30, Batch 1050/3348, Loss: 0.1041
2025-10-09 17:13:50,214 [INFO] Época 24/30, Batch 1100/3348, Loss: 0.1051
2025-10-09 17:13:50,485 [INFO] Época 24/30, Batch 1150/3348, Loss: 0.1131
2025-10-09 17:13:50,749 [INFO] Época 24/30, Batch 1200/3348, Loss: 0.1156
2025-10-09 17:13:51,008 [INFO] Época 24/30, Batch 1250/3348, Loss: 0.1071
2025-10-09 17:13:51,263 [INFO] Época 24/30, Batch 1300/3348, Loss: 0.1154
2025-10-09 17:13:51,519 [INFO] Época 24/30, Batch 1350/3348, Loss: 0.1080
2025-10-09 17:13:51,772 [INFO] Época 24/30, Batch 1400/3348, Loss: 0.0807
2025-10-09 17:13:52,028 [INFO] Época 24/30, Batch 1450/3348, Loss: 0.1306
2025-10-09 17:13:52,282 [INFO] Época 24/30, Batch 1500/3348, Loss: 0.1312
2025-10-09 17:13:52,536 [INFO] Época 24/30, Batch 1550/3348, Loss: 0.1043
2025-10-09 17:13:52,791 [INFO] Época 24/30, Batch 1600/3348, Loss: 0.1224
2025-10-09 17:13:53,046 [INFO] Época 24/30, Batch 1650/3348, Loss: 0.0960
2025-10-09 17:13:53,302 [INFO] Época 24/30, Batch 1700/3348, Loss: 0.0892
2025-10-09 17:13:53,557 [INFO] Época 24/30, Batch 1750/3348, Loss: 0.1444
2025-10-09 17:13:53,800 [INFO] Época 24/30, Batch 1800/3348, Loss: 0.1067
2025-10-09 17:13:54,036 [INFO] Época 24/30, Batch 1850/3348, Loss: 0.0891
2025-10-09 17:13:54,271 [INFO] Época 24/30, Batch 1900/3348, Loss: 0.1165
2025-10-09 17:13:54,507 [INFO] Época 24/30, Batch 1950/3348, Loss: 0.0916
2025-10-09 17:13:54,758 [INFO] Época 24/30, Batch 2000/3348, Loss: 0.1108
2025-10-09 17:13:55,027 [INFO] Época 24/30, Batch 2050/3348, Loss: 0.1175
2025-10-09 17:13:55,305 [INFO] Época 24/30, Batch 2100/3348, Loss: 0.0931
2025-10-09 17:13:55,581 [INFO] Época 24/30, Batch 2150/3348, Loss: 0.0906
2025-10-09 17:13:55,858 [INFO] Época 24/30, Batch 2200/3348, Loss: 0.0927
2025-10-09 17:13:56,135 [INFO] Época 24/30, Batch 2250/3348, Loss: 0.0911
2025-10-09 17:13:56,395 [INFO] Época 24/30, Batch 2300/3348, Loss: 0.0809
2025-10-09 17:13:56,654 [INFO] Época 24/30, Batch 2350/3348, Loss: 0.0965
2025-10-09 17:13:56,930 [INFO] Época 24/30, Batch 2400/3348, Loss: 0.1199
2025-10-09 17:13:57,208 [INFO] Época 24/30, Batch 2450/3348, Loss: 0.1027
2025-10-09 17:13:57,486 [INFO] Época 24/30, Batch 2500/3348, Loss: 0.1178
2025-10-09 17:13:57,765 [INFO] Época 24/30, Batch 2550/3348, Loss: 0.1151
2025-10-09 17:13:58,042 [INFO] Época 24/30, Batch 2600/3348, Loss: 0.0840
2025-10-09 17:13:58,312 [INFO] Época 24/30, Batch 2650/3348, Loss: 0.1033
2025-10-09 17:13:58,570 [INFO] Época 24/30, Batch 2700/3348, Loss: 0.1035
2025-10-09 17:13:58,843 [INFO] Época 24/30, Batch 2750/3348, Loss: 0.1022
2025-10-09 17:13:59,121 [INFO] Época 24/30, Batch 2800/3348, Loss: 0.0983
2025-10-09 17:13:59,400 [INFO] Época 24/30, Batch 2850/3348, Loss: 0.1072
2025-10-09 17:13:59,673 [INFO] Época 24/30, Batch 2900/3348, Loss: 0.1055
2025-10-09 17:13:59,931 [INFO] Época 24/30, Batch 2950/3348, Loss: 0.1151
2025-10-09 17:14:00,190 [INFO] Época 24/30, Batch 3000/3348, Loss: 0.1009
2025-10-09 17:14:00,448 [INFO] Época 24/30, Batch 3050/3348, Loss: 0.1231
2025-10-09 17:14:00,705 [INFO] Época 24/30, Batch 3100/3348, Loss: 0.1011
2025-10-09 17:14:00,964 [INFO] Época 24/30, Batch 3150/3348, Loss: 0.1144
2025-10-09 17:14:01,221 [INFO] Época 24/30, Batch 3200/3348, Loss: 0.1312
2025-10-09 17:14:01,476 [INFO] Época 24/30, Batch 3250/3348, Loss: 0.1174
2025-10-09 17:14:01,733 [INFO] Época 24/30, Batch 3300/3348, Loss: 0.1382
2025-10-09 17:14:03,436 [INFO] [24/30] Train Loss: 0.1130 | Val Loss: 0.0931 | Tempo: 19.26s
2025-10-09 17:14:03,971 [INFO] Época 25/30, Batch 50/3348, Loss: 0.0825
2025-10-09 17:14:04,235 [INFO] Época 25/30, Batch 100/3348, Loss: 0.0914
2025-10-09 17:14:04,496 [INFO] Época 25/30, Batch 150/3348, Loss: 0.1115
2025-10-09 17:14:04,758 [INFO] Época 25/30, Batch 200/3348, Loss: 0.1200
2025-10-09 17:14:05,020 [INFO] Época 25/30, Batch 250/3348, Loss: 0.1000
2025-10-09 17:14:05,281 [INFO] Época 25/30, Batch 300/3348, Loss: 0.0802
2025-10-09 17:14:05,539 [INFO] Época 25/30, Batch 350/3348, Loss: 0.0956
2025-10-09 17:14:05,797 [INFO] Época 25/30, Batch 400/3348, Loss: 0.0949
2025-10-09 17:14:06,054 [INFO] Época 25/30, Batch 450/3348, Loss: 0.1104
2025-10-09 17:14:06,310 [INFO] Época 25/30, Batch 500/3348, Loss: 0.1197
2025-10-09 17:14:06,567 [INFO] Época 25/30, Batch 550/3348, Loss: 0.1024
2025-10-09 17:14:06,832 [INFO] Época 25/30, Batch 600/3348, Loss: 0.0989
2025-10-09 17:14:07,094 [INFO] Época 25/30, Batch 650/3348, Loss: 0.1026
2025-10-09 17:14:07,353 [INFO] Época 25/30, Batch 700/3348, Loss: 0.1402
2025-10-09 17:14:07,610 [INFO] Época 25/30, Batch 750/3348, Loss: 0.0873
2025-10-09 17:14:07,868 [INFO] Época 25/30, Batch 800/3348, Loss: 0.1241
2025-10-09 17:14:08,125 [INFO] Época 25/30, Batch 850/3348, Loss: 0.1280
2025-10-09 17:14:08,382 [INFO] Época 25/30, Batch 900/3348, Loss: 2.8715
2025-10-09 17:14:08,642 [INFO] Época 25/30, Batch 950/3348, Loss: 0.1556
2025-10-09 17:14:08,901 [INFO] Época 25/30, Batch 1000/3348, Loss: 0.0887
2025-10-09 17:14:09,156 [INFO] Época 25/30, Batch 1050/3348, Loss: 0.0738
2025-10-09 17:14:09,409 [INFO] Época 25/30, Batch 1100/3348, Loss: 0.0999
2025-10-09 17:14:09,671 [INFO] Época 25/30, Batch 1150/3348, Loss: 0.0960
2025-10-09 17:14:09,930 [INFO] Época 25/30, Batch 1200/3348, Loss: 0.0925
2025-10-09 17:14:10,188 [INFO] Época 25/30, Batch 1250/3348, Loss: 0.0828
2025-10-09 17:14:10,447 [INFO] Época 25/30, Batch 1300/3348, Loss: 0.1104
2025-10-09 17:14:10,707 [INFO] Época 25/30, Batch 1350/3348, Loss: 0.1225
2025-10-09 17:14:10,969 [INFO] Época 25/30, Batch 1400/3348, Loss: 0.1045
2025-10-09 17:14:11,226 [INFO] Época 25/30, Batch 1450/3348, Loss: 0.0999
2025-10-09 17:14:11,486 [INFO] Época 25/30, Batch 1500/3348, Loss: 0.1369
2025-10-09 17:14:11,744 [INFO] Época 25/30, Batch 1550/3348, Loss: 0.1179
2025-10-09 17:14:12,001 [INFO] Época 25/30, Batch 1600/3348, Loss: 0.1187
2025-10-09 17:14:12,259 [INFO] Época 25/30, Batch 1650/3348, Loss: 0.1179
2025-10-09 17:14:12,519 [INFO] Época 25/30, Batch 1700/3348, Loss: 0.1114
2025-10-09 17:14:12,777 [INFO] Época 25/30, Batch 1750/3348, Loss: 0.1160
2025-10-09 17:14:13,034 [INFO] Época 25/30, Batch 1800/3348, Loss: 0.1343
2025-10-09 17:14:13,292 [INFO] Época 25/30, Batch 1850/3348, Loss: 0.0933
2025-10-09 17:14:13,553 [INFO] Época 25/30, Batch 1900/3348, Loss: 0.1430
2025-10-09 17:14:13,812 [INFO] Época 25/30, Batch 1950/3348, Loss: 0.1204
2025-10-09 17:14:14,071 [INFO] Época 25/30, Batch 2000/3348, Loss: 0.0973
2025-10-09 17:14:14,330 [INFO] Época 25/30, Batch 2050/3348, Loss: 0.1034
2025-10-09 17:14:14,589 [INFO] Época 25/30, Batch 2100/3348, Loss: 0.0931
2025-10-09 17:14:14,851 [INFO] Época 25/30, Batch 2150/3348, Loss: 0.0863
2025-10-09 17:14:15,110 [INFO] Época 25/30, Batch 2200/3348, Loss: 0.1045
2025-10-09 17:14:15,366 [INFO] Época 25/30, Batch 2250/3348, Loss: 0.1201
2025-10-09 17:14:15,623 [INFO] Época 25/30, Batch 2300/3348, Loss: 0.0832
2025-10-09 17:14:15,880 [INFO] Época 25/30, Batch 2350/3348, Loss: 0.1020
2025-10-09 17:14:16,139 [INFO] Época 25/30, Batch 2400/3348, Loss: 0.1023
2025-10-09 17:14:16,403 [INFO] Época 25/30, Batch 2450/3348, Loss: 0.1132
2025-10-09 17:14:16,672 [INFO] Época 25/30, Batch 2500/3348, Loss: 0.1108
2025-10-09 17:14:16,943 [INFO] Época 25/30, Batch 2550/3348, Loss: 0.1142
2025-10-09 17:14:17,209 [INFO] Época 25/30, Batch 2600/3348, Loss: 0.1316
2025-10-09 17:14:17,477 [INFO] Época 25/30, Batch 2650/3348, Loss: 0.1187
2025-10-09 17:14:17,744 [INFO] Época 25/30, Batch 2700/3348, Loss: 0.1070
2025-10-09 17:14:18,010 [INFO] Época 25/30, Batch 2750/3348, Loss: 0.1137
2025-10-09 17:14:18,277 [INFO] Época 25/30, Batch 2800/3348, Loss: 0.1191
2025-10-09 17:14:18,542 [INFO] Época 25/30, Batch 2850/3348, Loss: 0.0814
2025-10-09 17:14:18,808 [INFO] Época 25/30, Batch 2900/3348, Loss: 0.1019
2025-10-09 17:14:19,069 [INFO] Época 25/30, Batch 2950/3348, Loss: 0.1364
2025-10-09 17:14:19,329 [INFO] Época 25/30, Batch 3000/3348, Loss: 0.1062
2025-10-09 17:14:19,588 [INFO] Época 25/30, Batch 3050/3348, Loss: 0.1092
2025-10-09 17:14:19,849 [INFO] Época 25/30, Batch 3100/3348, Loss: 0.1248
2025-10-09 17:14:20,108 [INFO] Época 25/30, Batch 3150/3348, Loss: 0.1033
2025-10-09 17:14:20,367 [INFO] Época 25/30, Batch 3200/3348, Loss: 0.0997
2025-10-09 17:14:20,628 [INFO] Época 25/30, Batch 3250/3348, Loss: 0.0976
2025-10-09 17:14:20,886 [INFO] Época 25/30, Batch 3300/3348, Loss: 0.1148
2025-10-09 17:14:22,654 [INFO] [25/30] Train Loss: 0.1125 | Val Loss: 0.0925 | Tempo: 19.22s
2025-10-09 17:14:23,192 [INFO] Época 26/30, Batch 50/3348, Loss: 0.1294
2025-10-09 17:14:23,458 [INFO] Época 26/30, Batch 100/3348, Loss: 0.0884
2025-10-09 17:14:23,722 [INFO] Época 26/30, Batch 150/3348, Loss: 0.0939
2025-10-09 17:14:23,984 [INFO] Época 26/30, Batch 200/3348, Loss: 0.1191
2025-10-09 17:14:24,240 [INFO] Época 26/30, Batch 250/3348, Loss: 0.1200
2025-10-09 17:14:24,495 [INFO] Época 26/30, Batch 300/3348, Loss: 0.1433
2025-10-09 17:14:24,752 [INFO] Época 26/30, Batch 350/3348, Loss: 0.0817
2025-10-09 17:14:25,014 [INFO] Época 26/30, Batch 400/3348, Loss: 0.0965
2025-10-09 17:14:25,274 [INFO] Época 26/30, Batch 450/3348, Loss: 0.0962
2025-10-09 17:14:25,533 [INFO] Época 26/30, Batch 500/3348, Loss: 0.1078
2025-10-09 17:14:25,792 [INFO] Época 26/30, Batch 550/3348, Loss: 0.1214
2025-10-09 17:14:26,049 [INFO] Época 26/30, Batch 600/3348, Loss: 0.1039
2025-10-09 17:14:26,307 [INFO] Época 26/30, Batch 650/3348, Loss: 0.0823
2025-10-09 17:14:26,566 [INFO] Época 26/30, Batch 700/3348, Loss: 0.1097
2025-10-09 17:14:26,816 [INFO] Época 26/30, Batch 750/3348, Loss: 0.1143
2025-10-09 17:14:27,065 [INFO] Época 26/30, Batch 800/3348, Loss: 0.1171
2025-10-09 17:14:27,310 [INFO] Época 26/30, Batch 850/3348, Loss: 0.1062
2025-10-09 17:14:27,560 [INFO] Época 26/30, Batch 900/3348, Loss: 0.1064
2025-10-09 17:14:27,809 [INFO] Época 26/30, Batch 950/3348, Loss: 0.0852
2025-10-09 17:14:28,058 [INFO] Época 26/30, Batch 1000/3348, Loss: 0.1236
2025-10-09 17:14:28,306 [INFO] Época 26/30, Batch 1050/3348, Loss: 0.1146
2025-10-09 17:14:28,541 [INFO] Época 26/30, Batch 1100/3348, Loss: 0.1115
2025-10-09 17:14:28,775 [INFO] Época 26/30, Batch 1150/3348, Loss: 0.0841
2025-10-09 17:14:29,007 [INFO] Época 26/30, Batch 1200/3348, Loss: 0.1059
2025-10-09 17:14:29,240 [INFO] Época 26/30, Batch 1250/3348, Loss: 0.1290
2025-10-09 17:14:29,472 [INFO] Época 26/30, Batch 1300/3348, Loss: 0.1035
2025-10-09 17:14:29,707 [INFO] Época 26/30, Batch 1350/3348, Loss: 0.1215
2025-10-09 17:14:29,942 [INFO] Época 26/30, Batch 1400/3348, Loss: 0.1104
2025-10-09 17:14:30,180 [INFO] Época 26/30, Batch 1450/3348, Loss: 0.1065
2025-10-09 17:14:30,414 [INFO] Época 26/30, Batch 1500/3348, Loss: 0.1089
2025-10-09 17:14:30,647 [INFO] Época 26/30, Batch 1550/3348, Loss: 0.1049
2025-10-09 17:14:30,875 [INFO] Época 26/30, Batch 1600/3348, Loss: 0.1145
2025-10-09 17:14:31,099 [INFO] Época 26/30, Batch 1650/3348, Loss: 0.1203
2025-10-09 17:14:31,326 [INFO] Época 26/30, Batch 1700/3348, Loss: 0.1041
2025-10-09 17:14:31,552 [INFO] Época 26/30, Batch 1750/3348, Loss: 0.0979
2025-10-09 17:14:31,784 [INFO] Época 26/30, Batch 1800/3348, Loss: 0.1282
2025-10-09 17:14:32,013 [INFO] Época 26/30, Batch 1850/3348, Loss: 0.0827
2025-10-09 17:14:32,261 [INFO] Época 26/30, Batch 1900/3348, Loss: 0.1358
2025-10-09 17:14:32,515 [INFO] Época 26/30, Batch 1950/3348, Loss: 0.1056
2025-10-09 17:14:32,771 [INFO] Época 26/30, Batch 2000/3348, Loss: 0.0807
2025-10-09 17:14:33,032 [INFO] Época 26/30, Batch 2050/3348, Loss: 0.1087
2025-10-09 17:14:33,295 [INFO] Época 26/30, Batch 2100/3348, Loss: 0.1082
2025-10-09 17:14:33,556 [INFO] Época 26/30, Batch 2150/3348, Loss: 0.0840
2025-10-09 17:14:33,815 [INFO] Época 26/30, Batch 2200/3348, Loss: 0.0712
2025-10-09 17:14:34,067 [INFO] Época 26/30, Batch 2250/3348, Loss: 0.1018
2025-10-09 17:14:34,322 [INFO] Época 26/30, Batch 2300/3348, Loss: 0.0899
2025-10-09 17:14:34,578 [INFO] Época 26/30, Batch 2350/3348, Loss: 0.1091
2025-10-09 17:14:34,841 [INFO] Época 26/30, Batch 2400/3348, Loss: 0.1407
2025-10-09 17:14:35,106 [INFO] Época 26/30, Batch 2450/3348, Loss: 0.1080
2025-10-09 17:14:35,369 [INFO] Época 26/30, Batch 2500/3348, Loss: 0.1036
2025-10-09 17:14:35,633 [INFO] Época 26/30, Batch 2550/3348, Loss: 0.0831
2025-10-09 17:14:35,898 [INFO] Época 26/30, Batch 2600/3348, Loss: 0.1007
2025-10-09 17:14:36,156 [INFO] Época 26/30, Batch 2650/3348, Loss: 0.0976
2025-10-09 17:14:36,414 [INFO] Época 26/30, Batch 2700/3348, Loss: 0.1530
2025-10-09 17:14:36,673 [INFO] Época 26/30, Batch 2750/3348, Loss: 0.1082
2025-10-09 17:14:36,932 [INFO] Época 26/30, Batch 2800/3348, Loss: 0.1112
2025-10-09 17:14:37,187 [INFO] Época 26/30, Batch 2850/3348, Loss: 0.1273
2025-10-09 17:14:37,441 [INFO] Época 26/30, Batch 2900/3348, Loss: 0.1018
2025-10-09 17:14:37,701 [INFO] Época 26/30, Batch 2950/3348, Loss: 0.0930
2025-10-09 17:14:37,958 [INFO] Época 26/30, Batch 3000/3348, Loss: 0.0916
2025-10-09 17:14:38,215 [INFO] Época 26/30, Batch 3050/3348, Loss: 0.1147
2025-10-09 17:14:38,473 [INFO] Época 26/30, Batch 3100/3348, Loss: 0.0962
2025-10-09 17:14:38,731 [INFO] Época 26/30, Batch 3150/3348, Loss: 0.1575
2025-10-09 17:14:38,987 [INFO] Época 26/30, Batch 3200/3348, Loss: 0.1055
2025-10-09 17:14:39,242 [INFO] Época 26/30, Batch 3250/3348, Loss: 0.1171
2025-10-09 17:14:39,498 [INFO] Época 26/30, Batch 3300/3348, Loss: 0.1204
2025-10-09 17:14:41,293 [INFO] [26/30] Train Loss: 0.1117 | Val Loss: 0.0933 | Tempo: 18.64s
2025-10-09 17:14:41,850 [INFO] Época 27/30, Batch 50/3348, Loss: 0.0752
2025-10-09 17:14:42,125 [INFO] Época 27/30, Batch 100/3348, Loss: 0.1174
2025-10-09 17:14:42,395 [INFO] Época 27/30, Batch 150/3348, Loss: 0.1210
2025-10-09 17:14:42,666 [INFO] Época 27/30, Batch 200/3348, Loss: 0.1194
2025-10-09 17:14:42,937 [INFO] Época 27/30, Batch 250/3348, Loss: 0.1267
2025-10-09 17:14:43,208 [INFO] Época 27/30, Batch 300/3348, Loss: 0.1027
2025-10-09 17:14:43,479 [INFO] Época 27/30, Batch 350/3348, Loss: 0.0909
2025-10-09 17:14:43,740 [INFO] Época 27/30, Batch 400/3348, Loss: 0.1192
2025-10-09 17:14:43,998 [INFO] Época 27/30, Batch 450/3348, Loss: 0.1133
2025-10-09 17:14:44,256 [INFO] Época 27/30, Batch 500/3348, Loss: 0.0993
2025-10-09 17:14:44,515 [INFO] Época 27/30, Batch 550/3348, Loss: 0.1262
2025-10-09 17:14:44,775 [INFO] Época 27/30, Batch 600/3348, Loss: 0.1094
2025-10-09 17:14:45,034 [INFO] Época 27/30, Batch 650/3348, Loss: 0.1255
2025-10-09 17:14:45,301 [INFO] Época 27/30, Batch 700/3348, Loss: 0.0819
2025-10-09 17:14:45,555 [INFO] Época 27/30, Batch 750/3348, Loss: 0.1198
2025-10-09 17:14:45,808 [INFO] Época 27/30, Batch 800/3348, Loss: 0.1225
2025-10-09 17:14:46,059 [INFO] Época 27/30, Batch 850/3348, Loss: 0.0954
2025-10-09 17:14:46,312 [INFO] Época 27/30, Batch 900/3348, Loss: 0.1183
2025-10-09 17:14:46,564 [INFO] Época 27/30, Batch 950/3348, Loss: 0.1056
2025-10-09 17:14:46,814 [INFO] Época 27/30, Batch 1000/3348, Loss: 0.0810
2025-10-09 17:14:47,063 [INFO] Época 27/30, Batch 1050/3348, Loss: 0.0826
2025-10-09 17:14:47,313 [INFO] Época 27/30, Batch 1100/3348, Loss: 0.0819
2025-10-09 17:14:47,568 [INFO] Época 27/30, Batch 1150/3348, Loss: 0.0774
2025-10-09 17:14:47,836 [INFO] Época 27/30, Batch 1200/3348, Loss: 0.0871
2025-10-09 17:14:48,102 [INFO] Época 27/30, Batch 1250/3348, Loss: 0.0870
2025-10-09 17:14:48,366 [INFO] Época 27/30, Batch 1300/3348, Loss: 0.0796
2025-10-09 17:14:48,634 [INFO] Época 27/30, Batch 1350/3348, Loss: 0.1063
2025-10-09 17:14:48,900 [INFO] Época 27/30, Batch 1400/3348, Loss: 0.0984
2025-10-09 17:14:49,169 [INFO] Época 27/30, Batch 1450/3348, Loss: 0.1018
2025-10-09 17:14:49,437 [INFO] Época 27/30, Batch 1500/3348, Loss: 0.1011
2025-10-09 17:14:49,706 [INFO] Época 27/30, Batch 1550/3348, Loss: 0.1544
2025-10-09 17:14:49,975 [INFO] Época 27/30, Batch 1600/3348, Loss: 0.1480
2025-10-09 17:14:50,246 [INFO] Época 27/30, Batch 1650/3348, Loss: 0.1122
2025-10-09 17:14:50,514 [INFO] Época 27/30, Batch 1700/3348, Loss: 0.1218
2025-10-09 17:14:50,781 [INFO] Época 27/30, Batch 1750/3348, Loss: 0.0944
2025-10-09 17:14:51,049 [INFO] Época 27/30, Batch 1800/3348, Loss: 0.0925
2025-10-09 17:14:51,317 [INFO] Época 27/30, Batch 1850/3348, Loss: 0.0953
2025-10-09 17:14:51,585 [INFO] Época 27/30, Batch 1900/3348, Loss: 0.0847
2025-10-09 17:14:51,852 [INFO] Época 27/30, Batch 1950/3348, Loss: 0.0998
2025-10-09 17:14:52,120 [INFO] Época 27/30, Batch 2000/3348, Loss: 0.0993
2025-10-09 17:14:52,388 [INFO] Época 27/30, Batch 2050/3348, Loss: 0.1230
2025-10-09 17:14:52,656 [INFO] Época 27/30, Batch 2100/3348, Loss: 0.1064
2025-10-09 17:14:52,923 [INFO] Época 27/30, Batch 2150/3348, Loss: 0.1179
2025-10-09 17:14:53,189 [INFO] Época 27/30, Batch 2200/3348, Loss: 0.1202
2025-10-09 17:14:53,458 [INFO] Época 27/30, Batch 2250/3348, Loss: 0.0952
2025-10-09 17:14:53,724 [INFO] Época 27/30, Batch 2300/3348, Loss: 0.0836
2025-10-09 17:14:53,991 [INFO] Época 27/30, Batch 2350/3348, Loss: 0.1135
2025-10-09 17:14:54,259 [INFO] Época 27/30, Batch 2400/3348, Loss: 0.1037
2025-10-09 17:14:54,526 [INFO] Época 27/30, Batch 2450/3348, Loss: 0.0866
2025-10-09 17:14:54,783 [INFO] Época 27/30, Batch 2500/3348, Loss: 0.1096
2025-10-09 17:14:55,040 [INFO] Época 27/30, Batch 2550/3348, Loss: 0.1109
2025-10-09 17:14:55,294 [INFO] Época 27/30, Batch 2600/3348, Loss: 0.0907
2025-10-09 17:14:55,549 [INFO] Época 27/30, Batch 2650/3348, Loss: 0.0974
2025-10-09 17:14:55,801 [INFO] Época 27/30, Batch 2700/3348, Loss: 0.1093
2025-10-09 17:14:56,061 [INFO] Época 27/30, Batch 2750/3348, Loss: 0.0913
2025-10-09 17:14:56,325 [INFO] Época 27/30, Batch 2800/3348, Loss: 0.1341
2025-10-09 17:14:56,590 [INFO] Época 27/30, Batch 2850/3348, Loss: 0.1184
2025-10-09 17:14:56,856 [INFO] Época 27/30, Batch 2900/3348, Loss: 0.0969
2025-10-09 17:14:57,121 [INFO] Época 27/30, Batch 2950/3348, Loss: 0.1011
2025-10-09 17:14:57,388 [INFO] Época 27/30, Batch 3000/3348, Loss: 0.1053
2025-10-09 17:14:57,652 [INFO] Época 27/30, Batch 3050/3348, Loss: 0.1132
2025-10-09 17:14:57,915 [INFO] Época 27/30, Batch 3100/3348, Loss: 0.1320
2025-10-09 17:14:58,180 [INFO] Época 27/30, Batch 3150/3348, Loss: 0.1037
2025-10-09 17:14:58,447 [INFO] Época 27/30, Batch 3200/3348, Loss: 0.1122
2025-10-09 17:14:58,715 [INFO] Época 27/30, Batch 3250/3348, Loss: 0.1042
2025-10-09 17:14:58,980 [INFO] Época 27/30, Batch 3300/3348, Loss: 0.0932
2025-10-09 17:15:00,704 [INFO] [27/30] Train Loss: 0.1119 | Val Loss: 0.0948 | Tempo: 19.41s
2025-10-09 17:15:01,242 [INFO] Época 28/30, Batch 50/3348, Loss: 0.0848
2025-10-09 17:15:01,516 [INFO] Época 28/30, Batch 100/3348, Loss: 0.1154
2025-10-09 17:15:01,790 [INFO] Época 28/30, Batch 150/3348, Loss: 0.0998
2025-10-09 17:15:02,061 [INFO] Época 28/30, Batch 200/3348, Loss: 0.1213
2025-10-09 17:15:02,332 [INFO] Época 28/30, Batch 250/3348, Loss: 0.0972
2025-10-09 17:15:02,601 [INFO] Época 28/30, Batch 300/3348, Loss: 0.1113
2025-10-09 17:15:02,870 [INFO] Época 28/30, Batch 350/3348, Loss: 0.1107
2025-10-09 17:15:03,132 [INFO] Época 28/30, Batch 400/3348, Loss: 0.0894
2025-10-09 17:15:03,393 [INFO] Época 28/30, Batch 450/3348, Loss: 0.1083
2025-10-09 17:15:03,654 [INFO] Época 28/30, Batch 500/3348, Loss: 0.1079
2025-10-09 17:15:03,913 [INFO] Época 28/30, Batch 550/3348, Loss: 0.0998
2025-10-09 17:15:04,175 [INFO] Época 28/30, Batch 600/3348, Loss: 0.1138
2025-10-09 17:15:04,438 [INFO] Época 28/30, Batch 650/3348, Loss: 0.1052
2025-10-09 17:15:04,695 [INFO] Época 28/30, Batch 700/3348, Loss: 0.1173
2025-10-09 17:15:04,951 [INFO] Época 28/30, Batch 750/3348, Loss: 0.1062
2025-10-09 17:15:05,205 [INFO] Época 28/30, Batch 800/3348, Loss: 0.0982
2025-10-09 17:15:05,461 [INFO] Época 28/30, Batch 850/3348, Loss: 0.0958
2025-10-09 17:15:05,712 [INFO] Época 28/30, Batch 900/3348, Loss: 0.1040
2025-10-09 17:15:05,948 [INFO] Época 28/30, Batch 950/3348, Loss: 0.1002
2025-10-09 17:15:06,185 [INFO] Época 28/30, Batch 1000/3348, Loss: 0.0941
2025-10-09 17:15:06,422 [INFO] Época 28/30, Batch 1050/3348, Loss: 0.0976
2025-10-09 17:15:06,659 [INFO] Época 28/30, Batch 1100/3348, Loss: 0.1039
2025-10-09 17:15:06,896 [INFO] Época 28/30, Batch 1150/3348, Loss: 0.0961
2025-10-09 17:15:07,132 [INFO] Época 28/30, Batch 1200/3348, Loss: 0.0874
2025-10-09 17:15:07,370 [INFO] Época 28/30, Batch 1250/3348, Loss: 0.1080
2025-10-09 17:15:07,605 [INFO] Época 28/30, Batch 1300/3348, Loss: 0.1354
2025-10-09 17:15:07,840 [INFO] Época 28/30, Batch 1350/3348, Loss: 0.1433
2025-10-09 17:15:08,077 [INFO] Época 28/30, Batch 1400/3348, Loss: 0.1026
2025-10-09 17:15:08,317 [INFO] Época 28/30, Batch 1450/3348, Loss: 0.1059
2025-10-09 17:15:08,556 [INFO] Época 28/30, Batch 1500/3348, Loss: 0.1374
2025-10-09 17:15:08,793 [INFO] Época 28/30, Batch 1550/3348, Loss: 0.1323
2025-10-09 17:15:09,031 [INFO] Época 28/30, Batch 1600/3348, Loss: 0.1020
2025-10-09 17:15:09,270 [INFO] Época 28/30, Batch 1650/3348, Loss: 0.1062
2025-10-09 17:15:09,521 [INFO] Época 28/30, Batch 1700/3348, Loss: 0.0847
2025-10-09 17:15:09,783 [INFO] Época 28/30, Batch 1750/3348, Loss: 0.1317
2025-10-09 17:15:10,043 [INFO] Época 28/30, Batch 1800/3348, Loss: 0.1202
2025-10-09 17:15:10,302 [INFO] Época 28/30, Batch 1850/3348, Loss: 0.0747
2025-10-09 17:15:10,561 [INFO] Época 28/30, Batch 1900/3348, Loss: 0.0970
2025-10-09 17:15:10,822 [INFO] Época 28/30, Batch 1950/3348, Loss: 0.0726
2025-10-09 17:15:11,083 [INFO] Época 28/30, Batch 2000/3348, Loss: 0.0939
2025-10-09 17:15:11,343 [INFO] Época 28/30, Batch 2050/3348, Loss: 0.1050
2025-10-09 17:15:11,600 [INFO] Época 28/30, Batch 2100/3348, Loss: 0.1353
2025-10-09 17:15:11,860 [INFO] Época 28/30, Batch 2150/3348, Loss: 0.0914
2025-10-09 17:15:12,119 [INFO] Época 28/30, Batch 2200/3348, Loss: 0.1282
2025-10-09 17:15:12,382 [INFO] Época 28/30, Batch 2250/3348, Loss: 0.1023
2025-10-09 17:15:12,650 [INFO] Época 28/30, Batch 2300/3348, Loss: 0.1068
2025-10-09 17:15:12,912 [INFO] Época 28/30, Batch 2350/3348, Loss: 0.1276
2025-10-09 17:15:13,172 [INFO] Época 28/30, Batch 2400/3348, Loss: 0.1045
2025-10-09 17:15:13,427 [INFO] Época 28/30, Batch 2450/3348, Loss: 0.1136
2025-10-09 17:15:13,684 [INFO] Época 28/30, Batch 2500/3348, Loss: 0.1032
2025-10-09 17:15:13,939 [INFO] Época 28/30, Batch 2550/3348, Loss: 0.0985
2025-10-09 17:15:14,192 [INFO] Época 28/30, Batch 2600/3348, Loss: 0.0909
2025-10-09 17:15:14,444 [INFO] Época 28/30, Batch 2650/3348, Loss: 0.1045
2025-10-09 17:15:14,696 [INFO] Época 28/30, Batch 2700/3348, Loss: 0.0928
2025-10-09 17:15:14,948 [INFO] Época 28/30, Batch 2750/3348, Loss: 0.1103
2025-10-09 17:15:15,203 [INFO] Época 28/30, Batch 2800/3348, Loss: 0.1631
2025-10-09 17:15:15,457 [INFO] Época 28/30, Batch 2850/3348, Loss: 0.1057
2025-10-09 17:15:15,711 [INFO] Época 28/30, Batch 2900/3348, Loss: 0.1153
2025-10-09 17:15:15,977 [INFO] Época 28/30, Batch 2950/3348, Loss: 0.0847
2025-10-09 17:15:16,242 [INFO] Época 28/30, Batch 3000/3348, Loss: 0.1411
2025-10-09 17:15:16,506 [INFO] Época 28/30, Batch 3050/3348, Loss: 0.1107
2025-10-09 17:15:16,768 [INFO] Época 28/30, Batch 3100/3348, Loss: 0.1179
2025-10-09 17:15:17,028 [INFO] Época 28/30, Batch 3150/3348, Loss: 0.1293
2025-10-09 17:15:17,289 [INFO] Época 28/30, Batch 3200/3348, Loss: 0.1101
2025-10-09 17:15:17,550 [INFO] Época 28/30, Batch 3250/3348, Loss: 0.0968
2025-10-09 17:15:17,812 [INFO] Época 28/30, Batch 3300/3348, Loss: 0.1115
2025-10-09 17:15:19,549 [INFO] [28/30] Train Loss: 0.1117 | Val Loss: 0.0933 | Tempo: 18.84s
2025-10-09 17:15:20,100 [INFO] Época 29/30, Batch 50/3348, Loss: 0.1052
2025-10-09 17:15:20,380 [INFO] Época 29/30, Batch 100/3348, Loss: 0.1235
2025-10-09 17:15:20,657 [INFO] Época 29/30, Batch 150/3348, Loss: 0.1099
2025-10-09 17:15:20,929 [INFO] Época 29/30, Batch 200/3348, Loss: 0.0982
2025-10-09 17:15:21,207 [INFO] Época 29/30, Batch 250/3348, Loss: 0.1069
2025-10-09 17:15:21,481 [INFO] Época 29/30, Batch 300/3348, Loss: 0.0968
2025-10-09 17:15:21,756 [INFO] Época 29/30, Batch 350/3348, Loss: 0.1091
2025-10-09 17:15:22,031 [INFO] Época 29/30, Batch 400/3348, Loss: 0.1322
2025-10-09 17:15:22,304 [INFO] Época 29/30, Batch 450/3348, Loss: 0.1210
2025-10-09 17:15:22,579 [INFO] Época 29/30, Batch 500/3348, Loss: 0.0967
2025-10-09 17:15:22,851 [INFO] Época 29/30, Batch 550/3348, Loss: 0.1314
2025-10-09 17:15:23,111 [INFO] Época 29/30, Batch 600/3348, Loss: 0.1052
2025-10-09 17:15:23,371 [INFO] Época 29/30, Batch 650/3348, Loss: 0.1134
2025-10-09 17:15:23,630 [INFO] Época 29/30, Batch 700/3348, Loss: 0.0857
2025-10-09 17:15:23,903 [INFO] Época 29/30, Batch 750/3348, Loss: 0.1166
2025-10-09 17:15:24,166 [INFO] Época 29/30, Batch 800/3348, Loss: 0.1119
2025-10-09 17:15:24,428 [INFO] Época 29/30, Batch 850/3348, Loss: 0.0931
2025-10-09 17:15:24,681 [INFO] Época 29/30, Batch 900/3348, Loss: 0.1360
2025-10-09 17:15:24,935 [INFO] Época 29/30, Batch 950/3348, Loss: 0.1035
2025-10-09 17:15:25,188 [INFO] Época 29/30, Batch 1000/3348, Loss: 0.0796
2025-10-09 17:15:25,443 [INFO] Época 29/30, Batch 1050/3348, Loss: 0.1087
2025-10-09 17:15:25,696 [INFO] Época 29/30, Batch 1100/3348, Loss: 0.0936
2025-10-09 17:15:25,955 [INFO] Época 29/30, Batch 1150/3348, Loss: 0.1475
2025-10-09 17:15:26,213 [INFO] Época 29/30, Batch 1200/3348, Loss: 0.0812
2025-10-09 17:15:26,474 [INFO] Época 29/30, Batch 1250/3348, Loss: 0.1073
2025-10-09 17:15:26,735 [INFO] Época 29/30, Batch 1300/3348, Loss: 0.1392
2025-10-09 17:15:26,994 [INFO] Época 29/30, Batch 1350/3348, Loss: 0.0883
2025-10-09 17:15:27,253 [INFO] Época 29/30, Batch 1400/3348, Loss: 0.1269
2025-10-09 17:15:27,511 [INFO] Época 29/30, Batch 1450/3348, Loss: 0.1221
2025-10-09 17:15:27,770 [INFO] Época 29/30, Batch 1500/3348, Loss: 0.1170
2025-10-09 17:15:28,032 [INFO] Época 29/30, Batch 1550/3348, Loss: 0.1091
2025-10-09 17:15:28,298 [INFO] Época 29/30, Batch 1600/3348, Loss: 0.1163
2025-10-09 17:15:28,566 [INFO] Época 29/30, Batch 1650/3348, Loss: 0.1163
2025-10-09 17:15:28,832 [INFO] Época 29/30, Batch 1700/3348, Loss: 0.1082
2025-10-09 17:15:29,098 [INFO] Época 29/30, Batch 1750/3348, Loss: 0.1088
2025-10-09 17:15:29,369 [INFO] Época 29/30, Batch 1800/3348, Loss: 0.0767
2025-10-09 17:15:29,639 [INFO] Época 29/30, Batch 1850/3348, Loss: 0.1241
2025-10-09 17:15:29,904 [INFO] Época 29/30, Batch 1900/3348, Loss: 0.0985
2025-10-09 17:15:30,172 [INFO] Época 29/30, Batch 1950/3348, Loss: 0.0900
2025-10-09 17:15:30,438 [INFO] Época 29/30, Batch 2000/3348, Loss: 0.1059
2025-10-09 17:15:30,711 [INFO] Época 29/30, Batch 2050/3348, Loss: 0.1042
2025-10-09 17:15:30,982 [INFO] Época 29/30, Batch 2100/3348, Loss: 0.1078
2025-10-09 17:15:31,251 [INFO] Época 29/30, Batch 2150/3348, Loss: 0.1290
2025-10-09 17:15:31,517 [INFO] Época 29/30, Batch 2200/3348, Loss: 0.1125
2025-10-09 17:15:31,777 [INFO] Época 29/30, Batch 2250/3348, Loss: 0.1006
2025-10-09 17:15:32,038 [INFO] Época 29/30, Batch 2300/3348, Loss: 0.1011
2025-10-09 17:15:32,294 [INFO] Época 29/30, Batch 2350/3348, Loss: 0.1017
2025-10-09 17:15:32,552 [INFO] Época 29/30, Batch 2400/3348, Loss: 0.1004
2025-10-09 17:15:32,805 [INFO] Época 29/30, Batch 2450/3348, Loss: 0.0908
2025-10-09 17:15:33,062 [INFO] Época 29/30, Batch 2500/3348, Loss: 0.0900
2025-10-09 17:15:33,318 [INFO] Época 29/30, Batch 2550/3348, Loss: 0.1431
2025-10-09 17:15:33,574 [INFO] Época 29/30, Batch 2600/3348, Loss: 0.0814
2025-10-09 17:15:33,831 [INFO] Época 29/30, Batch 2650/3348, Loss: 0.1170
2025-10-09 17:15:34,086 [INFO] Época 29/30, Batch 2700/3348, Loss: 0.1085
2025-10-09 17:15:34,342 [INFO] Época 29/30, Batch 2750/3348, Loss: 0.0928
2025-10-09 17:15:34,600 [INFO] Época 29/30, Batch 2800/3348, Loss: 0.1006
2025-10-09 17:15:34,857 [INFO] Época 29/30, Batch 2850/3348, Loss: 0.1151
2025-10-09 17:15:35,113 [INFO] Época 29/30, Batch 2900/3348, Loss: 0.1074
2025-10-09 17:15:35,369 [INFO] Época 29/30, Batch 2950/3348, Loss: 0.0942
2025-10-09 17:15:35,625 [INFO] Época 29/30, Batch 3000/3348, Loss: 0.0937
2025-10-09 17:15:35,901 [INFO] Época 29/30, Batch 3050/3348, Loss: 0.1205
2025-10-09 17:15:36,183 [INFO] Época 29/30, Batch 3100/3348, Loss: 0.1237
2025-10-09 17:15:36,474 [INFO] Época 29/30, Batch 3150/3348, Loss: 0.1088
2025-10-09 17:15:36,767 [INFO] Época 29/30, Batch 3200/3348, Loss: 0.0997
2025-10-09 17:15:37,047 [INFO] Época 29/30, Batch 3250/3348, Loss: 0.0978
2025-10-09 17:15:37,327 [INFO] Época 29/30, Batch 3300/3348, Loss: 0.0864
2025-10-09 17:15:39,140 [INFO] [29/30] Train Loss: 0.1111 | Val Loss: 0.0935 | Tempo: 19.59s
2025-10-09 17:15:39,681 [INFO] Época 30/30, Batch 50/3348, Loss: 0.1234
2025-10-09 17:15:39,945 [INFO] Época 30/30, Batch 100/3348, Loss: 0.1090
2025-10-09 17:15:40,205 [INFO] Época 30/30, Batch 150/3348, Loss: 0.1090
2025-10-09 17:15:40,466 [INFO] Época 30/30, Batch 200/3348, Loss: 0.0895
2025-10-09 17:15:40,725 [INFO] Época 30/30, Batch 250/3348, Loss: 0.1154
2025-10-09 17:15:40,984 [INFO] Época 30/30, Batch 300/3348, Loss: 0.0899
2025-10-09 17:15:41,241 [INFO] Época 30/30, Batch 350/3348, Loss: 0.1427
2025-10-09 17:15:41,498 [INFO] Época 30/30, Batch 400/3348, Loss: 0.0920
2025-10-09 17:15:41,759 [INFO] Época 30/30, Batch 450/3348, Loss: 0.0993
2025-10-09 17:15:42,014 [INFO] Época 30/30, Batch 500/3348, Loss: 0.1051
2025-10-09 17:15:42,267 [INFO] Época 30/30, Batch 550/3348, Loss: 0.1009
2025-10-09 17:15:42,523 [INFO] Época 30/30, Batch 600/3348, Loss: 0.1041
2025-10-09 17:15:42,778 [INFO] Época 30/30, Batch 650/3348, Loss: 0.1087
2025-10-09 17:15:43,034 [INFO] Época 30/30, Batch 700/3348, Loss: 0.1341
2025-10-09 17:15:43,276 [INFO] Época 30/30, Batch 750/3348, Loss: 0.1032
2025-10-09 17:15:43,512 [INFO] Época 30/30, Batch 800/3348, Loss: 0.0826
2025-10-09 17:15:43,746 [INFO] Época 30/30, Batch 850/3348, Loss: 0.1479
2025-10-09 17:15:43,976 [INFO] Época 30/30, Batch 900/3348, Loss: 0.1131
2025-10-09 17:15:44,204 [INFO] Época 30/30, Batch 950/3348, Loss: 0.1150
2025-10-09 17:15:44,435 [INFO] Época 30/30, Batch 1000/3348, Loss: 0.0976
2025-10-09 17:15:44,666 [INFO] Época 30/30, Batch 1050/3348, Loss: 0.1262
2025-10-09 17:15:44,897 [INFO] Época 30/30, Batch 1100/3348, Loss: 0.1181
2025-10-09 17:15:45,128 [INFO] Época 30/30, Batch 1150/3348, Loss: 0.1144
2025-10-09 17:15:45,356 [INFO] Época 30/30, Batch 1200/3348, Loss: 0.1017
2025-10-09 17:15:45,586 [INFO] Época 30/30, Batch 1250/3348, Loss: 0.1062
2025-10-09 17:15:45,823 [INFO] Época 30/30, Batch 1300/3348, Loss: 0.0994
2025-10-09 17:15:46,061 [INFO] Época 30/30, Batch 1350/3348, Loss: 0.1335
2025-10-09 17:15:46,301 [INFO] Época 30/30, Batch 1400/3348, Loss: 0.1174
2025-10-09 17:15:46,540 [INFO] Época 30/30, Batch 1450/3348, Loss: 0.0964
2025-10-09 17:15:46,784 [INFO] Época 30/30, Batch 1500/3348, Loss: 0.1142
2025-10-09 17:15:47,043 [INFO] Época 30/30, Batch 1550/3348, Loss: 0.1337
2025-10-09 17:15:47,299 [INFO] Época 30/30, Batch 1600/3348, Loss: 0.1163
2025-10-09 17:15:47,556 [INFO] Época 30/30, Batch 1650/3348, Loss: 0.1125
2025-10-09 17:15:47,814 [INFO] Época 30/30, Batch 1700/3348, Loss: 0.0892
2025-10-09 17:15:48,072 [INFO] Época 30/30, Batch 1750/3348, Loss: 0.1140
2025-10-09 17:15:48,330 [INFO] Época 30/30, Batch 1800/3348, Loss: 0.1109
2025-10-09 17:15:48,591 [INFO] Época 30/30, Batch 1850/3348, Loss: 0.1408
2025-10-09 17:15:48,848 [INFO] Época 30/30, Batch 1900/3348, Loss: 0.1204
2025-10-09 17:15:49,105 [INFO] Época 30/30, Batch 1950/3348, Loss: 0.1178
2025-10-09 17:15:49,362 [INFO] Época 30/30, Batch 2000/3348, Loss: 0.1163
2025-10-09 17:15:49,623 [INFO] Época 30/30, Batch 2050/3348, Loss: 0.0744
2025-10-09 17:15:49,883 [INFO] Época 30/30, Batch 2100/3348, Loss: 0.1266
2025-10-09 17:15:50,141 [INFO] Época 30/30, Batch 2150/3348, Loss: 0.1114
2025-10-09 17:15:50,398 [INFO] Época 30/30, Batch 2200/3348, Loss: 0.1089
2025-10-09 17:15:50,656 [INFO] Época 30/30, Batch 2250/3348, Loss: 0.1049
2025-10-09 17:15:50,915 [INFO] Época 30/30, Batch 2300/3348, Loss: 0.1096
2025-10-09 17:15:51,175 [INFO] Época 30/30, Batch 2350/3348, Loss: 0.1069
2025-10-09 17:15:51,435 [INFO] Época 30/30, Batch 2400/3348, Loss: 0.0927
2025-10-09 17:15:51,695 [INFO] Época 30/30, Batch 2450/3348, Loss: 0.1218
2025-10-09 17:15:51,956 [INFO] Época 30/30, Batch 2500/3348, Loss: 0.0994
2025-10-09 17:15:52,215 [INFO] Época 30/30, Batch 2550/3348, Loss: 0.0917
2025-10-09 17:15:52,475 [INFO] Época 30/30, Batch 2600/3348, Loss: 0.0781
2025-10-09 17:15:52,734 [INFO] Época 30/30, Batch 2650/3348, Loss: 0.1234
2025-10-09 17:15:52,993 [INFO] Época 30/30, Batch 2700/3348, Loss: 0.0923
2025-10-09 17:15:53,251 [INFO] Época 30/30, Batch 2750/3348, Loss: 0.0979
2025-10-09 17:15:53,511 [INFO] Época 30/30, Batch 2800/3348, Loss: 0.0952
2025-10-09 17:15:53,771 [INFO] Época 30/30, Batch 2850/3348, Loss: 0.1275
2025-10-09 17:15:54,029 [INFO] Época 30/30, Batch 2900/3348, Loss: 0.1145
2025-10-09 17:15:54,287 [INFO] Época 30/30, Batch 2950/3348, Loss: 0.1120
2025-10-09 17:15:54,544 [INFO] Época 30/30, Batch 3000/3348, Loss: 0.1129
2025-10-09 17:15:54,802 [INFO] Época 30/30, Batch 3050/3348, Loss: 0.1198
2025-10-09 17:15:55,060 [INFO] Época 30/30, Batch 3100/3348, Loss: 0.1028
2025-10-09 17:15:55,317 [INFO] Época 30/30, Batch 3150/3348, Loss: 0.0630
2025-10-09 17:15:55,583 [INFO] Época 30/30, Batch 3200/3348, Loss: 0.1140
2025-10-09 17:15:55,840 [INFO] Época 30/30, Batch 3250/3348, Loss: 0.0958
2025-10-09 17:15:56,098 [INFO] Época 30/30, Batch 3300/3348, Loss: 0.0982
2025-10-09 17:15:57,879 [INFO] [30/30] Train Loss: 0.1118 | Val Loss: 0.0922 | Tempo: 18.74s
2025-10-09 17:15:57,880 [INFO] Treinamento concluído em 577.51 segundos (9.63 minutos)
2025-10-09 17:15:57,880 [INFO] Iniciando avaliação no conjunto de teste...
2025-10-09 17:15:59,350 [INFO] Avaliação do teste concluída em 1.47 segundos
2025-10-09 17:15:59,350 [INFO] MSE no teste: 0.0170
2025-10-09 17:15:59,350 [INFO] RMSE no teste: 0.1303
2025-10-09 17:15:59,350 [INFO] MAE no teste: 0.0940
2025-10-09 17:15:59,351 [INFO] Métricas salvas em /mnt/hdd/home/jdurao/ToolBox-ChemXAI/logs/mlp_att1_Physicochemical_metrics.json
