2025-10-09 22:35:58,804 [INFO] Iniciando treinamento do modelo mlp_att4_MorganCount
2025-10-09 22:35:58,805 [INFO] Configuração: att_index=4, epochs=30, layers=[128, 64, 32], lr=0.001, batch_size=32, descriptor_type=MorganCount
2025-10-09 22:35:58,805 [INFO] Diretório para modelos: /mnt/hdd/home/jdurao/ToolBox-ChemXAI/models
2025-10-09 22:35:58,805 [INFO] Carregando dados...
2025-10-09 22:35:58,887 [INFO] Preparando dataloaders sem ruído...
2025-10-09 22:36:05,447 [INFO] Dados carregados em 6.64 segundos
2025-10-09 22:36:05,448 [INFO] Tamanhos dos conjuntos - Treino: 107108, Validação: 13388, Teste: 13389
2025-10-09 22:36:05,448 [INFO] Usando dispositivo: cuda
2025-10-09 22:36:05,883 [INFO] Dimensão de entrada: 512, Dimensão de saída: 1
2025-10-09 22:36:05,884 [INFO] Criando modelo MLP com camadas: [128, 64, 32]
2025-10-09 22:36:05,888 [INFO] Modelo criado com 76033 parâmetros
2025-10-09 22:36:05,889 [INFO] Iniciando treinamento com 30 épocas...
2025-10-09 22:36:06,510 [INFO] Época 1/30, Batch 50/3348, Loss: 0.4467
2025-10-09 22:36:06,793 [INFO] Época 1/30, Batch 100/3348, Loss: 0.3969
2025-10-09 22:36:07,070 [INFO] Época 1/30, Batch 150/3348, Loss: 0.5214
2025-10-09 22:36:07,339 [INFO] Época 1/30, Batch 200/3348, Loss: 0.3913
2025-10-09 22:36:07,602 [INFO] Época 1/30, Batch 250/3348, Loss: 0.4210
2025-10-09 22:36:07,867 [INFO] Época 1/30, Batch 300/3348, Loss: 0.4699
2025-10-09 22:36:08,128 [INFO] Época 1/30, Batch 350/3348, Loss: 0.5064
2025-10-09 22:36:08,389 [INFO] Época 1/30, Batch 400/3348, Loss: 0.4536
2025-10-09 22:36:08,664 [INFO] Época 1/30, Batch 450/3348, Loss: 0.3605
2025-10-09 22:36:08,928 [INFO] Época 1/30, Batch 500/3348, Loss: 0.4808
2025-10-09 22:36:09,193 [INFO] Época 1/30, Batch 550/3348, Loss: 0.3637
2025-10-09 22:36:09,452 [INFO] Época 1/30, Batch 600/3348, Loss: 0.4477
2025-10-09 22:36:09,722 [INFO] Época 1/30, Batch 650/3348, Loss: 0.3586
2025-10-09 22:36:09,994 [INFO] Época 1/30, Batch 700/3348, Loss: 0.3390
2025-10-09 22:36:10,263 [INFO] Época 1/30, Batch 750/3348, Loss: 0.3509
2025-10-09 22:36:10,535 [INFO] Época 1/30, Batch 800/3348, Loss: 0.2727
2025-10-09 22:36:10,807 [INFO] Época 1/30, Batch 850/3348, Loss: 0.2757
2025-10-09 22:36:11,079 [INFO] Época 1/30, Batch 900/3348, Loss: 0.3378
2025-10-09 22:36:11,351 [INFO] Época 1/30, Batch 950/3348, Loss: 0.3523
2025-10-09 22:36:11,628 [INFO] Época 1/30, Batch 1000/3348, Loss: 0.2723
2025-10-09 22:36:11,904 [INFO] Época 1/30, Batch 1050/3348, Loss: 0.3864
2025-10-09 22:36:12,180 [INFO] Época 1/30, Batch 1100/3348, Loss: 0.3072
2025-10-09 22:36:12,455 [INFO] Época 1/30, Batch 1150/3348, Loss: 0.2499
2025-10-09 22:36:12,726 [INFO] Época 1/30, Batch 1200/3348, Loss: 0.2244
2025-10-09 22:36:12,989 [INFO] Época 1/30, Batch 1250/3348, Loss: 0.2862
2025-10-09 22:36:13,254 [INFO] Época 1/30, Batch 1300/3348, Loss: 0.3194
2025-10-09 22:36:13,516 [INFO] Época 1/30, Batch 1350/3348, Loss: 0.2255
2025-10-09 22:36:13,777 [INFO] Época 1/30, Batch 1400/3348, Loss: 0.2217
2025-10-09 22:36:14,040 [INFO] Época 1/30, Batch 1450/3348, Loss: 0.3726
2025-10-09 22:36:14,303 [INFO] Época 1/30, Batch 1500/3348, Loss: 0.2521
2025-10-09 22:36:14,569 [INFO] Época 1/30, Batch 1550/3348, Loss: 0.2454
2025-10-09 22:36:14,837 [INFO] Época 1/30, Batch 1600/3348, Loss: 0.2767
2025-10-09 22:36:15,103 [INFO] Época 1/30, Batch 1650/3348, Loss: 0.2705
2025-10-09 22:36:15,370 [INFO] Época 1/30, Batch 1700/3348, Loss: 0.2896
2025-10-09 22:36:15,637 [INFO] Época 1/30, Batch 1750/3348, Loss: 0.2072
2025-10-09 22:36:15,902 [INFO] Época 1/30, Batch 1800/3348, Loss: 0.3867
2025-10-09 22:36:16,169 [INFO] Época 1/30, Batch 1850/3348, Loss: 0.2366
2025-10-09 22:36:16,436 [INFO] Época 1/30, Batch 1900/3348, Loss: 0.2057
2025-10-09 22:36:16,701 [INFO] Época 1/30, Batch 1950/3348, Loss: 0.2113
2025-10-09 22:36:16,974 [INFO] Época 1/30, Batch 2000/3348, Loss: 0.2299
2025-10-09 22:36:17,246 [INFO] Época 1/30, Batch 2050/3348, Loss: 0.2815
2025-10-09 22:36:17,518 [INFO] Época 1/30, Batch 2100/3348, Loss: 0.2386
2025-10-09 22:36:17,790 [INFO] Época 1/30, Batch 2150/3348, Loss: 0.2989
2025-10-09 22:36:18,061 [INFO] Época 1/30, Batch 2200/3348, Loss: 0.2641
2025-10-09 22:36:18,332 [INFO] Época 1/30, Batch 2250/3348, Loss: 0.2558
2025-10-09 22:36:18,603 [INFO] Época 1/30, Batch 2300/3348, Loss: 0.2313
2025-10-09 22:36:18,875 [INFO] Época 1/30, Batch 2350/3348, Loss: 0.2742
2025-10-09 22:36:19,148 [INFO] Época 1/30, Batch 2400/3348, Loss: 0.2307
2025-10-09 22:36:19,425 [INFO] Época 1/30, Batch 2450/3348, Loss: 0.1823
2025-10-09 22:36:19,698 [INFO] Época 1/30, Batch 2500/3348, Loss: 0.2120
2025-10-09 22:36:19,961 [INFO] Época 1/30, Batch 2550/3348, Loss: 0.2241
2025-10-09 22:36:20,223 [INFO] Época 1/30, Batch 2600/3348, Loss: 0.2178
2025-10-09 22:36:20,489 [INFO] Época 1/30, Batch 2650/3348, Loss: 0.1919
2025-10-09 22:36:20,759 [INFO] Época 1/30, Batch 2700/3348, Loss: 0.1892
2025-10-09 22:36:21,032 [INFO] Época 1/30, Batch 2750/3348, Loss: 0.1950
2025-10-09 22:36:21,305 [INFO] Época 1/30, Batch 2800/3348, Loss: 0.2503
2025-10-09 22:36:21,577 [INFO] Época 1/30, Batch 2850/3348, Loss: 0.2265
2025-10-09 22:36:21,849 [INFO] Época 1/30, Batch 2900/3348, Loss: 0.2788
2025-10-09 22:36:22,120 [INFO] Época 1/30, Batch 2950/3348, Loss: 0.2237
2025-10-09 22:36:22,392 [INFO] Época 1/30, Batch 3000/3348, Loss: 0.1712
2025-10-09 22:36:22,662 [INFO] Época 1/30, Batch 3050/3348, Loss: 0.2025
2025-10-09 22:36:22,934 [INFO] Época 1/30, Batch 3100/3348, Loss: 0.1725
2025-10-09 22:36:23,204 [INFO] Época 1/30, Batch 3150/3348, Loss: 0.1921
2025-10-09 22:36:23,477 [INFO] Época 1/30, Batch 3200/3348, Loss: 0.2158
2025-10-09 22:36:23,749 [INFO] Época 1/30, Batch 3250/3348, Loss: 0.1713
2025-10-09 22:36:24,022 [INFO] Época 1/30, Batch 3300/3348, Loss: 0.1829
2025-10-09 22:36:25,833 [INFO] [1/30] Train Loss: 0.2918 | Val Loss: 0.2169 | Tempo: 19.94s
2025-10-09 22:36:25,838 [INFO] Melhor modelo salvo em: /mnt/hdd/home/jdurao/ToolBox-ChemXAI/models/mlp_qm9_MorganCount_att4_large.pth
2025-10-09 22:36:26,448 [INFO] Época 2/30, Batch 50/3348, Loss: 0.1935
2025-10-09 22:36:26,717 [INFO] Época 2/30, Batch 100/3348, Loss: 0.2064
2025-10-09 22:36:26,983 [INFO] Época 2/30, Batch 150/3348, Loss: 0.2285
2025-10-09 22:36:27,246 [INFO] Época 2/30, Batch 200/3348, Loss: 0.1444
2025-10-09 22:36:27,509 [INFO] Época 2/30, Batch 250/3348, Loss: 0.2177
2025-10-09 22:36:27,774 [INFO] Época 2/30, Batch 300/3348, Loss: 0.1612
2025-10-09 22:36:28,037 [INFO] Época 2/30, Batch 350/3348, Loss: 0.2040
2025-10-09 22:36:28,300 [INFO] Época 2/30, Batch 400/3348, Loss: 0.2378
2025-10-09 22:36:28,559 [INFO] Época 2/30, Batch 450/3348, Loss: 0.1429
2025-10-09 22:36:28,822 [INFO] Época 2/30, Batch 500/3348, Loss: 0.2376
2025-10-09 22:36:29,084 [INFO] Época 2/30, Batch 550/3348, Loss: 0.1866
2025-10-09 22:36:29,346 [INFO] Época 2/30, Batch 600/3348, Loss: 0.1367
2025-10-09 22:36:29,609 [INFO] Época 2/30, Batch 650/3348, Loss: 0.1270
2025-10-09 22:36:29,869 [INFO] Época 2/30, Batch 700/3348, Loss: 0.2062
2025-10-09 22:36:30,130 [INFO] Época 2/30, Batch 750/3348, Loss: 0.1613
2025-10-09 22:36:30,390 [INFO] Época 2/30, Batch 800/3348, Loss: 0.1542
2025-10-09 22:36:30,653 [INFO] Época 2/30, Batch 850/3348, Loss: 0.2443
2025-10-09 22:36:30,913 [INFO] Época 2/30, Batch 900/3348, Loss: 0.1953
2025-10-09 22:36:31,174 [INFO] Época 2/30, Batch 950/3348, Loss: 0.1814
2025-10-09 22:36:31,435 [INFO] Época 2/30, Batch 1000/3348, Loss: 0.2181
2025-10-09 22:36:31,697 [INFO] Época 2/30, Batch 1050/3348, Loss: 0.1841
2025-10-09 22:36:31,959 [INFO] Época 2/30, Batch 1100/3348, Loss: 0.1719
2025-10-09 22:36:32,219 [INFO] Época 2/30, Batch 1150/3348, Loss: 0.2150
2025-10-09 22:36:32,482 [INFO] Época 2/30, Batch 1200/3348, Loss: 0.1762
2025-10-09 22:36:32,744 [INFO] Época 2/30, Batch 1250/3348, Loss: 0.1808
2025-10-09 22:36:33,015 [INFO] Época 2/30, Batch 1300/3348, Loss: 0.2530
2025-10-09 22:36:33,287 [INFO] Época 2/30, Batch 1350/3348, Loss: 0.1300
2025-10-09 22:36:33,557 [INFO] Época 2/30, Batch 1400/3348, Loss: 0.1515
2025-10-09 22:36:33,821 [INFO] Época 2/30, Batch 1450/3348, Loss: 0.1736
2025-10-09 22:36:34,082 [INFO] Época 2/30, Batch 1500/3348, Loss: 0.1799
2025-10-09 22:36:34,343 [INFO] Época 2/30, Batch 1550/3348, Loss: 0.1950
2025-10-09 22:36:34,606 [INFO] Época 2/30, Batch 1600/3348, Loss: 0.1621
2025-10-09 22:36:34,869 [INFO] Época 2/30, Batch 1650/3348, Loss: 0.1739
2025-10-09 22:36:35,131 [INFO] Época 2/30, Batch 1700/3348, Loss: 0.1874
2025-10-09 22:36:35,392 [INFO] Época 2/30, Batch 1750/3348, Loss: 0.2209
2025-10-09 22:36:35,653 [INFO] Época 2/30, Batch 1800/3348, Loss: 0.1635
2025-10-09 22:36:35,917 [INFO] Época 2/30, Batch 1850/3348, Loss: 0.1656
2025-10-09 22:36:36,176 [INFO] Época 2/30, Batch 1900/3348, Loss: 0.2632
2025-10-09 22:36:36,436 [INFO] Época 2/30, Batch 1950/3348, Loss: 0.1762
2025-10-09 22:36:36,696 [INFO] Época 2/30, Batch 2000/3348, Loss: 0.1644
2025-10-09 22:36:36,956 [INFO] Época 2/30, Batch 2050/3348, Loss: 0.1935
2025-10-09 22:36:37,219 [INFO] Época 2/30, Batch 2100/3348, Loss: 0.1773
2025-10-09 22:36:37,480 [INFO] Época 2/30, Batch 2150/3348, Loss: 0.2210
2025-10-09 22:36:37,741 [INFO] Época 2/30, Batch 2200/3348, Loss: 0.1556
2025-10-09 22:36:38,003 [INFO] Época 2/30, Batch 2250/3348, Loss: 0.2081
2025-10-09 22:36:38,264 [INFO] Época 2/30, Batch 2300/3348, Loss: 0.1330
2025-10-09 22:36:38,525 [INFO] Época 2/30, Batch 2350/3348, Loss: 0.1529
2025-10-09 22:36:38,788 [INFO] Época 2/30, Batch 2400/3348, Loss: 0.1383
2025-10-09 22:36:39,049 [INFO] Época 2/30, Batch 2450/3348, Loss: 0.1715
2025-10-09 22:36:39,309 [INFO] Época 2/30, Batch 2500/3348, Loss: 0.1750
2025-10-09 22:36:39,571 [INFO] Época 2/30, Batch 2550/3348, Loss: 0.1691
2025-10-09 22:36:39,832 [INFO] Época 2/30, Batch 2600/3348, Loss: 0.1598
2025-10-09 22:36:40,095 [INFO] Época 2/30, Batch 2650/3348, Loss: 0.1663
2025-10-09 22:36:40,357 [INFO] Época 2/30, Batch 2700/3348, Loss: 0.1266
2025-10-09 22:36:40,618 [INFO] Época 2/30, Batch 2750/3348, Loss: 0.1483
2025-10-09 22:36:40,878 [INFO] Época 2/30, Batch 2800/3348, Loss: 0.2085
2025-10-09 22:36:41,140 [INFO] Época 2/30, Batch 2850/3348, Loss: 0.1434
2025-10-09 22:36:41,402 [INFO] Época 2/30, Batch 2900/3348, Loss: 0.1226
2025-10-09 22:36:41,663 [INFO] Época 2/30, Batch 2950/3348, Loss: 0.1909
2025-10-09 22:36:41,925 [INFO] Época 2/30, Batch 3000/3348, Loss: 0.1804
2025-10-09 22:36:42,188 [INFO] Época 2/30, Batch 3050/3348, Loss: 0.1757
2025-10-09 22:36:42,450 [INFO] Época 2/30, Batch 3100/3348, Loss: 0.1865
2025-10-09 22:36:42,712 [INFO] Época 2/30, Batch 3150/3348, Loss: 0.1595
2025-10-09 22:36:42,971 [INFO] Época 2/30, Batch 3200/3348, Loss: 0.1539
2025-10-09 22:36:43,231 [INFO] Época 2/30, Batch 3250/3348, Loss: 0.1863
2025-10-09 22:36:43,491 [INFO] Época 2/30, Batch 3300/3348, Loss: 0.2011
2025-10-09 22:36:45,300 [INFO] [2/30] Train Loss: 0.1799 | Val Loss: 0.1803 | Tempo: 19.46s
2025-10-09 22:36:45,303 [INFO] Melhor modelo salvo em: /mnt/hdd/home/jdurao/ToolBox-ChemXAI/models/mlp_qm9_MorganCount_att4_large.pth
2025-10-09 22:36:45,899 [INFO] Época 3/30, Batch 50/3348, Loss: 0.0968
2025-10-09 22:36:46,172 [INFO] Época 3/30, Batch 100/3348, Loss: 0.1339
2025-10-09 22:36:46,440 [INFO] Época 3/30, Batch 150/3348, Loss: 0.1333
2025-10-09 22:36:46,707 [INFO] Época 3/30, Batch 200/3348, Loss: 0.1794
2025-10-09 22:36:46,973 [INFO] Época 3/30, Batch 250/3348, Loss: 0.1423
2025-10-09 22:36:47,241 [INFO] Época 3/30, Batch 300/3348, Loss: 0.1844
2025-10-09 22:36:47,508 [INFO] Época 3/30, Batch 350/3348, Loss: 0.1670
2025-10-09 22:36:47,774 [INFO] Época 3/30, Batch 400/3348, Loss: 0.1498
2025-10-09 22:36:48,038 [INFO] Época 3/30, Batch 450/3348, Loss: 0.1487
2025-10-09 22:36:48,302 [INFO] Época 3/30, Batch 500/3348, Loss: 0.1119
2025-10-09 22:36:48,566 [INFO] Época 3/30, Batch 550/3348, Loss: 0.1307
2025-10-09 22:36:48,829 [INFO] Época 3/30, Batch 600/3348, Loss: 0.2207
2025-10-09 22:36:49,090 [INFO] Época 3/30, Batch 650/3348, Loss: 0.1633
2025-10-09 22:36:49,351 [INFO] Época 3/30, Batch 700/3348, Loss: 0.1262
2025-10-09 22:36:49,614 [INFO] Época 3/30, Batch 750/3348, Loss: 0.1437
2025-10-09 22:36:49,878 [INFO] Época 3/30, Batch 800/3348, Loss: 0.1399
2025-10-09 22:36:50,140 [INFO] Época 3/30, Batch 850/3348, Loss: 0.1657
2025-10-09 22:36:50,402 [INFO] Época 3/30, Batch 900/3348, Loss: 0.1228
2025-10-09 22:36:50,666 [INFO] Época 3/30, Batch 950/3348, Loss: 0.1435
2025-10-09 22:36:50,928 [INFO] Época 3/30, Batch 1000/3348, Loss: 0.1689
2025-10-09 22:36:51,190 [INFO] Época 3/30, Batch 1050/3348, Loss: 0.1123
2025-10-09 22:36:51,450 [INFO] Época 3/30, Batch 1100/3348, Loss: 0.1882
2025-10-09 22:36:51,716 [INFO] Época 3/30, Batch 1150/3348, Loss: 0.1325
2025-10-09 22:36:51,980 [INFO] Época 3/30, Batch 1200/3348, Loss: 0.1422
2025-10-09 22:36:52,248 [INFO] Época 3/30, Batch 1250/3348, Loss: 0.1453
2025-10-09 22:36:52,515 [INFO] Época 3/30, Batch 1300/3348, Loss: 0.1331
2025-10-09 22:36:52,784 [INFO] Época 3/30, Batch 1350/3348, Loss: 0.1406
2025-10-09 22:36:53,055 [INFO] Época 3/30, Batch 1400/3348, Loss: 0.1530
2025-10-09 22:36:53,319 [INFO] Época 3/30, Batch 1450/3348, Loss: 0.1319
2025-10-09 22:36:53,582 [INFO] Época 3/30, Batch 1500/3348, Loss: 0.1526
2025-10-09 22:36:53,846 [INFO] Época 3/30, Batch 1550/3348, Loss: 0.1253
2025-10-09 22:36:54,109 [INFO] Época 3/30, Batch 1600/3348, Loss: 0.1255
2025-10-09 22:36:54,372 [INFO] Época 3/30, Batch 1650/3348, Loss: 0.1417
2025-10-09 22:36:54,634 [INFO] Época 3/30, Batch 1700/3348, Loss: 0.1714
2025-10-09 22:36:54,898 [INFO] Época 3/30, Batch 1750/3348, Loss: 0.1757
2025-10-09 22:36:55,160 [INFO] Época 3/30, Batch 1800/3348, Loss: 0.1807
2025-10-09 22:36:55,422 [INFO] Época 3/30, Batch 1850/3348, Loss: 0.1332
2025-10-09 22:36:55,686 [INFO] Época 3/30, Batch 1900/3348, Loss: 0.1303
2025-10-09 22:36:55,948 [INFO] Época 3/30, Batch 1950/3348, Loss: 0.1380
2025-10-09 22:36:56,209 [INFO] Época 3/30, Batch 2000/3348, Loss: 0.1631
2025-10-09 22:36:56,470 [INFO] Época 3/30, Batch 2050/3348, Loss: 0.1632
2025-10-09 22:36:56,732 [INFO] Época 3/30, Batch 2100/3348, Loss: 0.1656
2025-10-09 22:36:56,994 [INFO] Época 3/30, Batch 2150/3348, Loss: 0.1446
2025-10-09 22:36:57,255 [INFO] Época 3/30, Batch 2200/3348, Loss: 0.1623
2025-10-09 22:36:57,517 [INFO] Época 3/30, Batch 2250/3348, Loss: 0.1775
2025-10-09 22:36:57,779 [INFO] Época 3/30, Batch 2300/3348, Loss: 0.1605
2025-10-09 22:36:58,041 [INFO] Época 3/30, Batch 2350/3348, Loss: 0.1675
2025-10-09 22:36:58,305 [INFO] Época 3/30, Batch 2400/3348, Loss: 0.1539
2025-10-09 22:36:58,568 [INFO] Época 3/30, Batch 2450/3348, Loss: 0.1207
2025-10-09 22:36:58,831 [INFO] Época 3/30, Batch 2500/3348, Loss: 0.1528
2025-10-09 22:36:59,093 [INFO] Época 3/30, Batch 2550/3348, Loss: 0.1437
2025-10-09 22:36:59,355 [INFO] Época 3/30, Batch 2600/3348, Loss: 0.1567
2025-10-09 22:36:59,619 [INFO] Época 3/30, Batch 2650/3348, Loss: 0.1310
2025-10-09 22:36:59,881 [INFO] Época 3/30, Batch 2700/3348, Loss: 0.1279
2025-10-09 22:37:00,145 [INFO] Época 3/30, Batch 2750/3348, Loss: 0.1913
2025-10-09 22:37:00,410 [INFO] Época 3/30, Batch 2800/3348, Loss: 0.1484
2025-10-09 22:37:00,673 [INFO] Época 3/30, Batch 2850/3348, Loss: 0.1332
2025-10-09 22:37:00,936 [INFO] Época 3/30, Batch 2900/3348, Loss: 0.1391
2025-10-09 22:37:01,200 [INFO] Época 3/30, Batch 2950/3348, Loss: 0.1557
2025-10-09 22:37:01,461 [INFO] Época 3/30, Batch 3000/3348, Loss: 0.1173
2025-10-09 22:37:01,723 [INFO] Época 3/30, Batch 3050/3348, Loss: 0.1697
2025-10-09 22:37:01,984 [INFO] Época 3/30, Batch 3100/3348, Loss: 0.1180
2025-10-09 22:37:02,247 [INFO] Época 3/30, Batch 3150/3348, Loss: 0.1845
2025-10-09 22:37:02,512 [INFO] Época 3/30, Batch 3200/3348, Loss: 0.1401
2025-10-09 22:37:02,774 [INFO] Época 3/30, Batch 3250/3348, Loss: 0.2011
2025-10-09 22:37:03,036 [INFO] Época 3/30, Batch 3300/3348, Loss: 0.1810
2025-10-09 22:37:04,951 [INFO] [3/30] Train Loss: 0.1559 | Val Loss: 0.1991 | Tempo: 19.65s
2025-10-09 22:37:05,559 [INFO] Época 4/30, Batch 50/3348, Loss: 0.1621
2025-10-09 22:37:05,829 [INFO] Época 4/30, Batch 100/3348, Loss: 0.1405
2025-10-09 22:37:06,097 [INFO] Época 4/30, Batch 150/3348, Loss: 0.1329
2025-10-09 22:37:06,364 [INFO] Época 4/30, Batch 200/3348, Loss: 0.1684
2025-10-09 22:37:06,631 [INFO] Época 4/30, Batch 250/3348, Loss: 0.1304
2025-10-09 22:37:06,898 [INFO] Época 4/30, Batch 300/3348, Loss: 0.1353
2025-10-09 22:37:07,165 [INFO] Época 4/30, Batch 350/3348, Loss: 0.1066
2025-10-09 22:37:07,434 [INFO] Época 4/30, Batch 400/3348, Loss: 0.1951
2025-10-09 22:37:07,699 [INFO] Época 4/30, Batch 450/3348, Loss: 0.2329
2025-10-09 22:37:07,965 [INFO] Época 4/30, Batch 500/3348, Loss: 0.1002
2025-10-09 22:37:08,229 [INFO] Época 4/30, Batch 550/3348, Loss: 0.2026
2025-10-09 22:37:08,493 [INFO] Época 4/30, Batch 600/3348, Loss: 0.1219
2025-10-09 22:37:08,757 [INFO] Época 4/30, Batch 650/3348, Loss: 0.1811
2025-10-09 22:37:09,015 [INFO] Época 4/30, Batch 700/3348, Loss: 0.1471
2025-10-09 22:37:09,273 [INFO] Época 4/30, Batch 750/3348, Loss: 0.1101
2025-10-09 22:37:09,528 [INFO] Época 4/30, Batch 800/3348, Loss: 0.1085
2025-10-09 22:37:09,791 [INFO] Época 4/30, Batch 850/3348, Loss: 0.1296
2025-10-09 22:37:10,053 [INFO] Época 4/30, Batch 900/3348, Loss: 0.1441
2025-10-09 22:37:10,313 [INFO] Época 4/30, Batch 950/3348, Loss: 0.1402
2025-10-09 22:37:10,574 [INFO] Época 4/30, Batch 1000/3348, Loss: 0.1853
2025-10-09 22:37:10,837 [INFO] Época 4/30, Batch 1050/3348, Loss: 0.1791
2025-10-09 22:37:11,099 [INFO] Época 4/30, Batch 1100/3348, Loss: 0.1500
2025-10-09 22:37:11,361 [INFO] Época 4/30, Batch 1150/3348, Loss: 0.1034
2025-10-09 22:37:11,625 [INFO] Época 4/30, Batch 1200/3348, Loss: 0.1064
2025-10-09 22:37:11,888 [INFO] Época 4/30, Batch 1250/3348, Loss: 0.1451
2025-10-09 22:37:12,152 [INFO] Época 4/30, Batch 1300/3348, Loss: 0.1856
2025-10-09 22:37:12,426 [INFO] Época 4/30, Batch 1350/3348, Loss: 0.1149
2025-10-09 22:37:12,690 [INFO] Época 4/30, Batch 1400/3348, Loss: 0.1500
2025-10-09 22:37:12,956 [INFO] Época 4/30, Batch 1450/3348, Loss: 0.2363
2025-10-09 22:37:13,220 [INFO] Época 4/30, Batch 1500/3348, Loss: 0.1558
2025-10-09 22:37:13,483 [INFO] Época 4/30, Batch 1550/3348, Loss: 0.1290
2025-10-09 22:37:13,745 [INFO] Época 4/30, Batch 1600/3348, Loss: 0.1402
2025-10-09 22:37:14,007 [INFO] Época 4/30, Batch 1650/3348, Loss: 0.1439
2025-10-09 22:37:14,272 [INFO] Época 4/30, Batch 1700/3348, Loss: 0.1256
2025-10-09 22:37:14,534 [INFO] Época 4/30, Batch 1750/3348, Loss: 0.2163
2025-10-09 22:37:14,798 [INFO] Época 4/30, Batch 1800/3348, Loss: 0.1136
2025-10-09 22:37:15,060 [INFO] Época 4/30, Batch 1850/3348, Loss: 0.1304
2025-10-09 22:37:15,321 [INFO] Época 4/30, Batch 1900/3348, Loss: 0.1238
2025-10-09 22:37:15,585 [INFO] Época 4/30, Batch 1950/3348, Loss: 0.1407
2025-10-09 22:37:15,846 [INFO] Época 4/30, Batch 2000/3348, Loss: 0.1797
2025-10-09 22:37:16,110 [INFO] Época 4/30, Batch 2050/3348, Loss: 0.1259
2025-10-09 22:37:16,371 [INFO] Época 4/30, Batch 2100/3348, Loss: 0.2005
2025-10-09 22:37:16,633 [INFO] Época 4/30, Batch 2150/3348, Loss: 0.1034
2025-10-09 22:37:16,896 [INFO] Época 4/30, Batch 2200/3348, Loss: 0.1570
2025-10-09 22:37:17,160 [INFO] Época 4/30, Batch 2250/3348, Loss: 0.1144
2025-10-09 22:37:17,429 [INFO] Época 4/30, Batch 2300/3348, Loss: 0.1474
2025-10-09 22:37:17,695 [INFO] Época 4/30, Batch 2350/3348, Loss: 0.1631
2025-10-09 22:37:17,959 [INFO] Época 4/30, Batch 2400/3348, Loss: 0.1359
2025-10-09 22:37:18,221 [INFO] Época 4/30, Batch 2450/3348, Loss: 0.1892
2025-10-09 22:37:18,483 [INFO] Época 4/30, Batch 2500/3348, Loss: 0.1219
2025-10-09 22:37:18,745 [INFO] Época 4/30, Batch 2550/3348, Loss: 0.1199
2025-10-09 22:37:19,008 [INFO] Época 4/30, Batch 2600/3348, Loss: 0.1111
2025-10-09 22:37:19,271 [INFO] Época 4/30, Batch 2650/3348, Loss: 0.1559
2025-10-09 22:37:19,539 [INFO] Época 4/30, Batch 2700/3348, Loss: 0.1459
2025-10-09 22:37:19,810 [INFO] Época 4/30, Batch 2750/3348, Loss: 0.1135
2025-10-09 22:37:20,073 [INFO] Época 4/30, Batch 2800/3348, Loss: 0.1707
2025-10-09 22:37:20,333 [INFO] Época 4/30, Batch 2850/3348, Loss: 0.1437
2025-10-09 22:37:20,596 [INFO] Época 4/30, Batch 2900/3348, Loss: 0.1260
2025-10-09 22:37:20,868 [INFO] Época 4/30, Batch 2950/3348, Loss: 0.1283
2025-10-09 22:37:21,139 [INFO] Época 4/30, Batch 3000/3348, Loss: 0.1463
2025-10-09 22:37:21,410 [INFO] Época 4/30, Batch 3050/3348, Loss: 0.1516
2025-10-09 22:37:21,681 [INFO] Época 4/30, Batch 3100/3348, Loss: 0.1458
2025-10-09 22:37:21,951 [INFO] Época 4/30, Batch 3150/3348, Loss: 0.1718
2025-10-09 22:37:22,220 [INFO] Época 4/30, Batch 3200/3348, Loss: 0.1481
2025-10-09 22:37:22,491 [INFO] Época 4/30, Batch 3250/3348, Loss: 0.1417
2025-10-09 22:37:22,762 [INFO] Época 4/30, Batch 3300/3348, Loss: 0.1725
2025-10-09 22:37:24,670 [INFO] [4/30] Train Loss: 0.1418 | Val Loss: 0.1655 | Tempo: 19.72s
2025-10-09 22:37:24,675 [INFO] Melhor modelo salvo em: /mnt/hdd/home/jdurao/ToolBox-ChemXAI/models/mlp_qm9_MorganCount_att4_large.pth
2025-10-09 22:37:25,287 [INFO] Época 5/30, Batch 50/3348, Loss: 0.1411
2025-10-09 22:37:25,558 [INFO] Época 5/30, Batch 100/3348, Loss: 0.1341
2025-10-09 22:37:25,825 [INFO] Época 5/30, Batch 150/3348, Loss: 0.1009
2025-10-09 22:37:26,093 [INFO] Época 5/30, Batch 200/3348, Loss: 0.1480
2025-10-09 22:37:26,358 [INFO] Época 5/30, Batch 250/3348, Loss: 0.1669
2025-10-09 22:37:26,621 [INFO] Época 5/30, Batch 300/3348, Loss: 0.1751
2025-10-09 22:37:26,885 [INFO] Época 5/30, Batch 350/3348, Loss: 0.1426
2025-10-09 22:37:27,150 [INFO] Época 5/30, Batch 400/3348, Loss: 0.1391
2025-10-09 22:37:27,416 [INFO] Época 5/30, Batch 450/3348, Loss: 0.1284
2025-10-09 22:37:27,682 [INFO] Época 5/30, Batch 500/3348, Loss: 0.1020
2025-10-09 22:37:27,943 [INFO] Época 5/30, Batch 550/3348, Loss: 0.0915
2025-10-09 22:37:28,206 [INFO] Época 5/30, Batch 600/3348, Loss: 0.1329
2025-10-09 22:37:28,470 [INFO] Época 5/30, Batch 650/3348, Loss: 0.1546
2025-10-09 22:37:28,733 [INFO] Época 5/30, Batch 700/3348, Loss: 0.1277
2025-10-09 22:37:28,997 [INFO] Época 5/30, Batch 750/3348, Loss: 0.1340
2025-10-09 22:37:29,263 [INFO] Época 5/30, Batch 800/3348, Loss: 0.1832
2025-10-09 22:37:29,526 [INFO] Época 5/30, Batch 850/3348, Loss: 0.1152
2025-10-09 22:37:29,790 [INFO] Época 5/30, Batch 900/3348, Loss: 0.1278
2025-10-09 22:37:30,055 [INFO] Época 5/30, Batch 950/3348, Loss: 0.1299
2025-10-09 22:37:30,319 [INFO] Época 5/30, Batch 1000/3348, Loss: 0.1024
2025-10-09 22:37:30,583 [INFO] Época 5/30, Batch 1050/3348, Loss: 0.1056
2025-10-09 22:37:30,848 [INFO] Época 5/30, Batch 1100/3348, Loss: 0.0941
2025-10-09 22:37:31,114 [INFO] Época 5/30, Batch 1150/3348, Loss: 0.1035
2025-10-09 22:37:31,381 [INFO] Época 5/30, Batch 1200/3348, Loss: 0.1593
2025-10-09 22:37:31,643 [INFO] Época 5/30, Batch 1250/3348, Loss: 0.1565
2025-10-09 22:37:31,907 [INFO] Época 5/30, Batch 1300/3348, Loss: 0.0984
2025-10-09 22:37:32,169 [INFO] Época 5/30, Batch 1350/3348, Loss: 0.1222
2025-10-09 22:37:32,444 [INFO] Época 5/30, Batch 1400/3348, Loss: 0.1685
2025-10-09 22:37:32,712 [INFO] Época 5/30, Batch 1450/3348, Loss: 0.1654
2025-10-09 22:37:32,975 [INFO] Época 5/30, Batch 1500/3348, Loss: 0.1235
2025-10-09 22:37:33,241 [INFO] Época 5/30, Batch 1550/3348, Loss: 0.1779
2025-10-09 22:37:33,503 [INFO] Época 5/30, Batch 1600/3348, Loss: 0.1464
2025-10-09 22:37:33,766 [INFO] Época 5/30, Batch 1650/3348, Loss: 0.1363
2025-10-09 22:37:34,031 [INFO] Época 5/30, Batch 1700/3348, Loss: 0.1387
2025-10-09 22:37:34,297 [INFO] Época 5/30, Batch 1750/3348, Loss: 0.1668
2025-10-09 22:37:34,562 [INFO] Época 5/30, Batch 1800/3348, Loss: 0.1459
2025-10-09 22:37:34,824 [INFO] Época 5/30, Batch 1850/3348, Loss: 0.1252
2025-10-09 22:37:35,085 [INFO] Época 5/30, Batch 1900/3348, Loss: 0.1228
2025-10-09 22:37:35,346 [INFO] Época 5/30, Batch 1950/3348, Loss: 0.1429
2025-10-09 22:37:35,607 [INFO] Época 5/30, Batch 2000/3348, Loss: 0.1351
2025-10-09 22:37:35,867 [INFO] Época 5/30, Batch 2050/3348, Loss: 0.1294
2025-10-09 22:37:36,127 [INFO] Época 5/30, Batch 2100/3348, Loss: 0.1212
2025-10-09 22:37:36,385 [INFO] Época 5/30, Batch 2150/3348, Loss: 0.1732
2025-10-09 22:37:36,646 [INFO] Época 5/30, Batch 2200/3348, Loss: 0.1004
2025-10-09 22:37:36,907 [INFO] Época 5/30, Batch 2250/3348, Loss: 0.1255
2025-10-09 22:37:37,169 [INFO] Época 5/30, Batch 2300/3348, Loss: 0.1491
2025-10-09 22:37:37,442 [INFO] Época 5/30, Batch 2350/3348, Loss: 0.1038
2025-10-09 22:37:37,705 [INFO] Época 5/30, Batch 2400/3348, Loss: 0.1047
2025-10-09 22:37:37,969 [INFO] Época 5/30, Batch 2450/3348, Loss: 0.1432
2025-10-09 22:37:38,237 [INFO] Época 5/30, Batch 2500/3348, Loss: 0.1368
2025-10-09 22:37:38,499 [INFO] Época 5/30, Batch 2550/3348, Loss: 0.1088
2025-10-09 22:37:38,762 [INFO] Época 5/30, Batch 2600/3348, Loss: 0.1147
2025-10-09 22:37:39,025 [INFO] Época 5/30, Batch 2650/3348, Loss: 0.1194
2025-10-09 22:37:39,289 [INFO] Época 5/30, Batch 2700/3348, Loss: 0.1259
2025-10-09 22:37:39,554 [INFO] Época 5/30, Batch 2750/3348, Loss: 0.0966
2025-10-09 22:37:39,815 [INFO] Época 5/30, Batch 2800/3348, Loss: 0.1507
2025-10-09 22:37:40,079 [INFO] Época 5/30, Batch 2850/3348, Loss: 0.1123
2025-10-09 22:37:40,344 [INFO] Época 5/30, Batch 2900/3348, Loss: 0.1353
2025-10-09 22:37:40,610 [INFO] Época 5/30, Batch 2950/3348, Loss: 0.1377
2025-10-09 22:37:40,877 [INFO] Época 5/30, Batch 3000/3348, Loss: 0.1040
2025-10-09 22:37:41,143 [INFO] Época 5/30, Batch 3050/3348, Loss: 0.1452
2025-10-09 22:37:41,405 [INFO] Época 5/30, Batch 3100/3348, Loss: 0.1120
2025-10-09 22:37:41,668 [INFO] Época 5/30, Batch 3150/3348, Loss: 0.1025
2025-10-09 22:37:41,929 [INFO] Época 5/30, Batch 3200/3348, Loss: 0.1456
2025-10-09 22:37:42,193 [INFO] Época 5/30, Batch 3250/3348, Loss: 0.1230
2025-10-09 22:37:42,455 [INFO] Época 5/30, Batch 3300/3348, Loss: 0.1271
2025-10-09 22:37:44,310 [INFO] [5/30] Train Loss: 0.1323 | Val Loss: 0.1530 | Tempo: 19.63s
2025-10-09 22:37:44,315 [INFO] Melhor modelo salvo em: /mnt/hdd/home/jdurao/ToolBox-ChemXAI/models/mlp_qm9_MorganCount_att4_large.pth
2025-10-09 22:37:44,934 [INFO] Época 6/30, Batch 50/3348, Loss: 0.1229
2025-10-09 22:37:45,225 [INFO] Época 6/30, Batch 100/3348, Loss: 0.1175
2025-10-09 22:37:45,509 [INFO] Época 6/30, Batch 150/3348, Loss: 0.1317
2025-10-09 22:37:45,777 [INFO] Época 6/30, Batch 200/3348, Loss: 0.1268
2025-10-09 22:37:46,042 [INFO] Época 6/30, Batch 250/3348, Loss: 0.0863
2025-10-09 22:37:46,308 [INFO] Época 6/30, Batch 300/3348, Loss: 0.1218
2025-10-09 22:37:46,579 [INFO] Época 6/30, Batch 350/3348, Loss: 0.1323
2025-10-09 22:37:46,852 [INFO] Época 6/30, Batch 400/3348, Loss: 0.1175
2025-10-09 22:37:47,126 [INFO] Época 6/30, Batch 450/3348, Loss: 0.1067
2025-10-09 22:37:47,400 [INFO] Época 6/30, Batch 500/3348, Loss: 0.0969
2025-10-09 22:37:47,673 [INFO] Época 6/30, Batch 550/3348, Loss: 0.1194
2025-10-09 22:37:47,947 [INFO] Época 6/30, Batch 600/3348, Loss: 0.1155
2025-10-09 22:37:48,216 [INFO] Época 6/30, Batch 650/3348, Loss: 0.1299
2025-10-09 22:37:48,478 [INFO] Época 6/30, Batch 700/3348, Loss: 0.1086
2025-10-09 22:37:48,738 [INFO] Época 6/30, Batch 750/3348, Loss: 0.1414
2025-10-09 22:37:48,990 [INFO] Época 6/30, Batch 800/3348, Loss: 0.0983
2025-10-09 22:37:49,244 [INFO] Época 6/30, Batch 850/3348, Loss: 0.1178
2025-10-09 22:37:49,500 [INFO] Época 6/30, Batch 900/3348, Loss: 0.1500
2025-10-09 22:37:49,757 [INFO] Época 6/30, Batch 950/3348, Loss: 0.1042
2025-10-09 22:37:50,016 [INFO] Época 6/30, Batch 1000/3348, Loss: 0.1238
2025-10-09 22:37:50,274 [INFO] Época 6/30, Batch 1050/3348, Loss: 0.1419
2025-10-09 22:37:50,533 [INFO] Época 6/30, Batch 1100/3348, Loss: 0.1224
2025-10-09 22:37:50,791 [INFO] Época 6/30, Batch 1150/3348, Loss: 0.1389
2025-10-09 22:37:51,054 [INFO] Época 6/30, Batch 1200/3348, Loss: 0.1498
2025-10-09 22:37:51,316 [INFO] Época 6/30, Batch 1250/3348, Loss: 0.1564
2025-10-09 22:37:51,579 [INFO] Época 6/30, Batch 1300/3348, Loss: 0.1190
2025-10-09 22:37:51,842 [INFO] Época 6/30, Batch 1350/3348, Loss: 0.1543
2025-10-09 22:37:52,103 [INFO] Época 6/30, Batch 1400/3348, Loss: 0.1151
2025-10-09 22:37:52,364 [INFO] Época 6/30, Batch 1450/3348, Loss: 0.1622
2025-10-09 22:37:52,626 [INFO] Época 6/30, Batch 1500/3348, Loss: 0.0893
2025-10-09 22:37:52,888 [INFO] Época 6/30, Batch 1550/3348, Loss: 0.0782
2025-10-09 22:37:53,150 [INFO] Época 6/30, Batch 1600/3348, Loss: 0.1258
2025-10-09 22:37:53,412 [INFO] Época 6/30, Batch 1650/3348, Loss: 0.1137
2025-10-09 22:37:53,674 [INFO] Época 6/30, Batch 1700/3348, Loss: 0.1036
2025-10-09 22:37:53,938 [INFO] Época 6/30, Batch 1750/3348, Loss: 0.1017
2025-10-09 22:37:54,199 [INFO] Época 6/30, Batch 1800/3348, Loss: 0.1231
2025-10-09 22:37:54,462 [INFO] Época 6/30, Batch 1850/3348, Loss: 0.0977
2025-10-09 22:37:54,724 [INFO] Época 6/30, Batch 1900/3348, Loss: 0.1590
2025-10-09 22:37:54,986 [INFO] Época 6/30, Batch 1950/3348, Loss: 0.1245
2025-10-09 22:37:55,250 [INFO] Época 6/30, Batch 2000/3348, Loss: 0.1344
2025-10-09 22:37:55,513 [INFO] Época 6/30, Batch 2050/3348, Loss: 0.1007
2025-10-09 22:37:55,778 [INFO] Época 6/30, Batch 2100/3348, Loss: 0.0842
2025-10-09 22:37:56,040 [INFO] Época 6/30, Batch 2150/3348, Loss: 0.1613
2025-10-09 22:37:56,304 [INFO] Época 6/30, Batch 2200/3348, Loss: 0.1381
2025-10-09 22:37:56,566 [INFO] Época 6/30, Batch 2250/3348, Loss: 0.1149
2025-10-09 22:37:56,826 [INFO] Época 6/30, Batch 2300/3348, Loss: 0.1114
2025-10-09 22:37:57,085 [INFO] Época 6/30, Batch 2350/3348, Loss: 0.0858
2025-10-09 22:37:57,344 [INFO] Época 6/30, Batch 2400/3348, Loss: 0.0960
2025-10-09 22:37:57,602 [INFO] Época 6/30, Batch 2450/3348, Loss: 0.1203
2025-10-09 22:37:57,861 [INFO] Época 6/30, Batch 2500/3348, Loss: 0.1313
2025-10-09 22:37:58,118 [INFO] Época 6/30, Batch 2550/3348, Loss: 0.1091
2025-10-09 22:37:58,375 [INFO] Época 6/30, Batch 2600/3348, Loss: 0.1160
2025-10-09 22:37:58,640 [INFO] Época 6/30, Batch 2650/3348, Loss: 0.1435
2025-10-09 22:37:58,906 [INFO] Época 6/30, Batch 2700/3348, Loss: 0.1387
2025-10-09 22:37:59,172 [INFO] Época 6/30, Batch 2750/3348, Loss: 0.1653
2025-10-09 22:37:59,440 [INFO] Época 6/30, Batch 2800/3348, Loss: 0.1013
2025-10-09 22:37:59,705 [INFO] Época 6/30, Batch 2850/3348, Loss: 0.1376
2025-10-09 22:37:59,969 [INFO] Época 6/30, Batch 2900/3348, Loss: 0.1259
2025-10-09 22:38:00,227 [INFO] Época 6/30, Batch 2950/3348, Loss: 0.1326
2025-10-09 22:38:00,484 [INFO] Época 6/30, Batch 3000/3348, Loss: 0.1365
2025-10-09 22:38:00,745 [INFO] Época 6/30, Batch 3050/3348, Loss: 0.1101
2025-10-09 22:38:01,004 [INFO] Época 6/30, Batch 3100/3348, Loss: 0.1121
2025-10-09 22:38:01,263 [INFO] Época 6/30, Batch 3150/3348, Loss: 0.1821
2025-10-09 22:38:01,523 [INFO] Época 6/30, Batch 3200/3348, Loss: 0.1590
2025-10-09 22:38:01,786 [INFO] Época 6/30, Batch 3250/3348, Loss: 0.1609
2025-10-09 22:38:02,053 [INFO] Época 6/30, Batch 3300/3348, Loss: 0.1130
2025-10-09 22:38:03,907 [INFO] [6/30] Train Loss: 0.1251 | Val Loss: 0.1529 | Tempo: 19.59s
2025-10-09 22:38:03,912 [INFO] Melhor modelo salvo em: /mnt/hdd/home/jdurao/ToolBox-ChemXAI/models/mlp_qm9_MorganCount_att4_large.pth
2025-10-09 22:38:04,520 [INFO] Época 7/30, Batch 50/3348, Loss: 0.1298
2025-10-09 22:38:04,787 [INFO] Época 7/30, Batch 100/3348, Loss: 0.1349
2025-10-09 22:38:05,053 [INFO] Época 7/30, Batch 150/3348, Loss: 0.1199
2025-10-09 22:38:05,315 [INFO] Época 7/30, Batch 200/3348, Loss: 0.1122
2025-10-09 22:38:05,578 [INFO] Época 7/30, Batch 250/3348, Loss: 0.0865
2025-10-09 22:38:05,840 [INFO] Época 7/30, Batch 300/3348, Loss: 0.0907
2025-10-09 22:38:06,103 [INFO] Época 7/30, Batch 350/3348, Loss: 0.1188
2025-10-09 22:38:06,364 [INFO] Época 7/30, Batch 400/3348, Loss: 0.1422
2025-10-09 22:38:06,626 [INFO] Época 7/30, Batch 450/3348, Loss: 0.1121
2025-10-09 22:38:06,887 [INFO] Época 7/30, Batch 500/3348, Loss: 0.0975
2025-10-09 22:38:07,149 [INFO] Época 7/30, Batch 550/3348, Loss: 0.1141
2025-10-09 22:38:07,409 [INFO] Época 7/30, Batch 600/3348, Loss: 0.1288
2025-10-09 22:38:07,671 [INFO] Época 7/30, Batch 650/3348, Loss: 0.1010
2025-10-09 22:38:07,931 [INFO] Época 7/30, Batch 700/3348, Loss: 0.1540
2025-10-09 22:38:08,193 [INFO] Época 7/30, Batch 750/3348, Loss: 0.1284
2025-10-09 22:38:08,453 [INFO] Época 7/30, Batch 800/3348, Loss: 0.1281
2025-10-09 22:38:08,714 [INFO] Época 7/30, Batch 850/3348, Loss: 0.1103
2025-10-09 22:38:08,969 [INFO] Época 7/30, Batch 900/3348, Loss: 0.1501
2025-10-09 22:38:09,223 [INFO] Época 7/30, Batch 950/3348, Loss: 0.1039
2025-10-09 22:38:09,478 [INFO] Época 7/30, Batch 1000/3348, Loss: 0.1345
2025-10-09 22:38:09,740 [INFO] Época 7/30, Batch 1050/3348, Loss: 0.1330
2025-10-09 22:38:09,993 [INFO] Época 7/30, Batch 1100/3348, Loss: 0.0927
2025-10-09 22:38:10,265 [INFO] Época 7/30, Batch 1150/3348, Loss: 0.0973
2025-10-09 22:38:10,544 [INFO] Época 7/30, Batch 1200/3348, Loss: 0.1278
2025-10-09 22:38:10,826 [INFO] Época 7/30, Batch 1250/3348, Loss: 0.1033
2025-10-09 22:38:11,102 [INFO] Época 7/30, Batch 1300/3348, Loss: 0.1277
2025-10-09 22:38:11,376 [INFO] Época 7/30, Batch 1350/3348, Loss: 0.1222
2025-10-09 22:38:11,651 [INFO] Época 7/30, Batch 1400/3348, Loss: 0.1359
2025-10-09 22:38:11,913 [INFO] Época 7/30, Batch 1450/3348, Loss: 0.0965
2025-10-09 22:38:12,180 [INFO] Época 7/30, Batch 1500/3348, Loss: 0.1485
2025-10-09 22:38:12,449 [INFO] Época 7/30, Batch 1550/3348, Loss: 0.1156
2025-10-09 22:38:12,718 [INFO] Época 7/30, Batch 1600/3348, Loss: 0.1098
2025-10-09 22:38:12,980 [INFO] Época 7/30, Batch 1650/3348, Loss: 0.0975
2025-10-09 22:38:13,242 [INFO] Época 7/30, Batch 1700/3348, Loss: 0.1665
2025-10-09 22:38:13,504 [INFO] Época 7/30, Batch 1750/3348, Loss: 0.0909
2025-10-09 22:38:13,768 [INFO] Época 7/30, Batch 1800/3348, Loss: 0.1390
2025-10-09 22:38:14,030 [INFO] Época 7/30, Batch 1850/3348, Loss: 0.1183
2025-10-09 22:38:14,291 [INFO] Época 7/30, Batch 1900/3348, Loss: 0.1094
2025-10-09 22:38:14,552 [INFO] Época 7/30, Batch 1950/3348, Loss: 0.0957
2025-10-09 22:38:14,813 [INFO] Época 7/30, Batch 2000/3348, Loss: 0.1613
2025-10-09 22:38:15,072 [INFO] Época 7/30, Batch 2050/3348, Loss: 0.1126
2025-10-09 22:38:15,343 [INFO] Época 7/30, Batch 2100/3348, Loss: 0.1181
2025-10-09 22:38:15,615 [INFO] Época 7/30, Batch 2150/3348, Loss: 0.0962
2025-10-09 22:38:15,877 [INFO] Época 7/30, Batch 2200/3348, Loss: 0.1369
2025-10-09 22:38:16,138 [INFO] Época 7/30, Batch 2250/3348, Loss: 0.1108
2025-10-09 22:38:16,400 [INFO] Época 7/30, Batch 2300/3348, Loss: 0.1482
2025-10-09 22:38:16,661 [INFO] Época 7/30, Batch 2350/3348, Loss: 0.1211
2025-10-09 22:38:16,920 [INFO] Época 7/30, Batch 2400/3348, Loss: 0.1008
2025-10-09 22:38:17,181 [INFO] Época 7/30, Batch 2450/3348, Loss: 0.1406
2025-10-09 22:38:17,438 [INFO] Época 7/30, Batch 2500/3348, Loss: 0.1524
2025-10-09 22:38:17,699 [INFO] Época 7/30, Batch 2550/3348, Loss: 0.1241
2025-10-09 22:38:17,958 [INFO] Época 7/30, Batch 2600/3348, Loss: 0.1226
2025-10-09 22:38:18,219 [INFO] Época 7/30, Batch 2650/3348, Loss: 0.1252
2025-10-09 22:38:18,479 [INFO] Época 7/30, Batch 2700/3348, Loss: 0.1200
2025-10-09 22:38:18,751 [INFO] Época 7/30, Batch 2750/3348, Loss: 0.1277
2025-10-09 22:38:19,015 [INFO] Época 7/30, Batch 2800/3348, Loss: 0.1049
2025-10-09 22:38:19,275 [INFO] Época 7/30, Batch 2850/3348, Loss: 0.1191
2025-10-09 22:38:19,535 [INFO] Época 7/30, Batch 2900/3348, Loss: 0.1090
2025-10-09 22:38:19,797 [INFO] Época 7/30, Batch 2950/3348, Loss: 0.1479
2025-10-09 22:38:20,059 [INFO] Época 7/30, Batch 3000/3348, Loss: 0.1265
2025-10-09 22:38:20,324 [INFO] Época 7/30, Batch 3050/3348, Loss: 0.1961
2025-10-09 22:38:20,587 [INFO] Época 7/30, Batch 3100/3348, Loss: 0.1001
2025-10-09 22:38:20,851 [INFO] Época 7/30, Batch 3150/3348, Loss: 0.1194
2025-10-09 22:38:21,115 [INFO] Época 7/30, Batch 3200/3348, Loss: 0.1527
2025-10-09 22:38:21,377 [INFO] Época 7/30, Batch 3250/3348, Loss: 0.1080
2025-10-09 22:38:21,639 [INFO] Época 7/30, Batch 3300/3348, Loss: 0.1354
2025-10-09 22:38:23,609 [INFO] [7/30] Train Loss: 0.1196 | Val Loss: 0.1571 | Tempo: 19.70s
2025-10-09 22:38:24,218 [INFO] Época 8/30, Batch 50/3348, Loss: 0.1280
2025-10-09 22:38:24,488 [INFO] Época 8/30, Batch 100/3348, Loss: 0.1037
2025-10-09 22:38:24,754 [INFO] Época 8/30, Batch 150/3348, Loss: 0.0816
2025-10-09 22:38:25,015 [INFO] Época 8/30, Batch 200/3348, Loss: 0.0825
2025-10-09 22:38:25,277 [INFO] Época 8/30, Batch 250/3348, Loss: 0.1143
2025-10-09 22:38:25,539 [INFO] Época 8/30, Batch 300/3348, Loss: 0.1036
2025-10-09 22:38:25,802 [INFO] Época 8/30, Batch 350/3348, Loss: 0.1182
2025-10-09 22:38:26,062 [INFO] Época 8/30, Batch 400/3348, Loss: 0.0879
2025-10-09 22:38:26,322 [INFO] Época 8/30, Batch 450/3348, Loss: 0.1056
2025-10-09 22:38:26,583 [INFO] Época 8/30, Batch 500/3348, Loss: 0.1244
2025-10-09 22:38:26,843 [INFO] Época 8/30, Batch 550/3348, Loss: 0.1107
2025-10-09 22:38:27,103 [INFO] Época 8/30, Batch 600/3348, Loss: 0.1090
2025-10-09 22:38:27,364 [INFO] Época 8/30, Batch 650/3348, Loss: 0.0955
2025-10-09 22:38:27,624 [INFO] Época 8/30, Batch 700/3348, Loss: 0.1296
2025-10-09 22:38:27,885 [INFO] Época 8/30, Batch 750/3348, Loss: 0.1306
2025-10-09 22:38:28,146 [INFO] Época 8/30, Batch 800/3348, Loss: 0.1099
2025-10-09 22:38:28,406 [INFO] Época 8/30, Batch 850/3348, Loss: 0.1167
2025-10-09 22:38:28,665 [INFO] Época 8/30, Batch 900/3348, Loss: 0.1155
2025-10-09 22:38:28,925 [INFO] Época 8/30, Batch 950/3348, Loss: 0.1423
2025-10-09 22:38:29,186 [INFO] Época 8/30, Batch 1000/3348, Loss: 0.0954
2025-10-09 22:38:29,448 [INFO] Época 8/30, Batch 1050/3348, Loss: 0.0978
2025-10-09 22:38:29,710 [INFO] Época 8/30, Batch 1100/3348, Loss: 0.1162
2025-10-09 22:38:29,971 [INFO] Época 8/30, Batch 1150/3348, Loss: 0.1280
2025-10-09 22:38:30,232 [INFO] Época 8/30, Batch 1200/3348, Loss: 0.1158
2025-10-09 22:38:30,495 [INFO] Época 8/30, Batch 1250/3348, Loss: 0.0939
2025-10-09 22:38:30,757 [INFO] Época 8/30, Batch 1300/3348, Loss: 0.1166
2025-10-09 22:38:31,017 [INFO] Época 8/30, Batch 1350/3348, Loss: 0.1515
2025-10-09 22:38:31,277 [INFO] Época 8/30, Batch 1400/3348, Loss: 0.1202
2025-10-09 22:38:31,539 [INFO] Época 8/30, Batch 1450/3348, Loss: 0.0837
2025-10-09 22:38:31,800 [INFO] Época 8/30, Batch 1500/3348, Loss: 0.0964
2025-10-09 22:38:32,062 [INFO] Época 8/30, Batch 1550/3348, Loss: 0.1128
2025-10-09 22:38:32,323 [INFO] Época 8/30, Batch 1600/3348, Loss: 0.1136
2025-10-09 22:38:32,583 [INFO] Época 8/30, Batch 1650/3348, Loss: 0.0854
2025-10-09 22:38:32,846 [INFO] Época 8/30, Batch 1700/3348, Loss: 0.1374
2025-10-09 22:38:33,107 [INFO] Época 8/30, Batch 1750/3348, Loss: 0.1535
2025-10-09 22:38:33,367 [INFO] Época 8/30, Batch 1800/3348, Loss: 0.0970
2025-10-09 22:38:33,628 [INFO] Época 8/30, Batch 1850/3348, Loss: 0.1173
2025-10-09 22:38:33,888 [INFO] Época 8/30, Batch 1900/3348, Loss: 0.1395
2025-10-09 22:38:34,149 [INFO] Época 8/30, Batch 1950/3348, Loss: 0.1348
2025-10-09 22:38:34,409 [INFO] Época 8/30, Batch 2000/3348, Loss: 0.1058
2025-10-09 22:38:34,671 [INFO] Época 8/30, Batch 2050/3348, Loss: 0.1354
2025-10-09 22:38:34,932 [INFO] Época 8/30, Batch 2100/3348, Loss: 0.1359
2025-10-09 22:38:35,193 [INFO] Época 8/30, Batch 2150/3348, Loss: 0.1275
2025-10-09 22:38:35,454 [INFO] Época 8/30, Batch 2200/3348, Loss: 0.1379
2025-10-09 22:38:35,715 [INFO] Época 8/30, Batch 2250/3348, Loss: 0.1117
2025-10-09 22:38:35,976 [INFO] Época 8/30, Batch 2300/3348, Loss: 0.1081
2025-10-09 22:38:36,237 [INFO] Época 8/30, Batch 2350/3348, Loss: 0.2067
2025-10-09 22:38:36,499 [INFO] Época 8/30, Batch 2400/3348, Loss: 0.1147
2025-10-09 22:38:36,760 [INFO] Época 8/30, Batch 2450/3348, Loss: 0.1191
2025-10-09 22:38:37,020 [INFO] Época 8/30, Batch 2500/3348, Loss: 0.1255
2025-10-09 22:38:37,278 [INFO] Época 8/30, Batch 2550/3348, Loss: 0.1075
2025-10-09 22:38:37,539 [INFO] Época 8/30, Batch 2600/3348, Loss: 0.0953
2025-10-09 22:38:37,800 [INFO] Época 8/30, Batch 2650/3348, Loss: 0.1748
2025-10-09 22:38:38,062 [INFO] Época 8/30, Batch 2700/3348, Loss: 0.1229
2025-10-09 22:38:38,322 [INFO] Época 8/30, Batch 2750/3348, Loss: 0.1523
2025-10-09 22:38:38,582 [INFO] Época 8/30, Batch 2800/3348, Loss: 0.1368
2025-10-09 22:38:38,843 [INFO] Época 8/30, Batch 2850/3348, Loss: 0.1217
2025-10-09 22:38:39,106 [INFO] Época 8/30, Batch 2900/3348, Loss: 0.1392
2025-10-09 22:38:39,367 [INFO] Época 8/30, Batch 2950/3348, Loss: 0.1050
2025-10-09 22:38:39,629 [INFO] Época 8/30, Batch 3000/3348, Loss: 0.1101
2025-10-09 22:38:39,889 [INFO] Época 8/30, Batch 3050/3348, Loss: 0.1123
2025-10-09 22:38:40,152 [INFO] Época 8/30, Batch 3100/3348, Loss: 0.1325
2025-10-09 22:38:40,412 [INFO] Época 8/30, Batch 3150/3348, Loss: 0.1084
2025-10-09 22:38:40,674 [INFO] Época 8/30, Batch 3200/3348, Loss: 0.0899
2025-10-09 22:38:40,935 [INFO] Época 8/30, Batch 3250/3348, Loss: 0.0919
2025-10-09 22:38:41,198 [INFO] Época 8/30, Batch 3300/3348, Loss: 0.1079
2025-10-09 22:38:43,087 [INFO] [8/30] Train Loss: 0.1150 | Val Loss: 0.1502 | Tempo: 19.48s
2025-10-09 22:38:43,092 [INFO] Melhor modelo salvo em: /mnt/hdd/home/jdurao/ToolBox-ChemXAI/models/mlp_qm9_MorganCount_att4_large.pth
2025-10-09 22:38:43,700 [INFO] Época 9/30, Batch 50/3348, Loss: 0.1463
2025-10-09 22:38:43,968 [INFO] Época 9/30, Batch 100/3348, Loss: 0.1072
2025-10-09 22:38:44,236 [INFO] Época 9/30, Batch 150/3348, Loss: 0.1407
2025-10-09 22:38:44,500 [INFO] Época 9/30, Batch 200/3348, Loss: 0.1159
2025-10-09 22:38:44,765 [INFO] Época 9/30, Batch 250/3348, Loss: 0.1277
2025-10-09 22:38:45,029 [INFO] Época 9/30, Batch 300/3348, Loss: 0.1035
2025-10-09 22:38:45,295 [INFO] Época 9/30, Batch 350/3348, Loss: 0.1122
2025-10-09 22:38:45,559 [INFO] Época 9/30, Batch 400/3348, Loss: 0.1177
2025-10-09 22:38:45,823 [INFO] Época 9/30, Batch 450/3348, Loss: 0.1122
2025-10-09 22:38:46,085 [INFO] Época 9/30, Batch 500/3348, Loss: 0.0994
2025-10-09 22:38:46,348 [INFO] Época 9/30, Batch 550/3348, Loss: 0.1150
2025-10-09 22:38:46,614 [INFO] Época 9/30, Batch 600/3348, Loss: 0.1250
2025-10-09 22:38:46,878 [INFO] Época 9/30, Batch 650/3348, Loss: 0.1149
2025-10-09 22:38:47,140 [INFO] Época 9/30, Batch 700/3348, Loss: 0.0967
2025-10-09 22:38:47,403 [INFO] Época 9/30, Batch 750/3348, Loss: 0.1178
2025-10-09 22:38:47,664 [INFO] Época 9/30, Batch 800/3348, Loss: 0.0952
2025-10-09 22:38:47,926 [INFO] Época 9/30, Batch 850/3348, Loss: 0.0739
2025-10-09 22:38:48,179 [INFO] Época 9/30, Batch 900/3348, Loss: 0.1152
2025-10-09 22:38:48,433 [INFO] Época 9/30, Batch 950/3348, Loss: 0.1236
2025-10-09 22:38:48,687 [INFO] Época 9/30, Batch 1000/3348, Loss: 0.0878
2025-10-09 22:38:48,941 [INFO] Época 9/30, Batch 1050/3348, Loss: 0.0971
2025-10-09 22:38:49,197 [INFO] Época 9/30, Batch 1100/3348, Loss: 0.1070
2025-10-09 22:38:49,452 [INFO] Época 9/30, Batch 1150/3348, Loss: 0.1035
2025-10-09 22:38:49,707 [INFO] Época 9/30, Batch 1200/3348, Loss: 0.1181
2025-10-09 22:38:49,965 [INFO] Época 9/30, Batch 1250/3348, Loss: 0.1177
2025-10-09 22:38:50,226 [INFO] Época 9/30, Batch 1300/3348, Loss: 0.1068
2025-10-09 22:38:50,490 [INFO] Época 9/30, Batch 1350/3348, Loss: 0.1146
2025-10-09 22:38:50,751 [INFO] Época 9/30, Batch 1400/3348, Loss: 0.1315
2025-10-09 22:38:51,013 [INFO] Época 9/30, Batch 1450/3348, Loss: 0.0798
2025-10-09 22:38:51,276 [INFO] Época 9/30, Batch 1500/3348, Loss: 0.0989
2025-10-09 22:38:51,539 [INFO] Época 9/30, Batch 1550/3348, Loss: 0.1251
2025-10-09 22:38:51,801 [INFO] Época 9/30, Batch 1600/3348, Loss: 0.0981
2025-10-09 22:38:52,063 [INFO] Época 9/30, Batch 1650/3348, Loss: 0.1180
2025-10-09 22:38:52,325 [INFO] Época 9/30, Batch 1700/3348, Loss: 0.1196
2025-10-09 22:38:52,589 [INFO] Época 9/30, Batch 1750/3348, Loss: 0.0858
2025-10-09 22:38:52,853 [INFO] Época 9/30, Batch 1800/3348, Loss: 0.0928
2025-10-09 22:38:53,116 [INFO] Época 9/30, Batch 1850/3348, Loss: 0.1348
2025-10-09 22:38:53,378 [INFO] Época 9/30, Batch 1900/3348, Loss: 0.0939
2025-10-09 22:38:53,641 [INFO] Época 9/30, Batch 1950/3348, Loss: 0.0813
2025-10-09 22:38:53,904 [INFO] Época 9/30, Batch 2000/3348, Loss: 0.1419
2025-10-09 22:38:54,165 [INFO] Época 9/30, Batch 2050/3348, Loss: 0.1139
2025-10-09 22:38:54,429 [INFO] Época 9/30, Batch 2100/3348, Loss: 0.1061
2025-10-09 22:38:54,691 [INFO] Época 9/30, Batch 2150/3348, Loss: 0.1052
2025-10-09 22:38:54,954 [INFO] Época 9/30, Batch 2200/3348, Loss: 0.0893
2025-10-09 22:38:55,216 [INFO] Época 9/30, Batch 2250/3348, Loss: 0.1154
2025-10-09 22:38:55,478 [INFO] Época 9/30, Batch 2300/3348, Loss: 0.1200
2025-10-09 22:38:55,741 [INFO] Época 9/30, Batch 2350/3348, Loss: 0.1126
2025-10-09 22:38:56,005 [INFO] Época 9/30, Batch 2400/3348, Loss: 0.1096
2025-10-09 22:38:56,267 [INFO] Época 9/30, Batch 2450/3348, Loss: 0.1005
2025-10-09 22:38:56,529 [INFO] Época 9/30, Batch 2500/3348, Loss: 0.0915
2025-10-09 22:38:56,791 [INFO] Época 9/30, Batch 2550/3348, Loss: 0.1096
2025-10-09 22:38:57,053 [INFO] Época 9/30, Batch 2600/3348, Loss: 0.0896
2025-10-09 22:38:57,317 [INFO] Época 9/30, Batch 2650/3348, Loss: 0.1106
2025-10-09 22:38:57,580 [INFO] Época 9/30, Batch 2700/3348, Loss: 0.1064
2025-10-09 22:38:57,843 [INFO] Época 9/30, Batch 2750/3348, Loss: 0.1291
2025-10-09 22:38:58,107 [INFO] Época 9/30, Batch 2800/3348, Loss: 0.1024
2025-10-09 22:38:58,370 [INFO] Época 9/30, Batch 2850/3348, Loss: 0.0988
2025-10-09 22:38:58,633 [INFO] Época 9/30, Batch 2900/3348, Loss: 0.1209
2025-10-09 22:38:58,894 [INFO] Época 9/30, Batch 2950/3348, Loss: 0.0929
2025-10-09 22:38:59,155 [INFO] Época 9/30, Batch 3000/3348, Loss: 0.1240
2025-10-09 22:38:59,417 [INFO] Época 9/30, Batch 3050/3348, Loss: 0.1281
2025-10-09 22:38:59,681 [INFO] Época 9/30, Batch 3100/3348, Loss: 0.1240
2025-10-09 22:38:59,944 [INFO] Época 9/30, Batch 3150/3348, Loss: 0.0992
2025-10-09 22:39:00,206 [INFO] Época 9/30, Batch 3200/3348, Loss: 0.0987
2025-10-09 22:39:00,468 [INFO] Época 9/30, Batch 3250/3348, Loss: 0.1400
2025-10-09 22:39:00,730 [INFO] Época 9/30, Batch 3300/3348, Loss: 0.1101
2025-10-09 22:39:02,715 [INFO] [9/30] Train Loss: 0.1107 | Val Loss: 0.1687 | Tempo: 19.62s
2025-10-09 22:39:03,318 [INFO] Época 10/30, Batch 50/3348, Loss: 0.1092
2025-10-09 22:39:03,585 [INFO] Época 10/30, Batch 100/3348, Loss: 0.1161
2025-10-09 22:39:03,849 [INFO] Época 10/30, Batch 150/3348, Loss: 0.1304
2025-10-09 22:39:04,112 [INFO] Época 10/30, Batch 200/3348, Loss: 0.1246
2025-10-09 22:39:04,376 [INFO] Época 10/30, Batch 250/3348, Loss: 0.1157
2025-10-09 22:39:04,653 [INFO] Época 10/30, Batch 300/3348, Loss: 0.1227
2025-10-09 22:39:04,918 [INFO] Época 10/30, Batch 350/3348, Loss: 0.0799
2025-10-09 22:39:05,183 [INFO] Época 10/30, Batch 400/3348, Loss: 0.1177
2025-10-09 22:39:05,445 [INFO] Época 10/30, Batch 450/3348, Loss: 0.1056
2025-10-09 22:39:05,709 [INFO] Época 10/30, Batch 500/3348, Loss: 0.1111
2025-10-09 22:39:05,973 [INFO] Época 10/30, Batch 550/3348, Loss: 0.1090
2025-10-09 22:39:06,242 [INFO] Época 10/30, Batch 600/3348, Loss: 0.0846
2025-10-09 22:39:06,505 [INFO] Época 10/30, Batch 650/3348, Loss: 0.0918
2025-10-09 22:39:06,764 [INFO] Época 10/30, Batch 700/3348, Loss: 0.0998
2025-10-09 22:39:07,020 [INFO] Época 10/30, Batch 750/3348, Loss: 0.1063
2025-10-09 22:39:07,276 [INFO] Época 10/30, Batch 800/3348, Loss: 0.1150
2025-10-09 22:39:07,531 [INFO] Época 10/30, Batch 850/3348, Loss: 0.1212
2025-10-09 22:39:07,787 [INFO] Época 10/30, Batch 900/3348, Loss: 0.1109
2025-10-09 22:39:08,040 [INFO] Época 10/30, Batch 950/3348, Loss: 0.1004
2025-10-09 22:39:08,293 [INFO] Época 10/30, Batch 1000/3348, Loss: 0.0972
2025-10-09 22:39:08,546 [INFO] Época 10/30, Batch 1050/3348, Loss: 0.1025
2025-10-09 22:39:08,798 [INFO] Época 10/30, Batch 1100/3348, Loss: 0.1092
2025-10-09 22:39:09,060 [INFO] Época 10/30, Batch 1150/3348, Loss: 0.1251
2025-10-09 22:39:09,324 [INFO] Época 10/30, Batch 1200/3348, Loss: 0.1107
2025-10-09 22:39:09,589 [INFO] Época 10/30, Batch 1250/3348, Loss: 0.1276
2025-10-09 22:39:09,849 [INFO] Época 10/30, Batch 1300/3348, Loss: 0.1341
2025-10-09 22:39:10,109 [INFO] Época 10/30, Batch 1350/3348, Loss: 0.0956
2025-10-09 22:39:10,372 [INFO] Época 10/30, Batch 1400/3348, Loss: 0.1067
2025-10-09 22:39:10,634 [INFO] Época 10/30, Batch 1450/3348, Loss: 0.1022
2025-10-09 22:39:10,891 [INFO] Época 10/30, Batch 1500/3348, Loss: 0.1095
2025-10-09 22:39:11,147 [INFO] Época 10/30, Batch 1550/3348, Loss: 0.1091
2025-10-09 22:39:11,404 [INFO] Época 10/30, Batch 1600/3348, Loss: 0.1206
2025-10-09 22:39:11,662 [INFO] Época 10/30, Batch 1650/3348, Loss: 0.1023
2025-10-09 22:39:11,920 [INFO] Época 10/30, Batch 1700/3348, Loss: 0.0838
2025-10-09 22:39:12,179 [INFO] Época 10/30, Batch 1750/3348, Loss: 0.1009
2025-10-09 22:39:12,436 [INFO] Época 10/30, Batch 1800/3348, Loss: 0.1203
2025-10-09 22:39:12,694 [INFO] Época 10/30, Batch 1850/3348, Loss: 0.1207
2025-10-09 22:39:12,955 [INFO] Época 10/30, Batch 1900/3348, Loss: 0.1015
2025-10-09 22:39:13,213 [INFO] Época 10/30, Batch 1950/3348, Loss: 0.0857
2025-10-09 22:39:13,472 [INFO] Época 10/30, Batch 2000/3348, Loss: 0.0769
2025-10-09 22:39:13,731 [INFO] Época 10/30, Batch 2050/3348, Loss: 0.1109
2025-10-09 22:39:13,988 [INFO] Época 10/30, Batch 2100/3348, Loss: 0.1402
2025-10-09 22:39:14,249 [INFO] Época 10/30, Batch 2150/3348, Loss: 0.0982
2025-10-09 22:39:14,508 [INFO] Época 10/30, Batch 2200/3348, Loss: 0.1187
2025-10-09 22:39:14,765 [INFO] Época 10/30, Batch 2250/3348, Loss: 0.0813
2025-10-09 22:39:15,023 [INFO] Época 10/30, Batch 2300/3348, Loss: 0.1200
2025-10-09 22:39:15,282 [INFO] Época 10/30, Batch 2350/3348, Loss: 0.0927
2025-10-09 22:39:15,542 [INFO] Época 10/30, Batch 2400/3348, Loss: 0.1082
2025-10-09 22:39:15,799 [INFO] Época 10/30, Batch 2450/3348, Loss: 0.1057
2025-10-09 22:39:16,058 [INFO] Época 10/30, Batch 2500/3348, Loss: 0.0926
2025-10-09 22:39:16,316 [INFO] Época 10/30, Batch 2550/3348, Loss: 0.0970
2025-10-09 22:39:16,574 [INFO] Época 10/30, Batch 2600/3348, Loss: 0.0889
2025-10-09 22:39:16,833 [INFO] Época 10/30, Batch 2650/3348, Loss: 0.1062
2025-10-09 22:39:17,090 [INFO] Época 10/30, Batch 2700/3348, Loss: 0.1042
2025-10-09 22:39:17,348 [INFO] Época 10/30, Batch 2750/3348, Loss: 0.1129
2025-10-09 22:39:17,605 [INFO] Época 10/30, Batch 2800/3348, Loss: 0.1138
2025-10-09 22:39:17,863 [INFO] Época 10/30, Batch 2850/3348, Loss: 0.0862
2025-10-09 22:39:18,121 [INFO] Época 10/30, Batch 2900/3348, Loss: 0.0902
2025-10-09 22:39:18,380 [INFO] Época 10/30, Batch 2950/3348, Loss: 0.1158
2025-10-09 22:39:18,638 [INFO] Época 10/30, Batch 3000/3348, Loss: 0.1042
2025-10-09 22:39:18,897 [INFO] Época 10/30, Batch 3050/3348, Loss: 0.1616
2025-10-09 22:39:19,153 [INFO] Época 10/30, Batch 3100/3348, Loss: 0.0865
2025-10-09 22:39:19,411 [INFO] Época 10/30, Batch 3150/3348, Loss: 0.1066
2025-10-09 22:39:19,671 [INFO] Época 10/30, Batch 3200/3348, Loss: 0.0989
2025-10-09 22:39:19,929 [INFO] Época 10/30, Batch 3250/3348, Loss: 0.1307
2025-10-09 22:39:20,188 [INFO] Época 10/30, Batch 3300/3348, Loss: 0.1022
2025-10-09 22:39:21,978 [INFO] [10/30] Train Loss: 0.1075 | Val Loss: 0.1518 | Tempo: 19.26s
2025-10-09 22:39:22,584 [INFO] Época 11/30, Batch 50/3348, Loss: 0.0957
2025-10-09 22:39:22,854 [INFO] Época 11/30, Batch 100/3348, Loss: 0.1129
2025-10-09 22:39:23,120 [INFO] Época 11/30, Batch 150/3348, Loss: 0.0948
2025-10-09 22:39:23,383 [INFO] Época 11/30, Batch 200/3348, Loss: 0.0805
2025-10-09 22:39:23,646 [INFO] Época 11/30, Batch 250/3348, Loss: 0.0855
2025-10-09 22:39:23,908 [INFO] Época 11/30, Batch 300/3348, Loss: 0.0853
2025-10-09 22:39:24,170 [INFO] Época 11/30, Batch 350/3348, Loss: 0.0905
2025-10-09 22:39:24,433 [INFO] Época 11/30, Batch 400/3348, Loss: 0.1220
2025-10-09 22:39:24,694 [INFO] Época 11/30, Batch 450/3348, Loss: 0.1282
2025-10-09 22:39:24,955 [INFO] Época 11/30, Batch 500/3348, Loss: 0.0810
2025-10-09 22:39:25,217 [INFO] Época 11/30, Batch 550/3348, Loss: 0.1033
2025-10-09 22:39:25,477 [INFO] Época 11/30, Batch 600/3348, Loss: 0.0875
2025-10-09 22:39:25,738 [INFO] Época 11/30, Batch 650/3348, Loss: 0.0773
2025-10-09 22:39:25,999 [INFO] Época 11/30, Batch 700/3348, Loss: 0.1030
2025-10-09 22:39:26,259 [INFO] Época 11/30, Batch 750/3348, Loss: 0.0709
2025-10-09 22:39:26,520 [INFO] Época 11/30, Batch 800/3348, Loss: 0.0907
2025-10-09 22:39:26,779 [INFO] Época 11/30, Batch 850/3348, Loss: 0.1247
2025-10-09 22:39:27,041 [INFO] Época 11/30, Batch 900/3348, Loss: 0.1336
2025-10-09 22:39:27,304 [INFO] Época 11/30, Batch 950/3348, Loss: 0.1039
2025-10-09 22:39:27,568 [INFO] Época 11/30, Batch 1000/3348, Loss: 0.0963
2025-10-09 22:39:27,831 [INFO] Época 11/30, Batch 1050/3348, Loss: 0.1726
2025-10-09 22:39:28,093 [INFO] Época 11/30, Batch 1100/3348, Loss: 0.0820
2025-10-09 22:39:28,359 [INFO] Época 11/30, Batch 1150/3348, Loss: 0.1529
2025-10-09 22:39:28,622 [INFO] Época 11/30, Batch 1200/3348, Loss: 0.1062
2025-10-09 22:39:28,884 [INFO] Época 11/30, Batch 1250/3348, Loss: 0.1266
2025-10-09 22:39:29,146 [INFO] Época 11/30, Batch 1300/3348, Loss: 0.1281
2025-10-09 22:39:29,409 [INFO] Época 11/30, Batch 1350/3348, Loss: 0.1115
2025-10-09 22:39:29,674 [INFO] Época 11/30, Batch 1400/3348, Loss: 0.0975
2025-10-09 22:39:29,936 [INFO] Época 11/30, Batch 1450/3348, Loss: 0.0954
2025-10-09 22:39:30,199 [INFO] Época 11/30, Batch 1500/3348, Loss: 0.0905
2025-10-09 22:39:30,461 [INFO] Época 11/30, Batch 1550/3348, Loss: 0.1244
2025-10-09 22:39:30,724 [INFO] Época 11/30, Batch 1600/3348, Loss: 0.1019
2025-10-09 22:39:30,985 [INFO] Época 11/30, Batch 1650/3348, Loss: 0.0904
2025-10-09 22:39:31,250 [INFO] Época 11/30, Batch 1700/3348, Loss: 0.1270
2025-10-09 22:39:31,512 [INFO] Época 11/30, Batch 1750/3348, Loss: 0.0972
2025-10-09 22:39:31,773 [INFO] Época 11/30, Batch 1800/3348, Loss: 0.0750
2025-10-09 22:39:32,035 [INFO] Época 11/30, Batch 1850/3348, Loss: 0.0822
2025-10-09 22:39:32,297 [INFO] Época 11/30, Batch 1900/3348, Loss: 0.1144
2025-10-09 22:39:32,560 [INFO] Época 11/30, Batch 1950/3348, Loss: 0.1123
2025-10-09 22:39:32,823 [INFO] Época 11/30, Batch 2000/3348, Loss: 0.1185
2025-10-09 22:39:33,085 [INFO] Época 11/30, Batch 2050/3348, Loss: 0.1159
2025-10-09 22:39:33,346 [INFO] Época 11/30, Batch 2100/3348, Loss: 0.1238
2025-10-09 22:39:33,609 [INFO] Época 11/30, Batch 2150/3348, Loss: 0.1467
2025-10-09 22:39:33,874 [INFO] Época 11/30, Batch 2200/3348, Loss: 0.1225
2025-10-09 22:39:34,136 [INFO] Época 11/30, Batch 2250/3348, Loss: 0.0745
2025-10-09 22:39:34,398 [INFO] Época 11/30, Batch 2300/3348, Loss: 0.0989
2025-10-09 22:39:34,661 [INFO] Época 11/30, Batch 2350/3348, Loss: 0.1067
2025-10-09 22:39:34,923 [INFO] Época 11/30, Batch 2400/3348, Loss: 0.0863
2025-10-09 22:39:35,185 [INFO] Época 11/30, Batch 2450/3348, Loss: 0.1008
2025-10-09 22:39:35,446 [INFO] Época 11/30, Batch 2500/3348, Loss: 0.0949
2025-10-09 22:39:35,707 [INFO] Época 11/30, Batch 2550/3348, Loss: 0.1627
2025-10-09 22:39:35,969 [INFO] Época 11/30, Batch 2600/3348, Loss: 0.1040
2025-10-09 22:39:36,230 [INFO] Época 11/30, Batch 2650/3348, Loss: 0.1356
2025-10-09 22:39:36,493 [INFO] Época 11/30, Batch 2700/3348, Loss: 0.0992
2025-10-09 22:39:36,755 [INFO] Época 11/30, Batch 2750/3348, Loss: 0.1222
2025-10-09 22:39:37,016 [INFO] Época 11/30, Batch 2800/3348, Loss: 0.0859
2025-10-09 22:39:37,276 [INFO] Época 11/30, Batch 2850/3348, Loss: 0.0717
2025-10-09 22:39:37,538 [INFO] Época 11/30, Batch 2900/3348, Loss: 0.1079
2025-10-09 22:39:37,802 [INFO] Época 11/30, Batch 2950/3348, Loss: 0.0936
2025-10-09 22:39:38,064 [INFO] Época 11/30, Batch 3000/3348, Loss: 0.0967
2025-10-09 22:39:38,327 [INFO] Época 11/30, Batch 3050/3348, Loss: 0.1232
2025-10-09 22:39:38,589 [INFO] Época 11/30, Batch 3100/3348, Loss: 0.0862
2025-10-09 22:39:38,849 [INFO] Época 11/30, Batch 3150/3348, Loss: 0.1014
2025-10-09 22:39:39,112 [INFO] Época 11/30, Batch 3200/3348, Loss: 0.1499
2025-10-09 22:39:39,375 [INFO] Época 11/30, Batch 3250/3348, Loss: 0.1163
2025-10-09 22:39:39,638 [INFO] Época 11/30, Batch 3300/3348, Loss: 0.1009
2025-10-09 22:39:41,574 [INFO] [11/30] Train Loss: 0.1042 | Val Loss: 0.1481 | Tempo: 19.60s
2025-10-09 22:39:41,580 [INFO] Melhor modelo salvo em: /mnt/hdd/home/jdurao/ToolBox-ChemXAI/models/mlp_qm9_MorganCount_att4_large.pth
2025-10-09 22:39:42,203 [INFO] Época 12/30, Batch 50/3348, Loss: 0.0916
2025-10-09 22:39:42,489 [INFO] Época 12/30, Batch 100/3348, Loss: 0.1036
2025-10-09 22:39:42,771 [INFO] Época 12/30, Batch 150/3348, Loss: 0.1009
2025-10-09 22:39:43,053 [INFO] Época 12/30, Batch 200/3348, Loss: 0.0919
2025-10-09 22:39:43,334 [INFO] Época 12/30, Batch 250/3348, Loss: 0.0979
2025-10-09 22:39:43,614 [INFO] Época 12/30, Batch 300/3348, Loss: 0.0876
2025-10-09 22:39:43,893 [INFO] Época 12/30, Batch 350/3348, Loss: 0.1026
2025-10-09 22:39:44,173 [INFO] Época 12/30, Batch 400/3348, Loss: 0.1036
2025-10-09 22:39:44,453 [INFO] Época 12/30, Batch 450/3348, Loss: 0.0836
2025-10-09 22:39:44,726 [INFO] Época 12/30, Batch 500/3348, Loss: 0.0801
2025-10-09 22:39:45,001 [INFO] Época 12/30, Batch 550/3348, Loss: 0.1127
2025-10-09 22:39:45,277 [INFO] Época 12/30, Batch 600/3348, Loss: 0.1024
2025-10-09 22:39:45,553 [INFO] Época 12/30, Batch 650/3348, Loss: 0.0970
2025-10-09 22:39:45,825 [INFO] Época 12/30, Batch 700/3348, Loss: 0.1074
2025-10-09 22:39:46,097 [INFO] Época 12/30, Batch 750/3348, Loss: 0.0900
2025-10-09 22:39:46,367 [INFO] Época 12/30, Batch 800/3348, Loss: 0.1459
2025-10-09 22:39:46,636 [INFO] Época 12/30, Batch 850/3348, Loss: 0.0904
2025-10-09 22:39:46,895 [INFO] Época 12/30, Batch 900/3348, Loss: 0.0777
2025-10-09 22:39:47,153 [INFO] Época 12/30, Batch 950/3348, Loss: 0.0675
2025-10-09 22:39:47,411 [INFO] Época 12/30, Batch 1000/3348, Loss: 0.0848
2025-10-09 22:39:47,664 [INFO] Época 12/30, Batch 1050/3348, Loss: 0.0969
2025-10-09 22:39:47,918 [INFO] Época 12/30, Batch 1100/3348, Loss: 0.0983
2025-10-09 22:39:48,172 [INFO] Época 12/30, Batch 1150/3348, Loss: 0.0769
2025-10-09 22:39:48,433 [INFO] Época 12/30, Batch 1200/3348, Loss: 0.1291
2025-10-09 22:39:48,690 [INFO] Época 12/30, Batch 1250/3348, Loss: 0.1126
2025-10-09 22:39:48,963 [INFO] Época 12/30, Batch 1300/3348, Loss: 0.0813
2025-10-09 22:39:49,234 [INFO] Época 12/30, Batch 1350/3348, Loss: 0.0773
2025-10-09 22:39:49,506 [INFO] Época 12/30, Batch 1400/3348, Loss: 0.1126
2025-10-09 22:39:49,778 [INFO] Época 12/30, Batch 1450/3348, Loss: 0.1122
2025-10-09 22:39:50,049 [INFO] Época 12/30, Batch 1500/3348, Loss: 0.1216
2025-10-09 22:39:50,321 [INFO] Época 12/30, Batch 1550/3348, Loss: 0.0865
2025-10-09 22:39:50,592 [INFO] Época 12/30, Batch 1600/3348, Loss: 0.0858
2025-10-09 22:39:50,863 [INFO] Época 12/30, Batch 1650/3348, Loss: 0.0947
2025-10-09 22:39:51,135 [INFO] Época 12/30, Batch 1700/3348, Loss: 0.0922
2025-10-09 22:39:51,406 [INFO] Época 12/30, Batch 1750/3348, Loss: 0.1032
2025-10-09 22:39:51,676 [INFO] Época 12/30, Batch 1800/3348, Loss: 0.1120
2025-10-09 22:39:51,934 [INFO] Época 12/30, Batch 1850/3348, Loss: 0.1111
2025-10-09 22:39:52,192 [INFO] Época 12/30, Batch 1900/3348, Loss: 0.0990
2025-10-09 22:39:52,451 [INFO] Época 12/30, Batch 1950/3348, Loss: 0.0724
2025-10-09 22:39:52,710 [INFO] Época 12/30, Batch 2000/3348, Loss: 0.1031
2025-10-09 22:39:52,968 [INFO] Época 12/30, Batch 2050/3348, Loss: 0.1138
2025-10-09 22:39:53,227 [INFO] Época 12/30, Batch 2100/3348, Loss: 0.1330
2025-10-09 22:39:53,486 [INFO] Época 12/30, Batch 2150/3348, Loss: 0.1186
2025-10-09 22:39:53,744 [INFO] Época 12/30, Batch 2200/3348, Loss: 0.1144
2025-10-09 22:39:54,004 [INFO] Época 12/30, Batch 2250/3348, Loss: 0.0962
2025-10-09 22:39:54,263 [INFO] Época 12/30, Batch 2300/3348, Loss: 0.0688
2025-10-09 22:39:54,520 [INFO] Época 12/30, Batch 2350/3348, Loss: 0.0743
2025-10-09 22:39:54,778 [INFO] Época 12/30, Batch 2400/3348, Loss: 0.0727
2025-10-09 22:39:55,036 [INFO] Época 12/30, Batch 2450/3348, Loss: 0.1019
2025-10-09 22:39:55,295 [INFO] Época 12/30, Batch 2500/3348, Loss: 0.1096
2025-10-09 22:39:55,554 [INFO] Época 12/30, Batch 2550/3348, Loss: 0.0514
2025-10-09 22:39:55,815 [INFO] Época 12/30, Batch 2600/3348, Loss: 0.0994
2025-10-09 22:39:56,092 [INFO] Época 12/30, Batch 2650/3348, Loss: 0.0947
2025-10-09 22:39:56,366 [INFO] Época 12/30, Batch 2700/3348, Loss: 0.1049
2025-10-09 22:39:56,645 [INFO] Época 12/30, Batch 2750/3348, Loss: 0.0717
2025-10-09 22:39:56,915 [INFO] Época 12/30, Batch 2800/3348, Loss: 0.1056
2025-10-09 22:39:57,186 [INFO] Época 12/30, Batch 2850/3348, Loss: 0.1056
2025-10-09 22:39:57,453 [INFO] Época 12/30, Batch 2900/3348, Loss: 0.0970
2025-10-09 22:39:57,715 [INFO] Época 12/30, Batch 2950/3348, Loss: 0.0879
2025-10-09 22:39:57,978 [INFO] Época 12/30, Batch 3000/3348, Loss: 0.1224
2025-10-09 22:39:58,241 [INFO] Época 12/30, Batch 3050/3348, Loss: 0.1210
2025-10-09 22:39:58,503 [INFO] Época 12/30, Batch 3100/3348, Loss: 0.0982
2025-10-09 22:39:58,767 [INFO] Época 12/30, Batch 3150/3348, Loss: 0.1219
2025-10-09 22:39:59,031 [INFO] Época 12/30, Batch 3200/3348, Loss: 0.1104
2025-10-09 22:39:59,296 [INFO] Época 12/30, Batch 3250/3348, Loss: 0.1259
2025-10-09 22:39:59,559 [INFO] Época 12/30, Batch 3300/3348, Loss: 0.1444
2025-10-09 22:40:01,386 [INFO] [12/30] Train Loss: 0.1017 | Val Loss: 0.1605 | Tempo: 19.81s
2025-10-09 22:40:01,998 [INFO] Época 13/30, Batch 50/3348, Loss: 0.0937
2025-10-09 22:40:02,276 [INFO] Época 13/30, Batch 100/3348, Loss: 0.0842
2025-10-09 22:40:02,551 [INFO] Época 13/30, Batch 150/3348, Loss: 0.0626
2025-10-09 22:40:02,824 [INFO] Época 13/30, Batch 200/3348, Loss: 0.1050
2025-10-09 22:40:03,095 [INFO] Época 13/30, Batch 250/3348, Loss: 0.1074
2025-10-09 22:40:03,368 [INFO] Época 13/30, Batch 300/3348, Loss: 0.0914
2025-10-09 22:40:03,638 [INFO] Época 13/30, Batch 350/3348, Loss: 0.1060
2025-10-09 22:40:03,910 [INFO] Época 13/30, Batch 400/3348, Loss: 0.1123
2025-10-09 22:40:04,182 [INFO] Época 13/30, Batch 450/3348, Loss: 0.0916
2025-10-09 22:40:04,454 [INFO] Época 13/30, Batch 500/3348, Loss: 0.0813
2025-10-09 22:40:04,723 [INFO] Época 13/30, Batch 550/3348, Loss: 0.0931
2025-10-09 22:40:04,994 [INFO] Época 13/30, Batch 600/3348, Loss: 0.0915
2025-10-09 22:40:05,263 [INFO] Época 13/30, Batch 650/3348, Loss: 0.0986
2025-10-09 22:40:05,534 [INFO] Época 13/30, Batch 700/3348, Loss: 0.0899
2025-10-09 22:40:05,804 [INFO] Época 13/30, Batch 750/3348, Loss: 0.0927
2025-10-09 22:40:06,071 [INFO] Época 13/30, Batch 800/3348, Loss: 0.0887
2025-10-09 22:40:06,332 [INFO] Época 13/30, Batch 850/3348, Loss: 0.1154
2025-10-09 22:40:06,592 [INFO] Época 13/30, Batch 900/3348, Loss: 0.1019
2025-10-09 22:40:06,853 [INFO] Época 13/30, Batch 950/3348, Loss: 0.1071
2025-10-09 22:40:07,115 [INFO] Época 13/30, Batch 1000/3348, Loss: 0.0749
2025-10-09 22:40:07,376 [INFO] Época 13/30, Batch 1050/3348, Loss: 0.0959
2025-10-09 22:40:07,637 [INFO] Época 13/30, Batch 1100/3348, Loss: 0.1207
2025-10-09 22:40:07,898 [INFO] Época 13/30, Batch 1150/3348, Loss: 0.1093
2025-10-09 22:40:08,158 [INFO] Época 13/30, Batch 1200/3348, Loss: 0.1156
2025-10-09 22:40:08,420 [INFO] Época 13/30, Batch 1250/3348, Loss: 0.0978
2025-10-09 22:40:08,690 [INFO] Época 13/30, Batch 1300/3348, Loss: 0.0885
2025-10-09 22:40:08,958 [INFO] Época 13/30, Batch 1350/3348, Loss: 0.0701
2025-10-09 22:40:09,227 [INFO] Época 13/30, Batch 1400/3348, Loss: 0.0919
2025-10-09 22:40:09,495 [INFO] Época 13/30, Batch 1450/3348, Loss: 0.0751
2025-10-09 22:40:09,766 [INFO] Época 13/30, Batch 1500/3348, Loss: 0.0852
2025-10-09 22:40:10,035 [INFO] Época 13/30, Batch 1550/3348, Loss: 0.1250
2025-10-09 22:40:10,304 [INFO] Época 13/30, Batch 1600/3348, Loss: 0.1230
2025-10-09 22:40:10,569 [INFO] Época 13/30, Batch 1650/3348, Loss: 0.1120
2025-10-09 22:40:10,831 [INFO] Época 13/30, Batch 1700/3348, Loss: 0.1290
2025-10-09 22:40:11,094 [INFO] Época 13/30, Batch 1750/3348, Loss: 0.1470
2025-10-09 22:40:11,355 [INFO] Época 13/30, Batch 1800/3348, Loss: 0.1324
2025-10-09 22:40:11,617 [INFO] Época 13/30, Batch 1850/3348, Loss: 0.0859
2025-10-09 22:40:11,876 [INFO] Época 13/30, Batch 1900/3348, Loss: 0.0807
2025-10-09 22:40:12,136 [INFO] Época 13/30, Batch 1950/3348, Loss: 0.1332
2025-10-09 22:40:12,397 [INFO] Época 13/30, Batch 2000/3348, Loss: 0.0965
2025-10-09 22:40:12,665 [INFO] Época 13/30, Batch 2050/3348, Loss: 0.0953
2025-10-09 22:40:12,936 [INFO] Época 13/30, Batch 2100/3348, Loss: 0.0835
2025-10-09 22:40:13,203 [INFO] Época 13/30, Batch 2150/3348, Loss: 0.0862
2025-10-09 22:40:13,473 [INFO] Época 13/30, Batch 2200/3348, Loss: 0.1088
2025-10-09 22:40:13,744 [INFO] Época 13/30, Batch 2250/3348, Loss: 0.1263
2025-10-09 22:40:14,011 [INFO] Época 13/30, Batch 2300/3348, Loss: 0.1267
2025-10-09 22:40:14,281 [INFO] Época 13/30, Batch 2350/3348, Loss: 0.1245
2025-10-09 22:40:14,549 [INFO] Época 13/30, Batch 2400/3348, Loss: 0.0693
2025-10-09 22:40:14,819 [INFO] Época 13/30, Batch 2450/3348, Loss: 0.0881
2025-10-09 22:40:15,088 [INFO] Época 13/30, Batch 2500/3348, Loss: 0.0945
2025-10-09 22:40:15,358 [INFO] Época 13/30, Batch 2550/3348, Loss: 0.1024
2025-10-09 22:40:15,626 [INFO] Época 13/30, Batch 2600/3348, Loss: 0.1075
2025-10-09 22:40:15,896 [INFO] Época 13/30, Batch 2650/3348, Loss: 0.1542
2025-10-09 22:40:16,165 [INFO] Época 13/30, Batch 2700/3348, Loss: 0.1032
2025-10-09 22:40:16,435 [INFO] Época 13/30, Batch 2750/3348, Loss: 0.0905
2025-10-09 22:40:16,704 [INFO] Época 13/30, Batch 2800/3348, Loss: 0.0967
2025-10-09 22:40:16,972 [INFO] Época 13/30, Batch 2850/3348, Loss: 0.0956
2025-10-09 22:40:17,241 [INFO] Época 13/30, Batch 2900/3348, Loss: 0.0931
2025-10-09 22:40:17,509 [INFO] Época 13/30, Batch 2950/3348, Loss: 0.1569
2025-10-09 22:40:17,777 [INFO] Época 13/30, Batch 3000/3348, Loss: 0.1660
2025-10-09 22:40:18,048 [INFO] Época 13/30, Batch 3050/3348, Loss: 0.1142
2025-10-09 22:40:18,316 [INFO] Época 13/30, Batch 3100/3348, Loss: 0.1294
2025-10-09 22:40:18,586 [INFO] Época 13/30, Batch 3150/3348, Loss: 0.1026
2025-10-09 22:40:18,854 [INFO] Época 13/30, Batch 3200/3348, Loss: 0.0875
2025-10-09 22:40:19,114 [INFO] Época 13/30, Batch 3250/3348, Loss: 0.1184
2025-10-09 22:40:19,374 [INFO] Época 13/30, Batch 3300/3348, Loss: 0.1079
2025-10-09 22:40:21,333 [INFO] [13/30] Train Loss: 0.0993 | Val Loss: 0.1397 | Tempo: 19.95s
2025-10-09 22:40:21,338 [INFO] Melhor modelo salvo em: /mnt/hdd/home/jdurao/ToolBox-ChemXAI/models/mlp_qm9_MorganCount_att4_large.pth
2025-10-09 22:40:21,945 [INFO] Época 14/30, Batch 50/3348, Loss: 0.1094
2025-10-09 22:40:22,214 [INFO] Época 14/30, Batch 100/3348, Loss: 0.1258
2025-10-09 22:40:22,480 [INFO] Época 14/30, Batch 150/3348, Loss: 0.1035
2025-10-09 22:40:22,742 [INFO] Época 14/30, Batch 200/3348, Loss: 0.1200
2025-10-09 22:40:23,006 [INFO] Época 14/30, Batch 250/3348, Loss: 0.1124
2025-10-09 22:40:23,268 [INFO] Época 14/30, Batch 300/3348, Loss: 0.0724
2025-10-09 22:40:23,529 [INFO] Época 14/30, Batch 350/3348, Loss: 0.1275
2025-10-09 22:40:23,791 [INFO] Época 14/30, Batch 400/3348, Loss: 0.0825
2025-10-09 22:40:24,053 [INFO] Época 14/30, Batch 450/3348, Loss: 0.1251
2025-10-09 22:40:24,315 [INFO] Época 14/30, Batch 500/3348, Loss: 0.1100
2025-10-09 22:40:24,578 [INFO] Época 14/30, Batch 550/3348, Loss: 0.1065
2025-10-09 22:40:24,840 [INFO] Época 14/30, Batch 600/3348, Loss: 0.0730
2025-10-09 22:40:25,103 [INFO] Época 14/30, Batch 650/3348, Loss: 0.0647
2025-10-09 22:40:25,365 [INFO] Época 14/30, Batch 700/3348, Loss: 0.0919
2025-10-09 22:40:25,628 [INFO] Época 14/30, Batch 750/3348, Loss: 0.0799
2025-10-09 22:40:25,892 [INFO] Época 14/30, Batch 800/3348, Loss: 0.1071
2025-10-09 22:40:26,153 [INFO] Época 14/30, Batch 850/3348, Loss: 0.0889
2025-10-09 22:40:26,414 [INFO] Época 14/30, Batch 900/3348, Loss: 0.0839
2025-10-09 22:40:26,675 [INFO] Época 14/30, Batch 950/3348, Loss: 0.0703
2025-10-09 22:40:26,938 [INFO] Época 14/30, Batch 1000/3348, Loss: 0.0962
2025-10-09 22:40:27,199 [INFO] Época 14/30, Batch 1050/3348, Loss: 0.0848
2025-10-09 22:40:27,460 [INFO] Época 14/30, Batch 1100/3348, Loss: 0.1096
2025-10-09 22:40:27,720 [INFO] Época 14/30, Batch 1150/3348, Loss: 0.1088
2025-10-09 22:40:27,981 [INFO] Época 14/30, Batch 1200/3348, Loss: 0.0895
2025-10-09 22:40:28,244 [INFO] Época 14/30, Batch 1250/3348, Loss: 0.1050
2025-10-09 22:40:28,507 [INFO] Época 14/30, Batch 1300/3348, Loss: 0.0958
2025-10-09 22:40:28,771 [INFO] Época 14/30, Batch 1350/3348, Loss: 0.0762
2025-10-09 22:40:29,034 [INFO] Época 14/30, Batch 1400/3348, Loss: 0.0896
2025-10-09 22:40:29,294 [INFO] Época 14/30, Batch 1450/3348, Loss: 0.1039
2025-10-09 22:40:29,558 [INFO] Época 14/30, Batch 1500/3348, Loss: 0.1294
2025-10-09 22:40:29,821 [INFO] Época 14/30, Batch 1550/3348, Loss: 0.1002
2025-10-09 22:40:30,082 [INFO] Época 14/30, Batch 1600/3348, Loss: 0.1045
2025-10-09 22:40:30,341 [INFO] Época 14/30, Batch 1650/3348, Loss: 0.0844
2025-10-09 22:40:30,604 [INFO] Época 14/30, Batch 1700/3348, Loss: 0.0807
2025-10-09 22:40:30,867 [INFO] Época 14/30, Batch 1750/3348, Loss: 0.0622
2025-10-09 22:40:31,131 [INFO] Época 14/30, Batch 1800/3348, Loss: 0.0817
2025-10-09 22:40:31,394 [INFO] Época 14/30, Batch 1850/3348, Loss: 0.0761
2025-10-09 22:40:31,656 [INFO] Época 14/30, Batch 1900/3348, Loss: 0.0823
2025-10-09 22:40:31,919 [INFO] Época 14/30, Batch 1950/3348, Loss: 0.0618
2025-10-09 22:40:32,180 [INFO] Época 14/30, Batch 2000/3348, Loss: 0.0917
2025-10-09 22:40:32,445 [INFO] Época 14/30, Batch 2050/3348, Loss: 0.0842
2025-10-09 22:40:32,707 [INFO] Época 14/30, Batch 2100/3348, Loss: 0.1030
2025-10-09 22:40:32,969 [INFO] Época 14/30, Batch 2150/3348, Loss: 0.0827
2025-10-09 22:40:33,231 [INFO] Época 14/30, Batch 2200/3348, Loss: 0.1114
2025-10-09 22:40:33,494 [INFO] Época 14/30, Batch 2250/3348, Loss: 0.1142
2025-10-09 22:40:33,758 [INFO] Época 14/30, Batch 2300/3348, Loss: 0.0949
2025-10-09 22:40:34,021 [INFO] Época 14/30, Batch 2350/3348, Loss: 0.1250
2025-10-09 22:40:34,283 [INFO] Época 14/30, Batch 2400/3348, Loss: 0.0668
2025-10-09 22:40:34,545 [INFO] Época 14/30, Batch 2450/3348, Loss: 0.0909
2025-10-09 22:40:34,806 [INFO] Época 14/30, Batch 2500/3348, Loss: 0.0987
2025-10-09 22:40:35,070 [INFO] Época 14/30, Batch 2550/3348, Loss: 0.0951
2025-10-09 22:40:35,330 [INFO] Época 14/30, Batch 2600/3348, Loss: 0.0887
2025-10-09 22:40:35,592 [INFO] Época 14/30, Batch 2650/3348, Loss: 0.0851
2025-10-09 22:40:35,854 [INFO] Época 14/30, Batch 2700/3348, Loss: 0.1213
2025-10-09 22:40:36,119 [INFO] Época 14/30, Batch 2750/3348, Loss: 0.1122
2025-10-09 22:40:36,390 [INFO] Época 14/30, Batch 2800/3348, Loss: 0.0854
2025-10-09 22:40:36,653 [INFO] Época 14/30, Batch 2850/3348, Loss: 0.1121
2025-10-09 22:40:36,915 [INFO] Época 14/30, Batch 2900/3348, Loss: 0.1195
2025-10-09 22:40:37,175 [INFO] Época 14/30, Batch 2950/3348, Loss: 0.0842
2025-10-09 22:40:37,437 [INFO] Época 14/30, Batch 3000/3348, Loss: 0.0876
2025-10-09 22:40:37,700 [INFO] Época 14/30, Batch 3050/3348, Loss: 0.1058
2025-10-09 22:40:37,965 [INFO] Época 14/30, Batch 3100/3348, Loss: 0.0813
2025-10-09 22:40:38,227 [INFO] Época 14/30, Batch 3150/3348, Loss: 0.1148
2025-10-09 22:40:38,491 [INFO] Época 14/30, Batch 3200/3348, Loss: 0.0867
2025-10-09 22:40:38,759 [INFO] Época 14/30, Batch 3250/3348, Loss: 0.1025
2025-10-09 22:40:39,032 [INFO] Época 14/30, Batch 3300/3348, Loss: 0.0755
2025-10-09 22:40:41,003 [INFO] [14/30] Train Loss: 0.0967 | Val Loss: 0.1482 | Tempo: 19.66s
2025-10-09 22:40:41,622 [INFO] Época 15/30, Batch 50/3348, Loss: 0.0832
2025-10-09 22:40:41,898 [INFO] Época 15/30, Batch 100/3348, Loss: 0.0896
2025-10-09 22:40:42,173 [INFO] Época 15/30, Batch 150/3348, Loss: 0.0708
2025-10-09 22:40:42,444 [INFO] Época 15/30, Batch 200/3348, Loss: 0.1182
2025-10-09 22:40:42,712 [INFO] Época 15/30, Batch 250/3348, Loss: 0.1008
2025-10-09 22:40:42,975 [INFO] Época 15/30, Batch 300/3348, Loss: 0.0611
2025-10-09 22:40:43,237 [INFO] Época 15/30, Batch 350/3348, Loss: 0.0718
2025-10-09 22:40:43,499 [INFO] Época 15/30, Batch 400/3348, Loss: 0.0981
2025-10-09 22:40:43,762 [INFO] Época 15/30, Batch 450/3348, Loss: 0.1018
2025-10-09 22:40:44,023 [INFO] Época 15/30, Batch 500/3348, Loss: 0.0712
2025-10-09 22:40:44,286 [INFO] Época 15/30, Batch 550/3348, Loss: 0.1044
2025-10-09 22:40:44,548 [INFO] Época 15/30, Batch 600/3348, Loss: 0.1179
2025-10-09 22:40:44,809 [INFO] Época 15/30, Batch 650/3348, Loss: 0.0922
2025-10-09 22:40:45,070 [INFO] Época 15/30, Batch 700/3348, Loss: 0.1084
2025-10-09 22:40:45,331 [INFO] Época 15/30, Batch 750/3348, Loss: 0.0694
2025-10-09 22:40:45,591 [INFO] Época 15/30, Batch 800/3348, Loss: 0.1311
2025-10-09 22:40:45,853 [INFO] Época 15/30, Batch 850/3348, Loss: 0.1008
2025-10-09 22:40:46,115 [INFO] Época 15/30, Batch 900/3348, Loss: 0.0722
2025-10-09 22:40:46,375 [INFO] Época 15/30, Batch 950/3348, Loss: 0.1072
2025-10-09 22:40:46,637 [INFO] Época 15/30, Batch 1000/3348, Loss: 0.0735
2025-10-09 22:40:46,900 [INFO] Época 15/30, Batch 1050/3348, Loss: 0.0636
2025-10-09 22:40:47,161 [INFO] Época 15/30, Batch 1100/3348, Loss: 0.1121
2025-10-09 22:40:47,421 [INFO] Época 15/30, Batch 1150/3348, Loss: 0.1593
2025-10-09 22:40:47,683 [INFO] Época 15/30, Batch 1200/3348, Loss: 0.1005
2025-10-09 22:40:47,944 [INFO] Época 15/30, Batch 1250/3348, Loss: 0.0752
2025-10-09 22:40:48,206 [INFO] Época 15/30, Batch 1300/3348, Loss: 0.1323
2025-10-09 22:40:48,467 [INFO] Época 15/30, Batch 1350/3348, Loss: 0.1048
2025-10-09 22:40:48,727 [INFO] Época 15/30, Batch 1400/3348, Loss: 0.0862
2025-10-09 22:40:48,989 [INFO] Época 15/30, Batch 1450/3348, Loss: 0.0852
2025-10-09 22:40:49,252 [INFO] Época 15/30, Batch 1500/3348, Loss: 0.0873
2025-10-09 22:40:49,515 [INFO] Época 15/30, Batch 1550/3348, Loss: 0.1059
2025-10-09 22:40:49,777 [INFO] Época 15/30, Batch 1600/3348, Loss: 0.0870
2025-10-09 22:40:50,038 [INFO] Época 15/30, Batch 1650/3348, Loss: 0.0766
2025-10-09 22:40:50,299 [INFO] Época 15/30, Batch 1700/3348, Loss: 0.0816
2025-10-09 22:40:50,561 [INFO] Época 15/30, Batch 1750/3348, Loss: 0.1266
2025-10-09 22:40:50,824 [INFO] Época 15/30, Batch 1800/3348, Loss: 0.1133
2025-10-09 22:40:51,083 [INFO] Época 15/30, Batch 1850/3348, Loss: 0.1016
2025-10-09 22:40:51,343 [INFO] Época 15/30, Batch 1900/3348, Loss: 0.0911
2025-10-09 22:40:51,602 [INFO] Época 15/30, Batch 1950/3348, Loss: 0.1112
2025-10-09 22:40:51,863 [INFO] Época 15/30, Batch 2000/3348, Loss: 0.0910
2025-10-09 22:40:52,123 [INFO] Época 15/30, Batch 2050/3348, Loss: 0.0869
2025-10-09 22:40:52,384 [INFO] Época 15/30, Batch 2100/3348, Loss: 0.1159
2025-10-09 22:40:52,644 [INFO] Época 15/30, Batch 2150/3348, Loss: 0.0829
2025-10-09 22:40:52,905 [INFO] Época 15/30, Batch 2200/3348, Loss: 0.1016
2025-10-09 22:40:53,166 [INFO] Época 15/30, Batch 2250/3348, Loss: 0.1315
2025-10-09 22:40:53,426 [INFO] Época 15/30, Batch 2300/3348, Loss: 0.0896
2025-10-09 22:40:53,688 [INFO] Época 15/30, Batch 2350/3348, Loss: 0.0969
2025-10-09 22:40:53,949 [INFO] Época 15/30, Batch 2400/3348, Loss: 0.1101
2025-10-09 22:40:54,209 [INFO] Época 15/30, Batch 2450/3348, Loss: 0.1097
2025-10-09 22:40:54,473 [INFO] Época 15/30, Batch 2500/3348, Loss: 0.1062
2025-10-09 22:40:54,734 [INFO] Época 15/30, Batch 2550/3348, Loss: 0.0854
2025-10-09 22:40:54,996 [INFO] Época 15/30, Batch 2600/3348, Loss: 0.0920
2025-10-09 22:40:55,256 [INFO] Época 15/30, Batch 2650/3348, Loss: 0.1232
2025-10-09 22:40:55,515 [INFO] Época 15/30, Batch 2700/3348, Loss: 0.1131
2025-10-09 22:40:55,776 [INFO] Época 15/30, Batch 2750/3348, Loss: 0.0933
2025-10-09 22:40:56,036 [INFO] Época 15/30, Batch 2800/3348, Loss: 0.0888
2025-10-09 22:40:56,298 [INFO] Época 15/30, Batch 2850/3348, Loss: 0.0846
2025-10-09 22:40:56,560 [INFO] Época 15/30, Batch 2900/3348, Loss: 0.0833
2025-10-09 22:40:56,822 [INFO] Época 15/30, Batch 2950/3348, Loss: 0.0887
2025-10-09 22:40:57,083 [INFO] Época 15/30, Batch 3000/3348, Loss: 0.0880
2025-10-09 22:40:57,344 [INFO] Época 15/30, Batch 3050/3348, Loss: 0.1231
2025-10-09 22:40:57,607 [INFO] Época 15/30, Batch 3100/3348, Loss: 0.1152
2025-10-09 22:40:57,866 [INFO] Época 15/30, Batch 3150/3348, Loss: 0.0927
2025-10-09 22:40:58,126 [INFO] Época 15/30, Batch 3200/3348, Loss: 0.0979
2025-10-09 22:40:58,387 [INFO] Época 15/30, Batch 3250/3348, Loss: 0.1030
2025-10-09 22:40:58,648 [INFO] Época 15/30, Batch 3300/3348, Loss: 0.0960
2025-10-09 22:41:00,530 [INFO] [15/30] Train Loss: 0.0950 | Val Loss: 0.1427 | Tempo: 19.53s
2025-10-09 22:41:01,129 [INFO] Época 16/30, Batch 50/3348, Loss: 0.1152
2025-10-09 22:41:01,396 [INFO] Época 16/30, Batch 100/3348, Loss: 0.1069
2025-10-09 22:41:01,658 [INFO] Época 16/30, Batch 150/3348, Loss: 0.1127
2025-10-09 22:41:01,920 [INFO] Época 16/30, Batch 200/3348, Loss: 0.0885
2025-10-09 22:41:02,182 [INFO] Época 16/30, Batch 250/3348, Loss: 0.0791
2025-10-09 22:41:02,444 [INFO] Época 16/30, Batch 300/3348, Loss: 0.0789
2025-10-09 22:41:02,707 [INFO] Época 16/30, Batch 350/3348, Loss: 0.1141
2025-10-09 22:41:02,969 [INFO] Época 16/30, Batch 400/3348, Loss: 0.1482
2025-10-09 22:41:03,230 [INFO] Época 16/30, Batch 450/3348, Loss: 0.1107
2025-10-09 22:41:03,491 [INFO] Época 16/30, Batch 500/3348, Loss: 0.1001
2025-10-09 22:41:03,751 [INFO] Época 16/30, Batch 550/3348, Loss: 0.0818
2025-10-09 22:41:04,013 [INFO] Época 16/30, Batch 600/3348, Loss: 0.0937
2025-10-09 22:41:04,275 [INFO] Época 16/30, Batch 650/3348, Loss: 0.0777
2025-10-09 22:41:04,537 [INFO] Época 16/30, Batch 700/3348, Loss: 0.0552
2025-10-09 22:41:04,799 [INFO] Época 16/30, Batch 750/3348, Loss: 0.0782
2025-10-09 22:41:05,065 [INFO] Época 16/30, Batch 800/3348, Loss: 0.0666
2025-10-09 22:41:05,327 [INFO] Época 16/30, Batch 850/3348, Loss: 0.0978
2025-10-09 22:41:05,579 [INFO] Época 16/30, Batch 900/3348, Loss: 0.0742
2025-10-09 22:41:05,832 [INFO] Época 16/30, Batch 950/3348, Loss: 0.0660
2025-10-09 22:41:06,086 [INFO] Época 16/30, Batch 1000/3348, Loss: 0.0918
2025-10-09 22:41:06,341 [INFO] Época 16/30, Batch 1050/3348, Loss: 0.1078
2025-10-09 22:41:06,594 [INFO] Época 16/30, Batch 1100/3348, Loss: 0.1057
2025-10-09 22:41:06,847 [INFO] Época 16/30, Batch 1150/3348, Loss: 0.0719
2025-10-09 22:41:07,101 [INFO] Época 16/30, Batch 1200/3348, Loss: 0.0965
2025-10-09 22:41:07,356 [INFO] Época 16/30, Batch 1250/3348, Loss: 0.0987
2025-10-09 22:41:07,616 [INFO] Época 16/30, Batch 1300/3348, Loss: 0.0988
2025-10-09 22:41:07,877 [INFO] Época 16/30, Batch 1350/3348, Loss: 0.0983
2025-10-09 22:41:08,137 [INFO] Época 16/30, Batch 1400/3348, Loss: 0.0829
2025-10-09 22:41:08,397 [INFO] Época 16/30, Batch 1450/3348, Loss: 0.1069
2025-10-09 22:41:08,660 [INFO] Época 16/30, Batch 1500/3348, Loss: 0.0845
2025-10-09 22:41:08,920 [INFO] Época 16/30, Batch 1550/3348, Loss: 0.0834
2025-10-09 22:41:09,182 [INFO] Época 16/30, Batch 1600/3348, Loss: 0.1302
2025-10-09 22:41:09,441 [INFO] Época 16/30, Batch 1650/3348, Loss: 0.0882
2025-10-09 22:41:09,701 [INFO] Época 16/30, Batch 1700/3348, Loss: 0.0923
2025-10-09 22:41:09,960 [INFO] Época 16/30, Batch 1750/3348, Loss: 0.0702
2025-10-09 22:41:10,220 [INFO] Época 16/30, Batch 1800/3348, Loss: 0.0740
2025-10-09 22:41:10,481 [INFO] Época 16/30, Batch 1850/3348, Loss: 0.0753
2025-10-09 22:41:10,742 [INFO] Época 16/30, Batch 1900/3348, Loss: 0.0985
2025-10-09 22:41:11,002 [INFO] Época 16/30, Batch 1950/3348, Loss: 0.0943
2025-10-09 22:41:11,265 [INFO] Época 16/30, Batch 2000/3348, Loss: 0.1078
2025-10-09 22:41:11,524 [INFO] Época 16/30, Batch 2050/3348, Loss: 0.1030
2025-10-09 22:41:11,786 [INFO] Época 16/30, Batch 2100/3348, Loss: 0.1012
2025-10-09 22:41:12,044 [INFO] Época 16/30, Batch 2150/3348, Loss: 0.0625
2025-10-09 22:41:12,305 [INFO] Época 16/30, Batch 2200/3348, Loss: 0.1064
2025-10-09 22:41:12,566 [INFO] Época 16/30, Batch 2250/3348, Loss: 0.0863
2025-10-09 22:41:12,827 [INFO] Época 16/30, Batch 2300/3348, Loss: 0.0957
2025-10-09 22:41:13,088 [INFO] Época 16/30, Batch 2350/3348, Loss: 0.1515
2025-10-09 22:41:13,351 [INFO] Época 16/30, Batch 2400/3348, Loss: 0.0902
2025-10-09 22:41:13,614 [INFO] Época 16/30, Batch 2450/3348, Loss: 0.0934
2025-10-09 22:41:13,876 [INFO] Época 16/30, Batch 2500/3348, Loss: 0.1125
2025-10-09 22:41:14,138 [INFO] Época 16/30, Batch 2550/3348, Loss: 0.0759
2025-10-09 22:41:14,401 [INFO] Época 16/30, Batch 2600/3348, Loss: 0.0775
2025-10-09 22:41:14,663 [INFO] Época 16/30, Batch 2650/3348, Loss: 0.0780
2025-10-09 22:41:14,924 [INFO] Época 16/30, Batch 2700/3348, Loss: 0.0840
2025-10-09 22:41:15,184 [INFO] Época 16/30, Batch 2750/3348, Loss: 0.0840
2025-10-09 22:41:15,444 [INFO] Época 16/30, Batch 2800/3348, Loss: 0.0761
2025-10-09 22:41:15,703 [INFO] Época 16/30, Batch 2850/3348, Loss: 0.0846
2025-10-09 22:41:15,964 [INFO] Época 16/30, Batch 2900/3348, Loss: 0.0665
2025-10-09 22:41:16,226 [INFO] Época 16/30, Batch 2950/3348, Loss: 0.0874
2025-10-09 22:41:16,486 [INFO] Época 16/30, Batch 3000/3348, Loss: 0.0880
2025-10-09 22:41:16,745 [INFO] Época 16/30, Batch 3050/3348, Loss: 0.0783
2025-10-09 22:41:17,003 [INFO] Época 16/30, Batch 3100/3348, Loss: 0.1057
2025-10-09 22:41:17,264 [INFO] Época 16/30, Batch 3150/3348, Loss: 0.0736
2025-10-09 22:41:17,523 [INFO] Época 16/30, Batch 3200/3348, Loss: 0.1281
2025-10-09 22:41:17,784 [INFO] Época 16/30, Batch 3250/3348, Loss: 0.1143
2025-10-09 22:41:18,043 [INFO] Época 16/30, Batch 3300/3348, Loss: 0.1190
2025-10-09 22:41:19,999 [INFO] [16/30] Train Loss: 0.0929 | Val Loss: 0.1395 | Tempo: 19.47s
2025-10-09 22:41:20,004 [INFO] Melhor modelo salvo em: /mnt/hdd/home/jdurao/ToolBox-ChemXAI/models/mlp_qm9_MorganCount_att4_large.pth
2025-10-09 22:41:20,622 [INFO] Época 17/30, Batch 50/3348, Loss: 0.0840
2025-10-09 22:41:20,896 [INFO] Época 17/30, Batch 100/3348, Loss: 0.1206
2025-10-09 22:41:21,165 [INFO] Época 17/30, Batch 150/3348, Loss: 0.0848
2025-10-09 22:41:21,433 [INFO] Época 17/30, Batch 200/3348, Loss: 0.1300
2025-10-09 22:41:21,702 [INFO] Época 17/30, Batch 250/3348, Loss: 0.1078
2025-10-09 22:41:21,969 [INFO] Época 17/30, Batch 300/3348, Loss: 0.1141
2025-10-09 22:41:22,236 [INFO] Época 17/30, Batch 350/3348, Loss: 0.1310
2025-10-09 22:41:22,503 [INFO] Época 17/30, Batch 400/3348, Loss: 0.0770
2025-10-09 22:41:22,768 [INFO] Época 17/30, Batch 450/3348, Loss: 0.0512
2025-10-09 22:41:23,032 [INFO] Época 17/30, Batch 500/3348, Loss: 0.0764
2025-10-09 22:41:23,296 [INFO] Época 17/30, Batch 550/3348, Loss: 0.0863
2025-10-09 22:41:23,561 [INFO] Época 17/30, Batch 600/3348, Loss: 0.1124
2025-10-09 22:41:23,831 [INFO] Época 17/30, Batch 650/3348, Loss: 0.0938
2025-10-09 22:41:24,102 [INFO] Época 17/30, Batch 700/3348, Loss: 0.1131
2025-10-09 22:41:24,373 [INFO] Época 17/30, Batch 750/3348, Loss: 0.0866
2025-10-09 22:41:24,631 [INFO] Época 17/30, Batch 800/3348, Loss: 0.0824
2025-10-09 22:41:24,896 [INFO] Época 17/30, Batch 850/3348, Loss: 0.0744
2025-10-09 22:41:25,158 [INFO] Época 17/30, Batch 900/3348, Loss: 0.1029
2025-10-09 22:41:25,422 [INFO] Época 17/30, Batch 950/3348, Loss: 0.0642
2025-10-09 22:41:25,685 [INFO] Época 17/30, Batch 1000/3348, Loss: 0.0796
2025-10-09 22:41:25,948 [INFO] Época 17/30, Batch 1050/3348, Loss: 0.0799
2025-10-09 22:41:26,212 [INFO] Época 17/30, Batch 1100/3348, Loss: 0.0834
2025-10-09 22:41:26,477 [INFO] Época 17/30, Batch 1150/3348, Loss: 0.0875
2025-10-09 22:41:26,747 [INFO] Época 17/30, Batch 1200/3348, Loss: 0.0970
2025-10-09 22:41:27,012 [INFO] Época 17/30, Batch 1250/3348, Loss: 0.1293
2025-10-09 22:41:27,279 [INFO] Época 17/30, Batch 1300/3348, Loss: 0.0970
2025-10-09 22:41:27,545 [INFO] Época 17/30, Batch 1350/3348, Loss: 0.1108
2025-10-09 22:41:27,814 [INFO] Época 17/30, Batch 1400/3348, Loss: 0.0774
2025-10-09 22:41:28,080 [INFO] Época 17/30, Batch 1450/3348, Loss: 0.0991
2025-10-09 22:41:28,345 [INFO] Época 17/30, Batch 1500/3348, Loss: 0.0876
2025-10-09 22:41:28,607 [INFO] Época 17/30, Batch 1550/3348, Loss: 0.0784
2025-10-09 22:41:28,869 [INFO] Época 17/30, Batch 1600/3348, Loss: 0.0922
2025-10-09 22:41:29,134 [INFO] Época 17/30, Batch 1650/3348, Loss: 0.0819
2025-10-09 22:41:29,399 [INFO] Época 17/30, Batch 1700/3348, Loss: 0.1003
2025-10-09 22:41:29,664 [INFO] Época 17/30, Batch 1750/3348, Loss: 0.1123
2025-10-09 22:41:29,929 [INFO] Época 17/30, Batch 1800/3348, Loss: 0.1027
2025-10-09 22:41:30,191 [INFO] Época 17/30, Batch 1850/3348, Loss: 0.0969
2025-10-09 22:41:30,456 [INFO] Época 17/30, Batch 1900/3348, Loss: 0.0850
2025-10-09 22:41:30,726 [INFO] Época 17/30, Batch 1950/3348, Loss: 0.0878
2025-10-09 22:41:30,996 [INFO] Época 17/30, Batch 2000/3348, Loss: 0.0938
2025-10-09 22:41:31,266 [INFO] Época 17/30, Batch 2050/3348, Loss: 0.1011
2025-10-09 22:41:31,535 [INFO] Época 17/30, Batch 2100/3348, Loss: 0.0817
2025-10-09 22:41:31,808 [INFO] Época 17/30, Batch 2150/3348, Loss: 0.0872
2025-10-09 22:41:32,079 [INFO] Época 17/30, Batch 2200/3348, Loss: 0.0872
2025-10-09 22:41:32,350 [INFO] Época 17/30, Batch 2250/3348, Loss: 0.1077
2025-10-09 22:41:32,623 [INFO] Época 17/30, Batch 2300/3348, Loss: 0.0800
2025-10-09 22:41:32,893 [INFO] Época 17/30, Batch 2350/3348, Loss: 0.0828
2025-10-09 22:41:33,157 [INFO] Época 17/30, Batch 2400/3348, Loss: 0.1005
2025-10-09 22:41:33,419 [INFO] Época 17/30, Batch 2450/3348, Loss: 0.0811
2025-10-09 22:41:33,682 [INFO] Época 17/30, Batch 2500/3348, Loss: 0.1240
2025-10-09 22:41:33,944 [INFO] Época 17/30, Batch 2550/3348, Loss: 0.0714
2025-10-09 22:41:34,205 [INFO] Época 17/30, Batch 2600/3348, Loss: 0.0710
2025-10-09 22:41:34,468 [INFO] Época 17/30, Batch 2650/3348, Loss: 0.0813
2025-10-09 22:41:34,727 [INFO] Época 17/30, Batch 2700/3348, Loss: 0.0969
2025-10-09 22:41:34,990 [INFO] Época 17/30, Batch 2750/3348, Loss: 0.0847
2025-10-09 22:41:35,251 [INFO] Época 17/30, Batch 2800/3348, Loss: 0.0837
2025-10-09 22:41:35,513 [INFO] Época 17/30, Batch 2850/3348, Loss: 0.0842
2025-10-09 22:41:35,775 [INFO] Época 17/30, Batch 2900/3348, Loss: 0.0974
2025-10-09 22:41:36,038 [INFO] Época 17/30, Batch 2950/3348, Loss: 0.0691
2025-10-09 22:41:36,301 [INFO] Época 17/30, Batch 3000/3348, Loss: 0.0845
2025-10-09 22:41:36,565 [INFO] Época 17/30, Batch 3050/3348, Loss: 0.0936
2025-10-09 22:41:36,831 [INFO] Época 17/30, Batch 3100/3348, Loss: 0.0899
2025-10-09 22:41:37,101 [INFO] Época 17/30, Batch 3150/3348, Loss: 0.0719
2025-10-09 22:41:37,372 [INFO] Época 17/30, Batch 3200/3348, Loss: 0.0817
2025-10-09 22:41:37,643 [INFO] Época 17/30, Batch 3250/3348, Loss: 0.0777
2025-10-09 22:41:37,915 [INFO] Época 17/30, Batch 3300/3348, Loss: 0.0989
2025-10-09 22:41:39,697 [INFO] [17/30] Train Loss: 0.0912 | Val Loss: 0.1544 | Tempo: 19.69s
2025-10-09 22:41:40,303 [INFO] Época 18/30, Batch 50/3348, Loss: 0.0850
2025-10-09 22:41:40,572 [INFO] Época 18/30, Batch 100/3348, Loss: 0.0756
2025-10-09 22:41:40,839 [INFO] Época 18/30, Batch 150/3348, Loss: 0.0897
2025-10-09 22:41:41,104 [INFO] Época 18/30, Batch 200/3348, Loss: 0.0971
2025-10-09 22:41:41,367 [INFO] Época 18/30, Batch 250/3348, Loss: 0.0948
2025-10-09 22:41:41,629 [INFO] Época 18/30, Batch 300/3348, Loss: 0.1127
2025-10-09 22:41:41,892 [INFO] Época 18/30, Batch 350/3348, Loss: 0.0648
2025-10-09 22:41:42,156 [INFO] Época 18/30, Batch 400/3348, Loss: 0.0857
2025-10-09 22:41:42,418 [INFO] Época 18/30, Batch 450/3348, Loss: 0.0804
2025-10-09 22:41:42,691 [INFO] Época 18/30, Batch 500/3348, Loss: 0.1044
2025-10-09 22:41:42,955 [INFO] Época 18/30, Batch 550/3348, Loss: 0.0856
2025-10-09 22:41:43,216 [INFO] Época 18/30, Batch 600/3348, Loss: 0.0913
2025-10-09 22:41:43,478 [INFO] Época 18/30, Batch 650/3348, Loss: 0.0834
2025-10-09 22:41:43,740 [INFO] Época 18/30, Batch 700/3348, Loss: 0.0825
2025-10-09 22:41:44,003 [INFO] Época 18/30, Batch 750/3348, Loss: 0.1050
2025-10-09 22:41:44,265 [INFO] Época 18/30, Batch 800/3348, Loss: 0.0625
2025-10-09 22:41:44,529 [INFO] Época 18/30, Batch 850/3348, Loss: 0.0661
2025-10-09 22:41:44,794 [INFO] Época 18/30, Batch 900/3348, Loss: 0.1059
2025-10-09 22:41:45,057 [INFO] Época 18/30, Batch 950/3348, Loss: 0.0800
2025-10-09 22:41:45,319 [INFO] Época 18/30, Batch 1000/3348, Loss: 0.1089
2025-10-09 22:41:45,581 [INFO] Época 18/30, Batch 1050/3348, Loss: 0.0990
2025-10-09 22:41:45,843 [INFO] Época 18/30, Batch 1100/3348, Loss: 0.0827
2025-10-09 22:41:46,107 [INFO] Época 18/30, Batch 1150/3348, Loss: 0.0877
2025-10-09 22:41:46,368 [INFO] Época 18/30, Batch 1200/3348, Loss: 0.0821
2025-10-09 22:41:46,630 [INFO] Época 18/30, Batch 1250/3348, Loss: 0.0852
2025-10-09 22:41:46,892 [INFO] Época 18/30, Batch 1300/3348, Loss: 0.0615
2025-10-09 22:41:47,155 [INFO] Época 18/30, Batch 1350/3348, Loss: 0.0920
2025-10-09 22:41:47,417 [INFO] Época 18/30, Batch 1400/3348, Loss: 0.1143
2025-10-09 22:41:47,680 [INFO] Época 18/30, Batch 1450/3348, Loss: 0.1069
2025-10-09 22:41:47,941 [INFO] Época 18/30, Batch 1500/3348, Loss: 0.1193
2025-10-09 22:41:48,203 [INFO] Época 18/30, Batch 1550/3348, Loss: 0.0966
2025-10-09 22:41:48,465 [INFO] Época 18/30, Batch 1600/3348, Loss: 0.0727
2025-10-09 22:41:48,728 [INFO] Época 18/30, Batch 1650/3348, Loss: 0.0931
2025-10-09 22:41:48,993 [INFO] Época 18/30, Batch 1700/3348, Loss: 0.0840
2025-10-09 22:41:49,256 [INFO] Época 18/30, Batch 1750/3348, Loss: 0.0857
2025-10-09 22:41:49,521 [INFO] Época 18/30, Batch 1800/3348, Loss: 0.1512
2025-10-09 22:41:49,785 [INFO] Época 18/30, Batch 1850/3348, Loss: 0.1053
2025-10-09 22:41:50,050 [INFO] Época 18/30, Batch 1900/3348, Loss: 0.1447
2025-10-09 22:41:50,316 [INFO] Época 18/30, Batch 1950/3348, Loss: 0.0903
2025-10-09 22:41:50,580 [INFO] Época 18/30, Batch 2000/3348, Loss: 0.1006
2025-10-09 22:41:50,845 [INFO] Época 18/30, Batch 2050/3348, Loss: 0.1201
2025-10-09 22:41:51,109 [INFO] Época 18/30, Batch 2100/3348, Loss: 0.0922
2025-10-09 22:41:51,373 [INFO] Época 18/30, Batch 2150/3348, Loss: 0.0801
2025-10-09 22:41:51,637 [INFO] Época 18/30, Batch 2200/3348, Loss: 0.0770
2025-10-09 22:41:51,899 [INFO] Época 18/30, Batch 2250/3348, Loss: 0.0858
2025-10-09 22:41:52,163 [INFO] Época 18/30, Batch 2300/3348, Loss: 0.1098
2025-10-09 22:41:52,429 [INFO] Época 18/30, Batch 2350/3348, Loss: 0.0856
2025-10-09 22:41:52,704 [INFO] Época 18/30, Batch 2400/3348, Loss: 0.0740
2025-10-09 22:41:52,972 [INFO] Época 18/30, Batch 2450/3348, Loss: 0.0800
2025-10-09 22:41:53,237 [INFO] Época 18/30, Batch 2500/3348, Loss: 0.1120
2025-10-09 22:41:53,501 [INFO] Época 18/30, Batch 2550/3348, Loss: 0.0833
2025-10-09 22:41:53,764 [INFO] Época 18/30, Batch 2600/3348, Loss: 0.0762
2025-10-09 22:41:54,026 [INFO] Época 18/30, Batch 2650/3348, Loss: 0.0933
2025-10-09 22:41:54,290 [INFO] Época 18/30, Batch 2700/3348, Loss: 0.0840
2025-10-09 22:41:54,554 [INFO] Época 18/30, Batch 2750/3348, Loss: 0.0598
2025-10-09 22:41:54,818 [INFO] Época 18/30, Batch 2800/3348, Loss: 0.0862
2025-10-09 22:41:55,082 [INFO] Época 18/30, Batch 2850/3348, Loss: 0.0986
2025-10-09 22:41:55,343 [INFO] Época 18/30, Batch 2900/3348, Loss: 0.0914
2025-10-09 22:41:55,607 [INFO] Época 18/30, Batch 2950/3348, Loss: 0.0818
2025-10-09 22:41:55,869 [INFO] Época 18/30, Batch 3000/3348, Loss: 0.1338
2025-10-09 22:41:56,134 [INFO] Época 18/30, Batch 3050/3348, Loss: 0.1026
2025-10-09 22:41:56,399 [INFO] Época 18/30, Batch 3100/3348, Loss: 0.0728
2025-10-09 22:41:56,664 [INFO] Época 18/30, Batch 3150/3348, Loss: 0.0871
2025-10-09 22:41:56,930 [INFO] Época 18/30, Batch 3200/3348, Loss: 0.1277
2025-10-09 22:41:57,195 [INFO] Época 18/30, Batch 3250/3348, Loss: 0.0894
2025-10-09 22:41:57,459 [INFO] Época 18/30, Batch 3300/3348, Loss: 0.0900
2025-10-09 22:41:59,462 [INFO] [18/30] Train Loss: 0.0903 | Val Loss: 0.1426 | Tempo: 19.76s
2025-10-09 22:42:00,073 [INFO] Época 19/30, Batch 50/3348, Loss: 0.1122
2025-10-09 22:42:00,357 [INFO] Época 19/30, Batch 100/3348, Loss: 0.0647
2025-10-09 22:42:00,632 [INFO] Época 19/30, Batch 150/3348, Loss: 0.0834
2025-10-09 22:42:00,907 [INFO] Época 19/30, Batch 200/3348, Loss: 0.1119
2025-10-09 22:42:01,185 [INFO] Época 19/30, Batch 250/3348, Loss: 0.0766
2025-10-09 22:42:01,460 [INFO] Época 19/30, Batch 300/3348, Loss: 0.0734
2025-10-09 22:42:01,738 [INFO] Época 19/30, Batch 350/3348, Loss: 0.0940
2025-10-09 22:42:02,013 [INFO] Época 19/30, Batch 400/3348, Loss: 0.0823
2025-10-09 22:42:02,291 [INFO] Época 19/30, Batch 450/3348, Loss: 0.1138
2025-10-09 22:42:02,565 [INFO] Época 19/30, Batch 500/3348, Loss: 0.0862
2025-10-09 22:42:02,839 [INFO] Época 19/30, Batch 550/3348, Loss: 0.0680
2025-10-09 22:42:03,112 [INFO] Época 19/30, Batch 600/3348, Loss: 0.1373
2025-10-09 22:42:03,385 [INFO] Época 19/30, Batch 650/3348, Loss: 0.1131
2025-10-09 22:42:03,651 [INFO] Época 19/30, Batch 700/3348, Loss: 0.0912
2025-10-09 22:42:03,912 [INFO] Época 19/30, Batch 750/3348, Loss: 0.0977
2025-10-09 22:42:04,172 [INFO] Época 19/30, Batch 800/3348, Loss: 0.1279
2025-10-09 22:42:04,433 [INFO] Época 19/30, Batch 850/3348, Loss: 0.0938
2025-10-09 22:42:04,694 [INFO] Época 19/30, Batch 900/3348, Loss: 0.0969
2025-10-09 22:42:04,956 [INFO] Época 19/30, Batch 950/3348, Loss: 0.0736
2025-10-09 22:42:05,217 [INFO] Época 19/30, Batch 1000/3348, Loss: 0.0918
2025-10-09 22:42:05,479 [INFO] Época 19/30, Batch 1050/3348, Loss: 0.0762
2025-10-09 22:42:05,741 [INFO] Época 19/30, Batch 1100/3348, Loss: 0.0608
2025-10-09 22:42:06,003 [INFO] Época 19/30, Batch 1150/3348, Loss: 0.0815
2025-10-09 22:42:06,265 [INFO] Época 19/30, Batch 1200/3348, Loss: 0.0620
2025-10-09 22:42:06,528 [INFO] Época 19/30, Batch 1250/3348, Loss: 0.0770
2025-10-09 22:42:06,801 [INFO] Época 19/30, Batch 1300/3348, Loss: 0.0751
2025-10-09 22:42:07,075 [INFO] Época 19/30, Batch 1350/3348, Loss: 0.0849
2025-10-09 22:42:07,349 [INFO] Época 19/30, Batch 1400/3348, Loss: 0.0675
2025-10-09 22:42:07,623 [INFO] Época 19/30, Batch 1450/3348, Loss: 0.0949
2025-10-09 22:42:07,898 [INFO] Época 19/30, Batch 1500/3348, Loss: 0.0708
2025-10-09 22:42:08,171 [INFO] Época 19/30, Batch 1550/3348, Loss: 0.0745
2025-10-09 22:42:08,445 [INFO] Época 19/30, Batch 1600/3348, Loss: 0.0900
2025-10-09 22:42:08,720 [INFO] Época 19/30, Batch 1650/3348, Loss: 0.1056
2025-10-09 22:42:08,998 [INFO] Época 19/30, Batch 1700/3348, Loss: 0.1125
2025-10-09 22:42:09,271 [INFO] Época 19/30, Batch 1750/3348, Loss: 0.0691
2025-10-09 22:42:09,546 [INFO] Época 19/30, Batch 1800/3348, Loss: 0.0902
2025-10-09 22:42:09,821 [INFO] Época 19/30, Batch 1850/3348, Loss: 0.0972
2025-10-09 22:42:10,094 [INFO] Época 19/30, Batch 1900/3348, Loss: 0.0810
2025-10-09 22:42:10,367 [INFO] Época 19/30, Batch 1950/3348, Loss: 0.0778
2025-10-09 22:42:10,641 [INFO] Época 19/30, Batch 2000/3348, Loss: 0.0840
2025-10-09 22:42:10,917 [INFO] Época 19/30, Batch 2050/3348, Loss: 0.0685
2025-10-09 22:42:11,189 [INFO] Época 19/30, Batch 2100/3348, Loss: 0.1193
2025-10-09 22:42:11,463 [INFO] Época 19/30, Batch 2150/3348, Loss: 0.0741
2025-10-09 22:42:11,738 [INFO] Época 19/30, Batch 2200/3348, Loss: 0.0559
2025-10-09 22:42:12,012 [INFO] Época 19/30, Batch 2250/3348, Loss: 0.0712
2025-10-09 22:42:12,285 [INFO] Época 19/30, Batch 2300/3348, Loss: 0.0761
2025-10-09 22:42:12,557 [INFO] Época 19/30, Batch 2350/3348, Loss: 0.0921
2025-10-09 22:42:12,830 [INFO] Época 19/30, Batch 2400/3348, Loss: 0.0926
2025-10-09 22:42:13,101 [INFO] Época 19/30, Batch 2450/3348, Loss: 0.1122
2025-10-09 22:42:13,374 [INFO] Época 19/30, Batch 2500/3348, Loss: 0.1160
2025-10-09 22:42:13,646 [INFO] Época 19/30, Batch 2550/3348, Loss: 0.0731
2025-10-09 22:42:13,919 [INFO] Época 19/30, Batch 2600/3348, Loss: 0.0781
2025-10-09 22:42:14,191 [INFO] Época 19/30, Batch 2650/3348, Loss: 0.0869
2025-10-09 22:42:14,464 [INFO] Época 19/30, Batch 2700/3348, Loss: 0.0879
2025-10-09 22:42:14,740 [INFO] Época 19/30, Batch 2750/3348, Loss: 0.1363
2025-10-09 22:42:15,017 [INFO] Época 19/30, Batch 2800/3348, Loss: 0.1170
2025-10-09 22:42:15,292 [INFO] Época 19/30, Batch 2850/3348, Loss: 0.0926
2025-10-09 22:42:15,565 [INFO] Época 19/30, Batch 2900/3348, Loss: 0.0956
2025-10-09 22:42:15,837 [INFO] Época 19/30, Batch 2950/3348, Loss: 0.1200
2025-10-09 22:42:16,110 [INFO] Época 19/30, Batch 3000/3348, Loss: 0.0857
2025-10-09 22:42:16,383 [INFO] Época 19/30, Batch 3050/3348, Loss: 0.0881
2025-10-09 22:42:16,657 [INFO] Época 19/30, Batch 3100/3348, Loss: 0.1172
2025-10-09 22:42:16,919 [INFO] Época 19/30, Batch 3150/3348, Loss: 0.0872
2025-10-09 22:42:17,181 [INFO] Época 19/30, Batch 3200/3348, Loss: 0.0856
2025-10-09 22:42:17,453 [INFO] Época 19/30, Batch 3250/3348, Loss: 0.0825
2025-10-09 22:42:17,737 [INFO] Época 19/30, Batch 3300/3348, Loss: 0.0970
2025-10-09 22:42:19,598 [INFO] [19/30] Train Loss: 0.0883 | Val Loss: 0.1521 | Tempo: 20.14s
2025-10-09 22:42:20,203 [INFO] Época 20/30, Batch 50/3348, Loss: 0.0697
2025-10-09 22:42:20,473 [INFO] Época 20/30, Batch 100/3348, Loss: 0.0810
2025-10-09 22:42:20,739 [INFO] Época 20/30, Batch 150/3348, Loss: 0.0834
2025-10-09 22:42:21,008 [INFO] Época 20/30, Batch 200/3348, Loss: 0.0751
2025-10-09 22:42:21,272 [INFO] Época 20/30, Batch 250/3348, Loss: 0.0739
2025-10-09 22:42:21,535 [INFO] Época 20/30, Batch 300/3348, Loss: 0.0916
2025-10-09 22:42:21,798 [INFO] Época 20/30, Batch 350/3348, Loss: 0.1120
2025-10-09 22:42:22,061 [INFO] Época 20/30, Batch 400/3348, Loss: 0.0792
2025-10-09 22:42:22,325 [INFO] Época 20/30, Batch 450/3348, Loss: 0.0632
2025-10-09 22:42:22,588 [INFO] Época 20/30, Batch 500/3348, Loss: 0.1194
2025-10-09 22:42:22,850 [INFO] Época 20/30, Batch 550/3348, Loss: 0.0774
2025-10-09 22:42:23,113 [INFO] Época 20/30, Batch 600/3348, Loss: 0.0743
2025-10-09 22:42:23,373 [INFO] Época 20/30, Batch 650/3348, Loss: 0.1024
2025-10-09 22:42:23,635 [INFO] Época 20/30, Batch 700/3348, Loss: 0.0821
2025-10-09 22:42:23,883 [INFO] Época 20/30, Batch 750/3348, Loss: 0.0624
2025-10-09 22:42:24,133 [INFO] Época 20/30, Batch 800/3348, Loss: 0.0607
2025-10-09 22:42:24,381 [INFO] Época 20/30, Batch 850/3348, Loss: 0.0746
2025-10-09 22:42:24,629 [INFO] Época 20/30, Batch 900/3348, Loss: 0.0701
2025-10-09 22:42:24,890 [INFO] Época 20/30, Batch 950/3348, Loss: 0.0538
2025-10-09 22:42:25,150 [INFO] Época 20/30, Batch 1000/3348, Loss: 0.0786
2025-10-09 22:42:25,411 [INFO] Época 20/30, Batch 1050/3348, Loss: 0.0695
2025-10-09 22:42:25,671 [INFO] Época 20/30, Batch 1100/3348, Loss: 0.0947
2025-10-09 22:42:25,929 [INFO] Época 20/30, Batch 1150/3348, Loss: 0.1016
2025-10-09 22:42:26,191 [INFO] Época 20/30, Batch 1200/3348, Loss: 0.0728
2025-10-09 22:42:26,450 [INFO] Época 20/30, Batch 1250/3348, Loss: 0.0844
2025-10-09 22:42:26,711 [INFO] Época 20/30, Batch 1300/3348, Loss: 0.0786
2025-10-09 22:42:26,971 [INFO] Época 20/30, Batch 1350/3348, Loss: 0.0876
2025-10-09 22:42:27,229 [INFO] Época 20/30, Batch 1400/3348, Loss: 0.0793
2025-10-09 22:42:27,489 [INFO] Época 20/30, Batch 1450/3348, Loss: 0.0803
2025-10-09 22:42:27,751 [INFO] Época 20/30, Batch 1500/3348, Loss: 0.0836
2025-10-09 22:42:28,010 [INFO] Época 20/30, Batch 1550/3348, Loss: 0.0926
2025-10-09 22:42:28,269 [INFO] Época 20/30, Batch 1600/3348, Loss: 0.1041
2025-10-09 22:42:28,529 [INFO] Época 20/30, Batch 1650/3348, Loss: 0.0633
2025-10-09 22:42:28,789 [INFO] Época 20/30, Batch 1700/3348, Loss: 0.0716
2025-10-09 22:42:29,049 [INFO] Época 20/30, Batch 1750/3348, Loss: 0.0998
2025-10-09 22:42:29,311 [INFO] Época 20/30, Batch 1800/3348, Loss: 0.0873
2025-10-09 22:42:29,571 [INFO] Época 20/30, Batch 1850/3348, Loss: 0.0721
2025-10-09 22:42:29,832 [INFO] Época 20/30, Batch 1900/3348, Loss: 0.1534
2025-10-09 22:42:30,092 [INFO] Época 20/30, Batch 1950/3348, Loss: 0.1156
2025-10-09 22:42:30,355 [INFO] Época 20/30, Batch 2000/3348, Loss: 0.0679
2025-10-09 22:42:30,615 [INFO] Época 20/30, Batch 2050/3348, Loss: 0.0894
2025-10-09 22:42:30,877 [INFO] Época 20/30, Batch 2100/3348, Loss: 0.0833
2025-10-09 22:42:31,137 [INFO] Época 20/30, Batch 2150/3348, Loss: 0.0778
2025-10-09 22:42:31,398 [INFO] Época 20/30, Batch 2200/3348, Loss: 0.0914
2025-10-09 22:42:31,660 [INFO] Época 20/30, Batch 2250/3348, Loss: 0.0721
2025-10-09 22:42:31,921 [INFO] Época 20/30, Batch 2300/3348, Loss: 0.0865
2025-10-09 22:42:32,181 [INFO] Época 20/30, Batch 2350/3348, Loss: 0.0665
2025-10-09 22:42:32,441 [INFO] Época 20/30, Batch 2400/3348, Loss: 0.0919
2025-10-09 22:42:32,703 [INFO] Época 20/30, Batch 2450/3348, Loss: 0.0956
2025-10-09 22:42:32,966 [INFO] Época 20/30, Batch 2500/3348, Loss: 0.0803
2025-10-09 22:42:33,228 [INFO] Época 20/30, Batch 2550/3348, Loss: 0.1061
2025-10-09 22:42:33,487 [INFO] Época 20/30, Batch 2600/3348, Loss: 0.1027
2025-10-09 22:42:33,750 [INFO] Época 20/30, Batch 2650/3348, Loss: 0.0814
2025-10-09 22:42:34,011 [INFO] Época 20/30, Batch 2700/3348, Loss: 0.0846
2025-10-09 22:42:34,271 [INFO] Época 20/30, Batch 2750/3348, Loss: 0.0951
2025-10-09 22:42:34,533 [INFO] Época 20/30, Batch 2800/3348, Loss: 0.1014
2025-10-09 22:42:34,792 [INFO] Época 20/30, Batch 2850/3348, Loss: 0.0727
2025-10-09 22:42:35,052 [INFO] Época 20/30, Batch 2900/3348, Loss: 0.0795
2025-10-09 22:42:35,312 [INFO] Época 20/30, Batch 2950/3348, Loss: 0.0994
2025-10-09 22:42:35,572 [INFO] Época 20/30, Batch 3000/3348, Loss: 0.0680
2025-10-09 22:42:35,832 [INFO] Época 20/30, Batch 3050/3348, Loss: 0.0821
2025-10-09 22:42:36,091 [INFO] Época 20/30, Batch 3100/3348, Loss: 0.0622
2025-10-09 22:42:36,350 [INFO] Época 20/30, Batch 3150/3348, Loss: 0.0829
2025-10-09 22:42:36,609 [INFO] Época 20/30, Batch 3200/3348, Loss: 0.0881
2025-10-09 22:42:36,870 [INFO] Época 20/30, Batch 3250/3348, Loss: 0.1103
2025-10-09 22:42:37,130 [INFO] Época 20/30, Batch 3300/3348, Loss: 0.1019
2025-10-09 22:42:38,964 [INFO] [20/30] Train Loss: 0.0866 | Val Loss: 0.1458 | Tempo: 19.37s
2025-10-09 22:42:39,569 [INFO] Época 21/30, Batch 50/3348, Loss: 0.0778
2025-10-09 22:42:39,839 [INFO] Época 21/30, Batch 100/3348, Loss: 0.1005
2025-10-09 22:42:40,105 [INFO] Época 21/30, Batch 150/3348, Loss: 0.0572
2025-10-09 22:42:40,370 [INFO] Época 21/30, Batch 200/3348, Loss: 0.0917
2025-10-09 22:42:40,638 [INFO] Época 21/30, Batch 250/3348, Loss: 0.0971
2025-10-09 22:42:40,904 [INFO] Época 21/30, Batch 300/3348, Loss: 0.0863
2025-10-09 22:42:41,167 [INFO] Época 21/30, Batch 350/3348, Loss: 0.0815
2025-10-09 22:42:41,431 [INFO] Época 21/30, Batch 400/3348, Loss: 0.0834
2025-10-09 22:42:41,696 [INFO] Época 21/30, Batch 450/3348, Loss: 0.0837
2025-10-09 22:42:41,963 [INFO] Época 21/30, Batch 500/3348, Loss: 0.0785
2025-10-09 22:42:42,228 [INFO] Época 21/30, Batch 550/3348, Loss: 0.0668
2025-10-09 22:42:42,494 [INFO] Época 21/30, Batch 600/3348, Loss: 0.0996
2025-10-09 22:42:42,762 [INFO] Época 21/30, Batch 650/3348, Loss: 0.0826
2025-10-09 22:42:43,019 [INFO] Época 21/30, Batch 700/3348, Loss: 0.1039
2025-10-09 22:42:43,275 [INFO] Época 21/30, Batch 750/3348, Loss: 0.0615
2025-10-09 22:42:43,530 [INFO] Época 21/30, Batch 800/3348, Loss: 0.0829
2025-10-09 22:42:43,789 [INFO] Época 21/30, Batch 850/3348, Loss: 0.0677
2025-10-09 22:42:44,052 [INFO] Época 21/30, Batch 900/3348, Loss: 0.0884
2025-10-09 22:42:44,312 [INFO] Época 21/30, Batch 950/3348, Loss: 0.0739
2025-10-09 22:42:44,575 [INFO] Época 21/30, Batch 1000/3348, Loss: 0.0899
2025-10-09 22:42:44,837 [INFO] Época 21/30, Batch 1050/3348, Loss: 0.0715
2025-10-09 22:42:45,101 [INFO] Época 21/30, Batch 1100/3348, Loss: 0.0766
2025-10-09 22:42:45,363 [INFO] Época 21/30, Batch 1150/3348, Loss: 0.0882
2025-10-09 22:42:45,625 [INFO] Época 21/30, Batch 1200/3348, Loss: 0.1010
2025-10-09 22:42:45,890 [INFO] Época 21/30, Batch 1250/3348, Loss: 0.0886
2025-10-09 22:42:46,153 [INFO] Época 21/30, Batch 1300/3348, Loss: 0.0703
2025-10-09 22:42:46,416 [INFO] Época 21/30, Batch 1350/3348, Loss: 0.0978
2025-10-09 22:42:46,679 [INFO] Época 21/30, Batch 1400/3348, Loss: 0.0835
2025-10-09 22:42:46,942 [INFO] Época 21/30, Batch 1450/3348, Loss: 0.0682
2025-10-09 22:42:47,204 [INFO] Época 21/30, Batch 1500/3348, Loss: 0.0692
2025-10-09 22:42:47,467 [INFO] Época 21/30, Batch 1550/3348, Loss: 0.0730
2025-10-09 22:42:47,731 [INFO] Época 21/30, Batch 1600/3348, Loss: 0.0813
2025-10-09 22:42:47,995 [INFO] Época 21/30, Batch 1650/3348, Loss: 0.0733
2025-10-09 22:42:48,255 [INFO] Época 21/30, Batch 1700/3348, Loss: 0.0649
2025-10-09 22:42:48,518 [INFO] Época 21/30, Batch 1750/3348, Loss: 0.0530
2025-10-09 22:42:48,781 [INFO] Época 21/30, Batch 1800/3348, Loss: 0.0600
2025-10-09 22:42:49,042 [INFO] Época 21/30, Batch 1850/3348, Loss: 0.0883
2025-10-09 22:42:49,305 [INFO] Época 21/30, Batch 1900/3348, Loss: 0.0634
2025-10-09 22:42:49,567 [INFO] Época 21/30, Batch 1950/3348, Loss: 0.1008
2025-10-09 22:42:49,831 [INFO] Época 21/30, Batch 2000/3348, Loss: 0.0651
2025-10-09 22:42:50,095 [INFO] Época 21/30, Batch 2050/3348, Loss: 0.0643
2025-10-09 22:42:50,359 [INFO] Época 21/30, Batch 2100/3348, Loss: 0.0835
2025-10-09 22:42:50,622 [INFO] Época 21/30, Batch 2150/3348, Loss: 0.0759
2025-10-09 22:42:50,886 [INFO] Época 21/30, Batch 2200/3348, Loss: 0.0948
2025-10-09 22:42:51,148 [INFO] Época 21/30, Batch 2250/3348, Loss: 0.0822
2025-10-09 22:42:51,414 [INFO] Época 21/30, Batch 2300/3348, Loss: 0.0805
2025-10-09 22:42:51,676 [INFO] Época 21/30, Batch 2350/3348, Loss: 0.0612
2025-10-09 22:42:51,939 [INFO] Época 21/30, Batch 2400/3348, Loss: 0.0700
2025-10-09 22:42:52,200 [INFO] Época 21/30, Batch 2450/3348, Loss: 0.0824
2025-10-09 22:42:52,461 [INFO] Época 21/30, Batch 2500/3348, Loss: 0.0620
2025-10-09 22:42:52,725 [INFO] Época 21/30, Batch 2550/3348, Loss: 0.0875
2025-10-09 22:42:52,987 [INFO] Época 21/30, Batch 2600/3348, Loss: 0.0719
2025-10-09 22:42:53,256 [INFO] Época 21/30, Batch 2650/3348, Loss: 0.0533
2025-10-09 22:42:53,528 [INFO] Época 21/30, Batch 2700/3348, Loss: 0.1026
2025-10-09 22:42:53,800 [INFO] Época 21/30, Batch 2750/3348, Loss: 0.1223
2025-10-09 22:42:54,075 [INFO] Época 21/30, Batch 2800/3348, Loss: 0.1072
2025-10-09 22:42:54,350 [INFO] Época 21/30, Batch 2850/3348, Loss: 0.0767
2025-10-09 22:42:54,623 [INFO] Época 21/30, Batch 2900/3348, Loss: 0.0867
2025-10-09 22:42:54,898 [INFO] Época 21/30, Batch 2950/3348, Loss: 0.0889
2025-10-09 22:42:55,172 [INFO] Época 21/30, Batch 3000/3348, Loss: 0.1131
2025-10-09 22:42:55,447 [INFO] Época 21/30, Batch 3050/3348, Loss: 0.0896
2025-10-09 22:42:55,722 [INFO] Época 21/30, Batch 3100/3348, Loss: 0.0724
2025-10-09 22:42:55,987 [INFO] Época 21/30, Batch 3150/3348, Loss: 0.0789
2025-10-09 22:42:56,249 [INFO] Época 21/30, Batch 3200/3348, Loss: 0.0617
2025-10-09 22:42:56,518 [INFO] Época 21/30, Batch 3250/3348, Loss: 0.0619
2025-10-09 22:42:56,792 [INFO] Época 21/30, Batch 3300/3348, Loss: 0.1119
2025-10-09 22:42:58,618 [INFO] [21/30] Train Loss: 0.0854 | Val Loss: 0.1440 | Tempo: 19.65s
2025-10-09 22:42:59,229 [INFO] Época 22/30, Batch 50/3348, Loss: 0.0643
2025-10-09 22:42:59,499 [INFO] Época 22/30, Batch 100/3348, Loss: 0.0650
2025-10-09 22:42:59,768 [INFO] Época 22/30, Batch 150/3348, Loss: 0.1196
2025-10-09 22:43:00,036 [INFO] Época 22/30, Batch 200/3348, Loss: 0.0624
2025-10-09 22:43:00,301 [INFO] Época 22/30, Batch 250/3348, Loss: 0.1068
2025-10-09 22:43:00,568 [INFO] Época 22/30, Batch 300/3348, Loss: 0.1353
2025-10-09 22:43:00,831 [INFO] Época 22/30, Batch 350/3348, Loss: 0.0854
2025-10-09 22:43:01,094 [INFO] Época 22/30, Batch 400/3348, Loss: 0.0991
2025-10-09 22:43:01,356 [INFO] Época 22/30, Batch 450/3348, Loss: 0.0933
2025-10-09 22:43:01,620 [INFO] Época 22/30, Batch 500/3348, Loss: 0.0592
2025-10-09 22:43:01,882 [INFO] Época 22/30, Batch 550/3348, Loss: 0.0961
2025-10-09 22:43:02,145 [INFO] Época 22/30, Batch 600/3348, Loss: 0.0679
2025-10-09 22:43:02,405 [INFO] Época 22/30, Batch 650/3348, Loss: 0.0897
2025-10-09 22:43:02,666 [INFO] Época 22/30, Batch 700/3348, Loss: 0.0748
2025-10-09 22:43:02,918 [INFO] Época 22/30, Batch 750/3348, Loss: 0.0574
2025-10-09 22:43:03,170 [INFO] Época 22/30, Batch 800/3348, Loss: 0.0860
2025-10-09 22:43:03,421 [INFO] Época 22/30, Batch 850/3348, Loss: 0.0654
2025-10-09 22:43:03,673 [INFO] Época 22/30, Batch 900/3348, Loss: 0.0918
2025-10-09 22:43:03,923 [INFO] Época 22/30, Batch 950/3348, Loss: 0.0910
2025-10-09 22:43:04,173 [INFO] Época 22/30, Batch 1000/3348, Loss: 0.0858
2025-10-09 22:43:04,426 [INFO] Época 22/30, Batch 1050/3348, Loss: 0.0931
2025-10-09 22:43:04,677 [INFO] Época 22/30, Batch 1100/3348, Loss: 0.0779
2025-10-09 22:43:04,938 [INFO] Época 22/30, Batch 1150/3348, Loss: 0.1010
2025-10-09 22:43:05,199 [INFO] Época 22/30, Batch 1200/3348, Loss: 0.1017
2025-10-09 22:43:05,461 [INFO] Época 22/30, Batch 1250/3348, Loss: 0.0806
2025-10-09 22:43:05,725 [INFO] Época 22/30, Batch 1300/3348, Loss: 0.0741
2025-10-09 22:43:05,987 [INFO] Época 22/30, Batch 1350/3348, Loss: 0.0738
2025-10-09 22:43:06,250 [INFO] Época 22/30, Batch 1400/3348, Loss: 0.0806
2025-10-09 22:43:06,512 [INFO] Época 22/30, Batch 1450/3348, Loss: 0.0861
2025-10-09 22:43:06,773 [INFO] Época 22/30, Batch 1500/3348, Loss: 0.0942
2025-10-09 22:43:07,037 [INFO] Época 22/30, Batch 1550/3348, Loss: 0.1007
2025-10-09 22:43:07,299 [INFO] Época 22/30, Batch 1600/3348, Loss: 0.0721
2025-10-09 22:43:07,562 [INFO] Época 22/30, Batch 1650/3348, Loss: 0.0768
2025-10-09 22:43:07,823 [INFO] Época 22/30, Batch 1700/3348, Loss: 0.1008
2025-10-09 22:43:08,088 [INFO] Época 22/30, Batch 1750/3348, Loss: 0.0754
2025-10-09 22:43:08,353 [INFO] Época 22/30, Batch 1800/3348, Loss: 0.0855
2025-10-09 22:43:08,615 [INFO] Época 22/30, Batch 1850/3348, Loss: 0.0700
2025-10-09 22:43:08,880 [INFO] Época 22/30, Batch 1900/3348, Loss: 0.0890
2025-10-09 22:43:09,143 [INFO] Época 22/30, Batch 1950/3348, Loss: 0.0910
2025-10-09 22:43:09,405 [INFO] Época 22/30, Batch 2000/3348, Loss: 0.0593
2025-10-09 22:43:09,669 [INFO] Época 22/30, Batch 2050/3348, Loss: 0.0914
2025-10-09 22:43:09,932 [INFO] Época 22/30, Batch 2100/3348, Loss: 0.0727
2025-10-09 22:43:10,195 [INFO] Época 22/30, Batch 2150/3348, Loss: 0.0659
2025-10-09 22:43:10,459 [INFO] Época 22/30, Batch 2200/3348, Loss: 0.0764
2025-10-09 22:43:10,723 [INFO] Época 22/30, Batch 2250/3348, Loss: 0.1106
2025-10-09 22:43:10,989 [INFO] Época 22/30, Batch 2300/3348, Loss: 0.0787
2025-10-09 22:43:11,263 [INFO] Época 22/30, Batch 2350/3348, Loss: 0.0771
2025-10-09 22:43:11,534 [INFO] Época 22/30, Batch 2400/3348, Loss: 0.0744
2025-10-09 22:43:11,807 [INFO] Época 22/30, Batch 2450/3348, Loss: 0.0993
2025-10-09 22:43:12,077 [INFO] Época 22/30, Batch 2500/3348, Loss: 0.0883
2025-10-09 22:43:12,349 [INFO] Época 22/30, Batch 2550/3348, Loss: 0.0703
2025-10-09 22:43:12,613 [INFO] Época 22/30, Batch 2600/3348, Loss: 0.0877
2025-10-09 22:43:12,880 [INFO] Época 22/30, Batch 2650/3348, Loss: 0.0808
2025-10-09 22:43:13,150 [INFO] Época 22/30, Batch 2700/3348, Loss: 0.0736
2025-10-09 22:43:13,421 [INFO] Época 22/30, Batch 2750/3348, Loss: 0.0815
2025-10-09 22:43:13,693 [INFO] Época 22/30, Batch 2800/3348, Loss: 0.0944
2025-10-09 22:43:13,965 [INFO] Época 22/30, Batch 2850/3348, Loss: 0.0650
2025-10-09 22:43:14,236 [INFO] Época 22/30, Batch 2900/3348, Loss: 0.0691
2025-10-09 22:43:14,506 [INFO] Época 22/30, Batch 2950/3348, Loss: 0.0737
2025-10-09 22:43:14,773 [INFO] Época 22/30, Batch 3000/3348, Loss: 0.0780
2025-10-09 22:43:15,035 [INFO] Época 22/30, Batch 3050/3348, Loss: 0.0603
2025-10-09 22:43:15,299 [INFO] Época 22/30, Batch 3100/3348, Loss: 0.0994
2025-10-09 22:43:15,561 [INFO] Época 22/30, Batch 3150/3348, Loss: 0.0934
2025-10-09 22:43:15,829 [INFO] Época 22/30, Batch 3200/3348, Loss: 0.0921
2025-10-09 22:43:16,101 [INFO] Época 22/30, Batch 3250/3348, Loss: 0.1044
2025-10-09 22:43:16,369 [INFO] Época 22/30, Batch 3300/3348, Loss: 0.1043
2025-10-09 22:43:18,322 [INFO] [22/30] Train Loss: 0.0847 | Val Loss: 0.1456 | Tempo: 19.70s
2025-10-09 22:43:18,943 [INFO] Época 23/30, Batch 50/3348, Loss: 0.0883
2025-10-09 22:43:19,222 [INFO] Época 23/30, Batch 100/3348, Loss: 0.0728
2025-10-09 22:43:19,496 [INFO] Época 23/30, Batch 150/3348, Loss: 0.0821
2025-10-09 22:43:19,769 [INFO] Época 23/30, Batch 200/3348, Loss: 0.1054
2025-10-09 22:43:20,041 [INFO] Época 23/30, Batch 250/3348, Loss: 0.0692
2025-10-09 22:43:20,315 [INFO] Época 23/30, Batch 300/3348, Loss: 0.0668
2025-10-09 22:43:20,586 [INFO] Época 23/30, Batch 350/3348, Loss: 0.0739
2025-10-09 22:43:20,854 [INFO] Época 23/30, Batch 400/3348, Loss: 0.0869
2025-10-09 22:43:21,115 [INFO] Época 23/30, Batch 450/3348, Loss: 0.1133
2025-10-09 22:43:21,378 [INFO] Época 23/30, Batch 500/3348, Loss: 0.0840
2025-10-09 22:43:21,640 [INFO] Época 23/30, Batch 550/3348, Loss: 0.0839
2025-10-09 22:43:21,902 [INFO] Época 23/30, Batch 600/3348, Loss: 0.0681
2025-10-09 22:43:22,164 [INFO] Época 23/30, Batch 650/3348, Loss: 0.0827
2025-10-09 22:43:22,423 [INFO] Época 23/30, Batch 700/3348, Loss: 0.0686
2025-10-09 22:43:22,688 [INFO] Época 23/30, Batch 750/3348, Loss: 0.0731
2025-10-09 22:43:22,959 [INFO] Época 23/30, Batch 800/3348, Loss: 0.0818
2025-10-09 22:43:23,230 [INFO] Época 23/30, Batch 850/3348, Loss: 0.1235
2025-10-09 22:43:23,502 [INFO] Época 23/30, Batch 900/3348, Loss: 0.0911
2025-10-09 22:43:23,773 [INFO] Época 23/30, Batch 950/3348, Loss: 0.0633
2025-10-09 22:43:24,043 [INFO] Época 23/30, Batch 1000/3348, Loss: 0.1000
2025-10-09 22:43:24,313 [INFO] Época 23/30, Batch 1050/3348, Loss: 0.0668
2025-10-09 22:43:24,584 [INFO] Época 23/30, Batch 1100/3348, Loss: 0.0939
2025-10-09 22:43:24,848 [INFO] Época 23/30, Batch 1150/3348, Loss: 0.0811
2025-10-09 22:43:25,112 [INFO] Época 23/30, Batch 1200/3348, Loss: 0.0798
2025-10-09 22:43:25,375 [INFO] Época 23/30, Batch 1250/3348, Loss: 0.0890
2025-10-09 22:43:25,637 [INFO] Época 23/30, Batch 1300/3348, Loss: 0.0796
2025-10-09 22:43:25,906 [INFO] Época 23/30, Batch 1350/3348, Loss: 0.1146
2025-10-09 22:43:26,176 [INFO] Época 23/30, Batch 1400/3348, Loss: 0.0739
2025-10-09 22:43:26,446 [INFO] Época 23/30, Batch 1450/3348, Loss: 0.0896
2025-10-09 22:43:26,719 [INFO] Época 23/30, Batch 1500/3348, Loss: 0.0697
2025-10-09 22:43:26,989 [INFO] Época 23/30, Batch 1550/3348, Loss: 0.0988
2025-10-09 22:43:27,264 [INFO] Época 23/30, Batch 1600/3348, Loss: 0.0569
2025-10-09 22:43:27,534 [INFO] Época 23/30, Batch 1650/3348, Loss: 0.0678
2025-10-09 22:43:27,813 [INFO] Época 23/30, Batch 1700/3348, Loss: 0.0781
2025-10-09 22:43:28,083 [INFO] Época 23/30, Batch 1750/3348, Loss: 0.0778
2025-10-09 22:43:28,354 [INFO] Época 23/30, Batch 1800/3348, Loss: 0.1047
2025-10-09 22:43:28,625 [INFO] Época 23/30, Batch 1850/3348, Loss: 0.0768
2025-10-09 22:43:28,895 [INFO] Época 23/30, Batch 1900/3348, Loss: 0.0801
2025-10-09 22:43:29,164 [INFO] Época 23/30, Batch 1950/3348, Loss: 0.1359
2025-10-09 22:43:29,435 [INFO] Época 23/30, Batch 2000/3348, Loss: 0.0806
2025-10-09 22:43:29,705 [INFO] Época 23/30, Batch 2050/3348, Loss: 0.0713
2025-10-09 22:43:29,975 [INFO] Época 23/30, Batch 2100/3348, Loss: 0.0605
2025-10-09 22:43:30,246 [INFO] Época 23/30, Batch 2150/3348, Loss: 0.0991
2025-10-09 22:43:30,517 [INFO] Época 23/30, Batch 2200/3348, Loss: 0.0958
2025-10-09 22:43:30,786 [INFO] Época 23/30, Batch 2250/3348, Loss: 0.0736
2025-10-09 22:43:31,048 [INFO] Época 23/30, Batch 2300/3348, Loss: 0.0730
2025-10-09 22:43:31,310 [INFO] Época 23/30, Batch 2350/3348, Loss: 0.0784
2025-10-09 22:43:31,571 [INFO] Época 23/30, Batch 2400/3348, Loss: 0.1037
2025-10-09 22:43:31,831 [INFO] Época 23/30, Batch 2450/3348, Loss: 0.0881
2025-10-09 22:43:32,092 [INFO] Época 23/30, Batch 2500/3348, Loss: 0.0947
2025-10-09 22:43:32,352 [INFO] Época 23/30, Batch 2550/3348, Loss: 0.0998
2025-10-09 22:43:32,613 [INFO] Época 23/30, Batch 2600/3348, Loss: 0.0931
2025-10-09 22:43:32,875 [INFO] Época 23/30, Batch 2650/3348, Loss: 0.0795
2025-10-09 22:43:33,135 [INFO] Época 23/30, Batch 2700/3348, Loss: 0.0642
2025-10-09 22:43:33,394 [INFO] Época 23/30, Batch 2750/3348, Loss: 0.0775
2025-10-09 22:43:33,656 [INFO] Época 23/30, Batch 2800/3348, Loss: 0.0950
2025-10-09 22:43:33,925 [INFO] Época 23/30, Batch 2850/3348, Loss: 0.0878
2025-10-09 22:43:34,197 [INFO] Época 23/30, Batch 2900/3348, Loss: 0.0642
2025-10-09 22:43:34,467 [INFO] Época 23/30, Batch 2950/3348, Loss: 0.0800
2025-10-09 22:43:34,736 [INFO] Época 23/30, Batch 3000/3348, Loss: 0.0806
2025-10-09 22:43:35,007 [INFO] Época 23/30, Batch 3050/3348, Loss: 0.0706
2025-10-09 22:43:35,276 [INFO] Época 23/30, Batch 3100/3348, Loss: 0.0796
2025-10-09 22:43:35,547 [INFO] Época 23/30, Batch 3150/3348, Loss: 0.0950
2025-10-09 22:43:35,817 [INFO] Época 23/30, Batch 3200/3348, Loss: 0.0638
2025-10-09 22:43:36,088 [INFO] Época 23/30, Batch 3250/3348, Loss: 0.0744
2025-10-09 22:43:36,358 [INFO] Época 23/30, Batch 3300/3348, Loss: 0.0709
2025-10-09 22:43:38,197 [INFO] [23/30] Train Loss: 0.0833 | Val Loss: 0.1403 | Tempo: 19.87s
2025-10-09 22:43:38,799 [INFO] Época 24/30, Batch 50/3348, Loss: 0.0626
2025-10-09 22:43:39,068 [INFO] Época 24/30, Batch 100/3348, Loss: 0.0977
2025-10-09 22:43:39,334 [INFO] Época 24/30, Batch 150/3348, Loss: 0.0610
2025-10-09 22:43:39,596 [INFO] Época 24/30, Batch 200/3348, Loss: 0.0766
2025-10-09 22:43:39,858 [INFO] Época 24/30, Batch 250/3348, Loss: 0.0835
2025-10-09 22:43:40,122 [INFO] Época 24/30, Batch 300/3348, Loss: 0.0549
2025-10-09 22:43:40,387 [INFO] Época 24/30, Batch 350/3348, Loss: 0.0784
2025-10-09 22:43:40,655 [INFO] Época 24/30, Batch 400/3348, Loss: 0.0507
2025-10-09 22:43:40,921 [INFO] Época 24/30, Batch 450/3348, Loss: 0.0686
2025-10-09 22:43:41,188 [INFO] Época 24/30, Batch 500/3348, Loss: 0.0718
2025-10-09 22:43:41,455 [INFO] Época 24/30, Batch 550/3348, Loss: 0.1287
2025-10-09 22:43:41,719 [INFO] Época 24/30, Batch 600/3348, Loss: 0.1067
2025-10-09 22:43:41,981 [INFO] Época 24/30, Batch 650/3348, Loss: 0.1242
2025-10-09 22:43:42,234 [INFO] Época 24/30, Batch 700/3348, Loss: 0.0877
2025-10-09 22:43:42,487 [INFO] Época 24/30, Batch 750/3348, Loss: 0.0836
2025-10-09 22:43:42,741 [INFO] Época 24/30, Batch 800/3348, Loss: 0.0839
2025-10-09 22:43:42,999 [INFO] Época 24/30, Batch 850/3348, Loss: 0.0875
2025-10-09 22:43:43,252 [INFO] Época 24/30, Batch 900/3348, Loss: 0.0826
2025-10-09 22:43:43,505 [INFO] Época 24/30, Batch 950/3348, Loss: 0.0626
2025-10-09 22:43:43,761 [INFO] Época 24/30, Batch 1000/3348, Loss: 0.0562
2025-10-09 22:43:44,016 [INFO] Época 24/30, Batch 1050/3348, Loss: 0.0702
2025-10-09 22:43:44,271 [INFO] Época 24/30, Batch 1100/3348, Loss: 0.0954
2025-10-09 22:43:44,525 [INFO] Época 24/30, Batch 1150/3348, Loss: 0.0876
2025-10-09 22:43:44,780 [INFO] Época 24/30, Batch 1200/3348, Loss: 0.0860
2025-10-09 22:43:45,039 [INFO] Época 24/30, Batch 1250/3348, Loss: 0.0564
2025-10-09 22:43:45,300 [INFO] Época 24/30, Batch 1300/3348, Loss: 0.1069
2025-10-09 22:43:45,560 [INFO] Época 24/30, Batch 1350/3348, Loss: 0.0839
2025-10-09 22:43:45,823 [INFO] Época 24/30, Batch 1400/3348, Loss: 0.0770
2025-10-09 22:43:46,084 [INFO] Época 24/30, Batch 1450/3348, Loss: 0.0989
2025-10-09 22:43:46,345 [INFO] Época 24/30, Batch 1500/3348, Loss: 0.0774
2025-10-09 22:43:46,607 [INFO] Época 24/30, Batch 1550/3348, Loss: 0.0851
2025-10-09 22:43:46,868 [INFO] Época 24/30, Batch 1600/3348, Loss: 0.0952
2025-10-09 22:43:47,132 [INFO] Época 24/30, Batch 1650/3348, Loss: 0.1128
2025-10-09 22:43:47,394 [INFO] Época 24/30, Batch 1700/3348, Loss: 0.0901
2025-10-09 22:43:47,657 [INFO] Época 24/30, Batch 1750/3348, Loss: 0.0665
2025-10-09 22:43:47,919 [INFO] Época 24/30, Batch 1800/3348, Loss: 0.0781
2025-10-09 22:43:48,181 [INFO] Época 24/30, Batch 1850/3348, Loss: 0.0685
2025-10-09 22:43:48,443 [INFO] Época 24/30, Batch 1900/3348, Loss: 0.0699
2025-10-09 22:43:48,705 [INFO] Época 24/30, Batch 1950/3348, Loss: 0.0944
2025-10-09 22:43:48,966 [INFO] Época 24/30, Batch 2000/3348, Loss: 0.0923
2025-10-09 22:43:49,226 [INFO] Época 24/30, Batch 2050/3348, Loss: 0.0953
2025-10-09 22:43:49,488 [INFO] Época 24/30, Batch 2100/3348, Loss: 0.0720
2025-10-09 22:43:49,752 [INFO] Época 24/30, Batch 2150/3348, Loss: 0.0846
2025-10-09 22:43:50,014 [INFO] Época 24/30, Batch 2200/3348, Loss: 0.0703
2025-10-09 22:43:50,275 [INFO] Época 24/30, Batch 2250/3348, Loss: 0.0996
2025-10-09 22:43:50,537 [INFO] Época 24/30, Batch 2300/3348, Loss: 0.0783
2025-10-09 22:43:50,801 [INFO] Época 24/30, Batch 2350/3348, Loss: 0.0805
2025-10-09 22:43:51,067 [INFO] Época 24/30, Batch 2400/3348, Loss: 0.0701
2025-10-09 22:43:51,331 [INFO] Época 24/30, Batch 2450/3348, Loss: 0.0718
2025-10-09 22:43:51,595 [INFO] Época 24/30, Batch 2500/3348, Loss: 0.0649
2025-10-09 22:43:51,859 [INFO] Época 24/30, Batch 2550/3348, Loss: 0.0794
2025-10-09 22:43:52,122 [INFO] Época 24/30, Batch 2600/3348, Loss: 0.1049
2025-10-09 22:43:52,386 [INFO] Época 24/30, Batch 2650/3348, Loss: 0.0956
2025-10-09 22:43:52,649 [INFO] Época 24/30, Batch 2700/3348, Loss: 0.0891
2025-10-09 22:43:52,912 [INFO] Época 24/30, Batch 2750/3348, Loss: 0.0855
2025-10-09 22:43:53,174 [INFO] Época 24/30, Batch 2800/3348, Loss: 0.0744
2025-10-09 22:43:53,437 [INFO] Época 24/30, Batch 2850/3348, Loss: 0.1157
2025-10-09 22:43:53,701 [INFO] Época 24/30, Batch 2900/3348, Loss: 0.0917
2025-10-09 22:43:53,964 [INFO] Época 24/30, Batch 2950/3348, Loss: 0.0883
2025-10-09 22:43:54,226 [INFO] Época 24/30, Batch 3000/3348, Loss: 0.1179
2025-10-09 22:43:54,487 [INFO] Época 24/30, Batch 3050/3348, Loss: 0.0907
2025-10-09 22:43:54,750 [INFO] Época 24/30, Batch 3100/3348, Loss: 0.0807
2025-10-09 22:43:55,013 [INFO] Época 24/30, Batch 3150/3348, Loss: 0.0812
2025-10-09 22:43:55,275 [INFO] Época 24/30, Batch 3200/3348, Loss: 0.0866
2025-10-09 22:43:55,537 [INFO] Época 24/30, Batch 3250/3348, Loss: 0.1185
2025-10-09 22:43:55,799 [INFO] Época 24/30, Batch 3300/3348, Loss: 0.0857
2025-10-09 22:43:57,658 [INFO] [24/30] Train Loss: 0.0820 | Val Loss: 0.1436 | Tempo: 19.46s
2025-10-09 22:43:58,268 [INFO] Época 25/30, Batch 50/3348, Loss: 0.0788
2025-10-09 22:43:58,547 [INFO] Época 25/30, Batch 100/3348, Loss: 0.0606
2025-10-09 22:43:58,821 [INFO] Época 25/30, Batch 150/3348, Loss: 0.0868
2025-10-09 22:43:59,093 [INFO] Época 25/30, Batch 200/3348, Loss: 0.0810
2025-10-09 22:43:59,366 [INFO] Época 25/30, Batch 250/3348, Loss: 0.1113
2025-10-09 22:43:59,637 [INFO] Época 25/30, Batch 300/3348, Loss: 0.0788
2025-10-09 22:43:59,909 [INFO] Época 25/30, Batch 350/3348, Loss: 0.0652
2025-10-09 22:44:00,184 [INFO] Época 25/30, Batch 400/3348, Loss: 0.0764
2025-10-09 22:44:00,455 [INFO] Época 25/30, Batch 450/3348, Loss: 0.0605
2025-10-09 22:44:00,727 [INFO] Época 25/30, Batch 500/3348, Loss: 0.0509
2025-10-09 22:44:00,998 [INFO] Época 25/30, Batch 550/3348, Loss: 0.0969
2025-10-09 22:44:01,268 [INFO] Época 25/30, Batch 600/3348, Loss: 0.0853
2025-10-09 22:44:01,538 [INFO] Época 25/30, Batch 650/3348, Loss: 0.0698
2025-10-09 22:44:01,808 [INFO] Época 25/30, Batch 700/3348, Loss: 0.0860
2025-10-09 22:44:02,080 [INFO] Época 25/30, Batch 750/3348, Loss: 0.0786
2025-10-09 22:44:02,351 [INFO] Época 25/30, Batch 800/3348, Loss: 0.0976
2025-10-09 22:44:02,620 [INFO] Época 25/30, Batch 850/3348, Loss: 0.0856
2025-10-09 22:44:02,891 [INFO] Época 25/30, Batch 900/3348, Loss: 0.0846
2025-10-09 22:44:03,161 [INFO] Época 25/30, Batch 950/3348, Loss: 0.0755
2025-10-09 22:44:03,431 [INFO] Época 25/30, Batch 1000/3348, Loss: 0.0774
2025-10-09 22:44:03,702 [INFO] Época 25/30, Batch 1050/3348, Loss: 0.0805
2025-10-09 22:44:03,970 [INFO] Época 25/30, Batch 1100/3348, Loss: 0.0916
2025-10-09 22:44:04,244 [INFO] Época 25/30, Batch 1150/3348, Loss: 0.0581
2025-10-09 22:44:04,514 [INFO] Época 25/30, Batch 1200/3348, Loss: 0.0659
2025-10-09 22:44:04,789 [INFO] Época 25/30, Batch 1250/3348, Loss: 0.0760
2025-10-09 22:44:05,061 [INFO] Época 25/30, Batch 1300/3348, Loss: 0.1033
2025-10-09 22:44:05,334 [INFO] Época 25/30, Batch 1350/3348, Loss: 0.0696
2025-10-09 22:44:05,610 [INFO] Época 25/30, Batch 1400/3348, Loss: 0.0788
2025-10-09 22:44:05,882 [INFO] Época 25/30, Batch 1450/3348, Loss: 0.0656
2025-10-09 22:44:06,152 [INFO] Época 25/30, Batch 1500/3348, Loss: 0.0681
2025-10-09 22:44:06,425 [INFO] Época 25/30, Batch 1550/3348, Loss: 0.0789
2025-10-09 22:44:06,697 [INFO] Época 25/30, Batch 1600/3348, Loss: 0.0695
2025-10-09 22:44:06,967 [INFO] Época 25/30, Batch 1650/3348, Loss: 0.0832
2025-10-09 22:44:07,234 [INFO] Época 25/30, Batch 1700/3348, Loss: 0.0601
2025-10-09 22:44:07,495 [INFO] Época 25/30, Batch 1750/3348, Loss: 0.0816
2025-10-09 22:44:07,757 [INFO] Época 25/30, Batch 1800/3348, Loss: 0.0765
2025-10-09 22:44:08,019 [INFO] Época 25/30, Batch 1850/3348, Loss: 0.0596
2025-10-09 22:44:08,283 [INFO] Época 25/30, Batch 1900/3348, Loss: 0.0799
2025-10-09 22:44:08,548 [INFO] Época 25/30, Batch 1950/3348, Loss: 0.0985
2025-10-09 22:44:08,812 [INFO] Época 25/30, Batch 2000/3348, Loss: 0.0897
2025-10-09 22:44:09,077 [INFO] Época 25/30, Batch 2050/3348, Loss: 0.0804
2025-10-09 22:44:09,341 [INFO] Época 25/30, Batch 2100/3348, Loss: 0.0833
2025-10-09 22:44:09,614 [INFO] Época 25/30, Batch 2150/3348, Loss: 0.1017
2025-10-09 22:44:09,887 [INFO] Época 25/30, Batch 2200/3348, Loss: 0.0870
2025-10-09 22:44:10,157 [INFO] Época 25/30, Batch 2250/3348, Loss: 0.0752
2025-10-09 22:44:10,427 [INFO] Época 25/30, Batch 2300/3348, Loss: 0.0674
2025-10-09 22:44:10,697 [INFO] Época 25/30, Batch 2350/3348, Loss: 0.0651
2025-10-09 22:44:10,961 [INFO] Época 25/30, Batch 2400/3348, Loss: 0.0701
2025-10-09 22:44:11,224 [INFO] Época 25/30, Batch 2450/3348, Loss: 0.0999
2025-10-09 22:44:11,492 [INFO] Época 25/30, Batch 2500/3348, Loss: 0.0988
2025-10-09 22:44:11,765 [INFO] Época 25/30, Batch 2550/3348, Loss: 0.1050
2025-10-09 22:44:12,038 [INFO] Época 25/30, Batch 2600/3348, Loss: 0.0818
2025-10-09 22:44:12,312 [INFO] Época 25/30, Batch 2650/3348, Loss: 0.1049
2025-10-09 22:44:12,585 [INFO] Época 25/30, Batch 2700/3348, Loss: 0.0744
2025-10-09 22:44:12,857 [INFO] Época 25/30, Batch 2750/3348, Loss: 0.1031
2025-10-09 22:44:13,129 [INFO] Época 25/30, Batch 2800/3348, Loss: 0.0756
2025-10-09 22:44:13,402 [INFO] Época 25/30, Batch 2850/3348, Loss: 0.0970
2025-10-09 22:44:13,673 [INFO] Época 25/30, Batch 2900/3348, Loss: 0.0692
2025-10-09 22:44:13,947 [INFO] Época 25/30, Batch 2950/3348, Loss: 0.0915
2025-10-09 22:44:14,218 [INFO] Época 25/30, Batch 3000/3348, Loss: 0.0774
2025-10-09 22:44:14,490 [INFO] Época 25/30, Batch 3050/3348, Loss: 0.1124
2025-10-09 22:44:14,764 [INFO] Época 25/30, Batch 3100/3348, Loss: 0.0852
2025-10-09 22:44:15,035 [INFO] Época 25/30, Batch 3150/3348, Loss: 0.0906
2025-10-09 22:44:15,309 [INFO] Época 25/30, Batch 3200/3348, Loss: 0.0822
2025-10-09 22:44:15,582 [INFO] Época 25/30, Batch 3250/3348, Loss: 0.1156
2025-10-09 22:44:15,855 [INFO] Época 25/30, Batch 3300/3348, Loss: 0.0848
2025-10-09 22:44:17,825 [INFO] [25/30] Train Loss: 0.0813 | Val Loss: 0.1490 | Tempo: 20.17s
2025-10-09 22:44:18,440 [INFO] Época 26/30, Batch 50/3348, Loss: 0.0761
2025-10-09 22:44:18,715 [INFO] Época 26/30, Batch 100/3348, Loss: 0.0756
2025-10-09 22:44:18,992 [INFO] Época 26/30, Batch 150/3348, Loss: 0.0734
2025-10-09 22:44:19,266 [INFO] Época 26/30, Batch 200/3348, Loss: 0.0531
2025-10-09 22:44:19,539 [INFO] Época 26/30, Batch 250/3348, Loss: 0.1093
2025-10-09 22:44:19,811 [INFO] Época 26/30, Batch 300/3348, Loss: 0.0581
2025-10-09 22:44:20,082 [INFO] Época 26/30, Batch 350/3348, Loss: 0.0812
2025-10-09 22:44:20,354 [INFO] Época 26/30, Batch 400/3348, Loss: 0.0610
2025-10-09 22:44:20,626 [INFO] Época 26/30, Batch 450/3348, Loss: 0.0685
2025-10-09 22:44:20,895 [INFO] Época 26/30, Batch 500/3348, Loss: 0.0664
2025-10-09 22:44:21,163 [INFO] Época 26/30, Batch 550/3348, Loss: 0.1082
2025-10-09 22:44:21,429 [INFO] Época 26/30, Batch 600/3348, Loss: 0.0681
2025-10-09 22:44:21,695 [INFO] Época 26/30, Batch 650/3348, Loss: 0.0913
2025-10-09 22:44:21,956 [INFO] Época 26/30, Batch 700/3348, Loss: 0.0562
2025-10-09 22:44:22,216 [INFO] Época 26/30, Batch 750/3348, Loss: 0.1064
2025-10-09 22:44:22,476 [INFO] Época 26/30, Batch 800/3348, Loss: 0.0828
2025-10-09 22:44:22,736 [INFO] Época 26/30, Batch 850/3348, Loss: 0.1062
2025-10-09 22:44:22,997 [INFO] Época 26/30, Batch 900/3348, Loss: 0.0770
2025-10-09 22:44:23,260 [INFO] Época 26/30, Batch 950/3348, Loss: 0.0539
2025-10-09 22:44:23,520 [INFO] Época 26/30, Batch 1000/3348, Loss: 0.0846
2025-10-09 22:44:23,779 [INFO] Época 26/30, Batch 1050/3348, Loss: 0.0763
2025-10-09 22:44:24,040 [INFO] Época 26/30, Batch 1100/3348, Loss: 0.0727
2025-10-09 22:44:24,301 [INFO] Época 26/30, Batch 1150/3348, Loss: 0.0612
2025-10-09 22:44:24,563 [INFO] Época 26/30, Batch 1200/3348, Loss: 0.0920
2025-10-09 22:44:24,825 [INFO] Época 26/30, Batch 1250/3348, Loss: 0.0890
2025-10-09 22:44:25,090 [INFO] Época 26/30, Batch 1300/3348, Loss: 0.1068
2025-10-09 22:44:25,354 [INFO] Época 26/30, Batch 1350/3348, Loss: 0.0974
2025-10-09 22:44:25,622 [INFO] Época 26/30, Batch 1400/3348, Loss: 0.0721
2025-10-09 22:44:25,887 [INFO] Época 26/30, Batch 1450/3348, Loss: 0.0769
2025-10-09 22:44:26,152 [INFO] Época 26/30, Batch 1500/3348, Loss: 0.0826
2025-10-09 22:44:26,415 [INFO] Época 26/30, Batch 1550/3348, Loss: 0.0702
2025-10-09 22:44:26,679 [INFO] Época 26/30, Batch 1600/3348, Loss: 0.0970
2025-10-09 22:44:26,943 [INFO] Época 26/30, Batch 1650/3348, Loss: 0.0865
2025-10-09 22:44:27,207 [INFO] Época 26/30, Batch 1700/3348, Loss: 0.0862
2025-10-09 22:44:27,471 [INFO] Época 26/30, Batch 1750/3348, Loss: 0.0821
2025-10-09 22:44:27,735 [INFO] Época 26/30, Batch 1800/3348, Loss: 0.0878
2025-10-09 22:44:27,997 [INFO] Época 26/30, Batch 1850/3348, Loss: 0.0849
2025-10-09 22:44:28,258 [INFO] Época 26/30, Batch 1900/3348, Loss: 0.0567
2025-10-09 22:44:28,520 [INFO] Época 26/30, Batch 1950/3348, Loss: 0.0654
2025-10-09 22:44:28,782 [INFO] Época 26/30, Batch 2000/3348, Loss: 0.0722
2025-10-09 22:44:29,043 [INFO] Época 26/30, Batch 2050/3348, Loss: 0.0677
2025-10-09 22:44:29,306 [INFO] Época 26/30, Batch 2100/3348, Loss: 0.0834
2025-10-09 22:44:29,568 [INFO] Época 26/30, Batch 2150/3348, Loss: 0.0919
2025-10-09 22:44:29,831 [INFO] Época 26/30, Batch 2200/3348, Loss: 0.1076
2025-10-09 22:44:30,092 [INFO] Época 26/30, Batch 2250/3348, Loss: 0.0996
2025-10-09 22:44:30,353 [INFO] Época 26/30, Batch 2300/3348, Loss: 0.0674
2025-10-09 22:44:30,615 [INFO] Época 26/30, Batch 2350/3348, Loss: 0.0572
2025-10-09 22:44:30,878 [INFO] Época 26/30, Batch 2400/3348, Loss: 0.0986
2025-10-09 22:44:31,139 [INFO] Época 26/30, Batch 2450/3348, Loss: 0.0696
2025-10-09 22:44:31,404 [INFO] Época 26/30, Batch 2500/3348, Loss: 0.0728
2025-10-09 22:44:31,667 [INFO] Época 26/30, Batch 2550/3348, Loss: 0.1024
2025-10-09 22:44:31,929 [INFO] Época 26/30, Batch 2600/3348, Loss: 0.0860
2025-10-09 22:44:32,188 [INFO] Época 26/30, Batch 2650/3348, Loss: 0.0823
2025-10-09 22:44:32,450 [INFO] Época 26/30, Batch 2700/3348, Loss: 0.0605
2025-10-09 22:44:32,712 [INFO] Época 26/30, Batch 2750/3348, Loss: 0.0681
2025-10-09 22:44:32,973 [INFO] Época 26/30, Batch 2800/3348, Loss: 0.0898
2025-10-09 22:44:33,236 [INFO] Época 26/30, Batch 2850/3348, Loss: 0.0814
2025-10-09 22:44:33,497 [INFO] Época 26/30, Batch 2900/3348, Loss: 0.0952
2025-10-09 22:44:33,759 [INFO] Época 26/30, Batch 2950/3348, Loss: 0.0556
2025-10-09 22:44:34,025 [INFO] Época 26/30, Batch 3000/3348, Loss: 0.1044
2025-10-09 22:44:34,290 [INFO] Época 26/30, Batch 3050/3348, Loss: 0.1043
2025-10-09 22:44:34,551 [INFO] Época 26/30, Batch 3100/3348, Loss: 0.1075
2025-10-09 22:44:34,814 [INFO] Época 26/30, Batch 3150/3348, Loss: 0.0563
2025-10-09 22:44:35,076 [INFO] Época 26/30, Batch 3200/3348, Loss: 0.1002
2025-10-09 22:44:35,341 [INFO] Época 26/30, Batch 3250/3348, Loss: 0.0789
2025-10-09 22:44:35,606 [INFO] Época 26/30, Batch 3300/3348, Loss: 0.1114
2025-10-09 22:44:37,423 [INFO] [26/30] Train Loss: 0.0803 | Val Loss: 0.1382 | Tempo: 19.60s
2025-10-09 22:44:37,428 [INFO] Melhor modelo salvo em: /mnt/hdd/home/jdurao/ToolBox-ChemXAI/models/mlp_qm9_MorganCount_att4_large.pth
2025-10-09 22:44:38,028 [INFO] Época 27/30, Batch 50/3348, Loss: 0.0718
2025-10-09 22:44:38,297 [INFO] Época 27/30, Batch 100/3348, Loss: 0.0795
2025-10-09 22:44:38,562 [INFO] Época 27/30, Batch 150/3348, Loss: 0.0576
2025-10-09 22:44:38,831 [INFO] Época 27/30, Batch 200/3348, Loss: 0.0490
2025-10-09 22:44:39,099 [INFO] Época 27/30, Batch 250/3348, Loss: 0.0607
2025-10-09 22:44:39,367 [INFO] Época 27/30, Batch 300/3348, Loss: 0.0879
2025-10-09 22:44:39,636 [INFO] Época 27/30, Batch 350/3348, Loss: 0.0603
2025-10-09 22:44:39,904 [INFO] Época 27/30, Batch 400/3348, Loss: 0.0477
2025-10-09 22:44:40,172 [INFO] Época 27/30, Batch 450/3348, Loss: 0.0820
2025-10-09 22:44:40,438 [INFO] Época 27/30, Batch 500/3348, Loss: 0.0809
2025-10-09 22:44:40,702 [INFO] Época 27/30, Batch 550/3348, Loss: 0.0756
2025-10-09 22:44:40,967 [INFO] Época 27/30, Batch 600/3348, Loss: 0.0858
2025-10-09 22:44:41,231 [INFO] Época 27/30, Batch 650/3348, Loss: 0.0504
2025-10-09 22:44:41,499 [INFO] Época 27/30, Batch 700/3348, Loss: 0.0901
2025-10-09 22:44:41,764 [INFO] Época 27/30, Batch 750/3348, Loss: 0.0863
2025-10-09 22:44:42,028 [INFO] Época 27/30, Batch 800/3348, Loss: 0.0646
2025-10-09 22:44:42,288 [INFO] Época 27/30, Batch 850/3348, Loss: 0.0748
2025-10-09 22:44:42,551 [INFO] Época 27/30, Batch 900/3348, Loss: 0.0899
2025-10-09 22:44:42,814 [INFO] Época 27/30, Batch 950/3348, Loss: 0.0753
2025-10-09 22:44:43,077 [INFO] Época 27/30, Batch 1000/3348, Loss: 0.0681
2025-10-09 22:44:43,338 [INFO] Época 27/30, Batch 1050/3348, Loss: 0.0808
2025-10-09 22:44:43,599 [INFO] Época 27/30, Batch 1100/3348, Loss: 0.0877
2025-10-09 22:44:43,862 [INFO] Época 27/30, Batch 1150/3348, Loss: 0.0719
2025-10-09 22:44:44,123 [INFO] Época 27/30, Batch 1200/3348, Loss: 0.0753
2025-10-09 22:44:44,389 [INFO] Época 27/30, Batch 1250/3348, Loss: 0.0862
2025-10-09 22:44:44,654 [INFO] Época 27/30, Batch 1300/3348, Loss: 0.0726
2025-10-09 22:44:44,919 [INFO] Época 27/30, Batch 1350/3348, Loss: 0.0716
2025-10-09 22:44:45,183 [INFO] Época 27/30, Batch 1400/3348, Loss: 0.0808
2025-10-09 22:44:45,445 [INFO] Época 27/30, Batch 1450/3348, Loss: 0.0881
2025-10-09 22:44:45,710 [INFO] Época 27/30, Batch 1500/3348, Loss: 0.0719
2025-10-09 22:44:45,973 [INFO] Época 27/30, Batch 1550/3348, Loss: 0.0653
2025-10-09 22:44:46,235 [INFO] Época 27/30, Batch 1600/3348, Loss: 0.0887
2025-10-09 22:44:46,504 [INFO] Época 27/30, Batch 1650/3348, Loss: 0.0800
2025-10-09 22:44:46,766 [INFO] Época 27/30, Batch 1700/3348, Loss: 0.0734
2025-10-09 22:44:47,031 [INFO] Época 27/30, Batch 1750/3348, Loss: 0.1027
2025-10-09 22:44:47,294 [INFO] Época 27/30, Batch 1800/3348, Loss: 0.0810
2025-10-09 22:44:47,559 [INFO] Época 27/30, Batch 1850/3348, Loss: 0.0766
2025-10-09 22:44:47,823 [INFO] Época 27/30, Batch 1900/3348, Loss: 0.0541
2025-10-09 22:44:48,088 [INFO] Época 27/30, Batch 1950/3348, Loss: 0.1063
2025-10-09 22:44:48,354 [INFO] Época 27/30, Batch 2000/3348, Loss: 0.0681
2025-10-09 22:44:48,620 [INFO] Época 27/30, Batch 2050/3348, Loss: 0.0843
2025-10-09 22:44:48,884 [INFO] Época 27/30, Batch 2100/3348, Loss: 0.0762
2025-10-09 22:44:49,149 [INFO] Época 27/30, Batch 2150/3348, Loss: 0.0851
2025-10-09 22:44:49,412 [INFO] Época 27/30, Batch 2200/3348, Loss: 0.0779
2025-10-09 22:44:49,678 [INFO] Época 27/30, Batch 2250/3348, Loss: 0.0891
2025-10-09 22:44:49,942 [INFO] Época 27/30, Batch 2300/3348, Loss: 0.0577
2025-10-09 22:44:50,206 [INFO] Época 27/30, Batch 2350/3348, Loss: 0.0639
2025-10-09 22:44:50,469 [INFO] Época 27/30, Batch 2400/3348, Loss: 0.0836
2025-10-09 22:44:50,733 [INFO] Época 27/30, Batch 2450/3348, Loss: 0.0708
2025-10-09 22:44:50,997 [INFO] Época 27/30, Batch 2500/3348, Loss: 0.0748
2025-10-09 22:44:51,260 [INFO] Época 27/30, Batch 2550/3348, Loss: 0.1192
2025-10-09 22:44:51,524 [INFO] Época 27/30, Batch 2600/3348, Loss: 0.0730
2025-10-09 22:44:51,787 [INFO] Época 27/30, Batch 2650/3348, Loss: 0.0905
2025-10-09 22:44:52,050 [INFO] Época 27/30, Batch 2700/3348, Loss: 0.1200
2025-10-09 22:44:52,314 [INFO] Época 27/30, Batch 2750/3348, Loss: 0.0987
2025-10-09 22:44:52,580 [INFO] Época 27/30, Batch 2800/3348, Loss: 0.0747
2025-10-09 22:44:52,842 [INFO] Época 27/30, Batch 2850/3348, Loss: 0.0982
2025-10-09 22:44:53,104 [INFO] Época 27/30, Batch 2900/3348, Loss: 0.0789
2025-10-09 22:44:53,367 [INFO] Época 27/30, Batch 2950/3348, Loss: 0.0745
2025-10-09 22:44:53,632 [INFO] Época 27/30, Batch 3000/3348, Loss: 0.1044
2025-10-09 22:44:53,896 [INFO] Época 27/30, Batch 3050/3348, Loss: 0.0635
2025-10-09 22:44:54,159 [INFO] Época 27/30, Batch 3100/3348, Loss: 0.0653
2025-10-09 22:44:54,424 [INFO] Época 27/30, Batch 3150/3348, Loss: 0.0996
2025-10-09 22:44:54,689 [INFO] Época 27/30, Batch 3200/3348, Loss: 0.0741
2025-10-09 22:44:54,953 [INFO] Época 27/30, Batch 3250/3348, Loss: 0.0919
2025-10-09 22:44:55,218 [INFO] Época 27/30, Batch 3300/3348, Loss: 0.0945
2025-10-09 22:44:57,012 [INFO] [27/30] Train Loss: 0.0793 | Val Loss: 0.1394 | Tempo: 19.58s
2025-10-09 22:44:57,622 [INFO] Época 28/30, Batch 50/3348, Loss: 0.0668
2025-10-09 22:44:57,898 [INFO] Época 28/30, Batch 100/3348, Loss: 0.0756
2025-10-09 22:44:58,172 [INFO] Época 28/30, Batch 150/3348, Loss: 0.0733
2025-10-09 22:44:58,442 [INFO] Época 28/30, Batch 200/3348, Loss: 0.0620
2025-10-09 22:44:58,710 [INFO] Época 28/30, Batch 250/3348, Loss: 0.0680
2025-10-09 22:44:58,975 [INFO] Época 28/30, Batch 300/3348, Loss: 0.0771
2025-10-09 22:44:59,242 [INFO] Época 28/30, Batch 350/3348, Loss: 0.0917
2025-10-09 22:44:59,508 [INFO] Época 28/30, Batch 400/3348, Loss: 0.0794
2025-10-09 22:44:59,772 [INFO] Época 28/30, Batch 450/3348, Loss: 0.0687
2025-10-09 22:45:00,038 [INFO] Época 28/30, Batch 500/3348, Loss: 0.0655
2025-10-09 22:45:00,300 [INFO] Época 28/30, Batch 550/3348, Loss: 0.0945
2025-10-09 22:45:00,565 [INFO] Época 28/30, Batch 600/3348, Loss: 0.0912
2025-10-09 22:45:00,841 [INFO] Época 28/30, Batch 650/3348, Loss: 0.0919
2025-10-09 22:45:01,118 [INFO] Época 28/30, Batch 700/3348, Loss: 0.0589
2025-10-09 22:45:01,403 [INFO] Época 28/30, Batch 750/3348, Loss: 0.0789
2025-10-09 22:45:01,657 [INFO] Época 28/30, Batch 800/3348, Loss: 0.0542
2025-10-09 22:45:01,914 [INFO] Época 28/30, Batch 850/3348, Loss: 0.0837
2025-10-09 22:45:02,188 [INFO] Época 28/30, Batch 900/3348, Loss: 0.0822
2025-10-09 22:45:02,451 [INFO] Época 28/30, Batch 950/3348, Loss: 0.0791
2025-10-09 22:45:02,713 [INFO] Época 28/30, Batch 1000/3348, Loss: 0.0840
2025-10-09 22:45:02,973 [INFO] Época 28/30, Batch 1050/3348, Loss: 0.0726
2025-10-09 22:45:03,234 [INFO] Época 28/30, Batch 1100/3348, Loss: 0.0626
2025-10-09 22:45:03,495 [INFO] Época 28/30, Batch 1150/3348, Loss: 0.0815
2025-10-09 22:45:03,756 [INFO] Época 28/30, Batch 1200/3348, Loss: 0.0925
2025-10-09 22:45:04,021 [INFO] Época 28/30, Batch 1250/3348, Loss: 0.0738
2025-10-09 22:45:04,288 [INFO] Época 28/30, Batch 1300/3348, Loss: 0.0887
2025-10-09 22:45:04,552 [INFO] Época 28/30, Batch 1350/3348, Loss: 0.0688
2025-10-09 22:45:04,817 [INFO] Época 28/30, Batch 1400/3348, Loss: 0.0895
2025-10-09 22:45:05,078 [INFO] Época 28/30, Batch 1450/3348, Loss: 0.0779
2025-10-09 22:45:05,340 [INFO] Época 28/30, Batch 1500/3348, Loss: 0.0771
2025-10-09 22:45:05,604 [INFO] Época 28/30, Batch 1550/3348, Loss: 0.0682
2025-10-09 22:45:05,870 [INFO] Época 28/30, Batch 1600/3348, Loss: 0.0782
2025-10-09 22:45:06,135 [INFO] Época 28/30, Batch 1650/3348, Loss: 0.0757
2025-10-09 22:45:06,395 [INFO] Época 28/30, Batch 1700/3348, Loss: 0.0664
2025-10-09 22:45:06,658 [INFO] Época 28/30, Batch 1750/3348, Loss: 0.1118
2025-10-09 22:45:06,921 [INFO] Época 28/30, Batch 1800/3348, Loss: 0.0755
2025-10-09 22:45:07,184 [INFO] Época 28/30, Batch 1850/3348, Loss: 0.0618
2025-10-09 22:45:07,445 [INFO] Época 28/30, Batch 1900/3348, Loss: 0.0691
2025-10-09 22:45:07,706 [INFO] Época 28/30, Batch 1950/3348, Loss: 0.0997
2025-10-09 22:45:07,967 [INFO] Época 28/30, Batch 2000/3348, Loss: 0.0842
2025-10-09 22:45:08,231 [INFO] Época 28/30, Batch 2050/3348, Loss: 0.0640
2025-10-09 22:45:08,492 [INFO] Época 28/30, Batch 2100/3348, Loss: 0.0799
2025-10-09 22:45:08,753 [INFO] Época 28/30, Batch 2150/3348, Loss: 0.0551
2025-10-09 22:45:09,013 [INFO] Época 28/30, Batch 2200/3348, Loss: 0.0835
2025-10-09 22:45:09,275 [INFO] Época 28/30, Batch 2250/3348, Loss: 0.0757
2025-10-09 22:45:09,540 [INFO] Época 28/30, Batch 2300/3348, Loss: 0.1245
2025-10-09 22:45:09,801 [INFO] Época 28/30, Batch 2350/3348, Loss: 0.0759
2025-10-09 22:45:10,061 [INFO] Época 28/30, Batch 2400/3348, Loss: 0.0591
2025-10-09 22:45:10,322 [INFO] Época 28/30, Batch 2450/3348, Loss: 0.0786
2025-10-09 22:45:10,583 [INFO] Época 28/30, Batch 2500/3348, Loss: 0.0830
2025-10-09 22:45:10,845 [INFO] Época 28/30, Batch 2550/3348, Loss: 0.0759
2025-10-09 22:45:11,108 [INFO] Época 28/30, Batch 2600/3348, Loss: 0.0716
2025-10-09 22:45:11,367 [INFO] Época 28/30, Batch 2650/3348, Loss: 0.0624
2025-10-09 22:45:11,627 [INFO] Época 28/30, Batch 2700/3348, Loss: 0.0871
2025-10-09 22:45:11,890 [INFO] Época 28/30, Batch 2750/3348, Loss: 0.0856
2025-10-09 22:45:12,152 [INFO] Época 28/30, Batch 2800/3348, Loss: 0.0674
2025-10-09 22:45:12,412 [INFO] Época 28/30, Batch 2850/3348, Loss: 0.0631
2025-10-09 22:45:12,675 [INFO] Época 28/30, Batch 2900/3348, Loss: 0.1337
2025-10-09 22:45:12,936 [INFO] Época 28/30, Batch 2950/3348, Loss: 0.0852
2025-10-09 22:45:13,197 [INFO] Época 28/30, Batch 3000/3348, Loss: 0.0866
2025-10-09 22:45:13,459 [INFO] Época 28/30, Batch 3050/3348, Loss: 0.0611
2025-10-09 22:45:13,723 [INFO] Época 28/30, Batch 3100/3348, Loss: 0.0850
2025-10-09 22:45:13,985 [INFO] Época 28/30, Batch 3150/3348, Loss: 0.0666
2025-10-09 22:45:14,247 [INFO] Época 28/30, Batch 3200/3348, Loss: 0.0871
2025-10-09 22:45:14,510 [INFO] Época 28/30, Batch 3250/3348, Loss: 0.1097
2025-10-09 22:45:14,773 [INFO] Época 28/30, Batch 3300/3348, Loss: 0.1084
2025-10-09 22:45:16,615 [INFO] [28/30] Train Loss: 0.0783 | Val Loss: 0.1398 | Tempo: 19.60s
2025-10-09 22:45:17,229 [INFO] Época 29/30, Batch 50/3348, Loss: 0.0917
2025-10-09 22:45:17,509 [INFO] Época 29/30, Batch 100/3348, Loss: 0.0550
2025-10-09 22:45:17,786 [INFO] Época 29/30, Batch 150/3348, Loss: 0.0949
2025-10-09 22:45:18,062 [INFO] Época 29/30, Batch 200/3348, Loss: 0.0759
2025-10-09 22:45:18,335 [INFO] Época 29/30, Batch 250/3348, Loss: 0.0913
2025-10-09 22:45:18,611 [INFO] Época 29/30, Batch 300/3348, Loss: 0.0555
2025-10-09 22:45:18,877 [INFO] Época 29/30, Batch 350/3348, Loss: 0.0652
2025-10-09 22:45:19,141 [INFO] Época 29/30, Batch 400/3348, Loss: 0.0616
2025-10-09 22:45:19,402 [INFO] Época 29/30, Batch 450/3348, Loss: 0.0925
2025-10-09 22:45:19,665 [INFO] Época 29/30, Batch 500/3348, Loss: 0.0677
2025-10-09 22:45:19,929 [INFO] Época 29/30, Batch 550/3348, Loss: 0.0913
2025-10-09 22:45:20,191 [INFO] Época 29/30, Batch 600/3348, Loss: 0.0692
2025-10-09 22:45:20,453 [INFO] Época 29/30, Batch 650/3348, Loss: 0.0670
2025-10-09 22:45:20,707 [INFO] Época 29/30, Batch 700/3348, Loss: 0.0878
2025-10-09 22:45:20,960 [INFO] Época 29/30, Batch 750/3348, Loss: 0.0665
2025-10-09 22:45:21,218 [INFO] Época 29/30, Batch 800/3348, Loss: 0.0660
2025-10-09 22:45:21,480 [INFO] Época 29/30, Batch 850/3348, Loss: 0.0552
2025-10-09 22:45:21,741 [INFO] Época 29/30, Batch 900/3348, Loss: 0.0988
2025-10-09 22:45:22,001 [INFO] Época 29/30, Batch 950/3348, Loss: 0.0672
2025-10-09 22:45:22,263 [INFO] Época 29/30, Batch 1000/3348, Loss: 0.0841
2025-10-09 22:45:22,525 [INFO] Época 29/30, Batch 1050/3348, Loss: 0.0699
2025-10-09 22:45:22,786 [INFO] Época 29/30, Batch 1100/3348, Loss: 0.0818
2025-10-09 22:45:23,046 [INFO] Época 29/30, Batch 1150/3348, Loss: 0.0744
2025-10-09 22:45:23,310 [INFO] Época 29/30, Batch 1200/3348, Loss: 0.0832
2025-10-09 22:45:23,572 [INFO] Época 29/30, Batch 1250/3348, Loss: 0.0820
2025-10-09 22:45:23,835 [INFO] Época 29/30, Batch 1300/3348, Loss: 0.0642
2025-10-09 22:45:24,097 [INFO] Época 29/30, Batch 1350/3348, Loss: 0.0989
2025-10-09 22:45:24,358 [INFO] Época 29/30, Batch 1400/3348, Loss: 0.0626
2025-10-09 22:45:24,623 [INFO] Época 29/30, Batch 1450/3348, Loss: 0.1218
2025-10-09 22:45:24,884 [INFO] Época 29/30, Batch 1500/3348, Loss: 0.0776
2025-10-09 22:45:25,149 [INFO] Época 29/30, Batch 1550/3348, Loss: 0.0722
2025-10-09 22:45:25,414 [INFO] Época 29/30, Batch 1600/3348, Loss: 0.0887
2025-10-09 22:45:25,676 [INFO] Época 29/30, Batch 1650/3348, Loss: 0.0810
2025-10-09 22:45:25,940 [INFO] Época 29/30, Batch 1700/3348, Loss: 0.0622
2025-10-09 22:45:26,201 [INFO] Época 29/30, Batch 1750/3348, Loss: 0.0577
2025-10-09 22:45:26,463 [INFO] Época 29/30, Batch 1800/3348, Loss: 0.0733
2025-10-09 22:45:26,727 [INFO] Época 29/30, Batch 1850/3348, Loss: 0.0505
2025-10-09 22:45:26,989 [INFO] Época 29/30, Batch 1900/3348, Loss: 0.0437
2025-10-09 22:45:27,253 [INFO] Época 29/30, Batch 1950/3348, Loss: 0.0742
2025-10-09 22:45:27,523 [INFO] Época 29/30, Batch 2000/3348, Loss: 0.0702
2025-10-09 22:45:27,792 [INFO] Época 29/30, Batch 2050/3348, Loss: 0.0857
2025-10-09 22:45:28,054 [INFO] Época 29/30, Batch 2100/3348, Loss: 0.0686
2025-10-09 22:45:28,318 [INFO] Época 29/30, Batch 2150/3348, Loss: 0.0674
2025-10-09 22:45:28,579 [INFO] Época 29/30, Batch 2200/3348, Loss: 0.0735
2025-10-09 22:45:28,843 [INFO] Época 29/30, Batch 2250/3348, Loss: 0.0796
2025-10-09 22:45:29,104 [INFO] Época 29/30, Batch 2300/3348, Loss: 0.0566
2025-10-09 22:45:29,366 [INFO] Época 29/30, Batch 2350/3348, Loss: 0.0672
2025-10-09 22:45:29,627 [INFO] Época 29/30, Batch 2400/3348, Loss: 0.1205
2025-10-09 22:45:29,890 [INFO] Época 29/30, Batch 2450/3348, Loss: 0.0599
2025-10-09 22:45:30,151 [INFO] Época 29/30, Batch 2500/3348, Loss: 0.1005
2025-10-09 22:45:30,411 [INFO] Época 29/30, Batch 2550/3348, Loss: 0.0840
2025-10-09 22:45:30,675 [INFO] Época 29/30, Batch 2600/3348, Loss: 0.1262
2025-10-09 22:45:30,935 [INFO] Época 29/30, Batch 2650/3348, Loss: 0.1057
2025-10-09 22:45:31,196 [INFO] Época 29/30, Batch 2700/3348, Loss: 0.0632
2025-10-09 22:45:31,458 [INFO] Época 29/30, Batch 2750/3348, Loss: 0.0681
2025-10-09 22:45:31,718 [INFO] Época 29/30, Batch 2800/3348, Loss: 0.0761
2025-10-09 22:45:31,980 [INFO] Época 29/30, Batch 2850/3348, Loss: 0.0816
2025-10-09 22:45:32,240 [INFO] Época 29/30, Batch 2900/3348, Loss: 0.0616
2025-10-09 22:45:32,499 [INFO] Época 29/30, Batch 2950/3348, Loss: 0.0722
2025-10-09 22:45:32,761 [INFO] Época 29/30, Batch 3000/3348, Loss: 0.0991
2025-10-09 22:45:33,023 [INFO] Época 29/30, Batch 3050/3348, Loss: 0.0695
2025-10-09 22:45:33,285 [INFO] Época 29/30, Batch 3100/3348, Loss: 0.0786
2025-10-09 22:45:33,545 [INFO] Época 29/30, Batch 3150/3348, Loss: 0.0916
2025-10-09 22:45:33,804 [INFO] Época 29/30, Batch 3200/3348, Loss: 0.0812
2025-10-09 22:45:34,062 [INFO] Época 29/30, Batch 3250/3348, Loss: 0.0589
2025-10-09 22:45:34,324 [INFO] Época 29/30, Batch 3300/3348, Loss: 0.0610
2025-10-09 22:45:36,235 [INFO] [29/30] Train Loss: 0.0772 | Val Loss: 0.1386 | Tempo: 19.62s
2025-10-09 22:45:36,860 [INFO] Época 30/30, Batch 50/3348, Loss: 0.0620
2025-10-09 22:45:37,131 [INFO] Época 30/30, Batch 100/3348, Loss: 0.0600
2025-10-09 22:45:37,398 [INFO] Época 30/30, Batch 150/3348, Loss: 0.0692
2025-10-09 22:45:37,665 [INFO] Época 30/30, Batch 200/3348, Loss: 0.0630
2025-10-09 22:45:37,929 [INFO] Época 30/30, Batch 250/3348, Loss: 0.0704
2025-10-09 22:45:38,195 [INFO] Época 30/30, Batch 300/3348, Loss: 0.0623
2025-10-09 22:45:38,459 [INFO] Época 30/30, Batch 350/3348, Loss: 0.0885
2025-10-09 22:45:38,732 [INFO] Época 30/30, Batch 400/3348, Loss: 0.1298
2025-10-09 22:45:39,003 [INFO] Época 30/30, Batch 450/3348, Loss: 0.0664
2025-10-09 22:45:39,274 [INFO] Época 30/30, Batch 500/3348, Loss: 0.0455
2025-10-09 22:45:39,547 [INFO] Época 30/30, Batch 550/3348, Loss: 0.0683
2025-10-09 22:45:39,820 [INFO] Época 30/30, Batch 600/3348, Loss: 0.0951
2025-10-09 22:45:40,085 [INFO] Época 30/30, Batch 650/3348, Loss: 0.0774
2025-10-09 22:45:40,342 [INFO] Época 30/30, Batch 700/3348, Loss: 0.0776
2025-10-09 22:45:40,597 [INFO] Época 30/30, Batch 750/3348, Loss: 0.0686
2025-10-09 22:45:40,852 [INFO] Época 30/30, Batch 800/3348, Loss: 0.0650
2025-10-09 22:45:41,108 [INFO] Época 30/30, Batch 850/3348, Loss: 0.0817
2025-10-09 22:45:41,363 [INFO] Época 30/30, Batch 900/3348, Loss: 0.0625
2025-10-09 22:45:41,618 [INFO] Época 30/30, Batch 950/3348, Loss: 0.0537
2025-10-09 22:45:41,878 [INFO] Época 30/30, Batch 1000/3348, Loss: 0.0676
2025-10-09 22:45:42,135 [INFO] Época 30/30, Batch 1050/3348, Loss: 0.1178
2025-10-09 22:45:42,393 [INFO] Época 30/30, Batch 1100/3348, Loss: 0.0720
2025-10-09 22:45:42,649 [INFO] Época 30/30, Batch 1150/3348, Loss: 0.0874
2025-10-09 22:45:42,905 [INFO] Época 30/30, Batch 1200/3348, Loss: 0.0656
2025-10-09 22:45:43,163 [INFO] Época 30/30, Batch 1250/3348, Loss: 0.0783
2025-10-09 22:45:43,426 [INFO] Época 30/30, Batch 1300/3348, Loss: 0.0736
2025-10-09 22:45:43,691 [INFO] Época 30/30, Batch 1350/3348, Loss: 0.0844
2025-10-09 22:45:43,953 [INFO] Época 30/30, Batch 1400/3348, Loss: 0.0700
2025-10-09 22:45:44,214 [INFO] Época 30/30, Batch 1450/3348, Loss: 0.0755
2025-10-09 22:45:44,478 [INFO] Época 30/30, Batch 1500/3348, Loss: 0.0842
2025-10-09 22:45:44,742 [INFO] Época 30/30, Batch 1550/3348, Loss: 0.0558
2025-10-09 22:45:45,003 [INFO] Época 30/30, Batch 1600/3348, Loss: 0.1048
2025-10-09 22:45:45,265 [INFO] Época 30/30, Batch 1650/3348, Loss: 0.0548
2025-10-09 22:45:45,527 [INFO] Época 30/30, Batch 1700/3348, Loss: 0.0915
2025-10-09 22:45:45,789 [INFO] Época 30/30, Batch 1750/3348, Loss: 0.0590
2025-10-09 22:45:46,050 [INFO] Época 30/30, Batch 1800/3348, Loss: 0.0711
2025-10-09 22:45:46,313 [INFO] Época 30/30, Batch 1850/3348, Loss: 0.0811
2025-10-09 22:45:46,578 [INFO] Época 30/30, Batch 1900/3348, Loss: 0.0718
2025-10-09 22:45:46,848 [INFO] Época 30/30, Batch 1950/3348, Loss: 0.0601
2025-10-09 22:45:47,119 [INFO] Época 30/30, Batch 2000/3348, Loss: 0.0874
2025-10-09 22:45:47,389 [INFO] Época 30/30, Batch 2050/3348, Loss: 0.0627
2025-10-09 22:45:47,661 [INFO] Época 30/30, Batch 2100/3348, Loss: 0.0928
2025-10-09 22:45:47,943 [INFO] Época 30/30, Batch 2150/3348, Loss: 0.0833
2025-10-09 22:45:48,206 [INFO] Época 30/30, Batch 2200/3348, Loss: 0.0728
2025-10-09 22:45:48,466 [INFO] Época 30/30, Batch 2250/3348, Loss: 0.0633
2025-10-09 22:45:48,727 [INFO] Época 30/30, Batch 2300/3348, Loss: 0.0796
2025-10-09 22:45:48,989 [INFO] Época 30/30, Batch 2350/3348, Loss: 0.0657
2025-10-09 22:45:49,249 [INFO] Época 30/30, Batch 2400/3348, Loss: 0.0628
2025-10-09 22:45:49,509 [INFO] Época 30/30, Batch 2450/3348, Loss: 0.0723
2025-10-09 22:45:49,771 [INFO] Época 30/30, Batch 2500/3348, Loss: 0.0739
2025-10-09 22:45:50,032 [INFO] Época 30/30, Batch 2550/3348, Loss: 0.1344
2025-10-09 22:45:50,294 [INFO] Época 30/30, Batch 2600/3348, Loss: 0.0767
2025-10-09 22:45:50,555 [INFO] Época 30/30, Batch 2650/3348, Loss: 0.0673
2025-10-09 22:45:50,816 [INFO] Época 30/30, Batch 2700/3348, Loss: 0.0887
2025-10-09 22:45:51,076 [INFO] Época 30/30, Batch 2750/3348, Loss: 0.0682
2025-10-09 22:45:51,337 [INFO] Época 30/30, Batch 2800/3348, Loss: 0.0827
2025-10-09 22:45:51,599 [INFO] Época 30/30, Batch 2850/3348, Loss: 0.0619
2025-10-09 22:45:51,871 [INFO] Época 30/30, Batch 2900/3348, Loss: 0.0738
2025-10-09 22:45:52,141 [INFO] Época 30/30, Batch 2950/3348, Loss: 0.0749
2025-10-09 22:45:52,413 [INFO] Época 30/30, Batch 3000/3348, Loss: 0.0688
2025-10-09 22:45:52,683 [INFO] Época 30/30, Batch 3050/3348, Loss: 0.1010
2025-10-09 22:45:52,949 [INFO] Época 30/30, Batch 3100/3348, Loss: 0.0862
2025-10-09 22:45:53,212 [INFO] Época 30/30, Batch 3150/3348, Loss: 0.0918
2025-10-09 22:45:53,472 [INFO] Época 30/30, Batch 3200/3348, Loss: 0.0784
2025-10-09 22:45:53,732 [INFO] Época 30/30, Batch 3250/3348, Loss: 0.0580
2025-10-09 22:45:53,992 [INFO] Época 30/30, Batch 3300/3348, Loss: 0.1345
2025-10-09 22:45:55,800 [INFO] [30/30] Train Loss: 0.0764 | Val Loss: 0.1416 | Tempo: 19.56s
2025-10-09 22:45:55,800 [INFO] Treinamento concluído em 589.91 segundos (9.83 minutos)
2025-10-09 22:45:55,800 [INFO] Iniciando avaliação no conjunto de teste...
2025-10-09 22:45:57,323 [INFO] Avaliação do teste concluída em 1.52 segundos
2025-10-09 22:45:57,324 [INFO] MSE no teste: 0.1143
2025-10-09 22:45:57,324 [INFO] RMSE no teste: 0.3381
2025-10-09 22:45:57,324 [INFO] MAE no teste: 0.2273
2025-10-09 22:45:57,325 [INFO] Métricas salvas em /mnt/hdd/home/jdurao/ToolBox-ChemXAI/logs/mlp_att4_MorganCount_metrics.json
