2025-10-10 06:57:33,320 [INFO] Iniciando treinamento do modelo mlp_att10_Physicochemical
2025-10-10 06:57:33,320 [INFO] Configuração: att_index=10, epochs=30, layers=[128, 64, 32], lr=0.001, batch_size=32, descriptor_type=Physicochemical
2025-10-10 06:57:33,321 [INFO] Diretório para modelos: /mnt/hdd/home/jdurao/ToolBox-ChemXAI/models
2025-10-10 06:57:33,321 [INFO] Carregando dados...
2025-10-10 06:57:33,418 [INFO] Preparando dataloaders sem ruído...
2025-10-10 06:57:33,763 [INFO] Dados carregados em 0.44 segundos
2025-10-10 06:57:33,763 [INFO] Tamanhos dos conjuntos - Treino: 107108, Validação: 13388, Teste: 13389
2025-10-10 06:57:33,763 [INFO] Usando dispositivo: cuda
2025-10-10 06:57:34,152 [INFO] Dimensão de entrada: 9, Dimensão de saída: 1
2025-10-10 06:57:34,152 [INFO] Criando modelo MLP com camadas: [128, 64, 32]
2025-10-10 06:57:34,154 [INFO] Modelo criado com 11649 parâmetros
2025-10-10 06:57:34,156 [INFO] Iniciando treinamento com 30 épocas...
2025-10-10 06:57:34,708 [INFO] Época 1/30, Batch 50/3348, Loss: 0.3083
2025-10-10 06:57:34,970 [INFO] Época 1/30, Batch 100/3348, Loss: 0.1564
2025-10-10 06:57:35,230 [INFO] Época 1/30, Batch 150/3348, Loss: 0.2191
2025-10-10 06:57:35,489 [INFO] Época 1/30, Batch 200/3348, Loss: 0.1862
2025-10-10 06:57:35,748 [INFO] Época 1/30, Batch 250/3348, Loss: 0.1669
2025-10-10 06:57:36,007 [INFO] Época 1/30, Batch 300/3348, Loss: 0.1491
2025-10-10 06:57:36,266 [INFO] Época 1/30, Batch 350/3348, Loss: 0.3102
2025-10-10 06:57:36,526 [INFO] Época 1/30, Batch 400/3348, Loss: 0.1690
2025-10-10 06:57:36,786 [INFO] Época 1/30, Batch 450/3348, Loss: 0.2013
2025-10-10 06:57:37,044 [INFO] Época 1/30, Batch 500/3348, Loss: 0.1412
2025-10-10 06:57:37,303 [INFO] Época 1/30, Batch 550/3348, Loss: 0.1434
2025-10-10 06:57:37,565 [INFO] Época 1/30, Batch 600/3348, Loss: 0.1532
2025-10-10 06:57:37,826 [INFO] Época 1/30, Batch 650/3348, Loss: 0.2332
2025-10-10 06:57:38,086 [INFO] Época 1/30, Batch 700/3348, Loss: 0.1823
2025-10-10 06:57:38,343 [INFO] Época 1/30, Batch 750/3348, Loss: 0.1504
2025-10-10 06:57:38,604 [INFO] Época 1/30, Batch 800/3348, Loss: 0.1829
2025-10-10 06:57:38,870 [INFO] Época 1/30, Batch 850/3348, Loss: 0.1491
2025-10-10 06:57:39,131 [INFO] Época 1/30, Batch 900/3348, Loss: 0.2112
2025-10-10 06:57:39,392 [INFO] Época 1/30, Batch 950/3348, Loss: 0.2211
2025-10-10 06:57:39,654 [INFO] Época 1/30, Batch 1000/3348, Loss: 0.1955
2025-10-10 06:57:39,917 [INFO] Época 1/30, Batch 1050/3348, Loss: 0.1538
2025-10-10 06:57:40,178 [INFO] Época 1/30, Batch 1100/3348, Loss: 0.1843
2025-10-10 06:57:40,440 [INFO] Época 1/30, Batch 1150/3348, Loss: 0.2912
2025-10-10 06:57:40,701 [INFO] Época 1/30, Batch 1200/3348, Loss: 0.1730
2025-10-10 06:57:40,963 [INFO] Época 1/30, Batch 1250/3348, Loss: 0.2386
2025-10-10 06:57:41,228 [INFO] Época 1/30, Batch 1300/3348, Loss: 0.1622
2025-10-10 06:57:41,493 [INFO] Época 1/30, Batch 1350/3348, Loss: 0.1955
2025-10-10 06:57:41,758 [INFO] Época 1/30, Batch 1400/3348, Loss: 0.1188
2025-10-10 06:57:42,022 [INFO] Época 1/30, Batch 1450/3348, Loss: 0.2037
2025-10-10 06:57:42,287 [INFO] Época 1/30, Batch 1500/3348, Loss: 0.2330
2025-10-10 06:57:42,553 [INFO] Época 1/30, Batch 1550/3348, Loss: 0.1448
2025-10-10 06:57:42,816 [INFO] Época 1/30, Batch 1600/3348, Loss: 0.1741
2025-10-10 06:57:43,080 [INFO] Época 1/30, Batch 1650/3348, Loss: 0.1894
2025-10-10 06:57:43,343 [INFO] Época 1/30, Batch 1700/3348, Loss: 0.1697
2025-10-10 06:57:43,607 [INFO] Época 1/30, Batch 1750/3348, Loss: 0.1407
2025-10-10 06:57:43,881 [INFO] Época 1/30, Batch 1800/3348, Loss: 0.1640
2025-10-10 06:57:44,144 [INFO] Época 1/30, Batch 1850/3348, Loss: 0.1951
2025-10-10 06:57:44,408 [INFO] Época 1/30, Batch 1900/3348, Loss: 0.1478
2025-10-10 06:57:44,672 [INFO] Época 1/30, Batch 1950/3348, Loss: 0.1353
2025-10-10 06:57:44,936 [INFO] Época 1/30, Batch 2000/3348, Loss: 0.2325
2025-10-10 06:57:45,201 [INFO] Época 1/30, Batch 2050/3348, Loss: 0.1418
2025-10-10 06:57:45,462 [INFO] Época 1/30, Batch 2100/3348, Loss: 0.1970
2025-10-10 06:57:45,726 [INFO] Época 1/30, Batch 2150/3348, Loss: 0.1434
2025-10-10 06:57:45,991 [INFO] Época 1/30, Batch 2200/3348, Loss: 0.1931
2025-10-10 06:57:46,255 [INFO] Época 1/30, Batch 2250/3348, Loss: 0.2437
2025-10-10 06:57:46,518 [INFO] Época 1/30, Batch 2300/3348, Loss: 0.1378
2025-10-10 06:57:46,784 [INFO] Época 1/30, Batch 2350/3348, Loss: 0.1230
2025-10-10 06:57:47,047 [INFO] Época 1/30, Batch 2400/3348, Loss: 0.1154
2025-10-10 06:57:47,308 [INFO] Época 1/30, Batch 2450/3348, Loss: 0.1464
2025-10-10 06:57:47,570 [INFO] Época 1/30, Batch 2500/3348, Loss: 0.1527
2025-10-10 06:57:47,830 [INFO] Época 1/30, Batch 2550/3348, Loss: 0.1502
2025-10-10 06:57:48,091 [INFO] Época 1/30, Batch 2600/3348, Loss: 0.2012
2025-10-10 06:57:48,353 [INFO] Época 1/30, Batch 2650/3348, Loss: 0.1439
2025-10-10 06:57:48,614 [INFO] Época 1/30, Batch 2700/3348, Loss: 0.1561
2025-10-10 06:57:48,887 [INFO] Época 1/30, Batch 2750/3348, Loss: 0.1389
2025-10-10 06:57:49,148 [INFO] Época 1/30, Batch 2800/3348, Loss: 0.1239
2025-10-10 06:57:49,410 [INFO] Época 1/30, Batch 2850/3348, Loss: 0.1616
2025-10-10 06:57:49,671 [INFO] Época 1/30, Batch 2900/3348, Loss: 0.1645
2025-10-10 06:57:49,934 [INFO] Época 1/30, Batch 2950/3348, Loss: 0.1283
2025-10-10 06:57:50,195 [INFO] Época 1/30, Batch 3000/3348, Loss: 0.1463
2025-10-10 06:57:50,457 [INFO] Época 1/30, Batch 3050/3348, Loss: 0.1821
2025-10-10 06:57:50,718 [INFO] Época 1/30, Batch 3100/3348, Loss: 0.1439
2025-10-10 06:57:50,979 [INFO] Época 1/30, Batch 3150/3348, Loss: 0.1033
2025-10-10 06:57:51,240 [INFO] Época 1/30, Batch 3200/3348, Loss: 0.1311
2025-10-10 06:57:51,501 [INFO] Época 1/30, Batch 3250/3348, Loss: 0.1445
2025-10-10 06:57:51,762 [INFO] Época 1/30, Batch 3300/3348, Loss: 0.1780
2025-10-10 06:57:53,580 [INFO] [1/30] Train Loss: 0.1699 | Val Loss: 0.1077 | Tempo: 19.42s
2025-10-10 06:57:53,584 [INFO] Melhor modelo salvo em: /mnt/hdd/home/jdurao/ToolBox-ChemXAI/models/mlp_qm9_Physicochemical_att10_large.pth
2025-10-10 06:57:54,142 [INFO] Época 2/30, Batch 50/3348, Loss: 0.1784
2025-10-10 06:57:54,411 [INFO] Época 2/30, Batch 100/3348, Loss: 0.2001
2025-10-10 06:57:54,672 [INFO] Época 2/30, Batch 150/3348, Loss: 0.1045
2025-10-10 06:57:54,934 [INFO] Época 2/30, Batch 200/3348, Loss: 0.0819
2025-10-10 06:57:55,193 [INFO] Época 2/30, Batch 250/3348, Loss: 0.1357
2025-10-10 06:57:55,452 [INFO] Época 2/30, Batch 300/3348, Loss: 0.1487
2025-10-10 06:57:55,710 [INFO] Época 2/30, Batch 350/3348, Loss: 0.1795
2025-10-10 06:57:55,967 [INFO] Época 2/30, Batch 400/3348, Loss: 0.1468
2025-10-10 06:57:56,225 [INFO] Época 2/30, Batch 450/3348, Loss: 0.1743
2025-10-10 06:57:56,485 [INFO] Época 2/30, Batch 500/3348, Loss: 0.1508
2025-10-10 06:57:56,746 [INFO] Época 2/30, Batch 550/3348, Loss: 0.1341
2025-10-10 06:57:57,005 [INFO] Época 2/30, Batch 600/3348, Loss: 0.1260
2025-10-10 06:57:57,262 [INFO] Época 2/30, Batch 650/3348, Loss: 0.1722
2025-10-10 06:57:57,517 [INFO] Época 2/30, Batch 700/3348, Loss: 0.1467
2025-10-10 06:57:57,765 [INFO] Época 2/30, Batch 750/3348, Loss: 0.1744
2025-10-10 06:57:58,018 [INFO] Época 2/30, Batch 800/3348, Loss: 0.1073
2025-10-10 06:57:58,292 [INFO] Época 2/30, Batch 850/3348, Loss: 0.1264
2025-10-10 06:57:58,541 [INFO] Época 2/30, Batch 900/3348, Loss: 0.1323
2025-10-10 06:57:58,787 [INFO] Época 2/30, Batch 950/3348, Loss: 0.1612
2025-10-10 06:57:59,033 [INFO] Época 2/30, Batch 1000/3348, Loss: 0.0881
2025-10-10 06:57:59,300 [INFO] Época 2/30, Batch 1050/3348, Loss: 0.1267
2025-10-10 06:57:59,576 [INFO] Época 2/30, Batch 1100/3348, Loss: 0.1753
2025-10-10 06:57:59,846 [INFO] Época 2/30, Batch 1150/3348, Loss: 0.1371
2025-10-10 06:58:00,116 [INFO] Época 2/30, Batch 1200/3348, Loss: 0.1299
2025-10-10 06:58:00,363 [INFO] Época 2/30, Batch 1250/3348, Loss: 0.1325
2025-10-10 06:58:00,621 [INFO] Época 2/30, Batch 1300/3348, Loss: 0.1253
2025-10-10 06:58:00,881 [INFO] Época 2/30, Batch 1350/3348, Loss: 0.2212
2025-10-10 06:58:01,153 [INFO] Época 2/30, Batch 1400/3348, Loss: 0.1346
2025-10-10 06:58:01,427 [INFO] Época 2/30, Batch 1450/3348, Loss: 0.1490
2025-10-10 06:58:01,699 [INFO] Época 2/30, Batch 1500/3348, Loss: 0.1518
2025-10-10 06:58:01,964 [INFO] Época 2/30, Batch 1550/3348, Loss: 0.1386
2025-10-10 06:58:02,221 [INFO] Época 2/30, Batch 1600/3348, Loss: 0.1368
2025-10-10 06:58:02,477 [INFO] Época 2/30, Batch 1650/3348, Loss: 0.1665
2025-10-10 06:58:02,735 [INFO] Época 2/30, Batch 1700/3348, Loss: 0.1455
2025-10-10 06:58:02,992 [INFO] Época 2/30, Batch 1750/3348, Loss: 0.1489
2025-10-10 06:58:03,248 [INFO] Época 2/30, Batch 1800/3348, Loss: 0.1268
2025-10-10 06:58:03,506 [INFO] Época 2/30, Batch 1850/3348, Loss: 0.1218
2025-10-10 06:58:03,765 [INFO] Época 2/30, Batch 1900/3348, Loss: 0.1804
2025-10-10 06:58:04,024 [INFO] Época 2/30, Batch 1950/3348, Loss: 0.1298
2025-10-10 06:58:04,282 [INFO] Época 2/30, Batch 2000/3348, Loss: 0.1227
2025-10-10 06:58:04,544 [INFO] Época 2/30, Batch 2050/3348, Loss: 0.1105
2025-10-10 06:58:04,820 [INFO] Época 2/30, Batch 2100/3348, Loss: 0.1463
2025-10-10 06:58:05,077 [INFO] Época 2/30, Batch 2150/3348, Loss: 0.0978
2025-10-10 06:58:05,334 [INFO] Época 2/30, Batch 2200/3348, Loss: 0.1240
2025-10-10 06:58:05,590 [INFO] Época 2/30, Batch 2250/3348, Loss: 0.1249
2025-10-10 06:58:05,848 [INFO] Época 2/30, Batch 2300/3348, Loss: 0.0904
2025-10-10 06:58:06,115 [INFO] Época 2/30, Batch 2350/3348, Loss: 0.1362
2025-10-10 06:58:06,380 [INFO] Época 2/30, Batch 2400/3348, Loss: 0.1072
2025-10-10 06:58:06,646 [INFO] Época 2/30, Batch 2450/3348, Loss: 0.1309
2025-10-10 06:58:06,907 [INFO] Época 2/30, Batch 2500/3348, Loss: 0.0883
2025-10-10 06:58:07,168 [INFO] Época 2/30, Batch 2550/3348, Loss: 0.1263
2025-10-10 06:58:07,430 [INFO] Época 2/30, Batch 2600/3348, Loss: 0.1119
2025-10-10 06:58:07,691 [INFO] Época 2/30, Batch 2650/3348, Loss: 0.1212
2025-10-10 06:58:07,950 [INFO] Época 2/30, Batch 2700/3348, Loss: 0.1223
2025-10-10 06:58:08,211 [INFO] Época 2/30, Batch 2750/3348, Loss: 0.1773
2025-10-10 06:58:08,471 [INFO] Época 2/30, Batch 2800/3348, Loss: 0.1150
2025-10-10 06:58:08,727 [INFO] Época 2/30, Batch 2850/3348, Loss: 0.1236
2025-10-10 06:58:08,980 [INFO] Época 2/30, Batch 2900/3348, Loss: 0.1655
2025-10-10 06:58:09,232 [INFO] Época 2/30, Batch 2950/3348, Loss: 0.1102
2025-10-10 06:58:09,483 [INFO] Época 2/30, Batch 3000/3348, Loss: 0.1921
2025-10-10 06:58:09,736 [INFO] Época 2/30, Batch 3050/3348, Loss: 0.1243
2025-10-10 06:58:09,988 [INFO] Época 2/30, Batch 3100/3348, Loss: 0.1369
2025-10-10 06:58:10,239 [INFO] Época 2/30, Batch 3150/3348, Loss: 0.1072
2025-10-10 06:58:10,491 [INFO] Época 2/30, Batch 3200/3348, Loss: 0.1632
2025-10-10 06:58:10,743 [INFO] Época 2/30, Batch 3250/3348, Loss: 0.1755
2025-10-10 06:58:10,998 [INFO] Época 2/30, Batch 3300/3348, Loss: 0.0750
2025-10-10 06:58:12,734 [INFO] [2/30] Train Loss: 0.1370 | Val Loss: 0.0973 | Tempo: 19.15s
2025-10-10 06:58:12,737 [INFO] Melhor modelo salvo em: /mnt/hdd/home/jdurao/ToolBox-ChemXAI/models/mlp_qm9_Physicochemical_att10_large.pth
2025-10-10 06:58:13,272 [INFO] Época 3/30, Batch 50/3348, Loss: 0.1334
2025-10-10 06:58:13,540 [INFO] Época 3/30, Batch 100/3348, Loss: 0.1205
2025-10-10 06:58:13,801 [INFO] Época 3/30, Batch 150/3348, Loss: 0.1646
2025-10-10 06:58:14,060 [INFO] Época 3/30, Batch 200/3348, Loss: 0.1331
2025-10-10 06:58:14,322 [INFO] Época 3/30, Batch 250/3348, Loss: 0.1560
2025-10-10 06:58:14,583 [INFO] Época 3/30, Batch 300/3348, Loss: 0.1250
2025-10-10 06:58:14,845 [INFO] Época 3/30, Batch 350/3348, Loss: 0.1086
2025-10-10 06:58:15,117 [INFO] Época 3/30, Batch 400/3348, Loss: 0.1532
2025-10-10 06:58:15,375 [INFO] Época 3/30, Batch 450/3348, Loss: 0.1205
2025-10-10 06:58:15,635 [INFO] Época 3/30, Batch 500/3348, Loss: 0.1456
2025-10-10 06:58:15,895 [INFO] Época 3/30, Batch 550/3348, Loss: 0.1305
2025-10-10 06:58:16,155 [INFO] Época 3/30, Batch 600/3348, Loss: 0.1337
2025-10-10 06:58:16,414 [INFO] Época 3/30, Batch 650/3348, Loss: 0.1335
2025-10-10 06:58:16,671 [INFO] Época 3/30, Batch 700/3348, Loss: 0.1041
2025-10-10 06:58:16,919 [INFO] Época 3/30, Batch 750/3348, Loss: 0.0967
2025-10-10 06:58:17,171 [INFO] Época 3/30, Batch 800/3348, Loss: 0.1160
2025-10-10 06:58:17,432 [INFO] Época 3/30, Batch 850/3348, Loss: 0.1620
2025-10-10 06:58:17,699 [INFO] Época 3/30, Batch 900/3348, Loss: 0.1550
2025-10-10 06:58:17,966 [INFO] Época 3/30, Batch 950/3348, Loss: 0.1431
2025-10-10 06:58:18,234 [INFO] Época 3/30, Batch 1000/3348, Loss: 0.1063
2025-10-10 06:58:18,501 [INFO] Época 3/30, Batch 1050/3348, Loss: 0.0930
2025-10-10 06:58:18,770 [INFO] Época 3/30, Batch 1100/3348, Loss: 0.1094
2025-10-10 06:58:19,037 [INFO] Época 3/30, Batch 1150/3348, Loss: 0.0911
2025-10-10 06:58:19,307 [INFO] Época 3/30, Batch 1200/3348, Loss: 0.1154
2025-10-10 06:58:19,575 [INFO] Época 3/30, Batch 1250/3348, Loss: 0.1426
2025-10-10 06:58:19,840 [INFO] Época 3/30, Batch 1300/3348, Loss: 0.1775
2025-10-10 06:58:20,108 [INFO] Época 3/30, Batch 1350/3348, Loss: 0.0979
2025-10-10 06:58:20,387 [INFO] Época 3/30, Batch 1400/3348, Loss: 0.1610
2025-10-10 06:58:20,654 [INFO] Época 3/30, Batch 1450/3348, Loss: 0.0939
2025-10-10 06:58:20,922 [INFO] Época 3/30, Batch 1500/3348, Loss: 0.1281
2025-10-10 06:58:21,191 [INFO] Época 3/30, Batch 1550/3348, Loss: 0.1140
2025-10-10 06:58:21,459 [INFO] Época 3/30, Batch 1600/3348, Loss: 0.1243
2025-10-10 06:58:21,729 [INFO] Época 3/30, Batch 1650/3348, Loss: 0.1413
2025-10-10 06:58:21,997 [INFO] Época 3/30, Batch 1700/3348, Loss: 0.1046
2025-10-10 06:58:22,266 [INFO] Época 3/30, Batch 1750/3348, Loss: 0.1343
2025-10-10 06:58:22,534 [INFO] Época 3/30, Batch 1800/3348, Loss: 0.1394
2025-10-10 06:58:22,797 [INFO] Época 3/30, Batch 1850/3348, Loss: 0.0890
2025-10-10 06:58:23,056 [INFO] Época 3/30, Batch 1900/3348, Loss: 0.1425
2025-10-10 06:58:23,314 [INFO] Época 3/30, Batch 1950/3348, Loss: 0.1461
2025-10-10 06:58:23,571 [INFO] Época 3/30, Batch 2000/3348, Loss: 0.1353
2025-10-10 06:58:23,830 [INFO] Época 3/30, Batch 2050/3348, Loss: 0.1866
2025-10-10 06:58:24,086 [INFO] Época 3/30, Batch 2100/3348, Loss: 0.1241
2025-10-10 06:58:24,347 [INFO] Época 3/30, Batch 2150/3348, Loss: 0.1297
2025-10-10 06:58:24,606 [INFO] Época 3/30, Batch 2200/3348, Loss: 0.1286
2025-10-10 06:58:24,862 [INFO] Época 3/30, Batch 2250/3348, Loss: 0.1435
2025-10-10 06:58:25,120 [INFO] Época 3/30, Batch 2300/3348, Loss: 0.1240
2025-10-10 06:58:25,387 [INFO] Época 3/30, Batch 2350/3348, Loss: 0.1317
2025-10-10 06:58:25,650 [INFO] Época 3/30, Batch 2400/3348, Loss: 0.1330
2025-10-10 06:58:25,909 [INFO] Época 3/30, Batch 2450/3348, Loss: 0.1178
2025-10-10 06:58:26,166 [INFO] Época 3/30, Batch 2500/3348, Loss: 0.0850
2025-10-10 06:58:26,427 [INFO] Época 3/30, Batch 2550/3348, Loss: 0.1073
2025-10-10 06:58:26,686 [INFO] Época 3/30, Batch 2600/3348, Loss: 0.1090
2025-10-10 06:58:26,955 [INFO] Época 3/30, Batch 2650/3348, Loss: 0.0805
2025-10-10 06:58:27,222 [INFO] Época 3/30, Batch 2700/3348, Loss: 0.1181
2025-10-10 06:58:27,488 [INFO] Época 3/30, Batch 2750/3348, Loss: 0.1269
2025-10-10 06:58:27,755 [INFO] Época 3/30, Batch 2800/3348, Loss: 0.1184
2025-10-10 06:58:28,014 [INFO] Época 3/30, Batch 2850/3348, Loss: 0.1060
2025-10-10 06:58:28,273 [INFO] Época 3/30, Batch 2900/3348, Loss: 0.1366
2025-10-10 06:58:28,531 [INFO] Época 3/30, Batch 2950/3348, Loss: 0.1391
2025-10-10 06:58:28,791 [INFO] Época 3/30, Batch 3000/3348, Loss: 0.1329
2025-10-10 06:58:29,050 [INFO] Época 3/30, Batch 3050/3348, Loss: 0.1121
2025-10-10 06:58:29,307 [INFO] Época 3/30, Batch 3100/3348, Loss: 0.1154
2025-10-10 06:58:29,567 [INFO] Época 3/30, Batch 3150/3348, Loss: 0.0778
2025-10-10 06:58:29,826 [INFO] Época 3/30, Batch 3200/3348, Loss: 0.1491
2025-10-10 06:58:30,084 [INFO] Época 3/30, Batch 3250/3348, Loss: 0.1042
2025-10-10 06:58:30,346 [INFO] Época 3/30, Batch 3300/3348, Loss: 0.1279
2025-10-10 06:58:32,144 [INFO] [3/30] Train Loss: 0.1245 | Val Loss: 0.0817 | Tempo: 19.41s
2025-10-10 06:58:32,148 [INFO] Melhor modelo salvo em: /mnt/hdd/home/jdurao/ToolBox-ChemXAI/models/mlp_qm9_Physicochemical_att10_large.pth
2025-10-10 06:58:32,703 [INFO] Época 4/30, Batch 50/3348, Loss: 0.1037
2025-10-10 06:58:32,965 [INFO] Época 4/30, Batch 100/3348, Loss: 0.1502
2025-10-10 06:58:33,227 [INFO] Época 4/30, Batch 150/3348, Loss: 0.0859
2025-10-10 06:58:33,484 [INFO] Época 4/30, Batch 200/3348, Loss: 0.1256
2025-10-10 06:58:33,745 [INFO] Época 4/30, Batch 250/3348, Loss: 0.0863
2025-10-10 06:58:34,011 [INFO] Época 4/30, Batch 300/3348, Loss: 0.1097
2025-10-10 06:58:34,278 [INFO] Época 4/30, Batch 350/3348, Loss: 0.1374
2025-10-10 06:58:34,544 [INFO] Época 4/30, Batch 400/3348, Loss: 0.0956
2025-10-10 06:58:34,812 [INFO] Época 4/30, Batch 450/3348, Loss: 0.0768
2025-10-10 06:58:35,078 [INFO] Época 4/30, Batch 500/3348, Loss: 0.1384
2025-10-10 06:58:35,345 [INFO] Época 4/30, Batch 550/3348, Loss: 0.1048
2025-10-10 06:58:35,610 [INFO] Época 4/30, Batch 600/3348, Loss: 0.1166
2025-10-10 06:58:35,882 [INFO] Época 4/30, Batch 650/3348, Loss: 0.1254
2025-10-10 06:58:36,150 [INFO] Época 4/30, Batch 700/3348, Loss: 0.1425
2025-10-10 06:58:36,417 [INFO] Época 4/30, Batch 750/3348, Loss: 0.0889
2025-10-10 06:58:36,675 [INFO] Época 4/30, Batch 800/3348, Loss: 0.1911
2025-10-10 06:58:36,930 [INFO] Época 4/30, Batch 850/3348, Loss: 0.1521
2025-10-10 06:58:37,188 [INFO] Época 4/30, Batch 900/3348, Loss: 0.1575
2025-10-10 06:58:37,452 [INFO] Época 4/30, Batch 950/3348, Loss: 0.0925
2025-10-10 06:58:37,710 [INFO] Época 4/30, Batch 1000/3348, Loss: 0.1137
2025-10-10 06:58:37,966 [INFO] Época 4/30, Batch 1050/3348, Loss: 0.1922
2025-10-10 06:58:38,222 [INFO] Época 4/30, Batch 1100/3348, Loss: 0.1195
2025-10-10 06:58:38,479 [INFO] Época 4/30, Batch 1150/3348, Loss: 0.0973
2025-10-10 06:58:38,736 [INFO] Época 4/30, Batch 1200/3348, Loss: 0.1096
2025-10-10 06:58:38,992 [INFO] Época 4/30, Batch 1250/3348, Loss: 0.1025
2025-10-10 06:58:39,251 [INFO] Época 4/30, Batch 1300/3348, Loss: 0.1160
2025-10-10 06:58:39,517 [INFO] Época 4/30, Batch 1350/3348, Loss: 0.1010
2025-10-10 06:58:39,782 [INFO] Época 4/30, Batch 1400/3348, Loss: 0.1643
2025-10-10 06:58:40,039 [INFO] Época 4/30, Batch 1450/3348, Loss: 0.1052
2025-10-10 06:58:40,297 [INFO] Época 4/30, Batch 1500/3348, Loss: 0.1297
2025-10-10 06:58:40,553 [INFO] Época 4/30, Batch 1550/3348, Loss: 0.1172
2025-10-10 06:58:40,812 [INFO] Época 4/30, Batch 1600/3348, Loss: 0.1109
2025-10-10 06:58:41,073 [INFO] Época 4/30, Batch 1650/3348, Loss: 0.1136
2025-10-10 06:58:41,330 [INFO] Época 4/30, Batch 1700/3348, Loss: 0.1209
2025-10-10 06:58:41,588 [INFO] Época 4/30, Batch 1750/3348, Loss: 0.0927
2025-10-10 06:58:41,844 [INFO] Época 4/30, Batch 1800/3348, Loss: 0.0742
2025-10-10 06:58:42,103 [INFO] Época 4/30, Batch 1850/3348, Loss: 0.1163
2025-10-10 06:58:42,363 [INFO] Época 4/30, Batch 1900/3348, Loss: 0.1347
2025-10-10 06:58:42,622 [INFO] Época 4/30, Batch 1950/3348, Loss: 0.0961
2025-10-10 06:58:42,883 [INFO] Época 4/30, Batch 2000/3348, Loss: 0.0778
2025-10-10 06:58:43,153 [INFO] Época 4/30, Batch 2050/3348, Loss: 0.1272
2025-10-10 06:58:43,423 [INFO] Época 4/30, Batch 2100/3348, Loss: 0.1092
2025-10-10 06:58:43,692 [INFO] Época 4/30, Batch 2150/3348, Loss: 0.0829
2025-10-10 06:58:43,962 [INFO] Época 4/30, Batch 2200/3348, Loss: 0.0948
2025-10-10 06:58:44,232 [INFO] Época 4/30, Batch 2250/3348, Loss: 0.0978
2025-10-10 06:58:44,505 [INFO] Época 4/30, Batch 2300/3348, Loss: 0.1380
2025-10-10 06:58:44,774 [INFO] Época 4/30, Batch 2350/3348, Loss: 0.0877
2025-10-10 06:58:45,041 [INFO] Época 4/30, Batch 2400/3348, Loss: 0.0796
2025-10-10 06:58:45,310 [INFO] Época 4/30, Batch 2450/3348, Loss: 0.1149
2025-10-10 06:58:45,577 [INFO] Época 4/30, Batch 2500/3348, Loss: 0.0888
2025-10-10 06:58:45,843 [INFO] Época 4/30, Batch 2550/3348, Loss: 0.1192
2025-10-10 06:58:46,121 [INFO] Época 4/30, Batch 2600/3348, Loss: 0.1525
2025-10-10 06:58:46,390 [INFO] Época 4/30, Batch 2650/3348, Loss: 0.0929
2025-10-10 06:58:46,657 [INFO] Época 4/30, Batch 2700/3348, Loss: 0.1043
2025-10-10 06:58:46,925 [INFO] Época 4/30, Batch 2750/3348, Loss: 0.0957
2025-10-10 06:58:47,192 [INFO] Época 4/30, Batch 2800/3348, Loss: 0.0736
2025-10-10 06:58:47,459 [INFO] Época 4/30, Batch 2850/3348, Loss: 0.0806
2025-10-10 06:58:47,722 [INFO] Época 4/30, Batch 2900/3348, Loss: 0.0962
2025-10-10 06:58:47,982 [INFO] Época 4/30, Batch 2950/3348, Loss: 0.1164
2025-10-10 06:58:48,242 [INFO] Época 4/30, Batch 3000/3348, Loss: 0.1136
2025-10-10 06:58:48,501 [INFO] Época 4/30, Batch 3050/3348, Loss: 0.0709
2025-10-10 06:58:48,762 [INFO] Época 4/30, Batch 3100/3348, Loss: 0.0947
2025-10-10 06:58:49,022 [INFO] Época 4/30, Batch 3150/3348, Loss: 0.1122
2025-10-10 06:58:49,283 [INFO] Época 4/30, Batch 3200/3348, Loss: 0.1226
2025-10-10 06:58:49,541 [INFO] Época 4/30, Batch 3250/3348, Loss: 0.1059
2025-10-10 06:58:49,800 [INFO] Época 4/30, Batch 3300/3348, Loss: 0.1052
2025-10-10 06:58:51,602 [INFO] [4/30] Train Loss: 0.1158 | Val Loss: 0.0792 | Tempo: 19.45s
2025-10-10 06:58:51,609 [INFO] Melhor modelo salvo em: /mnt/hdd/home/jdurao/ToolBox-ChemXAI/models/mlp_qm9_Physicochemical_att10_large.pth
2025-10-10 06:58:52,161 [INFO] Época 5/30, Batch 50/3348, Loss: 0.1114
2025-10-10 06:58:52,425 [INFO] Época 5/30, Batch 100/3348, Loss: 0.1041
2025-10-10 06:58:52,689 [INFO] Época 5/30, Batch 150/3348, Loss: 0.0813
2025-10-10 06:58:52,947 [INFO] Época 5/30, Batch 200/3348, Loss: 0.1192
2025-10-10 06:58:53,206 [INFO] Época 5/30, Batch 250/3348, Loss: 0.1738
2025-10-10 06:58:53,464 [INFO] Época 5/30, Batch 300/3348, Loss: 0.1079
2025-10-10 06:58:53,722 [INFO] Época 5/30, Batch 350/3348, Loss: 0.1066
2025-10-10 06:58:53,979 [INFO] Época 5/30, Batch 400/3348, Loss: 0.0972
2025-10-10 06:58:54,237 [INFO] Época 5/30, Batch 450/3348, Loss: 0.1315
2025-10-10 06:58:54,495 [INFO] Época 5/30, Batch 500/3348, Loss: 0.1160
2025-10-10 06:58:54,754 [INFO] Época 5/30, Batch 550/3348, Loss: 0.1130
2025-10-10 06:58:55,011 [INFO] Época 5/30, Batch 600/3348, Loss: 0.1400
2025-10-10 06:58:55,269 [INFO] Época 5/30, Batch 650/3348, Loss: 0.0869
2025-10-10 06:58:55,529 [INFO] Época 5/30, Batch 700/3348, Loss: 0.0895
2025-10-10 06:58:55,780 [INFO] Época 5/30, Batch 750/3348, Loss: 0.1197
2025-10-10 06:58:56,028 [INFO] Época 5/30, Batch 800/3348, Loss: 0.0569
2025-10-10 06:58:56,276 [INFO] Época 5/30, Batch 850/3348, Loss: 0.1142
2025-10-10 06:58:56,524 [INFO] Época 5/30, Batch 900/3348, Loss: 0.0997
2025-10-10 06:58:56,772 [INFO] Época 5/30, Batch 950/3348, Loss: 0.0858
2025-10-10 06:58:57,028 [INFO] Época 5/30, Batch 1000/3348, Loss: 0.0900
2025-10-10 06:58:57,277 [INFO] Época 5/30, Batch 1050/3348, Loss: 0.0870
2025-10-10 06:58:57,527 [INFO] Época 5/30, Batch 1100/3348, Loss: 0.0941
2025-10-10 06:58:57,774 [INFO] Época 5/30, Batch 1150/3348, Loss: 0.0857
2025-10-10 06:58:58,023 [INFO] Época 5/30, Batch 1200/3348, Loss: 0.0970
2025-10-10 06:58:58,270 [INFO] Época 5/30, Batch 1250/3348, Loss: 0.0786
2025-10-10 06:58:58,516 [INFO] Época 5/30, Batch 1300/3348, Loss: 0.0971
2025-10-10 06:58:58,771 [INFO] Época 5/30, Batch 1350/3348, Loss: 0.1543
2025-10-10 06:58:59,028 [INFO] Época 5/30, Batch 1400/3348, Loss: 0.0669
2025-10-10 06:58:59,286 [INFO] Época 5/30, Batch 1450/3348, Loss: 0.1076
2025-10-10 06:58:59,543 [INFO] Época 5/30, Batch 1500/3348, Loss: 0.0982
2025-10-10 06:58:59,801 [INFO] Época 5/30, Batch 1550/3348, Loss: 0.0717
2025-10-10 06:59:00,059 [INFO] Época 5/30, Batch 1600/3348, Loss: 0.0963
2025-10-10 06:59:00,315 [INFO] Época 5/30, Batch 1650/3348, Loss: 0.1580
2025-10-10 06:59:00,572 [INFO] Época 5/30, Batch 1700/3348, Loss: 0.1108
2025-10-10 06:59:00,830 [INFO] Época 5/30, Batch 1750/3348, Loss: 0.1123
2025-10-10 06:59:01,089 [INFO] Época 5/30, Batch 1800/3348, Loss: 0.0952
2025-10-10 06:59:01,347 [INFO] Época 5/30, Batch 1850/3348, Loss: 0.1329
2025-10-10 06:59:01,605 [INFO] Época 5/30, Batch 1900/3348, Loss: 0.0953
2025-10-10 06:59:01,865 [INFO] Época 5/30, Batch 1950/3348, Loss: 0.0953
2025-10-10 06:59:02,131 [INFO] Época 5/30, Batch 2000/3348, Loss: 0.1065
2025-10-10 06:59:02,388 [INFO] Época 5/30, Batch 2050/3348, Loss: 0.1028
2025-10-10 06:59:02,646 [INFO] Época 5/30, Batch 2100/3348, Loss: 0.1227
2025-10-10 06:59:02,903 [INFO] Época 5/30, Batch 2150/3348, Loss: 0.1261
2025-10-10 06:59:03,161 [INFO] Época 5/30, Batch 2200/3348, Loss: 0.1624
2025-10-10 06:59:03,419 [INFO] Época 5/30, Batch 2250/3348, Loss: 0.1032
2025-10-10 06:59:03,676 [INFO] Época 5/30, Batch 2300/3348, Loss: 0.1246
2025-10-10 06:59:03,933 [INFO] Época 5/30, Batch 2350/3348, Loss: 0.0665
2025-10-10 06:59:04,189 [INFO] Época 5/30, Batch 2400/3348, Loss: 0.0858
2025-10-10 06:59:04,448 [INFO] Época 5/30, Batch 2450/3348, Loss: 0.1322
2025-10-10 06:59:04,705 [INFO] Época 5/30, Batch 2500/3348, Loss: 0.0982
2025-10-10 06:59:04,962 [INFO] Época 5/30, Batch 2550/3348, Loss: 0.0855
2025-10-10 06:59:05,220 [INFO] Época 5/30, Batch 2600/3348, Loss: 0.1302
2025-10-10 06:59:05,477 [INFO] Época 5/30, Batch 2650/3348, Loss: 0.1320
2025-10-10 06:59:05,733 [INFO] Época 5/30, Batch 2700/3348, Loss: 0.0979
2025-10-10 06:59:05,991 [INFO] Época 5/30, Batch 2750/3348, Loss: 0.0972
2025-10-10 06:59:06,247 [INFO] Época 5/30, Batch 2800/3348, Loss: 0.0493
2025-10-10 06:59:06,503 [INFO] Época 5/30, Batch 2850/3348, Loss: 0.1040
2025-10-10 06:59:06,759 [INFO] Época 5/30, Batch 2900/3348, Loss: 0.1026
2025-10-10 06:59:07,016 [INFO] Época 5/30, Batch 2950/3348, Loss: 0.1365
2025-10-10 06:59:07,284 [INFO] Época 5/30, Batch 3000/3348, Loss: 0.1522
2025-10-10 06:59:07,539 [INFO] Época 5/30, Batch 3050/3348, Loss: 0.1450
2025-10-10 06:59:07,795 [INFO] Época 5/30, Batch 3100/3348, Loss: 0.2086
2025-10-10 06:59:08,052 [INFO] Época 5/30, Batch 3150/3348, Loss: 0.0881
2025-10-10 06:59:08,309 [INFO] Época 5/30, Batch 3200/3348, Loss: 0.1360
2025-10-10 06:59:08,566 [INFO] Época 5/30, Batch 3250/3348, Loss: 0.1033
2025-10-10 06:59:08,819 [INFO] Época 5/30, Batch 3300/3348, Loss: 0.0920
2025-10-10 06:59:10,479 [INFO] [5/30] Train Loss: 0.1093 | Val Loss: 0.0784 | Tempo: 18.87s
2025-10-10 06:59:10,483 [INFO] Melhor modelo salvo em: /mnt/hdd/home/jdurao/ToolBox-ChemXAI/models/mlp_qm9_Physicochemical_att10_large.pth
2025-10-10 06:59:11,028 [INFO] Época 6/30, Batch 50/3348, Loss: 0.0862
2025-10-10 06:59:11,294 [INFO] Época 6/30, Batch 100/3348, Loss: 0.0889
2025-10-10 06:59:11,556 [INFO] Época 6/30, Batch 150/3348, Loss: 0.0646
2025-10-10 06:59:11,819 [INFO] Época 6/30, Batch 200/3348, Loss: 0.1508
2025-10-10 06:59:12,080 [INFO] Época 6/30, Batch 250/3348, Loss: 0.1297
2025-10-10 06:59:12,344 [INFO] Época 6/30, Batch 300/3348, Loss: 0.1335
2025-10-10 06:59:12,603 [INFO] Época 6/30, Batch 350/3348, Loss: 0.1008
2025-10-10 06:59:12,863 [INFO] Época 6/30, Batch 400/3348, Loss: 0.1093
2025-10-10 06:59:13,125 [INFO] Época 6/30, Batch 450/3348, Loss: 0.0935
2025-10-10 06:59:13,386 [INFO] Época 6/30, Batch 500/3348, Loss: 0.2030
2025-10-10 06:59:13,646 [INFO] Época 6/30, Batch 550/3348, Loss: 0.0953
2025-10-10 06:59:13,907 [INFO] Época 6/30, Batch 600/3348, Loss: 0.1256
2025-10-10 06:59:14,167 [INFO] Época 6/30, Batch 650/3348, Loss: 0.0887
2025-10-10 06:59:14,428 [INFO] Época 6/30, Batch 700/3348, Loss: 0.1127
2025-10-10 06:59:14,689 [INFO] Época 6/30, Batch 750/3348, Loss: 0.0788
2025-10-10 06:59:14,949 [INFO] Época 6/30, Batch 800/3348, Loss: 0.1062
2025-10-10 06:59:15,211 [INFO] Época 6/30, Batch 850/3348, Loss: 0.1188
2025-10-10 06:59:15,471 [INFO] Época 6/30, Batch 900/3348, Loss: 0.1043
2025-10-10 06:59:15,732 [INFO] Época 6/30, Batch 950/3348, Loss: 0.1110
2025-10-10 06:59:15,993 [INFO] Época 6/30, Batch 1000/3348, Loss: 0.1041
2025-10-10 06:59:16,252 [INFO] Época 6/30, Batch 1050/3348, Loss: 0.0963
2025-10-10 06:59:16,513 [INFO] Época 6/30, Batch 1100/3348, Loss: 0.1359
2025-10-10 06:59:16,773 [INFO] Época 6/30, Batch 1150/3348, Loss: 0.1059
2025-10-10 06:59:17,032 [INFO] Época 6/30, Batch 1200/3348, Loss: 0.0892
2025-10-10 06:59:17,294 [INFO] Época 6/30, Batch 1250/3348, Loss: 0.0719
2025-10-10 06:59:17,566 [INFO] Época 6/30, Batch 1300/3348, Loss: 0.1022
2025-10-10 06:59:17,829 [INFO] Época 6/30, Batch 1350/3348, Loss: 0.0730
2025-10-10 06:59:18,090 [INFO] Época 6/30, Batch 1400/3348, Loss: 0.1153
2025-10-10 06:59:18,352 [INFO] Época 6/30, Batch 1450/3348, Loss: 0.1185
2025-10-10 06:59:18,613 [INFO] Época 6/30, Batch 1500/3348, Loss: 0.0974
2025-10-10 06:59:18,875 [INFO] Época 6/30, Batch 1550/3348, Loss: 0.0931
2025-10-10 06:59:19,136 [INFO] Época 6/30, Batch 1600/3348, Loss: 0.1199
2025-10-10 06:59:19,397 [INFO] Época 6/30, Batch 1650/3348, Loss: 0.1010
2025-10-10 06:59:19,658 [INFO] Época 6/30, Batch 1700/3348, Loss: 0.0978
2025-10-10 06:59:19,920 [INFO] Época 6/30, Batch 1750/3348, Loss: 0.1160
2025-10-10 06:59:20,180 [INFO] Época 6/30, Batch 1800/3348, Loss: 0.1235
2025-10-10 06:59:20,441 [INFO] Época 6/30, Batch 1850/3348, Loss: 0.0830
2025-10-10 06:59:20,703 [INFO] Época 6/30, Batch 1900/3348, Loss: 0.1036
2025-10-10 06:59:20,963 [INFO] Época 6/30, Batch 1950/3348, Loss: 0.1071
2025-10-10 06:59:21,224 [INFO] Época 6/30, Batch 2000/3348, Loss: 0.0885
2025-10-10 06:59:21,482 [INFO] Época 6/30, Batch 2050/3348, Loss: 0.1143
2025-10-10 06:59:21,741 [INFO] Época 6/30, Batch 2100/3348, Loss: 0.1485
2025-10-10 06:59:22,001 [INFO] Época 6/30, Batch 2150/3348, Loss: 0.0768
2025-10-10 06:59:22,261 [INFO] Época 6/30, Batch 2200/3348, Loss: 0.2138
2025-10-10 06:59:22,522 [INFO] Época 6/30, Batch 2250/3348, Loss: 0.1528
2025-10-10 06:59:22,791 [INFO] Época 6/30, Batch 2300/3348, Loss: 0.0974
2025-10-10 06:59:23,053 [INFO] Época 6/30, Batch 2350/3348, Loss: 0.0715
2025-10-10 06:59:23,312 [INFO] Época 6/30, Batch 2400/3348, Loss: 0.0913
2025-10-10 06:59:23,570 [INFO] Época 6/30, Batch 2450/3348, Loss: 0.1288
2025-10-10 06:59:23,831 [INFO] Época 6/30, Batch 2500/3348, Loss: 0.0831
2025-10-10 06:59:24,092 [INFO] Época 6/30, Batch 2550/3348, Loss: 0.1312
2025-10-10 06:59:24,352 [INFO] Época 6/30, Batch 2600/3348, Loss: 0.1231
2025-10-10 06:59:24,612 [INFO] Época 6/30, Batch 2650/3348, Loss: 0.0860
2025-10-10 06:59:24,873 [INFO] Época 6/30, Batch 2700/3348, Loss: 0.1894
2025-10-10 06:59:25,136 [INFO] Época 6/30, Batch 2750/3348, Loss: 0.1007
2025-10-10 06:59:25,398 [INFO] Época 6/30, Batch 2800/3348, Loss: 0.1109
2025-10-10 06:59:25,659 [INFO] Época 6/30, Batch 2850/3348, Loss: 0.1345
2025-10-10 06:59:25,921 [INFO] Época 6/30, Batch 2900/3348, Loss: 0.0880
2025-10-10 06:59:26,186 [INFO] Época 6/30, Batch 2950/3348, Loss: 0.0857
2025-10-10 06:59:26,449 [INFO] Época 6/30, Batch 3000/3348, Loss: 0.1453
2025-10-10 06:59:26,711 [INFO] Época 6/30, Batch 3050/3348, Loss: 0.0801
2025-10-10 06:59:26,973 [INFO] Época 6/30, Batch 3100/3348, Loss: 0.2054
2025-10-10 06:59:27,235 [INFO] Época 6/30, Batch 3150/3348, Loss: 0.0973
2025-10-10 06:59:27,498 [INFO] Época 6/30, Batch 3200/3348, Loss: 0.1345
2025-10-10 06:59:27,761 [INFO] Época 6/30, Batch 3250/3348, Loss: 0.0689
2025-10-10 06:59:28,022 [INFO] Época 6/30, Batch 3300/3348, Loss: 0.1485
2025-10-10 06:59:29,720 [INFO] [6/30] Train Loss: 0.1036 | Val Loss: 0.0673 | Tempo: 19.24s
2025-10-10 06:59:29,724 [INFO] Melhor modelo salvo em: /mnt/hdd/home/jdurao/ToolBox-ChemXAI/models/mlp_qm9_Physicochemical_att10_large.pth
2025-10-10 06:59:30,272 [INFO] Época 7/30, Batch 50/3348, Loss: 0.1064
2025-10-10 06:59:30,534 [INFO] Época 7/30, Batch 100/3348, Loss: 0.1314
2025-10-10 06:59:30,795 [INFO] Época 7/30, Batch 150/3348, Loss: 0.1103
2025-10-10 06:59:31,055 [INFO] Época 7/30, Batch 200/3348, Loss: 0.1105
2025-10-10 06:59:31,314 [INFO] Época 7/30, Batch 250/3348, Loss: 0.0872
2025-10-10 06:59:31,572 [INFO] Época 7/30, Batch 300/3348, Loss: 0.0599
2025-10-10 06:59:31,829 [INFO] Época 7/30, Batch 350/3348, Loss: 0.1312
2025-10-10 06:59:32,088 [INFO] Época 7/30, Batch 400/3348, Loss: 0.0906
2025-10-10 06:59:32,347 [INFO] Época 7/30, Batch 450/3348, Loss: 0.0685
2025-10-10 06:59:32,611 [INFO] Época 7/30, Batch 500/3348, Loss: 0.1539
2025-10-10 06:59:32,869 [INFO] Época 7/30, Batch 550/3348, Loss: 0.0988
2025-10-10 06:59:33,129 [INFO] Época 7/30, Batch 600/3348, Loss: 0.1045
2025-10-10 06:59:33,383 [INFO] Época 7/30, Batch 650/3348, Loss: 0.1016
2025-10-10 06:59:33,636 [INFO] Época 7/30, Batch 700/3348, Loss: 0.0905
2025-10-10 06:59:33,891 [INFO] Época 7/30, Batch 750/3348, Loss: 0.1354
2025-10-10 06:59:34,144 [INFO] Época 7/30, Batch 800/3348, Loss: 0.0925
2025-10-10 06:59:34,398 [INFO] Época 7/30, Batch 850/3348, Loss: 0.0761
2025-10-10 06:59:34,647 [INFO] Época 7/30, Batch 900/3348, Loss: 0.0789
2025-10-10 06:59:34,893 [INFO] Época 7/30, Batch 950/3348, Loss: 0.0770
2025-10-10 06:59:35,140 [INFO] Época 7/30, Batch 1000/3348, Loss: 0.0737
2025-10-10 06:59:35,386 [INFO] Época 7/30, Batch 1050/3348, Loss: 0.0691
2025-10-10 06:59:35,635 [INFO] Época 7/30, Batch 1100/3348, Loss: 0.0848
2025-10-10 06:59:35,893 [INFO] Época 7/30, Batch 1150/3348, Loss: 0.0780
2025-10-10 06:59:36,150 [INFO] Época 7/30, Batch 1200/3348, Loss: 0.0733
2025-10-10 06:59:36,407 [INFO] Época 7/30, Batch 1250/3348, Loss: 0.1332
2025-10-10 06:59:36,668 [INFO] Época 7/30, Batch 1300/3348, Loss: 0.2200
2025-10-10 06:59:36,933 [INFO] Época 7/30, Batch 1350/3348, Loss: 0.0858
2025-10-10 06:59:37,198 [INFO] Época 7/30, Batch 1400/3348, Loss: 0.1035
2025-10-10 06:59:37,462 [INFO] Época 7/30, Batch 1450/3348, Loss: 0.0869
2025-10-10 06:59:37,727 [INFO] Época 7/30, Batch 1500/3348, Loss: 0.0822
2025-10-10 06:59:37,990 [INFO] Época 7/30, Batch 1550/3348, Loss: 0.0744
2025-10-10 06:59:38,251 [INFO] Época 7/30, Batch 1600/3348, Loss: 0.0995
2025-10-10 06:59:38,513 [INFO] Época 7/30, Batch 1650/3348, Loss: 0.1207
2025-10-10 06:59:38,768 [INFO] Época 7/30, Batch 1700/3348, Loss: 0.1002
2025-10-10 06:59:39,025 [INFO] Época 7/30, Batch 1750/3348, Loss: 0.0963
2025-10-10 06:59:39,283 [INFO] Época 7/30, Batch 1800/3348, Loss: 0.0929
2025-10-10 06:59:39,537 [INFO] Época 7/30, Batch 1850/3348, Loss: 0.0595
2025-10-10 06:59:39,790 [INFO] Época 7/30, Batch 1900/3348, Loss: 0.1365
2025-10-10 06:59:40,044 [INFO] Época 7/30, Batch 1950/3348, Loss: 0.1422
2025-10-10 06:59:40,299 [INFO] Época 7/30, Batch 2000/3348, Loss: 0.0893
2025-10-10 06:59:40,556 [INFO] Época 7/30, Batch 2050/3348, Loss: 0.0992
2025-10-10 06:59:40,811 [INFO] Época 7/30, Batch 2100/3348, Loss: 0.0917
2025-10-10 06:59:41,066 [INFO] Época 7/30, Batch 2150/3348, Loss: 0.0709
2025-10-10 06:59:41,324 [INFO] Época 7/30, Batch 2200/3348, Loss: 0.1082
2025-10-10 06:59:41,582 [INFO] Época 7/30, Batch 2250/3348, Loss: 0.1066
2025-10-10 06:59:41,845 [INFO] Época 7/30, Batch 2300/3348, Loss: 0.0909
2025-10-10 06:59:42,107 [INFO] Época 7/30, Batch 2350/3348, Loss: 0.1278
2025-10-10 06:59:42,369 [INFO] Época 7/30, Batch 2400/3348, Loss: 0.1181
2025-10-10 06:59:42,633 [INFO] Época 7/30, Batch 2450/3348, Loss: 0.1074
2025-10-10 06:59:42,905 [INFO] Época 7/30, Batch 2500/3348, Loss: 0.1374
2025-10-10 06:59:43,180 [INFO] Época 7/30, Batch 2550/3348, Loss: 0.1231
2025-10-10 06:59:43,464 [INFO] Época 7/30, Batch 2600/3348, Loss: 0.0631
2025-10-10 06:59:43,735 [INFO] Época 7/30, Batch 2650/3348, Loss: 0.1093
2025-10-10 06:59:43,999 [INFO] Época 7/30, Batch 2700/3348, Loss: 0.1175
2025-10-10 06:59:44,260 [INFO] Época 7/30, Batch 2750/3348, Loss: 0.0858
2025-10-10 06:59:44,522 [INFO] Época 7/30, Batch 2800/3348, Loss: 0.1090
2025-10-10 06:59:44,786 [INFO] Época 7/30, Batch 2850/3348, Loss: 0.0700
2025-10-10 06:59:45,051 [INFO] Época 7/30, Batch 2900/3348, Loss: 0.0654
2025-10-10 06:59:45,315 [INFO] Época 7/30, Batch 2950/3348, Loss: 0.1041
2025-10-10 06:59:45,578 [INFO] Época 7/30, Batch 3000/3348, Loss: 0.0957
2025-10-10 06:59:45,844 [INFO] Época 7/30, Batch 3050/3348, Loss: 0.1137
2025-10-10 06:59:46,106 [INFO] Época 7/30, Batch 3100/3348, Loss: 0.0861
2025-10-10 06:59:46,370 [INFO] Época 7/30, Batch 3150/3348, Loss: 0.0960
2025-10-10 06:59:46,633 [INFO] Época 7/30, Batch 3200/3348, Loss: 0.0662
2025-10-10 06:59:46,897 [INFO] Época 7/30, Batch 3250/3348, Loss: 0.1384
2025-10-10 06:59:47,162 [INFO] Época 7/30, Batch 3300/3348, Loss: 0.1309
2025-10-10 06:59:48,982 [INFO] [7/30] Train Loss: 0.0989 | Val Loss: 0.0688 | Tempo: 19.26s
2025-10-10 06:59:49,542 [INFO] Época 8/30, Batch 50/3348, Loss: 0.0678
2025-10-10 06:59:49,805 [INFO] Época 8/30, Batch 100/3348, Loss: 0.0717
2025-10-10 06:59:50,066 [INFO] Época 8/30, Batch 150/3348, Loss: 0.0932
2025-10-10 06:59:50,327 [INFO] Época 8/30, Batch 200/3348, Loss: 0.1429
2025-10-10 06:59:50,587 [INFO] Época 8/30, Batch 250/3348, Loss: 0.0973
2025-10-10 06:59:50,846 [INFO] Época 8/30, Batch 300/3348, Loss: 0.1090
2025-10-10 06:59:51,106 [INFO] Época 8/30, Batch 350/3348, Loss: 0.1102
2025-10-10 06:59:51,366 [INFO] Época 8/30, Batch 400/3348, Loss: 0.1267
2025-10-10 06:59:51,625 [INFO] Época 8/30, Batch 450/3348, Loss: 0.0746
2025-10-10 06:59:51,882 [INFO] Época 8/30, Batch 500/3348, Loss: 0.1234
2025-10-10 06:59:52,141 [INFO] Época 8/30, Batch 550/3348, Loss: 0.1193
2025-10-10 06:59:52,398 [INFO] Época 8/30, Batch 600/3348, Loss: 0.1483
2025-10-10 06:59:52,656 [INFO] Época 8/30, Batch 650/3348, Loss: 0.0918
2025-10-10 06:59:52,913 [INFO] Época 8/30, Batch 700/3348, Loss: 0.0955
2025-10-10 06:59:53,169 [INFO] Época 8/30, Batch 750/3348, Loss: 0.0713
2025-10-10 06:59:53,427 [INFO] Época 8/30, Batch 800/3348, Loss: 0.1345
2025-10-10 06:59:53,687 [INFO] Época 8/30, Batch 850/3348, Loss: 0.1075
2025-10-10 06:59:53,946 [INFO] Época 8/30, Batch 900/3348, Loss: 0.0870
2025-10-10 06:59:54,206 [INFO] Época 8/30, Batch 950/3348, Loss: 0.0813
2025-10-10 06:59:54,465 [INFO] Época 8/30, Batch 1000/3348, Loss: 0.0441
2025-10-10 06:59:54,727 [INFO] Época 8/30, Batch 1050/3348, Loss: 0.1049
2025-10-10 06:59:54,990 [INFO] Época 8/30, Batch 1100/3348, Loss: 0.1046
2025-10-10 06:59:55,253 [INFO] Época 8/30, Batch 1150/3348, Loss: 0.1007
2025-10-10 06:59:55,515 [INFO] Época 8/30, Batch 1200/3348, Loss: 0.0545
2025-10-10 06:59:55,778 [INFO] Época 8/30, Batch 1250/3348, Loss: 0.0977
2025-10-10 06:59:56,048 [INFO] Época 8/30, Batch 1300/3348, Loss: 0.0977
2025-10-10 06:59:56,316 [INFO] Época 8/30, Batch 1350/3348, Loss: 0.2072
2025-10-10 06:59:56,585 [INFO] Época 8/30, Batch 1400/3348, Loss: 0.1277
2025-10-10 06:59:56,855 [INFO] Época 8/30, Batch 1450/3348, Loss: 0.0669
2025-10-10 06:59:57,122 [INFO] Época 8/30, Batch 1500/3348, Loss: 0.1121
2025-10-10 06:59:57,386 [INFO] Época 8/30, Batch 1550/3348, Loss: 0.0884
2025-10-10 06:59:57,648 [INFO] Época 8/30, Batch 1600/3348, Loss: 0.1028
2025-10-10 06:59:57,907 [INFO] Época 8/30, Batch 1650/3348, Loss: 0.1242
2025-10-10 06:59:58,169 [INFO] Época 8/30, Batch 1700/3348, Loss: 0.1031
2025-10-10 06:59:58,431 [INFO] Época 8/30, Batch 1750/3348, Loss: 0.1105
2025-10-10 06:59:58,698 [INFO] Época 8/30, Batch 1800/3348, Loss: 0.1053
2025-10-10 06:59:58,968 [INFO] Época 8/30, Batch 1850/3348, Loss: 0.1118
2025-10-10 06:59:59,238 [INFO] Época 8/30, Batch 1900/3348, Loss: 0.1178
2025-10-10 06:59:59,520 [INFO] Época 8/30, Batch 1950/3348, Loss: 0.0612
2025-10-10 06:59:59,784 [INFO] Época 8/30, Batch 2000/3348, Loss: 0.1114
2025-10-10 07:00:00,051 [INFO] Época 8/30, Batch 2050/3348, Loss: 0.0925
2025-10-10 07:00:00,313 [INFO] Época 8/30, Batch 2100/3348, Loss: 0.0983
2025-10-10 07:00:00,576 [INFO] Época 8/30, Batch 2150/3348, Loss: 0.0757
2025-10-10 07:00:00,838 [INFO] Época 8/30, Batch 2200/3348, Loss: 0.0954
2025-10-10 07:00:01,102 [INFO] Época 8/30, Batch 2250/3348, Loss: 0.0650
2025-10-10 07:00:01,365 [INFO] Época 8/30, Batch 2300/3348, Loss: 0.0832
2025-10-10 07:00:01,627 [INFO] Época 8/30, Batch 2350/3348, Loss: 0.1314
2025-10-10 07:00:01,887 [INFO] Época 8/30, Batch 2400/3348, Loss: 0.1173
2025-10-10 07:00:02,149 [INFO] Época 8/30, Batch 2450/3348, Loss: 0.0790
2025-10-10 07:00:02,414 [INFO] Época 8/30, Batch 2500/3348, Loss: 0.1942
2025-10-10 07:00:02,674 [INFO] Época 8/30, Batch 2550/3348, Loss: 0.1095
2025-10-10 07:00:02,936 [INFO] Época 8/30, Batch 2600/3348, Loss: 0.0621
2025-10-10 07:00:03,204 [INFO] Época 8/30, Batch 2650/3348, Loss: 0.1238
2025-10-10 07:00:03,472 [INFO] Época 8/30, Batch 2700/3348, Loss: 0.0828
2025-10-10 07:00:03,740 [INFO] Época 8/30, Batch 2750/3348, Loss: 0.0687
2025-10-10 07:00:04,010 [INFO] Época 8/30, Batch 2800/3348, Loss: 0.0791
2025-10-10 07:00:04,278 [INFO] Época 8/30, Batch 2850/3348, Loss: 0.0957
2025-10-10 07:00:04,547 [INFO] Época 8/30, Batch 2900/3348, Loss: 0.0823
2025-10-10 07:00:04,808 [INFO] Época 8/30, Batch 2950/3348, Loss: 0.0873
2025-10-10 07:00:05,068 [INFO] Época 8/30, Batch 3000/3348, Loss: 0.0665
2025-10-10 07:00:05,329 [INFO] Época 8/30, Batch 3050/3348, Loss: 0.1140
2025-10-10 07:00:05,591 [INFO] Época 8/30, Batch 3100/3348, Loss: 0.0923
2025-10-10 07:00:05,853 [INFO] Época 8/30, Batch 3150/3348, Loss: 0.1242
2025-10-10 07:00:06,108 [INFO] Época 8/30, Batch 3200/3348, Loss: 0.1050
2025-10-10 07:00:06,365 [INFO] Época 8/30, Batch 3250/3348, Loss: 0.0803
2025-10-10 07:00:06,623 [INFO] Época 8/30, Batch 3300/3348, Loss: 0.0872
2025-10-10 07:00:08,416 [INFO] [8/30] Train Loss: 0.0956 | Val Loss: 0.0599 | Tempo: 19.43s
2025-10-10 07:00:08,420 [INFO] Melhor modelo salvo em: /mnt/hdd/home/jdurao/ToolBox-ChemXAI/models/mlp_qm9_Physicochemical_att10_large.pth
2025-10-10 07:00:08,973 [INFO] Época 9/30, Batch 50/3348, Loss: 0.2108
2025-10-10 07:00:09,237 [INFO] Época 9/30, Batch 100/3348, Loss: 0.0446
2025-10-10 07:00:09,501 [INFO] Época 9/30, Batch 150/3348, Loss: 0.0736
2025-10-10 07:00:09,773 [INFO] Época 9/30, Batch 200/3348, Loss: 0.1810
2025-10-10 07:00:10,035 [INFO] Época 9/30, Batch 250/3348, Loss: 0.0946
2025-10-10 07:00:10,297 [INFO] Época 9/30, Batch 300/3348, Loss: 0.0735
2025-10-10 07:00:10,557 [INFO] Época 9/30, Batch 350/3348, Loss: 0.2119
2025-10-10 07:00:10,820 [INFO] Época 9/30, Batch 400/3348, Loss: 0.0835
2025-10-10 07:00:11,078 [INFO] Época 9/30, Batch 450/3348, Loss: 0.0831
2025-10-10 07:00:11,338 [INFO] Época 9/30, Batch 500/3348, Loss: 0.0835
2025-10-10 07:00:11,600 [INFO] Época 9/30, Batch 550/3348, Loss: 0.0969
2025-10-10 07:00:11,860 [INFO] Época 9/30, Batch 600/3348, Loss: 0.0847
2025-10-10 07:00:12,122 [INFO] Época 9/30, Batch 650/3348, Loss: 0.0975
2025-10-10 07:00:12,380 [INFO] Época 9/30, Batch 700/3348, Loss: 0.0988
2025-10-10 07:00:12,635 [INFO] Época 9/30, Batch 750/3348, Loss: 0.1000
2025-10-10 07:00:12,884 [INFO] Época 9/30, Batch 800/3348, Loss: 0.2955
2025-10-10 07:00:13,127 [INFO] Época 9/30, Batch 850/3348, Loss: 0.1035
2025-10-10 07:00:13,369 [INFO] Época 9/30, Batch 900/3348, Loss: 0.0873
2025-10-10 07:00:13,611 [INFO] Época 9/30, Batch 950/3348, Loss: 0.0661
2025-10-10 07:00:13,856 [INFO] Época 9/30, Batch 1000/3348, Loss: 0.0736
2025-10-10 07:00:14,100 [INFO] Época 9/30, Batch 1050/3348, Loss: 0.0570
2025-10-10 07:00:14,345 [INFO] Época 9/30, Batch 1100/3348, Loss: 0.0443
2025-10-10 07:00:14,589 [INFO] Época 9/30, Batch 1150/3348, Loss: 0.0821
2025-10-10 07:00:14,866 [INFO] Época 9/30, Batch 1200/3348, Loss: 0.1171
2025-10-10 07:00:15,124 [INFO] Época 9/30, Batch 1250/3348, Loss: 0.1076
2025-10-10 07:00:15,380 [INFO] Época 9/30, Batch 1300/3348, Loss: 0.0642
2025-10-10 07:00:15,639 [INFO] Época 9/30, Batch 1350/3348, Loss: 0.1154
2025-10-10 07:00:15,898 [INFO] Época 9/30, Batch 1400/3348, Loss: 0.0958
2025-10-10 07:00:16,158 [INFO] Época 9/30, Batch 1450/3348, Loss: 0.1099
2025-10-10 07:00:16,417 [INFO] Época 9/30, Batch 1500/3348, Loss: 0.0731
2025-10-10 07:00:16,675 [INFO] Época 9/30, Batch 1550/3348, Loss: 0.1044
2025-10-10 07:00:16,933 [INFO] Época 9/30, Batch 1600/3348, Loss: 0.1063
2025-10-10 07:00:17,189 [INFO] Época 9/30, Batch 1650/3348, Loss: 0.0623
2025-10-10 07:00:17,446 [INFO] Época 9/30, Batch 1700/3348, Loss: 0.0897
2025-10-10 07:00:17,703 [INFO] Época 9/30, Batch 1750/3348, Loss: 0.1665
2025-10-10 07:00:17,966 [INFO] Época 9/30, Batch 1800/3348, Loss: 0.0696
2025-10-10 07:00:18,229 [INFO] Época 9/30, Batch 1850/3348, Loss: 0.0962
2025-10-10 07:00:18,493 [INFO] Época 9/30, Batch 1900/3348, Loss: 0.1060
2025-10-10 07:00:18,755 [INFO] Época 9/30, Batch 1950/3348, Loss: 0.0891
2025-10-10 07:00:19,018 [INFO] Época 9/30, Batch 2000/3348, Loss: 0.1128
2025-10-10 07:00:19,281 [INFO] Época 9/30, Batch 2050/3348, Loss: 0.0772
2025-10-10 07:00:19,545 [INFO] Época 9/30, Batch 2100/3348, Loss: 0.0976
2025-10-10 07:00:19,807 [INFO] Época 9/30, Batch 2150/3348, Loss: 0.0660
2025-10-10 07:00:20,070 [INFO] Época 9/30, Batch 2200/3348, Loss: 0.0646
2025-10-10 07:00:20,332 [INFO] Época 9/30, Batch 2250/3348, Loss: 0.1141
2025-10-10 07:00:20,595 [INFO] Época 9/30, Batch 2300/3348, Loss: 0.1126
2025-10-10 07:00:20,859 [INFO] Época 9/30, Batch 2350/3348, Loss: 0.0919
2025-10-10 07:00:21,122 [INFO] Época 9/30, Batch 2400/3348, Loss: 0.1083
2025-10-10 07:00:21,385 [INFO] Época 9/30, Batch 2450/3348, Loss: 0.0571
2025-10-10 07:00:21,648 [INFO] Época 9/30, Batch 2500/3348, Loss: 0.0939
2025-10-10 07:00:21,907 [INFO] Época 9/30, Batch 2550/3348, Loss: 0.0618
2025-10-10 07:00:22,166 [INFO] Época 9/30, Batch 2600/3348, Loss: 0.0920
2025-10-10 07:00:22,423 [INFO] Época 9/30, Batch 2650/3348, Loss: 0.0492
2025-10-10 07:00:22,680 [INFO] Época 9/30, Batch 2700/3348, Loss: 0.0829
2025-10-10 07:00:22,937 [INFO] Época 9/30, Batch 2750/3348, Loss: 0.0650
2025-10-10 07:00:23,195 [INFO] Época 9/30, Batch 2800/3348, Loss: 0.0777
2025-10-10 07:00:23,453 [INFO] Época 9/30, Batch 2850/3348, Loss: 0.0777
2025-10-10 07:00:23,711 [INFO] Época 9/30, Batch 2900/3348, Loss: 0.0732
2025-10-10 07:00:23,969 [INFO] Época 9/30, Batch 2950/3348, Loss: 0.0771
2025-10-10 07:00:24,226 [INFO] Época 9/30, Batch 3000/3348, Loss: 0.0680
2025-10-10 07:00:24,486 [INFO] Época 9/30, Batch 3050/3348, Loss: 0.0789
2025-10-10 07:00:24,743 [INFO] Época 9/30, Batch 3100/3348, Loss: 0.0707
2025-10-10 07:00:25,004 [INFO] Época 9/30, Batch 3150/3348, Loss: 0.0786
2025-10-10 07:00:25,271 [INFO] Época 9/30, Batch 3200/3348, Loss: 0.1056
2025-10-10 07:00:25,528 [INFO] Época 9/30, Batch 3250/3348, Loss: 0.0666
2025-10-10 07:00:25,787 [INFO] Época 9/30, Batch 3300/3348, Loss: 0.0889
2025-10-10 07:00:27,489 [INFO] [9/30] Train Loss: 0.0930 | Val Loss: 0.0578 | Tempo: 19.07s
2025-10-10 07:00:27,493 [INFO] Melhor modelo salvo em: /mnt/hdd/home/jdurao/ToolBox-ChemXAI/models/mlp_qm9_Physicochemical_att10_large.pth
2025-10-10 07:00:28,038 [INFO] Época 10/30, Batch 50/3348, Loss: 0.0904
2025-10-10 07:00:28,299 [INFO] Época 10/30, Batch 100/3348, Loss: 0.0641
2025-10-10 07:00:28,558 [INFO] Época 10/30, Batch 150/3348, Loss: 0.0700
2025-10-10 07:00:28,815 [INFO] Época 10/30, Batch 200/3348, Loss: 0.0626
2025-10-10 07:00:29,071 [INFO] Época 10/30, Batch 250/3348, Loss: 0.0429
2025-10-10 07:00:29,327 [INFO] Época 10/30, Batch 300/3348, Loss: 0.0654
2025-10-10 07:00:29,583 [INFO] Época 10/30, Batch 350/3348, Loss: 0.1031
2025-10-10 07:00:29,838 [INFO] Época 10/30, Batch 400/3348, Loss: 0.0951
2025-10-10 07:00:30,093 [INFO] Época 10/30, Batch 450/3348, Loss: 0.0852
2025-10-10 07:00:30,359 [INFO] Época 10/30, Batch 500/3348, Loss: 0.0814
2025-10-10 07:00:30,614 [INFO] Época 10/30, Batch 550/3348, Loss: 0.1131
2025-10-10 07:00:30,871 [INFO] Época 10/30, Batch 600/3348, Loss: 0.0906
2025-10-10 07:00:31,126 [INFO] Época 10/30, Batch 650/3348, Loss: 0.0686
2025-10-10 07:00:31,381 [INFO] Época 10/30, Batch 700/3348, Loss: 0.0963
2025-10-10 07:00:31,638 [INFO] Época 10/30, Batch 750/3348, Loss: 0.1817
2025-10-10 07:00:31,894 [INFO] Época 10/30, Batch 800/3348, Loss: 0.0686
2025-10-10 07:00:32,151 [INFO] Época 10/30, Batch 850/3348, Loss: 0.0903
2025-10-10 07:00:32,402 [INFO] Época 10/30, Batch 900/3348, Loss: 0.0870
2025-10-10 07:00:32,655 [INFO] Época 10/30, Batch 950/3348, Loss: 0.0617
2025-10-10 07:00:32,909 [INFO] Época 10/30, Batch 1000/3348, Loss: 0.0969
2025-10-10 07:00:33,161 [INFO] Época 10/30, Batch 1050/3348, Loss: 0.0575
2025-10-10 07:00:33,420 [INFO] Época 10/30, Batch 1100/3348, Loss: 0.0453
2025-10-10 07:00:33,675 [INFO] Época 10/30, Batch 1150/3348, Loss: 0.0605
2025-10-10 07:00:33,933 [INFO] Época 10/30, Batch 1200/3348, Loss: 0.0814
2025-10-10 07:00:34,191 [INFO] Época 10/30, Batch 1250/3348, Loss: 0.0972
2025-10-10 07:00:34,449 [INFO] Época 10/30, Batch 1300/3348, Loss: 0.0855
2025-10-10 07:00:34,705 [INFO] Época 10/30, Batch 1350/3348, Loss: 0.0655
2025-10-10 07:00:34,958 [INFO] Época 10/30, Batch 1400/3348, Loss: 0.0930
2025-10-10 07:00:35,210 [INFO] Época 10/30, Batch 1450/3348, Loss: 0.0523
2025-10-10 07:00:35,474 [INFO] Época 10/30, Batch 1500/3348, Loss: 0.0999
2025-10-10 07:00:35,726 [INFO] Época 10/30, Batch 1550/3348, Loss: 0.0911
2025-10-10 07:00:35,979 [INFO] Época 10/30, Batch 1600/3348, Loss: 0.0640
2025-10-10 07:00:36,233 [INFO] Época 10/30, Batch 1650/3348, Loss: 0.0740
2025-10-10 07:00:36,487 [INFO] Época 10/30, Batch 1700/3348, Loss: 0.0667
2025-10-10 07:00:36,740 [INFO] Época 10/30, Batch 1750/3348, Loss: 0.1879
2025-10-10 07:00:36,992 [INFO] Época 10/30, Batch 1800/3348, Loss: 0.0668
2025-10-10 07:00:37,247 [INFO] Época 10/30, Batch 1850/3348, Loss: 0.0902
2025-10-10 07:00:37,505 [INFO] Época 10/30, Batch 1900/3348, Loss: 0.0591
2025-10-10 07:00:37,762 [INFO] Época 10/30, Batch 1950/3348, Loss: 0.1002
2025-10-10 07:00:38,014 [INFO] Época 10/30, Batch 2000/3348, Loss: 0.0930
2025-10-10 07:00:38,265 [INFO] Época 10/30, Batch 2050/3348, Loss: 0.0671
2025-10-10 07:00:38,516 [INFO] Época 10/30, Batch 2100/3348, Loss: 0.0953
2025-10-10 07:00:38,769 [INFO] Época 10/30, Batch 2150/3348, Loss: 0.0927
2025-10-10 07:00:39,022 [INFO] Época 10/30, Batch 2200/3348, Loss: 0.1151
2025-10-10 07:00:39,274 [INFO] Época 10/30, Batch 2250/3348, Loss: 0.0911
2025-10-10 07:00:39,529 [INFO] Época 10/30, Batch 2300/3348, Loss: 0.1016
2025-10-10 07:00:39,785 [INFO] Época 10/30, Batch 2350/3348, Loss: 0.0824
2025-10-10 07:00:40,043 [INFO] Época 10/30, Batch 2400/3348, Loss: 0.0934
2025-10-10 07:00:40,299 [INFO] Época 10/30, Batch 2450/3348, Loss: 0.0964
2025-10-10 07:00:40,568 [INFO] Época 10/30, Batch 2500/3348, Loss: 0.0941
2025-10-10 07:00:40,826 [INFO] Época 10/30, Batch 2550/3348, Loss: 0.0882
2025-10-10 07:00:41,084 [INFO] Época 10/30, Batch 2600/3348, Loss: 0.0829
2025-10-10 07:00:41,342 [INFO] Época 10/30, Batch 2650/3348, Loss: 0.0661
2025-10-10 07:00:41,600 [INFO] Época 10/30, Batch 2700/3348, Loss: 0.0725
2025-10-10 07:00:41,856 [INFO] Época 10/30, Batch 2750/3348, Loss: 0.0773
2025-10-10 07:00:42,114 [INFO] Época 10/30, Batch 2800/3348, Loss: 0.0782
2025-10-10 07:00:42,370 [INFO] Época 10/30, Batch 2850/3348, Loss: 0.1086
2025-10-10 07:00:42,628 [INFO] Época 10/30, Batch 2900/3348, Loss: 0.0844
2025-10-10 07:00:42,885 [INFO] Época 10/30, Batch 2950/3348, Loss: 0.1340
2025-10-10 07:00:43,142 [INFO] Época 10/30, Batch 3000/3348, Loss: 0.1368
2025-10-10 07:00:43,400 [INFO] Época 10/30, Batch 3050/3348, Loss: 0.1047
2025-10-10 07:00:43,657 [INFO] Época 10/30, Batch 3100/3348, Loss: 0.0965
2025-10-10 07:00:43,915 [INFO] Época 10/30, Batch 3150/3348, Loss: 0.0766
2025-10-10 07:00:44,171 [INFO] Época 10/30, Batch 3200/3348, Loss: 0.0993
2025-10-10 07:00:44,426 [INFO] Época 10/30, Batch 3250/3348, Loss: 0.0451
2025-10-10 07:00:44,682 [INFO] Época 10/30, Batch 3300/3348, Loss: 0.1037
2025-10-10 07:00:46,517 [INFO] [10/30] Train Loss: 0.0904 | Val Loss: 0.0633 | Tempo: 19.02s
2025-10-10 07:00:47,074 [INFO] Época 11/30, Batch 50/3348, Loss: 0.0801
2025-10-10 07:00:47,335 [INFO] Época 11/30, Batch 100/3348, Loss: 0.0479
2025-10-10 07:00:47,595 [INFO] Época 11/30, Batch 150/3348, Loss: 0.0539
2025-10-10 07:00:47,853 [INFO] Época 11/30, Batch 200/3348, Loss: 0.0425
2025-10-10 07:00:48,111 [INFO] Época 11/30, Batch 250/3348, Loss: 0.0979
2025-10-10 07:00:48,367 [INFO] Época 11/30, Batch 300/3348, Loss: 0.0919
2025-10-10 07:00:48,626 [INFO] Época 11/30, Batch 350/3348, Loss: 0.0746
2025-10-10 07:00:48,889 [INFO] Época 11/30, Batch 400/3348, Loss: 0.0657
2025-10-10 07:00:49,148 [INFO] Época 11/30, Batch 450/3348, Loss: 0.0815
2025-10-10 07:00:49,409 [INFO] Época 11/30, Batch 500/3348, Loss: 0.0896
2025-10-10 07:00:49,666 [INFO] Época 11/30, Batch 550/3348, Loss: 0.0921
2025-10-10 07:00:49,924 [INFO] Época 11/30, Batch 600/3348, Loss: 0.0786
2025-10-10 07:00:50,182 [INFO] Época 11/30, Batch 650/3348, Loss: 0.0883
2025-10-10 07:00:50,439 [INFO] Época 11/30, Batch 700/3348, Loss: 0.0842
2025-10-10 07:00:50,697 [INFO] Época 11/30, Batch 750/3348, Loss: 0.0972
2025-10-10 07:00:50,954 [INFO] Época 11/30, Batch 800/3348, Loss: 0.0828
2025-10-10 07:00:51,211 [INFO] Época 11/30, Batch 850/3348, Loss: 0.0946
2025-10-10 07:00:51,468 [INFO] Época 11/30, Batch 900/3348, Loss: 0.0755
2025-10-10 07:00:51,724 [INFO] Época 11/30, Batch 950/3348, Loss: 0.0777
2025-10-10 07:00:51,981 [INFO] Época 11/30, Batch 1000/3348, Loss: 0.1148
2025-10-10 07:00:52,237 [INFO] Época 11/30, Batch 1050/3348, Loss: 0.1223
2025-10-10 07:00:52,492 [INFO] Época 11/30, Batch 1100/3348, Loss: 0.0653
2025-10-10 07:00:52,749 [INFO] Época 11/30, Batch 1150/3348, Loss: 0.0575
2025-10-10 07:00:53,008 [INFO] Época 11/30, Batch 1200/3348, Loss: 0.0868
2025-10-10 07:00:53,263 [INFO] Época 11/30, Batch 1250/3348, Loss: 0.0403
2025-10-10 07:00:53,520 [INFO] Época 11/30, Batch 1300/3348, Loss: 0.0600
2025-10-10 07:00:53,777 [INFO] Época 11/30, Batch 1350/3348, Loss: 0.0667
2025-10-10 07:00:54,034 [INFO] Época 11/30, Batch 1400/3348, Loss: 0.0810
2025-10-10 07:00:54,291 [INFO] Época 11/30, Batch 1450/3348, Loss: 0.0653
2025-10-10 07:00:54,548 [INFO] Época 11/30, Batch 1500/3348, Loss: 0.0871
2025-10-10 07:00:54,805 [INFO] Época 11/30, Batch 1550/3348, Loss: 0.0410
2025-10-10 07:00:55,062 [INFO] Época 11/30, Batch 1600/3348, Loss: 0.0859
2025-10-10 07:00:55,320 [INFO] Época 11/30, Batch 1650/3348, Loss: 0.1074
2025-10-10 07:00:55,576 [INFO] Época 11/30, Batch 1700/3348, Loss: 0.1160
2025-10-10 07:00:55,835 [INFO] Época 11/30, Batch 1750/3348, Loss: 0.0592
2025-10-10 07:00:56,092 [INFO] Época 11/30, Batch 1800/3348, Loss: 0.0639
2025-10-10 07:00:56,350 [INFO] Época 11/30, Batch 1850/3348, Loss: 0.0875
2025-10-10 07:00:56,610 [INFO] Época 11/30, Batch 1900/3348, Loss: 0.0929
2025-10-10 07:00:56,868 [INFO] Época 11/30, Batch 1950/3348, Loss: 0.0636
2025-10-10 07:00:57,135 [INFO] Época 11/30, Batch 2000/3348, Loss: 0.1016
2025-10-10 07:00:57,394 [INFO] Época 11/30, Batch 2050/3348, Loss: 0.0811
2025-10-10 07:00:57,652 [INFO] Época 11/30, Batch 2100/3348, Loss: 0.0950
2025-10-10 07:00:57,913 [INFO] Época 11/30, Batch 2150/3348, Loss: 0.0736
2025-10-10 07:00:58,172 [INFO] Época 11/30, Batch 2200/3348, Loss: 0.0841
2025-10-10 07:00:58,432 [INFO] Época 11/30, Batch 2250/3348, Loss: 0.1261
2025-10-10 07:00:58,691 [INFO] Época 11/30, Batch 2300/3348, Loss: 0.0629
2025-10-10 07:00:58,948 [INFO] Época 11/30, Batch 2350/3348, Loss: 0.1476
2025-10-10 07:00:59,206 [INFO] Época 11/30, Batch 2400/3348, Loss: 0.0851
2025-10-10 07:00:59,464 [INFO] Época 11/30, Batch 2450/3348, Loss: 0.0999
2025-10-10 07:00:59,722 [INFO] Época 11/30, Batch 2500/3348, Loss: 0.0993
2025-10-10 07:00:59,979 [INFO] Época 11/30, Batch 2550/3348, Loss: 0.1001
2025-10-10 07:01:00,237 [INFO] Época 11/30, Batch 2600/3348, Loss: 0.1115
2025-10-10 07:01:00,493 [INFO] Época 11/30, Batch 2650/3348, Loss: 0.1171
2025-10-10 07:01:00,753 [INFO] Época 11/30, Batch 2700/3348, Loss: 0.1024
2025-10-10 07:01:01,011 [INFO] Época 11/30, Batch 2750/3348, Loss: 0.0697
2025-10-10 07:01:01,271 [INFO] Época 11/30, Batch 2800/3348, Loss: 0.1743
2025-10-10 07:01:01,529 [INFO] Época 11/30, Batch 2850/3348, Loss: 0.0830
2025-10-10 07:01:01,788 [INFO] Época 11/30, Batch 2900/3348, Loss: 0.0641
2025-10-10 07:01:02,045 [INFO] Época 11/30, Batch 2950/3348, Loss: 0.0843
2025-10-10 07:01:02,313 [INFO] Época 11/30, Batch 3000/3348, Loss: 0.0567
2025-10-10 07:01:02,570 [INFO] Época 11/30, Batch 3050/3348, Loss: 0.0925
2025-10-10 07:01:02,827 [INFO] Época 11/30, Batch 3100/3348, Loss: 0.0710
2025-10-10 07:01:03,084 [INFO] Época 11/30, Batch 3150/3348, Loss: 0.0452
2025-10-10 07:01:03,343 [INFO] Época 11/30, Batch 3200/3348, Loss: 0.0907
2025-10-10 07:01:03,600 [INFO] Época 11/30, Batch 3250/3348, Loss: 0.0810
2025-10-10 07:01:03,858 [INFO] Época 11/30, Batch 3300/3348, Loss: 0.0701
2025-10-10 07:01:05,656 [INFO] [11/30] Train Loss: 0.0886 | Val Loss: 0.0576 | Tempo: 19.14s
2025-10-10 07:01:05,660 [INFO] Melhor modelo salvo em: /mnt/hdd/home/jdurao/ToolBox-ChemXAI/models/mlp_qm9_Physicochemical_att10_large.pth
2025-10-10 07:01:06,214 [INFO] Época 12/30, Batch 50/3348, Loss: 0.0667
2025-10-10 07:01:06,475 [INFO] Época 12/30, Batch 100/3348, Loss: 0.0720
2025-10-10 07:01:06,733 [INFO] Época 12/30, Batch 150/3348, Loss: 0.0803
2025-10-10 07:01:06,991 [INFO] Época 12/30, Batch 200/3348, Loss: 0.0529
2025-10-10 07:01:07,249 [INFO] Época 12/30, Batch 250/3348, Loss: 0.0694
2025-10-10 07:01:07,516 [INFO] Época 12/30, Batch 300/3348, Loss: 0.0505
2025-10-10 07:01:07,774 [INFO] Época 12/30, Batch 350/3348, Loss: 0.0959
2025-10-10 07:01:08,031 [INFO] Época 12/30, Batch 400/3348, Loss: 0.0735
2025-10-10 07:01:08,287 [INFO] Época 12/30, Batch 450/3348, Loss: 0.0544
2025-10-10 07:01:08,546 [INFO] Época 12/30, Batch 500/3348, Loss: 0.0702
2025-10-10 07:01:08,803 [INFO] Época 12/30, Batch 550/3348, Loss: 0.0756
2025-10-10 07:01:09,059 [INFO] Época 12/30, Batch 600/3348, Loss: 0.0667
2025-10-10 07:01:09,319 [INFO] Época 12/30, Batch 650/3348, Loss: 0.0719
2025-10-10 07:01:09,577 [INFO] Época 12/30, Batch 700/3348, Loss: 0.0781
2025-10-10 07:01:09,835 [INFO] Época 12/30, Batch 750/3348, Loss: 0.0909
2025-10-10 07:01:10,092 [INFO] Época 12/30, Batch 800/3348, Loss: 0.0906
2025-10-10 07:01:10,348 [INFO] Época 12/30, Batch 850/3348, Loss: 0.0805
2025-10-10 07:01:10,603 [INFO] Época 12/30, Batch 900/3348, Loss: 0.1808
2025-10-10 07:01:10,860 [INFO] Época 12/30, Batch 950/3348, Loss: 0.0495
2025-10-10 07:01:11,116 [INFO] Época 12/30, Batch 1000/3348, Loss: 0.0904
2025-10-10 07:01:11,371 [INFO] Época 12/30, Batch 1050/3348, Loss: 0.0861
2025-10-10 07:01:11,625 [INFO] Época 12/30, Batch 1100/3348, Loss: 0.1085
2025-10-10 07:01:11,882 [INFO] Época 12/30, Batch 1150/3348, Loss: 0.0745
2025-10-10 07:01:12,137 [INFO] Época 12/30, Batch 1200/3348, Loss: 0.0675
2025-10-10 07:01:12,394 [INFO] Época 12/30, Batch 1250/3348, Loss: 0.0786
2025-10-10 07:01:12,651 [INFO] Época 12/30, Batch 1300/3348, Loss: 0.0679
2025-10-10 07:01:12,908 [INFO] Época 12/30, Batch 1350/3348, Loss: 0.1033
2025-10-10 07:01:13,164 [INFO] Época 12/30, Batch 1400/3348, Loss: 0.0642
2025-10-10 07:01:13,420 [INFO] Época 12/30, Batch 1450/3348, Loss: 0.0475
2025-10-10 07:01:13,677 [INFO] Época 12/30, Batch 1500/3348, Loss: 0.0831
2025-10-10 07:01:13,935 [INFO] Época 12/30, Batch 1550/3348, Loss: 0.0946
2025-10-10 07:01:14,192 [INFO] Época 12/30, Batch 1600/3348, Loss: 0.1006
2025-10-10 07:01:14,453 [INFO] Época 12/30, Batch 1650/3348, Loss: 0.1164
2025-10-10 07:01:14,712 [INFO] Época 12/30, Batch 1700/3348, Loss: 0.1010
2025-10-10 07:01:14,969 [INFO] Época 12/30, Batch 1750/3348, Loss: 0.0713
2025-10-10 07:01:15,226 [INFO] Época 12/30, Batch 1800/3348, Loss: 0.0558
2025-10-10 07:01:15,482 [INFO] Época 12/30, Batch 1850/3348, Loss: 0.0624
2025-10-10 07:01:15,739 [INFO] Época 12/30, Batch 1900/3348, Loss: 0.1321
2025-10-10 07:01:15,995 [INFO] Época 12/30, Batch 1950/3348, Loss: 0.0956
2025-10-10 07:01:16,252 [INFO] Época 12/30, Batch 2000/3348, Loss: 0.0581
2025-10-10 07:01:16,507 [INFO] Época 12/30, Batch 2050/3348, Loss: 0.1031
2025-10-10 07:01:16,768 [INFO] Época 12/30, Batch 2100/3348, Loss: 0.0640
2025-10-10 07:01:17,035 [INFO] Época 12/30, Batch 2150/3348, Loss: 0.0910
2025-10-10 07:01:17,301 [INFO] Época 12/30, Batch 2200/3348, Loss: 0.0494
2025-10-10 07:01:17,565 [INFO] Época 12/30, Batch 2250/3348, Loss: 0.0942
2025-10-10 07:01:17,840 [INFO] Época 12/30, Batch 2300/3348, Loss: 0.0649
2025-10-10 07:01:18,104 [INFO] Época 12/30, Batch 2350/3348, Loss: 0.0632
2025-10-10 07:01:18,367 [INFO] Época 12/30, Batch 2400/3348, Loss: 0.0347
2025-10-10 07:01:18,632 [INFO] Época 12/30, Batch 2450/3348, Loss: 0.0639
2025-10-10 07:01:18,896 [INFO] Época 12/30, Batch 2500/3348, Loss: 0.0744
2025-10-10 07:01:19,162 [INFO] Época 12/30, Batch 2550/3348, Loss: 0.0687
2025-10-10 07:01:19,427 [INFO] Época 12/30, Batch 2600/3348, Loss: 0.0721
2025-10-10 07:01:19,690 [INFO] Época 12/30, Batch 2650/3348, Loss: 0.0468
2025-10-10 07:01:19,947 [INFO] Época 12/30, Batch 2700/3348, Loss: 0.0711
2025-10-10 07:01:20,202 [INFO] Época 12/30, Batch 2750/3348, Loss: 0.1005
2025-10-10 07:01:20,458 [INFO] Época 12/30, Batch 2800/3348, Loss: 0.0953
2025-10-10 07:01:20,714 [INFO] Época 12/30, Batch 2850/3348, Loss: 0.0629
2025-10-10 07:01:20,968 [INFO] Época 12/30, Batch 2900/3348, Loss: 0.1107
2025-10-10 07:01:21,223 [INFO] Época 12/30, Batch 2950/3348, Loss: 0.0699
2025-10-10 07:01:21,481 [INFO] Época 12/30, Batch 3000/3348, Loss: 0.0675
2025-10-10 07:01:21,738 [INFO] Época 12/30, Batch 3050/3348, Loss: 0.1071
2025-10-10 07:01:21,991 [INFO] Época 12/30, Batch 3100/3348, Loss: 0.0552
2025-10-10 07:01:22,248 [INFO] Época 12/30, Batch 3150/3348, Loss: 0.0951
2025-10-10 07:01:22,504 [INFO] Época 12/30, Batch 3200/3348, Loss: 0.0525
2025-10-10 07:01:22,763 [INFO] Época 12/30, Batch 3250/3348, Loss: 0.0809
2025-10-10 07:01:23,019 [INFO] Época 12/30, Batch 3300/3348, Loss: 0.1090
2025-10-10 07:01:24,736 [INFO] [12/30] Train Loss: 0.0868 | Val Loss: 0.0559 | Tempo: 19.08s
2025-10-10 07:01:24,740 [INFO] Melhor modelo salvo em: /mnt/hdd/home/jdurao/ToolBox-ChemXAI/models/mlp_qm9_Physicochemical_att10_large.pth
2025-10-10 07:01:25,292 [INFO] Época 13/30, Batch 50/3348, Loss: 0.0547
2025-10-10 07:01:25,565 [INFO] Época 13/30, Batch 100/3348, Loss: 0.0829
2025-10-10 07:01:25,836 [INFO] Época 13/30, Batch 150/3348, Loss: 0.1072
2025-10-10 07:01:26,107 [INFO] Época 13/30, Batch 200/3348, Loss: 0.1498
2025-10-10 07:01:26,375 [INFO] Época 13/30, Batch 250/3348, Loss: 0.0855
2025-10-10 07:01:26,643 [INFO] Época 13/30, Batch 300/3348, Loss: 0.0648
2025-10-10 07:01:26,906 [INFO] Época 13/30, Batch 350/3348, Loss: 0.0902
2025-10-10 07:01:27,173 [INFO] Época 13/30, Batch 400/3348, Loss: 0.0555
2025-10-10 07:01:27,441 [INFO] Época 13/30, Batch 450/3348, Loss: 0.0730
2025-10-10 07:01:27,700 [INFO] Época 13/30, Batch 500/3348, Loss: 0.1090
2025-10-10 07:01:27,959 [INFO] Época 13/30, Batch 550/3348, Loss: 0.0752
2025-10-10 07:01:28,230 [INFO] Época 13/30, Batch 600/3348, Loss: 0.1109
2025-10-10 07:01:28,487 [INFO] Época 13/30, Batch 650/3348, Loss: 0.0891
2025-10-10 07:01:28,742 [INFO] Época 13/30, Batch 700/3348, Loss: 0.1124
2025-10-10 07:01:28,989 [INFO] Época 13/30, Batch 750/3348, Loss: 0.0977
2025-10-10 07:01:29,234 [INFO] Época 13/30, Batch 800/3348, Loss: 0.0661
2025-10-10 07:01:29,480 [INFO] Época 13/30, Batch 850/3348, Loss: 0.0811
2025-10-10 07:01:29,725 [INFO] Época 13/30, Batch 900/3348, Loss: 0.1238
2025-10-10 07:01:29,982 [INFO] Época 13/30, Batch 950/3348, Loss: 0.0865
2025-10-10 07:01:30,240 [INFO] Época 13/30, Batch 1000/3348, Loss: 0.0646
2025-10-10 07:01:30,496 [INFO] Época 13/30, Batch 1050/3348, Loss: 0.1041
2025-10-10 07:01:30,754 [INFO] Época 13/30, Batch 1100/3348, Loss: 0.0630
2025-10-10 07:01:31,004 [INFO] Época 13/30, Batch 1150/3348, Loss: 0.0597
2025-10-10 07:01:31,251 [INFO] Época 13/30, Batch 1200/3348, Loss: 0.0775
2025-10-10 07:01:31,498 [INFO] Época 13/30, Batch 1250/3348, Loss: 0.0886
2025-10-10 07:01:31,744 [INFO] Época 13/30, Batch 1300/3348, Loss: 0.0927
2025-10-10 07:01:31,991 [INFO] Época 13/30, Batch 1350/3348, Loss: 0.1178
2025-10-10 07:01:32,247 [INFO] Época 13/30, Batch 1400/3348, Loss: 0.1161
2025-10-10 07:01:32,523 [INFO] Época 13/30, Batch 1450/3348, Loss: 0.1032
2025-10-10 07:01:32,799 [INFO] Época 13/30, Batch 1500/3348, Loss: 0.0998
2025-10-10 07:01:33,071 [INFO] Época 13/30, Batch 1550/3348, Loss: 0.0611
2025-10-10 07:01:33,334 [INFO] Época 13/30, Batch 1600/3348, Loss: 0.1189
2025-10-10 07:01:33,584 [INFO] Época 13/30, Batch 1650/3348, Loss: 0.0474
2025-10-10 07:01:33,836 [INFO] Época 13/30, Batch 1700/3348, Loss: 0.0656
2025-10-10 07:01:34,088 [INFO] Época 13/30, Batch 1750/3348, Loss: 0.0769
2025-10-10 07:01:34,339 [INFO] Época 13/30, Batch 1800/3348, Loss: 0.0867
2025-10-10 07:01:34,592 [INFO] Época 13/30, Batch 1850/3348, Loss: 0.0500
2025-10-10 07:01:34,844 [INFO] Época 13/30, Batch 1900/3348, Loss: 0.1804
2025-10-10 07:01:35,097 [INFO] Época 13/30, Batch 1950/3348, Loss: 0.0688
2025-10-10 07:01:35,352 [INFO] Época 13/30, Batch 2000/3348, Loss: 0.1249
2025-10-10 07:01:35,604 [INFO] Época 13/30, Batch 2050/3348, Loss: 0.0599
2025-10-10 07:01:35,856 [INFO] Época 13/30, Batch 2100/3348, Loss: 0.1026
2025-10-10 07:01:36,108 [INFO] Época 13/30, Batch 2150/3348, Loss: 0.0451
2025-10-10 07:01:36,360 [INFO] Época 13/30, Batch 2200/3348, Loss: 0.0648
2025-10-10 07:01:36,614 [INFO] Época 13/30, Batch 2250/3348, Loss: 0.1103
2025-10-10 07:01:36,874 [INFO] Época 13/30, Batch 2300/3348, Loss: 0.0634
2025-10-10 07:01:37,125 [INFO] Época 13/30, Batch 2350/3348, Loss: 0.0481
2025-10-10 07:01:37,386 [INFO] Época 13/30, Batch 2400/3348, Loss: 0.0677
2025-10-10 07:01:37,656 [INFO] Época 13/30, Batch 2450/3348, Loss: 0.0519
2025-10-10 07:01:37,914 [INFO] Época 13/30, Batch 2500/3348, Loss: 0.0929
2025-10-10 07:01:38,166 [INFO] Época 13/30, Batch 2550/3348, Loss: 0.1581
2025-10-10 07:01:38,419 [INFO] Época 13/30, Batch 2600/3348, Loss: 0.1149
2025-10-10 07:01:38,671 [INFO] Época 13/30, Batch 2650/3348, Loss: 0.0930
2025-10-10 07:01:38,924 [INFO] Época 13/30, Batch 2700/3348, Loss: 0.1484
2025-10-10 07:01:39,178 [INFO] Época 13/30, Batch 2750/3348, Loss: 0.1225
2025-10-10 07:01:39,432 [INFO] Época 13/30, Batch 2800/3348, Loss: 0.0913
2025-10-10 07:01:39,684 [INFO] Época 13/30, Batch 2850/3348, Loss: 0.1087
2025-10-10 07:01:39,937 [INFO] Época 13/30, Batch 2900/3348, Loss: 0.0653
2025-10-10 07:01:40,189 [INFO] Época 13/30, Batch 2950/3348, Loss: 0.0555
2025-10-10 07:01:40,444 [INFO] Época 13/30, Batch 3000/3348, Loss: 0.0764
2025-10-10 07:01:40,696 [INFO] Época 13/30, Batch 3050/3348, Loss: 0.1223
2025-10-10 07:01:40,947 [INFO] Época 13/30, Batch 3100/3348, Loss: 0.0807
2025-10-10 07:01:41,199 [INFO] Época 13/30, Batch 3150/3348, Loss: 0.1233
2025-10-10 07:01:41,451 [INFO] Época 13/30, Batch 3200/3348, Loss: 0.0892
2025-10-10 07:01:41,705 [INFO] Época 13/30, Batch 3250/3348, Loss: 0.2096
2025-10-10 07:01:41,957 [INFO] Época 13/30, Batch 3300/3348, Loss: 0.0711
2025-10-10 07:01:43,769 [INFO] [13/30] Train Loss: 0.0851 | Val Loss: 0.0555 | Tempo: 19.03s
2025-10-10 07:01:43,773 [INFO] Melhor modelo salvo em: /mnt/hdd/home/jdurao/ToolBox-ChemXAI/models/mlp_qm9_Physicochemical_att10_large.pth
2025-10-10 07:01:44,332 [INFO] Época 14/30, Batch 50/3348, Loss: 0.0579
2025-10-10 07:01:44,596 [INFO] Época 14/30, Batch 100/3348, Loss: 0.1136
2025-10-10 07:01:44,857 [INFO] Época 14/30, Batch 150/3348, Loss: 0.1559
2025-10-10 07:01:45,118 [INFO] Época 14/30, Batch 200/3348, Loss: 0.1459
2025-10-10 07:01:45,378 [INFO] Época 14/30, Batch 250/3348, Loss: 0.0721
2025-10-10 07:01:45,636 [INFO] Época 14/30, Batch 300/3348, Loss: 0.0768
2025-10-10 07:01:45,895 [INFO] Época 14/30, Batch 350/3348, Loss: 0.0896
2025-10-10 07:01:46,153 [INFO] Época 14/30, Batch 400/3348, Loss: 0.0693
2025-10-10 07:01:46,411 [INFO] Época 14/30, Batch 450/3348, Loss: 0.0794
2025-10-10 07:01:46,670 [INFO] Época 14/30, Batch 500/3348, Loss: 0.0912
2025-10-10 07:01:46,927 [INFO] Época 14/30, Batch 550/3348, Loss: 0.0682
2025-10-10 07:01:47,185 [INFO] Época 14/30, Batch 600/3348, Loss: 0.1067
2025-10-10 07:01:47,445 [INFO] Época 14/30, Batch 650/3348, Loss: 0.0968
2025-10-10 07:01:47,702 [INFO] Época 14/30, Batch 700/3348, Loss: 0.1069
2025-10-10 07:01:47,964 [INFO] Época 14/30, Batch 750/3348, Loss: 0.0599
2025-10-10 07:01:48,222 [INFO] Época 14/30, Batch 800/3348, Loss: 0.1275
2025-10-10 07:01:48,480 [INFO] Época 14/30, Batch 850/3348, Loss: 0.0872
2025-10-10 07:01:48,738 [INFO] Época 14/30, Batch 900/3348, Loss: 0.0875
2025-10-10 07:01:48,998 [INFO] Época 14/30, Batch 950/3348, Loss: 0.1106
2025-10-10 07:01:49,264 [INFO] Época 14/30, Batch 1000/3348, Loss: 0.0625
2025-10-10 07:01:49,530 [INFO] Época 14/30, Batch 1050/3348, Loss: 0.0938
2025-10-10 07:01:49,793 [INFO] Época 14/30, Batch 1100/3348, Loss: 0.0633
2025-10-10 07:01:50,055 [INFO] Época 14/30, Batch 1150/3348, Loss: 0.0746
2025-10-10 07:01:50,313 [INFO] Época 14/30, Batch 1200/3348, Loss: 0.0622
2025-10-10 07:01:50,574 [INFO] Época 14/30, Batch 1250/3348, Loss: 0.0827
2025-10-10 07:01:50,834 [INFO] Época 14/30, Batch 1300/3348, Loss: 0.0788
2025-10-10 07:01:51,092 [INFO] Época 14/30, Batch 1350/3348, Loss: 0.0854
2025-10-10 07:01:51,349 [INFO] Época 14/30, Batch 1400/3348, Loss: 0.0682
2025-10-10 07:01:51,608 [INFO] Época 14/30, Batch 1450/3348, Loss: 0.0796
2025-10-10 07:01:51,868 [INFO] Época 14/30, Batch 1500/3348, Loss: 0.0724
2025-10-10 07:01:52,127 [INFO] Época 14/30, Batch 1550/3348, Loss: 0.0560
2025-10-10 07:01:52,384 [INFO] Época 14/30, Batch 1600/3348, Loss: 0.0553
2025-10-10 07:01:52,640 [INFO] Época 14/30, Batch 1650/3348, Loss: 0.0965
2025-10-10 07:01:52,896 [INFO] Época 14/30, Batch 1700/3348, Loss: 0.0549
2025-10-10 07:01:53,156 [INFO] Época 14/30, Batch 1750/3348, Loss: 0.0807
2025-10-10 07:01:53,414 [INFO] Época 14/30, Batch 1800/3348, Loss: 0.0858
2025-10-10 07:01:53,672 [INFO] Época 14/30, Batch 1850/3348, Loss: 0.0710
2025-10-10 07:01:53,928 [INFO] Época 14/30, Batch 1900/3348, Loss: 0.0561
2025-10-10 07:01:54,186 [INFO] Época 14/30, Batch 1950/3348, Loss: 0.0776
2025-10-10 07:01:54,453 [INFO] Época 14/30, Batch 2000/3348, Loss: 0.1475
2025-10-10 07:01:54,715 [INFO] Época 14/30, Batch 2050/3348, Loss: 0.0678
2025-10-10 07:01:54,974 [INFO] Época 14/30, Batch 2100/3348, Loss: 0.0780
2025-10-10 07:01:55,232 [INFO] Época 14/30, Batch 2150/3348, Loss: 0.0815
2025-10-10 07:01:55,488 [INFO] Época 14/30, Batch 2200/3348, Loss: 0.0765
2025-10-10 07:01:55,746 [INFO] Época 14/30, Batch 2250/3348, Loss: 0.0709
2025-10-10 07:01:56,006 [INFO] Época 14/30, Batch 2300/3348, Loss: 0.0998
2025-10-10 07:01:56,266 [INFO] Época 14/30, Batch 2350/3348, Loss: 0.0598
2025-10-10 07:01:56,527 [INFO] Época 14/30, Batch 2400/3348, Loss: 0.0826
2025-10-10 07:01:56,785 [INFO] Época 14/30, Batch 2450/3348, Loss: 0.0428
2025-10-10 07:01:57,042 [INFO] Época 14/30, Batch 2500/3348, Loss: 0.0609
2025-10-10 07:01:57,299 [INFO] Época 14/30, Batch 2550/3348, Loss: 0.0977
2025-10-10 07:01:57,555 [INFO] Época 14/30, Batch 2600/3348, Loss: 0.0794
2025-10-10 07:01:57,811 [INFO] Época 14/30, Batch 2650/3348, Loss: 0.0744
2025-10-10 07:01:58,068 [INFO] Época 14/30, Batch 2700/3348, Loss: 0.0984
2025-10-10 07:01:58,322 [INFO] Época 14/30, Batch 2750/3348, Loss: 0.0530
2025-10-10 07:01:58,583 [INFO] Época 14/30, Batch 2800/3348, Loss: 0.0998
2025-10-10 07:01:58,844 [INFO] Época 14/30, Batch 2850/3348, Loss: 0.0640
2025-10-10 07:01:59,105 [INFO] Época 14/30, Batch 2900/3348, Loss: 0.0550
2025-10-10 07:01:59,366 [INFO] Época 14/30, Batch 2950/3348, Loss: 0.0658
2025-10-10 07:01:59,630 [INFO] Época 14/30, Batch 3000/3348, Loss: 0.1141
2025-10-10 07:01:59,891 [INFO] Época 14/30, Batch 3050/3348, Loss: 0.0453
2025-10-10 07:02:00,150 [INFO] Época 14/30, Batch 3100/3348, Loss: 0.1102
2025-10-10 07:02:00,411 [INFO] Época 14/30, Batch 3150/3348, Loss: 0.0502
2025-10-10 07:02:00,670 [INFO] Época 14/30, Batch 3200/3348, Loss: 0.1174
2025-10-10 07:02:00,929 [INFO] Época 14/30, Batch 3250/3348, Loss: 0.0617
2025-10-10 07:02:01,194 [INFO] Época 14/30, Batch 3300/3348, Loss: 0.0734
2025-10-10 07:02:02,890 [INFO] [14/30] Train Loss: 0.0838 | Val Loss: 0.0508 | Tempo: 19.12s
2025-10-10 07:02:02,894 [INFO] Melhor modelo salvo em: /mnt/hdd/home/jdurao/ToolBox-ChemXAI/models/mlp_qm9_Physicochemical_att10_large.pth
2025-10-10 07:02:03,435 [INFO] Época 15/30, Batch 50/3348, Loss: 0.0639
2025-10-10 07:02:03,698 [INFO] Época 15/30, Batch 100/3348, Loss: 0.0858
2025-10-10 07:02:03,958 [INFO] Época 15/30, Batch 150/3348, Loss: 0.0672
2025-10-10 07:02:04,217 [INFO] Época 15/30, Batch 200/3348, Loss: 0.1450
2025-10-10 07:02:04,478 [INFO] Época 15/30, Batch 250/3348, Loss: 0.0972
2025-10-10 07:02:04,751 [INFO] Época 15/30, Batch 300/3348, Loss: 0.0784
2025-10-10 07:02:05,012 [INFO] Época 15/30, Batch 350/3348, Loss: 0.1765
2025-10-10 07:02:05,271 [INFO] Época 15/30, Batch 400/3348, Loss: 0.0538
2025-10-10 07:02:05,530 [INFO] Época 15/30, Batch 450/3348, Loss: 0.1003
2025-10-10 07:02:05,791 [INFO] Época 15/30, Batch 500/3348, Loss: 0.0560
2025-10-10 07:02:06,051 [INFO] Época 15/30, Batch 550/3348, Loss: 0.0844
2025-10-10 07:02:06,312 [INFO] Época 15/30, Batch 600/3348, Loss: 0.0762
2025-10-10 07:02:06,571 [INFO] Época 15/30, Batch 650/3348, Loss: 0.0776
2025-10-10 07:02:06,832 [INFO] Época 15/30, Batch 700/3348, Loss: 0.0321
2025-10-10 07:02:07,085 [INFO] Época 15/30, Batch 750/3348, Loss: 0.0939
2025-10-10 07:02:07,331 [INFO] Época 15/30, Batch 800/3348, Loss: 0.1234
2025-10-10 07:02:07,577 [INFO] Época 15/30, Batch 850/3348, Loss: 0.0713
2025-10-10 07:02:07,823 [INFO] Época 15/30, Batch 900/3348, Loss: 0.0359
2025-10-10 07:02:08,069 [INFO] Época 15/30, Batch 950/3348, Loss: 0.1183
2025-10-10 07:02:08,316 [INFO] Época 15/30, Batch 1000/3348, Loss: 0.0887
2025-10-10 07:02:08,564 [INFO] Época 15/30, Batch 1050/3348, Loss: 0.0745
2025-10-10 07:02:08,809 [INFO] Época 15/30, Batch 1100/3348, Loss: 0.0802
2025-10-10 07:02:09,061 [INFO] Época 15/30, Batch 1150/3348, Loss: 0.0742
2025-10-10 07:02:09,318 [INFO] Época 15/30, Batch 1200/3348, Loss: 0.0773
2025-10-10 07:02:09,578 [INFO] Época 15/30, Batch 1250/3348, Loss: 0.0892
2025-10-10 07:02:09,848 [INFO] Época 15/30, Batch 1300/3348, Loss: 0.0628
2025-10-10 07:02:10,105 [INFO] Época 15/30, Batch 1350/3348, Loss: 0.0575
2025-10-10 07:02:10,362 [INFO] Época 15/30, Batch 1400/3348, Loss: 0.0734
2025-10-10 07:02:10,618 [INFO] Época 15/30, Batch 1450/3348, Loss: 0.1029
2025-10-10 07:02:10,878 [INFO] Época 15/30, Batch 1500/3348, Loss: 0.0937
2025-10-10 07:02:11,140 [INFO] Época 15/30, Batch 1550/3348, Loss: 0.0758
2025-10-10 07:02:11,398 [INFO] Época 15/30, Batch 1600/3348, Loss: 0.0987
2025-10-10 07:02:11,656 [INFO] Época 15/30, Batch 1650/3348, Loss: 0.0622
2025-10-10 07:02:11,915 [INFO] Época 15/30, Batch 1700/3348, Loss: 0.0768
2025-10-10 07:02:12,173 [INFO] Época 15/30, Batch 1750/3348, Loss: 0.0643
2025-10-10 07:02:12,431 [INFO] Época 15/30, Batch 1800/3348, Loss: 0.1092
2025-10-10 07:02:12,688 [INFO] Época 15/30, Batch 1850/3348, Loss: 0.1864
2025-10-10 07:02:12,947 [INFO] Época 15/30, Batch 1900/3348, Loss: 0.0800
2025-10-10 07:02:13,204 [INFO] Época 15/30, Batch 1950/3348, Loss: 0.0589
2025-10-10 07:02:13,462 [INFO] Época 15/30, Batch 2000/3348, Loss: 0.0756
2025-10-10 07:02:13,720 [INFO] Época 15/30, Batch 2050/3348, Loss: 0.0837
2025-10-10 07:02:13,976 [INFO] Época 15/30, Batch 2100/3348, Loss: 0.0483
2025-10-10 07:02:14,233 [INFO] Época 15/30, Batch 2150/3348, Loss: 0.0984
2025-10-10 07:02:14,488 [INFO] Época 15/30, Batch 2200/3348, Loss: 0.0723
2025-10-10 07:02:14,744 [INFO] Época 15/30, Batch 2250/3348, Loss: 0.0766
2025-10-10 07:02:15,008 [INFO] Época 15/30, Batch 2300/3348, Loss: 0.0843
2025-10-10 07:02:15,266 [INFO] Época 15/30, Batch 2350/3348, Loss: 0.0738
2025-10-10 07:02:15,522 [INFO] Época 15/30, Batch 2400/3348, Loss: 0.0610
2025-10-10 07:02:15,778 [INFO] Época 15/30, Batch 2450/3348, Loss: 0.0923
2025-10-10 07:02:16,036 [INFO] Época 15/30, Batch 2500/3348, Loss: 0.0852
2025-10-10 07:02:16,291 [INFO] Época 15/30, Batch 2550/3348, Loss: 0.0564
2025-10-10 07:02:16,549 [INFO] Época 15/30, Batch 2600/3348, Loss: 0.0514
2025-10-10 07:02:16,806 [INFO] Época 15/30, Batch 2650/3348, Loss: 0.0933
2025-10-10 07:02:17,064 [INFO] Época 15/30, Batch 2700/3348, Loss: 0.0487
2025-10-10 07:02:17,323 [INFO] Época 15/30, Batch 2750/3348, Loss: 0.0718
2025-10-10 07:02:17,579 [INFO] Época 15/30, Batch 2800/3348, Loss: 0.1112
2025-10-10 07:02:17,839 [INFO] Época 15/30, Batch 2850/3348, Loss: 0.0823
2025-10-10 07:02:18,098 [INFO] Época 15/30, Batch 2900/3348, Loss: 0.0799
2025-10-10 07:02:18,354 [INFO] Época 15/30, Batch 2950/3348, Loss: 0.1112
2025-10-10 07:02:18,613 [INFO] Época 15/30, Batch 3000/3348, Loss: 0.0402
2025-10-10 07:02:18,872 [INFO] Época 15/30, Batch 3050/3348, Loss: 0.0469
2025-10-10 07:02:19,132 [INFO] Época 15/30, Batch 3100/3348, Loss: 0.1783
2025-10-10 07:02:19,392 [INFO] Época 15/30, Batch 3150/3348, Loss: 0.0419
2025-10-10 07:02:19,654 [INFO] Época 15/30, Batch 3200/3348, Loss: 0.0645
2025-10-10 07:02:19,916 [INFO] Época 15/30, Batch 3250/3348, Loss: 0.0748
2025-10-10 07:02:20,180 [INFO] Época 15/30, Batch 3300/3348, Loss: 0.0876
2025-10-10 07:02:21,868 [INFO] [15/30] Train Loss: 0.0820 | Val Loss: 0.0548 | Tempo: 18.97s
2025-10-10 07:02:22,415 [INFO] Época 16/30, Batch 50/3348, Loss: 0.1036
2025-10-10 07:02:22,677 [INFO] Época 16/30, Batch 100/3348, Loss: 0.0569
2025-10-10 07:02:22,939 [INFO] Época 16/30, Batch 150/3348, Loss: 0.0646
2025-10-10 07:02:23,197 [INFO] Época 16/30, Batch 200/3348, Loss: 0.0742
2025-10-10 07:02:23,454 [INFO] Época 16/30, Batch 250/3348, Loss: 0.0675
2025-10-10 07:02:23,715 [INFO] Época 16/30, Batch 300/3348, Loss: 0.0280
2025-10-10 07:02:23,976 [INFO] Época 16/30, Batch 350/3348, Loss: 0.0623
2025-10-10 07:02:24,235 [INFO] Época 16/30, Batch 400/3348, Loss: 0.0584
2025-10-10 07:02:24,496 [INFO] Época 16/30, Batch 450/3348, Loss: 0.0938
2025-10-10 07:02:24,754 [INFO] Época 16/30, Batch 500/3348, Loss: 0.0582
2025-10-10 07:02:25,016 [INFO] Época 16/30, Batch 550/3348, Loss: 0.0844
2025-10-10 07:02:25,287 [INFO] Época 16/30, Batch 600/3348, Loss: 0.1099
2025-10-10 07:02:25,547 [INFO] Época 16/30, Batch 650/3348, Loss: 0.0639
2025-10-10 07:02:25,806 [INFO] Época 16/30, Batch 700/3348, Loss: 0.0487
2025-10-10 07:02:26,059 [INFO] Época 16/30, Batch 750/3348, Loss: 0.0812
2025-10-10 07:02:26,320 [INFO] Época 16/30, Batch 800/3348, Loss: 0.0759
2025-10-10 07:02:26,578 [INFO] Época 16/30, Batch 850/3348, Loss: 0.0629
2025-10-10 07:02:26,826 [INFO] Época 16/30, Batch 900/3348, Loss: 0.0785
2025-10-10 07:02:27,073 [INFO] Época 16/30, Batch 950/3348, Loss: 0.1981
2025-10-10 07:02:27,322 [INFO] Época 16/30, Batch 1000/3348, Loss: 0.0761
2025-10-10 07:02:27,572 [INFO] Época 16/30, Batch 1050/3348, Loss: 0.0647
2025-10-10 07:02:27,821 [INFO] Época 16/30, Batch 1100/3348, Loss: 0.0754
2025-10-10 07:02:28,072 [INFO] Época 16/30, Batch 1150/3348, Loss: 0.0980
2025-10-10 07:02:28,329 [INFO] Época 16/30, Batch 1200/3348, Loss: 0.1077
2025-10-10 07:02:28,586 [INFO] Época 16/30, Batch 1250/3348, Loss: 0.0966
2025-10-10 07:02:28,844 [INFO] Época 16/30, Batch 1300/3348, Loss: 0.0539
2025-10-10 07:02:29,102 [INFO] Época 16/30, Batch 1350/3348, Loss: 0.0868
2025-10-10 07:02:29,358 [INFO] Época 16/30, Batch 1400/3348, Loss: 0.0635
2025-10-10 07:02:29,618 [INFO] Época 16/30, Batch 1450/3348, Loss: 0.0821
2025-10-10 07:02:29,877 [INFO] Época 16/30, Batch 1500/3348, Loss: 0.0895
2025-10-10 07:02:30,135 [INFO] Época 16/30, Batch 1550/3348, Loss: 0.0701
2025-10-10 07:02:30,395 [INFO] Época 16/30, Batch 1600/3348, Loss: 0.0845
2025-10-10 07:02:30,653 [INFO] Época 16/30, Batch 1650/3348, Loss: 0.0638
2025-10-10 07:02:30,913 [INFO] Época 16/30, Batch 1700/3348, Loss: 0.0696
2025-10-10 07:02:31,170 [INFO] Época 16/30, Batch 1750/3348, Loss: 0.0447
2025-10-10 07:02:31,427 [INFO] Época 16/30, Batch 1800/3348, Loss: 0.0812
2025-10-10 07:02:31,686 [INFO] Época 16/30, Batch 1850/3348, Loss: 0.0726
2025-10-10 07:02:31,944 [INFO] Época 16/30, Batch 1900/3348, Loss: 0.0676
2025-10-10 07:02:32,200 [INFO] Época 16/30, Batch 1950/3348, Loss: 0.0606
2025-10-10 07:02:32,456 [INFO] Época 16/30, Batch 2000/3348, Loss: 0.0648
2025-10-10 07:02:32,717 [INFO] Época 16/30, Batch 2050/3348, Loss: 0.0837
2025-10-10 07:02:32,977 [INFO] Época 16/30, Batch 2100/3348, Loss: 0.1177
2025-10-10 07:02:33,237 [INFO] Época 16/30, Batch 2150/3348, Loss: 0.0947
2025-10-10 07:02:33,498 [INFO] Época 16/30, Batch 2200/3348, Loss: 0.1098
2025-10-10 07:02:33,758 [INFO] Época 16/30, Batch 2250/3348, Loss: 0.1433
2025-10-10 07:02:34,016 [INFO] Época 16/30, Batch 2300/3348, Loss: 0.0825
2025-10-10 07:02:34,274 [INFO] Época 16/30, Batch 2350/3348, Loss: 0.0725
2025-10-10 07:02:34,531 [INFO] Época 16/30, Batch 2400/3348, Loss: 0.0805
2025-10-10 07:02:34,788 [INFO] Época 16/30, Batch 2450/3348, Loss: 0.0504
2025-10-10 07:02:35,045 [INFO] Época 16/30, Batch 2500/3348, Loss: 0.0945
2025-10-10 07:02:35,301 [INFO] Época 16/30, Batch 2550/3348, Loss: 0.1077
2025-10-10 07:02:35,569 [INFO] Época 16/30, Batch 2600/3348, Loss: 0.0668
2025-10-10 07:02:35,826 [INFO] Época 16/30, Batch 2650/3348, Loss: 0.0737
2025-10-10 07:02:36,083 [INFO] Época 16/30, Batch 2700/3348, Loss: 0.1100
2025-10-10 07:02:36,339 [INFO] Época 16/30, Batch 2750/3348, Loss: 0.0628
2025-10-10 07:02:36,597 [INFO] Época 16/30, Batch 2800/3348, Loss: 0.0765
2025-10-10 07:02:36,855 [INFO] Época 16/30, Batch 2850/3348, Loss: 0.0440
2025-10-10 07:02:37,112 [INFO] Época 16/30, Batch 2900/3348, Loss: 0.0464
2025-10-10 07:02:37,367 [INFO] Época 16/30, Batch 2950/3348, Loss: 0.1023
2025-10-10 07:02:37,622 [INFO] Época 16/30, Batch 3000/3348, Loss: 0.0611
2025-10-10 07:02:37,882 [INFO] Época 16/30, Batch 3050/3348, Loss: 0.0630
2025-10-10 07:02:38,140 [INFO] Época 16/30, Batch 3100/3348, Loss: 0.0706
2025-10-10 07:02:38,396 [INFO] Época 16/30, Batch 3150/3348, Loss: 0.0767
2025-10-10 07:02:38,651 [INFO] Época 16/30, Batch 3200/3348, Loss: 0.0744
2025-10-10 07:02:38,907 [INFO] Época 16/30, Batch 3250/3348, Loss: 0.0985
2025-10-10 07:02:39,164 [INFO] Época 16/30, Batch 3300/3348, Loss: 0.1005
2025-10-10 07:02:40,873 [INFO] [16/30] Train Loss: 0.0805 | Val Loss: 0.0496 | Tempo: 19.00s
2025-10-10 07:02:40,880 [INFO] Melhor modelo salvo em: /mnt/hdd/home/jdurao/ToolBox-ChemXAI/models/mlp_qm9_Physicochemical_att10_large.pth
2025-10-10 07:02:41,424 [INFO] Época 17/30, Batch 50/3348, Loss: 0.1215
2025-10-10 07:02:41,689 [INFO] Época 17/30, Batch 100/3348, Loss: 0.1057
2025-10-10 07:02:41,953 [INFO] Época 17/30, Batch 150/3348, Loss: 0.0694
2025-10-10 07:02:42,215 [INFO] Época 17/30, Batch 200/3348, Loss: 0.0998
2025-10-10 07:02:42,477 [INFO] Época 17/30, Batch 250/3348, Loss: 0.0804
2025-10-10 07:02:42,738 [INFO] Época 17/30, Batch 300/3348, Loss: 0.0862
2025-10-10 07:02:43,002 [INFO] Época 17/30, Batch 350/3348, Loss: 0.0780
2025-10-10 07:02:43,265 [INFO] Época 17/30, Batch 400/3348, Loss: 0.0878
2025-10-10 07:02:43,528 [INFO] Época 17/30, Batch 450/3348, Loss: 0.0790
2025-10-10 07:02:43,790 [INFO] Época 17/30, Batch 500/3348, Loss: 0.0550
2025-10-10 07:02:44,052 [INFO] Época 17/30, Batch 550/3348, Loss: 0.1093
2025-10-10 07:02:44,316 [INFO] Época 17/30, Batch 600/3348, Loss: 0.0484
2025-10-10 07:02:44,576 [INFO] Época 17/30, Batch 650/3348, Loss: 0.0491
2025-10-10 07:02:44,834 [INFO] Época 17/30, Batch 700/3348, Loss: 0.1069
2025-10-10 07:02:45,094 [INFO] Época 17/30, Batch 750/3348, Loss: 0.0889
2025-10-10 07:02:45,352 [INFO] Época 17/30, Batch 800/3348, Loss: 0.0628
2025-10-10 07:02:45,612 [INFO] Época 17/30, Batch 850/3348, Loss: 0.0499
2025-10-10 07:02:45,868 [INFO] Época 17/30, Batch 900/3348, Loss: 0.0974
2025-10-10 07:02:46,126 [INFO] Época 17/30, Batch 950/3348, Loss: 0.1161
2025-10-10 07:02:46,394 [INFO] Época 17/30, Batch 1000/3348, Loss: 0.0531
2025-10-10 07:02:46,654 [INFO] Época 17/30, Batch 1050/3348, Loss: 0.0454
2025-10-10 07:02:46,918 [INFO] Época 17/30, Batch 1100/3348, Loss: 0.0763
2025-10-10 07:02:47,179 [INFO] Época 17/30, Batch 1150/3348, Loss: 0.0720
2025-10-10 07:02:47,441 [INFO] Época 17/30, Batch 1200/3348, Loss: 0.0604
2025-10-10 07:02:47,703 [INFO] Época 17/30, Batch 1250/3348, Loss: 0.1016
2025-10-10 07:02:47,964 [INFO] Época 17/30, Batch 1300/3348, Loss: 0.1333
2025-10-10 07:02:48,224 [INFO] Época 17/30, Batch 1350/3348, Loss: 0.1057
2025-10-10 07:02:48,484 [INFO] Época 17/30, Batch 1400/3348, Loss: 0.1211
2025-10-10 07:02:48,746 [INFO] Época 17/30, Batch 1450/3348, Loss: 0.0642
2025-10-10 07:02:49,007 [INFO] Época 17/30, Batch 1500/3348, Loss: 0.0725
2025-10-10 07:02:49,269 [INFO] Época 17/30, Batch 1550/3348, Loss: 0.0748
2025-10-10 07:02:49,530 [INFO] Época 17/30, Batch 1600/3348, Loss: 0.0850
2025-10-10 07:02:49,790 [INFO] Época 17/30, Batch 1650/3348, Loss: 0.0795
2025-10-10 07:02:50,048 [INFO] Época 17/30, Batch 1700/3348, Loss: 0.1358
2025-10-10 07:02:50,307 [INFO] Época 17/30, Batch 1750/3348, Loss: 0.0572
2025-10-10 07:02:50,565 [INFO] Época 17/30, Batch 1800/3348, Loss: 0.0498
2025-10-10 07:02:50,824 [INFO] Época 17/30, Batch 1850/3348, Loss: 0.0619
2025-10-10 07:02:51,083 [INFO] Época 17/30, Batch 1900/3348, Loss: 0.0761
2025-10-10 07:02:51,341 [INFO] Época 17/30, Batch 1950/3348, Loss: 0.1384
2025-10-10 07:02:51,609 [INFO] Época 17/30, Batch 2000/3348, Loss: 0.1030
2025-10-10 07:02:51,867 [INFO] Época 17/30, Batch 2050/3348, Loss: 0.0689
2025-10-10 07:02:52,124 [INFO] Época 17/30, Batch 2100/3348, Loss: 0.1066
2025-10-10 07:02:52,382 [INFO] Época 17/30, Batch 2150/3348, Loss: 0.0974
2025-10-10 07:02:52,639 [INFO] Época 17/30, Batch 2200/3348, Loss: 0.0784
2025-10-10 07:02:52,899 [INFO] Época 17/30, Batch 2250/3348, Loss: 0.1066
2025-10-10 07:02:53,157 [INFO] Época 17/30, Batch 2300/3348, Loss: 0.0450
2025-10-10 07:02:53,416 [INFO] Época 17/30, Batch 2350/3348, Loss: 0.0493
2025-10-10 07:02:53,675 [INFO] Época 17/30, Batch 2400/3348, Loss: 0.0386
2025-10-10 07:02:53,933 [INFO] Época 17/30, Batch 2450/3348, Loss: 0.0592
2025-10-10 07:02:54,190 [INFO] Época 17/30, Batch 2500/3348, Loss: 0.0938
2025-10-10 07:02:54,449 [INFO] Época 17/30, Batch 2550/3348, Loss: 0.0969
2025-10-10 07:02:54,711 [INFO] Época 17/30, Batch 2600/3348, Loss: 0.1261
2025-10-10 07:02:54,973 [INFO] Época 17/30, Batch 2650/3348, Loss: 0.0929
2025-10-10 07:02:55,231 [INFO] Época 17/30, Batch 2700/3348, Loss: 0.0916
2025-10-10 07:02:55,489 [INFO] Época 17/30, Batch 2750/3348, Loss: 0.0810
2025-10-10 07:02:55,748 [INFO] Época 17/30, Batch 2800/3348, Loss: 0.1022
2025-10-10 07:02:56,007 [INFO] Época 17/30, Batch 2850/3348, Loss: 0.0690
2025-10-10 07:02:56,265 [INFO] Época 17/30, Batch 2900/3348, Loss: 0.0786
2025-10-10 07:02:56,523 [INFO] Época 17/30, Batch 2950/3348, Loss: 0.1239
2025-10-10 07:02:56,791 [INFO] Época 17/30, Batch 3000/3348, Loss: 0.1662
2025-10-10 07:02:57,047 [INFO] Época 17/30, Batch 3050/3348, Loss: 0.0830
2025-10-10 07:02:57,304 [INFO] Época 17/30, Batch 3100/3348, Loss: 0.0587
2025-10-10 07:02:57,563 [INFO] Época 17/30, Batch 3150/3348, Loss: 0.0816
2025-10-10 07:02:57,819 [INFO] Época 17/30, Batch 3200/3348, Loss: 0.0603
2025-10-10 07:02:58,075 [INFO] Época 17/30, Batch 3250/3348, Loss: 0.0695
2025-10-10 07:02:58,333 [INFO] Época 17/30, Batch 3300/3348, Loss: 0.2208
2025-10-10 07:03:00,152 [INFO] [17/30] Train Loss: 0.0794 | Val Loss: 0.0500 | Tempo: 19.27s
2025-10-10 07:03:00,709 [INFO] Época 18/30, Batch 50/3348, Loss: 0.0672
2025-10-10 07:03:00,979 [INFO] Época 18/30, Batch 100/3348, Loss: 0.0385
2025-10-10 07:03:01,244 [INFO] Época 18/30, Batch 150/3348, Loss: 0.0387
2025-10-10 07:03:01,509 [INFO] Época 18/30, Batch 200/3348, Loss: 0.0790
2025-10-10 07:03:01,773 [INFO] Época 18/30, Batch 250/3348, Loss: 0.0692
2025-10-10 07:03:02,048 [INFO] Época 18/30, Batch 300/3348, Loss: 0.0895
2025-10-10 07:03:02,311 [INFO] Época 18/30, Batch 350/3348, Loss: 0.0563
2025-10-10 07:03:02,572 [INFO] Época 18/30, Batch 400/3348, Loss: 0.0587
2025-10-10 07:03:02,837 [INFO] Época 18/30, Batch 450/3348, Loss: 0.0566
2025-10-10 07:03:03,101 [INFO] Época 18/30, Batch 500/3348, Loss: 0.1008
2025-10-10 07:03:03,361 [INFO] Época 18/30, Batch 550/3348, Loss: 0.0687
2025-10-10 07:03:03,620 [INFO] Época 18/30, Batch 600/3348, Loss: 0.0810
2025-10-10 07:03:03,876 [INFO] Época 18/30, Batch 650/3348, Loss: 0.1145
2025-10-10 07:03:04,133 [INFO] Época 18/30, Batch 700/3348, Loss: 0.0863
2025-10-10 07:03:04,390 [INFO] Época 18/30, Batch 750/3348, Loss: 0.0585
2025-10-10 07:03:04,646 [INFO] Época 18/30, Batch 800/3348, Loss: 0.0660
2025-10-10 07:03:04,901 [INFO] Época 18/30, Batch 850/3348, Loss: 0.0615
2025-10-10 07:03:05,160 [INFO] Época 18/30, Batch 900/3348, Loss: 0.0323
2025-10-10 07:03:05,415 [INFO] Época 18/30, Batch 950/3348, Loss: 0.0817
2025-10-10 07:03:05,670 [INFO] Época 18/30, Batch 1000/3348, Loss: 0.0770
2025-10-10 07:03:05,927 [INFO] Época 18/30, Batch 1050/3348, Loss: 0.0909
2025-10-10 07:03:06,183 [INFO] Época 18/30, Batch 1100/3348, Loss: 0.1075
2025-10-10 07:03:06,441 [INFO] Época 18/30, Batch 1150/3348, Loss: 0.0873
2025-10-10 07:03:06,699 [INFO] Época 18/30, Batch 1200/3348, Loss: 0.0769
2025-10-10 07:03:06,954 [INFO] Época 18/30, Batch 1250/3348, Loss: 0.1010
2025-10-10 07:03:07,218 [INFO] Época 18/30, Batch 1300/3348, Loss: 0.0565
2025-10-10 07:03:07,477 [INFO] Época 18/30, Batch 1350/3348, Loss: 0.0693
2025-10-10 07:03:07,737 [INFO] Época 18/30, Batch 1400/3348, Loss: 0.0941
2025-10-10 07:03:07,993 [INFO] Época 18/30, Batch 1450/3348, Loss: 0.0501
2025-10-10 07:03:08,249 [INFO] Época 18/30, Batch 1500/3348, Loss: 0.0805
2025-10-10 07:03:08,507 [INFO] Época 18/30, Batch 1550/3348, Loss: 0.0769
2025-10-10 07:03:08,766 [INFO] Época 18/30, Batch 1600/3348, Loss: 0.0825
2025-10-10 07:03:09,026 [INFO] Época 18/30, Batch 1650/3348, Loss: 0.0442
2025-10-10 07:03:09,287 [INFO] Época 18/30, Batch 1700/3348, Loss: 0.0577
2025-10-10 07:03:09,547 [INFO] Época 18/30, Batch 1750/3348, Loss: 0.0618
2025-10-10 07:03:09,806 [INFO] Época 18/30, Batch 1800/3348, Loss: 0.0669
2025-10-10 07:03:10,067 [INFO] Época 18/30, Batch 1850/3348, Loss: 0.0862
2025-10-10 07:03:10,329 [INFO] Época 18/30, Batch 1900/3348, Loss: 0.0646
2025-10-10 07:03:10,590 [INFO] Época 18/30, Batch 1950/3348, Loss: 0.1131
2025-10-10 07:03:10,850 [INFO] Época 18/30, Batch 2000/3348, Loss: 0.0827
2025-10-10 07:03:11,109 [INFO] Época 18/30, Batch 2050/3348, Loss: 0.0639
2025-10-10 07:03:11,371 [INFO] Época 18/30, Batch 2100/3348, Loss: 0.0450
2025-10-10 07:03:11,632 [INFO] Época 18/30, Batch 2150/3348, Loss: 0.1132
2025-10-10 07:03:11,890 [INFO] Época 18/30, Batch 2200/3348, Loss: 0.0910
2025-10-10 07:03:12,149 [INFO] Época 18/30, Batch 2250/3348, Loss: 0.0484
2025-10-10 07:03:12,410 [INFO] Época 18/30, Batch 2300/3348, Loss: 0.0396
2025-10-10 07:03:12,670 [INFO] Época 18/30, Batch 2350/3348, Loss: 0.0676
2025-10-10 07:03:12,926 [INFO] Época 18/30, Batch 2400/3348, Loss: 0.0650
2025-10-10 07:03:13,184 [INFO] Época 18/30, Batch 2450/3348, Loss: 0.0886
2025-10-10 07:03:13,439 [INFO] Época 18/30, Batch 2500/3348, Loss: 0.1152
2025-10-10 07:03:13,695 [INFO] Época 18/30, Batch 2550/3348, Loss: 0.0955
2025-10-10 07:03:13,952 [INFO] Época 18/30, Batch 2600/3348, Loss: 0.0798
2025-10-10 07:03:14,207 [INFO] Época 18/30, Batch 2650/3348, Loss: 0.0406
2025-10-10 07:03:14,463 [INFO] Época 18/30, Batch 2700/3348, Loss: 0.0424
2025-10-10 07:03:14,719 [INFO] Época 18/30, Batch 2750/3348, Loss: 0.0650
2025-10-10 07:03:14,975 [INFO] Época 18/30, Batch 2800/3348, Loss: 0.0485
2025-10-10 07:03:15,231 [INFO] Época 18/30, Batch 2850/3348, Loss: 0.0899
2025-10-10 07:03:15,489 [INFO] Época 18/30, Batch 2900/3348, Loss: 0.0719
2025-10-10 07:03:15,746 [INFO] Época 18/30, Batch 2950/3348, Loss: 0.0954
2025-10-10 07:03:16,004 [INFO] Época 18/30, Batch 3000/3348, Loss: 0.0948
2025-10-10 07:03:16,260 [INFO] Época 18/30, Batch 3050/3348, Loss: 0.0607
2025-10-10 07:03:16,515 [INFO] Época 18/30, Batch 3100/3348, Loss: 0.1077
2025-10-10 07:03:16,770 [INFO] Época 18/30, Batch 3150/3348, Loss: 0.0760
2025-10-10 07:03:17,028 [INFO] Época 18/30, Batch 3200/3348, Loss: 0.0791
2025-10-10 07:03:17,285 [INFO] Época 18/30, Batch 3250/3348, Loss: 0.0419
2025-10-10 07:03:17,543 [INFO] Época 18/30, Batch 3300/3348, Loss: 0.0568
2025-10-10 07:03:19,297 [INFO] [18/30] Train Loss: 0.0783 | Val Loss: 0.0477 | Tempo: 19.14s
2025-10-10 07:03:19,300 [INFO] Melhor modelo salvo em: /mnt/hdd/home/jdurao/ToolBox-ChemXAI/models/mlp_qm9_Physicochemical_att10_large.pth
2025-10-10 07:03:19,861 [INFO] Época 19/30, Batch 50/3348, Loss: 0.0872
2025-10-10 07:03:20,129 [INFO] Época 19/30, Batch 100/3348, Loss: 0.1001
2025-10-10 07:03:20,396 [INFO] Época 19/30, Batch 150/3348, Loss: 0.0654
2025-10-10 07:03:20,659 [INFO] Época 19/30, Batch 200/3348, Loss: 0.0686
2025-10-10 07:03:20,920 [INFO] Época 19/30, Batch 250/3348, Loss: 0.1054
2025-10-10 07:03:21,183 [INFO] Época 19/30, Batch 300/3348, Loss: 0.0594
2025-10-10 07:03:21,440 [INFO] Época 19/30, Batch 350/3348, Loss: 0.0689
2025-10-10 07:03:21,699 [INFO] Época 19/30, Batch 400/3348, Loss: 0.0615
2025-10-10 07:03:21,953 [INFO] Época 19/30, Batch 450/3348, Loss: 0.1760
2025-10-10 07:03:22,207 [INFO] Época 19/30, Batch 500/3348, Loss: 0.1248
2025-10-10 07:03:22,460 [INFO] Época 19/30, Batch 550/3348, Loss: 0.1097
2025-10-10 07:03:22,726 [INFO] Época 19/30, Batch 600/3348, Loss: 0.0732
2025-10-10 07:03:22,981 [INFO] Época 19/30, Batch 650/3348, Loss: 0.0865
2025-10-10 07:03:23,232 [INFO] Época 19/30, Batch 700/3348, Loss: 0.0891
2025-10-10 07:03:23,484 [INFO] Época 19/30, Batch 750/3348, Loss: 0.0514
2025-10-10 07:03:23,736 [INFO] Época 19/30, Batch 800/3348, Loss: 0.0855
2025-10-10 07:03:23,985 [INFO] Época 19/30, Batch 850/3348, Loss: 0.0509
2025-10-10 07:03:24,237 [INFO] Época 19/30, Batch 900/3348, Loss: 0.0588
2025-10-10 07:03:24,488 [INFO] Época 19/30, Batch 950/3348, Loss: 0.0762
2025-10-10 07:03:24,740 [INFO] Época 19/30, Batch 1000/3348, Loss: 0.0734
2025-10-10 07:03:24,991 [INFO] Época 19/30, Batch 1050/3348, Loss: 0.0680
2025-10-10 07:03:25,245 [INFO] Época 19/30, Batch 1100/3348, Loss: 0.0727
2025-10-10 07:03:25,497 [INFO] Época 19/30, Batch 1150/3348, Loss: 0.0620
2025-10-10 07:03:25,750 [INFO] Época 19/30, Batch 1200/3348, Loss: 0.0765
2025-10-10 07:03:26,002 [INFO] Época 19/30, Batch 1250/3348, Loss: 0.0681
2025-10-10 07:03:26,255 [INFO] Época 19/30, Batch 1300/3348, Loss: 0.0621
2025-10-10 07:03:26,510 [INFO] Época 19/30, Batch 1350/3348, Loss: 0.1204
2025-10-10 07:03:26,767 [INFO] Época 19/30, Batch 1400/3348, Loss: 0.0451
2025-10-10 07:03:27,028 [INFO] Época 19/30, Batch 1450/3348, Loss: 0.0588
2025-10-10 07:03:27,284 [INFO] Época 19/30, Batch 1500/3348, Loss: 0.0921
2025-10-10 07:03:27,539 [INFO] Época 19/30, Batch 1550/3348, Loss: 0.0297
2025-10-10 07:03:27,798 [INFO] Época 19/30, Batch 1600/3348, Loss: 0.0727
2025-10-10 07:03:28,054 [INFO] Época 19/30, Batch 1650/3348, Loss: 0.0968
2025-10-10 07:03:28,308 [INFO] Época 19/30, Batch 1700/3348, Loss: 0.0963
2025-10-10 07:03:28,561 [INFO] Época 19/30, Batch 1750/3348, Loss: 0.0695
2025-10-10 07:03:28,813 [INFO] Época 19/30, Batch 1800/3348, Loss: 0.0647
2025-10-10 07:03:29,065 [INFO] Época 19/30, Batch 1850/3348, Loss: 0.0751
2025-10-10 07:03:29,318 [INFO] Época 19/30, Batch 1900/3348, Loss: 0.0410
2025-10-10 07:03:29,573 [INFO] Época 19/30, Batch 1950/3348, Loss: 0.0418
2025-10-10 07:03:29,830 [INFO] Época 19/30, Batch 2000/3348, Loss: 0.0799
2025-10-10 07:03:30,083 [INFO] Época 19/30, Batch 2050/3348, Loss: 0.0817
2025-10-10 07:03:30,334 [INFO] Época 19/30, Batch 2100/3348, Loss: 0.0467
2025-10-10 07:03:30,589 [INFO] Época 19/30, Batch 2150/3348, Loss: 0.0678
2025-10-10 07:03:30,857 [INFO] Época 19/30, Batch 2200/3348, Loss: 0.0963
2025-10-10 07:03:31,125 [INFO] Época 19/30, Batch 2250/3348, Loss: 0.1408
2025-10-10 07:03:31,392 [INFO] Época 19/30, Batch 2300/3348, Loss: 0.0692
2025-10-10 07:03:31,660 [INFO] Época 19/30, Batch 2350/3348, Loss: 0.1074
2025-10-10 07:03:31,927 [INFO] Época 19/30, Batch 2400/3348, Loss: 0.1159
2025-10-10 07:03:32,195 [INFO] Época 19/30, Batch 2450/3348, Loss: 0.0824
2025-10-10 07:03:32,463 [INFO] Época 19/30, Batch 2500/3348, Loss: 0.0476
2025-10-10 07:03:32,730 [INFO] Época 19/30, Batch 2550/3348, Loss: 0.0927
2025-10-10 07:03:33,008 [INFO] Época 19/30, Batch 2600/3348, Loss: 0.0736
2025-10-10 07:03:33,274 [INFO] Época 19/30, Batch 2650/3348, Loss: 0.0703
2025-10-10 07:03:33,543 [INFO] Época 19/30, Batch 2700/3348, Loss: 0.0407
2025-10-10 07:03:33,811 [INFO] Época 19/30, Batch 2750/3348, Loss: 0.0773
2025-10-10 07:03:34,079 [INFO] Época 19/30, Batch 2800/3348, Loss: 0.0238
2025-10-10 07:03:34,349 [INFO] Época 19/30, Batch 2850/3348, Loss: 0.0939
2025-10-10 07:03:34,613 [INFO] Época 19/30, Batch 2900/3348, Loss: 0.0783
2025-10-10 07:03:34,866 [INFO] Época 19/30, Batch 2950/3348, Loss: 0.0897
2025-10-10 07:03:35,121 [INFO] Época 19/30, Batch 3000/3348, Loss: 0.0482
2025-10-10 07:03:35,375 [INFO] Época 19/30, Batch 3050/3348, Loss: 0.0707
2025-10-10 07:03:35,631 [INFO] Época 19/30, Batch 3100/3348, Loss: 0.0500
2025-10-10 07:03:35,886 [INFO] Época 19/30, Batch 3150/3348, Loss: 0.0842
2025-10-10 07:03:36,149 [INFO] Época 19/30, Batch 3200/3348, Loss: 0.0635
2025-10-10 07:03:36,417 [INFO] Época 19/30, Batch 3250/3348, Loss: 0.1275
2025-10-10 07:03:36,686 [INFO] Época 19/30, Batch 3300/3348, Loss: 0.0667
2025-10-10 07:03:38,372 [INFO] [19/30] Train Loss: 0.0771 | Val Loss: 0.0470 | Tempo: 19.07s
2025-10-10 07:03:38,387 [INFO] Melhor modelo salvo em: /mnt/hdd/home/jdurao/ToolBox-ChemXAI/models/mlp_qm9_Physicochemical_att10_large.pth
2025-10-10 07:03:38,925 [INFO] Época 20/30, Batch 50/3348, Loss: 0.0697
2025-10-10 07:03:39,177 [INFO] Época 20/30, Batch 100/3348, Loss: 0.0519
2025-10-10 07:03:39,427 [INFO] Época 20/30, Batch 150/3348, Loss: 0.0801
2025-10-10 07:03:39,677 [INFO] Época 20/30, Batch 200/3348, Loss: 0.0418
2025-10-10 07:03:39,925 [INFO] Época 20/30, Batch 250/3348, Loss: 0.0933
2025-10-10 07:03:40,174 [INFO] Época 20/30, Batch 300/3348, Loss: 0.0630
2025-10-10 07:03:40,422 [INFO] Época 20/30, Batch 350/3348, Loss: 0.0818
2025-10-10 07:03:40,671 [INFO] Época 20/30, Batch 400/3348, Loss: 0.0598
2025-10-10 07:03:40,921 [INFO] Época 20/30, Batch 450/3348, Loss: 0.0945
2025-10-10 07:03:41,169 [INFO] Época 20/30, Batch 500/3348, Loss: 0.0847
2025-10-10 07:03:41,420 [INFO] Época 20/30, Batch 550/3348, Loss: 0.0772
2025-10-10 07:03:41,669 [INFO] Época 20/30, Batch 600/3348, Loss: 0.0646
2025-10-10 07:03:41,918 [INFO] Época 20/30, Batch 650/3348, Loss: 0.0487
2025-10-10 07:03:42,166 [INFO] Época 20/30, Batch 700/3348, Loss: 0.1002
2025-10-10 07:03:42,406 [INFO] Época 20/30, Batch 750/3348, Loss: 0.0608
2025-10-10 07:03:42,645 [INFO] Época 20/30, Batch 800/3348, Loss: 0.0925
2025-10-10 07:03:42,885 [INFO] Época 20/30, Batch 850/3348, Loss: 0.0826
2025-10-10 07:03:43,125 [INFO] Época 20/30, Batch 900/3348, Loss: 0.0681
2025-10-10 07:03:43,364 [INFO] Época 20/30, Batch 950/3348, Loss: 0.0618
2025-10-10 07:03:43,603 [INFO] Época 20/30, Batch 1000/3348, Loss: 0.0757
2025-10-10 07:03:43,857 [INFO] Época 20/30, Batch 1050/3348, Loss: 0.0781
2025-10-10 07:03:44,104 [INFO] Época 20/30, Batch 1100/3348, Loss: 0.0818
2025-10-10 07:03:44,351 [INFO] Época 20/30, Batch 1150/3348, Loss: 0.0542
2025-10-10 07:03:44,600 [INFO] Época 20/30, Batch 1200/3348, Loss: 0.0938
2025-10-10 07:03:44,845 [INFO] Época 20/30, Batch 1250/3348, Loss: 0.0716
2025-10-10 07:03:45,092 [INFO] Época 20/30, Batch 1300/3348, Loss: 0.0538
2025-10-10 07:03:45,338 [INFO] Época 20/30, Batch 1350/3348, Loss: 0.0873
2025-10-10 07:03:45,583 [INFO] Época 20/30, Batch 1400/3348, Loss: 0.1400
2025-10-10 07:03:45,830 [INFO] Época 20/30, Batch 1450/3348, Loss: 0.0573
2025-10-10 07:03:46,080 [INFO] Época 20/30, Batch 1500/3348, Loss: 0.0465
2025-10-10 07:03:46,327 [INFO] Época 20/30, Batch 1550/3348, Loss: 0.0828
2025-10-10 07:03:46,571 [INFO] Época 20/30, Batch 1600/3348, Loss: 0.1163
2025-10-10 07:03:46,816 [INFO] Época 20/30, Batch 1650/3348, Loss: 0.0567
2025-10-10 07:03:47,062 [INFO] Época 20/30, Batch 1700/3348, Loss: 0.0734
2025-10-10 07:03:47,310 [INFO] Época 20/30, Batch 1750/3348, Loss: 0.1892
2025-10-10 07:03:47,556 [INFO] Época 20/30, Batch 1800/3348, Loss: 0.0783
2025-10-10 07:03:47,809 [INFO] Época 20/30, Batch 1850/3348, Loss: 0.0929
2025-10-10 07:03:48,061 [INFO] Época 20/30, Batch 1900/3348, Loss: 0.0465
2025-10-10 07:03:48,309 [INFO] Época 20/30, Batch 1950/3348, Loss: 0.1301
2025-10-10 07:03:48,556 [INFO] Época 20/30, Batch 2000/3348, Loss: 0.1085
2025-10-10 07:03:48,803 [INFO] Época 20/30, Batch 2050/3348, Loss: 0.0687
2025-10-10 07:03:49,053 [INFO] Época 20/30, Batch 2100/3348, Loss: 0.0430
2025-10-10 07:03:49,304 [INFO] Época 20/30, Batch 2150/3348, Loss: 0.0682
2025-10-10 07:03:49,554 [INFO] Época 20/30, Batch 2200/3348, Loss: 0.0581
2025-10-10 07:03:49,802 [INFO] Época 20/30, Batch 2250/3348, Loss: 0.1081
2025-10-10 07:03:50,048 [INFO] Época 20/30, Batch 2300/3348, Loss: 0.0759
2025-10-10 07:03:50,293 [INFO] Época 20/30, Batch 2350/3348, Loss: 0.0708
2025-10-10 07:03:50,538 [INFO] Época 20/30, Batch 2400/3348, Loss: 0.0732
2025-10-10 07:03:50,785 [INFO] Época 20/30, Batch 2450/3348, Loss: 0.0814
2025-10-10 07:03:51,035 [INFO] Época 20/30, Batch 2500/3348, Loss: 0.0647
2025-10-10 07:03:51,283 [INFO] Época 20/30, Batch 2550/3348, Loss: 0.0811
2025-10-10 07:03:51,530 [INFO] Época 20/30, Batch 2600/3348, Loss: 0.0565
2025-10-10 07:03:51,777 [INFO] Época 20/30, Batch 2650/3348, Loss: 0.0922
2025-10-10 07:03:52,026 [INFO] Época 20/30, Batch 2700/3348, Loss: 0.0626
2025-10-10 07:03:52,272 [INFO] Época 20/30, Batch 2750/3348, Loss: 0.0676
2025-10-10 07:03:52,520 [INFO] Época 20/30, Batch 2800/3348, Loss: 0.0608
2025-10-10 07:03:52,767 [INFO] Época 20/30, Batch 2850/3348, Loss: 0.0686
2025-10-10 07:03:53,019 [INFO] Época 20/30, Batch 2900/3348, Loss: 0.1015
2025-10-10 07:03:53,269 [INFO] Época 20/30, Batch 2950/3348, Loss: 0.1620
2025-10-10 07:03:53,521 [INFO] Época 20/30, Batch 3000/3348, Loss: 0.0847
2025-10-10 07:03:53,772 [INFO] Época 20/30, Batch 3050/3348, Loss: 0.0677
2025-10-10 07:03:54,021 [INFO] Época 20/30, Batch 3100/3348, Loss: 0.0644
2025-10-10 07:03:54,272 [INFO] Época 20/30, Batch 3150/3348, Loss: 0.0562
2025-10-10 07:03:54,520 [INFO] Época 20/30, Batch 3200/3348, Loss: 0.0780
2025-10-10 07:03:54,766 [INFO] Época 20/30, Batch 3250/3348, Loss: 0.0923
2025-10-10 07:03:55,009 [INFO] Época 20/30, Batch 3300/3348, Loss: 0.1172
2025-10-10 07:03:56,766 [INFO] [20/30] Train Loss: 0.0758 | Val Loss: 0.0510 | Tempo: 18.38s
2025-10-10 07:03:57,325 [INFO] Época 21/30, Batch 50/3348, Loss: 0.0780
2025-10-10 07:03:57,592 [INFO] Época 21/30, Batch 100/3348, Loss: 0.1043
2025-10-10 07:03:57,851 [INFO] Época 21/30, Batch 150/3348, Loss: 0.0761
2025-10-10 07:03:58,110 [INFO] Época 21/30, Batch 200/3348, Loss: 0.1061
2025-10-10 07:03:58,373 [INFO] Época 21/30, Batch 250/3348, Loss: 0.0988
2025-10-10 07:03:58,633 [INFO] Época 21/30, Batch 300/3348, Loss: 0.0604
2025-10-10 07:03:58,895 [INFO] Época 21/30, Batch 350/3348, Loss: 0.1406
2025-10-10 07:03:59,157 [INFO] Época 21/30, Batch 400/3348, Loss: 0.0811
2025-10-10 07:03:59,430 [INFO] Época 21/30, Batch 450/3348, Loss: 0.0948
2025-10-10 07:03:59,690 [INFO] Época 21/30, Batch 500/3348, Loss: 0.0717
2025-10-10 07:03:59,950 [INFO] Época 21/30, Batch 550/3348, Loss: 0.0549
2025-10-10 07:04:00,212 [INFO] Época 21/30, Batch 600/3348, Loss: 0.0651
2025-10-10 07:04:00,472 [INFO] Época 21/30, Batch 650/3348, Loss: 0.0553
2025-10-10 07:04:00,732 [INFO] Época 21/30, Batch 700/3348, Loss: 0.0644
2025-10-10 07:04:00,993 [INFO] Época 21/30, Batch 750/3348, Loss: 0.0981
2025-10-10 07:04:01,255 [INFO] Época 21/30, Batch 800/3348, Loss: 0.0831
2025-10-10 07:04:01,516 [INFO] Época 21/30, Batch 850/3348, Loss: 0.0461
2025-10-10 07:04:01,777 [INFO] Época 21/30, Batch 900/3348, Loss: 0.0889
2025-10-10 07:04:02,035 [INFO] Época 21/30, Batch 950/3348, Loss: 0.0582
2025-10-10 07:04:02,294 [INFO] Época 21/30, Batch 1000/3348, Loss: 0.0831
2025-10-10 07:04:02,552 [INFO] Época 21/30, Batch 1050/3348, Loss: 0.0586
2025-10-10 07:04:02,810 [INFO] Época 21/30, Batch 1100/3348, Loss: 0.0753
2025-10-10 07:04:03,069 [INFO] Época 21/30, Batch 1150/3348, Loss: 0.0604
2025-10-10 07:04:03,327 [INFO] Época 21/30, Batch 1200/3348, Loss: 0.0918
2025-10-10 07:04:03,584 [INFO] Época 21/30, Batch 1250/3348, Loss: 0.0848
2025-10-10 07:04:03,841 [INFO] Época 21/30, Batch 1300/3348, Loss: 0.1191
2025-10-10 07:04:04,098 [INFO] Época 21/30, Batch 1350/3348, Loss: 0.0697
2025-10-10 07:04:04,355 [INFO] Época 21/30, Batch 1400/3348, Loss: 0.0523
2025-10-10 07:04:04,623 [INFO] Época 21/30, Batch 1450/3348, Loss: 0.0894
2025-10-10 07:04:04,889 [INFO] Época 21/30, Batch 1500/3348, Loss: 0.0537
2025-10-10 07:04:05,154 [INFO] Época 21/30, Batch 1550/3348, Loss: 0.0396
2025-10-10 07:04:05,417 [INFO] Época 21/30, Batch 1600/3348, Loss: 0.0870
2025-10-10 07:04:05,681 [INFO] Época 21/30, Batch 1650/3348, Loss: 0.0732
2025-10-10 07:04:05,944 [INFO] Época 21/30, Batch 1700/3348, Loss: 0.0533
2025-10-10 07:04:06,206 [INFO] Época 21/30, Batch 1750/3348, Loss: 0.1183
2025-10-10 07:04:06,468 [INFO] Época 21/30, Batch 1800/3348, Loss: 0.0736
2025-10-10 07:04:06,728 [INFO] Época 21/30, Batch 1850/3348, Loss: 0.0678
2025-10-10 07:04:06,985 [INFO] Época 21/30, Batch 1900/3348, Loss: 0.0591
2025-10-10 07:04:07,244 [INFO] Época 21/30, Batch 1950/3348, Loss: 0.0550
2025-10-10 07:04:07,503 [INFO] Época 21/30, Batch 2000/3348, Loss: 0.1600
2025-10-10 07:04:07,762 [INFO] Época 21/30, Batch 2050/3348, Loss: 0.0820
2025-10-10 07:04:08,021 [INFO] Época 21/30, Batch 2100/3348, Loss: 0.0536
2025-10-10 07:04:08,280 [INFO] Época 21/30, Batch 2150/3348, Loss: 0.0881
2025-10-10 07:04:08,538 [INFO] Época 21/30, Batch 2200/3348, Loss: 0.0804
2025-10-10 07:04:08,796 [INFO] Época 21/30, Batch 2250/3348, Loss: 0.0403
2025-10-10 07:04:09,056 [INFO] Época 21/30, Batch 2300/3348, Loss: 0.0400
2025-10-10 07:04:09,315 [INFO] Época 21/30, Batch 2350/3348, Loss: 0.0773
2025-10-10 07:04:09,575 [INFO] Época 21/30, Batch 2400/3348, Loss: 0.0597
2025-10-10 07:04:09,836 [INFO] Época 21/30, Batch 2450/3348, Loss: 0.1124
2025-10-10 07:04:10,097 [INFO] Época 21/30, Batch 2500/3348, Loss: 0.0755
2025-10-10 07:04:10,358 [INFO] Época 21/30, Batch 2550/3348, Loss: 0.1470
2025-10-10 07:04:10,626 [INFO] Época 21/30, Batch 2600/3348, Loss: 0.0750
2025-10-10 07:04:10,886 [INFO] Época 21/30, Batch 2650/3348, Loss: 0.0420
2025-10-10 07:04:11,145 [INFO] Época 21/30, Batch 2700/3348, Loss: 0.0629
2025-10-10 07:04:11,403 [INFO] Época 21/30, Batch 2750/3348, Loss: 0.0680
2025-10-10 07:04:11,662 [INFO] Época 21/30, Batch 2800/3348, Loss: 0.0417
2025-10-10 07:04:11,917 [INFO] Época 21/30, Batch 2850/3348, Loss: 0.0842
2025-10-10 07:04:12,176 [INFO] Época 21/30, Batch 2900/3348, Loss: 0.0705
2025-10-10 07:04:12,438 [INFO] Época 21/30, Batch 2950/3348, Loss: 0.0697
2025-10-10 07:04:12,700 [INFO] Época 21/30, Batch 3000/3348, Loss: 0.0781
2025-10-10 07:04:12,962 [INFO] Época 21/30, Batch 3050/3348, Loss: 0.1113
2025-10-10 07:04:13,223 [INFO] Época 21/30, Batch 3100/3348, Loss: 0.0800
2025-10-10 07:04:13,481 [INFO] Época 21/30, Batch 3150/3348, Loss: 0.0865
2025-10-10 07:04:13,739 [INFO] Época 21/30, Batch 3200/3348, Loss: 0.0602
2025-10-10 07:04:13,997 [INFO] Época 21/30, Batch 3250/3348, Loss: 0.0870
2025-10-10 07:04:14,257 [INFO] Época 21/30, Batch 3300/3348, Loss: 0.0925
2025-10-10 07:04:15,963 [INFO] [21/30] Train Loss: 0.0749 | Val Loss: 0.0467 | Tempo: 19.20s
2025-10-10 07:04:15,967 [INFO] Melhor modelo salvo em: /mnt/hdd/home/jdurao/ToolBox-ChemXAI/models/mlp_qm9_Physicochemical_att10_large.pth
2025-10-10 07:04:16,522 [INFO] Época 22/30, Batch 50/3348, Loss: 0.0886
2025-10-10 07:04:16,787 [INFO] Época 22/30, Batch 100/3348, Loss: 0.0994
2025-10-10 07:04:17,051 [INFO] Época 22/30, Batch 150/3348, Loss: 0.0504
2025-10-10 07:04:17,312 [INFO] Época 22/30, Batch 200/3348, Loss: 0.1133
2025-10-10 07:04:17,575 [INFO] Época 22/30, Batch 250/3348, Loss: 0.1652
2025-10-10 07:04:17,832 [INFO] Época 22/30, Batch 300/3348, Loss: 0.0705
2025-10-10 07:04:18,091 [INFO] Época 22/30, Batch 350/3348, Loss: 0.0996
2025-10-10 07:04:18,348 [INFO] Época 22/30, Batch 400/3348, Loss: 0.0652
2025-10-10 07:04:18,606 [INFO] Época 22/30, Batch 450/3348, Loss: 0.1908
2025-10-10 07:04:18,864 [INFO] Época 22/30, Batch 500/3348, Loss: 0.0468
2025-10-10 07:04:19,123 [INFO] Época 22/30, Batch 550/3348, Loss: 0.0906
2025-10-10 07:04:19,380 [INFO] Época 22/30, Batch 600/3348, Loss: 0.0753
2025-10-10 07:04:19,638 [INFO] Época 22/30, Batch 650/3348, Loss: 0.0976
2025-10-10 07:04:19,894 [INFO] Época 22/30, Batch 700/3348, Loss: 0.0534
2025-10-10 07:04:20,151 [INFO] Época 22/30, Batch 750/3348, Loss: 0.0362
2025-10-10 07:04:20,406 [INFO] Época 22/30, Batch 800/3348, Loss: 0.0654
2025-10-10 07:04:20,657 [INFO] Época 22/30, Batch 850/3348, Loss: 0.0675
2025-10-10 07:04:20,909 [INFO] Época 22/30, Batch 900/3348, Loss: 0.1689
2025-10-10 07:04:21,157 [INFO] Época 22/30, Batch 950/3348, Loss: 0.0644
2025-10-10 07:04:21,407 [INFO] Época 22/30, Batch 1000/3348, Loss: 0.0964
2025-10-10 07:04:21,656 [INFO] Época 22/30, Batch 1050/3348, Loss: 0.0584
2025-10-10 07:04:21,903 [INFO] Época 22/30, Batch 1100/3348, Loss: 0.0372
2025-10-10 07:04:22,150 [INFO] Época 22/30, Batch 1150/3348, Loss: 0.0545
2025-10-10 07:04:22,405 [INFO] Época 22/30, Batch 1200/3348, Loss: 0.0681
2025-10-10 07:04:22,662 [INFO] Época 22/30, Batch 1250/3348, Loss: 0.0940
2025-10-10 07:04:22,921 [INFO] Época 22/30, Batch 1300/3348, Loss: 0.1496
2025-10-10 07:04:23,178 [INFO] Época 22/30, Batch 1350/3348, Loss: 0.0722
2025-10-10 07:04:23,435 [INFO] Época 22/30, Batch 1400/3348, Loss: 0.0879
2025-10-10 07:04:23,693 [INFO] Época 22/30, Batch 1450/3348, Loss: 0.0697
2025-10-10 07:04:23,950 [INFO] Época 22/30, Batch 1500/3348, Loss: 0.0843
2025-10-10 07:04:24,209 [INFO] Época 22/30, Batch 1550/3348, Loss: 0.0718
2025-10-10 07:04:24,467 [INFO] Época 22/30, Batch 1600/3348, Loss: 0.1096
2025-10-10 07:04:24,725 [INFO] Época 22/30, Batch 1650/3348, Loss: 0.0859
2025-10-10 07:04:24,984 [INFO] Época 22/30, Batch 1700/3348, Loss: 0.0669
2025-10-10 07:04:25,244 [INFO] Época 22/30, Batch 1750/3348, Loss: 0.0665
2025-10-10 07:04:25,504 [INFO] Época 22/30, Batch 1800/3348, Loss: 0.1068
2025-10-10 07:04:25,765 [INFO] Época 22/30, Batch 1850/3348, Loss: 0.0484
2025-10-10 07:04:26,023 [INFO] Época 22/30, Batch 1900/3348, Loss: 0.0496
2025-10-10 07:04:26,286 [INFO] Época 22/30, Batch 1950/3348, Loss: 0.0541
2025-10-10 07:04:26,548 [INFO] Época 22/30, Batch 2000/3348, Loss: 0.0749
2025-10-10 07:04:26,809 [INFO] Época 22/30, Batch 2050/3348, Loss: 0.0740
2025-10-10 07:04:27,069 [INFO] Época 22/30, Batch 2100/3348, Loss: 0.0924
2025-10-10 07:04:27,330 [INFO] Época 22/30, Batch 2150/3348, Loss: 0.0635
2025-10-10 07:04:27,589 [INFO] Época 22/30, Batch 2200/3348, Loss: 0.0509
2025-10-10 07:04:27,849 [INFO] Época 22/30, Batch 2250/3348, Loss: 0.0355
2025-10-10 07:04:28,111 [INFO] Época 22/30, Batch 2300/3348, Loss: 0.0583
2025-10-10 07:04:28,371 [INFO] Época 22/30, Batch 2350/3348, Loss: 0.1163
2025-10-10 07:04:28,632 [INFO] Época 22/30, Batch 2400/3348, Loss: 0.0785
2025-10-10 07:04:28,892 [INFO] Época 22/30, Batch 2450/3348, Loss: 0.0609
2025-10-10 07:04:29,153 [INFO] Época 22/30, Batch 2500/3348, Loss: 0.0559
2025-10-10 07:04:29,415 [INFO] Época 22/30, Batch 2550/3348, Loss: 0.0692
2025-10-10 07:04:29,676 [INFO] Época 22/30, Batch 2600/3348, Loss: 0.0991
2025-10-10 07:04:29,939 [INFO] Época 22/30, Batch 2650/3348, Loss: 0.0545
2025-10-10 07:04:30,199 [INFO] Época 22/30, Batch 2700/3348, Loss: 0.0631
2025-10-10 07:04:30,459 [INFO] Época 22/30, Batch 2750/3348, Loss: 0.0588
2025-10-10 07:04:30,718 [INFO] Época 22/30, Batch 2800/3348, Loss: 0.0600
2025-10-10 07:04:30,980 [INFO] Época 22/30, Batch 2850/3348, Loss: 0.0955
2025-10-10 07:04:31,239 [INFO] Época 22/30, Batch 2900/3348, Loss: 0.0500
2025-10-10 07:04:31,497 [INFO] Época 22/30, Batch 2950/3348, Loss: 0.0512
2025-10-10 07:04:31,759 [INFO] Época 22/30, Batch 3000/3348, Loss: 0.0828
2025-10-10 07:04:32,017 [INFO] Época 22/30, Batch 3050/3348, Loss: 0.0826
2025-10-10 07:04:32,282 [INFO] Época 22/30, Batch 3100/3348, Loss: 0.0603
2025-10-10 07:04:32,547 [INFO] Época 22/30, Batch 3150/3348, Loss: 0.0685
2025-10-10 07:04:32,807 [INFO] Época 22/30, Batch 3200/3348, Loss: 0.0623
2025-10-10 07:04:33,068 [INFO] Época 22/30, Batch 3250/3348, Loss: 0.0784
2025-10-10 07:04:33,330 [INFO] Época 22/30, Batch 3300/3348, Loss: 0.0497
2025-10-10 07:04:35,134 [INFO] [22/30] Train Loss: 0.0742 | Val Loss: 0.0452 | Tempo: 19.17s
2025-10-10 07:04:35,138 [INFO] Melhor modelo salvo em: /mnt/hdd/home/jdurao/ToolBox-ChemXAI/models/mlp_qm9_Physicochemical_att10_large.pth
2025-10-10 07:04:35,688 [INFO] Época 23/30, Batch 50/3348, Loss: 0.0412
2025-10-10 07:04:35,950 [INFO] Época 23/30, Batch 100/3348, Loss: 0.0636
2025-10-10 07:04:36,207 [INFO] Época 23/30, Batch 150/3348, Loss: 0.0312
2025-10-10 07:04:36,463 [INFO] Época 23/30, Batch 200/3348, Loss: 0.0599
2025-10-10 07:04:36,717 [INFO] Época 23/30, Batch 250/3348, Loss: 0.0692
2025-10-10 07:04:36,985 [INFO] Época 23/30, Batch 300/3348, Loss: 0.0646
2025-10-10 07:04:37,240 [INFO] Época 23/30, Batch 350/3348, Loss: 0.0652
2025-10-10 07:04:37,495 [INFO] Época 23/30, Batch 400/3348, Loss: 0.0616
2025-10-10 07:04:37,749 [INFO] Época 23/30, Batch 450/3348, Loss: 0.0685
2025-10-10 07:04:38,004 [INFO] Época 23/30, Batch 500/3348, Loss: 0.1165
2025-10-10 07:04:38,258 [INFO] Época 23/30, Batch 550/3348, Loss: 0.0574
2025-10-10 07:04:38,512 [INFO] Época 23/30, Batch 600/3348, Loss: 0.0649
2025-10-10 07:04:38,768 [INFO] Época 23/30, Batch 650/3348, Loss: 0.0422
2025-10-10 07:04:39,021 [INFO] Época 23/30, Batch 700/3348, Loss: 0.0672
2025-10-10 07:04:39,276 [INFO] Época 23/30, Batch 750/3348, Loss: 0.0438
2025-10-10 07:04:39,529 [INFO] Época 23/30, Batch 800/3348, Loss: 0.0428
2025-10-10 07:04:39,784 [INFO] Época 23/30, Batch 850/3348, Loss: 0.0462
2025-10-10 07:04:40,038 [INFO] Época 23/30, Batch 900/3348, Loss: 0.0909
2025-10-10 07:04:40,292 [INFO] Época 23/30, Batch 950/3348, Loss: 0.0881
2025-10-10 07:04:40,557 [INFO] Época 23/30, Batch 1000/3348, Loss: 0.0703
2025-10-10 07:04:40,805 [INFO] Época 23/30, Batch 1050/3348, Loss: 0.0769
2025-10-10 07:04:41,054 [INFO] Época 23/30, Batch 1100/3348, Loss: 0.1023
2025-10-10 07:04:41,304 [INFO] Época 23/30, Batch 1150/3348, Loss: 0.1084
2025-10-10 07:04:41,558 [INFO] Época 23/30, Batch 1200/3348, Loss: 0.0453
2025-10-10 07:04:41,815 [INFO] Época 23/30, Batch 1250/3348, Loss: 0.0613
2025-10-10 07:04:42,070 [INFO] Época 23/30, Batch 1300/3348, Loss: 0.0952
2025-10-10 07:04:42,325 [INFO] Época 23/30, Batch 1350/3348, Loss: 0.1003
2025-10-10 07:04:42,581 [INFO] Época 23/30, Batch 1400/3348, Loss: 0.0740
2025-10-10 07:04:42,835 [INFO] Época 23/30, Batch 1450/3348, Loss: 0.0501
2025-10-10 07:04:43,092 [INFO] Época 23/30, Batch 1500/3348, Loss: 0.0708
2025-10-10 07:04:43,347 [INFO] Época 23/30, Batch 1550/3348, Loss: 0.0775
2025-10-10 07:04:43,604 [INFO] Época 23/30, Batch 1600/3348, Loss: 0.0373
2025-10-10 07:04:43,858 [INFO] Época 23/30, Batch 1650/3348, Loss: 0.0559
2025-10-10 07:04:44,112 [INFO] Época 23/30, Batch 1700/3348, Loss: 0.0947
2025-10-10 07:04:44,366 [INFO] Época 23/30, Batch 1750/3348, Loss: 0.0644
2025-10-10 07:04:44,621 [INFO] Época 23/30, Batch 1800/3348, Loss: 0.0575
2025-10-10 07:04:44,877 [INFO] Época 23/30, Batch 1850/3348, Loss: 0.0615
2025-10-10 07:04:45,133 [INFO] Época 23/30, Batch 1900/3348, Loss: 0.0694
2025-10-10 07:04:45,388 [INFO] Época 23/30, Batch 1950/3348, Loss: 0.0879
2025-10-10 07:04:45,644 [INFO] Época 23/30, Batch 2000/3348, Loss: 0.0623
2025-10-10 07:04:45,900 [INFO] Época 23/30, Batch 2050/3348, Loss: 0.0342
2025-10-10 07:04:46,156 [INFO] Época 23/30, Batch 2100/3348, Loss: 0.0748
2025-10-10 07:04:46,409 [INFO] Época 23/30, Batch 2150/3348, Loss: 0.0527
2025-10-10 07:04:46,663 [INFO] Época 23/30, Batch 2200/3348, Loss: 0.0609
2025-10-10 07:04:46,919 [INFO] Época 23/30, Batch 2250/3348, Loss: 0.1204
2025-10-10 07:04:47,173 [INFO] Época 23/30, Batch 2300/3348, Loss: 0.0670
2025-10-10 07:04:47,432 [INFO] Época 23/30, Batch 2350/3348, Loss: 0.0469
2025-10-10 07:04:47,685 [INFO] Época 23/30, Batch 2400/3348, Loss: 0.0362
2025-10-10 07:04:47,938 [INFO] Época 23/30, Batch 2450/3348, Loss: 0.0858
2025-10-10 07:04:48,194 [INFO] Época 23/30, Batch 2500/3348, Loss: 0.0488
2025-10-10 07:04:48,447 [INFO] Época 23/30, Batch 2550/3348, Loss: 0.0771
2025-10-10 07:04:48,705 [INFO] Época 23/30, Batch 2600/3348, Loss: 0.1020
2025-10-10 07:04:48,960 [INFO] Época 23/30, Batch 2650/3348, Loss: 0.0827
2025-10-10 07:04:49,214 [INFO] Época 23/30, Batch 2700/3348, Loss: 0.0639
2025-10-10 07:04:49,467 [INFO] Época 23/30, Batch 2750/3348, Loss: 0.0462
2025-10-10 07:04:49,722 [INFO] Época 23/30, Batch 2800/3348, Loss: 0.0830
2025-10-10 07:04:49,977 [INFO] Época 23/30, Batch 2850/3348, Loss: 0.0799
2025-10-10 07:04:50,232 [INFO] Época 23/30, Batch 2900/3348, Loss: 0.0853
2025-10-10 07:04:50,486 [INFO] Época 23/30, Batch 2950/3348, Loss: 0.0499
2025-10-10 07:04:50,740 [INFO] Época 23/30, Batch 3000/3348, Loss: 0.0718
2025-10-10 07:04:50,996 [INFO] Época 23/30, Batch 3050/3348, Loss: 0.0905
2025-10-10 07:04:51,254 [INFO] Época 23/30, Batch 3100/3348, Loss: 0.0351
2025-10-10 07:04:51,509 [INFO] Época 23/30, Batch 3150/3348, Loss: 0.0787
2025-10-10 07:04:51,765 [INFO] Época 23/30, Batch 3200/3348, Loss: 0.0494
2025-10-10 07:04:52,019 [INFO] Época 23/30, Batch 3250/3348, Loss: 0.0628
2025-10-10 07:04:52,282 [INFO] Época 23/30, Batch 3300/3348, Loss: 0.0383
2025-10-10 07:04:54,107 [INFO] [23/30] Train Loss: 0.0732 | Val Loss: 0.0460 | Tempo: 18.97s
2025-10-10 07:04:54,665 [INFO] Época 24/30, Batch 50/3348, Loss: 0.0657
2025-10-10 07:04:54,929 [INFO] Época 24/30, Batch 100/3348, Loss: 0.0358
2025-10-10 07:04:55,189 [INFO] Época 24/30, Batch 150/3348, Loss: 0.0841
2025-10-10 07:04:55,447 [INFO] Época 24/30, Batch 200/3348, Loss: 0.0714
2025-10-10 07:04:55,705 [INFO] Época 24/30, Batch 250/3348, Loss: 0.0821
2025-10-10 07:04:55,962 [INFO] Época 24/30, Batch 300/3348, Loss: 0.0891
2025-10-10 07:04:56,220 [INFO] Época 24/30, Batch 350/3348, Loss: 0.0823
2025-10-10 07:04:56,478 [INFO] Época 24/30, Batch 400/3348, Loss: 0.0802
2025-10-10 07:04:56,735 [INFO] Época 24/30, Batch 450/3348, Loss: 0.0532
2025-10-10 07:04:56,992 [INFO] Época 24/30, Batch 500/3348, Loss: 0.0903
2025-10-10 07:04:57,249 [INFO] Época 24/30, Batch 550/3348, Loss: 0.0707
2025-10-10 07:04:57,511 [INFO] Época 24/30, Batch 600/3348, Loss: 0.2510
2025-10-10 07:04:57,772 [INFO] Época 24/30, Batch 650/3348, Loss: 0.0651
2025-10-10 07:04:58,031 [INFO] Época 24/30, Batch 700/3348, Loss: 0.0815
2025-10-10 07:04:58,291 [INFO] Época 24/30, Batch 750/3348, Loss: 0.0622
2025-10-10 07:04:58,544 [INFO] Época 24/30, Batch 800/3348, Loss: 0.1053
2025-10-10 07:04:58,794 [INFO] Época 24/30, Batch 850/3348, Loss: 0.0727
2025-10-10 07:04:59,041 [INFO] Época 24/30, Batch 900/3348, Loss: 0.0630
2025-10-10 07:04:59,289 [INFO] Época 24/30, Batch 950/3348, Loss: 0.0785
2025-10-10 07:04:59,538 [INFO] Época 24/30, Batch 1000/3348, Loss: 0.0876
2025-10-10 07:04:59,786 [INFO] Época 24/30, Batch 1050/3348, Loss: 0.1204
2025-10-10 07:05:00,035 [INFO] Época 24/30, Batch 1100/3348, Loss: 0.1119
2025-10-10 07:05:00,282 [INFO] Época 24/30, Batch 1150/3348, Loss: 0.0613
2025-10-10 07:05:00,538 [INFO] Época 24/30, Batch 1200/3348, Loss: 0.1095
2025-10-10 07:05:00,794 [INFO] Época 24/30, Batch 1250/3348, Loss: 0.0968
2025-10-10 07:05:01,050 [INFO] Época 24/30, Batch 1300/3348, Loss: 0.0603
2025-10-10 07:05:01,309 [INFO] Época 24/30, Batch 1350/3348, Loss: 0.0766
2025-10-10 07:05:01,565 [INFO] Época 24/30, Batch 1400/3348, Loss: 0.0486
2025-10-10 07:05:01,824 [INFO] Época 24/30, Batch 1450/3348, Loss: 0.0509
2025-10-10 07:05:02,081 [INFO] Época 24/30, Batch 1500/3348, Loss: 0.0371
2025-10-10 07:05:02,336 [INFO] Época 24/30, Batch 1550/3348, Loss: 0.0462
2025-10-10 07:05:02,605 [INFO] Época 24/30, Batch 1600/3348, Loss: 0.0641
2025-10-10 07:05:02,862 [INFO] Época 24/30, Batch 1650/3348, Loss: 0.0666
2025-10-10 07:05:03,118 [INFO] Época 24/30, Batch 1700/3348, Loss: 0.0803
2025-10-10 07:05:03,374 [INFO] Época 24/30, Batch 1750/3348, Loss: 0.0540
2025-10-10 07:05:03,631 [INFO] Época 24/30, Batch 1800/3348, Loss: 0.0535
2025-10-10 07:05:03,888 [INFO] Época 24/30, Batch 1850/3348, Loss: 0.1088
2025-10-10 07:05:04,147 [INFO] Época 24/30, Batch 1900/3348, Loss: 0.0373
2025-10-10 07:05:04,407 [INFO] Época 24/30, Batch 1950/3348, Loss: 0.0513
2025-10-10 07:05:04,665 [INFO] Época 24/30, Batch 2000/3348, Loss: 0.0585
2025-10-10 07:05:04,924 [INFO] Época 24/30, Batch 2050/3348, Loss: 0.0935
2025-10-10 07:05:05,186 [INFO] Época 24/30, Batch 2100/3348, Loss: 0.0532
2025-10-10 07:05:05,445 [INFO] Época 24/30, Batch 2150/3348, Loss: 0.1757
2025-10-10 07:05:05,704 [INFO] Época 24/30, Batch 2200/3348, Loss: 0.0700
2025-10-10 07:05:05,960 [INFO] Época 24/30, Batch 2250/3348, Loss: 0.1096
2025-10-10 07:05:06,215 [INFO] Época 24/30, Batch 2300/3348, Loss: 0.0586
2025-10-10 07:05:06,471 [INFO] Época 24/30, Batch 2350/3348, Loss: 0.0409
2025-10-10 07:05:06,729 [INFO] Época 24/30, Batch 2400/3348, Loss: 0.0696
2025-10-10 07:05:06,986 [INFO] Época 24/30, Batch 2450/3348, Loss: 0.0749
2025-10-10 07:05:07,245 [INFO] Época 24/30, Batch 2500/3348, Loss: 0.0576
2025-10-10 07:05:07,502 [INFO] Época 24/30, Batch 2550/3348, Loss: 0.0581
2025-10-10 07:05:07,763 [INFO] Época 24/30, Batch 2600/3348, Loss: 0.0650
2025-10-10 07:05:08,023 [INFO] Época 24/30, Batch 2650/3348, Loss: 0.0776
2025-10-10 07:05:08,282 [INFO] Época 24/30, Batch 2700/3348, Loss: 0.0711
2025-10-10 07:05:08,541 [INFO] Época 24/30, Batch 2750/3348, Loss: 0.0735
2025-10-10 07:05:08,799 [INFO] Época 24/30, Batch 2800/3348, Loss: 0.0888
2025-10-10 07:05:09,055 [INFO] Época 24/30, Batch 2850/3348, Loss: 0.0694
2025-10-10 07:05:09,315 [INFO] Época 24/30, Batch 2900/3348, Loss: 0.0809
2025-10-10 07:05:09,575 [INFO] Época 24/30, Batch 2950/3348, Loss: 0.0489
2025-10-10 07:05:09,838 [INFO] Época 24/30, Batch 3000/3348, Loss: 0.0589
2025-10-10 07:05:10,101 [INFO] Época 24/30, Batch 3050/3348, Loss: 0.1158
2025-10-10 07:05:10,361 [INFO] Época 24/30, Batch 3100/3348, Loss: 0.1009
2025-10-10 07:05:10,621 [INFO] Época 24/30, Batch 3150/3348, Loss: 0.0996
2025-10-10 07:05:10,880 [INFO] Época 24/30, Batch 3200/3348, Loss: 0.0569
2025-10-10 07:05:11,138 [INFO] Época 24/30, Batch 3250/3348, Loss: 0.0798
2025-10-10 07:05:11,396 [INFO] Época 24/30, Batch 3300/3348, Loss: 0.0814
2025-10-10 07:05:13,070 [INFO] [24/30] Train Loss: 0.0724 | Val Loss: 0.0471 | Tempo: 18.96s
2025-10-10 07:05:13,622 [INFO] Época 25/30, Batch 50/3348, Loss: 0.0770
2025-10-10 07:05:13,883 [INFO] Época 25/30, Batch 100/3348, Loss: 0.0488
2025-10-10 07:05:14,140 [INFO] Época 25/30, Batch 150/3348, Loss: 0.0908
2025-10-10 07:05:14,396 [INFO] Época 25/30, Batch 200/3348, Loss: 0.0867
2025-10-10 07:05:14,652 [INFO] Época 25/30, Batch 250/3348, Loss: 0.1013
2025-10-10 07:05:14,907 [INFO] Época 25/30, Batch 300/3348, Loss: 0.0442
2025-10-10 07:05:15,163 [INFO] Época 25/30, Batch 350/3348, Loss: 0.0571
2025-10-10 07:05:15,419 [INFO] Época 25/30, Batch 400/3348, Loss: 0.0689
2025-10-10 07:05:15,675 [INFO] Época 25/30, Batch 450/3348, Loss: 0.0543
2025-10-10 07:05:15,931 [INFO] Época 25/30, Batch 500/3348, Loss: 0.1031
2025-10-10 07:05:16,187 [INFO] Época 25/30, Batch 550/3348, Loss: 0.1010
2025-10-10 07:05:16,445 [INFO] Época 25/30, Batch 600/3348, Loss: 0.1155
2025-10-10 07:05:16,704 [INFO] Época 25/30, Batch 650/3348, Loss: 0.0669
2025-10-10 07:05:16,960 [INFO] Época 25/30, Batch 700/3348, Loss: 0.0935
2025-10-10 07:05:17,217 [INFO] Época 25/30, Batch 750/3348, Loss: 0.0802
2025-10-10 07:05:17,473 [INFO] Época 25/30, Batch 800/3348, Loss: 0.0843
2025-10-10 07:05:17,730 [INFO] Época 25/30, Batch 850/3348, Loss: 0.0845
2025-10-10 07:05:17,985 [INFO] Época 25/30, Batch 900/3348, Loss: 0.0708
2025-10-10 07:05:18,240 [INFO] Época 25/30, Batch 950/3348, Loss: 0.0584
2025-10-10 07:05:18,505 [INFO] Época 25/30, Batch 1000/3348, Loss: 0.0835
2025-10-10 07:05:18,760 [INFO] Época 25/30, Batch 1050/3348, Loss: 0.0620
2025-10-10 07:05:19,015 [INFO] Época 25/30, Batch 1100/3348, Loss: 0.0813
2025-10-10 07:05:19,272 [INFO] Época 25/30, Batch 1150/3348, Loss: 0.0526
2025-10-10 07:05:19,527 [INFO] Época 25/30, Batch 1200/3348, Loss: 0.0740
2025-10-10 07:05:19,781 [INFO] Época 25/30, Batch 1250/3348, Loss: 0.0790
2025-10-10 07:05:20,036 [INFO] Época 25/30, Batch 1300/3348, Loss: 0.0732
2025-10-10 07:05:20,290 [INFO] Época 25/30, Batch 1350/3348, Loss: 0.0651
2025-10-10 07:05:20,546 [INFO] Época 25/30, Batch 1400/3348, Loss: 0.0783
2025-10-10 07:05:20,802 [INFO] Época 25/30, Batch 1450/3348, Loss: 0.0605
2025-10-10 07:05:21,056 [INFO] Época 25/30, Batch 1500/3348, Loss: 0.0613
2025-10-10 07:05:21,311 [INFO] Época 25/30, Batch 1550/3348, Loss: 0.0941
2025-10-10 07:05:21,564 [INFO] Época 25/30, Batch 1600/3348, Loss: 0.0465
2025-10-10 07:05:21,822 [INFO] Época 25/30, Batch 1650/3348, Loss: 0.0551
2025-10-10 07:05:22,078 [INFO] Época 25/30, Batch 1700/3348, Loss: 0.0401
2025-10-10 07:05:22,335 [INFO] Época 25/30, Batch 1750/3348, Loss: 0.0531
2025-10-10 07:05:22,596 [INFO] Época 25/30, Batch 1800/3348, Loss: 0.0456
2025-10-10 07:05:22,856 [INFO] Época 25/30, Batch 1850/3348, Loss: 0.0436
2025-10-10 07:05:23,115 [INFO] Época 25/30, Batch 1900/3348, Loss: 0.0347
2025-10-10 07:05:23,372 [INFO] Época 25/30, Batch 1950/3348, Loss: 0.0994
2025-10-10 07:05:23,631 [INFO] Época 25/30, Batch 2000/3348, Loss: 0.0930
2025-10-10 07:05:23,889 [INFO] Época 25/30, Batch 2050/3348, Loss: 0.0876
2025-10-10 07:05:24,146 [INFO] Época 25/30, Batch 2100/3348, Loss: 0.0464
2025-10-10 07:05:24,403 [INFO] Época 25/30, Batch 2150/3348, Loss: 0.0695
2025-10-10 07:05:24,663 [INFO] Época 25/30, Batch 2200/3348, Loss: 0.0922
2025-10-10 07:05:24,920 [INFO] Época 25/30, Batch 2250/3348, Loss: 0.0753
2025-10-10 07:05:25,180 [INFO] Época 25/30, Batch 2300/3348, Loss: 0.0644
2025-10-10 07:05:25,436 [INFO] Época 25/30, Batch 2350/3348, Loss: 0.0504
2025-10-10 07:05:25,694 [INFO] Época 25/30, Batch 2400/3348, Loss: 0.0697
2025-10-10 07:05:25,949 [INFO] Época 25/30, Batch 2450/3348, Loss: 0.0647
2025-10-10 07:05:26,204 [INFO] Época 25/30, Batch 2500/3348, Loss: 0.0780
2025-10-10 07:05:26,460 [INFO] Época 25/30, Batch 2550/3348, Loss: 0.0863
2025-10-10 07:05:26,717 [INFO] Época 25/30, Batch 2600/3348, Loss: 0.0815
2025-10-10 07:05:26,974 [INFO] Época 25/30, Batch 2650/3348, Loss: 0.0746
2025-10-10 07:05:27,231 [INFO] Época 25/30, Batch 2700/3348, Loss: 0.0646
2025-10-10 07:05:27,485 [INFO] Época 25/30, Batch 2750/3348, Loss: 0.0788
2025-10-10 07:05:27,744 [INFO] Época 25/30, Batch 2800/3348, Loss: 0.1051
2025-10-10 07:05:28,003 [INFO] Época 25/30, Batch 2850/3348, Loss: 0.0836
2025-10-10 07:05:28,265 [INFO] Época 25/30, Batch 2900/3348, Loss: 0.0815
2025-10-10 07:05:28,525 [INFO] Época 25/30, Batch 2950/3348, Loss: 0.0778
2025-10-10 07:05:28,787 [INFO] Época 25/30, Batch 3000/3348, Loss: 0.0660
2025-10-10 07:05:29,047 [INFO] Época 25/30, Batch 3050/3348, Loss: 0.0521
2025-10-10 07:05:29,308 [INFO] Época 25/30, Batch 3100/3348, Loss: 0.0933
2025-10-10 07:05:29,567 [INFO] Época 25/30, Batch 3150/3348, Loss: 0.0745
2025-10-10 07:05:29,828 [INFO] Época 25/30, Batch 3200/3348, Loss: 0.0525
2025-10-10 07:05:30,087 [INFO] Época 25/30, Batch 3250/3348, Loss: 0.0784
2025-10-10 07:05:30,348 [INFO] Época 25/30, Batch 3300/3348, Loss: 0.0768
2025-10-10 07:05:32,174 [INFO] [25/30] Train Loss: 0.0720 | Val Loss: 0.0498 | Tempo: 19.10s
2025-10-10 07:05:32,734 [INFO] Época 26/30, Batch 50/3348, Loss: 0.0714
2025-10-10 07:05:33,003 [INFO] Época 26/30, Batch 100/3348, Loss: 0.0465
2025-10-10 07:05:33,268 [INFO] Época 26/30, Batch 150/3348, Loss: 0.0349
2025-10-10 07:05:33,531 [INFO] Época 26/30, Batch 200/3348, Loss: 0.0577
2025-10-10 07:05:33,793 [INFO] Época 26/30, Batch 250/3348, Loss: 0.1232
2025-10-10 07:05:34,055 [INFO] Época 26/30, Batch 300/3348, Loss: 0.0833
2025-10-10 07:05:34,316 [INFO] Época 26/30, Batch 350/3348, Loss: 0.0698
2025-10-10 07:05:34,577 [INFO] Época 26/30, Batch 400/3348, Loss: 0.1198
2025-10-10 07:05:34,838 [INFO] Época 26/30, Batch 450/3348, Loss: 0.0524
2025-10-10 07:05:35,099 [INFO] Época 26/30, Batch 500/3348, Loss: 0.0656
2025-10-10 07:05:35,363 [INFO] Época 26/30, Batch 550/3348, Loss: 0.0630
2025-10-10 07:05:35,623 [INFO] Época 26/30, Batch 600/3348, Loss: 0.0525
2025-10-10 07:05:35,887 [INFO] Época 26/30, Batch 650/3348, Loss: 0.0488
2025-10-10 07:05:36,147 [INFO] Época 26/30, Batch 700/3348, Loss: 0.0844
2025-10-10 07:05:36,407 [INFO] Época 26/30, Batch 750/3348, Loss: 0.0832
2025-10-10 07:05:36,660 [INFO] Época 26/30, Batch 800/3348, Loss: 0.1141
2025-10-10 07:05:36,907 [INFO] Época 26/30, Batch 850/3348, Loss: 0.0459
2025-10-10 07:05:37,155 [INFO] Época 26/30, Batch 900/3348, Loss: 0.1000
2025-10-10 07:05:37,402 [INFO] Época 26/30, Batch 950/3348, Loss: 0.0658
2025-10-10 07:05:37,648 [INFO] Época 26/30, Batch 1000/3348, Loss: 0.0622
2025-10-10 07:05:37,898 [INFO] Época 26/30, Batch 1050/3348, Loss: 0.0514
2025-10-10 07:05:38,145 [INFO] Época 26/30, Batch 1100/3348, Loss: 0.0850
2025-10-10 07:05:38,392 [INFO] Época 26/30, Batch 1150/3348, Loss: 0.0773
2025-10-10 07:05:38,654 [INFO] Época 26/30, Batch 1200/3348, Loss: 0.0706
2025-10-10 07:05:38,924 [INFO] Época 26/30, Batch 1250/3348, Loss: 0.0549
2025-10-10 07:05:39,183 [INFO] Época 26/30, Batch 1300/3348, Loss: 0.0480
2025-10-10 07:05:39,445 [INFO] Época 26/30, Batch 1350/3348, Loss: 0.0750
2025-10-10 07:05:39,706 [INFO] Época 26/30, Batch 1400/3348, Loss: 0.0351
2025-10-10 07:05:39,966 [INFO] Época 26/30, Batch 1450/3348, Loss: 0.0799
2025-10-10 07:05:40,224 [INFO] Época 26/30, Batch 1500/3348, Loss: 0.0448
2025-10-10 07:05:40,484 [INFO] Época 26/30, Batch 1550/3348, Loss: 0.0831
2025-10-10 07:05:40,744 [INFO] Época 26/30, Batch 1600/3348, Loss: 0.0706
2025-10-10 07:05:41,006 [INFO] Época 26/30, Batch 1650/3348, Loss: 0.0809
2025-10-10 07:05:41,264 [INFO] Época 26/30, Batch 1700/3348, Loss: 0.0612
2025-10-10 07:05:41,522 [INFO] Época 26/30, Batch 1750/3348, Loss: 0.0320
2025-10-10 07:05:41,780 [INFO] Época 26/30, Batch 1800/3348, Loss: 0.0540
2025-10-10 07:05:42,038 [INFO] Época 26/30, Batch 1850/3348, Loss: 0.0937
2025-10-10 07:05:42,297 [INFO] Época 26/30, Batch 1900/3348, Loss: 0.0690
2025-10-10 07:05:42,556 [INFO] Época 26/30, Batch 1950/3348, Loss: 0.0668
2025-10-10 07:05:42,815 [INFO] Época 26/30, Batch 2000/3348, Loss: 0.0836
2025-10-10 07:05:43,075 [INFO] Época 26/30, Batch 2050/3348, Loss: 0.0804
2025-10-10 07:05:43,333 [INFO] Época 26/30, Batch 2100/3348, Loss: 0.0859
2025-10-10 07:05:43,591 [INFO] Época 26/30, Batch 2150/3348, Loss: 0.0738
2025-10-10 07:05:43,846 [INFO] Época 26/30, Batch 2200/3348, Loss: 0.0638
2025-10-10 07:05:44,103 [INFO] Época 26/30, Batch 2250/3348, Loss: 0.0737
2025-10-10 07:05:44,358 [INFO] Época 26/30, Batch 2300/3348, Loss: 0.0545
2025-10-10 07:05:44,611 [INFO] Época 26/30, Batch 2350/3348, Loss: 0.0560
2025-10-10 07:05:44,866 [INFO] Época 26/30, Batch 2400/3348, Loss: 0.1029
2025-10-10 07:05:45,121 [INFO] Época 26/30, Batch 2450/3348, Loss: 0.0768
2025-10-10 07:05:45,375 [INFO] Época 26/30, Batch 2500/3348, Loss: 0.0730
2025-10-10 07:05:45,629 [INFO] Época 26/30, Batch 2550/3348, Loss: 0.0666
2025-10-10 07:05:45,883 [INFO] Época 26/30, Batch 2600/3348, Loss: 0.1000
2025-10-10 07:05:46,137 [INFO] Época 26/30, Batch 2650/3348, Loss: 0.0786
2025-10-10 07:05:46,392 [INFO] Época 26/30, Batch 2700/3348, Loss: 0.0684
2025-10-10 07:05:46,646 [INFO] Época 26/30, Batch 2750/3348, Loss: 0.0886
2025-10-10 07:05:46,902 [INFO] Época 26/30, Batch 2800/3348, Loss: 0.0470
2025-10-10 07:05:47,156 [INFO] Época 26/30, Batch 2850/3348, Loss: 0.0628
2025-10-10 07:05:47,409 [INFO] Época 26/30, Batch 2900/3348, Loss: 0.1070
2025-10-10 07:05:47,667 [INFO] Época 26/30, Batch 2950/3348, Loss: 0.0644
2025-10-10 07:05:47,921 [INFO] Época 26/30, Batch 3000/3348, Loss: 0.0894
2025-10-10 07:05:48,174 [INFO] Época 26/30, Batch 3050/3348, Loss: 0.0497
2025-10-10 07:05:48,428 [INFO] Época 26/30, Batch 3100/3348, Loss: 0.0757
2025-10-10 07:05:48,689 [INFO] Época 26/30, Batch 3150/3348, Loss: 0.1641
2025-10-10 07:05:48,953 [INFO] Época 26/30, Batch 3200/3348, Loss: 0.0924
2025-10-10 07:05:49,232 [INFO] Época 26/30, Batch 3250/3348, Loss: 0.0743
2025-10-10 07:05:49,497 [INFO] Época 26/30, Batch 3300/3348, Loss: 0.1306
2025-10-10 07:05:51,305 [INFO] [26/30] Train Loss: 0.0712 | Val Loss: 0.0475 | Tempo: 19.13s
2025-10-10 07:05:51,858 [INFO] Época 27/30, Batch 50/3348, Loss: 0.1183
2025-10-10 07:05:52,119 [INFO] Época 27/30, Batch 100/3348, Loss: 0.0693
2025-10-10 07:05:52,374 [INFO] Época 27/30, Batch 150/3348, Loss: 0.1042
2025-10-10 07:05:52,632 [INFO] Época 27/30, Batch 200/3348, Loss: 0.0533
2025-10-10 07:05:52,886 [INFO] Época 27/30, Batch 250/3348, Loss: 0.0550
2025-10-10 07:05:53,138 [INFO] Época 27/30, Batch 300/3348, Loss: 0.0823
2025-10-10 07:05:53,393 [INFO] Época 27/30, Batch 350/3348, Loss: 0.0556
2025-10-10 07:05:53,649 [INFO] Época 27/30, Batch 400/3348, Loss: 0.0549
2025-10-10 07:05:53,903 [INFO] Época 27/30, Batch 450/3348, Loss: 0.0808
2025-10-10 07:05:54,161 [INFO] Época 27/30, Batch 500/3348, Loss: 0.0629
2025-10-10 07:05:54,429 [INFO] Época 27/30, Batch 550/3348, Loss: 0.0535
2025-10-10 07:05:54,685 [INFO] Época 27/30, Batch 600/3348, Loss: 0.1645
2025-10-10 07:05:54,940 [INFO] Época 27/30, Batch 650/3348, Loss: 0.0619
2025-10-10 07:05:55,197 [INFO] Época 27/30, Batch 700/3348, Loss: 0.0644
2025-10-10 07:05:55,452 [INFO] Época 27/30, Batch 750/3348, Loss: 0.0686
2025-10-10 07:05:55,706 [INFO] Época 27/30, Batch 800/3348, Loss: 0.0652
2025-10-10 07:05:55,962 [INFO] Época 27/30, Batch 850/3348, Loss: 0.0853
2025-10-10 07:05:56,217 [INFO] Época 27/30, Batch 900/3348, Loss: 0.0993
2025-10-10 07:05:56,474 [INFO] Época 27/30, Batch 950/3348, Loss: 0.0603
2025-10-10 07:05:56,729 [INFO] Época 27/30, Batch 1000/3348, Loss: 0.0883
2025-10-10 07:05:56,982 [INFO] Época 27/30, Batch 1050/3348, Loss: 0.0727
2025-10-10 07:05:57,232 [INFO] Época 27/30, Batch 1100/3348, Loss: 0.0302
2025-10-10 07:05:57,485 [INFO] Época 27/30, Batch 1150/3348, Loss: 0.0805
2025-10-10 07:05:57,741 [INFO] Época 27/30, Batch 1200/3348, Loss: 0.0889
2025-10-10 07:05:57,995 [INFO] Época 27/30, Batch 1250/3348, Loss: 0.0857
2025-10-10 07:05:58,246 [INFO] Época 27/30, Batch 1300/3348, Loss: 0.0520
2025-10-10 07:05:58,497 [INFO] Época 27/30, Batch 1350/3348, Loss: 0.0561
2025-10-10 07:05:58,752 [INFO] Época 27/30, Batch 1400/3348, Loss: 0.0784
2025-10-10 07:05:59,008 [INFO] Época 27/30, Batch 1450/3348, Loss: 0.1037
2025-10-10 07:05:59,264 [INFO] Época 27/30, Batch 1500/3348, Loss: 0.0590
2025-10-10 07:05:59,520 [INFO] Época 27/30, Batch 1550/3348, Loss: 0.1061
2025-10-10 07:05:59,773 [INFO] Época 27/30, Batch 1600/3348, Loss: 0.0675
2025-10-10 07:06:00,024 [INFO] Época 27/30, Batch 1650/3348, Loss: 0.0777
2025-10-10 07:06:00,280 [INFO] Época 27/30, Batch 1700/3348, Loss: 0.0742
2025-10-10 07:06:00,538 [INFO] Época 27/30, Batch 1750/3348, Loss: 0.1844
2025-10-10 07:06:00,795 [INFO] Época 27/30, Batch 1800/3348, Loss: 0.0303
2025-10-10 07:06:01,051 [INFO] Época 27/30, Batch 1850/3348, Loss: 0.0656
2025-10-10 07:06:01,309 [INFO] Época 27/30, Batch 1900/3348, Loss: 0.0299
2025-10-10 07:06:01,569 [INFO] Época 27/30, Batch 1950/3348, Loss: 0.0237
2025-10-10 07:06:01,827 [INFO] Época 27/30, Batch 2000/3348, Loss: 0.1004
2025-10-10 07:06:02,087 [INFO] Época 27/30, Batch 2050/3348, Loss: 0.0367
2025-10-10 07:06:02,349 [INFO] Época 27/30, Batch 2100/3348, Loss: 0.0502
2025-10-10 07:06:02,606 [INFO] Época 27/30, Batch 2150/3348, Loss: 0.0533
2025-10-10 07:06:02,857 [INFO] Época 27/30, Batch 2200/3348, Loss: 0.0745
2025-10-10 07:06:03,114 [INFO] Época 27/30, Batch 2250/3348, Loss: 0.1611
2025-10-10 07:06:03,372 [INFO] Época 27/30, Batch 2300/3348, Loss: 0.0269
2025-10-10 07:06:03,630 [INFO] Época 27/30, Batch 2350/3348, Loss: 0.0342
2025-10-10 07:06:03,888 [INFO] Época 27/30, Batch 2400/3348, Loss: 0.0953
2025-10-10 07:06:04,148 [INFO] Época 27/30, Batch 2450/3348, Loss: 0.0409
2025-10-10 07:06:04,410 [INFO] Época 27/30, Batch 2500/3348, Loss: 0.0506
2025-10-10 07:06:04,678 [INFO] Época 27/30, Batch 2550/3348, Loss: 0.0848
2025-10-10 07:06:04,937 [INFO] Época 27/30, Batch 2600/3348, Loss: 0.0702
2025-10-10 07:06:05,195 [INFO] Época 27/30, Batch 2650/3348, Loss: 0.0863
2025-10-10 07:06:05,454 [INFO] Época 27/30, Batch 2700/3348, Loss: 0.0649
2025-10-10 07:06:05,713 [INFO] Época 27/30, Batch 2750/3348, Loss: 0.0552
2025-10-10 07:06:05,973 [INFO] Época 27/30, Batch 2800/3348, Loss: 0.0513
2025-10-10 07:06:06,232 [INFO] Época 27/30, Batch 2850/3348, Loss: 0.0647
2025-10-10 07:06:06,493 [INFO] Época 27/30, Batch 2900/3348, Loss: 0.0525
2025-10-10 07:06:06,753 [INFO] Época 27/30, Batch 2950/3348, Loss: 0.0453
2025-10-10 07:06:07,017 [INFO] Época 27/30, Batch 3000/3348, Loss: 0.0605
2025-10-10 07:06:07,278 [INFO] Época 27/30, Batch 3050/3348, Loss: 0.0820
2025-10-10 07:06:07,538 [INFO] Época 27/30, Batch 3100/3348, Loss: 0.0636
2025-10-10 07:06:07,799 [INFO] Época 27/30, Batch 3150/3348, Loss: 0.0753
2025-10-10 07:06:08,060 [INFO] Época 27/30, Batch 3200/3348, Loss: 0.1005
2025-10-10 07:06:08,322 [INFO] Época 27/30, Batch 3250/3348, Loss: 0.0363
2025-10-10 07:06:08,581 [INFO] Época 27/30, Batch 3300/3348, Loss: 0.0783
2025-10-10 07:06:10,426 [INFO] [27/30] Train Loss: 0.0705 | Val Loss: 0.0492 | Tempo: 19.12s
2025-10-10 07:06:10,992 [INFO] Época 28/30, Batch 50/3348, Loss: 0.0802
2025-10-10 07:06:11,267 [INFO] Época 28/30, Batch 100/3348, Loss: 0.0821
2025-10-10 07:06:11,540 [INFO] Época 28/30, Batch 150/3348, Loss: 0.0605
2025-10-10 07:06:11,810 [INFO] Época 28/30, Batch 200/3348, Loss: 0.0701
2025-10-10 07:06:12,070 [INFO] Época 28/30, Batch 250/3348, Loss: 0.0667
2025-10-10 07:06:12,326 [INFO] Época 28/30, Batch 300/3348, Loss: 0.0623
2025-10-10 07:06:12,586 [INFO] Época 28/30, Batch 350/3348, Loss: 0.0819
2025-10-10 07:06:12,848 [INFO] Época 28/30, Batch 400/3348, Loss: 0.1043
2025-10-10 07:06:13,114 [INFO] Época 28/30, Batch 450/3348, Loss: 0.0436
2025-10-10 07:06:13,380 [INFO] Época 28/30, Batch 500/3348, Loss: 0.0470
2025-10-10 07:06:13,646 [INFO] Época 28/30, Batch 550/3348, Loss: 0.0896
2025-10-10 07:06:13,913 [INFO] Época 28/30, Batch 600/3348, Loss: 0.0670
2025-10-10 07:06:14,179 [INFO] Época 28/30, Batch 650/3348, Loss: 0.0560
2025-10-10 07:06:14,446 [INFO] Época 28/30, Batch 700/3348, Loss: 0.0753
2025-10-10 07:06:14,717 [INFO] Época 28/30, Batch 750/3348, Loss: 0.0723
2025-10-10 07:06:14,981 [INFO] Época 28/30, Batch 800/3348, Loss: 0.0606
2025-10-10 07:06:15,249 [INFO] Época 28/30, Batch 850/3348, Loss: 0.0752
2025-10-10 07:06:15,517 [INFO] Época 28/30, Batch 900/3348, Loss: 0.0797
2025-10-10 07:06:15,783 [INFO] Época 28/30, Batch 950/3348, Loss: 0.0448
2025-10-10 07:06:16,048 [INFO] Época 28/30, Batch 1000/3348, Loss: 0.0641
2025-10-10 07:06:16,313 [INFO] Época 28/30, Batch 1050/3348, Loss: 0.0371
2025-10-10 07:06:16,570 [INFO] Época 28/30, Batch 1100/3348, Loss: 0.0766
2025-10-10 07:06:16,827 [INFO] Época 28/30, Batch 1150/3348, Loss: 0.0352
2025-10-10 07:06:17,084 [INFO] Época 28/30, Batch 1200/3348, Loss: 0.0703
2025-10-10 07:06:17,343 [INFO] Época 28/30, Batch 1250/3348, Loss: 0.0390
2025-10-10 07:06:17,605 [INFO] Época 28/30, Batch 1300/3348, Loss: 0.0458
2025-10-10 07:06:17,866 [INFO] Época 28/30, Batch 1350/3348, Loss: 0.0480
2025-10-10 07:06:18,134 [INFO] Época 28/30, Batch 1400/3348, Loss: 0.0629
2025-10-10 07:06:18,403 [INFO] Época 28/30, Batch 1450/3348, Loss: 0.0503
2025-10-10 07:06:18,672 [INFO] Época 28/30, Batch 1500/3348, Loss: 0.0556
2025-10-10 07:06:18,937 [INFO] Época 28/30, Batch 1550/3348, Loss: 0.0468
2025-10-10 07:06:19,207 [INFO] Época 28/30, Batch 1600/3348, Loss: 0.0744
2025-10-10 07:06:19,478 [INFO] Época 28/30, Batch 1650/3348, Loss: 0.0335
2025-10-10 07:06:19,747 [INFO] Época 28/30, Batch 1700/3348, Loss: 0.0545
2025-10-10 07:06:20,016 [INFO] Época 28/30, Batch 1750/3348, Loss: 0.0461
2025-10-10 07:06:20,283 [INFO] Época 28/30, Batch 1800/3348, Loss: 0.0624
2025-10-10 07:06:20,550 [INFO] Época 28/30, Batch 1850/3348, Loss: 0.0476
2025-10-10 07:06:20,825 [INFO] Época 28/30, Batch 1900/3348, Loss: 0.0428
2025-10-10 07:06:21,094 [INFO] Época 28/30, Batch 1950/3348, Loss: 0.0448
2025-10-10 07:06:21,361 [INFO] Época 28/30, Batch 2000/3348, Loss: 0.0404
2025-10-10 07:06:21,628 [INFO] Época 28/30, Batch 2050/3348, Loss: 0.1797
2025-10-10 07:06:21,886 [INFO] Época 28/30, Batch 2100/3348, Loss: 0.0404
2025-10-10 07:06:22,142 [INFO] Época 28/30, Batch 2150/3348, Loss: 0.0771
2025-10-10 07:06:22,400 [INFO] Época 28/30, Batch 2200/3348, Loss: 0.0615
2025-10-10 07:06:22,658 [INFO] Época 28/30, Batch 2250/3348, Loss: 0.0462
2025-10-10 07:06:22,918 [INFO] Época 28/30, Batch 2300/3348, Loss: 0.0449
2025-10-10 07:06:23,178 [INFO] Época 28/30, Batch 2350/3348, Loss: 0.0918
2025-10-10 07:06:23,434 [INFO] Época 28/30, Batch 2400/3348, Loss: 0.0563
2025-10-10 07:06:23,692 [INFO] Época 28/30, Batch 2450/3348, Loss: 0.0614
2025-10-10 07:06:23,949 [INFO] Época 28/30, Batch 2500/3348, Loss: 0.0562
2025-10-10 07:06:24,212 [INFO] Época 28/30, Batch 2550/3348, Loss: 0.1023
2025-10-10 07:06:24,479 [INFO] Época 28/30, Batch 2600/3348, Loss: 0.0722
2025-10-10 07:06:24,749 [INFO] Época 28/30, Batch 2650/3348, Loss: 0.0730
2025-10-10 07:06:25,018 [INFO] Época 28/30, Batch 2700/3348, Loss: 0.0906
2025-10-10 07:06:25,289 [INFO] Época 28/30, Batch 2750/3348, Loss: 0.1021
2025-10-10 07:06:25,558 [INFO] Época 28/30, Batch 2800/3348, Loss: 0.0497
2025-10-10 07:06:25,830 [INFO] Época 28/30, Batch 2850/3348, Loss: 0.0689
2025-10-10 07:06:26,090 [INFO] Época 28/30, Batch 2900/3348, Loss: 0.0765
2025-10-10 07:06:26,351 [INFO] Época 28/30, Batch 2950/3348, Loss: 0.0515
2025-10-10 07:06:26,611 [INFO] Época 28/30, Batch 3000/3348, Loss: 0.0830
2025-10-10 07:06:26,873 [INFO] Época 28/30, Batch 3050/3348, Loss: 0.0608
2025-10-10 07:06:27,133 [INFO] Época 28/30, Batch 3100/3348, Loss: 0.0752
2025-10-10 07:06:27,395 [INFO] Época 28/30, Batch 3150/3348, Loss: 0.0541
2025-10-10 07:06:27,656 [INFO] Época 28/30, Batch 3200/3348, Loss: 0.0644
2025-10-10 07:06:27,918 [INFO] Época 28/30, Batch 3250/3348, Loss: 0.0646
2025-10-10 07:06:28,176 [INFO] Época 28/30, Batch 3300/3348, Loss: 0.0679
2025-10-10 07:06:30,000 [INFO] [28/30] Train Loss: 0.0699 | Val Loss: 0.0431 | Tempo: 19.57s
2025-10-10 07:06:30,004 [INFO] Melhor modelo salvo em: /mnt/hdd/home/jdurao/ToolBox-ChemXAI/models/mlp_qm9_Physicochemical_att10_large.pth
2025-10-10 07:06:30,556 [INFO] Época 29/30, Batch 50/3348, Loss: 0.0874
2025-10-10 07:06:30,822 [INFO] Época 29/30, Batch 100/3348, Loss: 0.1023
2025-10-10 07:06:31,093 [INFO] Época 29/30, Batch 150/3348, Loss: 0.0729
2025-10-10 07:06:31,357 [INFO] Época 29/30, Batch 200/3348, Loss: 0.1030
2025-10-10 07:06:31,620 [INFO] Época 29/30, Batch 250/3348, Loss: 0.0775
2025-10-10 07:06:31,882 [INFO] Época 29/30, Batch 300/3348, Loss: 0.0273
2025-10-10 07:06:32,143 [INFO] Época 29/30, Batch 350/3348, Loss: 0.0419
2025-10-10 07:06:32,404 [INFO] Época 29/30, Batch 400/3348, Loss: 0.0447
2025-10-10 07:06:32,664 [INFO] Época 29/30, Batch 450/3348, Loss: 0.0924
2025-10-10 07:06:32,926 [INFO] Época 29/30, Batch 500/3348, Loss: 0.0466
2025-10-10 07:06:33,186 [INFO] Época 29/30, Batch 550/3348, Loss: 0.0666
2025-10-10 07:06:33,448 [INFO] Época 29/30, Batch 600/3348, Loss: 0.0526
2025-10-10 07:06:33,710 [INFO] Época 29/30, Batch 650/3348, Loss: 0.0685
2025-10-10 07:06:33,970 [INFO] Época 29/30, Batch 700/3348, Loss: 0.0373
2025-10-10 07:06:34,230 [INFO] Época 29/30, Batch 750/3348, Loss: 0.0865
2025-10-10 07:06:34,490 [INFO] Época 29/30, Batch 800/3348, Loss: 0.0467
2025-10-10 07:06:34,750 [INFO] Época 29/30, Batch 850/3348, Loss: 0.0609
2025-10-10 07:06:35,004 [INFO] Época 29/30, Batch 900/3348, Loss: 0.1396
2025-10-10 07:06:35,252 [INFO] Época 29/30, Batch 950/3348, Loss: 0.0317
2025-10-10 07:06:35,498 [INFO] Época 29/30, Batch 1000/3348, Loss: 0.0658
2025-10-10 07:06:35,749 [INFO] Época 29/30, Batch 1050/3348, Loss: 0.0466
2025-10-10 07:06:35,998 [INFO] Época 29/30, Batch 1100/3348, Loss: 0.0544
2025-10-10 07:06:36,256 [INFO] Época 29/30, Batch 1150/3348, Loss: 0.0656
2025-10-10 07:06:36,504 [INFO] Época 29/30, Batch 1200/3348, Loss: 0.0806
2025-10-10 07:06:36,758 [INFO] Época 29/30, Batch 1250/3348, Loss: 0.0675
2025-10-10 07:06:37,015 [INFO] Época 29/30, Batch 1300/3348, Loss: 0.0631
2025-10-10 07:06:37,271 [INFO] Época 29/30, Batch 1350/3348, Loss: 0.0661
2025-10-10 07:06:37,528 [INFO] Época 29/30, Batch 1400/3348, Loss: 0.0600
2025-10-10 07:06:37,786 [INFO] Época 29/30, Batch 1450/3348, Loss: 0.0427
2025-10-10 07:06:38,043 [INFO] Época 29/30, Batch 1500/3348, Loss: 0.0726
2025-10-10 07:06:38,307 [INFO] Época 29/30, Batch 1550/3348, Loss: 0.0939
2025-10-10 07:06:38,569 [INFO] Época 29/30, Batch 1600/3348, Loss: 0.0894
2025-10-10 07:06:38,831 [INFO] Época 29/30, Batch 1650/3348, Loss: 0.0603
2025-10-10 07:06:39,094 [INFO] Época 29/30, Batch 1700/3348, Loss: 0.0587
2025-10-10 07:06:39,356 [INFO] Época 29/30, Batch 1750/3348, Loss: 0.0516
2025-10-10 07:06:39,621 [INFO] Época 29/30, Batch 1800/3348, Loss: 0.0832
2025-10-10 07:06:39,886 [INFO] Época 29/30, Batch 1850/3348, Loss: 0.0453
2025-10-10 07:06:40,145 [INFO] Época 29/30, Batch 1900/3348, Loss: 0.0971
2025-10-10 07:06:40,403 [INFO] Época 29/30, Batch 1950/3348, Loss: 0.0810
2025-10-10 07:06:40,663 [INFO] Época 29/30, Batch 2000/3348, Loss: 0.1102
2025-10-10 07:06:40,920 [INFO] Época 29/30, Batch 2050/3348, Loss: 0.0779
2025-10-10 07:06:41,178 [INFO] Época 29/30, Batch 2100/3348, Loss: 0.0465
2025-10-10 07:06:41,436 [INFO] Época 29/30, Batch 2150/3348, Loss: 0.0463
2025-10-10 07:06:41,694 [INFO] Época 29/30, Batch 2200/3348, Loss: 0.1058
2025-10-10 07:06:41,956 [INFO] Época 29/30, Batch 2250/3348, Loss: 0.1041
2025-10-10 07:06:42,223 [INFO] Época 29/30, Batch 2300/3348, Loss: 0.0439
2025-10-10 07:06:42,482 [INFO] Época 29/30, Batch 2350/3348, Loss: 0.0556
2025-10-10 07:06:42,741 [INFO] Época 29/30, Batch 2400/3348, Loss: 0.0670
2025-10-10 07:06:42,998 [INFO] Época 29/30, Batch 2450/3348, Loss: 0.0629
2025-10-10 07:06:43,255 [INFO] Época 29/30, Batch 2500/3348, Loss: 0.0699
2025-10-10 07:06:43,515 [INFO] Época 29/30, Batch 2550/3348, Loss: 0.0516
2025-10-10 07:06:43,776 [INFO] Época 29/30, Batch 2600/3348, Loss: 0.0535
2025-10-10 07:06:44,034 [INFO] Época 29/30, Batch 2650/3348, Loss: 0.0839
2025-10-10 07:06:44,288 [INFO] Época 29/30, Batch 2700/3348, Loss: 0.0669
2025-10-10 07:06:44,545 [INFO] Época 29/30, Batch 2750/3348, Loss: 0.0918
2025-10-10 07:06:44,803 [INFO] Época 29/30, Batch 2800/3348, Loss: 0.1010
2025-10-10 07:06:45,061 [INFO] Época 29/30, Batch 2850/3348, Loss: 0.0479
2025-10-10 07:06:45,323 [INFO] Época 29/30, Batch 2900/3348, Loss: 0.0742
2025-10-10 07:06:45,580 [INFO] Época 29/30, Batch 2950/3348, Loss: 0.0659
2025-10-10 07:06:45,843 [INFO] Época 29/30, Batch 3000/3348, Loss: 0.0741
2025-10-10 07:06:46,106 [INFO] Época 29/30, Batch 3050/3348, Loss: 0.0781
2025-10-10 07:06:46,369 [INFO] Época 29/30, Batch 3100/3348, Loss: 0.1057
2025-10-10 07:06:46,633 [INFO] Época 29/30, Batch 3150/3348, Loss: 0.0867
2025-10-10 07:06:46,890 [INFO] Época 29/30, Batch 3200/3348, Loss: 0.0668
2025-10-10 07:06:47,144 [INFO] Época 29/30, Batch 3250/3348, Loss: 0.0385
2025-10-10 07:06:47,403 [INFO] Época 29/30, Batch 3300/3348, Loss: 0.0559
2025-10-10 07:06:49,143 [INFO] [29/30] Train Loss: 0.0692 | Val Loss: 0.0450 | Tempo: 19.14s
2025-10-10 07:06:49,698 [INFO] Época 30/30, Batch 50/3348, Loss: 0.0741
2025-10-10 07:06:49,966 [INFO] Época 30/30, Batch 100/3348, Loss: 0.0843
2025-10-10 07:06:50,228 [INFO] Época 30/30, Batch 150/3348, Loss: 0.0719
2025-10-10 07:06:50,490 [INFO] Época 30/30, Batch 200/3348, Loss: 0.0509
2025-10-10 07:06:50,750 [INFO] Época 30/30, Batch 250/3348, Loss: 0.0632
2025-10-10 07:06:51,012 [INFO] Época 30/30, Batch 300/3348, Loss: 0.0598
2025-10-10 07:06:51,272 [INFO] Época 30/30, Batch 350/3348, Loss: 0.0613
2025-10-10 07:06:51,533 [INFO] Época 30/30, Batch 400/3348, Loss: 0.0420
2025-10-10 07:06:51,793 [INFO] Época 30/30, Batch 450/3348, Loss: 0.0578
2025-10-10 07:06:52,052 [INFO] Época 30/30, Batch 500/3348, Loss: 0.0821
2025-10-10 07:06:52,313 [INFO] Época 30/30, Batch 550/3348, Loss: 0.0868
2025-10-10 07:06:52,572 [INFO] Época 30/30, Batch 600/3348, Loss: 0.0517
2025-10-10 07:06:52,833 [INFO] Época 30/30, Batch 650/3348, Loss: 0.0589
2025-10-10 07:06:53,091 [INFO] Época 30/30, Batch 700/3348, Loss: 0.0781
2025-10-10 07:06:53,352 [INFO] Época 30/30, Batch 750/3348, Loss: 0.0626
2025-10-10 07:06:53,612 [INFO] Época 30/30, Batch 800/3348, Loss: 0.0508
2025-10-10 07:06:53,871 [INFO] Época 30/30, Batch 850/3348, Loss: 0.0519
2025-10-10 07:06:54,129 [INFO] Época 30/30, Batch 900/3348, Loss: 0.0758
2025-10-10 07:06:54,387 [INFO] Época 30/30, Batch 950/3348, Loss: 0.0598
2025-10-10 07:06:54,646 [INFO] Época 30/30, Batch 1000/3348, Loss: 0.0971
2025-10-10 07:06:54,906 [INFO] Época 30/30, Batch 1050/3348, Loss: 0.0623
2025-10-10 07:06:55,164 [INFO] Época 30/30, Batch 1100/3348, Loss: 0.0792
2025-10-10 07:06:55,422 [INFO] Época 30/30, Batch 1150/3348, Loss: 0.0702
2025-10-10 07:06:55,681 [INFO] Época 30/30, Batch 1200/3348, Loss: 0.0802
2025-10-10 07:06:55,941 [INFO] Época 30/30, Batch 1250/3348, Loss: 0.0959
2025-10-10 07:06:56,202 [INFO] Época 30/30, Batch 1300/3348, Loss: 0.0671
2025-10-10 07:06:56,465 [INFO] Época 30/30, Batch 1350/3348, Loss: 0.0536
2025-10-10 07:06:56,723 [INFO] Época 30/30, Batch 1400/3348, Loss: 0.0542
2025-10-10 07:06:56,985 [INFO] Época 30/30, Batch 1450/3348, Loss: 0.0539
2025-10-10 07:06:57,242 [INFO] Época 30/30, Batch 1500/3348, Loss: 0.0617
2025-10-10 07:06:57,501 [INFO] Época 30/30, Batch 1550/3348, Loss: 0.1125
2025-10-10 07:06:57,761 [INFO] Época 30/30, Batch 1600/3348, Loss: 0.0288
2025-10-10 07:06:58,020 [INFO] Época 30/30, Batch 1650/3348, Loss: 0.0682
2025-10-10 07:06:58,278 [INFO] Época 30/30, Batch 1700/3348, Loss: 0.0449
2025-10-10 07:06:58,538 [INFO] Época 30/30, Batch 1750/3348, Loss: 0.0878
2025-10-10 07:06:58,798 [INFO] Época 30/30, Batch 1800/3348, Loss: 0.0736
2025-10-10 07:06:59,056 [INFO] Época 30/30, Batch 1850/3348, Loss: 0.0624
2025-10-10 07:06:59,316 [INFO] Época 30/30, Batch 1900/3348, Loss: 0.0672
2025-10-10 07:06:59,573 [INFO] Época 30/30, Batch 1950/3348, Loss: 0.0483
2025-10-10 07:06:59,831 [INFO] Época 30/30, Batch 2000/3348, Loss: 0.0568
2025-10-10 07:07:00,090 [INFO] Época 30/30, Batch 2050/3348, Loss: 0.0559
2025-10-10 07:07:00,348 [INFO] Época 30/30, Batch 2100/3348, Loss: 0.0754
2025-10-10 07:07:00,606 [INFO] Época 30/30, Batch 2150/3348, Loss: 0.0557
2025-10-10 07:07:00,864 [INFO] Época 30/30, Batch 2200/3348, Loss: 0.0984
2025-10-10 07:07:01,121 [INFO] Época 30/30, Batch 2250/3348, Loss: 0.0335
2025-10-10 07:07:01,379 [INFO] Época 30/30, Batch 2300/3348, Loss: 0.0392
2025-10-10 07:07:01,639 [INFO] Época 30/30, Batch 2350/3348, Loss: 0.0690
2025-10-10 07:07:01,897 [INFO] Época 30/30, Batch 2400/3348, Loss: 0.0514
2025-10-10 07:07:02,157 [INFO] Época 30/30, Batch 2450/3348, Loss: 0.0555
2025-10-10 07:07:02,415 [INFO] Época 30/30, Batch 2500/3348, Loss: 0.0637
2025-10-10 07:07:02,673 [INFO] Época 30/30, Batch 2550/3348, Loss: 0.0803
2025-10-10 07:07:02,933 [INFO] Época 30/30, Batch 2600/3348, Loss: 0.0831
2025-10-10 07:07:03,192 [INFO] Época 30/30, Batch 2650/3348, Loss: 0.0320
2025-10-10 07:07:03,453 [INFO] Época 30/30, Batch 2700/3348, Loss: 0.0597
2025-10-10 07:07:03,715 [INFO] Época 30/30, Batch 2750/3348, Loss: 0.0750
2025-10-10 07:07:03,975 [INFO] Época 30/30, Batch 2800/3348, Loss: 0.0446
2025-10-10 07:07:04,235 [INFO] Época 30/30, Batch 2850/3348, Loss: 0.0696
2025-10-10 07:07:04,495 [INFO] Época 30/30, Batch 2900/3348, Loss: 0.0549
2025-10-10 07:07:04,756 [INFO] Época 30/30, Batch 2950/3348, Loss: 0.0869
2025-10-10 07:07:05,014 [INFO] Época 30/30, Batch 3000/3348, Loss: 0.0557
2025-10-10 07:07:05,271 [INFO] Época 30/30, Batch 3050/3348, Loss: 0.0477
2025-10-10 07:07:05,531 [INFO] Época 30/30, Batch 3100/3348, Loss: 0.0933
2025-10-10 07:07:05,791 [INFO] Época 30/30, Batch 3150/3348, Loss: 0.0674
2025-10-10 07:07:06,051 [INFO] Época 30/30, Batch 3200/3348, Loss: 0.0735
2025-10-10 07:07:06,309 [INFO] Época 30/30, Batch 3250/3348, Loss: 0.0912
2025-10-10 07:07:06,567 [INFO] Época 30/30, Batch 3300/3348, Loss: 0.0905
2025-10-10 07:07:08,362 [INFO] [30/30] Train Loss: 0.0688 | Val Loss: 0.0453 | Tempo: 19.22s
2025-10-10 07:07:08,362 [INFO] Treinamento concluído em 574.21 segundos (9.57 minutos)
2025-10-10 07:07:08,362 [INFO] Iniciando avaliação no conjunto de teste...
2025-10-10 07:07:09,778 [INFO] Avaliação do teste concluída em 1.42 segundos
2025-10-10 07:07:09,778 [INFO] MSE no teste: 0.4068
2025-10-10 07:07:09,778 [INFO] RMSE no teste: 0.6378
2025-10-10 07:07:09,778 [INFO] MAE no teste: 0.2957
2025-10-10 07:07:09,792 [INFO] Métricas salvas em /mnt/hdd/home/jdurao/ToolBox-ChemXAI/logs/mlp_att10_Physicochemical_metrics.json
