2025-10-09 19:58:29,940 [INFO] Iniciando treinamento do modelo mlp_att3_Physicochemical
2025-10-09 19:58:29,941 [INFO] Configuração: att_index=3, epochs=30, layers=[128, 64, 32], lr=0.001, batch_size=32, descriptor_type=Physicochemical
2025-10-09 19:58:29,941 [INFO] Diretório para modelos: /mnt/hdd/home/jdurao/ToolBox-ChemXAI/models
2025-10-09 19:58:29,941 [INFO] Carregando dados...
2025-10-09 19:58:30,025 [INFO] Preparando dataloaders sem ruído...
2025-10-09 20:07:50,943 [INFO] Dados carregados em 561.00 segundos
2025-10-09 20:07:50,944 [INFO] Tamanhos dos conjuntos - Treino: 107108, Validação: 13388, Teste: 13389
2025-10-09 20:07:50,944 [INFO] Usando dispositivo: cuda
2025-10-09 20:07:51,682 [INFO] Dimensão de entrada: 9, Dimensão de saída: 1
2025-10-09 20:07:51,683 [INFO] Criando modelo MLP com camadas: [128, 64, 32]
2025-10-09 20:07:51,685 [INFO] Modelo criado com 11649 parâmetros
2025-10-09 20:07:51,704 [INFO] Iniciando treinamento com 30 épocas...
2025-10-09 20:07:52,280 [INFO] Época 1/30, Batch 50/3348, Loss: 0.5977
2025-10-09 20:07:52,552 [INFO] Época 1/30, Batch 100/3348, Loss: 0.5601
2025-10-09 20:07:52,820 [INFO] Época 1/30, Batch 150/3348, Loss: 0.5124
2025-10-09 20:07:53,078 [INFO] Época 1/30, Batch 200/3348, Loss: 0.5034
2025-10-09 20:07:53,326 [INFO] Época 1/30, Batch 250/3348, Loss: 0.4033
2025-10-09 20:07:53,584 [INFO] Época 1/30, Batch 300/3348, Loss: 0.4802
2025-10-09 20:07:53,840 [INFO] Época 1/30, Batch 350/3348, Loss: 0.4269
2025-10-09 20:07:54,101 [INFO] Época 1/30, Batch 400/3348, Loss: 0.5691
2025-10-09 20:07:54,371 [INFO] Época 1/30, Batch 450/3348, Loss: 0.6357
2025-10-09 20:07:54,630 [INFO] Época 1/30, Batch 500/3348, Loss: 0.5324
2025-10-09 20:07:54,888 [INFO] Época 1/30, Batch 550/3348, Loss: 0.4648
2025-10-09 20:07:55,145 [INFO] Época 1/30, Batch 600/3348, Loss: 0.6770
2025-10-09 20:07:55,405 [INFO] Época 1/30, Batch 650/3348, Loss: 0.6048
2025-10-09 20:07:55,672 [INFO] Época 1/30, Batch 700/3348, Loss: 0.5827
2025-10-09 20:07:55,939 [INFO] Época 1/30, Batch 750/3348, Loss: 0.5030
2025-10-09 20:07:56,205 [INFO] Época 1/30, Batch 800/3348, Loss: 0.4050
2025-10-09 20:07:56,471 [INFO] Época 1/30, Batch 850/3348, Loss: 0.5597
2025-10-09 20:07:56,735 [INFO] Época 1/30, Batch 900/3348, Loss: 0.4848
2025-10-09 20:07:57,004 [INFO] Época 1/30, Batch 950/3348, Loss: 0.5792
2025-10-09 20:07:57,271 [INFO] Época 1/30, Batch 1000/3348, Loss: 0.4315
2025-10-09 20:07:57,540 [INFO] Época 1/30, Batch 1050/3348, Loss: 0.3543
2025-10-09 20:07:57,799 [INFO] Época 1/30, Batch 1100/3348, Loss: 0.4236
2025-10-09 20:07:58,058 [INFO] Época 1/30, Batch 1150/3348, Loss: 0.5525
2025-10-09 20:07:58,317 [INFO] Época 1/30, Batch 1200/3348, Loss: 0.7084
2025-10-09 20:07:58,578 [INFO] Época 1/30, Batch 1250/3348, Loss: 0.5031
2025-10-09 20:07:58,840 [INFO] Época 1/30, Batch 1300/3348, Loss: 0.4850
2025-10-09 20:07:59,097 [INFO] Época 1/30, Batch 1350/3348, Loss: 0.5736
2025-10-09 20:07:59,356 [INFO] Época 1/30, Batch 1400/3348, Loss: 0.5613
2025-10-09 20:07:59,615 [INFO] Época 1/30, Batch 1450/3348, Loss: 0.8949
2025-10-09 20:07:59,875 [INFO] Época 1/30, Batch 1500/3348, Loss: 0.6998
2025-10-09 20:08:00,135 [INFO] Época 1/30, Batch 1550/3348, Loss: 0.3944
2025-10-09 20:08:00,397 [INFO] Época 1/30, Batch 1600/3348, Loss: 0.4356
2025-10-09 20:08:00,655 [INFO] Época 1/30, Batch 1650/3348, Loss: 0.5127
2025-10-09 20:08:00,913 [INFO] Época 1/30, Batch 1700/3348, Loss: 0.4533
2025-10-09 20:08:01,171 [INFO] Época 1/30, Batch 1750/3348, Loss: 0.4185
2025-10-09 20:08:01,429 [INFO] Época 1/30, Batch 1800/3348, Loss: 0.5165
2025-10-09 20:08:01,687 [INFO] Época 1/30, Batch 1850/3348, Loss: 0.4348
2025-10-09 20:08:01,946 [INFO] Época 1/30, Batch 1900/3348, Loss: 0.4453
2025-10-09 20:08:02,204 [INFO] Época 1/30, Batch 1950/3348, Loss: 0.4745
2025-10-09 20:08:02,463 [INFO] Época 1/30, Batch 2000/3348, Loss: 0.4612
2025-10-09 20:08:02,723 [INFO] Época 1/30, Batch 2050/3348, Loss: 0.4451
2025-10-09 20:08:02,988 [INFO] Época 1/30, Batch 2100/3348, Loss: 0.5447
2025-10-09 20:08:03,248 [INFO] Época 1/30, Batch 2150/3348, Loss: 0.5166
2025-10-09 20:08:03,508 [INFO] Época 1/30, Batch 2200/3348, Loss: 0.5461
2025-10-09 20:08:03,768 [INFO] Época 1/30, Batch 2250/3348, Loss: 0.5789
2025-10-09 20:08:04,026 [INFO] Época 1/30, Batch 2300/3348, Loss: 0.4647
2025-10-09 20:08:04,286 [INFO] Época 1/30, Batch 2350/3348, Loss: 0.5106
2025-10-09 20:08:04,543 [INFO] Época 1/30, Batch 2400/3348, Loss: 0.4513
2025-10-09 20:08:04,801 [INFO] Época 1/30, Batch 2450/3348, Loss: 0.4708
2025-10-09 20:08:05,059 [INFO] Época 1/30, Batch 2500/3348, Loss: 0.4390
2025-10-09 20:08:05,319 [INFO] Época 1/30, Batch 2550/3348, Loss: 0.5732
2025-10-09 20:08:05,577 [INFO] Época 1/30, Batch 2600/3348, Loss: 0.4598
2025-10-09 20:08:05,836 [INFO] Época 1/30, Batch 2650/3348, Loss: 0.5072
2025-10-09 20:08:06,094 [INFO] Época 1/30, Batch 2700/3348, Loss: 0.3595
2025-10-09 20:08:06,356 [INFO] Época 1/30, Batch 2750/3348, Loss: 0.6150
2025-10-09 20:08:06,614 [INFO] Época 1/30, Batch 2800/3348, Loss: 0.3828
2025-10-09 20:08:06,873 [INFO] Época 1/30, Batch 2850/3348, Loss: 0.4326
2025-10-09 20:08:07,132 [INFO] Época 1/30, Batch 2900/3348, Loss: 0.5081
2025-10-09 20:08:07,392 [INFO] Época 1/30, Batch 2950/3348, Loss: 0.3871
2025-10-09 20:08:07,652 [INFO] Época 1/30, Batch 3000/3348, Loss: 0.5743
2025-10-09 20:08:07,912 [INFO] Época 1/30, Batch 3050/3348, Loss: 0.3585
2025-10-09 20:08:08,170 [INFO] Época 1/30, Batch 3100/3348, Loss: 0.6314
2025-10-09 20:08:08,430 [INFO] Época 1/30, Batch 3150/3348, Loss: 0.4318
2025-10-09 20:08:08,690 [INFO] Época 1/30, Batch 3200/3348, Loss: 0.4998
2025-10-09 20:08:08,949 [INFO] Época 1/30, Batch 3250/3348, Loss: 0.6080
2025-10-09 20:08:09,209 [INFO] Época 1/30, Batch 3300/3348, Loss: 0.5237
2025-10-09 20:08:10,957 [INFO] [1/30] Train Loss: 0.5136 | Val Loss: 0.4349 | Tempo: 19.25s
2025-10-09 20:08:10,962 [INFO] Melhor modelo salvo em: /mnt/hdd/home/jdurao/ToolBox-ChemXAI/models/mlp_qm9_Physicochemical_att3_large.pth
2025-10-09 20:08:11,535 [INFO] Época 2/30, Batch 50/3348, Loss: 0.4970
2025-10-09 20:08:11,800 [INFO] Época 2/30, Batch 100/3348, Loss: 0.4806
2025-10-09 20:08:12,062 [INFO] Época 2/30, Batch 150/3348, Loss: 0.5441
2025-10-09 20:08:12,326 [INFO] Época 2/30, Batch 200/3348, Loss: 0.4535
2025-10-09 20:08:12,589 [INFO] Época 2/30, Batch 250/3348, Loss: 0.4248
2025-10-09 20:08:12,848 [INFO] Época 2/30, Batch 300/3348, Loss: 0.4494
2025-10-09 20:08:13,108 [INFO] Época 2/30, Batch 350/3348, Loss: 0.5806
2025-10-09 20:08:13,368 [INFO] Época 2/30, Batch 400/3348, Loss: 0.4735
2025-10-09 20:08:13,622 [INFO] Época 2/30, Batch 450/3348, Loss: 0.4029
2025-10-09 20:08:13,876 [INFO] Época 2/30, Batch 500/3348, Loss: 0.6979
2025-10-09 20:08:14,127 [INFO] Época 2/30, Batch 550/3348, Loss: 0.4422
2025-10-09 20:08:14,379 [INFO] Época 2/30, Batch 600/3348, Loss: 0.4894
2025-10-09 20:08:14,630 [INFO] Época 2/30, Batch 650/3348, Loss: 0.4157
2025-10-09 20:08:14,878 [INFO] Época 2/30, Batch 700/3348, Loss: 0.4360
2025-10-09 20:08:15,131 [INFO] Época 2/30, Batch 750/3348, Loss: 0.5285
2025-10-09 20:08:15,387 [INFO] Época 2/30, Batch 800/3348, Loss: 0.4878
2025-10-09 20:08:15,643 [INFO] Época 2/30, Batch 850/3348, Loss: 0.5293
2025-10-09 20:08:15,902 [INFO] Época 2/30, Batch 900/3348, Loss: 0.5771
2025-10-09 20:08:16,158 [INFO] Época 2/30, Batch 950/3348, Loss: 0.5501
2025-10-09 20:08:16,416 [INFO] Época 2/30, Batch 1000/3348, Loss: 0.4447
2025-10-09 20:08:16,672 [INFO] Época 2/30, Batch 1050/3348, Loss: 0.4177
2025-10-09 20:08:16,926 [INFO] Época 2/30, Batch 1100/3348, Loss: 0.4890
2025-10-09 20:08:17,185 [INFO] Época 2/30, Batch 1150/3348, Loss: 0.4134
2025-10-09 20:08:17,442 [INFO] Época 2/30, Batch 1200/3348, Loss: 0.3950
2025-10-09 20:08:17,705 [INFO] Época 2/30, Batch 1250/3348, Loss: 0.4457
2025-10-09 20:08:17,962 [INFO] Época 2/30, Batch 1300/3348, Loss: 0.4148
2025-10-09 20:08:18,220 [INFO] Época 2/30, Batch 1350/3348, Loss: 0.7150
2025-10-09 20:08:18,473 [INFO] Época 2/30, Batch 1400/3348, Loss: 0.5161
2025-10-09 20:08:18,726 [INFO] Época 2/30, Batch 1450/3348, Loss: 0.4705
2025-10-09 20:08:18,982 [INFO] Época 2/30, Batch 1500/3348, Loss: 0.6873
2025-10-09 20:08:19,236 [INFO] Época 2/30, Batch 1550/3348, Loss: 0.4829
2025-10-09 20:08:19,493 [INFO] Época 2/30, Batch 1600/3348, Loss: 0.4280
2025-10-09 20:08:19,752 [INFO] Época 2/30, Batch 1650/3348, Loss: 0.5151
2025-10-09 20:08:20,010 [INFO] Época 2/30, Batch 1700/3348, Loss: 0.4366
2025-10-09 20:08:20,269 [INFO] Época 2/30, Batch 1750/3348, Loss: 0.5962
2025-10-09 20:08:20,529 [INFO] Época 2/30, Batch 1800/3348, Loss: 0.4622
2025-10-09 20:08:20,786 [INFO] Época 2/30, Batch 1850/3348, Loss: 0.3704
2025-10-09 20:08:21,043 [INFO] Época 2/30, Batch 1900/3348, Loss: 0.4177
2025-10-09 20:08:21,302 [INFO] Época 2/30, Batch 1950/3348, Loss: 0.3979
2025-10-09 20:08:21,559 [INFO] Época 2/30, Batch 2000/3348, Loss: 0.5202
2025-10-09 20:08:21,818 [INFO] Época 2/30, Batch 2050/3348, Loss: 0.4844
2025-10-09 20:08:22,077 [INFO] Época 2/30, Batch 2100/3348, Loss: 0.5163
2025-10-09 20:08:22,336 [INFO] Época 2/30, Batch 2150/3348, Loss: 0.3410
2025-10-09 20:08:22,598 [INFO] Época 2/30, Batch 2200/3348, Loss: 0.4470
2025-10-09 20:08:22,860 [INFO] Época 2/30, Batch 2250/3348, Loss: 0.4159
2025-10-09 20:08:23,123 [INFO] Época 2/30, Batch 2300/3348, Loss: 0.5965
2025-10-09 20:08:23,383 [INFO] Época 2/30, Batch 2350/3348, Loss: 0.3683
2025-10-09 20:08:23,643 [INFO] Época 2/30, Batch 2400/3348, Loss: 0.4640
2025-10-09 20:08:23,901 [INFO] Época 2/30, Batch 2450/3348, Loss: 0.5199
2025-10-09 20:08:24,158 [INFO] Época 2/30, Batch 2500/3348, Loss: 0.5157
2025-10-09 20:08:24,417 [INFO] Época 2/30, Batch 2550/3348, Loss: 0.4630
2025-10-09 20:08:24,674 [INFO] Época 2/30, Batch 2600/3348, Loss: 0.6011
2025-10-09 20:08:24,932 [INFO] Época 2/30, Batch 2650/3348, Loss: 0.5356
2025-10-09 20:08:25,192 [INFO] Época 2/30, Batch 2700/3348, Loss: 0.4897
2025-10-09 20:08:25,450 [INFO] Época 2/30, Batch 2750/3348, Loss: 0.4939
2025-10-09 20:08:25,709 [INFO] Época 2/30, Batch 2800/3348, Loss: 0.5570
2025-10-09 20:08:25,966 [INFO] Época 2/30, Batch 2850/3348, Loss: 0.3593
2025-10-09 20:08:26,225 [INFO] Época 2/30, Batch 2900/3348, Loss: 0.5342
2025-10-09 20:08:26,483 [INFO] Época 2/30, Batch 2950/3348, Loss: 0.4593
2025-10-09 20:08:26,742 [INFO] Época 2/30, Batch 3000/3348, Loss: 0.3908
2025-10-09 20:08:27,002 [INFO] Época 2/30, Batch 3050/3348, Loss: 0.4063
2025-10-09 20:08:27,263 [INFO] Época 2/30, Batch 3100/3348, Loss: 0.5332
2025-10-09 20:08:27,522 [INFO] Época 2/30, Batch 3150/3348, Loss: 0.4769
2025-10-09 20:08:27,785 [INFO] Época 2/30, Batch 3200/3348, Loss: 0.4408
2025-10-09 20:08:28,048 [INFO] Época 2/30, Batch 3250/3348, Loss: 0.4432
2025-10-09 20:08:28,310 [INFO] Época 2/30, Batch 3300/3348, Loss: 0.5382
2025-10-09 20:08:29,984 [INFO] [2/30] Train Loss: 0.4890 | Val Loss: 0.4335 | Tempo: 19.02s
2025-10-09 20:08:29,988 [INFO] Melhor modelo salvo em: /mnt/hdd/home/jdurao/ToolBox-ChemXAI/models/mlp_qm9_Physicochemical_att3_large.pth
2025-10-09 20:08:30,549 [INFO] Época 3/30, Batch 50/3348, Loss: 0.4103
2025-10-09 20:08:30,810 [INFO] Época 3/30, Batch 100/3348, Loss: 0.5387
2025-10-09 20:08:31,068 [INFO] Época 3/30, Batch 150/3348, Loss: 0.3634
2025-10-09 20:08:31,327 [INFO] Época 3/30, Batch 200/3348, Loss: 0.4845
2025-10-09 20:08:31,585 [INFO] Época 3/30, Batch 250/3348, Loss: 0.5267
2025-10-09 20:08:31,843 [INFO] Época 3/30, Batch 300/3348, Loss: 0.4108
2025-10-09 20:08:32,100 [INFO] Época 3/30, Batch 350/3348, Loss: 0.4151
2025-10-09 20:08:32,358 [INFO] Época 3/30, Batch 400/3348, Loss: 0.4017
2025-10-09 20:08:32,617 [INFO] Época 3/30, Batch 450/3348, Loss: 0.4502
2025-10-09 20:08:32,876 [INFO] Época 3/30, Batch 500/3348, Loss: 0.4608
2025-10-09 20:08:33,136 [INFO] Época 3/30, Batch 550/3348, Loss: 0.3780
2025-10-09 20:08:33,398 [INFO] Época 3/30, Batch 600/3348, Loss: 0.5408
2025-10-09 20:08:33,658 [INFO] Época 3/30, Batch 650/3348, Loss: 0.4540
2025-10-09 20:08:33,918 [INFO] Época 3/30, Batch 700/3348, Loss: 0.4939
2025-10-09 20:08:34,174 [INFO] Época 3/30, Batch 750/3348, Loss: 0.3458
2025-10-09 20:08:34,436 [INFO] Época 3/30, Batch 800/3348, Loss: 0.4233
2025-10-09 20:08:34,686 [INFO] Época 3/30, Batch 850/3348, Loss: 0.4628
2025-10-09 20:08:34,941 [INFO] Época 3/30, Batch 900/3348, Loss: 0.5640
2025-10-09 20:08:35,191 [INFO] Época 3/30, Batch 950/3348, Loss: 0.4795
2025-10-09 20:08:35,442 [INFO] Época 3/30, Batch 1000/3348, Loss: 0.5105
2025-10-09 20:08:35,693 [INFO] Época 3/30, Batch 1050/3348, Loss: 0.5339
2025-10-09 20:08:35,944 [INFO] Época 3/30, Batch 1100/3348, Loss: 0.3195
2025-10-09 20:08:36,196 [INFO] Época 3/30, Batch 1150/3348, Loss: 0.6882
2025-10-09 20:08:36,454 [INFO] Época 3/30, Batch 1200/3348, Loss: 0.6733
2025-10-09 20:08:36,712 [INFO] Época 3/30, Batch 1250/3348, Loss: 0.5068
2025-10-09 20:08:36,973 [INFO] Época 3/30, Batch 1300/3348, Loss: 0.4449
2025-10-09 20:08:37,230 [INFO] Época 3/30, Batch 1350/3348, Loss: 0.5030
2025-10-09 20:08:37,489 [INFO] Época 3/30, Batch 1400/3348, Loss: 0.4944
2025-10-09 20:08:37,746 [INFO] Época 3/30, Batch 1450/3348, Loss: 0.4701
2025-10-09 20:08:38,006 [INFO] Época 3/30, Batch 1500/3348, Loss: 0.4818
2025-10-09 20:08:38,267 [INFO] Época 3/30, Batch 1550/3348, Loss: 0.5405
2025-10-09 20:08:38,526 [INFO] Época 3/30, Batch 1600/3348, Loss: 0.4592
2025-10-09 20:08:38,786 [INFO] Época 3/30, Batch 1650/3348, Loss: 0.5039
2025-10-09 20:08:39,046 [INFO] Época 3/30, Batch 1700/3348, Loss: 0.4112
2025-10-09 20:08:39,306 [INFO] Época 3/30, Batch 1750/3348, Loss: 0.3874
2025-10-09 20:08:39,572 [INFO] Época 3/30, Batch 1800/3348, Loss: 0.4438
2025-10-09 20:08:39,833 [INFO] Época 3/30, Batch 1850/3348, Loss: 0.3681
2025-10-09 20:08:40,091 [INFO] Época 3/30, Batch 1900/3348, Loss: 0.3424
2025-10-09 20:08:40,352 [INFO] Época 3/30, Batch 1950/3348, Loss: 0.6168
2025-10-09 20:08:40,612 [INFO] Época 3/30, Batch 2000/3348, Loss: 0.4131
2025-10-09 20:08:40,872 [INFO] Época 3/30, Batch 2050/3348, Loss: 0.3509
2025-10-09 20:08:41,132 [INFO] Época 3/30, Batch 2100/3348, Loss: 0.5583
2025-10-09 20:08:41,392 [INFO] Época 3/30, Batch 2150/3348, Loss: 0.4176
2025-10-09 20:08:41,651 [INFO] Época 3/30, Batch 2200/3348, Loss: 0.4968
2025-10-09 20:08:41,910 [INFO] Época 3/30, Batch 2250/3348, Loss: 0.5018
2025-10-09 20:08:42,172 [INFO] Época 3/30, Batch 2300/3348, Loss: 0.7601
2025-10-09 20:08:42,431 [INFO] Época 3/30, Batch 2350/3348, Loss: 0.4995
2025-10-09 20:08:42,691 [INFO] Época 3/30, Batch 2400/3348, Loss: 0.4593
2025-10-09 20:08:42,950 [INFO] Época 3/30, Batch 2450/3348, Loss: 0.5155
2025-10-09 20:08:43,210 [INFO] Época 3/30, Batch 2500/3348, Loss: 0.4294
2025-10-09 20:08:43,472 [INFO] Época 3/30, Batch 2550/3348, Loss: 0.4690
2025-10-09 20:08:43,731 [INFO] Época 3/30, Batch 2600/3348, Loss: 0.5181
2025-10-09 20:08:43,988 [INFO] Época 3/30, Batch 2650/3348, Loss: 0.4329
2025-10-09 20:08:44,245 [INFO] Época 3/30, Batch 2700/3348, Loss: 0.4786
2025-10-09 20:08:44,503 [INFO] Época 3/30, Batch 2750/3348, Loss: 0.5488
2025-10-09 20:08:44,762 [INFO] Época 3/30, Batch 2800/3348, Loss: 0.4195
2025-10-09 20:08:45,025 [INFO] Época 3/30, Batch 2850/3348, Loss: 0.3433
2025-10-09 20:08:45,287 [INFO] Época 3/30, Batch 2900/3348, Loss: 0.3930
2025-10-09 20:08:45,549 [INFO] Época 3/30, Batch 2950/3348, Loss: 0.4415
2025-10-09 20:08:45,807 [INFO] Época 3/30, Batch 3000/3348, Loss: 0.5673
2025-10-09 20:08:46,064 [INFO] Época 3/30, Batch 3050/3348, Loss: 0.3624
2025-10-09 20:08:46,324 [INFO] Época 3/30, Batch 3100/3348, Loss: 0.5419
2025-10-09 20:08:46,581 [INFO] Época 3/30, Batch 3150/3348, Loss: 0.4481
2025-10-09 20:08:46,841 [INFO] Época 3/30, Batch 3200/3348, Loss: 0.5291
2025-10-09 20:08:47,099 [INFO] Época 3/30, Batch 3250/3348, Loss: 0.4999
2025-10-09 20:08:47,358 [INFO] Época 3/30, Batch 3300/3348, Loss: 0.5230
2025-10-09 20:08:49,020 [INFO] [3/30] Train Loss: 0.4810 | Val Loss: 0.4267 | Tempo: 19.03s
2025-10-09 20:08:49,024 [INFO] Melhor modelo salvo em: /mnt/hdd/home/jdurao/ToolBox-ChemXAI/models/mlp_qm9_Physicochemical_att3_large.pth
2025-10-09 20:08:49,593 [INFO] Época 4/30, Batch 50/3348, Loss: 0.5315
2025-10-09 20:08:49,867 [INFO] Época 4/30, Batch 100/3348, Loss: 0.3990
2025-10-09 20:08:50,138 [INFO] Época 4/30, Batch 150/3348, Loss: 0.4589
2025-10-09 20:08:50,406 [INFO] Época 4/30, Batch 200/3348, Loss: 0.4890
2025-10-09 20:08:50,673 [INFO] Época 4/30, Batch 250/3348, Loss: 0.3243
2025-10-09 20:08:50,934 [INFO] Época 4/30, Batch 300/3348, Loss: 0.4442
2025-10-09 20:08:51,203 [INFO] Época 4/30, Batch 350/3348, Loss: 0.4252
2025-10-09 20:08:51,460 [INFO] Época 4/30, Batch 400/3348, Loss: 0.3690
2025-10-09 20:08:51,719 [INFO] Época 4/30, Batch 450/3348, Loss: 0.5734
2025-10-09 20:08:51,977 [INFO] Época 4/30, Batch 500/3348, Loss: 0.5290
2025-10-09 20:08:52,237 [INFO] Época 4/30, Batch 550/3348, Loss: 0.4085
2025-10-09 20:08:52,495 [INFO] Época 4/30, Batch 600/3348, Loss: 0.3625
2025-10-09 20:08:52,754 [INFO] Época 4/30, Batch 650/3348, Loss: 0.3551
2025-10-09 20:08:53,013 [INFO] Época 4/30, Batch 700/3348, Loss: 0.4109
2025-10-09 20:08:53,268 [INFO] Época 4/30, Batch 750/3348, Loss: 0.3321
2025-10-09 20:08:53,542 [INFO] Época 4/30, Batch 800/3348, Loss: 0.4373
2025-10-09 20:08:53,818 [INFO] Época 4/30, Batch 850/3348, Loss: 0.4677
2025-10-09 20:08:54,091 [INFO] Época 4/30, Batch 900/3348, Loss: 0.4665
2025-10-09 20:08:54,362 [INFO] Época 4/30, Batch 950/3348, Loss: 0.4246
2025-10-09 20:08:54,624 [INFO] Época 4/30, Batch 1000/3348, Loss: 0.4816
2025-10-09 20:08:54,899 [INFO] Época 4/30, Batch 1050/3348, Loss: 0.5338
2025-10-09 20:08:55,173 [INFO] Época 4/30, Batch 1100/3348, Loss: 0.4546
2025-10-09 20:08:55,448 [INFO] Época 4/30, Batch 1150/3348, Loss: 0.5809
2025-10-09 20:08:55,721 [INFO] Época 4/30, Batch 1200/3348, Loss: 0.3318
2025-10-09 20:08:55,994 [INFO] Época 4/30, Batch 1250/3348, Loss: 0.4801
2025-10-09 20:08:56,261 [INFO] Época 4/30, Batch 1300/3348, Loss: 0.4226
2025-10-09 20:08:56,521 [INFO] Época 4/30, Batch 1350/3348, Loss: 0.4269
2025-10-09 20:08:56,780 [INFO] Época 4/30, Batch 1400/3348, Loss: 0.4280
2025-10-09 20:08:57,037 [INFO] Época 4/30, Batch 1450/3348, Loss: 0.3548
2025-10-09 20:08:57,298 [INFO] Época 4/30, Batch 1500/3348, Loss: 0.4733
2025-10-09 20:08:57,558 [INFO] Época 4/30, Batch 1550/3348, Loss: 0.5072
2025-10-09 20:08:57,835 [INFO] Época 4/30, Batch 1600/3348, Loss: 0.4098
2025-10-09 20:08:58,114 [INFO] Época 4/30, Batch 1650/3348, Loss: 0.3523
2025-10-09 20:08:58,376 [INFO] Época 4/30, Batch 1700/3348, Loss: 0.6041
2025-10-09 20:08:58,636 [INFO] Época 4/30, Batch 1750/3348, Loss: 0.5046
2025-10-09 20:08:58,895 [INFO] Época 4/30, Batch 1800/3348, Loss: 0.4921
2025-10-09 20:08:59,154 [INFO] Época 4/30, Batch 1850/3348, Loss: 0.3550
2025-10-09 20:08:59,413 [INFO] Época 4/30, Batch 1900/3348, Loss: 0.5005
2025-10-09 20:08:59,670 [INFO] Época 4/30, Batch 1950/3348, Loss: 0.5705
2025-10-09 20:08:59,932 [INFO] Época 4/30, Batch 2000/3348, Loss: 0.4833
2025-10-09 20:09:00,192 [INFO] Época 4/30, Batch 2050/3348, Loss: 0.5443
2025-10-09 20:09:00,453 [INFO] Época 4/30, Batch 2100/3348, Loss: 0.3591
2025-10-09 20:09:00,713 [INFO] Época 4/30, Batch 2150/3348, Loss: 0.5112
2025-10-09 20:09:00,972 [INFO] Época 4/30, Batch 2200/3348, Loss: 0.4179
2025-10-09 20:09:01,231 [INFO] Época 4/30, Batch 2250/3348, Loss: 0.3288
2025-10-09 20:09:01,490 [INFO] Época 4/30, Batch 2300/3348, Loss: 0.6247
2025-10-09 20:09:01,750 [INFO] Época 4/30, Batch 2350/3348, Loss: 0.3444
2025-10-09 20:09:02,008 [INFO] Época 4/30, Batch 2400/3348, Loss: 0.4178
2025-10-09 20:09:02,266 [INFO] Época 4/30, Batch 2450/3348, Loss: 0.5468
2025-10-09 20:09:02,527 [INFO] Época 4/30, Batch 2500/3348, Loss: 0.5232
2025-10-09 20:09:02,789 [INFO] Época 4/30, Batch 2550/3348, Loss: 0.4338
2025-10-09 20:09:03,052 [INFO] Época 4/30, Batch 2600/3348, Loss: 0.5386
2025-10-09 20:09:03,311 [INFO] Época 4/30, Batch 2650/3348, Loss: 0.4197
2025-10-09 20:09:03,571 [INFO] Época 4/30, Batch 2700/3348, Loss: 0.3435
2025-10-09 20:09:03,831 [INFO] Época 4/30, Batch 2750/3348, Loss: 0.4329
2025-10-09 20:09:04,092 [INFO] Época 4/30, Batch 2800/3348, Loss: 0.3824
2025-10-09 20:09:04,353 [INFO] Época 4/30, Batch 2850/3348, Loss: 0.4527
2025-10-09 20:09:04,614 [INFO] Época 4/30, Batch 2900/3348, Loss: 0.4470
2025-10-09 20:09:04,874 [INFO] Época 4/30, Batch 2950/3348, Loss: 0.3366
2025-10-09 20:09:05,135 [INFO] Época 4/30, Batch 3000/3348, Loss: 0.4586
2025-10-09 20:09:05,397 [INFO] Época 4/30, Batch 3050/3348, Loss: 0.4921
2025-10-09 20:09:05,657 [INFO] Época 4/30, Batch 3100/3348, Loss: 0.3953
2025-10-09 20:09:05,918 [INFO] Época 4/30, Batch 3150/3348, Loss: 0.4808
2025-10-09 20:09:06,178 [INFO] Época 4/30, Batch 3200/3348, Loss: 0.5088
2025-10-09 20:09:06,438 [INFO] Época 4/30, Batch 3250/3348, Loss: 0.5328
2025-10-09 20:09:06,698 [INFO] Época 4/30, Batch 3300/3348, Loss: 0.3551
2025-10-09 20:09:08,525 [INFO] [4/30] Train Loss: 0.4738 | Val Loss: 0.4255 | Tempo: 19.50s
2025-10-09 20:09:08,529 [INFO] Melhor modelo salvo em: /mnt/hdd/home/jdurao/ToolBox-ChemXAI/models/mlp_qm9_Physicochemical_att3_large.pth
2025-10-09 20:09:09,109 [INFO] Época 5/30, Batch 50/3348, Loss: 0.4164
2025-10-09 20:09:09,381 [INFO] Época 5/30, Batch 100/3348, Loss: 0.3858
2025-10-09 20:09:09,649 [INFO] Época 5/30, Batch 150/3348, Loss: 0.4058
2025-10-09 20:09:09,916 [INFO] Época 5/30, Batch 200/3348, Loss: 0.4563
2025-10-09 20:09:10,181 [INFO] Época 5/30, Batch 250/3348, Loss: 0.4631
2025-10-09 20:09:10,446 [INFO] Época 5/30, Batch 300/3348, Loss: 0.6000
2025-10-09 20:09:10,713 [INFO] Época 5/30, Batch 350/3348, Loss: 0.5870
2025-10-09 20:09:10,982 [INFO] Época 5/30, Batch 400/3348, Loss: 0.4558
2025-10-09 20:09:11,251 [INFO] Época 5/30, Batch 450/3348, Loss: 0.4292
2025-10-09 20:09:11,519 [INFO] Época 5/30, Batch 500/3348, Loss: 0.4470
2025-10-09 20:09:11,787 [INFO] Época 5/30, Batch 550/3348, Loss: 0.4643
2025-10-09 20:09:12,056 [INFO] Época 5/30, Batch 600/3348, Loss: 0.5141
2025-10-09 20:09:12,322 [INFO] Época 5/30, Batch 650/3348, Loss: 0.6055
2025-10-09 20:09:12,582 [INFO] Época 5/30, Batch 700/3348, Loss: 0.3971
2025-10-09 20:09:12,848 [INFO] Época 5/30, Batch 750/3348, Loss: 0.4221
2025-10-09 20:09:13,105 [INFO] Época 5/30, Batch 800/3348, Loss: 0.4480
2025-10-09 20:09:13,361 [INFO] Época 5/30, Batch 850/3348, Loss: 0.3329
2025-10-09 20:09:13,625 [INFO] Época 5/30, Batch 900/3348, Loss: 0.3835
2025-10-09 20:09:13,889 [INFO] Época 5/30, Batch 950/3348, Loss: 0.5875
2025-10-09 20:09:14,156 [INFO] Época 5/30, Batch 1000/3348, Loss: 0.5718
2025-10-09 20:09:14,421 [INFO] Época 5/30, Batch 1050/3348, Loss: 0.5387
2025-10-09 20:09:14,689 [INFO] Época 5/30, Batch 1100/3348, Loss: 0.4488
2025-10-09 20:09:14,954 [INFO] Época 5/30, Batch 1150/3348, Loss: 0.5390
2025-10-09 20:09:15,219 [INFO] Época 5/30, Batch 1200/3348, Loss: 0.3630
2025-10-09 20:09:15,488 [INFO] Época 5/30, Batch 1250/3348, Loss: 0.4165
2025-10-09 20:09:15,758 [INFO] Época 5/30, Batch 1300/3348, Loss: 0.3622
2025-10-09 20:09:16,025 [INFO] Época 5/30, Batch 1350/3348, Loss: 0.4436
2025-10-09 20:09:16,295 [INFO] Época 5/30, Batch 1400/3348, Loss: 0.7345
2025-10-09 20:09:16,562 [INFO] Época 5/30, Batch 1450/3348, Loss: 0.3612
2025-10-09 20:09:16,828 [INFO] Época 5/30, Batch 1500/3348, Loss: 0.4699
2025-10-09 20:09:17,094 [INFO] Época 5/30, Batch 1550/3348, Loss: 0.4174
2025-10-09 20:09:17,363 [INFO] Época 5/30, Batch 1600/3348, Loss: 0.5529
2025-10-09 20:09:17,625 [INFO] Época 5/30, Batch 1650/3348, Loss: 0.3241
2025-10-09 20:09:17,886 [INFO] Época 5/30, Batch 1700/3348, Loss: 0.4492
2025-10-09 20:09:18,155 [INFO] Época 5/30, Batch 1750/3348, Loss: 0.4450
2025-10-09 20:09:18,425 [INFO] Época 5/30, Batch 1800/3348, Loss: 0.4978
2025-10-09 20:09:18,692 [INFO] Época 5/30, Batch 1850/3348, Loss: 0.5077
2025-10-09 20:09:18,962 [INFO] Época 5/30, Batch 1900/3348, Loss: 0.6418
2025-10-09 20:09:19,221 [INFO] Época 5/30, Batch 1950/3348, Loss: 0.6873
2025-10-09 20:09:19,484 [INFO] Época 5/30, Batch 2000/3348, Loss: 0.3849
2025-10-09 20:09:19,746 [INFO] Época 5/30, Batch 2050/3348, Loss: 0.3987
2025-10-09 20:09:20,009 [INFO] Época 5/30, Batch 2100/3348, Loss: 0.3268
2025-10-09 20:09:20,274 [INFO] Época 5/30, Batch 2150/3348, Loss: 0.4537
2025-10-09 20:09:20,540 [INFO] Época 5/30, Batch 2200/3348, Loss: 0.4578
2025-10-09 20:09:20,806 [INFO] Época 5/30, Batch 2250/3348, Loss: 0.4524
2025-10-09 20:09:21,064 [INFO] Época 5/30, Batch 2300/3348, Loss: 0.4772
2025-10-09 20:09:21,324 [INFO] Época 5/30, Batch 2350/3348, Loss: 0.3882
2025-10-09 20:09:21,584 [INFO] Época 5/30, Batch 2400/3348, Loss: 0.5163
2025-10-09 20:09:21,850 [INFO] Época 5/30, Batch 2450/3348, Loss: 0.4465
2025-10-09 20:09:22,117 [INFO] Época 5/30, Batch 2500/3348, Loss: 0.3372
2025-10-09 20:09:22,382 [INFO] Época 5/30, Batch 2550/3348, Loss: 0.4070
2025-10-09 20:09:22,642 [INFO] Época 5/30, Batch 2600/3348, Loss: 0.3132
2025-10-09 20:09:22,901 [INFO] Época 5/30, Batch 2650/3348, Loss: 0.4886
2025-10-09 20:09:23,166 [INFO] Época 5/30, Batch 2700/3348, Loss: 0.5360
2025-10-09 20:09:23,430 [INFO] Época 5/30, Batch 2750/3348, Loss: 0.5694
2025-10-09 20:09:23,696 [INFO] Época 5/30, Batch 2800/3348, Loss: 0.4250
2025-10-09 20:09:23,963 [INFO] Época 5/30, Batch 2850/3348, Loss: 0.5145
2025-10-09 20:09:24,230 [INFO] Época 5/30, Batch 2900/3348, Loss: 0.5955
2025-10-09 20:09:24,490 [INFO] Época 5/30, Batch 2950/3348, Loss: 0.5759
2025-10-09 20:09:24,751 [INFO] Época 5/30, Batch 3000/3348, Loss: 0.6134
2025-10-09 20:09:25,015 [INFO] Época 5/30, Batch 3050/3348, Loss: 0.4464
2025-10-09 20:09:25,276 [INFO] Época 5/30, Batch 3100/3348, Loss: 0.5296
2025-10-09 20:09:25,540 [INFO] Época 5/30, Batch 3150/3348, Loss: 0.3052
2025-10-09 20:09:25,799 [INFO] Época 5/30, Batch 3200/3348, Loss: 0.4580
2025-10-09 20:09:26,060 [INFO] Época 5/30, Batch 3250/3348, Loss: 0.4559
2025-10-09 20:09:26,319 [INFO] Época 5/30, Batch 3300/3348, Loss: 0.4859
2025-10-09 20:09:28,140 [INFO] [5/30] Train Loss: 0.4699 | Val Loss: 0.4244 | Tempo: 19.61s
2025-10-09 20:09:28,145 [INFO] Melhor modelo salvo em: /mnt/hdd/home/jdurao/ToolBox-ChemXAI/models/mlp_qm9_Physicochemical_att3_large.pth
2025-10-09 20:09:28,718 [INFO] Época 6/30, Batch 50/3348, Loss: 0.5228
2025-10-09 20:09:28,981 [INFO] Época 6/30, Batch 100/3348, Loss: 0.3915
2025-10-09 20:09:29,245 [INFO] Época 6/30, Batch 150/3348, Loss: 0.3047
2025-10-09 20:09:29,506 [INFO] Época 6/30, Batch 200/3348, Loss: 0.5735
2025-10-09 20:09:29,766 [INFO] Época 6/30, Batch 250/3348, Loss: 0.3564
2025-10-09 20:09:30,026 [INFO] Época 6/30, Batch 300/3348, Loss: 0.5685
2025-10-09 20:09:30,287 [INFO] Época 6/30, Batch 350/3348, Loss: 0.4081
2025-10-09 20:09:30,546 [INFO] Época 6/30, Batch 400/3348, Loss: 0.5325
2025-10-09 20:09:30,806 [INFO] Época 6/30, Batch 450/3348, Loss: 0.4852
2025-10-09 20:09:31,068 [INFO] Época 6/30, Batch 500/3348, Loss: 0.4547
2025-10-09 20:09:31,329 [INFO] Época 6/30, Batch 550/3348, Loss: 0.3360
2025-10-09 20:09:31,589 [INFO] Época 6/30, Batch 600/3348, Loss: 0.4495
2025-10-09 20:09:31,847 [INFO] Época 6/30, Batch 650/3348, Loss: 0.3479
2025-10-09 20:09:32,104 [INFO] Época 6/30, Batch 700/3348, Loss: 0.3318
2025-10-09 20:09:32,359 [INFO] Época 6/30, Batch 750/3348, Loss: 0.3080
2025-10-09 20:09:32,612 [INFO] Época 6/30, Batch 800/3348, Loss: 0.4527
2025-10-09 20:09:32,868 [INFO] Época 6/30, Batch 850/3348, Loss: 0.4578
2025-10-09 20:09:33,124 [INFO] Época 6/30, Batch 900/3348, Loss: 0.3796
2025-10-09 20:09:33,381 [INFO] Época 6/30, Batch 950/3348, Loss: 0.5781
2025-10-09 20:09:33,635 [INFO] Época 6/30, Batch 1000/3348, Loss: 0.6417
2025-10-09 20:09:33,889 [INFO] Época 6/30, Batch 1050/3348, Loss: 0.4227
2025-10-09 20:09:34,145 [INFO] Época 6/30, Batch 1100/3348, Loss: 0.5931
2025-10-09 20:09:34,401 [INFO] Época 6/30, Batch 1150/3348, Loss: 0.3499
2025-10-09 20:09:34,655 [INFO] Época 6/30, Batch 1200/3348, Loss: 0.5132
2025-10-09 20:09:34,917 [INFO] Época 6/30, Batch 1250/3348, Loss: 0.4141
2025-10-09 20:09:35,172 [INFO] Época 6/30, Batch 1300/3348, Loss: 0.4888
2025-10-09 20:09:35,429 [INFO] Época 6/30, Batch 1350/3348, Loss: 0.4582
2025-10-09 20:09:35,685 [INFO] Época 6/30, Batch 1400/3348, Loss: 0.3994
2025-10-09 20:09:35,940 [INFO] Época 6/30, Batch 1450/3348, Loss: 0.5644
2025-10-09 20:09:36,194 [INFO] Época 6/30, Batch 1500/3348, Loss: 0.3821
2025-10-09 20:09:36,450 [INFO] Época 6/30, Batch 1550/3348, Loss: 0.4312
2025-10-09 20:09:36,706 [INFO] Época 6/30, Batch 1600/3348, Loss: 0.3733
2025-10-09 20:09:36,965 [INFO] Época 6/30, Batch 1650/3348, Loss: 0.4274
2025-10-09 20:09:37,222 [INFO] Época 6/30, Batch 1700/3348, Loss: 0.4666
2025-10-09 20:09:37,481 [INFO] Época 6/30, Batch 1750/3348, Loss: 0.4378
2025-10-09 20:09:37,737 [INFO] Época 6/30, Batch 1800/3348, Loss: 0.5301
2025-10-09 20:09:37,997 [INFO] Época 6/30, Batch 1850/3348, Loss: 0.4450
2025-10-09 20:09:38,254 [INFO] Época 6/30, Batch 1900/3348, Loss: 0.7488
2025-10-09 20:09:38,512 [INFO] Época 6/30, Batch 1950/3348, Loss: 0.4134
2025-10-09 20:09:38,770 [INFO] Época 6/30, Batch 2000/3348, Loss: 0.5654
2025-10-09 20:09:39,027 [INFO] Época 6/30, Batch 2050/3348, Loss: 0.4518
2025-10-09 20:09:39,284 [INFO] Época 6/30, Batch 2100/3348, Loss: 0.6264
2025-10-09 20:09:39,542 [INFO] Época 6/30, Batch 2150/3348, Loss: 0.3754
2025-10-09 20:09:39,801 [INFO] Época 6/30, Batch 2200/3348, Loss: 0.3781
2025-10-09 20:09:40,055 [INFO] Época 6/30, Batch 2250/3348, Loss: 0.4176
2025-10-09 20:09:40,310 [INFO] Época 6/30, Batch 2300/3348, Loss: 0.8023
2025-10-09 20:09:40,565 [INFO] Época 6/30, Batch 2350/3348, Loss: 0.4519
2025-10-09 20:09:40,822 [INFO] Época 6/30, Batch 2400/3348, Loss: 0.4117
2025-10-09 20:09:41,079 [INFO] Época 6/30, Batch 2450/3348, Loss: 0.5697
2025-10-09 20:09:41,335 [INFO] Época 6/30, Batch 2500/3348, Loss: 0.4704
2025-10-09 20:09:41,592 [INFO] Época 6/30, Batch 2550/3348, Loss: 0.4381
2025-10-09 20:09:41,846 [INFO] Época 6/30, Batch 2600/3348, Loss: 0.3915
2025-10-09 20:09:42,102 [INFO] Época 6/30, Batch 2650/3348, Loss: 0.3919
2025-10-09 20:09:42,358 [INFO] Época 6/30, Batch 2700/3348, Loss: 0.5140
2025-10-09 20:09:42,614 [INFO] Época 6/30, Batch 2750/3348, Loss: 0.5058
2025-10-09 20:09:42,871 [INFO] Época 6/30, Batch 2800/3348, Loss: 0.5157
2025-10-09 20:09:43,127 [INFO] Época 6/30, Batch 2850/3348, Loss: 0.6300
2025-10-09 20:09:43,386 [INFO] Época 6/30, Batch 2900/3348, Loss: 0.3622
2025-10-09 20:09:43,645 [INFO] Época 6/30, Batch 2950/3348, Loss: 0.3954
2025-10-09 20:09:43,903 [INFO] Época 6/30, Batch 3000/3348, Loss: 0.3550
2025-10-09 20:09:44,159 [INFO] Época 6/30, Batch 3050/3348, Loss: 0.4602
2025-10-09 20:09:44,418 [INFO] Época 6/30, Batch 3100/3348, Loss: 0.4887
2025-10-09 20:09:44,674 [INFO] Época 6/30, Batch 3150/3348, Loss: 0.4471
2025-10-09 20:09:44,932 [INFO] Época 6/30, Batch 3200/3348, Loss: 0.3491
2025-10-09 20:09:45,188 [INFO] Época 6/30, Batch 3250/3348, Loss: 0.4083
2025-10-09 20:09:45,445 [INFO] Época 6/30, Batch 3300/3348, Loss: 0.4264
2025-10-09 20:09:47,281 [INFO] [6/30] Train Loss: 0.4659 | Val Loss: 0.4219 | Tempo: 19.14s
2025-10-09 20:09:47,285 [INFO] Melhor modelo salvo em: /mnt/hdd/home/jdurao/ToolBox-ChemXAI/models/mlp_qm9_Physicochemical_att3_large.pth
2025-10-09 20:09:47,864 [INFO] Época 7/30, Batch 50/3348, Loss: 0.4114
2025-10-09 20:09:48,132 [INFO] Época 7/30, Batch 100/3348, Loss: 0.8955
2025-10-09 20:09:48,394 [INFO] Época 7/30, Batch 150/3348, Loss: 0.5215
2025-10-09 20:09:48,664 [INFO] Época 7/30, Batch 200/3348, Loss: 0.6162
2025-10-09 20:09:48,932 [INFO] Época 7/30, Batch 250/3348, Loss: 0.5142
2025-10-09 20:09:49,200 [INFO] Época 7/30, Batch 300/3348, Loss: 0.4698
2025-10-09 20:09:49,469 [INFO] Época 7/30, Batch 350/3348, Loss: 0.5377
2025-10-09 20:09:49,732 [INFO] Época 7/30, Batch 400/3348, Loss: 0.4571
2025-10-09 20:09:50,000 [INFO] Época 7/30, Batch 450/3348, Loss: 0.3402
2025-10-09 20:09:50,267 [INFO] Época 7/30, Batch 500/3348, Loss: 0.4317
2025-10-09 20:09:50,533 [INFO] Época 7/30, Batch 550/3348, Loss: 0.4365
2025-10-09 20:09:50,799 [INFO] Época 7/30, Batch 600/3348, Loss: 0.3108
2025-10-09 20:09:51,067 [INFO] Época 7/30, Batch 650/3348, Loss: 0.3910
2025-10-09 20:09:51,325 [INFO] Época 7/30, Batch 700/3348, Loss: 0.3571
2025-10-09 20:09:51,584 [INFO] Época 7/30, Batch 750/3348, Loss: 0.4830
2025-10-09 20:09:51,842 [INFO] Época 7/30, Batch 800/3348, Loss: 0.5325
2025-10-09 20:09:52,100 [INFO] Época 7/30, Batch 850/3348, Loss: 0.4782
2025-10-09 20:09:52,355 [INFO] Época 7/30, Batch 900/3348, Loss: 0.4442
2025-10-09 20:09:52,602 [INFO] Época 7/30, Batch 950/3348, Loss: 0.4584
2025-10-09 20:09:52,846 [INFO] Época 7/30, Batch 1000/3348, Loss: 0.6390
2025-10-09 20:09:53,089 [INFO] Época 7/30, Batch 1050/3348, Loss: 0.4181
2025-10-09 20:09:53,331 [INFO] Época 7/30, Batch 1100/3348, Loss: 0.3321
2025-10-09 20:09:53,575 [INFO] Época 7/30, Batch 1150/3348, Loss: 0.3096
2025-10-09 20:09:53,821 [INFO] Época 7/30, Batch 1200/3348, Loss: 0.4103
2025-10-09 20:09:54,064 [INFO] Época 7/30, Batch 1250/3348, Loss: 0.4567
2025-10-09 20:09:54,306 [INFO] Época 7/30, Batch 1300/3348, Loss: 0.4640
2025-10-09 20:09:54,566 [INFO] Época 7/30, Batch 1350/3348, Loss: 0.3687
2025-10-09 20:09:54,830 [INFO] Época 7/30, Batch 1400/3348, Loss: 0.3882
2025-10-09 20:09:55,094 [INFO] Época 7/30, Batch 1450/3348, Loss: 0.5221
2025-10-09 20:09:55,356 [INFO] Época 7/30, Batch 1500/3348, Loss: 0.4106
2025-10-09 20:09:55,615 [INFO] Época 7/30, Batch 1550/3348, Loss: 0.4482
2025-10-09 20:09:55,871 [INFO] Época 7/30, Batch 1600/3348, Loss: 0.4504
2025-10-09 20:09:56,127 [INFO] Época 7/30, Batch 1650/3348, Loss: 0.3987
2025-10-09 20:09:56,385 [INFO] Época 7/30, Batch 1700/3348, Loss: 0.5687
2025-10-09 20:09:56,643 [INFO] Época 7/30, Batch 1750/3348, Loss: 0.5493
2025-10-09 20:09:56,900 [INFO] Época 7/30, Batch 1800/3348, Loss: 0.5275
2025-10-09 20:09:57,157 [INFO] Época 7/30, Batch 1850/3348, Loss: 0.4193
2025-10-09 20:09:57,413 [INFO] Época 7/30, Batch 1900/3348, Loss: 0.3917
2025-10-09 20:09:57,671 [INFO] Época 7/30, Batch 1950/3348, Loss: 0.4877
2025-10-09 20:09:57,929 [INFO] Época 7/30, Batch 2000/3348, Loss: 0.4911
2025-10-09 20:09:58,191 [INFO] Época 7/30, Batch 2050/3348, Loss: 0.4085
2025-10-09 20:09:58,453 [INFO] Época 7/30, Batch 2100/3348, Loss: 0.5715
2025-10-09 20:09:58,711 [INFO] Época 7/30, Batch 2150/3348, Loss: 0.4304
2025-10-09 20:09:58,969 [INFO] Época 7/30, Batch 2200/3348, Loss: 0.4261
2025-10-09 20:09:59,227 [INFO] Época 7/30, Batch 2250/3348, Loss: 0.3291
2025-10-09 20:09:59,489 [INFO] Época 7/30, Batch 2300/3348, Loss: 0.5160
2025-10-09 20:09:59,751 [INFO] Época 7/30, Batch 2350/3348, Loss: 0.3220
2025-10-09 20:10:00,013 [INFO] Época 7/30, Batch 2400/3348, Loss: 0.5701
2025-10-09 20:10:00,277 [INFO] Época 7/30, Batch 2450/3348, Loss: 0.5184
2025-10-09 20:10:00,539 [INFO] Época 7/30, Batch 2500/3348, Loss: 0.4530
2025-10-09 20:10:00,797 [INFO] Época 7/30, Batch 2550/3348, Loss: 0.5504
2025-10-09 20:10:01,055 [INFO] Época 7/30, Batch 2600/3348, Loss: 0.3604
2025-10-09 20:10:01,312 [INFO] Época 7/30, Batch 2650/3348, Loss: 0.4568
2025-10-09 20:10:01,571 [INFO] Época 7/30, Batch 2700/3348, Loss: 0.5084
2025-10-09 20:10:01,830 [INFO] Época 7/30, Batch 2750/3348, Loss: 0.3605
2025-10-09 20:10:02,087 [INFO] Época 7/30, Batch 2800/3348, Loss: 0.4326
2025-10-09 20:10:02,349 [INFO] Época 7/30, Batch 2850/3348, Loss: 0.4665
2025-10-09 20:10:02,610 [INFO] Época 7/30, Batch 2900/3348, Loss: 0.5044
2025-10-09 20:10:02,870 [INFO] Época 7/30, Batch 2950/3348, Loss: 0.4074
2025-10-09 20:10:03,131 [INFO] Época 7/30, Batch 3000/3348, Loss: 0.4626
2025-10-09 20:10:03,391 [INFO] Época 7/30, Batch 3050/3348, Loss: 0.2420
2025-10-09 20:10:03,651 [INFO] Época 7/30, Batch 3100/3348, Loss: 0.3806
2025-10-09 20:10:03,910 [INFO] Época 7/30, Batch 3150/3348, Loss: 0.4789
2025-10-09 20:10:04,170 [INFO] Época 7/30, Batch 3200/3348, Loss: 0.4427
2025-10-09 20:10:04,434 [INFO] Época 7/30, Batch 3250/3348, Loss: 0.5097
2025-10-09 20:10:04,691 [INFO] Época 7/30, Batch 3300/3348, Loss: 0.3985
2025-10-09 20:10:06,380 [INFO] [7/30] Train Loss: 0.4635 | Val Loss: 0.4170 | Tempo: 19.09s
2025-10-09 20:10:06,384 [INFO] Melhor modelo salvo em: /mnt/hdd/home/jdurao/ToolBox-ChemXAI/models/mlp_qm9_Physicochemical_att3_large.pth
2025-10-09 20:10:06,963 [INFO] Época 8/30, Batch 50/3348, Loss: 0.4436
2025-10-09 20:10:07,236 [INFO] Época 8/30, Batch 100/3348, Loss: 0.3993
2025-10-09 20:10:07,507 [INFO] Época 8/30, Batch 150/3348, Loss: 0.3852
2025-10-09 20:10:07,778 [INFO] Época 8/30, Batch 200/3348, Loss: 0.5015
2025-10-09 20:10:08,048 [INFO] Época 8/30, Batch 250/3348, Loss: 0.4689
2025-10-09 20:10:08,314 [INFO] Época 8/30, Batch 300/3348, Loss: 0.3953
2025-10-09 20:10:08,583 [INFO] Época 8/30, Batch 350/3348, Loss: 0.4596
2025-10-09 20:10:08,855 [INFO] Época 8/30, Batch 400/3348, Loss: 0.5310
2025-10-09 20:10:09,128 [INFO] Época 8/30, Batch 450/3348, Loss: 0.5047
2025-10-09 20:10:09,395 [INFO] Época 8/30, Batch 500/3348, Loss: 0.4623
2025-10-09 20:10:09,664 [INFO] Época 8/30, Batch 550/3348, Loss: 0.5068
2025-10-09 20:10:09,934 [INFO] Época 8/30, Batch 600/3348, Loss: 0.4455
2025-10-09 20:10:10,204 [INFO] Época 8/30, Batch 650/3348, Loss: 0.4760
2025-10-09 20:10:10,475 [INFO] Época 8/30, Batch 700/3348, Loss: 0.5664
2025-10-09 20:10:10,737 [INFO] Época 8/30, Batch 750/3348, Loss: 0.4450
2025-10-09 20:10:10,995 [INFO] Época 8/30, Batch 800/3348, Loss: 0.5860
2025-10-09 20:10:11,252 [INFO] Época 8/30, Batch 850/3348, Loss: 0.4209
2025-10-09 20:10:11,516 [INFO] Época 8/30, Batch 900/3348, Loss: 0.4152
2025-10-09 20:10:11,781 [INFO] Época 8/30, Batch 950/3348, Loss: 0.2915
2025-10-09 20:10:12,043 [INFO] Época 8/30, Batch 1000/3348, Loss: 0.5237
2025-10-09 20:10:12,304 [INFO] Época 8/30, Batch 1050/3348, Loss: 0.5995
2025-10-09 20:10:12,562 [INFO] Época 8/30, Batch 1100/3348, Loss: 0.5798
2025-10-09 20:10:12,814 [INFO] Época 8/30, Batch 1150/3348, Loss: 0.6627
2025-10-09 20:10:13,067 [INFO] Época 8/30, Batch 1200/3348, Loss: 0.5869
2025-10-09 20:10:13,320 [INFO] Época 8/30, Batch 1250/3348, Loss: 0.4429
2025-10-09 20:10:13,576 [INFO] Época 8/30, Batch 1300/3348, Loss: 0.6323
2025-10-09 20:10:13,836 [INFO] Época 8/30, Batch 1350/3348, Loss: 0.5452
2025-10-09 20:10:14,095 [INFO] Época 8/30, Batch 1400/3348, Loss: 0.4499
2025-10-09 20:10:14,355 [INFO] Época 8/30, Batch 1450/3348, Loss: 0.3241
2025-10-09 20:10:14,616 [INFO] Época 8/30, Batch 1500/3348, Loss: 0.3922
2025-10-09 20:10:14,877 [INFO] Época 8/30, Batch 1550/3348, Loss: 0.4809
2025-10-09 20:10:15,137 [INFO] Época 8/30, Batch 1600/3348, Loss: 0.3864
2025-10-09 20:10:15,398 [INFO] Época 8/30, Batch 1650/3348, Loss: 0.4998
2025-10-09 20:10:15,653 [INFO] Época 8/30, Batch 1700/3348, Loss: 0.4616
2025-10-09 20:10:15,912 [INFO] Época 8/30, Batch 1750/3348, Loss: 0.4572
2025-10-09 20:10:16,169 [INFO] Época 8/30, Batch 1800/3348, Loss: 0.4464
2025-10-09 20:10:16,425 [INFO] Época 8/30, Batch 1850/3348, Loss: 0.5986
2025-10-09 20:10:16,684 [INFO] Época 8/30, Batch 1900/3348, Loss: 0.4853
2025-10-09 20:10:16,943 [INFO] Época 8/30, Batch 1950/3348, Loss: 0.5220
2025-10-09 20:10:17,203 [INFO] Época 8/30, Batch 2000/3348, Loss: 0.4393
2025-10-09 20:10:17,462 [INFO] Época 8/30, Batch 2050/3348, Loss: 0.3652
2025-10-09 20:10:17,721 [INFO] Época 8/30, Batch 2100/3348, Loss: 0.4722
2025-10-09 20:10:17,980 [INFO] Época 8/30, Batch 2150/3348, Loss: 0.4067
2025-10-09 20:10:18,238 [INFO] Época 8/30, Batch 2200/3348, Loss: 0.3988
2025-10-09 20:10:18,499 [INFO] Época 8/30, Batch 2250/3348, Loss: 0.4543
2025-10-09 20:10:18,757 [INFO] Época 8/30, Batch 2300/3348, Loss: 0.3811
2025-10-09 20:10:19,013 [INFO] Época 8/30, Batch 2350/3348, Loss: 0.4534
2025-10-09 20:10:19,268 [INFO] Época 8/30, Batch 2400/3348, Loss: 0.4444
2025-10-09 20:10:19,525 [INFO] Época 8/30, Batch 2450/3348, Loss: 0.4702
2025-10-09 20:10:19,781 [INFO] Época 8/30, Batch 2500/3348, Loss: 0.4106
2025-10-09 20:10:20,039 [INFO] Época 8/30, Batch 2550/3348, Loss: 0.4182
2025-10-09 20:10:20,296 [INFO] Época 8/30, Batch 2600/3348, Loss: 0.4578
2025-10-09 20:10:20,552 [INFO] Época 8/30, Batch 2650/3348, Loss: 0.4053
2025-10-09 20:10:20,810 [INFO] Época 8/30, Batch 2700/3348, Loss: 0.3449
2025-10-09 20:10:21,067 [INFO] Época 8/30, Batch 2750/3348, Loss: 0.3679
2025-10-09 20:10:21,324 [INFO] Época 8/30, Batch 2800/3348, Loss: 0.3685
2025-10-09 20:10:21,581 [INFO] Época 8/30, Batch 2850/3348, Loss: 0.3886
2025-10-09 20:10:21,842 [INFO] Época 8/30, Batch 2900/3348, Loss: 0.4655
2025-10-09 20:10:22,105 [INFO] Época 8/30, Batch 2950/3348, Loss: 0.3506
2025-10-09 20:10:22,369 [INFO] Época 8/30, Batch 3000/3348, Loss: 0.4545
2025-10-09 20:10:22,629 [INFO] Época 8/30, Batch 3050/3348, Loss: 0.5168
2025-10-09 20:10:22,891 [INFO] Época 8/30, Batch 3100/3348, Loss: 0.4305
2025-10-09 20:10:23,153 [INFO] Época 8/30, Batch 3150/3348, Loss: 0.4062
2025-10-09 20:10:23,418 [INFO] Época 8/30, Batch 3200/3348, Loss: 0.5485
2025-10-09 20:10:23,682 [INFO] Época 8/30, Batch 3250/3348, Loss: 0.6059
2025-10-09 20:10:23,943 [INFO] Época 8/30, Batch 3300/3348, Loss: 0.5845
2025-10-09 20:10:25,808 [INFO] [8/30] Train Loss: 0.4610 | Val Loss: 0.4155 | Tempo: 19.42s
2025-10-09 20:10:25,812 [INFO] Melhor modelo salvo em: /mnt/hdd/home/jdurao/ToolBox-ChemXAI/models/mlp_qm9_Physicochemical_att3_large.pth
2025-10-09 20:10:26,385 [INFO] Época 9/30, Batch 50/3348, Loss: 0.6092
2025-10-09 20:10:26,648 [INFO] Época 9/30, Batch 100/3348, Loss: 0.4277
2025-10-09 20:10:26,909 [INFO] Época 9/30, Batch 150/3348, Loss: 0.4062
2025-10-09 20:10:27,167 [INFO] Época 9/30, Batch 200/3348, Loss: 0.5201
2025-10-09 20:10:27,428 [INFO] Época 9/30, Batch 250/3348, Loss: 0.3646
2025-10-09 20:10:27,691 [INFO] Época 9/30, Batch 300/3348, Loss: 0.4103
2025-10-09 20:10:27,951 [INFO] Época 9/30, Batch 350/3348, Loss: 0.6042
2025-10-09 20:10:28,210 [INFO] Época 9/30, Batch 400/3348, Loss: 0.5905
2025-10-09 20:10:28,469 [INFO] Época 9/30, Batch 450/3348, Loss: 0.5679
2025-10-09 20:10:28,729 [INFO] Época 9/30, Batch 500/3348, Loss: 0.5372
2025-10-09 20:10:28,986 [INFO] Época 9/30, Batch 550/3348, Loss: 0.6741
2025-10-09 20:10:29,245 [INFO] Época 9/30, Batch 600/3348, Loss: 0.4148
2025-10-09 20:10:29,512 [INFO] Época 9/30, Batch 650/3348, Loss: 0.4987
2025-10-09 20:10:29,780 [INFO] Época 9/30, Batch 700/3348, Loss: 0.3110
2025-10-09 20:10:30,051 [INFO] Época 9/30, Batch 750/3348, Loss: 0.4564
2025-10-09 20:10:30,317 [INFO] Época 9/30, Batch 800/3348, Loss: 0.4534
2025-10-09 20:10:30,583 [INFO] Época 9/30, Batch 850/3348, Loss: 0.4026
2025-10-09 20:10:30,836 [INFO] Época 9/30, Batch 900/3348, Loss: 0.2953
2025-10-09 20:10:31,089 [INFO] Época 9/30, Batch 950/3348, Loss: 0.5829
2025-10-09 20:10:31,345 [INFO] Época 9/30, Batch 1000/3348, Loss: 0.4814
2025-10-09 20:10:31,603 [INFO] Época 9/30, Batch 1050/3348, Loss: 0.5328
2025-10-09 20:10:31,862 [INFO] Época 9/30, Batch 1100/3348, Loss: 0.5253
2025-10-09 20:10:32,120 [INFO] Época 9/30, Batch 1150/3348, Loss: 0.4713
2025-10-09 20:10:32,377 [INFO] Época 9/30, Batch 1200/3348, Loss: 0.5499
2025-10-09 20:10:32,647 [INFO] Época 9/30, Batch 1250/3348, Loss: 0.3370
2025-10-09 20:10:32,917 [INFO] Época 9/30, Batch 1300/3348, Loss: 0.3305
2025-10-09 20:10:33,187 [INFO] Época 9/30, Batch 1350/3348, Loss: 0.4162
2025-10-09 20:10:33,454 [INFO] Época 9/30, Batch 1400/3348, Loss: 0.6321
2025-10-09 20:10:33,718 [INFO] Época 9/30, Batch 1450/3348, Loss: 0.6275
2025-10-09 20:10:33,986 [INFO] Época 9/30, Batch 1500/3348, Loss: 0.4981
2025-10-09 20:10:34,252 [INFO] Época 9/30, Batch 1550/3348, Loss: 0.4755
2025-10-09 20:10:34,518 [INFO] Época 9/30, Batch 1600/3348, Loss: 0.6620
2025-10-09 20:10:34,785 [INFO] Época 9/30, Batch 1650/3348, Loss: 0.4002
2025-10-09 20:10:35,052 [INFO] Época 9/30, Batch 1700/3348, Loss: 0.3950
2025-10-09 20:10:35,321 [INFO] Época 9/30, Batch 1750/3348, Loss: 0.4897
2025-10-09 20:10:35,589 [INFO] Época 9/30, Batch 1800/3348, Loss: 0.6332
2025-10-09 20:10:35,858 [INFO] Época 9/30, Batch 1850/3348, Loss: 0.4386
2025-10-09 20:10:36,128 [INFO] Época 9/30, Batch 1900/3348, Loss: 0.4216
2025-10-09 20:10:36,397 [INFO] Época 9/30, Batch 1950/3348, Loss: 0.5230
2025-10-09 20:10:36,666 [INFO] Época 9/30, Batch 2000/3348, Loss: 0.6557
2025-10-09 20:10:36,935 [INFO] Época 9/30, Batch 2050/3348, Loss: 0.6222
2025-10-09 20:10:37,203 [INFO] Época 9/30, Batch 2100/3348, Loss: 0.5022
2025-10-09 20:10:37,471 [INFO] Época 9/30, Batch 2150/3348, Loss: 0.4255
2025-10-09 20:10:37,738 [INFO] Época 9/30, Batch 2200/3348, Loss: 0.5007
2025-10-09 20:10:38,006 [INFO] Época 9/30, Batch 2250/3348, Loss: 0.5311
2025-10-09 20:10:38,276 [INFO] Época 9/30, Batch 2300/3348, Loss: 0.5462
2025-10-09 20:10:38,540 [INFO] Época 9/30, Batch 2350/3348, Loss: 0.4714
2025-10-09 20:10:38,806 [INFO] Época 9/30, Batch 2400/3348, Loss: 0.5181
2025-10-09 20:10:39,068 [INFO] Época 9/30, Batch 2450/3348, Loss: 0.3973
2025-10-09 20:10:39,325 [INFO] Época 9/30, Batch 2500/3348, Loss: 0.4159
2025-10-09 20:10:39,593 [INFO] Época 9/30, Batch 2550/3348, Loss: 0.2998
2025-10-09 20:10:39,859 [INFO] Época 9/30, Batch 2600/3348, Loss: 0.4641
2025-10-09 20:10:40,129 [INFO] Época 9/30, Batch 2650/3348, Loss: 0.3465
2025-10-09 20:10:40,397 [INFO] Época 9/30, Batch 2700/3348, Loss: 0.3372
2025-10-09 20:10:40,666 [INFO] Época 9/30, Batch 2750/3348, Loss: 0.4665
2025-10-09 20:10:40,934 [INFO] Época 9/30, Batch 2800/3348, Loss: 0.5059
2025-10-09 20:10:41,202 [INFO] Época 9/30, Batch 2850/3348, Loss: 0.5080
2025-10-09 20:10:41,468 [INFO] Época 9/30, Batch 2900/3348, Loss: 0.5057
2025-10-09 20:10:41,726 [INFO] Época 9/30, Batch 2950/3348, Loss: 0.3864
2025-10-09 20:10:41,985 [INFO] Época 9/30, Batch 3000/3348, Loss: 0.3402
2025-10-09 20:10:42,244 [INFO] Época 9/30, Batch 3050/3348, Loss: 0.4250
2025-10-09 20:10:42,505 [INFO] Época 9/30, Batch 3100/3348, Loss: 0.4014
2025-10-09 20:10:42,774 [INFO] Época 9/30, Batch 3150/3348, Loss: 0.4422
2025-10-09 20:10:43,042 [INFO] Época 9/30, Batch 3200/3348, Loss: 0.5271
2025-10-09 20:10:43,313 [INFO] Época 9/30, Batch 3250/3348, Loss: 0.4508
2025-10-09 20:10:43,583 [INFO] Época 9/30, Batch 3300/3348, Loss: 0.6143
2025-10-09 20:10:45,351 [INFO] [9/30] Train Loss: 0.4586 | Val Loss: 0.4168 | Tempo: 19.54s
2025-10-09 20:10:45,915 [INFO] Época 10/30, Batch 50/3348, Loss: 0.4696
2025-10-09 20:10:46,179 [INFO] Época 10/30, Batch 100/3348, Loss: 0.3474
2025-10-09 20:10:46,441 [INFO] Época 10/30, Batch 150/3348, Loss: 0.4277
2025-10-09 20:10:46,705 [INFO] Época 10/30, Batch 200/3348, Loss: 0.4149
2025-10-09 20:10:46,982 [INFO] Época 10/30, Batch 250/3348, Loss: 0.3718
2025-10-09 20:10:47,261 [INFO] Época 10/30, Batch 300/3348, Loss: 0.3899
2025-10-09 20:10:47,545 [INFO] Época 10/30, Batch 350/3348, Loss: 0.5499
2025-10-09 20:10:47,827 [INFO] Época 10/30, Batch 400/3348, Loss: 0.4605
2025-10-09 20:10:48,094 [INFO] Época 10/30, Batch 450/3348, Loss: 0.6739
2025-10-09 20:10:48,354 [INFO] Época 10/30, Batch 500/3348, Loss: 0.4084
2025-10-09 20:10:48,612 [INFO] Época 10/30, Batch 550/3348, Loss: 0.3668
2025-10-09 20:10:48,878 [INFO] Época 10/30, Batch 600/3348, Loss: 0.3969
2025-10-09 20:10:49,144 [INFO] Época 10/30, Batch 650/3348, Loss: 0.5915
2025-10-09 20:10:49,409 [INFO] Época 10/30, Batch 700/3348, Loss: 0.4127
2025-10-09 20:10:49,678 [INFO] Época 10/30, Batch 750/3348, Loss: 0.5259
2025-10-09 20:10:49,950 [INFO] Época 10/30, Batch 800/3348, Loss: 0.3716
2025-10-09 20:10:50,218 [INFO] Época 10/30, Batch 850/3348, Loss: 0.3026
2025-10-09 20:10:50,476 [INFO] Época 10/30, Batch 900/3348, Loss: 0.4169
2025-10-09 20:10:50,743 [INFO] Época 10/30, Batch 950/3348, Loss: 0.4243
2025-10-09 20:10:51,010 [INFO] Época 10/30, Batch 1000/3348, Loss: 0.3723
2025-10-09 20:10:51,279 [INFO] Época 10/30, Batch 1050/3348, Loss: 0.4457
2025-10-09 20:10:51,546 [INFO] Época 10/30, Batch 1100/3348, Loss: 0.5353
2025-10-09 20:10:51,805 [INFO] Época 10/30, Batch 1150/3348, Loss: 0.4075
2025-10-09 20:10:52,060 [INFO] Época 10/30, Batch 1200/3348, Loss: 0.3801
2025-10-09 20:10:52,317 [INFO] Época 10/30, Batch 1250/3348, Loss: 0.4432
2025-10-09 20:10:52,575 [INFO] Época 10/30, Batch 1300/3348, Loss: 0.4436
2025-10-09 20:10:52,834 [INFO] Época 10/30, Batch 1350/3348, Loss: 0.4892
2025-10-09 20:10:53,093 [INFO] Época 10/30, Batch 1400/3348, Loss: 0.5543
2025-10-09 20:10:53,352 [INFO] Época 10/30, Batch 1450/3348, Loss: 0.5244
2025-10-09 20:10:53,621 [INFO] Época 10/30, Batch 1500/3348, Loss: 0.3728
2025-10-09 20:10:53,881 [INFO] Época 10/30, Batch 1550/3348, Loss: 0.4612
2025-10-09 20:10:54,138 [INFO] Época 10/30, Batch 1600/3348, Loss: 0.4001
2025-10-09 20:10:54,395 [INFO] Época 10/30, Batch 1650/3348, Loss: 0.4554
2025-10-09 20:10:54,651 [INFO] Época 10/30, Batch 1700/3348, Loss: 0.5253
2025-10-09 20:10:54,907 [INFO] Época 10/30, Batch 1750/3348, Loss: 0.4976
2025-10-09 20:10:55,166 [INFO] Época 10/30, Batch 1800/3348, Loss: 0.5350
2025-10-09 20:10:55,423 [INFO] Época 10/30, Batch 1850/3348, Loss: 0.4527
2025-10-09 20:10:55,684 [INFO] Época 10/30, Batch 1900/3348, Loss: 0.4223
2025-10-09 20:10:55,944 [INFO] Época 10/30, Batch 1950/3348, Loss: 0.3141
2025-10-09 20:10:56,201 [INFO] Época 10/30, Batch 2000/3348, Loss: 0.4720
2025-10-09 20:10:56,459 [INFO] Época 10/30, Batch 2050/3348, Loss: 0.4389
2025-10-09 20:10:56,717 [INFO] Época 10/30, Batch 2100/3348, Loss: 0.3502
2025-10-09 20:10:56,975 [INFO] Época 10/30, Batch 2150/3348, Loss: 0.3485
2025-10-09 20:10:57,230 [INFO] Época 10/30, Batch 2200/3348, Loss: 0.3686
2025-10-09 20:10:57,487 [INFO] Época 10/30, Batch 2250/3348, Loss: 0.4445
2025-10-09 20:10:57,745 [INFO] Época 10/30, Batch 2300/3348, Loss: 0.6017
2025-10-09 20:10:58,002 [INFO] Época 10/30, Batch 2350/3348, Loss: 0.4532
2025-10-09 20:10:58,261 [INFO] Época 10/30, Batch 2400/3348, Loss: 0.4489
2025-10-09 20:10:58,518 [INFO] Época 10/30, Batch 2450/3348, Loss: 0.4371
2025-10-09 20:10:58,775 [INFO] Época 10/30, Batch 2500/3348, Loss: 0.3990
2025-10-09 20:10:59,032 [INFO] Época 10/30, Batch 2550/3348, Loss: 0.4140
2025-10-09 20:10:59,292 [INFO] Época 10/30, Batch 2600/3348, Loss: 0.4422
2025-10-09 20:10:59,549 [INFO] Época 10/30, Batch 2650/3348, Loss: 0.3770
2025-10-09 20:10:59,814 [INFO] Época 10/30, Batch 2700/3348, Loss: 0.5119
2025-10-09 20:11:00,080 [INFO] Época 10/30, Batch 2750/3348, Loss: 0.3512
2025-10-09 20:11:00,346 [INFO] Época 10/30, Batch 2800/3348, Loss: 0.3738
2025-10-09 20:11:00,612 [INFO] Época 10/30, Batch 2850/3348, Loss: 0.4440
2025-10-09 20:11:00,880 [INFO] Época 10/30, Batch 2900/3348, Loss: 0.3485
2025-10-09 20:11:01,146 [INFO] Época 10/30, Batch 2950/3348, Loss: 0.3211
2025-10-09 20:11:01,410 [INFO] Época 10/30, Batch 3000/3348, Loss: 0.4602
2025-10-09 20:11:01,676 [INFO] Época 10/30, Batch 3050/3348, Loss: 0.4577
2025-10-09 20:11:01,943 [INFO] Época 10/30, Batch 3100/3348, Loss: 0.5934
2025-10-09 20:11:02,209 [INFO] Época 10/30, Batch 3150/3348, Loss: 0.4735
2025-10-09 20:11:02,474 [INFO] Época 10/30, Batch 3200/3348, Loss: 0.4945
2025-10-09 20:11:02,739 [INFO] Época 10/30, Batch 3250/3348, Loss: 0.4193
2025-10-09 20:11:03,004 [INFO] Época 10/30, Batch 3300/3348, Loss: 0.4510
2025-10-09 20:11:04,738 [INFO] [10/30] Train Loss: 0.4566 | Val Loss: 0.4125 | Tempo: 19.39s
2025-10-09 20:11:04,742 [INFO] Melhor modelo salvo em: /mnt/hdd/home/jdurao/ToolBox-ChemXAI/models/mlp_qm9_Physicochemical_att3_large.pth
2025-10-09 20:11:05,322 [INFO] Época 11/30, Batch 50/3348, Loss: 0.4594
2025-10-09 20:11:05,591 [INFO] Época 11/30, Batch 100/3348, Loss: 0.4034
2025-10-09 20:11:05,856 [INFO] Época 11/30, Batch 150/3348, Loss: 0.4521
2025-10-09 20:11:06,118 [INFO] Época 11/30, Batch 200/3348, Loss: 0.4942
2025-10-09 20:11:06,378 [INFO] Época 11/30, Batch 250/3348, Loss: 0.4632
2025-10-09 20:11:06,643 [INFO] Época 11/30, Batch 300/3348, Loss: 0.3669
2025-10-09 20:11:06,905 [INFO] Época 11/30, Batch 350/3348, Loss: 0.4749
2025-10-09 20:11:07,170 [INFO] Época 11/30, Batch 400/3348, Loss: 0.4898
2025-10-09 20:11:07,440 [INFO] Época 11/30, Batch 450/3348, Loss: 0.4900
2025-10-09 20:11:07,708 [INFO] Época 11/30, Batch 500/3348, Loss: 0.5305
2025-10-09 20:11:07,977 [INFO] Época 11/30, Batch 550/3348, Loss: 0.4820
2025-10-09 20:11:08,239 [INFO] Época 11/30, Batch 600/3348, Loss: 0.6077
2025-10-09 20:11:08,500 [INFO] Época 11/30, Batch 650/3348, Loss: 0.3683
2025-10-09 20:11:08,766 [INFO] Época 11/30, Batch 700/3348, Loss: 0.5085
2025-10-09 20:11:09,035 [INFO] Época 11/30, Batch 750/3348, Loss: 0.4042
2025-10-09 20:11:09,304 [INFO] Época 11/30, Batch 800/3348, Loss: 0.3318
2025-10-09 20:11:09,566 [INFO] Época 11/30, Batch 850/3348, Loss: 0.4578
2025-10-09 20:11:09,824 [INFO] Época 11/30, Batch 900/3348, Loss: 0.4358
2025-10-09 20:11:10,076 [INFO] Época 11/30, Batch 950/3348, Loss: 0.4403
2025-10-09 20:11:10,328 [INFO] Época 11/30, Batch 1000/3348, Loss: 0.4819
2025-10-09 20:11:10,582 [INFO] Época 11/30, Batch 1050/3348, Loss: 0.4904
2025-10-09 20:11:10,837 [INFO] Época 11/30, Batch 1100/3348, Loss: 0.5387
2025-10-09 20:11:11,090 [INFO] Época 11/30, Batch 1150/3348, Loss: 0.4883
2025-10-09 20:11:11,343 [INFO] Época 11/30, Batch 1200/3348, Loss: 0.4822
2025-10-09 20:11:11,601 [INFO] Época 11/30, Batch 1250/3348, Loss: 0.5590
2025-10-09 20:11:11,859 [INFO] Época 11/30, Batch 1300/3348, Loss: 0.3438
2025-10-09 20:11:12,119 [INFO] Época 11/30, Batch 1350/3348, Loss: 0.2999
2025-10-09 20:11:12,380 [INFO] Época 11/30, Batch 1400/3348, Loss: 0.4701
2025-10-09 20:11:12,640 [INFO] Época 11/30, Batch 1450/3348, Loss: 0.6028
2025-10-09 20:11:12,902 [INFO] Época 11/30, Batch 1500/3348, Loss: 0.5132
2025-10-09 20:11:13,162 [INFO] Época 11/30, Batch 1550/3348, Loss: 0.3621
2025-10-09 20:11:13,426 [INFO] Época 11/30, Batch 1600/3348, Loss: 0.4755
2025-10-09 20:11:13,688 [INFO] Época 11/30, Batch 1650/3348, Loss: 0.5016
2025-10-09 20:11:13,949 [INFO] Época 11/30, Batch 1700/3348, Loss: 0.5058
2025-10-09 20:11:14,210 [INFO] Época 11/30, Batch 1750/3348, Loss: 0.5101
2025-10-09 20:11:14,470 [INFO] Época 11/30, Batch 1800/3348, Loss: 0.3547
2025-10-09 20:11:14,731 [INFO] Época 11/30, Batch 1850/3348, Loss: 0.4232
2025-10-09 20:11:14,990 [INFO] Época 11/30, Batch 1900/3348, Loss: 0.5757
2025-10-09 20:11:15,251 [INFO] Época 11/30, Batch 1950/3348, Loss: 0.4112
2025-10-09 20:11:15,509 [INFO] Época 11/30, Batch 2000/3348, Loss: 0.3815
2025-10-09 20:11:15,768 [INFO] Época 11/30, Batch 2050/3348, Loss: 0.5229
2025-10-09 20:11:16,027 [INFO] Época 11/30, Batch 2100/3348, Loss: 0.5673
2025-10-09 20:11:16,285 [INFO] Época 11/30, Batch 2150/3348, Loss: 0.4402
2025-10-09 20:11:16,544 [INFO] Época 11/30, Batch 2200/3348, Loss: 0.4512
2025-10-09 20:11:16,805 [INFO] Época 11/30, Batch 2250/3348, Loss: 0.5499
2025-10-09 20:11:17,066 [INFO] Época 11/30, Batch 2300/3348, Loss: 0.4349
2025-10-09 20:11:17,327 [INFO] Época 11/30, Batch 2350/3348, Loss: 0.4044
2025-10-09 20:11:17,590 [INFO] Época 11/30, Batch 2400/3348, Loss: 0.4245
2025-10-09 20:11:17,852 [INFO] Época 11/30, Batch 2450/3348, Loss: 0.5213
2025-10-09 20:11:18,114 [INFO] Época 11/30, Batch 2500/3348, Loss: 0.5472
2025-10-09 20:11:18,375 [INFO] Época 11/30, Batch 2550/3348, Loss: 0.5122
2025-10-09 20:11:18,640 [INFO] Época 11/30, Batch 2600/3348, Loss: 0.5008
2025-10-09 20:11:18,898 [INFO] Época 11/30, Batch 2650/3348, Loss: 0.4857
2025-10-09 20:11:19,156 [INFO] Época 11/30, Batch 2700/3348, Loss: 0.3568
2025-10-09 20:11:19,412 [INFO] Época 11/30, Batch 2750/3348, Loss: 0.5896
2025-10-09 20:11:19,670 [INFO] Época 11/30, Batch 2800/3348, Loss: 0.4032
2025-10-09 20:11:19,931 [INFO] Época 11/30, Batch 2850/3348, Loss: 0.3655
2025-10-09 20:11:20,197 [INFO] Época 11/30, Batch 2900/3348, Loss: 0.3663
2025-10-09 20:11:20,463 [INFO] Época 11/30, Batch 2950/3348, Loss: 0.3570
2025-10-09 20:11:20,724 [INFO] Época 11/30, Batch 3000/3348, Loss: 0.3865
2025-10-09 20:11:20,988 [INFO] Época 11/30, Batch 3050/3348, Loss: 0.4476
2025-10-09 20:11:21,253 [INFO] Época 11/30, Batch 3100/3348, Loss: 0.6360
2025-10-09 20:11:21,517 [INFO] Época 11/30, Batch 3150/3348, Loss: 0.4350
2025-10-09 20:11:21,780 [INFO] Época 11/30, Batch 3200/3348, Loss: 0.4790
2025-10-09 20:11:22,042 [INFO] Época 11/30, Batch 3250/3348, Loss: 0.4273
2025-10-09 20:11:22,304 [INFO] Época 11/30, Batch 3300/3348, Loss: 0.4000
2025-10-09 20:11:24,042 [INFO] [11/30] Train Loss: 0.4548 | Val Loss: 0.4155 | Tempo: 19.30s
2025-10-09 20:11:24,612 [INFO] Época 12/30, Batch 50/3348, Loss: 0.4982
2025-10-09 20:11:24,876 [INFO] Época 12/30, Batch 100/3348, Loss: 0.2815
2025-10-09 20:11:25,136 [INFO] Época 12/30, Batch 150/3348, Loss: 0.4464
2025-10-09 20:11:25,395 [INFO] Época 12/30, Batch 200/3348, Loss: 0.4050
2025-10-09 20:11:25,652 [INFO] Época 12/30, Batch 250/3348, Loss: 0.4559
2025-10-09 20:11:25,911 [INFO] Época 12/30, Batch 300/3348, Loss: 0.3608
2025-10-09 20:11:26,170 [INFO] Época 12/30, Batch 350/3348, Loss: 0.4406
2025-10-09 20:11:26,429 [INFO] Época 12/30, Batch 400/3348, Loss: 0.4760
2025-10-09 20:11:26,685 [INFO] Época 12/30, Batch 450/3348, Loss: 0.4323
2025-10-09 20:11:26,943 [INFO] Época 12/30, Batch 500/3348, Loss: 0.3699
2025-10-09 20:11:27,200 [INFO] Época 12/30, Batch 550/3348, Loss: 0.5115
2025-10-09 20:11:27,456 [INFO] Época 12/30, Batch 600/3348, Loss: 0.3999
2025-10-09 20:11:27,714 [INFO] Época 12/30, Batch 650/3348, Loss: 0.4735
2025-10-09 20:11:27,967 [INFO] Época 12/30, Batch 700/3348, Loss: 0.5246
2025-10-09 20:11:28,216 [INFO] Época 12/30, Batch 750/3348, Loss: 0.5471
2025-10-09 20:11:28,462 [INFO] Época 12/30, Batch 800/3348, Loss: 0.4502
2025-10-09 20:11:28,719 [INFO] Época 12/30, Batch 850/3348, Loss: 0.4662
2025-10-09 20:11:28,967 [INFO] Época 12/30, Batch 900/3348, Loss: 0.4491
2025-10-09 20:11:29,216 [INFO] Época 12/30, Batch 950/3348, Loss: 0.4758
2025-10-09 20:11:29,464 [INFO] Época 12/30, Batch 1000/3348, Loss: 0.3990
2025-10-09 20:11:29,712 [INFO] Época 12/30, Batch 1050/3348, Loss: 0.4561
2025-10-09 20:11:29,964 [INFO] Época 12/30, Batch 1100/3348, Loss: 0.3464
2025-10-09 20:11:30,215 [INFO] Época 12/30, Batch 1150/3348, Loss: 0.7084
2025-10-09 20:11:30,464 [INFO] Época 12/30, Batch 1200/3348, Loss: 0.4558
2025-10-09 20:11:30,723 [INFO] Época 12/30, Batch 1250/3348, Loss: 0.3756
2025-10-09 20:11:30,980 [INFO] Época 12/30, Batch 1300/3348, Loss: 0.3560
2025-10-09 20:11:31,239 [INFO] Época 12/30, Batch 1350/3348, Loss: 0.5288
2025-10-09 20:11:31,496 [INFO] Época 12/30, Batch 1400/3348, Loss: 0.3946
2025-10-09 20:11:31,756 [INFO] Época 12/30, Batch 1450/3348, Loss: 0.4471
2025-10-09 20:11:32,018 [INFO] Época 12/30, Batch 1500/3348, Loss: 0.3117
2025-10-09 20:11:32,280 [INFO] Época 12/30, Batch 1550/3348, Loss: 0.5008
2025-10-09 20:11:32,540 [INFO] Época 12/30, Batch 1600/3348, Loss: 0.5707
2025-10-09 20:11:32,799 [INFO] Época 12/30, Batch 1650/3348, Loss: 0.3447
2025-10-09 20:11:33,055 [INFO] Época 12/30, Batch 1700/3348, Loss: 0.5358
2025-10-09 20:11:33,312 [INFO] Época 12/30, Batch 1750/3348, Loss: 0.3255
2025-10-09 20:11:33,568 [INFO] Época 12/30, Batch 1800/3348, Loss: 0.3960
2025-10-09 20:11:33,826 [INFO] Época 12/30, Batch 1850/3348, Loss: 0.4759
2025-10-09 20:11:34,084 [INFO] Época 12/30, Batch 1900/3348, Loss: 0.5071
2025-10-09 20:11:34,340 [INFO] Época 12/30, Batch 1950/3348, Loss: 0.5914
2025-10-09 20:11:34,594 [INFO] Época 12/30, Batch 2000/3348, Loss: 0.4080
2025-10-09 20:11:34,847 [INFO] Época 12/30, Batch 2050/3348, Loss: 0.4457
2025-10-09 20:11:35,102 [INFO] Época 12/30, Batch 2100/3348, Loss: 0.4192
2025-10-09 20:11:35,357 [INFO] Época 12/30, Batch 2150/3348, Loss: 0.5760
2025-10-09 20:11:35,612 [INFO] Época 12/30, Batch 2200/3348, Loss: 0.5678
2025-10-09 20:11:35,867 [INFO] Época 12/30, Batch 2250/3348, Loss: 0.4832
2025-10-09 20:11:36,124 [INFO] Época 12/30, Batch 2300/3348, Loss: 0.4359
2025-10-09 20:11:36,378 [INFO] Época 12/30, Batch 2350/3348, Loss: 0.5618
2025-10-09 20:11:36,633 [INFO] Época 12/30, Batch 2400/3348, Loss: 0.4573
2025-10-09 20:11:36,887 [INFO] Época 12/30, Batch 2450/3348, Loss: 0.4184
2025-10-09 20:11:37,146 [INFO] Época 12/30, Batch 2500/3348, Loss: 0.5879
2025-10-09 20:11:37,405 [INFO] Época 12/30, Batch 2550/3348, Loss: 0.3578
2025-10-09 20:11:37,662 [INFO] Época 12/30, Batch 2600/3348, Loss: 0.4332
2025-10-09 20:11:37,921 [INFO] Época 12/30, Batch 2650/3348, Loss: 0.4636
2025-10-09 20:11:38,176 [INFO] Época 12/30, Batch 2700/3348, Loss: 0.5186
2025-10-09 20:11:38,432 [INFO] Época 12/30, Batch 2750/3348, Loss: 0.5285
2025-10-09 20:11:38,686 [INFO] Época 12/30, Batch 2800/3348, Loss: 0.4632
2025-10-09 20:11:38,940 [INFO] Época 12/30, Batch 2850/3348, Loss: 0.3854
2025-10-09 20:11:39,193 [INFO] Época 12/30, Batch 2900/3348, Loss: 0.3607
2025-10-09 20:11:39,446 [INFO] Época 12/30, Batch 2950/3348, Loss: 0.3423
2025-10-09 20:11:39,701 [INFO] Época 12/30, Batch 3000/3348, Loss: 0.4812
2025-10-09 20:11:39,959 [INFO] Época 12/30, Batch 3050/3348, Loss: 0.4560
2025-10-09 20:11:40,217 [INFO] Época 12/30, Batch 3100/3348, Loss: 0.4332
2025-10-09 20:11:40,477 [INFO] Época 12/30, Batch 3150/3348, Loss: 0.4608
2025-10-09 20:11:40,736 [INFO] Época 12/30, Batch 3200/3348, Loss: 0.4011
2025-10-09 20:11:40,994 [INFO] Época 12/30, Batch 3250/3348, Loss: 0.4648
2025-10-09 20:11:41,254 [INFO] Época 12/30, Batch 3300/3348, Loss: 0.5491
2025-10-09 20:11:42,950 [INFO] [12/30] Train Loss: 0.4529 | Val Loss: 0.4145 | Tempo: 18.91s
2025-10-09 20:11:43,512 [INFO] Época 13/30, Batch 50/3348, Loss: 0.4683
2025-10-09 20:11:43,775 [INFO] Época 13/30, Batch 100/3348, Loss: 0.4290
2025-10-09 20:11:44,034 [INFO] Época 13/30, Batch 150/3348, Loss: 0.3212
2025-10-09 20:11:44,292 [INFO] Época 13/30, Batch 200/3348, Loss: 0.3587
2025-10-09 20:11:44,550 [INFO] Época 13/30, Batch 250/3348, Loss: 0.5259
2025-10-09 20:11:44,807 [INFO] Época 13/30, Batch 300/3348, Loss: 0.4320
2025-10-09 20:11:45,063 [INFO] Época 13/30, Batch 350/3348, Loss: 0.3322
2025-10-09 20:11:45,319 [INFO] Época 13/30, Batch 400/3348, Loss: 0.4058
2025-10-09 20:11:45,575 [INFO] Época 13/30, Batch 450/3348, Loss: 0.4649
2025-10-09 20:11:45,833 [INFO] Época 13/30, Batch 500/3348, Loss: 0.5141
2025-10-09 20:11:46,087 [INFO] Época 13/30, Batch 550/3348, Loss: 0.4774
2025-10-09 20:11:46,343 [INFO] Época 13/30, Batch 600/3348, Loss: 0.4795
2025-10-09 20:11:46,601 [INFO] Época 13/30, Batch 650/3348, Loss: 0.5442
2025-10-09 20:11:46,861 [INFO] Época 13/30, Batch 700/3348, Loss: 0.5516
2025-10-09 20:11:47,124 [INFO] Época 13/30, Batch 750/3348, Loss: 0.4415
2025-10-09 20:11:47,381 [INFO] Época 13/30, Batch 800/3348, Loss: 0.5043
2025-10-09 20:11:47,638 [INFO] Época 13/30, Batch 850/3348, Loss: 0.5382
2025-10-09 20:11:47,899 [INFO] Época 13/30, Batch 900/3348, Loss: 0.5955
2025-10-09 20:11:48,161 [INFO] Época 13/30, Batch 950/3348, Loss: 0.7618
2025-10-09 20:11:48,423 [INFO] Época 13/30, Batch 1000/3348, Loss: 0.3771
2025-10-09 20:11:48,672 [INFO] Época 13/30, Batch 1050/3348, Loss: 0.3604
2025-10-09 20:11:48,931 [INFO] Época 13/30, Batch 1100/3348, Loss: 0.4452
2025-10-09 20:11:49,183 [INFO] Época 13/30, Batch 1150/3348, Loss: 0.6332
2025-10-09 20:11:49,433 [INFO] Época 13/30, Batch 1200/3348, Loss: 0.4660
2025-10-09 20:11:49,693 [INFO] Época 13/30, Batch 1250/3348, Loss: 0.6562
2025-10-09 20:11:49,948 [INFO] Época 13/30, Batch 1300/3348, Loss: 0.5883
2025-10-09 20:11:50,204 [INFO] Época 13/30, Batch 1350/3348, Loss: 0.3360
2025-10-09 20:11:50,463 [INFO] Época 13/30, Batch 1400/3348, Loss: 0.4705
2025-10-09 20:11:50,720 [INFO] Época 13/30, Batch 1450/3348, Loss: 0.7382
2025-10-09 20:11:50,976 [INFO] Época 13/30, Batch 1500/3348, Loss: 0.4457
2025-10-09 20:11:51,232 [INFO] Época 13/30, Batch 1550/3348, Loss: 0.4275
2025-10-09 20:11:51,490 [INFO] Época 13/30, Batch 1600/3348, Loss: 0.3333
2025-10-09 20:11:51,749 [INFO] Época 13/30, Batch 1650/3348, Loss: 0.4136
2025-10-09 20:11:52,006 [INFO] Época 13/30, Batch 1700/3348, Loss: 0.4872
2025-10-09 20:11:52,261 [INFO] Época 13/30, Batch 1750/3348, Loss: 0.4726
2025-10-09 20:11:52,518 [INFO] Época 13/30, Batch 1800/3348, Loss: 0.5185
2025-10-09 20:11:52,776 [INFO] Época 13/30, Batch 1850/3348, Loss: 0.4888
2025-10-09 20:11:53,042 [INFO] Época 13/30, Batch 1900/3348, Loss: 0.4645
2025-10-09 20:11:53,303 [INFO] Época 13/30, Batch 1950/3348, Loss: 0.4804
2025-10-09 20:11:53,555 [INFO] Época 13/30, Batch 2000/3348, Loss: 0.5093
2025-10-09 20:11:53,804 [INFO] Época 13/30, Batch 2050/3348, Loss: 0.4325
2025-10-09 20:11:54,050 [INFO] Época 13/30, Batch 2100/3348, Loss: 0.5008
2025-10-09 20:11:54,299 [INFO] Época 13/30, Batch 2150/3348, Loss: 0.2496
2025-10-09 20:11:54,547 [INFO] Época 13/30, Batch 2200/3348, Loss: 0.5265
2025-10-09 20:11:54,795 [INFO] Época 13/30, Batch 2250/3348, Loss: 0.4468
2025-10-09 20:11:55,047 [INFO] Época 13/30, Batch 2300/3348, Loss: 0.5303
2025-10-09 20:11:55,297 [INFO] Época 13/30, Batch 2350/3348, Loss: 0.4174
2025-10-09 20:11:55,545 [INFO] Época 13/30, Batch 2400/3348, Loss: 0.3420
2025-10-09 20:11:55,794 [INFO] Época 13/30, Batch 2450/3348, Loss: 0.4060
2025-10-09 20:11:56,041 [INFO] Época 13/30, Batch 2500/3348, Loss: 0.3766
2025-10-09 20:11:56,289 [INFO] Época 13/30, Batch 2550/3348, Loss: 0.4363
2025-10-09 20:11:56,538 [INFO] Época 13/30, Batch 2600/3348, Loss: 0.4500
2025-10-09 20:11:56,785 [INFO] Época 13/30, Batch 2650/3348, Loss: 0.4522
2025-10-09 20:11:57,037 [INFO] Época 13/30, Batch 2700/3348, Loss: 0.5605
2025-10-09 20:11:57,288 [INFO] Época 13/30, Batch 2750/3348, Loss: 0.5043
2025-10-09 20:11:57,540 [INFO] Época 13/30, Batch 2800/3348, Loss: 0.5671
2025-10-09 20:11:57,790 [INFO] Época 13/30, Batch 2850/3348, Loss: 0.6948
2025-10-09 20:11:58,041 [INFO] Época 13/30, Batch 2900/3348, Loss: 0.3209
2025-10-09 20:11:58,294 [INFO] Época 13/30, Batch 2950/3348, Loss: 0.4545
2025-10-09 20:11:58,546 [INFO] Época 13/30, Batch 3000/3348, Loss: 0.5139
2025-10-09 20:11:58,799 [INFO] Época 13/30, Batch 3050/3348, Loss: 0.4030
2025-10-09 20:11:59,052 [INFO] Época 13/30, Batch 3100/3348, Loss: 0.4198
2025-10-09 20:11:59,305 [INFO] Época 13/30, Batch 3150/3348, Loss: 0.3297
2025-10-09 20:11:59,560 [INFO] Época 13/30, Batch 3200/3348, Loss: 0.4013
2025-10-09 20:11:59,816 [INFO] Época 13/30, Batch 3250/3348, Loss: 0.5399
2025-10-09 20:12:00,073 [INFO] Época 13/30, Batch 3300/3348, Loss: 0.3628
2025-10-09 20:12:01,882 [INFO] [13/30] Train Loss: 0.4516 | Val Loss: 0.4126 | Tempo: 18.93s
2025-10-09 20:12:02,470 [INFO] Época 14/30, Batch 50/3348, Loss: 0.5276
2025-10-09 20:12:02,736 [INFO] Época 14/30, Batch 100/3348, Loss: 0.4408
2025-10-09 20:12:03,005 [INFO] Época 14/30, Batch 150/3348, Loss: 0.4272
2025-10-09 20:12:03,265 [INFO] Época 14/30, Batch 200/3348, Loss: 0.4679
2025-10-09 20:12:03,528 [INFO] Época 14/30, Batch 250/3348, Loss: 0.4907
2025-10-09 20:12:03,786 [INFO] Época 14/30, Batch 300/3348, Loss: 0.3606
2025-10-09 20:12:04,045 [INFO] Época 14/30, Batch 350/3348, Loss: 0.4077
2025-10-09 20:12:04,303 [INFO] Época 14/30, Batch 400/3348, Loss: 0.3216
2025-10-09 20:12:04,559 [INFO] Época 14/30, Batch 450/3348, Loss: 0.4958
2025-10-09 20:12:04,815 [INFO] Época 14/30, Batch 500/3348, Loss: 0.3844
2025-10-09 20:12:05,072 [INFO] Época 14/30, Batch 550/3348, Loss: 0.4615
2025-10-09 20:12:05,332 [INFO] Época 14/30, Batch 600/3348, Loss: 0.5433
2025-10-09 20:12:05,589 [INFO] Época 14/30, Batch 650/3348, Loss: 0.4132
2025-10-09 20:12:05,845 [INFO] Época 14/30, Batch 700/3348, Loss: 0.5049
2025-10-09 20:12:06,100 [INFO] Época 14/30, Batch 750/3348, Loss: 0.3710
2025-10-09 20:12:06,354 [INFO] Época 14/30, Batch 800/3348, Loss: 0.4261
2025-10-09 20:12:06,606 [INFO] Época 14/30, Batch 850/3348, Loss: 0.3776
2025-10-09 20:12:06,861 [INFO] Época 14/30, Batch 900/3348, Loss: 0.4744
2025-10-09 20:12:07,116 [INFO] Época 14/30, Batch 950/3348, Loss: 0.4483
2025-10-09 20:12:07,375 [INFO] Época 14/30, Batch 1000/3348, Loss: 0.4550
2025-10-09 20:12:07,630 [INFO] Época 14/30, Batch 1050/3348, Loss: 0.4345
2025-10-09 20:12:07,888 [INFO] Época 14/30, Batch 1100/3348, Loss: 0.3916
2025-10-09 20:12:08,142 [INFO] Época 14/30, Batch 1150/3348, Loss: 0.4470
2025-10-09 20:12:08,405 [INFO] Época 14/30, Batch 1200/3348, Loss: 0.3532
2025-10-09 20:12:08,660 [INFO] Época 14/30, Batch 1250/3348, Loss: 0.4879
2025-10-09 20:12:08,916 [INFO] Época 14/30, Batch 1300/3348, Loss: 0.4488
2025-10-09 20:12:09,174 [INFO] Época 14/30, Batch 1350/3348, Loss: 0.2943
2025-10-09 20:12:09,436 [INFO] Época 14/30, Batch 1400/3348, Loss: 0.4849
2025-10-09 20:12:09,697 [INFO] Época 14/30, Batch 1450/3348, Loss: 0.3684
2025-10-09 20:12:09,958 [INFO] Época 14/30, Batch 1500/3348, Loss: 0.4427
2025-10-09 20:12:10,218 [INFO] Época 14/30, Batch 1550/3348, Loss: 0.3012
2025-10-09 20:12:10,477 [INFO] Época 14/30, Batch 1600/3348, Loss: 0.3008
2025-10-09 20:12:10,737 [INFO] Época 14/30, Batch 1650/3348, Loss: 0.4950
2025-10-09 20:12:10,998 [INFO] Época 14/30, Batch 1700/3348, Loss: 0.7004
2025-10-09 20:12:11,254 [INFO] Época 14/30, Batch 1750/3348, Loss: 0.4239
2025-10-09 20:12:11,508 [INFO] Época 14/30, Batch 1800/3348, Loss: 0.4359
2025-10-09 20:12:11,765 [INFO] Época 14/30, Batch 1850/3348, Loss: 0.4248
2025-10-09 20:12:12,020 [INFO] Época 14/30, Batch 1900/3348, Loss: 0.4145
2025-10-09 20:12:12,276 [INFO] Época 14/30, Batch 1950/3348, Loss: 0.4860
2025-10-09 20:12:12,527 [INFO] Época 14/30, Batch 2000/3348, Loss: 0.5653
2025-10-09 20:12:12,779 [INFO] Época 14/30, Batch 2050/3348, Loss: 0.4414
2025-10-09 20:12:13,033 [INFO] Época 14/30, Batch 2100/3348, Loss: 0.3811
2025-10-09 20:12:13,289 [INFO] Época 14/30, Batch 2150/3348, Loss: 0.4398
2025-10-09 20:12:13,544 [INFO] Época 14/30, Batch 2200/3348, Loss: 0.4154
2025-10-09 20:12:13,796 [INFO] Época 14/30, Batch 2250/3348, Loss: 0.4826
2025-10-09 20:12:14,050 [INFO] Época 14/30, Batch 2300/3348, Loss: 0.4566
2025-10-09 20:12:14,303 [INFO] Época 14/30, Batch 2350/3348, Loss: 0.6094
2025-10-09 20:12:14,560 [INFO] Época 14/30, Batch 2400/3348, Loss: 0.5121
2025-10-09 20:12:14,816 [INFO] Época 14/30, Batch 2450/3348, Loss: 0.3883
2025-10-09 20:12:15,072 [INFO] Época 14/30, Batch 2500/3348, Loss: 0.3534
2025-10-09 20:12:15,328 [INFO] Época 14/30, Batch 2550/3348, Loss: 0.4704
2025-10-09 20:12:15,584 [INFO] Época 14/30, Batch 2600/3348, Loss: 0.4179
2025-10-09 20:12:15,840 [INFO] Época 14/30, Batch 2650/3348, Loss: 0.5474
2025-10-09 20:12:16,095 [INFO] Época 14/30, Batch 2700/3348, Loss: 0.5279
2025-10-09 20:12:16,354 [INFO] Época 14/30, Batch 2750/3348, Loss: 0.5076
2025-10-09 20:12:16,608 [INFO] Época 14/30, Batch 2800/3348, Loss: 0.3630
2025-10-09 20:12:16,865 [INFO] Época 14/30, Batch 2850/3348, Loss: 0.5481
2025-10-09 20:12:17,118 [INFO] Época 14/30, Batch 2900/3348, Loss: 0.5636
2025-10-09 20:12:17,369 [INFO] Época 14/30, Batch 2950/3348, Loss: 0.4879
2025-10-09 20:12:17,622 [INFO] Época 14/30, Batch 3000/3348, Loss: 0.5506
2025-10-09 20:12:17,878 [INFO] Época 14/30, Batch 3050/3348, Loss: 0.3122
2025-10-09 20:12:18,131 [INFO] Época 14/30, Batch 3100/3348, Loss: 0.4605
2025-10-09 20:12:18,387 [INFO] Época 14/30, Batch 3150/3348, Loss: 0.3689
2025-10-09 20:12:18,641 [INFO] Época 14/30, Batch 3200/3348, Loss: 0.4609
2025-10-09 20:12:18,897 [INFO] Época 14/30, Batch 3250/3348, Loss: 0.3407
2025-10-09 20:12:19,152 [INFO] Época 14/30, Batch 3300/3348, Loss: 0.6128
2025-10-09 20:12:20,883 [INFO] [14/30] Train Loss: 0.4503 | Val Loss: 0.4113 | Tempo: 19.00s
2025-10-09 20:12:20,887 [INFO] Melhor modelo salvo em: /mnt/hdd/home/jdurao/ToolBox-ChemXAI/models/mlp_qm9_Physicochemical_att3_large.pth
2025-10-09 20:12:21,474 [INFO] Época 15/30, Batch 50/3348, Loss: 0.3240
2025-10-09 20:12:21,751 [INFO] Época 15/30, Batch 100/3348, Loss: 0.4091
2025-10-09 20:12:22,025 [INFO] Época 15/30, Batch 150/3348, Loss: 0.4876
2025-10-09 20:12:22,297 [INFO] Época 15/30, Batch 200/3348, Loss: 0.5438
2025-10-09 20:12:22,567 [INFO] Época 15/30, Batch 250/3348, Loss: 0.4766
2025-10-09 20:12:22,832 [INFO] Época 15/30, Batch 300/3348, Loss: 0.3694
2025-10-09 20:12:23,095 [INFO] Época 15/30, Batch 350/3348, Loss: 0.4353
2025-10-09 20:12:23,358 [INFO] Época 15/30, Batch 400/3348, Loss: 0.2904
2025-10-09 20:12:23,620 [INFO] Época 15/30, Batch 450/3348, Loss: 0.4476
2025-10-09 20:12:23,881 [INFO] Época 15/30, Batch 500/3348, Loss: 0.4103
2025-10-09 20:12:24,141 [INFO] Época 15/30, Batch 550/3348, Loss: 0.4076
2025-10-09 20:12:24,400 [INFO] Época 15/30, Batch 600/3348, Loss: 0.4030
2025-10-09 20:12:24,662 [INFO] Época 15/30, Batch 650/3348, Loss: 0.3437
2025-10-09 20:12:24,915 [INFO] Época 15/30, Batch 700/3348, Loss: 0.4217
2025-10-09 20:12:25,167 [INFO] Época 15/30, Batch 750/3348, Loss: 0.5294
2025-10-09 20:12:25,420 [INFO] Época 15/30, Batch 800/3348, Loss: 0.3266
2025-10-09 20:12:25,673 [INFO] Época 15/30, Batch 850/3348, Loss: 0.3938
2025-10-09 20:12:25,922 [INFO] Época 15/30, Batch 900/3348, Loss: 0.4569
2025-10-09 20:12:26,172 [INFO] Época 15/30, Batch 950/3348, Loss: 0.3889
2025-10-09 20:12:26,422 [INFO] Época 15/30, Batch 1000/3348, Loss: 0.4134
2025-10-09 20:12:26,671 [INFO] Época 15/30, Batch 1050/3348, Loss: 0.4739
2025-10-09 20:12:26,921 [INFO] Época 15/30, Batch 1100/3348, Loss: 0.4138
2025-10-09 20:12:27,172 [INFO] Época 15/30, Batch 1150/3348, Loss: 0.4141
2025-10-09 20:12:27,423 [INFO] Época 15/30, Batch 1200/3348, Loss: 0.3751
2025-10-09 20:12:27,673 [INFO] Época 15/30, Batch 1250/3348, Loss: 0.3374
2025-10-09 20:12:27,929 [INFO] Época 15/30, Batch 1300/3348, Loss: 0.4314
2025-10-09 20:12:28,184 [INFO] Época 15/30, Batch 1350/3348, Loss: 0.4259
2025-10-09 20:12:28,444 [INFO] Época 15/30, Batch 1400/3348, Loss: 0.5437
2025-10-09 20:12:28,702 [INFO] Época 15/30, Batch 1450/3348, Loss: 0.5357
2025-10-09 20:12:28,958 [INFO] Época 15/30, Batch 1500/3348, Loss: 0.6052
2025-10-09 20:12:29,215 [INFO] Época 15/30, Batch 1550/3348, Loss: 0.3471
2025-10-09 20:12:29,472 [INFO] Época 15/30, Batch 1600/3348, Loss: 0.4237
2025-10-09 20:12:29,727 [INFO] Época 15/30, Batch 1650/3348, Loss: 0.5573
2025-10-09 20:12:29,983 [INFO] Época 15/30, Batch 1700/3348, Loss: 0.4094
2025-10-09 20:12:30,239 [INFO] Época 15/30, Batch 1750/3348, Loss: 0.3420
2025-10-09 20:12:30,494 [INFO] Época 15/30, Batch 1800/3348, Loss: 0.4389
2025-10-09 20:12:30,751 [INFO] Época 15/30, Batch 1850/3348, Loss: 0.5454
2025-10-09 20:12:31,008 [INFO] Época 15/30, Batch 1900/3348, Loss: 0.4117
2025-10-09 20:12:31,262 [INFO] Época 15/30, Batch 1950/3348, Loss: 0.4440
2025-10-09 20:12:31,518 [INFO] Época 15/30, Batch 2000/3348, Loss: 0.4297
2025-10-09 20:12:31,779 [INFO] Época 15/30, Batch 2050/3348, Loss: 0.5751
2025-10-09 20:12:32,039 [INFO] Época 15/30, Batch 2100/3348, Loss: 0.3348
2025-10-09 20:12:32,299 [INFO] Época 15/30, Batch 2150/3348, Loss: 0.4150
2025-10-09 20:12:32,556 [INFO] Época 15/30, Batch 2200/3348, Loss: 0.3503
2025-10-09 20:12:32,818 [INFO] Época 15/30, Batch 2250/3348, Loss: 0.4849
2025-10-09 20:12:33,077 [INFO] Época 15/30, Batch 2300/3348, Loss: 0.3902
2025-10-09 20:12:33,336 [INFO] Época 15/30, Batch 2350/3348, Loss: 0.4379
2025-10-09 20:12:33,596 [INFO] Época 15/30, Batch 2400/3348, Loss: 0.4413
2025-10-09 20:12:33,857 [INFO] Época 15/30, Batch 2450/3348, Loss: 0.3477
2025-10-09 20:12:34,118 [INFO] Época 15/30, Batch 2500/3348, Loss: 0.7033
2025-10-09 20:12:34,380 [INFO] Época 15/30, Batch 2550/3348, Loss: 0.4171
2025-10-09 20:12:34,640 [INFO] Época 15/30, Batch 2600/3348, Loss: 0.3121
2025-10-09 20:12:34,902 [INFO] Época 15/30, Batch 2650/3348, Loss: 0.5646
2025-10-09 20:12:35,164 [INFO] Época 15/30, Batch 2700/3348, Loss: 0.3215
2025-10-09 20:12:35,422 [INFO] Época 15/30, Batch 2750/3348, Loss: 0.3579
2025-10-09 20:12:35,680 [INFO] Época 15/30, Batch 2800/3348, Loss: 0.3444
2025-10-09 20:12:35,939 [INFO] Época 15/30, Batch 2850/3348, Loss: 0.5550
2025-10-09 20:12:36,207 [INFO] Época 15/30, Batch 2900/3348, Loss: 0.4021
2025-10-09 20:12:36,476 [INFO] Época 15/30, Batch 2950/3348, Loss: 0.4193
2025-10-09 20:12:36,746 [INFO] Época 15/30, Batch 3000/3348, Loss: 0.3481
2025-10-09 20:12:37,008 [INFO] Época 15/30, Batch 3050/3348, Loss: 0.5843
2025-10-09 20:12:37,269 [INFO] Época 15/30, Batch 3100/3348, Loss: 0.4106
2025-10-09 20:12:37,533 [INFO] Época 15/30, Batch 3150/3348, Loss: 0.4060
2025-10-09 20:12:37,801 [INFO] Época 15/30, Batch 3200/3348, Loss: 0.4235
2025-10-09 20:12:38,082 [INFO] Época 15/30, Batch 3250/3348, Loss: 0.3609
2025-10-09 20:12:38,343 [INFO] Época 15/30, Batch 3300/3348, Loss: 0.4495
2025-10-09 20:12:40,152 [INFO] [15/30] Train Loss: 0.4485 | Val Loss: 0.4123 | Tempo: 19.26s
2025-10-09 20:12:40,729 [INFO] Época 16/30, Batch 50/3348, Loss: 0.3228
2025-10-09 20:12:40,988 [INFO] Época 16/30, Batch 100/3348, Loss: 0.4288
2025-10-09 20:12:41,246 [INFO] Época 16/30, Batch 150/3348, Loss: 0.4069
2025-10-09 20:12:41,505 [INFO] Época 16/30, Batch 200/3348, Loss: 0.4267
2025-10-09 20:12:41,771 [INFO] Época 16/30, Batch 250/3348, Loss: 0.3263
2025-10-09 20:12:42,034 [INFO] Época 16/30, Batch 300/3348, Loss: 0.3990
2025-10-09 20:12:42,294 [INFO] Época 16/30, Batch 350/3348, Loss: 0.3233
2025-10-09 20:12:42,552 [INFO] Época 16/30, Batch 400/3348, Loss: 0.5129
2025-10-09 20:12:42,819 [INFO] Época 16/30, Batch 450/3348, Loss: 0.5776
2025-10-09 20:12:43,092 [INFO] Época 16/30, Batch 500/3348, Loss: 0.4670
2025-10-09 20:12:43,361 [INFO] Época 16/30, Batch 550/3348, Loss: 0.4621
2025-10-09 20:12:43,626 [INFO] Época 16/30, Batch 600/3348, Loss: 0.5762
2025-10-09 20:12:43,883 [INFO] Época 16/30, Batch 650/3348, Loss: 0.5503
2025-10-09 20:12:44,132 [INFO] Época 16/30, Batch 700/3348, Loss: 0.3679
2025-10-09 20:12:44,380 [INFO] Época 16/30, Batch 750/3348, Loss: 0.4835
2025-10-09 20:12:44,625 [INFO] Época 16/30, Batch 800/3348, Loss: 0.6820
2025-10-09 20:12:44,887 [INFO] Época 16/30, Batch 850/3348, Loss: 0.3952
2025-10-09 20:12:45,150 [INFO] Época 16/30, Batch 900/3348, Loss: 0.5264
2025-10-09 20:12:45,412 [INFO] Época 16/30, Batch 950/3348, Loss: 0.3942
2025-10-09 20:12:45,676 [INFO] Época 16/30, Batch 1000/3348, Loss: 0.4874
2025-10-09 20:12:45,937 [INFO] Época 16/30, Batch 1050/3348, Loss: 0.5769
2025-10-09 20:12:46,198 [INFO] Época 16/30, Batch 1100/3348, Loss: 0.4503
2025-10-09 20:12:46,460 [INFO] Época 16/30, Batch 1150/3348, Loss: 0.6723
2025-10-09 20:12:46,719 [INFO] Época 16/30, Batch 1200/3348, Loss: 0.3722
2025-10-09 20:12:46,974 [INFO] Época 16/30, Batch 1250/3348, Loss: 0.5149
2025-10-09 20:12:47,229 [INFO] Época 16/30, Batch 1300/3348, Loss: 0.4748
2025-10-09 20:12:47,484 [INFO] Época 16/30, Batch 1350/3348, Loss: 0.4308
2025-10-09 20:12:47,740 [INFO] Época 16/30, Batch 1400/3348, Loss: 0.5765
2025-10-09 20:12:47,994 [INFO] Época 16/30, Batch 1450/3348, Loss: 0.5611
2025-10-09 20:12:48,250 [INFO] Época 16/30, Batch 1500/3348, Loss: 0.5355
2025-10-09 20:12:48,506 [INFO] Época 16/30, Batch 1550/3348, Loss: 0.2991
2025-10-09 20:12:48,763 [INFO] Época 16/30, Batch 1600/3348, Loss: 0.4143
2025-10-09 20:12:49,017 [INFO] Época 16/30, Batch 1650/3348, Loss: 0.4207
2025-10-09 20:12:49,273 [INFO] Época 16/30, Batch 1700/3348, Loss: 0.4617
2025-10-09 20:12:49,530 [INFO] Época 16/30, Batch 1750/3348, Loss: 0.3604
2025-10-09 20:12:49,783 [INFO] Época 16/30, Batch 1800/3348, Loss: 0.3979
2025-10-09 20:12:50,038 [INFO] Época 16/30, Batch 1850/3348, Loss: 0.3310
2025-10-09 20:12:50,292 [INFO] Época 16/30, Batch 1900/3348, Loss: 0.3369
2025-10-09 20:12:50,547 [INFO] Época 16/30, Batch 1950/3348, Loss: 0.3631
2025-10-09 20:12:50,801 [INFO] Época 16/30, Batch 2000/3348, Loss: 0.3706
2025-10-09 20:12:51,054 [INFO] Época 16/30, Batch 2050/3348, Loss: 0.4266
2025-10-09 20:12:51,309 [INFO] Época 16/30, Batch 2100/3348, Loss: 0.6046
2025-10-09 20:12:51,562 [INFO] Época 16/30, Batch 2150/3348, Loss: 0.4696
2025-10-09 20:12:51,814 [INFO] Época 16/30, Batch 2200/3348, Loss: 0.3565
2025-10-09 20:12:52,073 [INFO] Época 16/30, Batch 2250/3348, Loss: 0.5014
2025-10-09 20:12:52,326 [INFO] Época 16/30, Batch 2300/3348, Loss: 0.2933
2025-10-09 20:12:52,579 [INFO] Época 16/30, Batch 2350/3348, Loss: 0.4447
2025-10-09 20:12:52,831 [INFO] Época 16/30, Batch 2400/3348, Loss: 0.5288
2025-10-09 20:12:53,085 [INFO] Época 16/30, Batch 2450/3348, Loss: 0.5046
2025-10-09 20:12:53,339 [INFO] Época 16/30, Batch 2500/3348, Loss: 0.5490
2025-10-09 20:12:53,596 [INFO] Época 16/30, Batch 2550/3348, Loss: 0.4106
2025-10-09 20:12:53,850 [INFO] Época 16/30, Batch 2600/3348, Loss: 0.4888
2025-10-09 20:12:54,104 [INFO] Época 16/30, Batch 2650/3348, Loss: 0.5637
2025-10-09 20:12:54,359 [INFO] Época 16/30, Batch 2700/3348, Loss: 0.4673
2025-10-09 20:12:54,614 [INFO] Época 16/30, Batch 2750/3348, Loss: 0.5653
2025-10-09 20:12:54,878 [INFO] Época 16/30, Batch 2800/3348, Loss: 0.4362
2025-10-09 20:12:55,138 [INFO] Época 16/30, Batch 2850/3348, Loss: 0.4504
2025-10-09 20:12:55,401 [INFO] Época 16/30, Batch 2900/3348, Loss: 0.4097
2025-10-09 20:12:55,662 [INFO] Época 16/30, Batch 2950/3348, Loss: 0.5183
2025-10-09 20:12:55,925 [INFO] Época 16/30, Batch 3000/3348, Loss: 0.3891
2025-10-09 20:12:56,188 [INFO] Época 16/30, Batch 3050/3348, Loss: 0.4439
2025-10-09 20:12:56,451 [INFO] Época 16/30, Batch 3100/3348, Loss: 0.3857
2025-10-09 20:12:56,713 [INFO] Época 16/30, Batch 3150/3348, Loss: 0.5716
2025-10-09 20:12:56,974 [INFO] Época 16/30, Batch 3200/3348, Loss: 0.6816
2025-10-09 20:12:57,238 [INFO] Época 16/30, Batch 3250/3348, Loss: 0.5370
2025-10-09 20:12:57,501 [INFO] Época 16/30, Batch 3300/3348, Loss: 0.4645
2025-10-09 20:12:59,237 [INFO] [16/30] Train Loss: 0.4473 | Val Loss: 0.4124 | Tempo: 19.08s
2025-10-09 20:12:59,815 [INFO] Época 17/30, Batch 50/3348, Loss: 0.4429
2025-10-09 20:13:00,082 [INFO] Época 17/30, Batch 100/3348, Loss: 0.5002
2025-10-09 20:13:00,341 [INFO] Época 17/30, Batch 150/3348, Loss: 0.4719
2025-10-09 20:13:00,602 [INFO] Época 17/30, Batch 200/3348, Loss: 0.4002
2025-10-09 20:13:00,863 [INFO] Época 17/30, Batch 250/3348, Loss: 0.4708
2025-10-09 20:13:01,121 [INFO] Época 17/30, Batch 300/3348, Loss: 0.5672
2025-10-09 20:13:01,378 [INFO] Época 17/30, Batch 350/3348, Loss: 0.5423
2025-10-09 20:13:01,634 [INFO] Época 17/30, Batch 400/3348, Loss: 0.4964
2025-10-09 20:13:01,893 [INFO] Época 17/30, Batch 450/3348, Loss: 0.4025
2025-10-09 20:13:02,152 [INFO] Época 17/30, Batch 500/3348, Loss: 0.3989
2025-10-09 20:13:02,407 [INFO] Época 17/30, Batch 550/3348, Loss: 0.6547
2025-10-09 20:13:02,663 [INFO] Época 17/30, Batch 600/3348, Loss: 0.4202
2025-10-09 20:13:02,917 [INFO] Época 17/30, Batch 650/3348, Loss: 0.4796
2025-10-09 20:13:03,174 [INFO] Época 17/30, Batch 700/3348, Loss: 0.3943
2025-10-09 20:13:03,425 [INFO] Época 17/30, Batch 750/3348, Loss: 0.5288
2025-10-09 20:13:03,677 [INFO] Época 17/30, Batch 800/3348, Loss: 0.4647
2025-10-09 20:13:03,933 [INFO] Época 17/30, Batch 850/3348, Loss: 0.5083
2025-10-09 20:13:04,190 [INFO] Época 17/30, Batch 900/3348, Loss: 0.4924
2025-10-09 20:13:04,446 [INFO] Época 17/30, Batch 950/3348, Loss: 0.4552
2025-10-09 20:13:04,703 [INFO] Época 17/30, Batch 1000/3348, Loss: 0.3517
2025-10-09 20:13:04,960 [INFO] Época 17/30, Batch 1050/3348, Loss: 0.2917
2025-10-09 20:13:05,213 [INFO] Época 17/30, Batch 1100/3348, Loss: 0.3280
2025-10-09 20:13:05,467 [INFO] Época 17/30, Batch 1150/3348, Loss: 0.4628
2025-10-09 20:13:05,723 [INFO] Época 17/30, Batch 1200/3348, Loss: 0.4494
2025-10-09 20:13:05,978 [INFO] Época 17/30, Batch 1250/3348, Loss: 0.5255
2025-10-09 20:13:06,231 [INFO] Época 17/30, Batch 1300/3348, Loss: 0.5448
2025-10-09 20:13:06,488 [INFO] Época 17/30, Batch 1350/3348, Loss: 0.4076
2025-10-09 20:13:06,745 [INFO] Época 17/30, Batch 1400/3348, Loss: 0.5656
2025-10-09 20:13:07,000 [INFO] Época 17/30, Batch 1450/3348, Loss: 0.4623
2025-10-09 20:13:07,257 [INFO] Época 17/30, Batch 1500/3348, Loss: 0.4296
2025-10-09 20:13:07,515 [INFO] Época 17/30, Batch 1550/3348, Loss: 0.5475
2025-10-09 20:13:07,769 [INFO] Época 17/30, Batch 1600/3348, Loss: 0.5155
2025-10-09 20:13:08,021 [INFO] Época 17/30, Batch 1650/3348, Loss: 0.5029
2025-10-09 20:13:08,276 [INFO] Época 17/30, Batch 1700/3348, Loss: 0.5705
2025-10-09 20:13:08,533 [INFO] Época 17/30, Batch 1750/3348, Loss: 0.3658
2025-10-09 20:13:08,798 [INFO] Época 17/30, Batch 1800/3348, Loss: 0.4599
2025-10-09 20:13:09,061 [INFO] Época 17/30, Batch 1850/3348, Loss: 0.5445
2025-10-09 20:13:09,324 [INFO] Época 17/30, Batch 1900/3348, Loss: 0.5750
2025-10-09 20:13:09,590 [INFO] Época 17/30, Batch 1950/3348, Loss: 0.4053
2025-10-09 20:13:09,846 [INFO] Época 17/30, Batch 2000/3348, Loss: 0.4627
2025-10-09 20:13:10,118 [INFO] Época 17/30, Batch 2050/3348, Loss: 0.3941
2025-10-09 20:13:10,374 [INFO] Época 17/30, Batch 2100/3348, Loss: 0.3856
2025-10-09 20:13:10,629 [INFO] Época 17/30, Batch 2150/3348, Loss: 0.4558
2025-10-09 20:13:10,887 [INFO] Época 17/30, Batch 2200/3348, Loss: 0.4191
2025-10-09 20:13:11,140 [INFO] Época 17/30, Batch 2250/3348, Loss: 0.3978
2025-10-09 20:13:11,396 [INFO] Época 17/30, Batch 2300/3348, Loss: 0.4122
2025-10-09 20:13:11,649 [INFO] Época 17/30, Batch 2350/3348, Loss: 0.2964
2025-10-09 20:13:11,908 [INFO] Época 17/30, Batch 2400/3348, Loss: 0.5375
2025-10-09 20:13:12,165 [INFO] Época 17/30, Batch 2450/3348, Loss: 0.3738
2025-10-09 20:13:12,423 [INFO] Época 17/30, Batch 2500/3348, Loss: 0.4826
2025-10-09 20:13:12,680 [INFO] Época 17/30, Batch 2550/3348, Loss: 0.4511
2025-10-09 20:13:12,936 [INFO] Época 17/30, Batch 2600/3348, Loss: 0.4893
2025-10-09 20:13:13,193 [INFO] Época 17/30, Batch 2650/3348, Loss: 0.3556
2025-10-09 20:13:13,448 [INFO] Época 17/30, Batch 2700/3348, Loss: 0.4128
2025-10-09 20:13:13,702 [INFO] Época 17/30, Batch 2750/3348, Loss: 0.2362
2025-10-09 20:13:13,956 [INFO] Época 17/30, Batch 2800/3348, Loss: 0.4811
2025-10-09 20:13:14,210 [INFO] Época 17/30, Batch 2850/3348, Loss: 0.5377
2025-10-09 20:13:14,463 [INFO] Época 17/30, Batch 2900/3348, Loss: 0.4647
2025-10-09 20:13:14,717 [INFO] Época 17/30, Batch 2950/3348, Loss: 0.4568
2025-10-09 20:13:14,971 [INFO] Época 17/30, Batch 3000/3348, Loss: 0.7698
2025-10-09 20:13:15,226 [INFO] Época 17/30, Batch 3050/3348, Loss: 0.4853
2025-10-09 20:13:15,482 [INFO] Época 17/30, Batch 3100/3348, Loss: 0.4106
2025-10-09 20:13:15,737 [INFO] Época 17/30, Batch 3150/3348, Loss: 0.6789
2025-10-09 20:13:15,992 [INFO] Época 17/30, Batch 3200/3348, Loss: 0.3846
2025-10-09 20:13:16,246 [INFO] Época 17/30, Batch 3250/3348, Loss: 0.3746
2025-10-09 20:13:16,500 [INFO] Época 17/30, Batch 3300/3348, Loss: 0.5367
2025-10-09 20:13:18,325 [INFO] [17/30] Train Loss: 0.4464 | Val Loss: 0.4148 | Tempo: 19.09s
2025-10-09 20:13:18,912 [INFO] Época 18/30, Batch 50/3348, Loss: 0.3843
2025-10-09 20:13:19,184 [INFO] Época 18/30, Batch 100/3348, Loss: 0.5146
2025-10-09 20:13:19,454 [INFO] Época 18/30, Batch 150/3348, Loss: 0.4806
2025-10-09 20:13:19,723 [INFO] Época 18/30, Batch 200/3348, Loss: 0.4428
2025-10-09 20:13:19,988 [INFO] Época 18/30, Batch 250/3348, Loss: 0.4369
2025-10-09 20:13:20,249 [INFO] Época 18/30, Batch 300/3348, Loss: 0.3752
2025-10-09 20:13:20,507 [INFO] Época 18/30, Batch 350/3348, Loss: 0.4630
2025-10-09 20:13:20,767 [INFO] Época 18/30, Batch 400/3348, Loss: 0.3498
2025-10-09 20:13:21,027 [INFO] Época 18/30, Batch 450/3348, Loss: 0.4655
2025-10-09 20:13:21,287 [INFO] Época 18/30, Batch 500/3348, Loss: 0.3005
2025-10-09 20:13:21,547 [INFO] Época 18/30, Batch 550/3348, Loss: 0.4099
2025-10-09 20:13:21,807 [INFO] Época 18/30, Batch 600/3348, Loss: 0.3002
2025-10-09 20:13:22,066 [INFO] Época 18/30, Batch 650/3348, Loss: 0.5526
2025-10-09 20:13:22,325 [INFO] Época 18/30, Batch 700/3348, Loss: 0.4729
2025-10-09 20:13:22,584 [INFO] Época 18/30, Batch 750/3348, Loss: 0.4133
2025-10-09 20:13:22,844 [INFO] Época 18/30, Batch 800/3348, Loss: 0.4279
2025-10-09 20:13:23,102 [INFO] Época 18/30, Batch 850/3348, Loss: 0.4425
2025-10-09 20:13:23,361 [INFO] Época 18/30, Batch 900/3348, Loss: 0.3758
2025-10-09 20:13:23,625 [INFO] Época 18/30, Batch 950/3348, Loss: 0.4277
2025-10-09 20:13:23,890 [INFO] Época 18/30, Batch 1000/3348, Loss: 0.3175
2025-10-09 20:13:24,156 [INFO] Época 18/30, Batch 1050/3348, Loss: 0.4914
2025-10-09 20:13:24,422 [INFO] Época 18/30, Batch 1100/3348, Loss: 0.4695
2025-10-09 20:13:24,681 [INFO] Época 18/30, Batch 1150/3348, Loss: 0.4363
2025-10-09 20:13:24,940 [INFO] Época 18/30, Batch 1200/3348, Loss: 0.3819
2025-10-09 20:13:25,199 [INFO] Época 18/30, Batch 1250/3348, Loss: 0.4447
2025-10-09 20:13:25,459 [INFO] Época 18/30, Batch 1300/3348, Loss: 0.4903
2025-10-09 20:13:25,719 [INFO] Época 18/30, Batch 1350/3348, Loss: 0.5085
2025-10-09 20:13:25,980 [INFO] Época 18/30, Batch 1400/3348, Loss: 0.4228
2025-10-09 20:13:26,239 [INFO] Época 18/30, Batch 1450/3348, Loss: 0.5038
2025-10-09 20:13:26,498 [INFO] Época 18/30, Batch 1500/3348, Loss: 0.5124
2025-10-09 20:13:26,759 [INFO] Época 18/30, Batch 1550/3348, Loss: 0.6364
2025-10-09 20:13:27,020 [INFO] Época 18/30, Batch 1600/3348, Loss: 0.4498
2025-10-09 20:13:27,278 [INFO] Época 18/30, Batch 1650/3348, Loss: 0.4679
2025-10-09 20:13:27,539 [INFO] Época 18/30, Batch 1700/3348, Loss: 0.5205
2025-10-09 20:13:27,796 [INFO] Época 18/30, Batch 1750/3348, Loss: 0.4488
2025-10-09 20:13:28,061 [INFO] Época 18/30, Batch 1800/3348, Loss: 0.4934
2025-10-09 20:13:28,329 [INFO] Época 18/30, Batch 1850/3348, Loss: 0.3546
2025-10-09 20:13:28,597 [INFO] Época 18/30, Batch 1900/3348, Loss: 0.4544
2025-10-09 20:13:28,863 [INFO] Época 18/30, Batch 1950/3348, Loss: 0.3323
2025-10-09 20:13:29,132 [INFO] Época 18/30, Batch 2000/3348, Loss: 0.4928
2025-10-09 20:13:29,399 [INFO] Época 18/30, Batch 2050/3348, Loss: 0.2409
2025-10-09 20:13:29,666 [INFO] Época 18/30, Batch 2100/3348, Loss: 0.4240
2025-10-09 20:13:29,933 [INFO] Época 18/30, Batch 2150/3348, Loss: 0.3706
2025-10-09 20:13:30,198 [INFO] Época 18/30, Batch 2200/3348, Loss: 0.3596
2025-10-09 20:13:30,466 [INFO] Época 18/30, Batch 2250/3348, Loss: 0.5265
2025-10-09 20:13:30,729 [INFO] Época 18/30, Batch 2300/3348, Loss: 0.3658
2025-10-09 20:13:30,990 [INFO] Época 18/30, Batch 2350/3348, Loss: 0.4580
2025-10-09 20:13:31,250 [INFO] Época 18/30, Batch 2400/3348, Loss: 0.4769
2025-10-09 20:13:31,509 [INFO] Época 18/30, Batch 2450/3348, Loss: 0.5406
2025-10-09 20:13:31,768 [INFO] Época 18/30, Batch 2500/3348, Loss: 0.4592
2025-10-09 20:13:32,025 [INFO] Época 18/30, Batch 2550/3348, Loss: 0.3966
2025-10-09 20:13:32,286 [INFO] Época 18/30, Batch 2600/3348, Loss: 0.4269
2025-10-09 20:13:32,545 [INFO] Época 18/30, Batch 2650/3348, Loss: 0.3900
2025-10-09 20:13:32,807 [INFO] Época 18/30, Batch 2700/3348, Loss: 0.4445
2025-10-09 20:13:33,073 [INFO] Época 18/30, Batch 2750/3348, Loss: 0.2562
2025-10-09 20:13:33,338 [INFO] Época 18/30, Batch 2800/3348, Loss: 0.6302
2025-10-09 20:13:33,598 [INFO] Época 18/30, Batch 2850/3348, Loss: 0.4374
2025-10-09 20:13:33,859 [INFO] Época 18/30, Batch 2900/3348, Loss: 0.4484
2025-10-09 20:13:34,126 [INFO] Época 18/30, Batch 2950/3348, Loss: 0.6149
2025-10-09 20:13:34,390 [INFO] Época 18/30, Batch 3000/3348, Loss: 0.3810
2025-10-09 20:13:34,656 [INFO] Época 18/30, Batch 3050/3348, Loss: 0.5168
2025-10-09 20:13:34,925 [INFO] Época 18/30, Batch 3100/3348, Loss: 0.5485
2025-10-09 20:13:35,198 [INFO] Época 18/30, Batch 3150/3348, Loss: 0.4862
2025-10-09 20:13:35,466 [INFO] Época 18/30, Batch 3200/3348, Loss: 0.3311
2025-10-09 20:13:35,734 [INFO] Época 18/30, Batch 3250/3348, Loss: 0.4259
2025-10-09 20:13:36,000 [INFO] Época 18/30, Batch 3300/3348, Loss: 0.4673
2025-10-09 20:13:37,768 [INFO] [18/30] Train Loss: 0.4461 | Val Loss: 0.4089 | Tempo: 19.44s
2025-10-09 20:13:37,773 [INFO] Melhor modelo salvo em: /mnt/hdd/home/jdurao/ToolBox-ChemXAI/models/mlp_qm9_Physicochemical_att3_large.pth
2025-10-09 20:13:38,345 [INFO] Época 19/30, Batch 50/3348, Loss: 0.5080
2025-10-09 20:13:38,608 [INFO] Época 19/30, Batch 100/3348, Loss: 0.4640
2025-10-09 20:13:38,867 [INFO] Época 19/30, Batch 150/3348, Loss: 0.3755
2025-10-09 20:13:39,125 [INFO] Época 19/30, Batch 200/3348, Loss: 0.5250
2025-10-09 20:13:39,382 [INFO] Época 19/30, Batch 250/3348, Loss: 0.3852
2025-10-09 20:13:39,639 [INFO] Época 19/30, Batch 300/3348, Loss: 0.3759
2025-10-09 20:13:39,897 [INFO] Época 19/30, Batch 350/3348, Loss: 0.4515
2025-10-09 20:13:40,154 [INFO] Época 19/30, Batch 400/3348, Loss: 0.4129
2025-10-09 20:13:40,411 [INFO] Época 19/30, Batch 450/3348, Loss: 0.5359
2025-10-09 20:13:40,669 [INFO] Época 19/30, Batch 500/3348, Loss: 0.5625
2025-10-09 20:13:40,927 [INFO] Época 19/30, Batch 550/3348, Loss: 0.4797
2025-10-09 20:13:41,186 [INFO] Época 19/30, Batch 600/3348, Loss: 0.3939
2025-10-09 20:13:41,442 [INFO] Época 19/30, Batch 650/3348, Loss: 0.4459
2025-10-09 20:13:41,697 [INFO] Época 19/30, Batch 700/3348, Loss: 0.4487
2025-10-09 20:13:41,953 [INFO] Época 19/30, Batch 750/3348, Loss: 0.3725
2025-10-09 20:13:42,209 [INFO] Época 19/30, Batch 800/3348, Loss: 0.5222
2025-10-09 20:13:42,468 [INFO] Época 19/30, Batch 850/3348, Loss: 0.4073
2025-10-09 20:13:42,722 [INFO] Época 19/30, Batch 900/3348, Loss: 0.4146
2025-10-09 20:13:42,977 [INFO] Época 19/30, Batch 950/3348, Loss: 0.4694
2025-10-09 20:13:43,232 [INFO] Época 19/30, Batch 1000/3348, Loss: 0.3862
2025-10-09 20:13:43,484 [INFO] Época 19/30, Batch 1050/3348, Loss: 0.3373
2025-10-09 20:13:43,734 [INFO] Época 19/30, Batch 1100/3348, Loss: 0.4299
2025-10-09 20:13:43,987 [INFO] Época 19/30, Batch 1150/3348, Loss: 0.3557
2025-10-09 20:13:44,243 [INFO] Época 19/30, Batch 1200/3348, Loss: 0.4321
2025-10-09 20:13:44,500 [INFO] Época 19/30, Batch 1250/3348, Loss: 0.4159
2025-10-09 20:13:44,756 [INFO] Época 19/30, Batch 1300/3348, Loss: 0.4229
2025-10-09 20:13:45,014 [INFO] Época 19/30, Batch 1350/3348, Loss: 0.4866
2025-10-09 20:13:45,271 [INFO] Época 19/30, Batch 1400/3348, Loss: 0.3978
2025-10-09 20:13:45,526 [INFO] Época 19/30, Batch 1450/3348, Loss: 0.2820
2025-10-09 20:13:45,783 [INFO] Época 19/30, Batch 1500/3348, Loss: 0.3577
2025-10-09 20:13:46,038 [INFO] Época 19/30, Batch 1550/3348, Loss: 0.3712
2025-10-09 20:13:46,294 [INFO] Época 19/30, Batch 1600/3348, Loss: 0.4734
2025-10-09 20:13:46,550 [INFO] Época 19/30, Batch 1650/3348, Loss: 0.4139
2025-10-09 20:13:46,807 [INFO] Época 19/30, Batch 1700/3348, Loss: 0.4950
2025-10-09 20:13:47,063 [INFO] Época 19/30, Batch 1750/3348, Loss: 0.3552
2025-10-09 20:13:47,319 [INFO] Época 19/30, Batch 1800/3348, Loss: 0.5072
2025-10-09 20:13:47,576 [INFO] Época 19/30, Batch 1850/3348, Loss: 0.3620
2025-10-09 20:13:47,835 [INFO] Época 19/30, Batch 1900/3348, Loss: 0.4247
2025-10-09 20:13:48,093 [INFO] Época 19/30, Batch 1950/3348, Loss: 0.3634
2025-10-09 20:13:48,351 [INFO] Época 19/30, Batch 2000/3348, Loss: 0.4605
2025-10-09 20:13:48,609 [INFO] Época 19/30, Batch 2050/3348, Loss: 0.4981
2025-10-09 20:13:48,866 [INFO] Época 19/30, Batch 2100/3348, Loss: 0.2535
2025-10-09 20:13:49,124 [INFO] Época 19/30, Batch 2150/3348, Loss: 0.3959
2025-10-09 20:13:49,383 [INFO] Época 19/30, Batch 2200/3348, Loss: 0.4146
2025-10-09 20:13:49,642 [INFO] Época 19/30, Batch 2250/3348, Loss: 0.4345
2025-10-09 20:13:49,900 [INFO] Época 19/30, Batch 2300/3348, Loss: 0.3519
2025-10-09 20:13:50,159 [INFO] Época 19/30, Batch 2350/3348, Loss: 0.3989
2025-10-09 20:13:50,421 [INFO] Época 19/30, Batch 2400/3348, Loss: 0.5232
2025-10-09 20:13:50,678 [INFO] Época 19/30, Batch 2450/3348, Loss: 0.4080
2025-10-09 20:13:50,936 [INFO] Época 19/30, Batch 2500/3348, Loss: 0.4230
2025-10-09 20:13:51,197 [INFO] Época 19/30, Batch 2550/3348, Loss: 0.4424
2025-10-09 20:13:51,457 [INFO] Época 19/30, Batch 2600/3348, Loss: 0.4093
2025-10-09 20:13:51,716 [INFO] Época 19/30, Batch 2650/3348, Loss: 0.5254
2025-10-09 20:13:51,979 [INFO] Época 19/30, Batch 2700/3348, Loss: 0.4524
2025-10-09 20:13:52,237 [INFO] Época 19/30, Batch 2750/3348, Loss: 0.5332
2025-10-09 20:13:52,493 [INFO] Época 19/30, Batch 2800/3348, Loss: 0.3803
2025-10-09 20:13:52,751 [INFO] Época 19/30, Batch 2850/3348, Loss: 0.4586
2025-10-09 20:13:53,008 [INFO] Época 19/30, Batch 2900/3348, Loss: 0.3690
2025-10-09 20:13:53,269 [INFO] Época 19/30, Batch 2950/3348, Loss: 0.3999
2025-10-09 20:13:53,525 [INFO] Época 19/30, Batch 3000/3348, Loss: 0.3918
2025-10-09 20:13:53,783 [INFO] Época 19/30, Batch 3050/3348, Loss: 0.4940
2025-10-09 20:13:54,037 [INFO] Época 19/30, Batch 3100/3348, Loss: 0.3997
2025-10-09 20:13:54,294 [INFO] Época 19/30, Batch 3150/3348, Loss: 0.4797
2025-10-09 20:13:54,551 [INFO] Época 19/30, Batch 3200/3348, Loss: 0.4135
2025-10-09 20:13:54,804 [INFO] Época 19/30, Batch 3250/3348, Loss: 0.4063
2025-10-09 20:13:55,057 [INFO] Época 19/30, Batch 3300/3348, Loss: 0.4202
2025-10-09 20:13:56,922 [INFO] [19/30] Train Loss: 0.4445 | Val Loss: 0.4188 | Tempo: 19.15s
2025-10-09 20:13:57,501 [INFO] Época 20/30, Batch 50/3348, Loss: 0.4655
2025-10-09 20:13:57,769 [INFO] Época 20/30, Batch 100/3348, Loss: 0.4470
2025-10-09 20:13:58,031 [INFO] Época 20/30, Batch 150/3348, Loss: 0.3976
2025-10-09 20:13:58,290 [INFO] Época 20/30, Batch 200/3348, Loss: 0.3023
2025-10-09 20:13:58,550 [INFO] Época 20/30, Batch 250/3348, Loss: 0.5266
2025-10-09 20:13:58,808 [INFO] Época 20/30, Batch 300/3348, Loss: 0.4508
2025-10-09 20:13:59,067 [INFO] Época 20/30, Batch 350/3348, Loss: 0.6439
2025-10-09 20:13:59,324 [INFO] Época 20/30, Batch 400/3348, Loss: 0.4678
2025-10-09 20:13:59,579 [INFO] Época 20/30, Batch 450/3348, Loss: 0.3824
2025-10-09 20:13:59,836 [INFO] Época 20/30, Batch 500/3348, Loss: 0.3241
2025-10-09 20:14:00,095 [INFO] Época 20/30, Batch 550/3348, Loss: 0.5497
2025-10-09 20:14:00,350 [INFO] Época 20/30, Batch 600/3348, Loss: 0.2473
2025-10-09 20:14:00,608 [INFO] Época 20/30, Batch 650/3348, Loss: 0.4464
2025-10-09 20:14:00,864 [INFO] Época 20/30, Batch 700/3348, Loss: 0.3027
2025-10-09 20:14:01,111 [INFO] Época 20/30, Batch 750/3348, Loss: 0.3997
2025-10-09 20:14:01,358 [INFO] Época 20/30, Batch 800/3348, Loss: 0.4925
2025-10-09 20:14:01,608 [INFO] Época 20/30, Batch 850/3348, Loss: 0.4934
2025-10-09 20:14:01,861 [INFO] Época 20/30, Batch 900/3348, Loss: 0.3963
2025-10-09 20:14:02,119 [INFO] Época 20/30, Batch 950/3348, Loss: 0.4895
2025-10-09 20:14:02,379 [INFO] Época 20/30, Batch 1000/3348, Loss: 0.2794
2025-10-09 20:14:02,637 [INFO] Época 20/30, Batch 1050/3348, Loss: 0.4204
2025-10-09 20:14:02,894 [INFO] Época 20/30, Batch 1100/3348, Loss: 0.4285
2025-10-09 20:14:03,147 [INFO] Época 20/30, Batch 1150/3348, Loss: 0.4629
2025-10-09 20:14:03,406 [INFO] Época 20/30, Batch 1200/3348, Loss: 0.4526
2025-10-09 20:14:03,676 [INFO] Época 20/30, Batch 1250/3348, Loss: 0.4453
2025-10-09 20:14:03,947 [INFO] Época 20/30, Batch 1300/3348, Loss: 0.3486
2025-10-09 20:14:04,207 [INFO] Época 20/30, Batch 1350/3348, Loss: 0.5567
2025-10-09 20:14:04,473 [INFO] Época 20/30, Batch 1400/3348, Loss: 0.3767
2025-10-09 20:14:04,736 [INFO] Época 20/30, Batch 1450/3348, Loss: 0.4912
2025-10-09 20:14:04,998 [INFO] Época 20/30, Batch 1500/3348, Loss: 0.4241
2025-10-09 20:14:05,257 [INFO] Época 20/30, Batch 1550/3348, Loss: 0.4542
2025-10-09 20:14:05,518 [INFO] Época 20/30, Batch 1600/3348, Loss: 0.5894
2025-10-09 20:14:05,782 [INFO] Época 20/30, Batch 1650/3348, Loss: 0.4073
2025-10-09 20:14:06,043 [INFO] Época 20/30, Batch 1700/3348, Loss: 0.4145
2025-10-09 20:14:06,307 [INFO] Época 20/30, Batch 1750/3348, Loss: 0.4049
2025-10-09 20:14:06,571 [INFO] Época 20/30, Batch 1800/3348, Loss: 0.4824
2025-10-09 20:14:06,836 [INFO] Época 20/30, Batch 1850/3348, Loss: 0.4927
2025-10-09 20:14:07,102 [INFO] Época 20/30, Batch 1900/3348, Loss: 0.3863
2025-10-09 20:14:07,363 [INFO] Época 20/30, Batch 1950/3348, Loss: 0.3776
2025-10-09 20:14:07,621 [INFO] Época 20/30, Batch 2000/3348, Loss: 0.4109
2025-10-09 20:14:07,879 [INFO] Época 20/30, Batch 2050/3348, Loss: 0.5943
2025-10-09 20:14:08,137 [INFO] Época 20/30, Batch 2100/3348, Loss: 0.4181
2025-10-09 20:14:08,397 [INFO] Época 20/30, Batch 2150/3348, Loss: 0.3406
2025-10-09 20:14:08,663 [INFO] Época 20/30, Batch 2200/3348, Loss: 0.4780
2025-10-09 20:14:08,926 [INFO] Época 20/30, Batch 2250/3348, Loss: 0.5407
2025-10-09 20:14:09,190 [INFO] Época 20/30, Batch 2300/3348, Loss: 0.3690
2025-10-09 20:14:09,448 [INFO] Época 20/30, Batch 2350/3348, Loss: 0.5221
2025-10-09 20:14:09,708 [INFO] Época 20/30, Batch 2400/3348, Loss: 0.3084
2025-10-09 20:14:09,965 [INFO] Época 20/30, Batch 2450/3348, Loss: 0.3589
2025-10-09 20:14:10,223 [INFO] Época 20/30, Batch 2500/3348, Loss: 0.4412
2025-10-09 20:14:10,482 [INFO] Época 20/30, Batch 2550/3348, Loss: 0.5168
2025-10-09 20:14:10,744 [INFO] Época 20/30, Batch 2600/3348, Loss: 0.3906
2025-10-09 20:14:11,009 [INFO] Época 20/30, Batch 2650/3348, Loss: 0.3372
2025-10-09 20:14:11,273 [INFO] Época 20/30, Batch 2700/3348, Loss: 0.4011
2025-10-09 20:14:11,529 [INFO] Época 20/30, Batch 2750/3348, Loss: 0.4364
2025-10-09 20:14:11,786 [INFO] Época 20/30, Batch 2800/3348, Loss: 0.4395
2025-10-09 20:14:12,043 [INFO] Época 20/30, Batch 2850/3348, Loss: 0.5440
2025-10-09 20:14:12,300 [INFO] Época 20/30, Batch 2900/3348, Loss: 0.4790
2025-10-09 20:14:12,559 [INFO] Época 20/30, Batch 2950/3348, Loss: 0.3381
2025-10-09 20:14:12,817 [INFO] Época 20/30, Batch 3000/3348, Loss: 0.3527
2025-10-09 20:14:13,073 [INFO] Época 20/30, Batch 3050/3348, Loss: 0.3966
2025-10-09 20:14:13,332 [INFO] Época 20/30, Batch 3100/3348, Loss: 0.5580
2025-10-09 20:14:13,590 [INFO] Época 20/30, Batch 3150/3348, Loss: 0.3661
2025-10-09 20:14:13,850 [INFO] Época 20/30, Batch 3200/3348, Loss: 0.5642
2025-10-09 20:14:14,108 [INFO] Época 20/30, Batch 3250/3348, Loss: 0.6696
2025-10-09 20:14:14,367 [INFO] Época 20/30, Batch 3300/3348, Loss: 0.4869
2025-10-09 20:14:16,198 [INFO] [20/30] Train Loss: 0.4436 | Val Loss: 0.4158 | Tempo: 19.28s
2025-10-09 20:14:16,774 [INFO] Época 21/30, Batch 50/3348, Loss: 0.3371
2025-10-09 20:14:17,037 [INFO] Época 21/30, Batch 100/3348, Loss: 0.6543
2025-10-09 20:14:17,300 [INFO] Época 21/30, Batch 150/3348, Loss: 0.4238
2025-10-09 20:14:17,560 [INFO] Época 21/30, Batch 200/3348, Loss: 0.4842
2025-10-09 20:14:17,819 [INFO] Época 21/30, Batch 250/3348, Loss: 0.4809
2025-10-09 20:14:18,077 [INFO] Época 21/30, Batch 300/3348, Loss: 0.3622
2025-10-09 20:14:18,340 [INFO] Época 21/30, Batch 350/3348, Loss: 0.4052
2025-10-09 20:14:18,598 [INFO] Época 21/30, Batch 400/3348, Loss: 0.4117
2025-10-09 20:14:18,854 [INFO] Época 21/30, Batch 450/3348, Loss: 0.4917
2025-10-09 20:14:19,108 [INFO] Época 21/30, Batch 500/3348, Loss: 0.3211
2025-10-09 20:14:19,363 [INFO] Época 21/30, Batch 550/3348, Loss: 0.5051
2025-10-09 20:14:19,616 [INFO] Época 21/30, Batch 600/3348, Loss: 0.5321
2025-10-09 20:14:19,871 [INFO] Época 21/30, Batch 650/3348, Loss: 0.3930
2025-10-09 20:14:20,126 [INFO] Época 21/30, Batch 700/3348, Loss: 0.4295
2025-10-09 20:14:20,378 [INFO] Época 21/30, Batch 750/3348, Loss: 0.4868
2025-10-09 20:14:20,631 [INFO] Época 21/30, Batch 800/3348, Loss: 0.5384
2025-10-09 20:14:20,885 [INFO] Época 21/30, Batch 850/3348, Loss: 0.4856
2025-10-09 20:14:21,138 [INFO] Época 21/30, Batch 900/3348, Loss: 0.4867
2025-10-09 20:14:21,389 [INFO] Época 21/30, Batch 950/3348, Loss: 0.3498
2025-10-09 20:14:21,642 [INFO] Época 21/30, Batch 1000/3348, Loss: 0.4135
2025-10-09 20:14:21,894 [INFO] Época 21/30, Batch 1050/3348, Loss: 0.4560
2025-10-09 20:14:22,145 [INFO] Época 21/30, Batch 1100/3348, Loss: 0.4714
2025-10-09 20:14:22,395 [INFO] Época 21/30, Batch 1150/3348, Loss: 0.3238
2025-10-09 20:14:22,647 [INFO] Época 21/30, Batch 1200/3348, Loss: 0.3478
2025-10-09 20:14:22,901 [INFO] Época 21/30, Batch 1250/3348, Loss: 0.4134
2025-10-09 20:14:23,158 [INFO] Época 21/30, Batch 1300/3348, Loss: 0.5080
2025-10-09 20:14:23,413 [INFO] Época 21/30, Batch 1350/3348, Loss: 0.4495
2025-10-09 20:14:23,671 [INFO] Época 21/30, Batch 1400/3348, Loss: 0.3122
2025-10-09 20:14:23,930 [INFO] Época 21/30, Batch 1450/3348, Loss: 0.5971
2025-10-09 20:14:24,187 [INFO] Época 21/30, Batch 1500/3348, Loss: 0.3612
2025-10-09 20:14:24,444 [INFO] Época 21/30, Batch 1550/3348, Loss: 0.4293
2025-10-09 20:14:24,700 [INFO] Época 21/30, Batch 1600/3348, Loss: 0.5626
2025-10-09 20:14:24,959 [INFO] Época 21/30, Batch 1650/3348, Loss: 0.4510
2025-10-09 20:14:25,221 [INFO] Época 21/30, Batch 1700/3348, Loss: 0.6079
2025-10-09 20:14:25,482 [INFO] Época 21/30, Batch 1750/3348, Loss: 0.3721
2025-10-09 20:14:25,748 [INFO] Época 21/30, Batch 1800/3348, Loss: 0.5533
2025-10-09 20:14:26,011 [INFO] Época 21/30, Batch 1850/3348, Loss: 0.4697
2025-10-09 20:14:26,276 [INFO] Época 21/30, Batch 1900/3348, Loss: 0.5399
2025-10-09 20:14:26,538 [INFO] Época 21/30, Batch 1950/3348, Loss: 0.4109
2025-10-09 20:14:26,796 [INFO] Época 21/30, Batch 2000/3348, Loss: 0.4301
2025-10-09 20:14:27,053 [INFO] Época 21/30, Batch 2050/3348, Loss: 0.4162
2025-10-09 20:14:27,310 [INFO] Época 21/30, Batch 2100/3348, Loss: 0.3909
2025-10-09 20:14:27,568 [INFO] Época 21/30, Batch 2150/3348, Loss: 0.4392
2025-10-09 20:14:27,827 [INFO] Época 21/30, Batch 2200/3348, Loss: 0.5489
2025-10-09 20:14:28,085 [INFO] Época 21/30, Batch 2250/3348, Loss: 0.4669
2025-10-09 20:14:28,344 [INFO] Época 21/30, Batch 2300/3348, Loss: 0.2775
2025-10-09 20:14:28,607 [INFO] Época 21/30, Batch 2350/3348, Loss: 0.4198
2025-10-09 20:14:28,870 [INFO] Época 21/30, Batch 2400/3348, Loss: 0.4047
2025-10-09 20:14:29,132 [INFO] Época 21/30, Batch 2450/3348, Loss: 0.4547
2025-10-09 20:14:29,394 [INFO] Época 21/30, Batch 2500/3348, Loss: 0.3299
2025-10-09 20:14:29,659 [INFO] Época 21/30, Batch 2550/3348, Loss: 0.3679
2025-10-09 20:14:29,916 [INFO] Época 21/30, Batch 2600/3348, Loss: 0.3976
2025-10-09 20:14:30,181 [INFO] Época 21/30, Batch 2650/3348, Loss: 0.3816
2025-10-09 20:14:30,439 [INFO] Época 21/30, Batch 2700/3348, Loss: 0.4037
2025-10-09 20:14:30,696 [INFO] Época 21/30, Batch 2750/3348, Loss: 0.5124
2025-10-09 20:14:30,962 [INFO] Época 21/30, Batch 2800/3348, Loss: 0.4958
2025-10-09 20:14:31,225 [INFO] Época 21/30, Batch 2850/3348, Loss: 0.4661
2025-10-09 20:14:31,487 [INFO] Época 21/30, Batch 2900/3348, Loss: 0.5141
2025-10-09 20:14:31,752 [INFO] Época 21/30, Batch 2950/3348, Loss: 0.4387
2025-10-09 20:14:32,017 [INFO] Época 21/30, Batch 3000/3348, Loss: 0.5073
2025-10-09 20:14:32,280 [INFO] Época 21/30, Batch 3050/3348, Loss: 0.4719
2025-10-09 20:14:32,540 [INFO] Época 21/30, Batch 3100/3348, Loss: 0.3654
2025-10-09 20:14:32,799 [INFO] Época 21/30, Batch 3150/3348, Loss: 0.3607
2025-10-09 20:14:33,057 [INFO] Época 21/30, Batch 3200/3348, Loss: 0.3695
2025-10-09 20:14:33,319 [INFO] Época 21/30, Batch 3250/3348, Loss: 0.4875
2025-10-09 20:14:33,583 [INFO] Época 21/30, Batch 3300/3348, Loss: 0.3287
2025-10-09 20:14:35,473 [INFO] [21/30] Train Loss: 0.4430 | Val Loss: 0.4144 | Tempo: 19.27s
2025-10-09 20:14:36,052 [INFO] Época 22/30, Batch 50/3348, Loss: 0.5298
2025-10-09 20:14:36,314 [INFO] Época 22/30, Batch 100/3348, Loss: 0.6381
2025-10-09 20:14:36,572 [INFO] Época 22/30, Batch 150/3348, Loss: 0.3004
2025-10-09 20:14:36,832 [INFO] Época 22/30, Batch 200/3348, Loss: 0.4224
2025-10-09 20:14:37,090 [INFO] Época 22/30, Batch 250/3348, Loss: 0.3728
2025-10-09 20:14:37,348 [INFO] Época 22/30, Batch 300/3348, Loss: 0.4546
2025-10-09 20:14:37,609 [INFO] Época 22/30, Batch 350/3348, Loss: 0.3919
2025-10-09 20:14:37,864 [INFO] Época 22/30, Batch 400/3348, Loss: 0.3288
2025-10-09 20:14:38,122 [INFO] Época 22/30, Batch 450/3348, Loss: 0.5279
2025-10-09 20:14:38,379 [INFO] Época 22/30, Batch 500/3348, Loss: 0.4930
2025-10-09 20:14:38,638 [INFO] Época 22/30, Batch 550/3348, Loss: 0.5180
2025-10-09 20:14:38,895 [INFO] Época 22/30, Batch 600/3348, Loss: 0.2861
2025-10-09 20:14:39,156 [INFO] Época 22/30, Batch 650/3348, Loss: 0.3782
2025-10-09 20:14:39,417 [INFO] Época 22/30, Batch 700/3348, Loss: 0.4811
2025-10-09 20:14:39,678 [INFO] Época 22/30, Batch 750/3348, Loss: 0.3655
2025-10-09 20:14:39,933 [INFO] Época 22/30, Batch 800/3348, Loss: 0.4938
2025-10-09 20:14:40,190 [INFO] Época 22/30, Batch 850/3348, Loss: 0.4542
2025-10-09 20:14:40,445 [INFO] Época 22/30, Batch 900/3348, Loss: 0.3232
2025-10-09 20:14:40,702 [INFO] Época 22/30, Batch 950/3348, Loss: 0.3016
2025-10-09 20:14:40,957 [INFO] Época 22/30, Batch 1000/3348, Loss: 0.5312
2025-10-09 20:14:41,212 [INFO] Época 22/30, Batch 1050/3348, Loss: 0.4698
2025-10-09 20:14:41,467 [INFO] Época 22/30, Batch 1100/3348, Loss: 0.4510
2025-10-09 20:14:41,723 [INFO] Época 22/30, Batch 1150/3348, Loss: 0.3633
2025-10-09 20:14:41,982 [INFO] Época 22/30, Batch 1200/3348, Loss: 0.4383
2025-10-09 20:14:42,238 [INFO] Época 22/30, Batch 1250/3348, Loss: 0.5151
2025-10-09 20:14:42,496 [INFO] Época 22/30, Batch 1300/3348, Loss: 0.4830
2025-10-09 20:14:42,753 [INFO] Época 22/30, Batch 1350/3348, Loss: 0.3809
2025-10-09 20:14:43,011 [INFO] Época 22/30, Batch 1400/3348, Loss: 0.4623
2025-10-09 20:14:43,269 [INFO] Época 22/30, Batch 1450/3348, Loss: 0.6115
2025-10-09 20:14:43,529 [INFO] Época 22/30, Batch 1500/3348, Loss: 0.3877
2025-10-09 20:14:43,784 [INFO] Época 22/30, Batch 1550/3348, Loss: 0.4637
2025-10-09 20:14:44,039 [INFO] Época 22/30, Batch 1600/3348, Loss: 0.6404
2025-10-09 20:14:44,294 [INFO] Época 22/30, Batch 1650/3348, Loss: 0.4183
2025-10-09 20:14:44,550 [INFO] Época 22/30, Batch 1700/3348, Loss: 0.3721
2025-10-09 20:14:44,805 [INFO] Época 22/30, Batch 1750/3348, Loss: 0.4447
2025-10-09 20:14:45,061 [INFO] Época 22/30, Batch 1800/3348, Loss: 0.5557
2025-10-09 20:14:45,314 [INFO] Época 22/30, Batch 1850/3348, Loss: 0.5300
2025-10-09 20:14:45,570 [INFO] Época 22/30, Batch 1900/3348, Loss: 0.5719
2025-10-09 20:14:45,826 [INFO] Época 22/30, Batch 1950/3348, Loss: 0.3922
2025-10-09 20:14:46,083 [INFO] Época 22/30, Batch 2000/3348, Loss: 0.6608
2025-10-09 20:14:46,339 [INFO] Época 22/30, Batch 2050/3348, Loss: 0.3831
2025-10-09 20:14:46,595 [INFO] Época 22/30, Batch 2100/3348, Loss: 0.4467
2025-10-09 20:14:46,850 [INFO] Época 22/30, Batch 2150/3348, Loss: 0.4166
2025-10-09 20:14:47,105 [INFO] Época 22/30, Batch 2200/3348, Loss: 0.4131
2025-10-09 20:14:47,361 [INFO] Época 22/30, Batch 2250/3348, Loss: 0.4247
2025-10-09 20:14:47,617 [INFO] Época 22/30, Batch 2300/3348, Loss: 0.4550
2025-10-09 20:14:47,873 [INFO] Época 22/30, Batch 2350/3348, Loss: 0.4633
2025-10-09 20:14:48,127 [INFO] Época 22/30, Batch 2400/3348, Loss: 0.4446
2025-10-09 20:14:48,383 [INFO] Época 22/30, Batch 2450/3348, Loss: 0.5426
2025-10-09 20:14:48,644 [INFO] Época 22/30, Batch 2500/3348, Loss: 0.3099
2025-10-09 20:14:48,907 [INFO] Época 22/30, Batch 2550/3348, Loss: 0.5629
2025-10-09 20:14:49,168 [INFO] Época 22/30, Batch 2600/3348, Loss: 0.3814
2025-10-09 20:14:49,431 [INFO] Época 22/30, Batch 2650/3348, Loss: 0.3401
2025-10-09 20:14:49,687 [INFO] Época 22/30, Batch 2700/3348, Loss: 0.3419
2025-10-09 20:14:49,946 [INFO] Época 22/30, Batch 2750/3348, Loss: 0.3882
2025-10-09 20:14:50,208 [INFO] Época 22/30, Batch 2800/3348, Loss: 0.5061
2025-10-09 20:14:50,466 [INFO] Época 22/30, Batch 2850/3348, Loss: 0.4740
2025-10-09 20:14:50,724 [INFO] Época 22/30, Batch 2900/3348, Loss: 0.3692
2025-10-09 20:14:50,982 [INFO] Época 22/30, Batch 2950/3348, Loss: 0.3653
2025-10-09 20:14:51,241 [INFO] Época 22/30, Batch 3000/3348, Loss: 0.4636
2025-10-09 20:14:51,497 [INFO] Época 22/30, Batch 3050/3348, Loss: 0.4218
2025-10-09 20:14:51,753 [INFO] Época 22/30, Batch 3100/3348, Loss: 0.4949
2025-10-09 20:14:52,009 [INFO] Época 22/30, Batch 3150/3348, Loss: 0.5041
2025-10-09 20:14:52,265 [INFO] Época 22/30, Batch 3200/3348, Loss: 0.3432
2025-10-09 20:14:52,524 [INFO] Época 22/30, Batch 3250/3348, Loss: 0.4652
2025-10-09 20:14:52,781 [INFO] Época 22/30, Batch 3300/3348, Loss: 0.3280
2025-10-09 20:14:54,568 [INFO] [22/30] Train Loss: 0.4422 | Val Loss: 0.4125 | Tempo: 19.09s
2025-10-09 20:14:55,143 [INFO] Época 23/30, Batch 50/3348, Loss: 0.5080
2025-10-09 20:14:55,416 [INFO] Época 23/30, Batch 100/3348, Loss: 0.3126
2025-10-09 20:14:55,687 [INFO] Época 23/30, Batch 150/3348, Loss: 0.4714
2025-10-09 20:14:55,957 [INFO] Época 23/30, Batch 200/3348, Loss: 0.3815
2025-10-09 20:14:56,228 [INFO] Época 23/30, Batch 250/3348, Loss: 0.4997
2025-10-09 20:14:56,495 [INFO] Época 23/30, Batch 300/3348, Loss: 0.4391
2025-10-09 20:14:56,762 [INFO] Época 23/30, Batch 350/3348, Loss: 0.4495
2025-10-09 20:14:57,028 [INFO] Época 23/30, Batch 400/3348, Loss: 0.4605
2025-10-09 20:14:57,296 [INFO] Época 23/30, Batch 450/3348, Loss: 0.4363
2025-10-09 20:14:57,564 [INFO] Época 23/30, Batch 500/3348, Loss: 0.6255
2025-10-09 20:14:57,827 [INFO] Época 23/30, Batch 550/3348, Loss: 0.4100
2025-10-09 20:14:58,093 [INFO] Época 23/30, Batch 600/3348, Loss: 0.3838
2025-10-09 20:14:58,361 [INFO] Época 23/30, Batch 650/3348, Loss: 0.4127
2025-10-09 20:14:58,629 [INFO] Época 23/30, Batch 700/3348, Loss: 0.4522
2025-10-09 20:14:58,897 [INFO] Época 23/30, Batch 750/3348, Loss: 0.4933
2025-10-09 20:14:59,161 [INFO] Época 23/30, Batch 800/3348, Loss: 0.3917
2025-10-09 20:14:59,426 [INFO] Época 23/30, Batch 850/3348, Loss: 0.2998
2025-10-09 20:14:59,691 [INFO] Época 23/30, Batch 900/3348, Loss: 0.4647
2025-10-09 20:14:59,956 [INFO] Época 23/30, Batch 950/3348, Loss: 0.4665
2025-10-09 20:15:00,224 [INFO] Época 23/30, Batch 1000/3348, Loss: 0.4841
2025-10-09 20:15:00,491 [INFO] Época 23/30, Batch 1050/3348, Loss: 0.3395
2025-10-09 20:15:00,758 [INFO] Época 23/30, Batch 1100/3348, Loss: 0.4851
2025-10-09 20:15:01,030 [INFO] Época 23/30, Batch 1150/3348, Loss: 0.3647
2025-10-09 20:15:01,299 [INFO] Época 23/30, Batch 1200/3348, Loss: 0.4985
2025-10-09 20:15:01,551 [INFO] Época 23/30, Batch 1250/3348, Loss: 0.4098
2025-10-09 20:15:01,800 [INFO] Época 23/30, Batch 1300/3348, Loss: 0.6181
2025-10-09 20:15:02,049 [INFO] Época 23/30, Batch 1350/3348, Loss: 0.4881
2025-10-09 20:15:02,298 [INFO] Época 23/30, Batch 1400/3348, Loss: 0.5896
2025-10-09 20:15:02,545 [INFO] Época 23/30, Batch 1450/3348, Loss: 0.3971
2025-10-09 20:15:02,798 [INFO] Época 23/30, Batch 1500/3348, Loss: 0.4333
2025-10-09 20:15:03,047 [INFO] Época 23/30, Batch 1550/3348, Loss: 0.5424
2025-10-09 20:15:03,297 [INFO] Época 23/30, Batch 1600/3348, Loss: 0.3937
2025-10-09 20:15:03,544 [INFO] Época 23/30, Batch 1650/3348, Loss: 0.3767
2025-10-09 20:15:03,793 [INFO] Época 23/30, Batch 1700/3348, Loss: 0.7163
2025-10-09 20:15:04,042 [INFO] Época 23/30, Batch 1750/3348, Loss: 0.4791
2025-10-09 20:15:04,291 [INFO] Época 23/30, Batch 1800/3348, Loss: 0.5817
2025-10-09 20:15:04,555 [INFO] Época 23/30, Batch 1850/3348, Loss: 0.3906
2025-10-09 20:15:04,822 [INFO] Época 23/30, Batch 1900/3348, Loss: 0.4720
2025-10-09 20:15:05,091 [INFO] Época 23/30, Batch 1950/3348, Loss: 0.5926
2025-10-09 20:15:05,361 [INFO] Época 23/30, Batch 2000/3348, Loss: 0.4177
2025-10-09 20:15:05,631 [INFO] Época 23/30, Batch 2050/3348, Loss: 0.3559
2025-10-09 20:15:05,899 [INFO] Época 23/30, Batch 2100/3348, Loss: 0.3956
2025-10-09 20:15:06,168 [INFO] Época 23/30, Batch 2150/3348, Loss: 0.3444
2025-10-09 20:15:06,423 [INFO] Época 23/30, Batch 2200/3348, Loss: 0.5047
2025-10-09 20:15:06,672 [INFO] Época 23/30, Batch 2250/3348, Loss: 0.4520
2025-10-09 20:15:06,928 [INFO] Época 23/30, Batch 2300/3348, Loss: 0.4587
2025-10-09 20:15:07,180 [INFO] Época 23/30, Batch 2350/3348, Loss: 0.3975
2025-10-09 20:15:07,433 [INFO] Época 23/30, Batch 2400/3348, Loss: 0.4384
2025-10-09 20:15:07,685 [INFO] Época 23/30, Batch 2450/3348, Loss: 0.3667
2025-10-09 20:15:07,936 [INFO] Época 23/30, Batch 2500/3348, Loss: 0.3837
2025-10-09 20:15:08,187 [INFO] Época 23/30, Batch 2550/3348, Loss: 0.4144
2025-10-09 20:15:08,439 [INFO] Época 23/30, Batch 2600/3348, Loss: 0.3804
2025-10-09 20:15:08,693 [INFO] Época 23/30, Batch 2650/3348, Loss: 0.6226
2025-10-09 20:15:08,946 [INFO] Época 23/30, Batch 2700/3348, Loss: 0.3020
2025-10-09 20:15:09,201 [INFO] Época 23/30, Batch 2750/3348, Loss: 0.3821
2025-10-09 20:15:09,457 [INFO] Época 23/30, Batch 2800/3348, Loss: 0.4874
2025-10-09 20:15:09,711 [INFO] Época 23/30, Batch 2850/3348, Loss: 0.5259
2025-10-09 20:15:09,966 [INFO] Época 23/30, Batch 2900/3348, Loss: 0.4074
2025-10-09 20:15:10,221 [INFO] Época 23/30, Batch 2950/3348, Loss: 0.4127
2025-10-09 20:15:10,477 [INFO] Época 23/30, Batch 3000/3348, Loss: 0.4828
2025-10-09 20:15:10,732 [INFO] Época 23/30, Batch 3050/3348, Loss: 0.4839
2025-10-09 20:15:10,994 [INFO] Época 23/30, Batch 3100/3348, Loss: 0.4704
2025-10-09 20:15:11,268 [INFO] Época 23/30, Batch 3150/3348, Loss: 0.4385
2025-10-09 20:15:11,535 [INFO] Época 23/30, Batch 3200/3348, Loss: 0.4998
2025-10-09 20:15:11,785 [INFO] Época 23/30, Batch 3250/3348, Loss: 0.4575
2025-10-09 20:15:12,040 [INFO] Época 23/30, Batch 3300/3348, Loss: 0.4604
2025-10-09 20:15:13,909 [INFO] [23/30] Train Loss: 0.4414 | Val Loss: 0.4103 | Tempo: 19.34s
2025-10-09 20:15:14,484 [INFO] Época 24/30, Batch 50/3348, Loss: 0.4664
2025-10-09 20:15:14,753 [INFO] Época 24/30, Batch 100/3348, Loss: 0.4417
2025-10-09 20:15:15,026 [INFO] Época 24/30, Batch 150/3348, Loss: 0.3450
2025-10-09 20:15:15,304 [INFO] Época 24/30, Batch 200/3348, Loss: 0.3421
2025-10-09 20:15:15,577 [INFO] Época 24/30, Batch 250/3348, Loss: 0.4094
2025-10-09 20:15:15,847 [INFO] Época 24/30, Batch 300/3348, Loss: 0.5339
2025-10-09 20:15:16,118 [INFO] Época 24/30, Batch 350/3348, Loss: 0.5885
2025-10-09 20:15:16,389 [INFO] Época 24/30, Batch 400/3348, Loss: 0.3174
2025-10-09 20:15:16,659 [INFO] Época 24/30, Batch 450/3348, Loss: 0.3210
2025-10-09 20:15:16,930 [INFO] Época 24/30, Batch 500/3348, Loss: 0.5049
2025-10-09 20:15:17,199 [INFO] Época 24/30, Batch 550/3348, Loss: 0.7117
2025-10-09 20:15:17,471 [INFO] Época 24/30, Batch 600/3348, Loss: 0.3710
2025-10-09 20:15:17,741 [INFO] Época 24/30, Batch 650/3348, Loss: 0.3701
2025-10-09 20:15:18,010 [INFO] Época 24/30, Batch 700/3348, Loss: 0.3290
2025-10-09 20:15:18,280 [INFO] Época 24/30, Batch 750/3348, Loss: 0.4775
2025-10-09 20:15:18,544 [INFO] Época 24/30, Batch 800/3348, Loss: 0.3595
2025-10-09 20:15:18,803 [INFO] Época 24/30, Batch 850/3348, Loss: 0.3348
2025-10-09 20:15:19,063 [INFO] Época 24/30, Batch 900/3348, Loss: 0.3810
2025-10-09 20:15:19,321 [INFO] Época 24/30, Batch 950/3348, Loss: 0.4503
2025-10-09 20:15:19,581 [INFO] Época 24/30, Batch 1000/3348, Loss: 0.4200
2025-10-09 20:15:19,842 [INFO] Época 24/30, Batch 1050/3348, Loss: 0.5480
2025-10-09 20:15:20,104 [INFO] Época 24/30, Batch 1100/3348, Loss: 0.4821
2025-10-09 20:15:20,364 [INFO] Época 24/30, Batch 1150/3348, Loss: 0.5294
2025-10-09 20:15:20,624 [INFO] Época 24/30, Batch 1200/3348, Loss: 0.4227
2025-10-09 20:15:20,885 [INFO] Época 24/30, Batch 1250/3348, Loss: 0.4962
2025-10-09 20:15:21,147 [INFO] Época 24/30, Batch 1300/3348, Loss: 0.3395
2025-10-09 20:15:21,407 [INFO] Época 24/30, Batch 1350/3348, Loss: 0.4751
2025-10-09 20:15:21,673 [INFO] Época 24/30, Batch 1400/3348, Loss: 0.5854
2025-10-09 20:15:21,932 [INFO] Época 24/30, Batch 1450/3348, Loss: 0.4496
2025-10-09 20:15:22,195 [INFO] Época 24/30, Batch 1500/3348, Loss: 0.3338
2025-10-09 20:15:22,458 [INFO] Época 24/30, Batch 1550/3348, Loss: 0.4552
2025-10-09 20:15:22,719 [INFO] Época 24/30, Batch 1600/3348, Loss: 0.3257
2025-10-09 20:15:22,982 [INFO] Época 24/30, Batch 1650/3348, Loss: 0.3387
2025-10-09 20:15:23,244 [INFO] Época 24/30, Batch 1700/3348, Loss: 0.3704
2025-10-09 20:15:23,508 [INFO] Época 24/30, Batch 1750/3348, Loss: 0.4080
2025-10-09 20:15:23,769 [INFO] Época 24/30, Batch 1800/3348, Loss: 0.3466
2025-10-09 20:15:24,029 [INFO] Época 24/30, Batch 1850/3348, Loss: 0.4169
2025-10-09 20:15:24,289 [INFO] Época 24/30, Batch 1900/3348, Loss: 0.3915
2025-10-09 20:15:24,551 [INFO] Época 24/30, Batch 1950/3348, Loss: 0.3535
2025-10-09 20:15:24,810 [INFO] Época 24/30, Batch 2000/3348, Loss: 0.4808
2025-10-09 20:15:25,071 [INFO] Época 24/30, Batch 2050/3348, Loss: 0.3813
2025-10-09 20:15:25,330 [INFO] Época 24/30, Batch 2100/3348, Loss: 0.5019
2025-10-09 20:15:25,589 [INFO] Época 24/30, Batch 2150/3348, Loss: 0.4558
2025-10-09 20:15:25,852 [INFO] Época 24/30, Batch 2200/3348, Loss: 0.6348
2025-10-09 20:15:26,112 [INFO] Época 24/30, Batch 2250/3348, Loss: 0.5692
2025-10-09 20:15:26,374 [INFO] Época 24/30, Batch 2300/3348, Loss: 0.3555
2025-10-09 20:15:26,633 [INFO] Época 24/30, Batch 2350/3348, Loss: 0.4715
2025-10-09 20:15:26,894 [INFO] Época 24/30, Batch 2400/3348, Loss: 0.4893
2025-10-09 20:15:27,155 [INFO] Época 24/30, Batch 2450/3348, Loss: 0.5161
2025-10-09 20:15:27,420 [INFO] Época 24/30, Batch 2500/3348, Loss: 0.4558
2025-10-09 20:15:27,691 [INFO] Época 24/30, Batch 2550/3348, Loss: 0.5039
2025-10-09 20:15:27,951 [INFO] Época 24/30, Batch 2600/3348, Loss: 0.4055
2025-10-09 20:15:28,211 [INFO] Época 24/30, Batch 2650/3348, Loss: 0.3438
2025-10-09 20:15:28,474 [INFO] Época 24/30, Batch 2700/3348, Loss: 0.6136
2025-10-09 20:15:28,736 [INFO] Época 24/30, Batch 2750/3348, Loss: 0.3826
2025-10-09 20:15:29,009 [INFO] Época 24/30, Batch 2800/3348, Loss: 0.3819
2025-10-09 20:15:29,283 [INFO] Época 24/30, Batch 2850/3348, Loss: 0.6113
2025-10-09 20:15:29,558 [INFO] Época 24/30, Batch 2900/3348, Loss: 0.2870
2025-10-09 20:15:29,828 [INFO] Época 24/30, Batch 2950/3348, Loss: 0.2924
2025-10-09 20:15:30,093 [INFO] Época 24/30, Batch 3000/3348, Loss: 0.4555
2025-10-09 20:15:30,350 [INFO] Época 24/30, Batch 3050/3348, Loss: 0.5216
2025-10-09 20:15:30,614 [INFO] Época 24/30, Batch 3100/3348, Loss: 0.4841
2025-10-09 20:15:30,878 [INFO] Época 24/30, Batch 3150/3348, Loss: 0.4726
2025-10-09 20:15:31,142 [INFO] Época 24/30, Batch 3200/3348, Loss: 0.3554
2025-10-09 20:15:31,408 [INFO] Época 24/30, Batch 3250/3348, Loss: 0.4105
2025-10-09 20:15:31,673 [INFO] Época 24/30, Batch 3300/3348, Loss: 0.4441
2025-10-09 20:15:33,503 [INFO] [24/30] Train Loss: 0.4401 | Val Loss: 0.4096 | Tempo: 19.59s
2025-10-09 20:15:34,089 [INFO] Época 25/30, Batch 50/3348, Loss: 0.3078
2025-10-09 20:15:34,363 [INFO] Época 25/30, Batch 100/3348, Loss: 0.3324
2025-10-09 20:15:34,635 [INFO] Época 25/30, Batch 150/3348, Loss: 0.2916
2025-10-09 20:15:34,905 [INFO] Época 25/30, Batch 200/3348, Loss: 0.4032
2025-10-09 20:15:35,172 [INFO] Época 25/30, Batch 250/3348, Loss: 0.4091
2025-10-09 20:15:35,442 [INFO] Época 25/30, Batch 300/3348, Loss: 0.5228
2025-10-09 20:15:35,704 [INFO] Época 25/30, Batch 350/3348, Loss: 0.4067
2025-10-09 20:15:35,963 [INFO] Época 25/30, Batch 400/3348, Loss: 0.3067
2025-10-09 20:15:36,223 [INFO] Época 25/30, Batch 450/3348, Loss: 0.4247
2025-10-09 20:15:36,484 [INFO] Época 25/30, Batch 500/3348, Loss: 0.4364
2025-10-09 20:15:36,749 [INFO] Época 25/30, Batch 550/3348, Loss: 0.4038
2025-10-09 20:15:37,012 [INFO] Época 25/30, Batch 600/3348, Loss: 0.3831
2025-10-09 20:15:37,275 [INFO] Época 25/30, Batch 650/3348, Loss: 0.3565
2025-10-09 20:15:37,534 [INFO] Época 25/30, Batch 700/3348, Loss: 0.5887
2025-10-09 20:15:37,795 [INFO] Época 25/30, Batch 750/3348, Loss: 0.4405
2025-10-09 20:15:38,056 [INFO] Época 25/30, Batch 800/3348, Loss: 0.4542
2025-10-09 20:15:38,314 [INFO] Época 25/30, Batch 850/3348, Loss: 0.3660
2025-10-09 20:15:38,564 [INFO] Época 25/30, Batch 900/3348, Loss: 0.6367
2025-10-09 20:15:38,814 [INFO] Época 25/30, Batch 950/3348, Loss: 0.4179
2025-10-09 20:15:39,064 [INFO] Época 25/30, Batch 1000/3348, Loss: 0.3851
2025-10-09 20:15:39,315 [INFO] Época 25/30, Batch 1050/3348, Loss: 0.4042
2025-10-09 20:15:39,571 [INFO] Época 25/30, Batch 1100/3348, Loss: 0.3282
2025-10-09 20:15:39,828 [INFO] Época 25/30, Batch 1150/3348, Loss: 0.4655
2025-10-09 20:15:40,086 [INFO] Época 25/30, Batch 1200/3348, Loss: 0.4734
2025-10-09 20:15:40,350 [INFO] Época 25/30, Batch 1250/3348, Loss: 0.4340
2025-10-09 20:15:40,618 [INFO] Época 25/30, Batch 1300/3348, Loss: 0.4975
2025-10-09 20:15:40,889 [INFO] Época 25/30, Batch 1350/3348, Loss: 0.4419
2025-10-09 20:15:41,156 [INFO] Época 25/30, Batch 1400/3348, Loss: 0.3868
2025-10-09 20:15:41,421 [INFO] Época 25/30, Batch 1450/3348, Loss: 0.4389
2025-10-09 20:15:41,680 [INFO] Época 25/30, Batch 1500/3348, Loss: 0.5287
2025-10-09 20:15:41,938 [INFO] Época 25/30, Batch 1550/3348, Loss: 0.4170
2025-10-09 20:15:42,197 [INFO] Época 25/30, Batch 1600/3348, Loss: 0.3340
2025-10-09 20:15:42,455 [INFO] Época 25/30, Batch 1650/3348, Loss: 0.4028
2025-10-09 20:15:42,715 [INFO] Época 25/30, Batch 1700/3348, Loss: 0.3201
2025-10-09 20:15:42,977 [INFO] Época 25/30, Batch 1750/3348, Loss: 0.4515
2025-10-09 20:15:43,238 [INFO] Época 25/30, Batch 1800/3348, Loss: 0.4626
2025-10-09 20:15:43,497 [INFO] Época 25/30, Batch 1850/3348, Loss: 0.4667
2025-10-09 20:15:43,756 [INFO] Época 25/30, Batch 1900/3348, Loss: 0.5489
2025-10-09 20:15:44,013 [INFO] Época 25/30, Batch 1950/3348, Loss: 0.4641
2025-10-09 20:15:44,272 [INFO] Época 25/30, Batch 2000/3348, Loss: 0.5194
2025-10-09 20:15:44,530 [INFO] Época 25/30, Batch 2050/3348, Loss: 0.4353
2025-10-09 20:15:44,791 [INFO] Época 25/30, Batch 2100/3348, Loss: 0.4324
2025-10-09 20:15:45,057 [INFO] Época 25/30, Batch 2150/3348, Loss: 0.4325
2025-10-09 20:15:45,322 [INFO] Época 25/30, Batch 2200/3348, Loss: 0.4213
2025-10-09 20:15:45,586 [INFO] Época 25/30, Batch 2250/3348, Loss: 0.4712
2025-10-09 20:15:45,851 [INFO] Época 25/30, Batch 2300/3348, Loss: 0.4535
2025-10-09 20:15:46,117 [INFO] Época 25/30, Batch 2350/3348, Loss: 0.2655
2025-10-09 20:15:46,383 [INFO] Época 25/30, Batch 2400/3348, Loss: 0.4759
2025-10-09 20:15:46,646 [INFO] Época 25/30, Batch 2450/3348, Loss: 0.4003
2025-10-09 20:15:46,914 [INFO] Época 25/30, Batch 2500/3348, Loss: 0.4004
2025-10-09 20:15:47,175 [INFO] Época 25/30, Batch 2550/3348, Loss: 0.5659
2025-10-09 20:15:47,436 [INFO] Época 25/30, Batch 2600/3348, Loss: 0.3665
2025-10-09 20:15:47,698 [INFO] Época 25/30, Batch 2650/3348, Loss: 0.4416
2025-10-09 20:15:47,958 [INFO] Época 25/30, Batch 2700/3348, Loss: 0.4290
2025-10-09 20:15:48,219 [INFO] Época 25/30, Batch 2750/3348, Loss: 0.3972
2025-10-09 20:15:48,482 [INFO] Época 25/30, Batch 2800/3348, Loss: 0.4494
2025-10-09 20:15:48,749 [INFO] Época 25/30, Batch 2850/3348, Loss: 0.3958
2025-10-09 20:15:49,017 [INFO] Época 25/30, Batch 2900/3348, Loss: 0.4921
2025-10-09 20:15:49,281 [INFO] Época 25/30, Batch 2950/3348, Loss: 0.7485
2025-10-09 20:15:49,553 [INFO] Época 25/30, Batch 3000/3348, Loss: 0.4165
2025-10-09 20:15:49,817 [INFO] Época 25/30, Batch 3050/3348, Loss: 0.4398
2025-10-09 20:15:50,076 [INFO] Época 25/30, Batch 3100/3348, Loss: 0.3825
2025-10-09 20:15:50,333 [INFO] Época 25/30, Batch 3150/3348, Loss: 0.4295
2025-10-09 20:15:50,591 [INFO] Época 25/30, Batch 3200/3348, Loss: 0.5479
2025-10-09 20:15:50,855 [INFO] Época 25/30, Batch 3250/3348, Loss: 0.4062
2025-10-09 20:15:51,117 [INFO] Época 25/30, Batch 3300/3348, Loss: 0.5637
2025-10-09 20:15:52,967 [INFO] [25/30] Train Loss: 0.4401 | Val Loss: 0.4095 | Tempo: 19.46s
2025-10-09 20:15:53,553 [INFO] Época 26/30, Batch 50/3348, Loss: 0.4287
2025-10-09 20:15:53,829 [INFO] Época 26/30, Batch 100/3348, Loss: 0.4839
2025-10-09 20:15:54,092 [INFO] Época 26/30, Batch 150/3348, Loss: 0.4237
2025-10-09 20:15:54,354 [INFO] Época 26/30, Batch 200/3348, Loss: 0.6502
2025-10-09 20:15:54,612 [INFO] Época 26/30, Batch 250/3348, Loss: 0.4900
2025-10-09 20:15:54,872 [INFO] Época 26/30, Batch 300/3348, Loss: 0.6376
2025-10-09 20:15:55,133 [INFO] Época 26/30, Batch 350/3348, Loss: 0.4005
2025-10-09 20:15:55,392 [INFO] Época 26/30, Batch 400/3348, Loss: 0.3831
2025-10-09 20:15:55,650 [INFO] Época 26/30, Batch 450/3348, Loss: 0.4048
2025-10-09 20:15:55,910 [INFO] Época 26/30, Batch 500/3348, Loss: 0.4477
2025-10-09 20:15:56,170 [INFO] Época 26/30, Batch 550/3348, Loss: 0.3072
2025-10-09 20:15:56,432 [INFO] Época 26/30, Batch 600/3348, Loss: 0.3197
2025-10-09 20:15:56,692 [INFO] Época 26/30, Batch 650/3348, Loss: 0.3642
2025-10-09 20:15:56,954 [INFO] Época 26/30, Batch 700/3348, Loss: 0.5667
2025-10-09 20:15:57,212 [INFO] Época 26/30, Batch 750/3348, Loss: 0.4273
2025-10-09 20:15:57,471 [INFO] Época 26/30, Batch 800/3348, Loss: 0.4053
2025-10-09 20:15:57,731 [INFO] Época 26/30, Batch 850/3348, Loss: 0.3390
2025-10-09 20:15:57,989 [INFO] Época 26/30, Batch 900/3348, Loss: 0.4968
2025-10-09 20:15:58,246 [INFO] Época 26/30, Batch 950/3348, Loss: 0.3674
2025-10-09 20:15:58,505 [INFO] Época 26/30, Batch 1000/3348, Loss: 0.3804
2025-10-09 20:15:58,763 [INFO] Época 26/30, Batch 1050/3348, Loss: 0.4116
2025-10-09 20:15:59,022 [INFO] Época 26/30, Batch 1100/3348, Loss: 0.7222
2025-10-09 20:15:59,282 [INFO] Época 26/30, Batch 1150/3348, Loss: 0.4737
2025-10-09 20:15:59,540 [INFO] Época 26/30, Batch 1200/3348, Loss: 0.4066
2025-10-09 20:15:59,795 [INFO] Época 26/30, Batch 1250/3348, Loss: 0.3476
2025-10-09 20:16:00,052 [INFO] Época 26/30, Batch 1300/3348, Loss: 0.5553
2025-10-09 20:16:00,309 [INFO] Época 26/30, Batch 1350/3348, Loss: 0.4211
2025-10-09 20:16:00,568 [INFO] Época 26/30, Batch 1400/3348, Loss: 0.3116
2025-10-09 20:16:00,828 [INFO] Época 26/30, Batch 1450/3348, Loss: 0.5839
2025-10-09 20:16:01,086 [INFO] Época 26/30, Batch 1500/3348, Loss: 0.3825
2025-10-09 20:16:01,347 [INFO] Época 26/30, Batch 1550/3348, Loss: 0.6321
2025-10-09 20:16:01,609 [INFO] Época 26/30, Batch 1600/3348, Loss: 0.4479
2025-10-09 20:16:01,870 [INFO] Época 26/30, Batch 1650/3348, Loss: 0.4517
2025-10-09 20:16:02,129 [INFO] Época 26/30, Batch 1700/3348, Loss: 0.4558
2025-10-09 20:16:02,389 [INFO] Época 26/30, Batch 1750/3348, Loss: 0.2865
2025-10-09 20:16:02,650 [INFO] Época 26/30, Batch 1800/3348, Loss: 0.3645
2025-10-09 20:16:02,912 [INFO] Época 26/30, Batch 1850/3348, Loss: 0.4431
2025-10-09 20:16:03,172 [INFO] Época 26/30, Batch 1900/3348, Loss: 0.4986
2025-10-09 20:16:03,431 [INFO] Época 26/30, Batch 1950/3348, Loss: 0.4235
2025-10-09 20:16:03,690 [INFO] Época 26/30, Batch 2000/3348, Loss: 0.4768
2025-10-09 20:16:03,949 [INFO] Época 26/30, Batch 2050/3348, Loss: 0.4292
2025-10-09 20:16:04,208 [INFO] Época 26/30, Batch 2100/3348, Loss: 0.4244
2025-10-09 20:16:04,470 [INFO] Época 26/30, Batch 2150/3348, Loss: 0.5006
2025-10-09 20:16:04,731 [INFO] Época 26/30, Batch 2200/3348, Loss: 0.4930
2025-10-09 20:16:04,990 [INFO] Época 26/30, Batch 2250/3348, Loss: 0.3170
2025-10-09 20:16:05,251 [INFO] Época 26/30, Batch 2300/3348, Loss: 0.5492
2025-10-09 20:16:05,512 [INFO] Época 26/30, Batch 2350/3348, Loss: 0.4457
2025-10-09 20:16:05,778 [INFO] Época 26/30, Batch 2400/3348, Loss: 0.4219
2025-10-09 20:16:06,038 [INFO] Época 26/30, Batch 2450/3348, Loss: 0.6976
2025-10-09 20:16:06,299 [INFO] Época 26/30, Batch 2500/3348, Loss: 0.4611
2025-10-09 20:16:06,557 [INFO] Época 26/30, Batch 2550/3348, Loss: 0.4768
2025-10-09 20:16:06,818 [INFO] Época 26/30, Batch 2600/3348, Loss: 0.5095
2025-10-09 20:16:07,078 [INFO] Época 26/30, Batch 2650/3348, Loss: 0.4540
2025-10-09 20:16:07,338 [INFO] Época 26/30, Batch 2700/3348, Loss: 0.5196
2025-10-09 20:16:07,598 [INFO] Época 26/30, Batch 2750/3348, Loss: 0.3751
2025-10-09 20:16:07,859 [INFO] Época 26/30, Batch 2800/3348, Loss: 0.4782
2025-10-09 20:16:08,118 [INFO] Época 26/30, Batch 2850/3348, Loss: 0.4859
2025-10-09 20:16:08,380 [INFO] Época 26/30, Batch 2900/3348, Loss: 0.3708
2025-10-09 20:16:08,642 [INFO] Época 26/30, Batch 2950/3348, Loss: 0.4363
2025-10-09 20:16:08,903 [INFO] Época 26/30, Batch 3000/3348, Loss: 0.6538
2025-10-09 20:16:09,161 [INFO] Época 26/30, Batch 3050/3348, Loss: 0.5951
2025-10-09 20:16:09,423 [INFO] Época 26/30, Batch 3100/3348, Loss: 0.5128
2025-10-09 20:16:09,694 [INFO] Época 26/30, Batch 3150/3348, Loss: 0.3623
2025-10-09 20:16:09,966 [INFO] Época 26/30, Batch 3200/3348, Loss: 0.3580
2025-10-09 20:16:10,239 [INFO] Época 26/30, Batch 3250/3348, Loss: 0.5044
2025-10-09 20:16:10,508 [INFO] Época 26/30, Batch 3300/3348, Loss: 0.2665
2025-10-09 20:16:12,399 [INFO] [26/30] Train Loss: 0.4387 | Val Loss: 0.4104 | Tempo: 19.43s
2025-10-09 20:16:12,983 [INFO] Época 27/30, Batch 50/3348, Loss: 0.4240
2025-10-09 20:16:13,261 [INFO] Época 27/30, Batch 100/3348, Loss: 0.4154
2025-10-09 20:16:13,539 [INFO] Época 27/30, Batch 150/3348, Loss: 0.4290
2025-10-09 20:16:13,817 [INFO] Época 27/30, Batch 200/3348, Loss: 0.4045
2025-10-09 20:16:14,091 [INFO] Época 27/30, Batch 250/3348, Loss: 0.3053
2025-10-09 20:16:14,356 [INFO] Época 27/30, Batch 300/3348, Loss: 0.3185
2025-10-09 20:16:14,615 [INFO] Época 27/30, Batch 350/3348, Loss: 0.2789
2025-10-09 20:16:14,870 [INFO] Época 27/30, Batch 400/3348, Loss: 0.4330
2025-10-09 20:16:15,124 [INFO] Época 27/30, Batch 450/3348, Loss: 0.4307
2025-10-09 20:16:15,376 [INFO] Época 27/30, Batch 500/3348, Loss: 0.4181
2025-10-09 20:16:15,630 [INFO] Época 27/30, Batch 550/3348, Loss: 0.3409
2025-10-09 20:16:15,889 [INFO] Época 27/30, Batch 600/3348, Loss: 0.5250
2025-10-09 20:16:16,150 [INFO] Época 27/30, Batch 650/3348, Loss: 0.5626
2025-10-09 20:16:16,408 [INFO] Época 27/30, Batch 700/3348, Loss: 0.6262
2025-10-09 20:16:16,658 [INFO] Época 27/30, Batch 750/3348, Loss: 0.5391
2025-10-09 20:16:16,907 [INFO] Época 27/30, Batch 800/3348, Loss: 0.4803
2025-10-09 20:16:17,156 [INFO] Época 27/30, Batch 850/3348, Loss: 0.4202
2025-10-09 20:16:17,407 [INFO] Época 27/30, Batch 900/3348, Loss: 0.5735
2025-10-09 20:16:17,654 [INFO] Época 27/30, Batch 950/3348, Loss: 0.3628
2025-10-09 20:16:17,900 [INFO] Época 27/30, Batch 1000/3348, Loss: 0.5164
2025-10-09 20:16:18,147 [INFO] Época 27/30, Batch 1050/3348, Loss: 0.4009
2025-10-09 20:16:18,393 [INFO] Época 27/30, Batch 1100/3348, Loss: 0.3570
2025-10-09 20:16:18,642 [INFO] Época 27/30, Batch 1150/3348, Loss: 0.3946
2025-10-09 20:16:18,889 [INFO] Época 27/30, Batch 1200/3348, Loss: 0.3782
2025-10-09 20:16:19,136 [INFO] Época 27/30, Batch 1250/3348, Loss: 0.3397
2025-10-09 20:16:19,391 [INFO] Época 27/30, Batch 1300/3348, Loss: 0.3720
2025-10-09 20:16:19,652 [INFO] Época 27/30, Batch 1350/3348, Loss: 0.4784
2025-10-09 20:16:19,910 [INFO] Época 27/30, Batch 1400/3348, Loss: 0.4411
2025-10-09 20:16:20,165 [INFO] Época 27/30, Batch 1450/3348, Loss: 0.4684
2025-10-09 20:16:20,419 [INFO] Época 27/30, Batch 1500/3348, Loss: 0.6141
2025-10-09 20:16:20,672 [INFO] Época 27/30, Batch 1550/3348, Loss: 0.4013
2025-10-09 20:16:20,925 [INFO] Época 27/30, Batch 1600/3348, Loss: 0.3495
2025-10-09 20:16:21,185 [INFO] Época 27/30, Batch 1650/3348, Loss: 0.2941
2025-10-09 20:16:21,444 [INFO] Época 27/30, Batch 1700/3348, Loss: 0.5132
2025-10-09 20:16:21,703 [INFO] Época 27/30, Batch 1750/3348, Loss: 0.3315
2025-10-09 20:16:21,964 [INFO] Época 27/30, Batch 1800/3348, Loss: 0.3988
2025-10-09 20:16:22,222 [INFO] Época 27/30, Batch 1850/3348, Loss: 0.5533
2025-10-09 20:16:22,478 [INFO] Época 27/30, Batch 1900/3348, Loss: 0.5294
2025-10-09 20:16:22,737 [INFO] Época 27/30, Batch 1950/3348, Loss: 0.3327
2025-10-09 20:16:22,994 [INFO] Época 27/30, Batch 2000/3348, Loss: 0.4508
2025-10-09 20:16:23,250 [INFO] Época 27/30, Batch 2050/3348, Loss: 0.4640
2025-10-09 20:16:23,507 [INFO] Época 27/30, Batch 2100/3348, Loss: 0.4032
2025-10-09 20:16:23,767 [INFO] Época 27/30, Batch 2150/3348, Loss: 0.4127
2025-10-09 20:16:24,025 [INFO] Época 27/30, Batch 2200/3348, Loss: 0.4504
2025-10-09 20:16:24,281 [INFO] Época 27/30, Batch 2250/3348, Loss: 0.4537
2025-10-09 20:16:24,542 [INFO] Época 27/30, Batch 2300/3348, Loss: 0.3841
2025-10-09 20:16:24,800 [INFO] Época 27/30, Batch 2350/3348, Loss: 0.3960
2025-10-09 20:16:25,057 [INFO] Época 27/30, Batch 2400/3348, Loss: 0.4530
2025-10-09 20:16:25,315 [INFO] Época 27/30, Batch 2450/3348, Loss: 0.2963
2025-10-09 20:16:25,574 [INFO] Época 27/30, Batch 2500/3348, Loss: 0.3609
2025-10-09 20:16:25,831 [INFO] Época 27/30, Batch 2550/3348, Loss: 0.3921
2025-10-09 20:16:26,081 [INFO] Época 27/30, Batch 2600/3348, Loss: 0.3433
2025-10-09 20:16:26,334 [INFO] Época 27/30, Batch 2650/3348, Loss: 0.4684
2025-10-09 20:16:26,586 [INFO] Época 27/30, Batch 2700/3348, Loss: 0.3039
2025-10-09 20:16:26,845 [INFO] Época 27/30, Batch 2750/3348, Loss: 0.4842
2025-10-09 20:16:27,111 [INFO] Época 27/30, Batch 2800/3348, Loss: 0.3700
2025-10-09 20:16:27,377 [INFO] Época 27/30, Batch 2850/3348, Loss: 0.4291
2025-10-09 20:16:27,643 [INFO] Época 27/30, Batch 2900/3348, Loss: 0.4556
2025-10-09 20:16:27,909 [INFO] Época 27/30, Batch 2950/3348, Loss: 0.3586
2025-10-09 20:16:28,171 [INFO] Época 27/30, Batch 3000/3348, Loss: 0.4528
2025-10-09 20:16:28,430 [INFO] Época 27/30, Batch 3050/3348, Loss: 0.2807
2025-10-09 20:16:28,698 [INFO] Época 27/30, Batch 3100/3348, Loss: 0.3347
2025-10-09 20:16:28,963 [INFO] Época 27/30, Batch 3150/3348, Loss: 0.4195
2025-10-09 20:16:29,232 [INFO] Época 27/30, Batch 3200/3348, Loss: 0.4083
2025-10-09 20:16:29,497 [INFO] Época 27/30, Batch 3250/3348, Loss: 0.3140
2025-10-09 20:16:29,772 [INFO] Época 27/30, Batch 3300/3348, Loss: 0.4268
2025-10-09 20:16:31,531 [INFO] [27/30] Train Loss: 0.4384 | Val Loss: 0.4099 | Tempo: 19.13s
2025-10-09 20:16:32,112 [INFO] Época 28/30, Batch 50/3348, Loss: 0.4589
2025-10-09 20:16:32,381 [INFO] Época 28/30, Batch 100/3348, Loss: 0.6013
2025-10-09 20:16:32,647 [INFO] Época 28/30, Batch 150/3348, Loss: 0.5106
2025-10-09 20:16:32,908 [INFO] Época 28/30, Batch 200/3348, Loss: 0.4829
2025-10-09 20:16:33,167 [INFO] Época 28/30, Batch 250/3348, Loss: 0.2844
2025-10-09 20:16:33,428 [INFO] Época 28/30, Batch 300/3348, Loss: 0.3783
2025-10-09 20:16:33,692 [INFO] Época 28/30, Batch 350/3348, Loss: 0.5063
2025-10-09 20:16:33,954 [INFO] Época 28/30, Batch 400/3348, Loss: 0.4097
2025-10-09 20:16:34,215 [INFO] Época 28/30, Batch 450/3348, Loss: 0.2991
2025-10-09 20:16:34,475 [INFO] Época 28/30, Batch 500/3348, Loss: 0.3479
2025-10-09 20:16:34,736 [INFO] Época 28/30, Batch 550/3348, Loss: 0.5544
2025-10-09 20:16:34,997 [INFO] Época 28/30, Batch 600/3348, Loss: 0.3073
2025-10-09 20:16:35,257 [INFO] Época 28/30, Batch 650/3348, Loss: 0.2761
2025-10-09 20:16:35,518 [INFO] Época 28/30, Batch 700/3348, Loss: 0.4009
2025-10-09 20:16:35,776 [INFO] Época 28/30, Batch 750/3348, Loss: 0.3530
2025-10-09 20:16:36,035 [INFO] Época 28/30, Batch 800/3348, Loss: 0.4745
2025-10-09 20:16:36,288 [INFO] Época 28/30, Batch 850/3348, Loss: 0.4531
2025-10-09 20:16:36,547 [INFO] Época 28/30, Batch 900/3348, Loss: 0.6962
2025-10-09 20:16:36,802 [INFO] Época 28/30, Batch 950/3348, Loss: 0.5031
2025-10-09 20:16:37,052 [INFO] Época 28/30, Batch 1000/3348, Loss: 0.4345
2025-10-09 20:16:37,302 [INFO] Época 28/30, Batch 1050/3348, Loss: 0.2851
2025-10-09 20:16:37,550 [INFO] Época 28/30, Batch 1100/3348, Loss: 0.4467
2025-10-09 20:16:37,800 [INFO] Época 28/30, Batch 1150/3348, Loss: 0.3825
2025-10-09 20:16:38,051 [INFO] Época 28/30, Batch 1200/3348, Loss: 0.5421
2025-10-09 20:16:38,304 [INFO] Época 28/30, Batch 1250/3348, Loss: 0.5275
2025-10-09 20:16:38,568 [INFO] Época 28/30, Batch 1300/3348, Loss: 0.3816
2025-10-09 20:16:38,830 [INFO] Época 28/30, Batch 1350/3348, Loss: 0.3474
2025-10-09 20:16:39,091 [INFO] Época 28/30, Batch 1400/3348, Loss: 0.5235
2025-10-09 20:16:39,353 [INFO] Época 28/30, Batch 1450/3348, Loss: 0.4544
2025-10-09 20:16:39,612 [INFO] Época 28/30, Batch 1500/3348, Loss: 0.2427
2025-10-09 20:16:39,871 [INFO] Época 28/30, Batch 1550/3348, Loss: 0.4510
2025-10-09 20:16:40,130 [INFO] Época 28/30, Batch 1600/3348, Loss: 0.3178
2025-10-09 20:16:40,390 [INFO] Época 28/30, Batch 1650/3348, Loss: 0.4734
2025-10-09 20:16:40,651 [INFO] Época 28/30, Batch 1700/3348, Loss: 0.6544
2025-10-09 20:16:40,910 [INFO] Época 28/30, Batch 1750/3348, Loss: 0.4928
2025-10-09 20:16:41,168 [INFO] Época 28/30, Batch 1800/3348, Loss: 0.5267
2025-10-09 20:16:41,428 [INFO] Época 28/30, Batch 1850/3348, Loss: 0.5581
2025-10-09 20:16:41,688 [INFO] Época 28/30, Batch 1900/3348, Loss: 0.4496
2025-10-09 20:16:41,947 [INFO] Época 28/30, Batch 1950/3348, Loss: 0.3252
2025-10-09 20:16:42,206 [INFO] Época 28/30, Batch 2000/3348, Loss: 0.4002
2025-10-09 20:16:42,468 [INFO] Época 28/30, Batch 2050/3348, Loss: 0.3707
2025-10-09 20:16:42,733 [INFO] Época 28/30, Batch 2100/3348, Loss: 0.3160
2025-10-09 20:16:42,997 [INFO] Época 28/30, Batch 2150/3348, Loss: 0.5071
2025-10-09 20:16:43,261 [INFO] Época 28/30, Batch 2200/3348, Loss: 0.4703
2025-10-09 20:16:43,524 [INFO] Época 28/30, Batch 2250/3348, Loss: 0.3797
2025-10-09 20:16:43,793 [INFO] Época 28/30, Batch 2300/3348, Loss: 0.2748
2025-10-09 20:16:44,059 [INFO] Época 28/30, Batch 2350/3348, Loss: 0.5030
2025-10-09 20:16:44,319 [INFO] Época 28/30, Batch 2400/3348, Loss: 0.4031
2025-10-09 20:16:44,582 [INFO] Época 28/30, Batch 2450/3348, Loss: 0.2979
2025-10-09 20:16:44,848 [INFO] Época 28/30, Batch 2500/3348, Loss: 0.6735
2025-10-09 20:16:45,117 [INFO] Época 28/30, Batch 2550/3348, Loss: 0.4658
2025-10-09 20:16:45,380 [INFO] Época 28/30, Batch 2600/3348, Loss: 0.4981
2025-10-09 20:16:45,643 [INFO] Época 28/30, Batch 2650/3348, Loss: 0.4092
2025-10-09 20:16:45,905 [INFO] Época 28/30, Batch 2700/3348, Loss: 0.4051
2025-10-09 20:16:46,165 [INFO] Época 28/30, Batch 2750/3348, Loss: 0.3579
2025-10-09 20:16:46,427 [INFO] Época 28/30, Batch 2800/3348, Loss: 0.4965
2025-10-09 20:16:46,687 [INFO] Época 28/30, Batch 2850/3348, Loss: 0.4714
2025-10-09 20:16:46,948 [INFO] Época 28/30, Batch 2900/3348, Loss: 0.4320
2025-10-09 20:16:47,211 [INFO] Época 28/30, Batch 2950/3348, Loss: 0.3362
2025-10-09 20:16:47,471 [INFO] Época 28/30, Batch 3000/3348, Loss: 0.3953
2025-10-09 20:16:47,734 [INFO] Época 28/30, Batch 3050/3348, Loss: 0.2931
2025-10-09 20:16:47,999 [INFO] Época 28/30, Batch 3100/3348, Loss: 0.3339
2025-10-09 20:16:48,259 [INFO] Época 28/30, Batch 3150/3348, Loss: 0.5385
2025-10-09 20:16:48,523 [INFO] Época 28/30, Batch 3200/3348, Loss: 0.3319
2025-10-09 20:16:48,790 [INFO] Época 28/30, Batch 3250/3348, Loss: 0.4999
2025-10-09 20:16:49,055 [INFO] Época 28/30, Batch 3300/3348, Loss: 0.4267
2025-10-09 20:16:50,784 [INFO] [28/30] Train Loss: 0.4380 | Val Loss: 0.4108 | Tempo: 19.25s
2025-10-09 20:16:50,784 [INFO] Early stopping ativado após 10 épocas sem melhoria
2025-10-09 20:16:50,784 [INFO] Treinamento concluído em 539.08 segundos (8.98 minutos)
2025-10-09 20:16:50,785 [INFO] Iniciando avaliação no conjunto de teste...
2025-10-09 20:16:52,248 [INFO] Avaliação do teste concluída em 1.46 segundos
2025-10-09 20:16:52,249 [INFO] MSE no teste: 1.0121
2025-10-09 20:16:52,249 [INFO] RMSE no teste: 1.0060
2025-10-09 20:16:52,249 [INFO] MAE no teste: 0.7559
2025-10-09 20:16:52,249 [INFO] Métricas salvas em /mnt/hdd/home/jdurao/ToolBox-ChemXAI/logs/mlp_att3_Physicochemical_metrics.json
