2025-10-10 11:53:09,103 [INFO] Iniciando treinamento do modelo mlp_att13_EState
2025-10-10 11:53:09,103 [INFO] Configuração: att_index=13, epochs=30, layers=[128, 64, 32], lr=0.001, batch_size=32, descriptor_type=EState
2025-10-10 11:53:09,103 [INFO] Diretório para modelos: /mnt/hdd/home/jdurao/ToolBox-ChemXAI/models
2025-10-10 11:53:09,103 [INFO] Carregando dados...
2025-10-10 11:53:09,173 [INFO] Preparando dataloaders sem ruído...
2025-10-10 11:53:12,070 [INFO] Dados carregados em 2.97 segundos
2025-10-10 11:53:12,071 [INFO] Tamanhos dos conjuntos - Treino: 107108, Validação: 13388, Teste: 13389
2025-10-10 11:53:12,071 [INFO] Usando dispositivo: cuda
2025-10-10 11:53:12,387 [INFO] Dimensão de entrada: 79, Dimensão de saída: 1
2025-10-10 11:53:12,387 [INFO] Criando modelo MLP com camadas: [128, 64, 32]
2025-10-10 11:53:12,388 [INFO] Modelo criado com 20609 parâmetros
2025-10-10 11:53:12,390 [INFO] Iniciando treinamento com 30 épocas...
2025-10-10 11:53:12,862 [INFO] Época 1/30, Batch 50/3348, Loss: 0.5222
2025-10-10 11:53:13,095 [INFO] Época 1/30, Batch 100/3348, Loss: 0.6404
2025-10-10 11:53:13,333 [INFO] Época 1/30, Batch 150/3348, Loss: 0.4529
2025-10-10 11:53:13,558 [INFO] Época 1/30, Batch 200/3348, Loss: 0.4306
2025-10-10 11:53:13,727 [INFO] Época 1/30, Batch 250/3348, Loss: 0.3420
2025-10-10 11:53:13,925 [INFO] Época 1/30, Batch 300/3348, Loss: 0.4237
2025-10-10 11:53:14,128 [INFO] Época 1/30, Batch 350/3348, Loss: 0.4775
2025-10-10 11:53:14,379 [INFO] Época 1/30, Batch 400/3348, Loss: 0.5303
2025-10-10 11:53:14,636 [INFO] Época 1/30, Batch 450/3348, Loss: 0.3694
2025-10-10 11:53:14,894 [INFO] Época 1/30, Batch 500/3348, Loss: 0.4258
2025-10-10 11:53:15,147 [INFO] Época 1/30, Batch 550/3348, Loss: 0.3636
2025-10-10 11:53:15,369 [INFO] Época 1/30, Batch 600/3348, Loss: 0.5302
2025-10-10 11:53:15,605 [INFO] Época 1/30, Batch 650/3348, Loss: 0.4546
2025-10-10 11:53:15,828 [INFO] Época 1/30, Batch 700/3348, Loss: 0.3848
2025-10-10 11:53:16,077 [INFO] Época 1/30, Batch 750/3348, Loss: 0.4019
2025-10-10 11:53:16,326 [INFO] Época 1/30, Batch 800/3348, Loss: 0.4237
2025-10-10 11:53:16,568 [INFO] Época 1/30, Batch 850/3348, Loss: 0.4758
2025-10-10 11:53:16,795 [INFO] Época 1/30, Batch 900/3348, Loss: 0.2791
2025-10-10 11:53:17,015 [INFO] Época 1/30, Batch 950/3348, Loss: 0.4250
2025-10-10 11:53:17,216 [INFO] Época 1/30, Batch 1000/3348, Loss: 0.4401
2025-10-10 11:53:17,437 [INFO] Época 1/30, Batch 1050/3348, Loss: 0.6341
2025-10-10 11:53:17,694 [INFO] Época 1/30, Batch 1100/3348, Loss: 0.4141
2025-10-10 11:53:17,945 [INFO] Época 1/30, Batch 1150/3348, Loss: 0.2298
2025-10-10 11:53:18,154 [INFO] Época 1/30, Batch 1200/3348, Loss: 0.4310
2025-10-10 11:53:18,336 [INFO] Época 1/30, Batch 1250/3348, Loss: 0.3684
2025-10-10 11:53:18,535 [INFO] Época 1/30, Batch 1300/3348, Loss: 0.2993
2025-10-10 11:53:18,750 [INFO] Época 1/30, Batch 1350/3348, Loss: 0.3438
2025-10-10 11:53:18,980 [INFO] Época 1/30, Batch 1400/3348, Loss: 0.4932
2025-10-10 11:53:19,202 [INFO] Época 1/30, Batch 1450/3348, Loss: 0.3885
2025-10-10 11:53:19,440 [INFO] Época 1/30, Batch 1500/3348, Loss: 0.6379
2025-10-10 11:53:19,676 [INFO] Época 1/30, Batch 1550/3348, Loss: 0.3684
2025-10-10 11:53:19,923 [INFO] Época 1/30, Batch 1600/3348, Loss: 0.3846
2025-10-10 11:53:20,184 [INFO] Época 1/30, Batch 1650/3348, Loss: 0.5358
2025-10-10 11:53:20,439 [INFO] Época 1/30, Batch 1700/3348, Loss: 0.7744
2025-10-10 11:53:20,661 [INFO] Época 1/30, Batch 1750/3348, Loss: 0.4427
2025-10-10 11:53:20,896 [INFO] Época 1/30, Batch 1800/3348, Loss: 0.3865
2025-10-10 11:53:21,152 [INFO] Época 1/30, Batch 1850/3348, Loss: 0.4395
2025-10-10 11:53:21,388 [INFO] Época 1/30, Batch 1900/3348, Loss: 0.5899
2025-10-10 11:53:21,633 [INFO] Época 1/30, Batch 1950/3348, Loss: 0.2570
2025-10-10 11:53:21,893 [INFO] Época 1/30, Batch 2000/3348, Loss: 0.4352
2025-10-10 11:53:22,152 [INFO] Época 1/30, Batch 2050/3348, Loss: 0.4812
2025-10-10 11:53:22,410 [INFO] Época 1/30, Batch 2100/3348, Loss: 0.3648
2025-10-10 11:53:22,669 [INFO] Época 1/30, Batch 2150/3348, Loss: 0.4514
2025-10-10 11:53:22,938 [INFO] Época 1/30, Batch 2200/3348, Loss: 0.3906
2025-10-10 11:53:23,197 [INFO] Época 1/30, Batch 2250/3348, Loss: 0.3211
2025-10-10 11:53:23,457 [INFO] Época 1/30, Batch 2300/3348, Loss: 0.4102
2025-10-10 11:53:23,712 [INFO] Época 1/30, Batch 2350/3348, Loss: 0.2811
2025-10-10 11:53:23,962 [INFO] Época 1/30, Batch 2400/3348, Loss: 0.2266
2025-10-10 11:53:24,187 [INFO] Época 1/30, Batch 2450/3348, Loss: 0.3904
2025-10-10 11:53:24,420 [INFO] Época 1/30, Batch 2500/3348, Loss: 0.5089
2025-10-10 11:53:24,679 [INFO] Época 1/30, Batch 2550/3348, Loss: 0.3857
2025-10-10 11:53:24,937 [INFO] Época 1/30, Batch 2600/3348, Loss: 0.4414
2025-10-10 11:53:25,194 [INFO] Época 1/30, Batch 2650/3348, Loss: 0.3682
2025-10-10 11:53:25,452 [INFO] Época 1/30, Batch 2700/3348, Loss: 0.3083
2025-10-10 11:53:25,708 [INFO] Época 1/30, Batch 2750/3348, Loss: 0.3384
2025-10-10 11:53:25,966 [INFO] Época 1/30, Batch 2800/3348, Loss: 0.4514
2025-10-10 11:53:26,220 [INFO] Época 1/30, Batch 2850/3348, Loss: 0.5647
2025-10-10 11:53:26,465 [INFO] Época 1/30, Batch 2900/3348, Loss: 0.3933
2025-10-10 11:53:26,716 [INFO] Época 1/30, Batch 2950/3348, Loss: 0.4248
2025-10-10 11:53:26,972 [INFO] Época 1/30, Batch 3000/3348, Loss: 0.6890
2025-10-10 11:53:27,230 [INFO] Época 1/30, Batch 3050/3348, Loss: 0.2581
2025-10-10 11:53:27,485 [INFO] Época 1/30, Batch 3100/3348, Loss: 0.4155
2025-10-10 11:53:27,710 [INFO] Época 1/30, Batch 3150/3348, Loss: 0.5504
2025-10-10 11:53:27,853 [INFO] Época 1/30, Batch 3200/3348, Loss: 0.3823
2025-10-10 11:53:28,052 [INFO] Época 1/30, Batch 3250/3348, Loss: 0.2753
2025-10-10 11:53:28,294 [INFO] Época 1/30, Batch 3300/3348, Loss: 0.4320
2025-10-10 11:53:29,789 [INFO] [1/30] Train Loss: 0.4075 | Val Loss: 0.2607 | Tempo: 17.40s
2025-10-10 11:53:29,793 [INFO] Melhor modelo salvo em: /mnt/hdd/home/jdurao/ToolBox-ChemXAI/models/mlp_qm9_EState_att13_large.pth
2025-10-10 11:53:30,246 [INFO] Época 2/30, Batch 50/3348, Loss: 0.3874
2025-10-10 11:53:30,474 [INFO] Época 2/30, Batch 100/3348, Loss: 0.4947
2025-10-10 11:53:30,659 [INFO] Época 2/30, Batch 150/3348, Loss: 0.4518
2025-10-10 11:53:30,837 [INFO] Época 2/30, Batch 200/3348, Loss: 0.3624
2025-10-10 11:53:31,029 [INFO] Época 2/30, Batch 250/3348, Loss: 0.3966
2025-10-10 11:53:31,176 [INFO] Época 2/30, Batch 300/3348, Loss: 0.5175
2025-10-10 11:53:31,324 [INFO] Época 2/30, Batch 350/3348, Loss: 0.4157
2025-10-10 11:53:31,508 [INFO] Época 2/30, Batch 400/3348, Loss: 0.4901
2025-10-10 11:53:31,753 [INFO] Época 2/30, Batch 450/3348, Loss: 0.3353
2025-10-10 11:53:31,966 [INFO] Época 2/30, Batch 500/3348, Loss: 0.3076
2025-10-10 11:53:32,186 [INFO] Época 2/30, Batch 550/3348, Loss: 0.3859
2025-10-10 11:53:32,399 [INFO] Época 2/30, Batch 600/3348, Loss: 0.4147
2025-10-10 11:53:32,609 [INFO] Época 2/30, Batch 650/3348, Loss: 0.2853
2025-10-10 11:53:32,819 [INFO] Época 2/30, Batch 700/3348, Loss: 0.3552
2025-10-10 11:53:33,029 [INFO] Época 2/30, Batch 750/3348, Loss: 0.3670
2025-10-10 11:53:33,238 [INFO] Época 2/30, Batch 800/3348, Loss: 0.4462
2025-10-10 11:53:33,449 [INFO] Época 2/30, Batch 850/3348, Loss: 0.4440
2025-10-10 11:53:33,676 [INFO] Época 2/30, Batch 900/3348, Loss: 0.3561
2025-10-10 11:53:33,905 [INFO] Época 2/30, Batch 950/3348, Loss: 0.5754
2025-10-10 11:53:34,086 [INFO] Época 2/30, Batch 1000/3348, Loss: 0.3154
2025-10-10 11:53:34,244 [INFO] Época 2/30, Batch 1050/3348, Loss: 0.3883
2025-10-10 11:53:34,423 [INFO] Época 2/30, Batch 1100/3348, Loss: 0.4897
2025-10-10 11:53:34,664 [INFO] Época 2/30, Batch 1150/3348, Loss: 0.4612
2025-10-10 11:53:34,891 [INFO] Época 2/30, Batch 1200/3348, Loss: 0.3395
2025-10-10 11:53:35,106 [INFO] Época 2/30, Batch 1250/3348, Loss: 0.2635
2025-10-10 11:53:35,321 [INFO] Época 2/30, Batch 1300/3348, Loss: 0.3533
2025-10-10 11:53:35,533 [INFO] Época 2/30, Batch 1350/3348, Loss: 0.2877
2025-10-10 11:53:35,747 [INFO] Época 2/30, Batch 1400/3348, Loss: 0.2148
2025-10-10 11:53:35,970 [INFO] Época 2/30, Batch 1450/3348, Loss: 0.3684
2025-10-10 11:53:36,189 [INFO] Época 2/30, Batch 1500/3348, Loss: 0.5552
2025-10-10 11:53:36,408 [INFO] Época 2/30, Batch 1550/3348, Loss: 0.5134
2025-10-10 11:53:36,634 [INFO] Época 2/30, Batch 1600/3348, Loss: 0.3976
2025-10-10 11:53:36,856 [INFO] Época 2/30, Batch 1650/3348, Loss: 0.3601
2025-10-10 11:53:37,081 [INFO] Época 2/30, Batch 1700/3348, Loss: 0.3869
2025-10-10 11:53:37,256 [INFO] Época 2/30, Batch 1750/3348, Loss: 0.3316
2025-10-10 11:53:37,419 [INFO] Época 2/30, Batch 1800/3348, Loss: 0.4008
2025-10-10 11:53:37,629 [INFO] Época 2/30, Batch 1850/3348, Loss: 0.4305
2025-10-10 11:53:37,839 [INFO] Época 2/30, Batch 1900/3348, Loss: 0.5004
2025-10-10 11:53:38,050 [INFO] Época 2/30, Batch 1950/3348, Loss: 0.4461
2025-10-10 11:53:38,260 [INFO] Época 2/30, Batch 2000/3348, Loss: 0.3783
2025-10-10 11:53:38,470 [INFO] Época 2/30, Batch 2050/3348, Loss: 0.4465
2025-10-10 11:53:38,680 [INFO] Época 2/30, Batch 2100/3348, Loss: 0.2788
2025-10-10 11:53:38,890 [INFO] Época 2/30, Batch 2150/3348, Loss: 0.4028
2025-10-10 11:53:39,100 [INFO] Época 2/30, Batch 2200/3348, Loss: 0.2902
2025-10-10 11:53:39,310 [INFO] Época 2/30, Batch 2250/3348, Loss: 0.3435
2025-10-10 11:53:39,520 [INFO] Época 2/30, Batch 2300/3348, Loss: 0.5664
2025-10-10 11:53:39,742 [INFO] Época 2/30, Batch 2350/3348, Loss: 0.3497
2025-10-10 11:53:39,973 [INFO] Época 2/30, Batch 2400/3348, Loss: 0.2798
2025-10-10 11:53:40,176 [INFO] Época 2/30, Batch 2450/3348, Loss: 0.4320
2025-10-10 11:53:40,323 [INFO] Época 2/30, Batch 2500/3348, Loss: 0.5141
2025-10-10 11:53:40,495 [INFO] Época 2/30, Batch 2550/3348, Loss: 0.4741
2025-10-10 11:53:40,669 [INFO] Época 2/30, Batch 2600/3348, Loss: 0.3784
2025-10-10 11:53:40,837 [INFO] Época 2/30, Batch 2650/3348, Loss: 0.4042
2025-10-10 11:53:41,008 [INFO] Época 2/30, Batch 2700/3348, Loss: 0.5175
2025-10-10 11:53:41,195 [INFO] Época 2/30, Batch 2750/3348, Loss: 0.4968
2025-10-10 11:53:41,377 [INFO] Época 2/30, Batch 2800/3348, Loss: 0.4302
2025-10-10 11:53:41,555 [INFO] Época 2/30, Batch 2850/3348, Loss: 0.5087
2025-10-10 11:53:41,734 [INFO] Época 2/30, Batch 2900/3348, Loss: 0.3912
2025-10-10 11:53:41,907 [INFO] Época 2/30, Batch 2950/3348, Loss: 0.2264
2025-10-10 11:53:42,078 [INFO] Época 2/30, Batch 3000/3348, Loss: 0.2522
2025-10-10 11:53:42,246 [INFO] Época 2/30, Batch 3050/3348, Loss: 0.2884
2025-10-10 11:53:42,415 [INFO] Época 2/30, Batch 3100/3348, Loss: 0.4009
2025-10-10 11:53:42,585 [INFO] Época 2/30, Batch 3150/3348, Loss: 0.3735
2025-10-10 11:53:42,756 [INFO] Época 2/30, Batch 3200/3348, Loss: 0.0995
2025-10-10 11:53:42,932 [INFO] Época 2/30, Batch 3250/3348, Loss: 0.3418
2025-10-10 11:53:43,113 [INFO] Época 2/30, Batch 3300/3348, Loss: 0.3457
2025-10-10 11:53:44,863 [INFO] [2/30] Train Loss: 0.3907 | Val Loss: 0.2570 | Tempo: 15.07s
2025-10-10 11:53:44,865 [INFO] Melhor modelo salvo em: /mnt/hdd/home/jdurao/ToolBox-ChemXAI/models/mlp_qm9_EState_att13_large.pth
2025-10-10 11:53:45,450 [INFO] Época 3/30, Batch 50/3348, Loss: 0.4516
2025-10-10 11:53:45,651 [INFO] Época 3/30, Batch 100/3348, Loss: 0.5453
2025-10-10 11:53:45,849 [INFO] Época 3/30, Batch 150/3348, Loss: 0.3004
2025-10-10 11:53:46,051 [INFO] Época 3/30, Batch 200/3348, Loss: 0.3088
2025-10-10 11:53:46,255 [INFO] Época 3/30, Batch 250/3348, Loss: 0.5958
2025-10-10 11:53:46,460 [INFO] Época 3/30, Batch 300/3348, Loss: 0.4613
2025-10-10 11:53:46,637 [INFO] Época 3/30, Batch 350/3348, Loss: 0.4562
2025-10-10 11:53:46,776 [INFO] Época 3/30, Batch 400/3348, Loss: 0.4529
2025-10-10 11:53:46,915 [INFO] Época 3/30, Batch 450/3348, Loss: 0.4923
2025-10-10 11:53:47,122 [INFO] Época 3/30, Batch 500/3348, Loss: 0.2881
2025-10-10 11:53:47,327 [INFO] Época 3/30, Batch 550/3348, Loss: 0.4931
2025-10-10 11:53:47,531 [INFO] Época 3/30, Batch 600/3348, Loss: 0.4294
2025-10-10 11:53:47,731 [INFO] Época 3/30, Batch 650/3348, Loss: 0.4311
2025-10-10 11:53:47,907 [INFO] Época 3/30, Batch 700/3348, Loss: 0.4262
2025-10-10 11:53:48,089 [INFO] Época 3/30, Batch 750/3348, Loss: 0.5739
2025-10-10 11:53:48,264 [INFO] Época 3/30, Batch 800/3348, Loss: 0.4451
2025-10-10 11:53:48,440 [INFO] Época 3/30, Batch 850/3348, Loss: 0.3315
2025-10-10 11:53:48,616 [INFO] Época 3/30, Batch 900/3348, Loss: 0.2824
2025-10-10 11:53:48,805 [INFO] Época 3/30, Batch 950/3348, Loss: 0.5167
2025-10-10 11:53:48,991 [INFO] Época 3/30, Batch 1000/3348, Loss: 0.2980
2025-10-10 11:53:49,180 [INFO] Época 3/30, Batch 1050/3348, Loss: 0.3154
2025-10-10 11:53:49,355 [INFO] Época 3/30, Batch 1100/3348, Loss: 0.7436
2025-10-10 11:53:49,530 [INFO] Época 3/30, Batch 1150/3348, Loss: 0.3001
2025-10-10 11:53:49,715 [INFO] Época 3/30, Batch 1200/3348, Loss: 0.2935
2025-10-10 11:53:49,889 [INFO] Época 3/30, Batch 1250/3348, Loss: 0.4488
2025-10-10 11:53:50,052 [INFO] Época 3/30, Batch 1300/3348, Loss: 0.5478
2025-10-10 11:53:50,188 [INFO] Época 3/30, Batch 1350/3348, Loss: 0.2791
2025-10-10 11:53:50,327 [INFO] Época 3/30, Batch 1400/3348, Loss: 0.3841
2025-10-10 11:53:50,512 [INFO] Época 3/30, Batch 1450/3348, Loss: 0.3107
2025-10-10 11:53:50,688 [INFO] Época 3/30, Batch 1500/3348, Loss: 0.3553
2025-10-10 11:53:50,885 [INFO] Época 3/30, Batch 1550/3348, Loss: 0.4777
2025-10-10 11:53:51,095 [INFO] Época 3/30, Batch 1600/3348, Loss: 0.2364
2025-10-10 11:53:51,341 [INFO] Época 3/30, Batch 1650/3348, Loss: 0.5189
2025-10-10 11:53:51,611 [INFO] Época 3/30, Batch 1700/3348, Loss: 0.1867
2025-10-10 11:53:51,866 [INFO] Época 3/30, Batch 1750/3348, Loss: 0.5417
2025-10-10 11:53:52,116 [INFO] Época 3/30, Batch 1800/3348, Loss: 0.3541
2025-10-10 11:53:52,370 [INFO] Época 3/30, Batch 1850/3348, Loss: 0.5582
2025-10-10 11:53:52,639 [INFO] Época 3/30, Batch 1900/3348, Loss: 0.3932
2025-10-10 11:53:52,890 [INFO] Época 3/30, Batch 1950/3348, Loss: 0.3769
2025-10-10 11:53:53,153 [INFO] Época 3/30, Batch 2000/3348, Loss: 0.3978
2025-10-10 11:53:53,413 [INFO] Época 3/30, Batch 2050/3348, Loss: 0.4357
2025-10-10 11:53:53,668 [INFO] Época 3/30, Batch 2100/3348, Loss: 0.3931
2025-10-10 11:53:53,918 [INFO] Época 3/30, Batch 2150/3348, Loss: 0.5051
2025-10-10 11:53:54,190 [INFO] Época 3/30, Batch 2200/3348, Loss: 0.4372
2025-10-10 11:53:54,436 [INFO] Época 3/30, Batch 2250/3348, Loss: 0.3466
2025-10-10 11:53:54,691 [INFO] Época 3/30, Batch 2300/3348, Loss: 0.3226
2025-10-10 11:53:54,944 [INFO] Época 3/30, Batch 2350/3348, Loss: 0.2733
2025-10-10 11:53:55,195 [INFO] Época 3/30, Batch 2400/3348, Loss: 0.4744
2025-10-10 11:53:55,442 [INFO] Época 3/30, Batch 2450/3348, Loss: 0.3869
2025-10-10 11:53:55,709 [INFO] Época 3/30, Batch 2500/3348, Loss: 0.4269
2025-10-10 11:53:55,960 [INFO] Época 3/30, Batch 2550/3348, Loss: 0.5326
2025-10-10 11:53:56,154 [INFO] Época 3/30, Batch 2600/3348, Loss: 0.4311
2025-10-10 11:53:56,330 [INFO] Época 3/30, Batch 2650/3348, Loss: 0.5291
2025-10-10 11:53:56,486 [INFO] Época 3/30, Batch 2700/3348, Loss: 0.3914
2025-10-10 11:53:56,679 [INFO] Época 3/30, Batch 2750/3348, Loss: 0.4032
2025-10-10 11:53:56,908 [INFO] Época 3/30, Batch 2800/3348, Loss: 0.2625
2025-10-10 11:53:57,131 [INFO] Época 3/30, Batch 2850/3348, Loss: 0.3817
2025-10-10 11:53:57,341 [INFO] Época 3/30, Batch 2900/3348, Loss: 0.2365
2025-10-10 11:53:57,567 [INFO] Época 3/30, Batch 2950/3348, Loss: 0.5437
2025-10-10 11:53:57,788 [INFO] Época 3/30, Batch 3000/3348, Loss: 0.5529
2025-10-10 11:53:58,010 [INFO] Época 3/30, Batch 3050/3348, Loss: 0.4010
2025-10-10 11:53:58,225 [INFO] Época 3/30, Batch 3100/3348, Loss: 0.3811
2025-10-10 11:53:58,441 [INFO] Época 3/30, Batch 3150/3348, Loss: 0.4379
2025-10-10 11:53:58,656 [INFO] Época 3/30, Batch 3200/3348, Loss: 0.4303
2025-10-10 11:53:58,875 [INFO] Época 3/30, Batch 3250/3348, Loss: 0.3487
2025-10-10 11:53:59,161 [INFO] Época 3/30, Batch 3300/3348, Loss: 0.4847
2025-10-10 11:54:00,627 [INFO] [3/30] Train Loss: 0.3859 | Val Loss: 0.2613 | Tempo: 15.76s
2025-10-10 11:54:01,322 [INFO] Época 4/30, Batch 50/3348, Loss: 0.2529
2025-10-10 11:54:01,602 [INFO] Época 4/30, Batch 100/3348, Loss: 0.5418
2025-10-10 11:54:01,882 [INFO] Época 4/30, Batch 150/3348, Loss: 0.5568
2025-10-10 11:54:02,164 [INFO] Época 4/30, Batch 200/3348, Loss: 0.3747
2025-10-10 11:54:02,440 [INFO] Época 4/30, Batch 250/3348, Loss: 0.3305
2025-10-10 11:54:02,721 [INFO] Época 4/30, Batch 300/3348, Loss: 0.4216
2025-10-10 11:54:02,954 [INFO] Época 4/30, Batch 350/3348, Loss: 0.5245
2025-10-10 11:54:03,126 [INFO] Época 4/30, Batch 400/3348, Loss: 0.2396
2025-10-10 11:54:03,302 [INFO] Época 4/30, Batch 450/3348, Loss: 0.4492
2025-10-10 11:54:03,574 [INFO] Época 4/30, Batch 500/3348, Loss: 0.2956
2025-10-10 11:54:03,858 [INFO] Época 4/30, Batch 550/3348, Loss: 0.4299
2025-10-10 11:54:04,141 [INFO] Época 4/30, Batch 600/3348, Loss: 0.3187
2025-10-10 11:54:04,421 [INFO] Época 4/30, Batch 650/3348, Loss: 0.4191
2025-10-10 11:54:04,703 [INFO] Época 4/30, Batch 700/3348, Loss: 0.3823
2025-10-10 11:54:04,936 [INFO] Época 4/30, Batch 750/3348, Loss: 0.3912
2025-10-10 11:54:05,113 [INFO] Época 4/30, Batch 800/3348, Loss: 0.2981
2025-10-10 11:54:05,290 [INFO] Época 4/30, Batch 850/3348, Loss: 0.5889
2025-10-10 11:54:05,467 [INFO] Época 4/30, Batch 900/3348, Loss: 0.2845
2025-10-10 11:54:05,646 [INFO] Época 4/30, Batch 950/3348, Loss: 0.4060
2025-10-10 11:54:05,826 [INFO] Época 4/30, Batch 1000/3348, Loss: 0.6573
2025-10-10 11:54:06,003 [INFO] Época 4/30, Batch 1050/3348, Loss: 0.4440
2025-10-10 11:54:06,185 [INFO] Época 4/30, Batch 1100/3348, Loss: 0.2603
2025-10-10 11:54:06,372 [INFO] Época 4/30, Batch 1150/3348, Loss: 0.4322
2025-10-10 11:54:06,599 [INFO] Época 4/30, Batch 1200/3348, Loss: 0.3151
2025-10-10 11:54:06,767 [INFO] Época 4/30, Batch 1250/3348, Loss: 0.2299
2025-10-10 11:54:06,907 [INFO] Época 4/30, Batch 1300/3348, Loss: 0.3900
2025-10-10 11:54:07,064 [INFO] Época 4/30, Batch 1350/3348, Loss: 0.2777
2025-10-10 11:54:07,251 [INFO] Época 4/30, Batch 1400/3348, Loss: 0.2891
2025-10-10 11:54:07,431 [INFO] Época 4/30, Batch 1450/3348, Loss: 0.4139
2025-10-10 11:54:07,610 [INFO] Época 4/30, Batch 1500/3348, Loss: 0.2535
2025-10-10 11:54:07,789 [INFO] Época 4/30, Batch 1550/3348, Loss: 0.3788
2025-10-10 11:54:07,969 [INFO] Época 4/30, Batch 1600/3348, Loss: 0.2451
2025-10-10 11:54:08,148 [INFO] Época 4/30, Batch 1650/3348, Loss: 0.2224
2025-10-10 11:54:08,329 [INFO] Época 4/30, Batch 1700/3348, Loss: 0.4972
2025-10-10 11:54:08,508 [INFO] Época 4/30, Batch 1750/3348, Loss: 0.2520
2025-10-10 11:54:08,755 [INFO] Época 4/30, Batch 1800/3348, Loss: 0.4786
2025-10-10 11:54:09,034 [INFO] Época 4/30, Batch 1850/3348, Loss: 0.4222
2025-10-10 11:54:09,315 [INFO] Época 4/30, Batch 1900/3348, Loss: 0.5058
2025-10-10 11:54:09,597 [INFO] Época 4/30, Batch 1950/3348, Loss: 0.3730
2025-10-10 11:54:09,879 [INFO] Época 4/30, Batch 2000/3348, Loss: 0.3622
2025-10-10 11:54:10,159 [INFO] Época 4/30, Batch 2050/3348, Loss: 0.4231
2025-10-10 11:54:10,442 [INFO] Época 4/30, Batch 2100/3348, Loss: 0.3669
2025-10-10 11:54:10,617 [INFO] Época 4/30, Batch 2150/3348, Loss: 0.4662
2025-10-10 11:54:10,777 [INFO] Época 4/30, Batch 2200/3348, Loss: 0.3096
2025-10-10 11:54:10,986 [INFO] Época 4/30, Batch 2250/3348, Loss: 0.5182
2025-10-10 11:54:11,227 [INFO] Época 4/30, Batch 2300/3348, Loss: 0.3331
2025-10-10 11:54:11,409 [INFO] Época 4/30, Batch 2350/3348, Loss: 0.4114
2025-10-10 11:54:11,617 [INFO] Época 4/30, Batch 2400/3348, Loss: 0.3758
2025-10-10 11:54:11,877 [INFO] Época 4/30, Batch 2450/3348, Loss: 0.3696
2025-10-10 11:54:12,098 [INFO] Época 4/30, Batch 2500/3348, Loss: 0.2508
2025-10-10 11:54:12,316 [INFO] Época 4/30, Batch 2550/3348, Loss: 0.3845
2025-10-10 11:54:12,545 [INFO] Época 4/30, Batch 2600/3348, Loss: 0.2744
2025-10-10 11:54:12,738 [INFO] Época 4/30, Batch 2650/3348, Loss: 0.5001
2025-10-10 11:54:12,929 [INFO] Época 4/30, Batch 2700/3348, Loss: 0.5559
2025-10-10 11:54:13,120 [INFO] Época 4/30, Batch 2750/3348, Loss: 0.3747
2025-10-10 11:54:13,312 [INFO] Época 4/30, Batch 2800/3348, Loss: 0.4901
2025-10-10 11:54:13,508 [INFO] Época 4/30, Batch 2850/3348, Loss: 0.3276
2025-10-10 11:54:13,702 [INFO] Época 4/30, Batch 2900/3348, Loss: 0.4224
2025-10-10 11:54:13,883 [INFO] Época 4/30, Batch 2950/3348, Loss: 0.4550
2025-10-10 11:54:14,022 [INFO] Época 4/30, Batch 3000/3348, Loss: 0.4329
2025-10-10 11:54:14,162 [INFO] Época 4/30, Batch 3050/3348, Loss: 0.3354
2025-10-10 11:54:14,355 [INFO] Época 4/30, Batch 3100/3348, Loss: 0.3662
2025-10-10 11:54:14,564 [INFO] Época 4/30, Batch 3150/3348, Loss: 0.3520
2025-10-10 11:54:14,774 [INFO] Época 4/30, Batch 3200/3348, Loss: 0.3006
2025-10-10 11:54:14,981 [INFO] Época 4/30, Batch 3250/3348, Loss: 0.1438
2025-10-10 11:54:15,188 [INFO] Época 4/30, Batch 3300/3348, Loss: 0.4187
2025-10-10 11:54:16,887 [INFO] [4/30] Train Loss: 0.3823 | Val Loss: 0.2588 | Tempo: 16.26s
2025-10-10 11:54:17,384 [INFO] Época 5/30, Batch 50/3348, Loss: 0.4842
2025-10-10 11:54:17,608 [INFO] Época 5/30, Batch 100/3348, Loss: 0.3169
2025-10-10 11:54:17,800 [INFO] Época 5/30, Batch 150/3348, Loss: 0.3422
2025-10-10 11:54:17,988 [INFO] Época 5/30, Batch 200/3348, Loss: 0.4651
2025-10-10 11:54:18,186 [INFO] Época 5/30, Batch 250/3348, Loss: 0.4672
2025-10-10 11:54:18,375 [INFO] Época 5/30, Batch 300/3348, Loss: 0.4609
2025-10-10 11:54:18,552 [INFO] Época 5/30, Batch 350/3348, Loss: 0.2814
2025-10-10 11:54:18,734 [INFO] Época 5/30, Batch 400/3348, Loss: 0.5331
2025-10-10 11:54:18,928 [INFO] Época 5/30, Batch 450/3348, Loss: 0.6626
2025-10-10 11:54:19,110 [INFO] Época 5/30, Batch 500/3348, Loss: 0.3351
2025-10-10 11:54:19,288 [INFO] Época 5/30, Batch 550/3348, Loss: 0.3809
2025-10-10 11:54:19,461 [INFO] Época 5/30, Batch 600/3348, Loss: 0.4835
2025-10-10 11:54:19,638 [INFO] Época 5/30, Batch 650/3348, Loss: 0.3794
2025-10-10 11:54:19,810 [INFO] Época 5/30, Batch 700/3348, Loss: 0.4130
2025-10-10 11:54:19,984 [INFO] Época 5/30, Batch 750/3348, Loss: 0.3967
2025-10-10 11:54:20,161 [INFO] Época 5/30, Batch 800/3348, Loss: 0.5245
2025-10-10 11:54:20,318 [INFO] Época 5/30, Batch 850/3348, Loss: 0.3634
2025-10-10 11:54:20,459 [INFO] Época 5/30, Batch 900/3348, Loss: 0.3963
2025-10-10 11:54:20,600 [INFO] Época 5/30, Batch 950/3348, Loss: 0.3216
2025-10-10 11:54:20,784 [INFO] Época 5/30, Batch 1000/3348, Loss: 0.4913
2025-10-10 11:54:20,965 [INFO] Época 5/30, Batch 1050/3348, Loss: 0.3235
2025-10-10 11:54:21,144 [INFO] Época 5/30, Batch 1100/3348, Loss: 0.5537
2025-10-10 11:54:21,327 [INFO] Época 5/30, Batch 1150/3348, Loss: 0.3569
2025-10-10 11:54:21,504 [INFO] Época 5/30, Batch 1200/3348, Loss: 0.4329
2025-10-10 11:54:21,683 [INFO] Época 5/30, Batch 1250/3348, Loss: 0.3141
2025-10-10 11:54:21,861 [INFO] Época 5/30, Batch 1300/3348, Loss: 0.6652
2025-10-10 11:54:22,037 [INFO] Época 5/30, Batch 1350/3348, Loss: 0.3585
2025-10-10 11:54:22,216 [INFO] Época 5/30, Batch 1400/3348, Loss: 0.2683
2025-10-10 11:54:22,392 [INFO] Época 5/30, Batch 1450/3348, Loss: 0.3678
2025-10-10 11:54:22,598 [INFO] Época 5/30, Batch 1500/3348, Loss: 0.2956
2025-10-10 11:54:22,774 [INFO] Época 5/30, Batch 1550/3348, Loss: 0.2198
2025-10-10 11:54:22,955 [INFO] Época 5/30, Batch 1600/3348, Loss: 0.3318
2025-10-10 11:54:23,208 [INFO] Época 5/30, Batch 1650/3348, Loss: 0.4155
2025-10-10 11:54:23,461 [INFO] Época 5/30, Batch 1700/3348, Loss: 0.4039
2025-10-10 11:54:23,710 [INFO] Época 5/30, Batch 1750/3348, Loss: 0.3020
2025-10-10 11:54:23,945 [INFO] Época 5/30, Batch 1800/3348, Loss: 0.2852
2025-10-10 11:54:24,179 [INFO] Época 5/30, Batch 1850/3348, Loss: 0.4716
2025-10-10 11:54:24,421 [INFO] Época 5/30, Batch 1900/3348, Loss: 0.4903
2025-10-10 11:54:24,680 [INFO] Época 5/30, Batch 1950/3348, Loss: 0.3316
2025-10-10 11:54:24,940 [INFO] Época 5/30, Batch 2000/3348, Loss: 0.3229
2025-10-10 11:54:25,199 [INFO] Época 5/30, Batch 2050/3348, Loss: 0.4532
2025-10-10 11:54:25,457 [INFO] Época 5/30, Batch 2100/3348, Loss: 0.3025
2025-10-10 11:54:25,715 [INFO] Época 5/30, Batch 2150/3348, Loss: 0.3246
2025-10-10 11:54:25,973 [INFO] Época 5/30, Batch 2200/3348, Loss: 0.2105
2025-10-10 11:54:26,232 [INFO] Época 5/30, Batch 2250/3348, Loss: 0.6064
2025-10-10 11:54:26,492 [INFO] Época 5/30, Batch 2300/3348, Loss: 0.2452
2025-10-10 11:54:26,738 [INFO] Época 5/30, Batch 2350/3348, Loss: 0.4372
2025-10-10 11:54:26,914 [INFO] Época 5/30, Batch 2400/3348, Loss: 0.5013
2025-10-10 11:54:27,095 [INFO] Época 5/30, Batch 2450/3348, Loss: 0.2572
2025-10-10 11:54:27,273 [INFO] Época 5/30, Batch 2500/3348, Loss: 0.3984
2025-10-10 11:54:27,451 [INFO] Época 5/30, Batch 2550/3348, Loss: 0.3786
2025-10-10 11:54:27,612 [INFO] Época 5/30, Batch 2600/3348, Loss: 0.5361
2025-10-10 11:54:27,751 [INFO] Época 5/30, Batch 2650/3348, Loss: 0.1956
2025-10-10 11:54:27,902 [INFO] Época 5/30, Batch 2700/3348, Loss: 0.4233
2025-10-10 11:54:28,089 [INFO] Época 5/30, Batch 2750/3348, Loss: 0.3868
2025-10-10 11:54:28,269 [INFO] Época 5/30, Batch 2800/3348, Loss: 0.4562
2025-10-10 11:54:28,446 [INFO] Época 5/30, Batch 2850/3348, Loss: 0.3009
2025-10-10 11:54:28,616 [INFO] Época 5/30, Batch 2900/3348, Loss: 0.2774
2025-10-10 11:54:28,793 [INFO] Época 5/30, Batch 2950/3348, Loss: 0.5078
2025-10-10 11:54:28,966 [INFO] Época 5/30, Batch 3000/3348, Loss: 0.3128
2025-10-10 11:54:29,142 [INFO] Época 5/30, Batch 3050/3348, Loss: 0.4646
2025-10-10 11:54:29,318 [INFO] Época 5/30, Batch 3100/3348, Loss: 0.3935
2025-10-10 11:54:29,491 [INFO] Época 5/30, Batch 3150/3348, Loss: 0.3560
2025-10-10 11:54:29,667 [INFO] Época 5/30, Batch 3200/3348, Loss: 0.3080
2025-10-10 11:54:29,844 [INFO] Época 5/30, Batch 3250/3348, Loss: 0.4919
2025-10-10 11:54:30,029 [INFO] Época 5/30, Batch 3300/3348, Loss: 0.3967
2025-10-10 11:54:31,631 [INFO] [5/30] Train Loss: 0.3799 | Val Loss: 0.2577 | Tempo: 14.74s
2025-10-10 11:54:32,079 [INFO] Época 6/30, Batch 50/3348, Loss: 0.3228
2025-10-10 11:54:32,254 [INFO] Época 6/30, Batch 100/3348, Loss: 0.3977
2025-10-10 11:54:32,465 [INFO] Época 6/30, Batch 150/3348, Loss: 0.4635
2025-10-10 11:54:32,714 [INFO] Época 6/30, Batch 200/3348, Loss: 0.2734
2025-10-10 11:54:32,980 [INFO] Época 6/30, Batch 250/3348, Loss: 0.3611
2025-10-10 11:54:33,205 [INFO] Época 6/30, Batch 300/3348, Loss: 0.4273
2025-10-10 11:54:33,470 [INFO] Época 6/30, Batch 350/3348, Loss: 0.2779
2025-10-10 11:54:33,700 [INFO] Época 6/30, Batch 400/3348, Loss: 0.3840
2025-10-10 11:54:33,926 [INFO] Época 6/30, Batch 450/3348, Loss: 0.2254
2025-10-10 11:54:34,141 [INFO] Época 6/30, Batch 500/3348, Loss: 0.3511
2025-10-10 11:54:34,355 [INFO] Época 6/30, Batch 550/3348, Loss: 0.3196
2025-10-10 11:54:34,517 [INFO] Época 6/30, Batch 600/3348, Loss: 0.2396
2025-10-10 11:54:34,656 [INFO] Época 6/30, Batch 650/3348, Loss: 0.3660
2025-10-10 11:54:34,839 [INFO] Época 6/30, Batch 700/3348, Loss: 0.3377
2025-10-10 11:54:35,042 [INFO] Época 6/30, Batch 750/3348, Loss: 0.4927
2025-10-10 11:54:35,244 [INFO] Época 6/30, Batch 800/3348, Loss: 0.2618
2025-10-10 11:54:35,448 [INFO] Época 6/30, Batch 850/3348, Loss: 0.3616
2025-10-10 11:54:35,651 [INFO] Época 6/30, Batch 900/3348, Loss: 0.3563
2025-10-10 11:54:35,852 [INFO] Época 6/30, Batch 950/3348, Loss: 0.4673
2025-10-10 11:54:36,054 [INFO] Época 6/30, Batch 1000/3348, Loss: 0.1886
2025-10-10 11:54:36,256 [INFO] Época 6/30, Batch 1050/3348, Loss: 0.4131
2025-10-10 11:54:36,461 [INFO] Época 6/30, Batch 1100/3348, Loss: 0.3776
2025-10-10 11:54:36,663 [INFO] Época 6/30, Batch 1150/3348, Loss: 0.5718
2025-10-10 11:54:36,868 [INFO] Época 6/30, Batch 1200/3348, Loss: 0.4809
2025-10-10 11:54:37,071 [INFO] Época 6/30, Batch 1250/3348, Loss: 0.3905
2025-10-10 11:54:37,264 [INFO] Época 6/30, Batch 1300/3348, Loss: 0.4932
2025-10-10 11:54:37,400 [INFO] Época 6/30, Batch 1350/3348, Loss: 0.4612
2025-10-10 11:54:37,539 [INFO] Época 6/30, Batch 1400/3348, Loss: 0.4237
2025-10-10 11:54:37,730 [INFO] Época 6/30, Batch 1450/3348, Loss: 0.3035
2025-10-10 11:54:37,937 [INFO] Época 6/30, Batch 1500/3348, Loss: 0.4282
2025-10-10 11:54:38,168 [INFO] Época 6/30, Batch 1550/3348, Loss: 0.2375
2025-10-10 11:54:38,388 [INFO] Época 6/30, Batch 1600/3348, Loss: 0.5033
2025-10-10 11:54:38,596 [INFO] Época 6/30, Batch 1650/3348, Loss: 0.4111
2025-10-10 11:54:38,803 [INFO] Época 6/30, Batch 1700/3348, Loss: 0.2166
2025-10-10 11:54:39,006 [INFO] Época 6/30, Batch 1750/3348, Loss: 0.3563
2025-10-10 11:54:39,210 [INFO] Época 6/30, Batch 1800/3348, Loss: 0.4180
2025-10-10 11:54:39,414 [INFO] Época 6/30, Batch 1850/3348, Loss: 0.2876
2025-10-10 11:54:39,621 [INFO] Época 6/30, Batch 1900/3348, Loss: 0.4307
2025-10-10 11:54:39,829 [INFO] Época 6/30, Batch 1950/3348, Loss: 0.3464
2025-10-10 11:54:40,032 [INFO] Época 6/30, Batch 2000/3348, Loss: 0.3076
2025-10-10 11:54:40,212 [INFO] Época 6/30, Batch 2050/3348, Loss: 0.4141
2025-10-10 11:54:40,370 [INFO] Época 6/30, Batch 2100/3348, Loss: 0.3338
2025-10-10 11:54:40,530 [INFO] Época 6/30, Batch 2150/3348, Loss: 0.2860
2025-10-10 11:54:40,739 [INFO] Época 6/30, Batch 2200/3348, Loss: 0.5519
2025-10-10 11:54:40,946 [INFO] Época 6/30, Batch 2250/3348, Loss: 0.3956
2025-10-10 11:54:41,154 [INFO] Época 6/30, Batch 2300/3348, Loss: 0.2321
2025-10-10 11:54:41,358 [INFO] Época 6/30, Batch 2350/3348, Loss: 0.3178
2025-10-10 11:54:41,565 [INFO] Época 6/30, Batch 2400/3348, Loss: 0.1978
2025-10-10 11:54:41,772 [INFO] Época 6/30, Batch 2450/3348, Loss: 0.3903
2025-10-10 11:54:41,978 [INFO] Época 6/30, Batch 2500/3348, Loss: 0.3445
2025-10-10 11:54:42,182 [INFO] Época 6/30, Batch 2550/3348, Loss: 0.3168
2025-10-10 11:54:42,385 [INFO] Época 6/30, Batch 2600/3348, Loss: 0.3851
2025-10-10 11:54:42,618 [INFO] Época 6/30, Batch 2650/3348, Loss: 0.4228
2025-10-10 11:54:42,853 [INFO] Época 6/30, Batch 2700/3348, Loss: 0.2479
2025-10-10 11:54:43,094 [INFO] Época 6/30, Batch 2750/3348, Loss: 0.2840
2025-10-10 11:54:43,352 [INFO] Época 6/30, Batch 2800/3348, Loss: 0.3845
2025-10-10 11:54:43,602 [INFO] Época 6/30, Batch 2850/3348, Loss: 0.4296
2025-10-10 11:54:43,835 [INFO] Época 6/30, Batch 2900/3348, Loss: 0.3829
2025-10-10 11:54:44,092 [INFO] Época 6/30, Batch 2950/3348, Loss: 0.3551
2025-10-10 11:54:44,347 [INFO] Época 6/30, Batch 3000/3348, Loss: 0.3954
2025-10-10 11:54:44,599 [INFO] Época 6/30, Batch 3050/3348, Loss: 0.3231
2025-10-10 11:54:44,791 [INFO] Época 6/30, Batch 3100/3348, Loss: 0.2817
2025-10-10 11:54:45,012 [INFO] Época 6/30, Batch 3150/3348, Loss: 0.3213
2025-10-10 11:54:45,238 [INFO] Época 6/30, Batch 3200/3348, Loss: 0.3781
2025-10-10 11:54:45,456 [INFO] Época 6/30, Batch 3250/3348, Loss: 0.4657
2025-10-10 11:54:45,632 [INFO] Época 6/30, Batch 3300/3348, Loss: 0.4035
2025-10-10 11:54:47,164 [INFO] [6/30] Train Loss: 0.3778 | Val Loss: 0.2636 | Tempo: 15.53s
2025-10-10 11:54:47,775 [INFO] Época 7/30, Batch 50/3348, Loss: 0.3485
2025-10-10 11:54:47,999 [INFO] Época 7/30, Batch 100/3348, Loss: 0.4252
2025-10-10 11:54:48,217 [INFO] Época 7/30, Batch 150/3348, Loss: 0.4745
2025-10-10 11:54:48,471 [INFO] Época 7/30, Batch 200/3348, Loss: 0.3454
2025-10-10 11:54:48,678 [INFO] Época 7/30, Batch 250/3348, Loss: 0.2896
2025-10-10 11:54:48,911 [INFO] Época 7/30, Batch 300/3348, Loss: 0.3827
2025-10-10 11:54:49,132 [INFO] Época 7/30, Batch 350/3348, Loss: 0.3308
2025-10-10 11:54:49,361 [INFO] Época 7/30, Batch 400/3348, Loss: 0.3606
2025-10-10 11:54:49,575 [INFO] Época 7/30, Batch 450/3348, Loss: 0.3573
2025-10-10 11:54:49,762 [INFO] Época 7/30, Batch 500/3348, Loss: 0.3846
2025-10-10 11:54:49,914 [INFO] Época 7/30, Batch 550/3348, Loss: 0.3710
2025-10-10 11:54:50,052 [INFO] Época 7/30, Batch 600/3348, Loss: 0.4247
2025-10-10 11:54:50,222 [INFO] Época 7/30, Batch 650/3348, Loss: 0.2247
2025-10-10 11:54:50,451 [INFO] Época 7/30, Batch 700/3348, Loss: 0.5653
2025-10-10 11:54:50,713 [INFO] Época 7/30, Batch 750/3348, Loss: 0.3024
2025-10-10 11:54:50,926 [INFO] Época 7/30, Batch 800/3348, Loss: 0.3645
2025-10-10 11:54:51,139 [INFO] Época 7/30, Batch 850/3348, Loss: 0.5255
2025-10-10 11:54:51,349 [INFO] Época 7/30, Batch 900/3348, Loss: 0.4651
2025-10-10 11:54:51,559 [INFO] Época 7/30, Batch 950/3348, Loss: 0.2493
2025-10-10 11:54:51,771 [INFO] Época 7/30, Batch 1000/3348, Loss: 0.3126
2025-10-10 11:54:51,984 [INFO] Época 7/30, Batch 1050/3348, Loss: 0.2719
2025-10-10 11:54:52,197 [INFO] Época 7/30, Batch 1100/3348, Loss: 0.5558
2025-10-10 11:54:52,411 [INFO] Época 7/30, Batch 1150/3348, Loss: 0.3600
2025-10-10 11:54:52,625 [INFO] Época 7/30, Batch 1200/3348, Loss: 0.4904
2025-10-10 11:54:52,839 [INFO] Época 7/30, Batch 1250/3348, Loss: 0.3031
2025-10-10 11:54:53,069 [INFO] Época 7/30, Batch 1300/3348, Loss: 0.3650
2025-10-10 11:54:53,302 [INFO] Época 7/30, Batch 1350/3348, Loss: 0.4633
2025-10-10 11:54:53,516 [INFO] Época 7/30, Batch 1400/3348, Loss: 0.3951
2025-10-10 11:54:53,744 [INFO] Época 7/30, Batch 1450/3348, Loss: 0.4267
2025-10-10 11:54:53,978 [INFO] Época 7/30, Batch 1500/3348, Loss: 0.4386
2025-10-10 11:54:54,227 [INFO] Época 7/30, Batch 1550/3348, Loss: 0.2704
2025-10-10 11:54:54,441 [INFO] Época 7/30, Batch 1600/3348, Loss: 0.3809
2025-10-10 11:54:54,668 [INFO] Época 7/30, Batch 1650/3348, Loss: 0.3245
2025-10-10 11:54:54,912 [INFO] Época 7/30, Batch 1700/3348, Loss: 0.3889
2025-10-10 11:54:55,121 [INFO] Época 7/30, Batch 1750/3348, Loss: 0.3671
2025-10-10 11:54:55,334 [INFO] Época 7/30, Batch 1800/3348, Loss: 0.3043
2025-10-10 11:54:55,587 [INFO] Época 7/30, Batch 1850/3348, Loss: 0.3458
2025-10-10 11:54:55,839 [INFO] Época 7/30, Batch 1900/3348, Loss: 0.5630
2025-10-10 11:54:56,085 [INFO] Época 7/30, Batch 1950/3348, Loss: 0.1753
2025-10-10 11:54:56,324 [INFO] Época 7/30, Batch 2000/3348, Loss: 0.2778
2025-10-10 11:54:56,554 [INFO] Época 7/30, Batch 2050/3348, Loss: 0.3657
2025-10-10 11:54:56,772 [INFO] Época 7/30, Batch 2100/3348, Loss: 0.3879
2025-10-10 11:54:57,018 [INFO] Época 7/30, Batch 2150/3348, Loss: 0.3173
2025-10-10 11:54:57,249 [INFO] Época 7/30, Batch 2200/3348, Loss: 0.4864
2025-10-10 11:54:57,460 [INFO] Época 7/30, Batch 2250/3348, Loss: 0.2499
2025-10-10 11:54:57,670 [INFO] Época 7/30, Batch 2300/3348, Loss: 0.4264
2025-10-10 11:54:57,884 [INFO] Época 7/30, Batch 2350/3348, Loss: 0.2352
2025-10-10 11:54:58,099 [INFO] Época 7/30, Batch 2400/3348, Loss: 0.2961
2025-10-10 11:54:58,318 [INFO] Época 7/30, Batch 2450/3348, Loss: 0.5272
2025-10-10 11:54:58,536 [INFO] Época 7/30, Batch 2500/3348, Loss: 0.4871
2025-10-10 11:54:58,755 [INFO] Época 7/30, Batch 2550/3348, Loss: 0.4604
2025-10-10 11:54:58,984 [INFO] Época 7/30, Batch 2600/3348, Loss: 0.4615
2025-10-10 11:54:59,205 [INFO] Época 7/30, Batch 2650/3348, Loss: 0.4411
2025-10-10 11:54:59,423 [INFO] Época 7/30, Batch 2700/3348, Loss: 0.4760
2025-10-10 11:54:59,659 [INFO] Época 7/30, Batch 2750/3348, Loss: 0.4480
2025-10-10 11:54:59,892 [INFO] Época 7/30, Batch 2800/3348, Loss: 0.4386
2025-10-10 11:55:00,156 [INFO] Época 7/30, Batch 2850/3348, Loss: 0.3509
2025-10-10 11:55:00,407 [INFO] Época 7/30, Batch 2900/3348, Loss: 0.3490
2025-10-10 11:55:00,660 [INFO] Época 7/30, Batch 2950/3348, Loss: 0.3569
2025-10-10 11:55:00,910 [INFO] Época 7/30, Batch 3000/3348, Loss: 0.2978
2025-10-10 11:55:01,155 [INFO] Época 7/30, Batch 3050/3348, Loss: 0.3201
2025-10-10 11:55:01,409 [INFO] Época 7/30, Batch 3100/3348, Loss: 0.1851
2025-10-10 11:55:01,663 [INFO] Época 7/30, Batch 3150/3348, Loss: 0.2932
2025-10-10 11:55:01,935 [INFO] Época 7/30, Batch 3200/3348, Loss: 0.3586
2025-10-10 11:55:02,174 [INFO] Época 7/30, Batch 3250/3348, Loss: 0.3968
2025-10-10 11:55:02,402 [INFO] Época 7/30, Batch 3300/3348, Loss: 0.5647
2025-10-10 11:55:03,954 [INFO] [7/30] Train Loss: 0.3761 | Val Loss: 0.2639 | Tempo: 16.79s
2025-10-10 11:55:04,470 [INFO] Época 8/30, Batch 50/3348, Loss: 0.2992
2025-10-10 11:55:04,695 [INFO] Época 8/30, Batch 100/3348, Loss: 0.3483
2025-10-10 11:55:04,897 [INFO] Época 8/30, Batch 150/3348, Loss: 0.3665
2025-10-10 11:55:05,073 [INFO] Época 8/30, Batch 200/3348, Loss: 0.3501
2025-10-10 11:55:05,312 [INFO] Época 8/30, Batch 250/3348, Loss: 0.1555
2025-10-10 11:55:05,533 [INFO] Época 8/30, Batch 300/3348, Loss: 0.4015
2025-10-10 11:55:05,738 [INFO] Época 8/30, Batch 350/3348, Loss: 0.4573
2025-10-10 11:55:05,902 [INFO] Época 8/30, Batch 400/3348, Loss: 0.3512
2025-10-10 11:55:06,148 [INFO] Época 8/30, Batch 450/3348, Loss: 0.2957
2025-10-10 11:55:06,393 [INFO] Época 8/30, Batch 500/3348, Loss: 0.4182
2025-10-10 11:55:06,640 [INFO] Época 8/30, Batch 550/3348, Loss: 0.3539
2025-10-10 11:55:06,858 [INFO] Época 8/30, Batch 600/3348, Loss: 0.4150
2025-10-10 11:55:07,062 [INFO] Época 8/30, Batch 650/3348, Loss: 0.4244
2025-10-10 11:55:07,269 [INFO] Época 8/30, Batch 700/3348, Loss: 0.3363
2025-10-10 11:55:07,475 [INFO] Época 8/30, Batch 750/3348, Loss: 0.2669
2025-10-10 11:55:07,684 [INFO] Época 8/30, Batch 800/3348, Loss: 0.2563
2025-10-10 11:55:07,889 [INFO] Época 8/30, Batch 850/3348, Loss: 0.5060
2025-10-10 11:55:08,097 [INFO] Época 8/30, Batch 900/3348, Loss: 0.3086
2025-10-10 11:55:08,319 [INFO] Época 8/30, Batch 950/3348, Loss: 0.3488
2025-10-10 11:55:08,526 [INFO] Época 8/30, Batch 1000/3348, Loss: 0.1644
2025-10-10 11:55:08,761 [INFO] Época 8/30, Batch 1050/3348, Loss: 0.4892
2025-10-10 11:55:08,977 [INFO] Época 8/30, Batch 1100/3348, Loss: 0.3700
2025-10-10 11:55:09,185 [INFO] Época 8/30, Batch 1150/3348, Loss: 0.3065
2025-10-10 11:55:09,389 [INFO] Época 8/30, Batch 1200/3348, Loss: 0.3322
2025-10-10 11:55:09,607 [INFO] Época 8/30, Batch 1250/3348, Loss: 0.4105
2025-10-10 11:55:09,831 [INFO] Época 8/30, Batch 1300/3348, Loss: 0.2747
2025-10-10 11:55:10,053 [INFO] Época 8/30, Batch 1350/3348, Loss: 0.4086
2025-10-10 11:55:10,261 [INFO] Época 8/30, Batch 1400/3348, Loss: 0.4439
2025-10-10 11:55:10,468 [INFO] Época 8/30, Batch 1450/3348, Loss: 0.4688
2025-10-10 11:55:10,713 [INFO] Época 8/30, Batch 1500/3348, Loss: 0.2797
2025-10-10 11:55:10,941 [INFO] Época 8/30, Batch 1550/3348, Loss: 0.3859
2025-10-10 11:55:11,166 [INFO] Época 8/30, Batch 1600/3348, Loss: 0.2486
2025-10-10 11:55:11,395 [INFO] Época 8/30, Batch 1650/3348, Loss: 0.2454
2025-10-10 11:55:11,643 [INFO] Época 8/30, Batch 1700/3348, Loss: 0.3663
2025-10-10 11:55:11,877 [INFO] Época 8/30, Batch 1750/3348, Loss: 0.4053
2025-10-10 11:55:12,101 [INFO] Época 8/30, Batch 1800/3348, Loss: 0.2884
2025-10-10 11:55:12,314 [INFO] Época 8/30, Batch 1850/3348, Loss: 0.4764
2025-10-10 11:55:12,540 [INFO] Época 8/30, Batch 1900/3348, Loss: 0.3047
2025-10-10 11:55:12,744 [INFO] Época 8/30, Batch 1950/3348, Loss: 0.3754
2025-10-10 11:55:12,975 [INFO] Época 8/30, Batch 2000/3348, Loss: 0.2639
2025-10-10 11:55:13,190 [INFO] Época 8/30, Batch 2050/3348, Loss: 0.3559
2025-10-10 11:55:13,422 [INFO] Época 8/30, Batch 2100/3348, Loss: 0.4682
2025-10-10 11:55:13,643 [INFO] Época 8/30, Batch 2150/3348, Loss: 0.5220
2025-10-10 11:55:13,841 [INFO] Época 8/30, Batch 2200/3348, Loss: 0.4720
2025-10-10 11:55:14,037 [INFO] Época 8/30, Batch 2250/3348, Loss: 0.2609
2025-10-10 11:55:14,252 [INFO] Época 8/30, Batch 2300/3348, Loss: 0.4424
2025-10-10 11:55:14,462 [INFO] Época 8/30, Batch 2350/3348, Loss: 0.2649
2025-10-10 11:55:14,662 [INFO] Época 8/30, Batch 2400/3348, Loss: 0.3397
2025-10-10 11:55:14,889 [INFO] Época 8/30, Batch 2450/3348, Loss: 0.3573
2025-10-10 11:55:15,105 [INFO] Época 8/30, Batch 2500/3348, Loss: 0.2497
2025-10-10 11:55:15,322 [INFO] Época 8/30, Batch 2550/3348, Loss: 0.4200
2025-10-10 11:55:15,560 [INFO] Época 8/30, Batch 2600/3348, Loss: 0.4177
2025-10-10 11:55:15,776 [INFO] Época 8/30, Batch 2650/3348, Loss: 0.4929
2025-10-10 11:55:15,988 [INFO] Época 8/30, Batch 2700/3348, Loss: 0.3241
2025-10-10 11:55:16,200 [INFO] Época 8/30, Batch 2750/3348, Loss: 0.5596
2025-10-10 11:55:16,411 [INFO] Época 8/30, Batch 2800/3348, Loss: 0.2320
2025-10-10 11:55:16,623 [INFO] Época 8/30, Batch 2850/3348, Loss: 0.4265
2025-10-10 11:55:16,834 [INFO] Época 8/30, Batch 2900/3348, Loss: 0.3326
2025-10-10 11:55:17,044 [INFO] Época 8/30, Batch 2950/3348, Loss: 0.3136
2025-10-10 11:55:17,267 [INFO] Época 8/30, Batch 3000/3348, Loss: 0.3392
2025-10-10 11:55:17,477 [INFO] Época 8/30, Batch 3050/3348, Loss: 0.2285
2025-10-10 11:55:17,643 [INFO] Época 8/30, Batch 3100/3348, Loss: 0.1849
2025-10-10 11:55:17,787 [INFO] Época 8/30, Batch 3150/3348, Loss: 0.2616
2025-10-10 11:55:17,941 [INFO] Época 8/30, Batch 3200/3348, Loss: 0.3060
2025-10-10 11:55:18,151 [INFO] Época 8/30, Batch 3250/3348, Loss: 0.4811
2025-10-10 11:55:18,362 [INFO] Época 8/30, Batch 3300/3348, Loss: 0.1721
2025-10-10 11:55:20,150 [INFO] [8/30] Train Loss: 0.3746 | Val Loss: 0.2564 | Tempo: 16.19s
2025-10-10 11:55:20,154 [INFO] Melhor modelo salvo em: /mnt/hdd/home/jdurao/ToolBox-ChemXAI/models/mlp_qm9_EState_att13_large.pth
2025-10-10 11:55:20,615 [INFO] Época 9/30, Batch 50/3348, Loss: 0.3640
2025-10-10 11:55:20,870 [INFO] Época 9/30, Batch 100/3348, Loss: 0.4593
2025-10-10 11:55:21,088 [INFO] Época 9/30, Batch 150/3348, Loss: 0.3787
2025-10-10 11:55:21,305 [INFO] Época 9/30, Batch 200/3348, Loss: 0.1424
2025-10-10 11:55:21,543 [INFO] Época 9/30, Batch 250/3348, Loss: 0.3860
2025-10-10 11:55:21,776 [INFO] Época 9/30, Batch 300/3348, Loss: 0.2960
2025-10-10 11:55:21,988 [INFO] Época 9/30, Batch 350/3348, Loss: 0.3251
2025-10-10 11:55:22,198 [INFO] Época 9/30, Batch 400/3348, Loss: 0.3945
2025-10-10 11:55:22,410 [INFO] Época 9/30, Batch 450/3348, Loss: 0.3833
2025-10-10 11:55:22,630 [INFO] Época 9/30, Batch 500/3348, Loss: 0.4655
2025-10-10 11:55:22,854 [INFO] Época 9/30, Batch 550/3348, Loss: 0.3113
2025-10-10 11:55:23,089 [INFO] Época 9/30, Batch 600/3348, Loss: 0.3653
2025-10-10 11:55:23,315 [INFO] Época 9/30, Batch 650/3348, Loss: 0.2552
2025-10-10 11:55:23,540 [INFO] Época 9/30, Batch 700/3348, Loss: 0.3783
2025-10-10 11:55:23,771 [INFO] Época 9/30, Batch 750/3348, Loss: 0.3365
2025-10-10 11:55:23,989 [INFO] Época 9/30, Batch 800/3348, Loss: 0.3545
2025-10-10 11:55:24,202 [INFO] Época 9/30, Batch 850/3348, Loss: 0.2857
2025-10-10 11:55:24,414 [INFO] Época 9/30, Batch 900/3348, Loss: 0.5112
2025-10-10 11:55:24,627 [INFO] Época 9/30, Batch 950/3348, Loss: 0.4926
2025-10-10 11:55:24,840 [INFO] Época 9/30, Batch 1000/3348, Loss: 0.3152
2025-10-10 11:55:25,059 [INFO] Época 9/30, Batch 1050/3348, Loss: 0.2973
2025-10-10 11:55:25,294 [INFO] Época 9/30, Batch 1100/3348, Loss: 0.2179
2025-10-10 11:55:25,531 [INFO] Época 9/30, Batch 1150/3348, Loss: 0.2643
2025-10-10 11:55:25,769 [INFO] Época 9/30, Batch 1200/3348, Loss: 0.3319
2025-10-10 11:55:26,007 [INFO] Época 9/30, Batch 1250/3348, Loss: 0.4590
2025-10-10 11:55:26,218 [INFO] Época 9/30, Batch 1300/3348, Loss: 0.5066
2025-10-10 11:55:26,429 [INFO] Época 9/30, Batch 1350/3348, Loss: 0.2773
2025-10-10 11:55:26,680 [INFO] Época 9/30, Batch 1400/3348, Loss: 0.2310
2025-10-10 11:55:26,925 [INFO] Época 9/30, Batch 1450/3348, Loss: 0.4253
2025-10-10 11:55:27,152 [INFO] Época 9/30, Batch 1500/3348, Loss: 0.2448
2025-10-10 11:55:27,382 [INFO] Época 9/30, Batch 1550/3348, Loss: 0.4371
2025-10-10 11:55:27,621 [INFO] Época 9/30, Batch 1600/3348, Loss: 0.3343
2025-10-10 11:55:27,852 [INFO] Época 9/30, Batch 1650/3348, Loss: 0.4481
2025-10-10 11:55:28,088 [INFO] Época 9/30, Batch 1700/3348, Loss: 0.3014
2025-10-10 11:55:28,339 [INFO] Época 9/30, Batch 1750/3348, Loss: 0.4244
2025-10-10 11:55:28,585 [INFO] Época 9/30, Batch 1800/3348, Loss: 0.2847
2025-10-10 11:55:28,801 [INFO] Época 9/30, Batch 1850/3348, Loss: 0.3326
2025-10-10 11:55:29,034 [INFO] Época 9/30, Batch 1900/3348, Loss: 0.3300
2025-10-10 11:55:29,262 [INFO] Época 9/30, Batch 1950/3348, Loss: 0.2726
2025-10-10 11:55:29,472 [INFO] Época 9/30, Batch 2000/3348, Loss: 0.2369
2025-10-10 11:55:29,701 [INFO] Época 9/30, Batch 2050/3348, Loss: 0.4037
2025-10-10 11:55:29,898 [INFO] Época 9/30, Batch 2100/3348, Loss: 0.4121
2025-10-10 11:55:30,138 [INFO] Época 9/30, Batch 2150/3348, Loss: 0.2638
2025-10-10 11:55:30,382 [INFO] Época 9/30, Batch 2200/3348, Loss: 0.3434
2025-10-10 11:55:30,608 [INFO] Época 9/30, Batch 2250/3348, Loss: 0.3074
2025-10-10 11:55:30,840 [INFO] Época 9/30, Batch 2300/3348, Loss: 0.5322
2025-10-10 11:55:31,084 [INFO] Época 9/30, Batch 2350/3348, Loss: 0.5114
2025-10-10 11:55:31,315 [INFO] Época 9/30, Batch 2400/3348, Loss: 0.3128
2025-10-10 11:55:31,535 [INFO] Época 9/30, Batch 2450/3348, Loss: 0.2688
2025-10-10 11:55:31,760 [INFO] Época 9/30, Batch 2500/3348, Loss: 0.2687
2025-10-10 11:55:31,985 [INFO] Época 9/30, Batch 2550/3348, Loss: 0.1734
2025-10-10 11:55:32,198 [INFO] Época 9/30, Batch 2600/3348, Loss: 0.3542
2025-10-10 11:55:32,416 [INFO] Época 9/30, Batch 2650/3348, Loss: 0.3389
2025-10-10 11:55:32,591 [INFO] Época 9/30, Batch 2700/3348, Loss: 0.2214
2025-10-10 11:55:32,833 [INFO] Época 9/30, Batch 2750/3348, Loss: 0.4381
2025-10-10 11:55:33,048 [INFO] Época 9/30, Batch 2800/3348, Loss: 0.4653
2025-10-10 11:55:33,262 [INFO] Época 9/30, Batch 2850/3348, Loss: 0.4561
2025-10-10 11:55:33,477 [INFO] Época 9/30, Batch 2900/3348, Loss: 0.4001
2025-10-10 11:55:33,688 [INFO] Época 9/30, Batch 2950/3348, Loss: 0.4182
2025-10-10 11:55:33,899 [INFO] Época 9/30, Batch 3000/3348, Loss: 0.3586
2025-10-10 11:55:34,109 [INFO] Época 9/30, Batch 3050/3348, Loss: 0.5370
2025-10-10 11:55:34,319 [INFO] Época 9/30, Batch 3100/3348, Loss: 0.3359
2025-10-10 11:55:34,528 [INFO] Época 9/30, Batch 3150/3348, Loss: 0.2852
2025-10-10 11:55:34,739 [INFO] Época 9/30, Batch 3200/3348, Loss: 0.4572
2025-10-10 11:55:34,947 [INFO] Época 9/30, Batch 3250/3348, Loss: 0.3944
2025-10-10 11:55:35,158 [INFO] Época 9/30, Batch 3300/3348, Loss: 0.4357
2025-10-10 11:55:36,841 [INFO] [9/30] Train Loss: 0.3732 | Val Loss: 0.2641 | Tempo: 16.69s
2025-10-10 11:55:37,326 [INFO] Época 10/30, Batch 50/3348, Loss: 0.3914
2025-10-10 11:55:37,546 [INFO] Época 10/30, Batch 100/3348, Loss: 0.3565
2025-10-10 11:55:37,757 [INFO] Época 10/30, Batch 150/3348, Loss: 0.3233
2025-10-10 11:55:37,968 [INFO] Época 10/30, Batch 200/3348, Loss: 0.3290
2025-10-10 11:55:38,177 [INFO] Época 10/30, Batch 250/3348, Loss: 0.3539
2025-10-10 11:55:38,381 [INFO] Época 10/30, Batch 300/3348, Loss: 0.2321
2025-10-10 11:55:38,527 [INFO] Época 10/30, Batch 350/3348, Loss: 0.3569
2025-10-10 11:55:38,678 [INFO] Época 10/30, Batch 400/3348, Loss: 0.2713
2025-10-10 11:55:38,907 [INFO] Época 10/30, Batch 450/3348, Loss: 0.2745
2025-10-10 11:55:39,117 [INFO] Época 10/30, Batch 500/3348, Loss: 0.4477
2025-10-10 11:55:39,327 [INFO] Época 10/30, Batch 550/3348, Loss: 0.4029
2025-10-10 11:55:39,538 [INFO] Época 10/30, Batch 600/3348, Loss: 0.5365
2025-10-10 11:55:39,748 [INFO] Época 10/30, Batch 650/3348, Loss: 0.4946
2025-10-10 11:55:39,960 [INFO] Época 10/30, Batch 700/3348, Loss: 0.2727
2025-10-10 11:55:40,180 [INFO] Época 10/30, Batch 750/3348, Loss: 0.5044
2025-10-10 11:55:40,391 [INFO] Época 10/30, Batch 800/3348, Loss: 0.4802
2025-10-10 11:55:40,601 [INFO] Época 10/30, Batch 850/3348, Loss: 0.3752
2025-10-10 11:55:40,812 [INFO] Época 10/30, Batch 900/3348, Loss: 0.2215
2025-10-10 11:55:41,024 [INFO] Época 10/30, Batch 950/3348, Loss: 0.6260
2025-10-10 11:55:41,235 [INFO] Época 10/30, Batch 1000/3348, Loss: 0.3690
2025-10-10 11:55:41,418 [INFO] Época 10/30, Batch 1050/3348, Loss: 0.3589
2025-10-10 11:55:41,563 [INFO] Época 10/30, Batch 1100/3348, Loss: 0.3846
2025-10-10 11:55:41,721 [INFO] Época 10/30, Batch 1150/3348, Loss: 0.3916
2025-10-10 11:55:41,949 [INFO] Época 10/30, Batch 1200/3348, Loss: 0.4066
2025-10-10 11:55:42,185 [INFO] Época 10/30, Batch 1250/3348, Loss: 0.3584
2025-10-10 11:55:42,399 [INFO] Época 10/30, Batch 1300/3348, Loss: 0.3506
2025-10-10 11:55:42,609 [INFO] Época 10/30, Batch 1350/3348, Loss: 0.1868
2025-10-10 11:55:42,821 [INFO] Época 10/30, Batch 1400/3348, Loss: 0.3442
2025-10-10 11:55:43,031 [INFO] Época 10/30, Batch 1450/3348, Loss: 0.3343
2025-10-10 11:55:43,288 [INFO] Época 10/30, Batch 1500/3348, Loss: 0.2252
2025-10-10 11:55:43,550 [INFO] Época 10/30, Batch 1550/3348, Loss: 0.3422
2025-10-10 11:55:43,793 [INFO] Época 10/30, Batch 1600/3348, Loss: 0.2920
2025-10-10 11:55:44,003 [INFO] Época 10/30, Batch 1650/3348, Loss: 0.4359
2025-10-10 11:55:44,264 [INFO] Época 10/30, Batch 1700/3348, Loss: 0.3106
2025-10-10 11:55:44,492 [INFO] Época 10/30, Batch 1750/3348, Loss: 0.3870
2025-10-10 11:55:44,657 [INFO] Época 10/30, Batch 1800/3348, Loss: 0.3377
2025-10-10 11:55:44,865 [INFO] Época 10/30, Batch 1850/3348, Loss: 0.3241
2025-10-10 11:55:45,077 [INFO] Época 10/30, Batch 1900/3348, Loss: 0.4228
2025-10-10 11:55:45,305 [INFO] Época 10/30, Batch 1950/3348, Loss: 0.3748
2025-10-10 11:55:45,548 [INFO] Época 10/30, Batch 2000/3348, Loss: 0.3091
2025-10-10 11:55:45,792 [INFO] Época 10/30, Batch 2050/3348, Loss: 0.3719
2025-10-10 11:55:46,033 [INFO] Época 10/30, Batch 2100/3348, Loss: 0.3522
2025-10-10 11:55:46,269 [INFO] Época 10/30, Batch 2150/3348, Loss: 0.4131
2025-10-10 11:55:46,509 [INFO] Época 10/30, Batch 2200/3348, Loss: 0.3416
2025-10-10 11:55:46,771 [INFO] Época 10/30, Batch 2250/3348, Loss: 0.3189
2025-10-10 11:55:47,013 [INFO] Época 10/30, Batch 2300/3348, Loss: 0.5491
2025-10-10 11:55:47,222 [INFO] Época 10/30, Batch 2350/3348, Loss: 0.4598
2025-10-10 11:55:47,415 [INFO] Época 10/30, Batch 2400/3348, Loss: 0.2934
2025-10-10 11:55:47,588 [INFO] Época 10/30, Batch 2450/3348, Loss: 0.3415
2025-10-10 11:55:47,729 [INFO] Época 10/30, Batch 2500/3348, Loss: 0.3065
2025-10-10 11:55:47,869 [INFO] Época 10/30, Batch 2550/3348, Loss: 0.1871
2025-10-10 11:55:48,046 [INFO] Época 10/30, Batch 2600/3348, Loss: 0.2906
2025-10-10 11:55:48,219 [INFO] Época 10/30, Batch 2650/3348, Loss: 0.4002
2025-10-10 11:55:48,388 [INFO] Época 10/30, Batch 2700/3348, Loss: 0.4283
2025-10-10 11:55:48,564 [INFO] Época 10/30, Batch 2750/3348, Loss: 0.3397
2025-10-10 11:55:48,737 [INFO] Época 10/30, Batch 2800/3348, Loss: 0.3933
2025-10-10 11:55:48,907 [INFO] Época 10/30, Batch 2850/3348, Loss: 0.2443
2025-10-10 11:55:49,080 [INFO] Época 10/30, Batch 2900/3348, Loss: 0.3714
2025-10-10 11:55:49,251 [INFO] Época 10/30, Batch 2950/3348, Loss: 0.3525
2025-10-10 11:55:49,420 [INFO] Época 10/30, Batch 3000/3348, Loss: 0.3494
2025-10-10 11:55:49,593 [INFO] Época 10/30, Batch 3050/3348, Loss: 0.3121
2025-10-10 11:55:49,766 [INFO] Época 10/30, Batch 3100/3348, Loss: 0.4588
2025-10-10 11:55:49,937 [INFO] Época 10/30, Batch 3150/3348, Loss: 0.3754
2025-10-10 11:55:50,110 [INFO] Época 10/30, Batch 3200/3348, Loss: 0.3475
2025-10-10 11:55:50,281 [INFO] Época 10/30, Batch 3250/3348, Loss: 0.2961
2025-10-10 11:55:50,456 [INFO] Época 10/30, Batch 3300/3348, Loss: 0.3859
2025-10-10 11:55:52,017 [INFO] [10/30] Train Loss: 0.3720 | Val Loss: 0.2601 | Tempo: 15.18s
2025-10-10 11:55:52,518 [INFO] Época 11/30, Batch 50/3348, Loss: 0.3994
2025-10-10 11:55:52,770 [INFO] Época 11/30, Batch 100/3348, Loss: 0.3328
2025-10-10 11:55:52,979 [INFO] Época 11/30, Batch 150/3348, Loss: 0.3905
2025-10-10 11:55:53,151 [INFO] Época 11/30, Batch 200/3348, Loss: 0.2789
2025-10-10 11:55:53,323 [INFO] Época 11/30, Batch 250/3348, Loss: 0.3783
2025-10-10 11:55:53,489 [INFO] Época 11/30, Batch 300/3348, Loss: 0.4447
2025-10-10 11:55:53,659 [INFO] Época 11/30, Batch 350/3348, Loss: 0.3713
2025-10-10 11:55:53,845 [INFO] Época 11/30, Batch 400/3348, Loss: 0.2253
2025-10-10 11:55:54,057 [INFO] Época 11/30, Batch 450/3348, Loss: 0.3042
2025-10-10 11:55:54,217 [INFO] Época 11/30, Batch 500/3348, Loss: 0.2184
2025-10-10 11:55:54,385 [INFO] Época 11/30, Batch 550/3348, Loss: 0.3653
2025-10-10 11:55:54,549 [INFO] Época 11/30, Batch 600/3348, Loss: 0.2567
2025-10-10 11:55:54,714 [INFO] Época 11/30, Batch 650/3348, Loss: 0.4576
2025-10-10 11:55:54,859 [INFO] Época 11/30, Batch 700/3348, Loss: 0.2898
2025-10-10 11:55:55,002 [INFO] Época 11/30, Batch 750/3348, Loss: 0.2876
2025-10-10 11:55:55,161 [INFO] Época 11/30, Batch 800/3348, Loss: 0.2219
2025-10-10 11:55:55,329 [INFO] Época 11/30, Batch 850/3348, Loss: 0.4048
2025-10-10 11:55:55,497 [INFO] Época 11/30, Batch 900/3348, Loss: 0.2574
2025-10-10 11:55:55,666 [INFO] Época 11/30, Batch 950/3348, Loss: 0.3422
2025-10-10 11:55:55,833 [INFO] Época 11/30, Batch 1000/3348, Loss: 0.4097
2025-10-10 11:55:56,001 [INFO] Época 11/30, Batch 1050/3348, Loss: 0.3947
2025-10-10 11:55:56,169 [INFO] Época 11/30, Batch 1100/3348, Loss: 0.2521
2025-10-10 11:55:56,333 [INFO] Época 11/30, Batch 1150/3348, Loss: 0.3083
2025-10-10 11:55:56,501 [INFO] Época 11/30, Batch 1200/3348, Loss: 0.3510
2025-10-10 11:55:56,669 [INFO] Época 11/30, Batch 1250/3348, Loss: 0.1625
2025-10-10 11:55:56,838 [INFO] Época 11/30, Batch 1300/3348, Loss: 0.1699
2025-10-10 11:55:57,007 [INFO] Época 11/30, Batch 1350/3348, Loss: 0.5137
2025-10-10 11:55:57,170 [INFO] Época 11/30, Batch 1400/3348, Loss: 0.4849
2025-10-10 11:55:57,338 [INFO] Época 11/30, Batch 1450/3348, Loss: 0.3021
2025-10-10 11:55:57,506 [INFO] Época 11/30, Batch 1500/3348, Loss: 0.2823
2025-10-10 11:55:57,674 [INFO] Época 11/30, Batch 1550/3348, Loss: 0.3172
2025-10-10 11:55:57,842 [INFO] Época 11/30, Batch 1600/3348, Loss: 0.1810
2025-10-10 11:55:58,010 [INFO] Época 11/30, Batch 1650/3348, Loss: 0.4827
2025-10-10 11:55:58,175 [INFO] Época 11/30, Batch 1700/3348, Loss: 0.4438
2025-10-10 11:55:58,319 [INFO] Época 11/30, Batch 1750/3348, Loss: 0.3171
2025-10-10 11:55:58,462 [INFO] Época 11/30, Batch 1800/3348, Loss: 0.4069
2025-10-10 11:55:58,620 [INFO] Época 11/30, Batch 1850/3348, Loss: 0.4178
2025-10-10 11:55:58,787 [INFO] Época 11/30, Batch 1900/3348, Loss: 0.2746
2025-10-10 11:55:58,954 [INFO] Época 11/30, Batch 1950/3348, Loss: 0.2861
2025-10-10 11:55:59,118 [INFO] Época 11/30, Batch 2000/3348, Loss: 0.2886
2025-10-10 11:55:59,285 [INFO] Época 11/30, Batch 2050/3348, Loss: 0.4440
2025-10-10 11:55:59,451 [INFO] Época 11/30, Batch 2100/3348, Loss: 0.4379
2025-10-10 11:55:59,618 [INFO] Época 11/30, Batch 2150/3348, Loss: 0.3733
2025-10-10 11:55:59,787 [INFO] Época 11/30, Batch 2200/3348, Loss: 0.3827
2025-10-10 11:55:59,955 [INFO] Época 11/30, Batch 2250/3348, Loss: 0.3286
2025-10-10 11:56:00,127 [INFO] Época 11/30, Batch 2300/3348, Loss: 0.4743
2025-10-10 11:56:00,294 [INFO] Época 11/30, Batch 2350/3348, Loss: 0.4587
2025-10-10 11:56:00,463 [INFO] Época 11/30, Batch 2400/3348, Loss: 0.3955
2025-10-10 11:56:00,630 [INFO] Época 11/30, Batch 2450/3348, Loss: 0.4175
2025-10-10 11:56:00,792 [INFO] Época 11/30, Batch 2500/3348, Loss: 0.4597
2025-10-10 11:56:00,958 [INFO] Época 11/30, Batch 2550/3348, Loss: 0.2865
2025-10-10 11:56:01,128 [INFO] Época 11/30, Batch 2600/3348, Loss: 0.3456
2025-10-10 11:56:01,293 [INFO] Época 11/30, Batch 2650/3348, Loss: 0.3100
2025-10-10 11:56:01,461 [INFO] Época 11/30, Batch 2700/3348, Loss: 0.4960
2025-10-10 11:56:01,626 [INFO] Época 11/30, Batch 2750/3348, Loss: 0.3768
2025-10-10 11:56:01,778 [INFO] Época 11/30, Batch 2800/3348, Loss: 0.4672
2025-10-10 11:56:01,922 [INFO] Época 11/30, Batch 2850/3348, Loss: 0.2845
2025-10-10 11:56:02,070 [INFO] Época 11/30, Batch 2900/3348, Loss: 0.2806
2025-10-10 11:56:02,244 [INFO] Época 11/30, Batch 2950/3348, Loss: 0.4692
2025-10-10 11:56:02,411 [INFO] Época 11/30, Batch 3000/3348, Loss: 0.3513
2025-10-10 11:56:02,578 [INFO] Época 11/30, Batch 3050/3348, Loss: 0.3970
2025-10-10 11:56:02,746 [INFO] Época 11/30, Batch 3100/3348, Loss: 0.4555
2025-10-10 11:56:02,919 [INFO] Época 11/30, Batch 3150/3348, Loss: 0.1854
2025-10-10 11:56:03,096 [INFO] Época 11/30, Batch 3200/3348, Loss: 0.4239
2025-10-10 11:56:03,305 [INFO] Época 11/30, Batch 3250/3348, Loss: 0.5759
2025-10-10 11:56:03,530 [INFO] Época 11/30, Batch 3300/3348, Loss: 0.3133
2025-10-10 11:56:04,990 [INFO] [11/30] Train Loss: 0.3709 | Val Loss: 0.2749 | Tempo: 12.97s
2025-10-10 11:56:05,496 [INFO] Época 12/30, Batch 50/3348, Loss: 0.2806
2025-10-10 11:56:05,741 [INFO] Época 12/30, Batch 100/3348, Loss: 0.3746
2025-10-10 11:56:05,978 [INFO] Época 12/30, Batch 150/3348, Loss: 0.3487
2025-10-10 11:56:06,179 [INFO] Época 12/30, Batch 200/3348, Loss: 0.4191
2025-10-10 11:56:06,360 [INFO] Época 12/30, Batch 250/3348, Loss: 0.3057
2025-10-10 11:56:06,557 [INFO] Época 12/30, Batch 300/3348, Loss: 0.3091
2025-10-10 11:56:06,747 [INFO] Época 12/30, Batch 350/3348, Loss: 0.4234
2025-10-10 11:56:06,927 [INFO] Época 12/30, Batch 400/3348, Loss: 0.4993
2025-10-10 11:56:07,154 [INFO] Época 12/30, Batch 450/3348, Loss: 0.5106
2025-10-10 11:56:07,401 [INFO] Época 12/30, Batch 500/3348, Loss: 0.3221
2025-10-10 11:56:07,643 [INFO] Época 12/30, Batch 550/3348, Loss: 0.4080
2025-10-10 11:56:07,896 [INFO] Época 12/30, Batch 600/3348, Loss: 0.3989
2025-10-10 11:56:08,126 [INFO] Época 12/30, Batch 650/3348, Loss: 0.2943
2025-10-10 11:56:08,311 [INFO] Época 12/30, Batch 700/3348, Loss: 0.2482
2025-10-10 11:56:08,527 [INFO] Época 12/30, Batch 750/3348, Loss: 0.4309
2025-10-10 11:56:08,716 [INFO] Época 12/30, Batch 800/3348, Loss: 0.3806
2025-10-10 11:56:08,900 [INFO] Época 12/30, Batch 850/3348, Loss: 0.1833
2025-10-10 11:56:09,115 [INFO] Época 12/30, Batch 900/3348, Loss: 0.2036
2025-10-10 11:56:09,338 [INFO] Época 12/30, Batch 950/3348, Loss: 0.2788
2025-10-10 11:56:09,590 [INFO] Época 12/30, Batch 1000/3348, Loss: 0.2995
2025-10-10 11:56:09,829 [INFO] Época 12/30, Batch 1050/3348, Loss: 0.4126
2025-10-10 11:56:10,072 [INFO] Época 12/30, Batch 1100/3348, Loss: 0.4183
2025-10-10 11:56:10,331 [INFO] Época 12/30, Batch 1150/3348, Loss: 0.3981
2025-10-10 11:56:10,605 [INFO] Época 12/30, Batch 1200/3348, Loss: 0.3429
2025-10-10 11:56:10,866 [INFO] Época 12/30, Batch 1250/3348, Loss: 0.4723
2025-10-10 11:56:11,073 [INFO] Época 12/30, Batch 1300/3348, Loss: 0.3215
2025-10-10 11:56:11,288 [INFO] Época 12/30, Batch 1350/3348, Loss: 0.4019
2025-10-10 11:56:11,504 [INFO] Época 12/30, Batch 1400/3348, Loss: 0.5118
2025-10-10 11:56:11,717 [INFO] Época 12/30, Batch 1450/3348, Loss: 0.3828
2025-10-10 11:56:11,930 [INFO] Época 12/30, Batch 1500/3348, Loss: 0.3595
2025-10-10 11:56:12,156 [INFO] Época 12/30, Batch 1550/3348, Loss: 0.3885
2025-10-10 11:56:12,407 [INFO] Época 12/30, Batch 1600/3348, Loss: 0.2720
2025-10-10 11:56:12,661 [INFO] Época 12/30, Batch 1650/3348, Loss: 0.6389
2025-10-10 11:56:12,913 [INFO] Época 12/30, Batch 1700/3348, Loss: 0.4357
2025-10-10 11:56:13,150 [INFO] Época 12/30, Batch 1750/3348, Loss: 0.4083
2025-10-10 11:56:13,387 [INFO] Época 12/30, Batch 1800/3348, Loss: 0.3092
2025-10-10 11:56:13,600 [INFO] Época 12/30, Batch 1850/3348, Loss: 0.3499
2025-10-10 11:56:13,814 [INFO] Época 12/30, Batch 1900/3348, Loss: 0.2318
2025-10-10 11:56:14,028 [INFO] Época 12/30, Batch 1950/3348, Loss: 0.2616
2025-10-10 11:56:14,242 [INFO] Época 12/30, Batch 2000/3348, Loss: 0.3727
2025-10-10 11:56:14,455 [INFO] Época 12/30, Batch 2050/3348, Loss: 0.3139
2025-10-10 11:56:14,669 [INFO] Época 12/30, Batch 2100/3348, Loss: 0.2546
2025-10-10 11:56:14,882 [INFO] Época 12/30, Batch 2150/3348, Loss: 0.4907
2025-10-10 11:56:15,095 [INFO] Época 12/30, Batch 2200/3348, Loss: 0.3652
2025-10-10 11:56:15,315 [INFO] Época 12/30, Batch 2250/3348, Loss: 0.4978
2025-10-10 11:56:15,542 [INFO] Época 12/30, Batch 2300/3348, Loss: 0.3522
2025-10-10 11:56:15,756 [INFO] Época 12/30, Batch 2350/3348, Loss: 0.4092
2025-10-10 11:56:15,969 [INFO] Época 12/30, Batch 2400/3348, Loss: 0.5364
2025-10-10 11:56:16,184 [INFO] Época 12/30, Batch 2450/3348, Loss: 0.5888
2025-10-10 11:56:16,397 [INFO] Época 12/30, Batch 2500/3348, Loss: 0.3169
2025-10-10 11:56:16,611 [INFO] Época 12/30, Batch 2550/3348, Loss: 0.3113
2025-10-10 11:56:16,824 [INFO] Época 12/30, Batch 2600/3348, Loss: 0.3929
2025-10-10 11:56:17,037 [INFO] Época 12/30, Batch 2650/3348, Loss: 0.3827
2025-10-10 11:56:17,250 [INFO] Época 12/30, Batch 2700/3348, Loss: 0.4920
2025-10-10 11:56:17,470 [INFO] Época 12/30, Batch 2750/3348, Loss: 0.3638
2025-10-10 11:56:17,698 [INFO] Época 12/30, Batch 2800/3348, Loss: 0.3295
2025-10-10 11:56:17,926 [INFO] Época 12/30, Batch 2850/3348, Loss: 0.3408
2025-10-10 11:56:18,155 [INFO] Época 12/30, Batch 2900/3348, Loss: 0.3874
2025-10-10 11:56:18,377 [INFO] Época 12/30, Batch 2950/3348, Loss: 0.4685
2025-10-10 11:56:18,583 [INFO] Época 12/30, Batch 3000/3348, Loss: 0.2870
2025-10-10 11:56:18,784 [INFO] Época 12/30, Batch 3050/3348, Loss: 0.2307
2025-10-10 11:56:19,006 [INFO] Época 12/30, Batch 3100/3348, Loss: 0.3790
2025-10-10 11:56:19,230 [INFO] Época 12/30, Batch 3150/3348, Loss: 0.2926
2025-10-10 11:56:19,455 [INFO] Época 12/30, Batch 3200/3348, Loss: 0.4668
2025-10-10 11:56:19,679 [INFO] Época 12/30, Batch 3250/3348, Loss: 0.2952
2025-10-10 11:56:19,904 [INFO] Época 12/30, Batch 3300/3348, Loss: 0.3078
2025-10-10 11:56:21,531 [INFO] [12/30] Train Loss: 0.3700 | Val Loss: 0.2609 | Tempo: 16.54s
2025-10-10 11:56:22,057 [INFO] Época 13/30, Batch 50/3348, Loss: 0.2029
2025-10-10 11:56:22,282 [INFO] Época 13/30, Batch 100/3348, Loss: 0.4073
2025-10-10 11:56:22,507 [INFO] Época 13/30, Batch 150/3348, Loss: 0.5415
2025-10-10 11:56:22,728 [INFO] Época 13/30, Batch 200/3348, Loss: 0.2090
2025-10-10 11:56:22,925 [INFO] Época 13/30, Batch 250/3348, Loss: 0.3646
2025-10-10 11:56:23,162 [INFO] Época 13/30, Batch 300/3348, Loss: 0.4400
2025-10-10 11:56:23,385 [INFO] Época 13/30, Batch 350/3348, Loss: 0.3100
2025-10-10 11:56:23,645 [INFO] Época 13/30, Batch 400/3348, Loss: 0.4841
2025-10-10 11:56:23,906 [INFO] Época 13/30, Batch 450/3348, Loss: 0.4410
2025-10-10 11:56:24,168 [INFO] Época 13/30, Batch 500/3348, Loss: 0.5366
2025-10-10 11:56:24,427 [INFO] Época 13/30, Batch 550/3348, Loss: 0.3611
2025-10-10 11:56:24,666 [INFO] Época 13/30, Batch 600/3348, Loss: 0.2862
2025-10-10 11:56:24,893 [INFO] Época 13/30, Batch 650/3348, Loss: 0.3475
2025-10-10 11:56:25,043 [INFO] Época 13/30, Batch 700/3348, Loss: 0.5443
2025-10-10 11:56:25,193 [INFO] Época 13/30, Batch 750/3348, Loss: 0.2493
2025-10-10 11:56:25,445 [INFO] Época 13/30, Batch 800/3348, Loss: 0.4077
2025-10-10 11:56:25,629 [INFO] Época 13/30, Batch 850/3348, Loss: 0.3525
2025-10-10 11:56:25,805 [INFO] Época 13/30, Batch 900/3348, Loss: 0.3584
2025-10-10 11:56:26,024 [INFO] Época 13/30, Batch 950/3348, Loss: 0.3307
2025-10-10 11:56:26,198 [INFO] Época 13/30, Batch 1000/3348, Loss: 0.3378
2025-10-10 11:56:26,373 [INFO] Época 13/30, Batch 1050/3348, Loss: 0.3100
2025-10-10 11:56:26,548 [INFO] Época 13/30, Batch 1100/3348, Loss: 0.4530
2025-10-10 11:56:26,723 [INFO] Época 13/30, Batch 1150/3348, Loss: 0.3017
2025-10-10 11:56:26,898 [INFO] Época 13/30, Batch 1200/3348, Loss: 0.4508
2025-10-10 11:56:27,073 [INFO] Época 13/30, Batch 1250/3348, Loss: 0.2761
2025-10-10 11:56:27,243 [INFO] Época 13/30, Batch 1300/3348, Loss: 0.3284
2025-10-10 11:56:27,402 [INFO] Época 13/30, Batch 1350/3348, Loss: 0.3069
2025-10-10 11:56:27,572 [INFO] Época 13/30, Batch 1400/3348, Loss: 0.2915
2025-10-10 11:56:27,735 [INFO] Época 13/30, Batch 1450/3348, Loss: 0.4141
2025-10-10 11:56:27,898 [INFO] Época 13/30, Batch 1500/3348, Loss: 0.2501
2025-10-10 11:56:28,069 [INFO] Época 13/30, Batch 1550/3348, Loss: 0.4135
2025-10-10 11:56:28,225 [INFO] Época 13/30, Batch 1600/3348, Loss: 0.4825
2025-10-10 11:56:28,388 [INFO] Época 13/30, Batch 1650/3348, Loss: 0.3893
2025-10-10 11:56:28,540 [INFO] Época 13/30, Batch 1700/3348, Loss: 0.4039
2025-10-10 11:56:28,678 [INFO] Época 13/30, Batch 1750/3348, Loss: 0.4019
2025-10-10 11:56:28,816 [INFO] Época 13/30, Batch 1800/3348, Loss: 0.4808
2025-10-10 11:56:28,977 [INFO] Época 13/30, Batch 1850/3348, Loss: 0.2705
2025-10-10 11:56:29,134 [INFO] Época 13/30, Batch 1900/3348, Loss: 0.4100
2025-10-10 11:56:29,299 [INFO] Época 13/30, Batch 1950/3348, Loss: 0.2832
2025-10-10 11:56:29,507 [INFO] Época 13/30, Batch 2000/3348, Loss: 0.4936
2025-10-10 11:56:29,753 [INFO] Época 13/30, Batch 2050/3348, Loss: 0.3594
2025-10-10 11:56:29,997 [INFO] Época 13/30, Batch 2100/3348, Loss: 0.5579
2025-10-10 11:56:30,256 [INFO] Época 13/30, Batch 2150/3348, Loss: 0.2032
2025-10-10 11:56:30,512 [INFO] Época 13/30, Batch 2200/3348, Loss: 0.3187
2025-10-10 11:56:30,751 [INFO] Época 13/30, Batch 2250/3348, Loss: 0.5384
2025-10-10 11:56:30,972 [INFO] Época 13/30, Batch 2300/3348, Loss: 0.3582
2025-10-10 11:56:31,219 [INFO] Época 13/30, Batch 2350/3348, Loss: 0.2554
2025-10-10 11:56:31,477 [INFO] Época 13/30, Batch 2400/3348, Loss: 0.3577
2025-10-10 11:56:31,730 [INFO] Época 13/30, Batch 2450/3348, Loss: 0.5065
2025-10-10 11:56:31,931 [INFO] Época 13/30, Batch 2500/3348, Loss: 0.2800
2025-10-10 11:56:32,158 [INFO] Época 13/30, Batch 2550/3348, Loss: 0.3026
2025-10-10 11:56:32,389 [INFO] Época 13/30, Batch 2600/3348, Loss: 0.4584
2025-10-10 11:56:32,612 [INFO] Época 13/30, Batch 2650/3348, Loss: 0.5603
2025-10-10 11:56:32,867 [INFO] Época 13/30, Batch 2700/3348, Loss: 0.3430
2025-10-10 11:56:33,041 [INFO] Época 13/30, Batch 2750/3348, Loss: 0.2645
2025-10-10 11:56:33,215 [INFO] Época 13/30, Batch 2800/3348, Loss: 0.4645
2025-10-10 11:56:33,389 [INFO] Época 13/30, Batch 2850/3348, Loss: 0.3687
2025-10-10 11:56:33,564 [INFO] Época 13/30, Batch 2900/3348, Loss: 0.2030
2025-10-10 11:56:33,738 [INFO] Época 13/30, Batch 2950/3348, Loss: 0.4471
2025-10-10 11:56:33,913 [INFO] Época 13/30, Batch 3000/3348, Loss: 0.4596
2025-10-10 11:56:34,087 [INFO] Época 13/30, Batch 3050/3348, Loss: 0.3600
2025-10-10 11:56:34,259 [INFO] Época 13/30, Batch 3100/3348, Loss: 0.3382
2025-10-10 11:56:34,467 [INFO] Época 13/30, Batch 3150/3348, Loss: 0.6788
2025-10-10 11:56:34,715 [INFO] Época 13/30, Batch 3200/3348, Loss: 0.2790
2025-10-10 11:56:34,969 [INFO] Época 13/30, Batch 3250/3348, Loss: 0.4231
2025-10-10 11:56:35,228 [INFO] Época 13/30, Batch 3300/3348, Loss: 0.2840
2025-10-10 11:56:36,633 [INFO] [13/30] Train Loss: 0.3693 | Val Loss: 0.2552 | Tempo: 15.10s
2025-10-10 11:56:36,637 [INFO] Melhor modelo salvo em: /mnt/hdd/home/jdurao/ToolBox-ChemXAI/models/mlp_qm9_EState_att13_large.pth
2025-10-10 11:56:37,119 [INFO] Época 14/30, Batch 50/3348, Loss: 0.2501
2025-10-10 11:56:37,330 [INFO] Época 14/30, Batch 100/3348, Loss: 0.4063
2025-10-10 11:56:37,540 [INFO] Época 14/30, Batch 150/3348, Loss: 0.4704
2025-10-10 11:56:37,751 [INFO] Época 14/30, Batch 200/3348, Loss: 0.2751
2025-10-10 11:56:37,968 [INFO] Época 14/30, Batch 250/3348, Loss: 0.4191
2025-10-10 11:56:38,184 [INFO] Época 14/30, Batch 300/3348, Loss: 0.2977
2025-10-10 11:56:38,401 [INFO] Época 14/30, Batch 350/3348, Loss: 0.4723
2025-10-10 11:56:38,609 [INFO] Época 14/30, Batch 400/3348, Loss: 0.5645
2025-10-10 11:56:38,822 [INFO] Época 14/30, Batch 450/3348, Loss: 0.4418
2025-10-10 11:56:39,047 [INFO] Época 14/30, Batch 500/3348, Loss: 0.2895
2025-10-10 11:56:39,267 [INFO] Época 14/30, Batch 550/3348, Loss: 0.4383
2025-10-10 11:56:39,481 [INFO] Época 14/30, Batch 600/3348, Loss: 0.2565
2025-10-10 11:56:39,700 [INFO] Época 14/30, Batch 650/3348, Loss: 0.3758
2025-10-10 11:56:39,908 [INFO] Época 14/30, Batch 700/3348, Loss: 0.2441
2025-10-10 11:56:40,121 [INFO] Época 14/30, Batch 750/3348, Loss: 0.2824
2025-10-10 11:56:40,334 [INFO] Época 14/30, Batch 800/3348, Loss: 0.2659
2025-10-10 11:56:40,547 [INFO] Época 14/30, Batch 850/3348, Loss: 0.3355
2025-10-10 11:56:40,763 [INFO] Época 14/30, Batch 900/3348, Loss: 0.3138
2025-10-10 11:56:40,981 [INFO] Época 14/30, Batch 950/3348, Loss: 0.6004
2025-10-10 11:56:41,199 [INFO] Época 14/30, Batch 1000/3348, Loss: 0.3404
2025-10-10 11:56:41,410 [INFO] Época 14/30, Batch 1050/3348, Loss: 0.3699
2025-10-10 11:56:41,622 [INFO] Época 14/30, Batch 1100/3348, Loss: 0.6018
2025-10-10 11:56:41,840 [INFO] Época 14/30, Batch 1150/3348, Loss: 0.2988
2025-10-10 11:56:42,064 [INFO] Época 14/30, Batch 1200/3348, Loss: 0.5278
2025-10-10 11:56:42,284 [INFO] Época 14/30, Batch 1250/3348, Loss: 0.4408
2025-10-10 11:56:42,495 [INFO] Época 14/30, Batch 1300/3348, Loss: 0.4697
2025-10-10 11:56:42,714 [INFO] Época 14/30, Batch 1350/3348, Loss: 0.3833
2025-10-10 11:56:42,928 [INFO] Época 14/30, Batch 1400/3348, Loss: 0.3105
2025-10-10 11:56:43,138 [INFO] Época 14/30, Batch 1450/3348, Loss: 0.3108
2025-10-10 11:56:43,350 [INFO] Época 14/30, Batch 1500/3348, Loss: 0.3214
2025-10-10 11:56:43,563 [INFO] Época 14/30, Batch 1550/3348, Loss: 0.3333
2025-10-10 11:56:43,773 [INFO] Época 14/30, Batch 1600/3348, Loss: 0.3396
2025-10-10 11:56:43,986 [INFO] Época 14/30, Batch 1650/3348, Loss: 0.5717
2025-10-10 11:56:44,197 [INFO] Época 14/30, Batch 1700/3348, Loss: 0.2695
2025-10-10 11:56:44,409 [INFO] Época 14/30, Batch 1750/3348, Loss: 0.3922
2025-10-10 11:56:44,625 [INFO] Época 14/30, Batch 1800/3348, Loss: 0.5095
2025-10-10 11:56:44,824 [INFO] Época 14/30, Batch 1850/3348, Loss: 0.3386
2025-10-10 11:56:44,968 [INFO] Época 14/30, Batch 1900/3348, Loss: 0.2850
2025-10-10 11:56:45,115 [INFO] Época 14/30, Batch 1950/3348, Loss: 0.2781
2025-10-10 11:56:45,314 [INFO] Época 14/30, Batch 2000/3348, Loss: 0.3157
2025-10-10 11:56:45,525 [INFO] Época 14/30, Batch 2050/3348, Loss: 0.3914
2025-10-10 11:56:45,736 [INFO] Época 14/30, Batch 2100/3348, Loss: 0.5120
2025-10-10 11:56:45,946 [INFO] Época 14/30, Batch 2150/3348, Loss: 0.3322
2025-10-10 11:56:46,155 [INFO] Época 14/30, Batch 2200/3348, Loss: 0.4245
2025-10-10 11:56:46,365 [INFO] Época 14/30, Batch 2250/3348, Loss: 0.2394
2025-10-10 11:56:46,576 [INFO] Época 14/30, Batch 2300/3348, Loss: 0.4909
2025-10-10 11:56:46,786 [INFO] Época 14/30, Batch 2350/3348, Loss: 0.3057
2025-10-10 11:56:46,997 [INFO] Época 14/30, Batch 2400/3348, Loss: 0.2950
2025-10-10 11:56:47,207 [INFO] Época 14/30, Batch 2450/3348, Loss: 0.5850
2025-10-10 11:56:47,417 [INFO] Época 14/30, Batch 2500/3348, Loss: 0.1936
2025-10-10 11:56:47,626 [INFO] Época 14/30, Batch 2550/3348, Loss: 0.2764
2025-10-10 11:56:47,817 [INFO] Época 14/30, Batch 2600/3348, Loss: 0.6342
2025-10-10 11:56:47,962 [INFO] Época 14/30, Batch 2650/3348, Loss: 0.3139
2025-10-10 11:56:48,109 [INFO] Época 14/30, Batch 2700/3348, Loss: 0.2065
2025-10-10 11:56:48,303 [INFO] Época 14/30, Batch 2750/3348, Loss: 0.5216
2025-10-10 11:56:48,476 [INFO] Época 14/30, Batch 2800/3348, Loss: 0.5140
2025-10-10 11:56:48,619 [INFO] Época 14/30, Batch 2850/3348, Loss: 0.2238
2025-10-10 11:56:48,780 [INFO] Época 14/30, Batch 2900/3348, Loss: 0.3418
2025-10-10 11:56:48,952 [INFO] Época 14/30, Batch 2950/3348, Loss: 0.3217
2025-10-10 11:56:49,123 [INFO] Época 14/30, Batch 3000/3348, Loss: 0.3500
2025-10-10 11:56:49,291 [INFO] Época 14/30, Batch 3050/3348, Loss: 0.4051
2025-10-10 11:56:49,460 [INFO] Época 14/30, Batch 3100/3348, Loss: 0.4493
2025-10-10 11:56:49,633 [INFO] Época 14/30, Batch 3150/3348, Loss: 0.5124
2025-10-10 11:56:49,802 [INFO] Época 14/30, Batch 3200/3348, Loss: 0.1918
2025-10-10 11:56:49,971 [INFO] Época 14/30, Batch 3250/3348, Loss: 0.5293
2025-10-10 11:56:50,142 [INFO] Época 14/30, Batch 3300/3348, Loss: 0.2303
2025-10-10 11:56:51,516 [INFO] [14/30] Train Loss: 0.3688 | Val Loss: 0.2596 | Tempo: 14.88s
2025-10-10 11:56:51,972 [INFO] Época 15/30, Batch 50/3348, Loss: 0.1732
2025-10-10 11:56:52,181 [INFO] Época 15/30, Batch 100/3348, Loss: 0.3090
2025-10-10 11:56:52,409 [INFO] Época 15/30, Batch 150/3348, Loss: 0.4921
2025-10-10 11:56:52,618 [INFO] Época 15/30, Batch 200/3348, Loss: 0.3894
2025-10-10 11:56:52,829 [INFO] Época 15/30, Batch 250/3348, Loss: 0.3740
2025-10-10 11:56:53,038 [INFO] Época 15/30, Batch 300/3348, Loss: 0.4281
2025-10-10 11:56:53,258 [INFO] Época 15/30, Batch 350/3348, Loss: 0.4926
2025-10-10 11:56:53,490 [INFO] Época 15/30, Batch 400/3348, Loss: 0.3960
2025-10-10 11:56:53,713 [INFO] Época 15/30, Batch 450/3348, Loss: 0.3027
2025-10-10 11:56:53,922 [INFO] Época 15/30, Batch 500/3348, Loss: 0.4213
2025-10-10 11:56:54,133 [INFO] Época 15/30, Batch 550/3348, Loss: 0.4257
2025-10-10 11:56:54,319 [INFO] Época 15/30, Batch 600/3348, Loss: 0.4506
2025-10-10 11:56:54,502 [INFO] Época 15/30, Batch 650/3348, Loss: 0.4381
2025-10-10 11:56:54,706 [INFO] Época 15/30, Batch 700/3348, Loss: 0.3403
2025-10-10 11:56:54,916 [INFO] Época 15/30, Batch 750/3348, Loss: 0.2424
2025-10-10 11:56:55,127 [INFO] Época 15/30, Batch 800/3348, Loss: 0.2222
2025-10-10 11:56:55,337 [INFO] Época 15/30, Batch 850/3348, Loss: 0.2680
2025-10-10 11:56:55,560 [INFO] Época 15/30, Batch 900/3348, Loss: 0.3742
2025-10-10 11:56:55,786 [INFO] Época 15/30, Batch 950/3348, Loss: 0.3083
2025-10-10 11:56:56,013 [INFO] Época 15/30, Batch 1000/3348, Loss: 0.4194
2025-10-10 11:56:56,223 [INFO] Época 15/30, Batch 1050/3348, Loss: 0.3351
2025-10-10 11:56:56,433 [INFO] Época 15/30, Batch 1100/3348, Loss: 0.4160
2025-10-10 11:56:56,642 [INFO] Época 15/30, Batch 1150/3348, Loss: 0.2061
2025-10-10 11:56:56,853 [INFO] Época 15/30, Batch 1200/3348, Loss: 0.4076
2025-10-10 11:56:57,063 [INFO] Época 15/30, Batch 1250/3348, Loss: 0.3630
2025-10-10 11:56:57,239 [INFO] Época 15/30, Batch 1300/3348, Loss: 0.5859
2025-10-10 11:56:57,432 [INFO] Época 15/30, Batch 1350/3348, Loss: 0.7221
2025-10-10 11:56:57,636 [INFO] Época 15/30, Batch 1400/3348, Loss: 0.5068
2025-10-10 11:56:57,852 [INFO] Época 15/30, Batch 1450/3348, Loss: 0.4748
2025-10-10 11:56:58,064 [INFO] Época 15/30, Batch 1500/3348, Loss: 0.4951
2025-10-10 11:56:58,274 [INFO] Época 15/30, Batch 1550/3348, Loss: 0.2750
2025-10-10 11:56:58,484 [INFO] Época 15/30, Batch 1600/3348, Loss: 0.3767
2025-10-10 11:56:58,694 [INFO] Época 15/30, Batch 1650/3348, Loss: 0.3807
2025-10-10 11:56:58,904 [INFO] Época 15/30, Batch 1700/3348, Loss: 0.3127
2025-10-10 11:56:59,114 [INFO] Época 15/30, Batch 1750/3348, Loss: 0.4395
2025-10-10 11:56:59,322 [INFO] Época 15/30, Batch 1800/3348, Loss: 0.3843
2025-10-10 11:56:59,533 [INFO] Época 15/30, Batch 1850/3348, Loss: 0.4497
2025-10-10 11:56:59,743 [INFO] Época 15/30, Batch 1900/3348, Loss: 0.4900
2025-10-10 11:56:59,953 [INFO] Época 15/30, Batch 1950/3348, Loss: 0.4499
2025-10-10 11:57:00,160 [INFO] Época 15/30, Batch 2000/3348, Loss: 0.4907
2025-10-10 11:57:00,307 [INFO] Época 15/30, Batch 2050/3348, Loss: 0.4063
2025-10-10 11:57:00,451 [INFO] Época 15/30, Batch 2100/3348, Loss: 0.5516
2025-10-10 11:57:00,628 [INFO] Época 15/30, Batch 2150/3348, Loss: 0.2016
2025-10-10 11:57:00,839 [INFO] Época 15/30, Batch 2200/3348, Loss: 0.2622
2025-10-10 11:57:01,050 [INFO] Época 15/30, Batch 2250/3348, Loss: 0.2091
2025-10-10 11:57:01,260 [INFO] Época 15/30, Batch 2300/3348, Loss: 0.3522
2025-10-10 11:57:01,478 [INFO] Época 15/30, Batch 2350/3348, Loss: 0.3224
2025-10-10 11:57:01,689 [INFO] Época 15/30, Batch 2400/3348, Loss: 0.4594
2025-10-10 11:57:01,899 [INFO] Época 15/30, Batch 2450/3348, Loss: 0.3184
2025-10-10 11:57:02,114 [INFO] Época 15/30, Batch 2500/3348, Loss: 0.3187
2025-10-10 11:57:02,332 [INFO] Época 15/30, Batch 2550/3348, Loss: 0.3694
2025-10-10 11:57:02,544 [INFO] Época 15/30, Batch 2600/3348, Loss: 0.2917
2025-10-10 11:57:02,760 [INFO] Época 15/30, Batch 2650/3348, Loss: 0.3571
2025-10-10 11:57:02,974 [INFO] Época 15/30, Batch 2700/3348, Loss: 0.3886
2025-10-10 11:57:03,187 [INFO] Época 15/30, Batch 2750/3348, Loss: 0.3884
2025-10-10 11:57:03,408 [INFO] Época 15/30, Batch 2800/3348, Loss: 0.4177
2025-10-10 11:57:03,625 [INFO] Época 15/30, Batch 2850/3348, Loss: 0.3240
2025-10-10 11:57:03,835 [INFO] Época 15/30, Batch 2900/3348, Loss: 0.3886
2025-10-10 11:57:04,046 [INFO] Época 15/30, Batch 2950/3348, Loss: 0.5032
2025-10-10 11:57:04,260 [INFO] Época 15/30, Batch 3000/3348, Loss: 0.3621
2025-10-10 11:57:04,475 [INFO] Época 15/30, Batch 3050/3348, Loss: 0.3175
2025-10-10 11:57:04,689 [INFO] Época 15/30, Batch 3100/3348, Loss: 0.4474
2025-10-10 11:57:04,901 [INFO] Época 15/30, Batch 3150/3348, Loss: 0.3996
2025-10-10 11:57:05,113 [INFO] Época 15/30, Batch 3200/3348, Loss: 0.2975
2025-10-10 11:57:05,329 [INFO] Época 15/30, Batch 3250/3348, Loss: 0.3542
2025-10-10 11:57:05,544 [INFO] Época 15/30, Batch 3300/3348, Loss: 0.3771
2025-10-10 11:57:07,275 [INFO] [15/30] Train Loss: 0.3683 | Val Loss: 0.2590 | Tempo: 15.76s
2025-10-10 11:57:07,775 [INFO] Época 16/30, Batch 50/3348, Loss: 0.3932
2025-10-10 11:57:08,062 [INFO] Época 16/30, Batch 100/3348, Loss: 0.4716
2025-10-10 11:57:08,301 [INFO] Época 16/30, Batch 150/3348, Loss: 0.4503
2025-10-10 11:57:08,551 [INFO] Época 16/30, Batch 200/3348, Loss: 0.4086
2025-10-10 11:57:08,786 [INFO] Época 16/30, Batch 250/3348, Loss: 0.3802
2025-10-10 11:57:09,002 [INFO] Época 16/30, Batch 300/3348, Loss: 0.3417
2025-10-10 11:57:09,215 [INFO] Época 16/30, Batch 350/3348, Loss: 0.3845
2025-10-10 11:57:09,449 [INFO] Época 16/30, Batch 400/3348, Loss: 0.5375
2025-10-10 11:57:09,668 [INFO] Época 16/30, Batch 450/3348, Loss: 0.3813
2025-10-10 11:57:09,887 [INFO] Época 16/30, Batch 500/3348, Loss: 0.4457
2025-10-10 11:57:10,108 [INFO] Época 16/30, Batch 550/3348, Loss: 0.3852
2025-10-10 11:57:10,319 [INFO] Época 16/30, Batch 600/3348, Loss: 0.5403
2025-10-10 11:57:10,529 [INFO] Época 16/30, Batch 650/3348, Loss: 0.3779
2025-10-10 11:57:10,739 [INFO] Época 16/30, Batch 700/3348, Loss: 0.3414
2025-10-10 11:57:10,950 [INFO] Época 16/30, Batch 750/3348, Loss: 0.3890
2025-10-10 11:57:11,160 [INFO] Época 16/30, Batch 800/3348, Loss: 0.4153
2025-10-10 11:57:11,370 [INFO] Época 16/30, Batch 850/3348, Loss: 0.2661
2025-10-10 11:57:11,582 [INFO] Época 16/30, Batch 900/3348, Loss: 0.3661
2025-10-10 11:57:11,794 [INFO] Época 16/30, Batch 950/3348, Loss: 0.3694
2025-10-10 11:57:12,004 [INFO] Época 16/30, Batch 1000/3348, Loss: 0.4384
2025-10-10 11:57:12,194 [INFO] Época 16/30, Batch 1050/3348, Loss: 0.4251
2025-10-10 11:57:12,342 [INFO] Época 16/30, Batch 1100/3348, Loss: 0.4016
2025-10-10 11:57:12,484 [INFO] Época 16/30, Batch 1150/3348, Loss: 0.3988
2025-10-10 11:57:12,660 [INFO] Época 16/30, Batch 1200/3348, Loss: 0.4520
2025-10-10 11:57:12,837 [INFO] Época 16/30, Batch 1250/3348, Loss: 0.3157
2025-10-10 11:57:13,015 [INFO] Época 16/30, Batch 1300/3348, Loss: 0.4118
2025-10-10 11:57:13,186 [INFO] Época 16/30, Batch 1350/3348, Loss: 0.4284
2025-10-10 11:57:13,357 [INFO] Época 16/30, Batch 1400/3348, Loss: 0.4303
2025-10-10 11:57:13,530 [INFO] Época 16/30, Batch 1450/3348, Loss: 0.4121
2025-10-10 11:57:13,712 [INFO] Época 16/30, Batch 1500/3348, Loss: 0.4452
2025-10-10 11:57:13,921 [INFO] Época 16/30, Batch 1550/3348, Loss: 0.2461
2025-10-10 11:57:14,097 [INFO] Época 16/30, Batch 1600/3348, Loss: 0.4443
2025-10-10 11:57:14,274 [INFO] Época 16/30, Batch 1650/3348, Loss: 0.2171
2025-10-10 11:57:14,467 [INFO] Época 16/30, Batch 1700/3348, Loss: 0.3616
2025-10-10 11:57:14,647 [INFO] Época 16/30, Batch 1750/3348, Loss: 0.1574
2025-10-10 11:57:14,827 [INFO] Época 16/30, Batch 1800/3348, Loss: 0.2281
2025-10-10 11:57:14,997 [INFO] Época 16/30, Batch 1850/3348, Loss: 0.2399
2025-10-10 11:57:15,168 [INFO] Época 16/30, Batch 1900/3348, Loss: 0.2947
2025-10-10 11:57:15,338 [INFO] Época 16/30, Batch 1950/3348, Loss: 0.4531
2025-10-10 11:57:15,508 [INFO] Época 16/30, Batch 2000/3348, Loss: 0.2931
2025-10-10 11:57:15,679 [INFO] Época 16/30, Batch 2050/3348, Loss: 0.3700
2025-10-10 11:57:15,835 [INFO] Época 16/30, Batch 2100/3348, Loss: 0.1472
2025-10-10 11:57:16,011 [INFO] Época 16/30, Batch 2150/3348, Loss: 0.2242
2025-10-10 11:57:16,213 [INFO] Época 16/30, Batch 2200/3348, Loss: 0.3089
2025-10-10 11:57:16,431 [INFO] Época 16/30, Batch 2250/3348, Loss: 0.4803
2025-10-10 11:57:16,649 [INFO] Época 16/30, Batch 2300/3348, Loss: 0.3922
2025-10-10 11:57:16,867 [INFO] Época 16/30, Batch 2350/3348, Loss: 0.2557
2025-10-10 11:57:17,085 [INFO] Época 16/30, Batch 2400/3348, Loss: 0.4498
2025-10-10 11:57:17,301 [INFO] Época 16/30, Batch 2450/3348, Loss: 0.2655
2025-10-10 11:57:17,512 [INFO] Época 16/30, Batch 2500/3348, Loss: 0.2600
2025-10-10 11:57:17,722 [INFO] Época 16/30, Batch 2550/3348, Loss: 0.3399
2025-10-10 11:57:17,931 [INFO] Época 16/30, Batch 2600/3348, Loss: 0.3247
2025-10-10 11:57:18,142 [INFO] Época 16/30, Batch 2650/3348, Loss: 0.3698
2025-10-10 11:57:18,351 [INFO] Época 16/30, Batch 2700/3348, Loss: 0.5675
2025-10-10 11:57:18,561 [INFO] Época 16/30, Batch 2750/3348, Loss: 0.5354
2025-10-10 11:57:18,770 [INFO] Época 16/30, Batch 2800/3348, Loss: 0.3786
2025-10-10 11:57:18,916 [INFO] Época 16/30, Batch 2850/3348, Loss: 0.3638
2025-10-10 11:57:19,061 [INFO] Época 16/30, Batch 2900/3348, Loss: 0.3812
2025-10-10 11:57:19,235 [INFO] Época 16/30, Batch 2950/3348, Loss: 0.3685
2025-10-10 11:57:19,445 [INFO] Época 16/30, Batch 3000/3348, Loss: 0.5028
2025-10-10 11:57:19,655 [INFO] Época 16/30, Batch 3050/3348, Loss: 0.5771
2025-10-10 11:57:19,865 [INFO] Época 16/30, Batch 3100/3348, Loss: 0.3864
2025-10-10 11:57:20,075 [INFO] Época 16/30, Batch 3150/3348, Loss: 0.3650
2025-10-10 11:57:20,285 [INFO] Época 16/30, Batch 3200/3348, Loss: 0.2287
2025-10-10 11:57:20,495 [INFO] Época 16/30, Batch 3250/3348, Loss: 0.2647
2025-10-10 11:57:20,705 [INFO] Época 16/30, Batch 3300/3348, Loss: 0.4690
2025-10-10 11:57:22,182 [INFO] [16/30] Train Loss: 0.3677 | Val Loss: 0.2613 | Tempo: 14.91s
2025-10-10 11:57:22,659 [INFO] Época 17/30, Batch 50/3348, Loss: 0.3662
2025-10-10 11:57:22,930 [INFO] Época 17/30, Batch 100/3348, Loss: 0.2743
2025-10-10 11:57:23,143 [INFO] Época 17/30, Batch 150/3348, Loss: 0.3470
2025-10-10 11:57:23,353 [INFO] Época 17/30, Batch 200/3348, Loss: 0.2379
2025-10-10 11:57:23,595 [INFO] Época 17/30, Batch 250/3348, Loss: 0.4590
2025-10-10 11:57:23,844 [INFO] Época 17/30, Batch 300/3348, Loss: 0.5461
2025-10-10 11:57:24,028 [INFO] Época 17/30, Batch 350/3348, Loss: 0.3587
2025-10-10 11:57:24,262 [INFO] Época 17/30, Batch 400/3348, Loss: 0.5530
2025-10-10 11:57:24,534 [INFO] Época 17/30, Batch 450/3348, Loss: 0.4890
2025-10-10 11:57:24,762 [INFO] Época 17/30, Batch 500/3348, Loss: 0.4578
2025-10-10 11:57:25,026 [INFO] Época 17/30, Batch 550/3348, Loss: 0.2949
2025-10-10 11:57:25,305 [INFO] Época 17/30, Batch 600/3348, Loss: 0.3688
2025-10-10 11:57:25,503 [INFO] Época 17/30, Batch 650/3348, Loss: 0.4241
2025-10-10 11:57:25,709 [INFO] Época 17/30, Batch 700/3348, Loss: 0.3524
2025-10-10 11:57:25,943 [INFO] Época 17/30, Batch 750/3348, Loss: 0.4179
2025-10-10 11:57:26,182 [INFO] Época 17/30, Batch 800/3348, Loss: 0.2596
2025-10-10 11:57:26,416 [INFO] Época 17/30, Batch 850/3348, Loss: 0.3576
2025-10-10 11:57:26,655 [INFO] Época 17/30, Batch 900/3348, Loss: 0.2471
2025-10-10 11:57:26,889 [INFO] Época 17/30, Batch 950/3348, Loss: 0.4105
2025-10-10 11:57:27,120 [INFO] Época 17/30, Batch 1000/3348, Loss: 0.3818
2025-10-10 11:57:27,347 [INFO] Época 17/30, Batch 1050/3348, Loss: 0.4634
2025-10-10 11:57:27,574 [INFO] Época 17/30, Batch 1100/3348, Loss: 0.4015
2025-10-10 11:57:27,801 [INFO] Época 17/30, Batch 1150/3348, Loss: 0.4892
2025-10-10 11:57:28,028 [INFO] Época 17/30, Batch 1200/3348, Loss: 0.4548
2025-10-10 11:57:28,254 [INFO] Época 17/30, Batch 1250/3348, Loss: 0.3940
2025-10-10 11:57:28,480 [INFO] Época 17/30, Batch 1300/3348, Loss: 0.3689
2025-10-10 11:57:28,682 [INFO] Época 17/30, Batch 1350/3348, Loss: 0.2168
2025-10-10 11:57:28,882 [INFO] Época 17/30, Batch 1400/3348, Loss: 0.3096
2025-10-10 11:57:29,108 [INFO] Época 17/30, Batch 1450/3348, Loss: 0.4075
2025-10-10 11:57:29,335 [INFO] Época 17/30, Batch 1500/3348, Loss: 0.2883
2025-10-10 11:57:29,563 [INFO] Época 17/30, Batch 1550/3348, Loss: 0.4641
2025-10-10 11:57:29,789 [INFO] Época 17/30, Batch 1600/3348, Loss: 0.3406
2025-10-10 11:57:30,016 [INFO] Época 17/30, Batch 1650/3348, Loss: 0.3879
2025-10-10 11:57:30,241 [INFO] Época 17/30, Batch 1700/3348, Loss: 0.4594
2025-10-10 11:57:30,468 [INFO] Época 17/30, Batch 1750/3348, Loss: 0.5025
2025-10-10 11:57:30,693 [INFO] Época 17/30, Batch 1800/3348, Loss: 0.4875
2025-10-10 11:57:30,919 [INFO] Época 17/30, Batch 1850/3348, Loss: 0.3224
2025-10-10 11:57:31,145 [INFO] Época 17/30, Batch 1900/3348, Loss: 0.3959
2025-10-10 11:57:31,372 [INFO] Época 17/30, Batch 1950/3348, Loss: 0.2543
2025-10-10 11:57:31,598 [INFO] Época 17/30, Batch 2000/3348, Loss: 0.2869
2025-10-10 11:57:31,822 [INFO] Época 17/30, Batch 2050/3348, Loss: 0.2643
2025-10-10 11:57:32,047 [INFO] Época 17/30, Batch 2100/3348, Loss: 0.3532
2025-10-10 11:57:32,276 [INFO] Época 17/30, Batch 2150/3348, Loss: 0.3480
2025-10-10 11:57:32,502 [INFO] Época 17/30, Batch 2200/3348, Loss: 0.3108
2025-10-10 11:57:32,729 [INFO] Época 17/30, Batch 2250/3348, Loss: 0.4576
2025-10-10 11:57:32,956 [INFO] Época 17/30, Batch 2300/3348, Loss: 0.3405
2025-10-10 11:57:33,182 [INFO] Época 17/30, Batch 2350/3348, Loss: 0.3178
2025-10-10 11:57:33,409 [INFO] Época 17/30, Batch 2400/3348, Loss: 0.3547
2025-10-10 11:57:33,636 [INFO] Época 17/30, Batch 2450/3348, Loss: 0.5671
2025-10-10 11:57:33,862 [INFO] Época 17/30, Batch 2500/3348, Loss: 0.2179
2025-10-10 11:57:34,088 [INFO] Época 17/30, Batch 2550/3348, Loss: 0.4907
2025-10-10 11:57:34,314 [INFO] Época 17/30, Batch 2600/3348, Loss: 0.4205
2025-10-10 11:57:34,541 [INFO] Época 17/30, Batch 2650/3348, Loss: 0.3280
2025-10-10 11:57:34,768 [INFO] Época 17/30, Batch 2700/3348, Loss: 0.2457
2025-10-10 11:57:34,991 [INFO] Época 17/30, Batch 2750/3348, Loss: 0.4848
2025-10-10 11:57:35,214 [INFO] Época 17/30, Batch 2800/3348, Loss: 0.3390
2025-10-10 11:57:35,438 [INFO] Época 17/30, Batch 2850/3348, Loss: 0.4533
2025-10-10 11:57:35,663 [INFO] Época 17/30, Batch 2900/3348, Loss: 0.4779
2025-10-10 11:57:35,890 [INFO] Época 17/30, Batch 2950/3348, Loss: 0.3172
2025-10-10 11:57:36,117 [INFO] Época 17/30, Batch 3000/3348, Loss: 0.4850
2025-10-10 11:57:36,344 [INFO] Época 17/30, Batch 3050/3348, Loss: 0.4302
2025-10-10 11:57:36,571 [INFO] Época 17/30, Batch 3100/3348, Loss: 0.2855
2025-10-10 11:57:36,798 [INFO] Época 17/30, Batch 3150/3348, Loss: 0.4830
2025-10-10 11:57:37,024 [INFO] Época 17/30, Batch 3200/3348, Loss: 0.4263
2025-10-10 11:57:37,251 [INFO] Época 17/30, Batch 3250/3348, Loss: 0.4091
2025-10-10 11:57:37,477 [INFO] Época 17/30, Batch 3300/3348, Loss: 0.3694
2025-10-10 11:57:39,070 [INFO] [17/30] Train Loss: 0.3668 | Val Loss: 0.2669 | Tempo: 16.89s
2025-10-10 11:57:39,579 [INFO] Época 18/30, Batch 50/3348, Loss: 0.2910
2025-10-10 11:57:39,790 [INFO] Época 18/30, Batch 100/3348, Loss: 0.1294
2025-10-10 11:57:40,004 [INFO] Época 18/30, Batch 150/3348, Loss: 0.2976
2025-10-10 11:57:40,220 [INFO] Época 18/30, Batch 200/3348, Loss: 0.3321
2025-10-10 11:57:40,444 [INFO] Época 18/30, Batch 250/3348, Loss: 0.4369
2025-10-10 11:57:40,660 [INFO] Época 18/30, Batch 300/3348, Loss: 0.3922
2025-10-10 11:57:40,867 [INFO] Época 18/30, Batch 350/3348, Loss: 0.3474
2025-10-10 11:57:41,043 [INFO] Época 18/30, Batch 400/3348, Loss: 0.4384
2025-10-10 11:57:41,238 [INFO] Época 18/30, Batch 450/3348, Loss: 0.4324
2025-10-10 11:57:41,457 [INFO] Época 18/30, Batch 500/3348, Loss: 0.3379
2025-10-10 11:57:41,696 [INFO] Época 18/30, Batch 550/3348, Loss: 0.5912
2025-10-10 11:57:41,944 [INFO] Época 18/30, Batch 600/3348, Loss: 0.3210
2025-10-10 11:57:42,170 [INFO] Época 18/30, Batch 650/3348, Loss: 0.2893
2025-10-10 11:57:42,346 [INFO] Época 18/30, Batch 700/3348, Loss: 0.4241
2025-10-10 11:57:42,560 [INFO] Época 18/30, Batch 750/3348, Loss: 0.2588
2025-10-10 11:57:42,774 [INFO] Época 18/30, Batch 800/3348, Loss: 0.4993
2025-10-10 11:57:42,988 [INFO] Época 18/30, Batch 850/3348, Loss: 0.2628
2025-10-10 11:57:43,203 [INFO] Época 18/30, Batch 900/3348, Loss: 0.3323
2025-10-10 11:57:43,418 [INFO] Época 18/30, Batch 950/3348, Loss: 0.6497
2025-10-10 11:57:43,634 [INFO] Época 18/30, Batch 1000/3348, Loss: 0.2971
2025-10-10 11:57:43,851 [INFO] Época 18/30, Batch 1050/3348, Loss: 0.2987
2025-10-10 11:57:44,064 [INFO] Época 18/30, Batch 1100/3348, Loss: 0.2850
2025-10-10 11:57:44,279 [INFO] Época 18/30, Batch 1150/3348, Loss: 0.3125
2025-10-10 11:57:44,506 [INFO] Época 18/30, Batch 1200/3348, Loss: 0.3119
2025-10-10 11:57:44,730 [INFO] Época 18/30, Batch 1250/3348, Loss: 0.4098
2025-10-10 11:57:44,944 [INFO] Época 18/30, Batch 1300/3348, Loss: 0.2672
2025-10-10 11:57:45,158 [INFO] Época 18/30, Batch 1350/3348, Loss: 0.3713
2025-10-10 11:57:45,372 [INFO] Época 18/30, Batch 1400/3348, Loss: 0.3508
2025-10-10 11:57:45,586 [INFO] Época 18/30, Batch 1450/3348, Loss: 0.2224
2025-10-10 11:57:45,800 [INFO] Época 18/30, Batch 1500/3348, Loss: 0.2814
2025-10-10 11:57:46,014 [INFO] Época 18/30, Batch 1550/3348, Loss: 0.3734
2025-10-10 11:57:46,228 [INFO] Época 18/30, Batch 1600/3348, Loss: 0.3769
2025-10-10 11:57:46,443 [INFO] Época 18/30, Batch 1650/3348, Loss: 0.3211
2025-10-10 11:57:46,658 [INFO] Época 18/30, Batch 1700/3348, Loss: 0.4152
2025-10-10 11:57:46,872 [INFO] Época 18/30, Batch 1750/3348, Loss: 0.3456
2025-10-10 11:57:47,086 [INFO] Época 18/30, Batch 1800/3348, Loss: 0.4373
2025-10-10 11:57:47,304 [INFO] Época 18/30, Batch 1850/3348, Loss: 0.2298
2025-10-10 11:57:47,540 [INFO] Época 18/30, Batch 1900/3348, Loss: 0.3684
2025-10-10 11:57:47,766 [INFO] Época 18/30, Batch 1950/3348, Loss: 0.4211
2025-10-10 11:57:47,978 [INFO] Época 18/30, Batch 2000/3348, Loss: 0.3526
2025-10-10 11:57:48,216 [INFO] Época 18/30, Batch 2050/3348, Loss: 0.4148
2025-10-10 11:57:48,468 [INFO] Época 18/30, Batch 2100/3348, Loss: 0.3224
2025-10-10 11:57:48,718 [INFO] Época 18/30, Batch 2150/3348, Loss: 0.4040
2025-10-10 11:57:48,958 [INFO] Época 18/30, Batch 2200/3348, Loss: 0.4811
2025-10-10 11:57:49,186 [INFO] Época 18/30, Batch 2250/3348, Loss: 0.4642
2025-10-10 11:57:49,400 [INFO] Época 18/30, Batch 2300/3348, Loss: 0.2368
2025-10-10 11:57:49,614 [INFO] Época 18/30, Batch 2350/3348, Loss: 0.4449
2025-10-10 11:57:49,828 [INFO] Época 18/30, Batch 2400/3348, Loss: 0.2446
2025-10-10 11:57:50,043 [INFO] Época 18/30, Batch 2450/3348, Loss: 0.3511
2025-10-10 11:57:50,257 [INFO] Época 18/30, Batch 2500/3348, Loss: 0.4208
2025-10-10 11:57:50,428 [INFO] Época 18/30, Batch 2550/3348, Loss: 0.3009
2025-10-10 11:57:50,596 [INFO] Época 18/30, Batch 2600/3348, Loss: 0.2868
2025-10-10 11:57:50,823 [INFO] Época 18/30, Batch 2650/3348, Loss: 0.4152
2025-10-10 11:57:51,044 [INFO] Época 18/30, Batch 2700/3348, Loss: 0.3418
2025-10-10 11:57:51,266 [INFO] Época 18/30, Batch 2750/3348, Loss: 0.2931
2025-10-10 11:57:51,485 [INFO] Época 18/30, Batch 2800/3348, Loss: 0.4255
2025-10-10 11:57:51,703 [INFO] Época 18/30, Batch 2850/3348, Loss: 0.3355
2025-10-10 11:57:51,919 [INFO] Época 18/30, Batch 2900/3348, Loss: 0.4797
2025-10-10 11:57:52,136 [INFO] Época 18/30, Batch 2950/3348, Loss: 0.3634
2025-10-10 11:57:52,372 [INFO] Época 18/30, Batch 3000/3348, Loss: 0.4007
2025-10-10 11:57:52,598 [INFO] Época 18/30, Batch 3050/3348, Loss: 0.4058
2025-10-10 11:57:52,832 [INFO] Época 18/30, Batch 3100/3348, Loss: 0.3419
2025-10-10 11:57:53,075 [INFO] Época 18/30, Batch 3150/3348, Loss: 0.3731
2025-10-10 11:57:53,314 [INFO] Época 18/30, Batch 3200/3348, Loss: 0.3896
2025-10-10 11:57:53,560 [INFO] Época 18/30, Batch 3250/3348, Loss: 0.3231
2025-10-10 11:57:53,777 [INFO] Época 18/30, Batch 3300/3348, Loss: 0.2836
2025-10-10 11:57:55,437 [INFO] [18/30] Train Loss: 0.3662 | Val Loss: 0.2613 | Tempo: 16.37s
2025-10-10 11:57:55,982 [INFO] Época 19/30, Batch 50/3348, Loss: 0.4267
2025-10-10 11:57:56,196 [INFO] Época 19/30, Batch 100/3348, Loss: 0.3415
2025-10-10 11:57:56,398 [INFO] Época 19/30, Batch 150/3348, Loss: 0.3101
2025-10-10 11:57:56,550 [INFO] Época 19/30, Batch 200/3348, Loss: 0.3585
2025-10-10 11:57:56,699 [INFO] Época 19/30, Batch 250/3348, Loss: 0.3859
2025-10-10 11:57:56,901 [INFO] Época 19/30, Batch 300/3348, Loss: 0.3359
2025-10-10 11:57:57,110 [INFO] Época 19/30, Batch 350/3348, Loss: 0.4138
2025-10-10 11:57:57,321 [INFO] Época 19/30, Batch 400/3348, Loss: 0.3744
2025-10-10 11:57:57,531 [INFO] Época 19/30, Batch 450/3348, Loss: 0.4093
2025-10-10 11:57:57,741 [INFO] Época 19/30, Batch 500/3348, Loss: 0.3984
2025-10-10 11:57:57,951 [INFO] Época 19/30, Batch 550/3348, Loss: 0.3897
2025-10-10 11:57:58,161 [INFO] Época 19/30, Batch 600/3348, Loss: 0.3278
2025-10-10 11:57:58,371 [INFO] Época 19/30, Batch 650/3348, Loss: 0.2188
2025-10-10 11:57:58,586 [INFO] Época 19/30, Batch 700/3348, Loss: 0.4230
2025-10-10 11:57:58,802 [INFO] Época 19/30, Batch 750/3348, Loss: 0.3731
2025-10-10 11:57:59,011 [INFO] Época 19/30, Batch 800/3348, Loss: 0.3266
2025-10-10 11:57:59,221 [INFO] Época 19/30, Batch 850/3348, Loss: 0.2283
2025-10-10 11:57:59,410 [INFO] Época 19/30, Batch 900/3348, Loss: 0.3409
2025-10-10 11:57:59,597 [INFO] Época 19/30, Batch 950/3348, Loss: 0.4812
2025-10-10 11:57:59,806 [INFO] Época 19/30, Batch 1000/3348, Loss: 0.2657
2025-10-10 11:58:00,025 [INFO] Época 19/30, Batch 1050/3348, Loss: 0.2990
2025-10-10 11:58:00,236 [INFO] Época 19/30, Batch 1100/3348, Loss: 0.3103
2025-10-10 11:58:00,446 [INFO] Época 19/30, Batch 1150/3348, Loss: 0.2932
2025-10-10 11:58:00,656 [INFO] Época 19/30, Batch 1200/3348, Loss: 0.3013
2025-10-10 11:58:00,875 [INFO] Época 19/30, Batch 1250/3348, Loss: 0.2617
2025-10-10 11:58:01,101 [INFO] Época 19/30, Batch 1300/3348, Loss: 0.4103
2025-10-10 11:58:01,312 [INFO] Época 19/30, Batch 1350/3348, Loss: 0.4095
2025-10-10 11:58:01,523 [INFO] Época 19/30, Batch 1400/3348, Loss: 0.3271
2025-10-10 11:58:01,733 [INFO] Época 19/30, Batch 1450/3348, Loss: 0.2343
2025-10-10 11:58:01,945 [INFO] Época 19/30, Batch 1500/3348, Loss: 0.4936
2025-10-10 11:58:02,156 [INFO] Época 19/30, Batch 1550/3348, Loss: 0.3335
2025-10-10 11:58:02,364 [INFO] Época 19/30, Batch 1600/3348, Loss: 0.3588
2025-10-10 11:58:02,509 [INFO] Época 19/30, Batch 1650/3348, Loss: 0.3742
2025-10-10 11:58:02,656 [INFO] Época 19/30, Batch 1700/3348, Loss: 0.4028
2025-10-10 11:58:02,877 [INFO] Época 19/30, Batch 1750/3348, Loss: 0.5332
2025-10-10 11:58:03,093 [INFO] Época 19/30, Batch 1800/3348, Loss: 0.2746
2025-10-10 11:58:03,303 [INFO] Época 19/30, Batch 1850/3348, Loss: 0.3894
2025-10-10 11:58:03,513 [INFO] Época 19/30, Batch 1900/3348, Loss: 0.2720
2025-10-10 11:58:03,723 [INFO] Época 19/30, Batch 1950/3348, Loss: 0.3627
2025-10-10 11:58:03,933 [INFO] Época 19/30, Batch 2000/3348, Loss: 0.3275
2025-10-10 11:58:04,143 [INFO] Época 19/30, Batch 2050/3348, Loss: 0.1860
2025-10-10 11:58:04,354 [INFO] Época 19/30, Batch 2100/3348, Loss: 0.5182
2025-10-10 11:58:04,564 [INFO] Época 19/30, Batch 2150/3348, Loss: 0.2772
2025-10-10 11:58:04,797 [INFO] Época 19/30, Batch 2200/3348, Loss: 0.2991
2025-10-10 11:58:05,028 [INFO] Época 19/30, Batch 2250/3348, Loss: 0.3266
2025-10-10 11:58:05,238 [INFO] Época 19/30, Batch 2300/3348, Loss: 0.3493
2025-10-10 11:58:05,423 [INFO] Época 19/30, Batch 2350/3348, Loss: 0.3237
2025-10-10 11:58:05,656 [INFO] Época 19/30, Batch 2400/3348, Loss: 0.3846
2025-10-10 11:58:05,896 [INFO] Época 19/30, Batch 2450/3348, Loss: 0.3238
2025-10-10 11:58:06,127 [INFO] Época 19/30, Batch 2500/3348, Loss: 0.2618
2025-10-10 11:58:06,363 [INFO] Época 19/30, Batch 2550/3348, Loss: 0.3823
2025-10-10 11:58:06,602 [INFO] Época 19/30, Batch 2600/3348, Loss: 0.6148
2025-10-10 11:58:06,815 [INFO] Época 19/30, Batch 2650/3348, Loss: 0.3446
2025-10-10 11:58:07,029 [INFO] Época 19/30, Batch 2700/3348, Loss: 0.2962
2025-10-10 11:58:07,269 [INFO] Época 19/30, Batch 2750/3348, Loss: 0.3151
2025-10-10 11:58:07,478 [INFO] Época 19/30, Batch 2800/3348, Loss: 0.4349
2025-10-10 11:58:07,689 [INFO] Época 19/30, Batch 2850/3348, Loss: 0.3779
2025-10-10 11:58:07,900 [INFO] Época 19/30, Batch 2900/3348, Loss: 0.4432
2025-10-10 11:58:08,111 [INFO] Época 19/30, Batch 2950/3348, Loss: 0.5370
2025-10-10 11:58:08,344 [INFO] Época 19/30, Batch 3000/3348, Loss: 0.3826
2025-10-10 11:58:08,539 [INFO] Época 19/30, Batch 3050/3348, Loss: 0.2155
2025-10-10 11:58:08,708 [INFO] Época 19/30, Batch 3100/3348, Loss: 0.3856
2025-10-10 11:58:08,920 [INFO] Época 19/30, Batch 3150/3348, Loss: 0.4063
2025-10-10 11:58:09,131 [INFO] Época 19/30, Batch 3200/3348, Loss: 0.3329
2025-10-10 11:58:09,342 [INFO] Época 19/30, Batch 3250/3348, Loss: 0.5107
2025-10-10 11:58:09,553 [INFO] Época 19/30, Batch 3300/3348, Loss: 0.3710
2025-10-10 11:58:11,266 [INFO] [19/30] Train Loss: 0.3656 | Val Loss: 0.2674 | Tempo: 15.83s
2025-10-10 11:58:11,768 [INFO] Época 20/30, Batch 50/3348, Loss: 0.2871
2025-10-10 11:58:11,995 [INFO] Época 20/30, Batch 100/3348, Loss: 0.2192
2025-10-10 11:58:12,208 [INFO] Época 20/30, Batch 150/3348, Loss: 0.5006
2025-10-10 11:58:12,433 [INFO] Época 20/30, Batch 200/3348, Loss: 0.4406
2025-10-10 11:58:12,660 [INFO] Época 20/30, Batch 250/3348, Loss: 0.5100
2025-10-10 11:58:12,876 [INFO] Época 20/30, Batch 300/3348, Loss: 0.4344
2025-10-10 11:58:13,095 [INFO] Época 20/30, Batch 350/3348, Loss: 0.2502
2025-10-10 11:58:13,306 [INFO] Época 20/30, Batch 400/3348, Loss: 0.2916
2025-10-10 11:58:13,516 [INFO] Época 20/30, Batch 450/3348, Loss: 0.4323
2025-10-10 11:58:13,726 [INFO] Época 20/30, Batch 500/3348, Loss: 0.2570
2025-10-10 11:58:13,937 [INFO] Época 20/30, Batch 550/3348, Loss: 0.3520
2025-10-10 11:58:14,148 [INFO] Época 20/30, Batch 600/3348, Loss: 0.3325
2025-10-10 11:58:14,333 [INFO] Época 20/30, Batch 650/3348, Loss: 0.2081
2025-10-10 11:58:14,478 [INFO] Época 20/30, Batch 700/3348, Loss: 0.2621
2025-10-10 11:58:14,623 [INFO] Época 20/30, Batch 750/3348, Loss: 0.2431
2025-10-10 11:58:14,825 [INFO] Época 20/30, Batch 800/3348, Loss: 0.4568
2025-10-10 11:58:15,035 [INFO] Época 20/30, Batch 850/3348, Loss: 0.4675
2025-10-10 11:58:15,245 [INFO] Época 20/30, Batch 900/3348, Loss: 0.4102
2025-10-10 11:58:15,455 [INFO] Época 20/30, Batch 950/3348, Loss: 0.1891
2025-10-10 11:58:15,665 [INFO] Época 20/30, Batch 1000/3348, Loss: 0.4248
2025-10-10 11:58:15,875 [INFO] Época 20/30, Batch 1050/3348, Loss: 0.5162
2025-10-10 11:58:16,085 [INFO] Época 20/30, Batch 1100/3348, Loss: 0.3493
2025-10-10 11:58:16,296 [INFO] Época 20/30, Batch 1150/3348, Loss: 0.3406
2025-10-10 11:58:16,505 [INFO] Época 20/30, Batch 1200/3348, Loss: 0.4106
2025-10-10 11:58:16,717 [INFO] Época 20/30, Batch 1250/3348, Loss: 0.3189
2025-10-10 11:58:16,926 [INFO] Época 20/30, Batch 1300/3348, Loss: 0.4171
2025-10-10 11:58:17,136 [INFO] Época 20/30, Batch 1350/3348, Loss: 0.4407
2025-10-10 11:58:17,322 [INFO] Época 20/30, Batch 1400/3348, Loss: 0.3332
2025-10-10 11:58:17,467 [INFO] Época 20/30, Batch 1450/3348, Loss: 0.3222
2025-10-10 11:58:17,611 [INFO] Época 20/30, Batch 1500/3348, Loss: 0.3053
2025-10-10 11:58:17,823 [INFO] Época 20/30, Batch 1550/3348, Loss: 0.3701
2025-10-10 11:58:18,043 [INFO] Época 20/30, Batch 1600/3348, Loss: 0.2877
2025-10-10 11:58:18,282 [INFO] Época 20/30, Batch 1650/3348, Loss: 0.1982
2025-10-10 11:58:18,501 [INFO] Época 20/30, Batch 1700/3348, Loss: 0.3577
2025-10-10 11:58:18,727 [INFO] Época 20/30, Batch 1750/3348, Loss: 0.2057
2025-10-10 11:58:18,953 [INFO] Época 20/30, Batch 1800/3348, Loss: 0.3404
2025-10-10 11:58:19,194 [INFO] Época 20/30, Batch 1850/3348, Loss: 0.2473
2025-10-10 11:58:19,420 [INFO] Época 20/30, Batch 1900/3348, Loss: 0.3998
2025-10-10 11:58:19,640 [INFO] Época 20/30, Batch 1950/3348, Loss: 0.3777
2025-10-10 11:58:19,864 [INFO] Época 20/30, Batch 2000/3348, Loss: 0.3394
2025-10-10 11:58:20,091 [INFO] Época 20/30, Batch 2050/3348, Loss: 0.4037
2025-10-10 11:58:20,297 [INFO] Época 20/30, Batch 2100/3348, Loss: 0.2476
2025-10-10 11:58:20,504 [INFO] Época 20/30, Batch 2150/3348, Loss: 0.4842
2025-10-10 11:58:20,760 [INFO] Época 20/30, Batch 2200/3348, Loss: 0.3754
2025-10-10 11:58:21,004 [INFO] Época 20/30, Batch 2250/3348, Loss: 0.4342
2025-10-10 11:58:21,261 [INFO] Época 20/30, Batch 2300/3348, Loss: 0.3188
2025-10-10 11:58:21,492 [INFO] Época 20/30, Batch 2350/3348, Loss: 0.2879
2025-10-10 11:58:21,731 [INFO] Época 20/30, Batch 2400/3348, Loss: 0.1579
2025-10-10 11:58:21,956 [INFO] Época 20/30, Batch 2450/3348, Loss: 0.5121
2025-10-10 11:58:22,188 [INFO] Época 20/30, Batch 2500/3348, Loss: 0.5790
2025-10-10 11:58:22,407 [INFO] Época 20/30, Batch 2550/3348, Loss: 0.4636
2025-10-10 11:58:22,642 [INFO] Época 20/30, Batch 2600/3348, Loss: 0.5840
2025-10-10 11:58:22,887 [INFO] Época 20/30, Batch 2650/3348, Loss: 0.3984
2025-10-10 11:58:23,124 [INFO] Época 20/30, Batch 2700/3348, Loss: 0.3284
2025-10-10 11:58:23,359 [INFO] Época 20/30, Batch 2750/3348, Loss: 0.3611
2025-10-10 11:58:23,566 [INFO] Época 20/30, Batch 2800/3348, Loss: 0.2668
2025-10-10 11:58:23,787 [INFO] Época 20/30, Batch 2850/3348, Loss: 0.3161
2025-10-10 11:58:24,004 [INFO] Época 20/30, Batch 2900/3348, Loss: 0.3738
2025-10-10 11:58:24,222 [INFO] Época 20/30, Batch 2950/3348, Loss: 0.4021
2025-10-10 11:58:24,439 [INFO] Época 20/30, Batch 3000/3348, Loss: 0.4384
2025-10-10 11:58:24,659 [INFO] Época 20/30, Batch 3050/3348, Loss: 0.3221
2025-10-10 11:58:24,885 [INFO] Época 20/30, Batch 3100/3348, Loss: 0.3220
2025-10-10 11:58:25,108 [INFO] Época 20/30, Batch 3150/3348, Loss: 0.2054
2025-10-10 11:58:25,330 [INFO] Época 20/30, Batch 3200/3348, Loss: 0.4308
2025-10-10 11:58:25,554 [INFO] Época 20/30, Batch 3250/3348, Loss: 0.2033
2025-10-10 11:58:25,780 [INFO] Época 20/30, Batch 3300/3348, Loss: 0.2147
2025-10-10 11:58:27,493 [INFO] [20/30] Train Loss: 0.3651 | Val Loss: 0.2565 | Tempo: 16.23s
2025-10-10 11:58:27,985 [INFO] Época 21/30, Batch 50/3348, Loss: 0.3700
2025-10-10 11:58:28,195 [INFO] Época 21/30, Batch 100/3348, Loss: 0.3195
2025-10-10 11:58:28,407 [INFO] Época 21/30, Batch 150/3348, Loss: 0.4613
2025-10-10 11:58:28,634 [INFO] Época 21/30, Batch 200/3348, Loss: 0.2153
2025-10-10 11:58:28,862 [INFO] Época 21/30, Batch 250/3348, Loss: 0.3623
2025-10-10 11:58:29,104 [INFO] Época 21/30, Batch 300/3348, Loss: 0.4913
2025-10-10 11:58:29,339 [INFO] Época 21/30, Batch 350/3348, Loss: 0.3807
2025-10-10 11:58:29,572 [INFO] Época 21/30, Batch 400/3348, Loss: 0.5245
2025-10-10 11:58:29,799 [INFO] Época 21/30, Batch 450/3348, Loss: 0.2856
2025-10-10 11:58:30,026 [INFO] Época 21/30, Batch 500/3348, Loss: 0.2529
2025-10-10 11:58:30,245 [INFO] Época 21/30, Batch 550/3348, Loss: 0.4568
2025-10-10 11:58:30,458 [INFO] Época 21/30, Batch 600/3348, Loss: 0.3350
2025-10-10 11:58:30,674 [INFO] Época 21/30, Batch 650/3348, Loss: 0.2476
2025-10-10 11:58:30,885 [INFO] Época 21/30, Batch 700/3348, Loss: 0.4018
2025-10-10 11:58:31,096 [INFO] Época 21/30, Batch 750/3348, Loss: 0.3178
2025-10-10 11:58:31,306 [INFO] Época 21/30, Batch 800/3348, Loss: 0.3371
2025-10-10 11:58:31,516 [INFO] Época 21/30, Batch 850/3348, Loss: 0.3872
2025-10-10 11:58:31,730 [INFO] Época 21/30, Batch 900/3348, Loss: 0.3283
2025-10-10 11:58:31,953 [INFO] Época 21/30, Batch 950/3348, Loss: 0.2010
2025-10-10 11:58:32,168 [INFO] Época 21/30, Batch 1000/3348, Loss: 0.3287
2025-10-10 11:58:32,378 [INFO] Época 21/30, Batch 1050/3348, Loss: 0.3829
2025-10-10 11:58:32,596 [INFO] Época 21/30, Batch 1100/3348, Loss: 0.3367
2025-10-10 11:58:32,815 [INFO] Época 21/30, Batch 1150/3348, Loss: 0.5870
2025-10-10 11:58:33,029 [INFO] Época 21/30, Batch 1200/3348, Loss: 0.4405
2025-10-10 11:58:33,240 [INFO] Época 21/30, Batch 1250/3348, Loss: 0.2505
2025-10-10 11:58:33,451 [INFO] Época 21/30, Batch 1300/3348, Loss: 0.1870
2025-10-10 11:58:33,666 [INFO] Época 21/30, Batch 1350/3348, Loss: 0.2079
2025-10-10 11:58:33,886 [INFO] Época 21/30, Batch 1400/3348, Loss: 0.4661
2025-10-10 11:58:34,101 [INFO] Época 21/30, Batch 1450/3348, Loss: 0.2348
2025-10-10 11:58:34,317 [INFO] Época 21/30, Batch 1500/3348, Loss: 0.4156
2025-10-10 11:58:34,561 [INFO] Época 21/30, Batch 1550/3348, Loss: 0.5715
2025-10-10 11:58:34,806 [INFO] Época 21/30, Batch 1600/3348, Loss: 0.2993
2025-10-10 11:58:35,053 [INFO] Época 21/30, Batch 1650/3348, Loss: 0.3732
2025-10-10 11:58:35,310 [INFO] Época 21/30, Batch 1700/3348, Loss: 0.3370
2025-10-10 11:58:35,518 [INFO] Época 21/30, Batch 1750/3348, Loss: 0.4428
2025-10-10 11:58:35,685 [INFO] Época 21/30, Batch 1800/3348, Loss: 0.4107
2025-10-10 11:58:35,880 [INFO] Época 21/30, Batch 1850/3348, Loss: 0.3164
2025-10-10 11:58:36,104 [INFO] Época 21/30, Batch 1900/3348, Loss: 0.4177
2025-10-10 11:58:36,325 [INFO] Época 21/30, Batch 1950/3348, Loss: 0.3447
2025-10-10 11:58:36,538 [INFO] Época 21/30, Batch 2000/3348, Loss: 0.4495
2025-10-10 11:58:36,754 [INFO] Época 21/30, Batch 2050/3348, Loss: 0.3213
2025-10-10 11:58:36,962 [INFO] Época 21/30, Batch 2100/3348, Loss: 0.2893
2025-10-10 11:58:37,200 [INFO] Época 21/30, Batch 2150/3348, Loss: 0.4498
2025-10-10 11:58:37,457 [INFO] Época 21/30, Batch 2200/3348, Loss: 0.2280
2025-10-10 11:58:37,709 [INFO] Época 21/30, Batch 2250/3348, Loss: 0.4610
2025-10-10 11:58:37,967 [INFO] Época 21/30, Batch 2300/3348, Loss: 0.5741
2025-10-10 11:58:38,227 [INFO] Época 21/30, Batch 2350/3348, Loss: 0.3924
2025-10-10 11:58:38,469 [INFO] Época 21/30, Batch 2400/3348, Loss: 0.3263
2025-10-10 11:58:38,721 [INFO] Época 21/30, Batch 2450/3348, Loss: 0.3902
2025-10-10 11:58:38,964 [INFO] Época 21/30, Batch 2500/3348, Loss: 0.2964
2025-10-10 11:58:39,224 [INFO] Época 21/30, Batch 2550/3348, Loss: 0.5396
2025-10-10 11:58:39,485 [INFO] Época 21/30, Batch 2600/3348, Loss: 0.3743
2025-10-10 11:58:39,744 [INFO] Época 21/30, Batch 2650/3348, Loss: 0.4244
2025-10-10 11:58:39,992 [INFO] Época 21/30, Batch 2700/3348, Loss: 0.2776
2025-10-10 11:58:40,253 [INFO] Época 21/30, Batch 2750/3348, Loss: 0.6130
2025-10-10 11:58:40,508 [INFO] Época 21/30, Batch 2800/3348, Loss: 0.4501
2025-10-10 11:58:40,743 [INFO] Época 21/30, Batch 2850/3348, Loss: 0.4710
2025-10-10 11:58:40,991 [INFO] Época 21/30, Batch 2900/3348, Loss: 0.3550
2025-10-10 11:58:41,243 [INFO] Época 21/30, Batch 2950/3348, Loss: 0.2039
2025-10-10 11:58:41,449 [INFO] Época 21/30, Batch 3000/3348, Loss: 0.3047
2025-10-10 11:58:41,700 [INFO] Época 21/30, Batch 3050/3348, Loss: 0.5045
2025-10-10 11:58:41,877 [INFO] Época 21/30, Batch 3100/3348, Loss: 0.2854
2025-10-10 11:58:42,049 [INFO] Época 21/30, Batch 3150/3348, Loss: 0.3740
2025-10-10 11:58:42,200 [INFO] Época 21/30, Batch 3200/3348, Loss: 0.4158
2025-10-10 11:58:42,359 [INFO] Época 21/30, Batch 3250/3348, Loss: 0.2724
2025-10-10 11:58:42,564 [INFO] Época 21/30, Batch 3300/3348, Loss: 0.3618
2025-10-10 11:58:44,313 [INFO] [21/30] Train Loss: 0.3649 | Val Loss: 0.2614 | Tempo: 16.82s
2025-10-10 11:58:44,764 [INFO] Época 22/30, Batch 50/3348, Loss: 0.3169
2025-10-10 11:58:44,973 [INFO] Época 22/30, Batch 100/3348, Loss: 0.2061
2025-10-10 11:58:45,162 [INFO] Época 22/30, Batch 150/3348, Loss: 0.5886
2025-10-10 11:58:45,383 [INFO] Época 22/30, Batch 200/3348, Loss: 0.4222
2025-10-10 11:58:45,601 [INFO] Época 22/30, Batch 250/3348, Loss: 0.2664
2025-10-10 11:58:45,816 [INFO] Época 22/30, Batch 300/3348, Loss: 0.3076
2025-10-10 11:58:46,030 [INFO] Época 22/30, Batch 350/3348, Loss: 0.5376
2025-10-10 11:58:46,245 [INFO] Época 22/30, Batch 400/3348, Loss: 0.2385
2025-10-10 11:58:46,460 [INFO] Época 22/30, Batch 450/3348, Loss: 0.2712
2025-10-10 11:58:46,675 [INFO] Época 22/30, Batch 500/3348, Loss: 0.2811
2025-10-10 11:58:46,890 [INFO] Época 22/30, Batch 550/3348, Loss: 0.3307
2025-10-10 11:58:47,105 [INFO] Época 22/30, Batch 600/3348, Loss: 0.3607
2025-10-10 11:58:47,320 [INFO] Época 22/30, Batch 650/3348, Loss: 0.2466
2025-10-10 11:58:47,536 [INFO] Época 22/30, Batch 700/3348, Loss: 0.3152
2025-10-10 11:58:47,754 [INFO] Época 22/30, Batch 750/3348, Loss: 0.5321
2025-10-10 11:58:47,969 [INFO] Época 22/30, Batch 800/3348, Loss: 0.4321
2025-10-10 11:58:48,175 [INFO] Época 22/30, Batch 850/3348, Loss: 0.3895
2025-10-10 11:58:48,376 [INFO] Época 22/30, Batch 900/3348, Loss: 0.3419
2025-10-10 11:58:48,590 [INFO] Época 22/30, Batch 950/3348, Loss: 0.2823
2025-10-10 11:58:48,805 [INFO] Época 22/30, Batch 1000/3348, Loss: 0.2813
2025-10-10 11:58:49,019 [INFO] Época 22/30, Batch 1050/3348, Loss: 0.4584
2025-10-10 11:58:49,232 [INFO] Época 22/30, Batch 1100/3348, Loss: 0.4749
2025-10-10 11:58:49,445 [INFO] Época 22/30, Batch 1150/3348, Loss: 0.4238
2025-10-10 11:58:49,657 [INFO] Época 22/30, Batch 1200/3348, Loss: 0.4964
2025-10-10 11:58:49,870 [INFO] Época 22/30, Batch 1250/3348, Loss: 0.5072
2025-10-10 11:58:50,083 [INFO] Época 22/30, Batch 1300/3348, Loss: 0.4560
2025-10-10 11:58:50,305 [INFO] Época 22/30, Batch 1350/3348, Loss: 0.5263
2025-10-10 11:58:50,518 [INFO] Época 22/30, Batch 1400/3348, Loss: 0.4590
2025-10-10 11:58:50,733 [INFO] Época 22/30, Batch 1450/3348, Loss: 0.3219
2025-10-10 11:58:50,960 [INFO] Época 22/30, Batch 1500/3348, Loss: 0.3511
2025-10-10 11:58:51,182 [INFO] Época 22/30, Batch 1550/3348, Loss: 0.4036
2025-10-10 11:58:51,422 [INFO] Época 22/30, Batch 1600/3348, Loss: 0.3026
2025-10-10 11:58:51,651 [INFO] Época 22/30, Batch 1650/3348, Loss: 0.3211
2025-10-10 11:58:51,886 [INFO] Época 22/30, Batch 1700/3348, Loss: 0.3312
2025-10-10 11:58:52,112 [INFO] Época 22/30, Batch 1750/3348, Loss: 0.3295
2025-10-10 11:58:52,326 [INFO] Época 22/30, Batch 1800/3348, Loss: 0.4482
2025-10-10 11:58:52,547 [INFO] Época 22/30, Batch 1850/3348, Loss: 0.6598
2025-10-10 11:58:52,776 [INFO] Época 22/30, Batch 1900/3348, Loss: 0.3039
2025-10-10 11:58:53,014 [INFO] Época 22/30, Batch 1950/3348, Loss: 0.3486
2025-10-10 11:58:53,241 [INFO] Época 22/30, Batch 2000/3348, Loss: 0.3846
2025-10-10 11:58:53,468 [INFO] Época 22/30, Batch 2050/3348, Loss: 0.3588
2025-10-10 11:58:53,710 [INFO] Época 22/30, Batch 2100/3348, Loss: 0.1775
2025-10-10 11:58:53,924 [INFO] Época 22/30, Batch 2150/3348, Loss: 0.2614
2025-10-10 11:58:54,149 [INFO] Época 22/30, Batch 2200/3348, Loss: 0.3991
2025-10-10 11:58:54,313 [INFO] Época 22/30, Batch 2250/3348, Loss: 0.4940
2025-10-10 11:58:54,458 [INFO] Época 22/30, Batch 2300/3348, Loss: 0.3308
2025-10-10 11:58:54,621 [INFO] Época 22/30, Batch 2350/3348, Loss: 0.5082
2025-10-10 11:58:54,836 [INFO] Época 22/30, Batch 2400/3348, Loss: 0.3924
2025-10-10 11:58:55,050 [INFO] Época 22/30, Batch 2450/3348, Loss: 0.3866
2025-10-10 11:58:55,265 [INFO] Época 22/30, Batch 2500/3348, Loss: 0.2773
2025-10-10 11:58:55,479 [INFO] Época 22/30, Batch 2550/3348, Loss: 0.3094
2025-10-10 11:58:55,693 [INFO] Época 22/30, Batch 2600/3348, Loss: 0.3053
2025-10-10 11:58:55,907 [INFO] Época 22/30, Batch 2650/3348, Loss: 0.3771
2025-10-10 11:58:56,122 [INFO] Época 22/30, Batch 2700/3348, Loss: 0.1760
2025-10-10 11:58:56,336 [INFO] Época 22/30, Batch 2750/3348, Loss: 0.3155
2025-10-10 11:58:56,551 [INFO] Época 22/30, Batch 2800/3348, Loss: 0.2505
2025-10-10 11:58:56,765 [INFO] Época 22/30, Batch 2850/3348, Loss: 0.3699
2025-10-10 11:58:56,979 [INFO] Época 22/30, Batch 2900/3348, Loss: 0.5479
2025-10-10 11:58:57,193 [INFO] Época 22/30, Batch 2950/3348, Loss: 0.3593
2025-10-10 11:58:57,357 [INFO] Época 22/30, Batch 3000/3348, Loss: 0.2017
2025-10-10 11:58:57,502 [INFO] Época 22/30, Batch 3050/3348, Loss: 0.4224
2025-10-10 11:58:57,663 [INFO] Época 22/30, Batch 3100/3348, Loss: 0.3813
2025-10-10 11:58:57,877 [INFO] Época 22/30, Batch 3150/3348, Loss: 0.2201
2025-10-10 11:58:58,091 [INFO] Época 22/30, Batch 3200/3348, Loss: 0.2460
2025-10-10 11:58:58,305 [INFO] Época 22/30, Batch 3250/3348, Loss: 0.2735
2025-10-10 11:58:58,517 [INFO] Época 22/30, Batch 3300/3348, Loss: 0.5442
2025-10-10 11:59:00,218 [INFO] [22/30] Train Loss: 0.3644 | Val Loss: 0.2617 | Tempo: 15.90s
2025-10-10 11:59:00,728 [INFO] Época 23/30, Batch 50/3348, Loss: 0.2857
2025-10-10 11:59:00,946 [INFO] Época 23/30, Batch 100/3348, Loss: 0.2444
2025-10-10 11:59:01,161 [INFO] Época 23/30, Batch 150/3348, Loss: 0.3778
2025-10-10 11:59:01,376 [INFO] Época 23/30, Batch 200/3348, Loss: 0.2384
2025-10-10 11:59:01,591 [INFO] Época 23/30, Batch 250/3348, Loss: 0.2779
2025-10-10 11:59:01,805 [INFO] Época 23/30, Batch 300/3348, Loss: 0.3698
2025-10-10 11:59:02,020 [INFO] Época 23/30, Batch 350/3348, Loss: 0.4516
2025-10-10 11:59:02,234 [INFO] Época 23/30, Batch 400/3348, Loss: 0.4051
2025-10-10 11:59:02,448 [INFO] Época 23/30, Batch 450/3348, Loss: 0.3808
2025-10-10 11:59:02,667 [INFO] Época 23/30, Batch 500/3348, Loss: 0.2628
2025-10-10 11:59:02,880 [INFO] Época 23/30, Batch 550/3348, Loss: 0.3016
2025-10-10 11:59:03,094 [INFO] Época 23/30, Batch 600/3348, Loss: 0.2260
2025-10-10 11:59:03,294 [INFO] Época 23/30, Batch 650/3348, Loss: 0.4822
2025-10-10 11:59:03,440 [INFO] Época 23/30, Batch 700/3348, Loss: 0.3287
2025-10-10 11:59:03,586 [INFO] Época 23/30, Batch 750/3348, Loss: 0.4337
2025-10-10 11:59:03,779 [INFO] Época 23/30, Batch 800/3348, Loss: 0.2178
2025-10-10 11:59:03,993 [INFO] Época 23/30, Batch 850/3348, Loss: 0.2429
2025-10-10 11:59:04,206 [INFO] Época 23/30, Batch 900/3348, Loss: 0.4838
2025-10-10 11:59:04,420 [INFO] Época 23/30, Batch 950/3348, Loss: 0.2902
2025-10-10 11:59:04,635 [INFO] Época 23/30, Batch 1000/3348, Loss: 0.3890
2025-10-10 11:59:04,848 [INFO] Época 23/30, Batch 1050/3348, Loss: 0.3307
2025-10-10 11:59:05,062 [INFO] Época 23/30, Batch 1100/3348, Loss: 0.3439
2025-10-10 11:59:05,276 [INFO] Época 23/30, Batch 1150/3348, Loss: 0.2604
2025-10-10 11:59:05,490 [INFO] Época 23/30, Batch 1200/3348, Loss: 0.3130
2025-10-10 11:59:05,707 [INFO] Época 23/30, Batch 1250/3348, Loss: 0.4258
2025-10-10 11:59:05,931 [INFO] Época 23/30, Batch 1300/3348, Loss: 0.3562
2025-10-10 11:59:06,148 [INFO] Época 23/30, Batch 1350/3348, Loss: 0.4833
2025-10-10 11:59:06,372 [INFO] Época 23/30, Batch 1400/3348, Loss: 0.5018
2025-10-10 11:59:06,601 [INFO] Época 23/30, Batch 1450/3348, Loss: 0.5369
2025-10-10 11:59:06,823 [INFO] Época 23/30, Batch 1500/3348, Loss: 0.3475
2025-10-10 11:59:07,009 [INFO] Época 23/30, Batch 1550/3348, Loss: 0.3076
2025-10-10 11:59:07,182 [INFO] Época 23/30, Batch 1600/3348, Loss: 0.3888
2025-10-10 11:59:07,358 [INFO] Época 23/30, Batch 1650/3348, Loss: 0.3583
2025-10-10 11:59:07,544 [INFO] Época 23/30, Batch 1700/3348, Loss: 0.1877
2025-10-10 11:59:07,795 [INFO] Época 23/30, Batch 1750/3348, Loss: 0.2280
2025-10-10 11:59:08,050 [INFO] Época 23/30, Batch 1800/3348, Loss: 0.3077
2025-10-10 11:59:08,308 [INFO] Época 23/30, Batch 1850/3348, Loss: 0.3380
2025-10-10 11:59:08,553 [INFO] Época 23/30, Batch 1900/3348, Loss: 0.2873
2025-10-10 11:59:08,808 [INFO] Época 23/30, Batch 1950/3348, Loss: 0.2879
2025-10-10 11:59:09,067 [INFO] Época 23/30, Batch 2000/3348, Loss: 0.5096
2025-10-10 11:59:09,327 [INFO] Época 23/30, Batch 2050/3348, Loss: 0.3745
2025-10-10 11:59:09,586 [INFO] Época 23/30, Batch 2100/3348, Loss: 0.5042
2025-10-10 11:59:09,847 [INFO] Época 23/30, Batch 2150/3348, Loss: 0.3281
2025-10-10 11:59:10,077 [INFO] Época 23/30, Batch 2200/3348, Loss: 0.4502
2025-10-10 11:59:10,321 [INFO] Época 23/30, Batch 2250/3348, Loss: 0.3880
2025-10-10 11:59:10,580 [INFO] Época 23/30, Batch 2300/3348, Loss: 0.3073
2025-10-10 11:59:10,817 [INFO] Época 23/30, Batch 2350/3348, Loss: 0.2019
2025-10-10 11:59:11,022 [INFO] Época 23/30, Batch 2400/3348, Loss: 0.2872
2025-10-10 11:59:11,282 [INFO] Época 23/30, Batch 2450/3348, Loss: 0.4609
2025-10-10 11:59:11,537 [INFO] Época 23/30, Batch 2500/3348, Loss: 0.3138
2025-10-10 11:59:11,797 [INFO] Época 23/30, Batch 2550/3348, Loss: 0.3583
2025-10-10 11:59:12,054 [INFO] Época 23/30, Batch 2600/3348, Loss: 0.4811
2025-10-10 11:59:12,314 [INFO] Época 23/30, Batch 2650/3348, Loss: 0.5706
2025-10-10 11:59:12,547 [INFO] Época 23/30, Batch 2700/3348, Loss: 0.4623
2025-10-10 11:59:12,804 [INFO] Época 23/30, Batch 2750/3348, Loss: 0.2590
2025-10-10 11:59:13,062 [INFO] Época 23/30, Batch 2800/3348, Loss: 0.4015
2025-10-10 11:59:13,321 [INFO] Época 23/30, Batch 2850/3348, Loss: 0.3641
2025-10-10 11:59:13,549 [INFO] Época 23/30, Batch 2900/3348, Loss: 0.3415
2025-10-10 11:59:13,798 [INFO] Época 23/30, Batch 2950/3348, Loss: 0.2301
2025-10-10 11:59:14,050 [INFO] Época 23/30, Batch 3000/3348, Loss: 0.2594
2025-10-10 11:59:14,309 [INFO] Época 23/30, Batch 3050/3348, Loss: 0.4575
2025-10-10 11:59:14,538 [INFO] Época 23/30, Batch 3100/3348, Loss: 0.3430
2025-10-10 11:59:14,786 [INFO] Época 23/30, Batch 3150/3348, Loss: 0.2330
2025-10-10 11:59:15,045 [INFO] Época 23/30, Batch 3200/3348, Loss: 0.2332
2025-10-10 11:59:15,305 [INFO] Época 23/30, Batch 3250/3348, Loss: 0.2923
2025-10-10 11:59:15,562 [INFO] Época 23/30, Batch 3300/3348, Loss: 0.2714
2025-10-10 11:59:17,114 [INFO] [23/30] Train Loss: 0.3643 | Val Loss: 0.2622 | Tempo: 16.90s
2025-10-10 11:59:17,114 [INFO] Early stopping ativado após 10 épocas sem melhoria
2025-10-10 11:59:17,115 [INFO] Treinamento concluído em 364.72 segundos (6.08 minutos)
2025-10-10 11:59:17,115 [INFO] Iniciando avaliação no conjunto de teste...
2025-10-10 11:59:18,494 [INFO] Avaliação do teste concluída em 1.38 segundos
2025-10-10 11:59:18,494 [INFO] MSE no teste: 0.5397
2025-10-10 11:59:18,494 [INFO] RMSE no teste: 0.7347
2025-10-10 11:59:18,494 [INFO] MAE no teste: 0.5174
2025-10-10 11:59:18,495 [INFO] Métricas salvas em /mnt/hdd/home/jdurao/ToolBox-ChemXAI/logs/mlp_att13_EState_metrics.json
