2025-10-09 17:38:13,092 [INFO] Iniciando treinamento do modelo mlp_att1_AtomPair
2025-10-09 17:38:13,092 [INFO] Configuração: att_index=1, epochs=30, layers=[128, 64, 32], lr=0.001, batch_size=32, descriptor_type=AtomPair
2025-10-09 17:38:13,092 [INFO] Diretório para modelos: /mnt/hdd/home/jdurao/ToolBox-ChemXAI/models
2025-10-09 17:38:13,092 [INFO] Carregando dados...
2025-10-09 17:38:13,187 [INFO] Preparando dataloaders sem ruído...
2025-10-09 17:38:27,827 [INFO] Dados carregados em 14.73 segundos
2025-10-09 17:38:27,827 [INFO] Tamanhos dos conjuntos - Treino: 107108, Validação: 13388, Teste: 13389
2025-10-09 17:38:27,827 [INFO] Usando dispositivo: cuda
2025-10-09 17:38:28,190 [INFO] Dimensão de entrada: 512, Dimensão de saída: 1
2025-10-09 17:38:28,191 [INFO] Criando modelo MLP com camadas: [128, 64, 32]
2025-10-09 17:38:28,195 [INFO] Modelo criado com 76033 parâmetros
2025-10-09 17:38:28,197 [INFO] Iniciando treinamento com 30 épocas...
2025-10-09 17:38:28,756 [INFO] Época 1/30, Batch 50/3348, Loss: 0.1780
2025-10-09 17:38:29,026 [INFO] Época 1/30, Batch 100/3348, Loss: 0.1373
2025-10-09 17:38:29,291 [INFO] Época 1/30, Batch 150/3348, Loss: 0.1930
2025-10-09 17:38:29,553 [INFO] Época 1/30, Batch 200/3348, Loss: 0.1234
2025-10-09 17:38:29,819 [INFO] Época 1/30, Batch 250/3348, Loss: 0.1118
2025-10-09 17:38:30,081 [INFO] Época 1/30, Batch 300/3348, Loss: 0.1368
2025-10-09 17:38:30,343 [INFO] Época 1/30, Batch 350/3348, Loss: 0.1335
2025-10-09 17:38:30,607 [INFO] Época 1/30, Batch 400/3348, Loss: 0.1380
2025-10-09 17:38:30,869 [INFO] Época 1/30, Batch 450/3348, Loss: 0.1205
2025-10-09 17:38:31,131 [INFO] Época 1/30, Batch 500/3348, Loss: 0.1641
2025-10-09 17:38:31,393 [INFO] Época 1/30, Batch 550/3348, Loss: 0.1069
2025-10-09 17:38:31,653 [INFO] Época 1/30, Batch 600/3348, Loss: 0.1252
2025-10-09 17:38:31,919 [INFO] Época 1/30, Batch 650/3348, Loss: 0.0940
2025-10-09 17:38:32,181 [INFO] Época 1/30, Batch 700/3348, Loss: 0.1255
2025-10-09 17:38:32,445 [INFO] Época 1/30, Batch 750/3348, Loss: 0.1201
2025-10-09 17:38:32,708 [INFO] Época 1/30, Batch 800/3348, Loss: 0.0974
2025-10-09 17:38:32,971 [INFO] Época 1/30, Batch 850/3348, Loss: 0.0750
2025-10-09 17:38:33,233 [INFO] Época 1/30, Batch 900/3348, Loss: 0.0879
2025-10-09 17:38:33,496 [INFO] Época 1/30, Batch 950/3348, Loss: 0.1315
2025-10-09 17:38:33,759 [INFO] Época 1/30, Batch 1000/3348, Loss: 0.1079
2025-10-09 17:38:34,023 [INFO] Época 1/30, Batch 1050/3348, Loss: 0.1301
2025-10-09 17:38:34,285 [INFO] Época 1/30, Batch 1100/3348, Loss: 0.1057
2025-10-09 17:38:34,550 [INFO] Época 1/30, Batch 1150/3348, Loss: 0.0916
2025-10-09 17:38:34,813 [INFO] Época 1/30, Batch 1200/3348, Loss: 0.1114
2025-10-09 17:38:35,076 [INFO] Época 1/30, Batch 1250/3348, Loss: 0.0918
2025-10-09 17:38:35,337 [INFO] Época 1/30, Batch 1300/3348, Loss: 0.0994
2025-10-09 17:38:35,596 [INFO] Época 1/30, Batch 1350/3348, Loss: 0.1142
2025-10-09 17:38:35,856 [INFO] Época 1/30, Batch 1400/3348, Loss: 0.1007
2025-10-09 17:38:36,115 [INFO] Época 1/30, Batch 1450/3348, Loss: 0.0902
2025-10-09 17:38:36,378 [INFO] Época 1/30, Batch 1500/3348, Loss: 0.1045
2025-10-09 17:38:36,640 [INFO] Época 1/30, Batch 1550/3348, Loss: 0.0929
2025-10-09 17:38:36,900 [INFO] Época 1/30, Batch 1600/3348, Loss: 0.0846
2025-10-09 17:38:37,156 [INFO] Época 1/30, Batch 1650/3348, Loss: 0.0838
2025-10-09 17:38:37,415 [INFO] Época 1/30, Batch 1700/3348, Loss: 0.0947
2025-10-09 17:38:37,673 [INFO] Época 1/30, Batch 1750/3348, Loss: 0.0931
2025-10-09 17:38:37,933 [INFO] Época 1/30, Batch 1800/3348, Loss: 0.0898
2025-10-09 17:38:38,193 [INFO] Época 1/30, Batch 1850/3348, Loss: 0.1056
2025-10-09 17:38:38,451 [INFO] Época 1/30, Batch 1900/3348, Loss: 0.0811
2025-10-09 17:38:38,711 [INFO] Época 1/30, Batch 1950/3348, Loss: 0.1185
2025-10-09 17:38:38,971 [INFO] Época 1/30, Batch 2000/3348, Loss: 0.1041
2025-10-09 17:38:39,233 [INFO] Época 1/30, Batch 2050/3348, Loss: 0.0820
2025-10-09 17:38:39,496 [INFO] Época 1/30, Batch 2100/3348, Loss: 0.0912
2025-10-09 17:38:39,757 [INFO] Época 1/30, Batch 2150/3348, Loss: 0.1395
2025-10-09 17:38:40,019 [INFO] Época 1/30, Batch 2200/3348, Loss: 0.1047
2025-10-09 17:38:40,280 [INFO] Época 1/30, Batch 2250/3348, Loss: 0.0766
2025-10-09 17:38:40,543 [INFO] Época 1/30, Batch 2300/3348, Loss: 0.0816
2025-10-09 17:38:40,801 [INFO] Época 1/30, Batch 2350/3348, Loss: 0.0972
2025-10-09 17:38:41,060 [INFO] Época 1/30, Batch 2400/3348, Loss: 0.0935
2025-10-09 17:38:41,319 [INFO] Época 1/30, Batch 2450/3348, Loss: 0.0875
2025-10-09 17:38:41,577 [INFO] Época 1/30, Batch 2500/3348, Loss: 0.1165
2025-10-09 17:38:41,836 [INFO] Época 1/30, Batch 2550/3348, Loss: 0.0844
2025-10-09 17:38:42,094 [INFO] Época 1/30, Batch 2600/3348, Loss: 0.0795
2025-10-09 17:38:42,351 [INFO] Época 1/30, Batch 2650/3348, Loss: 0.0823
2025-10-09 17:38:42,608 [INFO] Época 1/30, Batch 2700/3348, Loss: 0.0842
2025-10-09 17:38:42,864 [INFO] Época 1/30, Batch 2750/3348, Loss: 0.0990
2025-10-09 17:38:43,124 [INFO] Época 1/30, Batch 2800/3348, Loss: 0.0721
2025-10-09 17:38:43,384 [INFO] Época 1/30, Batch 2850/3348, Loss: 0.1143
2025-10-09 17:38:43,645 [INFO] Época 1/30, Batch 2900/3348, Loss: 0.0736
2025-10-09 17:38:43,909 [INFO] Época 1/30, Batch 2950/3348, Loss: 0.0817
2025-10-09 17:38:44,171 [INFO] Época 1/30, Batch 3000/3348, Loss: 0.1038
2025-10-09 17:38:44,433 [INFO] Época 1/30, Batch 3050/3348, Loss: 0.1040
2025-10-09 17:38:44,697 [INFO] Época 1/30, Batch 3100/3348, Loss: 0.0730
2025-10-09 17:38:44,958 [INFO] Época 1/30, Batch 3150/3348, Loss: 0.1104
2025-10-09 17:38:45,220 [INFO] Época 1/30, Batch 3200/3348, Loss: 0.0765
2025-10-09 17:38:45,479 [INFO] Época 1/30, Batch 3250/3348, Loss: 0.1176
2025-10-09 17:38:45,743 [INFO] Época 1/30, Batch 3300/3348, Loss: 0.0946
2025-10-09 17:38:47,522 [INFO] [1/30] Train Loss: 0.1120 | Val Loss: 0.0935 | Tempo: 19.32s
2025-10-09 17:38:47,527 [INFO] Melhor modelo salvo em: /mnt/hdd/home/jdurao/ToolBox-ChemXAI/models/mlp_qm9_AtomPair_att1_large.pth
2025-10-09 17:38:48,099 [INFO] Época 2/30, Batch 50/3348, Loss: 0.0935
2025-10-09 17:38:48,367 [INFO] Época 2/30, Batch 100/3348, Loss: 0.0824
2025-10-09 17:38:48,634 [INFO] Época 2/30, Batch 150/3348, Loss: 0.0814
2025-10-09 17:38:48,897 [INFO] Época 2/30, Batch 200/3348, Loss: 0.0809
2025-10-09 17:38:49,157 [INFO] Época 2/30, Batch 250/3348, Loss: 0.0773
2025-10-09 17:38:49,420 [INFO] Época 2/30, Batch 300/3348, Loss: 0.0888
2025-10-09 17:38:49,680 [INFO] Época 2/30, Batch 350/3348, Loss: 0.0766
2025-10-09 17:38:49,939 [INFO] Época 2/30, Batch 400/3348, Loss: 0.0816
2025-10-09 17:38:50,199 [INFO] Época 2/30, Batch 450/3348, Loss: 0.0839
2025-10-09 17:38:50,455 [INFO] Época 2/30, Batch 500/3348, Loss: 0.0692
2025-10-09 17:38:50,715 [INFO] Época 2/30, Batch 550/3348, Loss: 0.0748
2025-10-09 17:38:50,976 [INFO] Época 2/30, Batch 600/3348, Loss: 0.0698
2025-10-09 17:38:51,235 [INFO] Época 2/30, Batch 650/3348, Loss: 0.0720
2025-10-09 17:38:51,498 [INFO] Época 2/30, Batch 700/3348, Loss: 0.0891
2025-10-09 17:38:51,754 [INFO] Época 2/30, Batch 750/3348, Loss: 0.1061
2025-10-09 17:38:52,012 [INFO] Época 2/30, Batch 800/3348, Loss: 0.1073
2025-10-09 17:38:52,270 [INFO] Época 2/30, Batch 850/3348, Loss: 0.0799
2025-10-09 17:38:52,527 [INFO] Época 2/30, Batch 900/3348, Loss: 0.0785
2025-10-09 17:38:52,781 [INFO] Época 2/30, Batch 950/3348, Loss: 0.0711
2025-10-09 17:38:53,037 [INFO] Época 2/30, Batch 1000/3348, Loss: 0.0802
2025-10-09 17:38:53,293 [INFO] Época 2/30, Batch 1050/3348, Loss: 0.0645
2025-10-09 17:38:53,549 [INFO] Época 2/30, Batch 1100/3348, Loss: 0.0806
2025-10-09 17:38:53,806 [INFO] Época 2/30, Batch 1150/3348, Loss: 0.0794
2025-10-09 17:38:54,069 [INFO] Época 2/30, Batch 1200/3348, Loss: 0.0936
2025-10-09 17:38:54,332 [INFO] Época 2/30, Batch 1250/3348, Loss: 0.0795
2025-10-09 17:38:54,597 [INFO] Época 2/30, Batch 1300/3348, Loss: 0.0972
2025-10-09 17:38:54,858 [INFO] Época 2/30, Batch 1350/3348, Loss: 0.1081
2025-10-09 17:38:55,121 [INFO] Época 2/30, Batch 1400/3348, Loss: 0.0654
2025-10-09 17:38:55,382 [INFO] Época 2/30, Batch 1450/3348, Loss: 0.0771
2025-10-09 17:38:55,643 [INFO] Época 2/30, Batch 1500/3348, Loss: 0.1115
2025-10-09 17:38:55,905 [INFO] Época 2/30, Batch 1550/3348, Loss: 0.0807
2025-10-09 17:38:56,167 [INFO] Época 2/30, Batch 1600/3348, Loss: 0.0904
2025-10-09 17:38:56,427 [INFO] Época 2/30, Batch 1650/3348, Loss: 0.0644
2025-10-09 17:38:56,687 [INFO] Época 2/30, Batch 1700/3348, Loss: 0.0820
2025-10-09 17:38:56,949 [INFO] Época 2/30, Batch 1750/3348, Loss: 0.0657
2025-10-09 17:38:57,209 [INFO] Época 2/30, Batch 1800/3348, Loss: 0.0774
2025-10-09 17:38:57,479 [INFO] Época 2/30, Batch 1850/3348, Loss: 0.0881
2025-10-09 17:38:57,752 [INFO] Época 2/30, Batch 1900/3348, Loss: 0.0947
2025-10-09 17:38:58,022 [INFO] Época 2/30, Batch 1950/3348, Loss: 0.0676
2025-10-09 17:38:58,292 [INFO] Época 2/30, Batch 2000/3348, Loss: 0.0931
2025-10-09 17:38:58,553 [INFO] Época 2/30, Batch 2050/3348, Loss: 0.0799
2025-10-09 17:38:58,831 [INFO] Época 2/30, Batch 2100/3348, Loss: 0.0670
2025-10-09 17:38:59,108 [INFO] Época 2/30, Batch 2150/3348, Loss: 0.0841
2025-10-09 17:38:59,385 [INFO] Época 2/30, Batch 2200/3348, Loss: 0.0773
2025-10-09 17:38:59,664 [INFO] Época 2/30, Batch 2250/3348, Loss: 0.0677
2025-10-09 17:38:59,944 [INFO] Época 2/30, Batch 2300/3348, Loss: 0.0905
2025-10-09 17:39:00,223 [INFO] Época 2/30, Batch 2350/3348, Loss: 0.0933
2025-10-09 17:39:00,498 [INFO] Época 2/30, Batch 2400/3348, Loss: 0.0918
2025-10-09 17:39:00,748 [INFO] Época 2/30, Batch 2450/3348, Loss: 0.0617
2025-10-09 17:39:01,008 [INFO] Época 2/30, Batch 2500/3348, Loss: 0.1088
2025-10-09 17:39:01,283 [INFO] Época 2/30, Batch 2550/3348, Loss: 0.0854
2025-10-09 17:39:01,562 [INFO] Época 2/30, Batch 2600/3348, Loss: 0.1061
2025-10-09 17:39:01,838 [INFO] Época 2/30, Batch 2650/3348, Loss: 0.0911
2025-10-09 17:39:02,096 [INFO] Época 2/30, Batch 2700/3348, Loss: 0.0660
2025-10-09 17:39:02,352 [INFO] Época 2/30, Batch 2750/3348, Loss: 0.1015
2025-10-09 17:39:02,590 [INFO] Época 2/30, Batch 2800/3348, Loss: 0.0831
2025-10-09 17:39:02,830 [INFO] Época 2/30, Batch 2850/3348, Loss: 0.0779
2025-10-09 17:39:03,079 [INFO] Época 2/30, Batch 2900/3348, Loss: 0.0670
2025-10-09 17:39:03,320 [INFO] Época 2/30, Batch 2950/3348, Loss: 0.0944
2025-10-09 17:39:03,559 [INFO] Época 2/30, Batch 3000/3348, Loss: 0.0903
2025-10-09 17:39:03,800 [INFO] Época 2/30, Batch 3050/3348, Loss: 0.0719
2025-10-09 17:39:04,039 [INFO] Época 2/30, Batch 3100/3348, Loss: 0.0866
2025-10-09 17:39:04,278 [INFO] Época 2/30, Batch 3150/3348, Loss: 0.0784
2025-10-09 17:39:04,517 [INFO] Época 2/30, Batch 3200/3348, Loss: 0.0719
2025-10-09 17:39:04,758 [INFO] Época 2/30, Batch 3250/3348, Loss: 0.1032
2025-10-09 17:39:04,998 [INFO] Época 2/30, Batch 3300/3348, Loss: 0.0821
2025-10-09 17:39:06,849 [INFO] [2/30] Train Loss: 0.0913 | Val Loss: 0.0923 | Tempo: 19.32s
2025-10-09 17:39:06,855 [INFO] Melhor modelo salvo em: /mnt/hdd/home/jdurao/ToolBox-ChemXAI/models/mlp_qm9_AtomPair_att1_large.pth
2025-10-09 17:39:07,436 [INFO] Época 3/30, Batch 50/3348, Loss: 0.0544
2025-10-09 17:39:07,707 [INFO] Época 3/30, Batch 100/3348, Loss: 0.0648
2025-10-09 17:39:07,974 [INFO] Época 3/30, Batch 150/3348, Loss: 0.0727
2025-10-09 17:39:08,241 [INFO] Época 3/30, Batch 200/3348, Loss: 0.0630
2025-10-09 17:39:08,505 [INFO] Época 3/30, Batch 250/3348, Loss: 0.0731
2025-10-09 17:39:08,771 [INFO] Época 3/30, Batch 300/3348, Loss: 0.0891
2025-10-09 17:39:09,036 [INFO] Época 3/30, Batch 350/3348, Loss: 0.0965
2025-10-09 17:39:09,303 [INFO] Época 3/30, Batch 400/3348, Loss: 0.0816
2025-10-09 17:39:09,569 [INFO] Época 3/30, Batch 450/3348, Loss: 0.0692
2025-10-09 17:39:09,838 [INFO] Época 3/30, Batch 500/3348, Loss: 0.0791
2025-10-09 17:39:10,103 [INFO] Época 3/30, Batch 550/3348, Loss: 0.0644
2025-10-09 17:39:10,369 [INFO] Época 3/30, Batch 600/3348, Loss: 0.0894
2025-10-09 17:39:10,636 [INFO] Época 3/30, Batch 650/3348, Loss: 0.0746
2025-10-09 17:39:10,894 [INFO] Época 3/30, Batch 700/3348, Loss: 0.0943
2025-10-09 17:39:11,156 [INFO] Época 3/30, Batch 750/3348, Loss: 0.0656
2025-10-09 17:39:11,418 [INFO] Época 3/30, Batch 800/3348, Loss: 0.0791
2025-10-09 17:39:11,682 [INFO] Época 3/30, Batch 850/3348, Loss: 0.0649
2025-10-09 17:39:11,945 [INFO] Época 3/30, Batch 900/3348, Loss: 0.0843
2025-10-09 17:39:12,207 [INFO] Época 3/30, Batch 950/3348, Loss: 0.0678
2025-10-09 17:39:12,468 [INFO] Época 3/30, Batch 1000/3348, Loss: 0.0910
2025-10-09 17:39:12,730 [INFO] Época 3/30, Batch 1050/3348, Loss: 0.0839
2025-10-09 17:39:12,994 [INFO] Época 3/30, Batch 1100/3348, Loss: 0.1045
2025-10-09 17:39:13,258 [INFO] Época 3/30, Batch 1150/3348, Loss: 0.0609
2025-10-09 17:39:13,522 [INFO] Época 3/30, Batch 1200/3348, Loss: 0.0697
2025-10-09 17:39:13,784 [INFO] Época 3/30, Batch 1250/3348, Loss: 0.0630
2025-10-09 17:39:14,047 [INFO] Época 3/30, Batch 1300/3348, Loss: 0.0725
2025-10-09 17:39:14,311 [INFO] Época 3/30, Batch 1350/3348, Loss: 0.0755
2025-10-09 17:39:14,575 [INFO] Época 3/30, Batch 1400/3348, Loss: 0.0774
2025-10-09 17:39:14,842 [INFO] Época 3/30, Batch 1450/3348, Loss: 0.0634
2025-10-09 17:39:15,105 [INFO] Época 3/30, Batch 1500/3348, Loss: 0.1069
2025-10-09 17:39:15,368 [INFO] Época 3/30, Batch 1550/3348, Loss: 0.0775
2025-10-09 17:39:15,631 [INFO] Época 3/30, Batch 1600/3348, Loss: 0.0880
2025-10-09 17:39:15,894 [INFO] Época 3/30, Batch 1650/3348, Loss: 0.0570
2025-10-09 17:39:16,160 [INFO] Época 3/30, Batch 1700/3348, Loss: 0.0679
2025-10-09 17:39:16,424 [INFO] Época 3/30, Batch 1750/3348, Loss: 0.0963
2025-10-09 17:39:16,688 [INFO] Época 3/30, Batch 1800/3348, Loss: 0.0675
2025-10-09 17:39:16,955 [INFO] Época 3/30, Batch 1850/3348, Loss: 0.0688
2025-10-09 17:39:17,221 [INFO] Época 3/30, Batch 1900/3348, Loss: 0.0843
2025-10-09 17:39:17,486 [INFO] Época 3/30, Batch 1950/3348, Loss: 0.0793
2025-10-09 17:39:17,753 [INFO] Época 3/30, Batch 2000/3348, Loss: 0.0727
2025-10-09 17:39:18,019 [INFO] Época 3/30, Batch 2050/3348, Loss: 0.1293
2025-10-09 17:39:18,284 [INFO] Época 3/30, Batch 2100/3348, Loss: 0.0589
2025-10-09 17:39:18,546 [INFO] Época 3/30, Batch 2150/3348, Loss: 0.0964
2025-10-09 17:39:18,808 [INFO] Época 3/30, Batch 2200/3348, Loss: 0.0680
2025-10-09 17:39:19,072 [INFO] Época 3/30, Batch 2250/3348, Loss: 0.0667
2025-10-09 17:39:19,332 [INFO] Época 3/30, Batch 2300/3348, Loss: 0.0864
2025-10-09 17:39:19,596 [INFO] Época 3/30, Batch 2350/3348, Loss: 0.0909
2025-10-09 17:39:19,859 [INFO] Época 3/30, Batch 2400/3348, Loss: 0.0685
2025-10-09 17:39:20,128 [INFO] Época 3/30, Batch 2450/3348, Loss: 0.0753
2025-10-09 17:39:20,396 [INFO] Época 3/30, Batch 2500/3348, Loss: 0.0850
2025-10-09 17:39:20,660 [INFO] Época 3/30, Batch 2550/3348, Loss: 0.0644
2025-10-09 17:39:20,923 [INFO] Época 3/30, Batch 2600/3348, Loss: 0.0818
2025-10-09 17:39:21,186 [INFO] Época 3/30, Batch 2650/3348, Loss: 0.0898
2025-10-09 17:39:21,448 [INFO] Época 3/30, Batch 2700/3348, Loss: 0.0746
2025-10-09 17:39:21,711 [INFO] Época 3/30, Batch 2750/3348, Loss: 0.0723
2025-10-09 17:39:21,972 [INFO] Época 3/30, Batch 2800/3348, Loss: 0.0687
2025-10-09 17:39:22,233 [INFO] Época 3/30, Batch 2850/3348, Loss: 0.0576
2025-10-09 17:39:22,495 [INFO] Época 3/30, Batch 2900/3348, Loss: 0.0869
2025-10-09 17:39:22,756 [INFO] Época 3/30, Batch 2950/3348, Loss: 0.0582
2025-10-09 17:39:23,018 [INFO] Época 3/30, Batch 3000/3348, Loss: 0.0486
2025-10-09 17:39:23,279 [INFO] Época 3/30, Batch 3050/3348, Loss: 0.0822
2025-10-09 17:39:23,540 [INFO] Época 3/30, Batch 3100/3348, Loss: 0.0863
2025-10-09 17:39:23,804 [INFO] Época 3/30, Batch 3150/3348, Loss: 0.0824
2025-10-09 17:39:24,066 [INFO] Época 3/30, Batch 3200/3348, Loss: 0.0846
2025-10-09 17:39:24,329 [INFO] Época 3/30, Batch 3250/3348, Loss: 0.0872
2025-10-09 17:39:24,597 [INFO] Época 3/30, Batch 3300/3348, Loss: 0.0721
2025-10-09 17:39:26,339 [INFO] [3/30] Train Loss: 0.0842 | Val Loss: 0.0888 | Tempo: 19.48s
2025-10-09 17:39:26,344 [INFO] Melhor modelo salvo em: /mnt/hdd/home/jdurao/ToolBox-ChemXAI/models/mlp_qm9_AtomPair_att1_large.pth
2025-10-09 17:39:26,916 [INFO] Época 4/30, Batch 50/3348, Loss: 0.0837
2025-10-09 17:39:27,186 [INFO] Época 4/30, Batch 100/3348, Loss: 0.0667
2025-10-09 17:39:27,454 [INFO] Época 4/30, Batch 150/3348, Loss: 0.0721
2025-10-09 17:39:27,718 [INFO] Época 4/30, Batch 200/3348, Loss: 0.0844
2025-10-09 17:39:27,985 [INFO] Época 4/30, Batch 250/3348, Loss: 0.0574
2025-10-09 17:39:28,251 [INFO] Época 4/30, Batch 300/3348, Loss: 0.0747
2025-10-09 17:39:28,516 [INFO] Época 4/30, Batch 350/3348, Loss: 0.0641
2025-10-09 17:39:28,779 [INFO] Época 4/30, Batch 400/3348, Loss: 0.0703
2025-10-09 17:39:29,042 [INFO] Época 4/30, Batch 450/3348, Loss: 0.0606
2025-10-09 17:39:29,306 [INFO] Época 4/30, Batch 500/3348, Loss: 0.0530
2025-10-09 17:39:29,570 [INFO] Época 4/30, Batch 550/3348, Loss: 0.0736
2025-10-09 17:39:29,833 [INFO] Época 4/30, Batch 600/3348, Loss: 0.0681
2025-10-09 17:39:30,097 [INFO] Época 4/30, Batch 650/3348, Loss: 0.0711
2025-10-09 17:39:30,362 [INFO] Época 4/30, Batch 700/3348, Loss: 0.0627
2025-10-09 17:39:30,624 [INFO] Época 4/30, Batch 750/3348, Loss: 0.0584
2025-10-09 17:39:30,887 [INFO] Época 4/30, Batch 800/3348, Loss: 0.0740
2025-10-09 17:39:31,152 [INFO] Época 4/30, Batch 850/3348, Loss: 0.0628
2025-10-09 17:39:31,419 [INFO] Época 4/30, Batch 900/3348, Loss: 0.0591
2025-10-09 17:39:31,688 [INFO] Época 4/30, Batch 950/3348, Loss: 0.1003
2025-10-09 17:39:31,950 [INFO] Época 4/30, Batch 1000/3348, Loss: 0.0582
2025-10-09 17:39:32,214 [INFO] Época 4/30, Batch 1050/3348, Loss: 0.0679
2025-10-09 17:39:32,478 [INFO] Época 4/30, Batch 1100/3348, Loss: 0.0655
2025-10-09 17:39:32,741 [INFO] Época 4/30, Batch 1150/3348, Loss: 0.0648
2025-10-09 17:39:33,006 [INFO] Época 4/30, Batch 1200/3348, Loss: 0.0731
2025-10-09 17:39:33,270 [INFO] Época 4/30, Batch 1250/3348, Loss: 0.0575
2025-10-09 17:39:33,534 [INFO] Época 4/30, Batch 1300/3348, Loss: 0.0898
2025-10-09 17:39:33,797 [INFO] Época 4/30, Batch 1350/3348, Loss: 0.0808
2025-10-09 17:39:34,060 [INFO] Época 4/30, Batch 1400/3348, Loss: 0.0933
2025-10-09 17:39:34,322 [INFO] Época 4/30, Batch 1450/3348, Loss: 0.1692
2025-10-09 17:39:34,583 [INFO] Época 4/30, Batch 1500/3348, Loss: 0.0985
2025-10-09 17:39:34,849 [INFO] Época 4/30, Batch 1550/3348, Loss: 0.0715
2025-10-09 17:39:35,113 [INFO] Época 4/30, Batch 1600/3348, Loss: 0.0805
2025-10-09 17:39:35,378 [INFO] Época 4/30, Batch 1650/3348, Loss: 0.0914
2025-10-09 17:39:35,643 [INFO] Época 4/30, Batch 1700/3348, Loss: 0.0930
2025-10-09 17:39:35,906 [INFO] Época 4/30, Batch 1750/3348, Loss: 0.0681
2025-10-09 17:39:36,169 [INFO] Época 4/30, Batch 1800/3348, Loss: 0.0653
2025-10-09 17:39:36,433 [INFO] Época 4/30, Batch 1850/3348, Loss: 0.0690
2025-10-09 17:39:36,698 [INFO] Época 4/30, Batch 1900/3348, Loss: 0.0653
2025-10-09 17:39:36,961 [INFO] Época 4/30, Batch 1950/3348, Loss: 0.0725
2025-10-09 17:39:37,225 [INFO] Época 4/30, Batch 2000/3348, Loss: 0.0742
2025-10-09 17:39:37,488 [INFO] Época 4/30, Batch 2050/3348, Loss: 0.0458
2025-10-09 17:39:37,747 [INFO] Época 4/30, Batch 2100/3348, Loss: 0.0481
2025-10-09 17:39:38,008 [INFO] Época 4/30, Batch 2150/3348, Loss: 0.0780
2025-10-09 17:39:38,268 [INFO] Época 4/30, Batch 2200/3348, Loss: 0.0831
2025-10-09 17:39:38,527 [INFO] Época 4/30, Batch 2250/3348, Loss: 0.0571
2025-10-09 17:39:38,780 [INFO] Época 4/30, Batch 2300/3348, Loss: 0.0894
2025-10-09 17:39:39,019 [INFO] Época 4/30, Batch 2350/3348, Loss: 0.0642
2025-10-09 17:39:39,257 [INFO] Época 4/30, Batch 2400/3348, Loss: 0.0870
2025-10-09 17:39:39,496 [INFO] Época 4/30, Batch 2450/3348, Loss: 0.0730
2025-10-09 17:39:39,734 [INFO] Época 4/30, Batch 2500/3348, Loss: 0.0711
2025-10-09 17:39:39,969 [INFO] Época 4/30, Batch 2550/3348, Loss: 0.0759
2025-10-09 17:39:40,206 [INFO] Época 4/30, Batch 2600/3348, Loss: 0.0919
2025-10-09 17:39:40,446 [INFO] Época 4/30, Batch 2650/3348, Loss: 0.3384
2025-10-09 17:39:40,685 [INFO] Época 4/30, Batch 2700/3348, Loss: 0.0960
2025-10-09 17:39:40,925 [INFO] Época 4/30, Batch 2750/3348, Loss: 0.0894
2025-10-09 17:39:41,164 [INFO] Época 4/30, Batch 2800/3348, Loss: 0.0705
2025-10-09 17:39:41,402 [INFO] Época 4/30, Batch 2850/3348, Loss: 0.0619
2025-10-09 17:39:41,642 [INFO] Época 4/30, Batch 2900/3348, Loss: 0.0752
2025-10-09 17:39:41,882 [INFO] Época 4/30, Batch 2950/3348, Loss: 0.0920
2025-10-09 17:39:42,120 [INFO] Época 4/30, Batch 3000/3348, Loss: 0.0614
2025-10-09 17:39:42,367 [INFO] Época 4/30, Batch 3050/3348, Loss: 0.0778
2025-10-09 17:39:42,630 [INFO] Época 4/30, Batch 3100/3348, Loss: 0.0681
2025-10-09 17:39:42,892 [INFO] Época 4/30, Batch 3150/3348, Loss: 0.0917
2025-10-09 17:39:43,159 [INFO] Época 4/30, Batch 3200/3348, Loss: 0.0832
2025-10-09 17:39:43,421 [INFO] Época 4/30, Batch 3250/3348, Loss: 0.0725
2025-10-09 17:39:43,687 [INFO] Época 4/30, Batch 3300/3348, Loss: 0.0899
2025-10-09 17:39:45,565 [INFO] [4/30] Train Loss: 0.0795 | Val Loss: 0.0848 | Tempo: 19.22s
2025-10-09 17:39:45,570 [INFO] Melhor modelo salvo em: /mnt/hdd/home/jdurao/ToolBox-ChemXAI/models/mlp_qm9_AtomPair_att1_large.pth
2025-10-09 17:39:46,149 [INFO] Época 5/30, Batch 50/3348, Loss: 0.0585
2025-10-09 17:39:46,428 [INFO] Época 5/30, Batch 100/3348, Loss: 0.0900
2025-10-09 17:39:46,706 [INFO] Época 5/30, Batch 150/3348, Loss: 0.0644
2025-10-09 17:39:46,978 [INFO] Época 5/30, Batch 200/3348, Loss: 0.0646
2025-10-09 17:39:47,249 [INFO] Época 5/30, Batch 250/3348, Loss: 0.0876
2025-10-09 17:39:47,521 [INFO] Época 5/30, Batch 300/3348, Loss: 0.0625
2025-10-09 17:39:47,792 [INFO] Época 5/30, Batch 350/3348, Loss: 0.0580
2025-10-09 17:39:48,065 [INFO] Época 5/30, Batch 400/3348, Loss: 0.0566
2025-10-09 17:39:48,337 [INFO] Época 5/30, Batch 450/3348, Loss: 0.0804
2025-10-09 17:39:48,609 [INFO] Época 5/30, Batch 500/3348, Loss: 0.0601
2025-10-09 17:39:48,879 [INFO] Época 5/30, Batch 550/3348, Loss: 0.0692
2025-10-09 17:39:49,146 [INFO] Época 5/30, Batch 600/3348, Loss: 0.0713
2025-10-09 17:39:49,406 [INFO] Época 5/30, Batch 650/3348, Loss: 0.0548
2025-10-09 17:39:49,666 [INFO] Época 5/30, Batch 700/3348, Loss: 0.0751
2025-10-09 17:39:49,925 [INFO] Época 5/30, Batch 750/3348, Loss: 0.0900
2025-10-09 17:39:50,183 [INFO] Época 5/30, Batch 800/3348, Loss: 0.0536
2025-10-09 17:39:50,440 [INFO] Época 5/30, Batch 850/3348, Loss: 0.0758
2025-10-09 17:39:50,701 [INFO] Época 5/30, Batch 900/3348, Loss: 0.0705
2025-10-09 17:39:50,960 [INFO] Época 5/30, Batch 950/3348, Loss: 0.0451
2025-10-09 17:39:51,232 [INFO] Época 5/30, Batch 1000/3348, Loss: 0.0631
2025-10-09 17:39:51,509 [INFO] Época 5/30, Batch 1050/3348, Loss: 0.0651
2025-10-09 17:39:51,783 [INFO] Época 5/30, Batch 1100/3348, Loss: 0.0493
2025-10-09 17:39:52,056 [INFO] Época 5/30, Batch 1150/3348, Loss: 0.0643
2025-10-09 17:39:52,336 [INFO] Época 5/30, Batch 1200/3348, Loss: 0.0716
2025-10-09 17:39:52,604 [INFO] Época 5/30, Batch 1250/3348, Loss: 0.0591
2025-10-09 17:39:52,866 [INFO] Época 5/30, Batch 1300/3348, Loss: 0.0657
2025-10-09 17:39:53,136 [INFO] Época 5/30, Batch 1350/3348, Loss: 0.0671
2025-10-09 17:39:53,419 [INFO] Época 5/30, Batch 1400/3348, Loss: 0.0864
2025-10-09 17:39:53,700 [INFO] Época 5/30, Batch 1450/3348, Loss: 0.0929
2025-10-09 17:39:53,981 [INFO] Época 5/30, Batch 1500/3348, Loss: 0.0423
2025-10-09 17:39:54,246 [INFO] Época 5/30, Batch 1550/3348, Loss: 0.0753
2025-10-09 17:39:54,507 [INFO] Época 5/30, Batch 1600/3348, Loss: 0.0757
2025-10-09 17:39:54,768 [INFO] Época 5/30, Batch 1650/3348, Loss: 0.0630
2025-10-09 17:39:55,029 [INFO] Época 5/30, Batch 1700/3348, Loss: 0.0700
2025-10-09 17:39:55,296 [INFO] Época 5/30, Batch 1750/3348, Loss: 0.0850
2025-10-09 17:39:55,578 [INFO] Época 5/30, Batch 1800/3348, Loss: 0.0755
2025-10-09 17:39:55,845 [INFO] Época 5/30, Batch 1850/3348, Loss: 0.0693
2025-10-09 17:39:56,109 [INFO] Época 5/30, Batch 1900/3348, Loss: 0.0513
2025-10-09 17:39:56,373 [INFO] Época 5/30, Batch 1950/3348, Loss: 0.0645
2025-10-09 17:39:56,652 [INFO] Época 5/30, Batch 2000/3348, Loss: 0.0541
2025-10-09 17:39:56,934 [INFO] Época 5/30, Batch 2050/3348, Loss: 0.0759
2025-10-09 17:39:57,204 [INFO] Época 5/30, Batch 2100/3348, Loss: 0.0717
2025-10-09 17:39:57,487 [INFO] Época 5/30, Batch 2150/3348, Loss: 0.0917
2025-10-09 17:39:57,768 [INFO] Época 5/30, Batch 2200/3348, Loss: 0.0594
2025-10-09 17:39:58,050 [INFO] Época 5/30, Batch 2250/3348, Loss: 0.0675
2025-10-09 17:39:58,332 [INFO] Época 5/30, Batch 2300/3348, Loss: 0.0713
2025-10-09 17:39:58,614 [INFO] Época 5/30, Batch 2350/3348, Loss: 0.0546
2025-10-09 17:39:58,896 [INFO] Época 5/30, Batch 2400/3348, Loss: 0.0675
2025-10-09 17:39:59,169 [INFO] Época 5/30, Batch 2450/3348, Loss: 0.0733
2025-10-09 17:39:59,433 [INFO] Época 5/30, Batch 2500/3348, Loss: 0.0692
2025-10-09 17:39:59,695 [INFO] Época 5/30, Batch 2550/3348, Loss: 0.0555
2025-10-09 17:39:59,960 [INFO] Época 5/30, Batch 2600/3348, Loss: 0.0785
2025-10-09 17:40:00,239 [INFO] Época 5/30, Batch 2650/3348, Loss: 0.0725
2025-10-09 17:40:00,521 [INFO] Época 5/30, Batch 2700/3348, Loss: 0.0770
2025-10-09 17:40:00,802 [INFO] Época 5/30, Batch 2750/3348, Loss: 0.0713
2025-10-09 17:40:01,076 [INFO] Época 5/30, Batch 2800/3348, Loss: 0.0660
2025-10-09 17:40:01,337 [INFO] Época 5/30, Batch 2850/3348, Loss: 0.0710
2025-10-09 17:40:01,599 [INFO] Época 5/30, Batch 2900/3348, Loss: 0.0663
2025-10-09 17:40:01,862 [INFO] Época 5/30, Batch 2950/3348, Loss: 0.0598
2025-10-09 17:40:02,125 [INFO] Época 5/30, Batch 3000/3348, Loss: 0.0626
2025-10-09 17:40:02,386 [INFO] Época 5/30, Batch 3050/3348, Loss: 0.0603
2025-10-09 17:40:02,649 [INFO] Época 5/30, Batch 3100/3348, Loss: 0.1057
2025-10-09 17:40:02,912 [INFO] Época 5/30, Batch 3150/3348, Loss: 0.0787
2025-10-09 17:40:03,177 [INFO] Época 5/30, Batch 3200/3348, Loss: 0.0671
2025-10-09 17:40:03,441 [INFO] Época 5/30, Batch 3250/3348, Loss: 0.0655
2025-10-09 17:40:03,704 [INFO] Época 5/30, Batch 3300/3348, Loss: 0.0775
2025-10-09 17:40:05,602 [INFO] [5/30] Train Loss: 0.0762 | Val Loss: 0.0864 | Tempo: 20.03s
2025-10-09 17:40:06,189 [INFO] Época 6/30, Batch 50/3348, Loss: 0.0655
2025-10-09 17:40:06,470 [INFO] Época 6/30, Batch 100/3348, Loss: 0.0767
2025-10-09 17:40:06,749 [INFO] Época 6/30, Batch 150/3348, Loss: 0.0733
2025-10-09 17:40:07,024 [INFO] Época 6/30, Batch 200/3348, Loss: 0.0768
2025-10-09 17:40:07,300 [INFO] Época 6/30, Batch 250/3348, Loss: 0.0667
2025-10-09 17:40:07,574 [INFO] Época 6/30, Batch 300/3348, Loss: 0.0688
2025-10-09 17:40:07,847 [INFO] Época 6/30, Batch 350/3348, Loss: 0.0662
2025-10-09 17:40:08,122 [INFO] Época 6/30, Batch 400/3348, Loss: 0.0566
2025-10-09 17:40:08,399 [INFO] Época 6/30, Batch 450/3348, Loss: 0.0691
2025-10-09 17:40:08,675 [INFO] Época 6/30, Batch 500/3348, Loss: 0.0588
2025-10-09 17:40:08,950 [INFO] Época 6/30, Batch 550/3348, Loss: 0.0784
2025-10-09 17:40:09,224 [INFO] Época 6/30, Batch 600/3348, Loss: 0.0844
2025-10-09 17:40:09,499 [INFO] Época 6/30, Batch 650/3348, Loss: 0.0732
2025-10-09 17:40:09,773 [INFO] Época 6/30, Batch 700/3348, Loss: 0.0487
2025-10-09 17:40:10,049 [INFO] Época 6/30, Batch 750/3348, Loss: 0.0665
2025-10-09 17:40:10,324 [INFO] Época 6/30, Batch 800/3348, Loss: 0.0737
2025-10-09 17:40:10,598 [INFO] Época 6/30, Batch 850/3348, Loss: 0.0901
2025-10-09 17:40:10,871 [INFO] Época 6/30, Batch 900/3348, Loss: 0.0819
2025-10-09 17:40:11,140 [INFO] Época 6/30, Batch 950/3348, Loss: 0.0673
2025-10-09 17:40:11,405 [INFO] Época 6/30, Batch 1000/3348, Loss: 0.0736
2025-10-09 17:40:11,671 [INFO] Época 6/30, Batch 1050/3348, Loss: 0.0511
2025-10-09 17:40:11,937 [INFO] Época 6/30, Batch 1100/3348, Loss: 0.0902
2025-10-09 17:40:12,203 [INFO] Época 6/30, Batch 1150/3348, Loss: 0.0774
2025-10-09 17:40:12,467 [INFO] Época 6/30, Batch 1200/3348, Loss: 0.0756
2025-10-09 17:40:12,736 [INFO] Época 6/30, Batch 1250/3348, Loss: 0.0605
2025-10-09 17:40:13,001 [INFO] Época 6/30, Batch 1300/3348, Loss: 0.1247
2025-10-09 17:40:13,277 [INFO] Época 6/30, Batch 1350/3348, Loss: 0.0516
2025-10-09 17:40:13,557 [INFO] Época 6/30, Batch 1400/3348, Loss: 0.0583
2025-10-09 17:40:13,831 [INFO] Época 6/30, Batch 1450/3348, Loss: 0.0730
2025-10-09 17:40:14,103 [INFO] Época 6/30, Batch 1500/3348, Loss: 0.0678
2025-10-09 17:40:14,375 [INFO] Época 6/30, Batch 1550/3348, Loss: 0.0648
2025-10-09 17:40:14,648 [INFO] Época 6/30, Batch 1600/3348, Loss: 0.0650
2025-10-09 17:40:14,895 [INFO] Época 6/30, Batch 1650/3348, Loss: 0.0742
2025-10-09 17:40:15,157 [INFO] Época 6/30, Batch 1700/3348, Loss: 0.0644
2025-10-09 17:40:15,418 [INFO] Época 6/30, Batch 1750/3348, Loss: 0.0630
2025-10-09 17:40:15,680 [INFO] Época 6/30, Batch 1800/3348, Loss: 0.0608
2025-10-09 17:40:15,942 [INFO] Época 6/30, Batch 1850/3348, Loss: 0.0710
2025-10-09 17:40:16,192 [INFO] Época 6/30, Batch 1900/3348, Loss: 0.0747
2025-10-09 17:40:16,441 [INFO] Época 6/30, Batch 1950/3348, Loss: 0.0637
2025-10-09 17:40:16,684 [INFO] Época 6/30, Batch 2000/3348, Loss: 0.0634
2025-10-09 17:40:16,921 [INFO] Época 6/30, Batch 2050/3348, Loss: 0.0590
2025-10-09 17:40:17,158 [INFO] Época 6/30, Batch 2100/3348, Loss: 0.0681
2025-10-09 17:40:17,395 [INFO] Época 6/30, Batch 2150/3348, Loss: 0.0792
2025-10-09 17:40:17,633 [INFO] Época 6/30, Batch 2200/3348, Loss: 0.0632
2025-10-09 17:40:17,870 [INFO] Época 6/30, Batch 2250/3348, Loss: 0.0582
2025-10-09 17:40:18,115 [INFO] Época 6/30, Batch 2300/3348, Loss: 0.0563
2025-10-09 17:40:18,372 [INFO] Época 6/30, Batch 2350/3348, Loss: 0.0678
2025-10-09 17:40:18,629 [INFO] Época 6/30, Batch 2400/3348, Loss: 0.0654
2025-10-09 17:40:18,888 [INFO] Época 6/30, Batch 2450/3348, Loss: 0.0697
2025-10-09 17:40:19,146 [INFO] Época 6/30, Batch 2500/3348, Loss: 0.0818
2025-10-09 17:40:19,406 [INFO] Época 6/30, Batch 2550/3348, Loss: 0.0671
2025-10-09 17:40:19,664 [INFO] Época 6/30, Batch 2600/3348, Loss: 0.0870
2025-10-09 17:40:19,910 [INFO] Época 6/30, Batch 2650/3348, Loss: 0.0818
2025-10-09 17:40:20,167 [INFO] Época 6/30, Batch 2700/3348, Loss: 0.0708
2025-10-09 17:40:20,429 [INFO] Época 6/30, Batch 2750/3348, Loss: 0.0701
2025-10-09 17:40:20,689 [INFO] Época 6/30, Batch 2800/3348, Loss: 0.0701
2025-10-09 17:40:20,951 [INFO] Época 6/30, Batch 2850/3348, Loss: 0.0753
2025-10-09 17:40:21,211 [INFO] Época 6/30, Batch 2900/3348, Loss: 0.0626
2025-10-09 17:40:21,472 [INFO] Época 6/30, Batch 2950/3348, Loss: 0.0762
2025-10-09 17:40:21,733 [INFO] Época 6/30, Batch 3000/3348, Loss: 0.0671
2025-10-09 17:40:21,996 [INFO] Época 6/30, Batch 3050/3348, Loss: 0.0621
2025-10-09 17:40:22,276 [INFO] Época 6/30, Batch 3100/3348, Loss: 0.0601
2025-10-09 17:40:22,558 [INFO] Época 6/30, Batch 3150/3348, Loss: 0.0622
2025-10-09 17:40:22,841 [INFO] Época 6/30, Batch 3200/3348, Loss: 0.0606
2025-10-09 17:40:23,110 [INFO] Época 6/30, Batch 3250/3348, Loss: 0.0502
2025-10-09 17:40:23,372 [INFO] Época 6/30, Batch 3300/3348, Loss: 0.0754
2025-10-09 17:40:25,200 [INFO] [6/30] Train Loss: 0.0734 | Val Loss: 0.0858 | Tempo: 19.60s
2025-10-09 17:40:25,766 [INFO] Época 7/30, Batch 50/3348, Loss: 0.0612
2025-10-09 17:40:26,034 [INFO] Época 7/30, Batch 100/3348, Loss: 0.0619
2025-10-09 17:40:26,300 [INFO] Época 7/30, Batch 150/3348, Loss: 0.0615
2025-10-09 17:40:26,565 [INFO] Época 7/30, Batch 200/3348, Loss: 0.0502
2025-10-09 17:40:26,829 [INFO] Época 7/30, Batch 250/3348, Loss: 0.0708
2025-10-09 17:40:27,094 [INFO] Época 7/30, Batch 300/3348, Loss: 0.0752
2025-10-09 17:40:27,360 [INFO] Época 7/30, Batch 350/3348, Loss: 0.0748
2025-10-09 17:40:27,626 [INFO] Época 7/30, Batch 400/3348, Loss: 0.0615
2025-10-09 17:40:27,896 [INFO] Época 7/30, Batch 450/3348, Loss: 0.0567
2025-10-09 17:40:28,167 [INFO] Época 7/30, Batch 500/3348, Loss: 0.0626
2025-10-09 17:40:28,441 [INFO] Época 7/30, Batch 550/3348, Loss: 0.0590
2025-10-09 17:40:28,732 [INFO] Época 7/30, Batch 600/3348, Loss: 0.0443
2025-10-09 17:40:29,022 [INFO] Época 7/30, Batch 650/3348, Loss: 0.0578
2025-10-09 17:40:29,297 [INFO] Época 7/30, Batch 700/3348, Loss: 0.0593
2025-10-09 17:40:29,578 [INFO] Época 7/30, Batch 750/3348, Loss: 0.0733
2025-10-09 17:40:29,856 [INFO] Época 7/30, Batch 800/3348, Loss: 0.0775
2025-10-09 17:40:30,136 [INFO] Época 7/30, Batch 850/3348, Loss: 0.0798
2025-10-09 17:40:30,420 [INFO] Época 7/30, Batch 900/3348, Loss: 0.0722
2025-10-09 17:40:30,687 [INFO] Época 7/30, Batch 950/3348, Loss: 0.0582
2025-10-09 17:40:30,948 [INFO] Época 7/30, Batch 1000/3348, Loss: 0.0832
2025-10-09 17:40:31,208 [INFO] Época 7/30, Batch 1050/3348, Loss: 0.0554
2025-10-09 17:40:31,470 [INFO] Época 7/30, Batch 1100/3348, Loss: 0.0779
2025-10-09 17:40:31,733 [INFO] Época 7/30, Batch 1150/3348, Loss: 0.0720
2025-10-09 17:40:31,996 [INFO] Época 7/30, Batch 1200/3348, Loss: 0.0559
2025-10-09 17:40:32,258 [INFO] Época 7/30, Batch 1250/3348, Loss: 0.0604
2025-10-09 17:40:32,522 [INFO] Época 7/30, Batch 1300/3348, Loss: 0.0759
2025-10-09 17:40:32,786 [INFO] Época 7/30, Batch 1350/3348, Loss: 0.0502
2025-10-09 17:40:33,049 [INFO] Época 7/30, Batch 1400/3348, Loss: 0.0657
2025-10-09 17:40:33,323 [INFO] Época 7/30, Batch 1450/3348, Loss: 0.0558
2025-10-09 17:40:33,621 [INFO] Época 7/30, Batch 1500/3348, Loss: 0.0515
2025-10-09 17:40:33,917 [INFO] Época 7/30, Batch 1550/3348, Loss: 0.0594
2025-10-09 17:40:34,214 [INFO] Época 7/30, Batch 1600/3348, Loss: 0.0647
2025-10-09 17:40:34,509 [INFO] Época 7/30, Batch 1650/3348, Loss: 0.0705
2025-10-09 17:40:34,789 [INFO] Época 7/30, Batch 1700/3348, Loss: 0.0712
2025-10-09 17:40:35,078 [INFO] Época 7/30, Batch 1750/3348, Loss: 0.0733
2025-10-09 17:40:35,374 [INFO] Época 7/30, Batch 1800/3348, Loss: 0.0713
2025-10-09 17:40:35,655 [INFO] Época 7/30, Batch 1850/3348, Loss: 0.0675
2025-10-09 17:40:35,926 [INFO] Época 7/30, Batch 1900/3348, Loss: 0.0626
2025-10-09 17:40:36,206 [INFO] Época 7/30, Batch 1950/3348, Loss: 0.0632
2025-10-09 17:40:36,489 [INFO] Época 7/30, Batch 2000/3348, Loss: 0.0590
2025-10-09 17:40:36,758 [INFO] Época 7/30, Batch 2050/3348, Loss: 0.0868
2025-10-09 17:40:37,025 [INFO] Época 7/30, Batch 2100/3348, Loss: 0.0557
2025-10-09 17:40:37,291 [INFO] Época 7/30, Batch 2150/3348, Loss: 0.0502
2025-10-09 17:40:37,559 [INFO] Época 7/30, Batch 2200/3348, Loss: 0.0595
2025-10-09 17:40:37,846 [INFO] Época 7/30, Batch 2250/3348, Loss: 0.0695
2025-10-09 17:40:38,115 [INFO] Época 7/30, Batch 2300/3348, Loss: 0.0768
2025-10-09 17:40:38,378 [INFO] Época 7/30, Batch 2350/3348, Loss: 0.0710
2025-10-09 17:40:38,642 [INFO] Época 7/30, Batch 2400/3348, Loss: 0.0656
2025-10-09 17:40:38,907 [INFO] Época 7/30, Batch 2450/3348, Loss: 0.0653
2025-10-09 17:40:39,175 [INFO] Época 7/30, Batch 2500/3348, Loss: 0.1698
2025-10-09 17:40:39,441 [INFO] Época 7/30, Batch 2550/3348, Loss: 0.0649
2025-10-09 17:40:39,723 [INFO] Época 7/30, Batch 2600/3348, Loss: 0.0638
2025-10-09 17:40:40,003 [INFO] Época 7/30, Batch 2650/3348, Loss: 0.0619
2025-10-09 17:40:40,284 [INFO] Época 7/30, Batch 2700/3348, Loss: 0.0748
2025-10-09 17:40:40,562 [INFO] Época 7/30, Batch 2750/3348, Loss: 0.0652
2025-10-09 17:40:40,831 [INFO] Época 7/30, Batch 2800/3348, Loss: 0.0525
2025-10-09 17:40:41,096 [INFO] Época 7/30, Batch 2850/3348, Loss: 0.0555
2025-10-09 17:40:41,362 [INFO] Época 7/30, Batch 2900/3348, Loss: 0.0717
2025-10-09 17:40:41,628 [INFO] Época 7/30, Batch 2950/3348, Loss: 0.0725
2025-10-09 17:40:41,893 [INFO] Época 7/30, Batch 3000/3348, Loss: 0.0676
2025-10-09 17:40:42,159 [INFO] Época 7/30, Batch 3050/3348, Loss: 0.0495
2025-10-09 17:40:42,425 [INFO] Época 7/30, Batch 3100/3348, Loss: 0.0728
2025-10-09 17:40:42,690 [INFO] Época 7/30, Batch 3150/3348, Loss: 0.0513
2025-10-09 17:40:42,953 [INFO] Época 7/30, Batch 3200/3348, Loss: 0.0632
2025-10-09 17:40:43,218 [INFO] Época 7/30, Batch 3250/3348, Loss: 0.0732
2025-10-09 17:40:43,483 [INFO] Época 7/30, Batch 3300/3348, Loss: 0.0661
2025-10-09 17:40:45,337 [INFO] [7/30] Train Loss: 0.0711 | Val Loss: 0.0875 | Tempo: 20.14s
2025-10-09 17:40:45,901 [INFO] Época 8/30, Batch 50/3348, Loss: 0.0501
2025-10-09 17:40:46,169 [INFO] Época 8/30, Batch 100/3348, Loss: 0.0612
2025-10-09 17:40:46,436 [INFO] Época 8/30, Batch 150/3348, Loss: 0.0510
2025-10-09 17:40:46,701 [INFO] Época 8/30, Batch 200/3348, Loss: 0.0479
2025-10-09 17:40:46,968 [INFO] Época 8/30, Batch 250/3348, Loss: 0.0749
2025-10-09 17:40:47,232 [INFO] Época 8/30, Batch 300/3348, Loss: 0.0501
2025-10-09 17:40:47,496 [INFO] Época 8/30, Batch 350/3348, Loss: 0.0592
2025-10-09 17:40:47,758 [INFO] Época 8/30, Batch 400/3348, Loss: 0.0673
2025-10-09 17:40:48,022 [INFO] Época 8/30, Batch 450/3348, Loss: 0.0674
2025-10-09 17:40:48,292 [INFO] Época 8/30, Batch 500/3348, Loss: 0.0749
2025-10-09 17:40:48,558 [INFO] Época 8/30, Batch 550/3348, Loss: 0.0446
2025-10-09 17:40:48,823 [INFO] Época 8/30, Batch 600/3348, Loss: 0.0645
2025-10-09 17:40:49,086 [INFO] Época 8/30, Batch 650/3348, Loss: 0.0634
2025-10-09 17:40:49,345 [INFO] Época 8/30, Batch 700/3348, Loss: 0.0726
2025-10-09 17:40:49,598 [INFO] Época 8/30, Batch 750/3348, Loss: 0.0491
2025-10-09 17:40:49,852 [INFO] Época 8/30, Batch 800/3348, Loss: 0.0556
2025-10-09 17:40:50,104 [INFO] Época 8/30, Batch 850/3348, Loss: 0.0516
2025-10-09 17:40:50,360 [INFO] Época 8/30, Batch 900/3348, Loss: 0.0595
2025-10-09 17:40:50,614 [INFO] Época 8/30, Batch 950/3348, Loss: 0.0552
2025-10-09 17:40:50,874 [INFO] Época 8/30, Batch 1000/3348, Loss: 0.0848
2025-10-09 17:40:51,150 [INFO] Época 8/30, Batch 1050/3348, Loss: 0.0452
2025-10-09 17:40:51,425 [INFO] Época 8/30, Batch 1100/3348, Loss: 0.0771
2025-10-09 17:40:51,695 [INFO] Época 8/30, Batch 1150/3348, Loss: 0.0811
2025-10-09 17:40:51,960 [INFO] Época 8/30, Batch 1200/3348, Loss: 0.0599
2025-10-09 17:40:52,224 [INFO] Época 8/30, Batch 1250/3348, Loss: 0.0660
2025-10-09 17:40:52,481 [INFO] Época 8/30, Batch 1300/3348, Loss: 0.0600
2025-10-09 17:40:52,738 [INFO] Época 8/30, Batch 1350/3348, Loss: 0.0870
2025-10-09 17:40:52,996 [INFO] Época 8/30, Batch 1400/3348, Loss: 0.0502
2025-10-09 17:40:53,254 [INFO] Época 8/30, Batch 1450/3348, Loss: 0.0595
2025-10-09 17:40:53,506 [INFO] Época 8/30, Batch 1500/3348, Loss: 0.0592
2025-10-09 17:40:53,748 [INFO] Época 8/30, Batch 1550/3348, Loss: 0.0577
2025-10-09 17:40:53,989 [INFO] Época 8/30, Batch 1600/3348, Loss: 0.0553
2025-10-09 17:40:54,230 [INFO] Época 8/30, Batch 1650/3348, Loss: 0.0531
2025-10-09 17:40:54,471 [INFO] Época 8/30, Batch 1700/3348, Loss: 0.0727
2025-10-09 17:40:54,711 [INFO] Época 8/30, Batch 1750/3348, Loss: 0.0794
2025-10-09 17:40:54,953 [INFO] Época 8/30, Batch 1800/3348, Loss: 0.0739
2025-10-09 17:40:55,195 [INFO] Época 8/30, Batch 1850/3348, Loss: 0.0612
2025-10-09 17:40:55,433 [INFO] Época 8/30, Batch 1900/3348, Loss: 0.0702
2025-10-09 17:40:55,678 [INFO] Época 8/30, Batch 1950/3348, Loss: 0.0703
2025-10-09 17:40:55,924 [INFO] Época 8/30, Batch 2000/3348, Loss: 0.1145
2025-10-09 17:40:56,167 [INFO] Época 8/30, Batch 2050/3348, Loss: 0.0627
2025-10-09 17:40:56,409 [INFO] Época 8/30, Batch 2100/3348, Loss: 0.0565
2025-10-09 17:40:56,657 [INFO] Época 8/30, Batch 2150/3348, Loss: 0.0662
2025-10-09 17:40:56,903 [INFO] Época 8/30, Batch 2200/3348, Loss: 0.0776
2025-10-09 17:40:57,151 [INFO] Época 8/30, Batch 2250/3348, Loss: 0.0558
2025-10-09 17:40:57,409 [INFO] Época 8/30, Batch 2300/3348, Loss: 0.0618
2025-10-09 17:40:57,673 [INFO] Época 8/30, Batch 2350/3348, Loss: 0.0721
2025-10-09 17:40:57,940 [INFO] Época 8/30, Batch 2400/3348, Loss: 0.0428
2025-10-09 17:40:58,208 [INFO] Época 8/30, Batch 2450/3348, Loss: 0.0801
2025-10-09 17:40:58,472 [INFO] Época 8/30, Batch 2500/3348, Loss: 0.0699
2025-10-09 17:40:58,737 [INFO] Época 8/30, Batch 2550/3348, Loss: 0.0608
2025-10-09 17:40:59,002 [INFO] Época 8/30, Batch 2600/3348, Loss: 0.0576
2025-10-09 17:40:59,266 [INFO] Época 8/30, Batch 2650/3348, Loss: 0.0755
2025-10-09 17:40:59,529 [INFO] Época 8/30, Batch 2700/3348, Loss: 0.0570
2025-10-09 17:40:59,792 [INFO] Época 8/30, Batch 2750/3348, Loss: 0.0418
2025-10-09 17:41:00,057 [INFO] Época 8/30, Batch 2800/3348, Loss: 0.0744
2025-10-09 17:41:00,319 [INFO] Época 8/30, Batch 2850/3348, Loss: 0.0673
2025-10-09 17:41:00,584 [INFO] Época 8/30, Batch 2900/3348, Loss: 0.0479
2025-10-09 17:41:00,848 [INFO] Época 8/30, Batch 2950/3348, Loss: 0.0683
2025-10-09 17:41:01,111 [INFO] Época 8/30, Batch 3000/3348, Loss: 0.0646
2025-10-09 17:41:01,375 [INFO] Época 8/30, Batch 3050/3348, Loss: 0.0600
2025-10-09 17:41:01,641 [INFO] Época 8/30, Batch 3100/3348, Loss: 0.0680
2025-10-09 17:41:01,904 [INFO] Época 8/30, Batch 3150/3348, Loss: 0.0668
2025-10-09 17:41:02,167 [INFO] Época 8/30, Batch 3200/3348, Loss: 0.0894
2025-10-09 17:41:02,431 [INFO] Época 8/30, Batch 3250/3348, Loss: 0.0571
2025-10-09 17:41:02,695 [INFO] Época 8/30, Batch 3300/3348, Loss: 0.0773
2025-10-09 17:41:04,520 [INFO] [8/30] Train Loss: 0.0695 | Val Loss: 0.0860 | Tempo: 19.18s
2025-10-09 17:41:05,066 [INFO] Época 9/30, Batch 50/3348, Loss: 0.0677
2025-10-09 17:41:05,341 [INFO] Época 9/30, Batch 100/3348, Loss: 0.0831
2025-10-09 17:41:05,615 [INFO] Época 9/30, Batch 150/3348, Loss: 0.0642
2025-10-09 17:41:05,881 [INFO] Época 9/30, Batch 200/3348, Loss: 0.0463
2025-10-09 17:41:06,144 [INFO] Época 9/30, Batch 250/3348, Loss: 0.0441
2025-10-09 17:41:06,410 [INFO] Época 9/30, Batch 300/3348, Loss: 0.0560
2025-10-09 17:41:06,679 [INFO] Época 9/30, Batch 350/3348, Loss: 0.0617
2025-10-09 17:41:06,941 [INFO] Época 9/30, Batch 400/3348, Loss: 0.0678
2025-10-09 17:41:07,204 [INFO] Época 9/30, Batch 450/3348, Loss: 0.0524
2025-10-09 17:41:07,467 [INFO] Época 9/30, Batch 500/3348, Loss: 0.0489
2025-10-09 17:41:07,731 [INFO] Época 9/30, Batch 550/3348, Loss: 0.0630
2025-10-09 17:41:07,994 [INFO] Época 9/30, Batch 600/3348, Loss: 0.0724
2025-10-09 17:41:08,258 [INFO] Época 9/30, Batch 650/3348, Loss: 0.0742
2025-10-09 17:41:08,522 [INFO] Época 9/30, Batch 700/3348, Loss: 0.0597
2025-10-09 17:41:08,785 [INFO] Época 9/30, Batch 750/3348, Loss: 0.0667
2025-10-09 17:41:09,050 [INFO] Época 9/30, Batch 800/3348, Loss: 0.0597
2025-10-09 17:41:09,309 [INFO] Época 9/30, Batch 850/3348, Loss: 0.0705
2025-10-09 17:41:09,567 [INFO] Época 9/30, Batch 900/3348, Loss: 0.0756
2025-10-09 17:41:09,823 [INFO] Época 9/30, Batch 950/3348, Loss: 0.0680
2025-10-09 17:41:10,081 [INFO] Época 9/30, Batch 1000/3348, Loss: 0.0650
2025-10-09 17:41:10,339 [INFO] Época 9/30, Batch 1050/3348, Loss: 0.0766
2025-10-09 17:41:10,596 [INFO] Época 9/30, Batch 1100/3348, Loss: 0.0585
2025-10-09 17:41:10,854 [INFO] Época 9/30, Batch 1150/3348, Loss: 0.0625
2025-10-09 17:41:11,114 [INFO] Época 9/30, Batch 1200/3348, Loss: 0.0785
2025-10-09 17:41:11,373 [INFO] Época 9/30, Batch 1250/3348, Loss: 0.0625
2025-10-09 17:41:11,638 [INFO] Época 9/30, Batch 1300/3348, Loss: 0.0565
2025-10-09 17:41:11,903 [INFO] Época 9/30, Batch 1350/3348, Loss: 0.0812
2025-10-09 17:41:12,176 [INFO] Época 9/30, Batch 1400/3348, Loss: 0.0465
2025-10-09 17:41:12,450 [INFO] Época 9/30, Batch 1450/3348, Loss: 0.0456
2025-10-09 17:41:12,722 [INFO] Época 9/30, Batch 1500/3348, Loss: 0.0743
2025-10-09 17:41:12,992 [INFO] Época 9/30, Batch 1550/3348, Loss: 0.0637
2025-10-09 17:41:13,266 [INFO] Época 9/30, Batch 1600/3348, Loss: 0.0455
2025-10-09 17:41:13,537 [INFO] Época 9/30, Batch 1650/3348, Loss: 0.0620
2025-10-09 17:41:13,809 [INFO] Época 9/30, Batch 1700/3348, Loss: 0.0456
2025-10-09 17:41:14,082 [INFO] Época 9/30, Batch 1750/3348, Loss: 0.0626
2025-10-09 17:41:14,346 [INFO] Época 9/30, Batch 1800/3348, Loss: 0.0785
2025-10-09 17:41:14,608 [INFO] Época 9/30, Batch 1850/3348, Loss: 0.0598
2025-10-09 17:41:14,873 [INFO] Época 9/30, Batch 1900/3348, Loss: 0.0482
2025-10-09 17:41:15,144 [INFO] Época 9/30, Batch 1950/3348, Loss: 0.0711
2025-10-09 17:41:15,414 [INFO] Época 9/30, Batch 2000/3348, Loss: 0.0581
2025-10-09 17:41:15,677 [INFO] Época 9/30, Batch 2050/3348, Loss: 0.0694
2025-10-09 17:41:15,940 [INFO] Época 9/30, Batch 2100/3348, Loss: 0.0462
2025-10-09 17:41:16,202 [INFO] Época 9/30, Batch 2150/3348, Loss: 0.0543
2025-10-09 17:41:16,463 [INFO] Época 9/30, Batch 2200/3348, Loss: 0.0483
2025-10-09 17:41:16,724 [INFO] Época 9/30, Batch 2250/3348, Loss: 0.0622
2025-10-09 17:41:16,985 [INFO] Época 9/30, Batch 2300/3348, Loss: 0.0642
2025-10-09 17:41:17,260 [INFO] Época 9/30, Batch 2350/3348, Loss: 0.0674
2025-10-09 17:41:17,531 [INFO] Época 9/30, Batch 2400/3348, Loss: 0.0667
2025-10-09 17:41:17,803 [INFO] Época 9/30, Batch 2450/3348, Loss: 0.0722
2025-10-09 17:41:18,076 [INFO] Época 9/30, Batch 2500/3348, Loss: 0.0680
2025-10-09 17:41:18,339 [INFO] Época 9/30, Batch 2550/3348, Loss: 0.0926
2025-10-09 17:41:18,605 [INFO] Época 9/30, Batch 2600/3348, Loss: 0.0687
2025-10-09 17:41:18,869 [INFO] Época 9/30, Batch 2650/3348, Loss: 0.0577
2025-10-09 17:41:19,133 [INFO] Época 9/30, Batch 2700/3348, Loss: 0.0548
2025-10-09 17:41:19,396 [INFO] Época 9/30, Batch 2750/3348, Loss: 0.0343
2025-10-09 17:41:19,659 [INFO] Época 9/30, Batch 2800/3348, Loss: 0.0620
2025-10-09 17:41:19,923 [INFO] Época 9/30, Batch 2850/3348, Loss: 0.0766
2025-10-09 17:41:20,186 [INFO] Época 9/30, Batch 2900/3348, Loss: 0.0403
2025-10-09 17:41:20,450 [INFO] Época 9/30, Batch 2950/3348, Loss: 0.0619
2025-10-09 17:41:20,712 [INFO] Época 9/30, Batch 3000/3348, Loss: 0.0823
2025-10-09 17:41:20,973 [INFO] Época 9/30, Batch 3050/3348, Loss: 0.0563
2025-10-09 17:41:21,238 [INFO] Época 9/30, Batch 3100/3348, Loss: 0.0589
2025-10-09 17:41:21,501 [INFO] Época 9/30, Batch 3150/3348, Loss: 0.0579
2025-10-09 17:41:21,763 [INFO] Época 9/30, Batch 3200/3348, Loss: 0.0608
2025-10-09 17:41:22,025 [INFO] Época 9/30, Batch 3250/3348, Loss: 0.0611
2025-10-09 17:41:22,286 [INFO] Época 9/30, Batch 3300/3348, Loss: 0.0682
2025-10-09 17:41:24,118 [INFO] [9/30] Train Loss: 0.0678 | Val Loss: 0.0849 | Tempo: 19.60s
2025-10-09 17:41:24,716 [INFO] Época 10/30, Batch 50/3348, Loss: 0.0629
2025-10-09 17:41:24,993 [INFO] Época 10/30, Batch 100/3348, Loss: 0.0587
2025-10-09 17:41:25,267 [INFO] Época 10/30, Batch 150/3348, Loss: 0.0416
2025-10-09 17:41:25,539 [INFO] Época 10/30, Batch 200/3348, Loss: 0.0615
2025-10-09 17:41:25,811 [INFO] Época 10/30, Batch 250/3348, Loss: 0.0714
2025-10-09 17:41:26,085 [INFO] Época 10/30, Batch 300/3348, Loss: 0.0532
2025-10-09 17:41:26,355 [INFO] Época 10/30, Batch 350/3348, Loss: 0.0558
2025-10-09 17:41:26,625 [INFO] Época 10/30, Batch 400/3348, Loss: 0.0556
2025-10-09 17:41:26,895 [INFO] Época 10/30, Batch 450/3348, Loss: 0.0459
2025-10-09 17:41:27,166 [INFO] Época 10/30, Batch 500/3348, Loss: 0.0473
2025-10-09 17:41:27,440 [INFO] Época 10/30, Batch 550/3348, Loss: 0.0643
2025-10-09 17:41:27,713 [INFO] Época 10/30, Batch 600/3348, Loss: 0.0493
2025-10-09 17:41:27,977 [INFO] Época 10/30, Batch 650/3348, Loss: 0.0418
2025-10-09 17:41:28,246 [INFO] Época 10/30, Batch 700/3348, Loss: 0.0613
2025-10-09 17:41:28,520 [INFO] Época 10/30, Batch 750/3348, Loss: 0.0492
2025-10-09 17:41:28,788 [INFO] Época 10/30, Batch 800/3348, Loss: 0.0505
2025-10-09 17:41:29,049 [INFO] Época 10/30, Batch 850/3348, Loss: 0.0559
2025-10-09 17:41:29,308 [INFO] Época 10/30, Batch 900/3348, Loss: 0.0590
2025-10-09 17:41:29,565 [INFO] Época 10/30, Batch 950/3348, Loss: 0.0446
2025-10-09 17:41:29,818 [INFO] Época 10/30, Batch 1000/3348, Loss: 0.0508
2025-10-09 17:41:30,070 [INFO] Época 10/30, Batch 1050/3348, Loss: 0.0886
2025-10-09 17:41:30,325 [INFO] Época 10/30, Batch 1100/3348, Loss: 0.0581
2025-10-09 17:41:30,584 [INFO] Época 10/30, Batch 1150/3348, Loss: 0.0550
2025-10-09 17:41:30,852 [INFO] Época 10/30, Batch 1200/3348, Loss: 0.0571
2025-10-09 17:41:31,104 [INFO] Época 10/30, Batch 1250/3348, Loss: 0.0676
2025-10-09 17:41:31,354 [INFO] Época 10/30, Batch 1300/3348, Loss: 0.0621
2025-10-09 17:41:31,610 [INFO] Época 10/30, Batch 1350/3348, Loss: 0.0646
2025-10-09 17:41:31,861 [INFO] Época 10/30, Batch 1400/3348, Loss: 0.0542
2025-10-09 17:41:32,105 [INFO] Época 10/30, Batch 1450/3348, Loss: 0.0674
2025-10-09 17:41:32,348 [INFO] Época 10/30, Batch 1500/3348, Loss: 0.0553
2025-10-09 17:41:32,590 [INFO] Época 10/30, Batch 1550/3348, Loss: 0.0540
2025-10-09 17:41:32,833 [INFO] Época 10/30, Batch 1600/3348, Loss: 0.0677
2025-10-09 17:41:33,076 [INFO] Época 10/30, Batch 1650/3348, Loss: 0.0629
2025-10-09 17:41:33,319 [INFO] Época 10/30, Batch 1700/3348, Loss: 0.0799
2025-10-09 17:41:33,562 [INFO] Época 10/30, Batch 1750/3348, Loss: 0.0540
2025-10-09 17:41:33,804 [INFO] Época 10/30, Batch 1800/3348, Loss: 0.0612
2025-10-09 17:41:34,047 [INFO] Época 10/30, Batch 1850/3348, Loss: 0.0642
2025-10-09 17:41:34,289 [INFO] Época 10/30, Batch 1900/3348, Loss: 0.0575
2025-10-09 17:41:34,537 [INFO] Época 10/30, Batch 1950/3348, Loss: 0.0568
2025-10-09 17:41:34,800 [INFO] Época 10/30, Batch 2000/3348, Loss: 0.0613
2025-10-09 17:41:35,062 [INFO] Época 10/30, Batch 2050/3348, Loss: 0.0603
2025-10-09 17:41:35,327 [INFO] Época 10/30, Batch 2100/3348, Loss: 0.0660
2025-10-09 17:41:35,590 [INFO] Época 10/30, Batch 2150/3348, Loss: 0.0818
2025-10-09 17:41:35,851 [INFO] Época 10/30, Batch 2200/3348, Loss: 0.0759
2025-10-09 17:41:36,114 [INFO] Época 10/30, Batch 2250/3348, Loss: 0.0588
2025-10-09 17:41:36,377 [INFO] Época 10/30, Batch 2300/3348, Loss: 0.0713
2025-10-09 17:41:36,640 [INFO] Época 10/30, Batch 2350/3348, Loss: 0.0605
2025-10-09 17:41:36,901 [INFO] Época 10/30, Batch 2400/3348, Loss: 0.0614
2025-10-09 17:41:37,162 [INFO] Época 10/30, Batch 2450/3348, Loss: 0.0658
2025-10-09 17:41:37,424 [INFO] Época 10/30, Batch 2500/3348, Loss: 0.0618
2025-10-09 17:41:37,685 [INFO] Época 10/30, Batch 2550/3348, Loss: 0.0596
2025-10-09 17:41:37,949 [INFO] Época 10/30, Batch 2600/3348, Loss: 0.0653
2025-10-09 17:41:38,212 [INFO] Época 10/30, Batch 2650/3348, Loss: 0.0471
2025-10-09 17:41:38,475 [INFO] Época 10/30, Batch 2700/3348, Loss: 0.0654
2025-10-09 17:41:38,741 [INFO] Época 10/30, Batch 2750/3348, Loss: 0.0666
2025-10-09 17:41:39,012 [INFO] Época 10/30, Batch 2800/3348, Loss: 0.0697
2025-10-09 17:41:39,283 [INFO] Época 10/30, Batch 2850/3348, Loss: 0.0725
2025-10-09 17:41:39,554 [INFO] Época 10/30, Batch 2900/3348, Loss: 0.0866
2025-10-09 17:41:39,830 [INFO] Época 10/30, Batch 2950/3348, Loss: 0.0655
2025-10-09 17:41:40,102 [INFO] Época 10/30, Batch 3000/3348, Loss: 0.0711
2025-10-09 17:41:40,376 [INFO] Época 10/30, Batch 3050/3348, Loss: 0.0564
2025-10-09 17:41:40,648 [INFO] Época 10/30, Batch 3100/3348, Loss: 0.0546
2025-10-09 17:41:40,913 [INFO] Época 10/30, Batch 3150/3348, Loss: 0.0657
2025-10-09 17:41:41,176 [INFO] Época 10/30, Batch 3200/3348, Loss: 0.0604
2025-10-09 17:41:41,438 [INFO] Época 10/30, Batch 3250/3348, Loss: 0.0636
2025-10-09 17:41:41,700 [INFO] Época 10/30, Batch 3300/3348, Loss: 0.0739
2025-10-09 17:41:43,571 [INFO] [10/30] Train Loss: 0.0664 | Val Loss: 0.0872 | Tempo: 19.45s
2025-10-09 17:41:44,145 [INFO] Época 11/30, Batch 50/3348, Loss: 0.0610
2025-10-09 17:41:44,413 [INFO] Época 11/30, Batch 100/3348, Loss: 0.0487
2025-10-09 17:41:44,678 [INFO] Época 11/30, Batch 150/3348, Loss: 0.0498
2025-10-09 17:41:44,940 [INFO] Época 11/30, Batch 200/3348, Loss: 0.0532
2025-10-09 17:41:45,202 [INFO] Época 11/30, Batch 250/3348, Loss: 0.0542
2025-10-09 17:41:45,464 [INFO] Época 11/30, Batch 300/3348, Loss: 0.0637
2025-10-09 17:41:45,725 [INFO] Época 11/30, Batch 350/3348, Loss: 0.0640
2025-10-09 17:41:45,988 [INFO] Época 11/30, Batch 400/3348, Loss: 0.0451
2025-10-09 17:41:46,248 [INFO] Época 11/30, Batch 450/3348, Loss: 0.0771
2025-10-09 17:41:46,511 [INFO] Época 11/30, Batch 500/3348, Loss: 0.0622
2025-10-09 17:41:46,773 [INFO] Época 11/30, Batch 550/3348, Loss: 0.0674
2025-10-09 17:41:47,035 [INFO] Época 11/30, Batch 600/3348, Loss: 0.0553
2025-10-09 17:41:47,294 [INFO] Época 11/30, Batch 650/3348, Loss: 0.0682
2025-10-09 17:41:47,554 [INFO] Época 11/30, Batch 700/3348, Loss: 0.0534
2025-10-09 17:41:47,815 [INFO] Época 11/30, Batch 750/3348, Loss: 0.0438
2025-10-09 17:41:48,076 [INFO] Época 11/30, Batch 800/3348, Loss: 0.0500
2025-10-09 17:41:48,339 [INFO] Época 11/30, Batch 850/3348, Loss: 0.0570
2025-10-09 17:41:48,598 [INFO] Época 11/30, Batch 900/3348, Loss: 0.0586
2025-10-09 17:41:48,857 [INFO] Época 11/30, Batch 950/3348, Loss: 0.0502
2025-10-09 17:41:49,117 [INFO] Época 11/30, Batch 1000/3348, Loss: 0.0652
2025-10-09 17:41:49,378 [INFO] Época 11/30, Batch 1050/3348, Loss: 0.0724
2025-10-09 17:41:49,638 [INFO] Época 11/30, Batch 1100/3348, Loss: 0.0586
2025-10-09 17:41:49,898 [INFO] Época 11/30, Batch 1150/3348, Loss: 0.0400
2025-10-09 17:41:50,160 [INFO] Época 11/30, Batch 1200/3348, Loss: 0.0492
2025-10-09 17:41:50,419 [INFO] Época 11/30, Batch 1250/3348, Loss: 0.0314
2025-10-09 17:41:50,680 [INFO] Época 11/30, Batch 1300/3348, Loss: 0.0774
2025-10-09 17:41:50,940 [INFO] Época 11/30, Batch 1350/3348, Loss: 0.0510
2025-10-09 17:41:51,203 [INFO] Época 11/30, Batch 1400/3348, Loss: 0.0557
2025-10-09 17:41:51,465 [INFO] Época 11/30, Batch 1450/3348, Loss: 0.0540
2025-10-09 17:41:51,725 [INFO] Época 11/30, Batch 1500/3348, Loss: 0.0598
2025-10-09 17:41:51,986 [INFO] Época 11/30, Batch 1550/3348, Loss: 0.0540
2025-10-09 17:41:52,251 [INFO] Época 11/30, Batch 1600/3348, Loss: 0.0499
2025-10-09 17:41:52,516 [INFO] Época 11/30, Batch 1650/3348, Loss: 0.0641
2025-10-09 17:41:52,782 [INFO] Época 11/30, Batch 1700/3348, Loss: 0.0779
2025-10-09 17:41:53,050 [INFO] Época 11/30, Batch 1750/3348, Loss: 0.0603
2025-10-09 17:41:53,311 [INFO] Época 11/30, Batch 1800/3348, Loss: 0.0591
2025-10-09 17:41:53,572 [INFO] Época 11/30, Batch 1850/3348, Loss: 0.0505
2025-10-09 17:41:53,833 [INFO] Época 11/30, Batch 1900/3348, Loss: 0.0658
2025-10-09 17:41:54,094 [INFO] Época 11/30, Batch 1950/3348, Loss: 0.0538
2025-10-09 17:41:54,356 [INFO] Época 11/30, Batch 2000/3348, Loss: 0.0496
2025-10-09 17:41:54,615 [INFO] Época 11/30, Batch 2050/3348, Loss: 0.0510
2025-10-09 17:41:54,874 [INFO] Época 11/30, Batch 2100/3348, Loss: 0.0469
2025-10-09 17:41:55,136 [INFO] Época 11/30, Batch 2150/3348, Loss: 0.0680
2025-10-09 17:41:55,397 [INFO] Época 11/30, Batch 2200/3348, Loss: 0.0819
2025-10-09 17:41:55,656 [INFO] Época 11/30, Batch 2250/3348, Loss: 0.0394
2025-10-09 17:41:55,916 [INFO] Época 11/30, Batch 2300/3348, Loss: 0.0563
2025-10-09 17:41:56,177 [INFO] Época 11/30, Batch 2350/3348, Loss: 0.0574
2025-10-09 17:41:56,437 [INFO] Época 11/30, Batch 2400/3348, Loss: 0.0767
2025-10-09 17:41:56,697 [INFO] Época 11/30, Batch 2450/3348, Loss: 0.0619
2025-10-09 17:41:56,956 [INFO] Época 11/30, Batch 2500/3348, Loss: 0.0666
2025-10-09 17:41:57,216 [INFO] Época 11/30, Batch 2550/3348, Loss: 0.0544
2025-10-09 17:41:57,476 [INFO] Época 11/30, Batch 2600/3348, Loss: 0.0469
2025-10-09 17:41:57,739 [INFO] Época 11/30, Batch 2650/3348, Loss: 0.0572
2025-10-09 17:41:58,003 [INFO] Época 11/30, Batch 2700/3348, Loss: 0.0605
2025-10-09 17:41:58,264 [INFO] Época 11/30, Batch 2750/3348, Loss: 0.0783
2025-10-09 17:41:58,525 [INFO] Época 11/30, Batch 2800/3348, Loss: 0.0610
2025-10-09 17:41:58,785 [INFO] Época 11/30, Batch 2850/3348, Loss: 0.0649
2025-10-09 17:41:59,045 [INFO] Época 11/30, Batch 2900/3348, Loss: 0.0643
2025-10-09 17:41:59,305 [INFO] Época 11/30, Batch 2950/3348, Loss: 0.0480
2025-10-09 17:41:59,566 [INFO] Época 11/30, Batch 3000/3348, Loss: 0.0532
2025-10-09 17:41:59,825 [INFO] Época 11/30, Batch 3050/3348, Loss: 0.0689
2025-10-09 17:42:00,086 [INFO] Época 11/30, Batch 3100/3348, Loss: 0.0489
2025-10-09 17:42:00,347 [INFO] Época 11/30, Batch 3150/3348, Loss: 0.0524
2025-10-09 17:42:00,604 [INFO] Época 11/30, Batch 3200/3348, Loss: 0.0565
2025-10-09 17:42:00,864 [INFO] Época 11/30, Batch 3250/3348, Loss: 0.0496
2025-10-09 17:42:01,122 [INFO] Época 11/30, Batch 3300/3348, Loss: 0.0532
2025-10-09 17:42:02,879 [INFO] [11/30] Train Loss: 0.0652 | Val Loss: 0.0823 | Tempo: 19.31s
2025-10-09 17:42:02,884 [INFO] Melhor modelo salvo em: /mnt/hdd/home/jdurao/ToolBox-ChemXAI/models/mlp_qm9_AtomPair_att1_large.pth
2025-10-09 17:42:03,446 [INFO] Época 12/30, Batch 50/3348, Loss: 0.0654
2025-10-09 17:42:03,714 [INFO] Época 12/30, Batch 100/3348, Loss: 0.0551
2025-10-09 17:42:03,978 [INFO] Época 12/30, Batch 150/3348, Loss: 0.0425
2025-10-09 17:42:04,239 [INFO] Época 12/30, Batch 200/3348, Loss: 0.0738
2025-10-09 17:42:04,501 [INFO] Época 12/30, Batch 250/3348, Loss: 0.0586
2025-10-09 17:42:04,763 [INFO] Época 12/30, Batch 300/3348, Loss: 0.0597
2025-10-09 17:42:05,027 [INFO] Época 12/30, Batch 350/3348, Loss: 0.0521
2025-10-09 17:42:05,290 [INFO] Época 12/30, Batch 400/3348, Loss: 0.0616
2025-10-09 17:42:05,551 [INFO] Época 12/30, Batch 450/3348, Loss: 0.0511
2025-10-09 17:42:05,810 [INFO] Época 12/30, Batch 500/3348, Loss: 0.1179
2025-10-09 17:42:06,069 [INFO] Época 12/30, Batch 550/3348, Loss: 0.0837
2025-10-09 17:42:06,329 [INFO] Época 12/30, Batch 600/3348, Loss: 0.0634
2025-10-09 17:42:06,592 [INFO] Época 12/30, Batch 650/3348, Loss: 0.0529
2025-10-09 17:42:06,854 [INFO] Época 12/30, Batch 700/3348, Loss: 0.0792
2025-10-09 17:42:07,113 [INFO] Época 12/30, Batch 750/3348, Loss: 0.0484
2025-10-09 17:42:07,371 [INFO] Época 12/30, Batch 800/3348, Loss: 0.0553
2025-10-09 17:42:07,619 [INFO] Época 12/30, Batch 850/3348, Loss: 0.0503
2025-10-09 17:42:07,865 [INFO] Época 12/30, Batch 900/3348, Loss: 0.0657
2025-10-09 17:42:08,111 [INFO] Época 12/30, Batch 950/3348, Loss: 0.0611
2025-10-09 17:42:08,347 [INFO] Época 12/30, Batch 1000/3348, Loss: 0.0413
2025-10-09 17:42:08,572 [INFO] Época 12/30, Batch 1050/3348, Loss: 0.0513
2025-10-09 17:42:08,797 [INFO] Época 12/30, Batch 1100/3348, Loss: 0.0454
2025-10-09 17:42:09,022 [INFO] Época 12/30, Batch 1150/3348, Loss: 0.0444
2025-10-09 17:42:09,247 [INFO] Época 12/30, Batch 1200/3348, Loss: 0.0504
2025-10-09 17:42:09,474 [INFO] Época 12/30, Batch 1250/3348, Loss: 0.0637
2025-10-09 17:42:09,708 [INFO] Época 12/30, Batch 1300/3348, Loss: 0.0535
2025-10-09 17:42:09,941 [INFO] Época 12/30, Batch 1350/3348, Loss: 0.0769
2025-10-09 17:42:10,180 [INFO] Época 12/30, Batch 1400/3348, Loss: 0.0456
2025-10-09 17:42:10,416 [INFO] Época 12/30, Batch 1450/3348, Loss: 0.0628
2025-10-09 17:42:10,655 [INFO] Época 12/30, Batch 1500/3348, Loss: 0.0653
2025-10-09 17:42:10,896 [INFO] Época 12/30, Batch 1550/3348, Loss: 0.0648
2025-10-09 17:42:11,135 [INFO] Época 12/30, Batch 1600/3348, Loss: 0.0544
2025-10-09 17:42:11,376 [INFO] Época 12/30, Batch 1650/3348, Loss: 0.0623
2025-10-09 17:42:11,614 [INFO] Época 12/30, Batch 1700/3348, Loss: 0.0530
2025-10-09 17:42:11,855 [INFO] Época 12/30, Batch 1750/3348, Loss: 0.0729
2025-10-09 17:42:12,114 [INFO] Época 12/30, Batch 1800/3348, Loss: 0.0466
2025-10-09 17:42:12,378 [INFO] Época 12/30, Batch 1850/3348, Loss: 0.0482
2025-10-09 17:42:12,642 [INFO] Época 12/30, Batch 1900/3348, Loss: 0.0670
2025-10-09 17:42:12,907 [INFO] Época 12/30, Batch 1950/3348, Loss: 0.0553
2025-10-09 17:42:13,171 [INFO] Época 12/30, Batch 2000/3348, Loss: 0.0519
2025-10-09 17:42:13,437 [INFO] Época 12/30, Batch 2050/3348, Loss: 0.0537
2025-10-09 17:42:13,700 [INFO] Época 12/30, Batch 2100/3348, Loss: 0.0655
2025-10-09 17:42:13,964 [INFO] Época 12/30, Batch 2150/3348, Loss: 0.0573
2025-10-09 17:42:14,230 [INFO] Época 12/30, Batch 2200/3348, Loss: 0.0571
2025-10-09 17:42:14,495 [INFO] Época 12/30, Batch 2250/3348, Loss: 0.0664
2025-10-09 17:42:14,762 [INFO] Época 12/30, Batch 2300/3348, Loss: 0.0726
2025-10-09 17:42:15,026 [INFO] Época 12/30, Batch 2350/3348, Loss: 0.0764
2025-10-09 17:42:15,289 [INFO] Época 12/30, Batch 2400/3348, Loss: 0.0557
2025-10-09 17:42:15,554 [INFO] Época 12/30, Batch 2450/3348, Loss: 0.0459
2025-10-09 17:42:15,819 [INFO] Época 12/30, Batch 2500/3348, Loss: 0.0700
2025-10-09 17:42:16,085 [INFO] Época 12/30, Batch 2550/3348, Loss: 0.0640
2025-10-09 17:42:16,350 [INFO] Época 12/30, Batch 2600/3348, Loss: 0.0789
2025-10-09 17:42:16,614 [INFO] Época 12/30, Batch 2650/3348, Loss: 0.0542
2025-10-09 17:42:16,881 [INFO] Época 12/30, Batch 2700/3348, Loss: 0.0593
2025-10-09 17:42:17,147 [INFO] Época 12/30, Batch 2750/3348, Loss: 0.0587
2025-10-09 17:42:17,410 [INFO] Época 12/30, Batch 2800/3348, Loss: 0.0689
2025-10-09 17:42:17,674 [INFO] Época 12/30, Batch 2850/3348, Loss: 0.0661
2025-10-09 17:42:17,937 [INFO] Época 12/30, Batch 2900/3348, Loss: 0.0616
2025-10-09 17:42:18,204 [INFO] Época 12/30, Batch 2950/3348, Loss: 0.0743
2025-10-09 17:42:18,468 [INFO] Época 12/30, Batch 3000/3348, Loss: 0.0730
2025-10-09 17:42:18,734 [INFO] Época 12/30, Batch 3050/3348, Loss: 0.0573
2025-10-09 17:42:19,000 [INFO] Época 12/30, Batch 3100/3348, Loss: 0.0538
2025-10-09 17:42:19,268 [INFO] Época 12/30, Batch 3150/3348, Loss: 0.0613
2025-10-09 17:42:19,552 [INFO] Época 12/30, Batch 3200/3348, Loss: 0.0594
2025-10-09 17:42:19,835 [INFO] Época 12/30, Batch 3250/3348, Loss: 0.0656
2025-10-09 17:42:20,120 [INFO] Época 12/30, Batch 3300/3348, Loss: 0.0440
2025-10-09 17:42:22,025 [INFO] [12/30] Train Loss: 0.0642 | Val Loss: 0.0829 | Tempo: 19.14s
2025-10-09 17:42:22,603 [INFO] Época 13/30, Batch 50/3348, Loss: 0.0503
2025-10-09 17:42:22,877 [INFO] Época 13/30, Batch 100/3348, Loss: 0.0582
2025-10-09 17:42:23,153 [INFO] Época 13/30, Batch 150/3348, Loss: 0.0375
2025-10-09 17:42:23,428 [INFO] Época 13/30, Batch 200/3348, Loss: 0.0529
2025-10-09 17:42:23,702 [INFO] Época 13/30, Batch 250/3348, Loss: 0.0682
2025-10-09 17:42:23,974 [INFO] Época 13/30, Batch 300/3348, Loss: 0.0473
2025-10-09 17:42:24,245 [INFO] Época 13/30, Batch 350/3348, Loss: 0.0588
2025-10-09 17:42:24,516 [INFO] Época 13/30, Batch 400/3348, Loss: 0.0465
2025-10-09 17:42:24,787 [INFO] Época 13/30, Batch 450/3348, Loss: 0.0671
2025-10-09 17:42:25,057 [INFO] Época 13/30, Batch 500/3348, Loss: 0.0513
2025-10-09 17:42:25,328 [INFO] Época 13/30, Batch 550/3348, Loss: 0.0505
2025-10-09 17:42:25,597 [INFO] Época 13/30, Batch 600/3348, Loss: 0.0653
2025-10-09 17:42:25,869 [INFO] Época 13/30, Batch 650/3348, Loss: 0.0560
2025-10-09 17:42:26,141 [INFO] Época 13/30, Batch 700/3348, Loss: 0.0600
2025-10-09 17:42:26,413 [INFO] Época 13/30, Batch 750/3348, Loss: 0.0599
2025-10-09 17:42:26,683 [INFO] Época 13/30, Batch 800/3348, Loss: 0.0491
2025-10-09 17:42:26,953 [INFO] Época 13/30, Batch 850/3348, Loss: 0.0547
2025-10-09 17:42:27,223 [INFO] Época 13/30, Batch 900/3348, Loss: 0.0780
2025-10-09 17:42:27,494 [INFO] Época 13/30, Batch 950/3348, Loss: 0.0598
2025-10-09 17:42:27,765 [INFO] Época 13/30, Batch 1000/3348, Loss: 0.0488
2025-10-09 17:42:28,036 [INFO] Época 13/30, Batch 1050/3348, Loss: 0.0521
2025-10-09 17:42:28,304 [INFO] Época 13/30, Batch 1100/3348, Loss: 0.0548
2025-10-09 17:42:28,574 [INFO] Época 13/30, Batch 1150/3348, Loss: 0.0626
2025-10-09 17:42:28,844 [INFO] Época 13/30, Batch 1200/3348, Loss: 0.0430
2025-10-09 17:42:29,114 [INFO] Época 13/30, Batch 1250/3348, Loss: 0.0516
2025-10-09 17:42:29,384 [INFO] Época 13/30, Batch 1300/3348, Loss: 0.0776
2025-10-09 17:42:29,637 [INFO] Época 13/30, Batch 1350/3348, Loss: 0.0508
2025-10-09 17:42:29,889 [INFO] Época 13/30, Batch 1400/3348, Loss: 0.0681
2025-10-09 17:42:30,144 [INFO] Época 13/30, Batch 1450/3348, Loss: 0.0509
2025-10-09 17:42:30,413 [INFO] Época 13/30, Batch 1500/3348, Loss: 0.0569
2025-10-09 17:42:30,684 [INFO] Época 13/30, Batch 1550/3348, Loss: 0.0868
2025-10-09 17:42:30,954 [INFO] Época 13/30, Batch 1600/3348, Loss: 0.0833
2025-10-09 17:42:31,224 [INFO] Época 13/30, Batch 1650/3348, Loss: 0.0764
2025-10-09 17:42:31,484 [INFO] Época 13/30, Batch 1700/3348, Loss: 0.0577
2025-10-09 17:42:31,733 [INFO] Época 13/30, Batch 1750/3348, Loss: 0.0695
2025-10-09 17:42:31,983 [INFO] Época 13/30, Batch 1800/3348, Loss: 0.0693
2025-10-09 17:42:32,234 [INFO] Época 13/30, Batch 1850/3348, Loss: 0.0604
2025-10-09 17:42:32,485 [INFO] Época 13/30, Batch 1900/3348, Loss: 0.0579
2025-10-09 17:42:32,736 [INFO] Época 13/30, Batch 1950/3348, Loss: 0.0609
2025-10-09 17:42:32,986 [INFO] Época 13/30, Batch 2000/3348, Loss: 0.0610
2025-10-09 17:42:33,256 [INFO] Época 13/30, Batch 2050/3348, Loss: 0.0535
2025-10-09 17:42:33,526 [INFO] Época 13/30, Batch 2100/3348, Loss: 0.0437
2025-10-09 17:42:33,796 [INFO] Época 13/30, Batch 2150/3348, Loss: 0.0620
2025-10-09 17:42:34,067 [INFO] Época 13/30, Batch 2200/3348, Loss: 0.0546
2025-10-09 17:42:34,333 [INFO] Época 13/30, Batch 2250/3348, Loss: 0.0797
2025-10-09 17:42:34,582 [INFO] Época 13/30, Batch 2300/3348, Loss: 0.0517
2025-10-09 17:42:34,846 [INFO] Época 13/30, Batch 2350/3348, Loss: 0.0659
2025-10-09 17:42:35,096 [INFO] Época 13/30, Batch 2400/3348, Loss: 0.0536
2025-10-09 17:42:35,347 [INFO] Época 13/30, Batch 2450/3348, Loss: 0.0589
2025-10-09 17:42:35,596 [INFO] Época 13/30, Batch 2500/3348, Loss: 0.0402
2025-10-09 17:42:35,846 [INFO] Época 13/30, Batch 2550/3348, Loss: 0.0488
2025-10-09 17:42:36,096 [INFO] Época 13/30, Batch 2600/3348, Loss: 0.0539
2025-10-09 17:42:36,362 [INFO] Época 13/30, Batch 2650/3348, Loss: 0.0563
2025-10-09 17:42:36,632 [INFO] Época 13/30, Batch 2700/3348, Loss: 0.0764
2025-10-09 17:42:36,885 [INFO] Época 13/30, Batch 2750/3348, Loss: 0.0715
2025-10-09 17:42:37,137 [INFO] Época 13/30, Batch 2800/3348, Loss: 0.0531
2025-10-09 17:42:37,389 [INFO] Época 13/30, Batch 2850/3348, Loss: 0.0767
2025-10-09 17:42:37,642 [INFO] Época 13/30, Batch 2900/3348, Loss: 0.0392
2025-10-09 17:42:37,912 [INFO] Época 13/30, Batch 2950/3348, Loss: 0.0565
2025-10-09 17:42:38,182 [INFO] Época 13/30, Batch 3000/3348, Loss: 0.0532
2025-10-09 17:42:38,452 [INFO] Época 13/30, Batch 3050/3348, Loss: 0.0923
2025-10-09 17:42:38,721 [INFO] Época 13/30, Batch 3100/3348, Loss: 0.0468
2025-10-09 17:42:38,989 [INFO] Época 13/30, Batch 3150/3348, Loss: 0.0644
2025-10-09 17:42:39,245 [INFO] Época 13/30, Batch 3200/3348, Loss: 0.0358
2025-10-09 17:42:39,495 [INFO] Época 13/30, Batch 3250/3348, Loss: 0.0481
2025-10-09 17:42:39,747 [INFO] Época 13/30, Batch 3300/3348, Loss: 0.0725
2025-10-09 17:42:41,487 [INFO] [13/30] Train Loss: 0.0632 | Val Loss: 0.0823 | Tempo: 19.46s
2025-10-09 17:42:42,071 [INFO] Época 14/30, Batch 50/3348, Loss: 0.0526
2025-10-09 17:42:42,359 [INFO] Época 14/30, Batch 100/3348, Loss: 0.0496
2025-10-09 17:42:42,644 [INFO] Época 14/30, Batch 150/3348, Loss: 0.0470
2025-10-09 17:42:42,926 [INFO] Época 14/30, Batch 200/3348, Loss: 0.0805
2025-10-09 17:42:43,200 [INFO] Época 14/30, Batch 250/3348, Loss: 0.0561
2025-10-09 17:42:43,480 [INFO] Época 14/30, Batch 300/3348, Loss: 0.0511
2025-10-09 17:42:43,761 [INFO] Época 14/30, Batch 350/3348, Loss: 0.0603
2025-10-09 17:42:44,041 [INFO] Época 14/30, Batch 400/3348, Loss: 0.0450
2025-10-09 17:42:44,327 [INFO] Época 14/30, Batch 450/3348, Loss: 0.0567
2025-10-09 17:42:44,606 [INFO] Época 14/30, Batch 500/3348, Loss: 0.0454
2025-10-09 17:42:44,884 [INFO] Época 14/30, Batch 550/3348, Loss: 0.0594
2025-10-09 17:42:45,162 [INFO] Época 14/30, Batch 600/3348, Loss: 0.0922
2025-10-09 17:42:45,441 [INFO] Época 14/30, Batch 650/3348, Loss: 0.0547
2025-10-09 17:42:45,701 [INFO] Época 14/30, Batch 700/3348, Loss: 0.0595
2025-10-09 17:42:45,950 [INFO] Época 14/30, Batch 750/3348, Loss: 0.0725
2025-10-09 17:42:46,199 [INFO] Época 14/30, Batch 800/3348, Loss: 0.0447
2025-10-09 17:42:46,451 [INFO] Época 14/30, Batch 850/3348, Loss: 0.0595
2025-10-09 17:42:46,705 [INFO] Época 14/30, Batch 900/3348, Loss: 0.0581
2025-10-09 17:42:46,956 [INFO] Época 14/30, Batch 950/3348, Loss: 0.0594
2025-10-09 17:42:47,214 [INFO] Época 14/30, Batch 1000/3348, Loss: 0.0867
2025-10-09 17:42:47,472 [INFO] Época 14/30, Batch 1050/3348, Loss: 0.0582
2025-10-09 17:42:47,725 [INFO] Época 14/30, Batch 1100/3348, Loss: 0.0718
2025-10-09 17:42:47,970 [INFO] Época 14/30, Batch 1150/3348, Loss: 0.0744
2025-10-09 17:42:48,207 [INFO] Época 14/30, Batch 1200/3348, Loss: 0.0670
2025-10-09 17:42:48,447 [INFO] Época 14/30, Batch 1250/3348, Loss: 0.0490
2025-10-09 17:42:48,686 [INFO] Época 14/30, Batch 1300/3348, Loss: 0.0571
2025-10-09 17:42:48,926 [INFO] Época 14/30, Batch 1350/3348, Loss: 0.0517
2025-10-09 17:42:49,163 [INFO] Época 14/30, Batch 1400/3348, Loss: 0.0640
2025-10-09 17:42:49,420 [INFO] Época 14/30, Batch 1450/3348, Loss: 0.0680
2025-10-09 17:42:49,707 [INFO] Época 14/30, Batch 1500/3348, Loss: 0.0598
2025-10-09 17:42:49,983 [INFO] Época 14/30, Batch 1550/3348, Loss: 0.0551
2025-10-09 17:42:50,259 [INFO] Época 14/30, Batch 1600/3348, Loss: 0.0530
2025-10-09 17:42:50,535 [INFO] Época 14/30, Batch 1650/3348, Loss: 0.0474
2025-10-09 17:42:50,819 [INFO] Época 14/30, Batch 1700/3348, Loss: 0.0697
2025-10-09 17:42:51,106 [INFO] Época 14/30, Batch 1750/3348, Loss: 0.0677
2025-10-09 17:42:51,393 [INFO] Época 14/30, Batch 1800/3348, Loss: 0.0527
2025-10-09 17:42:51,682 [INFO] Época 14/30, Batch 1850/3348, Loss: 0.0454
2025-10-09 17:42:51,967 [INFO] Época 14/30, Batch 1900/3348, Loss: 0.0441
2025-10-09 17:42:52,253 [INFO] Época 14/30, Batch 1950/3348, Loss: 0.0723
2025-10-09 17:42:52,540 [INFO] Época 14/30, Batch 2000/3348, Loss: 0.0545
2025-10-09 17:42:52,822 [INFO] Época 14/30, Batch 2050/3348, Loss: 0.0723
2025-10-09 17:42:53,094 [INFO] Época 14/30, Batch 2100/3348, Loss: 0.0533
2025-10-09 17:42:53,381 [INFO] Época 14/30, Batch 2150/3348, Loss: 0.0589
2025-10-09 17:42:53,665 [INFO] Época 14/30, Batch 2200/3348, Loss: 0.0564
2025-10-09 17:42:53,951 [INFO] Época 14/30, Batch 2250/3348, Loss: 0.0385
2025-10-09 17:42:54,234 [INFO] Época 14/30, Batch 2300/3348, Loss: 0.0538
2025-10-09 17:42:54,521 [INFO] Época 14/30, Batch 2350/3348, Loss: 0.0766
2025-10-09 17:42:54,808 [INFO] Época 14/30, Batch 2400/3348, Loss: 0.0680
2025-10-09 17:42:55,096 [INFO] Época 14/30, Batch 2450/3348, Loss: 0.0579
2025-10-09 17:42:55,383 [INFO] Época 14/30, Batch 2500/3348, Loss: 0.0498
2025-10-09 17:42:55,670 [INFO] Época 14/30, Batch 2550/3348, Loss: 0.1551
2025-10-09 17:42:55,954 [INFO] Época 14/30, Batch 2600/3348, Loss: 0.0688
2025-10-09 17:42:56,240 [INFO] Época 14/30, Batch 2650/3348, Loss: 0.0501
2025-10-09 17:42:56,527 [INFO] Época 14/30, Batch 2700/3348, Loss: 0.0717
2025-10-09 17:42:56,816 [INFO] Época 14/30, Batch 2750/3348, Loss: 0.0559
2025-10-09 17:42:57,102 [INFO] Época 14/30, Batch 2800/3348, Loss: 0.0637
2025-10-09 17:42:57,387 [INFO] Época 14/30, Batch 2850/3348, Loss: 0.0508
2025-10-09 17:42:57,672 [INFO] Época 14/30, Batch 2900/3348, Loss: 0.0507
2025-10-09 17:42:57,956 [INFO] Época 14/30, Batch 2950/3348, Loss: 0.0467
2025-10-09 17:42:58,242 [INFO] Época 14/30, Batch 3000/3348, Loss: 0.0526
2025-10-09 17:42:58,531 [INFO] Época 14/30, Batch 3050/3348, Loss: 0.0612
2025-10-09 17:42:58,807 [INFO] Época 14/30, Batch 3100/3348, Loss: 0.0581
2025-10-09 17:42:59,079 [INFO] Época 14/30, Batch 3150/3348, Loss: 0.0391
2025-10-09 17:42:59,353 [INFO] Época 14/30, Batch 3200/3348, Loss: 0.0366
2025-10-09 17:42:59,625 [INFO] Época 14/30, Batch 3250/3348, Loss: 0.0387
2025-10-09 17:42:59,897 [INFO] Época 14/30, Batch 3300/3348, Loss: 0.0641
2025-10-09 17:43:01,752 [INFO] [14/30] Train Loss: 0.0625 | Val Loss: 0.0827 | Tempo: 20.26s
2025-10-09 17:43:02,326 [INFO] Época 15/30, Batch 50/3348, Loss: 0.0476
2025-10-09 17:43:02,602 [INFO] Época 15/30, Batch 100/3348, Loss: 0.0550
2025-10-09 17:43:02,888 [INFO] Época 15/30, Batch 150/3348, Loss: 0.0599
2025-10-09 17:43:03,172 [INFO] Época 15/30, Batch 200/3348, Loss: 0.0493
2025-10-09 17:43:03,458 [INFO] Época 15/30, Batch 250/3348, Loss: 0.0388
2025-10-09 17:43:03,739 [INFO] Época 15/30, Batch 300/3348, Loss: 0.0492
2025-10-09 17:43:04,021 [INFO] Época 15/30, Batch 350/3348, Loss: 0.0563
2025-10-09 17:43:04,302 [INFO] Época 15/30, Batch 400/3348, Loss: 0.0413
2025-10-09 17:43:04,584 [INFO] Época 15/30, Batch 450/3348, Loss: 0.0526
2025-10-09 17:43:04,870 [INFO] Época 15/30, Batch 500/3348, Loss: 0.0609
2025-10-09 17:43:05,152 [INFO] Época 15/30, Batch 550/3348, Loss: 0.0695
2025-10-09 17:43:05,430 [INFO] Época 15/30, Batch 600/3348, Loss: 0.0419
2025-10-09 17:43:05,696 [INFO] Época 15/30, Batch 650/3348, Loss: 0.0502
2025-10-09 17:43:05,959 [INFO] Época 15/30, Batch 700/3348, Loss: 0.0497
2025-10-09 17:43:06,225 [INFO] Época 15/30, Batch 750/3348, Loss: 0.0519
2025-10-09 17:43:06,488 [INFO] Época 15/30, Batch 800/3348, Loss: 0.0872
2025-10-09 17:43:06,751 [INFO] Época 15/30, Batch 850/3348, Loss: 0.0503
2025-10-09 17:43:07,013 [INFO] Época 15/30, Batch 900/3348, Loss: 0.0572
2025-10-09 17:43:07,276 [INFO] Época 15/30, Batch 950/3348, Loss: 0.0499
2025-10-09 17:43:07,538 [INFO] Época 15/30, Batch 1000/3348, Loss: 0.0504
2025-10-09 17:43:07,802 [INFO] Época 15/30, Batch 1050/3348, Loss: 0.0531
2025-10-09 17:43:08,065 [INFO] Época 15/30, Batch 1100/3348, Loss: 0.0706
2025-10-09 17:43:08,329 [INFO] Época 15/30, Batch 1150/3348, Loss: 0.0617
2025-10-09 17:43:08,591 [INFO] Época 15/30, Batch 1200/3348, Loss: 0.0354
2025-10-09 17:43:08,854 [INFO] Época 15/30, Batch 1250/3348, Loss: 0.0609
2025-10-09 17:43:09,117 [INFO] Época 15/30, Batch 1300/3348, Loss: 0.0625
2025-10-09 17:43:09,383 [INFO] Época 15/30, Batch 1350/3348, Loss: 0.0474
2025-10-09 17:43:09,649 [INFO] Época 15/30, Batch 1400/3348, Loss: 0.0448
2025-10-09 17:43:09,913 [INFO] Época 15/30, Batch 1450/3348, Loss: 0.0516
2025-10-09 17:43:10,181 [INFO] Época 15/30, Batch 1500/3348, Loss: 0.0627
2025-10-09 17:43:10,446 [INFO] Época 15/30, Batch 1550/3348, Loss: 0.0482
2025-10-09 17:43:10,726 [INFO] Época 15/30, Batch 1600/3348, Loss: 0.0950
2025-10-09 17:43:11,011 [INFO] Época 15/30, Batch 1650/3348, Loss: 0.0737
2025-10-09 17:43:11,294 [INFO] Época 15/30, Batch 1700/3348, Loss: 0.0512
2025-10-09 17:43:11,577 [INFO] Época 15/30, Batch 1750/3348, Loss: 0.0632
2025-10-09 17:43:11,861 [INFO] Época 15/30, Batch 1800/3348, Loss: 0.0521
2025-10-09 17:43:12,141 [INFO] Época 15/30, Batch 1850/3348, Loss: 0.0908
2025-10-09 17:43:12,419 [INFO] Época 15/30, Batch 1900/3348, Loss: 0.0410
2025-10-09 17:43:12,697 [INFO] Época 15/30, Batch 1950/3348, Loss: 0.0809
2025-10-09 17:43:12,975 [INFO] Época 15/30, Batch 2000/3348, Loss: 0.0674
2025-10-09 17:43:13,248 [INFO] Época 15/30, Batch 2050/3348, Loss: 0.0502
2025-10-09 17:43:13,509 [INFO] Época 15/30, Batch 2100/3348, Loss: 0.0592
2025-10-09 17:43:13,772 [INFO] Época 15/30, Batch 2150/3348, Loss: 0.0709
2025-10-09 17:43:14,033 [INFO] Época 15/30, Batch 2200/3348, Loss: 0.0580
2025-10-09 17:43:14,295 [INFO] Época 15/30, Batch 2250/3348, Loss: 0.0526
2025-10-09 17:43:14,558 [INFO] Época 15/30, Batch 2300/3348, Loss: 0.0514
2025-10-09 17:43:14,819 [INFO] Época 15/30, Batch 2350/3348, Loss: 0.1367
2025-10-09 17:43:15,079 [INFO] Época 15/30, Batch 2400/3348, Loss: 0.0518
2025-10-09 17:43:15,340 [INFO] Época 15/30, Batch 2450/3348, Loss: 0.0430
2025-10-09 17:43:15,601 [INFO] Época 15/30, Batch 2500/3348, Loss: 0.0641
2025-10-09 17:43:15,863 [INFO] Época 15/30, Batch 2550/3348, Loss: 0.0527
2025-10-09 17:43:16,124 [INFO] Época 15/30, Batch 2600/3348, Loss: 0.0674
2025-10-09 17:43:16,385 [INFO] Época 15/30, Batch 2650/3348, Loss: 0.0625
2025-10-09 17:43:16,651 [INFO] Época 15/30, Batch 2700/3348, Loss: 0.0638
2025-10-09 17:43:16,916 [INFO] Época 15/30, Batch 2750/3348, Loss: 0.0412
2025-10-09 17:43:17,185 [INFO] Época 15/30, Batch 2800/3348, Loss: 0.0519
2025-10-09 17:43:17,448 [INFO] Época 15/30, Batch 2850/3348, Loss: 0.0607
2025-10-09 17:43:17,719 [INFO] Época 15/30, Batch 2900/3348, Loss: 0.0499
2025-10-09 17:43:18,001 [INFO] Época 15/30, Batch 2950/3348, Loss: 0.0914
2025-10-09 17:43:18,269 [INFO] Época 15/30, Batch 3000/3348, Loss: 0.0636
2025-10-09 17:43:18,532 [INFO] Época 15/30, Batch 3050/3348, Loss: 0.0658
2025-10-09 17:43:18,808 [INFO] Época 15/30, Batch 3100/3348, Loss: 0.0603
2025-10-09 17:43:19,088 [INFO] Época 15/30, Batch 3150/3348, Loss: 0.0444
2025-10-09 17:43:19,350 [INFO] Época 15/30, Batch 3200/3348, Loss: 0.0562
2025-10-09 17:43:19,615 [INFO] Época 15/30, Batch 3250/3348, Loss: 0.0468
2025-10-09 17:43:19,878 [INFO] Época 15/30, Batch 3300/3348, Loss: 0.0579
2025-10-09 17:43:21,734 [INFO] [15/30] Train Loss: 0.0617 | Val Loss: 0.0840 | Tempo: 19.98s
2025-10-09 17:43:22,327 [INFO] Época 16/30, Batch 50/3348, Loss: 0.0594
2025-10-09 17:43:22,594 [INFO] Época 16/30, Batch 100/3348, Loss: 0.0606
2025-10-09 17:43:22,858 [INFO] Época 16/30, Batch 150/3348, Loss: 0.0710
2025-10-09 17:43:23,116 [INFO] Época 16/30, Batch 200/3348, Loss: 0.0524
2025-10-09 17:43:23,377 [INFO] Época 16/30, Batch 250/3348, Loss: 0.0617
2025-10-09 17:43:23,640 [INFO] Época 16/30, Batch 300/3348, Loss: 0.0439
2025-10-09 17:43:23,903 [INFO] Época 16/30, Batch 350/3348, Loss: 0.0537
2025-10-09 17:43:24,163 [INFO] Época 16/30, Batch 400/3348, Loss: 0.0617
2025-10-09 17:43:24,425 [INFO] Época 16/30, Batch 450/3348, Loss: 0.0424
2025-10-09 17:43:24,685 [INFO] Época 16/30, Batch 500/3348, Loss: 0.0492
2025-10-09 17:43:24,946 [INFO] Época 16/30, Batch 550/3348, Loss: 0.0524
2025-10-09 17:43:25,207 [INFO] Época 16/30, Batch 600/3348, Loss: 0.0531
2025-10-09 17:43:25,466 [INFO] Época 16/30, Batch 650/3348, Loss: 0.0576
2025-10-09 17:43:25,710 [INFO] Época 16/30, Batch 700/3348, Loss: 0.0616
2025-10-09 17:43:25,948 [INFO] Época 16/30, Batch 750/3348, Loss: 0.0474
2025-10-09 17:43:26,190 [INFO] Época 16/30, Batch 800/3348, Loss: 0.0438
2025-10-09 17:43:26,443 [INFO] Época 16/30, Batch 850/3348, Loss: 0.0514
2025-10-09 17:43:26,711 [INFO] Época 16/30, Batch 900/3348, Loss: 0.0426
2025-10-09 17:43:26,991 [INFO] Época 16/30, Batch 950/3348, Loss: 0.0545
2025-10-09 17:43:27,269 [INFO] Época 16/30, Batch 1000/3348, Loss: 0.0799
2025-10-09 17:43:27,542 [INFO] Época 16/30, Batch 1050/3348, Loss: 0.0451
2025-10-09 17:43:27,807 [INFO] Época 16/30, Batch 1100/3348, Loss: 0.0630
2025-10-09 17:43:28,060 [INFO] Época 16/30, Batch 1150/3348, Loss: 0.0683
2025-10-09 17:43:28,314 [INFO] Época 16/30, Batch 1200/3348, Loss: 0.0608
2025-10-09 17:43:28,568 [INFO] Época 16/30, Batch 1250/3348, Loss: 0.0509
2025-10-09 17:43:28,849 [INFO] Época 16/30, Batch 1300/3348, Loss: 0.0638
2025-10-09 17:43:29,140 [INFO] Época 16/30, Batch 1350/3348, Loss: 0.0534
2025-10-09 17:43:29,412 [INFO] Época 16/30, Batch 1400/3348, Loss: 0.0563
2025-10-09 17:43:29,675 [INFO] Época 16/30, Batch 1450/3348, Loss: 0.0472
2025-10-09 17:43:29,938 [INFO] Época 16/30, Batch 1500/3348, Loss: 0.1337
2025-10-09 17:43:30,204 [INFO] Época 16/30, Batch 1550/3348, Loss: 0.0493
2025-10-09 17:43:30,468 [INFO] Época 16/30, Batch 1600/3348, Loss: 0.0352
2025-10-09 17:43:30,743 [INFO] Época 16/30, Batch 1650/3348, Loss: 0.0421
2025-10-09 17:43:31,012 [INFO] Época 16/30, Batch 1700/3348, Loss: 0.0542
2025-10-09 17:43:31,274 [INFO] Época 16/30, Batch 1750/3348, Loss: 0.0603
2025-10-09 17:43:31,551 [INFO] Época 16/30, Batch 1800/3348, Loss: 0.0533
2025-10-09 17:43:31,833 [INFO] Época 16/30, Batch 1850/3348, Loss: 0.0514
2025-10-09 17:43:32,115 [INFO] Época 16/30, Batch 1900/3348, Loss: 0.0731
2025-10-09 17:43:32,397 [INFO] Época 16/30, Batch 1950/3348, Loss: 0.1170
2025-10-09 17:43:32,678 [INFO] Época 16/30, Batch 2000/3348, Loss: 0.0340
2025-10-09 17:43:32,945 [INFO] Época 16/30, Batch 2050/3348, Loss: 0.0412
2025-10-09 17:43:33,211 [INFO] Época 16/30, Batch 2100/3348, Loss: 0.0568
2025-10-09 17:43:33,475 [INFO] Época 16/30, Batch 2150/3348, Loss: 0.0526
2025-10-09 17:43:33,742 [INFO] Época 16/30, Batch 2200/3348, Loss: 0.0561
2025-10-09 17:43:34,008 [INFO] Época 16/30, Batch 2250/3348, Loss: 0.0696
2025-10-09 17:43:34,274 [INFO] Época 16/30, Batch 2300/3348, Loss: 0.0556
2025-10-09 17:43:34,539 [INFO] Época 16/30, Batch 2350/3348, Loss: 0.0489
2025-10-09 17:43:34,804 [INFO] Época 16/30, Batch 2400/3348, Loss: 0.0561
2025-10-09 17:43:35,070 [INFO] Época 16/30, Batch 2450/3348, Loss: 0.0477
2025-10-09 17:43:35,334 [INFO] Época 16/30, Batch 2500/3348, Loss: 0.0486
2025-10-09 17:43:35,598 [INFO] Época 16/30, Batch 2550/3348, Loss: 0.0356
2025-10-09 17:43:35,862 [INFO] Época 16/30, Batch 2600/3348, Loss: 0.0479
2025-10-09 17:43:36,126 [INFO] Época 16/30, Batch 2650/3348, Loss: 0.0382
2025-10-09 17:43:36,390 [INFO] Época 16/30, Batch 2700/3348, Loss: 0.0531
2025-10-09 17:43:36,657 [INFO] Época 16/30, Batch 2750/3348, Loss: 0.0482
2025-10-09 17:43:36,922 [INFO] Época 16/30, Batch 2800/3348, Loss: 0.0483
2025-10-09 17:43:37,189 [INFO] Época 16/30, Batch 2850/3348, Loss: 0.0529
2025-10-09 17:43:37,453 [INFO] Época 16/30, Batch 2900/3348, Loss: 0.0556
2025-10-09 17:43:37,717 [INFO] Época 16/30, Batch 2950/3348, Loss: 0.0713
2025-10-09 17:43:37,980 [INFO] Época 16/30, Batch 3000/3348, Loss: 0.0599
2025-10-09 17:43:38,244 [INFO] Época 16/30, Batch 3050/3348, Loss: 0.0525
2025-10-09 17:43:38,508 [INFO] Época 16/30, Batch 3100/3348, Loss: 0.0658
2025-10-09 17:43:38,768 [INFO] Época 16/30, Batch 3150/3348, Loss: 0.0800
2025-10-09 17:43:39,034 [INFO] Época 16/30, Batch 3200/3348, Loss: 0.0535
2025-10-09 17:43:39,302 [INFO] Época 16/30, Batch 3250/3348, Loss: 0.0813
2025-10-09 17:43:39,565 [INFO] Época 16/30, Batch 3300/3348, Loss: 0.0543
2025-10-09 17:43:41,373 [INFO] [16/30] Train Loss: 0.0606 | Val Loss: 0.0832 | Tempo: 19.64s
2025-10-09 17:43:41,936 [INFO] Época 17/30, Batch 50/3348, Loss: 0.0369
2025-10-09 17:43:42,206 [INFO] Época 17/30, Batch 100/3348, Loss: 0.0478
2025-10-09 17:43:42,473 [INFO] Época 17/30, Batch 150/3348, Loss: 0.0476
2025-10-09 17:43:42,740 [INFO] Época 17/30, Batch 200/3348, Loss: 0.0422
2025-10-09 17:43:43,004 [INFO] Época 17/30, Batch 250/3348, Loss: 0.0476
2025-10-09 17:43:43,267 [INFO] Época 17/30, Batch 300/3348, Loss: 0.0315
2025-10-09 17:43:43,531 [INFO] Época 17/30, Batch 350/3348, Loss: 0.0628
2025-10-09 17:43:43,793 [INFO] Época 17/30, Batch 400/3348, Loss: 0.0591
2025-10-09 17:43:44,055 [INFO] Época 17/30, Batch 450/3348, Loss: 0.0437
2025-10-09 17:43:44,318 [INFO] Época 17/30, Batch 500/3348, Loss: 0.0616
2025-10-09 17:43:44,582 [INFO] Época 17/30, Batch 550/3348, Loss: 0.0641
2025-10-09 17:43:44,853 [INFO] Época 17/30, Batch 600/3348, Loss: 0.0555
2025-10-09 17:43:45,117 [INFO] Época 17/30, Batch 650/3348, Loss: 0.0412
2025-10-09 17:43:45,383 [INFO] Época 17/30, Batch 700/3348, Loss: 0.0584
2025-10-09 17:43:45,648 [INFO] Época 17/30, Batch 750/3348, Loss: 0.0587
2025-10-09 17:43:45,902 [INFO] Época 17/30, Batch 800/3348, Loss: 0.0402
2025-10-09 17:43:46,158 [INFO] Época 17/30, Batch 850/3348, Loss: 0.0596
2025-10-09 17:43:46,413 [INFO] Época 17/30, Batch 900/3348, Loss: 0.0481
2025-10-09 17:43:46,665 [INFO] Época 17/30, Batch 950/3348, Loss: 0.0652
2025-10-09 17:43:46,920 [INFO] Época 17/30, Batch 1000/3348, Loss: 0.0492
2025-10-09 17:43:47,175 [INFO] Época 17/30, Batch 1050/3348, Loss: 0.0763
2025-10-09 17:43:47,428 [INFO] Época 17/30, Batch 1100/3348, Loss: 0.0421
2025-10-09 17:43:47,686 [INFO] Época 17/30, Batch 1150/3348, Loss: 0.0537
2025-10-09 17:43:47,953 [INFO] Época 17/30, Batch 1200/3348, Loss: 0.0373
2025-10-09 17:43:48,217 [INFO] Época 17/30, Batch 1250/3348, Loss: 0.0595
2025-10-09 17:43:48,478 [INFO] Época 17/30, Batch 1300/3348, Loss: 0.0442
2025-10-09 17:43:48,739 [INFO] Época 17/30, Batch 1350/3348, Loss: 0.0496
2025-10-09 17:43:48,999 [INFO] Época 17/30, Batch 1400/3348, Loss: 0.0462
2025-10-09 17:43:49,259 [INFO] Época 17/30, Batch 1450/3348, Loss: 0.0495
2025-10-09 17:43:49,517 [INFO] Época 17/30, Batch 1500/3348, Loss: 0.0450
2025-10-09 17:43:49,779 [INFO] Época 17/30, Batch 1550/3348, Loss: 0.0515
2025-10-09 17:43:50,040 [INFO] Época 17/30, Batch 1600/3348, Loss: 0.0488
2025-10-09 17:43:50,303 [INFO] Época 17/30, Batch 1650/3348, Loss: 0.0382
2025-10-09 17:43:50,569 [INFO] Época 17/30, Batch 1700/3348, Loss: 0.0970
2025-10-09 17:43:50,833 [INFO] Época 17/30, Batch 1750/3348, Loss: 0.0497
2025-10-09 17:43:51,099 [INFO] Época 17/30, Batch 1800/3348, Loss: 0.0473
2025-10-09 17:43:51,365 [INFO] Época 17/30, Batch 1850/3348, Loss: 0.0640
2025-10-09 17:43:51,629 [INFO] Época 17/30, Batch 1900/3348, Loss: 0.0394
2025-10-09 17:43:51,891 [INFO] Época 17/30, Batch 1950/3348, Loss: 0.0562
2025-10-09 17:43:52,153 [INFO] Época 17/30, Batch 2000/3348, Loss: 0.0465
2025-10-09 17:43:52,414 [INFO] Época 17/30, Batch 2050/3348, Loss: 0.0408
2025-10-09 17:43:52,678 [INFO] Época 17/30, Batch 2100/3348, Loss: 0.0644
2025-10-09 17:43:52,939 [INFO] Época 17/30, Batch 2150/3348, Loss: 0.0596
2025-10-09 17:43:53,200 [INFO] Época 17/30, Batch 2200/3348, Loss: 0.0486
2025-10-09 17:43:53,464 [INFO] Época 17/30, Batch 2250/3348, Loss: 0.0611
2025-10-09 17:43:53,726 [INFO] Época 17/30, Batch 2300/3348, Loss: 0.0454
2025-10-09 17:43:53,989 [INFO] Época 17/30, Batch 2350/3348, Loss: 0.0547
2025-10-09 17:43:54,253 [INFO] Época 17/30, Batch 2400/3348, Loss: 0.0402
2025-10-09 17:43:54,517 [INFO] Época 17/30, Batch 2450/3348, Loss: 0.0525
2025-10-09 17:43:54,782 [INFO] Época 17/30, Batch 2500/3348, Loss: 0.0638
2025-10-09 17:43:55,048 [INFO] Época 17/30, Batch 2550/3348, Loss: 0.0568
2025-10-09 17:43:55,318 [INFO] Época 17/30, Batch 2600/3348, Loss: 0.0564
2025-10-09 17:43:55,583 [INFO] Época 17/30, Batch 2650/3348, Loss: 0.0584
2025-10-09 17:43:55,851 [INFO] Época 17/30, Batch 2700/3348, Loss: 0.0774
2025-10-09 17:43:56,120 [INFO] Época 17/30, Batch 2750/3348, Loss: 0.0610
2025-10-09 17:43:56,386 [INFO] Época 17/30, Batch 2800/3348, Loss: 0.0587
2025-10-09 17:43:56,648 [INFO] Época 17/30, Batch 2850/3348, Loss: 0.0463
2025-10-09 17:43:56,910 [INFO] Época 17/30, Batch 2900/3348, Loss: 0.0565
2025-10-09 17:43:57,170 [INFO] Época 17/30, Batch 2950/3348, Loss: 0.0474
2025-10-09 17:43:57,431 [INFO] Época 17/30, Batch 3000/3348, Loss: 0.0586
2025-10-09 17:43:57,692 [INFO] Época 17/30, Batch 3050/3348, Loss: 0.0442
2025-10-09 17:43:57,955 [INFO] Época 17/30, Batch 3100/3348, Loss: 0.0594
2025-10-09 17:43:58,221 [INFO] Época 17/30, Batch 3150/3348, Loss: 0.0539
2025-10-09 17:43:58,485 [INFO] Época 17/30, Batch 3200/3348, Loss: 0.0450
2025-10-09 17:43:58,750 [INFO] Época 17/30, Batch 3250/3348, Loss: 0.0518
2025-10-09 17:43:59,014 [INFO] Época 17/30, Batch 3300/3348, Loss: 0.0531
2025-10-09 17:44:00,860 [INFO] [17/30] Train Loss: 0.0601 | Val Loss: 0.0845 | Tempo: 19.49s
2025-10-09 17:44:01,396 [INFO] Época 18/30, Batch 50/3348, Loss: 0.0524
2025-10-09 17:44:01,646 [INFO] Época 18/30, Batch 100/3348, Loss: 0.0505
2025-10-09 17:44:01,891 [INFO] Época 18/30, Batch 150/3348, Loss: 0.0587
2025-10-09 17:44:02,130 [INFO] Época 18/30, Batch 200/3348, Loss: 0.0532
2025-10-09 17:44:02,369 [INFO] Época 18/30, Batch 250/3348, Loss: 0.0407
2025-10-09 17:44:02,610 [INFO] Época 18/30, Batch 300/3348, Loss: 0.0390
2025-10-09 17:44:02,853 [INFO] Época 18/30, Batch 350/3348, Loss: 0.0514
2025-10-09 17:44:03,092 [INFO] Época 18/30, Batch 400/3348, Loss: 0.0616
2025-10-09 17:44:03,331 [INFO] Época 18/30, Batch 450/3348, Loss: 0.0657
2025-10-09 17:44:03,570 [INFO] Época 18/30, Batch 500/3348, Loss: 0.0525
2025-10-09 17:44:03,810 [INFO] Época 18/30, Batch 550/3348, Loss: 0.0435
2025-10-09 17:44:04,061 [INFO] Época 18/30, Batch 600/3348, Loss: 0.0423
2025-10-09 17:44:04,322 [INFO] Época 18/30, Batch 650/3348, Loss: 0.0473
2025-10-09 17:44:04,585 [INFO] Época 18/30, Batch 700/3348, Loss: 0.0446
2025-10-09 17:44:04,847 [INFO] Época 18/30, Batch 750/3348, Loss: 0.0587
2025-10-09 17:44:05,107 [INFO] Época 18/30, Batch 800/3348, Loss: 0.0503
2025-10-09 17:44:05,372 [INFO] Época 18/30, Batch 850/3348, Loss: 0.0580
2025-10-09 17:44:05,632 [INFO] Época 18/30, Batch 900/3348, Loss: 0.4667
2025-10-09 17:44:05,892 [INFO] Época 18/30, Batch 950/3348, Loss: 0.0417
2025-10-09 17:44:06,152 [INFO] Época 18/30, Batch 1000/3348, Loss: 0.0694
2025-10-09 17:44:06,412 [INFO] Época 18/30, Batch 1050/3348, Loss: 0.0567
2025-10-09 17:44:06,674 [INFO] Época 18/30, Batch 1100/3348, Loss: 0.0367
2025-10-09 17:44:06,932 [INFO] Época 18/30, Batch 1150/3348, Loss: 0.0589
2025-10-09 17:44:07,193 [INFO] Época 18/30, Batch 1200/3348, Loss: 0.1303
2025-10-09 17:44:07,454 [INFO] Época 18/30, Batch 1250/3348, Loss: 0.0621
2025-10-09 17:44:07,714 [INFO] Época 18/30, Batch 1300/3348, Loss: 0.0566
2025-10-09 17:44:07,978 [INFO] Época 18/30, Batch 1350/3348, Loss: 0.0374
2025-10-09 17:44:08,241 [INFO] Época 18/30, Batch 1400/3348, Loss: 0.0608
2025-10-09 17:44:08,503 [INFO] Época 18/30, Batch 1450/3348, Loss: 0.0649
2025-10-09 17:44:08,765 [INFO] Época 18/30, Batch 1500/3348, Loss: 0.0661
2025-10-09 17:44:09,028 [INFO] Época 18/30, Batch 1550/3348, Loss: 0.0644
2025-10-09 17:44:09,291 [INFO] Época 18/30, Batch 1600/3348, Loss: 0.0620
2025-10-09 17:44:09,555 [INFO] Época 18/30, Batch 1650/3348, Loss: 0.0728
2025-10-09 17:44:09,819 [INFO] Época 18/30, Batch 1700/3348, Loss: 0.0477
2025-10-09 17:44:10,086 [INFO] Época 18/30, Batch 1750/3348, Loss: 0.0497
2025-10-09 17:44:10,350 [INFO] Época 18/30, Batch 1800/3348, Loss: 0.0424
2025-10-09 17:44:10,615 [INFO] Época 18/30, Batch 1850/3348, Loss: 0.0468
2025-10-09 17:44:10,879 [INFO] Época 18/30, Batch 1900/3348, Loss: 0.0501
2025-10-09 17:44:11,143 [INFO] Época 18/30, Batch 1950/3348, Loss: 0.0712
2025-10-09 17:44:11,405 [INFO] Época 18/30, Batch 2000/3348, Loss: 0.0581
2025-10-09 17:44:11,669 [INFO] Época 18/30, Batch 2050/3348, Loss: 0.0590
2025-10-09 17:44:11,932 [INFO] Época 18/30, Batch 2100/3348, Loss: 0.0668
2025-10-09 17:44:12,194 [INFO] Época 18/30, Batch 2150/3348, Loss: 0.0475
2025-10-09 17:44:12,456 [INFO] Época 18/30, Batch 2200/3348, Loss: 0.0474
2025-10-09 17:44:12,716 [INFO] Época 18/30, Batch 2250/3348, Loss: 0.0567
2025-10-09 17:44:12,976 [INFO] Época 18/30, Batch 2300/3348, Loss: 0.0656
2025-10-09 17:44:13,238 [INFO] Época 18/30, Batch 2350/3348, Loss: 0.0472
2025-10-09 17:44:13,498 [INFO] Época 18/30, Batch 2400/3348, Loss: 0.0441
2025-10-09 17:44:13,758 [INFO] Época 18/30, Batch 2450/3348, Loss: 0.0574
2025-10-09 17:44:14,019 [INFO] Época 18/30, Batch 2500/3348, Loss: 0.0706
2025-10-09 17:44:14,281 [INFO] Época 18/30, Batch 2550/3348, Loss: 0.0551
2025-10-09 17:44:14,542 [INFO] Época 18/30, Batch 2600/3348, Loss: 0.0665
2025-10-09 17:44:14,805 [INFO] Época 18/30, Batch 2650/3348, Loss: 0.0536
2025-10-09 17:44:15,064 [INFO] Época 18/30, Batch 2700/3348, Loss: 0.0550
2025-10-09 17:44:15,325 [INFO] Época 18/30, Batch 2750/3348, Loss: 0.0570
2025-10-09 17:44:15,586 [INFO] Época 18/30, Batch 2800/3348, Loss: 0.0757
2025-10-09 17:44:15,848 [INFO] Época 18/30, Batch 2850/3348, Loss: 0.0643
2025-10-09 17:44:16,110 [INFO] Época 18/30, Batch 2900/3348, Loss: 0.0516
2025-10-09 17:44:16,370 [INFO] Época 18/30, Batch 2950/3348, Loss: 0.0425
2025-10-09 17:44:16,632 [INFO] Época 18/30, Batch 3000/3348, Loss: 0.0481
2025-10-09 17:44:16,893 [INFO] Época 18/30, Batch 3050/3348, Loss: 0.0534
2025-10-09 17:44:17,153 [INFO] Época 18/30, Batch 3100/3348, Loss: 0.0528
2025-10-09 17:44:17,414 [INFO] Época 18/30, Batch 3150/3348, Loss: 0.0425
2025-10-09 17:44:17,675 [INFO] Época 18/30, Batch 3200/3348, Loss: 0.0554
2025-10-09 17:44:17,936 [INFO] Época 18/30, Batch 3250/3348, Loss: 0.0427
2025-10-09 17:44:18,197 [INFO] Época 18/30, Batch 3300/3348, Loss: 0.0533
2025-10-09 17:44:19,965 [INFO] [18/30] Train Loss: 0.0594 | Val Loss: 0.0816 | Tempo: 19.10s
2025-10-09 17:44:19,971 [INFO] Melhor modelo salvo em: /mnt/hdd/home/jdurao/ToolBox-ChemXAI/models/mlp_qm9_AtomPair_att1_large.pth
2025-10-09 17:44:20,532 [INFO] Época 19/30, Batch 50/3348, Loss: 0.0533
2025-10-09 17:44:20,799 [INFO] Época 19/30, Batch 100/3348, Loss: 0.0511
2025-10-09 17:44:21,064 [INFO] Época 19/30, Batch 150/3348, Loss: 0.0606
2025-10-09 17:44:21,326 [INFO] Época 19/30, Batch 200/3348, Loss: 0.0664
2025-10-09 17:44:21,590 [INFO] Época 19/30, Batch 250/3348, Loss: 0.0480
2025-10-09 17:44:21,853 [INFO] Época 19/30, Batch 300/3348, Loss: 0.0599
2025-10-09 17:44:22,115 [INFO] Época 19/30, Batch 350/3348, Loss: 0.0482
2025-10-09 17:44:22,379 [INFO] Época 19/30, Batch 400/3348, Loss: 0.0488
2025-10-09 17:44:22,640 [INFO] Época 19/30, Batch 450/3348, Loss: 0.0612
2025-10-09 17:44:22,902 [INFO] Época 19/30, Batch 500/3348, Loss: 0.0611
2025-10-09 17:44:23,164 [INFO] Época 19/30, Batch 550/3348, Loss: 0.0693
2025-10-09 17:44:23,426 [INFO] Época 19/30, Batch 600/3348, Loss: 0.0484
2025-10-09 17:44:23,690 [INFO] Época 19/30, Batch 650/3348, Loss: 0.0561
2025-10-09 17:44:23,951 [INFO] Época 19/30, Batch 700/3348, Loss: 0.0622
2025-10-09 17:44:24,210 [INFO] Época 19/30, Batch 750/3348, Loss: 0.0449
2025-10-09 17:44:24,466 [INFO] Época 19/30, Batch 800/3348, Loss: 0.0593
2025-10-09 17:44:24,722 [INFO] Época 19/30, Batch 850/3348, Loss: 0.0477
2025-10-09 17:44:24,985 [INFO] Época 19/30, Batch 900/3348, Loss: 0.0539
2025-10-09 17:44:25,247 [INFO] Época 19/30, Batch 950/3348, Loss: 0.0583
2025-10-09 17:44:25,508 [INFO] Época 19/30, Batch 1000/3348, Loss: 0.0490
2025-10-09 17:44:25,770 [INFO] Época 19/30, Batch 1050/3348, Loss: 0.0421
2025-10-09 17:44:26,030 [INFO] Época 19/30, Batch 1100/3348, Loss: 0.0355
2025-10-09 17:44:26,293 [INFO] Época 19/30, Batch 1150/3348, Loss: 0.0651
2025-10-09 17:44:26,557 [INFO] Época 19/30, Batch 1200/3348, Loss: 0.0455
2025-10-09 17:44:26,819 [INFO] Época 19/30, Batch 1250/3348, Loss: 0.0486
2025-10-09 17:44:27,079 [INFO] Época 19/30, Batch 1300/3348, Loss: 0.0588
2025-10-09 17:44:27,339 [INFO] Época 19/30, Batch 1350/3348, Loss: 0.0434
2025-10-09 17:44:27,602 [INFO] Época 19/30, Batch 1400/3348, Loss: 0.0630
2025-10-09 17:44:27,863 [INFO] Época 19/30, Batch 1450/3348, Loss: 0.0518
2025-10-09 17:44:28,126 [INFO] Época 19/30, Batch 1500/3348, Loss: 0.0509
2025-10-09 17:44:28,388 [INFO] Época 19/30, Batch 1550/3348, Loss: 0.0443
2025-10-09 17:44:28,650 [INFO] Época 19/30, Batch 1600/3348, Loss: 0.0584
2025-10-09 17:44:28,911 [INFO] Época 19/30, Batch 1650/3348, Loss: 0.0640
2025-10-09 17:44:29,171 [INFO] Época 19/30, Batch 1700/3348, Loss: 0.0586
2025-10-09 17:44:29,430 [INFO] Época 19/30, Batch 1750/3348, Loss: 0.0458
2025-10-09 17:44:29,688 [INFO] Época 19/30, Batch 1800/3348, Loss: 0.0582
2025-10-09 17:44:29,953 [INFO] Época 19/30, Batch 1850/3348, Loss: 0.0658
2025-10-09 17:44:30,214 [INFO] Época 19/30, Batch 1900/3348, Loss: 0.0664
2025-10-09 17:44:30,473 [INFO] Época 19/30, Batch 1950/3348, Loss: 0.0535
2025-10-09 17:44:30,731 [INFO] Época 19/30, Batch 2000/3348, Loss: 0.0459
2025-10-09 17:44:30,997 [INFO] Época 19/30, Batch 2050/3348, Loss: 0.0527
2025-10-09 17:44:31,261 [INFO] Época 19/30, Batch 2100/3348, Loss: 0.0638
2025-10-09 17:44:31,525 [INFO] Época 19/30, Batch 2150/3348, Loss: 0.0450
2025-10-09 17:44:31,787 [INFO] Época 19/30, Batch 2200/3348, Loss: 0.0568
2025-10-09 17:44:32,048 [INFO] Época 19/30, Batch 2250/3348, Loss: 0.0699
2025-10-09 17:44:32,312 [INFO] Época 19/30, Batch 2300/3348, Loss: 0.0774
2025-10-09 17:44:32,576 [INFO] Época 19/30, Batch 2350/3348, Loss: 0.0597
2025-10-09 17:44:32,840 [INFO] Época 19/30, Batch 2400/3348, Loss: 0.0479
2025-10-09 17:44:33,102 [INFO] Época 19/30, Batch 2450/3348, Loss: 0.0339
2025-10-09 17:44:33,360 [INFO] Época 19/30, Batch 2500/3348, Loss: 0.0553
2025-10-09 17:44:33,623 [INFO] Época 19/30, Batch 2550/3348, Loss: 0.0742
2025-10-09 17:44:33,881 [INFO] Época 19/30, Batch 2600/3348, Loss: 0.0379
2025-10-09 17:44:34,141 [INFO] Época 19/30, Batch 2650/3348, Loss: 0.0613
2025-10-09 17:44:34,401 [INFO] Época 19/30, Batch 2700/3348, Loss: 0.0758
2025-10-09 17:44:34,661 [INFO] Época 19/30, Batch 2750/3348, Loss: 0.0317
2025-10-09 17:44:34,920 [INFO] Época 19/30, Batch 2800/3348, Loss: 0.0339
2025-10-09 17:44:35,181 [INFO] Época 19/30, Batch 2850/3348, Loss: 0.0543
2025-10-09 17:44:35,440 [INFO] Época 19/30, Batch 2900/3348, Loss: 0.0600
2025-10-09 17:44:35,699 [INFO] Época 19/30, Batch 2950/3348, Loss: 0.0589
2025-10-09 17:44:35,955 [INFO] Época 19/30, Batch 3000/3348, Loss: 0.0495
2025-10-09 17:44:36,212 [INFO] Época 19/30, Batch 3050/3348, Loss: 0.0473
2025-10-09 17:44:36,470 [INFO] Época 19/30, Batch 3100/3348, Loss: 0.0443
2025-10-09 17:44:36,724 [INFO] Época 19/30, Batch 3150/3348, Loss: 0.0744
2025-10-09 17:44:36,980 [INFO] Época 19/30, Batch 3200/3348, Loss: 0.0543
2025-10-09 17:44:37,236 [INFO] Época 19/30, Batch 3250/3348, Loss: 0.0571
2025-10-09 17:44:37,487 [INFO] Época 19/30, Batch 3300/3348, Loss: 0.0665
2025-10-09 17:44:39,197 [INFO] [19/30] Train Loss: 0.0588 | Val Loss: 0.0823 | Tempo: 19.23s
2025-10-09 17:44:39,738 [INFO] Época 20/30, Batch 50/3348, Loss: 0.0457
2025-10-09 17:44:39,986 [INFO] Época 20/30, Batch 100/3348, Loss: 0.0515
2025-10-09 17:44:40,228 [INFO] Época 20/30, Batch 150/3348, Loss: 0.0410
2025-10-09 17:44:40,471 [INFO] Época 20/30, Batch 200/3348, Loss: 0.0666
2025-10-09 17:44:40,710 [INFO] Época 20/30, Batch 250/3348, Loss: 0.0518
2025-10-09 17:44:40,950 [INFO] Época 20/30, Batch 300/3348, Loss: 0.0485
2025-10-09 17:44:41,192 [INFO] Época 20/30, Batch 350/3348, Loss: 0.0464
2025-10-09 17:44:41,441 [INFO] Época 20/30, Batch 400/3348, Loss: 0.0473
2025-10-09 17:44:41,706 [INFO] Época 20/30, Batch 450/3348, Loss: 0.0457
2025-10-09 17:44:41,975 [INFO] Época 20/30, Batch 500/3348, Loss: 0.0427
2025-10-09 17:44:42,239 [INFO] Época 20/30, Batch 550/3348, Loss: 0.0396
2025-10-09 17:44:42,500 [INFO] Época 20/30, Batch 600/3348, Loss: 0.0492
2025-10-09 17:44:42,762 [INFO] Época 20/30, Batch 650/3348, Loss: 0.0453
2025-10-09 17:44:43,025 [INFO] Época 20/30, Batch 700/3348, Loss: 0.0563
2025-10-09 17:44:43,280 [INFO] Época 20/30, Batch 750/3348, Loss: 0.0631
2025-10-09 17:44:43,522 [INFO] Época 20/30, Batch 800/3348, Loss: 0.0629
2025-10-09 17:44:43,763 [INFO] Época 20/30, Batch 850/3348, Loss: 0.0514
2025-10-09 17:44:44,003 [INFO] Época 20/30, Batch 900/3348, Loss: 0.0520
2025-10-09 17:44:44,246 [INFO] Época 20/30, Batch 950/3348, Loss: 0.0458
2025-10-09 17:44:44,487 [INFO] Época 20/30, Batch 1000/3348, Loss: 0.0484
2025-10-09 17:44:44,728 [INFO] Época 20/30, Batch 1050/3348, Loss: 0.0448
2025-10-09 17:44:44,967 [INFO] Época 20/30, Batch 1100/3348, Loss: 0.0495
2025-10-09 17:44:45,204 [INFO] Época 20/30, Batch 1150/3348, Loss: 0.0434
2025-10-09 17:44:45,434 [INFO] Época 20/30, Batch 1200/3348, Loss: 0.0451
2025-10-09 17:44:45,672 [INFO] Época 20/30, Batch 1250/3348, Loss: 0.0420
2025-10-09 17:44:45,915 [INFO] Época 20/30, Batch 1300/3348, Loss: 0.0575
2025-10-09 17:44:46,157 [INFO] Época 20/30, Batch 1350/3348, Loss: 0.0535
2025-10-09 17:44:46,399 [INFO] Época 20/30, Batch 1400/3348, Loss: 0.0801
2025-10-09 17:44:46,641 [INFO] Época 20/30, Batch 1450/3348, Loss: 0.0599
2025-10-09 17:44:46,883 [INFO] Época 20/30, Batch 1500/3348, Loss: 0.0506
2025-10-09 17:44:47,135 [INFO] Época 20/30, Batch 1550/3348, Loss: 0.0499
2025-10-09 17:44:47,398 [INFO] Época 20/30, Batch 1600/3348, Loss: 0.0763
2025-10-09 17:44:47,663 [INFO] Época 20/30, Batch 1650/3348, Loss: 0.0471
2025-10-09 17:44:47,929 [INFO] Época 20/30, Batch 1700/3348, Loss: 0.0499
2025-10-09 17:44:48,194 [INFO] Época 20/30, Batch 1750/3348, Loss: 0.0520
2025-10-09 17:44:48,460 [INFO] Época 20/30, Batch 1800/3348, Loss: 0.0598
2025-10-09 17:44:48,724 [INFO] Época 20/30, Batch 1850/3348, Loss: 0.0532
2025-10-09 17:44:48,988 [INFO] Época 20/30, Batch 1900/3348, Loss: 0.0454
2025-10-09 17:44:49,253 [INFO] Época 20/30, Batch 1950/3348, Loss: 0.0466
2025-10-09 17:44:49,517 [INFO] Época 20/30, Batch 2000/3348, Loss: 0.0636
2025-10-09 17:44:49,782 [INFO] Época 20/30, Batch 2050/3348, Loss: 0.0549
2025-10-09 17:44:50,049 [INFO] Época 20/30, Batch 2100/3348, Loss: 0.0507
2025-10-09 17:44:50,315 [INFO] Época 20/30, Batch 2150/3348, Loss: 0.0452
2025-10-09 17:44:50,582 [INFO] Época 20/30, Batch 2200/3348, Loss: 0.0636
2025-10-09 17:44:50,847 [INFO] Época 20/30, Batch 2250/3348, Loss: 0.0508
2025-10-09 17:44:51,112 [INFO] Época 20/30, Batch 2300/3348, Loss: 0.0468
2025-10-09 17:44:51,378 [INFO] Época 20/30, Batch 2350/3348, Loss: 0.0410
2025-10-09 17:44:51,648 [INFO] Época 20/30, Batch 2400/3348, Loss: 0.0550
2025-10-09 17:44:51,914 [INFO] Época 20/30, Batch 2450/3348, Loss: 0.0491
2025-10-09 17:44:52,180 [INFO] Época 20/30, Batch 2500/3348, Loss: 0.0547
2025-10-09 17:44:52,449 [INFO] Época 20/30, Batch 2550/3348, Loss: 0.0492
2025-10-09 17:44:52,715 [INFO] Época 20/30, Batch 2600/3348, Loss: 0.0342
2025-10-09 17:44:52,982 [INFO] Época 20/30, Batch 2650/3348, Loss: 0.0547
2025-10-09 17:44:53,249 [INFO] Época 20/30, Batch 2700/3348, Loss: 0.0532
2025-10-09 17:44:53,515 [INFO] Época 20/30, Batch 2750/3348, Loss: 0.0531
2025-10-09 17:44:53,780 [INFO] Época 20/30, Batch 2800/3348, Loss: 0.0774
2025-10-09 17:44:54,048 [INFO] Época 20/30, Batch 2850/3348, Loss: 0.0404
2025-10-09 17:44:54,316 [INFO] Época 20/30, Batch 2900/3348, Loss: 0.0528
2025-10-09 17:44:54,582 [INFO] Época 20/30, Batch 2950/3348, Loss: 0.0473
2025-10-09 17:44:54,846 [INFO] Época 20/30, Batch 3000/3348, Loss: 0.0531
2025-10-09 17:44:55,107 [INFO] Época 20/30, Batch 3050/3348, Loss: 0.0528
2025-10-09 17:44:55,367 [INFO] Época 20/30, Batch 3100/3348, Loss: 0.0601
2025-10-09 17:44:55,627 [INFO] Época 20/30, Batch 3150/3348, Loss: 0.0555
2025-10-09 17:44:55,887 [INFO] Época 20/30, Batch 3200/3348, Loss: 0.0581
2025-10-09 17:44:56,149 [INFO] Época 20/30, Batch 3250/3348, Loss: 0.0525
2025-10-09 17:44:56,409 [INFO] Época 20/30, Batch 3300/3348, Loss: 0.0675
2025-10-09 17:44:58,200 [INFO] [20/30] Train Loss: 0.0582 | Val Loss: 0.0813 | Tempo: 19.00s
2025-10-09 17:44:58,203 [INFO] Melhor modelo salvo em: /mnt/hdd/home/jdurao/ToolBox-ChemXAI/models/mlp_qm9_AtomPair_att1_large.pth
2025-10-09 17:44:58,749 [INFO] Época 21/30, Batch 50/3348, Loss: 0.0473
2025-10-09 17:44:59,018 [INFO] Época 21/30, Batch 100/3348, Loss: 0.0514
2025-10-09 17:44:59,282 [INFO] Época 21/30, Batch 150/3348, Loss: 0.0479
2025-10-09 17:44:59,545 [INFO] Época 21/30, Batch 200/3348, Loss: 0.0535
2025-10-09 17:44:59,806 [INFO] Época 21/30, Batch 250/3348, Loss: 0.0512
2025-10-09 17:45:00,070 [INFO] Época 21/30, Batch 300/3348, Loss: 0.0533
2025-10-09 17:45:00,331 [INFO] Época 21/30, Batch 350/3348, Loss: 0.0442
2025-10-09 17:45:00,592 [INFO] Época 21/30, Batch 400/3348, Loss: 0.0366
2025-10-09 17:45:00,855 [INFO] Época 21/30, Batch 450/3348, Loss: 0.0512
2025-10-09 17:45:01,116 [INFO] Época 21/30, Batch 500/3348, Loss: 0.0564
2025-10-09 17:45:01,376 [INFO] Época 21/30, Batch 550/3348, Loss: 0.0387
2025-10-09 17:45:01,636 [INFO] Época 21/30, Batch 600/3348, Loss: 0.0578
2025-10-09 17:45:01,897 [INFO] Época 21/30, Batch 650/3348, Loss: 0.0387
2025-10-09 17:45:02,160 [INFO] Época 21/30, Batch 700/3348, Loss: 0.0532
2025-10-09 17:45:02,420 [INFO] Época 21/30, Batch 750/3348, Loss: 0.0492
2025-10-09 17:45:02,681 [INFO] Época 21/30, Batch 800/3348, Loss: 0.0452
2025-10-09 17:45:02,941 [INFO] Época 21/30, Batch 850/3348, Loss: 0.0542
2025-10-09 17:45:03,198 [INFO] Época 21/30, Batch 900/3348, Loss: 0.0567
2025-10-09 17:45:03,455 [INFO] Época 21/30, Batch 950/3348, Loss: 0.0528
2025-10-09 17:45:03,704 [INFO] Época 21/30, Batch 1000/3348, Loss: 0.0338
2025-10-09 17:45:03,954 [INFO] Época 21/30, Batch 1050/3348, Loss: 0.0440
2025-10-09 17:45:04,205 [INFO] Época 21/30, Batch 1100/3348, Loss: 0.0604
2025-10-09 17:45:04,457 [INFO] Época 21/30, Batch 1150/3348, Loss: 0.0468
2025-10-09 17:45:04,707 [INFO] Época 21/30, Batch 1200/3348, Loss: 0.0397
2025-10-09 17:45:04,961 [INFO] Época 21/30, Batch 1250/3348, Loss: 0.0497
2025-10-09 17:45:05,216 [INFO] Época 21/30, Batch 1300/3348, Loss: 0.1088
2025-10-09 17:45:05,473 [INFO] Época 21/30, Batch 1350/3348, Loss: 0.0460
2025-10-09 17:45:05,730 [INFO] Época 21/30, Batch 1400/3348, Loss: 0.0624
2025-10-09 17:45:05,989 [INFO] Época 21/30, Batch 1450/3348, Loss: 0.0547
2025-10-09 17:45:06,249 [INFO] Época 21/30, Batch 1500/3348, Loss: 0.0462
2025-10-09 17:45:06,508 [INFO] Época 21/30, Batch 1550/3348, Loss: 0.0514
2025-10-09 17:45:06,767 [INFO] Época 21/30, Batch 1600/3348, Loss: 0.0511
2025-10-09 17:45:07,028 [INFO] Época 21/30, Batch 1650/3348, Loss: 0.0488
2025-10-09 17:45:07,287 [INFO] Época 21/30, Batch 1700/3348, Loss: 0.0641
2025-10-09 17:45:07,548 [INFO] Época 21/30, Batch 1750/3348, Loss: 0.0658
2025-10-09 17:45:07,807 [INFO] Época 21/30, Batch 1800/3348, Loss: 0.0387
2025-10-09 17:45:08,064 [INFO] Época 21/30, Batch 1850/3348, Loss: 0.1062
2025-10-09 17:45:08,321 [INFO] Época 21/30, Batch 1900/3348, Loss: 0.0545
2025-10-09 17:45:08,581 [INFO] Época 21/30, Batch 1950/3348, Loss: 0.0535
2025-10-09 17:45:08,841 [INFO] Época 21/30, Batch 2000/3348, Loss: 0.0619
2025-10-09 17:45:09,100 [INFO] Época 21/30, Batch 2050/3348, Loss: 0.0513
2025-10-09 17:45:09,358 [INFO] Época 21/30, Batch 2100/3348, Loss: 0.0416
2025-10-09 17:45:09,620 [INFO] Época 21/30, Batch 2150/3348, Loss: 0.0706
2025-10-09 17:45:09,878 [INFO] Época 21/30, Batch 2200/3348, Loss: 0.0767
2025-10-09 17:45:10,136 [INFO] Época 21/30, Batch 2250/3348, Loss: 0.0430
2025-10-09 17:45:10,394 [INFO] Época 21/30, Batch 2300/3348, Loss: 0.0922
2025-10-09 17:45:10,652 [INFO] Época 21/30, Batch 2350/3348, Loss: 0.0481
2025-10-09 17:45:10,913 [INFO] Época 21/30, Batch 2400/3348, Loss: 0.0415
2025-10-09 17:45:11,173 [INFO] Época 21/30, Batch 2450/3348, Loss: 0.0477
2025-10-09 17:45:11,433 [INFO] Época 21/30, Batch 2500/3348, Loss: 0.0539
2025-10-09 17:45:11,692 [INFO] Época 21/30, Batch 2550/3348, Loss: 0.0751
2025-10-09 17:45:11,953 [INFO] Época 21/30, Batch 2600/3348, Loss: 0.0610
2025-10-09 17:45:12,213 [INFO] Época 21/30, Batch 2650/3348, Loss: 0.0628
2025-10-09 17:45:12,472 [INFO] Época 21/30, Batch 2700/3348, Loss: 0.0473
2025-10-09 17:45:12,733 [INFO] Época 21/30, Batch 2750/3348, Loss: 0.1449
2025-10-09 17:45:12,992 [INFO] Época 21/30, Batch 2800/3348, Loss: 0.0448
2025-10-09 17:45:13,250 [INFO] Época 21/30, Batch 2850/3348, Loss: 0.0554
2025-10-09 17:45:13,509 [INFO] Época 21/30, Batch 2900/3348, Loss: 0.0489
2025-10-09 17:45:13,769 [INFO] Época 21/30, Batch 2950/3348, Loss: 0.0473
2025-10-09 17:45:14,027 [INFO] Época 21/30, Batch 3000/3348, Loss: 0.0539
2025-10-09 17:45:14,286 [INFO] Época 21/30, Batch 3050/3348, Loss: 0.0483
2025-10-09 17:45:14,544 [INFO] Época 21/30, Batch 3100/3348, Loss: 0.0636
2025-10-09 17:45:14,806 [INFO] Época 21/30, Batch 3150/3348, Loss: 0.0608
2025-10-09 17:45:15,064 [INFO] Época 21/30, Batch 3200/3348, Loss: 0.0525
2025-10-09 17:45:15,323 [INFO] Época 21/30, Batch 3250/3348, Loss: 0.0473
2025-10-09 17:45:15,581 [INFO] Época 21/30, Batch 3300/3348, Loss: 0.0384
2025-10-09 17:45:17,474 [INFO] [21/30] Train Loss: 0.0573 | Val Loss: 0.0833 | Tempo: 19.27s
2025-10-09 17:45:18,047 [INFO] Época 22/30, Batch 50/3348, Loss: 0.0491
2025-10-09 17:45:18,312 [INFO] Época 22/30, Batch 100/3348, Loss: 0.0462
2025-10-09 17:45:18,577 [INFO] Época 22/30, Batch 150/3348, Loss: 0.0544
2025-10-09 17:45:18,841 [INFO] Época 22/30, Batch 200/3348, Loss: 0.0602
2025-10-09 17:45:19,104 [INFO] Época 22/30, Batch 250/3348, Loss: 0.0532
2025-10-09 17:45:19,366 [INFO] Época 22/30, Batch 300/3348, Loss: 0.0438
2025-10-09 17:45:19,628 [INFO] Época 22/30, Batch 350/3348, Loss: 0.0461
2025-10-09 17:45:19,888 [INFO] Época 22/30, Batch 400/3348, Loss: 0.0544
2025-10-09 17:45:20,148 [INFO] Época 22/30, Batch 450/3348, Loss: 0.0525
2025-10-09 17:45:20,409 [INFO] Época 22/30, Batch 500/3348, Loss: 0.0566
2025-10-09 17:45:20,670 [INFO] Época 22/30, Batch 550/3348, Loss: 0.0427
2025-10-09 17:45:20,909 [INFO] Época 22/30, Batch 600/3348, Loss: 0.0496
2025-10-09 17:45:21,148 [INFO] Época 22/30, Batch 650/3348, Loss: 0.0485
2025-10-09 17:45:21,388 [INFO] Época 22/30, Batch 700/3348, Loss: 0.0636
2025-10-09 17:45:21,628 [INFO] Época 22/30, Batch 750/3348, Loss: 0.0439
2025-10-09 17:45:21,867 [INFO] Época 22/30, Batch 800/3348, Loss: 0.0377
2025-10-09 17:45:22,107 [INFO] Época 22/30, Batch 850/3348, Loss: 0.0466
2025-10-09 17:45:22,345 [INFO] Época 22/30, Batch 900/3348, Loss: 0.0694
2025-10-09 17:45:22,583 [INFO] Época 22/30, Batch 950/3348, Loss: 0.0564
2025-10-09 17:45:22,823 [INFO] Época 22/30, Batch 1000/3348, Loss: 0.0687
2025-10-09 17:45:23,063 [INFO] Época 22/30, Batch 1050/3348, Loss: 0.0316
2025-10-09 17:45:23,302 [INFO] Época 22/30, Batch 1100/3348, Loss: 0.0577
2025-10-09 17:45:23,541 [INFO] Época 22/30, Batch 1150/3348, Loss: 0.0428
2025-10-09 17:45:23,782 [INFO] Época 22/30, Batch 1200/3348, Loss: 0.0638
2025-10-09 17:45:24,022 [INFO] Época 22/30, Batch 1250/3348, Loss: 0.0577
2025-10-09 17:45:24,261 [INFO] Época 22/30, Batch 1300/3348, Loss: 0.0486
2025-10-09 17:45:24,515 [INFO] Época 22/30, Batch 1350/3348, Loss: 0.0415
2025-10-09 17:45:24,774 [INFO] Época 22/30, Batch 1400/3348, Loss: 0.0481
2025-10-09 17:45:25,046 [INFO] Época 22/30, Batch 1450/3348, Loss: 0.0612
2025-10-09 17:45:25,317 [INFO] Época 22/30, Batch 1500/3348, Loss: 0.0660
2025-10-09 17:45:25,576 [INFO] Época 22/30, Batch 1550/3348, Loss: 0.0493
2025-10-09 17:45:25,835 [INFO] Época 22/30, Batch 1600/3348, Loss: 0.0455
2025-10-09 17:45:26,108 [INFO] Época 22/30, Batch 1650/3348, Loss: 0.0548
2025-10-09 17:45:26,368 [INFO] Época 22/30, Batch 1700/3348, Loss: 0.0424
2025-10-09 17:45:26,630 [INFO] Época 22/30, Batch 1750/3348, Loss: 0.0571
2025-10-09 17:45:26,894 [INFO] Época 22/30, Batch 1800/3348, Loss: 0.0726
2025-10-09 17:45:27,167 [INFO] Época 22/30, Batch 1850/3348, Loss: 0.0565
2025-10-09 17:45:27,445 [INFO] Época 22/30, Batch 1900/3348, Loss: 0.0661
2025-10-09 17:45:27,723 [INFO] Época 22/30, Batch 1950/3348, Loss: 0.0431
2025-10-09 17:45:28,004 [INFO] Época 22/30, Batch 2000/3348, Loss: 0.0471
2025-10-09 17:45:28,287 [INFO] Época 22/30, Batch 2050/3348, Loss: 0.0437
2025-10-09 17:45:28,568 [INFO] Época 22/30, Batch 2100/3348, Loss: 0.0407
2025-10-09 17:45:28,829 [INFO] Época 22/30, Batch 2150/3348, Loss: 0.0441
2025-10-09 17:45:29,091 [INFO] Época 22/30, Batch 2200/3348, Loss: 0.0479
2025-10-09 17:45:29,356 [INFO] Época 22/30, Batch 2250/3348, Loss: 0.0648
2025-10-09 17:45:29,624 [INFO] Época 22/30, Batch 2300/3348, Loss: 0.0658
2025-10-09 17:45:29,887 [INFO] Época 22/30, Batch 2350/3348, Loss: 0.0395
2025-10-09 17:45:30,152 [INFO] Época 22/30, Batch 2400/3348, Loss: 0.0483
2025-10-09 17:45:30,416 [INFO] Época 22/30, Batch 2450/3348, Loss: 0.0660
2025-10-09 17:45:30,680 [INFO] Época 22/30, Batch 2500/3348, Loss: 0.0483
2025-10-09 17:45:30,948 [INFO] Época 22/30, Batch 2550/3348, Loss: 0.0607
2025-10-09 17:45:31,210 [INFO] Época 22/30, Batch 2600/3348, Loss: 0.0543
2025-10-09 17:45:31,475 [INFO] Época 22/30, Batch 2650/3348, Loss: 0.0671
2025-10-09 17:45:31,741 [INFO] Época 22/30, Batch 2700/3348, Loss: 0.0536
2025-10-09 17:45:32,007 [INFO] Época 22/30, Batch 2750/3348, Loss: 0.1142
2025-10-09 17:45:32,271 [INFO] Época 22/30, Batch 2800/3348, Loss: 0.0591
2025-10-09 17:45:32,535 [INFO] Época 22/30, Batch 2850/3348, Loss: 0.0648
2025-10-09 17:45:32,798 [INFO] Época 22/30, Batch 2900/3348, Loss: 0.0565
2025-10-09 17:45:33,061 [INFO] Época 22/30, Batch 2950/3348, Loss: 0.0593
2025-10-09 17:45:33,326 [INFO] Época 22/30, Batch 3000/3348, Loss: 0.0530
2025-10-09 17:45:33,593 [INFO] Época 22/30, Batch 3050/3348, Loss: 0.0547
2025-10-09 17:45:33,858 [INFO] Época 22/30, Batch 3100/3348, Loss: 0.0505
2025-10-09 17:45:34,122 [INFO] Época 22/30, Batch 3150/3348, Loss: 0.0488
2025-10-09 17:45:34,385 [INFO] Época 22/30, Batch 3200/3348, Loss: 0.0516
2025-10-09 17:45:34,651 [INFO] Época 22/30, Batch 3250/3348, Loss: 0.0471
2025-10-09 17:45:34,918 [INFO] Época 22/30, Batch 3300/3348, Loss: 0.0462
2025-10-09 17:45:36,712 [INFO] [22/30] Train Loss: 0.0569 | Val Loss: 0.0819 | Tempo: 19.24s
2025-10-09 17:45:37,274 [INFO] Época 23/30, Batch 50/3348, Loss: 0.0442
2025-10-09 17:45:37,550 [INFO] Época 23/30, Batch 100/3348, Loss: 0.0595
2025-10-09 17:45:37,822 [INFO] Época 23/30, Batch 150/3348, Loss: 0.0520
2025-10-09 17:45:38,086 [INFO] Época 23/30, Batch 200/3348, Loss: 0.0453
2025-10-09 17:45:38,350 [INFO] Época 23/30, Batch 250/3348, Loss: 0.0484
2025-10-09 17:45:38,615 [INFO] Época 23/30, Batch 300/3348, Loss: 0.0639
2025-10-09 17:45:38,879 [INFO] Época 23/30, Batch 350/3348, Loss: 0.0491
2025-10-09 17:45:39,141 [INFO] Época 23/30, Batch 400/3348, Loss: 0.0592
2025-10-09 17:45:39,404 [INFO] Época 23/30, Batch 450/3348, Loss: 0.0494
2025-10-09 17:45:39,670 [INFO] Época 23/30, Batch 500/3348, Loss: 0.0437
2025-10-09 17:45:39,936 [INFO] Época 23/30, Batch 550/3348, Loss: 0.0434
2025-10-09 17:45:40,201 [INFO] Época 23/30, Batch 600/3348, Loss: 0.0358
2025-10-09 17:45:40,465 [INFO] Época 23/30, Batch 650/3348, Loss: 0.0483
2025-10-09 17:45:40,727 [INFO] Época 23/30, Batch 700/3348, Loss: 0.0474
2025-10-09 17:45:40,989 [INFO] Época 23/30, Batch 750/3348, Loss: 0.0425
2025-10-09 17:45:41,245 [INFO] Época 23/30, Batch 800/3348, Loss: 0.0507
2025-10-09 17:45:41,499 [INFO] Época 23/30, Batch 850/3348, Loss: 0.0651
2025-10-09 17:45:41,755 [INFO] Época 23/30, Batch 900/3348, Loss: 0.0674
2025-10-09 17:45:42,010 [INFO] Época 23/30, Batch 950/3348, Loss: 0.0532
2025-10-09 17:45:42,264 [INFO] Época 23/30, Batch 1000/3348, Loss: 0.0493
2025-10-09 17:45:42,518 [INFO] Época 23/30, Batch 1050/3348, Loss: 0.0460
2025-10-09 17:45:42,773 [INFO] Época 23/30, Batch 1100/3348, Loss: 0.0427
2025-10-09 17:45:43,030 [INFO] Época 23/30, Batch 1150/3348, Loss: 0.0422
2025-10-09 17:45:43,294 [INFO] Época 23/30, Batch 1200/3348, Loss: 0.0491
2025-10-09 17:45:43,557 [INFO] Época 23/30, Batch 1250/3348, Loss: 0.0468
2025-10-09 17:45:43,819 [INFO] Época 23/30, Batch 1300/3348, Loss: 0.0554
2025-10-09 17:45:44,082 [INFO] Época 23/30, Batch 1350/3348, Loss: 0.0597
2025-10-09 17:45:44,345 [INFO] Época 23/30, Batch 1400/3348, Loss: 0.0493
2025-10-09 17:45:44,607 [INFO] Época 23/30, Batch 1450/3348, Loss: 0.0493
2025-10-09 17:45:44,871 [INFO] Época 23/30, Batch 1500/3348, Loss: 0.0504
2025-10-09 17:45:45,137 [INFO] Época 23/30, Batch 1550/3348, Loss: 0.0437
2025-10-09 17:45:45,402 [INFO] Época 23/30, Batch 1600/3348, Loss: 0.0426
2025-10-09 17:45:45,667 [INFO] Época 23/30, Batch 1650/3348, Loss: 0.0506
2025-10-09 17:45:45,929 [INFO] Época 23/30, Batch 1700/3348, Loss: 0.0430
2025-10-09 17:45:46,195 [INFO] Época 23/30, Batch 1750/3348, Loss: 0.0555
2025-10-09 17:45:46,468 [INFO] Época 23/30, Batch 1800/3348, Loss: 0.0488
2025-10-09 17:45:46,731 [INFO] Época 23/30, Batch 1850/3348, Loss: 0.0526
2025-10-09 17:45:46,994 [INFO] Época 23/30, Batch 1900/3348, Loss: 0.0507
2025-10-09 17:45:47,257 [INFO] Época 23/30, Batch 1950/3348, Loss: 0.0512
2025-10-09 17:45:47,519 [INFO] Época 23/30, Batch 2000/3348, Loss: 0.0398
2025-10-09 17:45:47,785 [INFO] Época 23/30, Batch 2050/3348, Loss: 0.0541
2025-10-09 17:45:48,050 [INFO] Época 23/30, Batch 2100/3348, Loss: 0.0269
2025-10-09 17:45:48,315 [INFO] Época 23/30, Batch 2150/3348, Loss: 0.0569
2025-10-09 17:45:48,582 [INFO] Época 23/30, Batch 2200/3348, Loss: 0.0408
2025-10-09 17:45:48,855 [INFO] Época 23/30, Batch 2250/3348, Loss: 0.0752
2025-10-09 17:45:49,127 [INFO] Época 23/30, Batch 2300/3348, Loss: 0.0504
2025-10-09 17:45:49,390 [INFO] Época 23/30, Batch 2350/3348, Loss: 0.0430
2025-10-09 17:45:49,660 [INFO] Época 23/30, Batch 2400/3348, Loss: 0.0443
2025-10-09 17:45:49,923 [INFO] Época 23/30, Batch 2450/3348, Loss: 0.0536
2025-10-09 17:45:50,189 [INFO] Época 23/30, Batch 2500/3348, Loss: 0.0486
2025-10-09 17:45:50,452 [INFO] Época 23/30, Batch 2550/3348, Loss: 0.0522
2025-10-09 17:45:50,717 [INFO] Época 23/30, Batch 2600/3348, Loss: 0.0503
2025-10-09 17:45:50,982 [INFO] Época 23/30, Batch 2650/3348, Loss: 0.0570
2025-10-09 17:45:51,256 [INFO] Época 23/30, Batch 2700/3348, Loss: 0.0554
2025-10-09 17:45:51,527 [INFO] Época 23/30, Batch 2750/3348, Loss: 0.0471
2025-10-09 17:45:51,800 [INFO] Época 23/30, Batch 2800/3348, Loss: 0.0394
2025-10-09 17:45:52,074 [INFO] Época 23/30, Batch 2850/3348, Loss: 0.0478
2025-10-09 17:45:52,348 [INFO] Época 23/30, Batch 2900/3348, Loss: 0.0712
2025-10-09 17:45:52,621 [INFO] Época 23/30, Batch 2950/3348, Loss: 0.0708
2025-10-09 17:45:52,891 [INFO] Época 23/30, Batch 3000/3348, Loss: 0.0513
2025-10-09 17:45:53,154 [INFO] Época 23/30, Batch 3050/3348, Loss: 0.0661
2025-10-09 17:45:53,418 [INFO] Época 23/30, Batch 3100/3348, Loss: 0.0561
2025-10-09 17:45:53,681 [INFO] Época 23/30, Batch 3150/3348, Loss: 0.0460
2025-10-09 17:45:53,944 [INFO] Época 23/30, Batch 3200/3348, Loss: 0.0611
2025-10-09 17:45:54,216 [INFO] Época 23/30, Batch 3250/3348, Loss: 0.0524
2025-10-09 17:45:54,490 [INFO] Época 23/30, Batch 3300/3348, Loss: 0.0422
2025-10-09 17:45:56,276 [INFO] [23/30] Train Loss: 0.0571 | Val Loss: 0.0831 | Tempo: 19.56s
2025-10-09 17:45:56,837 [INFO] Época 24/30, Batch 50/3348, Loss: 0.0374
2025-10-09 17:45:57,104 [INFO] Época 24/30, Batch 100/3348, Loss: 0.0530
2025-10-09 17:45:57,366 [INFO] Época 24/30, Batch 150/3348, Loss: 0.0470
2025-10-09 17:45:57,627 [INFO] Época 24/30, Batch 200/3348, Loss: 0.0505
2025-10-09 17:45:57,885 [INFO] Época 24/30, Batch 250/3348, Loss: 0.0429
2025-10-09 17:45:58,142 [INFO] Época 24/30, Batch 300/3348, Loss: 0.0427
2025-10-09 17:45:58,383 [INFO] Época 24/30, Batch 350/3348, Loss: 0.0519
2025-10-09 17:45:58,619 [INFO] Época 24/30, Batch 400/3348, Loss: 0.0440
2025-10-09 17:45:58,855 [INFO] Época 24/30, Batch 450/3348, Loss: 0.0576
2025-10-09 17:45:59,090 [INFO] Época 24/30, Batch 500/3348, Loss: 0.0355
2025-10-09 17:45:59,332 [INFO] Época 24/30, Batch 550/3348, Loss: 0.0536
2025-10-09 17:45:59,573 [INFO] Época 24/30, Batch 600/3348, Loss: 0.0614
2025-10-09 17:45:59,812 [INFO] Época 24/30, Batch 650/3348, Loss: 0.0599
2025-10-09 17:46:00,048 [INFO] Época 24/30, Batch 700/3348, Loss: 0.0595
2025-10-09 17:46:00,285 [INFO] Época 24/30, Batch 750/3348, Loss: 0.0430
2025-10-09 17:46:00,521 [INFO] Época 24/30, Batch 800/3348, Loss: 0.0723
2025-10-09 17:46:00,755 [INFO] Época 24/30, Batch 850/3348, Loss: 0.0577
2025-10-09 17:46:00,991 [INFO] Época 24/30, Batch 900/3348, Loss: 0.0536
2025-10-09 17:46:01,226 [INFO] Época 24/30, Batch 950/3348, Loss: 0.0492
2025-10-09 17:46:01,461 [INFO] Época 24/30, Batch 1000/3348, Loss: 0.0523
2025-10-09 17:46:01,700 [INFO] Época 24/30, Batch 1050/3348, Loss: 0.0529
2025-10-09 17:46:01,957 [INFO] Época 24/30, Batch 1100/3348, Loss: 0.0461
2025-10-09 17:46:02,220 [INFO] Época 24/30, Batch 1150/3348, Loss: 0.0527
2025-10-09 17:46:02,485 [INFO] Época 24/30, Batch 1200/3348, Loss: 0.0573
2025-10-09 17:46:02,746 [INFO] Época 24/30, Batch 1250/3348, Loss: 0.0433
2025-10-09 17:46:03,010 [INFO] Época 24/30, Batch 1300/3348, Loss: 0.0570
2025-10-09 17:46:03,273 [INFO] Época 24/30, Batch 1350/3348, Loss: 0.0446
2025-10-09 17:46:03,533 [INFO] Época 24/30, Batch 1400/3348, Loss: 0.0369
2025-10-09 17:46:03,793 [INFO] Época 24/30, Batch 1450/3348, Loss: 0.0471
2025-10-09 17:46:04,052 [INFO] Época 24/30, Batch 1500/3348, Loss: 0.0437
2025-10-09 17:46:04,312 [INFO] Época 24/30, Batch 1550/3348, Loss: 0.0569
2025-10-09 17:46:04,572 [INFO] Época 24/30, Batch 1600/3348, Loss: 0.0446
2025-10-09 17:46:04,834 [INFO] Época 24/30, Batch 1650/3348, Loss: 0.0570
2025-10-09 17:46:05,097 [INFO] Época 24/30, Batch 1700/3348, Loss: 0.0515
2025-10-09 17:46:05,364 [INFO] Época 24/30, Batch 1750/3348, Loss: 0.0641
2025-10-09 17:46:05,647 [INFO] Época 24/30, Batch 1800/3348, Loss: 0.0393
2025-10-09 17:46:05,930 [INFO] Época 24/30, Batch 1850/3348, Loss: 0.0559
2025-10-09 17:46:06,214 [INFO] Época 24/30, Batch 1900/3348, Loss: 0.0378
2025-10-09 17:46:06,497 [INFO] Época 24/30, Batch 1950/3348, Loss: 0.0703
2025-10-09 17:46:06,781 [INFO] Época 24/30, Batch 2000/3348, Loss: 0.0282
2025-10-09 17:46:07,064 [INFO] Época 24/30, Batch 2050/3348, Loss: 0.0493
2025-10-09 17:46:07,348 [INFO] Época 24/30, Batch 2100/3348, Loss: 0.0589
2025-10-09 17:46:07,631 [INFO] Época 24/30, Batch 2150/3348, Loss: 0.0660
2025-10-09 17:46:07,914 [INFO] Época 24/30, Batch 2200/3348, Loss: 0.0439
2025-10-09 17:46:08,179 [INFO] Época 24/30, Batch 2250/3348, Loss: 0.0624
2025-10-09 17:46:08,439 [INFO] Época 24/30, Batch 2300/3348, Loss: 0.0670
2025-10-09 17:46:08,701 [INFO] Época 24/30, Batch 2350/3348, Loss: 0.0649
2025-10-09 17:46:08,961 [INFO] Época 24/30, Batch 2400/3348, Loss: 0.0548
2025-10-09 17:46:09,221 [INFO] Época 24/30, Batch 2450/3348, Loss: 0.0422
2025-10-09 17:46:09,482 [INFO] Época 24/30, Batch 2500/3348, Loss: 0.0555
2025-10-09 17:46:09,742 [INFO] Época 24/30, Batch 2550/3348, Loss: 0.0653
2025-10-09 17:46:10,004 [INFO] Época 24/30, Batch 2600/3348, Loss: 0.0613
2025-10-09 17:46:10,265 [INFO] Época 24/30, Batch 2650/3348, Loss: 0.0440
2025-10-09 17:46:10,525 [INFO] Época 24/30, Batch 2700/3348, Loss: 0.0443
2025-10-09 17:46:10,799 [INFO] Época 24/30, Batch 2750/3348, Loss: 0.0402
2025-10-09 17:46:11,072 [INFO] Época 24/30, Batch 2800/3348, Loss: 0.0373
2025-10-09 17:46:11,336 [INFO] Época 24/30, Batch 2850/3348, Loss: 0.0402
2025-10-09 17:46:11,598 [INFO] Época 24/30, Batch 2900/3348, Loss: 0.0358
2025-10-09 17:46:11,861 [INFO] Época 24/30, Batch 2950/3348, Loss: 0.0418
2025-10-09 17:46:12,121 [INFO] Época 24/30, Batch 3000/3348, Loss: 0.0472
2025-10-09 17:46:12,384 [INFO] Época 24/30, Batch 3050/3348, Loss: 0.0499
2025-10-09 17:46:12,658 [INFO] Época 24/30, Batch 3100/3348, Loss: 0.0456
2025-10-09 17:46:12,943 [INFO] Época 24/30, Batch 3150/3348, Loss: 0.0392
2025-10-09 17:46:13,226 [INFO] Época 24/30, Batch 3200/3348, Loss: 0.0489
2025-10-09 17:46:13,497 [INFO] Época 24/30, Batch 3250/3348, Loss: 0.0618
2025-10-09 17:46:13,778 [INFO] Época 24/30, Batch 3300/3348, Loss: 0.0525
2025-10-09 17:46:15,602 [INFO] [24/30] Train Loss: 0.0561 | Val Loss: 0.0812 | Tempo: 19.33s
2025-10-09 17:46:15,608 [INFO] Melhor modelo salvo em: /mnt/hdd/home/jdurao/ToolBox-ChemXAI/models/mlp_qm9_AtomPair_att1_large.pth
2025-10-09 17:46:16,167 [INFO] Época 25/30, Batch 50/3348, Loss: 0.0476
2025-10-09 17:46:16,437 [INFO] Época 25/30, Batch 100/3348, Loss: 0.0482
2025-10-09 17:46:16,705 [INFO] Época 25/30, Batch 150/3348, Loss: 0.0488
2025-10-09 17:46:16,972 [INFO] Época 25/30, Batch 200/3348, Loss: 0.0593
2025-10-09 17:46:17,239 [INFO] Época 25/30, Batch 250/3348, Loss: 0.0354
2025-10-09 17:46:17,505 [INFO] Época 25/30, Batch 300/3348, Loss: 0.0626
2025-10-09 17:46:17,770 [INFO] Época 25/30, Batch 350/3348, Loss: 0.0492
2025-10-09 17:46:18,034 [INFO] Época 25/30, Batch 400/3348, Loss: 0.0664
2025-10-09 17:46:18,296 [INFO] Época 25/30, Batch 450/3348, Loss: 0.0582
2025-10-09 17:46:18,559 [INFO] Época 25/30, Batch 500/3348, Loss: 0.0650
2025-10-09 17:46:18,821 [INFO] Época 25/30, Batch 550/3348, Loss: 0.0506
2025-10-09 17:46:19,085 [INFO] Época 25/30, Batch 600/3348, Loss: 0.0453
2025-10-09 17:46:19,348 [INFO] Época 25/30, Batch 650/3348, Loss: 0.0550
2025-10-09 17:46:19,611 [INFO] Época 25/30, Batch 700/3348, Loss: 0.0576
2025-10-09 17:46:19,874 [INFO] Época 25/30, Batch 750/3348, Loss: 0.0362
2025-10-09 17:46:20,133 [INFO] Época 25/30, Batch 800/3348, Loss: 0.0814
2025-10-09 17:46:20,387 [INFO] Época 25/30, Batch 850/3348, Loss: 0.0446
2025-10-09 17:46:20,649 [INFO] Época 25/30, Batch 900/3348, Loss: 0.0620
2025-10-09 17:46:20,902 [INFO] Época 25/30, Batch 950/3348, Loss: 0.0553
2025-10-09 17:46:21,157 [INFO] Época 25/30, Batch 1000/3348, Loss: 0.0530
2025-10-09 17:46:21,418 [INFO] Época 25/30, Batch 1050/3348, Loss: 0.0545
2025-10-09 17:46:21,683 [INFO] Época 25/30, Batch 1100/3348, Loss: 0.0350
2025-10-09 17:46:21,940 [INFO] Época 25/30, Batch 1150/3348, Loss: 0.0488
2025-10-09 17:46:22,203 [INFO] Época 25/30, Batch 1200/3348, Loss: 0.0523
2025-10-09 17:46:22,478 [INFO] Época 25/30, Batch 1250/3348, Loss: 0.0724
2025-10-09 17:46:22,756 [INFO] Época 25/30, Batch 1300/3348, Loss: 0.0584
2025-10-09 17:46:23,034 [INFO] Época 25/30, Batch 1350/3348, Loss: 0.0398
2025-10-09 17:46:23,312 [INFO] Época 25/30, Batch 1400/3348, Loss: 0.0534
2025-10-09 17:46:23,591 [INFO] Época 25/30, Batch 1450/3348, Loss: 0.0584
2025-10-09 17:46:23,870 [INFO] Época 25/30, Batch 1500/3348, Loss: 0.0488
2025-10-09 17:46:24,144 [INFO] Época 25/30, Batch 1550/3348, Loss: 0.0468
2025-10-09 17:46:24,407 [INFO] Época 25/30, Batch 1600/3348, Loss: 0.0539
2025-10-09 17:46:24,671 [INFO] Época 25/30, Batch 1650/3348, Loss: 0.0457
2025-10-09 17:46:24,935 [INFO] Época 25/30, Batch 1700/3348, Loss: 0.0400
2025-10-09 17:46:25,204 [INFO] Época 25/30, Batch 1750/3348, Loss: 0.0820
2025-10-09 17:46:25,479 [INFO] Época 25/30, Batch 1800/3348, Loss: 0.0565
2025-10-09 17:46:25,751 [INFO] Época 25/30, Batch 1850/3348, Loss: 0.0542
2025-10-09 17:46:26,023 [INFO] Época 25/30, Batch 1900/3348, Loss: 0.0802
2025-10-09 17:46:26,295 [INFO] Época 25/30, Batch 1950/3348, Loss: 0.0622
2025-10-09 17:46:26,565 [INFO] Época 25/30, Batch 2000/3348, Loss: 0.0480
2025-10-09 17:46:26,835 [INFO] Época 25/30, Batch 2050/3348, Loss: 0.0506
2025-10-09 17:46:27,104 [INFO] Época 25/30, Batch 2100/3348, Loss: 0.0475
2025-10-09 17:46:27,376 [INFO] Época 25/30, Batch 2150/3348, Loss: 0.1686
2025-10-09 17:46:27,637 [INFO] Época 25/30, Batch 2200/3348, Loss: 0.0465
2025-10-09 17:46:27,900 [INFO] Época 25/30, Batch 2250/3348, Loss: 0.0384
2025-10-09 17:46:28,165 [INFO] Época 25/30, Batch 2300/3348, Loss: 0.0572
2025-10-09 17:46:28,429 [INFO] Época 25/30, Batch 2350/3348, Loss: 0.0559
2025-10-09 17:46:28,695 [INFO] Época 25/30, Batch 2400/3348, Loss: 0.0451
2025-10-09 17:46:28,962 [INFO] Época 25/30, Batch 2450/3348, Loss: 0.0579
2025-10-09 17:46:29,241 [INFO] Época 25/30, Batch 2500/3348, Loss: 0.0540
2025-10-09 17:46:29,519 [INFO] Época 25/30, Batch 2550/3348, Loss: 0.0640
2025-10-09 17:46:29,797 [INFO] Época 25/30, Batch 2600/3348, Loss: 0.0619
2025-10-09 17:46:30,076 [INFO] Época 25/30, Batch 2650/3348, Loss: 0.0367
2025-10-09 17:46:30,352 [INFO] Época 25/30, Batch 2700/3348, Loss: 0.0423
2025-10-09 17:46:30,630 [INFO] Época 25/30, Batch 2750/3348, Loss: 0.0422
2025-10-09 17:46:30,917 [INFO] Época 25/30, Batch 2800/3348, Loss: 0.0563
2025-10-09 17:46:31,203 [INFO] Época 25/30, Batch 2850/3348, Loss: 0.0605
2025-10-09 17:46:31,490 [INFO] Época 25/30, Batch 2900/3348, Loss: 0.0575
2025-10-09 17:46:31,778 [INFO] Época 25/30, Batch 2950/3348, Loss: 0.0392
2025-10-09 17:46:32,055 [INFO] Época 25/30, Batch 3000/3348, Loss: 0.0470
2025-10-09 17:46:32,332 [INFO] Época 25/30, Batch 3050/3348, Loss: 0.0454
2025-10-09 17:46:32,611 [INFO] Época 25/30, Batch 3100/3348, Loss: 0.0448
2025-10-09 17:46:32,891 [INFO] Época 25/30, Batch 3150/3348, Loss: 0.0713
2025-10-09 17:46:33,166 [INFO] Época 25/30, Batch 3200/3348, Loss: 0.0513
2025-10-09 17:46:33,444 [INFO] Época 25/30, Batch 3250/3348, Loss: 0.0728
2025-10-09 17:46:33,722 [INFO] Época 25/30, Batch 3300/3348, Loss: 0.0579
2025-10-09 17:46:35,556 [INFO] [25/30] Train Loss: 0.0555 | Val Loss: 0.0816 | Tempo: 19.95s
2025-10-09 17:46:36,106 [INFO] Época 26/30, Batch 50/3348, Loss: 0.0394
2025-10-09 17:46:36,366 [INFO] Época 26/30, Batch 100/3348, Loss: 0.0456
2025-10-09 17:46:36,628 [INFO] Época 26/30, Batch 150/3348, Loss: 0.0574
2025-10-09 17:46:36,887 [INFO] Época 26/30, Batch 200/3348, Loss: 0.0397
2025-10-09 17:46:37,147 [INFO] Época 26/30, Batch 250/3348, Loss: 0.7578
2025-10-09 17:46:37,407 [INFO] Época 26/30, Batch 300/3348, Loss: 0.0420
2025-10-09 17:46:37,667 [INFO] Época 26/30, Batch 350/3348, Loss: 0.0775
2025-10-09 17:46:37,928 [INFO] Época 26/30, Batch 400/3348, Loss: 0.0404
2025-10-09 17:46:38,185 [INFO] Época 26/30, Batch 450/3348, Loss: 0.0404
2025-10-09 17:46:38,442 [INFO] Época 26/30, Batch 500/3348, Loss: 0.0512
2025-10-09 17:46:38,698 [INFO] Época 26/30, Batch 550/3348, Loss: 0.0497
2025-10-09 17:46:38,956 [INFO] Época 26/30, Batch 600/3348, Loss: 0.0472
2025-10-09 17:46:39,222 [INFO] Época 26/30, Batch 650/3348, Loss: 0.0654
2025-10-09 17:46:39,500 [INFO] Época 26/30, Batch 700/3348, Loss: 0.0475
2025-10-09 17:46:39,780 [INFO] Época 26/30, Batch 750/3348, Loss: 0.0587
2025-10-09 17:46:40,061 [INFO] Época 26/30, Batch 800/3348, Loss: 0.0380
2025-10-09 17:46:40,342 [INFO] Época 26/30, Batch 850/3348, Loss: 0.0555
2025-10-09 17:46:40,623 [INFO] Época 26/30, Batch 900/3348, Loss: 0.0424
2025-10-09 17:46:40,905 [INFO] Época 26/30, Batch 950/3348, Loss: 0.0493
2025-10-09 17:46:41,186 [INFO] Época 26/30, Batch 1000/3348, Loss: 0.0476
2025-10-09 17:46:41,466 [INFO] Época 26/30, Batch 1050/3348, Loss: 0.0561
2025-10-09 17:46:41,744 [INFO] Época 26/30, Batch 1100/3348, Loss: 0.0540
2025-10-09 17:46:42,023 [INFO] Época 26/30, Batch 1150/3348, Loss: 0.0396
2025-10-09 17:46:42,302 [INFO] Época 26/30, Batch 1200/3348, Loss: 0.0402
2025-10-09 17:46:42,583 [INFO] Época 26/30, Batch 1250/3348, Loss: 0.0378
2025-10-09 17:46:42,851 [INFO] Época 26/30, Batch 1300/3348, Loss: 0.0495
2025-10-09 17:46:43,118 [INFO] Época 26/30, Batch 1350/3348, Loss: 0.0624
2025-10-09 17:46:43,383 [INFO] Época 26/30, Batch 1400/3348, Loss: 0.0474
2025-10-09 17:46:43,647 [INFO] Época 26/30, Batch 1450/3348, Loss: 0.0548
2025-10-09 17:46:43,912 [INFO] Época 26/30, Batch 1500/3348, Loss: 0.0373
2025-10-09 17:46:44,175 [INFO] Época 26/30, Batch 1550/3348, Loss: 0.0323
2025-10-09 17:46:44,437 [INFO] Época 26/30, Batch 1600/3348, Loss: 0.0529
2025-10-09 17:46:44,703 [INFO] Época 26/30, Batch 1650/3348, Loss: 0.0658
2025-10-09 17:46:44,976 [INFO] Época 26/30, Batch 1700/3348, Loss: 0.0505
2025-10-09 17:46:45,254 [INFO] Época 26/30, Batch 1750/3348, Loss: 0.0507
2025-10-09 17:46:45,533 [INFO] Época 26/30, Batch 1800/3348, Loss: 0.0481
2025-10-09 17:46:45,814 [INFO] Época 26/30, Batch 1850/3348, Loss: 0.0508
2025-10-09 17:46:46,094 [INFO] Época 26/30, Batch 1900/3348, Loss: 0.0596
2025-10-09 17:46:46,377 [INFO] Época 26/30, Batch 1950/3348, Loss: 0.0871
2025-10-09 17:46:46,657 [INFO] Época 26/30, Batch 2000/3348, Loss: 0.0502
2025-10-09 17:46:46,940 [INFO] Época 26/30, Batch 2050/3348, Loss: 0.0660
2025-10-09 17:46:47,223 [INFO] Época 26/30, Batch 2100/3348, Loss: 0.0416
2025-10-09 17:46:47,506 [INFO] Época 26/30, Batch 2150/3348, Loss: 0.0581
2025-10-09 17:46:47,789 [INFO] Época 26/30, Batch 2200/3348, Loss: 0.0623
2025-10-09 17:46:48,059 [INFO] Época 26/30, Batch 2250/3348, Loss: 0.0589
2025-10-09 17:46:48,324 [INFO] Época 26/30, Batch 2300/3348, Loss: 0.0628
2025-10-09 17:46:48,590 [INFO] Época 26/30, Batch 2350/3348, Loss: 0.0491
2025-10-09 17:46:48,851 [INFO] Época 26/30, Batch 2400/3348, Loss: 0.0606
2025-10-09 17:46:49,116 [INFO] Época 26/30, Batch 2450/3348, Loss: 0.0514
2025-10-09 17:46:49,379 [INFO] Época 26/30, Batch 2500/3348, Loss: 0.0554
2025-10-09 17:46:49,645 [INFO] Época 26/30, Batch 2550/3348, Loss: 0.0398
2025-10-09 17:46:49,913 [INFO] Época 26/30, Batch 2600/3348, Loss: 0.0504
2025-10-09 17:46:50,177 [INFO] Época 26/30, Batch 2650/3348, Loss: 0.0518
2025-10-09 17:46:50,442 [INFO] Época 26/30, Batch 2700/3348, Loss: 0.0442
2025-10-09 17:46:50,710 [INFO] Época 26/30, Batch 2750/3348, Loss: 0.0475
2025-10-09 17:46:50,974 [INFO] Época 26/30, Batch 2800/3348, Loss: 0.0444
2025-10-09 17:46:51,241 [INFO] Época 26/30, Batch 2850/3348, Loss: 0.0452
2025-10-09 17:46:51,506 [INFO] Época 26/30, Batch 2900/3348, Loss: 0.0509
2025-10-09 17:46:51,770 [INFO] Época 26/30, Batch 2950/3348, Loss: 0.0491
2025-10-09 17:46:52,033 [INFO] Época 26/30, Batch 3000/3348, Loss: 0.0559
2025-10-09 17:46:52,296 [INFO] Época 26/30, Batch 3050/3348, Loss: 0.0858
2025-10-09 17:46:52,561 [INFO] Época 26/30, Batch 3100/3348, Loss: 0.0564
2025-10-09 17:46:52,823 [INFO] Época 26/30, Batch 3150/3348, Loss: 0.0497
2025-10-09 17:46:53,088 [INFO] Época 26/30, Batch 3200/3348, Loss: 0.0374
2025-10-09 17:46:53,350 [INFO] Época 26/30, Batch 3250/3348, Loss: 0.0470
2025-10-09 17:46:53,614 [INFO] Época 26/30, Batch 3300/3348, Loss: 0.0750
2025-10-09 17:46:55,480 [INFO] [26/30] Train Loss: 0.0557 | Val Loss: 0.0829 | Tempo: 19.92s
2025-10-09 17:46:56,070 [INFO] Época 27/30, Batch 50/3348, Loss: 0.0396
2025-10-09 17:46:56,372 [INFO] Época 27/30, Batch 100/3348, Loss: 0.0429
2025-10-09 17:46:56,673 [INFO] Época 27/30, Batch 150/3348, Loss: 0.0455
2025-10-09 17:46:56,973 [INFO] Época 27/30, Batch 200/3348, Loss: 0.0479
2025-10-09 17:46:57,259 [INFO] Época 27/30, Batch 250/3348, Loss: 0.0430
2025-10-09 17:46:57,524 [INFO] Época 27/30, Batch 300/3348, Loss: 0.0443
2025-10-09 17:46:57,788 [INFO] Época 27/30, Batch 350/3348, Loss: 0.0448
2025-10-09 17:46:58,053 [INFO] Época 27/30, Batch 400/3348, Loss: 0.0543
2025-10-09 17:46:58,316 [INFO] Época 27/30, Batch 450/3348, Loss: 0.0584
2025-10-09 17:46:58,580 [INFO] Época 27/30, Batch 500/3348, Loss: 0.0483
2025-10-09 17:46:58,841 [INFO] Época 27/30, Batch 550/3348, Loss: 0.0404
2025-10-09 17:46:59,107 [INFO] Época 27/30, Batch 600/3348, Loss: 0.0594
2025-10-09 17:46:59,384 [INFO] Época 27/30, Batch 650/3348, Loss: 0.0428
2025-10-09 17:46:59,663 [INFO] Época 27/30, Batch 700/3348, Loss: 0.0580
2025-10-09 17:46:59,941 [INFO] Época 27/30, Batch 750/3348, Loss: 0.0527
2025-10-09 17:47:00,214 [INFO] Época 27/30, Batch 800/3348, Loss: 0.0598
2025-10-09 17:47:00,486 [INFO] Época 27/30, Batch 850/3348, Loss: 0.0456
2025-10-09 17:47:00,758 [INFO] Época 27/30, Batch 900/3348, Loss: 0.0531
2025-10-09 17:47:01,032 [INFO] Época 27/30, Batch 950/3348, Loss: 0.0419
2025-10-09 17:47:01,317 [INFO] Época 27/30, Batch 1000/3348, Loss: 0.0531
2025-10-09 17:47:01,604 [INFO] Época 27/30, Batch 1050/3348, Loss: 0.0384
2025-10-09 17:47:01,870 [INFO] Época 27/30, Batch 1100/3348, Loss: 0.0385
2025-10-09 17:47:02,134 [INFO] Época 27/30, Batch 1150/3348, Loss: 0.0548
2025-10-09 17:47:02,399 [INFO] Época 27/30, Batch 1200/3348, Loss: 0.0434
2025-10-09 17:47:02,663 [INFO] Época 27/30, Batch 1250/3348, Loss: 0.0593
2025-10-09 17:47:02,926 [INFO] Época 27/30, Batch 1300/3348, Loss: 0.0678
2025-10-09 17:47:03,190 [INFO] Época 27/30, Batch 1350/3348, Loss: 0.0378
2025-10-09 17:47:03,455 [INFO] Época 27/30, Batch 1400/3348, Loss: 0.0441
2025-10-09 17:47:03,721 [INFO] Época 27/30, Batch 1450/3348, Loss: 0.0563
2025-10-09 17:47:03,985 [INFO] Época 27/30, Batch 1500/3348, Loss: 0.0589
2025-10-09 17:47:04,251 [INFO] Época 27/30, Batch 1550/3348, Loss: 0.0512
2025-10-09 17:47:04,516 [INFO] Época 27/30, Batch 1600/3348, Loss: 0.0437
2025-10-09 17:47:04,780 [INFO] Época 27/30, Batch 1650/3348, Loss: 0.0622
2025-10-09 17:47:05,046 [INFO] Época 27/30, Batch 1700/3348, Loss: 0.0631
2025-10-09 17:47:05,313 [INFO] Época 27/30, Batch 1750/3348, Loss: 0.0610
2025-10-09 17:47:05,579 [INFO] Época 27/30, Batch 1800/3348, Loss: 0.0538
2025-10-09 17:47:05,845 [INFO] Época 27/30, Batch 1850/3348, Loss: 0.0459
2025-10-09 17:47:06,108 [INFO] Época 27/30, Batch 1900/3348, Loss: 0.0463
2025-10-09 17:47:06,374 [INFO] Época 27/30, Batch 1950/3348, Loss: 0.0568
2025-10-09 17:47:06,639 [INFO] Época 27/30, Batch 2000/3348, Loss: 0.0452
2025-10-09 17:47:06,908 [INFO] Época 27/30, Batch 2050/3348, Loss: 0.0631
2025-10-09 17:47:07,175 [INFO] Época 27/30, Batch 2100/3348, Loss: 0.0510
2025-10-09 17:47:07,440 [INFO] Época 27/30, Batch 2150/3348, Loss: 0.0518
2025-10-09 17:47:07,707 [INFO] Época 27/30, Batch 2200/3348, Loss: 0.0605
2025-10-09 17:47:07,974 [INFO] Época 27/30, Batch 2250/3348, Loss: 0.0469
2025-10-09 17:47:08,239 [INFO] Época 27/30, Batch 2300/3348, Loss: 0.0584
2025-10-09 17:47:08,505 [INFO] Época 27/30, Batch 2350/3348, Loss: 0.0434
2025-10-09 17:47:08,769 [INFO] Época 27/30, Batch 2400/3348, Loss: 0.0666
2025-10-09 17:47:09,034 [INFO] Época 27/30, Batch 2450/3348, Loss: 0.0627
2025-10-09 17:47:09,298 [INFO] Época 27/30, Batch 2500/3348, Loss: 0.0575
2025-10-09 17:47:09,561 [INFO] Época 27/30, Batch 2550/3348, Loss: 0.0449
2025-10-09 17:47:09,830 [INFO] Época 27/30, Batch 2600/3348, Loss: 0.0538
2025-10-09 17:47:10,095 [INFO] Época 27/30, Batch 2650/3348, Loss: 0.0340
2025-10-09 17:47:10,358 [INFO] Época 27/30, Batch 2700/3348, Loss: 0.0559
2025-10-09 17:47:10,622 [INFO] Época 27/30, Batch 2750/3348, Loss: 0.0472
2025-10-09 17:47:10,904 [INFO] Época 27/30, Batch 2800/3348, Loss: 0.0510
2025-10-09 17:47:11,189 [INFO] Época 27/30, Batch 2850/3348, Loss: 0.0561
2025-10-09 17:47:11,472 [INFO] Época 27/30, Batch 2900/3348, Loss: 0.0360
2025-10-09 17:47:11,751 [INFO] Época 27/30, Batch 2950/3348, Loss: 0.0549
2025-10-09 17:47:12,031 [INFO] Época 27/30, Batch 3000/3348, Loss: 0.0537
2025-10-09 17:47:12,310 [INFO] Época 27/30, Batch 3050/3348, Loss: 0.0462
2025-10-09 17:47:12,589 [INFO] Época 27/30, Batch 3100/3348, Loss: 0.0829
2025-10-09 17:47:12,829 [INFO] Época 27/30, Batch 3150/3348, Loss: 0.0665
2025-10-09 17:47:13,061 [INFO] Época 27/30, Batch 3200/3348, Loss: 0.0500
2025-10-09 17:47:13,274 [INFO] Época 27/30, Batch 3250/3348, Loss: 0.0489
2025-10-09 17:47:13,492 [INFO] Época 27/30, Batch 3300/3348, Loss: 0.0526
2025-10-09 17:47:15,172 [INFO] [27/30] Train Loss: 0.0550 | Val Loss: 0.0835 | Tempo: 19.69s
2025-10-09 17:47:15,675 [INFO] Época 28/30, Batch 50/3348, Loss: 0.0402
2025-10-09 17:47:15,894 [INFO] Época 28/30, Batch 100/3348, Loss: 0.0498
2025-10-09 17:47:16,131 [INFO] Época 28/30, Batch 150/3348, Loss: 0.0475
2025-10-09 17:47:16,389 [INFO] Época 28/30, Batch 200/3348, Loss: 0.0432
2025-10-09 17:47:16,647 [INFO] Época 28/30, Batch 250/3348, Loss: 0.0520
2025-10-09 17:47:16,922 [INFO] Época 28/30, Batch 300/3348, Loss: 0.0385
2025-10-09 17:47:17,198 [INFO] Época 28/30, Batch 350/3348, Loss: 0.0535
2025-10-09 17:47:17,472 [INFO] Época 28/30, Batch 400/3348, Loss: 0.0396
2025-10-09 17:47:17,750 [INFO] Época 28/30, Batch 450/3348, Loss: 0.0442
2025-10-09 17:47:18,027 [INFO] Época 28/30, Batch 500/3348, Loss: 0.0353
2025-10-09 17:47:18,306 [INFO] Época 28/30, Batch 550/3348, Loss: 0.0469
2025-10-09 17:47:18,585 [INFO] Época 28/30, Batch 600/3348, Loss: 0.0388
2025-10-09 17:47:18,857 [INFO] Época 28/30, Batch 650/3348, Loss: 0.0532
2025-10-09 17:47:19,119 [INFO] Época 28/30, Batch 700/3348, Loss: 0.0506
2025-10-09 17:47:19,381 [INFO] Época 28/30, Batch 750/3348, Loss: 0.0440
2025-10-09 17:47:19,642 [INFO] Época 28/30, Batch 800/3348, Loss: 0.0334
2025-10-09 17:47:19,904 [INFO] Época 28/30, Batch 850/3348, Loss: 0.0471
2025-10-09 17:47:20,167 [INFO] Época 28/30, Batch 900/3348, Loss: 0.0443
2025-10-09 17:47:20,430 [INFO] Época 28/30, Batch 950/3348, Loss: 0.0469
2025-10-09 17:47:20,693 [INFO] Época 28/30, Batch 1000/3348, Loss: 0.0537
2025-10-09 17:47:20,955 [INFO] Época 28/30, Batch 1050/3348, Loss: 0.0668
2025-10-09 17:47:21,219 [INFO] Época 28/30, Batch 1100/3348, Loss: 0.0536
2025-10-09 17:47:21,483 [INFO] Época 28/30, Batch 1150/3348, Loss: 0.0488
2025-10-09 17:47:21,745 [INFO] Época 28/30, Batch 1200/3348, Loss: 0.0472
2025-10-09 17:47:22,007 [INFO] Época 28/30, Batch 1250/3348, Loss: 0.0400
2025-10-09 17:47:22,263 [INFO] Época 28/30, Batch 1300/3348, Loss: 0.0559
2025-10-09 17:47:22,529 [INFO] Época 28/30, Batch 1350/3348, Loss: 0.0493
2025-10-09 17:47:22,794 [INFO] Época 28/30, Batch 1400/3348, Loss: 0.0525
2025-10-09 17:47:23,054 [INFO] Época 28/30, Batch 1450/3348, Loss: 0.0493
2025-10-09 17:47:23,316 [INFO] Época 28/30, Batch 1500/3348, Loss: 0.0628
2025-10-09 17:47:23,576 [INFO] Época 28/30, Batch 1550/3348, Loss: 0.0308
2025-10-09 17:47:23,837 [INFO] Época 28/30, Batch 1600/3348, Loss: 0.0480
2025-10-09 17:47:24,102 [INFO] Época 28/30, Batch 1650/3348, Loss: 0.0672
2025-10-09 17:47:24,367 [INFO] Época 28/30, Batch 1700/3348, Loss: 0.0359
2025-10-09 17:47:24,634 [INFO] Época 28/30, Batch 1750/3348, Loss: 0.0502
2025-10-09 17:47:24,907 [INFO] Época 28/30, Batch 1800/3348, Loss: 0.0426
2025-10-09 17:47:25,180 [INFO] Época 28/30, Batch 1850/3348, Loss: 0.0458
2025-10-09 17:47:25,451 [INFO] Época 28/30, Batch 1900/3348, Loss: 0.0627
2025-10-09 17:47:25,723 [INFO] Época 28/30, Batch 1950/3348, Loss: 0.0404
2025-10-09 17:47:25,996 [INFO] Época 28/30, Batch 2000/3348, Loss: 0.0507
2025-10-09 17:47:26,268 [INFO] Época 28/30, Batch 2050/3348, Loss: 0.0473
2025-10-09 17:47:26,541 [INFO] Época 28/30, Batch 2100/3348, Loss: 0.0614
2025-10-09 17:47:26,814 [INFO] Época 28/30, Batch 2150/3348, Loss: 0.0467
2025-10-09 17:47:27,085 [INFO] Época 28/30, Batch 2200/3348, Loss: 0.0441
2025-10-09 17:47:27,358 [INFO] Época 28/30, Batch 2250/3348, Loss: 0.0445
2025-10-09 17:47:27,629 [INFO] Época 28/30, Batch 2300/3348, Loss: 0.0567
2025-10-09 17:47:27,891 [INFO] Época 28/30, Batch 2350/3348, Loss: 0.0393
2025-10-09 17:47:28,158 [INFO] Época 28/30, Batch 2400/3348, Loss: 0.0519
2025-10-09 17:47:28,434 [INFO] Época 28/30, Batch 2450/3348, Loss: 0.1092
2025-10-09 17:47:28,713 [INFO] Época 28/30, Batch 2500/3348, Loss: 0.0503
2025-10-09 17:47:28,988 [INFO] Época 28/30, Batch 2550/3348, Loss: 0.0536
2025-10-09 17:47:29,264 [INFO] Época 28/30, Batch 2600/3348, Loss: 0.0415
2025-10-09 17:47:29,542 [INFO] Época 28/30, Batch 2650/3348, Loss: 0.0603
2025-10-09 17:47:29,822 [INFO] Época 28/30, Batch 2700/3348, Loss: 0.0569
2025-10-09 17:47:30,094 [INFO] Época 28/30, Batch 2750/3348, Loss: 0.0430
2025-10-09 17:47:30,366 [INFO] Época 28/30, Batch 2800/3348, Loss: 0.0484
2025-10-09 17:47:30,638 [INFO] Época 28/30, Batch 2850/3348, Loss: 0.0303
2025-10-09 17:47:30,926 [INFO] Época 28/30, Batch 2900/3348, Loss: 0.0460
2025-10-09 17:47:31,210 [INFO] Época 28/30, Batch 2950/3348, Loss: 0.0478
2025-10-09 17:47:31,478 [INFO] Época 28/30, Batch 3000/3348, Loss: 0.0482
2025-10-09 17:47:31,747 [INFO] Época 28/30, Batch 3050/3348, Loss: 0.0459
2025-10-09 17:47:32,012 [INFO] Época 28/30, Batch 3100/3348, Loss: 0.0482
2025-10-09 17:47:32,278 [INFO] Época 28/30, Batch 3150/3348, Loss: 0.0699
2025-10-09 17:47:32,545 [INFO] Época 28/30, Batch 3200/3348, Loss: 0.0591
2025-10-09 17:47:32,811 [INFO] Época 28/30, Batch 3250/3348, Loss: 0.0495
2025-10-09 17:47:33,078 [INFO] Época 28/30, Batch 3300/3348, Loss: 0.0466
2025-10-09 17:47:34,994 [INFO] [28/30] Train Loss: 0.0548 | Val Loss: 0.0818 | Tempo: 19.82s
2025-10-09 17:47:35,549 [INFO] Época 29/30, Batch 50/3348, Loss: 0.0419
2025-10-09 17:47:35,815 [INFO] Época 29/30, Batch 100/3348, Loss: 0.0611
2025-10-09 17:47:36,079 [INFO] Época 29/30, Batch 150/3348, Loss: 0.0521
2025-10-09 17:47:36,343 [INFO] Época 29/30, Batch 200/3348, Loss: 0.0518
2025-10-09 17:47:36,606 [INFO] Época 29/30, Batch 250/3348, Loss: 0.0474
2025-10-09 17:47:36,867 [INFO] Época 29/30, Batch 300/3348, Loss: 0.0410
2025-10-09 17:47:37,128 [INFO] Época 29/30, Batch 350/3348, Loss: 0.0535
2025-10-09 17:47:37,389 [INFO] Época 29/30, Batch 400/3348, Loss: 0.3122
2025-10-09 17:47:37,649 [INFO] Época 29/30, Batch 450/3348, Loss: 0.0821
2025-10-09 17:47:37,911 [INFO] Época 29/30, Batch 500/3348, Loss: 0.0394
2025-10-09 17:47:38,170 [INFO] Época 29/30, Batch 550/3348, Loss: 0.0451
2025-10-09 17:47:38,430 [INFO] Época 29/30, Batch 600/3348, Loss: 0.0511
2025-10-09 17:47:38,693 [INFO] Época 29/30, Batch 650/3348, Loss: 0.0471
2025-10-09 17:47:38,964 [INFO] Época 29/30, Batch 700/3348, Loss: 0.0438
2025-10-09 17:47:39,237 [INFO] Época 29/30, Batch 750/3348, Loss: 0.0469
2025-10-09 17:47:39,520 [INFO] Época 29/30, Batch 800/3348, Loss: 0.0571
2025-10-09 17:47:39,781 [INFO] Época 29/30, Batch 850/3348, Loss: 0.0374
2025-10-09 17:47:40,033 [INFO] Época 29/30, Batch 900/3348, Loss: 0.0489
2025-10-09 17:47:40,297 [INFO] Época 29/30, Batch 950/3348, Loss: 0.0403
2025-10-09 17:47:40,559 [INFO] Época 29/30, Batch 1000/3348, Loss: 0.0551
2025-10-09 17:47:40,827 [INFO] Época 29/30, Batch 1050/3348, Loss: 0.0353
2025-10-09 17:47:41,089 [INFO] Época 29/30, Batch 1100/3348, Loss: 0.0587
2025-10-09 17:47:41,351 [INFO] Época 29/30, Batch 1150/3348, Loss: 0.0581
2025-10-09 17:47:41,620 [INFO] Época 29/30, Batch 1200/3348, Loss: 0.0424
2025-10-09 17:47:41,888 [INFO] Época 29/30, Batch 1250/3348, Loss: 0.0643
2025-10-09 17:47:42,155 [INFO] Época 29/30, Batch 1300/3348, Loss: 0.0727
2025-10-09 17:47:42,424 [INFO] Época 29/30, Batch 1350/3348, Loss: 0.0377
2025-10-09 17:47:42,684 [INFO] Época 29/30, Batch 1400/3348, Loss: 0.0409
2025-10-09 17:47:42,941 [INFO] Época 29/30, Batch 1450/3348, Loss: 0.0558
2025-10-09 17:47:43,206 [INFO] Época 29/30, Batch 1500/3348, Loss: 0.0495
2025-10-09 17:47:43,474 [INFO] Época 29/30, Batch 1550/3348, Loss: 0.0449
2025-10-09 17:47:43,740 [INFO] Época 29/30, Batch 1600/3348, Loss: 0.0469
2025-10-09 17:47:44,000 [INFO] Época 29/30, Batch 1650/3348, Loss: 0.0530
2025-10-09 17:47:44,259 [INFO] Época 29/30, Batch 1700/3348, Loss: 0.0446
2025-10-09 17:47:44,521 [INFO] Época 29/30, Batch 1750/3348, Loss: 0.0551
2025-10-09 17:47:44,779 [INFO] Época 29/30, Batch 1800/3348, Loss: 0.0485
2025-10-09 17:47:45,037 [INFO] Época 29/30, Batch 1850/3348, Loss: 0.0427
2025-10-09 17:47:45,295 [INFO] Época 29/30, Batch 1900/3348, Loss: 0.0422
2025-10-09 17:47:45,553 [INFO] Época 29/30, Batch 1950/3348, Loss: 0.0399
2025-10-09 17:47:45,812 [INFO] Época 29/30, Batch 2000/3348, Loss: 0.0568
2025-10-09 17:47:46,071 [INFO] Época 29/30, Batch 2050/3348, Loss: 0.0400
2025-10-09 17:47:46,330 [INFO] Época 29/30, Batch 2100/3348, Loss: 0.0444
2025-10-09 17:47:46,591 [INFO] Época 29/30, Batch 2150/3348, Loss: 0.0432
2025-10-09 17:47:46,862 [INFO] Época 29/30, Batch 2200/3348, Loss: 0.0386
2025-10-09 17:47:47,128 [INFO] Época 29/30, Batch 2250/3348, Loss: 0.0442
2025-10-09 17:47:47,394 [INFO] Época 29/30, Batch 2300/3348, Loss: 0.0405
2025-10-09 17:47:47,659 [INFO] Época 29/30, Batch 2350/3348, Loss: 0.0699
2025-10-09 17:47:47,925 [INFO] Época 29/30, Batch 2400/3348, Loss: 0.0485
2025-10-09 17:47:48,193 [INFO] Época 29/30, Batch 2450/3348, Loss: 0.0416
2025-10-09 17:47:48,460 [INFO] Época 29/30, Batch 2500/3348, Loss: 0.0712
2025-10-09 17:47:48,728 [INFO] Época 29/30, Batch 2550/3348, Loss: 0.0467
2025-10-09 17:47:48,994 [INFO] Época 29/30, Batch 2600/3348, Loss: 0.0625
2025-10-09 17:47:49,257 [INFO] Época 29/30, Batch 2650/3348, Loss: 0.0557
2025-10-09 17:47:49,521 [INFO] Época 29/30, Batch 2700/3348, Loss: 0.0498
2025-10-09 17:47:49,781 [INFO] Época 29/30, Batch 2750/3348, Loss: 0.0506
2025-10-09 17:47:50,037 [INFO] Época 29/30, Batch 2800/3348, Loss: 0.0359
2025-10-09 17:47:50,290 [INFO] Época 29/30, Batch 2850/3348, Loss: 0.0492
2025-10-09 17:47:50,528 [INFO] Época 29/30, Batch 2900/3348, Loss: 0.0600
2025-10-09 17:47:50,768 [INFO] Época 29/30, Batch 2950/3348, Loss: 0.0778
2025-10-09 17:47:51,005 [INFO] Época 29/30, Batch 3000/3348, Loss: 0.0472
2025-10-09 17:47:51,243 [INFO] Época 29/30, Batch 3050/3348, Loss: 0.0682
2025-10-09 17:47:51,480 [INFO] Época 29/30, Batch 3100/3348, Loss: 0.0516
2025-10-09 17:47:51,723 [INFO] Época 29/30, Batch 3150/3348, Loss: 0.0518
2025-10-09 17:47:51,974 [INFO] Época 29/30, Batch 3200/3348, Loss: 0.0374
2025-10-09 17:47:52,227 [INFO] Época 29/30, Batch 3250/3348, Loss: 0.0480
2025-10-09 17:47:52,479 [INFO] Época 29/30, Batch 3300/3348, Loss: 0.0490
2025-10-09 17:47:54,089 [INFO] [29/30] Train Loss: 0.0541 | Val Loss: 0.0817 | Tempo: 19.09s
2025-10-09 17:47:54,643 [INFO] Época 30/30, Batch 50/3348, Loss: 0.0638
2025-10-09 17:47:54,908 [INFO] Época 30/30, Batch 100/3348, Loss: 0.0456
2025-10-09 17:47:55,173 [INFO] Época 30/30, Batch 150/3348, Loss: 0.1830
2025-10-09 17:47:55,436 [INFO] Época 30/30, Batch 200/3348, Loss: 0.0438
2025-10-09 17:47:55,699 [INFO] Época 30/30, Batch 250/3348, Loss: 0.0581
2025-10-09 17:47:55,961 [INFO] Época 30/30, Batch 300/3348, Loss: 0.0339
2025-10-09 17:47:56,223 [INFO] Época 30/30, Batch 350/3348, Loss: 0.0434
2025-10-09 17:47:56,483 [INFO] Época 30/30, Batch 400/3348, Loss: 0.0521
2025-10-09 17:47:56,745 [INFO] Época 30/30, Batch 450/3348, Loss: 0.0426
2025-10-09 17:47:57,006 [INFO] Época 30/30, Batch 500/3348, Loss: 0.0597
2025-10-09 17:47:57,267 [INFO] Época 30/30, Batch 550/3348, Loss: 0.0534
2025-10-09 17:47:57,528 [INFO] Época 30/30, Batch 600/3348, Loss: 0.0474
2025-10-09 17:47:57,789 [INFO] Época 30/30, Batch 650/3348, Loss: 0.0388
2025-10-09 17:47:58,042 [INFO] Época 30/30, Batch 700/3348, Loss: 0.0358
2025-10-09 17:47:58,295 [INFO] Época 30/30, Batch 750/3348, Loss: 0.0532
2025-10-09 17:47:58,557 [INFO] Época 30/30, Batch 800/3348, Loss: 0.0605
2025-10-09 17:47:58,819 [INFO] Época 30/30, Batch 850/3348, Loss: 0.0466
2025-10-09 17:47:59,081 [INFO] Época 30/30, Batch 900/3348, Loss: 0.0342
2025-10-09 17:47:59,341 [INFO] Época 30/30, Batch 950/3348, Loss: 0.0492
2025-10-09 17:47:59,599 [INFO] Época 30/30, Batch 1000/3348, Loss: 0.0423
2025-10-09 17:47:59,861 [INFO] Época 30/30, Batch 1050/3348, Loss: 0.0351
2025-10-09 17:48:00,125 [INFO] Época 30/30, Batch 1100/3348, Loss: 0.0365
2025-10-09 17:48:00,398 [INFO] Época 30/30, Batch 1150/3348, Loss: 0.0405
2025-10-09 17:48:00,674 [INFO] Época 30/30, Batch 1200/3348, Loss: 0.0400
2025-10-09 17:48:00,950 [INFO] Época 30/30, Batch 1250/3348, Loss: 0.0377
2025-10-09 17:48:01,225 [INFO] Época 30/30, Batch 1300/3348, Loss: 0.0487
2025-10-09 17:48:01,488 [INFO] Época 30/30, Batch 1350/3348, Loss: 0.0344
2025-10-09 17:48:01,752 [INFO] Época 30/30, Batch 1400/3348, Loss: 0.0463
2025-10-09 17:48:02,015 [INFO] Época 30/30, Batch 1450/3348, Loss: 0.0405
2025-10-09 17:48:02,278 [INFO] Época 30/30, Batch 1500/3348, Loss: 0.0449
2025-10-09 17:48:02,542 [INFO] Época 30/30, Batch 1550/3348, Loss: 0.0369
2025-10-09 17:48:02,807 [INFO] Época 30/30, Batch 1600/3348, Loss: 0.0465
2025-10-09 17:48:03,071 [INFO] Época 30/30, Batch 1650/3348, Loss: 0.0389
2025-10-09 17:48:03,341 [INFO] Época 30/30, Batch 1700/3348, Loss: 0.0616
2025-10-09 17:48:03,611 [INFO] Época 30/30, Batch 1750/3348, Loss: 0.0407
2025-10-09 17:48:03,874 [INFO] Época 30/30, Batch 1800/3348, Loss: 0.0527
2025-10-09 17:48:04,139 [INFO] Época 30/30, Batch 1850/3348, Loss: 0.0454
2025-10-09 17:48:04,408 [INFO] Época 30/30, Batch 1900/3348, Loss: 0.0485
2025-10-09 17:48:04,674 [INFO] Época 30/30, Batch 1950/3348, Loss: 0.0438
2025-10-09 17:48:04,940 [INFO] Época 30/30, Batch 2000/3348, Loss: 0.0388
2025-10-09 17:48:05,209 [INFO] Época 30/30, Batch 2050/3348, Loss: 0.0415
2025-10-09 17:48:05,475 [INFO] Época 30/30, Batch 2100/3348, Loss: 0.0560
2025-10-09 17:48:05,743 [INFO] Época 30/30, Batch 2150/3348, Loss: 0.0407
2025-10-09 17:48:06,011 [INFO] Época 30/30, Batch 2200/3348, Loss: 0.0350
2025-10-09 17:48:06,276 [INFO] Época 30/30, Batch 2250/3348, Loss: 0.0538
2025-10-09 17:48:06,546 [INFO] Época 30/30, Batch 2300/3348, Loss: 0.0542
2025-10-09 17:48:06,812 [INFO] Época 30/30, Batch 2350/3348, Loss: 0.0489
2025-10-09 17:48:07,081 [INFO] Época 30/30, Batch 2400/3348, Loss: 0.0500
2025-10-09 17:48:07,352 [INFO] Época 30/30, Batch 2450/3348, Loss: 0.0459
2025-10-09 17:48:07,621 [INFO] Época 30/30, Batch 2500/3348, Loss: 0.0510
2025-10-09 17:48:07,889 [INFO] Época 30/30, Batch 2550/3348, Loss: 0.0424
2025-10-09 17:48:08,159 [INFO] Época 30/30, Batch 2600/3348, Loss: 0.0476
2025-10-09 17:48:08,426 [INFO] Época 30/30, Batch 2650/3348, Loss: 0.0782
2025-10-09 17:48:08,695 [INFO] Época 30/30, Batch 2700/3348, Loss: 0.0426
2025-10-09 17:48:08,963 [INFO] Época 30/30, Batch 2750/3348, Loss: 0.0441
2025-10-09 17:48:09,231 [INFO] Época 30/30, Batch 2800/3348, Loss: 0.0548
2025-10-09 17:48:09,494 [INFO] Época 30/30, Batch 2850/3348, Loss: 0.0462
2025-10-09 17:48:09,756 [INFO] Época 30/30, Batch 2900/3348, Loss: 0.0507
2025-10-09 17:48:10,018 [INFO] Época 30/30, Batch 2950/3348, Loss: 0.0416
2025-10-09 17:48:10,280 [INFO] Época 30/30, Batch 3000/3348, Loss: 0.0509
2025-10-09 17:48:10,543 [INFO] Época 30/30, Batch 3050/3348, Loss: 0.0610
2025-10-09 17:48:10,809 [INFO] Época 30/30, Batch 3100/3348, Loss: 0.0538
2025-10-09 17:48:11,071 [INFO] Época 30/30, Batch 3150/3348, Loss: 0.0443
2025-10-09 17:48:11,334 [INFO] Época 30/30, Batch 3200/3348, Loss: 0.0428
2025-10-09 17:48:11,597 [INFO] Época 30/30, Batch 3250/3348, Loss: 0.0667
2025-10-09 17:48:11,864 [INFO] Época 30/30, Batch 3300/3348, Loss: 0.0449
2025-10-09 17:48:13,723 [INFO] [30/30] Train Loss: 0.0540 | Val Loss: 0.0845 | Tempo: 19.63s
2025-10-09 17:48:13,724 [INFO] Treinamento concluído em 585.53 segundos (9.76 minutos)
2025-10-09 17:48:13,724 [INFO] Iniciando avaliação no conjunto de teste...
2025-10-09 17:48:15,218 [INFO] Avaliação do teste concluída em 1.49 segundos
2025-10-09 17:48:15,219 [INFO] MSE no teste: 0.0133
2025-10-09 17:48:15,219 [INFO] RMSE no teste: 0.1154
2025-10-09 17:48:15,219 [INFO] MAE no teste: 0.0839
2025-10-09 17:48:15,220 [INFO] Métricas salvas em /mnt/hdd/home/jdurao/ToolBox-ChemXAI/logs/mlp_att1_AtomPair_metrics.json
