2025-09-29 01:17:36,547 [INFO] Iniciando treinamento do modelo mlp_att0_MorganCount
2025-09-29 01:17:36,548 [INFO] Configuração: att_index=0, epochs=30, layers=[32, 16], lr=0.001, batch_size=32, descriptor_type=MorganCount
2025-09-29 01:17:36,548 [INFO] Diretório para modelos: /mnt/hdd/home/jdurao/ToolBox-ChemXAI/models
2025-09-29 01:17:36,548 [INFO] Carregando dados...
2025-09-29 01:17:36,640 [INFO] Preparando dataloaders sem ruído...
2025-09-29 01:18:29,999 [INFO] Dados carregados em 53.45 segundos
2025-09-29 01:18:29,999 [INFO] Tamanhos dos conjuntos - Treino: 107108, Validação: 13388, Teste: 13389
2025-09-29 01:18:30,000 [INFO] Usando dispositivo: cuda
2025-09-29 01:18:30,392 [INFO] Dimensão de entrada: 512, Dimensão de saída: 1
2025-09-29 01:18:30,392 [INFO] Criando modelo MLP com camadas: [32, 16]
2025-09-29 01:18:30,395 [INFO] Modelo criado com 16961 parâmetros
2025-09-29 01:18:30,414 [INFO] Iniciando treinamento com 30 épocas...
2025-09-29 01:18:30,988 [INFO] Época 1/30, Batch 50/3348, Loss: 0.0149
2025-09-29 01:18:31,238 [INFO] Época 1/30, Batch 100/3348, Loss: 0.0068
2025-09-29 01:18:31,486 [INFO] Época 1/30, Batch 150/3348, Loss: 0.0032
2025-09-29 01:18:31,737 [INFO] Época 1/30, Batch 200/3348, Loss: 0.0011
2025-09-29 01:18:31,986 [INFO] Época 1/30, Batch 250/3348, Loss: 0.0011
2025-09-29 01:18:32,234 [INFO] Época 1/30, Batch 300/3348, Loss: 0.0012
2025-09-29 01:18:32,482 [INFO] Época 1/30, Batch 350/3348, Loss: 0.0005
2025-09-29 01:18:32,730 [INFO] Época 1/30, Batch 400/3348, Loss: 0.0006
2025-09-29 01:18:32,980 [INFO] Época 1/30, Batch 450/3348, Loss: 0.0004
2025-09-29 01:18:33,229 [INFO] Época 1/30, Batch 500/3348, Loss: 0.0004
2025-09-29 01:18:33,476 [INFO] Época 1/30, Batch 550/3348, Loss: 0.0005
2025-09-29 01:18:33,724 [INFO] Época 1/30, Batch 600/3348, Loss: 0.0006
2025-09-29 01:18:33,970 [INFO] Época 1/30, Batch 650/3348, Loss: 0.0005
2025-09-29 01:18:34,219 [INFO] Época 1/30, Batch 700/3348, Loss: 0.0004
2025-09-29 01:18:34,469 [INFO] Época 1/30, Batch 750/3348, Loss: 0.0006
2025-09-29 01:18:34,717 [INFO] Época 1/30, Batch 800/3348, Loss: 0.0003
2025-09-29 01:18:34,965 [INFO] Época 1/30, Batch 850/3348, Loss: 0.0005
2025-09-29 01:18:35,214 [INFO] Época 1/30, Batch 900/3348, Loss: 0.0009
2025-09-29 01:18:35,464 [INFO] Época 1/30, Batch 950/3348, Loss: 0.0004
2025-09-29 01:18:35,715 [INFO] Época 1/30, Batch 1000/3348, Loss: 0.0004
2025-09-29 01:18:35,964 [INFO] Época 1/30, Batch 1050/3348, Loss: 0.0004
2025-09-29 01:18:36,213 [INFO] Época 1/30, Batch 1100/3348, Loss: 0.0005
2025-09-29 01:18:36,461 [INFO] Época 1/30, Batch 1150/3348, Loss: 0.0004
2025-09-29 01:18:36,709 [INFO] Época 1/30, Batch 1200/3348, Loss: 0.0007
2025-09-29 01:18:36,956 [INFO] Época 1/30, Batch 1250/3348, Loss: 0.0006
2025-09-29 01:18:37,206 [INFO] Época 1/30, Batch 1300/3348, Loss: 0.0006
2025-09-29 01:18:37,453 [INFO] Época 1/30, Batch 1350/3348, Loss: 0.0004
2025-09-29 01:18:37,700 [INFO] Época 1/30, Batch 1400/3348, Loss: 0.0003
2025-09-29 01:18:37,947 [INFO] Época 1/30, Batch 1450/3348, Loss: 0.0006
2025-09-29 01:18:38,196 [INFO] Época 1/30, Batch 1500/3348, Loss: 0.0005
2025-09-29 01:18:38,442 [INFO] Época 1/30, Batch 1550/3348, Loss: 0.0006
2025-09-29 01:18:38,690 [INFO] Época 1/30, Batch 1600/3348, Loss: 0.0004
2025-09-29 01:18:38,941 [INFO] Época 1/30, Batch 1650/3348, Loss: 0.0005
2025-09-29 01:18:39,188 [INFO] Época 1/30, Batch 1700/3348, Loss: 0.0004
2025-09-29 01:18:39,436 [INFO] Época 1/30, Batch 1750/3348, Loss: 0.0004
2025-09-29 01:18:39,683 [INFO] Época 1/30, Batch 1800/3348, Loss: 0.0004
2025-09-29 01:18:39,931 [INFO] Época 1/30, Batch 1850/3348, Loss: 0.0005
2025-09-29 01:18:40,178 [INFO] Época 1/30, Batch 1900/3348, Loss: 0.0004
2025-09-29 01:18:40,425 [INFO] Época 1/30, Batch 1950/3348, Loss: 0.0003
2025-09-29 01:18:40,683 [INFO] Época 1/30, Batch 2000/3348, Loss: 0.0005
2025-09-29 01:18:40,928 [INFO] Época 1/30, Batch 2050/3348, Loss: 0.0004
2025-09-29 01:18:41,176 [INFO] Época 1/30, Batch 2100/3348, Loss: 0.0005
2025-09-29 01:18:41,426 [INFO] Época 1/30, Batch 2150/3348, Loss: 0.0004
2025-09-29 01:18:41,674 [INFO] Época 1/30, Batch 2200/3348, Loss: 0.0006
2025-09-29 01:18:41,932 [INFO] Época 1/30, Batch 2250/3348, Loss: 0.0006
2025-09-29 01:18:42,181 [INFO] Época 1/30, Batch 2300/3348, Loss: 0.0003
2025-09-29 01:18:42,431 [INFO] Época 1/30, Batch 2350/3348, Loss: 0.0006
2025-09-29 01:18:42,683 [INFO] Época 1/30, Batch 2400/3348, Loss: 0.0004
2025-09-29 01:18:42,933 [INFO] Época 1/30, Batch 2450/3348, Loss: 0.0005
2025-09-29 01:18:43,181 [INFO] Época 1/30, Batch 2500/3348, Loss: 0.0004
2025-09-29 01:18:43,431 [INFO] Época 1/30, Batch 2550/3348, Loss: 0.0005
2025-09-29 01:18:43,681 [INFO] Época 1/30, Batch 2600/3348, Loss: 0.0003
2025-09-29 01:18:43,933 [INFO] Época 1/30, Batch 2650/3348, Loss: 0.0004
2025-09-29 01:18:44,183 [INFO] Época 1/30, Batch 2700/3348, Loss: 0.0005
2025-09-29 01:18:44,433 [INFO] Época 1/30, Batch 2750/3348, Loss: 0.0004
2025-09-29 01:18:44,684 [INFO] Época 1/30, Batch 2800/3348, Loss: 0.0006
2025-09-29 01:18:44,935 [INFO] Época 1/30, Batch 2850/3348, Loss: 0.0004
2025-09-29 01:18:45,185 [INFO] Época 1/30, Batch 2900/3348, Loss: 0.0005
2025-09-29 01:18:45,435 [INFO] Época 1/30, Batch 2950/3348, Loss: 0.0004
2025-09-29 01:18:45,696 [INFO] Época 1/30, Batch 3000/3348, Loss: 0.0005
2025-09-29 01:18:45,947 [INFO] Época 1/30, Batch 3050/3348, Loss: 0.0005
2025-09-29 01:18:46,197 [INFO] Época 1/30, Batch 3100/3348, Loss: 0.0004
2025-09-29 01:18:46,447 [INFO] Época 1/30, Batch 3150/3348, Loss: 0.0005
2025-09-29 01:18:46,697 [INFO] Época 1/30, Batch 3200/3348, Loss: 0.0006
2025-09-29 01:18:46,946 [INFO] Época 1/30, Batch 3250/3348, Loss: 0.0005
2025-09-29 01:18:47,195 [INFO] Época 1/30, Batch 3300/3348, Loss: 0.0003
2025-09-29 01:18:49,062 [INFO] [1/30] Train Loss: 0.0055 | Val Loss: 0.0004 | Tempo: 18.65s
2025-09-29 01:18:49,066 [INFO] Melhor modelo salvo em: /mnt/hdd/home/jdurao/ToolBox-ChemXAI/models/mlp_qm9_MorganCount_att0.pth
2025-09-29 01:18:49,647 [INFO] Época 2/30, Batch 50/3348, Loss: 0.0005
2025-09-29 01:18:49,903 [INFO] Época 2/30, Batch 100/3348, Loss: 0.0004
2025-09-29 01:18:50,155 [INFO] Época 2/30, Batch 150/3348, Loss: 0.0007
2025-09-29 01:18:50,410 [INFO] Época 2/30, Batch 200/3348, Loss: 0.0005
2025-09-29 01:18:50,665 [INFO] Época 2/30, Batch 250/3348, Loss: 0.0004
2025-09-29 01:18:50,916 [INFO] Época 2/30, Batch 300/3348, Loss: 0.0004
2025-09-29 01:18:51,167 [INFO] Época 2/30, Batch 350/3348, Loss: 0.0006
2025-09-29 01:18:51,417 [INFO] Época 2/30, Batch 400/3348, Loss: 0.0004
2025-09-29 01:18:51,666 [INFO] Época 2/30, Batch 450/3348, Loss: 0.0003
2025-09-29 01:18:51,915 [INFO] Época 2/30, Batch 500/3348, Loss: 0.0005
2025-09-29 01:18:52,163 [INFO] Época 2/30, Batch 550/3348, Loss: 0.0004
2025-09-29 01:18:52,414 [INFO] Época 2/30, Batch 600/3348, Loss: 0.0004
2025-09-29 01:18:52,665 [INFO] Época 2/30, Batch 650/3348, Loss: 0.0003
2025-09-29 01:18:52,913 [INFO] Época 2/30, Batch 700/3348, Loss: 0.0004
2025-09-29 01:18:53,158 [INFO] Época 2/30, Batch 750/3348, Loss: 0.0005
2025-09-29 01:18:53,405 [INFO] Época 2/30, Batch 800/3348, Loss: 0.0005
2025-09-29 01:18:53,653 [INFO] Época 2/30, Batch 850/3348, Loss: 0.0006
2025-09-29 01:18:53,900 [INFO] Época 2/30, Batch 900/3348, Loss: 0.0004
2025-09-29 01:18:54,148 [INFO] Época 2/30, Batch 950/3348, Loss: 0.0004
2025-09-29 01:18:54,394 [INFO] Época 2/30, Batch 1000/3348, Loss: 0.0005
2025-09-29 01:18:54,641 [INFO] Época 2/30, Batch 1050/3348, Loss: 0.0003
2025-09-29 01:18:54,888 [INFO] Época 2/30, Batch 1100/3348, Loss: 0.0004
2025-09-29 01:18:55,133 [INFO] Época 2/30, Batch 1150/3348, Loss: 0.0004
2025-09-29 01:18:55,378 [INFO] Época 2/30, Batch 1200/3348, Loss: 0.0005
2025-09-29 01:18:55,626 [INFO] Época 2/30, Batch 1250/3348, Loss: 0.0004
2025-09-29 01:18:55,874 [INFO] Época 2/30, Batch 1300/3348, Loss: 0.0004
2025-09-29 01:18:56,133 [INFO] Época 2/30, Batch 1350/3348, Loss: 0.0005
2025-09-29 01:18:56,381 [INFO] Época 2/30, Batch 1400/3348, Loss: 0.0005
2025-09-29 01:18:56,628 [INFO] Época 2/30, Batch 1450/3348, Loss: 0.0004
2025-09-29 01:18:56,878 [INFO] Época 2/30, Batch 1500/3348, Loss: 0.0004
2025-09-29 01:18:57,126 [INFO] Época 2/30, Batch 1550/3348, Loss: 0.0003
2025-09-29 01:18:57,374 [INFO] Época 2/30, Batch 1600/3348, Loss: 0.0004
2025-09-29 01:18:57,622 [INFO] Época 2/30, Batch 1650/3348, Loss: 0.0004
2025-09-29 01:18:57,870 [INFO] Época 2/30, Batch 1700/3348, Loss: 0.0004
2025-09-29 01:18:58,119 [INFO] Época 2/30, Batch 1750/3348, Loss: 0.0004
2025-09-29 01:18:58,367 [INFO] Época 2/30, Batch 1800/3348, Loss: 0.0004
2025-09-29 01:18:58,617 [INFO] Época 2/30, Batch 1850/3348, Loss: 0.0003
2025-09-29 01:18:58,863 [INFO] Época 2/30, Batch 1900/3348, Loss: 0.0004
2025-09-29 01:18:59,111 [INFO] Época 2/30, Batch 1950/3348, Loss: 0.0004
2025-09-29 01:18:59,359 [INFO] Época 2/30, Batch 2000/3348, Loss: 0.0006
2025-09-29 01:18:59,609 [INFO] Época 2/30, Batch 2050/3348, Loss: 0.0004
2025-09-29 01:18:59,858 [INFO] Época 2/30, Batch 2100/3348, Loss: 0.0003
2025-09-29 01:19:00,105 [INFO] Época 2/30, Batch 2150/3348, Loss: 0.0003
2025-09-29 01:19:00,353 [INFO] Época 2/30, Batch 2200/3348, Loss: 0.0004
2025-09-29 01:19:00,603 [INFO] Época 2/30, Batch 2250/3348, Loss: 0.0003
2025-09-29 01:19:00,852 [INFO] Época 2/30, Batch 2300/3348, Loss: 0.0003
2025-09-29 01:19:01,100 [INFO] Época 2/30, Batch 2350/3348, Loss: 0.0004
2025-09-29 01:19:01,359 [INFO] Época 2/30, Batch 2400/3348, Loss: 0.0003
2025-09-29 01:19:01,607 [INFO] Época 2/30, Batch 2450/3348, Loss: 0.0004
2025-09-29 01:19:01,857 [INFO] Época 2/30, Batch 2500/3348, Loss: 0.0009
2025-09-29 01:19:02,105 [INFO] Época 2/30, Batch 2550/3348, Loss: 0.0004
2025-09-29 01:19:02,354 [INFO] Época 2/30, Batch 2600/3348, Loss: 0.0003
2025-09-29 01:19:02,602 [INFO] Época 2/30, Batch 2650/3348, Loss: 0.0003
2025-09-29 01:19:02,850 [INFO] Época 2/30, Batch 2700/3348, Loss: 0.0004
2025-09-29 01:19:03,101 [INFO] Época 2/30, Batch 2750/3348, Loss: 0.0003
2025-09-29 01:19:03,351 [INFO] Época 2/30, Batch 2800/3348, Loss: 0.0003
2025-09-29 01:19:03,599 [INFO] Época 2/30, Batch 2850/3348, Loss: 0.0003
2025-09-29 01:19:03,849 [INFO] Época 2/30, Batch 2900/3348, Loss: 0.0003
2025-09-29 01:19:04,098 [INFO] Época 2/30, Batch 2950/3348, Loss: 0.0003
2025-09-29 01:19:04,349 [INFO] Época 2/30, Batch 3000/3348, Loss: 0.0002
2025-09-29 01:19:04,598 [INFO] Época 2/30, Batch 3050/3348, Loss: 0.0003
2025-09-29 01:19:04,851 [INFO] Época 2/30, Batch 3100/3348, Loss: 0.0004
2025-09-29 01:19:05,101 [INFO] Época 2/30, Batch 3150/3348, Loss: 0.0003
2025-09-29 01:19:05,353 [INFO] Época 2/30, Batch 3200/3348, Loss: 0.0005
2025-09-29 01:19:05,602 [INFO] Época 2/30, Batch 3250/3348, Loss: 0.0004
2025-09-29 01:19:05,852 [INFO] Época 2/30, Batch 3300/3348, Loss: 0.0004
2025-09-29 01:19:07,699 [INFO] [2/30] Train Loss: 0.0048 | Val Loss: 0.0003 | Tempo: 18.63s
2025-09-29 01:19:07,701 [INFO] Melhor modelo salvo em: /mnt/hdd/home/jdurao/ToolBox-ChemXAI/models/mlp_qm9_MorganCount_att0.pth
2025-09-29 01:19:08,257 [INFO] Época 3/30, Batch 50/3348, Loss: 0.0003
2025-09-29 01:19:08,507 [INFO] Época 3/30, Batch 100/3348, Loss: 0.0005
2025-09-29 01:19:08,758 [INFO] Época 3/30, Batch 150/3348, Loss: 0.0003
2025-09-29 01:19:09,011 [INFO] Época 3/30, Batch 200/3348, Loss: 0.0003
2025-09-29 01:19:09,260 [INFO] Época 3/30, Batch 250/3348, Loss: 0.0003
2025-09-29 01:19:09,507 [INFO] Época 3/30, Batch 300/3348, Loss: 0.0003
2025-09-29 01:19:09,756 [INFO] Época 3/30, Batch 350/3348, Loss: 0.0002
2025-09-29 01:19:10,005 [INFO] Época 3/30, Batch 400/3348, Loss: 0.0003
2025-09-29 01:19:10,254 [INFO] Época 3/30, Batch 450/3348, Loss: 0.0002
2025-09-29 01:19:10,503 [INFO] Época 3/30, Batch 500/3348, Loss: 0.0003
2025-09-29 01:19:10,750 [INFO] Época 3/30, Batch 550/3348, Loss: 0.0002
2025-09-29 01:19:11,001 [INFO] Época 3/30, Batch 600/3348, Loss: 0.0004
2025-09-29 01:19:11,249 [INFO] Época 3/30, Batch 650/3348, Loss: 0.0007
2025-09-29 01:19:11,491 [INFO] Época 3/30, Batch 700/3348, Loss: 0.0004
2025-09-29 01:19:11,732 [INFO] Época 3/30, Batch 750/3348, Loss: 0.0004
2025-09-29 01:19:11,974 [INFO] Época 3/30, Batch 800/3348, Loss: 0.0002
2025-09-29 01:19:12,216 [INFO] Época 3/30, Batch 850/3348, Loss: 0.0005
2025-09-29 01:19:12,457 [INFO] Época 3/30, Batch 900/3348, Loss: 0.0002
2025-09-29 01:19:12,699 [INFO] Época 3/30, Batch 950/3348, Loss: 0.0004
2025-09-29 01:19:12,941 [INFO] Época 3/30, Batch 1000/3348, Loss: 0.0003
2025-09-29 01:19:13,187 [INFO] Época 3/30, Batch 1050/3348, Loss: 0.0003
2025-09-29 01:19:13,435 [INFO] Época 3/30, Batch 1100/3348, Loss: 0.0003
2025-09-29 01:19:13,682 [INFO] Época 3/30, Batch 1150/3348, Loss: 0.0002
2025-09-29 01:19:13,929 [INFO] Época 3/30, Batch 1200/3348, Loss: 0.0002
2025-09-29 01:19:14,176 [INFO] Época 3/30, Batch 1250/3348, Loss: 0.0003
2025-09-29 01:19:14,425 [INFO] Época 3/30, Batch 1300/3348, Loss: 0.0003
2025-09-29 01:19:14,675 [INFO] Época 3/30, Batch 1350/3348, Loss: 0.0004
2025-09-29 01:19:14,931 [INFO] Época 3/30, Batch 1400/3348, Loss: 0.0004
2025-09-29 01:19:15,185 [INFO] Época 3/30, Batch 1450/3348, Loss: 0.0003
2025-09-29 01:19:15,444 [INFO] Época 3/30, Batch 1500/3348, Loss: 0.0003
2025-09-29 01:19:15,701 [INFO] Época 3/30, Batch 1550/3348, Loss: 0.0003
2025-09-29 01:19:15,959 [INFO] Época 3/30, Batch 1600/3348, Loss: 0.0003
2025-09-29 01:19:16,215 [INFO] Época 3/30, Batch 1650/3348, Loss: 0.0002
2025-09-29 01:19:16,473 [INFO] Época 3/30, Batch 1700/3348, Loss: 0.0004
2025-09-29 01:19:16,726 [INFO] Época 3/30, Batch 1750/3348, Loss: 0.0003
2025-09-29 01:19:16,976 [INFO] Época 3/30, Batch 1800/3348, Loss: 0.0004
2025-09-29 01:19:17,225 [INFO] Época 3/30, Batch 1850/3348, Loss: 0.0004
2025-09-29 01:19:17,478 [INFO] Época 3/30, Batch 1900/3348, Loss: 0.0003
2025-09-29 01:19:17,729 [INFO] Época 3/30, Batch 1950/3348, Loss: 0.0003
2025-09-29 01:19:17,990 [INFO] Época 3/30, Batch 2000/3348, Loss: 0.0003
2025-09-29 01:19:18,258 [INFO] Época 3/30, Batch 2050/3348, Loss: 0.0003
2025-09-29 01:19:18,516 [INFO] Época 3/30, Batch 2100/3348, Loss: 0.0004
2025-09-29 01:19:18,775 [INFO] Época 3/30, Batch 2150/3348, Loss: 0.0003
2025-09-29 01:19:19,033 [INFO] Época 3/30, Batch 2200/3348, Loss: 0.0004
2025-09-29 01:19:19,290 [INFO] Época 3/30, Batch 2250/3348, Loss: 0.0003
2025-09-29 01:19:19,549 [INFO] Época 3/30, Batch 2300/3348, Loss: 0.0003
2025-09-29 01:19:19,806 [INFO] Época 3/30, Batch 2350/3348, Loss: 0.0003
2025-09-29 01:19:20,064 [INFO] Época 3/30, Batch 2400/3348, Loss: 0.0002
2025-09-29 01:19:20,322 [INFO] Época 3/30, Batch 2450/3348, Loss: 0.0002
2025-09-29 01:19:20,579 [INFO] Época 3/30, Batch 2500/3348, Loss: 0.0007
2025-09-29 01:19:20,835 [INFO] Época 3/30, Batch 2550/3348, Loss: 0.0004
2025-09-29 01:19:21,085 [INFO] Época 3/30, Batch 2600/3348, Loss: 0.0003
2025-09-29 01:19:21,334 [INFO] Época 3/30, Batch 2650/3348, Loss: 0.0003
2025-09-29 01:19:21,583 [INFO] Época 3/30, Batch 2700/3348, Loss: 0.0004
2025-09-29 01:19:21,833 [INFO] Época 3/30, Batch 2750/3348, Loss: 0.0003
2025-09-29 01:19:22,079 [INFO] Época 3/30, Batch 2800/3348, Loss: 0.0004
2025-09-29 01:19:22,330 [INFO] Época 3/30, Batch 2850/3348, Loss: 0.0002
2025-09-29 01:19:22,578 [INFO] Época 3/30, Batch 2900/3348, Loss: 0.0004
2025-09-29 01:19:22,826 [INFO] Época 3/30, Batch 2950/3348, Loss: 0.0003
2025-09-29 01:19:23,072 [INFO] Época 3/30, Batch 3000/3348, Loss: 0.0003
2025-09-29 01:19:23,334 [INFO] Época 3/30, Batch 3050/3348, Loss: 0.0003
2025-09-29 01:19:23,585 [INFO] Época 3/30, Batch 3100/3348, Loss: 0.0003
2025-09-29 01:19:23,833 [INFO] Época 3/30, Batch 3150/3348, Loss: 0.0004
2025-09-29 01:19:24,086 [INFO] Época 3/30, Batch 3200/3348, Loss: 0.0003
2025-09-29 01:19:24,341 [INFO] Época 3/30, Batch 3250/3348, Loss: 0.0003
2025-09-29 01:19:24,594 [INFO] Época 3/30, Batch 3300/3348, Loss: 0.0005
2025-09-29 01:19:26,402 [INFO] [3/30] Train Loss: 0.0048 | Val Loss: 0.0004 | Tempo: 18.70s
2025-09-29 01:19:26,967 [INFO] Época 4/30, Batch 50/3348, Loss: 0.0002
2025-09-29 01:19:27,207 [INFO] Época 4/30, Batch 100/3348, Loss: 0.0004
2025-09-29 01:19:27,448 [INFO] Época 4/30, Batch 150/3348, Loss: 0.0003
2025-09-29 01:19:27,687 [INFO] Época 4/30, Batch 200/3348, Loss: 0.0004
2025-09-29 01:19:27,926 [INFO] Época 4/30, Batch 250/3348, Loss: 0.0003
2025-09-29 01:19:28,168 [INFO] Época 4/30, Batch 300/3348, Loss: 0.0003
2025-09-29 01:19:28,414 [INFO] Época 4/30, Batch 350/3348, Loss: 0.0003
2025-09-29 01:19:28,651 [INFO] Época 4/30, Batch 400/3348, Loss: 0.0003
2025-09-29 01:19:28,890 [INFO] Época 4/30, Batch 450/3348, Loss: 0.0003
2025-09-29 01:19:29,127 [INFO] Época 4/30, Batch 500/3348, Loss: 0.0004
2025-09-29 01:19:29,364 [INFO] Época 4/30, Batch 550/3348, Loss: 0.0003
2025-09-29 01:19:29,599 [INFO] Época 4/30, Batch 600/3348, Loss: 0.0002
2025-09-29 01:19:29,834 [INFO] Época 4/30, Batch 650/3348, Loss: 0.0003
2025-09-29 01:19:30,064 [INFO] Época 4/30, Batch 700/3348, Loss: 0.0002
2025-09-29 01:19:30,295 [INFO] Época 4/30, Batch 750/3348, Loss: 0.0003
2025-09-29 01:19:30,526 [INFO] Época 4/30, Batch 800/3348, Loss: 0.0003
2025-09-29 01:19:30,763 [INFO] Época 4/30, Batch 850/3348, Loss: 0.0004
2025-09-29 01:19:30,999 [INFO] Época 4/30, Batch 900/3348, Loss: 0.0003
2025-09-29 01:19:31,234 [INFO] Época 4/30, Batch 950/3348, Loss: 0.0002
2025-09-29 01:19:31,470 [INFO] Época 4/30, Batch 1000/3348, Loss: 0.0003
2025-09-29 01:19:31,705 [INFO] Época 4/30, Batch 1050/3348, Loss: 0.0003
2025-09-29 01:19:31,940 [INFO] Época 4/30, Batch 1100/3348, Loss: 0.0003
2025-09-29 01:19:32,172 [INFO] Época 4/30, Batch 1150/3348, Loss: 0.0005
2025-09-29 01:19:32,407 [INFO] Época 4/30, Batch 1200/3348, Loss: 0.0003
2025-09-29 01:19:32,641 [INFO] Época 4/30, Batch 1250/3348, Loss: 0.0003
2025-09-29 01:19:32,881 [INFO] Época 4/30, Batch 1300/3348, Loss: 0.0004
2025-09-29 01:19:33,125 [INFO] Época 4/30, Batch 1350/3348, Loss: 0.0003
2025-09-29 01:19:33,371 [INFO] Época 4/30, Batch 1400/3348, Loss: 0.0003
2025-09-29 01:19:33,626 [INFO] Época 4/30, Batch 1450/3348, Loss: 0.0003
2025-09-29 01:19:33,866 [INFO] Época 4/30, Batch 1500/3348, Loss: 0.0003
2025-09-29 01:19:34,110 [INFO] Época 4/30, Batch 1550/3348, Loss: 0.0005
2025-09-29 01:19:34,350 [INFO] Época 4/30, Batch 1600/3348, Loss: 0.0004
2025-09-29 01:19:34,591 [INFO] Época 4/30, Batch 1650/3348, Loss: 0.0002
2025-09-29 01:19:34,833 [INFO] Época 4/30, Batch 1700/3348, Loss: 0.0002
2025-09-29 01:19:35,077 [INFO] Época 4/30, Batch 1750/3348, Loss: 0.0003
2025-09-29 01:19:35,323 [INFO] Época 4/30, Batch 1800/3348, Loss: 0.0003
2025-09-29 01:19:35,567 [INFO] Época 4/30, Batch 1850/3348, Loss: 0.0003
2025-09-29 01:19:35,811 [INFO] Época 4/30, Batch 1900/3348, Loss: 0.0004
2025-09-29 01:19:36,050 [INFO] Época 4/30, Batch 1950/3348, Loss: 0.0003
2025-09-29 01:19:36,294 [INFO] Época 4/30, Batch 2000/3348, Loss: 0.0003
2025-09-29 01:19:36,537 [INFO] Época 4/30, Batch 2050/3348, Loss: 0.0003
2025-09-29 01:19:36,781 [INFO] Época 4/30, Batch 2100/3348, Loss: 0.0002
2025-09-29 01:19:37,025 [INFO] Época 4/30, Batch 2150/3348, Loss: 0.0002
2025-09-29 01:19:37,270 [INFO] Época 4/30, Batch 2200/3348, Loss: 0.0004
2025-09-29 01:19:37,513 [INFO] Época 4/30, Batch 2250/3348, Loss: 0.0003
2025-09-29 01:19:37,756 [INFO] Época 4/30, Batch 2300/3348, Loss: 0.0002
2025-09-29 01:19:37,999 [INFO] Época 4/30, Batch 2350/3348, Loss: 0.0003
2025-09-29 01:19:38,240 [INFO] Época 4/30, Batch 2400/3348, Loss: 0.0003
2025-09-29 01:19:38,483 [INFO] Época 4/30, Batch 2450/3348, Loss: 0.0004
2025-09-29 01:19:38,723 [INFO] Época 4/30, Batch 2500/3348, Loss: 0.0003
2025-09-29 01:19:38,959 [INFO] Época 4/30, Batch 2550/3348, Loss: 0.0003
2025-09-29 01:19:39,195 [INFO] Época 4/30, Batch 2600/3348, Loss: 0.0002
2025-09-29 01:19:39,431 [INFO] Época 4/30, Batch 2650/3348, Loss: 0.0002
2025-09-29 01:19:39,668 [INFO] Época 4/30, Batch 2700/3348, Loss: 0.0004
2025-09-29 01:19:39,906 [INFO] Época 4/30, Batch 2750/3348, Loss: 0.0003
2025-09-29 01:19:40,144 [INFO] Época 4/30, Batch 2800/3348, Loss: 0.0003
2025-09-29 01:19:40,381 [INFO] Época 4/30, Batch 2850/3348, Loss: 0.0003
2025-09-29 01:19:40,617 [INFO] Época 4/30, Batch 2900/3348, Loss: 0.0004
2025-09-29 01:19:40,854 [INFO] Época 4/30, Batch 2950/3348, Loss: 0.0003
2025-09-29 01:19:41,090 [INFO] Época 4/30, Batch 3000/3348, Loss: 0.0002
2025-09-29 01:19:41,327 [INFO] Época 4/30, Batch 3050/3348, Loss: 0.0004
2025-09-29 01:19:41,563 [INFO] Época 4/30, Batch 3100/3348, Loss: 0.0002
2025-09-29 01:19:41,801 [INFO] Época 4/30, Batch 3150/3348, Loss: 0.0004
2025-09-29 01:19:42,037 [INFO] Época 4/30, Batch 3200/3348, Loss: 0.0003
2025-09-29 01:19:42,277 [INFO] Época 4/30, Batch 3250/3348, Loss: 0.0003
2025-09-29 01:19:42,513 [INFO] Época 4/30, Batch 3300/3348, Loss: 0.0004
2025-09-29 01:19:44,436 [INFO] [4/30] Train Loss: 0.0047 | Val Loss: 0.0003 | Tempo: 18.03s
2025-09-29 01:19:45,037 [INFO] Época 5/30, Batch 50/3348, Loss: 0.0002
2025-09-29 01:19:45,316 [INFO] Época 5/30, Batch 100/3348, Loss: 0.0002
2025-09-29 01:19:45,563 [INFO] Época 5/30, Batch 150/3348, Loss: 0.0002
2025-09-29 01:19:45,809 [INFO] Época 5/30, Batch 200/3348, Loss: 0.0002
2025-09-29 01:19:46,054 [INFO] Época 5/30, Batch 250/3348, Loss: 0.0003
2025-09-29 01:19:46,296 [INFO] Época 5/30, Batch 300/3348, Loss: 0.0004
2025-09-29 01:19:46,549 [INFO] Época 5/30, Batch 350/3348, Loss: 0.0004
2025-09-29 01:19:46,834 [INFO] Época 5/30, Batch 400/3348, Loss: 0.0003
2025-09-29 01:19:47,105 [INFO] Época 5/30, Batch 450/3348, Loss: 0.0003
2025-09-29 01:19:47,348 [INFO] Época 5/30, Batch 500/3348, Loss: 0.0003
2025-09-29 01:19:47,591 [INFO] Época 5/30, Batch 550/3348, Loss: 0.0003
2025-09-29 01:19:47,834 [INFO] Época 5/30, Batch 600/3348, Loss: 0.0004
2025-09-29 01:19:48,075 [INFO] Época 5/30, Batch 650/3348, Loss: 0.0003
2025-09-29 01:19:48,317 [INFO] Época 5/30, Batch 700/3348, Loss: 0.0003
2025-09-29 01:19:48,559 [INFO] Época 5/30, Batch 750/3348, Loss: 0.0003
2025-09-29 01:19:48,810 [INFO] Época 5/30, Batch 800/3348, Loss: 0.0003
2025-09-29 01:19:49,054 [INFO] Época 5/30, Batch 850/3348, Loss: 0.0003
2025-09-29 01:19:49,296 [INFO] Época 5/30, Batch 900/3348, Loss: 0.0004
2025-09-29 01:19:49,537 [INFO] Época 5/30, Batch 950/3348, Loss: 0.0002
2025-09-29 01:19:49,779 [INFO] Época 5/30, Batch 1000/3348, Loss: 0.0003
2025-09-29 01:19:50,023 [INFO] Época 5/30, Batch 1050/3348, Loss: 0.0003
2025-09-29 01:19:50,266 [INFO] Época 5/30, Batch 1100/3348, Loss: 0.0003
2025-09-29 01:19:50,508 [INFO] Época 5/30, Batch 1150/3348, Loss: 0.0002
2025-09-29 01:19:50,753 [INFO] Época 5/30, Batch 1200/3348, Loss: 0.0003
2025-09-29 01:19:51,013 [INFO] Época 5/30, Batch 1250/3348, Loss: 0.0003
2025-09-29 01:19:51,287 [INFO] Época 5/30, Batch 1300/3348, Loss: 0.0003
2025-09-29 01:19:51,553 [INFO] Época 5/30, Batch 1350/3348, Loss: 0.0003
2025-09-29 01:19:51,819 [INFO] Época 5/30, Batch 1400/3348, Loss: 0.0003
2025-09-29 01:19:52,068 [INFO] Época 5/30, Batch 1450/3348, Loss: 0.0003
2025-09-29 01:19:52,318 [INFO] Época 5/30, Batch 1500/3348, Loss: 0.0003
2025-09-29 01:19:52,574 [INFO] Época 5/30, Batch 1550/3348, Loss: 0.0003
2025-09-29 01:19:52,831 [INFO] Época 5/30, Batch 1600/3348, Loss: 0.0003
2025-09-29 01:19:53,089 [INFO] Época 5/30, Batch 1650/3348, Loss: 0.0003
2025-09-29 01:19:53,344 [INFO] Época 5/30, Batch 1700/3348, Loss: 0.0003
2025-09-29 01:19:53,603 [INFO] Época 5/30, Batch 1750/3348, Loss: 0.0003
2025-09-29 01:19:53,854 [INFO] Época 5/30, Batch 1800/3348, Loss: 0.0002
2025-09-29 01:19:54,103 [INFO] Época 5/30, Batch 1850/3348, Loss: 0.0003
2025-09-29 01:19:54,352 [INFO] Época 5/30, Batch 1900/3348, Loss: 0.0003
2025-09-29 01:19:54,604 [INFO] Época 5/30, Batch 1950/3348, Loss: 0.0003
2025-09-29 01:19:54,867 [INFO] Época 5/30, Batch 2000/3348, Loss: 0.0004
2025-09-29 01:19:55,116 [INFO] Época 5/30, Batch 2050/3348, Loss: 0.0003
2025-09-29 01:19:55,366 [INFO] Época 5/30, Batch 2100/3348, Loss: 0.0003
2025-09-29 01:19:55,615 [INFO] Época 5/30, Batch 2150/3348, Loss: 0.0003
2025-09-29 01:19:55,864 [INFO] Época 5/30, Batch 2200/3348, Loss: 0.0005
2025-09-29 01:19:56,112 [INFO] Época 5/30, Batch 2250/3348, Loss: 0.0003
2025-09-29 01:19:56,362 [INFO] Época 5/30, Batch 2300/3348, Loss: 0.0002
2025-09-29 01:19:56,611 [INFO] Época 5/30, Batch 2350/3348, Loss: 0.0002
2025-09-29 01:19:56,860 [INFO] Época 5/30, Batch 2400/3348, Loss: 0.0003
2025-09-29 01:19:57,110 [INFO] Época 5/30, Batch 2450/3348, Loss: 0.0003
2025-09-29 01:19:57,358 [INFO] Época 5/30, Batch 2500/3348, Loss: 0.0003
2025-09-29 01:19:57,606 [INFO] Época 5/30, Batch 2550/3348, Loss: 0.0002
2025-09-29 01:19:57,852 [INFO] Época 5/30, Batch 2600/3348, Loss: 0.0004
2025-09-29 01:19:58,101 [INFO] Época 5/30, Batch 2650/3348, Loss: 0.0003
2025-09-29 01:19:58,345 [INFO] Época 5/30, Batch 2700/3348, Loss: 0.0003
2025-09-29 01:19:58,587 [INFO] Época 5/30, Batch 2750/3348, Loss: 0.0003
2025-09-29 01:19:58,831 [INFO] Época 5/30, Batch 2800/3348, Loss: 0.0004
2025-09-29 01:19:59,078 [INFO] Época 5/30, Batch 2850/3348, Loss: 0.0002
2025-09-29 01:19:59,326 [INFO] Época 5/30, Batch 2900/3348, Loss: 0.0002
2025-09-29 01:19:59,569 [INFO] Época 5/30, Batch 2950/3348, Loss: 0.0005
2025-09-29 01:19:59,813 [INFO] Época 5/30, Batch 3000/3348, Loss: 0.0003
2025-09-29 01:20:00,067 [INFO] Época 5/30, Batch 3050/3348, Loss: 0.0002
2025-09-29 01:20:00,318 [INFO] Época 5/30, Batch 3100/3348, Loss: 0.0002
2025-09-29 01:20:00,577 [INFO] Época 5/30, Batch 3150/3348, Loss: 0.0003
2025-09-29 01:20:00,821 [INFO] Época 5/30, Batch 3200/3348, Loss: 0.0003
2025-09-29 01:20:01,065 [INFO] Época 5/30, Batch 3250/3348, Loss: 0.0003
2025-09-29 01:20:01,314 [INFO] Época 5/30, Batch 3300/3348, Loss: 0.0002
2025-09-29 01:20:03,123 [INFO] [5/30] Train Loss: 0.0047 | Val Loss: 0.0003 | Tempo: 18.69s
2025-09-29 01:20:03,703 [INFO] Época 6/30, Batch 50/3348, Loss: 0.0002
2025-09-29 01:20:03,959 [INFO] Época 6/30, Batch 100/3348, Loss: 0.0003
2025-09-29 01:20:04,212 [INFO] Época 6/30, Batch 150/3348, Loss: 0.0003
2025-09-29 01:20:04,466 [INFO] Época 6/30, Batch 200/3348, Loss: 0.0002
2025-09-29 01:20:04,716 [INFO] Época 6/30, Batch 250/3348, Loss: 0.0004
2025-09-29 01:20:04,969 [INFO] Época 6/30, Batch 300/3348, Loss: 0.0003
2025-09-29 01:20:05,223 [INFO] Época 6/30, Batch 350/3348, Loss: 0.0005
2025-09-29 01:20:05,479 [INFO] Época 6/30, Batch 400/3348, Loss: 0.0003
2025-09-29 01:20:05,732 [INFO] Época 6/30, Batch 450/3348, Loss: 0.0002
2025-09-29 01:20:05,985 [INFO] Época 6/30, Batch 500/3348, Loss: 0.0002
2025-09-29 01:20:06,237 [INFO] Época 6/30, Batch 550/3348, Loss: 0.0002
2025-09-29 01:20:06,487 [INFO] Época 6/30, Batch 600/3348, Loss: 0.0003
2025-09-29 01:20:06,737 [INFO] Época 6/30, Batch 650/3348, Loss: 0.0003
2025-09-29 01:20:06,976 [INFO] Época 6/30, Batch 700/3348, Loss: 0.0003
2025-09-29 01:20:07,220 [INFO] Época 6/30, Batch 750/3348, Loss: 0.0002
2025-09-29 01:20:07,470 [INFO] Época 6/30, Batch 800/3348, Loss: 0.0004
2025-09-29 01:20:07,716 [INFO] Época 6/30, Batch 850/3348, Loss: 0.0003
2025-09-29 01:20:07,962 [INFO] Época 6/30, Batch 900/3348, Loss: 0.0003
2025-09-29 01:20:08,200 [INFO] Época 6/30, Batch 950/3348, Loss: 0.0003
2025-09-29 01:20:08,439 [INFO] Época 6/30, Batch 1000/3348, Loss: 0.0003
2025-09-29 01:20:08,678 [INFO] Época 6/30, Batch 1050/3348, Loss: 0.0003
2025-09-29 01:20:08,916 [INFO] Época 6/30, Batch 1100/3348, Loss: 0.0003
2025-09-29 01:20:09,153 [INFO] Época 6/30, Batch 1150/3348, Loss: 0.0003
2025-09-29 01:20:09,397 [INFO] Época 6/30, Batch 1200/3348, Loss: 0.0004
2025-09-29 01:20:09,635 [INFO] Época 6/30, Batch 1250/3348, Loss: 0.0003
2025-09-29 01:20:09,876 [INFO] Época 6/30, Batch 1300/3348, Loss: 0.0002
2025-09-29 01:20:10,125 [INFO] Época 6/30, Batch 1350/3348, Loss: 0.0003
2025-09-29 01:20:10,378 [INFO] Época 6/30, Batch 1400/3348, Loss: 0.0003
2025-09-29 01:20:10,631 [INFO] Época 6/30, Batch 1450/3348, Loss: 0.0003
2025-09-29 01:20:10,884 [INFO] Época 6/30, Batch 1500/3348, Loss: 0.0002
2025-09-29 01:20:11,136 [INFO] Época 6/30, Batch 1550/3348, Loss: 0.0003
2025-09-29 01:20:11,386 [INFO] Época 6/30, Batch 1600/3348, Loss: 0.0004
2025-09-29 01:20:11,636 [INFO] Época 6/30, Batch 1650/3348, Loss: 0.0002
2025-09-29 01:20:11,887 [INFO] Época 6/30, Batch 1700/3348, Loss: 0.0003
2025-09-29 01:20:12,137 [INFO] Época 6/30, Batch 1750/3348, Loss: 0.0004
2025-09-29 01:20:12,389 [INFO] Época 6/30, Batch 1800/3348, Loss: 0.0003
2025-09-29 01:20:12,641 [INFO] Época 6/30, Batch 1850/3348, Loss: 0.0003
2025-09-29 01:20:12,890 [INFO] Época 6/30, Batch 1900/3348, Loss: 0.0003
2025-09-29 01:20:13,141 [INFO] Época 6/30, Batch 1950/3348, Loss: 0.0002
2025-09-29 01:20:13,391 [INFO] Época 6/30, Batch 2000/3348, Loss: 0.0003
2025-09-29 01:20:13,641 [INFO] Época 6/30, Batch 2050/3348, Loss: 0.0002
2025-09-29 01:20:13,889 [INFO] Época 6/30, Batch 2100/3348, Loss: 0.0003
2025-09-29 01:20:14,138 [INFO] Época 6/30, Batch 2150/3348, Loss: 0.0003
2025-09-29 01:20:14,388 [INFO] Época 6/30, Batch 2200/3348, Loss: 0.0003
2025-09-29 01:20:14,635 [INFO] Época 6/30, Batch 2250/3348, Loss: 0.0003
2025-09-29 01:20:14,886 [INFO] Época 6/30, Batch 2300/3348, Loss: 0.0002
2025-09-29 01:20:15,139 [INFO] Época 6/30, Batch 2350/3348, Loss: 0.0003
2025-09-29 01:20:15,404 [INFO] Época 6/30, Batch 2400/3348, Loss: 0.0002
2025-09-29 01:20:15,654 [INFO] Época 6/30, Batch 2450/3348, Loss: 0.0003
2025-09-29 01:20:15,901 [INFO] Época 6/30, Batch 2500/3348, Loss: 0.0003
2025-09-29 01:20:16,149 [INFO] Época 6/30, Batch 2550/3348, Loss: 0.0003
2025-09-29 01:20:16,399 [INFO] Época 6/30, Batch 2600/3348, Loss: 0.0002
2025-09-29 01:20:16,648 [INFO] Época 6/30, Batch 2650/3348, Loss: 0.0003
2025-09-29 01:20:16,897 [INFO] Época 6/30, Batch 2700/3348, Loss: 0.0002
2025-09-29 01:20:17,148 [INFO] Época 6/30, Batch 2750/3348, Loss: 0.0002
2025-09-29 01:20:17,400 [INFO] Época 6/30, Batch 2800/3348, Loss: 0.0002
2025-09-29 01:20:17,653 [INFO] Época 6/30, Batch 2850/3348, Loss: 0.0003
2025-09-29 01:20:17,901 [INFO] Época 6/30, Batch 2900/3348, Loss: 0.0003
2025-09-29 01:20:18,151 [INFO] Época 6/30, Batch 2950/3348, Loss: 0.0003
2025-09-29 01:20:18,400 [INFO] Época 6/30, Batch 3000/3348, Loss: 0.0003
2025-09-29 01:20:18,648 [INFO] Época 6/30, Batch 3050/3348, Loss: 0.0002
2025-09-29 01:20:18,897 [INFO] Época 6/30, Batch 3100/3348, Loss: 0.0003
2025-09-29 01:20:19,145 [INFO] Época 6/30, Batch 3150/3348, Loss: 0.0003
2025-09-29 01:20:19,396 [INFO] Época 6/30, Batch 3200/3348, Loss: 0.0003
2025-09-29 01:20:19,648 [INFO] Época 6/30, Batch 3250/3348, Loss: 0.0002
2025-09-29 01:20:19,898 [INFO] Época 6/30, Batch 3300/3348, Loss: 0.0002
2025-09-29 01:20:21,710 [INFO] [6/30] Train Loss: 0.0047 | Val Loss: 0.0003 | Tempo: 18.59s
2025-09-29 01:20:21,714 [INFO] Melhor modelo salvo em: /mnt/hdd/home/jdurao/ToolBox-ChemXAI/models/mlp_qm9_MorganCount_att0.pth
2025-09-29 01:20:22,288 [INFO] Época 7/30, Batch 50/3348, Loss: 0.0003
2025-09-29 01:20:22,542 [INFO] Época 7/30, Batch 100/3348, Loss: 0.0005
2025-09-29 01:20:22,795 [INFO] Época 7/30, Batch 150/3348, Loss: 0.0002
2025-09-29 01:20:23,046 [INFO] Época 7/30, Batch 200/3348, Loss: 0.0004
2025-09-29 01:20:23,296 [INFO] Época 7/30, Batch 250/3348, Loss: 0.0002
2025-09-29 01:20:23,546 [INFO] Época 7/30, Batch 300/3348, Loss: 0.0003
2025-09-29 01:20:23,796 [INFO] Época 7/30, Batch 350/3348, Loss: 0.0003
2025-09-29 01:20:24,049 [INFO] Época 7/30, Batch 400/3348, Loss: 0.0002
2025-09-29 01:20:24,298 [INFO] Época 7/30, Batch 450/3348, Loss: 0.0003
2025-09-29 01:20:24,547 [INFO] Época 7/30, Batch 500/3348, Loss: 0.0027
2025-09-29 01:20:24,795 [INFO] Época 7/30, Batch 550/3348, Loss: 0.0002
2025-09-29 01:20:25,043 [INFO] Época 7/30, Batch 600/3348, Loss: 0.0003
2025-09-29 01:20:25,290 [INFO] Época 7/30, Batch 650/3348, Loss: 0.0003
2025-09-29 01:20:25,531 [INFO] Época 7/30, Batch 700/3348, Loss: 0.0002
2025-09-29 01:20:25,769 [INFO] Época 7/30, Batch 750/3348, Loss: 0.0002
2025-09-29 01:20:26,019 [INFO] Época 7/30, Batch 800/3348, Loss: 0.0003
2025-09-29 01:20:26,268 [INFO] Época 7/30, Batch 850/3348, Loss: 0.0003
2025-09-29 01:20:26,518 [INFO] Época 7/30, Batch 900/3348, Loss: 0.0003
2025-09-29 01:20:26,761 [INFO] Época 7/30, Batch 950/3348, Loss: 0.0003
2025-09-29 01:20:27,014 [INFO] Época 7/30, Batch 1000/3348, Loss: 0.0003
2025-09-29 01:20:27,254 [INFO] Época 7/30, Batch 1050/3348, Loss: 0.0003
2025-09-29 01:20:27,495 [INFO] Época 7/30, Batch 1100/3348, Loss: 0.0002
2025-09-29 01:20:27,737 [INFO] Época 7/30, Batch 1150/3348, Loss: 0.0003
2025-09-29 01:20:27,984 [INFO] Época 7/30, Batch 1200/3348, Loss: 0.0003
2025-09-29 01:20:28,231 [INFO] Época 7/30, Batch 1250/3348, Loss: 0.0003
2025-09-29 01:20:28,478 [INFO] Época 7/30, Batch 1300/3348, Loss: 0.0003
2025-09-29 01:20:28,728 [INFO] Época 7/30, Batch 1350/3348, Loss: 0.0003
2025-09-29 01:20:28,976 [INFO] Época 7/30, Batch 1400/3348, Loss: 0.0002
2025-09-29 01:20:29,230 [INFO] Época 7/30, Batch 1450/3348, Loss: 0.0004
2025-09-29 01:20:29,479 [INFO] Época 7/30, Batch 1500/3348, Loss: 0.0003
2025-09-29 01:20:29,729 [INFO] Época 7/30, Batch 1550/3348, Loss: 0.0004
2025-09-29 01:20:29,979 [INFO] Época 7/30, Batch 1600/3348, Loss: 0.0003
2025-09-29 01:20:30,231 [INFO] Época 7/30, Batch 1650/3348, Loss: 0.0004
2025-09-29 01:20:30,481 [INFO] Época 7/30, Batch 1700/3348, Loss: 0.0004
2025-09-29 01:20:30,734 [INFO] Época 7/30, Batch 1750/3348, Loss: 0.0003
2025-09-29 01:20:30,986 [INFO] Época 7/30, Batch 1800/3348, Loss: 0.0003
2025-09-29 01:20:31,237 [INFO] Época 7/30, Batch 1850/3348, Loss: 0.0002
2025-09-29 01:20:31,487 [INFO] Época 7/30, Batch 1900/3348, Loss: 0.0005
2025-09-29 01:20:31,743 [INFO] Época 7/30, Batch 1950/3348, Loss: 0.0004
2025-09-29 01:20:31,996 [INFO] Época 7/30, Batch 2000/3348, Loss: 0.0003
2025-09-29 01:20:32,257 [INFO] Época 7/30, Batch 2050/3348, Loss: 0.0003
2025-09-29 01:20:32,509 [INFO] Época 7/30, Batch 2100/3348, Loss: 0.0003
2025-09-29 01:20:32,758 [INFO] Época 7/30, Batch 2150/3348, Loss: 0.0003
2025-09-29 01:20:33,009 [INFO] Época 7/30, Batch 2200/3348, Loss: 0.0003
2025-09-29 01:20:33,258 [INFO] Época 7/30, Batch 2250/3348, Loss: 0.0003
2025-09-29 01:20:33,510 [INFO] Época 7/30, Batch 2300/3348, Loss: 0.0003
2025-09-29 01:20:33,761 [INFO] Época 7/30, Batch 2350/3348, Loss: 0.0003
2025-09-29 01:20:34,012 [INFO] Época 7/30, Batch 2400/3348, Loss: 0.0003
2025-09-29 01:20:34,262 [INFO] Época 7/30, Batch 2450/3348, Loss: 0.0003
2025-09-29 01:20:34,513 [INFO] Época 7/30, Batch 2500/3348, Loss: 0.0003
2025-09-29 01:20:34,764 [INFO] Época 7/30, Batch 2550/3348, Loss: 0.0002
2025-09-29 01:20:35,013 [INFO] Época 7/30, Batch 2600/3348, Loss: 0.0003
2025-09-29 01:20:35,263 [INFO] Época 7/30, Batch 2650/3348, Loss: 0.0002
2025-09-29 01:20:35,511 [INFO] Época 7/30, Batch 2700/3348, Loss: 0.0002
2025-09-29 01:20:35,760 [INFO] Época 7/30, Batch 2750/3348, Loss: 0.0003
2025-09-29 01:20:36,011 [INFO] Época 7/30, Batch 2800/3348, Loss: 0.0003
2025-09-29 01:20:36,260 [INFO] Época 7/30, Batch 2850/3348, Loss: 0.0004
2025-09-29 01:20:36,508 [INFO] Época 7/30, Batch 2900/3348, Loss: 0.0003
2025-09-29 01:20:36,758 [INFO] Época 7/30, Batch 2950/3348, Loss: 0.0002
2025-09-29 01:20:37,008 [INFO] Época 7/30, Batch 3000/3348, Loss: 0.0003
2025-09-29 01:20:37,262 [INFO] Época 7/30, Batch 3050/3348, Loss: 0.0003
2025-09-29 01:20:37,514 [INFO] Época 7/30, Batch 3100/3348, Loss: 0.0003
2025-09-29 01:20:37,764 [INFO] Época 7/30, Batch 3150/3348, Loss: 0.0002
2025-09-29 01:20:38,014 [INFO] Época 7/30, Batch 3200/3348, Loss: 0.0002
2025-09-29 01:20:38,262 [INFO] Época 7/30, Batch 3250/3348, Loss: 0.0002
2025-09-29 01:20:38,512 [INFO] Época 7/30, Batch 3300/3348, Loss: 0.0003
2025-09-29 01:20:40,290 [INFO] [7/30] Train Loss: 0.0047 | Val Loss: 0.0004 | Tempo: 18.58s
2025-09-29 01:20:40,857 [INFO] Época 8/30, Batch 50/3348, Loss: 0.0003
2025-09-29 01:20:41,107 [INFO] Época 8/30, Batch 100/3348, Loss: 0.0002
2025-09-29 01:20:41,355 [INFO] Época 8/30, Batch 150/3348, Loss: 0.0002
2025-09-29 01:20:41,605 [INFO] Época 8/30, Batch 200/3348, Loss: 0.0002
2025-09-29 01:20:41,854 [INFO] Época 8/30, Batch 250/3348, Loss: 0.0002
2025-09-29 01:20:42,103 [INFO] Época 8/30, Batch 300/3348, Loss: 0.0002
2025-09-29 01:20:42,362 [INFO] Época 8/30, Batch 350/3348, Loss: 0.0002
2025-09-29 01:20:42,610 [INFO] Época 8/30, Batch 400/3348, Loss: 0.0003
2025-09-29 01:20:42,858 [INFO] Época 8/30, Batch 450/3348, Loss: 0.0002
2025-09-29 01:20:43,107 [INFO] Época 8/30, Batch 500/3348, Loss: 0.0004
2025-09-29 01:20:43,354 [INFO] Época 8/30, Batch 550/3348, Loss: 0.0001
2025-09-29 01:20:43,603 [INFO] Época 8/30, Batch 600/3348, Loss: 0.0002
2025-09-29 01:20:43,855 [INFO] Época 8/30, Batch 650/3348, Loss: 0.0004
2025-09-29 01:20:44,102 [INFO] Época 8/30, Batch 700/3348, Loss: 0.0003
2025-09-29 01:20:44,349 [INFO] Época 8/30, Batch 750/3348, Loss: 0.0003
2025-09-29 01:20:44,601 [INFO] Época 8/30, Batch 800/3348, Loss: 0.0002
2025-09-29 01:20:44,858 [INFO] Época 8/30, Batch 850/3348, Loss: 0.0003
2025-09-29 01:20:45,115 [INFO] Época 8/30, Batch 900/3348, Loss: 0.0003
2025-09-29 01:20:45,364 [INFO] Época 8/30, Batch 950/3348, Loss: 0.0003
2025-09-29 01:20:45,612 [INFO] Época 8/30, Batch 1000/3348, Loss: 0.0003
2025-09-29 01:20:45,862 [INFO] Época 8/30, Batch 1050/3348, Loss: 0.0002
2025-09-29 01:20:46,110 [INFO] Época 8/30, Batch 1100/3348, Loss: 0.0003
2025-09-29 01:20:46,359 [INFO] Época 8/30, Batch 1150/3348, Loss: 0.0003
2025-09-29 01:20:46,608 [INFO] Época 8/30, Batch 1200/3348, Loss: 0.0003
2025-09-29 01:20:46,857 [INFO] Época 8/30, Batch 1250/3348, Loss: 0.0003
2025-09-29 01:20:47,103 [INFO] Época 8/30, Batch 1300/3348, Loss: 0.0003
2025-09-29 01:20:47,362 [INFO] Época 8/30, Batch 1350/3348, Loss: 0.0003
2025-09-29 01:20:47,610 [INFO] Época 8/30, Batch 1400/3348, Loss: 0.0003
2025-09-29 01:20:47,859 [INFO] Época 8/30, Batch 1450/3348, Loss: 0.0003
2025-09-29 01:20:48,107 [INFO] Época 8/30, Batch 1500/3348, Loss: 0.0003
2025-09-29 01:20:48,354 [INFO] Época 8/30, Batch 1550/3348, Loss: 0.0003
2025-09-29 01:20:48,603 [INFO] Época 8/30, Batch 1600/3348, Loss: 0.0002
2025-09-29 01:20:48,852 [INFO] Época 8/30, Batch 1650/3348, Loss: 0.0004
2025-09-29 01:20:49,104 [INFO] Época 8/30, Batch 1700/3348, Loss: 0.0003
2025-09-29 01:20:49,354 [INFO] Época 8/30, Batch 1750/3348, Loss: 0.0006
2025-09-29 01:20:49,602 [INFO] Época 8/30, Batch 1800/3348, Loss: 0.0003
2025-09-29 01:20:49,848 [INFO] Época 8/30, Batch 1850/3348, Loss: 0.0002
2025-09-29 01:20:50,096 [INFO] Época 8/30, Batch 1900/3348, Loss: 0.0003
2025-09-29 01:20:50,346 [INFO] Época 8/30, Batch 1950/3348, Loss: 0.0002
2025-09-29 01:20:50,596 [INFO] Época 8/30, Batch 2000/3348, Loss: 0.0004
2025-09-29 01:20:50,848 [INFO] Época 8/30, Batch 2050/3348, Loss: 0.0003
2025-09-29 01:20:51,097 [INFO] Época 8/30, Batch 2100/3348, Loss: 0.0003
2025-09-29 01:20:51,350 [INFO] Época 8/30, Batch 2150/3348, Loss: 0.0004
2025-09-29 01:20:51,602 [INFO] Época 8/30, Batch 2200/3348, Loss: 0.0003
2025-09-29 01:20:51,851 [INFO] Época 8/30, Batch 2250/3348, Loss: 0.0003
2025-09-29 01:20:52,103 [INFO] Época 8/30, Batch 2300/3348, Loss: 0.0004
2025-09-29 01:20:52,353 [INFO] Época 8/30, Batch 2350/3348, Loss: 0.0002
2025-09-29 01:20:52,603 [INFO] Época 8/30, Batch 2400/3348, Loss: 0.0003
2025-09-29 01:20:52,854 [INFO] Época 8/30, Batch 2450/3348, Loss: 0.0003
2025-09-29 01:20:53,105 [INFO] Época 8/30, Batch 2500/3348, Loss: 0.0003
2025-09-29 01:20:53,355 [INFO] Época 8/30, Batch 2550/3348, Loss: 0.0003
2025-09-29 01:20:53,607 [INFO] Época 8/30, Batch 2600/3348, Loss: 0.0002
2025-09-29 01:20:53,856 [INFO] Época 8/30, Batch 2650/3348, Loss: 0.0003
2025-09-29 01:20:54,106 [INFO] Época 8/30, Batch 2700/3348, Loss: 0.0002
2025-09-29 01:20:54,355 [INFO] Época 8/30, Batch 2750/3348, Loss: 0.0002
2025-09-29 01:20:54,605 [INFO] Época 8/30, Batch 2800/3348, Loss: 0.0003
2025-09-29 01:20:54,853 [INFO] Época 8/30, Batch 2850/3348, Loss: 0.0002
2025-09-29 01:20:55,102 [INFO] Época 8/30, Batch 2900/3348, Loss: 0.0002
2025-09-29 01:20:55,349 [INFO] Época 8/30, Batch 2950/3348, Loss: 0.0003
2025-09-29 01:20:55,596 [INFO] Época 8/30, Batch 3000/3348, Loss: 0.0003
2025-09-29 01:20:55,844 [INFO] Época 8/30, Batch 3050/3348, Loss: 0.0004
2025-09-29 01:20:56,093 [INFO] Época 8/30, Batch 3100/3348, Loss: 0.0003
2025-09-29 01:20:56,345 [INFO] Época 8/30, Batch 3150/3348, Loss: 0.0002
2025-09-29 01:20:56,597 [INFO] Época 8/30, Batch 3200/3348, Loss: 0.0002
2025-09-29 01:20:56,846 [INFO] Época 8/30, Batch 3250/3348, Loss: 0.0003
2025-09-29 01:20:57,096 [INFO] Época 8/30, Batch 3300/3348, Loss: 0.0002
2025-09-29 01:20:58,968 [INFO] [8/30] Train Loss: 0.0047 | Val Loss: 0.0004 | Tempo: 18.68s
2025-09-29 01:20:59,548 [INFO] Época 9/30, Batch 50/3348, Loss: 0.0003
2025-09-29 01:20:59,798 [INFO] Época 9/30, Batch 100/3348, Loss: 0.0002
2025-09-29 01:21:00,048 [INFO] Época 9/30, Batch 150/3348, Loss: 0.0002
2025-09-29 01:21:00,298 [INFO] Época 9/30, Batch 200/3348, Loss: 0.0003
2025-09-29 01:21:00,547 [INFO] Época 9/30, Batch 250/3348, Loss: 0.0003
2025-09-29 01:21:00,795 [INFO] Época 9/30, Batch 300/3348, Loss: 0.0002
2025-09-29 01:21:01,049 [INFO] Época 9/30, Batch 350/3348, Loss: 0.0003
2025-09-29 01:21:01,323 [INFO] Época 9/30, Batch 400/3348, Loss: 0.0002
2025-09-29 01:21:01,595 [INFO] Época 9/30, Batch 450/3348, Loss: 0.0003
2025-09-29 01:21:01,870 [INFO] Época 9/30, Batch 500/3348, Loss: 0.0002
2025-09-29 01:21:02,145 [INFO] Época 9/30, Batch 550/3348, Loss: 0.0002
2025-09-29 01:21:02,416 [INFO] Época 9/30, Batch 600/3348, Loss: 0.0002
2025-09-29 01:21:02,689 [INFO] Época 9/30, Batch 650/3348, Loss: 0.0002
2025-09-29 01:21:02,963 [INFO] Época 9/30, Batch 700/3348, Loss: 0.0003
2025-09-29 01:21:03,236 [INFO] Época 9/30, Batch 750/3348, Loss: 0.0003
2025-09-29 01:21:03,507 [INFO] Época 9/30, Batch 800/3348, Loss: 0.0003
2025-09-29 01:21:03,777 [INFO] Época 9/30, Batch 850/3348, Loss: 0.0004
2025-09-29 01:21:04,045 [INFO] Época 9/30, Batch 900/3348, Loss: 0.0002
2025-09-29 01:21:04,316 [INFO] Época 9/30, Batch 950/3348, Loss: 0.0003
2025-09-29 01:21:04,584 [INFO] Época 9/30, Batch 1000/3348, Loss: 0.0002
2025-09-29 01:21:04,836 [INFO] Época 9/30, Batch 1050/3348, Loss: 0.0002
2025-09-29 01:21:05,088 [INFO] Época 9/30, Batch 1100/3348, Loss: 0.0003
2025-09-29 01:21:05,338 [INFO] Época 9/30, Batch 1150/3348, Loss: 0.0003
2025-09-29 01:21:05,607 [INFO] Época 9/30, Batch 1200/3348, Loss: 0.0002
2025-09-29 01:21:05,878 [INFO] Época 9/30, Batch 1250/3348, Loss: 0.0002
2025-09-29 01:21:06,132 [INFO] Época 9/30, Batch 1300/3348, Loss: 0.0003
2025-09-29 01:21:06,387 [INFO] Época 9/30, Batch 1350/3348, Loss: 0.0004
2025-09-29 01:21:06,642 [INFO] Época 9/30, Batch 1400/3348, Loss: 0.0002
2025-09-29 01:21:06,909 [INFO] Época 9/30, Batch 1450/3348, Loss: 0.0002
2025-09-29 01:21:07,182 [INFO] Época 9/30, Batch 1500/3348, Loss: 0.0003
2025-09-29 01:21:07,456 [INFO] Época 9/30, Batch 1550/3348, Loss: 0.0002
2025-09-29 01:21:07,729 [INFO] Época 9/30, Batch 1600/3348, Loss: 0.0003
2025-09-29 01:21:08,001 [INFO] Época 9/30, Batch 1650/3348, Loss: 0.0002
2025-09-29 01:21:08,274 [INFO] Época 9/30, Batch 1700/3348, Loss: 0.0003
2025-09-29 01:21:08,547 [INFO] Época 9/30, Batch 1750/3348, Loss: 0.0002
2025-09-29 01:21:08,819 [INFO] Época 9/30, Batch 1800/3348, Loss: 0.0003
2025-09-29 01:21:09,093 [INFO] Época 9/30, Batch 1850/3348, Loss: 0.0002
2025-09-29 01:21:09,362 [INFO] Época 9/30, Batch 1900/3348, Loss: 0.0002
2025-09-29 01:21:09,608 [INFO] Época 9/30, Batch 1950/3348, Loss: 0.0003
2025-09-29 01:21:09,856 [INFO] Época 9/30, Batch 2000/3348, Loss: 0.0003
2025-09-29 01:21:10,103 [INFO] Época 9/30, Batch 2050/3348, Loss: 0.0003
2025-09-29 01:21:10,354 [INFO] Época 9/30, Batch 2100/3348, Loss: 0.0003
2025-09-29 01:21:10,602 [INFO] Época 9/30, Batch 2150/3348, Loss: 0.0002
2025-09-29 01:21:10,851 [INFO] Época 9/30, Batch 2200/3348, Loss: 0.0003
2025-09-29 01:21:11,097 [INFO] Época 9/30, Batch 2250/3348, Loss: 0.0002
2025-09-29 01:21:11,341 [INFO] Época 9/30, Batch 2300/3348, Loss: 0.0003
2025-09-29 01:21:11,586 [INFO] Época 9/30, Batch 2350/3348, Loss: 0.0003
2025-09-29 01:21:11,832 [INFO] Época 9/30, Batch 2400/3348, Loss: 0.0003
2025-09-29 01:21:12,079 [INFO] Época 9/30, Batch 2450/3348, Loss: 0.0003
2025-09-29 01:21:12,325 [INFO] Época 9/30, Batch 2500/3348, Loss: 0.0003
2025-09-29 01:21:12,573 [INFO] Época 9/30, Batch 2550/3348, Loss: 0.0003
2025-09-29 01:21:12,818 [INFO] Época 9/30, Batch 2600/3348, Loss: 0.0002
2025-09-29 01:21:13,068 [INFO] Época 9/30, Batch 2650/3348, Loss: 0.0003
2025-09-29 01:21:13,316 [INFO] Época 9/30, Batch 2700/3348, Loss: 0.0003
2025-09-29 01:21:13,567 [INFO] Época 9/30, Batch 2750/3348, Loss: 0.0003
2025-09-29 01:21:13,844 [INFO] Época 9/30, Batch 2800/3348, Loss: 0.0003
2025-09-29 01:21:14,126 [INFO] Época 9/30, Batch 2850/3348, Loss: 0.0004
2025-09-29 01:21:14,419 [INFO] Época 9/30, Batch 2900/3348, Loss: 0.0002
2025-09-29 01:21:14,698 [INFO] Época 9/30, Batch 2950/3348, Loss: 0.0003
2025-09-29 01:21:14,952 [INFO] Época 9/30, Batch 3000/3348, Loss: 0.0002
2025-09-29 01:21:15,204 [INFO] Época 9/30, Batch 3050/3348, Loss: 0.0004
2025-09-29 01:21:15,460 [INFO] Época 9/30, Batch 3100/3348, Loss: 0.0003
2025-09-29 01:21:15,742 [INFO] Época 9/30, Batch 3150/3348, Loss: 0.0002
2025-09-29 01:21:16,023 [INFO] Época 9/30, Batch 3200/3348, Loss: 0.0003
2025-09-29 01:21:16,305 [INFO] Época 9/30, Batch 3250/3348, Loss: 0.0002
2025-09-29 01:21:16,588 [INFO] Época 9/30, Batch 3300/3348, Loss: 0.0003
2025-09-29 01:21:18,501 [INFO] [9/30] Train Loss: 0.0047 | Val Loss: 0.0003 | Tempo: 19.53s
2025-09-29 01:21:19,102 [INFO] Época 10/30, Batch 50/3348, Loss: 0.0003
2025-09-29 01:21:19,379 [INFO] Época 10/30, Batch 100/3348, Loss: 0.0003
2025-09-29 01:21:19,664 [INFO] Época 10/30, Batch 150/3348, Loss: 0.0003
2025-09-29 01:21:19,935 [INFO] Época 10/30, Batch 200/3348, Loss: 0.0003
2025-09-29 01:21:20,206 [INFO] Época 10/30, Batch 250/3348, Loss: 0.0002
2025-09-29 01:21:20,476 [INFO] Época 10/30, Batch 300/3348, Loss: 0.0003
2025-09-29 01:21:20,746 [INFO] Época 10/30, Batch 350/3348, Loss: 0.0004
2025-09-29 01:21:21,016 [INFO] Época 10/30, Batch 400/3348, Loss: 0.0002
2025-09-29 01:21:21,286 [INFO] Época 10/30, Batch 450/3348, Loss: 0.0002
2025-09-29 01:21:21,556 [INFO] Época 10/30, Batch 500/3348, Loss: 0.0003
2025-09-29 01:21:21,824 [INFO] Época 10/30, Batch 550/3348, Loss: 0.0003
2025-09-29 01:21:22,082 [INFO] Época 10/30, Batch 600/3348, Loss: 0.0003
2025-09-29 01:21:22,343 [INFO] Época 10/30, Batch 650/3348, Loss: 0.0003
2025-09-29 01:21:22,600 [INFO] Época 10/30, Batch 700/3348, Loss: 0.0002
2025-09-29 01:21:22,858 [INFO] Época 10/30, Batch 750/3348, Loss: 0.0002
2025-09-29 01:21:23,118 [INFO] Época 10/30, Batch 800/3348, Loss: 0.0003
2025-09-29 01:21:23,376 [INFO] Época 10/30, Batch 850/3348, Loss: 0.0004
2025-09-29 01:21:23,635 [INFO] Época 10/30, Batch 900/3348, Loss: 0.0002
2025-09-29 01:21:23,885 [INFO] Época 10/30, Batch 950/3348, Loss: 0.0002
2025-09-29 01:21:24,130 [INFO] Época 10/30, Batch 1000/3348, Loss: 0.0003
2025-09-29 01:21:24,379 [INFO] Época 10/30, Batch 1050/3348, Loss: 0.0003
2025-09-29 01:21:24,629 [INFO] Época 10/30, Batch 1100/3348, Loss: 0.0003
2025-09-29 01:21:24,869 [INFO] Época 10/30, Batch 1150/3348, Loss: 0.0003
2025-09-29 01:21:25,110 [INFO] Época 10/30, Batch 1200/3348, Loss: 0.0003
2025-09-29 01:21:25,364 [INFO] Época 10/30, Batch 1250/3348, Loss: 0.0003
2025-09-29 01:21:25,617 [INFO] Época 10/30, Batch 1300/3348, Loss: 0.0002
2025-09-29 01:21:25,870 [INFO] Época 10/30, Batch 1350/3348, Loss: 0.0003
2025-09-29 01:21:26,124 [INFO] Época 10/30, Batch 1400/3348, Loss: 0.0003
2025-09-29 01:21:26,374 [INFO] Época 10/30, Batch 1450/3348, Loss: 0.0003
2025-09-29 01:21:26,627 [INFO] Época 10/30, Batch 1500/3348, Loss: 0.0003
2025-09-29 01:21:26,886 [INFO] Época 10/30, Batch 1550/3348, Loss: 0.0003
2025-09-29 01:21:27,140 [INFO] Época 10/30, Batch 1600/3348, Loss: 0.0003
2025-09-29 01:21:27,397 [INFO] Época 10/30, Batch 1650/3348, Loss: 0.0003
2025-09-29 01:21:27,654 [INFO] Época 10/30, Batch 1700/3348, Loss: 0.0003
2025-09-29 01:21:27,912 [INFO] Época 10/30, Batch 1750/3348, Loss: 0.0003
2025-09-29 01:21:28,167 [INFO] Época 10/30, Batch 1800/3348, Loss: 0.0002
2025-09-29 01:21:28,424 [INFO] Época 10/30, Batch 1850/3348, Loss: 0.0002
2025-09-29 01:21:28,680 [INFO] Época 10/30, Batch 1900/3348, Loss: 0.0003
2025-09-29 01:21:28,929 [INFO] Época 10/30, Batch 1950/3348, Loss: 0.0003
2025-09-29 01:21:29,181 [INFO] Época 10/30, Batch 2000/3348, Loss: 0.0002
2025-09-29 01:21:29,435 [INFO] Época 10/30, Batch 2050/3348, Loss: 0.0003
2025-09-29 01:21:29,698 [INFO] Época 10/30, Batch 2100/3348, Loss: 0.0002
2025-09-29 01:21:29,955 [INFO] Época 10/30, Batch 2150/3348, Loss: 0.0003
2025-09-29 01:21:30,212 [INFO] Época 10/30, Batch 2200/3348, Loss: 0.0002
2025-09-29 01:21:30,464 [INFO] Época 10/30, Batch 2250/3348, Loss: 0.0002
2025-09-29 01:21:30,717 [INFO] Época 10/30, Batch 2300/3348, Loss: 0.0003
2025-09-29 01:21:30,965 [INFO] Época 10/30, Batch 2350/3348, Loss: 0.0003
2025-09-29 01:21:31,214 [INFO] Época 10/30, Batch 2400/3348, Loss: 0.0003
2025-09-29 01:21:31,464 [INFO] Época 10/30, Batch 2450/3348, Loss: 0.0003
2025-09-29 01:21:31,714 [INFO] Época 10/30, Batch 2500/3348, Loss: 0.0002
2025-09-29 01:21:31,963 [INFO] Época 10/30, Batch 2550/3348, Loss: 0.0003
2025-09-29 01:21:32,213 [INFO] Época 10/30, Batch 2600/3348, Loss: 0.0002
2025-09-29 01:21:32,462 [INFO] Época 10/30, Batch 2650/3348, Loss: 0.0002
2025-09-29 01:21:32,712 [INFO] Época 10/30, Batch 2700/3348, Loss: 0.0003
2025-09-29 01:21:32,961 [INFO] Época 10/30, Batch 2750/3348, Loss: 0.0002
2025-09-29 01:21:33,211 [INFO] Época 10/30, Batch 2800/3348, Loss: 0.0004
2025-09-29 01:21:33,459 [INFO] Época 10/30, Batch 2850/3348, Loss: 0.0002
2025-09-29 01:21:33,708 [INFO] Época 10/30, Batch 2900/3348, Loss: 0.0004
2025-09-29 01:21:33,963 [INFO] Época 10/30, Batch 2950/3348, Loss: 0.0003
2025-09-29 01:21:34,216 [INFO] Época 10/30, Batch 3000/3348, Loss: 0.0003
2025-09-29 01:21:34,466 [INFO] Época 10/30, Batch 3050/3348, Loss: 0.0002
2025-09-29 01:21:34,727 [INFO] Época 10/30, Batch 3100/3348, Loss: 0.0002
2025-09-29 01:21:34,977 [INFO] Época 10/30, Batch 3150/3348, Loss: 0.0003
2025-09-29 01:21:35,224 [INFO] Época 10/30, Batch 3200/3348, Loss: 0.0002
2025-09-29 01:21:35,472 [INFO] Época 10/30, Batch 3250/3348, Loss: 0.0003
2025-09-29 01:21:35,717 [INFO] Época 10/30, Batch 3300/3348, Loss: 0.0004
2025-09-29 01:21:37,507 [INFO] [10/30] Train Loss: 0.0047 | Val Loss: 0.0004 | Tempo: 19.01s
2025-09-29 01:21:38,076 [INFO] Época 11/30, Batch 50/3348, Loss: 0.0002
2025-09-29 01:21:38,328 [INFO] Época 11/30, Batch 100/3348, Loss: 0.0002
2025-09-29 01:21:38,581 [INFO] Época 11/30, Batch 150/3348, Loss: 0.0003
2025-09-29 01:21:38,832 [INFO] Época 11/30, Batch 200/3348, Loss: 0.0002
2025-09-29 01:21:39,084 [INFO] Época 11/30, Batch 250/3348, Loss: 0.0003
2025-09-29 01:21:39,336 [INFO] Época 11/30, Batch 300/3348, Loss: 0.0005
2025-09-29 01:21:39,603 [INFO] Época 11/30, Batch 350/3348, Loss: 0.0003
2025-09-29 01:21:39,856 [INFO] Época 11/30, Batch 400/3348, Loss: 0.0003
2025-09-29 01:21:40,108 [INFO] Época 11/30, Batch 450/3348, Loss: 0.0003
2025-09-29 01:21:40,358 [INFO] Época 11/30, Batch 500/3348, Loss: 0.0002
2025-09-29 01:21:40,608 [INFO] Época 11/30, Batch 550/3348, Loss: 0.0005
2025-09-29 01:21:40,858 [INFO] Época 11/30, Batch 600/3348, Loss: 0.0003
2025-09-29 01:21:41,108 [INFO] Época 11/30, Batch 650/3348, Loss: 0.0002
2025-09-29 01:21:41,356 [INFO] Época 11/30, Batch 700/3348, Loss: 0.0003
2025-09-29 01:21:41,605 [INFO] Época 11/30, Batch 750/3348, Loss: 0.0003
2025-09-29 01:21:41,851 [INFO] Época 11/30, Batch 800/3348, Loss: 0.0002
2025-09-29 01:21:42,094 [INFO] Época 11/30, Batch 850/3348, Loss: 0.0002
2025-09-29 01:21:42,333 [INFO] Época 11/30, Batch 900/3348, Loss: 0.0003
2025-09-29 01:21:42,577 [INFO] Época 11/30, Batch 950/3348, Loss: 0.0003
2025-09-29 01:21:42,826 [INFO] Época 11/30, Batch 1000/3348, Loss: 0.0002
2025-09-29 01:21:43,072 [INFO] Época 11/30, Batch 1050/3348, Loss: 0.0003
2025-09-29 01:21:43,319 [INFO] Época 11/30, Batch 1100/3348, Loss: 0.0002
2025-09-29 01:21:43,565 [INFO] Época 11/30, Batch 1150/3348, Loss: 0.0003
2025-09-29 01:21:43,813 [INFO] Época 11/30, Batch 1200/3348, Loss: 0.0003
2025-09-29 01:21:44,055 [INFO] Época 11/30, Batch 1250/3348, Loss: 0.0002
2025-09-29 01:21:44,300 [INFO] Época 11/30, Batch 1300/3348, Loss: 0.0003
2025-09-29 01:21:44,553 [INFO] Época 11/30, Batch 1350/3348, Loss: 0.0003
2025-09-29 01:21:44,801 [INFO] Época 11/30, Batch 1400/3348, Loss: 0.0003
2025-09-29 01:21:45,055 [INFO] Época 11/30, Batch 1450/3348, Loss: 0.0002
2025-09-29 01:21:45,301 [INFO] Época 11/30, Batch 1500/3348, Loss: 0.0003
2025-09-29 01:21:45,545 [INFO] Época 11/30, Batch 1550/3348, Loss: 0.0003
2025-09-29 01:21:45,788 [INFO] Época 11/30, Batch 1600/3348, Loss: 0.0003
2025-09-29 01:21:46,032 [INFO] Época 11/30, Batch 1650/3348, Loss: 0.0003
2025-09-29 01:21:46,277 [INFO] Época 11/30, Batch 1700/3348, Loss: 0.0002
2025-09-29 01:21:46,524 [INFO] Época 11/30, Batch 1750/3348, Loss: 0.0004
2025-09-29 01:21:46,768 [INFO] Época 11/30, Batch 1800/3348, Loss: 0.0004
2025-09-29 01:21:47,014 [INFO] Época 11/30, Batch 1850/3348, Loss: 0.0004
2025-09-29 01:21:47,257 [INFO] Época 11/30, Batch 1900/3348, Loss: 0.0004
2025-09-29 01:21:47,501 [INFO] Época 11/30, Batch 1950/3348, Loss: 0.0002
2025-09-29 01:21:47,751 [INFO] Época 11/30, Batch 2000/3348, Loss: 0.0003
2025-09-29 01:21:48,016 [INFO] Época 11/30, Batch 2050/3348, Loss: 0.0003
2025-09-29 01:21:48,267 [INFO] Época 11/30, Batch 2100/3348, Loss: 0.0003
2025-09-29 01:21:48,510 [INFO] Época 11/30, Batch 2150/3348, Loss: 0.0002
2025-09-29 01:21:48,755 [INFO] Época 11/30, Batch 2200/3348, Loss: 0.0003
2025-09-29 01:21:48,999 [INFO] Época 11/30, Batch 2250/3348, Loss: 0.0003
2025-09-29 01:21:49,243 [INFO] Época 11/30, Batch 2300/3348, Loss: 0.0004
2025-09-29 01:21:49,489 [INFO] Época 11/30, Batch 2350/3348, Loss: 0.0003
2025-09-29 01:21:49,735 [INFO] Época 11/30, Batch 2400/3348, Loss: 0.0002
2025-09-29 01:21:49,981 [INFO] Época 11/30, Batch 2450/3348, Loss: 0.0002
2025-09-29 01:21:50,237 [INFO] Época 11/30, Batch 2500/3348, Loss: 0.0003
2025-09-29 01:21:50,481 [INFO] Época 11/30, Batch 2550/3348, Loss: 0.0003
2025-09-29 01:21:50,725 [INFO] Época 11/30, Batch 2600/3348, Loss: 0.0003
2025-09-29 01:21:50,970 [INFO] Época 11/30, Batch 2650/3348, Loss: 0.0003
2025-09-29 01:21:51,213 [INFO] Época 11/30, Batch 2700/3348, Loss: 0.0002
2025-09-29 01:21:51,456 [INFO] Época 11/30, Batch 2750/3348, Loss: 0.0002
2025-09-29 01:21:51,702 [INFO] Época 11/30, Batch 2800/3348, Loss: 0.0002
2025-09-29 01:21:51,951 [INFO] Época 11/30, Batch 2850/3348, Loss: 0.0002
2025-09-29 01:21:52,202 [INFO] Época 11/30, Batch 2900/3348, Loss: 0.0002
2025-09-29 01:21:52,445 [INFO] Época 11/30, Batch 2950/3348, Loss: 0.0002
2025-09-29 01:21:52,688 [INFO] Época 11/30, Batch 3000/3348, Loss: 0.0003
2025-09-29 01:21:52,931 [INFO] Época 11/30, Batch 3050/3348, Loss: 0.0002
2025-09-29 01:21:53,175 [INFO] Época 11/30, Batch 3100/3348, Loss: 0.0003
2025-09-29 01:21:53,417 [INFO] Época 11/30, Batch 3150/3348, Loss: 0.0002
2025-09-29 01:21:53,659 [INFO] Época 11/30, Batch 3200/3348, Loss: 0.0002
2025-09-29 01:21:53,901 [INFO] Época 11/30, Batch 3250/3348, Loss: 0.0003
2025-09-29 01:21:54,144 [INFO] Época 11/30, Batch 3300/3348, Loss: 0.0003
2025-09-29 01:21:55,911 [INFO] [11/30] Train Loss: 0.0047 | Val Loss: 0.0003 | Tempo: 18.40s
2025-09-29 01:21:55,915 [INFO] Melhor modelo salvo em: /mnt/hdd/home/jdurao/ToolBox-ChemXAI/models/mlp_qm9_MorganCount_att0.pth
2025-09-29 01:21:56,482 [INFO] Época 12/30, Batch 50/3348, Loss: 0.0003
2025-09-29 01:21:56,734 [INFO] Época 12/30, Batch 100/3348, Loss: 0.0003
2025-09-29 01:21:56,987 [INFO] Época 12/30, Batch 150/3348, Loss: 0.0002
2025-09-29 01:21:57,235 [INFO] Época 12/30, Batch 200/3348, Loss: 0.0002
2025-09-29 01:21:57,483 [INFO] Época 12/30, Batch 250/3348, Loss: 0.0002
2025-09-29 01:21:57,733 [INFO] Época 12/30, Batch 300/3348, Loss: 0.0003
2025-09-29 01:21:57,985 [INFO] Época 12/30, Batch 350/3348, Loss: 0.0004
2025-09-29 01:21:58,233 [INFO] Época 12/30, Batch 400/3348, Loss: 0.0002
2025-09-29 01:21:58,485 [INFO] Época 12/30, Batch 450/3348, Loss: 0.0004
2025-09-29 01:21:58,738 [INFO] Época 12/30, Batch 500/3348, Loss: 0.0003
2025-09-29 01:21:58,986 [INFO] Época 12/30, Batch 550/3348, Loss: 0.0003
2025-09-29 01:21:59,239 [INFO] Época 12/30, Batch 600/3348, Loss: 0.0002
2025-09-29 01:21:59,499 [INFO] Época 12/30, Batch 650/3348, Loss: 0.0003
2025-09-29 01:21:59,757 [INFO] Época 12/30, Batch 700/3348, Loss: 0.0003
2025-09-29 01:22:00,008 [INFO] Época 12/30, Batch 750/3348, Loss: 0.0002
2025-09-29 01:22:00,260 [INFO] Época 12/30, Batch 800/3348, Loss: 0.0002
2025-09-29 01:22:00,517 [INFO] Época 12/30, Batch 850/3348, Loss: 0.0003
2025-09-29 01:22:00,774 [INFO] Época 12/30, Batch 900/3348, Loss: 0.0002
2025-09-29 01:22:01,032 [INFO] Época 12/30, Batch 950/3348, Loss: 0.0003
2025-09-29 01:22:01,299 [INFO] Época 12/30, Batch 1000/3348, Loss: 0.0003
2025-09-29 01:22:01,556 [INFO] Época 12/30, Batch 1050/3348, Loss: 0.0003
2025-09-29 01:22:01,805 [INFO] Época 12/30, Batch 1100/3348, Loss: 0.0002
2025-09-29 01:22:02,055 [INFO] Época 12/30, Batch 1150/3348, Loss: 0.0003
2025-09-29 01:22:02,309 [INFO] Época 12/30, Batch 1200/3348, Loss: 0.0002
2025-09-29 01:22:02,566 [INFO] Época 12/30, Batch 1250/3348, Loss: 0.0004
2025-09-29 01:22:02,822 [INFO] Época 12/30, Batch 1300/3348, Loss: 0.0004
2025-09-29 01:22:03,077 [INFO] Época 12/30, Batch 1350/3348, Loss: 0.0003
2025-09-29 01:22:03,334 [INFO] Época 12/30, Batch 1400/3348, Loss: 0.0003
2025-09-29 01:22:03,591 [INFO] Época 12/30, Batch 1450/3348, Loss: 0.0003
2025-09-29 01:22:03,845 [INFO] Época 12/30, Batch 1500/3348, Loss: 0.0002
2025-09-29 01:22:04,095 [INFO] Época 12/30, Batch 1550/3348, Loss: 0.0003
2025-09-29 01:22:04,344 [INFO] Época 12/30, Batch 1600/3348, Loss: 0.0003
2025-09-29 01:22:04,593 [INFO] Época 12/30, Batch 1650/3348, Loss: 0.0002
2025-09-29 01:22:04,844 [INFO] Época 12/30, Batch 1700/3348, Loss: 0.0003
2025-09-29 01:22:05,094 [INFO] Época 12/30, Batch 1750/3348, Loss: 0.0003
2025-09-29 01:22:05,341 [INFO] Época 12/30, Batch 1800/3348, Loss: 0.0003
2025-09-29 01:22:05,589 [INFO] Época 12/30, Batch 1850/3348, Loss: 0.0003
2025-09-29 01:22:05,838 [INFO] Época 12/30, Batch 1900/3348, Loss: 0.0003
2025-09-29 01:22:06,084 [INFO] Época 12/30, Batch 1950/3348, Loss: 0.0002
2025-09-29 01:22:06,345 [INFO] Época 12/30, Batch 2000/3348, Loss: 0.0002
2025-09-29 01:22:06,591 [INFO] Época 12/30, Batch 2050/3348, Loss: 0.0002
2025-09-29 01:22:06,840 [INFO] Época 12/30, Batch 2100/3348, Loss: 0.0002
2025-09-29 01:22:07,088 [INFO] Época 12/30, Batch 2150/3348, Loss: 0.0003
2025-09-29 01:22:07,335 [INFO] Época 12/30, Batch 2200/3348, Loss: 0.0004
2025-09-29 01:22:07,581 [INFO] Época 12/30, Batch 2250/3348, Loss: 0.0004
2025-09-29 01:22:07,827 [INFO] Época 12/30, Batch 2300/3348, Loss: 0.0003
2025-09-29 01:22:08,074 [INFO] Época 12/30, Batch 2350/3348, Loss: 0.0003
2025-09-29 01:22:08,321 [INFO] Época 12/30, Batch 2400/3348, Loss: 0.0002
2025-09-29 01:22:08,566 [INFO] Época 12/30, Batch 2450/3348, Loss: 0.0003
2025-09-29 01:22:08,814 [INFO] Época 12/30, Batch 2500/3348, Loss: 0.0003
2025-09-29 01:22:09,061 [INFO] Época 12/30, Batch 2550/3348, Loss: 0.0002
2025-09-29 01:22:09,306 [INFO] Época 12/30, Batch 2600/3348, Loss: 0.0002
2025-09-29 01:22:09,561 [INFO] Época 12/30, Batch 2650/3348, Loss: 0.0002
2025-09-29 01:22:09,816 [INFO] Época 12/30, Batch 2700/3348, Loss: 0.0002
2025-09-29 01:22:10,073 [INFO] Época 12/30, Batch 2750/3348, Loss: 0.0002
2025-09-29 01:22:10,327 [INFO] Época 12/30, Batch 2800/3348, Loss: 0.0002
2025-09-29 01:22:10,582 [INFO] Época 12/30, Batch 2850/3348, Loss: 0.0002
2025-09-29 01:22:10,838 [INFO] Época 12/30, Batch 2900/3348, Loss: 0.0004
2025-09-29 01:22:11,093 [INFO] Época 12/30, Batch 2950/3348, Loss: 0.0002
2025-09-29 01:22:11,359 [INFO] Época 12/30, Batch 3000/3348, Loss: 0.0005
2025-09-29 01:22:11,616 [INFO] Época 12/30, Batch 3050/3348, Loss: 0.0002
2025-09-29 01:22:11,870 [INFO] Época 12/30, Batch 3100/3348, Loss: 0.0002
2025-09-29 01:22:12,122 [INFO] Época 12/30, Batch 3150/3348, Loss: 0.0002
2025-09-29 01:22:12,377 [INFO] Época 12/30, Batch 3200/3348, Loss: 0.0004
2025-09-29 01:22:12,631 [INFO] Época 12/30, Batch 3250/3348, Loss: 0.0003
2025-09-29 01:22:12,887 [INFO] Época 12/30, Batch 3300/3348, Loss: 0.0003
2025-09-29 01:22:14,775 [INFO] [12/30] Train Loss: 0.0047 | Val Loss: 0.0003 | Tempo: 18.86s
2025-09-29 01:22:15,350 [INFO] Época 13/30, Batch 50/3348, Loss: 0.0002
2025-09-29 01:22:15,600 [INFO] Época 13/30, Batch 100/3348, Loss: 0.0002
2025-09-29 01:22:15,847 [INFO] Época 13/30, Batch 150/3348, Loss: 0.0003
2025-09-29 01:22:16,095 [INFO] Época 13/30, Batch 200/3348, Loss: 0.0002
2025-09-29 01:22:16,354 [INFO] Época 13/30, Batch 250/3348, Loss: 0.0003
2025-09-29 01:22:16,602 [INFO] Época 13/30, Batch 300/3348, Loss: 0.0003
2025-09-29 01:22:16,850 [INFO] Época 13/30, Batch 350/3348, Loss: 0.0003
2025-09-29 01:22:17,098 [INFO] Época 13/30, Batch 400/3348, Loss: 0.0002
2025-09-29 01:22:17,346 [INFO] Época 13/30, Batch 450/3348, Loss: 0.0002
2025-09-29 01:22:17,595 [INFO] Época 13/30, Batch 500/3348, Loss: 0.0004
2025-09-29 01:22:17,843 [INFO] Época 13/30, Batch 550/3348, Loss: 0.0002
2025-09-29 01:22:18,091 [INFO] Época 13/30, Batch 600/3348, Loss: 0.0004
2025-09-29 01:22:18,339 [INFO] Época 13/30, Batch 650/3348, Loss: 0.0002
2025-09-29 01:22:18,586 [INFO] Época 13/30, Batch 700/3348, Loss: 0.0003
2025-09-29 01:22:18,835 [INFO] Época 13/30, Batch 750/3348, Loss: 0.0003
2025-09-29 01:22:19,083 [INFO] Época 13/30, Batch 800/3348, Loss: 0.0003
2025-09-29 01:22:19,329 [INFO] Época 13/30, Batch 850/3348, Loss: 0.0002
2025-09-29 01:22:19,568 [INFO] Época 13/30, Batch 900/3348, Loss: 0.0002
2025-09-29 01:22:19,809 [INFO] Época 13/30, Batch 950/3348, Loss: 0.0002
2025-09-29 01:22:20,044 [INFO] Época 13/30, Batch 1000/3348, Loss: 0.0003
2025-09-29 01:22:20,283 [INFO] Época 13/30, Batch 1050/3348, Loss: 0.0003
2025-09-29 01:22:20,520 [INFO] Época 13/30, Batch 1100/3348, Loss: 0.0002
2025-09-29 01:22:20,763 [INFO] Época 13/30, Batch 1150/3348, Loss: 0.0004
2025-09-29 01:22:21,002 [INFO] Época 13/30, Batch 1200/3348, Loss: 0.0003
2025-09-29 01:22:21,238 [INFO] Época 13/30, Batch 1250/3348, Loss: 0.0002
2025-09-29 01:22:21,484 [INFO] Época 13/30, Batch 1300/3348, Loss: 0.0002
2025-09-29 01:22:21,731 [INFO] Época 13/30, Batch 1350/3348, Loss: 0.0002
2025-09-29 01:22:21,979 [INFO] Época 13/30, Batch 1400/3348, Loss: 0.0004
2025-09-29 01:22:22,226 [INFO] Época 13/30, Batch 1450/3348, Loss: 0.0002
2025-09-29 01:22:22,473 [INFO] Época 13/30, Batch 1500/3348, Loss: 0.0003
2025-09-29 01:22:22,720 [INFO] Época 13/30, Batch 1550/3348, Loss: 0.0002
2025-09-29 01:22:22,968 [INFO] Época 13/30, Batch 1600/3348, Loss: 0.0003
2025-09-29 01:22:23,215 [INFO] Época 13/30, Batch 1650/3348, Loss: 0.0003
2025-09-29 01:22:23,462 [INFO] Época 13/30, Batch 1700/3348, Loss: 0.0003
2025-09-29 01:22:23,707 [INFO] Época 13/30, Batch 1750/3348, Loss: 0.0002
2025-09-29 01:22:23,953 [INFO] Época 13/30, Batch 1800/3348, Loss: 0.0003
2025-09-29 01:22:24,201 [INFO] Época 13/30, Batch 1850/3348, Loss: 0.0003
2025-09-29 01:22:24,450 [INFO] Época 13/30, Batch 1900/3348, Loss: 0.0003
2025-09-29 01:22:24,698 [INFO] Época 13/30, Batch 1950/3348, Loss: 0.0003
2025-09-29 01:22:24,945 [INFO] Época 13/30, Batch 2000/3348, Loss: 0.0003
2025-09-29 01:22:25,193 [INFO] Época 13/30, Batch 2050/3348, Loss: 0.0004
2025-09-29 01:22:25,440 [INFO] Época 13/30, Batch 2100/3348, Loss: 0.0003
2025-09-29 01:22:25,686 [INFO] Época 13/30, Batch 2150/3348, Loss: 0.0002
2025-09-29 01:22:25,933 [INFO] Época 13/30, Batch 2200/3348, Loss: 0.0003
2025-09-29 01:22:26,180 [INFO] Época 13/30, Batch 2250/3348, Loss: 0.0002
2025-09-29 01:22:26,429 [INFO] Época 13/30, Batch 2300/3348, Loss: 0.0003
2025-09-29 01:22:26,678 [INFO] Época 13/30, Batch 2350/3348, Loss: 0.0004
2025-09-29 01:22:26,926 [INFO] Época 13/30, Batch 2400/3348, Loss: 0.0003
2025-09-29 01:22:27,176 [INFO] Época 13/30, Batch 2450/3348, Loss: 0.0003
2025-09-29 01:22:27,425 [INFO] Época 13/30, Batch 2500/3348, Loss: 0.0003
2025-09-29 01:22:27,672 [INFO] Época 13/30, Batch 2550/3348, Loss: 0.0002
2025-09-29 01:22:27,919 [INFO] Época 13/30, Batch 2600/3348, Loss: 0.0004
2025-09-29 01:22:28,167 [INFO] Época 13/30, Batch 2650/3348, Loss: 0.0004
2025-09-29 01:22:28,413 [INFO] Época 13/30, Batch 2700/3348, Loss: 0.0003
2025-09-29 01:22:28,663 [INFO] Época 13/30, Batch 2750/3348, Loss: 0.0002
2025-09-29 01:22:28,912 [INFO] Época 13/30, Batch 2800/3348, Loss: 0.0002
2025-09-29 01:22:29,164 [INFO] Época 13/30, Batch 2850/3348, Loss: 0.0007
2025-09-29 01:22:29,412 [INFO] Época 13/30, Batch 2900/3348, Loss: 0.0003
2025-09-29 01:22:29,658 [INFO] Época 13/30, Batch 2950/3348, Loss: 0.0002
2025-09-29 01:22:29,908 [INFO] Época 13/30, Batch 3000/3348, Loss: 0.0002
2025-09-29 01:22:30,157 [INFO] Época 13/30, Batch 3050/3348, Loss: 0.0002
2025-09-29 01:22:30,406 [INFO] Época 13/30, Batch 3100/3348, Loss: 0.0002
2025-09-29 01:22:30,653 [INFO] Época 13/30, Batch 3150/3348, Loss: 0.0002
2025-09-29 01:22:30,902 [INFO] Época 13/30, Batch 3200/3348, Loss: 0.0003
2025-09-29 01:22:31,151 [INFO] Época 13/30, Batch 3250/3348, Loss: 0.0002
2025-09-29 01:22:31,398 [INFO] Época 13/30, Batch 3300/3348, Loss: 0.0002
2025-09-29 01:22:33,262 [INFO] [13/30] Train Loss: 0.0047 | Val Loss: 0.0004 | Tempo: 18.49s
2025-09-29 01:22:33,829 [INFO] Época 14/30, Batch 50/3348, Loss: 0.0003
2025-09-29 01:22:34,077 [INFO] Época 14/30, Batch 100/3348, Loss: 0.0003
2025-09-29 01:22:34,321 [INFO] Época 14/30, Batch 150/3348, Loss: 0.0005
2025-09-29 01:22:34,568 [INFO] Época 14/30, Batch 200/3348, Loss: 0.0004
2025-09-29 01:22:34,811 [INFO] Época 14/30, Batch 250/3348, Loss: 0.0002
2025-09-29 01:22:35,057 [INFO] Época 14/30, Batch 300/3348, Loss: 0.0003
2025-09-29 01:22:35,299 [INFO] Época 14/30, Batch 350/3348, Loss: 0.0002
2025-09-29 01:22:35,544 [INFO] Época 14/30, Batch 400/3348, Loss: 0.0002
2025-09-29 01:22:35,789 [INFO] Época 14/30, Batch 450/3348, Loss: 0.0002
2025-09-29 01:22:36,034 [INFO] Época 14/30, Batch 500/3348, Loss: 0.0002
2025-09-29 01:22:36,281 [INFO] Época 14/30, Batch 550/3348, Loss: 0.0003
2025-09-29 01:22:36,527 [INFO] Época 14/30, Batch 600/3348, Loss: 0.0003
2025-09-29 01:22:36,772 [INFO] Época 14/30, Batch 650/3348, Loss: 0.0002
2025-09-29 01:22:37,015 [INFO] Época 14/30, Batch 700/3348, Loss: 0.0003
2025-09-29 01:22:37,262 [INFO] Época 14/30, Batch 750/3348, Loss: 0.0003
2025-09-29 01:22:37,503 [INFO] Época 14/30, Batch 800/3348, Loss: 0.0004
2025-09-29 01:22:37,740 [INFO] Época 14/30, Batch 850/3348, Loss: 0.0002
2025-09-29 01:22:37,976 [INFO] Época 14/30, Batch 900/3348, Loss: 0.0002
2025-09-29 01:22:38,211 [INFO] Época 14/30, Batch 950/3348, Loss: 0.0002
2025-09-29 01:22:38,447 [INFO] Época 14/30, Batch 1000/3348, Loss: 0.0002
2025-09-29 01:22:38,683 [INFO] Época 14/30, Batch 1050/3348, Loss: 0.0002
2025-09-29 01:22:38,918 [INFO] Época 14/30, Batch 1100/3348, Loss: 0.0002
2025-09-29 01:22:39,154 [INFO] Época 14/30, Batch 1150/3348, Loss: 0.0002
2025-09-29 01:22:39,389 [INFO] Época 14/30, Batch 1200/3348, Loss: 0.0003
2025-09-29 01:22:39,627 [INFO] Época 14/30, Batch 1250/3348, Loss: 0.0002
2025-09-29 01:22:39,867 [INFO] Época 14/30, Batch 1300/3348, Loss: 0.0002
2025-09-29 01:22:40,113 [INFO] Época 14/30, Batch 1350/3348, Loss: 0.0002
2025-09-29 01:22:40,357 [INFO] Época 14/30, Batch 1400/3348, Loss: 0.0003
2025-09-29 01:22:40,606 [INFO] Época 14/30, Batch 1450/3348, Loss: 0.0002
2025-09-29 01:22:40,853 [INFO] Época 14/30, Batch 1500/3348, Loss: 0.0002
2025-09-29 01:22:41,096 [INFO] Época 14/30, Batch 1550/3348, Loss: 0.0002
2025-09-29 01:22:41,342 [INFO] Época 14/30, Batch 1600/3348, Loss: 0.0002
2025-09-29 01:22:41,587 [INFO] Época 14/30, Batch 1650/3348, Loss: 0.0002
2025-09-29 01:22:41,830 [INFO] Época 14/30, Batch 1700/3348, Loss: 0.0002
2025-09-29 01:22:42,077 [INFO] Época 14/30, Batch 1750/3348, Loss: 0.0002
2025-09-29 01:22:42,326 [INFO] Época 14/30, Batch 1800/3348, Loss: 0.0002
2025-09-29 01:22:42,575 [INFO] Época 14/30, Batch 1850/3348, Loss: 0.0002
2025-09-29 01:22:42,821 [INFO] Época 14/30, Batch 1900/3348, Loss: 0.0004
2025-09-29 01:22:43,067 [INFO] Época 14/30, Batch 1950/3348, Loss: 0.0002
2025-09-29 01:22:43,311 [INFO] Época 14/30, Batch 2000/3348, Loss: 0.0002
2025-09-29 01:22:43,558 [INFO] Época 14/30, Batch 2050/3348, Loss: 0.0002
2025-09-29 01:22:43,814 [INFO] Época 14/30, Batch 2100/3348, Loss: 0.0003
2025-09-29 01:22:44,062 [INFO] Época 14/30, Batch 2150/3348, Loss: 0.0002
2025-09-29 01:22:44,307 [INFO] Época 14/30, Batch 2200/3348, Loss: 0.0004
2025-09-29 01:22:44,554 [INFO] Época 14/30, Batch 2250/3348, Loss: 0.0003
2025-09-29 01:22:44,801 [INFO] Época 14/30, Batch 2300/3348, Loss: 0.0004
2025-09-29 01:22:45,048 [INFO] Época 14/30, Batch 2350/3348, Loss: 0.0002
2025-09-29 01:22:45,293 [INFO] Época 14/30, Batch 2400/3348, Loss: 0.0003
2025-09-29 01:22:45,540 [INFO] Época 14/30, Batch 2450/3348, Loss: 0.0002
2025-09-29 01:22:45,786 [INFO] Época 14/30, Batch 2500/3348, Loss: 0.0003
2025-09-29 01:22:46,031 [INFO] Época 14/30, Batch 2550/3348, Loss: 0.0003
2025-09-29 01:22:46,277 [INFO] Época 14/30, Batch 2600/3348, Loss: 0.0002
2025-09-29 01:22:46,523 [INFO] Época 14/30, Batch 2650/3348, Loss: 0.0002
2025-09-29 01:22:46,771 [INFO] Época 14/30, Batch 2700/3348, Loss: 0.0002
2025-09-29 01:22:47,018 [INFO] Época 14/30, Batch 2750/3348, Loss: 0.0002
2025-09-29 01:22:47,262 [INFO] Época 14/30, Batch 2800/3348, Loss: 0.0002
2025-09-29 01:22:47,509 [INFO] Época 14/30, Batch 2850/3348, Loss: 0.0003
2025-09-29 01:22:47,753 [INFO] Época 14/30, Batch 2900/3348, Loss: 0.0002
2025-09-29 01:22:47,997 [INFO] Época 14/30, Batch 2950/3348, Loss: 0.0002
2025-09-29 01:22:48,242 [INFO] Época 14/30, Batch 3000/3348, Loss: 0.0002
2025-09-29 01:22:48,488 [INFO] Época 14/30, Batch 3050/3348, Loss: 0.0003
2025-09-29 01:22:48,732 [INFO] Época 14/30, Batch 3100/3348, Loss: 0.0004
2025-09-29 01:22:48,975 [INFO] Época 14/30, Batch 3150/3348, Loss: 0.0003
2025-09-29 01:22:49,219 [INFO] Época 14/30, Batch 3200/3348, Loss: 0.0002
2025-09-29 01:22:49,464 [INFO] Época 14/30, Batch 3250/3348, Loss: 0.0002
2025-09-29 01:22:49,710 [INFO] Época 14/30, Batch 3300/3348, Loss: 0.0003
2025-09-29 01:22:51,501 [INFO] [14/30] Train Loss: 0.0047 | Val Loss: 0.0003 | Tempo: 18.24s
2025-09-29 01:22:51,505 [INFO] Melhor modelo salvo em: /mnt/hdd/home/jdurao/ToolBox-ChemXAI/models/mlp_qm9_MorganCount_att0.pth
2025-09-29 01:22:52,068 [INFO] Época 15/30, Batch 50/3348, Loss: 0.0002
2025-09-29 01:22:52,316 [INFO] Época 15/30, Batch 100/3348, Loss: 0.0002
2025-09-29 01:22:52,564 [INFO] Época 15/30, Batch 150/3348, Loss: 0.0002
2025-09-29 01:22:52,810 [INFO] Época 15/30, Batch 200/3348, Loss: 0.0002
2025-09-29 01:22:53,058 [INFO] Época 15/30, Batch 250/3348, Loss: 0.0002
2025-09-29 01:22:53,305 [INFO] Época 15/30, Batch 300/3348, Loss: 0.0002
2025-09-29 01:22:53,552 [INFO] Época 15/30, Batch 350/3348, Loss: 0.0003
2025-09-29 01:22:53,800 [INFO] Época 15/30, Batch 400/3348, Loss: 0.0002
2025-09-29 01:22:54,062 [INFO] Época 15/30, Batch 450/3348, Loss: 0.0003
2025-09-29 01:22:54,310 [INFO] Época 15/30, Batch 500/3348, Loss: 0.0002
2025-09-29 01:22:54,557 [INFO] Época 15/30, Batch 550/3348, Loss: 0.0002
2025-09-29 01:22:54,803 [INFO] Época 15/30, Batch 600/3348, Loss: 0.0003
2025-09-29 01:22:55,049 [INFO] Época 15/30, Batch 650/3348, Loss: 0.0003
2025-09-29 01:22:55,294 [INFO] Época 15/30, Batch 700/3348, Loss: 0.0002
2025-09-29 01:22:55,541 [INFO] Época 15/30, Batch 750/3348, Loss: 0.0003
2025-09-29 01:22:55,787 [INFO] Época 15/30, Batch 800/3348, Loss: 0.0003
2025-09-29 01:22:56,032 [INFO] Época 15/30, Batch 850/3348, Loss: 0.0003
2025-09-29 01:22:56,279 [INFO] Época 15/30, Batch 900/3348, Loss: 0.0003
2025-09-29 01:22:56,526 [INFO] Época 15/30, Batch 950/3348, Loss: 0.0003
2025-09-29 01:22:56,772 [INFO] Época 15/30, Batch 1000/3348, Loss: 0.0002
2025-09-29 01:22:57,018 [INFO] Época 15/30, Batch 1050/3348, Loss: 0.0006
2025-09-29 01:22:57,265 [INFO] Época 15/30, Batch 1100/3348, Loss: 0.0003
2025-09-29 01:22:57,512 [INFO] Época 15/30, Batch 1150/3348, Loss: 0.0002
2025-09-29 01:22:57,758 [INFO] Época 15/30, Batch 1200/3348, Loss: 0.0002
2025-09-29 01:22:58,002 [INFO] Época 15/30, Batch 1250/3348, Loss: 0.0003
2025-09-29 01:22:58,247 [INFO] Época 15/30, Batch 1300/3348, Loss: 0.0002
2025-09-29 01:22:58,492 [INFO] Época 15/30, Batch 1350/3348, Loss: 0.0003
2025-09-29 01:22:58,734 [INFO] Época 15/30, Batch 1400/3348, Loss: 0.0005
2025-09-29 01:22:58,977 [INFO] Época 15/30, Batch 1450/3348, Loss: 0.0003
2025-09-29 01:22:59,229 [INFO] Época 15/30, Batch 1500/3348, Loss: 0.0002
2025-09-29 01:22:59,472 [INFO] Época 15/30, Batch 1550/3348, Loss: 0.0004
2025-09-29 01:22:59,717 [INFO] Época 15/30, Batch 1600/3348, Loss: 0.0002
2025-09-29 01:22:59,963 [INFO] Época 15/30, Batch 1650/3348, Loss: 0.0004
2025-09-29 01:23:00,208 [INFO] Época 15/30, Batch 1700/3348, Loss: 0.0003
2025-09-29 01:23:00,452 [INFO] Época 15/30, Batch 1750/3348, Loss: 0.0003
2025-09-29 01:23:00,697 [INFO] Época 15/30, Batch 1800/3348, Loss: 0.0004
2025-09-29 01:23:00,942 [INFO] Época 15/30, Batch 1850/3348, Loss: 0.0002
2025-09-29 01:23:01,186 [INFO] Época 15/30, Batch 1900/3348, Loss: 0.0002
2025-09-29 01:23:01,428 [INFO] Época 15/30, Batch 1950/3348, Loss: 0.0002
2025-09-29 01:23:01,674 [INFO] Época 15/30, Batch 2000/3348, Loss: 0.0002
2025-09-29 01:23:01,919 [INFO] Época 15/30, Batch 2050/3348, Loss: 0.0003
2025-09-29 01:23:02,164 [INFO] Época 15/30, Batch 2100/3348, Loss: 0.0003
2025-09-29 01:23:02,411 [INFO] Época 15/30, Batch 2150/3348, Loss: 0.0002
2025-09-29 01:23:02,658 [INFO] Época 15/30, Batch 2200/3348, Loss: 0.0002
2025-09-29 01:23:02,905 [INFO] Época 15/30, Batch 2250/3348, Loss: 0.0002
2025-09-29 01:23:03,150 [INFO] Época 15/30, Batch 2300/3348, Loss: 0.0003
2025-09-29 01:23:03,396 [INFO] Época 15/30, Batch 2350/3348, Loss: 0.0003
2025-09-29 01:23:03,643 [INFO] Época 15/30, Batch 2400/3348, Loss: 0.0003
2025-09-29 01:23:03,889 [INFO] Época 15/30, Batch 2450/3348, Loss: 0.0002
2025-09-29 01:23:04,136 [INFO] Época 15/30, Batch 2500/3348, Loss: 0.0003
2025-09-29 01:23:04,384 [INFO] Época 15/30, Batch 2550/3348, Loss: 0.0004
2025-09-29 01:23:04,629 [INFO] Época 15/30, Batch 2600/3348, Loss: 0.0002
2025-09-29 01:23:04,875 [INFO] Época 15/30, Batch 2650/3348, Loss: 0.0002
2025-09-29 01:23:05,123 [INFO] Época 15/30, Batch 2700/3348, Loss: 0.0002
2025-09-29 01:23:05,369 [INFO] Época 15/30, Batch 2750/3348, Loss: 0.0002
2025-09-29 01:23:05,614 [INFO] Época 15/30, Batch 2800/3348, Loss: 0.0002
2025-09-29 01:23:05,859 [INFO] Época 15/30, Batch 2850/3348, Loss: 0.0002
2025-09-29 01:23:06,102 [INFO] Época 15/30, Batch 2900/3348, Loss: 0.0002
2025-09-29 01:23:06,350 [INFO] Época 15/30, Batch 2950/3348, Loss: 0.0002
2025-09-29 01:23:06,595 [INFO] Época 15/30, Batch 3000/3348, Loss: 0.0002
2025-09-29 01:23:06,841 [INFO] Época 15/30, Batch 3050/3348, Loss: 0.0007
2025-09-29 01:23:07,085 [INFO] Época 15/30, Batch 3100/3348, Loss: 0.0004
2025-09-29 01:23:07,330 [INFO] Época 15/30, Batch 3150/3348, Loss: 0.0003
2025-09-29 01:23:07,573 [INFO] Época 15/30, Batch 3200/3348, Loss: 0.0002
2025-09-29 01:23:07,818 [INFO] Época 15/30, Batch 3250/3348, Loss: 0.0003
2025-09-29 01:23:08,060 [INFO] Época 15/30, Batch 3300/3348, Loss: 0.0002
2025-09-29 01:23:09,940 [INFO] [15/30] Train Loss: 0.0047 | Val Loss: 0.0003 | Tempo: 18.44s
2025-09-29 01:23:09,944 [INFO] Melhor modelo salvo em: /mnt/hdd/home/jdurao/ToolBox-ChemXAI/models/mlp_qm9_MorganCount_att0.pth
2025-09-29 01:23:10,524 [INFO] Época 16/30, Batch 50/3348, Loss: 0.0002
2025-09-29 01:23:10,781 [INFO] Época 16/30, Batch 100/3348, Loss: 0.0003
2025-09-29 01:23:11,050 [INFO] Época 16/30, Batch 150/3348, Loss: 0.0002
2025-09-29 01:23:11,315 [INFO] Época 16/30, Batch 200/3348, Loss: 0.0003
2025-09-29 01:23:11,582 [INFO] Época 16/30, Batch 250/3348, Loss: 0.0004
2025-09-29 01:23:11,829 [INFO] Época 16/30, Batch 300/3348, Loss: 0.0003
2025-09-29 01:23:12,077 [INFO] Época 16/30, Batch 350/3348, Loss: 0.0002
2025-09-29 01:23:12,326 [INFO] Época 16/30, Batch 400/3348, Loss: 0.0003
2025-09-29 01:23:12,576 [INFO] Época 16/30, Batch 450/3348, Loss: 0.0003
2025-09-29 01:23:12,826 [INFO] Época 16/30, Batch 500/3348, Loss: 0.0004
2025-09-29 01:23:13,083 [INFO] Época 16/30, Batch 550/3348, Loss: 0.0002
2025-09-29 01:23:13,330 [INFO] Época 16/30, Batch 600/3348, Loss: 0.0003
2025-09-29 01:23:13,574 [INFO] Época 16/30, Batch 650/3348, Loss: 0.0003
2025-09-29 01:23:13,810 [INFO] Época 16/30, Batch 700/3348, Loss: 0.0002
2025-09-29 01:23:14,047 [INFO] Época 16/30, Batch 750/3348, Loss: 0.0002
2025-09-29 01:23:14,283 [INFO] Época 16/30, Batch 800/3348, Loss: 0.0004
2025-09-29 01:23:14,522 [INFO] Época 16/30, Batch 850/3348, Loss: 0.0002
2025-09-29 01:23:14,760 [INFO] Época 16/30, Batch 900/3348, Loss: 0.0004
2025-09-29 01:23:15,001 [INFO] Época 16/30, Batch 950/3348, Loss: 0.0002
2025-09-29 01:23:15,252 [INFO] Época 16/30, Batch 1000/3348, Loss: 0.0002
2025-09-29 01:23:15,491 [INFO] Época 16/30, Batch 1050/3348, Loss: 0.0003
2025-09-29 01:23:15,734 [INFO] Época 16/30, Batch 1100/3348, Loss: 0.0002
2025-09-29 01:23:15,977 [INFO] Época 16/30, Batch 1150/3348, Loss: 0.0002
2025-09-29 01:23:16,218 [INFO] Época 16/30, Batch 1200/3348, Loss: 0.0003
2025-09-29 01:23:16,462 [INFO] Época 16/30, Batch 1250/3348, Loss: 0.0002
2025-09-29 01:23:16,714 [INFO] Época 16/30, Batch 1300/3348, Loss: 0.0002
2025-09-29 01:23:16,980 [INFO] Época 16/30, Batch 1350/3348, Loss: 0.0010
2025-09-29 01:23:17,247 [INFO] Época 16/30, Batch 1400/3348, Loss: 0.0002
2025-09-29 01:23:17,513 [INFO] Época 16/30, Batch 1450/3348, Loss: 0.0004
2025-09-29 01:23:17,770 [INFO] Época 16/30, Batch 1500/3348, Loss: 0.0003
2025-09-29 01:23:18,020 [INFO] Época 16/30, Batch 1550/3348, Loss: 0.0003
2025-09-29 01:23:18,268 [INFO] Época 16/30, Batch 1600/3348, Loss: 0.0002
2025-09-29 01:23:18,518 [INFO] Época 16/30, Batch 1650/3348, Loss: 0.0003
2025-09-29 01:23:18,769 [INFO] Época 16/30, Batch 1700/3348, Loss: 0.0003
2025-09-29 01:23:19,021 [INFO] Época 16/30, Batch 1750/3348, Loss: 0.0003
2025-09-29 01:23:19,280 [INFO] Época 16/30, Batch 1800/3348, Loss: 0.0002
2025-09-29 01:23:19,544 [INFO] Época 16/30, Batch 1850/3348, Loss: 0.0003
2025-09-29 01:23:19,799 [INFO] Época 16/30, Batch 1900/3348, Loss: 0.0002
2025-09-29 01:23:20,045 [INFO] Época 16/30, Batch 1950/3348, Loss: 0.0003
2025-09-29 01:23:20,298 [INFO] Época 16/30, Batch 2000/3348, Loss: 0.0002
2025-09-29 01:23:20,547 [INFO] Época 16/30, Batch 2050/3348, Loss: 0.0003
2025-09-29 01:23:20,797 [INFO] Época 16/30, Batch 2100/3348, Loss: 0.0003
2025-09-29 01:23:21,041 [INFO] Época 16/30, Batch 2150/3348, Loss: 0.0003
2025-09-29 01:23:21,288 [INFO] Época 16/30, Batch 2200/3348, Loss: 0.0003
2025-09-29 01:23:21,534 [INFO] Época 16/30, Batch 2250/3348, Loss: 0.0003
2025-09-29 01:23:21,780 [INFO] Época 16/30, Batch 2300/3348, Loss: 0.0003
2025-09-29 01:23:22,026 [INFO] Época 16/30, Batch 2350/3348, Loss: 0.0002
2025-09-29 01:23:22,273 [INFO] Época 16/30, Batch 2400/3348, Loss: 0.0002
2025-09-29 01:23:22,518 [INFO] Época 16/30, Batch 2450/3348, Loss: 0.0002
2025-09-29 01:23:22,763 [INFO] Época 16/30, Batch 2500/3348, Loss: 0.0003
2025-09-29 01:23:23,010 [INFO] Época 16/30, Batch 2550/3348, Loss: 0.0002
2025-09-29 01:23:23,256 [INFO] Época 16/30, Batch 2600/3348, Loss: 0.0002
2025-09-29 01:23:23,501 [INFO] Época 16/30, Batch 2650/3348, Loss: 0.0003
2025-09-29 01:23:23,751 [INFO] Época 16/30, Batch 2700/3348, Loss: 0.0003
2025-09-29 01:23:24,001 [INFO] Época 16/30, Batch 2750/3348, Loss: 0.0003
2025-09-29 01:23:24,250 [INFO] Época 16/30, Batch 2800/3348, Loss: 0.0003
2025-09-29 01:23:24,502 [INFO] Época 16/30, Batch 2850/3348, Loss: 0.0003
2025-09-29 01:23:24,759 [INFO] Época 16/30, Batch 2900/3348, Loss: 0.0005
2025-09-29 01:23:25,006 [INFO] Época 16/30, Batch 2950/3348, Loss: 0.0002
2025-09-29 01:23:25,250 [INFO] Época 16/30, Batch 3000/3348, Loss: 0.0002
2025-09-29 01:23:25,497 [INFO] Época 16/30, Batch 3050/3348, Loss: 0.0002
2025-09-29 01:23:25,743 [INFO] Época 16/30, Batch 3100/3348, Loss: 0.0003
2025-09-29 01:23:25,992 [INFO] Época 16/30, Batch 3150/3348, Loss: 0.0002
2025-09-29 01:23:26,239 [INFO] Época 16/30, Batch 3200/3348, Loss: 0.0003
2025-09-29 01:23:26,490 [INFO] Época 16/30, Batch 3250/3348, Loss: 0.0005
2025-09-29 01:23:26,738 [INFO] Época 16/30, Batch 3300/3348, Loss: 0.0002
2025-09-29 01:23:28,620 [INFO] [16/30] Train Loss: 0.0047 | Val Loss: 0.0003 | Tempo: 18.68s
2025-09-29 01:23:29,201 [INFO] Época 17/30, Batch 50/3348, Loss: 0.0002
2025-09-29 01:23:29,453 [INFO] Época 17/30, Batch 100/3348, Loss: 0.0004
2025-09-29 01:23:29,702 [INFO] Época 17/30, Batch 150/3348, Loss: 0.0003
2025-09-29 01:23:29,950 [INFO] Época 17/30, Batch 200/3348, Loss: 0.0003
2025-09-29 01:23:30,201 [INFO] Época 17/30, Batch 250/3348, Loss: 0.0002
2025-09-29 01:23:30,451 [INFO] Época 17/30, Batch 300/3348, Loss: 0.0003
2025-09-29 01:23:30,709 [INFO] Época 17/30, Batch 350/3348, Loss: 0.0002
2025-09-29 01:23:30,956 [INFO] Época 17/30, Batch 400/3348, Loss: 0.0002
2025-09-29 01:23:31,202 [INFO] Época 17/30, Batch 450/3348, Loss: 0.0002
2025-09-29 01:23:31,450 [INFO] Época 17/30, Batch 500/3348, Loss: 0.0003
2025-09-29 01:23:31,702 [INFO] Época 17/30, Batch 550/3348, Loss: 0.0003
2025-09-29 01:23:31,952 [INFO] Época 17/30, Batch 600/3348, Loss: 0.0002
2025-09-29 01:23:32,203 [INFO] Época 17/30, Batch 650/3348, Loss: 0.0003
2025-09-29 01:23:32,450 [INFO] Época 17/30, Batch 700/3348, Loss: 0.0002
2025-09-29 01:23:32,697 [INFO] Época 17/30, Batch 750/3348, Loss: 0.0003
2025-09-29 01:23:32,943 [INFO] Época 17/30, Batch 800/3348, Loss: 0.0002
2025-09-29 01:23:33,193 [INFO] Época 17/30, Batch 850/3348, Loss: 0.0004
2025-09-29 01:23:33,442 [INFO] Época 17/30, Batch 900/3348, Loss: 0.0003
2025-09-29 01:23:33,689 [INFO] Época 17/30, Batch 950/3348, Loss: 0.0003
2025-09-29 01:23:33,938 [INFO] Época 17/30, Batch 1000/3348, Loss: 0.0002
2025-09-29 01:23:34,185 [INFO] Época 17/30, Batch 1050/3348, Loss: 0.0002
2025-09-29 01:23:34,432 [INFO] Época 17/30, Batch 1100/3348, Loss: 0.0002
2025-09-29 01:23:34,681 [INFO] Época 17/30, Batch 1150/3348, Loss: 0.0002
2025-09-29 01:23:34,928 [INFO] Época 17/30, Batch 1200/3348, Loss: 0.0005
2025-09-29 01:23:35,176 [INFO] Época 17/30, Batch 1250/3348, Loss: 0.0003
2025-09-29 01:23:35,425 [INFO] Época 17/30, Batch 1300/3348, Loss: 0.0002
2025-09-29 01:23:35,672 [INFO] Época 17/30, Batch 1350/3348, Loss: 0.0003
2025-09-29 01:23:35,933 [INFO] Época 17/30, Batch 1400/3348, Loss: 0.0002
2025-09-29 01:23:36,181 [INFO] Época 17/30, Batch 1450/3348, Loss: 0.0002
2025-09-29 01:23:36,430 [INFO] Época 17/30, Batch 1500/3348, Loss: 0.0003
2025-09-29 01:23:36,685 [INFO] Época 17/30, Batch 1550/3348, Loss: 0.0002
2025-09-29 01:23:36,945 [INFO] Época 17/30, Batch 1600/3348, Loss: 0.0003
2025-09-29 01:23:37,203 [INFO] Época 17/30, Batch 1650/3348, Loss: 0.0003
2025-09-29 01:23:37,468 [INFO] Época 17/30, Batch 1700/3348, Loss: 0.0003
2025-09-29 01:23:37,728 [INFO] Época 17/30, Batch 1750/3348, Loss: 0.0003
2025-09-29 01:23:37,985 [INFO] Época 17/30, Batch 1800/3348, Loss: 0.0002
2025-09-29 01:23:38,244 [INFO] Época 17/30, Batch 1850/3348, Loss: 0.0005
2025-09-29 01:23:38,503 [INFO] Época 17/30, Batch 1900/3348, Loss: 0.0002
2025-09-29 01:23:38,761 [INFO] Época 17/30, Batch 1950/3348, Loss: 0.0003
2025-09-29 01:23:39,021 [INFO] Época 17/30, Batch 2000/3348, Loss: 0.0002
2025-09-29 01:23:39,273 [INFO] Época 17/30, Batch 2050/3348, Loss: 0.0003
2025-09-29 01:23:39,528 [INFO] Época 17/30, Batch 2100/3348, Loss: 0.0012
2025-09-29 01:23:39,782 [INFO] Época 17/30, Batch 2150/3348, Loss: 0.0002
2025-09-29 01:23:40,040 [INFO] Época 17/30, Batch 2200/3348, Loss: 0.0004
2025-09-29 01:23:40,299 [INFO] Época 17/30, Batch 2250/3348, Loss: 0.0002
2025-09-29 01:23:40,559 [INFO] Época 17/30, Batch 2300/3348, Loss: 0.0003
2025-09-29 01:23:40,808 [INFO] Época 17/30, Batch 2350/3348, Loss: 0.0002
2025-09-29 01:23:41,056 [INFO] Época 17/30, Batch 2400/3348, Loss: 0.0002
2025-09-29 01:23:41,308 [INFO] Época 17/30, Batch 2450/3348, Loss: 0.0003
2025-09-29 01:23:41,566 [INFO] Época 17/30, Batch 2500/3348, Loss: 0.0002
2025-09-29 01:23:41,820 [INFO] Época 17/30, Batch 2550/3348, Loss: 0.0005
2025-09-29 01:23:42,076 [INFO] Época 17/30, Batch 2600/3348, Loss: 0.0003
2025-09-29 01:23:42,334 [INFO] Época 17/30, Batch 2650/3348, Loss: 0.0003
2025-09-29 01:23:42,591 [INFO] Época 17/30, Batch 2700/3348, Loss: 0.0003
2025-09-29 01:23:42,848 [INFO] Época 17/30, Batch 2750/3348, Loss: 0.0002
2025-09-29 01:23:43,104 [INFO] Época 17/30, Batch 2800/3348, Loss: 0.0003
2025-09-29 01:23:43,362 [INFO] Época 17/30, Batch 2850/3348, Loss: 0.0002
2025-09-29 01:23:43,620 [INFO] Época 17/30, Batch 2900/3348, Loss: 0.0002
2025-09-29 01:23:43,869 [INFO] Época 17/30, Batch 2950/3348, Loss: 0.0002
2025-09-29 01:23:44,120 [INFO] Época 17/30, Batch 3000/3348, Loss: 0.0003
2025-09-29 01:23:44,370 [INFO] Época 17/30, Batch 3050/3348, Loss: 0.0002
2025-09-29 01:23:44,620 [INFO] Época 17/30, Batch 3100/3348, Loss: 0.0004
2025-09-29 01:23:44,871 [INFO] Época 17/30, Batch 3150/3348, Loss: 0.0002
2025-09-29 01:23:45,123 [INFO] Época 17/30, Batch 3200/3348, Loss: 0.0002
2025-09-29 01:23:45,372 [INFO] Época 17/30, Batch 3250/3348, Loss: 0.0003
2025-09-29 01:23:45,623 [INFO] Época 17/30, Batch 3300/3348, Loss: 0.0002
2025-09-29 01:23:47,509 [INFO] [17/30] Train Loss: 0.0047 | Val Loss: 0.0005 | Tempo: 18.89s
2025-09-29 01:23:48,088 [INFO] Época 18/30, Batch 50/3348, Loss: 0.0002
2025-09-29 01:23:48,341 [INFO] Época 18/30, Batch 100/3348, Loss: 0.0002
2025-09-29 01:23:48,593 [INFO] Época 18/30, Batch 150/3348, Loss: 0.0002
2025-09-29 01:23:48,843 [INFO] Época 18/30, Batch 200/3348, Loss: 0.0003
2025-09-29 01:23:49,094 [INFO] Época 18/30, Batch 250/3348, Loss: 0.0002
2025-09-29 01:23:49,343 [INFO] Época 18/30, Batch 300/3348, Loss: 0.0002
2025-09-29 01:23:49,590 [INFO] Época 18/30, Batch 350/3348, Loss: 0.0002
2025-09-29 01:23:49,840 [INFO] Época 18/30, Batch 400/3348, Loss: 0.0002
2025-09-29 01:23:50,088 [INFO] Época 18/30, Batch 450/3348, Loss: 0.0003
2025-09-29 01:23:50,334 [INFO] Época 18/30, Batch 500/3348, Loss: 0.0004
2025-09-29 01:23:50,584 [INFO] Época 18/30, Batch 550/3348, Loss: 0.0002
2025-09-29 01:23:50,833 [INFO] Época 18/30, Batch 600/3348, Loss: 0.0002
2025-09-29 01:23:51,084 [INFO] Época 18/30, Batch 650/3348, Loss: 0.0002
2025-09-29 01:23:51,340 [INFO] Época 18/30, Batch 700/3348, Loss: 0.0002
2025-09-29 01:23:51,595 [INFO] Época 18/30, Batch 750/3348, Loss: 0.0002
2025-09-29 01:23:51,853 [INFO] Época 18/30, Batch 800/3348, Loss: 0.0004
2025-09-29 01:23:52,109 [INFO] Época 18/30, Batch 850/3348, Loss: 0.0002
2025-09-29 01:23:52,370 [INFO] Época 18/30, Batch 900/3348, Loss: 0.0003
2025-09-29 01:23:52,628 [INFO] Época 18/30, Batch 950/3348, Loss: 0.0003
2025-09-29 01:23:52,886 [INFO] Época 18/30, Batch 1000/3348, Loss: 0.0002
2025-09-29 01:23:53,145 [INFO] Época 18/30, Batch 1050/3348, Loss: 0.0004
2025-09-29 01:23:53,404 [INFO] Época 18/30, Batch 1100/3348, Loss: 0.0002
2025-09-29 01:23:53,659 [INFO] Época 18/30, Batch 1150/3348, Loss: 0.0002
2025-09-29 01:23:53,907 [INFO] Época 18/30, Batch 1200/3348, Loss: 0.0003
2025-09-29 01:23:54,154 [INFO] Época 18/30, Batch 1250/3348, Loss: 0.0002
2025-09-29 01:23:54,401 [INFO] Época 18/30, Batch 1300/3348, Loss: 0.0003
2025-09-29 01:23:54,652 [INFO] Época 18/30, Batch 1350/3348, Loss: 0.0003
2025-09-29 01:23:54,907 [INFO] Época 18/30, Batch 1400/3348, Loss: 0.0002
2025-09-29 01:23:55,158 [INFO] Época 18/30, Batch 1450/3348, Loss: 0.0002
2025-09-29 01:23:55,406 [INFO] Época 18/30, Batch 1500/3348, Loss: 0.0003
2025-09-29 01:23:55,652 [INFO] Época 18/30, Batch 1550/3348, Loss: 0.0002
2025-09-29 01:23:55,902 [INFO] Época 18/30, Batch 1600/3348, Loss: 0.0002
2025-09-29 01:23:56,148 [INFO] Época 18/30, Batch 1650/3348, Loss: 0.0003
2025-09-29 01:23:56,395 [INFO] Época 18/30, Batch 1700/3348, Loss: 0.0002
2025-09-29 01:23:56,640 [INFO] Época 18/30, Batch 1750/3348, Loss: 0.0002
2025-09-29 01:23:56,888 [INFO] Época 18/30, Batch 1800/3348, Loss: 0.0003
2025-09-29 01:23:57,136 [INFO] Época 18/30, Batch 1850/3348, Loss: 0.0001
2025-09-29 01:23:57,384 [INFO] Época 18/30, Batch 1900/3348, Loss: 0.0002
2025-09-29 01:23:57,634 [INFO] Época 18/30, Batch 1950/3348, Loss: 0.0002
2025-09-29 01:23:57,893 [INFO] Época 18/30, Batch 2000/3348, Loss: 0.0003
2025-09-29 01:23:58,139 [INFO] Época 18/30, Batch 2050/3348, Loss: 0.0002
2025-09-29 01:23:58,385 [INFO] Época 18/30, Batch 2100/3348, Loss: 0.0002
2025-09-29 01:23:58,633 [INFO] Época 18/30, Batch 2150/3348, Loss: 0.0002
2025-09-29 01:23:58,882 [INFO] Época 18/30, Batch 2200/3348, Loss: 0.0002
2025-09-29 01:23:59,129 [INFO] Época 18/30, Batch 2250/3348, Loss: 0.0002
2025-09-29 01:23:59,376 [INFO] Época 18/30, Batch 2300/3348, Loss: 0.0002
2025-09-29 01:23:59,624 [INFO] Época 18/30, Batch 2350/3348, Loss: 0.0004
2025-09-29 01:23:59,869 [INFO] Época 18/30, Batch 2400/3348, Loss: 0.0006
2025-09-29 01:24:00,119 [INFO] Época 18/30, Batch 2450/3348, Loss: 0.0002
2025-09-29 01:24:00,366 [INFO] Época 18/30, Batch 2500/3348, Loss: 0.0002
2025-09-29 01:24:00,614 [INFO] Época 18/30, Batch 2550/3348, Loss: 0.0003
2025-09-29 01:24:00,864 [INFO] Época 18/30, Batch 2600/3348, Loss: 0.0003
2025-09-29 01:24:01,112 [INFO] Época 18/30, Batch 2650/3348, Loss: 0.0002
2025-09-29 01:24:01,359 [INFO] Época 18/30, Batch 2700/3348, Loss: 0.0002
2025-09-29 01:24:01,606 [INFO] Época 18/30, Batch 2750/3348, Loss: 0.0002
2025-09-29 01:24:01,853 [INFO] Época 18/30, Batch 2800/3348, Loss: 0.0002
2025-09-29 01:24:02,100 [INFO] Época 18/30, Batch 2850/3348, Loss: 0.0002
2025-09-29 01:24:02,346 [INFO] Época 18/30, Batch 2900/3348, Loss: 0.0004
2025-09-29 01:24:02,593 [INFO] Época 18/30, Batch 2950/3348, Loss: 0.0003
2025-09-29 01:24:02,839 [INFO] Época 18/30, Batch 3000/3348, Loss: 0.0002
2025-09-29 01:24:03,088 [INFO] Época 18/30, Batch 3050/3348, Loss: 0.0002
2025-09-29 01:24:03,335 [INFO] Época 18/30, Batch 3100/3348, Loss: 0.0002
2025-09-29 01:24:03,581 [INFO] Época 18/30, Batch 3150/3348, Loss: 0.0002
2025-09-29 01:24:03,828 [INFO] Época 18/30, Batch 3200/3348, Loss: 0.0005
2025-09-29 01:24:04,073 [INFO] Época 18/30, Batch 3250/3348, Loss: 0.0003
2025-09-29 01:24:04,322 [INFO] Época 18/30, Batch 3300/3348, Loss: 0.0003
2025-09-29 01:24:06,073 [INFO] [18/30] Train Loss: 0.0047 | Val Loss: 0.0003 | Tempo: 18.56s
2025-09-29 01:24:06,077 [INFO] Melhor modelo salvo em: /mnt/hdd/home/jdurao/ToolBox-ChemXAI/models/mlp_qm9_MorganCount_att0.pth
2025-09-29 01:24:06,674 [INFO] Época 19/30, Batch 50/3348, Loss: 0.0002
2025-09-29 01:24:06,941 [INFO] Época 19/30, Batch 100/3348, Loss: 0.0002
2025-09-29 01:24:07,192 [INFO] Época 19/30, Batch 150/3348, Loss: 0.0002
2025-09-29 01:24:07,444 [INFO] Época 19/30, Batch 200/3348, Loss: 0.0002
2025-09-29 01:24:07,698 [INFO] Época 19/30, Batch 250/3348, Loss: 0.0002
2025-09-29 01:24:07,951 [INFO] Época 19/30, Batch 300/3348, Loss: 0.0003
2025-09-29 01:24:08,214 [INFO] Época 19/30, Batch 350/3348, Loss: 0.0003
2025-09-29 01:24:08,467 [INFO] Época 19/30, Batch 400/3348, Loss: 0.0002
2025-09-29 01:24:08,719 [INFO] Época 19/30, Batch 450/3348, Loss: 0.0003
2025-09-29 01:24:08,969 [INFO] Época 19/30, Batch 500/3348, Loss: 0.0002
2025-09-29 01:24:09,222 [INFO] Época 19/30, Batch 550/3348, Loss: 0.0003
2025-09-29 01:24:09,474 [INFO] Época 19/30, Batch 600/3348, Loss: 0.0002
2025-09-29 01:24:09,724 [INFO] Época 19/30, Batch 650/3348, Loss: 0.0004
2025-09-29 01:24:09,974 [INFO] Época 19/30, Batch 700/3348, Loss: 0.0002
2025-09-29 01:24:10,224 [INFO] Época 19/30, Batch 750/3348, Loss: 0.0002
2025-09-29 01:24:10,473 [INFO] Época 19/30, Batch 800/3348, Loss: 0.0003
2025-09-29 01:24:10,732 [INFO] Época 19/30, Batch 850/3348, Loss: 0.0002
2025-09-29 01:24:10,982 [INFO] Época 19/30, Batch 900/3348, Loss: 0.0002
2025-09-29 01:24:11,230 [INFO] Época 19/30, Batch 950/3348, Loss: 0.0003
2025-09-29 01:24:11,478 [INFO] Época 19/30, Batch 1000/3348, Loss: 0.0003
2025-09-29 01:24:11,733 [INFO] Época 19/30, Batch 1050/3348, Loss: 0.0003
2025-09-29 01:24:12,003 [INFO] Época 19/30, Batch 1100/3348, Loss: 0.0002
2025-09-29 01:24:12,253 [INFO] Época 19/30, Batch 1150/3348, Loss: 0.0002
2025-09-29 01:24:12,500 [INFO] Época 19/30, Batch 1200/3348, Loss: 0.0002
2025-09-29 01:24:12,747 [INFO] Época 19/30, Batch 1250/3348, Loss: 0.0003
2025-09-29 01:24:12,994 [INFO] Época 19/30, Batch 1300/3348, Loss: 0.0002
2025-09-29 01:24:13,254 [INFO] Época 19/30, Batch 1350/3348, Loss: 0.0002
2025-09-29 01:24:13,499 [INFO] Época 19/30, Batch 1400/3348, Loss: 0.0002
2025-09-29 01:24:13,744 [INFO] Época 19/30, Batch 1450/3348, Loss: 0.0004
2025-09-29 01:24:13,991 [INFO] Época 19/30, Batch 1500/3348, Loss: 0.0003
2025-09-29 01:24:14,255 [INFO] Época 19/30, Batch 1550/3348, Loss: 0.0003
2025-09-29 01:24:14,524 [INFO] Época 19/30, Batch 1600/3348, Loss: 0.0002
2025-09-29 01:24:14,794 [INFO] Época 19/30, Batch 1650/3348, Loss: 0.0003
2025-09-29 01:24:15,063 [INFO] Época 19/30, Batch 1700/3348, Loss: 0.0003
2025-09-29 01:24:15,332 [INFO] Época 19/30, Batch 1750/3348, Loss: 0.0002
2025-09-29 01:24:15,599 [INFO] Época 19/30, Batch 1800/3348, Loss: 0.0003
2025-09-29 01:24:15,874 [INFO] Época 19/30, Batch 1850/3348, Loss: 0.0002
2025-09-29 01:24:16,156 [INFO] Época 19/30, Batch 1900/3348, Loss: 0.0003
2025-09-29 01:24:16,426 [INFO] Época 19/30, Batch 1950/3348, Loss: 0.0002
2025-09-29 01:24:16,696 [INFO] Época 19/30, Batch 2000/3348, Loss: 0.0002
2025-09-29 01:24:16,949 [INFO] Época 19/30, Batch 2050/3348, Loss: 0.0002
2025-09-29 01:24:17,198 [INFO] Época 19/30, Batch 2100/3348, Loss: 0.0003
2025-09-29 01:24:17,448 [INFO] Época 19/30, Batch 2150/3348, Loss: 0.0002
2025-09-29 01:24:17,697 [INFO] Época 19/30, Batch 2200/3348, Loss: 0.0002
2025-09-29 01:24:17,945 [INFO] Época 19/30, Batch 2250/3348, Loss: 0.0004
2025-09-29 01:24:18,194 [INFO] Época 19/30, Batch 2300/3348, Loss: 0.0137
2025-09-29 01:24:18,444 [INFO] Época 19/30, Batch 2350/3348, Loss: 0.0002
2025-09-29 01:24:18,691 [INFO] Época 19/30, Batch 2400/3348, Loss: 0.0002
2025-09-29 01:24:18,939 [INFO] Época 19/30, Batch 2450/3348, Loss: 0.0002
2025-09-29 01:24:19,188 [INFO] Época 19/30, Batch 2500/3348, Loss: 0.0002
2025-09-29 01:24:19,437 [INFO] Época 19/30, Batch 2550/3348, Loss: 0.0003
2025-09-29 01:24:19,689 [INFO] Época 19/30, Batch 2600/3348, Loss: 0.0002
2025-09-29 01:24:19,957 [INFO] Época 19/30, Batch 2650/3348, Loss: 0.0003
2025-09-29 01:24:20,227 [INFO] Época 19/30, Batch 2700/3348, Loss: 0.0002
2025-09-29 01:24:20,495 [INFO] Época 19/30, Batch 2750/3348, Loss: 0.0005
2025-09-29 01:24:20,760 [INFO] Época 19/30, Batch 2800/3348, Loss: 0.0002
2025-09-29 01:24:21,018 [INFO] Época 19/30, Batch 2850/3348, Loss: 0.0002
2025-09-29 01:24:21,278 [INFO] Época 19/30, Batch 2900/3348, Loss: 0.0003
2025-09-29 01:24:21,550 [INFO] Época 19/30, Batch 2950/3348, Loss: 0.0003
2025-09-29 01:24:21,819 [INFO] Época 19/30, Batch 3000/3348, Loss: 0.0002
2025-09-29 01:24:22,089 [INFO] Época 19/30, Batch 3050/3348, Loss: 0.0002
2025-09-29 01:24:22,358 [INFO] Época 19/30, Batch 3100/3348, Loss: 0.0003
2025-09-29 01:24:22,629 [INFO] Época 19/30, Batch 3150/3348, Loss: 0.0003
2025-09-29 01:24:22,900 [INFO] Época 19/30, Batch 3200/3348, Loss: 0.0002
2025-09-29 01:24:23,171 [INFO] Época 19/30, Batch 3250/3348, Loss: 0.0002
2025-09-29 01:24:23,440 [INFO] Época 19/30, Batch 3300/3348, Loss: 0.0004
2025-09-29 01:24:25,275 [INFO] [19/30] Train Loss: 0.0047 | Val Loss: 0.0006 | Tempo: 19.20s
2025-09-29 01:24:25,865 [INFO] Época 20/30, Batch 50/3348, Loss: 0.0005
2025-09-29 01:24:26,125 [INFO] Época 20/30, Batch 100/3348, Loss: 0.0002
2025-09-29 01:24:26,384 [INFO] Época 20/30, Batch 150/3348, Loss: 0.0002
2025-09-29 01:24:26,643 [INFO] Época 20/30, Batch 200/3348, Loss: 0.0002
2025-09-29 01:24:26,901 [INFO] Época 20/30, Batch 250/3348, Loss: 0.0002
2025-09-29 01:24:27,161 [INFO] Época 20/30, Batch 300/3348, Loss: 0.0002
2025-09-29 01:24:27,419 [INFO] Época 20/30, Batch 350/3348, Loss: 0.0002
2025-09-29 01:24:27,677 [INFO] Época 20/30, Batch 400/3348, Loss: 0.0002
2025-09-29 01:24:27,937 [INFO] Época 20/30, Batch 450/3348, Loss: 0.0003
2025-09-29 01:24:28,195 [INFO] Época 20/30, Batch 500/3348, Loss: 0.0002
2025-09-29 01:24:28,451 [INFO] Época 20/30, Batch 550/3348, Loss: 0.0002
2025-09-29 01:24:28,710 [INFO] Época 20/30, Batch 600/3348, Loss: 0.0003
2025-09-29 01:24:28,957 [INFO] Época 20/30, Batch 650/3348, Loss: 0.0003
2025-09-29 01:24:29,216 [INFO] Época 20/30, Batch 700/3348, Loss: 0.0003
2025-09-29 01:24:29,474 [INFO] Época 20/30, Batch 750/3348, Loss: 0.0002
2025-09-29 01:24:29,732 [INFO] Época 20/30, Batch 800/3348, Loss: 0.0002
2025-09-29 01:24:29,989 [INFO] Época 20/30, Batch 850/3348, Loss: 0.0002
2025-09-29 01:24:30,247 [INFO] Época 20/30, Batch 900/3348, Loss: 0.0004
2025-09-29 01:24:30,502 [INFO] Época 20/30, Batch 950/3348, Loss: 0.0003
2025-09-29 01:24:30,751 [INFO] Época 20/30, Batch 1000/3348, Loss: 0.0003
2025-09-29 01:24:31,000 [INFO] Época 20/30, Batch 1050/3348, Loss: 0.0003
2025-09-29 01:24:31,251 [INFO] Época 20/30, Batch 1100/3348, Loss: 0.0002
2025-09-29 01:24:31,500 [INFO] Época 20/30, Batch 1150/3348, Loss: 0.0002
2025-09-29 01:24:31,748 [INFO] Época 20/30, Batch 1200/3348, Loss: 0.0003
2025-09-29 01:24:31,999 [INFO] Época 20/30, Batch 1250/3348, Loss: 0.0013
2025-09-29 01:24:32,256 [INFO] Época 20/30, Batch 1300/3348, Loss: 0.0002
2025-09-29 01:24:32,516 [INFO] Época 20/30, Batch 1350/3348, Loss: 0.0002
2025-09-29 01:24:32,776 [INFO] Época 20/30, Batch 1400/3348, Loss: 0.0003
2025-09-29 01:24:33,033 [INFO] Época 20/30, Batch 1450/3348, Loss: 0.0002
2025-09-29 01:24:33,290 [INFO] Época 20/30, Batch 1500/3348, Loss: 0.0003
2025-09-29 01:24:33,548 [INFO] Época 20/30, Batch 1550/3348, Loss: 0.0003
2025-09-29 01:24:33,806 [INFO] Época 20/30, Batch 1600/3348, Loss: 0.0003
2025-09-29 01:24:34,052 [INFO] Época 20/30, Batch 1650/3348, Loss: 0.0003
2025-09-29 01:24:34,306 [INFO] Época 20/30, Batch 1700/3348, Loss: 0.0004
2025-09-29 01:24:34,555 [INFO] Época 20/30, Batch 1750/3348, Loss: 0.0002
2025-09-29 01:24:34,811 [INFO] Época 20/30, Batch 1800/3348, Loss: 0.0002
2025-09-29 01:24:35,066 [INFO] Época 20/30, Batch 1850/3348, Loss: 0.0002
2025-09-29 01:24:35,325 [INFO] Época 20/30, Batch 1900/3348, Loss: 0.0002
2025-09-29 01:24:35,581 [INFO] Época 20/30, Batch 1950/3348, Loss: 0.0003
2025-09-29 01:24:35,836 [INFO] Época 20/30, Batch 2000/3348, Loss: 0.0002
2025-09-29 01:24:36,095 [INFO] Época 20/30, Batch 2050/3348, Loss: 0.0002
2025-09-29 01:24:36,356 [INFO] Época 20/30, Batch 2100/3348, Loss: 0.0003
2025-09-29 01:24:36,618 [INFO] Época 20/30, Batch 2150/3348, Loss: 0.0002
2025-09-29 01:24:36,880 [INFO] Época 20/30, Batch 2200/3348, Loss: 0.0003
2025-09-29 01:24:37,141 [INFO] Época 20/30, Batch 2250/3348, Loss: 0.0002
2025-09-29 01:24:37,401 [INFO] Época 20/30, Batch 2300/3348, Loss: 0.0004
2025-09-29 01:24:37,662 [INFO] Época 20/30, Batch 2350/3348, Loss: 0.0002
2025-09-29 01:24:37,924 [INFO] Época 20/30, Batch 2400/3348, Loss: 0.0002
2025-09-29 01:24:38,185 [INFO] Época 20/30, Batch 2450/3348, Loss: 0.0003
2025-09-29 01:24:38,445 [INFO] Época 20/30, Batch 2500/3348, Loss: 0.0002
2025-09-29 01:24:38,705 [INFO] Época 20/30, Batch 2550/3348, Loss: 0.0002
2025-09-29 01:24:38,963 [INFO] Época 20/30, Batch 2600/3348, Loss: 0.0002
2025-09-29 01:24:39,215 [INFO] Época 20/30, Batch 2650/3348, Loss: 0.0003
2025-09-29 01:24:39,467 [INFO] Época 20/30, Batch 2700/3348, Loss: 0.0003
2025-09-29 01:24:39,719 [INFO] Época 20/30, Batch 2750/3348, Loss: 0.0003
2025-09-29 01:24:39,970 [INFO] Época 20/30, Batch 2800/3348, Loss: 0.0003
2025-09-29 01:24:40,222 [INFO] Época 20/30, Batch 2850/3348, Loss: 0.0002
2025-09-29 01:24:40,474 [INFO] Época 20/30, Batch 2900/3348, Loss: 0.0002
2025-09-29 01:24:40,725 [INFO] Época 20/30, Batch 2950/3348, Loss: 0.0003
2025-09-29 01:24:40,977 [INFO] Época 20/30, Batch 3000/3348, Loss: 0.0003
2025-09-29 01:24:41,229 [INFO] Época 20/30, Batch 3050/3348, Loss: 0.0002
2025-09-29 01:24:41,477 [INFO] Época 20/30, Batch 3100/3348, Loss: 0.0004
2025-09-29 01:24:41,723 [INFO] Época 20/30, Batch 3150/3348, Loss: 0.0003
2025-09-29 01:24:41,972 [INFO] Época 20/30, Batch 3200/3348, Loss: 0.0003
2025-09-29 01:24:42,218 [INFO] Época 20/30, Batch 3250/3348, Loss: 0.0003
2025-09-29 01:24:42,467 [INFO] Época 20/30, Batch 3300/3348, Loss: 0.0002
2025-09-29 01:24:44,327 [INFO] [20/30] Train Loss: 0.0047 | Val Loss: 0.0004 | Tempo: 19.05s
2025-09-29 01:24:44,908 [INFO] Época 21/30, Batch 50/3348, Loss: 0.0002
2025-09-29 01:24:45,158 [INFO] Época 21/30, Batch 100/3348, Loss: 0.0003
2025-09-29 01:24:45,406 [INFO] Época 21/30, Batch 150/3348, Loss: 0.0002
2025-09-29 01:24:45,652 [INFO] Época 21/30, Batch 200/3348, Loss: 0.0003
2025-09-29 01:24:45,901 [INFO] Época 21/30, Batch 250/3348, Loss: 0.0002
2025-09-29 01:24:46,147 [INFO] Época 21/30, Batch 300/3348, Loss: 0.0003
2025-09-29 01:24:46,394 [INFO] Época 21/30, Batch 350/3348, Loss: 0.0003
2025-09-29 01:24:46,640 [INFO] Época 21/30, Batch 400/3348, Loss: 0.0002
2025-09-29 01:24:46,886 [INFO] Época 21/30, Batch 450/3348, Loss: 0.0003
2025-09-29 01:24:47,132 [INFO] Época 21/30, Batch 500/3348, Loss: 0.0002
2025-09-29 01:24:47,379 [INFO] Época 21/30, Batch 550/3348, Loss: 0.0002
2025-09-29 01:24:47,627 [INFO] Época 21/30, Batch 600/3348, Loss: 0.0003
2025-09-29 01:24:47,867 [INFO] Época 21/30, Batch 650/3348, Loss: 0.0002
2025-09-29 01:24:48,102 [INFO] Época 21/30, Batch 700/3348, Loss: 0.0002
2025-09-29 01:24:48,336 [INFO] Época 21/30, Batch 750/3348, Loss: 0.0003
2025-09-29 01:24:48,572 [INFO] Época 21/30, Batch 800/3348, Loss: 0.0002
2025-09-29 01:24:48,815 [INFO] Época 21/30, Batch 850/3348, Loss: 0.0003
2025-09-29 01:24:49,060 [INFO] Época 21/30, Batch 900/3348, Loss: 0.0002
2025-09-29 01:24:49,305 [INFO] Época 21/30, Batch 950/3348, Loss: 0.0003
2025-09-29 01:24:49,549 [INFO] Época 21/30, Batch 1000/3348, Loss: 0.0003
2025-09-29 01:24:49,804 [INFO] Época 21/30, Batch 1050/3348, Loss: 0.0003
2025-09-29 01:24:50,049 [INFO] Época 21/30, Batch 1100/3348, Loss: 0.0003
2025-09-29 01:24:50,294 [INFO] Época 21/30, Batch 1150/3348, Loss: 0.0002
2025-09-29 01:24:50,540 [INFO] Época 21/30, Batch 1200/3348, Loss: 0.0003
2025-09-29 01:24:50,787 [INFO] Época 21/30, Batch 1250/3348, Loss: 0.0002
2025-09-29 01:24:51,032 [INFO] Época 21/30, Batch 1300/3348, Loss: 0.0002
2025-09-29 01:24:51,278 [INFO] Época 21/30, Batch 1350/3348, Loss: 0.0002
2025-09-29 01:24:51,525 [INFO] Época 21/30, Batch 1400/3348, Loss: 0.0002
2025-09-29 01:24:51,771 [INFO] Época 21/30, Batch 1450/3348, Loss: 0.0002
2025-09-29 01:24:52,014 [INFO] Época 21/30, Batch 1500/3348, Loss: 0.0002
2025-09-29 01:24:52,256 [INFO] Época 21/30, Batch 1550/3348, Loss: 0.0003
2025-09-29 01:24:52,498 [INFO] Época 21/30, Batch 1600/3348, Loss: 0.0002
2025-09-29 01:24:52,743 [INFO] Época 21/30, Batch 1650/3348, Loss: 0.0003
2025-09-29 01:24:52,985 [INFO] Época 21/30, Batch 1700/3348, Loss: 0.0004
2025-09-29 01:24:53,228 [INFO] Época 21/30, Batch 1750/3348, Loss: 0.0002
2025-09-29 01:24:53,471 [INFO] Época 21/30, Batch 1800/3348, Loss: 0.0002
2025-09-29 01:24:53,714 [INFO] Época 21/30, Batch 1850/3348, Loss: 0.0004
2025-09-29 01:24:53,957 [INFO] Época 21/30, Batch 1900/3348, Loss: 0.0003
2025-09-29 01:24:54,201 [INFO] Época 21/30, Batch 1950/3348, Loss: 0.0002
2025-09-29 01:24:54,444 [INFO] Época 21/30, Batch 2000/3348, Loss: 0.0002
2025-09-29 01:24:54,687 [INFO] Época 21/30, Batch 2050/3348, Loss: 0.0002
2025-09-29 01:24:54,929 [INFO] Época 21/30, Batch 2100/3348, Loss: 0.0002
2025-09-29 01:24:55,172 [INFO] Época 21/30, Batch 2150/3348, Loss: 0.0003
2025-09-29 01:24:55,415 [INFO] Época 21/30, Batch 2200/3348, Loss: 0.0002
2025-09-29 01:24:55,660 [INFO] Época 21/30, Batch 2250/3348, Loss: 0.0002
2025-09-29 01:24:55,902 [INFO] Época 21/30, Batch 2300/3348, Loss: 0.0002
2025-09-29 01:24:56,144 [INFO] Época 21/30, Batch 2350/3348, Loss: 0.0013
2025-09-29 01:24:56,387 [INFO] Época 21/30, Batch 2400/3348, Loss: 0.0002
2025-09-29 01:24:56,629 [INFO] Época 21/30, Batch 2450/3348, Loss: 0.0002
2025-09-29 01:24:56,871 [INFO] Época 21/30, Batch 2500/3348, Loss: 0.0002
2025-09-29 01:24:57,112 [INFO] Época 21/30, Batch 2550/3348, Loss: 0.0003
2025-09-29 01:24:57,355 [INFO] Época 21/30, Batch 2600/3348, Loss: 0.0003
2025-09-29 01:24:57,598 [INFO] Época 21/30, Batch 2650/3348, Loss: 0.0003
2025-09-29 01:24:57,841 [INFO] Época 21/30, Batch 2700/3348, Loss: 0.0003
2025-09-29 01:24:58,086 [INFO] Época 21/30, Batch 2750/3348, Loss: 0.0003
2025-09-29 01:24:58,329 [INFO] Época 21/30, Batch 2800/3348, Loss: 0.0002
2025-09-29 01:24:58,570 [INFO] Época 21/30, Batch 2850/3348, Loss: 0.0003
2025-09-29 01:24:58,813 [INFO] Época 21/30, Batch 2900/3348, Loss: 0.0002
2025-09-29 01:24:59,055 [INFO] Época 21/30, Batch 2950/3348, Loss: 0.0002
2025-09-29 01:24:59,300 [INFO] Época 21/30, Batch 3000/3348, Loss: 0.0002
2025-09-29 01:24:59,542 [INFO] Época 21/30, Batch 3050/3348, Loss: 0.0002
2025-09-29 01:24:59,784 [INFO] Época 21/30, Batch 3100/3348, Loss: 0.0002
2025-09-29 01:25:00,039 [INFO] Época 21/30, Batch 3150/3348, Loss: 0.0004
2025-09-29 01:25:00,283 [INFO] Época 21/30, Batch 3200/3348, Loss: 0.0002
2025-09-29 01:25:00,524 [INFO] Época 21/30, Batch 3250/3348, Loss: 0.0003
2025-09-29 01:25:00,769 [INFO] Época 21/30, Batch 3300/3348, Loss: 0.0002
2025-09-29 01:25:02,615 [INFO] [21/30] Train Loss: 0.0047 | Val Loss: 0.0003 | Tempo: 18.28s
2025-09-29 01:25:03,184 [INFO] Época 22/30, Batch 50/3348, Loss: 0.0003
2025-09-29 01:25:03,435 [INFO] Época 22/30, Batch 100/3348, Loss: 0.0002
2025-09-29 01:25:03,686 [INFO] Época 22/30, Batch 150/3348, Loss: 0.0002
2025-09-29 01:25:03,937 [INFO] Época 22/30, Batch 200/3348, Loss: 0.0002
2025-09-29 01:25:04,186 [INFO] Época 22/30, Batch 250/3348, Loss: 0.0004
2025-09-29 01:25:04,436 [INFO] Época 22/30, Batch 300/3348, Loss: 0.0003
2025-09-29 01:25:04,684 [INFO] Época 22/30, Batch 350/3348, Loss: 0.0003
2025-09-29 01:25:04,935 [INFO] Época 22/30, Batch 400/3348, Loss: 0.0003
2025-09-29 01:25:05,195 [INFO] Época 22/30, Batch 450/3348, Loss: 0.0002
2025-09-29 01:25:05,446 [INFO] Época 22/30, Batch 500/3348, Loss: 0.0002
2025-09-29 01:25:05,697 [INFO] Época 22/30, Batch 550/3348, Loss: 0.0002
2025-09-29 01:25:05,944 [INFO] Época 22/30, Batch 600/3348, Loss: 0.0003
2025-09-29 01:25:06,186 [INFO] Época 22/30, Batch 650/3348, Loss: 0.0002
2025-09-29 01:25:06,424 [INFO] Época 22/30, Batch 700/3348, Loss: 0.0003
2025-09-29 01:25:06,661 [INFO] Época 22/30, Batch 750/3348, Loss: 0.0003
2025-09-29 01:25:06,906 [INFO] Época 22/30, Batch 800/3348, Loss: 0.0004
2025-09-29 01:25:07,151 [INFO] Época 22/30, Batch 850/3348, Loss: 0.0002
2025-09-29 01:25:07,397 [INFO] Época 22/30, Batch 900/3348, Loss: 0.0003
2025-09-29 01:25:07,647 [INFO] Época 22/30, Batch 950/3348, Loss: 0.0002
2025-09-29 01:25:07,892 [INFO] Época 22/30, Batch 1000/3348, Loss: 0.0002
2025-09-29 01:25:08,136 [INFO] Época 22/30, Batch 1050/3348, Loss: 0.0002
2025-09-29 01:25:08,382 [INFO] Época 22/30, Batch 1100/3348, Loss: 0.0002
2025-09-29 01:25:08,629 [INFO] Época 22/30, Batch 1150/3348, Loss: 0.0002
2025-09-29 01:25:08,877 [INFO] Época 22/30, Batch 1200/3348, Loss: 0.0002
2025-09-29 01:25:09,123 [INFO] Época 22/30, Batch 1250/3348, Loss: 0.0003
2025-09-29 01:25:09,367 [INFO] Época 22/30, Batch 1300/3348, Loss: 0.0003
2025-09-29 01:25:09,611 [INFO] Época 22/30, Batch 1350/3348, Loss: 0.0002
2025-09-29 01:25:09,858 [INFO] Época 22/30, Batch 1400/3348, Loss: 0.0002
2025-09-29 01:25:10,106 [INFO] Época 22/30, Batch 1450/3348, Loss: 0.0003
2025-09-29 01:25:10,355 [INFO] Época 22/30, Batch 1500/3348, Loss: 0.0002
2025-09-29 01:25:10,604 [INFO] Época 22/30, Batch 1550/3348, Loss: 0.0002
2025-09-29 01:25:10,850 [INFO] Época 22/30, Batch 1600/3348, Loss: 0.0002
2025-09-29 01:25:11,099 [INFO] Época 22/30, Batch 1650/3348, Loss: 0.0003
2025-09-29 01:25:11,347 [INFO] Época 22/30, Batch 1700/3348, Loss: 0.0002
2025-09-29 01:25:11,593 [INFO] Época 22/30, Batch 1750/3348, Loss: 0.0003
2025-09-29 01:25:11,841 [INFO] Época 22/30, Batch 1800/3348, Loss: 0.0003
2025-09-29 01:25:12,088 [INFO] Época 22/30, Batch 1850/3348, Loss: 0.0002
2025-09-29 01:25:12,335 [INFO] Época 22/30, Batch 1900/3348, Loss: 0.0002
2025-09-29 01:25:12,584 [INFO] Época 22/30, Batch 1950/3348, Loss: 0.0003
2025-09-29 01:25:12,832 [INFO] Época 22/30, Batch 2000/3348, Loss: 0.0002
2025-09-29 01:25:13,080 [INFO] Época 22/30, Batch 2050/3348, Loss: 0.0003
2025-09-29 01:25:13,329 [INFO] Época 22/30, Batch 2100/3348, Loss: 0.0002
2025-09-29 01:25:13,577 [INFO] Época 22/30, Batch 2150/3348, Loss: 0.0003
2025-09-29 01:25:13,828 [INFO] Época 22/30, Batch 2200/3348, Loss: 0.0002
2025-09-29 01:25:14,078 [INFO] Época 22/30, Batch 2250/3348, Loss: 0.0003
2025-09-29 01:25:14,327 [INFO] Época 22/30, Batch 2300/3348, Loss: 0.0002
2025-09-29 01:25:14,572 [INFO] Época 22/30, Batch 2350/3348, Loss: 0.0002
2025-09-29 01:25:14,821 [INFO] Época 22/30, Batch 2400/3348, Loss: 0.0003
2025-09-29 01:25:15,069 [INFO] Época 22/30, Batch 2450/3348, Loss: 0.0002
2025-09-29 01:25:15,316 [INFO] Época 22/30, Batch 2500/3348, Loss: 0.0002
2025-09-29 01:25:15,576 [INFO] Época 22/30, Batch 2550/3348, Loss: 0.0003
2025-09-29 01:25:15,825 [INFO] Época 22/30, Batch 2600/3348, Loss: 0.0003
2025-09-29 01:25:16,072 [INFO] Época 22/30, Batch 2650/3348, Loss: 0.0003
2025-09-29 01:25:16,319 [INFO] Época 22/30, Batch 2700/3348, Loss: 0.0002
2025-09-29 01:25:16,569 [INFO] Época 22/30, Batch 2750/3348, Loss: 0.0003
2025-09-29 01:25:16,818 [INFO] Época 22/30, Batch 2800/3348, Loss: 0.0003
2025-09-29 01:25:17,068 [INFO] Época 22/30, Batch 2850/3348, Loss: 0.0002
2025-09-29 01:25:17,321 [INFO] Época 22/30, Batch 2900/3348, Loss: 0.0002
2025-09-29 01:25:17,574 [INFO] Época 22/30, Batch 2950/3348, Loss: 0.0003
2025-09-29 01:25:17,828 [INFO] Época 22/30, Batch 3000/3348, Loss: 0.0003
2025-09-29 01:25:18,082 [INFO] Época 22/30, Batch 3050/3348, Loss: 0.0003
2025-09-29 01:25:18,335 [INFO] Época 22/30, Batch 3100/3348, Loss: 0.0003
2025-09-29 01:25:18,587 [INFO] Época 22/30, Batch 3150/3348, Loss: 0.0005
2025-09-29 01:25:18,836 [INFO] Época 22/30, Batch 3200/3348, Loss: 0.0003
2025-09-29 01:25:19,083 [INFO] Época 22/30, Batch 3250/3348, Loss: 0.0003
2025-09-29 01:25:19,332 [INFO] Época 22/30, Batch 3300/3348, Loss: 0.0002
2025-09-29 01:25:21,147 [INFO] [22/30] Train Loss: 0.0047 | Val Loss: 0.0003 | Tempo: 18.53s
2025-09-29 01:25:21,718 [INFO] Época 23/30, Batch 50/3348, Loss: 0.0002
2025-09-29 01:25:21,967 [INFO] Época 23/30, Batch 100/3348, Loss: 0.0003
2025-09-29 01:25:22,218 [INFO] Época 23/30, Batch 150/3348, Loss: 0.0003
2025-09-29 01:25:22,466 [INFO] Época 23/30, Batch 200/3348, Loss: 0.0003
2025-09-29 01:25:22,715 [INFO] Época 23/30, Batch 250/3348, Loss: 0.0002
2025-09-29 01:25:22,964 [INFO] Época 23/30, Batch 300/3348, Loss: 0.0003
2025-09-29 01:25:23,215 [INFO] Época 23/30, Batch 350/3348, Loss: 0.0002
2025-09-29 01:25:23,464 [INFO] Época 23/30, Batch 400/3348, Loss: 0.0002
2025-09-29 01:25:23,711 [INFO] Época 23/30, Batch 450/3348, Loss: 0.0002
2025-09-29 01:25:23,960 [INFO] Época 23/30, Batch 500/3348, Loss: 0.0002
2025-09-29 01:25:24,208 [INFO] Época 23/30, Batch 550/3348, Loss: 0.0003
2025-09-29 01:25:24,456 [INFO] Época 23/30, Batch 600/3348, Loss: 0.0003
2025-09-29 01:25:24,705 [INFO] Época 23/30, Batch 650/3348, Loss: 0.0002
2025-09-29 01:25:24,945 [INFO] Época 23/30, Batch 700/3348, Loss: 0.0003
2025-09-29 01:25:25,181 [INFO] Época 23/30, Batch 750/3348, Loss: 0.0003
2025-09-29 01:25:25,419 [INFO] Época 23/30, Batch 800/3348, Loss: 0.0002
2025-09-29 01:25:25,654 [INFO] Época 23/30, Batch 850/3348, Loss: 0.0002
2025-09-29 01:25:25,891 [INFO] Época 23/30, Batch 900/3348, Loss: 0.0002
2025-09-29 01:25:26,127 [INFO] Época 23/30, Batch 950/3348, Loss: 0.0002
2025-09-29 01:25:26,364 [INFO] Época 23/30, Batch 1000/3348, Loss: 0.0002
2025-09-29 01:25:26,600 [INFO] Época 23/30, Batch 1050/3348, Loss: 0.0002
2025-09-29 01:25:26,835 [INFO] Época 23/30, Batch 1100/3348, Loss: 0.0003
2025-09-29 01:25:27,071 [INFO] Época 23/30, Batch 1150/3348, Loss: 0.0002
2025-09-29 01:25:27,307 [INFO] Época 23/30, Batch 1200/3348, Loss: 0.0002
2025-09-29 01:25:27,541 [INFO] Época 23/30, Batch 1250/3348, Loss: 0.0002
2025-09-29 01:25:27,777 [INFO] Época 23/30, Batch 1300/3348, Loss: 0.0003
2025-09-29 01:25:28,023 [INFO] Época 23/30, Batch 1350/3348, Loss: 0.0002
2025-09-29 01:25:28,268 [INFO] Época 23/30, Batch 1400/3348, Loss: 0.0002
2025-09-29 01:25:28,515 [INFO] Época 23/30, Batch 1450/3348, Loss: 0.0003
2025-09-29 01:25:28,762 [INFO] Época 23/30, Batch 1500/3348, Loss: 0.0003
2025-09-29 01:25:29,009 [INFO] Época 23/30, Batch 1550/3348, Loss: 0.0002
2025-09-29 01:25:29,255 [INFO] Época 23/30, Batch 1600/3348, Loss: 0.0002
2025-09-29 01:25:29,502 [INFO] Época 23/30, Batch 1650/3348, Loss: 0.0014
2025-09-29 01:25:29,751 [INFO] Época 23/30, Batch 1700/3348, Loss: 0.0002
2025-09-29 01:25:30,001 [INFO] Época 23/30, Batch 1750/3348, Loss: 0.0002
2025-09-29 01:25:30,250 [INFO] Época 23/30, Batch 1800/3348, Loss: 0.0002
2025-09-29 01:25:30,497 [INFO] Época 23/30, Batch 1850/3348, Loss: 0.0002
2025-09-29 01:25:30,745 [INFO] Época 23/30, Batch 1900/3348, Loss: 0.0002
2025-09-29 01:25:30,993 [INFO] Época 23/30, Batch 1950/3348, Loss: 0.0002
2025-09-29 01:25:31,242 [INFO] Época 23/30, Batch 2000/3348, Loss: 0.0002
2025-09-29 01:25:31,490 [INFO] Época 23/30, Batch 2050/3348, Loss: 0.0002
2025-09-29 01:25:31,751 [INFO] Época 23/30, Batch 2100/3348, Loss: 0.0003
2025-09-29 01:25:31,998 [INFO] Época 23/30, Batch 2150/3348, Loss: 0.0003
2025-09-29 01:25:32,246 [INFO] Época 23/30, Batch 2200/3348, Loss: 0.0002
2025-09-29 01:25:32,495 [INFO] Época 23/30, Batch 2250/3348, Loss: 0.0002
2025-09-29 01:25:32,744 [INFO] Época 23/30, Batch 2300/3348, Loss: 0.0003
2025-09-29 01:25:32,991 [INFO] Época 23/30, Batch 2350/3348, Loss: 0.0003
2025-09-29 01:25:33,239 [INFO] Época 23/30, Batch 2400/3348, Loss: 0.0003
2025-09-29 01:25:33,487 [INFO] Época 23/30, Batch 2450/3348, Loss: 0.0002
2025-09-29 01:25:33,735 [INFO] Época 23/30, Batch 2500/3348, Loss: 0.0003
2025-09-29 01:25:33,982 [INFO] Época 23/30, Batch 2550/3348, Loss: 0.0003
2025-09-29 01:25:34,230 [INFO] Época 23/30, Batch 2600/3348, Loss: 0.0003
2025-09-29 01:25:34,477 [INFO] Época 23/30, Batch 2650/3348, Loss: 0.0002
2025-09-29 01:25:34,724 [INFO] Época 23/30, Batch 2700/3348, Loss: 0.0002
2025-09-29 01:25:34,971 [INFO] Época 23/30, Batch 2750/3348, Loss: 0.0002
2025-09-29 01:25:35,219 [INFO] Época 23/30, Batch 2800/3348, Loss: 0.0003
2025-09-29 01:25:35,464 [INFO] Época 23/30, Batch 2850/3348, Loss: 0.0004
2025-09-29 01:25:35,713 [INFO] Época 23/30, Batch 2900/3348, Loss: 0.0002
2025-09-29 01:25:35,960 [INFO] Época 23/30, Batch 2950/3348, Loss: 0.0003
2025-09-29 01:25:36,208 [INFO] Época 23/30, Batch 3000/3348, Loss: 0.0002
2025-09-29 01:25:36,454 [INFO] Época 23/30, Batch 3050/3348, Loss: 0.0003
2025-09-29 01:25:36,702 [INFO] Época 23/30, Batch 3100/3348, Loss: 0.0002
2025-09-29 01:25:36,957 [INFO] Época 23/30, Batch 3150/3348, Loss: 0.0002
2025-09-29 01:25:37,207 [INFO] Época 23/30, Batch 3200/3348, Loss: 0.0002
2025-09-29 01:25:37,454 [INFO] Época 23/30, Batch 3250/3348, Loss: 0.0002
2025-09-29 01:25:37,702 [INFO] Época 23/30, Batch 3300/3348, Loss: 0.0002
2025-09-29 01:25:39,479 [INFO] [23/30] Train Loss: 0.0047 | Val Loss: 0.0004 | Tempo: 18.33s
2025-09-29 01:25:40,043 [INFO] Época 24/30, Batch 50/3348, Loss: 0.0002
2025-09-29 01:25:40,294 [INFO] Época 24/30, Batch 100/3348, Loss: 0.0002
2025-09-29 01:25:40,563 [INFO] Época 24/30, Batch 150/3348, Loss: 0.0002
2025-09-29 01:25:40,836 [INFO] Época 24/30, Batch 200/3348, Loss: 0.0003
2025-09-29 01:25:41,107 [INFO] Época 24/30, Batch 250/3348, Loss: 0.0002
2025-09-29 01:25:41,382 [INFO] Época 24/30, Batch 300/3348, Loss: 0.0003
2025-09-29 01:25:41,633 [INFO] Época 24/30, Batch 350/3348, Loss: 0.0002
2025-09-29 01:25:41,881 [INFO] Época 24/30, Batch 400/3348, Loss: 0.0002
2025-09-29 01:25:42,131 [INFO] Época 24/30, Batch 450/3348, Loss: 0.0002
2025-09-29 01:25:42,380 [INFO] Época 24/30, Batch 500/3348, Loss: 0.0003
2025-09-29 01:25:42,642 [INFO] Época 24/30, Batch 550/3348, Loss: 0.0003
2025-09-29 01:25:42,902 [INFO] Época 24/30, Batch 600/3348, Loss: 0.0003
2025-09-29 01:25:43,171 [INFO] Época 24/30, Batch 650/3348, Loss: 0.0002
2025-09-29 01:25:43,439 [INFO] Época 24/30, Batch 700/3348, Loss: 0.0002
2025-09-29 01:25:43,708 [INFO] Época 24/30, Batch 750/3348, Loss: 0.0002
2025-09-29 01:25:43,978 [INFO] Época 24/30, Batch 800/3348, Loss: 0.0002
2025-09-29 01:25:44,246 [INFO] Época 24/30, Batch 850/3348, Loss: 0.0003
2025-09-29 01:25:44,514 [INFO] Época 24/30, Batch 900/3348, Loss: 0.0002
2025-09-29 01:25:44,784 [INFO] Época 24/30, Batch 950/3348, Loss: 0.0003
2025-09-29 01:25:45,052 [INFO] Época 24/30, Batch 1000/3348, Loss: 0.0002
2025-09-29 01:25:45,321 [INFO] Época 24/30, Batch 1050/3348, Loss: 0.0002
2025-09-29 01:25:45,590 [INFO] Época 24/30, Batch 1100/3348, Loss: 0.0004
2025-09-29 01:25:45,849 [INFO] Época 24/30, Batch 1150/3348, Loss: 0.0003
2025-09-29 01:25:46,116 [INFO] Época 24/30, Batch 1200/3348, Loss: 0.0002
2025-09-29 01:25:46,384 [INFO] Época 24/30, Batch 1250/3348, Loss: 0.0002
2025-09-29 01:25:46,653 [INFO] Época 24/30, Batch 1300/3348, Loss: 0.0002
2025-09-29 01:25:46,909 [INFO] Época 24/30, Batch 1350/3348, Loss: 0.0003
2025-09-29 01:25:47,177 [INFO] Época 24/30, Batch 1400/3348, Loss: 0.0002
2025-09-29 01:25:47,431 [INFO] Época 24/30, Batch 1450/3348, Loss: 0.0002
2025-09-29 01:25:47,688 [INFO] Época 24/30, Batch 1500/3348, Loss: 0.0003
2025-09-29 01:25:47,939 [INFO] Época 24/30, Batch 1550/3348, Loss: 0.0002
2025-09-29 01:25:48,191 [INFO] Época 24/30, Batch 1600/3348, Loss: 0.0002
2025-09-29 01:25:48,443 [INFO] Época 24/30, Batch 1650/3348, Loss: 0.0003
2025-09-29 01:25:48,694 [INFO] Época 24/30, Batch 1700/3348, Loss: 0.0003
2025-09-29 01:25:48,945 [INFO] Época 24/30, Batch 1750/3348, Loss: 0.0003
2025-09-29 01:25:49,201 [INFO] Época 24/30, Batch 1800/3348, Loss: 0.0002
2025-09-29 01:25:49,453 [INFO] Época 24/30, Batch 1850/3348, Loss: 0.0002
2025-09-29 01:25:49,704 [INFO] Época 24/30, Batch 1900/3348, Loss: 0.0002
2025-09-29 01:25:49,956 [INFO] Época 24/30, Batch 1950/3348, Loss: 0.0004
2025-09-29 01:25:50,207 [INFO] Época 24/30, Batch 2000/3348, Loss: 0.0002
2025-09-29 01:25:50,460 [INFO] Época 24/30, Batch 2050/3348, Loss: 0.0003
2025-09-29 01:25:50,711 [INFO] Época 24/30, Batch 2100/3348, Loss: 0.0002
2025-09-29 01:25:50,963 [INFO] Época 24/30, Batch 2150/3348, Loss: 0.0003
2025-09-29 01:25:51,214 [INFO] Época 24/30, Batch 2200/3348, Loss: 0.0002
2025-09-29 01:25:51,465 [INFO] Época 24/30, Batch 2250/3348, Loss: 0.0002
2025-09-29 01:25:51,715 [INFO] Época 24/30, Batch 2300/3348, Loss: 0.0003
2025-09-29 01:25:51,964 [INFO] Época 24/30, Batch 2350/3348, Loss: 0.0002
2025-09-29 01:25:52,223 [INFO] Época 24/30, Batch 2400/3348, Loss: 0.0003
2025-09-29 01:25:52,478 [INFO] Época 24/30, Batch 2450/3348, Loss: 0.0002
2025-09-29 01:25:52,733 [INFO] Época 24/30, Batch 2500/3348, Loss: 0.0003
2025-09-29 01:25:52,987 [INFO] Época 24/30, Batch 2550/3348, Loss: 0.0002
2025-09-29 01:25:53,243 [INFO] Época 24/30, Batch 2600/3348, Loss: 0.0002
2025-09-29 01:25:53,497 [INFO] Época 24/30, Batch 2650/3348, Loss: 0.0002
2025-09-29 01:25:53,755 [INFO] Época 24/30, Batch 2700/3348, Loss: 0.0003
2025-09-29 01:25:54,011 [INFO] Época 24/30, Batch 2750/3348, Loss: 0.0003
2025-09-29 01:25:54,267 [INFO] Época 24/30, Batch 2800/3348, Loss: 0.0002
2025-09-29 01:25:54,523 [INFO] Época 24/30, Batch 2850/3348, Loss: 0.0002
2025-09-29 01:25:54,777 [INFO] Época 24/30, Batch 2900/3348, Loss: 0.0002
2025-09-29 01:25:55,031 [INFO] Época 24/30, Batch 2950/3348, Loss: 0.0002
2025-09-29 01:25:55,282 [INFO] Época 24/30, Batch 3000/3348, Loss: 0.0002
2025-09-29 01:25:55,530 [INFO] Época 24/30, Batch 3050/3348, Loss: 0.0002
2025-09-29 01:25:55,779 [INFO] Época 24/30, Batch 3100/3348, Loss: 0.0003
2025-09-29 01:25:56,030 [INFO] Época 24/30, Batch 3150/3348, Loss: 0.0003
2025-09-29 01:25:56,279 [INFO] Época 24/30, Batch 3200/3348, Loss: 0.0003
2025-09-29 01:25:56,526 [INFO] Época 24/30, Batch 3250/3348, Loss: 0.0002
2025-09-29 01:25:56,775 [INFO] Época 24/30, Batch 3300/3348, Loss: 0.0002
2025-09-29 01:25:58,644 [INFO] [24/30] Train Loss: 0.0047 | Val Loss: 0.0003 | Tempo: 19.16s
2025-09-29 01:25:59,217 [INFO] Época 25/30, Batch 50/3348, Loss: 0.0002
2025-09-29 01:25:59,468 [INFO] Época 25/30, Batch 100/3348, Loss: 0.0003
2025-09-29 01:25:59,716 [INFO] Época 25/30, Batch 150/3348, Loss: 0.0003
2025-09-29 01:25:59,965 [INFO] Época 25/30, Batch 200/3348, Loss: 0.0002
2025-09-29 01:26:00,211 [INFO] Época 25/30, Batch 250/3348, Loss: 0.0001
2025-09-29 01:26:00,458 [INFO] Época 25/30, Batch 300/3348, Loss: 0.0003
2025-09-29 01:26:00,709 [INFO] Época 25/30, Batch 350/3348, Loss: 0.0002
2025-09-29 01:26:00,961 [INFO] Época 25/30, Batch 400/3348, Loss: 0.0003
2025-09-29 01:26:01,210 [INFO] Época 25/30, Batch 450/3348, Loss: 0.0002
2025-09-29 01:26:01,459 [INFO] Época 25/30, Batch 500/3348, Loss: 0.0003
2025-09-29 01:26:01,710 [INFO] Época 25/30, Batch 550/3348, Loss: 0.0003
2025-09-29 01:26:01,959 [INFO] Época 25/30, Batch 600/3348, Loss: 0.0006
2025-09-29 01:26:02,210 [INFO] Época 25/30, Batch 650/3348, Loss: 0.0002
2025-09-29 01:26:02,457 [INFO] Época 25/30, Batch 700/3348, Loss: 0.0003
2025-09-29 01:26:02,695 [INFO] Época 25/30, Batch 750/3348, Loss: 0.0002
2025-09-29 01:26:02,941 [INFO] Época 25/30, Batch 800/3348, Loss: 0.0002
2025-09-29 01:26:03,190 [INFO] Época 25/30, Batch 850/3348, Loss: 0.0004
2025-09-29 01:26:03,430 [INFO] Época 25/30, Batch 900/3348, Loss: 0.0003
2025-09-29 01:26:03,669 [INFO] Época 25/30, Batch 950/3348, Loss: 0.0003
2025-09-29 01:26:03,910 [INFO] Época 25/30, Batch 1000/3348, Loss: 0.0002
2025-09-29 01:26:04,144 [INFO] Época 25/30, Batch 1050/3348, Loss: 0.0003
2025-09-29 01:26:04,382 [INFO] Época 25/30, Batch 1100/3348, Loss: 0.0002
2025-09-29 01:26:04,620 [INFO] Época 25/30, Batch 1150/3348, Loss: 0.0002
2025-09-29 01:26:04,857 [INFO] Época 25/30, Batch 1200/3348, Loss: 0.0003
2025-09-29 01:26:05,106 [INFO] Época 25/30, Batch 1250/3348, Loss: 0.0002
2025-09-29 01:26:05,356 [INFO] Época 25/30, Batch 1300/3348, Loss: 0.0002
2025-09-29 01:26:05,607 [INFO] Época 25/30, Batch 1350/3348, Loss: 0.0003
2025-09-29 01:26:05,858 [INFO] Época 25/30, Batch 1400/3348, Loss: 0.0001
2025-09-29 01:26:06,116 [INFO] Época 25/30, Batch 1450/3348, Loss: 0.0002
2025-09-29 01:26:06,380 [INFO] Época 25/30, Batch 1500/3348, Loss: 0.0002
2025-09-29 01:26:06,630 [INFO] Época 25/30, Batch 1550/3348, Loss: 0.0003
2025-09-29 01:26:06,881 [INFO] Época 25/30, Batch 1600/3348, Loss: 0.0003
2025-09-29 01:26:07,149 [INFO] Época 25/30, Batch 1650/3348, Loss: 0.0003
2025-09-29 01:26:07,417 [INFO] Época 25/30, Batch 1700/3348, Loss: 0.0002
2025-09-29 01:26:07,686 [INFO] Época 25/30, Batch 1750/3348, Loss: 0.0003
2025-09-29 01:26:07,954 [INFO] Época 25/30, Batch 1800/3348, Loss: 0.0002
2025-09-29 01:26:08,215 [INFO] Época 25/30, Batch 1850/3348, Loss: 0.0003
2025-09-29 01:26:08,464 [INFO] Época 25/30, Batch 1900/3348, Loss: 0.0003
2025-09-29 01:26:08,713 [INFO] Época 25/30, Batch 1950/3348, Loss: 0.0002
2025-09-29 01:26:08,974 [INFO] Época 25/30, Batch 2000/3348, Loss: 0.0002
2025-09-29 01:26:09,222 [INFO] Época 25/30, Batch 2050/3348, Loss: 0.0003
2025-09-29 01:26:09,470 [INFO] Época 25/30, Batch 2100/3348, Loss: 0.0003
2025-09-29 01:26:09,717 [INFO] Época 25/30, Batch 2150/3348, Loss: 0.0002
2025-09-29 01:26:09,965 [INFO] Época 25/30, Batch 2200/3348, Loss: 0.0002
2025-09-29 01:26:10,213 [INFO] Época 25/30, Batch 2250/3348, Loss: 0.0002
2025-09-29 01:26:10,460 [INFO] Época 25/30, Batch 2300/3348, Loss: 0.0002
2025-09-29 01:26:10,726 [INFO] Época 25/30, Batch 2350/3348, Loss: 0.0003
2025-09-29 01:26:10,995 [INFO] Época 25/30, Batch 2400/3348, Loss: 0.0002
2025-09-29 01:26:11,264 [INFO] Época 25/30, Batch 2450/3348, Loss: 0.0004
2025-09-29 01:26:11,531 [INFO] Época 25/30, Batch 2500/3348, Loss: 0.0002
2025-09-29 01:26:11,800 [INFO] Época 25/30, Batch 2550/3348, Loss: 0.0002
2025-09-29 01:26:12,069 [INFO] Época 25/30, Batch 2600/3348, Loss: 0.0003
2025-09-29 01:26:12,335 [INFO] Época 25/30, Batch 2650/3348, Loss: 0.0003
2025-09-29 01:26:12,604 [INFO] Época 25/30, Batch 2700/3348, Loss: 0.0003
2025-09-29 01:26:12,870 [INFO] Época 25/30, Batch 2750/3348, Loss: 0.0002
2025-09-29 01:26:13,122 [INFO] Época 25/30, Batch 2800/3348, Loss: 0.0003
2025-09-29 01:26:13,369 [INFO] Época 25/30, Batch 2850/3348, Loss: 0.0002
2025-09-29 01:26:13,618 [INFO] Época 25/30, Batch 2900/3348, Loss: 0.0004
2025-09-29 01:26:13,867 [INFO] Época 25/30, Batch 2950/3348, Loss: 0.0002
2025-09-29 01:26:14,125 [INFO] Época 25/30, Batch 3000/3348, Loss: 0.0012
2025-09-29 01:26:14,375 [INFO] Época 25/30, Batch 3050/3348, Loss: 0.0003
2025-09-29 01:26:14,623 [INFO] Época 25/30, Batch 3100/3348, Loss: 0.0003
2025-09-29 01:26:14,874 [INFO] Época 25/30, Batch 3150/3348, Loss: 0.0002
2025-09-29 01:26:15,123 [INFO] Época 25/30, Batch 3200/3348, Loss: 0.0002
2025-09-29 01:26:15,370 [INFO] Época 25/30, Batch 3250/3348, Loss: 0.0003
2025-09-29 01:26:15,619 [INFO] Época 25/30, Batch 3300/3348, Loss: 0.0002
2025-09-29 01:26:17,456 [INFO] [25/30] Train Loss: 0.0047 | Val Loss: 0.0003 | Tempo: 18.81s
2025-09-29 01:26:18,058 [INFO] Época 26/30, Batch 50/3348, Loss: 0.0002
2025-09-29 01:26:18,319 [INFO] Época 26/30, Batch 100/3348, Loss: 0.0002
2025-09-29 01:26:18,570 [INFO] Época 26/30, Batch 150/3348, Loss: 0.0003
2025-09-29 01:26:18,820 [INFO] Época 26/30, Batch 200/3348, Loss: 0.0002
2025-09-29 01:26:19,068 [INFO] Época 26/30, Batch 250/3348, Loss: 0.0002
2025-09-29 01:26:19,328 [INFO] Época 26/30, Batch 300/3348, Loss: 0.0002
2025-09-29 01:26:19,576 [INFO] Época 26/30, Batch 350/3348, Loss: 0.0003
2025-09-29 01:26:19,829 [INFO] Época 26/30, Batch 400/3348, Loss: 0.0002
2025-09-29 01:26:20,080 [INFO] Época 26/30, Batch 450/3348, Loss: 0.0002
2025-09-29 01:26:20,334 [INFO] Época 26/30, Batch 500/3348, Loss: 0.0002
2025-09-29 01:26:20,587 [INFO] Época 26/30, Batch 550/3348, Loss: 0.0001
2025-09-29 01:26:20,840 [INFO] Época 26/30, Batch 600/3348, Loss: 0.0002
2025-09-29 01:26:21,090 [INFO] Época 26/30, Batch 650/3348, Loss: 0.0003
2025-09-29 01:26:21,335 [INFO] Época 26/30, Batch 700/3348, Loss: 0.0002
2025-09-29 01:26:21,581 [INFO] Época 26/30, Batch 750/3348, Loss: 0.0002
2025-09-29 01:26:21,828 [INFO] Época 26/30, Batch 800/3348, Loss: 0.0002
2025-09-29 01:26:22,069 [INFO] Época 26/30, Batch 850/3348, Loss: 0.0003
2025-09-29 01:26:22,306 [INFO] Época 26/30, Batch 900/3348, Loss: 0.0002
2025-09-29 01:26:22,547 [INFO] Época 26/30, Batch 950/3348, Loss: 0.0002
2025-09-29 01:26:22,780 [INFO] Época 26/30, Batch 1000/3348, Loss: 0.0002
2025-09-29 01:26:23,011 [INFO] Época 26/30, Batch 1050/3348, Loss: 0.0002
2025-09-29 01:26:23,245 [INFO] Época 26/30, Batch 1100/3348, Loss: 0.0003
2025-09-29 01:26:23,477 [INFO] Época 26/30, Batch 1150/3348, Loss: 0.0003
2025-09-29 01:26:23,712 [INFO] Época 26/30, Batch 1200/3348, Loss: 0.0002
2025-09-29 01:26:23,950 [INFO] Época 26/30, Batch 1250/3348, Loss: 0.0002
2025-09-29 01:26:24,190 [INFO] Época 26/30, Batch 1300/3348, Loss: 0.0002
2025-09-29 01:26:24,431 [INFO] Época 26/30, Batch 1350/3348, Loss: 0.0002
2025-09-29 01:26:24,673 [INFO] Época 26/30, Batch 1400/3348, Loss: 0.0002
2025-09-29 01:26:24,915 [INFO] Época 26/30, Batch 1450/3348, Loss: 0.0002
2025-09-29 01:26:25,155 [INFO] Época 26/30, Batch 1500/3348, Loss: 0.0002
2025-09-29 01:26:25,397 [INFO] Época 26/30, Batch 1550/3348, Loss: 0.0002
2025-09-29 01:26:25,641 [INFO] Época 26/30, Batch 1600/3348, Loss: 0.0003
2025-09-29 01:26:25,891 [INFO] Época 26/30, Batch 1650/3348, Loss: 0.0002
2025-09-29 01:26:26,139 [INFO] Época 26/30, Batch 1700/3348, Loss: 0.0002
2025-09-29 01:26:26,386 [INFO] Época 26/30, Batch 1750/3348, Loss: 0.0002
2025-09-29 01:26:26,633 [INFO] Época 26/30, Batch 1800/3348, Loss: 0.0003
2025-09-29 01:26:26,873 [INFO] Época 26/30, Batch 1850/3348, Loss: 0.0002
2025-09-29 01:26:27,117 [INFO] Época 26/30, Batch 1900/3348, Loss: 0.0003
2025-09-29 01:26:27,359 [INFO] Época 26/30, Batch 1950/3348, Loss: 0.0003
2025-09-29 01:26:27,602 [INFO] Época 26/30, Batch 2000/3348, Loss: 0.0002
2025-09-29 01:26:27,842 [INFO] Época 26/30, Batch 2050/3348, Loss: 0.0003
2025-09-29 01:26:28,084 [INFO] Época 26/30, Batch 2100/3348, Loss: 0.0002
2025-09-29 01:26:28,326 [INFO] Época 26/30, Batch 2150/3348, Loss: 0.0003
2025-09-29 01:26:28,568 [INFO] Época 26/30, Batch 2200/3348, Loss: 0.0002
2025-09-29 01:26:28,808 [INFO] Época 26/30, Batch 2250/3348, Loss: 0.0002
2025-09-29 01:26:29,047 [INFO] Época 26/30, Batch 2300/3348, Loss: 0.0003
2025-09-29 01:26:29,286 [INFO] Época 26/30, Batch 2350/3348, Loss: 0.0003
2025-09-29 01:26:29,539 [INFO] Época 26/30, Batch 2400/3348, Loss: 0.0002
2025-09-29 01:26:29,788 [INFO] Época 26/30, Batch 2450/3348, Loss: 0.0003
2025-09-29 01:26:30,034 [INFO] Época 26/30, Batch 2500/3348, Loss: 0.0003
2025-09-29 01:26:30,283 [INFO] Época 26/30, Batch 2550/3348, Loss: 0.0002
2025-09-29 01:26:30,529 [INFO] Época 26/30, Batch 2600/3348, Loss: 0.0002
2025-09-29 01:26:30,777 [INFO] Época 26/30, Batch 2650/3348, Loss: 0.0003
2025-09-29 01:26:31,028 [INFO] Época 26/30, Batch 2700/3348, Loss: 0.0002
2025-09-29 01:26:31,274 [INFO] Época 26/30, Batch 2750/3348, Loss: 0.0003
2025-09-29 01:26:31,522 [INFO] Época 26/30, Batch 2800/3348, Loss: 0.0002
2025-09-29 01:26:31,769 [INFO] Época 26/30, Batch 2850/3348, Loss: 0.0003
2025-09-29 01:26:32,019 [INFO] Época 26/30, Batch 2900/3348, Loss: 0.0003
2025-09-29 01:26:32,266 [INFO] Época 26/30, Batch 2950/3348, Loss: 0.0002
2025-09-29 01:26:32,513 [INFO] Época 26/30, Batch 3000/3348, Loss: 0.0002
2025-09-29 01:26:32,762 [INFO] Época 26/30, Batch 3050/3348, Loss: 0.0003
2025-09-29 01:26:33,009 [INFO] Época 26/30, Batch 3100/3348, Loss: 0.0002
2025-09-29 01:26:33,255 [INFO] Época 26/30, Batch 3150/3348, Loss: 0.0002
2025-09-29 01:26:33,502 [INFO] Época 26/30, Batch 3200/3348, Loss: 0.0003
2025-09-29 01:26:33,746 [INFO] Época 26/30, Batch 3250/3348, Loss: 0.0002
2025-09-29 01:26:33,986 [INFO] Época 26/30, Batch 3300/3348, Loss: 0.0002
2025-09-29 01:26:35,792 [INFO] [26/30] Train Loss: 0.0047 | Val Loss: 0.0003 | Tempo: 18.33s
2025-09-29 01:26:35,796 [INFO] Melhor modelo salvo em: /mnt/hdd/home/jdurao/ToolBox-ChemXAI/models/mlp_qm9_MorganCount_att0.pth
2025-09-29 01:26:36,367 [INFO] Época 27/30, Batch 50/3348, Loss: 0.0003
2025-09-29 01:26:36,617 [INFO] Época 27/30, Batch 100/3348, Loss: 0.0002
2025-09-29 01:26:36,861 [INFO] Época 27/30, Batch 150/3348, Loss: 0.0003
2025-09-29 01:26:37,109 [INFO] Época 27/30, Batch 200/3348, Loss: 0.0003
2025-09-29 01:26:37,362 [INFO] Época 27/30, Batch 250/3348, Loss: 0.0002
2025-09-29 01:26:37,605 [INFO] Época 27/30, Batch 300/3348, Loss: 0.0002
2025-09-29 01:26:37,850 [INFO] Época 27/30, Batch 350/3348, Loss: 0.0002
2025-09-29 01:26:38,117 [INFO] Época 27/30, Batch 400/3348, Loss: 0.0002
2025-09-29 01:26:38,386 [INFO] Época 27/30, Batch 450/3348, Loss: 0.0002
2025-09-29 01:26:38,654 [INFO] Época 27/30, Batch 500/3348, Loss: 0.0002
2025-09-29 01:26:38,922 [INFO] Época 27/30, Batch 550/3348, Loss: 0.0003
2025-09-29 01:26:39,192 [INFO] Época 27/30, Batch 600/3348, Loss: 0.0002
2025-09-29 01:26:39,461 [INFO] Época 27/30, Batch 650/3348, Loss: 0.0003
2025-09-29 01:26:39,731 [INFO] Época 27/30, Batch 700/3348, Loss: 0.0002
2025-09-29 01:26:39,998 [INFO] Época 27/30, Batch 750/3348, Loss: 0.0001
2025-09-29 01:26:40,265 [INFO] Época 27/30, Batch 800/3348, Loss: 0.0002
2025-09-29 01:26:40,531 [INFO] Época 27/30, Batch 850/3348, Loss: 0.0002
2025-09-29 01:26:40,797 [INFO] Época 27/30, Batch 900/3348, Loss: 0.0002
2025-09-29 01:26:41,075 [INFO] Época 27/30, Batch 950/3348, Loss: 0.0002
2025-09-29 01:26:41,343 [INFO] Época 27/30, Batch 1000/3348, Loss: 0.0002
2025-09-29 01:26:41,609 [INFO] Época 27/30, Batch 1050/3348, Loss: 0.0002
2025-09-29 01:26:41,876 [INFO] Época 27/30, Batch 1100/3348, Loss: 0.0003
2025-09-29 01:26:42,143 [INFO] Época 27/30, Batch 1150/3348, Loss: 0.0002
2025-09-29 01:26:42,411 [INFO] Época 27/30, Batch 1200/3348, Loss: 0.0002
2025-09-29 01:26:42,677 [INFO] Época 27/30, Batch 1250/3348, Loss: 0.0002
2025-09-29 01:26:42,937 [INFO] Época 27/30, Batch 1300/3348, Loss: 0.0009
2025-09-29 01:26:43,182 [INFO] Época 27/30, Batch 1350/3348, Loss: 0.0003
2025-09-29 01:26:43,430 [INFO] Época 27/30, Batch 1400/3348, Loss: 0.0002
2025-09-29 01:26:43,677 [INFO] Época 27/30, Batch 1450/3348, Loss: 0.0002
2025-09-29 01:26:43,925 [INFO] Época 27/30, Batch 1500/3348, Loss: 0.0003
2025-09-29 01:26:44,172 [INFO] Época 27/30, Batch 1550/3348, Loss: 0.0003
2025-09-29 01:26:44,418 [INFO] Época 27/30, Batch 1600/3348, Loss: 0.0002
2025-09-29 01:26:44,664 [INFO] Época 27/30, Batch 1650/3348, Loss: 0.0002
2025-09-29 01:26:44,910 [INFO] Época 27/30, Batch 1700/3348, Loss: 0.0003
2025-09-29 01:26:45,155 [INFO] Época 27/30, Batch 1750/3348, Loss: 0.0003
2025-09-29 01:26:45,401 [INFO] Época 27/30, Batch 1800/3348, Loss: 0.0002
2025-09-29 01:26:45,647 [INFO] Época 27/30, Batch 1850/3348, Loss: 0.0003
2025-09-29 01:26:45,891 [INFO] Época 27/30, Batch 1900/3348, Loss: 0.0004
2025-09-29 01:26:46,148 [INFO] Época 27/30, Batch 1950/3348, Loss: 0.0003
2025-09-29 01:26:46,394 [INFO] Época 27/30, Batch 2000/3348, Loss: 0.0002
2025-09-29 01:26:46,640 [INFO] Época 27/30, Batch 2050/3348, Loss: 0.0002
2025-09-29 01:26:46,889 [INFO] Época 27/30, Batch 2100/3348, Loss: 0.0002
2025-09-29 01:26:47,135 [INFO] Época 27/30, Batch 2150/3348, Loss: 0.0002
2025-09-29 01:26:47,383 [INFO] Época 27/30, Batch 2200/3348, Loss: 0.0002
2025-09-29 01:26:47,632 [INFO] Época 27/30, Batch 2250/3348, Loss: 0.0002
2025-09-29 01:26:47,877 [INFO] Época 27/30, Batch 2300/3348, Loss: 0.0002
2025-09-29 01:26:48,122 [INFO] Época 27/30, Batch 2350/3348, Loss: 0.0003
2025-09-29 01:26:48,370 [INFO] Época 27/30, Batch 2400/3348, Loss: 0.0003
2025-09-29 01:26:48,618 [INFO] Época 27/30, Batch 2450/3348, Loss: 0.0002
2025-09-29 01:26:48,869 [INFO] Época 27/30, Batch 2500/3348, Loss: 0.0002
2025-09-29 01:26:49,122 [INFO] Época 27/30, Batch 2550/3348, Loss: 0.0003
2025-09-29 01:26:49,374 [INFO] Época 27/30, Batch 2600/3348, Loss: 0.0003
2025-09-29 01:26:49,626 [INFO] Época 27/30, Batch 2650/3348, Loss: 0.0003
2025-09-29 01:26:49,869 [INFO] Época 27/30, Batch 2700/3348, Loss: 0.0003
2025-09-29 01:26:50,115 [INFO] Época 27/30, Batch 2750/3348, Loss: 0.0002
2025-09-29 01:26:50,360 [INFO] Época 27/30, Batch 2800/3348, Loss: 0.0002
2025-09-29 01:26:50,610 [INFO] Época 27/30, Batch 2850/3348, Loss: 0.0003
2025-09-29 01:26:50,860 [INFO] Época 27/30, Batch 2900/3348, Loss: 0.0002
2025-09-29 01:26:51,106 [INFO] Época 27/30, Batch 2950/3348, Loss: 0.0002
2025-09-29 01:26:51,357 [INFO] Época 27/30, Batch 3000/3348, Loss: 0.0002
2025-09-29 01:26:51,604 [INFO] Época 27/30, Batch 3050/3348, Loss: 0.0003
2025-09-29 01:26:51,850 [INFO] Época 27/30, Batch 3100/3348, Loss: 0.0002
2025-09-29 01:26:52,099 [INFO] Época 27/30, Batch 3150/3348, Loss: 0.0003
2025-09-29 01:26:52,347 [INFO] Época 27/30, Batch 3200/3348, Loss: 0.0003
2025-09-29 01:26:52,596 [INFO] Época 27/30, Batch 3250/3348, Loss: 0.0002
2025-09-29 01:26:52,843 [INFO] Época 27/30, Batch 3300/3348, Loss: 0.0002
2025-09-29 01:26:54,732 [INFO] [27/30] Train Loss: 0.0047 | Val Loss: 0.0003 | Tempo: 18.94s
2025-09-29 01:26:55,308 [INFO] Época 28/30, Batch 50/3348, Loss: 0.0002
2025-09-29 01:26:55,559 [INFO] Época 28/30, Batch 100/3348, Loss: 0.0002
2025-09-29 01:26:55,807 [INFO] Época 28/30, Batch 150/3348, Loss: 0.0002
2025-09-29 01:26:56,057 [INFO] Época 28/30, Batch 200/3348, Loss: 0.0002
2025-09-29 01:26:56,306 [INFO] Época 28/30, Batch 250/3348, Loss: 0.0002
2025-09-29 01:26:56,555 [INFO] Época 28/30, Batch 300/3348, Loss: 0.0003
2025-09-29 01:26:56,802 [INFO] Época 28/30, Batch 350/3348, Loss: 0.0002
2025-09-29 01:26:57,048 [INFO] Época 28/30, Batch 400/3348, Loss: 0.0002
2025-09-29 01:26:57,296 [INFO] Época 28/30, Batch 450/3348, Loss: 0.0002
2025-09-29 01:26:57,544 [INFO] Época 28/30, Batch 500/3348, Loss: 0.0004
2025-09-29 01:26:57,792 [INFO] Época 28/30, Batch 550/3348, Loss: 0.0003
2025-09-29 01:26:58,040 [INFO] Época 28/30, Batch 600/3348, Loss: 0.0002
2025-09-29 01:26:58,287 [INFO] Época 28/30, Batch 650/3348, Loss: 0.0002
2025-09-29 01:26:58,538 [INFO] Época 28/30, Batch 700/3348, Loss: 0.0003
2025-09-29 01:26:58,783 [INFO] Época 28/30, Batch 750/3348, Loss: 0.0003
2025-09-29 01:26:59,025 [INFO] Época 28/30, Batch 800/3348, Loss: 0.0002
2025-09-29 01:26:59,272 [INFO] Época 28/30, Batch 850/3348, Loss: 0.0002
2025-09-29 01:26:59,518 [INFO] Época 28/30, Batch 900/3348, Loss: 0.0003
2025-09-29 01:26:59,767 [INFO] Época 28/30, Batch 950/3348, Loss: 0.0003
2025-09-29 01:27:00,017 [INFO] Época 28/30, Batch 1000/3348, Loss: 0.0002
2025-09-29 01:27:00,264 [INFO] Época 28/30, Batch 1050/3348, Loss: 0.0003
2025-09-29 01:27:00,511 [INFO] Época 28/30, Batch 1100/3348, Loss: 0.0002
2025-09-29 01:27:00,760 [INFO] Época 28/30, Batch 1150/3348, Loss: 0.0002
2025-09-29 01:27:01,008 [INFO] Época 28/30, Batch 1200/3348, Loss: 0.0003
2025-09-29 01:27:01,257 [INFO] Época 28/30, Batch 1250/3348, Loss: 0.0003
2025-09-29 01:27:01,504 [INFO] Época 28/30, Batch 1300/3348, Loss: 0.0002
2025-09-29 01:27:01,762 [INFO] Época 28/30, Batch 1350/3348, Loss: 0.0002
2025-09-29 01:27:02,010 [INFO] Época 28/30, Batch 1400/3348, Loss: 0.0002
2025-09-29 01:27:02,257 [INFO] Época 28/30, Batch 1450/3348, Loss: 0.0002
2025-09-29 01:27:02,505 [INFO] Época 28/30, Batch 1500/3348, Loss: 0.0003
2025-09-29 01:27:02,752 [INFO] Época 28/30, Batch 1550/3348, Loss: 0.0002
2025-09-29 01:27:03,001 [INFO] Época 28/30, Batch 1600/3348, Loss: 0.0003
2025-09-29 01:27:03,248 [INFO] Época 28/30, Batch 1650/3348, Loss: 0.0002
2025-09-29 01:27:03,497 [INFO] Época 28/30, Batch 1700/3348, Loss: 0.0002
2025-09-29 01:27:03,745 [INFO] Época 28/30, Batch 1750/3348, Loss: 0.0002
2025-09-29 01:27:03,991 [INFO] Época 28/30, Batch 1800/3348, Loss: 0.0003
2025-09-29 01:27:04,240 [INFO] Época 28/30, Batch 1850/3348, Loss: 0.0002
2025-09-29 01:27:04,489 [INFO] Época 28/30, Batch 1900/3348, Loss: 0.0002
2025-09-29 01:27:04,738 [INFO] Época 28/30, Batch 1950/3348, Loss: 0.0002
2025-09-29 01:27:04,985 [INFO] Época 28/30, Batch 2000/3348, Loss: 0.0002
2025-09-29 01:27:05,232 [INFO] Época 28/30, Batch 2050/3348, Loss: 0.0004
2025-09-29 01:27:05,479 [INFO] Época 28/30, Batch 2100/3348, Loss: 0.0002
2025-09-29 01:27:05,726 [INFO] Época 28/30, Batch 2150/3348, Loss: 0.0003
2025-09-29 01:27:05,974 [INFO] Época 28/30, Batch 2200/3348, Loss: 0.0002
2025-09-29 01:27:06,221 [INFO] Época 28/30, Batch 2250/3348, Loss: 0.0003
2025-09-29 01:27:06,468 [INFO] Época 28/30, Batch 2300/3348, Loss: 0.0003
2025-09-29 01:27:06,717 [INFO] Época 28/30, Batch 2350/3348, Loss: 0.0002
2025-09-29 01:27:06,968 [INFO] Época 28/30, Batch 2400/3348, Loss: 0.0002
2025-09-29 01:27:07,215 [INFO] Época 28/30, Batch 2450/3348, Loss: 0.0003
2025-09-29 01:27:07,464 [INFO] Época 28/30, Batch 2500/3348, Loss: 0.0002
2025-09-29 01:27:07,714 [INFO] Época 28/30, Batch 2550/3348, Loss: 0.0003
2025-09-29 01:27:07,962 [INFO] Época 28/30, Batch 2600/3348, Loss: 0.0002
2025-09-29 01:27:08,208 [INFO] Época 28/30, Batch 2650/3348, Loss: 0.0003
2025-09-29 01:27:08,457 [INFO] Época 28/30, Batch 2700/3348, Loss: 0.0002
2025-09-29 01:27:08,706 [INFO] Época 28/30, Batch 2750/3348, Loss: 0.0002
2025-09-29 01:27:08,956 [INFO] Época 28/30, Batch 2800/3348, Loss: 0.0002
2025-09-29 01:27:09,204 [INFO] Época 28/30, Batch 2850/3348, Loss: 0.0003
2025-09-29 01:27:09,451 [INFO] Época 28/30, Batch 2900/3348, Loss: 0.0002
2025-09-29 01:27:09,700 [INFO] Época 28/30, Batch 2950/3348, Loss: 0.0004
2025-09-29 01:27:09,947 [INFO] Época 28/30, Batch 3000/3348, Loss: 0.0002
2025-09-29 01:27:10,195 [INFO] Época 28/30, Batch 3050/3348, Loss: 0.0003
2025-09-29 01:27:10,445 [INFO] Época 28/30, Batch 3100/3348, Loss: 0.0003
2025-09-29 01:27:10,691 [INFO] Época 28/30, Batch 3150/3348, Loss: 0.0002
2025-09-29 01:27:10,938 [INFO] Época 28/30, Batch 3200/3348, Loss: 0.0003
2025-09-29 01:27:11,185 [INFO] Época 28/30, Batch 3250/3348, Loss: 0.0002
2025-09-29 01:27:11,431 [INFO] Época 28/30, Batch 3300/3348, Loss: 0.0003
2025-09-29 01:27:13,196 [INFO] [28/30] Train Loss: 0.0047 | Val Loss: 0.0003 | Tempo: 18.46s
2025-09-29 01:27:13,774 [INFO] Época 29/30, Batch 50/3348, Loss: 0.0004
2025-09-29 01:27:14,033 [INFO] Época 29/30, Batch 100/3348, Loss: 0.0002
2025-09-29 01:27:14,290 [INFO] Época 29/30, Batch 150/3348, Loss: 0.0002
2025-09-29 01:27:14,549 [INFO] Época 29/30, Batch 200/3348, Loss: 0.0003
2025-09-29 01:27:14,803 [INFO] Época 29/30, Batch 250/3348, Loss: 0.0002
2025-09-29 01:27:15,054 [INFO] Época 29/30, Batch 300/3348, Loss: 0.0002
2025-09-29 01:27:15,302 [INFO] Época 29/30, Batch 350/3348, Loss: 0.0003
2025-09-29 01:27:15,552 [INFO] Época 29/30, Batch 400/3348, Loss: 0.0003
2025-09-29 01:27:15,810 [INFO] Época 29/30, Batch 450/3348, Loss: 0.0002
2025-09-29 01:27:16,065 [INFO] Época 29/30, Batch 500/3348, Loss: 0.0003
2025-09-29 01:27:16,312 [INFO] Época 29/30, Batch 550/3348, Loss: 0.0002
2025-09-29 01:27:16,559 [INFO] Época 29/30, Batch 600/3348, Loss: 0.0002
2025-09-29 01:27:16,806 [INFO] Época 29/30, Batch 650/3348, Loss: 0.0002
2025-09-29 01:27:17,054 [INFO] Época 29/30, Batch 700/3348, Loss: 0.0004
2025-09-29 01:27:17,295 [INFO] Época 29/30, Batch 750/3348, Loss: 0.0002
2025-09-29 01:27:17,532 [INFO] Época 29/30, Batch 800/3348, Loss: 0.0002
2025-09-29 01:27:17,769 [INFO] Época 29/30, Batch 850/3348, Loss: 0.0002
2025-09-29 01:27:18,010 [INFO] Época 29/30, Batch 900/3348, Loss: 0.0002
2025-09-29 01:27:18,252 [INFO] Época 29/30, Batch 950/3348, Loss: 0.0002
2025-09-29 01:27:18,493 [INFO] Época 29/30, Batch 1000/3348, Loss: 0.0002
2025-09-29 01:27:18,732 [INFO] Época 29/30, Batch 1050/3348, Loss: 0.0002
2025-09-29 01:27:18,973 [INFO] Época 29/30, Batch 1100/3348, Loss: 0.0004
2025-09-29 01:27:19,212 [INFO] Época 29/30, Batch 1150/3348, Loss: 0.0002
2025-09-29 01:27:19,451 [INFO] Época 29/30, Batch 1200/3348, Loss: 0.0002
2025-09-29 01:27:19,690 [INFO] Época 29/30, Batch 1250/3348, Loss: 0.0002
2025-09-29 01:27:19,930 [INFO] Época 29/30, Batch 1300/3348, Loss: 0.0012
2025-09-29 01:27:20,193 [INFO] Época 29/30, Batch 1350/3348, Loss: 0.0002
2025-09-29 01:27:20,463 [INFO] Época 29/30, Batch 1400/3348, Loss: 0.0002
2025-09-29 01:27:20,733 [INFO] Época 29/30, Batch 1450/3348, Loss: 0.0003
2025-09-29 01:27:21,004 [INFO] Época 29/30, Batch 1500/3348, Loss: 0.0002
2025-09-29 01:27:21,249 [INFO] Época 29/30, Batch 1550/3348, Loss: 0.0003
2025-09-29 01:27:21,495 [INFO] Época 29/30, Batch 1600/3348, Loss: 0.0003
2025-09-29 01:27:21,742 [INFO] Época 29/30, Batch 1650/3348, Loss: 0.0002
2025-09-29 01:27:21,989 [INFO] Época 29/30, Batch 1700/3348, Loss: 0.0002
2025-09-29 01:27:22,233 [INFO] Época 29/30, Batch 1750/3348, Loss: 0.0002
2025-09-29 01:27:22,478 [INFO] Época 29/30, Batch 1800/3348, Loss: 0.0003
2025-09-29 01:27:22,725 [INFO] Época 29/30, Batch 1850/3348, Loss: 0.0003
2025-09-29 01:27:22,971 [INFO] Época 29/30, Batch 1900/3348, Loss: 0.0002
2025-09-29 01:27:23,216 [INFO] Época 29/30, Batch 1950/3348, Loss: 0.0002
2025-09-29 01:27:23,463 [INFO] Época 29/30, Batch 2000/3348, Loss: 0.0002
2025-09-29 01:27:23,725 [INFO] Época 29/30, Batch 2050/3348, Loss: 0.0002
2025-09-29 01:27:23,993 [INFO] Época 29/30, Batch 2100/3348, Loss: 0.0002
2025-09-29 01:27:24,250 [INFO] Época 29/30, Batch 2150/3348, Loss: 0.0002
2025-09-29 01:27:24,499 [INFO] Época 29/30, Batch 2200/3348, Loss: 0.0002
2025-09-29 01:27:24,758 [INFO] Época 29/30, Batch 2250/3348, Loss: 0.0003
2025-09-29 01:27:25,018 [INFO] Época 29/30, Batch 2300/3348, Loss: 0.0003
2025-09-29 01:27:25,263 [INFO] Época 29/30, Batch 2350/3348, Loss: 0.0002
2025-09-29 01:27:25,510 [INFO] Época 29/30, Batch 2400/3348, Loss: 0.0002
2025-09-29 01:27:25,773 [INFO] Época 29/30, Batch 2450/3348, Loss: 0.0002
2025-09-29 01:27:26,047 [INFO] Época 29/30, Batch 2500/3348, Loss: 0.0010
2025-09-29 01:27:26,313 [INFO] Época 29/30, Batch 2550/3348, Loss: 0.0002
2025-09-29 01:27:26,560 [INFO] Época 29/30, Batch 2600/3348, Loss: 0.0003
2025-09-29 01:27:26,807 [INFO] Época 29/30, Batch 2650/3348, Loss: 0.0003
2025-09-29 01:27:27,053 [INFO] Época 29/30, Batch 2700/3348, Loss: 4.0183
2025-09-29 01:27:27,301 [INFO] Época 29/30, Batch 2750/3348, Loss: 0.0002
2025-09-29 01:27:27,547 [INFO] Época 29/30, Batch 2800/3348, Loss: 0.0002
2025-09-29 01:27:27,798 [INFO] Época 29/30, Batch 2850/3348, Loss: 0.0002
2025-09-29 01:27:28,048 [INFO] Época 29/30, Batch 2900/3348, Loss: 0.0002
2025-09-29 01:27:28,291 [INFO] Época 29/30, Batch 2950/3348, Loss: 0.0002
2025-09-29 01:27:28,539 [INFO] Época 29/30, Batch 3000/3348, Loss: 0.0003
2025-09-29 01:27:28,788 [INFO] Época 29/30, Batch 3050/3348, Loss: 0.0003
2025-09-29 01:27:29,038 [INFO] Época 29/30, Batch 3100/3348, Loss: 0.0002
2025-09-29 01:27:29,289 [INFO] Época 29/30, Batch 3150/3348, Loss: 0.0003
2025-09-29 01:27:29,537 [INFO] Época 29/30, Batch 3200/3348, Loss: 0.0004
2025-09-29 01:27:29,784 [INFO] Época 29/30, Batch 3250/3348, Loss: 0.0002
2025-09-29 01:27:30,032 [INFO] Época 29/30, Batch 3300/3348, Loss: 0.0002
2025-09-29 01:27:31,933 [INFO] [29/30] Train Loss: 0.0047 | Val Loss: 0.0003 | Tempo: 18.74s
2025-09-29 01:27:32,533 [INFO] Época 30/30, Batch 50/3348, Loss: 0.0003
2025-09-29 01:27:32,804 [INFO] Época 30/30, Batch 100/3348, Loss: 0.0002
2025-09-29 01:27:33,073 [INFO] Época 30/30, Batch 150/3348, Loss: 0.0002
2025-09-29 01:27:33,342 [INFO] Época 30/30, Batch 200/3348, Loss: 0.0003
2025-09-29 01:27:33,607 [INFO] Época 30/30, Batch 250/3348, Loss: 0.0003
2025-09-29 01:27:33,873 [INFO] Época 30/30, Batch 300/3348, Loss: 0.0002
2025-09-29 01:27:34,131 [INFO] Época 30/30, Batch 350/3348, Loss: 0.0002
2025-09-29 01:27:34,390 [INFO] Época 30/30, Batch 400/3348, Loss: 0.0003
2025-09-29 01:27:34,649 [INFO] Época 30/30, Batch 450/3348, Loss: 0.0002
2025-09-29 01:27:34,905 [INFO] Época 30/30, Batch 500/3348, Loss: 0.0004
2025-09-29 01:27:35,154 [INFO] Época 30/30, Batch 550/3348, Loss: 0.0002
2025-09-29 01:27:35,402 [INFO] Época 30/30, Batch 600/3348, Loss: 0.0004
2025-09-29 01:27:35,651 [INFO] Época 30/30, Batch 650/3348, Loss: 0.0003
2025-09-29 01:27:35,897 [INFO] Época 30/30, Batch 700/3348, Loss: 0.0004
2025-09-29 01:27:36,137 [INFO] Época 30/30, Batch 750/3348, Loss: 0.0002
2025-09-29 01:27:36,374 [INFO] Época 30/30, Batch 800/3348, Loss: 0.0002
2025-09-29 01:27:36,612 [INFO] Época 30/30, Batch 850/3348, Loss: 0.0002
2025-09-29 01:27:36,853 [INFO] Época 30/30, Batch 900/3348, Loss: 0.0003
2025-09-29 01:27:37,094 [INFO] Época 30/30, Batch 950/3348, Loss: 0.0002
2025-09-29 01:27:37,331 [INFO] Época 30/30, Batch 1000/3348, Loss: 0.0003
2025-09-29 01:27:37,576 [INFO] Época 30/30, Batch 1050/3348, Loss: 0.0002
2025-09-29 01:27:37,829 [INFO] Época 30/30, Batch 1100/3348, Loss: 0.0003
2025-09-29 01:27:38,082 [INFO] Época 30/30, Batch 1150/3348, Loss: 0.0002
2025-09-29 01:27:38,331 [INFO] Época 30/30, Batch 1200/3348, Loss: 0.0014
2025-09-29 01:27:38,577 [INFO] Época 30/30, Batch 1250/3348, Loss: 0.0002
2025-09-29 01:27:38,832 [INFO] Época 30/30, Batch 1300/3348, Loss: 0.0003
2025-09-29 01:27:39,099 [INFO] Época 30/30, Batch 1350/3348, Loss: 0.0002
2025-09-29 01:27:39,357 [INFO] Época 30/30, Batch 1400/3348, Loss: 0.0002
2025-09-29 01:27:39,611 [INFO] Época 30/30, Batch 1450/3348, Loss: 0.0003
2025-09-29 01:27:39,865 [INFO] Época 30/30, Batch 1500/3348, Loss: 0.0002
2025-09-29 01:27:40,113 [INFO] Época 30/30, Batch 1550/3348, Loss: 0.0003
2025-09-29 01:27:40,360 [INFO] Época 30/30, Batch 1600/3348, Loss: 0.0002
2025-09-29 01:27:40,607 [INFO] Época 30/30, Batch 1650/3348, Loss: 0.0003
2025-09-29 01:27:40,854 [INFO] Época 30/30, Batch 1700/3348, Loss: 0.0003
2025-09-29 01:27:41,102 [INFO] Época 30/30, Batch 1750/3348, Loss: 0.0002
2025-09-29 01:27:41,351 [INFO] Época 30/30, Batch 1800/3348, Loss: 0.0005
2025-09-29 01:27:41,598 [INFO] Época 30/30, Batch 1850/3348, Loss: 0.0002
2025-09-29 01:27:41,846 [INFO] Época 30/30, Batch 1900/3348, Loss: 0.0002
2025-09-29 01:27:42,093 [INFO] Época 30/30, Batch 1950/3348, Loss: 0.0002
2025-09-29 01:27:42,343 [INFO] Época 30/30, Batch 2000/3348, Loss: 0.0002
2025-09-29 01:27:42,588 [INFO] Época 30/30, Batch 2050/3348, Loss: 0.0002
2025-09-29 01:27:42,832 [INFO] Época 30/30, Batch 2100/3348, Loss: 0.0002
2025-09-29 01:27:43,076 [INFO] Época 30/30, Batch 2150/3348, Loss: 0.0002
2025-09-29 01:27:43,319 [INFO] Época 30/30, Batch 2200/3348, Loss: 0.0003
2025-09-29 01:27:43,567 [INFO] Época 30/30, Batch 2250/3348, Loss: 0.0002
2025-09-29 01:27:43,812 [INFO] Época 30/30, Batch 2300/3348, Loss: 0.0004
2025-09-29 01:27:44,054 [INFO] Época 30/30, Batch 2350/3348, Loss: 0.0003
2025-09-29 01:27:44,295 [INFO] Época 30/30, Batch 2400/3348, Loss: 0.0002
2025-09-29 01:27:44,541 [INFO] Época 30/30, Batch 2450/3348, Loss: 0.0002
2025-09-29 01:27:44,783 [INFO] Época 30/30, Batch 2500/3348, Loss: 0.0002
2025-09-29 01:27:45,026 [INFO] Época 30/30, Batch 2550/3348, Loss: 0.0003
2025-09-29 01:27:45,267 [INFO] Época 30/30, Batch 2600/3348, Loss: 0.0002
2025-09-29 01:27:45,510 [INFO] Época 30/30, Batch 2650/3348, Loss: 0.0002
2025-09-29 01:27:45,752 [INFO] Época 30/30, Batch 2700/3348, Loss: 0.0003
2025-09-29 01:27:46,001 [INFO] Época 30/30, Batch 2750/3348, Loss: 0.0003
2025-09-29 01:27:46,244 [INFO] Época 30/30, Batch 2800/3348, Loss: 0.0002
2025-09-29 01:27:46,484 [INFO] Época 30/30, Batch 2850/3348, Loss: 0.0002
2025-09-29 01:27:46,727 [INFO] Época 30/30, Batch 2900/3348, Loss: 0.0002
2025-09-29 01:27:46,970 [INFO] Época 30/30, Batch 2950/3348, Loss: 0.0002
2025-09-29 01:27:47,212 [INFO] Época 30/30, Batch 3000/3348, Loss: 0.0002
2025-09-29 01:27:47,457 [INFO] Época 30/30, Batch 3050/3348, Loss: 0.0002
2025-09-29 01:27:47,699 [INFO] Época 30/30, Batch 3100/3348, Loss: 0.0002
2025-09-29 01:27:47,943 [INFO] Época 30/30, Batch 3150/3348, Loss: 0.0002
2025-09-29 01:27:48,188 [INFO] Época 30/30, Batch 3200/3348, Loss: 0.0002
2025-09-29 01:27:48,430 [INFO] Época 30/30, Batch 3250/3348, Loss: 0.0003
2025-09-29 01:27:48,674 [INFO] Época 30/30, Batch 3300/3348, Loss: 0.0003
2025-09-29 01:27:50,447 [INFO] [30/30] Train Loss: 0.0047 | Val Loss: 0.0004 | Tempo: 18.51s
2025-09-29 01:27:50,448 [INFO] Treinamento concluído em 560.03 segundos (9.33 minutos)
2025-09-29 01:27:50,448 [INFO] Iniciando avaliação no conjunto de teste...
2025-09-29 01:27:51,896 [INFO] Avaliação do teste concluída em 1.45 segundos
2025-09-29 01:27:51,896 [INFO] MSE no teste: 0.0000
2025-09-29 01:27:51,896 [INFO] RMSE no teste: 0.0005
2025-09-29 01:27:51,897 [INFO] MAE no teste: 0.0004
2025-09-29 01:27:51,897 [INFO] Métricas salvas em /mnt/hdd/home/jdurao/ToolBox-ChemXAI/logs/mlp_att0_MorganCount_metrics.json
2025-09-29 01:27:51,947 [INFO] Iniciando treinamento do modelo mlp_att0_MorganCount
2025-09-29 01:27:51,947 [INFO] Configuração: att_index=0, epochs=30, layers=[64, 32, 16], lr=0.001, batch_size=32, descriptor_type=MorganCount
2025-09-29 01:27:51,948 [INFO] Diretório para modelos: /mnt/hdd/home/jdurao/ToolBox-ChemXAI/models
2025-09-29 01:27:51,948 [INFO] Carregando dados...
2025-09-29 01:27:52,032 [INFO] Preparando dataloaders sem ruído...
2025-09-29 01:27:58,719 [INFO] Dados carregados em 6.77 segundos
2025-09-29 01:27:58,719 [INFO] Tamanhos dos conjuntos - Treino: 107108, Validação: 13388, Teste: 13389
2025-09-29 01:27:58,719 [INFO] Usando dispositivo: cuda
2025-09-29 01:27:59,099 [INFO] Dimensão de entrada: 512, Dimensão de saída: 1
2025-09-29 01:27:59,100 [INFO] Criando modelo MLP com camadas: [64, 32, 16]
2025-09-29 01:27:59,102 [INFO] Modelo criado com 35457 parâmetros
2025-09-29 01:27:59,104 [INFO] Iniciando treinamento com 30 épocas...
2025-09-29 01:27:59,668 [INFO] Época 1/30, Batch 50/3348, Loss: 0.0294
2025-09-29 01:27:59,940 [INFO] Época 1/30, Batch 100/3348, Loss: 0.0184
2025-09-29 01:28:00,206 [INFO] Época 1/30, Batch 150/3348, Loss: 0.0119
2025-09-29 01:28:00,463 [INFO] Época 1/30, Batch 200/3348, Loss: 0.0094
2025-09-29 01:28:00,718 [INFO] Época 1/30, Batch 250/3348, Loss: 0.0098
2025-09-29 01:28:00,975 [INFO] Época 1/30, Batch 300/3348, Loss: 0.0081
2025-09-29 01:28:01,233 [INFO] Época 1/30, Batch 350/3348, Loss: 0.0044
2025-09-29 01:28:01,496 [INFO] Época 1/30, Batch 400/3348, Loss: 0.0028
2025-09-29 01:28:01,758 [INFO] Época 1/30, Batch 450/3348, Loss: 0.0016
2025-09-29 01:28:02,014 [INFO] Época 1/30, Batch 500/3348, Loss: 0.0022
2025-09-29 01:28:02,269 [INFO] Época 1/30, Batch 550/3348, Loss: 0.0013
2025-09-29 01:28:02,529 [INFO] Época 1/30, Batch 600/3348, Loss: 0.0009
2025-09-29 01:28:02,790 [INFO] Época 1/30, Batch 650/3348, Loss: 0.0008
2025-09-29 01:28:03,048 [INFO] Época 1/30, Batch 700/3348, Loss: 0.0008
2025-09-29 01:28:03,308 [INFO] Época 1/30, Batch 750/3348, Loss: 0.0014
2025-09-29 01:28:03,570 [INFO] Época 1/30, Batch 800/3348, Loss: 0.0006
2025-09-29 01:28:03,835 [INFO] Época 1/30, Batch 850/3348, Loss: 0.0009
2025-09-29 01:28:04,101 [INFO] Época 1/30, Batch 900/3348, Loss: 0.0005
2025-09-29 01:28:04,364 [INFO] Época 1/30, Batch 950/3348, Loss: 0.0011
2025-09-29 01:28:04,627 [INFO] Época 1/30, Batch 1000/3348, Loss: 0.0011
2025-09-29 01:28:04,891 [INFO] Época 1/30, Batch 1050/3348, Loss: 0.0008
2025-09-29 01:28:05,155 [INFO] Época 1/30, Batch 1100/3348, Loss: 0.0008
2025-09-29 01:28:05,419 [INFO] Época 1/30, Batch 1150/3348, Loss: 0.0011
2025-09-29 01:28:05,693 [INFO] Época 1/30, Batch 1200/3348, Loss: 0.0007
2025-09-29 01:28:05,955 [INFO] Época 1/30, Batch 1250/3348, Loss: 0.0005
2025-09-29 01:28:06,218 [INFO] Época 1/30, Batch 1300/3348, Loss: 0.0006
2025-09-29 01:28:06,480 [INFO] Época 1/30, Batch 1350/3348, Loss: 0.0008
2025-09-29 01:28:06,742 [INFO] Época 1/30, Batch 1400/3348, Loss: 0.0008
2025-09-29 01:28:07,003 [INFO] Época 1/30, Batch 1450/3348, Loss: 0.0008
2025-09-29 01:28:07,265 [INFO] Época 1/30, Batch 1500/3348, Loss: 0.0007
2025-09-29 01:28:07,527 [INFO] Época 1/30, Batch 1550/3348, Loss: 0.0006
2025-09-29 01:28:07,788 [INFO] Época 1/30, Batch 1600/3348, Loss: 0.0004
2025-09-29 01:28:08,048 [INFO] Época 1/30, Batch 1650/3348, Loss: 0.0009
2025-09-29 01:28:08,308 [INFO] Época 1/30, Batch 1700/3348, Loss: 0.0007
2025-09-29 01:28:08,568 [INFO] Época 1/30, Batch 1750/3348, Loss: 0.0005
2025-09-29 01:28:08,829 [INFO] Época 1/30, Batch 1800/3348, Loss: 0.0011
2025-09-29 01:28:09,091 [INFO] Época 1/30, Batch 1850/3348, Loss: 0.0011
2025-09-29 01:28:09,362 [INFO] Época 1/30, Batch 1900/3348, Loss: 0.0006
2025-09-29 01:28:09,624 [INFO] Época 1/30, Batch 1950/3348, Loss: 0.0005
2025-09-29 01:28:09,886 [INFO] Época 1/30, Batch 2000/3348, Loss: 0.0004
2025-09-29 01:28:10,148 [INFO] Época 1/30, Batch 2050/3348, Loss: 0.0007
2025-09-29 01:28:10,409 [INFO] Época 1/30, Batch 2100/3348, Loss: 0.0006
2025-09-29 01:28:10,673 [INFO] Época 1/30, Batch 2150/3348, Loss: 0.0005
2025-09-29 01:28:10,936 [INFO] Época 1/30, Batch 2200/3348, Loss: 0.0011
2025-09-29 01:28:11,197 [INFO] Época 1/30, Batch 2250/3348, Loss: 0.0004
2025-09-29 01:28:11,460 [INFO] Época 1/30, Batch 2300/3348, Loss: 0.0005
2025-09-29 01:28:11,724 [INFO] Época 1/30, Batch 2350/3348, Loss: 0.0008
2025-09-29 01:28:11,986 [INFO] Época 1/30, Batch 2400/3348, Loss: 0.0009
2025-09-29 01:28:12,249 [INFO] Época 1/30, Batch 2450/3348, Loss: 0.0007
2025-09-29 01:28:12,509 [INFO] Época 1/30, Batch 2500/3348, Loss: 0.0005
2025-09-29 01:28:12,770 [INFO] Época 1/30, Batch 2550/3348, Loss: 0.0004
2025-09-29 01:28:13,032 [INFO] Época 1/30, Batch 2600/3348, Loss: 0.0009
2025-09-29 01:28:13,295 [INFO] Época 1/30, Batch 2650/3348, Loss: 0.0009
2025-09-29 01:28:13,558 [INFO] Época 1/30, Batch 2700/3348, Loss: 0.0007
2025-09-29 01:28:13,821 [INFO] Época 1/30, Batch 2750/3348, Loss: 0.0005
2025-09-29 01:28:14,084 [INFO] Época 1/30, Batch 2800/3348, Loss: 0.0008
2025-09-29 01:28:14,347 [INFO] Época 1/30, Batch 2850/3348, Loss: 0.0005
2025-09-29 01:28:14,610 [INFO] Época 1/30, Batch 2900/3348, Loss: 0.0004
2025-09-29 01:28:14,871 [INFO] Época 1/30, Batch 2950/3348, Loss: 0.0004
2025-09-29 01:28:15,130 [INFO] Época 1/30, Batch 3000/3348, Loss: 0.0006
2025-09-29 01:28:15,388 [INFO] Época 1/30, Batch 3050/3348, Loss: 0.0004
2025-09-29 01:28:15,649 [INFO] Época 1/30, Batch 3100/3348, Loss: 0.0003
2025-09-29 01:28:15,908 [INFO] Época 1/30, Batch 3150/3348, Loss: 0.0005
2025-09-29 01:28:16,171 [INFO] Época 1/30, Batch 3200/3348, Loss: 0.0005
2025-09-29 01:28:16,434 [INFO] Época 1/30, Batch 3250/3348, Loss: 0.0010
2025-09-29 01:28:16,697 [INFO] Época 1/30, Batch 3300/3348, Loss: 0.0005
2025-09-29 01:28:18,493 [INFO] [1/30] Train Loss: 0.0074 | Val Loss: 0.0004 | Tempo: 19.39s
2025-09-29 01:28:18,498 [INFO] Melhor modelo salvo em: /mnt/hdd/home/jdurao/ToolBox-ChemXAI/models/mlp_qm9_MorganCount_att0.pth
2025-09-29 01:28:19,098 [INFO] Época 2/30, Batch 50/3348, Loss: 0.0007
2025-09-29 01:28:19,384 [INFO] Época 2/30, Batch 100/3348, Loss: 0.0006
2025-09-29 01:28:19,672 [INFO] Época 2/30, Batch 150/3348, Loss: 0.0004
2025-09-29 01:28:19,948 [INFO] Época 2/30, Batch 200/3348, Loss: 0.0005
2025-09-29 01:28:20,220 [INFO] Época 2/30, Batch 250/3348, Loss: 0.0004
2025-09-29 01:28:20,493 [INFO] Época 2/30, Batch 300/3348, Loss: 0.0005
2025-09-29 01:28:20,768 [INFO] Época 2/30, Batch 350/3348, Loss: 0.0003
2025-09-29 01:28:21,041 [INFO] Época 2/30, Batch 400/3348, Loss: 0.0006
2025-09-29 01:28:21,314 [INFO] Época 2/30, Batch 450/3348, Loss: 0.0007
2025-09-29 01:28:21,585 [INFO] Época 2/30, Batch 500/3348, Loss: 0.0031
2025-09-29 01:28:21,850 [INFO] Época 2/30, Batch 550/3348, Loss: 0.0005
2025-09-29 01:28:22,110 [INFO] Época 2/30, Batch 600/3348, Loss: 0.0008
2025-09-29 01:28:22,371 [INFO] Época 2/30, Batch 650/3348, Loss: 0.0006
2025-09-29 01:28:22,642 [INFO] Época 2/30, Batch 700/3348, Loss: 0.0005
2025-09-29 01:28:22,907 [INFO] Época 2/30, Batch 750/3348, Loss: 0.0005
2025-09-29 01:28:23,168 [INFO] Época 2/30, Batch 800/3348, Loss: 0.0007
2025-09-29 01:28:23,429 [INFO] Época 2/30, Batch 850/3348, Loss: 0.0005
2025-09-29 01:28:23,698 [INFO] Época 2/30, Batch 900/3348, Loss: 0.0007
2025-09-29 01:28:23,959 [INFO] Época 2/30, Batch 950/3348, Loss: 0.0006
2025-09-29 01:28:24,220 [INFO] Época 2/30, Batch 1000/3348, Loss: 0.0005
2025-09-29 01:28:24,481 [INFO] Época 2/30, Batch 1050/3348, Loss: 0.0005
2025-09-29 01:28:24,752 [INFO] Época 2/30, Batch 1100/3348, Loss: 0.0006
2025-09-29 01:28:25,013 [INFO] Época 2/30, Batch 1150/3348, Loss: 0.0005
2025-09-29 01:28:25,273 [INFO] Época 2/30, Batch 1200/3348, Loss: 0.0006
2025-09-29 01:28:25,535 [INFO] Época 2/30, Batch 1250/3348, Loss: 0.0006
2025-09-29 01:28:25,796 [INFO] Época 2/30, Batch 1300/3348, Loss: 0.0005
2025-09-29 01:28:26,057 [INFO] Época 2/30, Batch 1350/3348, Loss: 0.0006
2025-09-29 01:28:26,321 [INFO] Época 2/30, Batch 1400/3348, Loss: 0.0003
2025-09-29 01:28:26,586 [INFO] Época 2/30, Batch 1450/3348, Loss: 0.0005
2025-09-29 01:28:26,849 [INFO] Época 2/30, Batch 1500/3348, Loss: 0.0004
2025-09-29 01:28:27,112 [INFO] Época 2/30, Batch 1550/3348, Loss: 0.0005
2025-09-29 01:28:27,376 [INFO] Época 2/30, Batch 1600/3348, Loss: 0.0007
2025-09-29 01:28:27,644 [INFO] Época 2/30, Batch 1650/3348, Loss: 0.0003
2025-09-29 01:28:27,916 [INFO] Época 2/30, Batch 1700/3348, Loss: 0.0004
2025-09-29 01:28:28,186 [INFO] Época 2/30, Batch 1750/3348, Loss: 0.0004
2025-09-29 01:28:28,459 [INFO] Época 2/30, Batch 1800/3348, Loss: 0.0005
2025-09-29 01:28:28,725 [INFO] Época 2/30, Batch 1850/3348, Loss: 0.0006
2025-09-29 01:28:28,986 [INFO] Época 2/30, Batch 1900/3348, Loss: 0.0003
2025-09-29 01:28:29,250 [INFO] Época 2/30, Batch 1950/3348, Loss: 0.0015
2025-09-29 01:28:29,512 [INFO] Época 2/30, Batch 2000/3348, Loss: 0.0004
2025-09-29 01:28:29,776 [INFO] Época 2/30, Batch 2050/3348, Loss: 0.0003
2025-09-29 01:28:30,038 [INFO] Época 2/30, Batch 2100/3348, Loss: 0.0004
2025-09-29 01:28:30,300 [INFO] Época 2/30, Batch 2150/3348, Loss: 0.0003
2025-09-29 01:28:30,562 [INFO] Época 2/30, Batch 2200/3348, Loss: 0.0005
2025-09-29 01:28:30,824 [INFO] Época 2/30, Batch 2250/3348, Loss: 0.0005
2025-09-29 01:28:31,088 [INFO] Época 2/30, Batch 2300/3348, Loss: 0.0003
2025-09-29 01:28:31,351 [INFO] Época 2/30, Batch 2350/3348, Loss: 0.0005
2025-09-29 01:28:31,615 [INFO] Época 2/30, Batch 2400/3348, Loss: 0.0004
2025-09-29 01:28:31,878 [INFO] Época 2/30, Batch 2450/3348, Loss: 0.0006
2025-09-29 01:28:32,140 [INFO] Época 2/30, Batch 2500/3348, Loss: 0.0004
2025-09-29 01:28:32,403 [INFO] Época 2/30, Batch 2550/3348, Loss: 0.0004
2025-09-29 01:28:32,666 [INFO] Época 2/30, Batch 2600/3348, Loss: 0.0007
2025-09-29 01:28:32,930 [INFO] Época 2/30, Batch 2650/3348, Loss: 0.0005
2025-09-29 01:28:33,193 [INFO] Época 2/30, Batch 2700/3348, Loss: 0.0003
2025-09-29 01:28:33,456 [INFO] Época 2/30, Batch 2750/3348, Loss: 0.0003
2025-09-29 01:28:33,719 [INFO] Época 2/30, Batch 2800/3348, Loss: 0.0004
2025-09-29 01:28:33,981 [INFO] Época 2/30, Batch 2850/3348, Loss: 0.0006
2025-09-29 01:28:34,241 [INFO] Época 2/30, Batch 2900/3348, Loss: 0.0005
2025-09-29 01:28:34,506 [INFO] Época 2/30, Batch 2950/3348, Loss: 0.0017
2025-09-29 01:28:34,770 [INFO] Época 2/30, Batch 3000/3348, Loss: 0.0004
2025-09-29 01:28:35,043 [INFO] Época 2/30, Batch 3050/3348, Loss: 0.0004
2025-09-29 01:28:35,305 [INFO] Época 2/30, Batch 3100/3348, Loss: 0.0004
2025-09-29 01:28:35,567 [INFO] Época 2/30, Batch 3150/3348, Loss: 0.0003
2025-09-29 01:28:35,832 [INFO] Época 2/30, Batch 3200/3348, Loss: 0.0005
2025-09-29 01:28:36,096 [INFO] Época 2/30, Batch 3250/3348, Loss: 0.0005
2025-09-29 01:28:36,358 [INFO] Época 2/30, Batch 3300/3348, Loss: 0.0004
2025-09-29 01:28:38,167 [INFO] [2/30] Train Loss: 0.0049 | Val Loss: 0.0009 | Tempo: 19.67s
2025-09-29 01:28:38,737 [INFO] Época 3/30, Batch 50/3348, Loss: 0.0004
2025-09-29 01:28:39,004 [INFO] Época 3/30, Batch 100/3348, Loss: 0.0004
2025-09-29 01:28:39,268 [INFO] Época 3/30, Batch 150/3348, Loss: 0.0005
2025-09-29 01:28:39,533 [INFO] Época 3/30, Batch 200/3348, Loss: 0.0009
2025-09-29 01:28:39,797 [INFO] Época 3/30, Batch 250/3348, Loss: 0.0004
2025-09-29 01:28:40,061 [INFO] Época 3/30, Batch 300/3348, Loss: 0.0004
2025-09-29 01:28:40,307 [INFO] Época 3/30, Batch 350/3348, Loss: 0.0003
2025-09-29 01:28:40,549 [INFO] Época 3/30, Batch 400/3348, Loss: 0.0006
2025-09-29 01:28:40,791 [INFO] Época 3/30, Batch 450/3348, Loss: 0.0003
2025-09-29 01:28:41,034 [INFO] Época 3/30, Batch 500/3348, Loss: 0.0003
2025-09-29 01:28:41,276 [INFO] Época 3/30, Batch 550/3348, Loss: 0.0004
2025-09-29 01:28:41,517 [INFO] Época 3/30, Batch 600/3348, Loss: 0.0004
2025-09-29 01:28:41,762 [INFO] Época 3/30, Batch 650/3348, Loss: 0.0003
2025-09-29 01:28:42,007 [INFO] Época 3/30, Batch 700/3348, Loss: 0.0004
2025-09-29 01:28:42,249 [INFO] Época 3/30, Batch 750/3348, Loss: 0.0007
2025-09-29 01:28:42,483 [INFO] Época 3/30, Batch 800/3348, Loss: 0.0003
2025-09-29 01:28:42,713 [INFO] Época 3/30, Batch 850/3348, Loss: 0.0003
2025-09-29 01:28:42,944 [INFO] Época 3/30, Batch 900/3348, Loss: 0.0005
2025-09-29 01:28:43,178 [INFO] Época 3/30, Batch 950/3348, Loss: 0.0004
2025-09-29 01:28:43,416 [INFO] Época 3/30, Batch 1000/3348, Loss: 0.0006
2025-09-29 01:28:43,664 [INFO] Época 3/30, Batch 1050/3348, Loss: 0.0002
2025-09-29 01:28:43,914 [INFO] Época 3/30, Batch 1100/3348, Loss: 0.0004
2025-09-29 01:28:44,166 [INFO] Época 3/30, Batch 1150/3348, Loss: 0.0004
2025-09-29 01:28:44,429 [INFO] Época 3/30, Batch 1200/3348, Loss: 0.0008
2025-09-29 01:28:44,694 [INFO] Época 3/30, Batch 1250/3348, Loss: 0.0003
2025-09-29 01:28:44,960 [INFO] Época 3/30, Batch 1300/3348, Loss: 0.0005
2025-09-29 01:28:45,229 [INFO] Época 3/30, Batch 1350/3348, Loss: 0.0002
2025-09-29 01:28:45,497 [INFO] Época 3/30, Batch 1400/3348, Loss: 0.0003
2025-09-29 01:28:45,765 [INFO] Época 3/30, Batch 1450/3348, Loss: 0.0004
2025-09-29 01:28:46,033 [INFO] Época 3/30, Batch 1500/3348, Loss: 0.0003
2025-09-29 01:28:46,303 [INFO] Época 3/30, Batch 1550/3348, Loss: 0.0005
2025-09-29 01:28:46,570 [INFO] Época 3/30, Batch 1600/3348, Loss: 0.0004
2025-09-29 01:28:46,838 [INFO] Época 3/30, Batch 1650/3348, Loss: 0.0004
2025-09-29 01:28:47,107 [INFO] Época 3/30, Batch 1700/3348, Loss: 0.0003
2025-09-29 01:28:47,373 [INFO] Época 3/30, Batch 1750/3348, Loss: 0.0003
2025-09-29 01:28:47,641 [INFO] Época 3/30, Batch 1800/3348, Loss: 0.0005
2025-09-29 01:28:47,909 [INFO] Época 3/30, Batch 1850/3348, Loss: 0.0003
2025-09-29 01:28:48,179 [INFO] Época 3/30, Batch 1900/3348, Loss: 0.0005
2025-09-29 01:28:48,448 [INFO] Época 3/30, Batch 1950/3348, Loss: 0.0003
2025-09-29 01:28:48,717 [INFO] Época 3/30, Batch 2000/3348, Loss: 0.0004
2025-09-29 01:28:48,987 [INFO] Época 3/30, Batch 2050/3348, Loss: 0.0004
2025-09-29 01:28:49,256 [INFO] Época 3/30, Batch 2100/3348, Loss: 0.0004
2025-09-29 01:28:49,525 [INFO] Época 3/30, Batch 2150/3348, Loss: 0.0003
2025-09-29 01:28:49,794 [INFO] Época 3/30, Batch 2200/3348, Loss: 0.0004
2025-09-29 01:28:50,065 [INFO] Época 3/30, Batch 2250/3348, Loss: 0.0003
2025-09-29 01:28:50,347 [INFO] Época 3/30, Batch 2300/3348, Loss: 0.0004
2025-09-29 01:28:50,616 [INFO] Época 3/30, Batch 2350/3348, Loss: 0.0003
2025-09-29 01:28:50,887 [INFO] Época 3/30, Batch 2400/3348, Loss: 0.0003
2025-09-29 01:28:51,158 [INFO] Época 3/30, Batch 2450/3348, Loss: 0.0004
2025-09-29 01:28:51,429 [INFO] Época 3/30, Batch 2500/3348, Loss: 0.0003
2025-09-29 01:28:51,699 [INFO] Época 3/30, Batch 2550/3348, Loss: 0.0004
2025-09-29 01:28:51,969 [INFO] Época 3/30, Batch 2600/3348, Loss: 0.0006
2025-09-29 01:28:52,237 [INFO] Época 3/30, Batch 2650/3348, Loss: 0.0003
2025-09-29 01:28:52,507 [INFO] Época 3/30, Batch 2700/3348, Loss: 0.0005
2025-09-29 01:28:52,779 [INFO] Época 3/30, Batch 2750/3348, Loss: 0.0003
2025-09-29 01:28:53,044 [INFO] Época 3/30, Batch 2800/3348, Loss: 0.0003
2025-09-29 01:28:53,314 [INFO] Época 3/30, Batch 2850/3348, Loss: 0.0003
2025-09-29 01:28:53,585 [INFO] Época 3/30, Batch 2900/3348, Loss: 0.0003
2025-09-29 01:28:53,854 [INFO] Época 3/30, Batch 2950/3348, Loss: 0.0004
2025-09-29 01:28:54,124 [INFO] Época 3/30, Batch 3000/3348, Loss: 0.0003
2025-09-29 01:28:54,395 [INFO] Época 3/30, Batch 3050/3348, Loss: 0.0003
2025-09-29 01:28:54,664 [INFO] Época 3/30, Batch 3100/3348, Loss: 0.0003
2025-09-29 01:28:54,935 [INFO] Época 3/30, Batch 3150/3348, Loss: 0.0004
2025-09-29 01:28:55,204 [INFO] Época 3/30, Batch 3200/3348, Loss: 0.0004
2025-09-29 01:28:55,486 [INFO] Época 3/30, Batch 3250/3348, Loss: 0.0003
2025-09-29 01:28:55,755 [INFO] Época 3/30, Batch 3300/3348, Loss: 0.0003
2025-09-29 01:28:57,626 [INFO] [3/30] Train Loss: 0.0048 | Val Loss: 0.0006 | Tempo: 19.46s
2025-09-29 01:28:58,225 [INFO] Época 4/30, Batch 50/3348, Loss: 0.0003
2025-09-29 01:28:58,496 [INFO] Época 4/30, Batch 100/3348, Loss: 0.0003
2025-09-29 01:28:58,774 [INFO] Época 4/30, Batch 150/3348, Loss: 0.0003
2025-09-29 01:28:59,045 [INFO] Época 4/30, Batch 200/3348, Loss: 0.0007
2025-09-29 01:28:59,311 [INFO] Época 4/30, Batch 250/3348, Loss: 0.0003
2025-09-29 01:28:59,578 [INFO] Época 4/30, Batch 300/3348, Loss: 0.0004
2025-09-29 01:28:59,845 [INFO] Época 4/30, Batch 350/3348, Loss: 0.0002
2025-09-29 01:29:00,112 [INFO] Época 4/30, Batch 400/3348, Loss: 0.0005
2025-09-29 01:29:00,380 [INFO] Época 4/30, Batch 450/3348, Loss: 0.0004
2025-09-29 01:29:00,647 [INFO] Época 4/30, Batch 500/3348, Loss: 0.0002
2025-09-29 01:29:00,913 [INFO] Época 4/30, Batch 550/3348, Loss: 0.0003
2025-09-29 01:29:01,181 [INFO] Época 4/30, Batch 600/3348, Loss: 0.0005
2025-09-29 01:29:01,446 [INFO] Época 4/30, Batch 650/3348, Loss: 0.0003
2025-09-29 01:29:01,699 [INFO] Época 4/30, Batch 700/3348, Loss: 0.0003
2025-09-29 01:29:01,952 [INFO] Época 4/30, Batch 750/3348, Loss: 0.0002
2025-09-29 01:29:02,205 [INFO] Época 4/30, Batch 800/3348, Loss: 0.0003
2025-09-29 01:29:02,463 [INFO] Época 4/30, Batch 850/3348, Loss: 0.0003
2025-09-29 01:29:02,726 [INFO] Época 4/30, Batch 900/3348, Loss: 0.0004
2025-09-29 01:29:02,990 [INFO] Época 4/30, Batch 950/3348, Loss: 0.0002
2025-09-29 01:29:03,254 [INFO] Época 4/30, Batch 1000/3348, Loss: 0.0003
2025-09-29 01:29:03,517 [INFO] Época 4/30, Batch 1050/3348, Loss: 0.0003
2025-09-29 01:29:03,792 [INFO] Época 4/30, Batch 1100/3348, Loss: 0.0005
2025-09-29 01:29:04,065 [INFO] Época 4/30, Batch 1150/3348, Loss: 0.0003
2025-09-29 01:29:04,340 [INFO] Época 4/30, Batch 1200/3348, Loss: 0.0004
2025-09-29 01:29:04,623 [INFO] Época 4/30, Batch 1250/3348, Loss: 0.0004
2025-09-29 01:29:04,906 [INFO] Época 4/30, Batch 1300/3348, Loss: 0.0003
2025-09-29 01:29:05,189 [INFO] Época 4/30, Batch 1350/3348, Loss: 0.0003
2025-09-29 01:29:05,471 [INFO] Época 4/30, Batch 1400/3348, Loss: 0.0003
2025-09-29 01:29:05,762 [INFO] Época 4/30, Batch 1450/3348, Loss: 0.0004
2025-09-29 01:29:06,037 [INFO] Época 4/30, Batch 1500/3348, Loss: 0.0002
2025-09-29 01:29:06,313 [INFO] Época 4/30, Batch 1550/3348, Loss: 0.0004
2025-09-29 01:29:06,586 [INFO] Época 4/30, Batch 1600/3348, Loss: 0.0005
2025-09-29 01:29:06,866 [INFO] Época 4/30, Batch 1650/3348, Loss: 0.0002
2025-09-29 01:29:07,147 [INFO] Época 4/30, Batch 1700/3348, Loss: 0.0028
2025-09-29 01:29:07,430 [INFO] Época 4/30, Batch 1750/3348, Loss: 0.0002
2025-09-29 01:29:07,707 [INFO] Época 4/30, Batch 1800/3348, Loss: 0.0003
2025-09-29 01:29:07,983 [INFO] Época 4/30, Batch 1850/3348, Loss: 0.0003
2025-09-29 01:29:08,257 [INFO] Época 4/30, Batch 1900/3348, Loss: 0.0005
2025-09-29 01:29:08,533 [INFO] Época 4/30, Batch 1950/3348, Loss: 0.0003
2025-09-29 01:29:08,808 [INFO] Época 4/30, Batch 2000/3348, Loss: 0.0005
2025-09-29 01:29:09,086 [INFO] Época 4/30, Batch 2050/3348, Loss: 0.0003
2025-09-29 01:29:09,364 [INFO] Época 4/30, Batch 2100/3348, Loss: 0.0003
2025-09-29 01:29:09,640 [INFO] Época 4/30, Batch 2150/3348, Loss: 0.0003
2025-09-29 01:29:09,914 [INFO] Época 4/30, Batch 2200/3348, Loss: 0.0005
2025-09-29 01:29:10,193 [INFO] Época 4/30, Batch 2250/3348, Loss: 0.0003
2025-09-29 01:29:10,469 [INFO] Época 4/30, Batch 2300/3348, Loss: 0.0004
2025-09-29 01:29:10,746 [INFO] Época 4/30, Batch 2350/3348, Loss: 0.0002
2025-09-29 01:29:11,022 [INFO] Época 4/30, Batch 2400/3348, Loss: 0.0004
2025-09-29 01:29:11,292 [INFO] Época 4/30, Batch 2450/3348, Loss: 0.0004
2025-09-29 01:29:11,563 [INFO] Época 4/30, Batch 2500/3348, Loss: 0.0003
2025-09-29 01:29:11,832 [INFO] Época 4/30, Batch 2550/3348, Loss: 0.0003
2025-09-29 01:29:12,100 [INFO] Época 4/30, Batch 2600/3348, Loss: 0.0005
2025-09-29 01:29:12,367 [INFO] Época 4/30, Batch 2650/3348, Loss: 0.0004
2025-09-29 01:29:12,635 [INFO] Época 4/30, Batch 2700/3348, Loss: 0.0002
2025-09-29 01:29:12,904 [INFO] Época 4/30, Batch 2750/3348, Loss: 0.0003
2025-09-29 01:29:13,173 [INFO] Época 4/30, Batch 2800/3348, Loss: 0.0004
2025-09-29 01:29:13,441 [INFO] Época 4/30, Batch 2850/3348, Loss: 0.0004
2025-09-29 01:29:13,712 [INFO] Época 4/30, Batch 2900/3348, Loss: 0.0005
2025-09-29 01:29:13,987 [INFO] Época 4/30, Batch 2950/3348, Loss: 0.0003
2025-09-29 01:29:14,263 [INFO] Época 4/30, Batch 3000/3348, Loss: 0.0003
2025-09-29 01:29:14,529 [INFO] Época 4/30, Batch 3050/3348, Loss: 0.0003
2025-09-29 01:29:14,802 [INFO] Época 4/30, Batch 3100/3348, Loss: 0.0004
2025-09-29 01:29:15,076 [INFO] Época 4/30, Batch 3150/3348, Loss: 0.0003
2025-09-29 01:29:15,350 [INFO] Época 4/30, Batch 3200/3348, Loss: 0.0003
2025-09-29 01:29:15,623 [INFO] Época 4/30, Batch 3250/3348, Loss: 0.0003
2025-09-29 01:29:15,901 [INFO] Época 4/30, Batch 3300/3348, Loss: 0.0003
2025-09-29 01:29:17,777 [INFO] [4/30] Train Loss: 0.0048 | Val Loss: 0.0005 | Tempo: 20.15s
2025-09-29 01:29:18,363 [INFO] Época 5/30, Batch 50/3348, Loss: 0.0003
2025-09-29 01:29:18,631 [INFO] Época 5/30, Batch 100/3348, Loss: 0.0004
2025-09-29 01:29:18,900 [INFO] Época 5/30, Batch 150/3348, Loss: 0.0004
2025-09-29 01:29:19,167 [INFO] Época 5/30, Batch 200/3348, Loss: 0.0004
2025-09-29 01:29:19,434 [INFO] Época 5/30, Batch 250/3348, Loss: 0.0004
2025-09-29 01:29:19,699 [INFO] Época 5/30, Batch 300/3348, Loss: 0.0005
2025-09-29 01:29:19,963 [INFO] Época 5/30, Batch 350/3348, Loss: 0.0003
2025-09-29 01:29:20,228 [INFO] Época 5/30, Batch 400/3348, Loss: 0.0004
2025-09-29 01:29:20,492 [INFO] Época 5/30, Batch 450/3348, Loss: 0.0004
2025-09-29 01:29:20,758 [INFO] Época 5/30, Batch 500/3348, Loss: 0.0002
2025-09-29 01:29:21,020 [INFO] Época 5/30, Batch 550/3348, Loss: 0.0004
2025-09-29 01:29:21,285 [INFO] Época 5/30, Batch 600/3348, Loss: 0.0005
2025-09-29 01:29:21,549 [INFO] Época 5/30, Batch 650/3348, Loss: 0.0003
2025-09-29 01:29:21,812 [INFO] Época 5/30, Batch 700/3348, Loss: 0.0003
2025-09-29 01:29:22,076 [INFO] Época 5/30, Batch 750/3348, Loss: 0.0002
2025-09-29 01:29:22,340 [INFO] Época 5/30, Batch 800/3348, Loss: 0.0004
2025-09-29 01:29:22,596 [INFO] Época 5/30, Batch 850/3348, Loss: 0.0003
2025-09-29 01:29:22,849 [INFO] Época 5/30, Batch 900/3348, Loss: 0.0003
2025-09-29 01:29:23,101 [INFO] Época 5/30, Batch 950/3348, Loss: 0.0002
2025-09-29 01:29:23,353 [INFO] Época 5/30, Batch 1000/3348, Loss: 0.0004
2025-09-29 01:29:23,605 [INFO] Época 5/30, Batch 1050/3348, Loss: 0.0004
2025-09-29 01:29:23,858 [INFO] Época 5/30, Batch 1100/3348, Loss: 0.0004
2025-09-29 01:29:24,116 [INFO] Época 5/30, Batch 1150/3348, Loss: 0.0003
2025-09-29 01:29:24,370 [INFO] Época 5/30, Batch 1200/3348, Loss: 0.0003
2025-09-29 01:29:24,631 [INFO] Época 5/30, Batch 1250/3348, Loss: 0.0005
2025-09-29 01:29:24,897 [INFO] Época 5/30, Batch 1300/3348, Loss: 0.0003
2025-09-29 01:29:25,161 [INFO] Época 5/30, Batch 1350/3348, Loss: 0.0010
2025-09-29 01:29:25,425 [INFO] Época 5/30, Batch 1400/3348, Loss: 0.0002
2025-09-29 01:29:25,688 [INFO] Época 5/30, Batch 1450/3348, Loss: 0.0003
2025-09-29 01:29:25,954 [INFO] Época 5/30, Batch 1500/3348, Loss: 0.0005
2025-09-29 01:29:26,221 [INFO] Época 5/30, Batch 1550/3348, Loss: 0.0003
2025-09-29 01:29:26,488 [INFO] Época 5/30, Batch 1600/3348, Loss: 0.0004
2025-09-29 01:29:26,753 [INFO] Época 5/30, Batch 1650/3348, Loss: 0.0003
2025-09-29 01:29:27,017 [INFO] Época 5/30, Batch 1700/3348, Loss: 0.0003
2025-09-29 01:29:27,281 [INFO] Época 5/30, Batch 1750/3348, Loss: 0.0004
2025-09-29 01:29:27,548 [INFO] Época 5/30, Batch 1800/3348, Loss: 0.0003
2025-09-29 01:29:27,814 [INFO] Época 5/30, Batch 1850/3348, Loss: 0.0002
2025-09-29 01:29:28,079 [INFO] Época 5/30, Batch 1900/3348, Loss: 0.0004
2025-09-29 01:29:28,347 [INFO] Época 5/30, Batch 1950/3348, Loss: 0.0003
2025-09-29 01:29:28,613 [INFO] Época 5/30, Batch 2000/3348, Loss: 0.0003
2025-09-29 01:29:28,880 [INFO] Época 5/30, Batch 2050/3348, Loss: 0.0005
2025-09-29 01:29:29,146 [INFO] Época 5/30, Batch 2100/3348, Loss: 0.0004
2025-09-29 01:29:29,413 [INFO] Época 5/30, Batch 2150/3348, Loss: 0.0002
2025-09-29 01:29:29,681 [INFO] Época 5/30, Batch 2200/3348, Loss: 0.0004
2025-09-29 01:29:29,946 [INFO] Época 5/30, Batch 2250/3348, Loss: 0.0010
2025-09-29 01:29:30,212 [INFO] Época 5/30, Batch 2300/3348, Loss: 0.0003
2025-09-29 01:29:30,478 [INFO] Época 5/30, Batch 2350/3348, Loss: 0.0003
2025-09-29 01:29:30,745 [INFO] Época 5/30, Batch 2400/3348, Loss: 0.0003
2025-09-29 01:29:31,009 [INFO] Época 5/30, Batch 2450/3348, Loss: 0.0002
2025-09-29 01:29:31,273 [INFO] Época 5/30, Batch 2500/3348, Loss: 0.0005
2025-09-29 01:29:31,551 [INFO] Época 5/30, Batch 2550/3348, Loss: 0.0003
2025-09-29 01:29:31,816 [INFO] Época 5/30, Batch 2600/3348, Loss: 0.0004
2025-09-29 01:29:32,081 [INFO] Época 5/30, Batch 2650/3348, Loss: 0.0002
2025-09-29 01:29:32,346 [INFO] Época 5/30, Batch 2700/3348, Loss: 0.0003
2025-09-29 01:29:32,611 [INFO] Época 5/30, Batch 2750/3348, Loss: 0.0004
2025-09-29 01:29:32,877 [INFO] Época 5/30, Batch 2800/3348, Loss: 0.0003
2025-09-29 01:29:33,144 [INFO] Época 5/30, Batch 2850/3348, Loss: 0.0003
2025-09-29 01:29:33,409 [INFO] Época 5/30, Batch 2900/3348, Loss: 0.0003
2025-09-29 01:29:33,674 [INFO] Época 5/30, Batch 2950/3348, Loss: 0.0003
2025-09-29 01:29:33,939 [INFO] Época 5/30, Batch 3000/3348, Loss: 0.0005
2025-09-29 01:29:34,205 [INFO] Época 5/30, Batch 3050/3348, Loss: 0.0003
2025-09-29 01:29:34,470 [INFO] Época 5/30, Batch 3100/3348, Loss: 0.0003
2025-09-29 01:29:34,735 [INFO] Época 5/30, Batch 3150/3348, Loss: 0.0003
2025-09-29 01:29:34,999 [INFO] Época 5/30, Batch 3200/3348, Loss: 0.0007
2025-09-29 01:29:35,265 [INFO] Época 5/30, Batch 3250/3348, Loss: 0.0004
2025-09-29 01:29:35,529 [INFO] Época 5/30, Batch 3300/3348, Loss: 0.0003
2025-09-29 01:29:37,356 [INFO] [5/30] Train Loss: 0.0048 | Val Loss: 0.0003 | Tempo: 19.58s
2025-09-29 01:29:37,360 [INFO] Melhor modelo salvo em: /mnt/hdd/home/jdurao/ToolBox-ChemXAI/models/mlp_qm9_MorganCount_att0.pth
2025-09-29 01:29:37,942 [INFO] Época 6/30, Batch 50/3348, Loss: 0.0005
2025-09-29 01:29:38,208 [INFO] Época 6/30, Batch 100/3348, Loss: 0.0004
2025-09-29 01:29:38,471 [INFO] Época 6/30, Batch 150/3348, Loss: 0.0003
2025-09-29 01:29:38,735 [INFO] Época 6/30, Batch 200/3348, Loss: 0.0004
2025-09-29 01:29:38,996 [INFO] Época 6/30, Batch 250/3348, Loss: 0.0003
2025-09-29 01:29:39,259 [INFO] Época 6/30, Batch 300/3348, Loss: 0.0002
2025-09-29 01:29:39,520 [INFO] Época 6/30, Batch 350/3348, Loss: 0.0002
2025-09-29 01:29:39,781 [INFO] Época 6/30, Batch 400/3348, Loss: 0.0004
2025-09-29 01:29:40,042 [INFO] Época 6/30, Batch 450/3348, Loss: 0.0003
2025-09-29 01:29:40,302 [INFO] Época 6/30, Batch 500/3348, Loss: 0.0002
2025-09-29 01:29:40,564 [INFO] Época 6/30, Batch 550/3348, Loss: 0.0003
2025-09-29 01:29:40,829 [INFO] Época 6/30, Batch 600/3348, Loss: 0.0002
2025-09-29 01:29:41,092 [INFO] Época 6/30, Batch 650/3348, Loss: 0.0003
2025-09-29 01:29:41,355 [INFO] Época 6/30, Batch 700/3348, Loss: 0.0003
2025-09-29 01:29:41,620 [INFO] Época 6/30, Batch 750/3348, Loss: 0.0003
2025-09-29 01:29:41,886 [INFO] Época 6/30, Batch 800/3348, Loss: 0.0005
2025-09-29 01:29:42,149 [INFO] Época 6/30, Batch 850/3348, Loss: 0.0002
2025-09-29 01:29:42,414 [INFO] Época 6/30, Batch 900/3348, Loss: 0.0003
2025-09-29 01:29:42,692 [INFO] Época 6/30, Batch 950/3348, Loss: 0.0002
2025-09-29 01:29:42,956 [INFO] Época 6/30, Batch 1000/3348, Loss: 0.0003
2025-09-29 01:29:43,221 [INFO] Época 6/30, Batch 1050/3348, Loss: 0.0004
2025-09-29 01:29:43,486 [INFO] Época 6/30, Batch 1100/3348, Loss: 0.0003
2025-09-29 01:29:43,751 [INFO] Época 6/30, Batch 1150/3348, Loss: 0.0006
2025-09-29 01:29:44,015 [INFO] Época 6/30, Batch 1200/3348, Loss: 0.0002
2025-09-29 01:29:44,281 [INFO] Época 6/30, Batch 1250/3348, Loss: 0.0004
2025-09-29 01:29:44,547 [INFO] Época 6/30, Batch 1300/3348, Loss: 0.0003
2025-09-29 01:29:44,812 [INFO] Época 6/30, Batch 1350/3348, Loss: 0.0002
2025-09-29 01:29:45,076 [INFO] Época 6/30, Batch 1400/3348, Loss: 0.0004
2025-09-29 01:29:45,340 [INFO] Época 6/30, Batch 1450/3348, Loss: 0.0004
2025-09-29 01:29:45,604 [INFO] Época 6/30, Batch 1500/3348, Loss: 0.0002
2025-09-29 01:29:45,870 [INFO] Época 6/30, Batch 1550/3348, Loss: 0.0004
2025-09-29 01:29:46,136 [INFO] Época 6/30, Batch 1600/3348, Loss: 0.0003
2025-09-29 01:29:46,400 [INFO] Época 6/30, Batch 1650/3348, Loss: 0.0002
2025-09-29 01:29:46,666 [INFO] Época 6/30, Batch 1700/3348, Loss: 0.0002
2025-09-29 01:29:46,929 [INFO] Época 6/30, Batch 1750/3348, Loss: 0.0006
2025-09-29 01:29:47,192 [INFO] Época 6/30, Batch 1800/3348, Loss: 0.0003
2025-09-29 01:29:47,458 [INFO] Época 6/30, Batch 1850/3348, Loss: 0.0004
2025-09-29 01:29:47,734 [INFO] Época 6/30, Batch 1900/3348, Loss: 0.0003
2025-09-29 01:29:47,998 [INFO] Época 6/30, Batch 1950/3348, Loss: 0.0005
2025-09-29 01:29:48,263 [INFO] Época 6/30, Batch 2000/3348, Loss: 0.0004
2025-09-29 01:29:48,528 [INFO] Época 6/30, Batch 2050/3348, Loss: 0.0004
2025-09-29 01:29:48,795 [INFO] Época 6/30, Batch 2100/3348, Loss: 0.0003
2025-09-29 01:29:49,060 [INFO] Época 6/30, Batch 2150/3348, Loss: 0.0004
2025-09-29 01:29:49,325 [INFO] Época 6/30, Batch 2200/3348, Loss: 0.0003
2025-09-29 01:29:49,591 [INFO] Época 6/30, Batch 2250/3348, Loss: 0.0004
2025-09-29 01:29:49,855 [INFO] Época 6/30, Batch 2300/3348, Loss: 0.0002
2025-09-29 01:29:50,120 [INFO] Época 6/30, Batch 2350/3348, Loss: 0.0003
2025-09-29 01:29:50,384 [INFO] Época 6/30, Batch 2400/3348, Loss: 0.0005
2025-09-29 01:29:50,649 [INFO] Época 6/30, Batch 2450/3348, Loss: 0.0002
2025-09-29 01:29:50,914 [INFO] Época 6/30, Batch 2500/3348, Loss: 0.0003
2025-09-29 01:29:51,180 [INFO] Época 6/30, Batch 2550/3348, Loss: 0.0003
2025-09-29 01:29:51,445 [INFO] Época 6/30, Batch 2600/3348, Loss: 0.0003
2025-09-29 01:29:51,710 [INFO] Época 6/30, Batch 2650/3348, Loss: 0.0004
2025-09-29 01:29:51,975 [INFO] Época 6/30, Batch 2700/3348, Loss: 0.0004
2025-09-29 01:29:52,241 [INFO] Época 6/30, Batch 2750/3348, Loss: 0.0004
2025-09-29 01:29:52,507 [INFO] Época 6/30, Batch 2800/3348, Loss: 0.0004
2025-09-29 01:29:52,785 [INFO] Época 6/30, Batch 2850/3348, Loss: 0.0002
2025-09-29 01:29:53,052 [INFO] Época 6/30, Batch 2900/3348, Loss: 0.0003
2025-09-29 01:29:53,318 [INFO] Época 6/30, Batch 2950/3348, Loss: 0.0004
2025-09-29 01:29:53,582 [INFO] Época 6/30, Batch 3000/3348, Loss: 0.0003
2025-09-29 01:29:53,849 [INFO] Época 6/30, Batch 3050/3348, Loss: 0.0002
2025-09-29 01:29:54,115 [INFO] Época 6/30, Batch 3100/3348, Loss: 0.0003
2025-09-29 01:29:54,380 [INFO] Época 6/30, Batch 3150/3348, Loss: 0.0003
2025-09-29 01:29:54,646 [INFO] Época 6/30, Batch 3200/3348, Loss: 0.0002
2025-09-29 01:29:54,910 [INFO] Época 6/30, Batch 3250/3348, Loss: 0.0003
2025-09-29 01:29:55,174 [INFO] Época 6/30, Batch 3300/3348, Loss: 0.0004
2025-09-29 01:29:57,070 [INFO] [6/30] Train Loss: 0.0047 | Val Loss: 0.0003 | Tempo: 19.71s
2025-09-29 01:29:57,075 [INFO] Melhor modelo salvo em: /mnt/hdd/home/jdurao/ToolBox-ChemXAI/models/mlp_qm9_MorganCount_att0.pth
2025-09-29 01:29:57,664 [INFO] Época 7/30, Batch 50/3348, Loss: 0.0003
2025-09-29 01:29:57,947 [INFO] Época 7/30, Batch 100/3348, Loss: 0.0002
2025-09-29 01:29:58,220 [INFO] Época 7/30, Batch 150/3348, Loss: 0.0003
2025-09-29 01:29:58,490 [INFO] Época 7/30, Batch 200/3348, Loss: 0.0002
2025-09-29 01:29:58,762 [INFO] Época 7/30, Batch 250/3348, Loss: 0.0003
2025-09-29 01:29:59,032 [INFO] Época 7/30, Batch 300/3348, Loss: 0.0002
2025-09-29 01:29:59,306 [INFO] Época 7/30, Batch 350/3348, Loss: 0.0003
2025-09-29 01:29:59,578 [INFO] Época 7/30, Batch 400/3348, Loss: 0.0003
2025-09-29 01:29:59,849 [INFO] Época 7/30, Batch 450/3348, Loss: 0.0002
2025-09-29 01:30:00,119 [INFO] Época 7/30, Batch 500/3348, Loss: 0.0003
2025-09-29 01:30:00,391 [INFO] Época 7/30, Batch 550/3348, Loss: 0.0004
2025-09-29 01:30:00,663 [INFO] Época 7/30, Batch 600/3348, Loss: 0.0004
2025-09-29 01:30:00,933 [INFO] Época 7/30, Batch 650/3348, Loss: 0.0002
2025-09-29 01:30:01,187 [INFO] Época 7/30, Batch 700/3348, Loss: 0.0003
2025-09-29 01:30:01,444 [INFO] Época 7/30, Batch 750/3348, Loss: 0.0002
2025-09-29 01:30:01,709 [INFO] Época 7/30, Batch 800/3348, Loss: 0.0005
2025-09-29 01:30:01,976 [INFO] Época 7/30, Batch 850/3348, Loss: 0.0003
2025-09-29 01:30:02,241 [INFO] Época 7/30, Batch 900/3348, Loss: 0.0002
2025-09-29 01:30:02,507 [INFO] Época 7/30, Batch 950/3348, Loss: 0.0003
2025-09-29 01:30:02,772 [INFO] Época 7/30, Batch 1000/3348, Loss: 0.0005
2025-09-29 01:30:03,047 [INFO] Época 7/30, Batch 1050/3348, Loss: 0.0003
2025-09-29 01:30:03,313 [INFO] Época 7/30, Batch 1100/3348, Loss: 0.0003
2025-09-29 01:30:03,576 [INFO] Época 7/30, Batch 1150/3348, Loss: 0.0007
2025-09-29 01:30:03,840 [INFO] Época 7/30, Batch 1200/3348, Loss: 0.0002
2025-09-29 01:30:04,100 [INFO] Época 7/30, Batch 1250/3348, Loss: 0.0003
2025-09-29 01:30:04,361 [INFO] Época 7/30, Batch 1300/3348, Loss: 0.0005
2025-09-29 01:30:04,624 [INFO] Época 7/30, Batch 1350/3348, Loss: 0.0007
2025-09-29 01:30:04,886 [INFO] Época 7/30, Batch 1400/3348, Loss: 0.0005
2025-09-29 01:30:05,149 [INFO] Época 7/30, Batch 1450/3348, Loss: 0.0045
2025-09-29 01:30:05,411 [INFO] Época 7/30, Batch 1500/3348, Loss: 0.0004
2025-09-29 01:30:05,674 [INFO] Época 7/30, Batch 1550/3348, Loss: 0.0005
2025-09-29 01:30:05,938 [INFO] Época 7/30, Batch 1600/3348, Loss: 0.0003
2025-09-29 01:30:06,199 [INFO] Época 7/30, Batch 1650/3348, Loss: 0.0003
2025-09-29 01:30:06,460 [INFO] Época 7/30, Batch 1700/3348, Loss: 0.0004
2025-09-29 01:30:06,722 [INFO] Época 7/30, Batch 1750/3348, Loss: 0.0003
2025-09-29 01:30:06,982 [INFO] Época 7/30, Batch 1800/3348, Loss: 0.0003
2025-09-29 01:30:07,244 [INFO] Época 7/30, Batch 1850/3348, Loss: 0.0002
2025-09-29 01:30:07,504 [INFO] Época 7/30, Batch 1900/3348, Loss: 0.0004
2025-09-29 01:30:07,767 [INFO] Época 7/30, Batch 1950/3348, Loss: 0.0002
2025-09-29 01:30:08,030 [INFO] Época 7/30, Batch 2000/3348, Loss: 0.0003
2025-09-29 01:30:08,294 [INFO] Época 7/30, Batch 2050/3348, Loss: 0.0003
2025-09-29 01:30:08,560 [INFO] Época 7/30, Batch 2100/3348, Loss: 0.0003
2025-09-29 01:30:08,824 [INFO] Época 7/30, Batch 2150/3348, Loss: 0.0002
2025-09-29 01:30:09,088 [INFO] Época 7/30, Batch 2200/3348, Loss: 0.0006
2025-09-29 01:30:09,350 [INFO] Época 7/30, Batch 2250/3348, Loss: 0.0004
2025-09-29 01:30:09,613 [INFO] Época 7/30, Batch 2300/3348, Loss: 0.0004
2025-09-29 01:30:09,875 [INFO] Época 7/30, Batch 2350/3348, Loss: 0.0003
2025-09-29 01:30:10,139 [INFO] Época 7/30, Batch 2400/3348, Loss: 0.0004
2025-09-29 01:30:10,403 [INFO] Época 7/30, Batch 2450/3348, Loss: 0.0003
2025-09-29 01:30:10,668 [INFO] Época 7/30, Batch 2500/3348, Loss: 0.0005
2025-09-29 01:30:10,931 [INFO] Época 7/30, Batch 2550/3348, Loss: 0.0004
2025-09-29 01:30:11,195 [INFO] Época 7/30, Batch 2600/3348, Loss: 0.0002
2025-09-29 01:30:11,460 [INFO] Época 7/30, Batch 2650/3348, Loss: 0.0003
2025-09-29 01:30:11,724 [INFO] Época 7/30, Batch 2700/3348, Loss: 0.0003
2025-09-29 01:30:11,986 [INFO] Época 7/30, Batch 2750/3348, Loss: 0.0004
2025-09-29 01:30:12,248 [INFO] Época 7/30, Batch 2800/3348, Loss: 0.0003
2025-09-29 01:30:12,510 [INFO] Época 7/30, Batch 2850/3348, Loss: 0.0003
2025-09-29 01:30:12,774 [INFO] Época 7/30, Batch 2900/3348, Loss: 0.0003
2025-09-29 01:30:13,037 [INFO] Época 7/30, Batch 2950/3348, Loss: 0.0003
2025-09-29 01:30:13,312 [INFO] Época 7/30, Batch 3000/3348, Loss: 0.0003
2025-09-29 01:30:13,574 [INFO] Época 7/30, Batch 3050/3348, Loss: 0.0002
2025-09-29 01:30:13,835 [INFO] Época 7/30, Batch 3100/3348, Loss: 0.0003
2025-09-29 01:30:14,097 [INFO] Época 7/30, Batch 3150/3348, Loss: 0.0002
2025-09-29 01:30:14,357 [INFO] Época 7/30, Batch 3200/3348, Loss: 0.0004
2025-09-29 01:30:14,619 [INFO] Época 7/30, Batch 3250/3348, Loss: 0.0003
2025-09-29 01:30:14,883 [INFO] Época 7/30, Batch 3300/3348, Loss: 0.0003
2025-09-29 01:30:16,768 [INFO] [7/30] Train Loss: 0.0047 | Val Loss: 0.0005 | Tempo: 19.69s
2025-09-29 01:30:17,361 [INFO] Época 8/30, Batch 50/3348, Loss: 0.0003
2025-09-29 01:30:17,633 [INFO] Época 8/30, Batch 100/3348, Loss: 0.0002
2025-09-29 01:30:17,905 [INFO] Época 8/30, Batch 150/3348, Loss: 0.0003
2025-09-29 01:30:18,172 [INFO] Época 8/30, Batch 200/3348, Loss: 0.0003
2025-09-29 01:30:18,441 [INFO] Época 8/30, Batch 250/3348, Loss: 0.0003
2025-09-29 01:30:18,712 [INFO] Época 8/30, Batch 300/3348, Loss: 0.0003
2025-09-29 01:30:18,983 [INFO] Época 8/30, Batch 350/3348, Loss: 0.0002
2025-09-29 01:30:19,254 [INFO] Época 8/30, Batch 400/3348, Loss: 0.0003
2025-09-29 01:30:19,516 [INFO] Época 8/30, Batch 450/3348, Loss: 0.0003
2025-09-29 01:30:19,779 [INFO] Época 8/30, Batch 500/3348, Loss: 0.0003
2025-09-29 01:30:20,045 [INFO] Época 8/30, Batch 550/3348, Loss: 0.0003
2025-09-29 01:30:20,312 [INFO] Época 8/30, Batch 600/3348, Loss: 0.0002
2025-09-29 01:30:20,579 [INFO] Época 8/30, Batch 650/3348, Loss: 0.0003
2025-09-29 01:30:20,849 [INFO] Época 8/30, Batch 700/3348, Loss: 0.0006
2025-09-29 01:30:21,120 [INFO] Época 8/30, Batch 750/3348, Loss: 0.0004
2025-09-29 01:30:21,390 [INFO] Época 8/30, Batch 800/3348, Loss: 0.0002
2025-09-29 01:30:21,663 [INFO] Época 8/30, Batch 850/3348, Loss: 0.0002
2025-09-29 01:30:21,934 [INFO] Época 8/30, Batch 900/3348, Loss: 0.0002
2025-09-29 01:30:22,205 [INFO] Época 8/30, Batch 950/3348, Loss: 0.0002
2025-09-29 01:30:22,475 [INFO] Época 8/30, Batch 1000/3348, Loss: 0.0004
2025-09-29 01:30:22,746 [INFO] Época 8/30, Batch 1050/3348, Loss: 0.0003
2025-09-29 01:30:23,016 [INFO] Época 8/30, Batch 1100/3348, Loss: 0.0002
2025-09-29 01:30:23,288 [INFO] Época 8/30, Batch 1150/3348, Loss: 0.0003
2025-09-29 01:30:23,558 [INFO] Época 8/30, Batch 1200/3348, Loss: 0.0005
2025-09-29 01:30:23,833 [INFO] Época 8/30, Batch 1250/3348, Loss: 0.0002
2025-09-29 01:30:24,107 [INFO] Época 8/30, Batch 1300/3348, Loss: 0.0003
2025-09-29 01:30:24,383 [INFO] Época 8/30, Batch 1350/3348, Loss: 0.0002
2025-09-29 01:30:24,658 [INFO] Época 8/30, Batch 1400/3348, Loss: 0.0004
2025-09-29 01:30:24,932 [INFO] Época 8/30, Batch 1450/3348, Loss: 0.0004
2025-09-29 01:30:25,204 [INFO] Época 8/30, Batch 1500/3348, Loss: 0.0003
2025-09-29 01:30:25,480 [INFO] Época 8/30, Batch 1550/3348, Loss: 0.0003
2025-09-29 01:30:25,746 [INFO] Época 8/30, Batch 1600/3348, Loss: 0.0003
2025-09-29 01:30:26,012 [INFO] Época 8/30, Batch 1650/3348, Loss: 0.0002
2025-09-29 01:30:26,279 [INFO] Época 8/30, Batch 1700/3348, Loss: 0.0002
2025-09-29 01:30:26,544 [INFO] Época 8/30, Batch 1750/3348, Loss: 0.0003
2025-09-29 01:30:26,809 [INFO] Época 8/30, Batch 1800/3348, Loss: 0.0003
2025-09-29 01:30:27,074 [INFO] Época 8/30, Batch 1850/3348, Loss: 0.0005
2025-09-29 01:30:27,339 [INFO] Época 8/30, Batch 1900/3348, Loss: 0.0003
2025-09-29 01:30:27,603 [INFO] Época 8/30, Batch 1950/3348, Loss: 0.0003
2025-09-29 01:30:27,870 [INFO] Época 8/30, Batch 2000/3348, Loss: 0.0003
2025-09-29 01:30:28,136 [INFO] Época 8/30, Batch 2050/3348, Loss: 0.0003
2025-09-29 01:30:28,401 [INFO] Época 8/30, Batch 2100/3348, Loss: 0.0002
2025-09-29 01:30:28,671 [INFO] Época 8/30, Batch 2150/3348, Loss: 0.0006
2025-09-29 01:30:28,937 [INFO] Época 8/30, Batch 2200/3348, Loss: 0.0003
2025-09-29 01:30:29,204 [INFO] Época 8/30, Batch 2250/3348, Loss: 0.0002
2025-09-29 01:30:29,469 [INFO] Época 8/30, Batch 2300/3348, Loss: 0.0003
2025-09-29 01:30:29,735 [INFO] Época 8/30, Batch 2350/3348, Loss: 0.0003
2025-09-29 01:30:30,001 [INFO] Época 8/30, Batch 2400/3348, Loss: 0.0004
2025-09-29 01:30:30,265 [INFO] Época 8/30, Batch 2450/3348, Loss: 0.0003
2025-09-29 01:30:30,529 [INFO] Época 8/30, Batch 2500/3348, Loss: 0.0002
2025-09-29 01:30:30,803 [INFO] Época 8/30, Batch 2550/3348, Loss: 0.0003
2025-09-29 01:30:31,079 [INFO] Época 8/30, Batch 2600/3348, Loss: 0.0002
2025-09-29 01:30:31,355 [INFO] Época 8/30, Batch 2650/3348, Loss: 0.0003
2025-09-29 01:30:31,625 [INFO] Época 8/30, Batch 2700/3348, Loss: 0.0003
2025-09-29 01:30:31,891 [INFO] Época 8/30, Batch 2750/3348, Loss: 0.0003
2025-09-29 01:30:32,154 [INFO] Época 8/30, Batch 2800/3348, Loss: 0.0004
2025-09-29 01:30:32,420 [INFO] Época 8/30, Batch 2850/3348, Loss: 0.0003
2025-09-29 01:30:32,687 [INFO] Época 8/30, Batch 2900/3348, Loss: 0.0005
2025-09-29 01:30:32,952 [INFO] Época 8/30, Batch 2950/3348, Loss: 0.0002
2025-09-29 01:30:33,218 [INFO] Época 8/30, Batch 3000/3348, Loss: 0.0003
2025-09-29 01:30:33,483 [INFO] Época 8/30, Batch 3050/3348, Loss: 0.0003
2025-09-29 01:30:33,759 [INFO] Época 8/30, Batch 3100/3348, Loss: 0.0002
2025-09-29 01:30:34,023 [INFO] Época 8/30, Batch 3150/3348, Loss: 0.0004
2025-09-29 01:30:34,290 [INFO] Época 8/30, Batch 3200/3348, Loss: 0.0003
2025-09-29 01:30:34,555 [INFO] Época 8/30, Batch 3250/3348, Loss: 0.0004
2025-09-29 01:30:34,819 [INFO] Época 8/30, Batch 3300/3348, Loss: 0.0002
2025-09-29 01:30:36,725 [INFO] [8/30] Train Loss: 0.0047 | Val Loss: 0.0005 | Tempo: 19.96s
2025-09-29 01:30:37,317 [INFO] Época 9/30, Batch 50/3348, Loss: 0.0002
2025-09-29 01:30:37,599 [INFO] Época 9/30, Batch 100/3348, Loss: 0.0002
2025-09-29 01:30:37,888 [INFO] Época 9/30, Batch 150/3348, Loss: 0.0003
2025-09-29 01:30:38,174 [INFO] Época 9/30, Batch 200/3348, Loss: 0.0003
2025-09-29 01:30:38,459 [INFO] Época 9/30, Batch 250/3348, Loss: 0.0003
2025-09-29 01:30:38,737 [INFO] Época 9/30, Batch 300/3348, Loss: 0.0003
2025-09-29 01:30:39,003 [INFO] Época 9/30, Batch 350/3348, Loss: 0.0002
2025-09-29 01:30:39,288 [INFO] Época 9/30, Batch 400/3348, Loss: 0.0002
2025-09-29 01:30:39,573 [INFO] Época 9/30, Batch 450/3348, Loss: 0.0002
2025-09-29 01:30:39,857 [INFO] Época 9/30, Batch 500/3348, Loss: 0.0002
2025-09-29 01:30:40,141 [INFO] Época 9/30, Batch 550/3348, Loss: 0.0002
2025-09-29 01:30:40,425 [INFO] Época 9/30, Batch 600/3348, Loss: 0.0003
2025-09-29 01:30:40,711 [INFO] Época 9/30, Batch 650/3348, Loss: 0.0003
2025-09-29 01:30:40,997 [INFO] Época 9/30, Batch 700/3348, Loss: 0.0003
2025-09-29 01:30:41,282 [INFO] Época 9/30, Batch 750/3348, Loss: 0.0002
2025-09-29 01:30:41,566 [INFO] Época 9/30, Batch 800/3348, Loss: 0.0004
2025-09-29 01:30:41,847 [INFO] Época 9/30, Batch 850/3348, Loss: 0.0002
2025-09-29 01:30:42,128 [INFO] Época 9/30, Batch 900/3348, Loss: 0.0003
2025-09-29 01:30:42,411 [INFO] Época 9/30, Batch 950/3348, Loss: 0.0003
2025-09-29 01:30:42,694 [INFO] Época 9/30, Batch 1000/3348, Loss: 0.0004
2025-09-29 01:30:42,975 [INFO] Época 9/30, Batch 1050/3348, Loss: 0.0003
2025-09-29 01:30:43,256 [INFO] Época 9/30, Batch 1100/3348, Loss: 0.0004
2025-09-29 01:30:43,539 [INFO] Época 9/30, Batch 1150/3348, Loss: 0.0002
2025-09-29 01:30:43,813 [INFO] Época 9/30, Batch 1200/3348, Loss: 0.0002
2025-09-29 01:30:44,080 [INFO] Época 9/30, Batch 1250/3348, Loss: 0.0003
2025-09-29 01:30:44,345 [INFO] Época 9/30, Batch 1300/3348, Loss: 0.0002
2025-09-29 01:30:44,621 [INFO] Época 9/30, Batch 1350/3348, Loss: 0.0005
2025-09-29 01:30:44,884 [INFO] Época 9/30, Batch 1400/3348, Loss: 0.0003
2025-09-29 01:30:45,150 [INFO] Época 9/30, Batch 1450/3348, Loss: 0.0003
2025-09-29 01:30:45,415 [INFO] Época 9/30, Batch 1500/3348, Loss: 0.0003
2025-09-29 01:30:45,679 [INFO] Época 9/30, Batch 1550/3348, Loss: 0.0003
2025-09-29 01:30:45,941 [INFO] Época 9/30, Batch 1600/3348, Loss: 0.0002
2025-09-29 01:30:46,205 [INFO] Época 9/30, Batch 1650/3348, Loss: 0.0003
2025-09-29 01:30:46,479 [INFO] Época 9/30, Batch 1700/3348, Loss: 0.0003
2025-09-29 01:30:46,763 [INFO] Época 9/30, Batch 1750/3348, Loss: 0.0002
2025-09-29 01:30:47,045 [INFO] Época 9/30, Batch 1800/3348, Loss: 0.0002
2025-09-29 01:30:47,329 [INFO] Época 9/30, Batch 1850/3348, Loss: 0.0002
2025-09-29 01:30:47,615 [INFO] Época 9/30, Batch 1900/3348, Loss: 0.0003
2025-09-29 01:30:47,897 [INFO] Época 9/30, Batch 1950/3348, Loss: 0.0004
2025-09-29 01:30:48,177 [INFO] Época 9/30, Batch 2000/3348, Loss: 0.0002
2025-09-29 01:30:48,460 [INFO] Época 9/30, Batch 2050/3348, Loss: 0.0003
2025-09-29 01:30:48,743 [INFO] Época 9/30, Batch 2100/3348, Loss: 0.0002
2025-09-29 01:30:49,026 [INFO] Época 9/30, Batch 2150/3348, Loss: 0.0002
2025-09-29 01:30:49,312 [INFO] Época 9/30, Batch 2200/3348, Loss: 0.0003
2025-09-29 01:30:49,597 [INFO] Época 9/30, Batch 2250/3348, Loss: 0.0003
2025-09-29 01:30:49,880 [INFO] Época 9/30, Batch 2300/3348, Loss: 0.0002
2025-09-29 01:30:50,161 [INFO] Época 9/30, Batch 2350/3348, Loss: 0.0002
2025-09-29 01:30:50,444 [INFO] Época 9/30, Batch 2400/3348, Loss: 0.0002
2025-09-29 01:30:50,713 [INFO] Época 9/30, Batch 2450/3348, Loss: 0.0003
2025-09-29 01:30:50,978 [INFO] Época 9/30, Batch 2500/3348, Loss: 0.0003
2025-09-29 01:30:51,245 [INFO] Época 9/30, Batch 2550/3348, Loss: 0.0002
2025-09-29 01:30:51,512 [INFO] Época 9/30, Batch 2600/3348, Loss: 0.0003
2025-09-29 01:30:51,785 [INFO] Época 9/30, Batch 2650/3348, Loss: 0.0002
2025-09-29 01:30:52,070 [INFO] Época 9/30, Batch 2700/3348, Loss: 0.0004
2025-09-29 01:30:52,354 [INFO] Época 9/30, Batch 2750/3348, Loss: 0.0002
2025-09-29 01:30:52,634 [INFO] Época 9/30, Batch 2800/3348, Loss: 0.0003
2025-09-29 01:30:52,921 [INFO] Época 9/30, Batch 2850/3348, Loss: 0.0003
2025-09-29 01:30:53,207 [INFO] Época 9/30, Batch 2900/3348, Loss: 0.0003
2025-09-29 01:30:53,493 [INFO] Época 9/30, Batch 2950/3348, Loss: 0.0003
2025-09-29 01:30:53,778 [INFO] Época 9/30, Batch 3000/3348, Loss: 0.0004
2025-09-29 01:30:54,063 [INFO] Época 9/30, Batch 3050/3348, Loss: 0.0003
2025-09-29 01:30:54,358 [INFO] Época 9/30, Batch 3100/3348, Loss: 0.0002
2025-09-29 01:30:54,636 [INFO] Época 9/30, Batch 3150/3348, Loss: 0.0003
2025-09-29 01:30:54,912 [INFO] Época 9/30, Batch 3200/3348, Loss: 0.0004
2025-09-29 01:30:55,192 [INFO] Época 9/30, Batch 3250/3348, Loss: 0.0003
2025-09-29 01:30:55,458 [INFO] Época 9/30, Batch 3300/3348, Loss: 0.0004
2025-09-29 01:30:57,287 [INFO] [9/30] Train Loss: 0.0047 | Val Loss: 0.0004 | Tempo: 20.56s
2025-09-29 01:30:57,885 [INFO] Época 10/30, Batch 50/3348, Loss: 0.0002
2025-09-29 01:30:58,161 [INFO] Época 10/30, Batch 100/3348, Loss: 0.0002
2025-09-29 01:30:58,435 [INFO] Época 10/30, Batch 150/3348, Loss: 0.0002
2025-09-29 01:30:58,709 [INFO] Época 10/30, Batch 200/3348, Loss: 0.0003
2025-09-29 01:30:58,993 [INFO] Época 10/30, Batch 250/3348, Loss: 0.0002
2025-09-29 01:30:59,278 [INFO] Época 10/30, Batch 300/3348, Loss: 0.0003
2025-09-29 01:30:59,564 [INFO] Época 10/30, Batch 350/3348, Loss: 0.0002
2025-09-29 01:30:59,850 [INFO] Época 10/30, Batch 400/3348, Loss: 0.0003
2025-09-29 01:31:00,135 [INFO] Época 10/30, Batch 450/3348, Loss: 0.0003
2025-09-29 01:31:00,422 [INFO] Época 10/30, Batch 500/3348, Loss: 0.0002
2025-09-29 01:31:00,707 [INFO] Época 10/30, Batch 550/3348, Loss: 0.0002
2025-09-29 01:31:00,990 [INFO] Época 10/30, Batch 600/3348, Loss: 0.0004
2025-09-29 01:31:01,256 [INFO] Época 10/30, Batch 650/3348, Loss: 0.0004
2025-09-29 01:31:01,522 [INFO] Época 10/30, Batch 700/3348, Loss: 0.0005
2025-09-29 01:31:01,795 [INFO] Época 10/30, Batch 750/3348, Loss: 0.0003
2025-09-29 01:31:02,069 [INFO] Época 10/30, Batch 800/3348, Loss: 0.0003
2025-09-29 01:31:02,344 [INFO] Época 10/30, Batch 850/3348, Loss: 0.0003
2025-09-29 01:31:02,619 [INFO] Época 10/30, Batch 900/3348, Loss: 0.0005
2025-09-29 01:31:02,895 [INFO] Época 10/30, Batch 950/3348, Loss: 0.0006
2025-09-29 01:31:03,168 [INFO] Época 10/30, Batch 1000/3348, Loss: 0.0003
2025-09-29 01:31:03,441 [INFO] Época 10/30, Batch 1050/3348, Loss: 0.0003
2025-09-29 01:31:03,718 [INFO] Época 10/30, Batch 1100/3348, Loss: 0.0003
2025-09-29 01:31:04,002 [INFO] Época 10/30, Batch 1150/3348, Loss: 0.0002
2025-09-29 01:31:04,287 [INFO] Época 10/30, Batch 1200/3348, Loss: 0.0002
2025-09-29 01:31:04,583 [INFO] Época 10/30, Batch 1250/3348, Loss: 0.0003
2025-09-29 01:31:04,866 [INFO] Época 10/30, Batch 1300/3348, Loss: 0.0003
2025-09-29 01:31:05,149 [INFO] Época 10/30, Batch 1350/3348, Loss: 0.0002
2025-09-29 01:31:05,432 [INFO] Época 10/30, Batch 1400/3348, Loss: 0.0003
2025-09-29 01:31:05,718 [INFO] Época 10/30, Batch 1450/3348, Loss: 0.0002
2025-09-29 01:31:06,002 [INFO] Época 10/30, Batch 1500/3348, Loss: 0.0003
2025-09-29 01:31:06,288 [INFO] Época 10/30, Batch 1550/3348, Loss: 0.0003
2025-09-29 01:31:06,571 [INFO] Época 10/30, Batch 1600/3348, Loss: 0.0004
2025-09-29 01:31:06,855 [INFO] Época 10/30, Batch 1650/3348, Loss: 0.0003
2025-09-29 01:31:07,140 [INFO] Época 10/30, Batch 1700/3348, Loss: 0.0003
2025-09-29 01:31:07,423 [INFO] Época 10/30, Batch 1750/3348, Loss: 0.0003
2025-09-29 01:31:07,694 [INFO] Época 10/30, Batch 1800/3348, Loss: 0.0002
2025-09-29 01:31:07,980 [INFO] Época 10/30, Batch 1850/3348, Loss: 0.0004
2025-09-29 01:31:08,265 [INFO] Época 10/30, Batch 1900/3348, Loss: 0.0002
2025-09-29 01:31:08,532 [INFO] Época 10/30, Batch 1950/3348, Loss: 0.0003
2025-09-29 01:31:08,801 [INFO] Época 10/30, Batch 2000/3348, Loss: 0.0002
2025-09-29 01:31:09,068 [INFO] Época 10/30, Batch 2050/3348, Loss: 0.0002
2025-09-29 01:31:09,334 [INFO] Época 10/30, Batch 2100/3348, Loss: 0.0003
2025-09-29 01:31:09,612 [INFO] Época 10/30, Batch 2150/3348, Loss: 0.0004
2025-09-29 01:31:09,884 [INFO] Época 10/30, Batch 2200/3348, Loss: 0.0003
2025-09-29 01:31:10,160 [INFO] Época 10/30, Batch 2250/3348, Loss: 0.0004
2025-09-29 01:31:10,433 [INFO] Época 10/30, Batch 2300/3348, Loss: 0.0003
2025-09-29 01:31:10,714 [INFO] Época 10/30, Batch 2350/3348, Loss: 0.0002
2025-09-29 01:31:10,989 [INFO] Época 10/30, Batch 2400/3348, Loss: 0.0003
2025-09-29 01:31:11,266 [INFO] Época 10/30, Batch 2450/3348, Loss: 0.0003
2025-09-29 01:31:11,542 [INFO] Época 10/30, Batch 2500/3348, Loss: 0.0003
2025-09-29 01:31:11,826 [INFO] Época 10/30, Batch 2550/3348, Loss: 0.0003
2025-09-29 01:31:12,111 [INFO] Época 10/30, Batch 2600/3348, Loss: 0.0003
2025-09-29 01:31:12,394 [INFO] Época 10/30, Batch 2650/3348, Loss: 0.0003
2025-09-29 01:31:12,676 [INFO] Época 10/30, Batch 2700/3348, Loss: 0.0004
2025-09-29 01:31:12,952 [INFO] Época 10/30, Batch 2750/3348, Loss: 0.0003
2025-09-29 01:31:13,230 [INFO] Época 10/30, Batch 2800/3348, Loss: 0.0002
2025-09-29 01:31:13,514 [INFO] Época 10/30, Batch 2850/3348, Loss: 0.0003
2025-09-29 01:31:13,801 [INFO] Época 10/30, Batch 2900/3348, Loss: 0.0002
2025-09-29 01:31:14,085 [INFO] Época 10/30, Batch 2950/3348, Loss: 0.0003
2025-09-29 01:31:14,373 [INFO] Época 10/30, Batch 3000/3348, Loss: 0.0002
2025-09-29 01:31:14,658 [INFO] Época 10/30, Batch 3050/3348, Loss: 0.0002
2025-09-29 01:31:14,941 [INFO] Época 10/30, Batch 3100/3348, Loss: 0.0002
2025-09-29 01:31:15,224 [INFO] Época 10/30, Batch 3150/3348, Loss: 0.0003
2025-09-29 01:31:15,508 [INFO] Época 10/30, Batch 3200/3348, Loss: 0.0005
2025-09-29 01:31:15,795 [INFO] Época 10/30, Batch 3250/3348, Loss: 0.0002
2025-09-29 01:31:16,078 [INFO] Época 10/30, Batch 3300/3348, Loss: 0.0004
2025-09-29 01:31:17,958 [INFO] [10/30] Train Loss: 0.0047 | Val Loss: 0.0004 | Tempo: 20.67s
2025-09-29 01:31:18,542 [INFO] Época 11/30, Batch 50/3348, Loss: 0.0002
2025-09-29 01:31:18,813 [INFO] Época 11/30, Batch 100/3348, Loss: 0.0003
2025-09-29 01:31:19,083 [INFO] Época 11/30, Batch 150/3348, Loss: 0.0002
2025-09-29 01:31:19,352 [INFO] Época 11/30, Batch 200/3348, Loss: 0.0002
2025-09-29 01:31:19,619 [INFO] Época 11/30, Batch 250/3348, Loss: 0.0003
2025-09-29 01:31:19,885 [INFO] Época 11/30, Batch 300/3348, Loss: 0.0003
2025-09-29 01:31:20,150 [INFO] Época 11/30, Batch 350/3348, Loss: 0.0003
2025-09-29 01:31:20,415 [INFO] Época 11/30, Batch 400/3348, Loss: 0.0003
2025-09-29 01:31:20,682 [INFO] Época 11/30, Batch 450/3348, Loss: 0.0003
2025-09-29 01:31:20,947 [INFO] Época 11/30, Batch 500/3348, Loss: 0.0002
2025-09-29 01:31:21,212 [INFO] Época 11/30, Batch 550/3348, Loss: 0.0002
2025-09-29 01:31:21,476 [INFO] Época 11/30, Batch 600/3348, Loss: 0.0004
2025-09-29 01:31:21,745 [INFO] Época 11/30, Batch 650/3348, Loss: 0.0004
2025-09-29 01:31:22,012 [INFO] Época 11/30, Batch 700/3348, Loss: 0.0002
2025-09-29 01:31:22,279 [INFO] Época 11/30, Batch 750/3348, Loss: 0.0002
2025-09-29 01:31:22,544 [INFO] Época 11/30, Batch 800/3348, Loss: 0.0003
2025-09-29 01:31:22,811 [INFO] Época 11/30, Batch 850/3348, Loss: 0.0002
2025-09-29 01:31:23,078 [INFO] Época 11/30, Batch 900/3348, Loss: 0.0004
2025-09-29 01:31:23,344 [INFO] Época 11/30, Batch 950/3348, Loss: 0.0002
2025-09-29 01:31:23,611 [INFO] Época 11/30, Batch 1000/3348, Loss: 0.0004
2025-09-29 01:31:23,871 [INFO] Época 11/30, Batch 1050/3348, Loss: 0.0003
2025-09-29 01:31:24,129 [INFO] Época 11/30, Batch 1100/3348, Loss: 0.0002
2025-09-29 01:31:24,399 [INFO] Época 11/30, Batch 1150/3348, Loss: 0.0004
2025-09-29 01:31:24,681 [INFO] Época 11/30, Batch 1200/3348, Loss: 0.0002
2025-09-29 01:31:24,959 [INFO] Época 11/30, Batch 1250/3348, Loss: 0.0003
2025-09-29 01:31:25,225 [INFO] Época 11/30, Batch 1300/3348, Loss: 0.0002
2025-09-29 01:31:25,490 [INFO] Época 11/30, Batch 1350/3348, Loss: 0.0002
2025-09-29 01:31:25,756 [INFO] Época 11/30, Batch 1400/3348, Loss: 0.0004
2025-09-29 01:31:26,023 [INFO] Época 11/30, Batch 1450/3348, Loss: 0.0003
2025-09-29 01:31:26,289 [INFO] Época 11/30, Batch 1500/3348, Loss: 0.0002
2025-09-29 01:31:26,557 [INFO] Época 11/30, Batch 1550/3348, Loss: 0.0002
2025-09-29 01:31:26,824 [INFO] Época 11/30, Batch 1600/3348, Loss: 0.0002
2025-09-29 01:31:27,089 [INFO] Época 11/30, Batch 1650/3348, Loss: 0.0003
2025-09-29 01:31:27,354 [INFO] Época 11/30, Batch 1700/3348, Loss: 0.0003
2025-09-29 01:31:27,620 [INFO] Época 11/30, Batch 1750/3348, Loss: 0.0003
2025-09-29 01:31:27,894 [INFO] Época 11/30, Batch 1800/3348, Loss: 0.0002
2025-09-29 01:31:28,170 [INFO] Época 11/30, Batch 1850/3348, Loss: 0.0002
2025-09-29 01:31:28,446 [INFO] Época 11/30, Batch 1900/3348, Loss: 0.0002
2025-09-29 01:31:28,721 [INFO] Época 11/30, Batch 1950/3348, Loss: 0.0003
2025-09-29 01:31:28,996 [INFO] Época 11/30, Batch 2000/3348, Loss: 0.0003
2025-09-29 01:31:29,270 [INFO] Época 11/30, Batch 2050/3348, Loss: 0.0003
2025-09-29 01:31:29,544 [INFO] Época 11/30, Batch 2100/3348, Loss: 0.0002
2025-09-29 01:31:29,820 [INFO] Época 11/30, Batch 2150/3348, Loss: 0.0002
2025-09-29 01:31:30,095 [INFO] Época 11/30, Batch 2200/3348, Loss: 0.0002
2025-09-29 01:31:30,373 [INFO] Época 11/30, Batch 2250/3348, Loss: 0.0003
2025-09-29 01:31:30,645 [INFO] Época 11/30, Batch 2300/3348, Loss: 0.0002
2025-09-29 01:31:30,920 [INFO] Época 11/30, Batch 2350/3348, Loss: 0.0003
2025-09-29 01:31:31,191 [INFO] Época 11/30, Batch 2400/3348, Loss: 0.0003
2025-09-29 01:31:31,456 [INFO] Época 11/30, Batch 2450/3348, Loss: 0.0003
2025-09-29 01:31:31,722 [INFO] Época 11/30, Batch 2500/3348, Loss: 0.0002
2025-09-29 01:31:31,987 [INFO] Época 11/30, Batch 2550/3348, Loss: 0.0003
2025-09-29 01:31:32,251 [INFO] Época 11/30, Batch 2600/3348, Loss: 0.0003
2025-09-29 01:31:32,517 [INFO] Época 11/30, Batch 2650/3348, Loss: 0.0002
2025-09-29 01:31:32,783 [INFO] Época 11/30, Batch 2700/3348, Loss: 0.0003
2025-09-29 01:31:33,048 [INFO] Época 11/30, Batch 2750/3348, Loss: 0.0002
2025-09-29 01:31:33,317 [INFO] Época 11/30, Batch 2800/3348, Loss: 0.0002
2025-09-29 01:31:33,583 [INFO] Época 11/30, Batch 2850/3348, Loss: 0.0002
2025-09-29 01:31:33,851 [INFO] Época 11/30, Batch 2900/3348, Loss: 0.0003
2025-09-29 01:31:34,126 [INFO] Época 11/30, Batch 2950/3348, Loss: 0.0002
2025-09-29 01:31:34,397 [INFO] Época 11/30, Batch 3000/3348, Loss: 0.0003
2025-09-29 01:31:34,670 [INFO] Época 11/30, Batch 3050/3348, Loss: 0.0003
2025-09-29 01:31:34,943 [INFO] Época 11/30, Batch 3100/3348, Loss: 0.0003
2025-09-29 01:31:35,227 [INFO] Época 11/30, Batch 3150/3348, Loss: 0.0003
2025-09-29 01:31:35,499 [INFO] Época 11/30, Batch 3200/3348, Loss: 0.0003
2025-09-29 01:31:35,773 [INFO] Época 11/30, Batch 3250/3348, Loss: 0.0003
2025-09-29 01:31:36,046 [INFO] Época 11/30, Batch 3300/3348, Loss: 0.0003
2025-09-29 01:31:37,868 [INFO] [11/30] Train Loss: 0.0047 | Val Loss: 0.0003 | Tempo: 19.91s
2025-09-29 01:31:38,455 [INFO] Época 12/30, Batch 50/3348, Loss: 0.0003
2025-09-29 01:31:38,725 [INFO] Época 12/30, Batch 100/3348, Loss: 0.0002
2025-09-29 01:31:38,991 [INFO] Época 12/30, Batch 150/3348, Loss: 0.0002
2025-09-29 01:31:39,257 [INFO] Época 12/30, Batch 200/3348, Loss: 0.0003
2025-09-29 01:31:39,524 [INFO] Época 12/30, Batch 250/3348, Loss: 0.0003
2025-09-29 01:31:39,788 [INFO] Época 12/30, Batch 300/3348, Loss: 0.0002
2025-09-29 01:31:40,049 [INFO] Época 12/30, Batch 350/3348, Loss: 0.0002
2025-09-29 01:31:40,313 [INFO] Época 12/30, Batch 400/3348, Loss: 0.0003
2025-09-29 01:31:40,576 [INFO] Época 12/30, Batch 450/3348, Loss: 0.0003
2025-09-29 01:31:40,842 [INFO] Época 12/30, Batch 500/3348, Loss: 0.0002
2025-09-29 01:31:41,103 [INFO] Época 12/30, Batch 550/3348, Loss: 0.0004
2025-09-29 01:31:41,365 [INFO] Época 12/30, Batch 600/3348, Loss: 0.0002
2025-09-29 01:31:41,626 [INFO] Época 12/30, Batch 650/3348, Loss: 0.0002
2025-09-29 01:31:41,886 [INFO] Época 12/30, Batch 700/3348, Loss: 0.0003
2025-09-29 01:31:42,147 [INFO] Época 12/30, Batch 750/3348, Loss: 0.0002
2025-09-29 01:31:42,410 [INFO] Época 12/30, Batch 800/3348, Loss: 0.0009
2025-09-29 01:31:42,672 [INFO] Época 12/30, Batch 850/3348, Loss: 0.0002
2025-09-29 01:31:42,933 [INFO] Época 12/30, Batch 900/3348, Loss: 0.0002
2025-09-29 01:31:43,194 [INFO] Época 12/30, Batch 950/3348, Loss: 0.0003
2025-09-29 01:31:43,456 [INFO] Época 12/30, Batch 1000/3348, Loss: 0.0002
2025-09-29 01:31:43,719 [INFO] Época 12/30, Batch 1050/3348, Loss: 0.0002
2025-09-29 01:31:43,982 [INFO] Época 12/30, Batch 1100/3348, Loss: 0.0002
2025-09-29 01:31:44,245 [INFO] Época 12/30, Batch 1150/3348, Loss: 0.0003
2025-09-29 01:31:44,508 [INFO] Época 12/30, Batch 1200/3348, Loss: 0.0003
2025-09-29 01:31:44,771 [INFO] Época 12/30, Batch 1250/3348, Loss: 0.0003
2025-09-29 01:31:45,034 [INFO] Época 12/30, Batch 1300/3348, Loss: 0.0002
2025-09-29 01:31:45,296 [INFO] Época 12/30, Batch 1350/3348, Loss: 0.0004
2025-09-29 01:31:45,567 [INFO] Época 12/30, Batch 1400/3348, Loss: 0.0003
2025-09-29 01:31:45,830 [INFO] Época 12/30, Batch 1450/3348, Loss: 0.0002
2025-09-29 01:31:46,092 [INFO] Época 12/30, Batch 1500/3348, Loss: 0.0002
2025-09-29 01:31:46,357 [INFO] Época 12/30, Batch 1550/3348, Loss: 0.0002
2025-09-29 01:31:46,619 [INFO] Época 12/30, Batch 1600/3348, Loss: 0.0002
2025-09-29 01:31:46,882 [INFO] Época 12/30, Batch 1650/3348, Loss: 0.0003
2025-09-29 01:31:47,144 [INFO] Época 12/30, Batch 1700/3348, Loss: 0.0004
2025-09-29 01:31:47,408 [INFO] Época 12/30, Batch 1750/3348, Loss: 0.0002
2025-09-29 01:31:47,670 [INFO] Época 12/30, Batch 1800/3348, Loss: 0.0003
2025-09-29 01:31:47,936 [INFO] Época 12/30, Batch 1850/3348, Loss: 0.0005
2025-09-29 01:31:48,199 [INFO] Época 12/30, Batch 1900/3348, Loss: 0.0003
2025-09-29 01:31:48,463 [INFO] Época 12/30, Batch 1950/3348, Loss: 0.0003
2025-09-29 01:31:48,726 [INFO] Época 12/30, Batch 2000/3348, Loss: 0.0002
2025-09-29 01:31:48,989 [INFO] Época 12/30, Batch 2050/3348, Loss: 0.0003
2025-09-29 01:31:49,252 [INFO] Época 12/30, Batch 2100/3348, Loss: 0.0002
2025-09-29 01:31:49,514 [INFO] Época 12/30, Batch 2150/3348, Loss: 0.0002
2025-09-29 01:31:49,777 [INFO] Época 12/30, Batch 2200/3348, Loss: 0.0004
2025-09-29 01:31:50,038 [INFO] Época 12/30, Batch 2250/3348, Loss: 0.0003
2025-09-29 01:31:50,302 [INFO] Época 12/30, Batch 2300/3348, Loss: 0.0003
2025-09-29 01:31:50,575 [INFO] Época 12/30, Batch 2350/3348, Loss: 0.0002
2025-09-29 01:31:50,835 [INFO] Época 12/30, Batch 2400/3348, Loss: 0.0002
2025-09-29 01:31:51,096 [INFO] Época 12/30, Batch 2450/3348, Loss: 0.0003
2025-09-29 01:31:51,357 [INFO] Época 12/30, Batch 2500/3348, Loss: 0.0005
2025-09-29 01:31:51,621 [INFO] Época 12/30, Batch 2550/3348, Loss: 0.0003
2025-09-29 01:31:51,882 [INFO] Época 12/30, Batch 2600/3348, Loss: 0.0003
2025-09-29 01:31:52,143 [INFO] Época 12/30, Batch 2650/3348, Loss: 0.0003
2025-09-29 01:31:52,406 [INFO] Época 12/30, Batch 2700/3348, Loss: 0.0003
2025-09-29 01:31:52,669 [INFO] Época 12/30, Batch 2750/3348, Loss: 0.0003
2025-09-29 01:31:52,931 [INFO] Época 12/30, Batch 2800/3348, Loss: 0.0004
2025-09-29 01:31:53,192 [INFO] Época 12/30, Batch 2850/3348, Loss: 0.0003
2025-09-29 01:31:53,454 [INFO] Época 12/30, Batch 2900/3348, Loss: 0.0002
2025-09-29 01:31:53,716 [INFO] Época 12/30, Batch 2950/3348, Loss: 0.0002
2025-09-29 01:31:53,977 [INFO] Época 12/30, Batch 3000/3348, Loss: 0.0003
2025-09-29 01:31:54,238 [INFO] Época 12/30, Batch 3050/3348, Loss: 0.0002
2025-09-29 01:31:54,499 [INFO] Época 12/30, Batch 3100/3348, Loss: 0.0003
2025-09-29 01:31:54,760 [INFO] Época 12/30, Batch 3150/3348, Loss: 0.0002
2025-09-29 01:31:55,022 [INFO] Época 12/30, Batch 3200/3348, Loss: 0.0002
2025-09-29 01:31:55,283 [INFO] Época 12/30, Batch 3250/3348, Loss: 0.0002
2025-09-29 01:31:55,546 [INFO] Época 12/30, Batch 3300/3348, Loss: 0.0002
2025-09-29 01:31:57,452 [INFO] [12/30] Train Loss: 0.0047 | Val Loss: 0.0003 | Tempo: 19.58s
2025-09-29 01:31:58,063 [INFO] Época 13/30, Batch 50/3348, Loss: 0.0003
2025-09-29 01:31:58,343 [INFO] Época 13/30, Batch 100/3348, Loss: 0.0002
2025-09-29 01:31:58,623 [INFO] Época 13/30, Batch 150/3348, Loss: 0.0004
2025-09-29 01:31:58,901 [INFO] Época 13/30, Batch 200/3348, Loss: 0.0002
2025-09-29 01:31:59,176 [INFO] Época 13/30, Batch 250/3348, Loss: 0.0004
2025-09-29 01:31:59,454 [INFO] Época 13/30, Batch 300/3348, Loss: 0.0002
2025-09-29 01:31:59,729 [INFO] Época 13/30, Batch 350/3348, Loss: 0.0002
2025-09-29 01:32:00,006 [INFO] Época 13/30, Batch 400/3348, Loss: 0.0003
2025-09-29 01:32:00,280 [INFO] Época 13/30, Batch 450/3348, Loss: 0.0004
2025-09-29 01:32:00,554 [INFO] Época 13/30, Batch 500/3348, Loss: 0.0002
2025-09-29 01:32:00,830 [INFO] Época 13/30, Batch 550/3348, Loss: 0.0004
2025-09-29 01:32:01,104 [INFO] Época 13/30, Batch 600/3348, Loss: 0.0002
2025-09-29 01:32:01,377 [INFO] Época 13/30, Batch 650/3348, Loss: 0.0002
2025-09-29 01:32:01,651 [INFO] Época 13/30, Batch 700/3348, Loss: 0.0002
2025-09-29 01:32:01,921 [INFO] Época 13/30, Batch 750/3348, Loss: 0.0002
2025-09-29 01:32:02,186 [INFO] Época 13/30, Batch 800/3348, Loss: 0.0002
2025-09-29 01:32:02,441 [INFO] Época 13/30, Batch 850/3348, Loss: 0.0002
2025-09-29 01:32:02,698 [INFO] Época 13/30, Batch 900/3348, Loss: 0.0004
2025-09-29 01:32:02,954 [INFO] Época 13/30, Batch 950/3348, Loss: 0.0002
2025-09-29 01:32:03,211 [INFO] Época 13/30, Batch 1000/3348, Loss: 0.0002
2025-09-29 01:32:03,470 [INFO] Época 13/30, Batch 1050/3348, Loss: 0.0002
2025-09-29 01:32:03,726 [INFO] Época 13/30, Batch 1100/3348, Loss: 0.0002
2025-09-29 01:32:03,994 [INFO] Época 13/30, Batch 1150/3348, Loss: 0.0002
2025-09-29 01:32:04,259 [INFO] Época 13/30, Batch 1200/3348, Loss: 0.0004
2025-09-29 01:32:04,527 [INFO] Época 13/30, Batch 1250/3348, Loss: 0.0002
2025-09-29 01:32:04,807 [INFO] Época 13/30, Batch 1300/3348, Loss: 0.0002
2025-09-29 01:32:05,088 [INFO] Época 13/30, Batch 1350/3348, Loss: 0.0005
2025-09-29 01:32:05,369 [INFO] Época 13/30, Batch 1400/3348, Loss: 0.0004
2025-09-29 01:32:05,653 [INFO] Época 13/30, Batch 1450/3348, Loss: 0.0004
2025-09-29 01:32:05,930 [INFO] Época 13/30, Batch 1500/3348, Loss: 0.0004
2025-09-29 01:32:06,196 [INFO] Época 13/30, Batch 1550/3348, Loss: 0.0003
2025-09-29 01:32:06,462 [INFO] Época 13/30, Batch 1600/3348, Loss: 0.0003
2025-09-29 01:32:06,728 [INFO] Época 13/30, Batch 1650/3348, Loss: 0.0002
2025-09-29 01:32:06,991 [INFO] Época 13/30, Batch 1700/3348, Loss: 0.0002
2025-09-29 01:32:07,254 [INFO] Época 13/30, Batch 1750/3348, Loss: 0.0005
2025-09-29 01:32:07,519 [INFO] Época 13/30, Batch 1800/3348, Loss: 0.0003
2025-09-29 01:32:07,780 [INFO] Época 13/30, Batch 1850/3348, Loss: 0.0003
2025-09-29 01:32:08,042 [INFO] Época 13/30, Batch 1900/3348, Loss: 0.0003
2025-09-29 01:32:08,309 [INFO] Época 13/30, Batch 1950/3348, Loss: 0.0002
2025-09-29 01:32:08,575 [INFO] Época 13/30, Batch 2000/3348, Loss: 0.0002
2025-09-29 01:32:08,843 [INFO] Época 13/30, Batch 2050/3348, Loss: 0.0003
2025-09-29 01:32:09,111 [INFO] Época 13/30, Batch 2100/3348, Loss: 0.0002
2025-09-29 01:32:09,380 [INFO] Época 13/30, Batch 2150/3348, Loss: 0.0004
2025-09-29 01:32:09,646 [INFO] Época 13/30, Batch 2200/3348, Loss: 0.0003
2025-09-29 01:32:09,911 [INFO] Época 13/30, Batch 2250/3348, Loss: 0.0003
2025-09-29 01:32:10,174 [INFO] Época 13/30, Batch 2300/3348, Loss: 0.0002
2025-09-29 01:32:10,435 [INFO] Época 13/30, Batch 2350/3348, Loss: 0.0003
2025-09-29 01:32:10,695 [INFO] Época 13/30, Batch 2400/3348, Loss: 0.0002
2025-09-29 01:32:10,970 [INFO] Época 13/30, Batch 2450/3348, Loss: 0.0002
2025-09-29 01:32:11,234 [INFO] Época 13/30, Batch 2500/3348, Loss: 0.0003
2025-09-29 01:32:11,500 [INFO] Época 13/30, Batch 2550/3348, Loss: 0.0003
2025-09-29 01:32:11,768 [INFO] Época 13/30, Batch 2600/3348, Loss: 0.0002
2025-09-29 01:32:12,035 [INFO] Época 13/30, Batch 2650/3348, Loss: 0.0003
2025-09-29 01:32:12,300 [INFO] Época 13/30, Batch 2700/3348, Loss: 0.0002
2025-09-29 01:32:12,562 [INFO] Época 13/30, Batch 2750/3348, Loss: 0.0003
2025-09-29 01:32:12,826 [INFO] Época 13/30, Batch 2800/3348, Loss: 0.0004
2025-09-29 01:32:13,090 [INFO] Época 13/30, Batch 2850/3348, Loss: 0.0004
2025-09-29 01:32:13,352 [INFO] Época 13/30, Batch 2900/3348, Loss: 0.0002
2025-09-29 01:32:13,613 [INFO] Época 13/30, Batch 2950/3348, Loss: 0.0003
2025-09-29 01:32:13,878 [INFO] Época 13/30, Batch 3000/3348, Loss: 0.0003
2025-09-29 01:32:14,144 [INFO] Época 13/30, Batch 3050/3348, Loss: 0.0002
2025-09-29 01:32:14,410 [INFO] Época 13/30, Batch 3100/3348, Loss: 0.0003
2025-09-29 01:32:14,675 [INFO] Época 13/30, Batch 3150/3348, Loss: 0.0003
2025-09-29 01:32:14,939 [INFO] Época 13/30, Batch 3200/3348, Loss: 0.0004
2025-09-29 01:32:15,205 [INFO] Época 13/30, Batch 3250/3348, Loss: 0.0003
2025-09-29 01:32:15,474 [INFO] Época 13/30, Batch 3300/3348, Loss: 0.0002
2025-09-29 01:32:17,315 [INFO] [13/30] Train Loss: 0.0047 | Val Loss: 0.0003 | Tempo: 19.86s
2025-09-29 01:32:17,911 [INFO] Época 14/30, Batch 50/3348, Loss: 0.0002
2025-09-29 01:32:18,177 [INFO] Época 14/30, Batch 100/3348, Loss: 0.0002
2025-09-29 01:32:18,444 [INFO] Época 14/30, Batch 150/3348, Loss: 0.0002
2025-09-29 01:32:18,710 [INFO] Época 14/30, Batch 200/3348, Loss: 0.0002
2025-09-29 01:32:18,969 [INFO] Época 14/30, Batch 250/3348, Loss: 0.0003
2025-09-29 01:32:19,231 [INFO] Época 14/30, Batch 300/3348, Loss: 0.0003
2025-09-29 01:32:19,492 [INFO] Época 14/30, Batch 350/3348, Loss: 0.0002
2025-09-29 01:32:19,754 [INFO] Época 14/30, Batch 400/3348, Loss: 0.0002
2025-09-29 01:32:20,017 [INFO] Época 14/30, Batch 450/3348, Loss: 0.0002
2025-09-29 01:32:20,279 [INFO] Época 14/30, Batch 500/3348, Loss: 0.0002
2025-09-29 01:32:20,540 [INFO] Época 14/30, Batch 550/3348, Loss: 0.0001
2025-09-29 01:32:20,804 [INFO] Época 14/30, Batch 600/3348, Loss: 0.0006
2025-09-29 01:32:21,068 [INFO] Época 14/30, Batch 650/3348, Loss: 0.0002
2025-09-29 01:32:21,330 [INFO] Época 14/30, Batch 700/3348, Loss: 0.0002
2025-09-29 01:32:21,592 [INFO] Época 14/30, Batch 750/3348, Loss: 0.0003
2025-09-29 01:32:21,849 [INFO] Época 14/30, Batch 800/3348, Loss: 0.0002
2025-09-29 01:32:22,108 [INFO] Época 14/30, Batch 850/3348, Loss: 0.0003
2025-09-29 01:32:22,365 [INFO] Época 14/30, Batch 900/3348, Loss: 0.0002
2025-09-29 01:32:22,625 [INFO] Época 14/30, Batch 950/3348, Loss: 0.0002
2025-09-29 01:32:22,884 [INFO] Época 14/30, Batch 1000/3348, Loss: 0.0003
2025-09-29 01:32:23,142 [INFO] Época 14/30, Batch 1050/3348, Loss: 0.0002
2025-09-29 01:32:23,400 [INFO] Época 14/30, Batch 1100/3348, Loss: 0.0002
2025-09-29 01:32:23,655 [INFO] Época 14/30, Batch 1150/3348, Loss: 0.0003
2025-09-29 01:32:23,914 [INFO] Época 14/30, Batch 1200/3348, Loss: 0.0002
2025-09-29 01:32:24,174 [INFO] Época 14/30, Batch 1250/3348, Loss: 0.0002
2025-09-29 01:32:24,434 [INFO] Época 14/30, Batch 1300/3348, Loss: 0.0002
2025-09-29 01:32:24,695 [INFO] Época 14/30, Batch 1350/3348, Loss: 0.0002
2025-09-29 01:32:24,955 [INFO] Época 14/30, Batch 1400/3348, Loss: 0.0003
2025-09-29 01:32:25,215 [INFO] Época 14/30, Batch 1450/3348, Loss: 0.0003
2025-09-29 01:32:25,475 [INFO] Época 14/30, Batch 1500/3348, Loss: 0.0002
2025-09-29 01:32:25,735 [INFO] Época 14/30, Batch 1550/3348, Loss: 0.0004
2025-09-29 01:32:25,996 [INFO] Época 14/30, Batch 1600/3348, Loss: 0.0003
2025-09-29 01:32:26,257 [INFO] Época 14/30, Batch 1650/3348, Loss: 0.0001
2025-09-29 01:32:26,516 [INFO] Época 14/30, Batch 1700/3348, Loss: 0.0002
2025-09-29 01:32:26,776 [INFO] Época 14/30, Batch 1750/3348, Loss: 0.0002
2025-09-29 01:32:27,036 [INFO] Época 14/30, Batch 1800/3348, Loss: 0.0003
2025-09-29 01:32:27,297 [INFO] Época 14/30, Batch 1850/3348, Loss: 0.0003
2025-09-29 01:32:27,558 [INFO] Época 14/30, Batch 1900/3348, Loss: 0.0003
2025-09-29 01:32:27,828 [INFO] Época 14/30, Batch 1950/3348, Loss: 0.0002
2025-09-29 01:32:28,086 [INFO] Época 14/30, Batch 2000/3348, Loss: 0.0002
2025-09-29 01:32:28,345 [INFO] Época 14/30, Batch 2050/3348, Loss: 0.0002
2025-09-29 01:32:28,607 [INFO] Época 14/30, Batch 2100/3348, Loss: 0.0003
2025-09-29 01:32:28,868 [INFO] Época 14/30, Batch 2150/3348, Loss: 0.0002
2025-09-29 01:32:29,129 [INFO] Época 14/30, Batch 2200/3348, Loss: 0.0002
2025-09-29 01:32:29,388 [INFO] Época 14/30, Batch 2250/3348, Loss: 0.0004
2025-09-29 01:32:29,650 [INFO] Época 14/30, Batch 2300/3348, Loss: 0.0003
2025-09-29 01:32:29,910 [INFO] Época 14/30, Batch 2350/3348, Loss: 0.0003
2025-09-29 01:32:30,171 [INFO] Época 14/30, Batch 2400/3348, Loss: 0.0003
2025-09-29 01:32:30,432 [INFO] Época 14/30, Batch 2450/3348, Loss: 0.0002
2025-09-29 01:32:30,690 [INFO] Época 14/30, Batch 2500/3348, Loss: 0.0003
2025-09-29 01:32:30,949 [INFO] Época 14/30, Batch 2550/3348, Loss: 0.0002
2025-09-29 01:32:31,207 [INFO] Época 14/30, Batch 2600/3348, Loss: 0.0002
2025-09-29 01:32:31,467 [INFO] Época 14/30, Batch 2650/3348, Loss: 0.0003
2025-09-29 01:32:31,729 [INFO] Época 14/30, Batch 2700/3348, Loss: 0.0003
2025-09-29 01:32:31,994 [INFO] Época 14/30, Batch 2750/3348, Loss: 0.0003
2025-09-29 01:32:32,255 [INFO] Época 14/30, Batch 2800/3348, Loss: 0.0002
2025-09-29 01:32:32,513 [INFO] Época 14/30, Batch 2850/3348, Loss: 0.0002
2025-09-29 01:32:32,774 [INFO] Época 14/30, Batch 2900/3348, Loss: 0.0002
2025-09-29 01:32:33,046 [INFO] Época 14/30, Batch 2950/3348, Loss: 0.0002
2025-09-29 01:32:33,306 [INFO] Época 14/30, Batch 3000/3348, Loss: 0.0002
2025-09-29 01:32:33,566 [INFO] Época 14/30, Batch 3050/3348, Loss: 0.0002
2025-09-29 01:32:33,826 [INFO] Época 14/30, Batch 3100/3348, Loss: 0.0002
2025-09-29 01:32:34,087 [INFO] Época 14/30, Batch 3150/3348, Loss: 0.0002
2025-09-29 01:32:34,346 [INFO] Época 14/30, Batch 3200/3348, Loss: 0.0002
2025-09-29 01:32:34,604 [INFO] Época 14/30, Batch 3250/3348, Loss: 0.0004
2025-09-29 01:32:34,863 [INFO] Época 14/30, Batch 3300/3348, Loss: 0.0002
2025-09-29 01:32:36,659 [INFO] [14/30] Train Loss: 0.0047 | Val Loss: 0.0004 | Tempo: 19.34s
2025-09-29 01:32:37,228 [INFO] Época 15/30, Batch 50/3348, Loss: 0.0003
2025-09-29 01:32:37,499 [INFO] Época 15/30, Batch 100/3348, Loss: 0.0002
2025-09-29 01:32:37,770 [INFO] Época 15/30, Batch 150/3348, Loss: 0.0002
2025-09-29 01:32:38,037 [INFO] Época 15/30, Batch 200/3348, Loss: 0.0003
2025-09-29 01:32:38,312 [INFO] Época 15/30, Batch 250/3348, Loss: 0.0003
2025-09-29 01:32:38,580 [INFO] Época 15/30, Batch 300/3348, Loss: 0.0003
2025-09-29 01:32:38,857 [INFO] Época 15/30, Batch 350/3348, Loss: 0.0003
2025-09-29 01:32:39,131 [INFO] Época 15/30, Batch 400/3348, Loss: 0.0005
2025-09-29 01:32:39,402 [INFO] Época 15/30, Batch 450/3348, Loss: 0.0003
2025-09-29 01:32:39,676 [INFO] Época 15/30, Batch 500/3348, Loss: 0.0003
2025-09-29 01:32:39,949 [INFO] Época 15/30, Batch 550/3348, Loss: 0.0002
2025-09-29 01:32:40,223 [INFO] Época 15/30, Batch 600/3348, Loss: 0.0004
2025-09-29 01:32:40,494 [INFO] Época 15/30, Batch 650/3348, Loss: 0.0003
2025-09-29 01:32:40,765 [INFO] Época 15/30, Batch 700/3348, Loss: 0.0003
2025-09-29 01:32:41,034 [INFO] Época 15/30, Batch 750/3348, Loss: 0.0003
2025-09-29 01:32:41,304 [INFO] Época 15/30, Batch 800/3348, Loss: 0.0002
2025-09-29 01:32:41,574 [INFO] Época 15/30, Batch 850/3348, Loss: 0.0002
2025-09-29 01:32:41,837 [INFO] Época 15/30, Batch 900/3348, Loss: 0.0002
2025-09-29 01:32:42,098 [INFO] Época 15/30, Batch 950/3348, Loss: 0.0004
2025-09-29 01:32:42,360 [INFO] Época 15/30, Batch 1000/3348, Loss: 0.0002
2025-09-29 01:32:42,623 [INFO] Época 15/30, Batch 1050/3348, Loss: 0.0003
2025-09-29 01:32:42,885 [INFO] Época 15/30, Batch 1100/3348, Loss: 0.0003
2025-09-29 01:32:43,150 [INFO] Época 15/30, Batch 1150/3348, Loss: 0.0002
2025-09-29 01:32:43,424 [INFO] Época 15/30, Batch 1200/3348, Loss: 0.0002
2025-09-29 01:32:43,688 [INFO] Época 15/30, Batch 1250/3348, Loss: 0.0002
2025-09-29 01:32:43,950 [INFO] Época 15/30, Batch 1300/3348, Loss: 0.0003
2025-09-29 01:32:44,213 [INFO] Época 15/30, Batch 1350/3348, Loss: 0.0003
2025-09-29 01:32:44,480 [INFO] Época 15/30, Batch 1400/3348, Loss: 0.0003
2025-09-29 01:32:44,744 [INFO] Época 15/30, Batch 1450/3348, Loss: 0.0002
2025-09-29 01:32:45,010 [INFO] Época 15/30, Batch 1500/3348, Loss: 0.0002
2025-09-29 01:32:45,275 [INFO] Época 15/30, Batch 1550/3348, Loss: 0.0002
2025-09-29 01:32:45,538 [INFO] Época 15/30, Batch 1600/3348, Loss: 0.0012
2025-09-29 01:32:45,805 [INFO] Época 15/30, Batch 1650/3348, Loss: 0.0003
2025-09-29 01:32:46,073 [INFO] Época 15/30, Batch 1700/3348, Loss: 0.0002
2025-09-29 01:32:46,339 [INFO] Época 15/30, Batch 1750/3348, Loss: 0.0002
2025-09-29 01:32:46,604 [INFO] Época 15/30, Batch 1800/3348, Loss: 0.0002
2025-09-29 01:32:46,869 [INFO] Época 15/30, Batch 1850/3348, Loss: 0.0003
2025-09-29 01:32:47,136 [INFO] Época 15/30, Batch 1900/3348, Loss: 0.0003
2025-09-29 01:32:47,409 [INFO] Época 15/30, Batch 1950/3348, Loss: 0.0003
2025-09-29 01:32:47,681 [INFO] Época 15/30, Batch 2000/3348, Loss: 0.0003
2025-09-29 01:32:47,954 [INFO] Época 15/30, Batch 2050/3348, Loss: 0.0002
2025-09-29 01:32:48,227 [INFO] Época 15/30, Batch 2100/3348, Loss: 0.0002
2025-09-29 01:32:48,512 [INFO] Época 15/30, Batch 2150/3348, Loss: 0.0002
2025-09-29 01:32:48,784 [INFO] Época 15/30, Batch 2200/3348, Loss: 0.0003
2025-09-29 01:32:49,055 [INFO] Época 15/30, Batch 2250/3348, Loss: 0.0003
2025-09-29 01:32:49,327 [INFO] Época 15/30, Batch 2300/3348, Loss: 0.0003
2025-09-29 01:32:49,600 [INFO] Época 15/30, Batch 2350/3348, Loss: 0.0002
2025-09-29 01:32:49,874 [INFO] Época 15/30, Batch 2400/3348, Loss: 0.0002
2025-09-29 01:32:50,148 [INFO] Época 15/30, Batch 2450/3348, Loss: 0.0003
2025-09-29 01:32:50,419 [INFO] Época 15/30, Batch 2500/3348, Loss: 0.0004
2025-09-29 01:32:50,691 [INFO] Época 15/30, Batch 2550/3348, Loss: 0.0002
2025-09-29 01:32:50,965 [INFO] Época 15/30, Batch 2600/3348, Loss: 0.0003
2025-09-29 01:32:51,239 [INFO] Época 15/30, Batch 2650/3348, Loss: 0.0003
2025-09-29 01:32:51,511 [INFO] Época 15/30, Batch 2700/3348, Loss: 0.0004
2025-09-29 01:32:51,783 [INFO] Época 15/30, Batch 2750/3348, Loss: 0.0003
2025-09-29 01:32:52,056 [INFO] Época 15/30, Batch 2800/3348, Loss: 0.0002
2025-09-29 01:32:52,327 [INFO] Época 15/30, Batch 2850/3348, Loss: 0.0001
2025-09-29 01:32:52,593 [INFO] Época 15/30, Batch 2900/3348, Loss: 0.0002
2025-09-29 01:32:52,856 [INFO] Época 15/30, Batch 2950/3348, Loss: 0.0003
2025-09-29 01:32:53,121 [INFO] Época 15/30, Batch 3000/3348, Loss: 0.0002
2025-09-29 01:32:53,391 [INFO] Época 15/30, Batch 3050/3348, Loss: 0.0002
2025-09-29 01:32:53,675 [INFO] Época 15/30, Batch 3100/3348, Loss: 0.0005
2025-09-29 01:32:53,948 [INFO] Época 15/30, Batch 3150/3348, Loss: 0.0003
2025-09-29 01:32:54,222 [INFO] Época 15/30, Batch 3200/3348, Loss: 0.0003
2025-09-29 01:32:54,496 [INFO] Época 15/30, Batch 3250/3348, Loss: 0.0003
2025-09-29 01:32:54,770 [INFO] Época 15/30, Batch 3300/3348, Loss: 0.0002
2025-09-29 01:32:56,676 [INFO] [15/30] Train Loss: 0.0047 | Val Loss: 0.0004 | Tempo: 20.02s
2025-09-29 01:32:57,272 [INFO] Época 16/30, Batch 50/3348, Loss: 0.0002
2025-09-29 01:32:57,542 [INFO] Época 16/30, Batch 100/3348, Loss: 0.0002
2025-09-29 01:32:57,810 [INFO] Época 16/30, Batch 150/3348, Loss: 0.0002
2025-09-29 01:32:58,072 [INFO] Época 16/30, Batch 200/3348, Loss: 0.0003
2025-09-29 01:32:58,337 [INFO] Época 16/30, Batch 250/3348, Loss: 0.0003
2025-09-29 01:32:58,602 [INFO] Época 16/30, Batch 300/3348, Loss: 0.0002
2025-09-29 01:32:58,877 [INFO] Época 16/30, Batch 350/3348, Loss: 0.0002
2025-09-29 01:32:59,141 [INFO] Época 16/30, Batch 400/3348, Loss: 0.0002
2025-09-29 01:32:59,404 [INFO] Época 16/30, Batch 450/3348, Loss: 0.0002
2025-09-29 01:32:59,667 [INFO] Época 16/30, Batch 500/3348, Loss: 0.0002
2025-09-29 01:32:59,938 [INFO] Época 16/30, Batch 550/3348, Loss: 0.0003
2025-09-29 01:33:00,211 [INFO] Época 16/30, Batch 600/3348, Loss: 0.0002
2025-09-29 01:33:00,484 [INFO] Época 16/30, Batch 650/3348, Loss: 0.0002
2025-09-29 01:33:00,754 [INFO] Época 16/30, Batch 700/3348, Loss: 0.0002
2025-09-29 01:33:01,024 [INFO] Época 16/30, Batch 750/3348, Loss: 0.0002
2025-09-29 01:33:01,296 [INFO] Época 16/30, Batch 800/3348, Loss: 0.0003
2025-09-29 01:33:01,566 [INFO] Época 16/30, Batch 850/3348, Loss: 0.0003
2025-09-29 01:33:01,837 [INFO] Época 16/30, Batch 900/3348, Loss: 0.0002
2025-09-29 01:33:02,100 [INFO] Época 16/30, Batch 950/3348, Loss: 0.0004
2025-09-29 01:33:02,365 [INFO] Época 16/30, Batch 1000/3348, Loss: 0.0002
2025-09-29 01:33:02,628 [INFO] Época 16/30, Batch 1050/3348, Loss: 0.0004
2025-09-29 01:33:02,895 [INFO] Época 16/30, Batch 1100/3348, Loss: 0.0003
2025-09-29 01:33:03,166 [INFO] Época 16/30, Batch 1150/3348, Loss: 0.0004
2025-09-29 01:33:03,440 [INFO] Época 16/30, Batch 1200/3348, Loss: 0.0001
2025-09-29 01:33:03,715 [INFO] Época 16/30, Batch 1250/3348, Loss: 0.0003
2025-09-29 01:33:03,985 [INFO] Época 16/30, Batch 1300/3348, Loss: 0.0003
2025-09-29 01:33:04,253 [INFO] Época 16/30, Batch 1350/3348, Loss: 0.0003
2025-09-29 01:33:04,526 [INFO] Época 16/30, Batch 1400/3348, Loss: 0.0003
2025-09-29 01:33:04,799 [INFO] Época 16/30, Batch 1450/3348, Loss: 0.0004
2025-09-29 01:33:05,070 [INFO] Época 16/30, Batch 1500/3348, Loss: 0.0002
2025-09-29 01:33:05,340 [INFO] Época 16/30, Batch 1550/3348, Loss: 0.0002
2025-09-29 01:33:05,615 [INFO] Época 16/30, Batch 1600/3348, Loss: 0.0002
2025-09-29 01:33:05,886 [INFO] Época 16/30, Batch 1650/3348, Loss: 0.0003
2025-09-29 01:33:06,156 [INFO] Época 16/30, Batch 1700/3348, Loss: 0.0004
2025-09-29 01:33:06,415 [INFO] Época 16/30, Batch 1750/3348, Loss: 0.0003
2025-09-29 01:33:06,677 [INFO] Época 16/30, Batch 1800/3348, Loss: 0.0003
2025-09-29 01:33:06,941 [INFO] Época 16/30, Batch 1850/3348, Loss: 0.0004
2025-09-29 01:33:07,201 [INFO] Época 16/30, Batch 1900/3348, Loss: 0.0002
2025-09-29 01:33:07,463 [INFO] Época 16/30, Batch 1950/3348, Loss: 0.0002
2025-09-29 01:33:07,725 [INFO] Época 16/30, Batch 2000/3348, Loss: 0.0003
2025-09-29 01:33:07,984 [INFO] Época 16/30, Batch 2050/3348, Loss: 0.0002
2025-09-29 01:33:08,244 [INFO] Época 16/30, Batch 2100/3348, Loss: 0.0003
2025-09-29 01:33:08,504 [INFO] Época 16/30, Batch 2150/3348, Loss: 0.0002
2025-09-29 01:33:08,767 [INFO] Época 16/30, Batch 2200/3348, Loss: 0.0002
2025-09-29 01:33:09,040 [INFO] Época 16/30, Batch 2250/3348, Loss: 0.0002
2025-09-29 01:33:09,301 [INFO] Época 16/30, Batch 2300/3348, Loss: 0.0003
2025-09-29 01:33:09,563 [INFO] Época 16/30, Batch 2350/3348, Loss: 0.0003
2025-09-29 01:33:09,825 [INFO] Época 16/30, Batch 2400/3348, Loss: 0.0003
2025-09-29 01:33:10,088 [INFO] Época 16/30, Batch 2450/3348, Loss: 0.0002
2025-09-29 01:33:10,350 [INFO] Época 16/30, Batch 2500/3348, Loss: 0.0002
2025-09-29 01:33:10,611 [INFO] Época 16/30, Batch 2550/3348, Loss: 0.0004
2025-09-29 01:33:10,875 [INFO] Época 16/30, Batch 2600/3348, Loss: 0.0003
2025-09-29 01:33:11,140 [INFO] Época 16/30, Batch 2650/3348, Loss: 0.0002
2025-09-29 01:33:11,402 [INFO] Época 16/30, Batch 2700/3348, Loss: 0.0002
2025-09-29 01:33:11,666 [INFO] Época 16/30, Batch 2750/3348, Loss: 0.0002
2025-09-29 01:33:11,929 [INFO] Época 16/30, Batch 2800/3348, Loss: 0.0004
2025-09-29 01:33:12,193 [INFO] Época 16/30, Batch 2850/3348, Loss: 0.0002
2025-09-29 01:33:12,454 [INFO] Época 16/30, Batch 2900/3348, Loss: 0.0003
2025-09-29 01:33:12,718 [INFO] Época 16/30, Batch 2950/3348, Loss: 0.0003
2025-09-29 01:33:12,979 [INFO] Época 16/30, Batch 3000/3348, Loss: 0.0002
2025-09-29 01:33:13,241 [INFO] Época 16/30, Batch 3050/3348, Loss: 0.0003
2025-09-29 01:33:13,502 [INFO] Época 16/30, Batch 3100/3348, Loss: 0.0002
2025-09-29 01:33:13,765 [INFO] Época 16/30, Batch 3150/3348, Loss: 0.0002
2025-09-29 01:33:14,027 [INFO] Época 16/30, Batch 3200/3348, Loss: 0.0003
2025-09-29 01:33:14,300 [INFO] Época 16/30, Batch 3250/3348, Loss: 0.0002
2025-09-29 01:33:14,561 [INFO] Época 16/30, Batch 3300/3348, Loss: 0.0003
2025-09-29 01:33:16,414 [INFO] [16/30] Train Loss: 0.0047 | Val Loss: 0.0004 | Tempo: 19.74s
2025-09-29 01:33:16,415 [INFO] Early stopping ativado após 10 épocas sem melhoria
2025-09-29 01:33:16,415 [INFO] Treinamento concluído em 317.31 segundos (5.29 minutos)
2025-09-29 01:33:16,415 [INFO] Iniciando avaliação no conjunto de teste...
2025-09-29 01:33:17,921 [INFO] Avaliação do teste concluída em 1.51 segundos
2025-09-29 01:33:17,922 [INFO] MSE no teste: 0.0000
2025-09-29 01:33:17,922 [INFO] RMSE no teste: 0.0005
2025-09-29 01:33:17,922 [INFO] MAE no teste: 0.0004
2025-09-29 01:33:17,923 [INFO] Métricas salvas em /mnt/hdd/home/jdurao/ToolBox-ChemXAI/logs/mlp_att0_MorganCount_metrics.json
2025-09-29 01:33:17,975 [INFO] Iniciando treinamento do modelo mlp_att0_MorganCount
2025-09-29 01:33:17,975 [INFO] Configuração: att_index=0, epochs=30, layers=[128, 64, 32], lr=0.001, batch_size=32, descriptor_type=MorganCount
2025-09-29 01:33:17,975 [INFO] Diretório para modelos: /mnt/hdd/home/jdurao/ToolBox-ChemXAI/models
2025-09-29 01:33:17,975 [INFO] Carregando dados...
2025-09-29 01:33:18,059 [INFO] Preparando dataloaders sem ruído...
2025-09-29 01:33:24,736 [INFO] Dados carregados em 6.76 segundos
2025-09-29 01:33:24,736 [INFO] Tamanhos dos conjuntos - Treino: 107108, Validação: 13388, Teste: 13389
2025-09-29 01:33:24,737 [INFO] Usando dispositivo: cuda
2025-09-29 01:33:25,149 [INFO] Dimensão de entrada: 512, Dimensão de saída: 1
2025-09-29 01:33:25,150 [INFO] Criando modelo MLP com camadas: [128, 64, 32]
2025-09-29 01:33:25,154 [INFO] Modelo criado com 76033 parâmetros
2025-09-29 01:33:25,155 [INFO] Iniciando treinamento com 30 épocas...
2025-09-29 01:33:25,753 [INFO] Época 1/30, Batch 50/3348, Loss: 0.0051
2025-09-29 01:33:26,026 [INFO] Época 1/30, Batch 100/3348, Loss: 0.0039
2025-09-29 01:33:26,279 [INFO] Época 1/30, Batch 150/3348, Loss: 0.0013
2025-09-29 01:33:26,542 [INFO] Época 1/30, Batch 200/3348, Loss: 0.0009
2025-09-29 01:33:26,809 [INFO] Época 1/30, Batch 250/3348, Loss: 0.0006
2025-09-29 01:33:27,076 [INFO] Época 1/30, Batch 300/3348, Loss: 0.0008
2025-09-29 01:33:27,342 [INFO] Época 1/30, Batch 350/3348, Loss: 0.0006
2025-09-29 01:33:27,602 [INFO] Época 1/30, Batch 400/3348, Loss: 0.0008
2025-09-29 01:33:27,851 [INFO] Época 1/30, Batch 450/3348, Loss: 0.0006
2025-09-29 01:33:28,100 [INFO] Época 1/30, Batch 500/3348, Loss: 0.0006
2025-09-29 01:33:28,350 [INFO] Época 1/30, Batch 550/3348, Loss: 0.0005
2025-09-29 01:33:28,599 [INFO] Época 1/30, Batch 600/3348, Loss: 0.0007
2025-09-29 01:33:28,848 [INFO] Época 1/30, Batch 650/3348, Loss: 0.0005
2025-09-29 01:33:29,095 [INFO] Época 1/30, Batch 700/3348, Loss: 0.0008
2025-09-29 01:33:29,343 [INFO] Época 1/30, Batch 750/3348, Loss: 0.0006
2025-09-29 01:33:29,593 [INFO] Época 1/30, Batch 800/3348, Loss: 0.0006
2025-09-29 01:33:29,843 [INFO] Época 1/30, Batch 850/3348, Loss: 0.0004
2025-09-29 01:33:35,062 [INFO] Época 1/30, Batch 900/3348, Loss: 0.0006
2025-09-29 01:33:35,336 [INFO] Época 1/30, Batch 950/3348, Loss: 0.0004
2025-09-29 01:33:35,610 [INFO] Época 1/30, Batch 1000/3348, Loss: 0.0004
2025-09-29 01:33:35,884 [INFO] Época 1/30, Batch 1050/3348, Loss: 0.0007
2025-09-29 01:33:36,160 [INFO] Época 1/30, Batch 1100/3348, Loss: 0.0005
2025-09-29 01:33:36,434 [INFO] Época 1/30, Batch 1150/3348, Loss: 0.0005
2025-09-29 01:33:36,708 [INFO] Época 1/30, Batch 1200/3348, Loss: 0.0005
2025-09-29 01:33:36,987 [INFO] Época 1/30, Batch 1250/3348, Loss: 0.0004
2025-09-29 01:33:37,261 [INFO] Época 1/30, Batch 1300/3348, Loss: 0.0004
2025-09-29 01:33:37,534 [INFO] Época 1/30, Batch 1350/3348, Loss: 0.0004
2025-09-29 01:33:37,801 [INFO] Época 1/30, Batch 1400/3348, Loss: 0.0004
2025-09-29 01:33:38,070 [INFO] Época 1/30, Batch 1450/3348, Loss: 0.0006
2025-09-29 01:33:38,340 [INFO] Época 1/30, Batch 1500/3348, Loss: 0.0003
2025-09-29 01:33:38,610 [INFO] Época 1/30, Batch 1550/3348, Loss: 0.0003
2025-09-29 01:33:38,879 [INFO] Época 1/30, Batch 1600/3348, Loss: 0.0005
2025-09-29 01:33:39,148 [INFO] Época 1/30, Batch 1650/3348, Loss: 0.0005
2025-09-29 01:33:39,416 [INFO] Época 1/30, Batch 1700/3348, Loss: 0.0007
2025-09-29 01:33:39,684 [INFO] Época 1/30, Batch 1750/3348, Loss: 0.0005
2025-09-29 01:33:39,955 [INFO] Época 1/30, Batch 1800/3348, Loss: 0.0005
2025-09-29 01:33:40,223 [INFO] Época 1/30, Batch 1850/3348, Loss: 0.0005
2025-09-29 01:33:40,501 [INFO] Época 1/30, Batch 1900/3348, Loss: 0.0005
2025-09-29 01:33:40,768 [INFO] Época 1/30, Batch 1950/3348, Loss: 0.0004
2025-09-29 01:33:41,038 [INFO] Época 1/30, Batch 2000/3348, Loss: 0.0004
2025-09-29 01:33:41,308 [INFO] Época 1/30, Batch 2050/3348, Loss: 0.0005
2025-09-29 01:33:41,576 [INFO] Época 1/30, Batch 2100/3348, Loss: 0.0004
2025-09-29 01:33:41,847 [INFO] Época 1/30, Batch 2150/3348, Loss: 0.0008
2025-09-29 01:33:42,116 [INFO] Época 1/30, Batch 2200/3348, Loss: 0.0005
2025-09-29 01:33:42,387 [INFO] Época 1/30, Batch 2250/3348, Loss: 0.0004
2025-09-29 01:33:42,657 [INFO] Época 1/30, Batch 2300/3348, Loss: 0.0003
2025-09-29 01:33:42,929 [INFO] Época 1/30, Batch 2350/3348, Loss: 0.0007
2025-09-29 01:33:43,199 [INFO] Época 1/30, Batch 2400/3348, Loss: 0.0005
2025-09-29 01:33:43,468 [INFO] Época 1/30, Batch 2450/3348, Loss: 0.0004
2025-09-29 01:33:43,740 [INFO] Época 1/30, Batch 2500/3348, Loss: 0.0007
2025-09-29 01:33:44,009 [INFO] Época 1/30, Batch 2550/3348, Loss: 0.0004
2025-09-29 01:33:44,280 [INFO] Época 1/30, Batch 2600/3348, Loss: 0.0004
2025-09-29 01:33:44,553 [INFO] Época 1/30, Batch 2650/3348, Loss: 0.0004
2025-09-29 01:33:44,823 [INFO] Época 1/30, Batch 2700/3348, Loss: 0.0004
2025-09-29 01:33:45,092 [INFO] Época 1/30, Batch 2750/3348, Loss: 0.0003
2025-09-29 01:33:45,362 [INFO] Época 1/30, Batch 2800/3348, Loss: 0.0006
2025-09-29 01:33:45,640 [INFO] Época 1/30, Batch 2850/3348, Loss: 0.0004
2025-09-29 01:33:45,919 [INFO] Época 1/30, Batch 2900/3348, Loss: 0.0005
2025-09-29 01:33:46,206 [INFO] Época 1/30, Batch 2950/3348, Loss: 0.0003
2025-09-29 01:33:46,493 [INFO] Época 1/30, Batch 3000/3348, Loss: 0.0013
2025-09-29 01:33:46,776 [INFO] Época 1/30, Batch 3050/3348, Loss: 0.0003
2025-09-29 01:33:47,062 [INFO] Época 1/30, Batch 3100/3348, Loss: 0.0004
2025-09-29 01:33:47,344 [INFO] Época 1/30, Batch 3150/3348, Loss: 0.0004
2025-09-29 01:33:47,626 [INFO] Época 1/30, Batch 3200/3348, Loss: 0.0004
2025-09-29 01:33:47,908 [INFO] Época 1/30, Batch 3250/3348, Loss: 0.0006
2025-09-29 01:33:48,191 [INFO] Época 1/30, Batch 3300/3348, Loss: 0.0003
2025-09-29 01:33:50,158 [INFO] [1/30] Train Loss: 0.0052 | Val Loss: 0.0005 | Tempo: 25.00s
2025-09-29 01:33:50,163 [INFO] Melhor modelo salvo em: /mnt/hdd/home/jdurao/ToolBox-ChemXAI/models/mlp_qm9_MorganCount_att0.pth
2025-09-29 01:33:50,779 [INFO] Época 2/30, Batch 50/3348, Loss: 0.0004
2025-09-29 01:33:51,066 [INFO] Época 2/30, Batch 100/3348, Loss: 0.0004
2025-09-29 01:33:51,345 [INFO] Época 2/30, Batch 150/3348, Loss: 0.0008
2025-09-29 01:33:51,618 [INFO] Época 2/30, Batch 200/3348, Loss: 0.0005
2025-09-29 01:33:51,886 [INFO] Época 2/30, Batch 250/3348, Loss: 0.0004
2025-09-29 01:33:52,156 [INFO] Época 2/30, Batch 300/3348, Loss: 0.0002
2025-09-29 01:33:52,426 [INFO] Época 2/30, Batch 350/3348, Loss: 0.0003
2025-09-29 01:33:52,703 [INFO] Época 2/30, Batch 400/3348, Loss: 0.0005
2025-09-29 01:33:52,988 [INFO] Época 2/30, Batch 450/3348, Loss: 0.0004
2025-09-29 01:33:53,271 [INFO] Época 2/30, Batch 500/3348, Loss: 0.0003
2025-09-29 01:33:53,554 [INFO] Época 2/30, Batch 550/3348, Loss: 0.0004
2025-09-29 01:33:53,840 [INFO] Época 2/30, Batch 600/3348, Loss: 0.0003
2025-09-29 01:33:54,125 [INFO] Época 2/30, Batch 650/3348, Loss: 0.0004
2025-09-29 01:33:54,409 [INFO] Época 2/30, Batch 700/3348, Loss: 0.0005
2025-09-29 01:33:54,692 [INFO] Época 2/30, Batch 750/3348, Loss: 0.0004
2025-09-29 01:33:54,973 [INFO] Época 2/30, Batch 800/3348, Loss: 0.0006
2025-09-29 01:33:55,256 [INFO] Época 2/30, Batch 850/3348, Loss: 0.0004
2025-09-29 01:33:55,535 [INFO] Época 2/30, Batch 900/3348, Loss: 0.0003
2025-09-29 01:33:55,817 [INFO] Época 2/30, Batch 950/3348, Loss: 0.0003
2025-09-29 01:33:56,100 [INFO] Época 2/30, Batch 1000/3348, Loss: 0.0003
2025-09-29 01:33:56,380 [INFO] Época 2/30, Batch 1050/3348, Loss: 0.0007
2025-09-29 01:33:56,664 [INFO] Época 2/30, Batch 1100/3348, Loss: 0.0004
2025-09-29 01:33:56,951 [INFO] Época 2/30, Batch 1150/3348, Loss: 0.0003
2025-09-29 01:33:57,238 [INFO] Época 2/30, Batch 1200/3348, Loss: 0.0004
2025-09-29 01:33:57,513 [INFO] Época 2/30, Batch 1250/3348, Loss: 0.0004
2025-09-29 01:33:57,784 [INFO] Época 2/30, Batch 1300/3348, Loss: 0.0005
2025-09-29 01:33:58,056 [INFO] Época 2/30, Batch 1350/3348, Loss: 0.0005
2025-09-29 01:33:58,327 [INFO] Época 2/30, Batch 1400/3348, Loss: 0.0003
2025-09-29 01:33:58,599 [INFO] Época 2/30, Batch 1450/3348, Loss: 0.0004
2025-09-29 01:33:58,866 [INFO] Época 2/30, Batch 1500/3348, Loss: 0.0004
2025-09-29 01:33:59,138 [INFO] Época 2/30, Batch 1550/3348, Loss: 0.0003
2025-09-29 01:33:59,406 [INFO] Época 2/30, Batch 1600/3348, Loss: 0.0004
2025-09-29 01:33:59,683 [INFO] Época 2/30, Batch 1650/3348, Loss: 0.0004
2025-09-29 01:33:59,973 [INFO] Época 2/30, Batch 1700/3348, Loss: 0.0003
2025-09-29 01:34:00,261 [INFO] Época 2/30, Batch 1750/3348, Loss: 0.0003
2025-09-29 01:34:00,549 [INFO] Época 2/30, Batch 1800/3348, Loss: 0.0002
2025-09-29 01:34:00,822 [INFO] Época 2/30, Batch 1850/3348, Loss: 0.0005
2025-09-29 01:34:01,113 [INFO] Época 2/30, Batch 1900/3348, Loss: 0.0003
2025-09-29 01:34:01,395 [INFO] Época 2/30, Batch 1950/3348, Loss: 0.0003
2025-09-29 01:34:01,674 [INFO] Época 2/30, Batch 2000/3348, Loss: 0.0003
2025-09-29 01:34:01,952 [INFO] Época 2/30, Batch 2050/3348, Loss: 0.0005
2025-09-29 01:34:02,232 [INFO] Época 2/30, Batch 2100/3348, Loss: 0.0003
2025-09-29 01:34:02,511 [INFO] Época 2/30, Batch 2150/3348, Loss: 0.0004
2025-09-29 01:34:02,792 [INFO] Época 2/30, Batch 2200/3348, Loss: 0.0005
2025-09-29 01:34:03,066 [INFO] Época 2/30, Batch 2250/3348, Loss: 0.0003
2025-09-29 01:34:03,328 [INFO] Época 2/30, Batch 2300/3348, Loss: 0.0005
2025-09-29 01:34:03,593 [INFO] Época 2/30, Batch 2350/3348, Loss: 0.0004
2025-09-29 01:34:03,854 [INFO] Época 2/30, Batch 2400/3348, Loss: 0.0003
2025-09-29 01:34:04,113 [INFO] Época 2/30, Batch 2450/3348, Loss: 0.0004
2025-09-29 01:34:04,371 [INFO] Época 2/30, Batch 2500/3348, Loss: 0.0005
2025-09-29 01:34:04,630 [INFO] Época 2/30, Batch 2550/3348, Loss: 0.0003
2025-09-29 01:34:04,889 [INFO] Época 2/30, Batch 2600/3348, Loss: 0.0004
2025-09-29 01:34:05,133 [INFO] Época 2/30, Batch 2650/3348, Loss: 0.0003
2025-09-29 01:34:05,374 [INFO] Época 2/30, Batch 2700/3348, Loss: 0.0003
2025-09-29 01:34:05,615 [INFO] Época 2/30, Batch 2750/3348, Loss: 0.0003
2025-09-29 01:34:05,856 [INFO] Época 2/30, Batch 2800/3348, Loss: 0.0003
2025-09-29 01:34:06,109 [INFO] Época 2/30, Batch 2850/3348, Loss: 0.0004
2025-09-29 01:34:06,352 [INFO] Época 2/30, Batch 2900/3348, Loss: 0.0004
2025-09-29 01:34:06,594 [INFO] Época 2/30, Batch 2950/3348, Loss: 0.0004
2025-09-29 01:34:06,834 [INFO] Época 2/30, Batch 3000/3348, Loss: 0.0004
2025-09-29 01:34:07,076 [INFO] Época 2/30, Batch 3050/3348, Loss: 0.0004
2025-09-29 01:34:07,316 [INFO] Época 2/30, Batch 3100/3348, Loss: 0.0005
2025-09-29 01:34:07,558 [INFO] Época 2/30, Batch 3150/3348, Loss: 0.0006
2025-09-29 01:34:07,798 [INFO] Época 2/30, Batch 3200/3348, Loss: 0.0003
2025-09-29 01:34:08,040 [INFO] Época 2/30, Batch 3250/3348, Loss: 0.0004
2025-09-29 01:34:08,282 [INFO] Época 2/30, Batch 3300/3348, Loss: 0.0004
2025-09-29 01:34:10,184 [INFO] [2/30] Train Loss: 0.0048 | Val Loss: 0.0004 | Tempo: 20.02s
2025-09-29 01:34:10,189 [INFO] Melhor modelo salvo em: /mnt/hdd/home/jdurao/ToolBox-ChemXAI/models/mlp_qm9_MorganCount_att0.pth
2025-09-29 01:34:10,802 [INFO] Época 3/30, Batch 50/3348, Loss: 0.0002
2025-09-29 01:34:11,088 [INFO] Época 3/30, Batch 100/3348, Loss: 0.0004
2025-09-29 01:34:11,371 [INFO] Época 3/30, Batch 150/3348, Loss: 0.0004
2025-09-29 01:34:11,652 [INFO] Época 3/30, Batch 200/3348, Loss: 0.0004
2025-09-29 01:34:11,934 [INFO] Época 3/30, Batch 250/3348, Loss: 0.0003
2025-09-29 01:34:12,216 [INFO] Época 3/30, Batch 300/3348, Loss: 0.0005
2025-09-29 01:34:12,498 [INFO] Época 3/30, Batch 350/3348, Loss: 0.0003
2025-09-29 01:34:12,774 [INFO] Época 3/30, Batch 400/3348, Loss: 0.0003
2025-09-29 01:34:13,050 [INFO] Época 3/30, Batch 450/3348, Loss: 0.0003
2025-09-29 01:34:13,327 [INFO] Época 3/30, Batch 500/3348, Loss: 0.0002
2025-09-29 01:34:13,602 [INFO] Época 3/30, Batch 550/3348, Loss: 0.0002
2025-09-29 01:34:13,867 [INFO] Época 3/30, Batch 600/3348, Loss: 0.0003
2025-09-29 01:34:14,129 [INFO] Época 3/30, Batch 650/3348, Loss: 0.0004
2025-09-29 01:34:14,388 [INFO] Época 3/30, Batch 700/3348, Loss: 0.0008
2025-09-29 01:34:14,642 [INFO] Época 3/30, Batch 750/3348, Loss: 0.0004
2025-09-29 01:34:14,897 [INFO] Época 3/30, Batch 800/3348, Loss: 0.0003
2025-09-29 01:34:15,153 [INFO] Época 3/30, Batch 850/3348, Loss: 0.0004
2025-09-29 01:34:15,407 [INFO] Época 3/30, Batch 900/3348, Loss: 0.0003
2025-09-29 01:34:15,663 [INFO] Época 3/30, Batch 950/3348, Loss: 0.0004
2025-09-29 01:34:15,932 [INFO] Época 3/30, Batch 1000/3348, Loss: 0.0004
2025-09-29 01:34:16,201 [INFO] Época 3/30, Batch 1050/3348, Loss: 0.0003
2025-09-29 01:34:16,480 [INFO] Época 3/30, Batch 1100/3348, Loss: 0.0005
2025-09-29 01:34:16,748 [INFO] Época 3/30, Batch 1150/3348, Loss: 0.0004
2025-09-29 01:34:17,018 [INFO] Época 3/30, Batch 1200/3348, Loss: 0.0003
2025-09-29 01:34:17,293 [INFO] Época 3/30, Batch 1250/3348, Loss: 0.0003
2025-09-29 01:34:17,570 [INFO] Época 3/30, Batch 1300/3348, Loss: 0.0002
2025-09-29 01:34:17,848 [INFO] Época 3/30, Batch 1350/3348, Loss: 0.0004
2025-09-29 01:34:18,126 [INFO] Época 3/30, Batch 1400/3348, Loss: 0.0003
2025-09-29 01:34:18,402 [INFO] Época 3/30, Batch 1450/3348, Loss: 0.0003
2025-09-29 01:34:18,678 [INFO] Época 3/30, Batch 1500/3348, Loss: 0.0005
2025-09-29 01:34:18,955 [INFO] Época 3/30, Batch 1550/3348, Loss: 0.0003
2025-09-29 01:34:19,231 [INFO] Época 3/30, Batch 1600/3348, Loss: 0.0004
2025-09-29 01:34:19,507 [INFO] Época 3/30, Batch 1650/3348, Loss: 0.0003
2025-09-29 01:34:19,779 [INFO] Época 3/30, Batch 1700/3348, Loss: 0.0003
2025-09-29 01:34:20,042 [INFO] Época 3/30, Batch 1750/3348, Loss: 0.0004
2025-09-29 01:34:20,306 [INFO] Época 3/30, Batch 1800/3348, Loss: 0.0005
2025-09-29 01:34:20,572 [INFO] Época 3/30, Batch 1850/3348, Loss: 0.0003
2025-09-29 01:34:20,843 [INFO] Época 3/30, Batch 1900/3348, Loss: 0.0002
2025-09-29 01:34:21,110 [INFO] Época 3/30, Batch 1950/3348, Loss: 0.0002
2025-09-29 01:34:21,377 [INFO] Época 3/30, Batch 2000/3348, Loss: 0.0004
2025-09-29 01:34:21,646 [INFO] Época 3/30, Batch 2050/3348, Loss: 0.0004
2025-09-29 01:34:21,914 [INFO] Época 3/30, Batch 2100/3348, Loss: 0.0003
2025-09-29 01:34:22,184 [INFO] Época 3/30, Batch 2150/3348, Loss: 0.0004
2025-09-29 01:34:22,453 [INFO] Época 3/30, Batch 2200/3348, Loss: 0.0003
2025-09-29 01:34:22,720 [INFO] Época 3/30, Batch 2250/3348, Loss: 0.0003
2025-09-29 01:34:22,987 [INFO] Época 3/30, Batch 2300/3348, Loss: 0.0002
2025-09-29 01:34:23,258 [INFO] Época 3/30, Batch 2350/3348, Loss: 0.0006
2025-09-29 01:34:23,542 [INFO] Época 3/30, Batch 2400/3348, Loss: 0.0003
2025-09-29 01:34:23,820 [INFO] Época 3/30, Batch 2450/3348, Loss: 0.0003
2025-09-29 01:34:24,096 [INFO] Época 3/30, Batch 2500/3348, Loss: 0.0003
2025-09-29 01:34:24,376 [INFO] Época 3/30, Batch 2550/3348, Loss: 0.0003
2025-09-29 01:34:24,653 [INFO] Época 3/30, Batch 2600/3348, Loss: 0.0004
2025-09-29 01:34:24,934 [INFO] Época 3/30, Batch 2650/3348, Loss: 0.0003
2025-09-29 01:34:25,211 [INFO] Época 3/30, Batch 2700/3348, Loss: 0.0004
2025-09-29 01:34:25,489 [INFO] Época 3/30, Batch 2750/3348, Loss: 0.0003
2025-09-29 01:34:25,766 [INFO] Época 3/30, Batch 2800/3348, Loss: 0.0003
2025-09-29 01:34:26,043 [INFO] Época 3/30, Batch 2850/3348, Loss: 0.0004
2025-09-29 01:34:26,325 [INFO] Época 3/30, Batch 2900/3348, Loss: 0.0003
2025-09-29 01:34:26,602 [INFO] Época 3/30, Batch 2950/3348, Loss: 0.0004
2025-09-29 01:34:26,881 [INFO] Época 3/30, Batch 3000/3348, Loss: 0.0003
2025-09-29 01:34:27,161 [INFO] Época 3/30, Batch 3050/3348, Loss: 0.0002
2025-09-29 01:34:27,438 [INFO] Época 3/30, Batch 3100/3348, Loss: 0.0004
2025-09-29 01:34:27,719 [INFO] Época 3/30, Batch 3150/3348, Loss: 0.0006
2025-09-29 01:34:28,004 [INFO] Época 3/30, Batch 3200/3348, Loss: 0.0002
2025-09-29 01:34:28,289 [INFO] Época 3/30, Batch 3250/3348, Loss: 0.0004
2025-09-29 01:34:28,575 [INFO] Época 3/30, Batch 3300/3348, Loss: 0.0006
2025-09-29 01:34:30,419 [INFO] [3/30] Train Loss: 0.0048 | Val Loss: 0.0003 | Tempo: 20.23s
2025-09-29 01:34:30,424 [INFO] Melhor modelo salvo em: /mnt/hdd/home/jdurao/ToolBox-ChemXAI/models/mlp_qm9_MorganCount_att0.pth
2025-09-29 01:34:31,032 [INFO] Época 4/30, Batch 50/3348, Loss: 0.0003
2025-09-29 01:34:31,315 [INFO] Época 4/30, Batch 100/3348, Loss: 0.0003
2025-09-29 01:34:31,599 [INFO] Época 4/30, Batch 150/3348, Loss: 0.0003
2025-09-29 01:34:31,880 [INFO] Época 4/30, Batch 200/3348, Loss: 0.0004
2025-09-29 01:34:32,171 [INFO] Época 4/30, Batch 250/3348, Loss: 0.0002
2025-09-29 01:34:32,452 [INFO] Época 4/30, Batch 300/3348, Loss: 0.0003
2025-09-29 01:34:32,732 [INFO] Época 4/30, Batch 350/3348, Loss: 0.0003
2025-09-29 01:34:33,013 [INFO] Época 4/30, Batch 400/3348, Loss: 0.0004
2025-09-29 01:34:33,294 [INFO] Época 4/30, Batch 450/3348, Loss: 0.0004
2025-09-29 01:34:33,573 [INFO] Época 4/30, Batch 500/3348, Loss: 0.0006
2025-09-29 01:34:33,852 [INFO] Época 4/30, Batch 550/3348, Loss: 0.0003
2025-09-29 01:34:34,132 [INFO] Época 4/30, Batch 600/3348, Loss: 0.0003
2025-09-29 01:34:34,410 [INFO] Época 4/30, Batch 650/3348, Loss: 0.0003
2025-09-29 01:34:34,691 [INFO] Época 4/30, Batch 700/3348, Loss: 0.0003
2025-09-29 01:34:34,966 [INFO] Época 4/30, Batch 750/3348, Loss: 0.0003
2025-09-29 01:34:35,244 [INFO] Época 4/30, Batch 800/3348, Loss: 0.0003
2025-09-29 01:34:35,520 [INFO] Época 4/30, Batch 850/3348, Loss: 0.0003
2025-09-29 01:34:35,797 [INFO] Época 4/30, Batch 900/3348, Loss: 0.0003
2025-09-29 01:34:36,071 [INFO] Época 4/30, Batch 950/3348, Loss: 0.0009
2025-09-29 01:34:36,346 [INFO] Época 4/30, Batch 1000/3348, Loss: 0.0005
2025-09-29 01:34:36,622 [INFO] Época 4/30, Batch 1050/3348, Loss: 0.0002
2025-09-29 01:34:36,879 [INFO] Época 4/30, Batch 1100/3348, Loss: 0.0005
2025-09-29 01:34:37,141 [INFO] Época 4/30, Batch 1150/3348, Loss: 0.0002
2025-09-29 01:34:37,415 [INFO] Época 4/30, Batch 1200/3348, Loss: 0.0002
2025-09-29 01:34:37,683 [INFO] Época 4/30, Batch 1250/3348, Loss: 0.0003
2025-09-29 01:34:37,951 [INFO] Época 4/30, Batch 1300/3348, Loss: 0.0003
2025-09-29 01:34:38,218 [INFO] Época 4/30, Batch 1350/3348, Loss: 0.0003
2025-09-29 01:34:38,498 [INFO] Época 4/30, Batch 1400/3348, Loss: 0.0002
2025-09-29 01:34:38,778 [INFO] Época 4/30, Batch 1450/3348, Loss: 0.0006
2025-09-29 01:34:39,056 [INFO] Época 4/30, Batch 1500/3348, Loss: 0.0003
2025-09-29 01:34:39,332 [INFO] Época 4/30, Batch 1550/3348, Loss: 0.0003
2025-09-29 01:34:39,608 [INFO] Época 4/30, Batch 1600/3348, Loss: 0.0002
2025-09-29 01:34:39,876 [INFO] Época 4/30, Batch 1650/3348, Loss: 0.0006
2025-09-29 01:34:40,141 [INFO] Época 4/30, Batch 1700/3348, Loss: 0.0003
2025-09-29 01:34:40,405 [INFO] Época 4/30, Batch 1750/3348, Loss: 0.0003
2025-09-29 01:34:40,669 [INFO] Época 4/30, Batch 1800/3348, Loss: 0.0003
2025-09-29 01:34:40,934 [INFO] Época 4/30, Batch 1850/3348, Loss: 0.0002
2025-09-29 01:34:41,196 [INFO] Época 4/30, Batch 1900/3348, Loss: 0.0004
2025-09-29 01:34:41,459 [INFO] Época 4/30, Batch 1950/3348, Loss: 0.0004
2025-09-29 01:34:41,720 [INFO] Época 4/30, Batch 2000/3348, Loss: 0.0004
2025-09-29 01:34:41,981 [INFO] Época 4/30, Batch 2050/3348, Loss: 0.0003
2025-09-29 01:34:42,237 [INFO] Época 4/30, Batch 2100/3348, Loss: 0.0003
2025-09-29 01:34:42,475 [INFO] Época 4/30, Batch 2150/3348, Loss: 0.0003
2025-09-29 01:34:42,712 [INFO] Época 4/30, Batch 2200/3348, Loss: 0.0003
2025-09-29 01:34:42,958 [INFO] Época 4/30, Batch 2250/3348, Loss: 0.0005
2025-09-29 01:34:43,196 [INFO] Época 4/30, Batch 2300/3348, Loss: 0.0004
2025-09-29 01:34:43,432 [INFO] Época 4/30, Batch 2350/3348, Loss: 0.0004
2025-09-29 01:34:43,669 [INFO] Época 4/30, Batch 2400/3348, Loss: 0.0004
2025-09-29 01:34:43,907 [INFO] Época 4/30, Batch 2450/3348, Loss: 0.0004
2025-09-29 01:34:44,145 [INFO] Época 4/30, Batch 2500/3348, Loss: 0.0002
2025-09-29 01:34:44,384 [INFO] Época 4/30, Batch 2550/3348, Loss: 0.0003
2025-09-29 01:34:44,624 [INFO] Época 4/30, Batch 2600/3348, Loss: 0.0005
2025-09-29 01:34:44,862 [INFO] Época 4/30, Batch 2650/3348, Loss: 0.0005
2025-09-29 01:34:45,098 [INFO] Época 4/30, Batch 2700/3348, Loss: 0.0004
2025-09-29 01:34:45,333 [INFO] Época 4/30, Batch 2750/3348, Loss: 0.0002
2025-09-29 01:34:45,569 [INFO] Época 4/30, Batch 2800/3348, Loss: 0.0003
2025-09-29 01:34:45,806 [INFO] Época 4/30, Batch 2850/3348, Loss: 0.0003
2025-09-29 01:34:46,063 [INFO] Época 4/30, Batch 2900/3348, Loss: 0.0003
2025-09-29 01:34:46,328 [INFO] Época 4/30, Batch 2950/3348, Loss: 0.0003
2025-09-29 01:34:46,591 [INFO] Época 4/30, Batch 3000/3348, Loss: 0.0003
2025-09-29 01:34:46,853 [INFO] Época 4/30, Batch 3050/3348, Loss: 0.0003
2025-09-29 01:34:47,117 [INFO] Época 4/30, Batch 3100/3348, Loss: 0.0003
2025-09-29 01:34:47,380 [INFO] Época 4/30, Batch 3150/3348, Loss: 0.0003
2025-09-29 01:34:47,646 [INFO] Época 4/30, Batch 3200/3348, Loss: 0.0010
2025-09-29 01:34:47,909 [INFO] Época 4/30, Batch 3250/3348, Loss: 0.0004
2025-09-29 01:34:48,172 [INFO] Época 4/30, Batch 3300/3348, Loss: 0.0003
2025-09-29 01:34:50,113 [INFO] [4/30] Train Loss: 0.0048 | Val Loss: 0.0003 | Tempo: 19.69s
2025-09-29 01:34:50,118 [INFO] Melhor modelo salvo em: /mnt/hdd/home/jdurao/ToolBox-ChemXAI/models/mlp_qm9_MorganCount_att0.pth
2025-09-29 01:34:50,721 [INFO] Época 5/30, Batch 50/3348, Loss: 0.0004
2025-09-29 01:34:50,993 [INFO] Época 5/30, Batch 100/3348, Loss: 0.0003
2025-09-29 01:34:51,265 [INFO] Época 5/30, Batch 150/3348, Loss: 0.0005
2025-09-29 01:34:51,534 [INFO] Época 5/30, Batch 200/3348, Loss: 0.0003
2025-09-29 01:34:51,799 [INFO] Época 5/30, Batch 250/3348, Loss: 0.0002
2025-09-29 01:34:52,064 [INFO] Época 5/30, Batch 300/3348, Loss: 0.0003
2025-09-29 01:34:52,329 [INFO] Época 5/30, Batch 350/3348, Loss: 0.0003
2025-09-29 01:34:52,594 [INFO] Época 5/30, Batch 400/3348, Loss: 0.0003
2025-09-29 01:34:52,861 [INFO] Época 5/30, Batch 450/3348, Loss: 0.0002
2025-09-29 01:34:53,125 [INFO] Época 5/30, Batch 500/3348, Loss: 0.0003
2025-09-29 01:34:53,389 [INFO] Época 5/30, Batch 550/3348, Loss: 0.0003
2025-09-29 01:34:53,654 [INFO] Época 5/30, Batch 600/3348, Loss: 0.0006
2025-09-29 01:34:53,919 [INFO] Época 5/30, Batch 650/3348, Loss: 0.0003
2025-09-29 01:34:54,187 [INFO] Época 5/30, Batch 700/3348, Loss: 0.0003
2025-09-29 01:34:54,451 [INFO] Época 5/30, Batch 750/3348, Loss: 0.0003
2025-09-29 01:34:54,715 [INFO] Época 5/30, Batch 800/3348, Loss: 0.0003
2025-09-29 01:34:54,979 [INFO] Época 5/30, Batch 850/3348, Loss: 0.0003
2025-09-29 01:34:55,242 [INFO] Época 5/30, Batch 900/3348, Loss: 0.0003
2025-09-29 01:34:55,507 [INFO] Época 5/30, Batch 950/3348, Loss: 0.0005
2025-09-29 01:34:55,769 [INFO] Época 5/30, Batch 1000/3348, Loss: 0.0003
2025-09-29 01:34:56,029 [INFO] Época 5/30, Batch 1050/3348, Loss: 0.0002
2025-09-29 01:34:56,291 [INFO] Época 5/30, Batch 1100/3348, Loss: 0.0003
2025-09-29 01:34:56,555 [INFO] Época 5/30, Batch 1150/3348, Loss: 0.0004
2025-09-29 01:34:56,824 [INFO] Época 5/30, Batch 1200/3348, Loss: 0.0003
2025-09-29 01:34:57,097 [INFO] Época 5/30, Batch 1250/3348, Loss: 0.0006
2025-09-29 01:34:57,372 [INFO] Época 5/30, Batch 1300/3348, Loss: 0.0006
2025-09-29 01:34:57,646 [INFO] Época 5/30, Batch 1350/3348, Loss: 0.0003
2025-09-29 01:34:57,918 [INFO] Época 5/30, Batch 1400/3348, Loss: 0.0003
2025-09-29 01:34:58,185 [INFO] Época 5/30, Batch 1450/3348, Loss: 0.0003
2025-09-29 01:34:58,451 [INFO] Época 5/30, Batch 1500/3348, Loss: 0.0006
2025-09-29 01:34:58,724 [INFO] Época 5/30, Batch 1550/3348, Loss: 0.0003
2025-09-29 01:34:58,997 [INFO] Época 5/30, Batch 1600/3348, Loss: 0.0004
2025-09-29 01:34:59,269 [INFO] Época 5/30, Batch 1650/3348, Loss: 0.0003
2025-09-29 01:34:59,545 [INFO] Época 5/30, Batch 1700/3348, Loss: 0.0004
2025-09-29 01:34:59,818 [INFO] Época 5/30, Batch 1750/3348, Loss: 0.0004
2025-09-29 01:35:00,097 [INFO] Época 5/30, Batch 1800/3348, Loss: 0.0002
2025-09-29 01:35:00,383 [INFO] Época 5/30, Batch 1850/3348, Loss: 0.0004
2025-09-29 01:35:00,669 [INFO] Época 5/30, Batch 1900/3348, Loss: 0.0007
2025-09-29 01:35:00,957 [INFO] Época 5/30, Batch 1950/3348, Loss: 0.0003
2025-09-29 01:35:01,243 [INFO] Época 5/30, Batch 2000/3348, Loss: 0.0003
2025-09-29 01:35:01,530 [INFO] Época 5/30, Batch 2050/3348, Loss: 0.0003
2025-09-29 01:35:01,817 [INFO] Época 5/30, Batch 2100/3348, Loss: 0.0004
2025-09-29 01:35:02,103 [INFO] Época 5/30, Batch 2150/3348, Loss: 0.0004
2025-09-29 01:35:02,391 [INFO] Época 5/30, Batch 2200/3348, Loss: 0.0004
2025-09-29 01:35:02,677 [INFO] Época 5/30, Batch 2250/3348, Loss: 0.0001
2025-09-29 01:35:02,975 [INFO] Época 5/30, Batch 2300/3348, Loss: 0.0003
2025-09-29 01:35:03,246 [INFO] Época 5/30, Batch 2350/3348, Loss: 0.0002
2025-09-29 01:35:03,516 [INFO] Época 5/30, Batch 2400/3348, Loss: 0.0002
2025-09-29 01:35:03,777 [INFO] Época 5/30, Batch 2450/3348, Loss: 0.0003
2025-09-29 01:35:04,037 [INFO] Época 5/30, Batch 2500/3348, Loss: 0.0003
2025-09-29 01:35:04,295 [INFO] Época 5/30, Batch 2550/3348, Loss: 0.0003
2025-09-29 01:35:04,556 [INFO] Época 5/30, Batch 2600/3348, Loss: 0.0003
2025-09-29 01:35:04,815 [INFO] Época 5/30, Batch 2650/3348, Loss: 0.0004
2025-09-29 01:35:05,075 [INFO] Época 5/30, Batch 2700/3348, Loss: 0.0005
2025-09-29 01:35:05,335 [INFO] Época 5/30, Batch 2750/3348, Loss: 0.0003
2025-09-29 01:35:05,596 [INFO] Época 5/30, Batch 2800/3348, Loss: 0.0002
2025-09-29 01:35:05,858 [INFO] Época 5/30, Batch 2850/3348, Loss: 0.0003
2025-09-29 01:35:06,117 [INFO] Época 5/30, Batch 2900/3348, Loss: 0.0003
2025-09-29 01:35:06,376 [INFO] Época 5/30, Batch 2950/3348, Loss: 0.0003
2025-09-29 01:35:06,637 [INFO] Época 5/30, Batch 3000/3348, Loss: 0.0004
2025-09-29 01:35:06,897 [INFO] Época 5/30, Batch 3050/3348, Loss: 0.0004
2025-09-29 01:35:07,158 [INFO] Época 5/30, Batch 3100/3348, Loss: 0.0002
2025-09-29 01:35:07,418 [INFO] Época 5/30, Batch 3150/3348, Loss: 0.0003
2025-09-29 01:35:07,677 [INFO] Época 5/30, Batch 3200/3348, Loss: 0.0004
2025-09-29 01:35:07,955 [INFO] Época 5/30, Batch 3250/3348, Loss: 0.0003
2025-09-29 01:35:08,215 [INFO] Época 5/30, Batch 3300/3348, Loss: 0.0003
2025-09-29 01:35:10,111 [INFO] [5/30] Train Loss: 0.0047 | Val Loss: 0.0003 | Tempo: 19.99s
2025-09-29 01:35:10,715 [INFO] Época 6/30, Batch 50/3348, Loss: 0.0005
2025-09-29 01:35:10,985 [INFO] Época 6/30, Batch 100/3348, Loss: 0.0003
2025-09-29 01:35:11,253 [INFO] Época 6/30, Batch 150/3348, Loss: 0.0004
2025-09-29 01:35:11,521 [INFO] Época 6/30, Batch 200/3348, Loss: 0.0003
2025-09-29 01:35:11,787 [INFO] Época 6/30, Batch 250/3348, Loss: 0.0006
2025-09-29 01:35:12,054 [INFO] Época 6/30, Batch 300/3348, Loss: 0.0003
2025-09-29 01:35:12,320 [INFO] Época 6/30, Batch 350/3348, Loss: 0.0003
2025-09-29 01:35:12,586 [INFO] Época 6/30, Batch 400/3348, Loss: 0.0004
2025-09-29 01:35:12,853 [INFO] Época 6/30, Batch 450/3348, Loss: 0.0004
2025-09-29 01:35:13,119 [INFO] Época 6/30, Batch 500/3348, Loss: 0.0003
2025-09-29 01:35:13,390 [INFO] Época 6/30, Batch 550/3348, Loss: 0.0003
2025-09-29 01:35:13,657 [INFO] Época 6/30, Batch 600/3348, Loss: 0.0003
2025-09-29 01:35:13,923 [INFO] Época 6/30, Batch 650/3348, Loss: 0.0003
2025-09-29 01:35:14,194 [INFO] Época 6/30, Batch 700/3348, Loss: 0.0004
2025-09-29 01:35:14,452 [INFO] Época 6/30, Batch 750/3348, Loss: 0.0003
2025-09-29 01:35:14,708 [INFO] Época 6/30, Batch 800/3348, Loss: 0.0003
2025-09-29 01:35:14,969 [INFO] Época 6/30, Batch 850/3348, Loss: 0.0004
2025-09-29 01:35:15,227 [INFO] Época 6/30, Batch 900/3348, Loss: 0.0002
2025-09-29 01:35:15,484 [INFO] Época 6/30, Batch 950/3348, Loss: 0.0002
2025-09-29 01:35:15,741 [INFO] Época 6/30, Batch 1000/3348, Loss: 0.0003
2025-09-29 01:35:15,999 [INFO] Época 6/30, Batch 1050/3348, Loss: 0.0002
2025-09-29 01:35:16,259 [INFO] Época 6/30, Batch 1100/3348, Loss: 0.0002
2025-09-29 01:35:16,525 [INFO] Época 6/30, Batch 1150/3348, Loss: 0.0004
2025-09-29 01:35:16,792 [INFO] Época 6/30, Batch 1200/3348, Loss: 0.0003
2025-09-29 01:35:17,060 [INFO] Época 6/30, Batch 1250/3348, Loss: 0.0003
2025-09-29 01:35:17,329 [INFO] Época 6/30, Batch 1300/3348, Loss: 0.0006
2025-09-29 01:35:17,595 [INFO] Época 6/30, Batch 1350/3348, Loss: 0.0003
2025-09-29 01:35:17,860 [INFO] Época 6/30, Batch 1400/3348, Loss: 0.0004
2025-09-29 01:35:18,135 [INFO] Época 6/30, Batch 1450/3348, Loss: 0.0004
2025-09-29 01:35:18,398 [INFO] Época 6/30, Batch 1500/3348, Loss: 0.0003
2025-09-29 01:35:18,658 [INFO] Época 6/30, Batch 1550/3348, Loss: 0.0002
2025-09-29 01:35:18,918 [INFO] Época 6/30, Batch 1600/3348, Loss: 0.0003
2025-09-29 01:35:19,179 [INFO] Época 6/30, Batch 1650/3348, Loss: 0.0003
2025-09-29 01:35:19,437 [INFO] Época 6/30, Batch 1700/3348, Loss: 0.0003
2025-09-29 01:35:19,698 [INFO] Época 6/30, Batch 1750/3348, Loss: 0.0003
2025-09-29 01:35:19,944 [INFO] Época 6/30, Batch 1800/3348, Loss: 0.0003
2025-09-29 01:35:20,184 [INFO] Época 6/30, Batch 1850/3348, Loss: 0.0003
2025-09-29 01:35:20,425 [INFO] Época 6/30, Batch 1900/3348, Loss: 0.0003
2025-09-29 01:35:20,666 [INFO] Época 6/30, Batch 1950/3348, Loss: 0.0004
2025-09-29 01:35:20,908 [INFO] Época 6/30, Batch 2000/3348, Loss: 0.0003
2025-09-29 01:35:21,148 [INFO] Época 6/30, Batch 2050/3348, Loss: 0.0002
2025-09-29 01:35:21,387 [INFO] Época 6/30, Batch 2100/3348, Loss: 0.0002
2025-09-29 01:35:21,625 [INFO] Época 6/30, Batch 2150/3348, Loss: 0.0004
2025-09-29 01:35:21,864 [INFO] Época 6/30, Batch 2200/3348, Loss: 0.0003
2025-09-29 01:35:22,104 [INFO] Época 6/30, Batch 2250/3348, Loss: 0.0003
2025-09-29 01:35:22,342 [INFO] Época 6/30, Batch 2300/3348, Loss: 0.0003
2025-09-29 01:35:22,581 [INFO] Época 6/30, Batch 2350/3348, Loss: 0.0005
2025-09-29 01:35:22,818 [INFO] Época 6/30, Batch 2400/3348, Loss: 0.0004
2025-09-29 01:35:23,056 [INFO] Época 6/30, Batch 2450/3348, Loss: 0.0004
2025-09-29 01:35:23,305 [INFO] Época 6/30, Batch 2500/3348, Loss: 0.0005
2025-09-29 01:35:23,551 [INFO] Época 6/30, Batch 2550/3348, Loss: 0.0003
2025-09-29 01:35:23,809 [INFO] Época 6/30, Batch 2600/3348, Loss: 0.0003
2025-09-29 01:35:24,067 [INFO] Época 6/30, Batch 2650/3348, Loss: 0.0004
2025-09-29 01:35:24,327 [INFO] Época 6/30, Batch 2700/3348, Loss: 0.0006
2025-09-29 01:35:24,591 [INFO] Época 6/30, Batch 2750/3348, Loss: 0.0004
2025-09-29 01:35:24,852 [INFO] Época 6/30, Batch 2800/3348, Loss: 0.0002
2025-09-29 01:35:25,113 [INFO] Época 6/30, Batch 2850/3348, Loss: 0.0003
2025-09-29 01:35:25,372 [INFO] Época 6/30, Batch 2900/3348, Loss: 0.0005
2025-09-29 01:35:25,633 [INFO] Época 6/30, Batch 2950/3348, Loss: 0.0002
2025-09-29 01:35:25,892 [INFO] Época 6/30, Batch 3000/3348, Loss: 0.0003
2025-09-29 01:35:26,158 [INFO] Época 6/30, Batch 3050/3348, Loss: 0.0003
2025-09-29 01:35:26,440 [INFO] Época 6/30, Batch 3100/3348, Loss: 0.0003
2025-09-29 01:35:26,707 [INFO] Época 6/30, Batch 3150/3348, Loss: 0.0005
2025-09-29 01:35:26,970 [INFO] Época 6/30, Batch 3200/3348, Loss: 0.0003
2025-09-29 01:35:27,231 [INFO] Época 6/30, Batch 3250/3348, Loss: 0.0004
2025-09-29 01:35:27,494 [INFO] Época 6/30, Batch 3300/3348, Loss: 0.0004
2025-09-29 01:35:29,319 [INFO] [6/30] Train Loss: 0.0047 | Val Loss: 0.0003 | Tempo: 19.21s
2025-09-29 01:35:29,324 [INFO] Melhor modelo salvo em: /mnt/hdd/home/jdurao/ToolBox-ChemXAI/models/mlp_qm9_MorganCount_att0.pth
2025-09-29 01:35:29,925 [INFO] Época 7/30, Batch 50/3348, Loss: 0.0002
2025-09-29 01:35:30,207 [INFO] Época 7/30, Batch 100/3348, Loss: 0.0004
2025-09-29 01:35:30,487 [INFO] Época 7/30, Batch 150/3348, Loss: 0.0004
2025-09-29 01:35:30,759 [INFO] Época 7/30, Batch 200/3348, Loss: 0.0003
2025-09-29 01:35:31,028 [INFO] Época 7/30, Batch 250/3348, Loss: 0.0003
2025-09-29 01:35:31,294 [INFO] Época 7/30, Batch 300/3348, Loss: 0.0004
2025-09-29 01:35:31,563 [INFO] Época 7/30, Batch 350/3348, Loss: 0.0003
2025-09-29 01:35:31,830 [INFO] Época 7/30, Batch 400/3348, Loss: 0.0003
2025-09-29 01:35:32,099 [INFO] Época 7/30, Batch 450/3348, Loss: 0.0003
2025-09-29 01:35:32,369 [INFO] Época 7/30, Batch 500/3348, Loss: 0.0003
2025-09-29 01:35:32,638 [INFO] Época 7/30, Batch 550/3348, Loss: 0.0005
2025-09-29 01:35:32,911 [INFO] Época 7/30, Batch 600/3348, Loss: 0.0004
2025-09-29 01:35:33,180 [INFO] Época 7/30, Batch 650/3348, Loss: 0.0003
2025-09-29 01:35:33,450 [INFO] Época 7/30, Batch 700/3348, Loss: 0.0003
2025-09-29 01:35:33,718 [INFO] Época 7/30, Batch 750/3348, Loss: 0.0005
2025-09-29 01:35:33,988 [INFO] Época 7/30, Batch 800/3348, Loss: 0.0002
2025-09-29 01:35:34,256 [INFO] Época 7/30, Batch 850/3348, Loss: 0.0002
2025-09-29 01:35:34,526 [INFO] Época 7/30, Batch 900/3348, Loss: 0.0003
2025-09-29 01:35:34,805 [INFO] Época 7/30, Batch 950/3348, Loss: 0.0002
2025-09-29 01:35:35,075 [INFO] Época 7/30, Batch 1000/3348, Loss: 0.0004
2025-09-29 01:35:35,345 [INFO] Época 7/30, Batch 1050/3348, Loss: 0.0002
2025-09-29 01:35:35,615 [INFO] Época 7/30, Batch 1100/3348, Loss: 0.0003
2025-09-29 01:35:35,884 [INFO] Época 7/30, Batch 1150/3348, Loss: 0.0003
2025-09-29 01:35:36,153 [INFO] Época 7/30, Batch 1200/3348, Loss: 0.0002
2025-09-29 01:35:36,423 [INFO] Época 7/30, Batch 1250/3348, Loss: 0.0003
2025-09-29 01:35:36,692 [INFO] Época 7/30, Batch 1300/3348, Loss: 0.0003
2025-09-29 01:35:36,961 [INFO] Época 7/30, Batch 1350/3348, Loss: 0.0003
2025-09-29 01:35:37,229 [INFO] Época 7/30, Batch 1400/3348, Loss: 0.0003
2025-09-29 01:35:37,497 [INFO] Época 7/30, Batch 1450/3348, Loss: 0.0003
2025-09-29 01:35:37,766 [INFO] Época 7/30, Batch 1500/3348, Loss: 0.0004
2025-09-29 01:35:38,033 [INFO] Época 7/30, Batch 1550/3348, Loss: 0.0003
2025-09-29 01:35:38,300 [INFO] Época 7/30, Batch 1600/3348, Loss: 0.0003
2025-09-29 01:35:38,568 [INFO] Época 7/30, Batch 1650/3348, Loss: 0.0003
2025-09-29 01:35:38,836 [INFO] Época 7/30, Batch 1700/3348, Loss: 0.0003
2025-09-29 01:35:39,105 [INFO] Época 7/30, Batch 1750/3348, Loss: 0.0003
2025-09-29 01:35:39,377 [INFO] Época 7/30, Batch 1800/3348, Loss: 0.0003
2025-09-29 01:35:39,646 [INFO] Época 7/30, Batch 1850/3348, Loss: 0.0003
2025-09-29 01:35:39,926 [INFO] Época 7/30, Batch 1900/3348, Loss: 0.0003
2025-09-29 01:35:40,195 [INFO] Época 7/30, Batch 1950/3348, Loss: 0.0003
2025-09-29 01:35:40,464 [INFO] Época 7/30, Batch 2000/3348, Loss: 0.0003
2025-09-29 01:35:40,733 [INFO] Época 7/30, Batch 2050/3348, Loss: 0.0004
2025-09-29 01:35:41,002 [INFO] Época 7/30, Batch 2100/3348, Loss: 0.0002
2025-09-29 01:35:41,273 [INFO] Época 7/30, Batch 2150/3348, Loss: 0.0003
2025-09-29 01:35:41,542 [INFO] Época 7/30, Batch 2200/3348, Loss: 0.0005
2025-09-29 01:35:41,811 [INFO] Época 7/30, Batch 2250/3348, Loss: 0.0003
2025-09-29 01:35:42,080 [INFO] Época 7/30, Batch 2300/3348, Loss: 0.0003
2025-09-29 01:35:42,346 [INFO] Época 7/30, Batch 2350/3348, Loss: 0.0006
2025-09-29 01:35:42,615 [INFO] Época 7/30, Batch 2400/3348, Loss: 0.0002
2025-09-29 01:35:42,889 [INFO] Época 7/30, Batch 2450/3348, Loss: 0.0003
2025-09-29 01:35:43,162 [INFO] Época 7/30, Batch 2500/3348, Loss: 0.0004
2025-09-29 01:35:43,433 [INFO] Época 7/30, Batch 2550/3348, Loss: 0.0004
2025-09-29 01:35:43,701 [INFO] Época 7/30, Batch 2600/3348, Loss: 0.0004
2025-09-29 01:35:43,970 [INFO] Época 7/30, Batch 2650/3348, Loss: 0.0003
2025-09-29 01:35:44,238 [INFO] Época 7/30, Batch 2700/3348, Loss: 0.0002
2025-09-29 01:35:44,508 [INFO] Época 7/30, Batch 2750/3348, Loss: 0.0004
2025-09-29 01:35:44,777 [INFO] Época 7/30, Batch 2800/3348, Loss: 0.0002
2025-09-29 01:35:45,048 [INFO] Época 7/30, Batch 2850/3348, Loss: 0.0002
2025-09-29 01:35:45,318 [INFO] Época 7/30, Batch 2900/3348, Loss: 0.0003
2025-09-29 01:35:45,587 [INFO] Época 7/30, Batch 2950/3348, Loss: 0.0003
2025-09-29 01:35:45,856 [INFO] Época 7/30, Batch 3000/3348, Loss: 0.0003
2025-09-29 01:35:46,126 [INFO] Época 7/30, Batch 3050/3348, Loss: 0.0003
2025-09-29 01:35:46,395 [INFO] Época 7/30, Batch 3100/3348, Loss: 0.0004
2025-09-29 01:35:46,665 [INFO] Época 7/30, Batch 3150/3348, Loss: 0.0003
2025-09-29 01:35:46,934 [INFO] Época 7/30, Batch 3200/3348, Loss: 0.0006
2025-09-29 01:35:47,203 [INFO] Época 7/30, Batch 3250/3348, Loss: 0.0002
2025-09-29 01:35:47,473 [INFO] Época 7/30, Batch 3300/3348, Loss: 0.0004
2025-09-29 01:35:49,309 [INFO] [7/30] Train Loss: 0.0047 | Val Loss: 0.0003 | Tempo: 19.98s
2025-09-29 01:35:49,922 [INFO] Época 8/30, Batch 50/3348, Loss: 0.0003
2025-09-29 01:35:50,191 [INFO] Época 8/30, Batch 100/3348, Loss: 0.0002
2025-09-29 01:35:50,458 [INFO] Época 8/30, Batch 150/3348, Loss: 0.0003
2025-09-29 01:35:50,725 [INFO] Época 8/30, Batch 200/3348, Loss: 0.0002
2025-09-29 01:35:50,992 [INFO] Época 8/30, Batch 250/3348, Loss: 0.0017
2025-09-29 01:35:51,259 [INFO] Época 8/30, Batch 300/3348, Loss: 0.0003
2025-09-29 01:35:51,524 [INFO] Época 8/30, Batch 350/3348, Loss: 0.0003
2025-09-29 01:35:51,789 [INFO] Época 8/30, Batch 400/3348, Loss: 0.0003
2025-09-29 01:35:52,055 [INFO] Época 8/30, Batch 450/3348, Loss: 0.0007
2025-09-29 01:35:52,320 [INFO] Época 8/30, Batch 500/3348, Loss: 0.0005
2025-09-29 01:35:52,585 [INFO] Época 8/30, Batch 550/3348, Loss: 0.0004
2025-09-29 01:35:52,850 [INFO] Época 8/30, Batch 600/3348, Loss: 0.0003
2025-09-29 01:35:53,115 [INFO] Época 8/30, Batch 650/3348, Loss: 0.0003
2025-09-29 01:35:53,382 [INFO] Época 8/30, Batch 700/3348, Loss: 0.0004
2025-09-29 01:35:53,645 [INFO] Época 8/30, Batch 750/3348, Loss: 0.0002
2025-09-29 01:35:53,903 [INFO] Época 8/30, Batch 800/3348, Loss: 0.0004
2025-09-29 01:35:54,162 [INFO] Época 8/30, Batch 850/3348, Loss: 0.0003
2025-09-29 01:35:54,418 [INFO] Época 8/30, Batch 900/3348, Loss: 0.0002
2025-09-29 01:35:54,676 [INFO] Época 8/30, Batch 950/3348, Loss: 0.0002
2025-09-29 01:35:54,937 [INFO] Época 8/30, Batch 1000/3348, Loss: 0.0005
2025-09-29 01:35:55,208 [INFO] Época 8/30, Batch 1050/3348, Loss: 0.0003
2025-09-29 01:35:55,465 [INFO] Época 8/30, Batch 1100/3348, Loss: 0.0005
2025-09-29 01:35:55,721 [INFO] Época 8/30, Batch 1150/3348, Loss: 0.0003
2025-09-29 01:35:55,971 [INFO] Época 8/30, Batch 1200/3348, Loss: 0.0004
2025-09-29 01:35:56,217 [INFO] Época 8/30, Batch 1250/3348, Loss: 0.0002
2025-09-29 01:35:56,467 [INFO] Época 8/30, Batch 1300/3348, Loss: 0.0004
2025-09-29 01:35:56,721 [INFO] Época 8/30, Batch 1350/3348, Loss: 0.0003
2025-09-29 01:35:56,975 [INFO] Época 8/30, Batch 1400/3348, Loss: 0.0003
2025-09-29 01:35:57,220 [INFO] Época 8/30, Batch 1450/3348, Loss: 0.0003
2025-09-29 01:35:57,457 [INFO] Época 8/30, Batch 1500/3348, Loss: 0.0003
2025-09-29 01:35:57,694 [INFO] Época 8/30, Batch 1550/3348, Loss: 0.0002
2025-09-29 01:35:57,932 [INFO] Época 8/30, Batch 1600/3348, Loss: 0.0002
2025-09-29 01:35:58,168 [INFO] Época 8/30, Batch 1650/3348, Loss: 0.0004
2025-09-29 01:35:58,404 [INFO] Época 8/30, Batch 1700/3348, Loss: 0.0002
2025-09-29 01:35:58,641 [INFO] Época 8/30, Batch 1750/3348, Loss: 0.0004
2025-09-29 01:35:58,877 [INFO] Época 8/30, Batch 1800/3348, Loss: 0.0003
2025-09-29 01:35:59,113 [INFO] Época 8/30, Batch 1850/3348, Loss: 0.0002
2025-09-29 01:35:59,350 [INFO] Época 8/30, Batch 1900/3348, Loss: 0.0002
2025-09-29 01:35:59,587 [INFO] Época 8/30, Batch 1950/3348, Loss: 0.0004
2025-09-29 01:35:59,823 [INFO] Época 8/30, Batch 2000/3348, Loss: 0.0002
2025-09-29 01:36:00,063 [INFO] Época 8/30, Batch 2050/3348, Loss: 0.0002
2025-09-29 01:36:00,302 [INFO] Época 8/30, Batch 2100/3348, Loss: 0.0004
2025-09-29 01:36:00,542 [INFO] Época 8/30, Batch 2150/3348, Loss: 0.0003
2025-09-29 01:36:00,785 [INFO] Época 8/30, Batch 2200/3348, Loss: 0.0002
2025-09-29 01:36:01,042 [INFO] Época 8/30, Batch 2250/3348, Loss: 0.0003
2025-09-29 01:36:01,308 [INFO] Época 8/30, Batch 2300/3348, Loss: 0.0002
2025-09-29 01:36:01,574 [INFO] Época 8/30, Batch 2350/3348, Loss: 0.0003
2025-09-29 01:36:01,840 [INFO] Época 8/30, Batch 2400/3348, Loss: 0.0003
2025-09-29 01:36:02,107 [INFO] Época 8/30, Batch 2450/3348, Loss: 0.0002
2025-09-29 01:36:02,372 [INFO] Época 8/30, Batch 2500/3348, Loss: 0.0003
2025-09-29 01:36:02,637 [INFO] Época 8/30, Batch 2550/3348, Loss: 0.0004
2025-09-29 01:36:02,911 [INFO] Época 8/30, Batch 2600/3348, Loss: 0.0003
2025-09-29 01:36:03,180 [INFO] Época 8/30, Batch 2650/3348, Loss: 0.0004
2025-09-29 01:36:03,459 [INFO] Época 8/30, Batch 2700/3348, Loss: 0.0002
2025-09-29 01:36:03,742 [INFO] Época 8/30, Batch 2750/3348, Loss: 0.0004
2025-09-29 01:36:04,024 [INFO] Época 8/30, Batch 2800/3348, Loss: 0.0002
2025-09-29 01:36:04,306 [INFO] Época 8/30, Batch 2850/3348, Loss: 0.0004
2025-09-29 01:36:04,589 [INFO] Época 8/30, Batch 2900/3348, Loss: 0.0002
2025-09-29 01:36:04,869 [INFO] Época 8/30, Batch 2950/3348, Loss: 0.0003
2025-09-29 01:36:05,148 [INFO] Época 8/30, Batch 3000/3348, Loss: 0.0003
2025-09-29 01:36:05,439 [INFO] Época 8/30, Batch 3050/3348, Loss: 0.0002
2025-09-29 01:36:05,724 [INFO] Época 8/30, Batch 3100/3348, Loss: 0.0002
2025-09-29 01:36:06,007 [INFO] Época 8/30, Batch 3150/3348, Loss: 0.0003
2025-09-29 01:36:06,291 [INFO] Época 8/30, Batch 3200/3348, Loss: 0.0004
2025-09-29 01:36:06,574 [INFO] Época 8/30, Batch 3250/3348, Loss: 0.0002
2025-09-29 01:36:06,858 [INFO] Época 8/30, Batch 3300/3348, Loss: 0.0004
2025-09-29 01:36:08,821 [INFO] [8/30] Train Loss: 0.0047 | Val Loss: 0.0004 | Tempo: 19.51s
2025-09-29 01:36:09,441 [INFO] Época 9/30, Batch 50/3348, Loss: 0.0003
2025-09-29 01:36:09,720 [INFO] Época 9/30, Batch 100/3348, Loss: 0.0002
2025-09-29 01:36:09,995 [INFO] Época 9/30, Batch 150/3348, Loss: 0.0003
2025-09-29 01:36:10,269 [INFO] Época 9/30, Batch 200/3348, Loss: 0.0003
2025-09-29 01:36:10,544 [INFO] Época 9/30, Batch 250/3348, Loss: 0.0003
2025-09-29 01:36:10,814 [INFO] Época 9/30, Batch 300/3348, Loss: 0.0002
2025-09-29 01:36:11,085 [INFO] Época 9/30, Batch 350/3348, Loss: 0.0004
2025-09-29 01:36:11,354 [INFO] Época 9/30, Batch 400/3348, Loss: 0.0003
2025-09-29 01:36:11,622 [INFO] Época 9/30, Batch 450/3348, Loss: 0.0003
2025-09-29 01:36:11,894 [INFO] Época 9/30, Batch 500/3348, Loss: 0.0003
2025-09-29 01:36:12,166 [INFO] Época 9/30, Batch 550/3348, Loss: 0.0003
2025-09-29 01:36:12,435 [INFO] Época 9/30, Batch 600/3348, Loss: 0.0003
2025-09-29 01:36:12,713 [INFO] Época 9/30, Batch 650/3348, Loss: 0.0004
2025-09-29 01:36:12,985 [INFO] Época 9/30, Batch 700/3348, Loss: 0.0004
2025-09-29 01:36:13,260 [INFO] Época 9/30, Batch 750/3348, Loss: 0.0004
2025-09-29 01:36:13,532 [INFO] Época 9/30, Batch 800/3348, Loss: 0.0002
2025-09-29 01:36:13,800 [INFO] Época 9/30, Batch 850/3348, Loss: 0.0002
2025-09-29 01:36:14,062 [INFO] Época 9/30, Batch 900/3348, Loss: 0.0002
2025-09-29 01:36:14,322 [INFO] Época 9/30, Batch 950/3348, Loss: 0.0002
2025-09-29 01:36:14,585 [INFO] Época 9/30, Batch 1000/3348, Loss: 0.0004
2025-09-29 01:36:14,848 [INFO] Época 9/30, Batch 1050/3348, Loss: 0.0003
2025-09-29 01:36:15,112 [INFO] Época 9/30, Batch 1100/3348, Loss: 0.0004
2025-09-29 01:36:15,375 [INFO] Época 9/30, Batch 1150/3348, Loss: 0.0004
2025-09-29 01:36:15,654 [INFO] Época 9/30, Batch 1200/3348, Loss: 0.0003
2025-09-29 01:36:15,930 [INFO] Época 9/30, Batch 1250/3348, Loss: 0.0003
2025-09-29 01:36:16,205 [INFO] Época 9/30, Batch 1300/3348, Loss: 0.0003
2025-09-29 01:36:16,481 [INFO] Época 9/30, Batch 1350/3348, Loss: 0.0003
2025-09-29 01:36:16,756 [INFO] Época 9/30, Batch 1400/3348, Loss: 0.0005
2025-09-29 01:36:17,033 [INFO] Época 9/30, Batch 1450/3348, Loss: 0.0002
2025-09-29 01:36:17,307 [INFO] Época 9/30, Batch 1500/3348, Loss: 0.0002
2025-09-29 01:36:17,582 [INFO] Época 9/30, Batch 1550/3348, Loss: 0.0003
2025-09-29 01:36:17,857 [INFO] Época 9/30, Batch 1600/3348, Loss: 0.0002
2025-09-29 01:36:18,132 [INFO] Época 9/30, Batch 1650/3348, Loss: 0.0002
2025-09-29 01:36:18,406 [INFO] Época 9/30, Batch 1700/3348, Loss: 0.0003
2025-09-29 01:36:18,680 [INFO] Época 9/30, Batch 1750/3348, Loss: 0.0002
2025-09-29 01:36:18,952 [INFO] Época 9/30, Batch 1800/3348, Loss: 0.0003
2025-09-29 01:36:19,228 [INFO] Época 9/30, Batch 1850/3348, Loss: 0.0002
2025-09-29 01:36:19,505 [INFO] Época 9/30, Batch 1900/3348, Loss: 0.0002
2025-09-29 01:36:19,783 [INFO] Época 9/30, Batch 1950/3348, Loss: 0.0002
2025-09-29 01:36:20,059 [INFO] Época 9/30, Batch 2000/3348, Loss: 0.0003
2025-09-29 01:36:20,334 [INFO] Época 9/30, Batch 2050/3348, Loss: 0.0003
2025-09-29 01:36:20,609 [INFO] Época 9/30, Batch 2100/3348, Loss: 0.0003
2025-09-29 01:36:20,885 [INFO] Época 9/30, Batch 2150/3348, Loss: 0.0002
2025-09-29 01:36:21,160 [INFO] Época 9/30, Batch 2200/3348, Loss: 0.0003
2025-09-29 01:36:21,435 [INFO] Época 9/30, Batch 2250/3348, Loss: 0.0002
2025-09-29 01:36:21,709 [INFO] Época 9/30, Batch 2300/3348, Loss: 0.0003
2025-09-29 01:36:21,985 [INFO] Época 9/30, Batch 2350/3348, Loss: 0.0003
2025-09-29 01:36:22,259 [INFO] Época 9/30, Batch 2400/3348, Loss: 0.0003
2025-09-29 01:36:22,535 [INFO] Época 9/30, Batch 2450/3348, Loss: 0.0003
2025-09-29 01:36:22,808 [INFO] Época 9/30, Batch 2500/3348, Loss: 0.0003
2025-09-29 01:36:23,085 [INFO] Época 9/30, Batch 2550/3348, Loss: 0.0003
2025-09-29 01:36:23,359 [INFO] Época 9/30, Batch 2600/3348, Loss: 0.0004
2025-09-29 01:36:23,635 [INFO] Época 9/30, Batch 2650/3348, Loss: 0.0003
2025-09-29 01:36:23,908 [INFO] Época 9/30, Batch 2700/3348, Loss: 0.0002
2025-09-29 01:36:24,181 [INFO] Época 9/30, Batch 2750/3348, Loss: 0.0002
2025-09-29 01:36:24,451 [INFO] Época 9/30, Batch 2800/3348, Loss: 0.0004
2025-09-29 01:36:24,726 [INFO] Época 9/30, Batch 2850/3348, Loss: 0.0003
2025-09-29 01:36:25,003 [INFO] Época 9/30, Batch 2900/3348, Loss: 0.0003
2025-09-29 01:36:25,279 [INFO] Época 9/30, Batch 2950/3348, Loss: 0.0003
2025-09-29 01:36:25,555 [INFO] Época 9/30, Batch 3000/3348, Loss: 0.0003
2025-09-29 01:36:25,833 [INFO] Época 9/30, Batch 3050/3348, Loss: 0.0004
2025-09-29 01:36:26,118 [INFO] Época 9/30, Batch 3100/3348, Loss: 0.0002
2025-09-29 01:36:26,397 [INFO] Época 9/30, Batch 3150/3348, Loss: 0.0004
2025-09-29 01:36:26,671 [INFO] Época 9/30, Batch 3200/3348, Loss: 0.0003
2025-09-29 01:36:26,946 [INFO] Época 9/30, Batch 3250/3348, Loss: 0.0004
2025-09-29 01:36:27,220 [INFO] Época 9/30, Batch 3300/3348, Loss: 0.0004
2025-09-29 01:36:29,042 [INFO] [9/30] Train Loss: 0.0047 | Val Loss: 0.0003 | Tempo: 20.22s
2025-09-29 01:36:29,047 [INFO] Melhor modelo salvo em: /mnt/hdd/home/jdurao/ToolBox-ChemXAI/models/mlp_qm9_MorganCount_att0.pth
2025-09-29 01:36:29,652 [INFO] Época 10/30, Batch 50/3348, Loss: 0.0003
2025-09-29 01:36:29,941 [INFO] Época 10/30, Batch 100/3348, Loss: 0.0004
2025-09-29 01:36:30,223 [INFO] Época 10/30, Batch 150/3348, Loss: 0.0002
2025-09-29 01:36:30,505 [INFO] Época 10/30, Batch 200/3348, Loss: 0.0004
2025-09-29 01:36:30,784 [INFO] Época 10/30, Batch 250/3348, Loss: 0.0008
2025-09-29 01:36:31,059 [INFO] Época 10/30, Batch 300/3348, Loss: 0.0003
2025-09-29 01:36:31,344 [INFO] Época 10/30, Batch 350/3348, Loss: 0.0003
2025-09-29 01:36:31,616 [INFO] Época 10/30, Batch 400/3348, Loss: 0.0003
2025-09-29 01:36:31,887 [INFO] Época 10/30, Batch 450/3348, Loss: 0.0003
2025-09-29 01:36:32,157 [INFO] Época 10/30, Batch 500/3348, Loss: 0.0004
2025-09-29 01:36:32,428 [INFO] Época 10/30, Batch 550/3348, Loss: 0.0004
2025-09-29 01:36:32,701 [INFO] Época 10/30, Batch 600/3348, Loss: 0.0003
2025-09-29 01:36:32,971 [INFO] Época 10/30, Batch 650/3348, Loss: 0.0003
2025-09-29 01:36:33,229 [INFO] Época 10/30, Batch 700/3348, Loss: 0.0003
2025-09-29 01:36:33,488 [INFO] Época 10/30, Batch 750/3348, Loss: 0.0002
2025-09-29 01:36:33,750 [INFO] Época 10/30, Batch 800/3348, Loss: 0.0003
2025-09-29 01:36:34,014 [INFO] Época 10/30, Batch 850/3348, Loss: 0.0002
2025-09-29 01:36:34,276 [INFO] Época 10/30, Batch 900/3348, Loss: 0.0004
2025-09-29 01:36:34,531 [INFO] Época 10/30, Batch 950/3348, Loss: 0.0003
2025-09-29 01:36:34,771 [INFO] Época 10/30, Batch 1000/3348, Loss: 0.0002
2025-09-29 01:36:35,009 [INFO] Época 10/30, Batch 1050/3348, Loss: 0.0005
2025-09-29 01:36:35,250 [INFO] Época 10/30, Batch 1100/3348, Loss: 0.0002
2025-09-29 01:36:35,490 [INFO] Época 10/30, Batch 1150/3348, Loss: 0.0003
2025-09-29 01:36:35,732 [INFO] Época 10/30, Batch 1200/3348, Loss: 0.0002
2025-09-29 01:36:35,974 [INFO] Época 10/30, Batch 1250/3348, Loss: 0.0003
2025-09-29 01:36:36,214 [INFO] Época 10/30, Batch 1300/3348, Loss: 0.0003
2025-09-29 01:36:36,456 [INFO] Época 10/30, Batch 1350/3348, Loss: 0.0002
2025-09-29 01:36:36,701 [INFO] Época 10/30, Batch 1400/3348, Loss: 0.0003
2025-09-29 01:36:36,943 [INFO] Época 10/30, Batch 1450/3348, Loss: 0.0004
2025-09-29 01:36:37,186 [INFO] Época 10/30, Batch 1500/3348, Loss: 0.0003
2025-09-29 01:36:37,425 [INFO] Época 10/30, Batch 1550/3348, Loss: 0.0003
2025-09-29 01:36:37,666 [INFO] Época 10/30, Batch 1600/3348, Loss: 0.0003
2025-09-29 01:36:37,908 [INFO] Época 10/30, Batch 1650/3348, Loss: 0.0002
2025-09-29 01:36:38,164 [INFO] Época 10/30, Batch 1700/3348, Loss: 0.0003
2025-09-29 01:36:38,432 [INFO] Época 10/30, Batch 1750/3348, Loss: 0.0003
2025-09-29 01:36:38,701 [INFO] Época 10/30, Batch 1800/3348, Loss: 0.0002
2025-09-29 01:36:38,969 [INFO] Época 10/30, Batch 1850/3348, Loss: 0.0003
2025-09-29 01:36:39,239 [INFO] Época 10/30, Batch 1900/3348, Loss: 0.0002
2025-09-29 01:36:39,507 [INFO] Época 10/30, Batch 1950/3348, Loss: 0.0003
2025-09-29 01:36:39,780 [INFO] Época 10/30, Batch 2000/3348, Loss: 0.0002
2025-09-29 01:36:40,053 [INFO] Época 10/30, Batch 2050/3348, Loss: 0.0004
2025-09-29 01:36:40,321 [INFO] Época 10/30, Batch 2100/3348, Loss: 0.0002
2025-09-29 01:36:40,588 [INFO] Época 10/30, Batch 2150/3348, Loss: 0.0002
2025-09-29 01:36:40,854 [INFO] Época 10/30, Batch 2200/3348, Loss: 0.0006
2025-09-29 01:36:41,119 [INFO] Época 10/30, Batch 2250/3348, Loss: 0.0003
2025-09-29 01:36:41,387 [INFO] Época 10/30, Batch 2300/3348, Loss: 0.0003
2025-09-29 01:36:41,665 [INFO] Época 10/30, Batch 2350/3348, Loss: 0.0003
2025-09-29 01:36:41,933 [INFO] Época 10/30, Batch 2400/3348, Loss: 0.0003
2025-09-29 01:36:42,202 [INFO] Época 10/30, Batch 2450/3348, Loss: 0.0002
2025-09-29 01:36:42,468 [INFO] Época 10/30, Batch 2500/3348, Loss: 0.0003
2025-09-29 01:36:42,735 [INFO] Época 10/30, Batch 2550/3348, Loss: 0.0003
2025-09-29 01:36:43,002 [INFO] Época 10/30, Batch 2600/3348, Loss: 0.0002
2025-09-29 01:36:43,270 [INFO] Época 10/30, Batch 2650/3348, Loss: 0.0002
2025-09-29 01:36:43,535 [INFO] Época 10/30, Batch 2700/3348, Loss: 0.0003
2025-09-29 01:36:43,803 [INFO] Época 10/30, Batch 2750/3348, Loss: 0.0003
2025-09-29 01:36:44,072 [INFO] Época 10/30, Batch 2800/3348, Loss: 0.0004
2025-09-29 01:36:44,343 [INFO] Época 10/30, Batch 2850/3348, Loss: 0.0002
2025-09-29 01:36:44,614 [INFO] Época 10/30, Batch 2900/3348, Loss: 0.0003
2025-09-29 01:36:44,882 [INFO] Época 10/30, Batch 2950/3348, Loss: 0.0003
2025-09-29 01:36:45,148 [INFO] Época 10/30, Batch 3000/3348, Loss: 0.0003
2025-09-29 01:36:45,413 [INFO] Época 10/30, Batch 3050/3348, Loss: 0.0002
2025-09-29 01:36:45,678 [INFO] Época 10/30, Batch 3100/3348, Loss: 0.0002
2025-09-29 01:36:45,944 [INFO] Época 10/30, Batch 3150/3348, Loss: 0.0004
2025-09-29 01:36:46,209 [INFO] Época 10/30, Batch 3200/3348, Loss: 0.0004
2025-09-29 01:36:46,474 [INFO] Época 10/30, Batch 3250/3348, Loss: 0.0002
2025-09-29 01:36:46,752 [INFO] Época 10/30, Batch 3300/3348, Loss: 0.0003
2025-09-29 01:36:48,682 [INFO] [10/30] Train Loss: 0.0047 | Val Loss: 0.0004 | Tempo: 19.63s
2025-09-29 01:36:49,295 [INFO] Época 11/30, Batch 50/3348, Loss: 0.0003
2025-09-29 01:36:49,569 [INFO] Época 11/30, Batch 100/3348, Loss: 0.0004
2025-09-29 01:36:49,843 [INFO] Época 11/30, Batch 150/3348, Loss: 0.0002
2025-09-29 01:36:50,113 [INFO] Época 11/30, Batch 200/3348, Loss: 0.0002
2025-09-29 01:36:50,384 [INFO] Época 11/30, Batch 250/3348, Loss: 0.0005
2025-09-29 01:36:50,656 [INFO] Época 11/30, Batch 300/3348, Loss: 0.0005
2025-09-29 01:36:50,924 [INFO] Época 11/30, Batch 350/3348, Loss: 0.0003
2025-09-29 01:36:51,194 [INFO] Época 11/30, Batch 400/3348, Loss: 0.0003
2025-09-29 01:36:51,466 [INFO] Época 11/30, Batch 450/3348, Loss: 0.0003
2025-09-29 01:36:51,735 [INFO] Época 11/30, Batch 500/3348, Loss: 0.0004
2025-09-29 01:36:52,003 [INFO] Época 11/30, Batch 550/3348, Loss: 0.0003
2025-09-29 01:36:52,273 [INFO] Época 11/30, Batch 600/3348, Loss: 0.0004
2025-09-29 01:36:52,543 [INFO] Época 11/30, Batch 650/3348, Loss: 0.0003
2025-09-29 01:36:52,812 [INFO] Época 11/30, Batch 700/3348, Loss: 0.0003
2025-09-29 01:36:53,080 [INFO] Época 11/30, Batch 750/3348, Loss: 0.0003
2025-09-29 01:36:53,347 [INFO] Época 11/30, Batch 800/3348, Loss: 0.0002
2025-09-29 01:36:53,611 [INFO] Época 11/30, Batch 850/3348, Loss: 0.0002
2025-09-29 01:36:53,870 [INFO] Época 11/30, Batch 900/3348, Loss: 0.0003
2025-09-29 01:36:54,129 [INFO] Época 11/30, Batch 950/3348, Loss: 0.0002
2025-09-29 01:36:54,386 [INFO] Época 11/30, Batch 1000/3348, Loss: 0.0006
2025-09-29 01:36:54,645 [INFO] Época 11/30, Batch 1050/3348, Loss: 4.0177
2025-09-29 01:36:54,903 [INFO] Época 11/30, Batch 1100/3348, Loss: 0.0003
2025-09-29 01:36:55,163 [INFO] Época 11/30, Batch 1150/3348, Loss: 0.0002
2025-09-29 01:36:55,422 [INFO] Época 11/30, Batch 1200/3348, Loss: 0.0002
2025-09-29 01:36:55,690 [INFO] Época 11/30, Batch 1250/3348, Loss: 0.0003
2025-09-29 01:36:55,959 [INFO] Época 11/30, Batch 1300/3348, Loss: 0.0003
2025-09-29 01:36:56,230 [INFO] Época 11/30, Batch 1350/3348, Loss: 0.0003
2025-09-29 01:36:56,501 [INFO] Época 11/30, Batch 1400/3348, Loss: 0.0003
2025-09-29 01:36:56,770 [INFO] Época 11/30, Batch 1450/3348, Loss: 0.0002
2025-09-29 01:36:57,054 [INFO] Época 11/30, Batch 1500/3348, Loss: 0.0003
2025-09-29 01:36:57,324 [INFO] Época 11/30, Batch 1550/3348, Loss: 0.0002
2025-09-29 01:36:57,593 [INFO] Época 11/30, Batch 1600/3348, Loss: 0.0002
2025-09-29 01:36:57,864 [INFO] Época 11/30, Batch 1650/3348, Loss: 0.0002
2025-09-29 01:36:58,133 [INFO] Época 11/30, Batch 1700/3348, Loss: 0.0003
2025-09-29 01:36:58,399 [INFO] Época 11/30, Batch 1750/3348, Loss: 0.0002
2025-09-29 01:36:58,666 [INFO] Época 11/30, Batch 1800/3348, Loss: 0.0003
2025-09-29 01:36:58,932 [INFO] Época 11/30, Batch 1850/3348, Loss: 0.0002
2025-09-29 01:36:59,199 [INFO] Época 11/30, Batch 1900/3348, Loss: 0.0004
2025-09-29 01:36:59,465 [INFO] Época 11/30, Batch 1950/3348, Loss: 0.0002
2025-09-29 01:36:59,731 [INFO] Época 11/30, Batch 2000/3348, Loss: 0.0002
2025-09-29 01:36:59,993 [INFO] Época 11/30, Batch 2050/3348, Loss: 0.0002
2025-09-29 01:37:00,260 [INFO] Época 11/30, Batch 2100/3348, Loss: 0.0003
2025-09-29 01:37:00,525 [INFO] Época 11/30, Batch 2150/3348, Loss: 0.0002
2025-09-29 01:37:00,793 [INFO] Época 11/30, Batch 2200/3348, Loss: 0.0003
2025-09-29 01:37:01,059 [INFO] Época 11/30, Batch 2250/3348, Loss: 0.0002
2025-09-29 01:37:01,325 [INFO] Época 11/30, Batch 2300/3348, Loss: 0.0002
2025-09-29 01:37:01,592 [INFO] Época 11/30, Batch 2350/3348, Loss: 0.0002
2025-09-29 01:37:01,856 [INFO] Época 11/30, Batch 2400/3348, Loss: 0.0003
2025-09-29 01:37:02,126 [INFO] Época 11/30, Batch 2450/3348, Loss: 0.0008
2025-09-29 01:37:02,393 [INFO] Época 11/30, Batch 2500/3348, Loss: 0.0002
2025-09-29 01:37:02,661 [INFO] Época 11/30, Batch 2550/3348, Loss: 0.0003
2025-09-29 01:37:02,927 [INFO] Época 11/30, Batch 2600/3348, Loss: 0.0002
2025-09-29 01:37:03,194 [INFO] Época 11/30, Batch 2650/3348, Loss: 0.0002
2025-09-29 01:37:03,460 [INFO] Época 11/30, Batch 2700/3348, Loss: 0.0003
2025-09-29 01:37:03,729 [INFO] Época 11/30, Batch 2750/3348, Loss: 0.0004
2025-09-29 01:37:03,996 [INFO] Época 11/30, Batch 2800/3348, Loss: 0.0002
2025-09-29 01:37:04,263 [INFO] Época 11/30, Batch 2850/3348, Loss: 0.0002
2025-09-29 01:37:04,530 [INFO] Época 11/30, Batch 2900/3348, Loss: 0.0002
2025-09-29 01:37:04,799 [INFO] Época 11/30, Batch 2950/3348, Loss: 0.0003
2025-09-29 01:37:05,064 [INFO] Época 11/30, Batch 3000/3348, Loss: 0.0002
2025-09-29 01:37:05,331 [INFO] Época 11/30, Batch 3050/3348, Loss: 0.0004
2025-09-29 01:37:05,597 [INFO] Época 11/30, Batch 3100/3348, Loss: 0.0002
2025-09-29 01:37:05,863 [INFO] Época 11/30, Batch 3150/3348, Loss: 0.0003
2025-09-29 01:37:06,131 [INFO] Época 11/30, Batch 3200/3348, Loss: 0.0002
2025-09-29 01:37:06,397 [INFO] Época 11/30, Batch 3250/3348, Loss: 0.0003
2025-09-29 01:37:06,662 [INFO] Época 11/30, Batch 3300/3348, Loss: 0.0003
2025-09-29 01:37:08,563 [INFO] [11/30] Train Loss: 0.0047 | Val Loss: 0.0003 | Tempo: 19.88s
2025-09-29 01:37:09,167 [INFO] Época 12/30, Batch 50/3348, Loss: 0.0002
2025-09-29 01:37:09,439 [INFO] Época 12/30, Batch 100/3348, Loss: 0.0002
2025-09-29 01:37:09,709 [INFO] Época 12/30, Batch 150/3348, Loss: 0.0003
2025-09-29 01:37:09,977 [INFO] Época 12/30, Batch 200/3348, Loss: 0.0002
2025-09-29 01:37:10,245 [INFO] Época 12/30, Batch 250/3348, Loss: 0.0002
2025-09-29 01:37:10,510 [INFO] Época 12/30, Batch 300/3348, Loss: 0.0005
2025-09-29 01:37:10,774 [INFO] Época 12/30, Batch 350/3348, Loss: 0.0002
2025-09-29 01:37:11,037 [INFO] Época 12/30, Batch 400/3348, Loss: 0.0002
2025-09-29 01:37:11,296 [INFO] Época 12/30, Batch 450/3348, Loss: 0.0002
2025-09-29 01:37:11,557 [INFO] Época 12/30, Batch 500/3348, Loss: 0.0009
2025-09-29 01:37:11,821 [INFO] Época 12/30, Batch 550/3348, Loss: 0.0002
2025-09-29 01:37:12,067 [INFO] Época 12/30, Batch 600/3348, Loss: 0.0003
2025-09-29 01:37:12,305 [INFO] Época 12/30, Batch 650/3348, Loss: 0.0002
2025-09-29 01:37:12,546 [INFO] Época 12/30, Batch 700/3348, Loss: 0.0003
2025-09-29 01:37:12,786 [INFO] Época 12/30, Batch 750/3348, Loss: 0.0003
2025-09-29 01:37:13,027 [INFO] Época 12/30, Batch 800/3348, Loss: 0.0002
2025-09-29 01:37:13,266 [INFO] Época 12/30, Batch 850/3348, Loss: 0.0003
2025-09-29 01:37:13,505 [INFO] Época 12/30, Batch 900/3348, Loss: 0.0003
2025-09-29 01:37:13,746 [INFO] Época 12/30, Batch 950/3348, Loss: 0.0002
2025-09-29 01:37:13,989 [INFO] Época 12/30, Batch 1000/3348, Loss: 0.0003
2025-09-29 01:37:14,228 [INFO] Época 12/30, Batch 1050/3348, Loss: 0.0002
2025-09-29 01:37:14,467 [INFO] Época 12/30, Batch 1100/3348, Loss: 0.0002
2025-09-29 01:37:14,707 [INFO] Época 12/30, Batch 1150/3348, Loss: 0.0003
2025-09-29 01:37:14,946 [INFO] Época 12/30, Batch 1200/3348, Loss: 0.0004
2025-09-29 01:37:15,187 [INFO] Época 12/30, Batch 1250/3348, Loss: 0.0003
2025-09-29 01:37:15,430 [INFO] Época 12/30, Batch 1300/3348, Loss: 0.0003
2025-09-29 01:37:15,692 [INFO] Época 12/30, Batch 1350/3348, Loss: 0.0003
2025-09-29 01:37:15,958 [INFO] Época 12/30, Batch 1400/3348, Loss: 0.0002
2025-09-29 01:37:16,225 [INFO] Época 12/30, Batch 1450/3348, Loss: 0.0005
2025-09-29 01:37:16,492 [INFO] Época 12/30, Batch 1500/3348, Loss: 0.0003
2025-09-29 01:37:16,761 [INFO] Época 12/30, Batch 1550/3348, Loss: 0.0003
2025-09-29 01:37:17,029 [INFO] Época 12/30, Batch 1600/3348, Loss: 0.0003
2025-09-29 01:37:17,295 [INFO] Época 12/30, Batch 1650/3348, Loss: 0.0002
2025-09-29 01:37:17,561 [INFO] Época 12/30, Batch 1700/3348, Loss: 0.0003
2025-09-29 01:37:17,824 [INFO] Época 12/30, Batch 1750/3348, Loss: 0.0004
2025-09-29 01:37:18,090 [INFO] Época 12/30, Batch 1800/3348, Loss: 0.0003
2025-09-29 01:37:18,358 [INFO] Época 12/30, Batch 1850/3348, Loss: 0.0002
2025-09-29 01:37:18,626 [INFO] Época 12/30, Batch 1900/3348, Loss: 0.0003
2025-09-29 01:37:18,892 [INFO] Época 12/30, Batch 1950/3348, Loss: 0.0003
2025-09-29 01:37:19,169 [INFO] Época 12/30, Batch 2000/3348, Loss: 0.0003
2025-09-29 01:37:19,438 [INFO] Época 12/30, Batch 2050/3348, Loss: 0.0004
2025-09-29 01:37:19,706 [INFO] Época 12/30, Batch 2100/3348, Loss: 0.0003
2025-09-29 01:37:19,972 [INFO] Época 12/30, Batch 2150/3348, Loss: 0.0004
2025-09-29 01:37:20,241 [INFO] Época 12/30, Batch 2200/3348, Loss: 0.0003
2025-09-29 01:37:20,509 [INFO] Época 12/30, Batch 2250/3348, Loss: 0.0004
2025-09-29 01:37:20,780 [INFO] Época 12/30, Batch 2300/3348, Loss: 0.0003
2025-09-29 01:37:21,048 [INFO] Época 12/30, Batch 2350/3348, Loss: 0.0003
2025-09-29 01:37:21,315 [INFO] Época 12/30, Batch 2400/3348, Loss: 0.0003
2025-09-29 01:37:21,584 [INFO] Época 12/30, Batch 2450/3348, Loss: 0.0002
2025-09-29 01:37:21,850 [INFO] Época 12/30, Batch 2500/3348, Loss: 0.0002
2025-09-29 01:37:22,117 [INFO] Época 12/30, Batch 2550/3348, Loss: 0.0002
2025-09-29 01:37:22,383 [INFO] Época 12/30, Batch 2600/3348, Loss: 0.0003
2025-09-29 01:37:22,650 [INFO] Época 12/30, Batch 2650/3348, Loss: 0.0003
2025-09-29 01:37:22,920 [INFO] Época 12/30, Batch 2700/3348, Loss: 0.0003
2025-09-29 01:37:23,189 [INFO] Época 12/30, Batch 2750/3348, Loss: 0.0003
2025-09-29 01:37:23,457 [INFO] Época 12/30, Batch 2800/3348, Loss: 0.0002
2025-09-29 01:37:23,723 [INFO] Época 12/30, Batch 2850/3348, Loss: 0.0003
2025-09-29 01:37:23,986 [INFO] Época 12/30, Batch 2900/3348, Loss: 0.0002
2025-09-29 01:37:24,253 [INFO] Época 12/30, Batch 2950/3348, Loss: 0.0002
2025-09-29 01:37:24,519 [INFO] Época 12/30, Batch 3000/3348, Loss: 0.0004
2025-09-29 01:37:24,788 [INFO] Época 12/30, Batch 3050/3348, Loss: 0.0002
2025-09-29 01:37:25,053 [INFO] Época 12/30, Batch 3100/3348, Loss: 0.0003
2025-09-29 01:37:25,319 [INFO] Época 12/30, Batch 3150/3348, Loss: 0.0004
2025-09-29 01:37:25,586 [INFO] Época 12/30, Batch 3200/3348, Loss: 0.0002
2025-09-29 01:37:25,853 [INFO] Época 12/30, Batch 3250/3348, Loss: 0.0003
2025-09-29 01:37:26,120 [INFO] Época 12/30, Batch 3300/3348, Loss: 0.0002
2025-09-29 01:37:27,966 [INFO] [12/30] Train Loss: 0.0047 | Val Loss: 0.0006 | Tempo: 19.40s
2025-09-29 01:37:28,568 [INFO] Época 13/30, Batch 50/3348, Loss: 0.0003
2025-09-29 01:37:28,845 [INFO] Época 13/30, Batch 100/3348, Loss: 0.0003
2025-09-29 01:37:29,115 [INFO] Época 13/30, Batch 150/3348, Loss: 0.0005
2025-09-29 01:37:29,384 [INFO] Época 13/30, Batch 200/3348, Loss: 0.0002
2025-09-29 01:37:29,652 [INFO] Época 13/30, Batch 250/3348, Loss: 0.0003
2025-09-29 01:37:29,918 [INFO] Época 13/30, Batch 300/3348, Loss: 0.0004
2025-09-29 01:37:30,184 [INFO] Época 13/30, Batch 350/3348, Loss: 0.0002
2025-09-29 01:37:30,449 [INFO] Época 13/30, Batch 400/3348, Loss: 0.0003
2025-09-29 01:37:30,714 [INFO] Época 13/30, Batch 450/3348, Loss: 0.0002
2025-09-29 01:37:30,979 [INFO] Época 13/30, Batch 500/3348, Loss: 0.0002
2025-09-29 01:37:31,243 [INFO] Época 13/30, Batch 550/3348, Loss: 0.0005
2025-09-29 01:37:31,506 [INFO] Época 13/30, Batch 600/3348, Loss: 0.0002
2025-09-29 01:37:31,771 [INFO] Época 13/30, Batch 650/3348, Loss: 0.0002
2025-09-29 01:37:32,037 [INFO] Época 13/30, Batch 700/3348, Loss: 0.0003
2025-09-29 01:37:32,302 [INFO] Época 13/30, Batch 750/3348, Loss: 0.0003
2025-09-29 01:37:32,568 [INFO] Época 13/30, Batch 800/3348, Loss: 0.0002
2025-09-29 01:37:32,834 [INFO] Época 13/30, Batch 850/3348, Loss: 0.0002
2025-09-29 01:37:33,099 [INFO] Época 13/30, Batch 900/3348, Loss: 0.0002
2025-09-29 01:37:33,366 [INFO] Época 13/30, Batch 950/3348, Loss: 0.0003
2025-09-29 01:37:33,631 [INFO] Época 13/30, Batch 1000/3348, Loss: 0.0003
2025-09-29 01:37:33,897 [INFO] Época 13/30, Batch 1050/3348, Loss: 0.0004
2025-09-29 01:37:34,162 [INFO] Época 13/30, Batch 1100/3348, Loss: 0.0003
2025-09-29 01:37:34,440 [INFO] Época 13/30, Batch 1150/3348, Loss: 0.0003
2025-09-29 01:37:34,707 [INFO] Época 13/30, Batch 1200/3348, Loss: 0.0002
2025-09-29 01:37:34,972 [INFO] Época 13/30, Batch 1250/3348, Loss: 0.0002
2025-09-29 01:37:35,240 [INFO] Época 13/30, Batch 1300/3348, Loss: 0.0002
2025-09-29 01:37:35,507 [INFO] Época 13/30, Batch 1350/3348, Loss: 0.0003
2025-09-29 01:37:35,774 [INFO] Época 13/30, Batch 1400/3348, Loss: 0.0003
2025-09-29 01:37:36,040 [INFO] Época 13/30, Batch 1450/3348, Loss: 0.0002
2025-09-29 01:37:36,306 [INFO] Época 13/30, Batch 1500/3348, Loss: 0.0003
2025-09-29 01:37:36,572 [INFO] Época 13/30, Batch 1550/3348, Loss: 0.0005
2025-09-29 01:37:36,838 [INFO] Época 13/30, Batch 1600/3348, Loss: 0.0002
2025-09-29 01:37:37,105 [INFO] Época 13/30, Batch 1650/3348, Loss: 0.0003
2025-09-29 01:37:37,371 [INFO] Época 13/30, Batch 1700/3348, Loss: 0.0003
2025-09-29 01:37:37,637 [INFO] Época 13/30, Batch 1750/3348, Loss: 0.0014
2025-09-29 01:37:37,903 [INFO] Época 13/30, Batch 1800/3348, Loss: 0.0003
2025-09-29 01:37:38,171 [INFO] Época 13/30, Batch 1850/3348, Loss: 0.0011
2025-09-29 01:37:38,438 [INFO] Época 13/30, Batch 1900/3348, Loss: 0.0003
2025-09-29 01:37:38,702 [INFO] Época 13/30, Batch 1950/3348, Loss: 0.0004
2025-09-29 01:37:38,970 [INFO] Época 13/30, Batch 2000/3348, Loss: 0.0004
2025-09-29 01:37:39,236 [INFO] Época 13/30, Batch 2050/3348, Loss: 0.0003
2025-09-29 01:37:39,503 [INFO] Época 13/30, Batch 2100/3348, Loss: 0.0003
2025-09-29 01:37:39,772 [INFO] Época 13/30, Batch 2150/3348, Loss: 0.0002
2025-09-29 01:37:40,042 [INFO] Época 13/30, Batch 2200/3348, Loss: 0.0003
2025-09-29 01:37:40,313 [INFO] Época 13/30, Batch 2250/3348, Loss: 0.0002
2025-09-29 01:37:40,580 [INFO] Época 13/30, Batch 2300/3348, Loss: 0.0002
2025-09-29 01:37:40,846 [INFO] Época 13/30, Batch 2350/3348, Loss: 0.0003
2025-09-29 01:37:41,113 [INFO] Época 13/30, Batch 2400/3348, Loss: 0.0002
2025-09-29 01:37:41,379 [INFO] Época 13/30, Batch 2450/3348, Loss: 0.0004
2025-09-29 01:37:41,646 [INFO] Época 13/30, Batch 2500/3348, Loss: 0.0002
2025-09-29 01:37:41,910 [INFO] Época 13/30, Batch 2550/3348, Loss: 0.0002
2025-09-29 01:37:42,176 [INFO] Época 13/30, Batch 2600/3348, Loss: 0.0002
2025-09-29 01:37:42,443 [INFO] Época 13/30, Batch 2650/3348, Loss: 0.0002
2025-09-29 01:37:42,712 [INFO] Época 13/30, Batch 2700/3348, Loss: 0.0002
2025-09-29 01:37:42,977 [INFO] Época 13/30, Batch 2750/3348, Loss: 0.0002
2025-09-29 01:37:43,242 [INFO] Época 13/30, Batch 2800/3348, Loss: 0.0003
2025-09-29 01:37:43,507 [INFO] Época 13/30, Batch 2850/3348, Loss: 0.0002
2025-09-29 01:37:43,773 [INFO] Época 13/30, Batch 2900/3348, Loss: 0.0002
2025-09-29 01:37:44,037 [INFO] Época 13/30, Batch 2950/3348, Loss: 0.0003
2025-09-29 01:37:44,302 [INFO] Época 13/30, Batch 3000/3348, Loss: 0.0003
2025-09-29 01:37:44,577 [INFO] Época 13/30, Batch 3050/3348, Loss: 0.0004
2025-09-29 01:37:44,840 [INFO] Época 13/30, Batch 3100/3348, Loss: 0.0002
2025-09-29 01:37:45,104 [INFO] Época 13/30, Batch 3150/3348, Loss: 0.0002
2025-09-29 01:37:45,368 [INFO] Época 13/30, Batch 3200/3348, Loss: 0.0002
2025-09-29 01:37:45,632 [INFO] Época 13/30, Batch 3250/3348, Loss: 0.0002
2025-09-29 01:37:45,895 [INFO] Época 13/30, Batch 3300/3348, Loss: 0.0002
2025-09-29 01:37:47,791 [INFO] [13/30] Train Loss: 0.0047 | Val Loss: 0.0003 | Tempo: 19.83s
2025-09-29 01:37:48,406 [INFO] Época 14/30, Batch 50/3348, Loss: 0.0002
2025-09-29 01:37:48,670 [INFO] Época 14/30, Batch 100/3348, Loss: 0.0003
2025-09-29 01:37:48,934 [INFO] Época 14/30, Batch 150/3348, Loss: 0.0002
2025-09-29 01:37:49,194 [INFO] Época 14/30, Batch 200/3348, Loss: 0.0002
2025-09-29 01:37:49,441 [INFO] Época 14/30, Batch 250/3348, Loss: 0.0002
2025-09-29 01:37:49,696 [INFO] Época 14/30, Batch 300/3348, Loss: 0.0003
2025-09-29 01:37:49,940 [INFO] Época 14/30, Batch 350/3348, Loss: 0.0002
2025-09-29 01:37:50,180 [INFO] Época 14/30, Batch 400/3348, Loss: 0.0002
2025-09-29 01:37:50,424 [INFO] Época 14/30, Batch 450/3348, Loss: 0.0003
2025-09-29 01:37:50,668 [INFO] Época 14/30, Batch 500/3348, Loss: 0.0003
2025-09-29 01:37:50,910 [INFO] Época 14/30, Batch 550/3348, Loss: 0.0002
2025-09-29 01:37:51,153 [INFO] Época 14/30, Batch 600/3348, Loss: 0.0002
2025-09-29 01:37:51,396 [INFO] Época 14/30, Batch 650/3348, Loss: 0.0002
2025-09-29 01:37:51,637 [INFO] Época 14/30, Batch 700/3348, Loss: 0.0002
2025-09-29 01:37:51,887 [INFO] Época 14/30, Batch 750/3348, Loss: 0.0003
2025-09-29 01:37:52,137 [INFO] Época 14/30, Batch 800/3348, Loss: 0.0002
2025-09-29 01:37:52,387 [INFO] Época 14/30, Batch 850/3348, Loss: 0.0002
2025-09-29 01:37:52,637 [INFO] Época 14/30, Batch 900/3348, Loss: 0.0002
2025-09-29 01:37:52,897 [INFO] Época 14/30, Batch 950/3348, Loss: 0.0004
2025-09-29 01:37:53,166 [INFO] Época 14/30, Batch 1000/3348, Loss: 0.0002
2025-09-29 01:37:53,436 [INFO] Época 14/30, Batch 1050/3348, Loss: 0.0002
2025-09-29 01:37:53,705 [INFO] Época 14/30, Batch 1100/3348, Loss: 0.0002
2025-09-29 01:37:53,976 [INFO] Época 14/30, Batch 1150/3348, Loss: 0.0002
2025-09-29 01:37:54,243 [INFO] Época 14/30, Batch 1200/3348, Loss: 0.0002
2025-09-29 01:37:54,512 [INFO] Época 14/30, Batch 1250/3348, Loss: 0.0002
2025-09-29 01:37:54,792 [INFO] Época 14/30, Batch 1300/3348, Loss: 0.0002
2025-09-29 01:37:55,051 [INFO] Época 14/30, Batch 1350/3348, Loss: 0.0004
2025-09-29 01:37:55,311 [INFO] Época 14/30, Batch 1400/3348, Loss: 0.0002
2025-09-29 01:37:55,569 [INFO] Época 14/30, Batch 1450/3348, Loss: 0.0002
2025-09-29 01:37:55,831 [INFO] Época 14/30, Batch 1500/3348, Loss: 0.0003
2025-09-29 01:37:56,091 [INFO] Época 14/30, Batch 1550/3348, Loss: 0.0002
2025-09-29 01:37:56,351 [INFO] Época 14/30, Batch 1600/3348, Loss: 0.0003
2025-09-29 01:37:56,609 [INFO] Época 14/30, Batch 1650/3348, Loss: 0.0003
2025-09-29 01:37:56,867 [INFO] Época 14/30, Batch 1700/3348, Loss: 0.0003
2025-09-29 01:37:57,125 [INFO] Época 14/30, Batch 1750/3348, Loss: 0.0002
2025-09-29 01:37:57,385 [INFO] Época 14/30, Batch 1800/3348, Loss: 0.0002
2025-09-29 01:37:57,642 [INFO] Época 14/30, Batch 1850/3348, Loss: 0.0004
2025-09-29 01:37:57,901 [INFO] Época 14/30, Batch 1900/3348, Loss: 0.0002
2025-09-29 01:37:58,159 [INFO] Época 14/30, Batch 1950/3348, Loss: 0.0003
2025-09-29 01:37:58,417 [INFO] Época 14/30, Batch 2000/3348, Loss: 0.0005
2025-09-29 01:37:58,678 [INFO] Época 14/30, Batch 2050/3348, Loss: 0.0002
2025-09-29 01:37:58,936 [INFO] Época 14/30, Batch 2100/3348, Loss: 0.0002
2025-09-29 01:37:59,195 [INFO] Época 14/30, Batch 2150/3348, Loss: 0.0003
2025-09-29 01:37:59,452 [INFO] Época 14/30, Batch 2200/3348, Loss: 0.0003
2025-09-29 01:37:59,713 [INFO] Época 14/30, Batch 2250/3348, Loss: 0.0003
2025-09-29 01:37:59,983 [INFO] Época 14/30, Batch 2300/3348, Loss: 0.0002
2025-09-29 01:38:00,242 [INFO] Época 14/30, Batch 2350/3348, Loss: 0.0004
2025-09-29 01:38:00,502 [INFO] Época 14/30, Batch 2400/3348, Loss: 0.0002
2025-09-29 01:38:00,761 [INFO] Época 14/30, Batch 2450/3348, Loss: 0.0002
2025-09-29 01:38:01,018 [INFO] Época 14/30, Batch 2500/3348, Loss: 0.0004
2025-09-29 01:38:01,275 [INFO] Época 14/30, Batch 2550/3348, Loss: 0.0015
2025-09-29 01:38:01,532 [INFO] Época 14/30, Batch 2600/3348, Loss: 0.0002
2025-09-29 01:38:01,790 [INFO] Época 14/30, Batch 2650/3348, Loss: 0.0002
2025-09-29 01:38:02,046 [INFO] Época 14/30, Batch 2700/3348, Loss: 0.0002
2025-09-29 01:38:02,304 [INFO] Época 14/30, Batch 2750/3348, Loss: 0.0003
2025-09-29 01:38:02,564 [INFO] Época 14/30, Batch 2800/3348, Loss: 0.0002
2025-09-29 01:38:02,822 [INFO] Época 14/30, Batch 2850/3348, Loss: 0.0002
2025-09-29 01:38:03,081 [INFO] Época 14/30, Batch 2900/3348, Loss: 0.0003
2025-09-29 01:38:03,338 [INFO] Época 14/30, Batch 2950/3348, Loss: 0.0002
2025-09-29 01:38:03,597 [INFO] Época 14/30, Batch 3000/3348, Loss: 0.0002
2025-09-29 01:38:03,855 [INFO] Época 14/30, Batch 3050/3348, Loss: 0.0002
2025-09-29 01:38:04,113 [INFO] Época 14/30, Batch 3100/3348, Loss: 0.0003
2025-09-29 01:38:04,371 [INFO] Época 14/30, Batch 3150/3348, Loss: 0.0002
2025-09-29 01:38:04,629 [INFO] Época 14/30, Batch 3200/3348, Loss: 0.0002
2025-09-29 01:38:04,886 [INFO] Época 14/30, Batch 3250/3348, Loss: 0.0003
2025-09-29 01:38:05,146 [INFO] Época 14/30, Batch 3300/3348, Loss: 0.0002
2025-09-29 01:38:07,037 [INFO] [14/30] Train Loss: 0.0047 | Val Loss: 0.0003 | Tempo: 19.24s
2025-09-29 01:38:07,042 [INFO] Melhor modelo salvo em: /mnt/hdd/home/jdurao/ToolBox-ChemXAI/models/mlp_qm9_MorganCount_att0.pth
2025-09-29 01:38:07,657 [INFO] Época 15/30, Batch 50/3348, Loss: 0.0002
2025-09-29 01:38:07,929 [INFO] Época 15/30, Batch 100/3348, Loss: 0.0003
2025-09-29 01:38:08,199 [INFO] Época 15/30, Batch 150/3348, Loss: 0.0002
2025-09-29 01:38:08,469 [INFO] Época 15/30, Batch 200/3348, Loss: 0.0002
2025-09-29 01:38:08,737 [INFO] Época 15/30, Batch 250/3348, Loss: 0.0002
2025-09-29 01:38:09,005 [INFO] Época 15/30, Batch 300/3348, Loss: 0.0002
2025-09-29 01:38:09,273 [INFO] Época 15/30, Batch 350/3348, Loss: 0.0002
2025-09-29 01:38:09,543 [INFO] Época 15/30, Batch 400/3348, Loss: 0.0002
2025-09-29 01:38:09,811 [INFO] Época 15/30, Batch 450/3348, Loss: 0.0002
2025-09-29 01:38:10,080 [INFO] Época 15/30, Batch 500/3348, Loss: 0.0003
2025-09-29 01:38:10,361 [INFO] Época 15/30, Batch 550/3348, Loss: 0.0002
2025-09-29 01:38:10,631 [INFO] Época 15/30, Batch 600/3348, Loss: 0.0002
2025-09-29 01:38:10,902 [INFO] Época 15/30, Batch 650/3348, Loss: 0.0003
2025-09-29 01:38:11,170 [INFO] Época 15/30, Batch 700/3348, Loss: 0.0002
2025-09-29 01:38:11,442 [INFO] Época 15/30, Batch 750/3348, Loss: 0.0002
2025-09-29 01:38:11,712 [INFO] Época 15/30, Batch 800/3348, Loss: 0.0002
2025-09-29 01:38:11,995 [INFO] Época 15/30, Batch 850/3348, Loss: 0.0002
2025-09-29 01:38:12,280 [INFO] Época 15/30, Batch 900/3348, Loss: 0.0004
2025-09-29 01:38:12,565 [INFO] Época 15/30, Batch 950/3348, Loss: 0.0002
2025-09-29 01:38:12,850 [INFO] Época 15/30, Batch 1000/3348, Loss: 0.0002
2025-09-29 01:38:13,134 [INFO] Época 15/30, Batch 1050/3348, Loss: 0.0003
2025-09-29 01:38:13,409 [INFO] Época 15/30, Batch 1100/3348, Loss: 0.0003
2025-09-29 01:38:13,675 [INFO] Época 15/30, Batch 1150/3348, Loss: 0.0002
2025-09-29 01:38:13,938 [INFO] Época 15/30, Batch 1200/3348, Loss: 0.0002
2025-09-29 01:38:14,203 [INFO] Época 15/30, Batch 1250/3348, Loss: 0.0003
2025-09-29 01:38:14,467 [INFO] Época 15/30, Batch 1300/3348, Loss: 0.0003
2025-09-29 01:38:14,730 [INFO] Época 15/30, Batch 1350/3348, Loss: 0.0006
2025-09-29 01:38:14,995 [INFO] Época 15/30, Batch 1400/3348, Loss: 0.0002
2025-09-29 01:38:15,261 [INFO] Época 15/30, Batch 1450/3348, Loss: 0.0003
2025-09-29 01:38:15,556 [INFO] Época 15/30, Batch 1500/3348, Loss: 0.0002
2025-09-29 01:38:15,843 [INFO] Época 15/30, Batch 1550/3348, Loss: 0.0002
2025-09-29 01:38:16,128 [INFO] Época 15/30, Batch 1600/3348, Loss: 0.0002
2025-09-29 01:38:16,413 [INFO] Época 15/30, Batch 1650/3348, Loss: 0.0002
2025-09-29 01:38:16,699 [INFO] Época 15/30, Batch 1700/3348, Loss: 0.0004
2025-09-29 01:38:16,988 [INFO] Época 15/30, Batch 1750/3348, Loss: 0.0003
2025-09-29 01:38:17,267 [INFO] Época 15/30, Batch 1800/3348, Loss: 0.0003
2025-09-29 01:38:17,542 [INFO] Época 15/30, Batch 1850/3348, Loss: 0.0002
2025-09-29 01:38:17,817 [INFO] Época 15/30, Batch 1900/3348, Loss: 0.0002
2025-09-29 01:38:18,092 [INFO] Época 15/30, Batch 1950/3348, Loss: 0.0002
2025-09-29 01:38:18,371 [INFO] Época 15/30, Batch 2000/3348, Loss: 0.0002
2025-09-29 01:38:18,649 [INFO] Época 15/30, Batch 2050/3348, Loss: 0.0002
2025-09-29 01:38:18,912 [INFO] Época 15/30, Batch 2100/3348, Loss: 0.0002
2025-09-29 01:38:19,174 [INFO] Época 15/30, Batch 2150/3348, Loss: 0.0002
2025-09-29 01:38:19,438 [INFO] Época 15/30, Batch 2200/3348, Loss: 0.0003
2025-09-29 01:38:19,709 [INFO] Época 15/30, Batch 2250/3348, Loss: 0.0004
2025-09-29 01:38:19,995 [INFO] Época 15/30, Batch 2300/3348, Loss: 0.0004
2025-09-29 01:38:20,278 [INFO] Época 15/30, Batch 2350/3348, Loss: 0.0004
2025-09-29 01:38:20,573 [INFO] Época 15/30, Batch 2400/3348, Loss: 0.0004
2025-09-29 01:38:20,858 [INFO] Época 15/30, Batch 2450/3348, Loss: 0.0002
2025-09-29 01:38:21,142 [INFO] Época 15/30, Batch 2500/3348, Loss: 0.0002
2025-09-29 01:38:21,428 [INFO] Época 15/30, Batch 2550/3348, Loss: 0.0002
2025-09-29 01:38:21,719 [INFO] Época 15/30, Batch 2600/3348, Loss: 0.0002
2025-09-29 01:38:22,007 [INFO] Época 15/30, Batch 2650/3348, Loss: 0.0003
2025-09-29 01:38:22,294 [INFO] Época 15/30, Batch 2700/3348, Loss: 0.0002
2025-09-29 01:38:22,581 [INFO] Época 15/30, Batch 2750/3348, Loss: 0.0002
2025-09-29 01:38:22,868 [INFO] Época 15/30, Batch 2800/3348, Loss: 0.0002
2025-09-29 01:38:23,156 [INFO] Época 15/30, Batch 2850/3348, Loss: 0.0002
2025-09-29 01:38:23,444 [INFO] Época 15/30, Batch 2900/3348, Loss: 0.0002
2025-09-29 01:38:23,730 [INFO] Época 15/30, Batch 2950/3348, Loss: 0.0002
2025-09-29 01:38:24,009 [INFO] Época 15/30, Batch 3000/3348, Loss: 0.0002
2025-09-29 01:38:24,274 [INFO] Época 15/30, Batch 3050/3348, Loss: 0.0002
2025-09-29 01:38:24,542 [INFO] Época 15/30, Batch 3100/3348, Loss: 0.0002
2025-09-29 01:38:24,810 [INFO] Época 15/30, Batch 3150/3348, Loss: 0.0002
2025-09-29 01:38:25,076 [INFO] Época 15/30, Batch 3200/3348, Loss: 0.0003
2025-09-29 01:38:25,341 [INFO] Época 15/30, Batch 3250/3348, Loss: 0.0002
2025-09-29 01:38:25,617 [INFO] Época 15/30, Batch 3300/3348, Loss: 0.0002
2025-09-29 01:38:27,469 [INFO] [15/30] Train Loss: 0.0047 | Val Loss: 0.0003 | Tempo: 20.43s
2025-09-29 01:38:28,045 [INFO] Época 16/30, Batch 50/3348, Loss: 0.0003
2025-09-29 01:38:28,302 [INFO] Época 16/30, Batch 100/3348, Loss: 0.0003
2025-09-29 01:38:28,556 [INFO] Época 16/30, Batch 150/3348, Loss: 0.0003
2025-09-29 01:38:28,810 [INFO] Época 16/30, Batch 200/3348, Loss: 0.0002
2025-09-29 01:38:29,061 [INFO] Época 16/30, Batch 250/3348, Loss: 0.0002
2025-09-29 01:38:29,314 [INFO] Época 16/30, Batch 300/3348, Loss: 0.0002
2025-09-29 01:38:29,568 [INFO] Época 16/30, Batch 350/3348, Loss: 0.0002
2025-09-29 01:38:29,819 [INFO] Época 16/30, Batch 400/3348, Loss: 0.0002
2025-09-29 01:38:30,070 [INFO] Época 16/30, Batch 450/3348, Loss: 0.0002
2025-09-29 01:38:30,341 [INFO] Época 16/30, Batch 500/3348, Loss: 0.0003
2025-09-29 01:38:30,631 [INFO] Época 16/30, Batch 550/3348, Loss: 0.0002
2025-09-29 01:38:30,907 [INFO] Época 16/30, Batch 600/3348, Loss: 0.0002
2025-09-29 01:38:31,183 [INFO] Época 16/30, Batch 650/3348, Loss: 0.0002
2025-09-29 01:38:31,465 [INFO] Época 16/30, Batch 700/3348, Loss: 0.0004
2025-09-29 01:38:31,751 [INFO] Época 16/30, Batch 750/3348, Loss: 0.0002
2025-09-29 01:38:32,022 [INFO] Época 16/30, Batch 800/3348, Loss: 0.0002
2025-09-29 01:38:32,289 [INFO] Época 16/30, Batch 850/3348, Loss: 0.0003
2025-09-29 01:38:32,556 [INFO] Época 16/30, Batch 900/3348, Loss: 0.0002
2025-09-29 01:38:32,824 [INFO] Época 16/30, Batch 950/3348, Loss: 0.0003
2025-09-29 01:38:33,095 [INFO] Época 16/30, Batch 1000/3348, Loss: 0.0002
2025-09-29 01:38:33,364 [INFO] Época 16/30, Batch 1050/3348, Loss: 0.0003
2025-09-29 01:38:33,635 [INFO] Época 16/30, Batch 1100/3348, Loss: 0.0002
2025-09-29 01:38:33,902 [INFO] Época 16/30, Batch 1150/3348, Loss: 0.0003
2025-09-29 01:38:34,168 [INFO] Época 16/30, Batch 1200/3348, Loss: 0.0003
2025-09-29 01:38:34,433 [INFO] Época 16/30, Batch 1250/3348, Loss: 0.0002
2025-09-29 01:38:34,701 [INFO] Época 16/30, Batch 1300/3348, Loss: 0.0002
2025-09-29 01:38:34,970 [INFO] Época 16/30, Batch 1350/3348, Loss: 0.0002
2025-09-29 01:38:35,239 [INFO] Época 16/30, Batch 1400/3348, Loss: 0.0001
2025-09-29 01:38:35,508 [INFO] Época 16/30, Batch 1450/3348, Loss: 0.0004
2025-09-29 01:38:35,779 [INFO] Época 16/30, Batch 1500/3348, Loss: 0.0003
2025-09-29 01:38:36,049 [INFO] Época 16/30, Batch 1550/3348, Loss: 0.0002
2025-09-29 01:38:36,319 [INFO] Época 16/30, Batch 1600/3348, Loss: 0.0002
2025-09-29 01:38:36,585 [INFO] Época 16/30, Batch 1650/3348, Loss: 0.0002
2025-09-29 01:38:36,855 [INFO] Época 16/30, Batch 1700/3348, Loss: 0.0003
2025-09-29 01:38:37,124 [INFO] Época 16/30, Batch 1750/3348, Loss: 0.0002
2025-09-29 01:38:37,391 [INFO] Época 16/30, Batch 1800/3348, Loss: 0.0001
2025-09-29 01:38:37,660 [INFO] Época 16/30, Batch 1850/3348, Loss: 0.0003
2025-09-29 01:38:37,926 [INFO] Época 16/30, Batch 1900/3348, Loss: 0.0002
2025-09-29 01:38:38,190 [INFO] Época 16/30, Batch 1950/3348, Loss: 0.0003
2025-09-29 01:38:38,457 [INFO] Época 16/30, Batch 2000/3348, Loss: 0.0002
2025-09-29 01:38:38,722 [INFO] Época 16/30, Batch 2050/3348, Loss: 0.0003
2025-09-29 01:38:38,988 [INFO] Época 16/30, Batch 2100/3348, Loss: 0.0002
2025-09-29 01:38:39,254 [INFO] Época 16/30, Batch 2150/3348, Loss: 0.0002
2025-09-29 01:38:39,521 [INFO] Época 16/30, Batch 2200/3348, Loss: 0.0002
2025-09-29 01:38:39,787 [INFO] Época 16/30, Batch 2250/3348, Loss: 0.0002
2025-09-29 01:38:40,051 [INFO] Época 16/30, Batch 2300/3348, Loss: 0.0003
2025-09-29 01:38:40,317 [INFO] Época 16/30, Batch 2350/3348, Loss: 0.0003
2025-09-29 01:38:40,581 [INFO] Época 16/30, Batch 2400/3348, Loss: 0.0002
2025-09-29 01:38:40,857 [INFO] Época 16/30, Batch 2450/3348, Loss: 0.0002
2025-09-29 01:38:41,121 [INFO] Época 16/30, Batch 2500/3348, Loss: 0.0002
2025-09-29 01:38:41,386 [INFO] Época 16/30, Batch 2550/3348, Loss: 0.0002
2025-09-29 01:38:41,651 [INFO] Época 16/30, Batch 2600/3348, Loss: 0.0003
2025-09-29 01:38:41,919 [INFO] Época 16/30, Batch 2650/3348, Loss: 0.0002
2025-09-29 01:38:42,185 [INFO] Época 16/30, Batch 2700/3348, Loss: 0.0003
2025-09-29 01:38:42,451 [INFO] Época 16/30, Batch 2750/3348, Loss: 0.0002
2025-09-29 01:38:42,720 [INFO] Época 16/30, Batch 2800/3348, Loss: 0.0001
2025-09-29 01:38:42,989 [INFO] Época 16/30, Batch 2850/3348, Loss: 0.0002
2025-09-29 01:38:43,257 [INFO] Época 16/30, Batch 2900/3348, Loss: 0.0002
2025-09-29 01:38:43,525 [INFO] Época 16/30, Batch 2950/3348, Loss: 0.0003
2025-09-29 01:38:43,790 [INFO] Época 16/30, Batch 3000/3348, Loss: 0.0002
2025-09-29 01:38:44,056 [INFO] Época 16/30, Batch 3050/3348, Loss: 0.0002
2025-09-29 01:38:44,324 [INFO] Época 16/30, Batch 3100/3348, Loss: 0.0003
2025-09-29 01:38:44,593 [INFO] Época 16/30, Batch 3150/3348, Loss: 0.0002
2025-09-29 01:38:44,860 [INFO] Época 16/30, Batch 3200/3348, Loss: 0.0002
2025-09-29 01:38:45,125 [INFO] Época 16/30, Batch 3250/3348, Loss: 0.0003
2025-09-29 01:38:45,390 [INFO] Época 16/30, Batch 3300/3348, Loss: 0.0003
2025-09-29 01:38:47,202 [INFO] [16/30] Train Loss: 0.0046 | Val Loss: 0.0003 | Tempo: 19.73s
2025-09-29 01:38:47,800 [INFO] Época 17/30, Batch 50/3348, Loss: 0.0002
2025-09-29 01:38:48,073 [INFO] Época 17/30, Batch 100/3348, Loss: 0.0002
2025-09-29 01:38:48,343 [INFO] Época 17/30, Batch 150/3348, Loss: 10.7037
2025-09-29 01:38:48,612 [INFO] Época 17/30, Batch 200/3348, Loss: 0.0002
2025-09-29 01:38:48,880 [INFO] Época 17/30, Batch 250/3348, Loss: 0.0006
2025-09-29 01:38:49,147 [INFO] Época 17/30, Batch 300/3348, Loss: 0.0002
2025-09-29 01:38:49,416 [INFO] Época 17/30, Batch 350/3348, Loss: 0.0002
2025-09-29 01:38:49,683 [INFO] Época 17/30, Batch 400/3348, Loss: 0.0002
2025-09-29 01:38:49,949 [INFO] Época 17/30, Batch 450/3348, Loss: 0.0001
2025-09-29 01:38:50,216 [INFO] Época 17/30, Batch 500/3348, Loss: 0.0003
2025-09-29 01:38:50,483 [INFO] Época 17/30, Batch 550/3348, Loss: 0.0003
2025-09-29 01:38:50,751 [INFO] Época 17/30, Batch 600/3348, Loss: 0.0006
2025-09-29 01:38:51,018 [INFO] Época 17/30, Batch 650/3348, Loss: 0.0002
2025-09-29 01:38:51,285 [INFO] Época 17/30, Batch 700/3348, Loss: 0.0002
2025-09-29 01:38:51,553 [INFO] Época 17/30, Batch 750/3348, Loss: 0.0003
2025-09-29 01:38:51,817 [INFO] Época 17/30, Batch 800/3348, Loss: 0.0002
2025-09-29 01:38:52,083 [INFO] Época 17/30, Batch 850/3348, Loss: 0.0002
2025-09-29 01:38:52,347 [INFO] Época 17/30, Batch 900/3348, Loss: 0.0002
2025-09-29 01:38:52,622 [INFO] Época 17/30, Batch 950/3348, Loss: 0.0002
2025-09-29 01:38:52,887 [INFO] Época 17/30, Batch 1000/3348, Loss: 0.0002
2025-09-29 01:38:53,157 [INFO] Época 17/30, Batch 1050/3348, Loss: 0.0002
2025-09-29 01:38:53,424 [INFO] Época 17/30, Batch 1100/3348, Loss: 0.0002
2025-09-29 01:38:53,714 [INFO] Época 17/30, Batch 1150/3348, Loss: 0.0002
2025-09-29 01:38:54,001 [INFO] Época 17/30, Batch 1200/3348, Loss: 0.0001
2025-09-29 01:38:54,287 [INFO] Época 17/30, Batch 1250/3348, Loss: 0.0005
2025-09-29 01:38:54,573 [INFO] Época 17/30, Batch 1300/3348, Loss: 0.0002
2025-09-29 01:38:54,860 [INFO] Época 17/30, Batch 1350/3348, Loss: 0.0003
2025-09-29 01:38:55,148 [INFO] Época 17/30, Batch 1400/3348, Loss: 0.0002
2025-09-29 01:38:55,434 [INFO] Época 17/30, Batch 1450/3348, Loss: 0.0003
2025-09-29 01:38:55,711 [INFO] Época 17/30, Batch 1500/3348, Loss: 0.0002
2025-09-29 01:38:55,990 [INFO] Época 17/30, Batch 1550/3348, Loss: 0.0002
2025-09-29 01:38:56,275 [INFO] Época 17/30, Batch 1600/3348, Loss: 0.0002
2025-09-29 01:38:56,561 [INFO] Época 17/30, Batch 1650/3348, Loss: 0.0002
2025-09-29 01:38:56,846 [INFO] Época 17/30, Batch 1700/3348, Loss: 0.0003
2025-09-29 01:38:57,129 [INFO] Época 17/30, Batch 1750/3348, Loss: 0.0002
2025-09-29 01:38:57,412 [INFO] Época 17/30, Batch 1800/3348, Loss: 0.0003
2025-09-29 01:38:57,709 [INFO] Época 17/30, Batch 1850/3348, Loss: 0.0003
2025-09-29 01:38:57,996 [INFO] Época 17/30, Batch 1900/3348, Loss: 0.0003
2025-09-29 01:38:58,280 [INFO] Época 17/30, Batch 1950/3348, Loss: 0.0002
2025-09-29 01:38:58,562 [INFO] Época 17/30, Batch 2000/3348, Loss: 0.0002
2025-09-29 01:38:58,835 [INFO] Época 17/30, Batch 2050/3348, Loss: 0.0003
2025-09-29 01:38:59,108 [INFO] Época 17/30, Batch 2100/3348, Loss: 0.0002
2025-09-29 01:38:59,384 [INFO] Época 17/30, Batch 2150/3348, Loss: 0.0004
2025-09-29 01:38:59,661 [INFO] Época 17/30, Batch 2200/3348, Loss: 0.0003
2025-09-29 01:38:59,942 [INFO] Época 17/30, Batch 2250/3348, Loss: 0.0001
2025-09-29 01:39:00,224 [INFO] Época 17/30, Batch 2300/3348, Loss: 0.0002
2025-09-29 01:39:00,506 [INFO] Época 17/30, Batch 2350/3348, Loss: 0.0002
2025-09-29 01:39:00,782 [INFO] Época 17/30, Batch 2400/3348, Loss: 0.0002
2025-09-29 01:39:01,046 [INFO] Época 17/30, Batch 2450/3348, Loss: 0.0002
2025-09-29 01:39:01,312 [INFO] Época 17/30, Batch 2500/3348, Loss: 0.0002
2025-09-29 01:39:01,578 [INFO] Época 17/30, Batch 2550/3348, Loss: 0.0002
2025-09-29 01:39:01,845 [INFO] Época 17/30, Batch 2600/3348, Loss: 0.0003
2025-09-29 01:39:02,113 [INFO] Época 17/30, Batch 2650/3348, Loss: 0.0004
2025-09-29 01:39:02,379 [INFO] Época 17/30, Batch 2700/3348, Loss: 0.0002
2025-09-29 01:39:02,643 [INFO] Época 17/30, Batch 2750/3348, Loss: 0.0002
2025-09-29 01:39:02,912 [INFO] Época 17/30, Batch 2800/3348, Loss: 0.0002
2025-09-29 01:39:03,171 [INFO] Época 17/30, Batch 2850/3348, Loss: 0.0002
2025-09-29 01:39:03,430 [INFO] Época 17/30, Batch 2900/3348, Loss: 0.0004
2025-09-29 01:39:03,695 [INFO] Época 17/30, Batch 2950/3348, Loss: 0.0002
2025-09-29 01:39:03,970 [INFO] Época 17/30, Batch 3000/3348, Loss: 0.0002
2025-09-29 01:39:04,231 [INFO] Época 17/30, Batch 3050/3348, Loss: 0.0002
2025-09-29 01:39:04,490 [INFO] Época 17/30, Batch 3100/3348, Loss: 0.0002
2025-09-29 01:39:04,751 [INFO] Época 17/30, Batch 3150/3348, Loss: 0.0002
2025-09-29 01:39:05,010 [INFO] Época 17/30, Batch 3200/3348, Loss: 0.0002
2025-09-29 01:39:05,253 [INFO] Época 17/30, Batch 3250/3348, Loss: 0.0002
2025-09-29 01:39:05,492 [INFO] Época 17/30, Batch 3300/3348, Loss: 0.0002
2025-09-29 01:39:07,296 [INFO] [17/30] Train Loss: 0.0046 | Val Loss: 0.0003 | Tempo: 20.09s
2025-09-29 01:39:07,301 [INFO] Melhor modelo salvo em: /mnt/hdd/home/jdurao/ToolBox-ChemXAI/models/mlp_qm9_MorganCount_att0.pth
2025-09-29 01:39:07,898 [INFO] Época 18/30, Batch 50/3348, Loss: 0.0002
2025-09-29 01:39:08,180 [INFO] Época 18/30, Batch 100/3348, Loss: 0.0002
2025-09-29 01:39:08,452 [INFO] Época 18/30, Batch 150/3348, Loss: 0.0002
2025-09-29 01:39:08,721 [INFO] Época 18/30, Batch 200/3348, Loss: 0.0002
2025-09-29 01:39:08,989 [INFO] Época 18/30, Batch 250/3348, Loss: 0.0003
2025-09-29 01:39:09,257 [INFO] Época 18/30, Batch 300/3348, Loss: 0.0002
2025-09-29 01:39:09,525 [INFO] Época 18/30, Batch 350/3348, Loss: 0.0003
2025-09-29 01:39:09,794 [INFO] Época 18/30, Batch 400/3348, Loss: 0.0002
2025-09-29 01:39:10,061 [INFO] Época 18/30, Batch 450/3348, Loss: 0.0003
2025-09-29 01:39:10,327 [INFO] Época 18/30, Batch 500/3348, Loss: 0.0002
2025-09-29 01:39:10,596 [INFO] Época 18/30, Batch 550/3348, Loss: 0.0003
2025-09-29 01:39:10,881 [INFO] Época 18/30, Batch 600/3348, Loss: 0.0002
2025-09-29 01:39:11,166 [INFO] Época 18/30, Batch 650/3348, Loss: 0.0002
2025-09-29 01:39:11,450 [INFO] Época 18/30, Batch 700/3348, Loss: 0.0003
2025-09-29 01:39:11,734 [INFO] Época 18/30, Batch 750/3348, Loss: 0.0002
2025-09-29 01:39:12,018 [INFO] Época 18/30, Batch 800/3348, Loss: 0.0003
2025-09-29 01:39:12,301 [INFO] Época 18/30, Batch 850/3348, Loss: 0.0002
2025-09-29 01:39:12,571 [INFO] Época 18/30, Batch 900/3348, Loss: 0.0004
2025-09-29 01:39:12,832 [INFO] Época 18/30, Batch 950/3348, Loss: 0.0002
2025-09-29 01:39:13,089 [INFO] Época 18/30, Batch 1000/3348, Loss: 0.0002
2025-09-29 01:39:13,358 [INFO] Época 18/30, Batch 1050/3348, Loss: 0.0003
2025-09-29 01:39:13,616 [INFO] Época 18/30, Batch 1100/3348, Loss: 0.0002
2025-09-29 01:39:13,876 [INFO] Época 18/30, Batch 1150/3348, Loss: 0.0002
2025-09-29 01:39:14,147 [INFO] Época 18/30, Batch 1200/3348, Loss: 0.0015
2025-09-29 01:39:14,419 [INFO] Época 18/30, Batch 1250/3348, Loss: 0.0002
2025-09-29 01:39:14,689 [INFO] Época 18/30, Batch 1300/3348, Loss: 0.0002
2025-09-29 01:39:14,953 [INFO] Época 18/30, Batch 1350/3348, Loss: 0.0001
2025-09-29 01:39:15,216 [INFO] Época 18/30, Batch 1400/3348, Loss: 0.0003
2025-09-29 01:39:15,480 [INFO] Época 18/30, Batch 1450/3348, Loss: 0.0003
2025-09-29 01:39:15,744 [INFO] Época 18/30, Batch 1500/3348, Loss: 0.0001
2025-09-29 01:39:16,007 [INFO] Época 18/30, Batch 1550/3348, Loss: 0.0003
2025-09-29 01:39:16,270 [INFO] Época 18/30, Batch 1600/3348, Loss: 0.0002
2025-09-29 01:39:16,534 [INFO] Época 18/30, Batch 1650/3348, Loss: 0.0002
2025-09-29 01:39:16,798 [INFO] Época 18/30, Batch 1700/3348, Loss: 0.0002
2025-09-29 01:39:17,060 [INFO] Época 18/30, Batch 1750/3348, Loss: 0.0002
2025-09-29 01:39:17,325 [INFO] Época 18/30, Batch 1800/3348, Loss: 0.0003
2025-09-29 01:39:17,589 [INFO] Época 18/30, Batch 1850/3348, Loss: 0.0002
2025-09-29 01:39:17,854 [INFO] Época 18/30, Batch 1900/3348, Loss: 0.0002
2025-09-29 01:39:18,120 [INFO] Época 18/30, Batch 1950/3348, Loss: 0.0002
2025-09-29 01:39:18,394 [INFO] Época 18/30, Batch 2000/3348, Loss: 0.0002
2025-09-29 01:39:18,658 [INFO] Época 18/30, Batch 2050/3348, Loss: 0.0003
2025-09-29 01:39:18,921 [INFO] Época 18/30, Batch 2100/3348, Loss: 0.0002
2025-09-29 01:39:19,186 [INFO] Época 18/30, Batch 2150/3348, Loss: 0.0002
2025-09-29 01:39:19,451 [INFO] Época 18/30, Batch 2200/3348, Loss: 0.0002
2025-09-29 01:39:19,717 [INFO] Época 18/30, Batch 2250/3348, Loss: 0.0002
2025-09-29 01:39:19,984 [INFO] Época 18/30, Batch 2300/3348, Loss: 0.0002
2025-09-29 01:39:20,250 [INFO] Época 18/30, Batch 2350/3348, Loss: 0.0002
2025-09-29 01:39:20,516 [INFO] Época 18/30, Batch 2400/3348, Loss: 0.0002
2025-09-29 01:39:20,782 [INFO] Época 18/30, Batch 2450/3348, Loss: 0.0002
2025-09-29 01:39:21,047 [INFO] Época 18/30, Batch 2500/3348, Loss: 0.0002
2025-09-29 01:39:21,314 [INFO] Época 18/30, Batch 2550/3348, Loss: 0.0002
2025-09-29 01:39:21,579 [INFO] Época 18/30, Batch 2600/3348, Loss: 0.0003
2025-09-29 01:39:21,844 [INFO] Época 18/30, Batch 2650/3348, Loss: 0.0002
2025-09-29 01:39:22,110 [INFO] Época 18/30, Batch 2700/3348, Loss: 0.0003
2025-09-29 01:39:22,379 [INFO] Época 18/30, Batch 2750/3348, Loss: 0.0002
2025-09-29 01:39:22,648 [INFO] Época 18/30, Batch 2800/3348, Loss: 0.0003
2025-09-29 01:39:22,916 [INFO] Época 18/30, Batch 2850/3348, Loss: 0.0003
2025-09-29 01:39:23,182 [INFO] Época 18/30, Batch 2900/3348, Loss: 0.0002
2025-09-29 01:39:23,461 [INFO] Época 18/30, Batch 2950/3348, Loss: 0.0002
2025-09-29 01:39:23,728 [INFO] Época 18/30, Batch 3000/3348, Loss: 0.0003
2025-09-29 01:39:23,994 [INFO] Época 18/30, Batch 3050/3348, Loss: 0.0009
2025-09-29 01:39:24,259 [INFO] Época 18/30, Batch 3100/3348, Loss: 0.0003
2025-09-29 01:39:24,523 [INFO] Época 18/30, Batch 3150/3348, Loss: 0.0002
2025-09-29 01:39:24,789 [INFO] Época 18/30, Batch 3200/3348, Loss: 0.0002
2025-09-29 01:39:25,055 [INFO] Época 18/30, Batch 3250/3348, Loss: 0.0002
2025-09-29 01:39:25,320 [INFO] Época 18/30, Batch 3300/3348, Loss: 0.0002
2025-09-29 01:39:27,234 [INFO] [18/30] Train Loss: 0.0046 | Val Loss: 0.0004 | Tempo: 19.93s
2025-09-29 01:39:27,831 [INFO] Época 19/30, Batch 50/3348, Loss: 0.0002
2025-09-29 01:39:28,104 [INFO] Época 19/30, Batch 100/3348, Loss: 0.0002
2025-09-29 01:39:28,375 [INFO] Época 19/30, Batch 150/3348, Loss: 0.0002
2025-09-29 01:39:28,654 [INFO] Época 19/30, Batch 200/3348, Loss: 0.0002
2025-09-29 01:39:28,921 [INFO] Época 19/30, Batch 250/3348, Loss: 0.0002
2025-09-29 01:39:29,186 [INFO] Época 19/30, Batch 300/3348, Loss: 0.0002
2025-09-29 01:39:29,452 [INFO] Época 19/30, Batch 350/3348, Loss: 0.0003
2025-09-29 01:39:29,718 [INFO] Época 19/30, Batch 400/3348, Loss: 0.0003
2025-09-29 01:39:29,983 [INFO] Época 19/30, Batch 450/3348, Loss: 0.0002
2025-09-29 01:39:30,246 [INFO] Época 19/30, Batch 500/3348, Loss: 0.0002
2025-09-29 01:39:30,512 [INFO] Época 19/30, Batch 550/3348, Loss: 0.0003
2025-09-29 01:39:30,777 [INFO] Época 19/30, Batch 600/3348, Loss: 0.0003
2025-09-29 01:39:31,043 [INFO] Época 19/30, Batch 650/3348, Loss: 0.0002
2025-09-29 01:39:31,311 [INFO] Época 19/30, Batch 700/3348, Loss: 0.0003
2025-09-29 01:39:31,577 [INFO] Época 19/30, Batch 750/3348, Loss: 0.0004
2025-09-29 01:39:31,845 [INFO] Época 19/30, Batch 800/3348, Loss: 0.0002
2025-09-29 01:39:32,112 [INFO] Época 19/30, Batch 850/3348, Loss: 0.0002
2025-09-29 01:39:32,378 [INFO] Época 19/30, Batch 900/3348, Loss: 0.0002
2025-09-29 01:39:32,645 [INFO] Época 19/30, Batch 950/3348, Loss: 0.0002
2025-09-29 01:39:32,912 [INFO] Época 19/30, Batch 1000/3348, Loss: 0.0001
2025-09-29 01:39:33,179 [INFO] Época 19/30, Batch 1050/3348, Loss: 0.0002
2025-09-29 01:39:33,448 [INFO] Época 19/30, Batch 1100/3348, Loss: 0.0001
2025-09-29 01:39:33,717 [INFO] Época 19/30, Batch 1150/3348, Loss: 0.0003
2025-09-29 01:39:33,983 [INFO] Época 19/30, Batch 1200/3348, Loss: 0.0002
2025-09-29 01:39:34,254 [INFO] Época 19/30, Batch 1250/3348, Loss: 0.0006
2025-09-29 01:39:34,523 [INFO] Época 19/30, Batch 1300/3348, Loss: 0.0002
2025-09-29 01:39:34,795 [INFO] Época 19/30, Batch 1350/3348, Loss: 0.0002
2025-09-29 01:39:35,066 [INFO] Época 19/30, Batch 1400/3348, Loss: 0.0002
2025-09-29 01:39:35,338 [INFO] Época 19/30, Batch 1450/3348, Loss: 0.0003
2025-09-29 01:39:35,609 [INFO] Época 19/30, Batch 1500/3348, Loss: 0.0002
2025-09-29 01:39:35,876 [INFO] Época 19/30, Batch 1550/3348, Loss: 0.0003
2025-09-29 01:39:36,142 [INFO] Época 19/30, Batch 1600/3348, Loss: 0.0002
2025-09-29 01:39:36,406 [INFO] Época 19/30, Batch 1650/3348, Loss: 0.0002
2025-09-29 01:39:36,671 [INFO] Época 19/30, Batch 1700/3348, Loss: 0.0002
2025-09-29 01:39:36,936 [INFO] Época 19/30, Batch 1750/3348, Loss: 0.0002
2025-09-29 01:39:37,201 [INFO] Época 19/30, Batch 1800/3348, Loss: 0.0002
2025-09-29 01:39:37,467 [INFO] Época 19/30, Batch 1850/3348, Loss: 0.0002
2025-09-29 01:39:37,734 [INFO] Época 19/30, Batch 1900/3348, Loss: 0.0003
2025-09-29 01:39:38,009 [INFO] Época 19/30, Batch 1950/3348, Loss: 0.0002
2025-09-29 01:39:38,275 [INFO] Época 19/30, Batch 2000/3348, Loss: 0.0002
2025-09-29 01:39:38,541 [INFO] Época 19/30, Batch 2050/3348, Loss: 0.0004
2025-09-29 01:39:38,814 [INFO] Época 19/30, Batch 2100/3348, Loss: 0.0003
2025-09-29 01:39:39,079 [INFO] Época 19/30, Batch 2150/3348, Loss: 0.0002
2025-09-29 01:39:39,345 [INFO] Época 19/30, Batch 2200/3348, Loss: 0.0002
2025-09-29 01:39:39,608 [INFO] Época 19/30, Batch 2250/3348, Loss: 0.0003
2025-09-29 01:39:39,875 [INFO] Época 19/30, Batch 2300/3348, Loss: 0.0002
2025-09-29 01:39:40,134 [INFO] Época 19/30, Batch 2350/3348, Loss: 0.0002
2025-09-29 01:39:40,391 [INFO] Época 19/30, Batch 2400/3348, Loss: 0.0002
2025-09-29 01:39:40,650 [INFO] Época 19/30, Batch 2450/3348, Loss: 0.0002
2025-09-29 01:39:40,911 [INFO] Época 19/30, Batch 2500/3348, Loss: 0.0002
2025-09-29 01:39:41,170 [INFO] Época 19/30, Batch 2550/3348, Loss: 0.0003
2025-09-29 01:39:41,424 [INFO] Época 19/30, Batch 2600/3348, Loss: 0.0002
2025-09-29 01:39:41,664 [INFO] Época 19/30, Batch 2650/3348, Loss: 0.0002
2025-09-29 01:39:41,906 [INFO] Época 19/30, Batch 2700/3348, Loss: 0.0002
2025-09-29 01:39:42,146 [INFO] Época 19/30, Batch 2750/3348, Loss: 0.0002
2025-09-29 01:39:42,386 [INFO] Época 19/30, Batch 2800/3348, Loss: 0.0002
2025-09-29 01:39:42,626 [INFO] Época 19/30, Batch 2850/3348, Loss: 0.0002
2025-09-29 01:39:42,866 [INFO] Época 19/30, Batch 2900/3348, Loss: 0.0003
2025-09-29 01:39:43,107 [INFO] Época 19/30, Batch 2950/3348, Loss: 0.0002
2025-09-29 01:39:43,348 [INFO] Época 19/30, Batch 3000/3348, Loss: 0.0002
2025-09-29 01:39:43,590 [INFO] Época 19/30, Batch 3050/3348, Loss: 0.0002
2025-09-29 01:39:43,845 [INFO] Época 19/30, Batch 3100/3348, Loss: 0.0001
2025-09-29 01:39:44,089 [INFO] Época 19/30, Batch 3150/3348, Loss: 0.0004
2025-09-29 01:39:44,332 [INFO] Época 19/30, Batch 3200/3348, Loss: 0.0002
2025-09-29 01:39:44,577 [INFO] Época 19/30, Batch 3250/3348, Loss: 0.0002
2025-09-29 01:39:44,819 [INFO] Época 19/30, Batch 3300/3348, Loss: 0.0002
2025-09-29 01:39:46,654 [INFO] [19/30] Train Loss: 0.0046 | Val Loss: 0.0003 | Tempo: 19.42s
2025-09-29 01:39:47,251 [INFO] Época 20/30, Batch 50/3348, Loss: 0.0002
2025-09-29 01:39:47,521 [INFO] Época 20/30, Batch 100/3348, Loss: 0.0003
2025-09-29 01:39:47,789 [INFO] Época 20/30, Batch 150/3348, Loss: 0.0002
2025-09-29 01:39:48,057 [INFO] Época 20/30, Batch 200/3348, Loss: 0.0003
2025-09-29 01:39:48,322 [INFO] Época 20/30, Batch 250/3348, Loss: 0.0002
2025-09-29 01:39:48,587 [INFO] Época 20/30, Batch 300/3348, Loss: 0.0004
2025-09-29 01:39:48,852 [INFO] Época 20/30, Batch 350/3348, Loss: 0.0002
2025-09-29 01:39:49,118 [INFO] Época 20/30, Batch 400/3348, Loss: 0.0002
2025-09-29 01:39:49,385 [INFO] Época 20/30, Batch 450/3348, Loss: 0.0002
2025-09-29 01:39:49,653 [INFO] Época 20/30, Batch 500/3348, Loss: 0.0002
2025-09-29 01:39:49,917 [INFO] Época 20/30, Batch 550/3348, Loss: 0.0001
2025-09-29 01:39:50,181 [INFO] Época 20/30, Batch 600/3348, Loss: 0.0003
2025-09-29 01:39:50,442 [INFO] Época 20/30, Batch 650/3348, Loss: 0.0002
2025-09-29 01:39:50,707 [INFO] Época 20/30, Batch 700/3348, Loss: 0.0002
2025-09-29 01:39:50,971 [INFO] Época 20/30, Batch 750/3348, Loss: 0.0002
2025-09-29 01:39:51,234 [INFO] Época 20/30, Batch 800/3348, Loss: 0.0002
2025-09-29 01:39:51,499 [INFO] Época 20/30, Batch 850/3348, Loss: 0.0004
2025-09-29 01:39:51,761 [INFO] Época 20/30, Batch 900/3348, Loss: 0.0002
2025-09-29 01:39:52,024 [INFO] Época 20/30, Batch 950/3348, Loss: 0.0002
2025-09-29 01:39:52,285 [INFO] Época 20/30, Batch 1000/3348, Loss: 0.0003
2025-09-29 01:39:52,549 [INFO] Época 20/30, Batch 1050/3348, Loss: 0.0003
2025-09-29 01:39:52,812 [INFO] Época 20/30, Batch 1100/3348, Loss: 0.0002
2025-09-29 01:39:53,076 [INFO] Época 20/30, Batch 1150/3348, Loss: 0.0002
2025-09-29 01:39:53,341 [INFO] Época 20/30, Batch 1200/3348, Loss: 0.0002
2025-09-29 01:39:53,606 [INFO] Época 20/30, Batch 1250/3348, Loss: 0.0002
2025-09-29 01:39:53,870 [INFO] Época 20/30, Batch 1300/3348, Loss: 0.0002
2025-09-29 01:39:54,145 [INFO] Época 20/30, Batch 1350/3348, Loss: 0.0001
2025-09-29 01:39:54,410 [INFO] Época 20/30, Batch 1400/3348, Loss: 0.0003
2025-09-29 01:39:54,679 [INFO] Época 20/30, Batch 1450/3348, Loss: 0.0002
2025-09-29 01:39:54,963 [INFO] Época 20/30, Batch 1500/3348, Loss: 0.0001
2025-09-29 01:39:55,246 [INFO] Época 20/30, Batch 1550/3348, Loss: 0.0002
2025-09-29 01:39:55,528 [INFO] Época 20/30, Batch 1600/3348, Loss: 0.0002
2025-09-29 01:39:55,799 [INFO] Época 20/30, Batch 1650/3348, Loss: 0.0002
2025-09-29 01:39:56,064 [INFO] Época 20/30, Batch 1700/3348, Loss: 0.0002
2025-09-29 01:39:56,331 [INFO] Época 20/30, Batch 1750/3348, Loss: 0.0003
2025-09-29 01:39:56,597 [INFO] Época 20/30, Batch 1800/3348, Loss: 0.0002
2025-09-29 01:39:56,868 [INFO] Época 20/30, Batch 1850/3348, Loss: 0.0002
2025-09-29 01:39:57,141 [INFO] Época 20/30, Batch 1900/3348, Loss: 0.0002
2025-09-29 01:39:57,409 [INFO] Época 20/30, Batch 1950/3348, Loss: 0.0003
2025-09-29 01:39:57,673 [INFO] Época 20/30, Batch 2000/3348, Loss: 0.0002
2025-09-29 01:39:57,940 [INFO] Época 20/30, Batch 2050/3348, Loss: 0.0002
2025-09-29 01:39:58,206 [INFO] Época 20/30, Batch 2100/3348, Loss: 0.0002
2025-09-29 01:39:58,470 [INFO] Época 20/30, Batch 2150/3348, Loss: 0.0002
2025-09-29 01:39:58,735 [INFO] Época 20/30, Batch 2200/3348, Loss: 0.0004
2025-09-29 01:39:59,001 [INFO] Época 20/30, Batch 2250/3348, Loss: 0.0002
2025-09-29 01:39:59,269 [INFO] Época 20/30, Batch 2300/3348, Loss: 0.0002
2025-09-29 01:39:59,533 [INFO] Época 20/30, Batch 2350/3348, Loss: 0.0002
2025-09-29 01:39:59,800 [INFO] Época 20/30, Batch 2400/3348, Loss: 0.0002
2025-09-29 01:40:00,065 [INFO] Época 20/30, Batch 2450/3348, Loss: 0.0003
2025-09-29 01:40:00,331 [INFO] Época 20/30, Batch 2500/3348, Loss: 0.0002
2025-09-29 01:40:00,598 [INFO] Época 20/30, Batch 2550/3348, Loss: 0.0003
2025-09-29 01:40:00,867 [INFO] Época 20/30, Batch 2600/3348, Loss: 0.0002
2025-09-29 01:40:01,150 [INFO] Época 20/30, Batch 2650/3348, Loss: 0.0002
2025-09-29 01:40:01,434 [INFO] Época 20/30, Batch 2700/3348, Loss: 0.0003
2025-09-29 01:40:01,718 [INFO] Época 20/30, Batch 2750/3348, Loss: 0.0002
2025-09-29 01:40:02,002 [INFO] Época 20/30, Batch 2800/3348, Loss: 0.0003
2025-09-29 01:40:02,285 [INFO] Época 20/30, Batch 2850/3348, Loss: 0.0003
2025-09-29 01:40:02,569 [INFO] Época 20/30, Batch 2900/3348, Loss: 0.0002
2025-09-29 01:40:02,852 [INFO] Época 20/30, Batch 2950/3348, Loss: 0.0002
2025-09-29 01:40:03,136 [INFO] Época 20/30, Batch 3000/3348, Loss: 0.0003
2025-09-29 01:40:03,419 [INFO] Época 20/30, Batch 3050/3348, Loss: 0.0002
2025-09-29 01:40:03,702 [INFO] Época 20/30, Batch 3100/3348, Loss: 0.0003
2025-09-29 01:40:03,985 [INFO] Época 20/30, Batch 3150/3348, Loss: 0.0003
2025-09-29 01:40:04,268 [INFO] Época 20/30, Batch 3200/3348, Loss: 0.0003
2025-09-29 01:40:04,547 [INFO] Época 20/30, Batch 3250/3348, Loss: 0.0002
2025-09-29 01:40:04,827 [INFO] Época 20/30, Batch 3300/3348, Loss: 0.0002
2025-09-29 01:40:06,654 [INFO] [20/30] Train Loss: 0.0046 | Val Loss: 0.0003 | Tempo: 20.00s
2025-09-29 01:40:06,660 [INFO] Melhor modelo salvo em: /mnt/hdd/home/jdurao/ToolBox-ChemXAI/models/mlp_qm9_MorganCount_att0.pth
2025-09-29 01:40:07,250 [INFO] Época 21/30, Batch 50/3348, Loss: 0.0002
2025-09-29 01:40:07,520 [INFO] Época 21/30, Batch 100/3348, Loss: 0.0003
2025-09-29 01:40:07,790 [INFO] Época 21/30, Batch 150/3348, Loss: 0.0001
2025-09-29 01:40:08,060 [INFO] Época 21/30, Batch 200/3348, Loss: 0.0007
2025-09-29 01:40:08,331 [INFO] Época 21/30, Batch 250/3348, Loss: 0.0003
2025-09-29 01:40:08,600 [INFO] Época 21/30, Batch 300/3348, Loss: 0.0002
2025-09-29 01:40:08,868 [INFO] Época 21/30, Batch 350/3348, Loss: 0.0002
2025-09-29 01:40:09,135 [INFO] Época 21/30, Batch 400/3348, Loss: 0.0002
2025-09-29 01:40:09,406 [INFO] Época 21/30, Batch 450/3348, Loss: 0.0003
2025-09-29 01:40:09,678 [INFO] Época 21/30, Batch 500/3348, Loss: 0.0002
2025-09-29 01:40:09,948 [INFO] Época 21/30, Batch 550/3348, Loss: 0.0002
2025-09-29 01:40:10,216 [INFO] Época 21/30, Batch 600/3348, Loss: 0.0002
2025-09-29 01:40:10,485 [INFO] Época 21/30, Batch 650/3348, Loss: 0.0002
2025-09-29 01:40:10,750 [INFO] Época 21/30, Batch 700/3348, Loss: 0.0002
2025-09-29 01:40:11,014 [INFO] Época 21/30, Batch 750/3348, Loss: 0.0002
2025-09-29 01:40:11,279 [INFO] Época 21/30, Batch 800/3348, Loss: 0.0002
2025-09-29 01:40:11,543 [INFO] Época 21/30, Batch 850/3348, Loss: 0.0003
2025-09-29 01:40:11,802 [INFO] Época 21/30, Batch 900/3348, Loss: 0.0003
2025-09-29 01:40:12,061 [INFO] Época 21/30, Batch 950/3348, Loss: 0.0002
2025-09-29 01:40:12,320 [INFO] Época 21/30, Batch 1000/3348, Loss: 0.0002
2025-09-29 01:40:12,579 [INFO] Época 21/30, Batch 1050/3348, Loss: 0.0002
2025-09-29 01:40:12,838 [INFO] Época 21/30, Batch 1100/3348, Loss: 0.0002
2025-09-29 01:40:13,100 [INFO] Época 21/30, Batch 1150/3348, Loss: 0.0003
2025-09-29 01:40:13,365 [INFO] Época 21/30, Batch 1200/3348, Loss: 0.0002
2025-09-29 01:40:13,631 [INFO] Época 21/30, Batch 1250/3348, Loss: 0.0002
2025-09-29 01:40:13,896 [INFO] Época 21/30, Batch 1300/3348, Loss: 0.0002
2025-09-29 01:40:14,160 [INFO] Época 21/30, Batch 1350/3348, Loss: 0.0002
2025-09-29 01:40:14,426 [INFO] Época 21/30, Batch 1400/3348, Loss: 0.0002
2025-09-29 01:40:14,696 [INFO] Época 21/30, Batch 1450/3348, Loss: 0.0002
2025-09-29 01:40:14,965 [INFO] Época 21/30, Batch 1500/3348, Loss: 0.0002
2025-09-29 01:40:15,233 [INFO] Época 21/30, Batch 1550/3348, Loss: 0.0003
2025-09-29 01:40:15,501 [INFO] Época 21/30, Batch 1600/3348, Loss: 0.0002
2025-09-29 01:40:15,768 [INFO] Época 21/30, Batch 1650/3348, Loss: 0.0004
2025-09-29 01:40:16,033 [INFO] Época 21/30, Batch 1700/3348, Loss: 0.0002
2025-09-29 01:40:16,297 [INFO] Época 21/30, Batch 1750/3348, Loss: 0.0003
2025-09-29 01:40:16,567 [INFO] Época 21/30, Batch 1800/3348, Loss: 0.0002
2025-09-29 01:40:16,835 [INFO] Época 21/30, Batch 1850/3348, Loss: 0.0003
2025-09-29 01:40:17,105 [INFO] Época 21/30, Batch 1900/3348, Loss: 0.0002
2025-09-29 01:40:17,375 [INFO] Época 21/30, Batch 1950/3348, Loss: 0.0002
2025-09-29 01:40:17,638 [INFO] Época 21/30, Batch 2000/3348, Loss: 0.0002
2025-09-29 01:40:17,903 [INFO] Época 21/30, Batch 2050/3348, Loss: 0.0002
2025-09-29 01:40:18,168 [INFO] Época 21/30, Batch 2100/3348, Loss: 0.0002
2025-09-29 01:40:18,431 [INFO] Época 21/30, Batch 2150/3348, Loss: 0.0002
2025-09-29 01:40:18,690 [INFO] Época 21/30, Batch 2200/3348, Loss: 0.0002
2025-09-29 01:40:18,937 [INFO] Época 21/30, Batch 2250/3348, Loss: 0.0002
2025-09-29 01:40:19,178 [INFO] Época 21/30, Batch 2300/3348, Loss: 0.0002
2025-09-29 01:40:19,418 [INFO] Época 21/30, Batch 2350/3348, Loss: 0.0002
2025-09-29 01:40:19,662 [INFO] Época 21/30, Batch 2400/3348, Loss: 0.0002
2025-09-29 01:40:19,908 [INFO] Época 21/30, Batch 2450/3348, Loss: 0.0002
2025-09-29 01:40:20,155 [INFO] Época 21/30, Batch 2500/3348, Loss: 0.0002
2025-09-29 01:40:20,402 [INFO] Época 21/30, Batch 2550/3348, Loss: 0.0003
2025-09-29 01:40:20,651 [INFO] Época 21/30, Batch 2600/3348, Loss: 0.0002
2025-09-29 01:40:20,899 [INFO] Época 21/30, Batch 2650/3348, Loss: 0.0002
2025-09-29 01:40:21,143 [INFO] Época 21/30, Batch 2700/3348, Loss: 0.0003
2025-09-29 01:40:21,388 [INFO] Época 21/30, Batch 2750/3348, Loss: 0.0004
2025-09-29 01:40:21,635 [INFO] Época 21/30, Batch 2800/3348, Loss: 0.0002
2025-09-29 01:40:21,880 [INFO] Época 21/30, Batch 2850/3348, Loss: 0.0001
2025-09-29 01:40:22,125 [INFO] Época 21/30, Batch 2900/3348, Loss: 0.0003
2025-09-29 01:40:22,376 [INFO] Época 21/30, Batch 2950/3348, Loss: 0.0002
2025-09-29 01:40:22,638 [INFO] Época 21/30, Batch 3000/3348, Loss: 0.0002
2025-09-29 01:40:22,904 [INFO] Época 21/30, Batch 3050/3348, Loss: 0.0002
2025-09-29 01:40:23,171 [INFO] Época 21/30, Batch 3100/3348, Loss: 0.0003
2025-09-29 01:40:23,438 [INFO] Época 21/30, Batch 3150/3348, Loss: 0.0001
2025-09-29 01:40:23,708 [INFO] Época 21/30, Batch 3200/3348, Loss: 0.0003
2025-09-29 01:40:23,975 [INFO] Época 21/30, Batch 3250/3348, Loss: 0.0002
2025-09-29 01:40:24,244 [INFO] Época 21/30, Batch 3300/3348, Loss: 0.0002
2025-09-29 01:40:26,159 [INFO] [21/30] Train Loss: 0.0046 | Val Loss: 0.0003 | Tempo: 19.50s
2025-09-29 01:40:26,760 [INFO] Época 22/30, Batch 50/3348, Loss: 0.0002
2025-09-29 01:40:27,036 [INFO] Época 22/30, Batch 100/3348, Loss: 0.0002
2025-09-29 01:40:27,307 [INFO] Época 22/30, Batch 150/3348, Loss: 0.0001
2025-09-29 01:40:27,578 [INFO] Época 22/30, Batch 200/3348, Loss: 0.0003
2025-09-29 01:40:27,850 [INFO] Época 22/30, Batch 250/3348, Loss: 0.0002
2025-09-29 01:40:28,120 [INFO] Época 22/30, Batch 300/3348, Loss: 0.0002
2025-09-29 01:40:28,387 [INFO] Época 22/30, Batch 350/3348, Loss: 0.0002
2025-09-29 01:40:28,655 [INFO] Época 22/30, Batch 400/3348, Loss: 0.0005
2025-09-29 01:40:28,927 [INFO] Época 22/30, Batch 450/3348, Loss: 0.0003
2025-09-29 01:40:29,197 [INFO] Época 22/30, Batch 500/3348, Loss: 0.0002
2025-09-29 01:40:29,468 [INFO] Época 22/30, Batch 550/3348, Loss: 0.0003
2025-09-29 01:40:29,739 [INFO] Época 22/30, Batch 600/3348, Loss: 0.0003
2025-09-29 01:40:30,008 [INFO] Época 22/30, Batch 650/3348, Loss: 0.0002
2025-09-29 01:40:30,276 [INFO] Época 22/30, Batch 700/3348, Loss: 0.0002
2025-09-29 01:40:30,544 [INFO] Época 22/30, Batch 750/3348, Loss: 0.0003
2025-09-29 01:40:30,812 [INFO] Época 22/30, Batch 800/3348, Loss: 0.0003
2025-09-29 01:40:31,080 [INFO] Época 22/30, Batch 850/3348, Loss: 0.0002
2025-09-29 01:40:31,346 [INFO] Época 22/30, Batch 900/3348, Loss: 0.0002
2025-09-29 01:40:31,616 [INFO] Época 22/30, Batch 950/3348, Loss: 0.0003
2025-09-29 01:40:31,884 [INFO] Época 22/30, Batch 1000/3348, Loss: 0.0002
2025-09-29 01:40:32,152 [INFO] Época 22/30, Batch 1050/3348, Loss: 0.0002
2025-09-29 01:40:32,423 [INFO] Época 22/30, Batch 1100/3348, Loss: 0.0002
2025-09-29 01:40:32,690 [INFO] Época 22/30, Batch 1150/3348, Loss: 0.0002
2025-09-29 01:40:32,957 [INFO] Época 22/30, Batch 1200/3348, Loss: 0.0003
2025-09-29 01:40:33,228 [INFO] Época 22/30, Batch 1250/3348, Loss: 0.0002
2025-09-29 01:40:33,499 [INFO] Época 22/30, Batch 1300/3348, Loss: 0.0001
2025-09-29 01:40:33,767 [INFO] Época 22/30, Batch 1350/3348, Loss: 0.0003
2025-09-29 01:40:34,037 [INFO] Época 22/30, Batch 1400/3348, Loss: 0.0002
2025-09-29 01:40:34,304 [INFO] Época 22/30, Batch 1450/3348, Loss: 0.0003
2025-09-29 01:40:34,573 [INFO] Época 22/30, Batch 1500/3348, Loss: 0.0003
2025-09-29 01:40:34,840 [INFO] Época 22/30, Batch 1550/3348, Loss: 0.0002
2025-09-29 01:40:35,109 [INFO] Época 22/30, Batch 1600/3348, Loss: 0.0003
2025-09-29 01:40:35,375 [INFO] Época 22/30, Batch 1650/3348, Loss: 0.0002
2025-09-29 01:40:35,642 [INFO] Época 22/30, Batch 1700/3348, Loss: 0.0001
2025-09-29 01:40:35,911 [INFO] Época 22/30, Batch 1750/3348, Loss: 0.0002
2025-09-29 01:40:36,179 [INFO] Época 22/30, Batch 1800/3348, Loss: 0.0002
2025-09-29 01:40:36,446 [INFO] Época 22/30, Batch 1850/3348, Loss: 0.0004
2025-09-29 01:40:36,713 [INFO] Época 22/30, Batch 1900/3348, Loss: 0.0002
2025-09-29 01:40:36,981 [INFO] Época 22/30, Batch 1950/3348, Loss: 0.0002
2025-09-29 01:40:37,250 [INFO] Época 22/30, Batch 2000/3348, Loss: 0.0002
2025-09-29 01:40:37,520 [INFO] Época 22/30, Batch 2050/3348, Loss: 0.0002
2025-09-29 01:40:37,787 [INFO] Época 22/30, Batch 2100/3348, Loss: 0.0003
2025-09-29 01:40:38,054 [INFO] Época 22/30, Batch 2150/3348, Loss: 0.0002
2025-09-29 01:40:38,321 [INFO] Época 22/30, Batch 2200/3348, Loss: 0.0001
2025-09-29 01:40:38,589 [INFO] Época 22/30, Batch 2250/3348, Loss: 0.0002
2025-09-29 01:40:38,855 [INFO] Época 22/30, Batch 2300/3348, Loss: 0.0022
2025-09-29 01:40:39,120 [INFO] Época 22/30, Batch 2350/3348, Loss: 0.0002
2025-09-29 01:40:39,386 [INFO] Época 22/30, Batch 2400/3348, Loss: 0.0002
2025-09-29 01:40:39,651 [INFO] Época 22/30, Batch 2450/3348, Loss: 0.0003
2025-09-29 01:40:39,919 [INFO] Época 22/30, Batch 2500/3348, Loss: 0.0002
2025-09-29 01:40:40,187 [INFO] Época 22/30, Batch 2550/3348, Loss: 0.0002
2025-09-29 01:40:40,455 [INFO] Época 22/30, Batch 2600/3348, Loss: 0.0002
2025-09-29 01:40:40,721 [INFO] Época 22/30, Batch 2650/3348, Loss: 0.0003
2025-09-29 01:40:40,987 [INFO] Época 22/30, Batch 2700/3348, Loss: 0.0002
2025-09-29 01:40:41,254 [INFO] Época 22/30, Batch 2750/3348, Loss: 0.0002
2025-09-29 01:40:41,522 [INFO] Época 22/30, Batch 2800/3348, Loss: 0.0003
2025-09-29 01:40:41,802 [INFO] Época 22/30, Batch 2850/3348, Loss: 0.0001
2025-09-29 01:40:42,069 [INFO] Época 22/30, Batch 2900/3348, Loss: 0.0002
2025-09-29 01:40:42,335 [INFO] Época 22/30, Batch 2950/3348, Loss: 0.0002
2025-09-29 01:40:42,601 [INFO] Época 22/30, Batch 3000/3348, Loss: 0.0002
2025-09-29 01:40:42,868 [INFO] Época 22/30, Batch 3050/3348, Loss: 0.0002
2025-09-29 01:40:43,137 [INFO] Época 22/30, Batch 3100/3348, Loss: 0.0002
2025-09-29 01:40:43,404 [INFO] Época 22/30, Batch 3150/3348, Loss: 0.0002
2025-09-29 01:40:43,672 [INFO] Época 22/30, Batch 3200/3348, Loss: 0.0002
2025-09-29 01:40:43,939 [INFO] Época 22/30, Batch 3250/3348, Loss: 0.0002
2025-09-29 01:40:44,208 [INFO] Época 22/30, Batch 3300/3348, Loss: 0.0002
2025-09-29 01:40:46,120 [INFO] [22/30] Train Loss: 0.0046 | Val Loss: 0.0003 | Tempo: 19.96s
2025-09-29 01:40:46,726 [INFO] Época 23/30, Batch 50/3348, Loss: 0.0002
2025-09-29 01:40:47,009 [INFO] Época 23/30, Batch 100/3348, Loss: 0.0002
2025-09-29 01:40:47,281 [INFO] Época 23/30, Batch 150/3348, Loss: 0.0002
2025-09-29 01:40:47,550 [INFO] Época 23/30, Batch 200/3348, Loss: 0.0003
2025-09-29 01:40:47,820 [INFO] Época 23/30, Batch 250/3348, Loss: 0.0002
2025-09-29 01:40:48,090 [INFO] Época 23/30, Batch 300/3348, Loss: 0.0001
2025-09-29 01:40:48,358 [INFO] Época 23/30, Batch 350/3348, Loss: 0.0003
2025-09-29 01:40:48,626 [INFO] Época 23/30, Batch 400/3348, Loss: 0.0003
2025-09-29 01:40:48,895 [INFO] Época 23/30, Batch 450/3348, Loss: 0.0002
2025-09-29 01:40:49,162 [INFO] Época 23/30, Batch 500/3348, Loss: 0.0003
2025-09-29 01:40:49,431 [INFO] Época 23/30, Batch 550/3348, Loss: 0.0002
2025-09-29 01:40:49,699 [INFO] Época 23/30, Batch 600/3348, Loss: 0.0002
2025-09-29 01:40:49,971 [INFO] Época 23/30, Batch 650/3348, Loss: 0.0001
2025-09-29 01:40:50,239 [INFO] Época 23/30, Batch 700/3348, Loss: 0.0002
2025-09-29 01:40:50,507 [INFO] Época 23/30, Batch 750/3348, Loss: 0.0002
2025-09-29 01:40:50,778 [INFO] Época 23/30, Batch 800/3348, Loss: 0.0002
2025-09-29 01:40:51,046 [INFO] Época 23/30, Batch 850/3348, Loss: 0.0002
2025-09-29 01:40:51,313 [INFO] Época 23/30, Batch 900/3348, Loss: 0.0003
2025-09-29 01:40:51,588 [INFO] Época 23/30, Batch 950/3348, Loss: 0.0002
2025-09-29 01:40:51,867 [INFO] Época 23/30, Batch 1000/3348, Loss: 0.0003
2025-09-29 01:40:52,148 [INFO] Época 23/30, Batch 1050/3348, Loss: 0.0002
2025-09-29 01:40:52,426 [INFO] Época 23/30, Batch 1100/3348, Loss: 0.0002
2025-09-29 01:40:52,703 [INFO] Época 23/30, Batch 1150/3348, Loss: 0.0002
2025-09-29 01:40:52,981 [INFO] Época 23/30, Batch 1200/3348, Loss: 0.0003
2025-09-29 01:40:53,261 [INFO] Época 23/30, Batch 1250/3348, Loss: 0.0002
2025-09-29 01:40:53,539 [INFO] Época 23/30, Batch 1300/3348, Loss: 0.0002
2025-09-29 01:40:53,820 [INFO] Época 23/30, Batch 1350/3348, Loss: 0.0002
2025-09-29 01:40:54,097 [INFO] Época 23/30, Batch 1400/3348, Loss: 0.0001
2025-09-29 01:40:54,373 [INFO] Época 23/30, Batch 1450/3348, Loss: 0.0002
2025-09-29 01:40:54,651 [INFO] Época 23/30, Batch 1500/3348, Loss: 0.0002
2025-09-29 01:40:54,925 [INFO] Época 23/30, Batch 1550/3348, Loss: 0.0002
2025-09-29 01:40:55,198 [INFO] Época 23/30, Batch 1600/3348, Loss: 0.0002
2025-09-29 01:40:55,456 [INFO] Época 23/30, Batch 1650/3348, Loss: 0.0002
2025-09-29 01:40:55,713 [INFO] Época 23/30, Batch 1700/3348, Loss: 0.0002
2025-09-29 01:40:55,970 [INFO] Época 23/30, Batch 1750/3348, Loss: 0.0002
2025-09-29 01:40:56,217 [INFO] Época 23/30, Batch 1800/3348, Loss: 0.0002
2025-09-29 01:40:56,459 [INFO] Época 23/30, Batch 1850/3348, Loss: 0.0002
2025-09-29 01:40:56,700 [INFO] Época 23/30, Batch 1900/3348, Loss: 0.0002
2025-09-29 01:40:56,941 [INFO] Época 23/30, Batch 1950/3348, Loss: 0.0002
2025-09-29 01:40:57,194 [INFO] Época 23/30, Batch 2000/3348, Loss: 0.0004
2025-09-29 01:40:57,439 [INFO] Época 23/30, Batch 2050/3348, Loss: 0.0002
2025-09-29 01:40:57,682 [INFO] Época 23/30, Batch 2100/3348, Loss: 0.0003
2025-09-29 01:40:57,921 [INFO] Época 23/30, Batch 2150/3348, Loss: 0.0003
2025-09-29 01:40:58,171 [INFO] Época 23/30, Batch 2200/3348, Loss: 0.0003
2025-09-29 01:40:58,426 [INFO] Época 23/30, Batch 2250/3348, Loss: 0.0003
2025-09-29 01:40:58,670 [INFO] Época 23/30, Batch 2300/3348, Loss: 0.0002
2025-09-29 01:40:58,910 [INFO] Época 23/30, Batch 2350/3348, Loss: 0.0002
2025-09-29 01:40:59,149 [INFO] Época 23/30, Batch 2400/3348, Loss: 0.0003
2025-09-29 01:40:59,389 [INFO] Época 23/30, Batch 2450/3348, Loss: 0.0002
2025-09-29 01:40:59,632 [INFO] Época 23/30, Batch 2500/3348, Loss: 0.0002
2025-09-29 01:40:59,892 [INFO] Época 23/30, Batch 2550/3348, Loss: 0.0001
2025-09-29 01:41:00,159 [INFO] Época 23/30, Batch 2600/3348, Loss: 0.0001
2025-09-29 01:41:00,423 [INFO] Época 23/30, Batch 2650/3348, Loss: 0.0002
2025-09-29 01:41:00,700 [INFO] Época 23/30, Batch 2700/3348, Loss: 0.0002
2025-09-29 01:41:00,978 [INFO] Época 23/30, Batch 2750/3348, Loss: 0.0002
2025-09-29 01:41:01,259 [INFO] Época 23/30, Batch 2800/3348, Loss: 0.0002
2025-09-29 01:41:01,540 [INFO] Época 23/30, Batch 2850/3348, Loss: 0.0002
2025-09-29 01:41:01,816 [INFO] Época 23/30, Batch 2900/3348, Loss: 0.0003
2025-09-29 01:41:02,092 [INFO] Época 23/30, Batch 2950/3348, Loss: 0.0002
2025-09-29 01:41:02,370 [INFO] Época 23/30, Batch 3000/3348, Loss: 0.0002
2025-09-29 01:41:02,646 [INFO] Época 23/30, Batch 3050/3348, Loss: 0.0002
2025-09-29 01:41:02,916 [INFO] Época 23/30, Batch 3100/3348, Loss: 0.0002
2025-09-29 01:41:03,177 [INFO] Época 23/30, Batch 3150/3348, Loss: 0.0002
2025-09-29 01:41:03,438 [INFO] Época 23/30, Batch 3200/3348, Loss: 0.0001
2025-09-29 01:41:03,699 [INFO] Época 23/30, Batch 3250/3348, Loss: 0.0002
2025-09-29 01:41:03,963 [INFO] Época 23/30, Batch 3300/3348, Loss: 0.0002
2025-09-29 01:41:05,905 [INFO] [23/30] Train Loss: 0.0046 | Val Loss: 0.0003 | Tempo: 19.78s
2025-09-29 01:41:06,508 [INFO] Época 24/30, Batch 50/3348, Loss: 0.0001
2025-09-29 01:41:06,791 [INFO] Época 24/30, Batch 100/3348, Loss: 0.0002
2025-09-29 01:41:07,070 [INFO] Época 24/30, Batch 150/3348, Loss: 0.0002
2025-09-29 01:41:07,345 [INFO] Época 24/30, Batch 200/3348, Loss: 0.0002
2025-09-29 01:41:07,624 [INFO] Época 24/30, Batch 250/3348, Loss: 0.0002
2025-09-29 01:41:07,909 [INFO] Época 24/30, Batch 300/3348, Loss: 0.0001
2025-09-29 01:41:08,195 [INFO] Época 24/30, Batch 350/3348, Loss: 0.0002
2025-09-29 01:41:08,479 [INFO] Época 24/30, Batch 400/3348, Loss: 0.0003
2025-09-29 01:41:08,744 [INFO] Época 24/30, Batch 450/3348, Loss: 0.0003
2025-09-29 01:41:09,006 [INFO] Época 24/30, Batch 500/3348, Loss: 0.0002
2025-09-29 01:41:09,266 [INFO] Época 24/30, Batch 550/3348, Loss: 0.0002
2025-09-29 01:41:09,527 [INFO] Época 24/30, Batch 600/3348, Loss: 0.0002
2025-09-29 01:41:09,804 [INFO] Época 24/30, Batch 650/3348, Loss: 0.0002
2025-09-29 01:41:10,079 [INFO] Época 24/30, Batch 700/3348, Loss: 0.0002
2025-09-29 01:41:10,358 [INFO] Época 24/30, Batch 750/3348, Loss: 0.0002
2025-09-29 01:41:10,639 [INFO] Época 24/30, Batch 800/3348, Loss: 0.0002
2025-09-29 01:41:10,920 [INFO] Época 24/30, Batch 850/3348, Loss: 0.0005
2025-09-29 01:41:11,199 [INFO] Época 24/30, Batch 900/3348, Loss: 0.0002
2025-09-29 01:41:11,476 [INFO] Época 24/30, Batch 950/3348, Loss: 0.0002
2025-09-29 01:41:11,755 [INFO] Época 24/30, Batch 1000/3348, Loss: 0.0002
2025-09-29 01:41:12,033 [INFO] Época 24/30, Batch 1050/3348, Loss: 0.0002
2025-09-29 01:41:12,311 [INFO] Época 24/30, Batch 1100/3348, Loss: 0.0002
2025-09-29 01:41:12,584 [INFO] Época 24/30, Batch 1150/3348, Loss: 0.0004
2025-09-29 01:41:12,866 [INFO] Época 24/30, Batch 1200/3348, Loss: 0.0002
2025-09-29 01:41:13,139 [INFO] Época 24/30, Batch 1250/3348, Loss: 0.0002
2025-09-29 01:41:13,413 [INFO] Época 24/30, Batch 1300/3348, Loss: 0.0002
2025-09-29 01:41:13,691 [INFO] Época 24/30, Batch 1350/3348, Loss: 0.0002
2025-09-29 01:41:13,969 [INFO] Época 24/30, Batch 1400/3348, Loss: 0.0002
2025-09-29 01:41:14,247 [INFO] Época 24/30, Batch 1450/3348, Loss: 0.0021
2025-09-29 01:41:14,524 [INFO] Época 24/30, Batch 1500/3348, Loss: 0.0002
2025-09-29 01:41:14,804 [INFO] Época 24/30, Batch 1550/3348, Loss: 0.0002
2025-09-29 01:41:15,081 [INFO] Época 24/30, Batch 1600/3348, Loss: 0.0002
2025-09-29 01:41:15,360 [INFO] Época 24/30, Batch 1650/3348, Loss: 0.0002
2025-09-29 01:41:15,637 [INFO] Época 24/30, Batch 1700/3348, Loss: 0.0003
2025-09-29 01:41:15,916 [INFO] Época 24/30, Batch 1750/3348, Loss: 0.0002
2025-09-29 01:41:16,193 [INFO] Época 24/30, Batch 1800/3348, Loss: 0.0002
2025-09-29 01:41:16,471 [INFO] Época 24/30, Batch 1850/3348, Loss: 0.0002
2025-09-29 01:41:16,750 [INFO] Época 24/30, Batch 1900/3348, Loss: 0.0002
2025-09-29 01:41:17,019 [INFO] Época 24/30, Batch 1950/3348, Loss: 0.0002
2025-09-29 01:41:17,280 [INFO] Época 24/30, Batch 2000/3348, Loss: 0.0003
2025-09-29 01:41:17,540 [INFO] Época 24/30, Batch 2050/3348, Loss: 0.0002
2025-09-29 01:41:17,802 [INFO] Época 24/30, Batch 2100/3348, Loss: 0.0002
2025-09-29 01:41:18,074 [INFO] Época 24/30, Batch 2150/3348, Loss: 0.0003
2025-09-29 01:41:18,333 [INFO] Época 24/30, Batch 2200/3348, Loss: 0.0003
2025-09-29 01:41:18,593 [INFO] Época 24/30, Batch 2250/3348, Loss: 0.0003
2025-09-29 01:41:18,851 [INFO] Época 24/30, Batch 2300/3348, Loss: 0.0003
2025-09-29 01:41:19,110 [INFO] Época 24/30, Batch 2350/3348, Loss: 0.0002
2025-09-29 01:41:19,370 [INFO] Época 24/30, Batch 2400/3348, Loss: 0.0002
2025-09-29 01:41:19,630 [INFO] Época 24/30, Batch 2450/3348, Loss: 0.0002
2025-09-29 01:41:19,890 [INFO] Época 24/30, Batch 2500/3348, Loss: 0.0002
2025-09-29 01:41:20,148 [INFO] Época 24/30, Batch 2550/3348, Loss: 0.0002
2025-09-29 01:41:20,407 [INFO] Época 24/30, Batch 2600/3348, Loss: 0.0002
2025-09-29 01:41:20,667 [INFO] Época 24/30, Batch 2650/3348, Loss: 0.0002
2025-09-29 01:41:20,928 [INFO] Época 24/30, Batch 2700/3348, Loss: 0.0002
2025-09-29 01:41:21,186 [INFO] Época 24/30, Batch 2750/3348, Loss: 0.0002
2025-09-29 01:41:21,444 [INFO] Época 24/30, Batch 2800/3348, Loss: 0.0002
2025-09-29 01:41:21,703 [INFO] Época 24/30, Batch 2850/3348, Loss: 0.0002
2025-09-29 01:41:21,966 [INFO] Época 24/30, Batch 2900/3348, Loss: 0.0003
2025-09-29 01:41:22,225 [INFO] Época 24/30, Batch 2950/3348, Loss: 0.0002
2025-09-29 01:41:22,484 [INFO] Época 24/30, Batch 3000/3348, Loss: 0.0001
2025-09-29 01:41:22,743 [INFO] Época 24/30, Batch 3050/3348, Loss: 0.0002
2025-09-29 01:41:23,004 [INFO] Época 24/30, Batch 3100/3348, Loss: 0.0002
2025-09-29 01:41:23,276 [INFO] Época 24/30, Batch 3150/3348, Loss: 0.0002
2025-09-29 01:41:23,536 [INFO] Época 24/30, Batch 3200/3348, Loss: 0.0002
2025-09-29 01:41:23,796 [INFO] Época 24/30, Batch 3250/3348, Loss: 0.0002
2025-09-29 01:41:24,054 [INFO] Época 24/30, Batch 3300/3348, Loss: 0.0002
2025-09-29 01:41:25,900 [INFO] [24/30] Train Loss: 0.0046 | Val Loss: 0.0003 | Tempo: 19.99s
2025-09-29 01:41:26,494 [INFO] Época 25/30, Batch 50/3348, Loss: 0.0002
2025-09-29 01:41:26,761 [INFO] Época 25/30, Batch 100/3348, Loss: 0.0002
2025-09-29 01:41:27,028 [INFO] Época 25/30, Batch 150/3348, Loss: 0.0002
2025-09-29 01:41:27,292 [INFO] Época 25/30, Batch 200/3348, Loss: 0.0003
2025-09-29 01:41:27,560 [INFO] Época 25/30, Batch 250/3348, Loss: 0.0002
2025-09-29 01:41:27,840 [INFO] Época 25/30, Batch 300/3348, Loss: 0.0002
2025-09-29 01:41:28,121 [INFO] Época 25/30, Batch 350/3348, Loss: 0.0002
2025-09-29 01:41:28,404 [INFO] Época 25/30, Batch 400/3348, Loss: 0.0003
2025-09-29 01:41:28,685 [INFO] Época 25/30, Batch 450/3348, Loss: 0.0002
2025-09-29 01:41:28,964 [INFO] Época 25/30, Batch 500/3348, Loss: 0.0003
2025-09-29 01:41:29,244 [INFO] Época 25/30, Batch 550/3348, Loss: 0.0001
2025-09-29 01:41:29,526 [INFO] Época 25/30, Batch 600/3348, Loss: 0.0002
2025-09-29 01:41:29,808 [INFO] Época 25/30, Batch 650/3348, Loss: 0.0001
2025-09-29 01:41:30,087 [INFO] Época 25/30, Batch 700/3348, Loss: 0.0002
2025-09-29 01:41:30,362 [INFO] Época 25/30, Batch 750/3348, Loss: 0.0002
2025-09-29 01:41:30,639 [INFO] Época 25/30, Batch 800/3348, Loss: 0.0002
2025-09-29 01:41:30,917 [INFO] Época 25/30, Batch 850/3348, Loss: 0.0002
2025-09-29 01:41:31,195 [INFO] Época 25/30, Batch 900/3348, Loss: 0.0002
2025-09-29 01:41:31,474 [INFO] Época 25/30, Batch 950/3348, Loss: 0.0002
2025-09-29 01:41:31,749 [INFO] Época 25/30, Batch 1000/3348, Loss: 0.0002
2025-09-29 01:41:32,015 [INFO] Época 25/30, Batch 1050/3348, Loss: 0.0002
2025-09-29 01:41:32,276 [INFO] Época 25/30, Batch 1100/3348, Loss: 0.0002
2025-09-29 01:41:32,538 [INFO] Época 25/30, Batch 1150/3348, Loss: 0.0002
2025-09-29 01:41:32,795 [INFO] Época 25/30, Batch 1200/3348, Loss: 0.0001
2025-09-29 01:41:33,053 [INFO] Época 25/30, Batch 1250/3348, Loss: 0.0001
2025-09-29 01:41:33,309 [INFO] Época 25/30, Batch 1300/3348, Loss: 0.0001
2025-09-29 01:41:33,548 [INFO] Época 25/30, Batch 1350/3348, Loss: 0.0002
2025-09-29 01:41:33,778 [INFO] Época 25/30, Batch 1400/3348, Loss: 0.0002
2025-09-29 01:41:34,008 [INFO] Época 25/30, Batch 1450/3348, Loss: 0.0002
2025-09-29 01:41:34,239 [INFO] Época 25/30, Batch 1500/3348, Loss: 0.0002
2025-09-29 01:41:34,470 [INFO] Época 25/30, Batch 1550/3348, Loss: 0.0001
2025-09-29 01:41:34,702 [INFO] Época 25/30, Batch 1600/3348, Loss: 0.0003
2025-09-29 01:41:34,935 [INFO] Época 25/30, Batch 1650/3348, Loss: 0.0003
2025-09-29 01:41:35,170 [INFO] Época 25/30, Batch 1700/3348, Loss: 0.0001
2025-09-29 01:41:35,401 [INFO] Época 25/30, Batch 1750/3348, Loss: 0.0023
2025-09-29 01:41:35,635 [INFO] Época 25/30, Batch 1800/3348, Loss: 0.0001
2025-09-29 01:41:35,877 [INFO] Época 25/30, Batch 1850/3348, Loss: 0.0002
2025-09-29 01:41:36,121 [INFO] Época 25/30, Batch 1900/3348, Loss: 0.0002
2025-09-29 01:41:36,365 [INFO] Época 25/30, Batch 1950/3348, Loss: 0.0002
2025-09-29 01:41:36,606 [INFO] Época 25/30, Batch 2000/3348, Loss: 0.0002
2025-09-29 01:41:36,845 [INFO] Época 25/30, Batch 2050/3348, Loss: 0.0002
2025-09-29 01:41:37,086 [INFO] Época 25/30, Batch 2100/3348, Loss: 0.0002
2025-09-29 01:41:37,345 [INFO] Época 25/30, Batch 2150/3348, Loss: 0.0008
2025-09-29 01:41:37,611 [INFO] Época 25/30, Batch 2200/3348, Loss: 0.0002
2025-09-29 01:41:37,877 [INFO] Época 25/30, Batch 2250/3348, Loss: 0.0001
2025-09-29 01:41:38,143 [INFO] Época 25/30, Batch 2300/3348, Loss: 0.0002
2025-09-29 01:41:38,418 [INFO] Época 25/30, Batch 2350/3348, Loss: 0.0002
2025-09-29 01:41:38,695 [INFO] Época 25/30, Batch 2400/3348, Loss: 0.0002
2025-09-29 01:41:38,971 [INFO] Época 25/30, Batch 2450/3348, Loss: 0.0002
2025-09-29 01:41:39,247 [INFO] Época 25/30, Batch 2500/3348, Loss: 0.0002
2025-09-29 01:41:39,521 [INFO] Época 25/30, Batch 2550/3348, Loss: 0.0002
2025-09-29 01:41:39,795 [INFO] Época 25/30, Batch 2600/3348, Loss: 0.0003
2025-09-29 01:41:40,070 [INFO] Época 25/30, Batch 2650/3348, Loss: 0.0003
2025-09-29 01:41:40,346 [INFO] Época 25/30, Batch 2700/3348, Loss: 0.0003
2025-09-29 01:41:40,622 [INFO] Época 25/30, Batch 2750/3348, Loss: 0.0002
2025-09-29 01:41:40,897 [INFO] Época 25/30, Batch 2800/3348, Loss: 0.0002
2025-09-29 01:41:41,172 [INFO] Época 25/30, Batch 2850/3348, Loss: 0.0002
2025-09-29 01:41:41,448 [INFO] Época 25/30, Batch 2900/3348, Loss: 0.0002
2025-09-29 01:41:41,712 [INFO] Época 25/30, Batch 2950/3348, Loss: 0.0002
2025-09-29 01:41:41,977 [INFO] Época 25/30, Batch 3000/3348, Loss: 0.0001
2025-09-29 01:41:42,241 [INFO] Época 25/30, Batch 3050/3348, Loss: 0.0002
2025-09-29 01:41:42,508 [INFO] Época 25/30, Batch 3100/3348, Loss: 0.0002
2025-09-29 01:41:42,775 [INFO] Época 25/30, Batch 3150/3348, Loss: 0.0003
2025-09-29 01:41:43,041 [INFO] Época 25/30, Batch 3200/3348, Loss: 0.0002
2025-09-29 01:41:43,306 [INFO] Época 25/30, Batch 3250/3348, Loss: 0.0002
2025-09-29 01:41:43,573 [INFO] Época 25/30, Batch 3300/3348, Loss: 0.0002
2025-09-29 01:41:45,488 [INFO] [25/30] Train Loss: 0.0046 | Val Loss: 0.0003 | Tempo: 19.59s
2025-09-29 01:41:46,092 [INFO] Época 26/30, Batch 50/3348, Loss: 0.0002
2025-09-29 01:41:46,366 [INFO] Época 26/30, Batch 100/3348, Loss: 0.0003
2025-09-29 01:41:46,638 [INFO] Época 26/30, Batch 150/3348, Loss: 0.0002
2025-09-29 01:41:46,907 [INFO] Época 26/30, Batch 200/3348, Loss: 0.0002
2025-09-29 01:41:47,176 [INFO] Época 26/30, Batch 250/3348, Loss: 0.0009
2025-09-29 01:41:47,442 [INFO] Época 26/30, Batch 300/3348, Loss: 0.0002
2025-09-29 01:41:47,710 [INFO] Época 26/30, Batch 350/3348, Loss: 0.0002
2025-09-29 01:41:47,976 [INFO] Época 26/30, Batch 400/3348, Loss: 0.0002
2025-09-29 01:41:48,244 [INFO] Época 26/30, Batch 450/3348, Loss: 0.0003
2025-09-29 01:41:48,512 [INFO] Época 26/30, Batch 500/3348, Loss: 0.0002
2025-09-29 01:41:48,778 [INFO] Época 26/30, Batch 550/3348, Loss: 0.0002
2025-09-29 01:41:49,045 [INFO] Época 26/30, Batch 600/3348, Loss: 0.0002
2025-09-29 01:41:49,316 [INFO] Época 26/30, Batch 650/3348, Loss: 0.0002
2025-09-29 01:41:49,583 [INFO] Época 26/30, Batch 700/3348, Loss: 0.0002
2025-09-29 01:41:49,851 [INFO] Época 26/30, Batch 750/3348, Loss: 0.0001
2025-09-29 01:41:50,118 [INFO] Época 26/30, Batch 800/3348, Loss: 0.0002
2025-09-29 01:41:50,385 [INFO] Época 26/30, Batch 850/3348, Loss: 0.0002
2025-09-29 01:41:50,656 [INFO] Época 26/30, Batch 900/3348, Loss: 0.0001
2025-09-29 01:41:50,931 [INFO] Época 26/30, Batch 950/3348, Loss: 0.0003
2025-09-29 01:41:51,206 [INFO] Época 26/30, Batch 1000/3348, Loss: 0.0002
2025-09-29 01:41:51,480 [INFO] Época 26/30, Batch 1050/3348, Loss: 0.0002
2025-09-29 01:41:51,751 [INFO] Época 26/30, Batch 1100/3348, Loss: 0.0002
2025-09-29 01:41:52,009 [INFO] Época 26/30, Batch 1150/3348, Loss: 0.0001
2025-09-29 01:41:52,266 [INFO] Época 26/30, Batch 1200/3348, Loss: 0.0002
2025-09-29 01:41:52,532 [INFO] Época 26/30, Batch 1250/3348, Loss: 0.0002
2025-09-29 01:41:52,803 [INFO] Época 26/30, Batch 1300/3348, Loss: 0.0002
2025-09-29 01:41:53,079 [INFO] Época 26/30, Batch 1350/3348, Loss: 0.0003
2025-09-29 01:41:53,354 [INFO] Época 26/30, Batch 1400/3348, Loss: 0.0002
2025-09-29 01:41:53,627 [INFO] Época 26/30, Batch 1450/3348, Loss: 0.0004
2025-09-29 01:41:53,905 [INFO] Época 26/30, Batch 1500/3348, Loss: 0.0002
2025-09-29 01:41:54,186 [INFO] Época 26/30, Batch 1550/3348, Loss: 0.0002
2025-09-29 01:41:54,460 [INFO] Época 26/30, Batch 1600/3348, Loss: 0.0002
2025-09-29 01:41:54,733 [INFO] Época 26/30, Batch 1650/3348, Loss: 0.0002
2025-09-29 01:41:55,007 [INFO] Época 26/30, Batch 1700/3348, Loss: 0.0003
2025-09-29 01:41:55,278 [INFO] Época 26/30, Batch 1750/3348, Loss: 0.0002
2025-09-29 01:41:55,551 [INFO] Época 26/30, Batch 1800/3348, Loss: 0.0002
2025-09-29 01:41:55,823 [INFO] Época 26/30, Batch 1850/3348, Loss: 0.0003
2025-09-29 01:41:56,097 [INFO] Época 26/30, Batch 1900/3348, Loss: 0.0003
2025-09-29 01:41:56,373 [INFO] Época 26/30, Batch 1950/3348, Loss: 0.0003
2025-09-29 01:41:56,649 [INFO] Época 26/30, Batch 2000/3348, Loss: 0.0002
2025-09-29 01:41:56,921 [INFO] Época 26/30, Batch 2050/3348, Loss: 0.0002
2025-09-29 01:41:57,194 [INFO] Época 26/30, Batch 2100/3348, Loss: 0.0002
2025-09-29 01:41:57,466 [INFO] Época 26/30, Batch 2150/3348, Loss: 0.0003
2025-09-29 01:41:57,740 [INFO] Época 26/30, Batch 2200/3348, Loss: 0.0002
2025-09-29 01:41:58,009 [INFO] Época 26/30, Batch 2250/3348, Loss: 0.0002
2025-09-29 01:41:58,274 [INFO] Época 26/30, Batch 2300/3348, Loss: 0.0002
2025-09-29 01:41:58,548 [INFO] Época 26/30, Batch 2350/3348, Loss: 0.0001
2025-09-29 01:41:58,824 [INFO] Época 26/30, Batch 2400/3348, Loss: 0.0002
2025-09-29 01:41:59,098 [INFO] Época 26/30, Batch 2450/3348, Loss: 0.0002
2025-09-29 01:41:59,384 [INFO] Época 26/30, Batch 2500/3348, Loss: 0.0003
2025-09-29 01:41:59,659 [INFO] Época 26/30, Batch 2550/3348, Loss: 0.0002
2025-09-29 01:41:59,933 [INFO] Época 26/30, Batch 2600/3348, Loss: 0.0002
2025-09-29 01:42:00,208 [INFO] Época 26/30, Batch 2650/3348, Loss: 0.0002
2025-09-29 01:42:00,485 [INFO] Época 26/30, Batch 2700/3348, Loss: 0.0002
2025-09-29 01:42:00,753 [INFO] Época 26/30, Batch 2750/3348, Loss: 0.0003
2025-09-29 01:42:01,030 [INFO] Época 26/30, Batch 2800/3348, Loss: 0.0002
2025-09-29 01:42:01,305 [INFO] Época 26/30, Batch 2850/3348, Loss: 0.0002
2025-09-29 01:42:01,580 [INFO] Época 26/30, Batch 2900/3348, Loss: 0.0002
2025-09-29 01:42:01,857 [INFO] Época 26/30, Batch 2950/3348, Loss: 0.0002
2025-09-29 01:42:02,132 [INFO] Época 26/30, Batch 3000/3348, Loss: 0.0003
2025-09-29 01:42:02,406 [INFO] Época 26/30, Batch 3050/3348, Loss: 0.0002
2025-09-29 01:42:02,680 [INFO] Época 26/30, Batch 3100/3348, Loss: 0.0003
2025-09-29 01:42:02,943 [INFO] Época 26/30, Batch 3150/3348, Loss: 0.0002
2025-09-29 01:42:03,205 [INFO] Época 26/30, Batch 3200/3348, Loss: 0.0002
2025-09-29 01:42:03,469 [INFO] Época 26/30, Batch 3250/3348, Loss: 0.0003
2025-09-29 01:42:03,731 [INFO] Época 26/30, Batch 3300/3348, Loss: 0.0001
2025-09-29 01:42:05,683 [INFO] [26/30] Train Loss: 0.0046 | Val Loss: 0.0004 | Tempo: 20.19s
2025-09-29 01:42:06,284 [INFO] Época 27/30, Batch 50/3348, Loss: 0.0002
2025-09-29 01:42:06,556 [INFO] Época 27/30, Batch 100/3348, Loss: 0.0001
2025-09-29 01:42:06,825 [INFO] Época 27/30, Batch 150/3348, Loss: 0.0001
2025-09-29 01:42:07,094 [INFO] Época 27/30, Batch 200/3348, Loss: 0.0001
2025-09-29 01:42:07,358 [INFO] Época 27/30, Batch 250/3348, Loss: 0.0002
2025-09-29 01:42:07,621 [INFO] Época 27/30, Batch 300/3348, Loss: 0.0002
2025-09-29 01:42:07,884 [INFO] Época 27/30, Batch 350/3348, Loss: 0.0001
2025-09-29 01:42:08,147 [INFO] Época 27/30, Batch 400/3348, Loss: 0.0002
2025-09-29 01:42:08,411 [INFO] Época 27/30, Batch 450/3348, Loss: 0.0002
2025-09-29 01:42:08,673 [INFO] Época 27/30, Batch 500/3348, Loss: 0.0003
2025-09-29 01:42:08,937 [INFO] Época 27/30, Batch 550/3348, Loss: 0.0002
2025-09-29 01:42:09,200 [INFO] Época 27/30, Batch 600/3348, Loss: 0.0003
2025-09-29 01:42:09,467 [INFO] Época 27/30, Batch 650/3348, Loss: 0.0002
2025-09-29 01:42:09,733 [INFO] Época 27/30, Batch 700/3348, Loss: 0.0002
2025-09-29 01:42:09,997 [INFO] Época 27/30, Batch 750/3348, Loss: 0.0003
2025-09-29 01:42:10,262 [INFO] Época 27/30, Batch 800/3348, Loss: 0.0002
2025-09-29 01:42:10,523 [INFO] Época 27/30, Batch 850/3348, Loss: 0.0002
2025-09-29 01:42:10,785 [INFO] Época 27/30, Batch 900/3348, Loss: 0.0002
2025-09-29 01:42:11,033 [INFO] Época 27/30, Batch 950/3348, Loss: 0.0001
2025-09-29 01:42:11,274 [INFO] Época 27/30, Batch 1000/3348, Loss: 0.0002
2025-09-29 01:42:11,515 [INFO] Época 27/30, Batch 1050/3348, Loss: 0.0002
2025-09-29 01:42:11,764 [INFO] Época 27/30, Batch 1100/3348, Loss: 0.0003
2025-09-29 01:42:12,005 [INFO] Época 27/30, Batch 1150/3348, Loss: 0.0002
2025-09-29 01:42:12,246 [INFO] Época 27/30, Batch 1200/3348, Loss: 0.0003
2025-09-29 01:42:12,487 [INFO] Época 27/30, Batch 1250/3348, Loss: 0.0002
2025-09-29 01:42:12,724 [INFO] Época 27/30, Batch 1300/3348, Loss: 0.0003
2025-09-29 01:42:12,962 [INFO] Época 27/30, Batch 1350/3348, Loss: 0.0002
2025-09-29 01:42:13,199 [INFO] Época 27/30, Batch 1400/3348, Loss: 0.0002
2025-09-29 01:42:13,436 [INFO] Época 27/30, Batch 1450/3348, Loss: 0.0002
2025-09-29 01:42:13,678 [INFO] Época 27/30, Batch 1500/3348, Loss: 0.0003
2025-09-29 01:42:13,918 [INFO] Época 27/30, Batch 1550/3348, Loss: 0.0002
2025-09-29 01:42:14,159 [INFO] Época 27/30, Batch 1600/3348, Loss: 0.0002
2025-09-29 01:42:14,402 [INFO] Época 27/30, Batch 1650/3348, Loss: 0.0002
2025-09-29 01:42:14,664 [INFO] Época 27/30, Batch 1700/3348, Loss: 0.0002
2025-09-29 01:42:14,929 [INFO] Época 27/30, Batch 1750/3348, Loss: 0.0003
2025-09-29 01:42:15,193 [INFO] Época 27/30, Batch 1800/3348, Loss: 0.0002
2025-09-29 01:42:15,457 [INFO] Época 27/30, Batch 1850/3348, Loss: 0.0003
2025-09-29 01:42:15,720 [INFO] Época 27/30, Batch 1900/3348, Loss: 0.0002
2025-09-29 01:42:15,983 [INFO] Época 27/30, Batch 1950/3348, Loss: 0.0002
2025-09-29 01:42:16,247 [INFO] Época 27/30, Batch 2000/3348, Loss: 0.0002
2025-09-29 01:42:16,509 [INFO] Época 27/30, Batch 2050/3348, Loss: 0.0002
2025-09-29 01:42:16,772 [INFO] Época 27/30, Batch 2100/3348, Loss: 0.0002
2025-09-29 01:42:17,034 [INFO] Época 27/30, Batch 2150/3348, Loss: 0.0003
2025-09-29 01:42:17,295 [INFO] Época 27/30, Batch 2200/3348, Loss: 0.0002
2025-09-29 01:42:17,561 [INFO] Época 27/30, Batch 2250/3348, Loss: 0.0003
2025-09-29 01:42:17,824 [INFO] Época 27/30, Batch 2300/3348, Loss: 0.0002
2025-09-29 01:42:18,088 [INFO] Época 27/30, Batch 2350/3348, Loss: 0.0001
2025-09-29 01:42:18,350 [INFO] Época 27/30, Batch 2400/3348, Loss: 0.0002
2025-09-29 01:42:18,614 [INFO] Época 27/30, Batch 2450/3348, Loss: 0.0001
2025-09-29 01:42:18,878 [INFO] Época 27/30, Batch 2500/3348, Loss: 0.0003
2025-09-29 01:42:19,143 [INFO] Época 27/30, Batch 2550/3348, Loss: 0.0003
2025-09-29 01:42:19,406 [INFO] Época 27/30, Batch 2600/3348, Loss: 0.0002
2025-09-29 01:42:19,671 [INFO] Época 27/30, Batch 2650/3348, Loss: 0.0002
2025-09-29 01:42:19,931 [INFO] Época 27/30, Batch 2700/3348, Loss: 0.0002
2025-09-29 01:42:20,194 [INFO] Época 27/30, Batch 2750/3348, Loss: 0.0002
2025-09-29 01:42:20,454 [INFO] Época 27/30, Batch 2800/3348, Loss: 0.0003
2025-09-29 01:42:20,715 [INFO] Época 27/30, Batch 2850/3348, Loss: 0.0003
2025-09-29 01:42:20,976 [INFO] Época 27/30, Batch 2900/3348, Loss: 0.0003
2025-09-29 01:42:21,238 [INFO] Época 27/30, Batch 2950/3348, Loss: 0.0002
2025-09-29 01:42:21,512 [INFO] Época 27/30, Batch 3000/3348, Loss: 0.0001
2025-09-29 01:42:21,774 [INFO] Época 27/30, Batch 3050/3348, Loss: 0.0001
2025-09-29 01:42:22,034 [INFO] Época 27/30, Batch 3100/3348, Loss: 0.0002
2025-09-29 01:42:22,296 [INFO] Época 27/30, Batch 3150/3348, Loss: 0.0002
2025-09-29 01:42:22,557 [INFO] Época 27/30, Batch 3200/3348, Loss: 0.0002
2025-09-29 01:42:22,821 [INFO] Época 27/30, Batch 3250/3348, Loss: 0.0001
2025-09-29 01:42:23,085 [INFO] Época 27/30, Batch 3300/3348, Loss: 0.0002
2025-09-29 01:42:24,957 [INFO] [27/30] Train Loss: 0.0046 | Val Loss: 0.0004 | Tempo: 19.27s
2025-09-29 01:42:25,567 [INFO] Época 28/30, Batch 50/3348, Loss: 0.0001
2025-09-29 01:42:25,847 [INFO] Época 28/30, Batch 100/3348, Loss: 0.0002
2025-09-29 01:42:26,124 [INFO] Época 28/30, Batch 150/3348, Loss: 0.0001
2025-09-29 01:42:26,399 [INFO] Época 28/30, Batch 200/3348, Loss: 0.0002
2025-09-29 01:42:26,677 [INFO] Época 28/30, Batch 250/3348, Loss: 0.0002
2025-09-29 01:42:26,953 [INFO] Época 28/30, Batch 300/3348, Loss: 0.0001
2025-09-29 01:42:27,227 [INFO] Época 28/30, Batch 350/3348, Loss: 0.0002
2025-09-29 01:42:27,500 [INFO] Época 28/30, Batch 400/3348, Loss: 0.0002
2025-09-29 01:42:27,772 [INFO] Época 28/30, Batch 450/3348, Loss: 0.0002
2025-09-29 01:42:28,043 [INFO] Época 28/30, Batch 500/3348, Loss: 0.0003
2025-09-29 01:42:28,312 [INFO] Época 28/30, Batch 550/3348, Loss: 0.0002
2025-09-29 01:42:28,582 [INFO] Época 28/30, Batch 600/3348, Loss: 0.0003
2025-09-29 01:42:28,853 [INFO] Época 28/30, Batch 650/3348, Loss: 0.0002
2025-09-29 01:42:29,120 [INFO] Época 28/30, Batch 700/3348, Loss: 0.0003
2025-09-29 01:42:29,390 [INFO] Época 28/30, Batch 750/3348, Loss: 0.0001
2025-09-29 01:42:29,648 [INFO] Época 28/30, Batch 800/3348, Loss: 0.0003
2025-09-29 01:42:29,909 [INFO] Época 28/30, Batch 850/3348, Loss: 0.0002
2025-09-29 01:42:30,166 [INFO] Época 28/30, Batch 900/3348, Loss: 0.0002
2025-09-29 01:42:30,422 [INFO] Época 28/30, Batch 950/3348, Loss: 0.0002
2025-09-29 01:42:30,686 [INFO] Época 28/30, Batch 1000/3348, Loss: 0.0004
2025-09-29 01:42:30,953 [INFO] Época 28/30, Batch 1050/3348, Loss: 0.0002
2025-09-29 01:42:31,221 [INFO] Época 28/30, Batch 1100/3348, Loss: 0.0003
2025-09-29 01:42:31,494 [INFO] Época 28/30, Batch 1150/3348, Loss: 0.0002
2025-09-29 01:42:31,785 [INFO] Época 28/30, Batch 1200/3348, Loss: 0.0003
2025-09-29 01:42:32,067 [INFO] Época 28/30, Batch 1250/3348, Loss: 0.0002
2025-09-29 01:42:32,349 [INFO] Época 28/30, Batch 1300/3348, Loss: 0.0008
2025-09-29 01:42:32,628 [INFO] Época 28/30, Batch 1350/3348, Loss: 0.0002
2025-09-29 01:42:32,908 [INFO] Época 28/30, Batch 1400/3348, Loss: 0.0002
2025-09-29 01:42:33,178 [INFO] Época 28/30, Batch 1450/3348, Loss: 0.0003
2025-09-29 01:42:33,446 [INFO] Época 28/30, Batch 1500/3348, Loss: 0.0002
2025-09-29 01:42:33,713 [INFO] Época 28/30, Batch 1550/3348, Loss: 0.0002
2025-09-29 01:42:33,979 [INFO] Época 28/30, Batch 1600/3348, Loss: 0.0002
2025-09-29 01:42:34,245 [INFO] Época 28/30, Batch 1650/3348, Loss: 0.0003
2025-09-29 01:42:34,510 [INFO] Época 28/30, Batch 1700/3348, Loss: 0.0001
2025-09-29 01:42:34,779 [INFO] Época 28/30, Batch 1750/3348, Loss: 0.0004
2025-09-29 01:42:35,047 [INFO] Época 28/30, Batch 1800/3348, Loss: 0.0002
2025-09-29 01:42:35,314 [INFO] Época 28/30, Batch 1850/3348, Loss: 0.0002
2025-09-29 01:42:35,578 [INFO] Época 28/30, Batch 1900/3348, Loss: 0.0003
2025-09-29 01:42:35,844 [INFO] Época 28/30, Batch 1950/3348, Loss: 0.0002
2025-09-29 01:42:36,112 [INFO] Época 28/30, Batch 2000/3348, Loss: 0.0002
2025-09-29 01:42:36,378 [INFO] Época 28/30, Batch 2050/3348, Loss: 0.0002
2025-09-29 01:42:36,644 [INFO] Época 28/30, Batch 2100/3348, Loss: 0.0003
2025-09-29 01:42:36,918 [INFO] Época 28/30, Batch 2150/3348, Loss: 0.0004
2025-09-29 01:42:37,185 [INFO] Época 28/30, Batch 2200/3348, Loss: 0.0002
2025-09-29 01:42:37,452 [INFO] Época 28/30, Batch 2250/3348, Loss: 0.0003
2025-09-29 01:42:37,718 [INFO] Época 28/30, Batch 2300/3348, Loss: 0.0002
2025-09-29 01:42:37,984 [INFO] Época 28/30, Batch 2350/3348, Loss: 0.0003
2025-09-29 01:42:38,252 [INFO] Época 28/30, Batch 2400/3348, Loss: 0.0001
2025-09-29 01:42:38,518 [INFO] Época 28/30, Batch 2450/3348, Loss: 0.0002
2025-09-29 01:42:38,783 [INFO] Época 28/30, Batch 2500/3348, Loss: 0.0002
2025-09-29 01:42:39,051 [INFO] Época 28/30, Batch 2550/3348, Loss: 0.0002
2025-09-29 01:42:39,316 [INFO] Época 28/30, Batch 2600/3348, Loss: 0.0002
2025-09-29 01:42:39,581 [INFO] Época 28/30, Batch 2650/3348, Loss: 0.0003
2025-09-29 01:42:39,846 [INFO] Época 28/30, Batch 2700/3348, Loss: 0.0002
2025-09-29 01:42:40,110 [INFO] Época 28/30, Batch 2750/3348, Loss: 0.0002
2025-09-29 01:42:40,378 [INFO] Época 28/30, Batch 2800/3348, Loss: 0.0002
2025-09-29 01:42:40,643 [INFO] Época 28/30, Batch 2850/3348, Loss: 0.0002
2025-09-29 01:42:40,907 [INFO] Época 28/30, Batch 2900/3348, Loss: 0.0003
2025-09-29 01:42:41,171 [INFO] Época 28/30, Batch 2950/3348, Loss: 0.0002
2025-09-29 01:42:41,436 [INFO] Época 28/30, Batch 3000/3348, Loss: 0.0002
2025-09-29 01:42:41,701 [INFO] Época 28/30, Batch 3050/3348, Loss: 0.0002
2025-09-29 01:42:41,977 [INFO] Época 28/30, Batch 3100/3348, Loss: 0.0003
2025-09-29 01:42:42,244 [INFO] Época 28/30, Batch 3150/3348, Loss: 0.0001
2025-09-29 01:42:42,508 [INFO] Época 28/30, Batch 3200/3348, Loss: 0.0001
2025-09-29 01:42:42,773 [INFO] Época 28/30, Batch 3250/3348, Loss: 0.0003
2025-09-29 01:42:43,038 [INFO] Época 28/30, Batch 3300/3348, Loss: 0.0002
2025-09-29 01:42:44,938 [INFO] [28/30] Train Loss: 0.0046 | Val Loss: 0.0003 | Tempo: 19.98s
2025-09-29 01:42:45,540 [INFO] Época 29/30, Batch 50/3348, Loss: 0.0001
2025-09-29 01:42:45,812 [INFO] Época 29/30, Batch 100/3348, Loss: 0.0002
2025-09-29 01:42:46,082 [INFO] Época 29/30, Batch 150/3348, Loss: 0.0002
2025-09-29 01:42:46,349 [INFO] Época 29/30, Batch 200/3348, Loss: 0.0002
2025-09-29 01:42:46,617 [INFO] Época 29/30, Batch 250/3348, Loss: 0.0002
2025-09-29 01:42:46,879 [INFO] Época 29/30, Batch 300/3348, Loss: 0.0002
2025-09-29 01:42:47,141 [INFO] Época 29/30, Batch 350/3348, Loss: 0.0001
2025-09-29 01:42:47,402 [INFO] Época 29/30, Batch 400/3348, Loss: 0.0005
2025-09-29 01:42:47,661 [INFO] Época 29/30, Batch 450/3348, Loss: 0.0003
2025-09-29 01:42:47,924 [INFO] Época 29/30, Batch 500/3348, Loss: 0.0002
2025-09-29 01:42:48,184 [INFO] Época 29/30, Batch 550/3348, Loss: 0.0002
2025-09-29 01:42:48,423 [INFO] Época 29/30, Batch 600/3348, Loss: 0.0002
2025-09-29 01:42:48,659 [INFO] Época 29/30, Batch 650/3348, Loss: 0.0002
2025-09-29 01:42:48,890 [INFO] Época 29/30, Batch 700/3348, Loss: 0.0003
2025-09-29 01:42:49,123 [INFO] Época 29/30, Batch 750/3348, Loss: 0.0002
2025-09-29 01:42:49,355 [INFO] Época 29/30, Batch 800/3348, Loss: 0.0002
2025-09-29 01:42:49,592 [INFO] Época 29/30, Batch 850/3348, Loss: 0.0002
2025-09-29 01:42:49,832 [INFO] Época 29/30, Batch 900/3348, Loss: 0.0002
2025-09-29 01:42:50,071 [INFO] Época 29/30, Batch 950/3348, Loss: 0.0002
2025-09-29 01:42:50,310 [INFO] Época 29/30, Batch 1000/3348, Loss: 0.0002
2025-09-29 01:42:50,552 [INFO] Época 29/30, Batch 1050/3348, Loss: 0.0002
2025-09-29 01:42:50,792 [INFO] Época 29/30, Batch 1100/3348, Loss: 0.0001
2025-09-29 01:42:51,031 [INFO] Época 29/30, Batch 1150/3348, Loss: 0.0002
2025-09-29 01:42:51,272 [INFO] Época 29/30, Batch 1200/3348, Loss: 0.0002
2025-09-29 01:42:51,511 [INFO] Época 29/30, Batch 1250/3348, Loss: 0.0002
2025-09-29 01:42:51,751 [INFO] Época 29/30, Batch 1300/3348, Loss: 0.0003
2025-09-29 01:42:52,009 [INFO] Época 29/30, Batch 1350/3348, Loss: 0.0002
2025-09-29 01:42:52,275 [INFO] Época 29/30, Batch 1400/3348, Loss: 0.0002
2025-09-29 01:42:52,538 [INFO] Época 29/30, Batch 1450/3348, Loss: 0.0002
2025-09-29 01:42:52,802 [INFO] Época 29/30, Batch 1500/3348, Loss: 0.0003
2025-09-29 01:42:53,065 [INFO] Época 29/30, Batch 1550/3348, Loss: 0.0002
2025-09-29 01:42:53,329 [INFO] Época 29/30, Batch 1600/3348, Loss: 0.0002
2025-09-29 01:42:53,593 [INFO] Época 29/30, Batch 1650/3348, Loss: 0.0002
2025-09-29 01:42:53,859 [INFO] Época 29/30, Batch 1700/3348, Loss: 0.0001
2025-09-29 01:42:54,124 [INFO] Época 29/30, Batch 1750/3348, Loss: 0.0002
2025-09-29 01:42:54,390 [INFO] Época 29/30, Batch 1800/3348, Loss: 0.0003
2025-09-29 01:42:54,654 [INFO] Época 29/30, Batch 1850/3348, Loss: 0.0001
2025-09-29 01:42:54,922 [INFO] Época 29/30, Batch 1900/3348, Loss: 0.0002
2025-09-29 01:42:55,187 [INFO] Época 29/30, Batch 1950/3348, Loss: 0.0003
2025-09-29 01:42:55,451 [INFO] Época 29/30, Batch 2000/3348, Loss: 0.0002
2025-09-29 01:42:55,718 [INFO] Época 29/30, Batch 2050/3348, Loss: 0.0002
2025-09-29 01:42:55,983 [INFO] Época 29/30, Batch 2100/3348, Loss: 0.0002
2025-09-29 01:42:56,248 [INFO] Época 29/30, Batch 2150/3348, Loss: 0.0001
2025-09-29 01:42:56,514 [INFO] Época 29/30, Batch 2200/3348, Loss: 0.0003
2025-09-29 01:42:56,779 [INFO] Época 29/30, Batch 2250/3348, Loss: 0.0002
2025-09-29 01:42:57,044 [INFO] Época 29/30, Batch 2300/3348, Loss: 0.0002
2025-09-29 01:42:57,318 [INFO] Época 29/30, Batch 2350/3348, Loss: 0.0002
2025-09-29 01:42:57,583 [INFO] Época 29/30, Batch 2400/3348, Loss: 0.0002
2025-09-29 01:42:57,846 [INFO] Época 29/30, Batch 2450/3348, Loss: 0.0002
2025-09-29 01:42:58,108 [INFO] Época 29/30, Batch 2500/3348, Loss: 0.0002
2025-09-29 01:42:58,371 [INFO] Época 29/30, Batch 2550/3348, Loss: 0.0002
2025-09-29 01:42:58,636 [INFO] Época 29/30, Batch 2600/3348, Loss: 0.0002
2025-09-29 01:42:58,899 [INFO] Época 29/30, Batch 2650/3348, Loss: 0.0002
2025-09-29 01:42:59,162 [INFO] Época 29/30, Batch 2700/3348, Loss: 0.0002
2025-09-29 01:42:59,425 [INFO] Época 29/30, Batch 2750/3348, Loss: 0.0002
2025-09-29 01:42:59,691 [INFO] Época 29/30, Batch 2800/3348, Loss: 0.0002
2025-09-29 01:42:59,956 [INFO] Época 29/30, Batch 2850/3348, Loss: 0.0003
2025-09-29 01:43:00,223 [INFO] Época 29/30, Batch 2900/3348, Loss: 0.0002
2025-09-29 01:43:00,489 [INFO] Época 29/30, Batch 2950/3348, Loss: 0.0002
2025-09-29 01:43:00,754 [INFO] Época 29/30, Batch 3000/3348, Loss: 0.0002
2025-09-29 01:43:01,015 [INFO] Época 29/30, Batch 3050/3348, Loss: 0.0002
2025-09-29 01:43:01,282 [INFO] Época 29/30, Batch 3100/3348, Loss: 0.0002
2025-09-29 01:43:01,550 [INFO] Época 29/30, Batch 3150/3348, Loss: 0.0002
2025-09-29 01:43:01,824 [INFO] Época 29/30, Batch 3200/3348, Loss: 0.0003
2025-09-29 01:43:02,100 [INFO] Época 29/30, Batch 3250/3348, Loss: 0.0002
2025-09-29 01:43:02,389 [INFO] Época 29/30, Batch 3300/3348, Loss: 0.0002
2025-09-29 01:43:04,333 [INFO] [29/30] Train Loss: 0.0046 | Val Loss: 0.0003 | Tempo: 19.39s
2025-09-29 01:43:04,956 [INFO] Época 30/30, Batch 50/3348, Loss: 0.0002
2025-09-29 01:43:05,243 [INFO] Época 30/30, Batch 100/3348, Loss: 0.0002
2025-09-29 01:43:05,528 [INFO] Época 30/30, Batch 150/3348, Loss: 0.0002
2025-09-29 01:43:05,813 [INFO] Época 30/30, Batch 200/3348, Loss: 0.0002
2025-09-29 01:43:06,096 [INFO] Época 30/30, Batch 250/3348, Loss: 0.0003
2025-09-29 01:43:06,382 [INFO] Época 30/30, Batch 300/3348, Loss: 0.0002
2025-09-29 01:43:06,665 [INFO] Época 30/30, Batch 350/3348, Loss: 0.0002
2025-09-29 01:43:06,947 [INFO] Época 30/30, Batch 400/3348, Loss: 0.0003
2025-09-29 01:43:07,230 [INFO] Época 30/30, Batch 450/3348, Loss: 0.0002
2025-09-29 01:43:07,512 [INFO] Época 30/30, Batch 500/3348, Loss: 0.0002
2025-09-29 01:43:07,795 [INFO] Época 30/30, Batch 550/3348, Loss: 0.0002
2025-09-29 01:43:08,079 [INFO] Época 30/30, Batch 600/3348, Loss: 0.0002
2025-09-29 01:43:08,362 [INFO] Época 30/30, Batch 650/3348, Loss: 0.0002
2025-09-29 01:43:08,645 [INFO] Época 30/30, Batch 700/3348, Loss: 0.0001
2025-09-29 01:43:08,928 [INFO] Época 30/30, Batch 750/3348, Loss: 0.0001
2025-09-29 01:43:09,208 [INFO] Época 30/30, Batch 800/3348, Loss: 0.0002
2025-09-29 01:43:09,489 [INFO] Época 30/30, Batch 850/3348, Loss: 0.0002
2025-09-29 01:43:09,771 [INFO] Época 30/30, Batch 900/3348, Loss: 0.0002
2025-09-29 01:43:10,051 [INFO] Época 30/30, Batch 950/3348, Loss: 0.0001
2025-09-29 01:43:10,332 [INFO] Época 30/30, Batch 1000/3348, Loss: 0.0002
2025-09-29 01:43:10,614 [INFO] Época 30/30, Batch 1050/3348, Loss: 0.0002
2025-09-29 01:43:10,899 [INFO] Época 30/30, Batch 1100/3348, Loss: 0.0002
2025-09-29 01:43:11,181 [INFO] Época 30/30, Batch 1150/3348, Loss: 0.0002
2025-09-29 01:43:11,464 [INFO] Época 30/30, Batch 1200/3348, Loss: 0.0002
2025-09-29 01:43:11,750 [INFO] Época 30/30, Batch 1250/3348, Loss: 0.0002
2025-09-29 01:43:12,033 [INFO] Época 30/30, Batch 1300/3348, Loss: 0.0002
2025-09-29 01:43:12,318 [INFO] Época 30/30, Batch 1350/3348, Loss: 0.0002
2025-09-29 01:43:12,613 [INFO] Época 30/30, Batch 1400/3348, Loss: 0.0001
2025-09-29 01:43:12,894 [INFO] Época 30/30, Batch 1450/3348, Loss: 0.0002
2025-09-29 01:43:13,176 [INFO] Época 30/30, Batch 1500/3348, Loss: 0.0002
2025-09-29 01:43:13,462 [INFO] Época 30/30, Batch 1550/3348, Loss: 0.0002
2025-09-29 01:43:13,749 [INFO] Época 30/30, Batch 1600/3348, Loss: 0.0002
2025-09-29 01:43:14,032 [INFO] Época 30/30, Batch 1650/3348, Loss: 0.0002
2025-09-29 01:43:14,316 [INFO] Época 30/30, Batch 1700/3348, Loss: 0.0002
2025-09-29 01:43:14,601 [INFO] Época 30/30, Batch 1750/3348, Loss: 0.0002
2025-09-29 01:43:14,890 [INFO] Época 30/30, Batch 1800/3348, Loss: 0.0002
2025-09-29 01:43:15,180 [INFO] Época 30/30, Batch 1850/3348, Loss: 0.0002
2025-09-29 01:43:15,469 [INFO] Época 30/30, Batch 1900/3348, Loss: 0.0002
2025-09-29 01:43:15,755 [INFO] Época 30/30, Batch 1950/3348, Loss: 0.0001
2025-09-29 01:43:16,040 [INFO] Época 30/30, Batch 2000/3348, Loss: 0.0002
2025-09-29 01:43:16,322 [INFO] Época 30/30, Batch 2050/3348, Loss: 0.0002
2025-09-29 01:43:16,608 [INFO] Época 30/30, Batch 2100/3348, Loss: 0.0002
2025-09-29 01:43:16,897 [INFO] Época 30/30, Batch 2150/3348, Loss: 0.0002
2025-09-29 01:43:17,179 [INFO] Época 30/30, Batch 2200/3348, Loss: 0.0002
2025-09-29 01:43:17,452 [INFO] Época 30/30, Batch 2250/3348, Loss: 0.0002
2025-09-29 01:43:17,730 [INFO] Época 30/30, Batch 2300/3348, Loss: 0.0002
2025-09-29 01:43:18,010 [INFO] Época 30/30, Batch 2350/3348, Loss: 0.0003
2025-09-29 01:43:18,290 [INFO] Época 30/30, Batch 2400/3348, Loss: 0.0001
2025-09-29 01:43:18,569 [INFO] Época 30/30, Batch 2450/3348, Loss: 0.0003
2025-09-29 01:43:18,848 [INFO] Época 30/30, Batch 2500/3348, Loss: 0.0002
2025-09-29 01:43:19,123 [INFO] Época 30/30, Batch 2550/3348, Loss: 0.0002
2025-09-29 01:43:19,392 [INFO] Época 30/30, Batch 2600/3348, Loss: 0.0002
2025-09-29 01:43:19,658 [INFO] Época 30/30, Batch 2650/3348, Loss: 0.0002
2025-09-29 01:43:19,928 [INFO] Época 30/30, Batch 2700/3348, Loss: 0.0002
2025-09-29 01:43:20,193 [INFO] Época 30/30, Batch 2750/3348, Loss: 0.0001
2025-09-29 01:43:20,458 [INFO] Época 30/30, Batch 2800/3348, Loss: 0.0002
2025-09-29 01:43:20,726 [INFO] Época 30/30, Batch 2850/3348, Loss: 0.0003
2025-09-29 01:43:20,994 [INFO] Época 30/30, Batch 2900/3348, Loss: 0.0002
2025-09-29 01:43:21,263 [INFO] Época 30/30, Batch 2950/3348, Loss: 0.0001
2025-09-29 01:43:21,531 [INFO] Época 30/30, Batch 3000/3348, Loss: 0.0002
2025-09-29 01:43:21,799 [INFO] Época 30/30, Batch 3050/3348, Loss: 0.0002
2025-09-29 01:43:22,069 [INFO] Época 30/30, Batch 3100/3348, Loss: 0.0002
2025-09-29 01:43:22,336 [INFO] Época 30/30, Batch 3150/3348, Loss: 0.0002
2025-09-29 01:43:22,605 [INFO] Época 30/30, Batch 3200/3348, Loss: 0.0002
2025-09-29 01:43:22,884 [INFO] Época 30/30, Batch 3250/3348, Loss: 0.0002
2025-09-29 01:43:23,167 [INFO] Época 30/30, Batch 3300/3348, Loss: 0.0009
2025-09-29 01:43:24,997 [INFO] [30/30] Train Loss: 0.0046 | Val Loss: 0.0003 | Tempo: 20.66s
2025-09-29 01:43:24,997 [INFO] Early stopping ativado após 10 épocas sem melhoria
2025-09-29 01:43:24,998 [INFO] Treinamento concluído em 599.84 segundos (10.00 minutos)
2025-09-29 01:43:24,998 [INFO] Iniciando avaliação no conjunto de teste...
2025-09-29 01:43:26,458 [INFO] Avaliação do teste concluída em 1.46 segundos
2025-09-29 01:43:26,459 [INFO] MSE no teste: 0.0000
2025-09-29 01:43:26,459 [INFO] RMSE no teste: 0.0005
2025-09-29 01:43:26,459 [INFO] MAE no teste: 0.0003
2025-09-29 01:43:26,460 [INFO] Métricas salvas em /mnt/hdd/home/jdurao/ToolBox-ChemXAI/logs/mlp_att0_MorganCount_metrics.json
