2025-10-09 20:52:31,267 [INFO] Iniciando treinamento do modelo mlp_att3_Pattern
2025-10-09 20:52:31,267 [INFO] Configuração: att_index=3, epochs=30, layers=[128, 64, 32], lr=0.001, batch_size=32, descriptor_type=Pattern
2025-10-09 20:52:31,267 [INFO] Diretório para modelos: /mnt/hdd/home/jdurao/ToolBox-ChemXAI/models
2025-10-09 20:52:31,267 [INFO] Carregando dados...
2025-10-09 20:52:31,361 [INFO] Preparando dataloaders sem ruído...
2025-10-09 20:52:47,202 [INFO] Dados carregados em 15.93 segundos
2025-10-09 20:52:47,202 [INFO] Tamanhos dos conjuntos - Treino: 107108, Validação: 13388, Teste: 13389
2025-10-09 20:52:47,203 [INFO] Usando dispositivo: cuda
2025-10-09 20:52:47,652 [INFO] Dimensão de entrada: 512, Dimensão de saída: 1
2025-10-09 20:52:47,653 [INFO] Criando modelo MLP com camadas: [128, 64, 32]
2025-10-09 20:52:47,657 [INFO] Modelo criado com 76033 parâmetros
2025-10-09 20:52:47,661 [INFO] Iniciando treinamento com 30 épocas...
2025-10-09 20:52:48,270 [INFO] Época 1/30, Batch 50/3348, Loss: 0.6290
2025-10-09 20:52:48,538 [INFO] Época 1/30, Batch 100/3348, Loss: 0.5675
2025-10-09 20:52:48,798 [INFO] Época 1/30, Batch 150/3348, Loss: 0.6390
2025-10-09 20:52:49,053 [INFO] Época 1/30, Batch 200/3348, Loss: 0.6701
2025-10-09 20:52:49,305 [INFO] Época 1/30, Batch 250/3348, Loss: 0.4628
2025-10-09 20:52:49,557 [INFO] Época 1/30, Batch 300/3348, Loss: 0.5095
2025-10-09 20:52:49,809 [INFO] Época 1/30, Batch 350/3348, Loss: 0.4904
2025-10-09 20:52:50,063 [INFO] Época 1/30, Batch 400/3348, Loss: 0.6364
2025-10-09 20:52:50,320 [INFO] Época 1/30, Batch 450/3348, Loss: 0.4481
2025-10-09 20:52:50,581 [INFO] Época 1/30, Batch 500/3348, Loss: 0.5379
2025-10-09 20:52:50,842 [INFO] Época 1/30, Batch 550/3348, Loss: 0.4130
2025-10-09 20:52:51,105 [INFO] Época 1/30, Batch 600/3348, Loss: 0.5099
2025-10-09 20:52:51,369 [INFO] Época 1/30, Batch 650/3348, Loss: 0.5729
2025-10-09 20:52:51,634 [INFO] Época 1/30, Batch 700/3348, Loss: 0.4943
2025-10-09 20:52:51,899 [INFO] Época 1/30, Batch 750/3348, Loss: 0.5374
2025-10-09 20:52:52,162 [INFO] Época 1/30, Batch 800/3348, Loss: 0.5427
2025-10-09 20:52:52,426 [INFO] Época 1/30, Batch 850/3348, Loss: 0.5350
2025-10-09 20:52:52,688 [INFO] Época 1/30, Batch 900/3348, Loss: 0.5922
2025-10-09 20:52:52,955 [INFO] Época 1/30, Batch 950/3348, Loss: 0.4437
2025-10-09 20:52:53,218 [INFO] Época 1/30, Batch 1000/3348, Loss: 0.4207
2025-10-09 20:52:53,484 [INFO] Época 1/30, Batch 1050/3348, Loss: 0.6686
2025-10-09 20:52:53,745 [INFO] Época 1/30, Batch 1100/3348, Loss: 0.5637
2025-10-09 20:52:54,007 [INFO] Época 1/30, Batch 1150/3348, Loss: 0.4707
2025-10-09 20:52:54,267 [INFO] Época 1/30, Batch 1200/3348, Loss: 0.4175
2025-10-09 20:52:54,529 [INFO] Época 1/30, Batch 1250/3348, Loss: 0.4895
2025-10-09 20:52:54,792 [INFO] Época 1/30, Batch 1300/3348, Loss: 0.4598
2025-10-09 20:52:55,059 [INFO] Época 1/30, Batch 1350/3348, Loss: 0.4338
2025-10-09 20:52:55,323 [INFO] Época 1/30, Batch 1400/3348, Loss: 0.3892
2025-10-09 20:52:55,587 [INFO] Época 1/30, Batch 1450/3348, Loss: 0.3517
2025-10-09 20:52:55,852 [INFO] Época 1/30, Batch 1500/3348, Loss: 0.4062
2025-10-09 20:52:56,113 [INFO] Época 1/30, Batch 1550/3348, Loss: 0.4515
2025-10-09 20:52:56,375 [INFO] Época 1/30, Batch 1600/3348, Loss: 0.5796
2025-10-09 20:52:56,638 [INFO] Época 1/30, Batch 1650/3348, Loss: 0.3194
2025-10-09 20:52:56,902 [INFO] Época 1/30, Batch 1700/3348, Loss: 0.4043
2025-10-09 20:52:57,174 [INFO] Época 1/30, Batch 1750/3348, Loss: 0.4781
2025-10-09 20:52:57,437 [INFO] Época 1/30, Batch 1800/3348, Loss: 0.3339
2025-10-09 20:52:57,700 [INFO] Época 1/30, Batch 1850/3348, Loss: 0.5577
2025-10-09 20:52:57,962 [INFO] Época 1/30, Batch 1900/3348, Loss: 0.5095
2025-10-09 20:52:58,223 [INFO] Época 1/30, Batch 1950/3348, Loss: 0.4750
2025-10-09 20:52:58,487 [INFO] Época 1/30, Batch 2000/3348, Loss: 0.4513
2025-10-09 20:52:58,749 [INFO] Época 1/30, Batch 2050/3348, Loss: 0.4791
2025-10-09 20:52:59,012 [INFO] Época 1/30, Batch 2100/3348, Loss: 0.5648
2025-10-09 20:52:59,272 [INFO] Época 1/30, Batch 2150/3348, Loss: 0.5614
2025-10-09 20:52:59,534 [INFO] Época 1/30, Batch 2200/3348, Loss: 0.4476
2025-10-09 20:52:59,797 [INFO] Época 1/30, Batch 2250/3348, Loss: 0.5517
2025-10-09 20:53:00,062 [INFO] Época 1/30, Batch 2300/3348, Loss: 0.4072
2025-10-09 20:53:00,325 [INFO] Época 1/30, Batch 2350/3348, Loss: 0.4834
2025-10-09 20:53:00,588 [INFO] Época 1/30, Batch 2400/3348, Loss: 0.4596
2025-10-09 20:53:00,852 [INFO] Época 1/30, Batch 2450/3348, Loss: 0.3545
2025-10-09 20:53:01,115 [INFO] Época 1/30, Batch 2500/3348, Loss: 0.5317
2025-10-09 20:53:01,377 [INFO] Época 1/30, Batch 2550/3348, Loss: 0.3689
2025-10-09 20:53:01,639 [INFO] Época 1/30, Batch 2600/3348, Loss: 0.3522
2025-10-09 20:53:01,903 [INFO] Época 1/30, Batch 2650/3348, Loss: 0.3922
2025-10-09 20:53:02,165 [INFO] Época 1/30, Batch 2700/3348, Loss: 0.3553
2025-10-09 20:53:02,427 [INFO] Época 1/30, Batch 2750/3348, Loss: 0.4050
2025-10-09 20:53:02,688 [INFO] Época 1/30, Batch 2800/3348, Loss: 0.4062
2025-10-09 20:53:02,950 [INFO] Época 1/30, Batch 2850/3348, Loss: 0.5059
2025-10-09 20:53:03,211 [INFO] Época 1/30, Batch 2900/3348, Loss: 0.5324
2025-10-09 20:53:03,474 [INFO] Época 1/30, Batch 2950/3348, Loss: 0.3448
2025-10-09 20:53:03,736 [INFO] Época 1/30, Batch 3000/3348, Loss: 0.3381
2025-10-09 20:53:03,999 [INFO] Época 1/30, Batch 3050/3348, Loss: 0.3387
2025-10-09 20:53:04,262 [INFO] Época 1/30, Batch 3100/3348, Loss: 0.3438
2025-10-09 20:53:04,526 [INFO] Época 1/30, Batch 3150/3348, Loss: 0.4617
2025-10-09 20:53:04,787 [INFO] Época 1/30, Batch 3200/3348, Loss: 0.4948
2025-10-09 20:53:05,049 [INFO] Época 1/30, Batch 3250/3348, Loss: 0.3649
2025-10-09 20:53:05,314 [INFO] Época 1/30, Batch 3300/3348, Loss: 0.4228
2025-10-09 20:53:07,265 [INFO] [1/30] Train Loss: 0.4628 | Val Loss: 0.4000 | Tempo: 19.60s
2025-10-09 20:53:07,271 [INFO] Melhor modelo salvo em: /mnt/hdd/home/jdurao/ToolBox-ChemXAI/models/mlp_qm9_Pattern_att3_large.pth
2025-10-09 20:53:07,876 [INFO] Época 2/30, Batch 50/3348, Loss: 0.4057
2025-10-09 20:53:08,144 [INFO] Época 2/30, Batch 100/3348, Loss: 0.4033
2025-10-09 20:53:08,407 [INFO] Época 2/30, Batch 150/3348, Loss: 0.5238
2025-10-09 20:53:08,670 [INFO] Época 2/30, Batch 200/3348, Loss: 0.3452
2025-10-09 20:53:08,935 [INFO] Época 2/30, Batch 250/3348, Loss: 0.4251
2025-10-09 20:53:09,196 [INFO] Época 2/30, Batch 300/3348, Loss: 0.3646
2025-10-09 20:53:09,456 [INFO] Época 2/30, Batch 350/3348, Loss: 0.4248
2025-10-09 20:53:09,719 [INFO] Época 2/30, Batch 400/3348, Loss: 0.2730
2025-10-09 20:53:09,981 [INFO] Época 2/30, Batch 450/3348, Loss: 0.3618
2025-10-09 20:53:10,247 [INFO] Época 2/30, Batch 500/3348, Loss: 0.3723
2025-10-09 20:53:10,509 [INFO] Época 2/30, Batch 550/3348, Loss: 0.5182
2025-10-09 20:53:10,773 [INFO] Época 2/30, Batch 600/3348, Loss: 0.3608
2025-10-09 20:53:11,035 [INFO] Época 2/30, Batch 650/3348, Loss: 0.4369
2025-10-09 20:53:11,295 [INFO] Época 2/30, Batch 700/3348, Loss: 0.5258
2025-10-09 20:53:11,556 [INFO] Época 2/30, Batch 750/3348, Loss: 0.4036
2025-10-09 20:53:11,818 [INFO] Época 2/30, Batch 800/3348, Loss: 0.4241
2025-10-09 20:53:12,077 [INFO] Época 2/30, Batch 850/3348, Loss: 0.3377
2025-10-09 20:53:12,329 [INFO] Época 2/30, Batch 900/3348, Loss: 0.5180
2025-10-09 20:53:12,582 [INFO] Época 2/30, Batch 950/3348, Loss: 0.4078
2025-10-09 20:53:12,835 [INFO] Época 2/30, Batch 1000/3348, Loss: 0.4443
2025-10-09 20:53:13,090 [INFO] Época 2/30, Batch 1050/3348, Loss: 0.4503
2025-10-09 20:53:13,345 [INFO] Época 2/30, Batch 1100/3348, Loss: 0.4906
2025-10-09 20:53:13,607 [INFO] Época 2/30, Batch 1150/3348, Loss: 0.4791
2025-10-09 20:53:13,868 [INFO] Época 2/30, Batch 1200/3348, Loss: 0.2951
2025-10-09 20:53:14,132 [INFO] Época 2/30, Batch 1250/3348, Loss: 0.4944
2025-10-09 20:53:14,393 [INFO] Época 2/30, Batch 1300/3348, Loss: 0.4559
2025-10-09 20:53:14,657 [INFO] Época 2/30, Batch 1350/3348, Loss: 0.4470
2025-10-09 20:53:14,920 [INFO] Época 2/30, Batch 1400/3348, Loss: 0.3577
2025-10-09 20:53:15,182 [INFO] Época 2/30, Batch 1450/3348, Loss: 0.5154
2025-10-09 20:53:15,444 [INFO] Época 2/30, Batch 1500/3348, Loss: 0.4588
2025-10-09 20:53:15,708 [INFO] Época 2/30, Batch 1550/3348, Loss: 0.3743
2025-10-09 20:53:15,970 [INFO] Época 2/30, Batch 1600/3348, Loss: 0.3771
2025-10-09 20:53:16,233 [INFO] Época 2/30, Batch 1650/3348, Loss: 0.4272
2025-10-09 20:53:16,495 [INFO] Época 2/30, Batch 1700/3348, Loss: 0.4885
2025-10-09 20:53:16,759 [INFO] Época 2/30, Batch 1750/3348, Loss: 0.6458
2025-10-09 20:53:17,025 [INFO] Época 2/30, Batch 1800/3348, Loss: 0.3778
2025-10-09 20:53:17,289 [INFO] Época 2/30, Batch 1850/3348, Loss: 0.4609
2025-10-09 20:53:17,551 [INFO] Época 2/30, Batch 1900/3348, Loss: 0.3025
2025-10-09 20:53:17,813 [INFO] Época 2/30, Batch 1950/3348, Loss: 0.3173
2025-10-09 20:53:18,078 [INFO] Época 2/30, Batch 2000/3348, Loss: 0.4822
2025-10-09 20:53:18,343 [INFO] Época 2/30, Batch 2050/3348, Loss: 0.5787
2025-10-09 20:53:18,607 [INFO] Época 2/30, Batch 2100/3348, Loss: 0.4206
2025-10-09 20:53:18,874 [INFO] Época 2/30, Batch 2150/3348, Loss: 0.3429
2025-10-09 20:53:19,145 [INFO] Época 2/30, Batch 2200/3348, Loss: 0.3188
2025-10-09 20:53:19,415 [INFO] Época 2/30, Batch 2250/3348, Loss: 0.3507
2025-10-09 20:53:19,683 [INFO] Época 2/30, Batch 2300/3348, Loss: 0.4337
2025-10-09 20:53:19,950 [INFO] Época 2/30, Batch 2350/3348, Loss: 0.7241
2025-10-09 20:53:20,217 [INFO] Época 2/30, Batch 2400/3348, Loss: 0.4627
2025-10-09 20:53:20,483 [INFO] Época 2/30, Batch 2450/3348, Loss: 0.3674
2025-10-09 20:53:20,749 [INFO] Época 2/30, Batch 2500/3348, Loss: 0.3888
2025-10-09 20:53:21,016 [INFO] Época 2/30, Batch 2550/3348, Loss: 0.3404
2025-10-09 20:53:21,284 [INFO] Época 2/30, Batch 2600/3348, Loss: 0.3841
2025-10-09 20:53:21,551 [INFO] Época 2/30, Batch 2650/3348, Loss: 0.3272
2025-10-09 20:53:21,817 [INFO] Época 2/30, Batch 2700/3348, Loss: 0.2952
2025-10-09 20:53:22,082 [INFO] Época 2/30, Batch 2750/3348, Loss: 0.2669
2025-10-09 20:53:22,347 [INFO] Época 2/30, Batch 2800/3348, Loss: 0.4254
2025-10-09 20:53:22,613 [INFO] Época 2/30, Batch 2850/3348, Loss: 0.5850
2025-10-09 20:53:22,879 [INFO] Época 2/30, Batch 2900/3348, Loss: 0.3210
2025-10-09 20:53:23,144 [INFO] Época 2/30, Batch 2950/3348, Loss: 0.4571
2025-10-09 20:53:23,410 [INFO] Época 2/30, Batch 3000/3348, Loss: 0.5121
2025-10-09 20:53:23,679 [INFO] Época 2/30, Batch 3050/3348, Loss: 0.3396
2025-10-09 20:53:23,945 [INFO] Época 2/30, Batch 3100/3348, Loss: 0.4659
2025-10-09 20:53:24,209 [INFO] Época 2/30, Batch 3150/3348, Loss: 0.3384
2025-10-09 20:53:24,473 [INFO] Época 2/30, Batch 3200/3348, Loss: 0.4346
2025-10-09 20:53:24,738 [INFO] Época 2/30, Batch 3250/3348, Loss: 0.4879
2025-10-09 20:53:25,004 [INFO] Época 2/30, Batch 3300/3348, Loss: 0.5302
2025-10-09 20:53:26,920 [INFO] [2/30] Train Loss: 0.4197 | Val Loss: 0.3879 | Tempo: 19.65s
2025-10-09 20:53:26,925 [INFO] Melhor modelo salvo em: /mnt/hdd/home/jdurao/ToolBox-ChemXAI/models/mlp_qm9_Pattern_att3_large.pth
2025-10-09 20:53:27,531 [INFO] Época 3/30, Batch 50/3348, Loss: 0.2809
2025-10-09 20:53:27,799 [INFO] Época 3/30, Batch 100/3348, Loss: 0.3417
2025-10-09 20:53:28,067 [INFO] Época 3/30, Batch 150/3348, Loss: 0.4566
2025-10-09 20:53:28,334 [INFO] Época 3/30, Batch 200/3348, Loss: 0.3834
2025-10-09 20:53:28,599 [INFO] Época 3/30, Batch 250/3348, Loss: 0.3769
2025-10-09 20:53:28,863 [INFO] Época 3/30, Batch 300/3348, Loss: 0.4144
2025-10-09 20:53:29,126 [INFO] Época 3/30, Batch 350/3348, Loss: 0.3969
2025-10-09 20:53:29,389 [INFO] Época 3/30, Batch 400/3348, Loss: 0.4397
2025-10-09 20:53:29,651 [INFO] Época 3/30, Batch 450/3348, Loss: 0.4275
2025-10-09 20:53:29,913 [INFO] Época 3/30, Batch 500/3348, Loss: 0.4353
2025-10-09 20:53:30,181 [INFO] Época 3/30, Batch 550/3348, Loss: 0.4132
2025-10-09 20:53:30,455 [INFO] Época 3/30, Batch 600/3348, Loss: 0.3686
2025-10-09 20:53:30,722 [INFO] Época 3/30, Batch 650/3348, Loss: 0.3143
2025-10-09 20:53:30,994 [INFO] Época 3/30, Batch 700/3348, Loss: 0.4065
2025-10-09 20:53:31,268 [INFO] Época 3/30, Batch 750/3348, Loss: 0.3679
2025-10-09 20:53:31,536 [INFO] Época 3/30, Batch 800/3348, Loss: 0.4264
2025-10-09 20:53:31,808 [INFO] Época 3/30, Batch 850/3348, Loss: 0.4078
2025-10-09 20:53:32,078 [INFO] Época 3/30, Batch 900/3348, Loss: 0.2240
2025-10-09 20:53:32,350 [INFO] Época 3/30, Batch 950/3348, Loss: 0.4235
2025-10-09 20:53:32,622 [INFO] Época 3/30, Batch 1000/3348, Loss: 0.4877
2025-10-09 20:53:32,888 [INFO] Época 3/30, Batch 1050/3348, Loss: 0.4541
2025-10-09 20:53:33,162 [INFO] Época 3/30, Batch 1100/3348, Loss: 0.2761
2025-10-09 20:53:33,434 [INFO] Época 3/30, Batch 1150/3348, Loss: 0.4194
2025-10-09 20:53:33,705 [INFO] Época 3/30, Batch 1200/3348, Loss: 0.4348
2025-10-09 20:53:33,978 [INFO] Época 3/30, Batch 1250/3348, Loss: 0.4362
2025-10-09 20:53:34,251 [INFO] Época 3/30, Batch 1300/3348, Loss: 0.3455
2025-10-09 20:53:34,519 [INFO] Época 3/30, Batch 1350/3348, Loss: 0.3794
2025-10-09 20:53:34,781 [INFO] Época 3/30, Batch 1400/3348, Loss: 0.3714
2025-10-09 20:53:35,046 [INFO] Época 3/30, Batch 1450/3348, Loss: 0.5197
2025-10-09 20:53:35,309 [INFO] Época 3/30, Batch 1500/3348, Loss: 0.3569
2025-10-09 20:53:35,575 [INFO] Época 3/30, Batch 1550/3348, Loss: 0.3213
2025-10-09 20:53:35,839 [INFO] Época 3/30, Batch 1600/3348, Loss: 0.4808
2025-10-09 20:53:36,102 [INFO] Época 3/30, Batch 1650/3348, Loss: 0.3330
2025-10-09 20:53:36,368 [INFO] Época 3/30, Batch 1700/3348, Loss: 0.3617
2025-10-09 20:53:36,635 [INFO] Época 3/30, Batch 1750/3348, Loss: 0.3465
2025-10-09 20:53:36,901 [INFO] Época 3/30, Batch 1800/3348, Loss: 0.4112
2025-10-09 20:53:37,165 [INFO] Época 3/30, Batch 1850/3348, Loss: 0.2580
2025-10-09 20:53:37,428 [INFO] Época 3/30, Batch 1900/3348, Loss: 0.5137
2025-10-09 20:53:37,691 [INFO] Época 3/30, Batch 1950/3348, Loss: 0.3198
2025-10-09 20:53:37,954 [INFO] Época 3/30, Batch 2000/3348, Loss: 0.4040
2025-10-09 20:53:38,216 [INFO] Época 3/30, Batch 2050/3348, Loss: 0.4884
2025-10-09 20:53:38,480 [INFO] Época 3/30, Batch 2100/3348, Loss: 0.5247
2025-10-09 20:53:38,744 [INFO] Época 3/30, Batch 2150/3348, Loss: 0.3124
2025-10-09 20:53:39,006 [INFO] Época 3/30, Batch 2200/3348, Loss: 0.3773
2025-10-09 20:53:39,269 [INFO] Época 3/30, Batch 2250/3348, Loss: 0.4343
2025-10-09 20:53:39,535 [INFO] Época 3/30, Batch 2300/3348, Loss: 0.4098
2025-10-09 20:53:39,801 [INFO] Época 3/30, Batch 2350/3348, Loss: 0.3834
2025-10-09 20:53:40,066 [INFO] Época 3/30, Batch 2400/3348, Loss: 0.3970
2025-10-09 20:53:40,332 [INFO] Época 3/30, Batch 2450/3348, Loss: 0.3424
2025-10-09 20:53:40,599 [INFO] Época 3/30, Batch 2500/3348, Loss: 0.4120
2025-10-09 20:53:40,862 [INFO] Época 3/30, Batch 2550/3348, Loss: 0.2994
2025-10-09 20:53:41,124 [INFO] Época 3/30, Batch 2600/3348, Loss: 0.4197
2025-10-09 20:53:41,387 [INFO] Época 3/30, Batch 2650/3348, Loss: 0.5433
2025-10-09 20:53:41,653 [INFO] Época 3/30, Batch 2700/3348, Loss: 0.3766
2025-10-09 20:53:41,917 [INFO] Época 3/30, Batch 2750/3348, Loss: 0.3364
2025-10-09 20:53:42,184 [INFO] Época 3/30, Batch 2800/3348, Loss: 0.4654
2025-10-09 20:53:42,449 [INFO] Época 3/30, Batch 2850/3348, Loss: 0.3798
2025-10-09 20:53:42,711 [INFO] Época 3/30, Batch 2900/3348, Loss: 0.4041
2025-10-09 20:53:42,975 [INFO] Época 3/30, Batch 2950/3348, Loss: 0.3636
2025-10-09 20:53:43,238 [INFO] Época 3/30, Batch 3000/3348, Loss: 0.5230
2025-10-09 20:53:43,502 [INFO] Época 3/30, Batch 3050/3348, Loss: 0.3715
2025-10-09 20:53:43,766 [INFO] Época 3/30, Batch 3100/3348, Loss: 0.4085
2025-10-09 20:53:44,026 [INFO] Época 3/30, Batch 3150/3348, Loss: 0.3855
2025-10-09 20:53:44,289 [INFO] Época 3/30, Batch 3200/3348, Loss: 0.4298
2025-10-09 20:53:44,556 [INFO] Época 3/30, Batch 3250/3348, Loss: 0.3982
2025-10-09 20:53:44,819 [INFO] Época 3/30, Batch 3300/3348, Loss: 0.4048
2025-10-09 20:53:46,788 [INFO] [3/30] Train Loss: 0.4043 | Val Loss: 0.3736 | Tempo: 19.86s
2025-10-09 20:53:46,793 [INFO] Melhor modelo salvo em: /mnt/hdd/home/jdurao/ToolBox-ChemXAI/models/mlp_qm9_Pattern_att3_large.pth
2025-10-09 20:53:47,408 [INFO] Época 4/30, Batch 50/3348, Loss: 0.4539
2025-10-09 20:53:47,676 [INFO] Época 4/30, Batch 100/3348, Loss: 0.4184
2025-10-09 20:53:47,941 [INFO] Época 4/30, Batch 150/3348, Loss: 0.2485
2025-10-09 20:53:48,204 [INFO] Época 4/30, Batch 200/3348, Loss: 0.3654
2025-10-09 20:53:48,470 [INFO] Época 4/30, Batch 250/3348, Loss: 0.6111
2025-10-09 20:53:48,734 [INFO] Época 4/30, Batch 300/3348, Loss: 0.5000
2025-10-09 20:53:48,995 [INFO] Época 4/30, Batch 350/3348, Loss: 0.3565
2025-10-09 20:53:49,257 [INFO] Época 4/30, Batch 400/3348, Loss: 0.3906
2025-10-09 20:53:49,518 [INFO] Época 4/30, Batch 450/3348, Loss: 0.3775
2025-10-09 20:53:49,782 [INFO] Época 4/30, Batch 500/3348, Loss: 0.4693
2025-10-09 20:53:50,046 [INFO] Época 4/30, Batch 550/3348, Loss: 0.2467
2025-10-09 20:53:50,309 [INFO] Época 4/30, Batch 600/3348, Loss: 0.4061
2025-10-09 20:53:50,572 [INFO] Época 4/30, Batch 650/3348, Loss: 0.5361
2025-10-09 20:53:50,835 [INFO] Época 4/30, Batch 700/3348, Loss: 0.3477
2025-10-09 20:53:51,097 [INFO] Época 4/30, Batch 750/3348, Loss: 0.3605
2025-10-09 20:53:51,360 [INFO] Época 4/30, Batch 800/3348, Loss: 0.3977
2025-10-09 20:53:51,624 [INFO] Época 4/30, Batch 850/3348, Loss: 0.3683
2025-10-09 20:53:51,885 [INFO] Época 4/30, Batch 900/3348, Loss: 0.4221
2025-10-09 20:53:52,148 [INFO] Época 4/30, Batch 950/3348, Loss: 0.4375
2025-10-09 20:53:52,410 [INFO] Época 4/30, Batch 1000/3348, Loss: 0.4751
2025-10-09 20:53:52,672 [INFO] Época 4/30, Batch 1050/3348, Loss: 0.3991
2025-10-09 20:53:52,941 [INFO] Época 4/30, Batch 1100/3348, Loss: 0.3642
2025-10-09 20:53:53,205 [INFO] Época 4/30, Batch 1150/3348, Loss: 0.4936
2025-10-09 20:53:53,471 [INFO] Época 4/30, Batch 1200/3348, Loss: 0.3503
2025-10-09 20:53:53,744 [INFO] Época 4/30, Batch 1250/3348, Loss: 0.5582
2025-10-09 20:53:54,016 [INFO] Época 4/30, Batch 1300/3348, Loss: 0.4152
2025-10-09 20:53:54,289 [INFO] Época 4/30, Batch 1350/3348, Loss: 0.3169
2025-10-09 20:53:54,560 [INFO] Época 4/30, Batch 1400/3348, Loss: 0.4480
2025-10-09 20:53:54,831 [INFO] Época 4/30, Batch 1450/3348, Loss: 0.3296
2025-10-09 20:53:55,102 [INFO] Época 4/30, Batch 1500/3348, Loss: 0.3722
2025-10-09 20:53:55,373 [INFO] Época 4/30, Batch 1550/3348, Loss: 0.2603
2025-10-09 20:53:55,646 [INFO] Época 4/30, Batch 1600/3348, Loss: 0.2963
2025-10-09 20:53:55,919 [INFO] Época 4/30, Batch 1650/3348, Loss: 0.5178
2025-10-09 20:53:56,192 [INFO] Época 4/30, Batch 1700/3348, Loss: 0.4704
2025-10-09 20:53:56,457 [INFO] Época 4/30, Batch 1750/3348, Loss: 0.3381
2025-10-09 20:53:56,717 [INFO] Época 4/30, Batch 1800/3348, Loss: 0.4198
2025-10-09 20:53:56,982 [INFO] Época 4/30, Batch 1850/3348, Loss: 0.2274
2025-10-09 20:53:57,241 [INFO] Época 4/30, Batch 1900/3348, Loss: 0.3309
2025-10-09 20:53:57,501 [INFO] Época 4/30, Batch 1950/3348, Loss: 0.4976
2025-10-09 20:53:57,760 [INFO] Época 4/30, Batch 2000/3348, Loss: 0.4780
2025-10-09 20:53:58,021 [INFO] Época 4/30, Batch 2050/3348, Loss: 0.3386
2025-10-09 20:53:58,283 [INFO] Época 4/30, Batch 2100/3348, Loss: 0.5071
2025-10-09 20:53:58,545 [INFO] Época 4/30, Batch 2150/3348, Loss: 0.4339
2025-10-09 20:53:58,806 [INFO] Época 4/30, Batch 2200/3348, Loss: 0.3536
2025-10-09 20:53:59,067 [INFO] Época 4/30, Batch 2250/3348, Loss: 0.3661
2025-10-09 20:53:59,326 [INFO] Época 4/30, Batch 2300/3348, Loss: 0.3911
2025-10-09 20:53:59,589 [INFO] Época 4/30, Batch 2350/3348, Loss: 0.5546
2025-10-09 20:53:59,849 [INFO] Época 4/30, Batch 2400/3348, Loss: 0.3557
2025-10-09 20:54:00,109 [INFO] Época 4/30, Batch 2450/3348, Loss: 0.3238
2025-10-09 20:54:00,371 [INFO] Época 4/30, Batch 2500/3348, Loss: 0.3400
2025-10-09 20:54:00,640 [INFO] Época 4/30, Batch 2550/3348, Loss: 0.3092
2025-10-09 20:54:00,911 [INFO] Época 4/30, Batch 2600/3348, Loss: 0.4112
2025-10-09 20:54:01,174 [INFO] Época 4/30, Batch 2650/3348, Loss: 0.4055
2025-10-09 20:54:01,436 [INFO] Época 4/30, Batch 2700/3348, Loss: 0.2751
2025-10-09 20:54:01,702 [INFO] Época 4/30, Batch 2750/3348, Loss: 0.3837
2025-10-09 20:54:01,973 [INFO] Época 4/30, Batch 2800/3348, Loss: 0.3688
2025-10-09 20:54:02,243 [INFO] Época 4/30, Batch 2850/3348, Loss: 0.3618
2025-10-09 20:54:02,515 [INFO] Época 4/30, Batch 2900/3348, Loss: 0.3898
2025-10-09 20:54:02,778 [INFO] Época 4/30, Batch 2950/3348, Loss: 0.4308
2025-10-09 20:54:03,039 [INFO] Época 4/30, Batch 3000/3348, Loss: 0.2965
2025-10-09 20:54:03,301 [INFO] Época 4/30, Batch 3050/3348, Loss: 0.2900
2025-10-09 20:54:03,568 [INFO] Época 4/30, Batch 3100/3348, Loss: 0.3381
2025-10-09 20:54:03,839 [INFO] Época 4/30, Batch 3150/3348, Loss: 0.2652
2025-10-09 20:54:04,110 [INFO] Época 4/30, Batch 3200/3348, Loss: 0.3498
2025-10-09 20:54:04,382 [INFO] Época 4/30, Batch 3250/3348, Loss: 0.4107
2025-10-09 20:54:04,644 [INFO] Época 4/30, Batch 3300/3348, Loss: 0.3241
2025-10-09 20:54:06,613 [INFO] [4/30] Train Loss: 0.3941 | Val Loss: 0.3757 | Tempo: 19.82s
2025-10-09 20:54:07,237 [INFO] Época 5/30, Batch 50/3348, Loss: 0.4943
2025-10-09 20:54:07,515 [INFO] Época 5/30, Batch 100/3348, Loss: 0.2982
2025-10-09 20:54:07,789 [INFO] Época 5/30, Batch 150/3348, Loss: 0.4149
2025-10-09 20:54:08,057 [INFO] Época 5/30, Batch 200/3348, Loss: 0.3338
2025-10-09 20:54:08,323 [INFO] Época 5/30, Batch 250/3348, Loss: 0.4119
2025-10-09 20:54:08,595 [INFO] Época 5/30, Batch 300/3348, Loss: 0.4088
2025-10-09 20:54:08,861 [INFO] Época 5/30, Batch 350/3348, Loss: 0.4165
2025-10-09 20:54:09,126 [INFO] Época 5/30, Batch 400/3348, Loss: 0.3865
2025-10-09 20:54:09,396 [INFO] Época 5/30, Batch 450/3348, Loss: 0.4257
2025-10-09 20:54:09,665 [INFO] Época 5/30, Batch 500/3348, Loss: 0.4101
2025-10-09 20:54:09,932 [INFO] Época 5/30, Batch 550/3348, Loss: 0.3330
2025-10-09 20:54:10,202 [INFO] Época 5/30, Batch 600/3348, Loss: 0.3224
2025-10-09 20:54:10,472 [INFO] Época 5/30, Batch 650/3348, Loss: 0.3213
2025-10-09 20:54:10,737 [INFO] Época 5/30, Batch 700/3348, Loss: 0.4032
2025-10-09 20:54:11,002 [INFO] Época 5/30, Batch 750/3348, Loss: 0.4769
2025-10-09 20:54:11,267 [INFO] Época 5/30, Batch 800/3348, Loss: 0.4829
2025-10-09 20:54:11,532 [INFO] Época 5/30, Batch 850/3348, Loss: 0.2549
2025-10-09 20:54:11,796 [INFO] Época 5/30, Batch 900/3348, Loss: 0.3277
2025-10-09 20:54:12,061 [INFO] Época 5/30, Batch 950/3348, Loss: 0.4042
2025-10-09 20:54:12,325 [INFO] Época 5/30, Batch 1000/3348, Loss: 0.3053
2025-10-09 20:54:12,588 [INFO] Época 5/30, Batch 1050/3348, Loss: 0.4017
2025-10-09 20:54:12,853 [INFO] Época 5/30, Batch 1100/3348, Loss: 0.4667
2025-10-09 20:54:13,117 [INFO] Época 5/30, Batch 1150/3348, Loss: 0.5214
2025-10-09 20:54:13,383 [INFO] Época 5/30, Batch 1200/3348, Loss: 0.3609
2025-10-09 20:54:13,652 [INFO] Época 5/30, Batch 1250/3348, Loss: 0.5158
2025-10-09 20:54:13,920 [INFO] Época 5/30, Batch 1300/3348, Loss: 0.3887
2025-10-09 20:54:14,186 [INFO] Época 5/30, Batch 1350/3348, Loss: 0.2930
2025-10-09 20:54:14,452 [INFO] Época 5/30, Batch 1400/3348, Loss: 0.3939
2025-10-09 20:54:14,720 [INFO] Época 5/30, Batch 1450/3348, Loss: 0.5211
2025-10-09 20:54:14,988 [INFO] Época 5/30, Batch 1500/3348, Loss: 0.3418
2025-10-09 20:54:15,256 [INFO] Época 5/30, Batch 1550/3348, Loss: 0.4161
2025-10-09 20:54:15,522 [INFO] Época 5/30, Batch 1600/3348, Loss: 0.3638
2025-10-09 20:54:15,793 [INFO] Época 5/30, Batch 1650/3348, Loss: 0.3002
2025-10-09 20:54:16,060 [INFO] Época 5/30, Batch 1700/3348, Loss: 0.4911
2025-10-09 20:54:16,326 [INFO] Época 5/30, Batch 1750/3348, Loss: 0.3787
2025-10-09 20:54:16,592 [INFO] Época 5/30, Batch 1800/3348, Loss: 0.3410
2025-10-09 20:54:16,858 [INFO] Época 5/30, Batch 1850/3348, Loss: 0.3405
2025-10-09 20:54:17,124 [INFO] Época 5/30, Batch 1900/3348, Loss: 0.3253
2025-10-09 20:54:17,389 [INFO] Época 5/30, Batch 1950/3348, Loss: 0.3256
2025-10-09 20:54:17,655 [INFO] Época 5/30, Batch 2000/3348, Loss: 0.5655
2025-10-09 20:54:17,919 [INFO] Época 5/30, Batch 2050/3348, Loss: 0.3315
2025-10-09 20:54:18,182 [INFO] Época 5/30, Batch 2100/3348, Loss: 0.4479
2025-10-09 20:54:18,450 [INFO] Época 5/30, Batch 2150/3348, Loss: 0.4844
2025-10-09 20:54:18,716 [INFO] Época 5/30, Batch 2200/3348, Loss: 0.5003
2025-10-09 20:54:18,979 [INFO] Época 5/30, Batch 2250/3348, Loss: 0.3492
2025-10-09 20:54:19,244 [INFO] Época 5/30, Batch 2300/3348, Loss: 0.4155
2025-10-09 20:54:19,510 [INFO] Época 5/30, Batch 2350/3348, Loss: 0.3962
2025-10-09 20:54:19,776 [INFO] Época 5/30, Batch 2400/3348, Loss: 0.3119
2025-10-09 20:54:20,039 [INFO] Época 5/30, Batch 2450/3348, Loss: 0.3299
2025-10-09 20:54:20,303 [INFO] Época 5/30, Batch 2500/3348, Loss: 0.3397
2025-10-09 20:54:20,567 [INFO] Época 5/30, Batch 2550/3348, Loss: 0.3495
2025-10-09 20:54:20,829 [INFO] Época 5/30, Batch 2600/3348, Loss: 0.3192
2025-10-09 20:54:21,091 [INFO] Época 5/30, Batch 2650/3348, Loss: 0.4242
2025-10-09 20:54:21,352 [INFO] Época 5/30, Batch 2700/3348, Loss: 0.4222
2025-10-09 20:54:21,612 [INFO] Época 5/30, Batch 2750/3348, Loss: 0.3868
2025-10-09 20:54:21,874 [INFO] Época 5/30, Batch 2800/3348, Loss: 0.3859
2025-10-09 20:54:22,136 [INFO] Época 5/30, Batch 2850/3348, Loss: 0.3081
2025-10-09 20:54:22,398 [INFO] Época 5/30, Batch 2900/3348, Loss: 0.3307
2025-10-09 20:54:22,658 [INFO] Época 5/30, Batch 2950/3348, Loss: 0.2839
2025-10-09 20:54:22,922 [INFO] Época 5/30, Batch 3000/3348, Loss: 0.5230
2025-10-09 20:54:23,187 [INFO] Época 5/30, Batch 3050/3348, Loss: 0.3684
2025-10-09 20:54:23,450 [INFO] Época 5/30, Batch 3100/3348, Loss: 0.3797
2025-10-09 20:54:23,713 [INFO] Época 5/30, Batch 3150/3348, Loss: 0.3060
2025-10-09 20:54:23,973 [INFO] Época 5/30, Batch 3200/3348, Loss: 0.4223
2025-10-09 20:54:24,234 [INFO] Época 5/30, Batch 3250/3348, Loss: 0.4845
2025-10-09 20:54:24,497 [INFO] Época 5/30, Batch 3300/3348, Loss: 0.4220
2025-10-09 20:54:26,314 [INFO] [5/30] Train Loss: 0.3861 | Val Loss: 0.3723 | Tempo: 19.70s
2025-10-09 20:54:26,319 [INFO] Melhor modelo salvo em: /mnt/hdd/home/jdurao/ToolBox-ChemXAI/models/mlp_qm9_Pattern_att3_large.pth
2025-10-09 20:54:26,925 [INFO] Época 6/30, Batch 50/3348, Loss: 0.5288
2025-10-09 20:54:27,199 [INFO] Época 6/30, Batch 100/3348, Loss: 0.4148
2025-10-09 20:54:27,472 [INFO] Época 6/30, Batch 150/3348, Loss: 0.3433
2025-10-09 20:54:27,737 [INFO] Época 6/30, Batch 200/3348, Loss: 0.4660
2025-10-09 20:54:28,003 [INFO] Época 6/30, Batch 250/3348, Loss: 0.3677
2025-10-09 20:54:28,268 [INFO] Época 6/30, Batch 300/3348, Loss: 0.5159
2025-10-09 20:54:28,533 [INFO] Época 6/30, Batch 350/3348, Loss: 0.3597
2025-10-09 20:54:28,800 [INFO] Época 6/30, Batch 400/3348, Loss: 0.3314
2025-10-09 20:54:29,065 [INFO] Época 6/30, Batch 450/3348, Loss: 0.3867
2025-10-09 20:54:29,331 [INFO] Época 6/30, Batch 500/3348, Loss: 0.3898
2025-10-09 20:54:29,596 [INFO] Época 6/30, Batch 550/3348, Loss: 0.3422
2025-10-09 20:54:29,862 [INFO] Época 6/30, Batch 600/3348, Loss: 0.4379
2025-10-09 20:54:30,130 [INFO] Época 6/30, Batch 650/3348, Loss: 0.3122
2025-10-09 20:54:30,389 [INFO] Época 6/30, Batch 700/3348, Loss: 0.5199
2025-10-09 20:54:30,650 [INFO] Época 6/30, Batch 750/3348, Loss: 0.3397
2025-10-09 20:54:30,918 [INFO] Época 6/30, Batch 800/3348, Loss: 0.3020
2025-10-09 20:54:31,184 [INFO] Época 6/30, Batch 850/3348, Loss: 0.3248
2025-10-09 20:54:31,452 [INFO] Época 6/30, Batch 900/3348, Loss: 0.5739
2025-10-09 20:54:31,719 [INFO] Época 6/30, Batch 950/3348, Loss: 0.5009
2025-10-09 20:54:31,984 [INFO] Época 6/30, Batch 1000/3348, Loss: 0.3957
2025-10-09 20:54:32,249 [INFO] Época 6/30, Batch 1050/3348, Loss: 0.3526
2025-10-09 20:54:32,511 [INFO] Época 6/30, Batch 1100/3348, Loss: 0.3547
2025-10-09 20:54:32,774 [INFO] Época 6/30, Batch 1150/3348, Loss: 0.3861
2025-10-09 20:54:33,034 [INFO] Época 6/30, Batch 1200/3348, Loss: 0.4632
2025-10-09 20:54:33,290 [INFO] Época 6/30, Batch 1250/3348, Loss: 0.2810
2025-10-09 20:54:33,551 [INFO] Época 6/30, Batch 1300/3348, Loss: 0.3429
2025-10-09 20:54:33,813 [INFO] Época 6/30, Batch 1350/3348, Loss: 0.5783
2025-10-09 20:54:34,077 [INFO] Época 6/30, Batch 1400/3348, Loss: 0.4129
2025-10-09 20:54:34,343 [INFO] Época 6/30, Batch 1450/3348, Loss: 0.2849
2025-10-09 20:54:34,610 [INFO] Época 6/30, Batch 1500/3348, Loss: 0.3115
2025-10-09 20:54:34,876 [INFO] Época 6/30, Batch 1550/3348, Loss: 0.4597
2025-10-09 20:54:35,143 [INFO] Época 6/30, Batch 1600/3348, Loss: 0.4034
2025-10-09 20:54:35,408 [INFO] Época 6/30, Batch 1650/3348, Loss: 0.3479
2025-10-09 20:54:35,673 [INFO] Época 6/30, Batch 1700/3348, Loss: 0.3759
2025-10-09 20:54:35,938 [INFO] Época 6/30, Batch 1750/3348, Loss: 0.3572
2025-10-09 20:54:36,203 [INFO] Época 6/30, Batch 1800/3348, Loss: 0.2959
2025-10-09 20:54:36,468 [INFO] Época 6/30, Batch 1850/3348, Loss: 0.3783
2025-10-09 20:54:36,734 [INFO] Época 6/30, Batch 1900/3348, Loss: 0.3055
2025-10-09 20:54:36,999 [INFO] Época 6/30, Batch 1950/3348, Loss: 0.3254
2025-10-09 20:54:37,264 [INFO] Época 6/30, Batch 2000/3348, Loss: 0.3147
2025-10-09 20:54:37,528 [INFO] Época 6/30, Batch 2050/3348, Loss: 0.3276
2025-10-09 20:54:37,793 [INFO] Época 6/30, Batch 2100/3348, Loss: 0.2053
2025-10-09 20:54:38,057 [INFO] Época 6/30, Batch 2150/3348, Loss: 0.3933
2025-10-09 20:54:38,322 [INFO] Época 6/30, Batch 2200/3348, Loss: 0.4455
2025-10-09 20:54:38,593 [INFO] Época 6/30, Batch 2250/3348, Loss: 0.3181
2025-10-09 20:54:38,865 [INFO] Época 6/30, Batch 2300/3348, Loss: 0.3739
2025-10-09 20:54:39,137 [INFO] Época 6/30, Batch 2350/3348, Loss: 0.3103
2025-10-09 20:54:39,410 [INFO] Época 6/30, Batch 2400/3348, Loss: 0.4908
2025-10-09 20:54:39,682 [INFO] Época 6/30, Batch 2450/3348, Loss: 0.3691
2025-10-09 20:54:39,953 [INFO] Época 6/30, Batch 2500/3348, Loss: 0.3775
2025-10-09 20:54:40,224 [INFO] Época 6/30, Batch 2550/3348, Loss: 0.4239
2025-10-09 20:54:40,494 [INFO] Época 6/30, Batch 2600/3348, Loss: 0.5240
2025-10-09 20:54:40,766 [INFO] Época 6/30, Batch 2650/3348, Loss: 0.3487
2025-10-09 20:54:41,036 [INFO] Época 6/30, Batch 2700/3348, Loss: 0.1996
2025-10-09 20:54:41,308 [INFO] Época 6/30, Batch 2750/3348, Loss: 0.3097
2025-10-09 20:54:41,578 [INFO] Época 6/30, Batch 2800/3348, Loss: 0.3881
2025-10-09 20:54:41,849 [INFO] Época 6/30, Batch 2850/3348, Loss: 0.4033
2025-10-09 20:54:42,120 [INFO] Época 6/30, Batch 2900/3348, Loss: 0.2494
2025-10-09 20:54:42,391 [INFO] Época 6/30, Batch 2950/3348, Loss: 0.5637
2025-10-09 20:54:42,662 [INFO] Época 6/30, Batch 3000/3348, Loss: 0.3323
2025-10-09 20:54:42,934 [INFO] Época 6/30, Batch 3050/3348, Loss: 0.2812
2025-10-09 20:54:43,206 [INFO] Época 6/30, Batch 3100/3348, Loss: 0.4114
2025-10-09 20:54:43,478 [INFO] Época 6/30, Batch 3150/3348, Loss: 0.4213
2025-10-09 20:54:43,748 [INFO] Época 6/30, Batch 3200/3348, Loss: 0.3041
2025-10-09 20:54:44,008 [INFO] Época 6/30, Batch 3250/3348, Loss: 0.4683
2025-10-09 20:54:44,269 [INFO] Época 6/30, Batch 3300/3348, Loss: 0.4490
2025-10-09 20:54:46,048 [INFO] [6/30] Train Loss: 0.3785 | Val Loss: 0.3707 | Tempo: 19.73s
2025-10-09 20:54:46,053 [INFO] Melhor modelo salvo em: /mnt/hdd/home/jdurao/ToolBox-ChemXAI/models/mlp_qm9_Pattern_att3_large.pth
2025-10-09 20:54:46,653 [INFO] Época 7/30, Batch 50/3348, Loss: 0.3339
2025-10-09 20:54:46,920 [INFO] Época 7/30, Batch 100/3348, Loss: 0.2943
2025-10-09 20:54:47,185 [INFO] Época 7/30, Batch 150/3348, Loss: 0.3454
2025-10-09 20:54:47,448 [INFO] Época 7/30, Batch 200/3348, Loss: 0.3664
2025-10-09 20:54:47,709 [INFO] Época 7/30, Batch 250/3348, Loss: 0.4861
2025-10-09 20:54:47,971 [INFO] Época 7/30, Batch 300/3348, Loss: 0.3032
2025-10-09 20:54:48,232 [INFO] Época 7/30, Batch 350/3348, Loss: 0.4403
2025-10-09 20:54:48,494 [INFO] Época 7/30, Batch 400/3348, Loss: 0.4121
2025-10-09 20:54:48,756 [INFO] Época 7/30, Batch 450/3348, Loss: 0.4053
2025-10-09 20:54:49,016 [INFO] Época 7/30, Batch 500/3348, Loss: 0.3868
2025-10-09 20:54:49,279 [INFO] Época 7/30, Batch 550/3348, Loss: 0.2728
2025-10-09 20:54:49,541 [INFO] Época 7/30, Batch 600/3348, Loss: 0.3073
2025-10-09 20:54:49,801 [INFO] Época 7/30, Batch 650/3348, Loss: 0.3422
2025-10-09 20:54:50,067 [INFO] Época 7/30, Batch 700/3348, Loss: 0.2660
2025-10-09 20:54:50,332 [INFO] Época 7/30, Batch 750/3348, Loss: 0.4303
2025-10-09 20:54:50,594 [INFO] Época 7/30, Batch 800/3348, Loss: 0.3904
2025-10-09 20:54:50,857 [INFO] Época 7/30, Batch 850/3348, Loss: 0.3022
2025-10-09 20:54:51,113 [INFO] Época 7/30, Batch 900/3348, Loss: 0.3156
2025-10-09 20:54:51,370 [INFO] Época 7/30, Batch 950/3348, Loss: 0.3193
2025-10-09 20:54:51,625 [INFO] Época 7/30, Batch 1000/3348, Loss: 0.3805
2025-10-09 20:54:51,882 [INFO] Época 7/30, Batch 1050/3348, Loss: 0.2902
2025-10-09 20:54:52,138 [INFO] Época 7/30, Batch 1100/3348, Loss: 0.3586
2025-10-09 20:54:52,393 [INFO] Época 7/30, Batch 1150/3348, Loss: 0.2603
2025-10-09 20:54:52,650 [INFO] Época 7/30, Batch 1200/3348, Loss: 0.3407
2025-10-09 20:54:52,913 [INFO] Época 7/30, Batch 1250/3348, Loss: 0.2978
2025-10-09 20:54:53,178 [INFO] Época 7/30, Batch 1300/3348, Loss: 0.3110
2025-10-09 20:54:53,440 [INFO] Época 7/30, Batch 1350/3348, Loss: 0.4156
2025-10-09 20:54:53,703 [INFO] Época 7/30, Batch 1400/3348, Loss: 0.3423
2025-10-09 20:54:53,968 [INFO] Época 7/30, Batch 1450/3348, Loss: 0.4153
2025-10-09 20:54:54,230 [INFO] Época 7/30, Batch 1500/3348, Loss: 0.4143
2025-10-09 20:54:54,493 [INFO] Época 7/30, Batch 1550/3348, Loss: 0.4097
2025-10-09 20:54:54,757 [INFO] Época 7/30, Batch 1600/3348, Loss: 0.2897
2025-10-09 20:54:55,019 [INFO] Época 7/30, Batch 1650/3348, Loss: 0.6213
2025-10-09 20:54:55,285 [INFO] Época 7/30, Batch 1700/3348, Loss: 0.5523
2025-10-09 20:54:55,546 [INFO] Época 7/30, Batch 1750/3348, Loss: 0.2394
2025-10-09 20:54:55,810 [INFO] Época 7/30, Batch 1800/3348, Loss: 0.2906
2025-10-09 20:54:56,074 [INFO] Época 7/30, Batch 1850/3348, Loss: 0.3689
2025-10-09 20:54:56,340 [INFO] Época 7/30, Batch 1900/3348, Loss: 0.2883
2025-10-09 20:54:56,603 [INFO] Época 7/30, Batch 1950/3348, Loss: 0.3662
2025-10-09 20:54:56,866 [INFO] Época 7/30, Batch 2000/3348, Loss: 0.5234
2025-10-09 20:54:57,130 [INFO] Época 7/30, Batch 2050/3348, Loss: 0.4779
2025-10-09 20:54:57,391 [INFO] Época 7/30, Batch 2100/3348, Loss: 0.4908
2025-10-09 20:54:57,654 [INFO] Época 7/30, Batch 2150/3348, Loss: 0.4573
2025-10-09 20:54:57,918 [INFO] Época 7/30, Batch 2200/3348, Loss: 0.4112
2025-10-09 20:54:58,180 [INFO] Época 7/30, Batch 2250/3348, Loss: 0.3444
2025-10-09 20:54:58,444 [INFO] Época 7/30, Batch 2300/3348, Loss: 0.4296
2025-10-09 20:54:58,705 [INFO] Época 7/30, Batch 2350/3348, Loss: 0.4060
2025-10-09 20:54:58,968 [INFO] Época 7/30, Batch 2400/3348, Loss: 0.6657
2025-10-09 20:54:59,229 [INFO] Época 7/30, Batch 2450/3348, Loss: 0.3716
2025-10-09 20:54:59,492 [INFO] Época 7/30, Batch 2500/3348, Loss: 0.4042
2025-10-09 20:54:59,752 [INFO] Época 7/30, Batch 2550/3348, Loss: 0.3404
2025-10-09 20:55:00,014 [INFO] Época 7/30, Batch 2600/3348, Loss: 0.2909
2025-10-09 20:55:00,275 [INFO] Época 7/30, Batch 2650/3348, Loss: 0.2628
2025-10-09 20:55:00,536 [INFO] Época 7/30, Batch 2700/3348, Loss: 0.2936
2025-10-09 20:55:00,800 [INFO] Época 7/30, Batch 2750/3348, Loss: 0.3808
2025-10-09 20:55:01,060 [INFO] Época 7/30, Batch 2800/3348, Loss: 0.3505
2025-10-09 20:55:01,327 [INFO] Época 7/30, Batch 2850/3348, Loss: 0.3733
2025-10-09 20:55:01,589 [INFO] Época 7/30, Batch 2900/3348, Loss: 0.2700
2025-10-09 20:55:01,851 [INFO] Época 7/30, Batch 2950/3348, Loss: 0.3160
2025-10-09 20:55:02,112 [INFO] Época 7/30, Batch 3000/3348, Loss: 0.3369
2025-10-09 20:55:02,371 [INFO] Época 7/30, Batch 3050/3348, Loss: 0.2104
2025-10-09 20:55:02,636 [INFO] Época 7/30, Batch 3100/3348, Loss: 0.4055
2025-10-09 20:55:02,900 [INFO] Época 7/30, Batch 3150/3348, Loss: 0.2721
2025-10-09 20:55:03,164 [INFO] Época 7/30, Batch 3200/3348, Loss: 0.5038
2025-10-09 20:55:03,437 [INFO] Época 7/30, Batch 3250/3348, Loss: 0.4024
2025-10-09 20:55:03,710 [INFO] Época 7/30, Batch 3300/3348, Loss: 0.6738
2025-10-09 20:55:05,577 [INFO] [7/30] Train Loss: 0.3719 | Val Loss: 0.3727 | Tempo: 19.52s
2025-10-09 20:55:06,187 [INFO] Época 8/30, Batch 50/3348, Loss: 0.3254
2025-10-09 20:55:06,459 [INFO] Época 8/30, Batch 100/3348, Loss: 0.3172
2025-10-09 20:55:06,731 [INFO] Época 8/30, Batch 150/3348, Loss: 0.3619
2025-10-09 20:55:07,005 [INFO] Época 8/30, Batch 200/3348, Loss: 0.3869
2025-10-09 20:55:07,275 [INFO] Época 8/30, Batch 250/3348, Loss: 0.4210
2025-10-09 20:55:07,535 [INFO] Época 8/30, Batch 300/3348, Loss: 0.3884
2025-10-09 20:55:07,796 [INFO] Época 8/30, Batch 350/3348, Loss: 0.4285
2025-10-09 20:55:08,055 [INFO] Época 8/30, Batch 400/3348, Loss: 0.4599
2025-10-09 20:55:08,317 [INFO] Época 8/30, Batch 450/3348, Loss: 0.4289
2025-10-09 20:55:08,579 [INFO] Época 8/30, Batch 500/3348, Loss: 0.3625
2025-10-09 20:55:08,839 [INFO] Época 8/30, Batch 550/3348, Loss: 0.4327
2025-10-09 20:55:09,098 [INFO] Época 8/30, Batch 600/3348, Loss: 0.3259
2025-10-09 20:55:09,357 [INFO] Época 8/30, Batch 650/3348, Loss: 0.3832
2025-10-09 20:55:09,616 [INFO] Época 8/30, Batch 700/3348, Loss: 0.4057
2025-10-09 20:55:09,879 [INFO] Época 8/30, Batch 750/3348, Loss: 0.3755
2025-10-09 20:55:10,141 [INFO] Época 8/30, Batch 800/3348, Loss: 0.2938
2025-10-09 20:55:10,401 [INFO] Época 8/30, Batch 850/3348, Loss: 0.3307
2025-10-09 20:55:10,660 [INFO] Época 8/30, Batch 900/3348, Loss: 0.3908
2025-10-09 20:55:10,920 [INFO] Época 8/30, Batch 950/3348, Loss: 0.4831
2025-10-09 20:55:11,191 [INFO] Época 8/30, Batch 1000/3348, Loss: 0.3390
2025-10-09 20:55:11,477 [INFO] Época 8/30, Batch 1050/3348, Loss: 0.3285
2025-10-09 20:55:11,750 [INFO] Época 8/30, Batch 1100/3348, Loss: 0.2754
2025-10-09 20:55:12,020 [INFO] Época 8/30, Batch 1150/3348, Loss: 0.3120
2025-10-09 20:55:12,290 [INFO] Época 8/30, Batch 1200/3348, Loss: 0.3322
2025-10-09 20:55:12,560 [INFO] Época 8/30, Batch 1250/3348, Loss: 0.3468
2025-10-09 20:55:12,817 [INFO] Época 8/30, Batch 1300/3348, Loss: 0.2739
2025-10-09 20:55:13,075 [INFO] Época 8/30, Batch 1350/3348, Loss: 0.4866
2025-10-09 20:55:13,335 [INFO] Época 8/30, Batch 1400/3348, Loss: 0.4480
2025-10-09 20:55:13,594 [INFO] Época 8/30, Batch 1450/3348, Loss: 0.2893
2025-10-09 20:55:13,856 [INFO] Época 8/30, Batch 1500/3348, Loss: 0.3107
2025-10-09 20:55:14,120 [INFO] Época 8/30, Batch 1550/3348, Loss: 0.3259
2025-10-09 20:55:14,380 [INFO] Época 8/30, Batch 1600/3348, Loss: 0.4717
2025-10-09 20:55:14,635 [INFO] Época 8/30, Batch 1650/3348, Loss: 0.3934
2025-10-09 20:55:14,892 [INFO] Época 8/30, Batch 1700/3348, Loss: 0.2804
2025-10-09 20:55:15,155 [INFO] Época 8/30, Batch 1750/3348, Loss: 0.5048
2025-10-09 20:55:15,416 [INFO] Época 8/30, Batch 1800/3348, Loss: 0.3338
2025-10-09 20:55:15,678 [INFO] Época 8/30, Batch 1850/3348, Loss: 0.2442
2025-10-09 20:55:15,933 [INFO] Época 8/30, Batch 1900/3348, Loss: 0.2843
2025-10-09 20:55:16,186 [INFO] Época 8/30, Batch 1950/3348, Loss: 0.4442
2025-10-09 20:55:16,439 [INFO] Época 8/30, Batch 2000/3348, Loss: 0.4545
2025-10-09 20:55:16,693 [INFO] Época 8/30, Batch 2050/3348, Loss: 0.3933
2025-10-09 20:55:16,948 [INFO] Época 8/30, Batch 2100/3348, Loss: 0.2170
2025-10-09 20:55:17,203 [INFO] Época 8/30, Batch 2150/3348, Loss: 0.4466
2025-10-09 20:55:17,455 [INFO] Época 8/30, Batch 2200/3348, Loss: 0.3965
2025-10-09 20:55:17,709 [INFO] Época 8/30, Batch 2250/3348, Loss: 0.2535
2025-10-09 20:55:17,971 [INFO] Época 8/30, Batch 2300/3348, Loss: 0.3209
2025-10-09 20:55:18,234 [INFO] Época 8/30, Batch 2350/3348, Loss: 0.6900
2025-10-09 20:55:18,498 [INFO] Época 8/30, Batch 2400/3348, Loss: 0.3599
2025-10-09 20:55:18,762 [INFO] Época 8/30, Batch 2450/3348, Loss: 0.4006
2025-10-09 20:55:19,026 [INFO] Época 8/30, Batch 2500/3348, Loss: 0.3537
2025-10-09 20:55:19,289 [INFO] Época 8/30, Batch 2550/3348, Loss: 0.2619
2025-10-09 20:55:19,552 [INFO] Época 8/30, Batch 2600/3348, Loss: 0.4319
2025-10-09 20:55:19,811 [INFO] Época 8/30, Batch 2650/3348, Loss: 0.3908
2025-10-09 20:55:20,065 [INFO] Época 8/30, Batch 2700/3348, Loss: 0.3446
2025-10-09 20:55:20,321 [INFO] Época 8/30, Batch 2750/3348, Loss: 0.3230
2025-10-09 20:55:20,574 [INFO] Época 8/30, Batch 2800/3348, Loss: 0.4421
2025-10-09 20:55:20,829 [INFO] Época 8/30, Batch 2850/3348, Loss: 0.4646
2025-10-09 20:55:21,092 [INFO] Época 8/30, Batch 2900/3348, Loss: 0.3593
2025-10-09 20:55:21,357 [INFO] Época 8/30, Batch 2950/3348, Loss: 0.4702
2025-10-09 20:55:21,623 [INFO] Época 8/30, Batch 3000/3348, Loss: 0.3654
2025-10-09 20:55:21,893 [INFO] Época 8/30, Batch 3050/3348, Loss: 0.4373
2025-10-09 20:55:22,162 [INFO] Época 8/30, Batch 3100/3348, Loss: 0.4971
2025-10-09 20:55:22,428 [INFO] Época 8/30, Batch 3150/3348, Loss: 0.3448
2025-10-09 20:55:22,696 [INFO] Época 8/30, Batch 3200/3348, Loss: 0.4263
2025-10-09 20:55:22,954 [INFO] Época 8/30, Batch 3250/3348, Loss: 0.2161
2025-10-09 20:55:23,209 [INFO] Época 8/30, Batch 3300/3348, Loss: 0.4767
2025-10-09 20:55:24,984 [INFO] [8/30] Train Loss: 0.3667 | Val Loss: 0.3731 | Tempo: 19.41s
2025-10-09 20:55:25,598 [INFO] Época 9/30, Batch 50/3348, Loss: 0.4531
2025-10-09 20:55:25,866 [INFO] Época 9/30, Batch 100/3348, Loss: 0.3495
2025-10-09 20:55:26,135 [INFO] Época 9/30, Batch 150/3348, Loss: 0.2582
2025-10-09 20:55:26,401 [INFO] Época 9/30, Batch 200/3348, Loss: 0.2235
2025-10-09 20:55:26,666 [INFO] Época 9/30, Batch 250/3348, Loss: 0.3866
2025-10-09 20:55:26,929 [INFO] Época 9/30, Batch 300/3348, Loss: 0.2704
2025-10-09 20:55:27,193 [INFO] Época 9/30, Batch 350/3348, Loss: 0.2804
2025-10-09 20:55:27,458 [INFO] Época 9/30, Batch 400/3348, Loss: 0.3791
2025-10-09 20:55:27,722 [INFO] Época 9/30, Batch 450/3348, Loss: 0.2383
2025-10-09 20:55:27,989 [INFO] Época 9/30, Batch 500/3348, Loss: 0.5150
2025-10-09 20:55:28,251 [INFO] Época 9/30, Batch 550/3348, Loss: 0.3244
2025-10-09 20:55:28,517 [INFO] Época 9/30, Batch 600/3348, Loss: 0.5686
2025-10-09 20:55:28,787 [INFO] Época 9/30, Batch 650/3348, Loss: 0.2639
2025-10-09 20:55:29,057 [INFO] Época 9/30, Batch 700/3348, Loss: 0.3342
2025-10-09 20:55:29,332 [INFO] Época 9/30, Batch 750/3348, Loss: 0.3676
2025-10-09 20:55:29,603 [INFO] Época 9/30, Batch 800/3348, Loss: 0.3619
2025-10-09 20:55:29,879 [INFO] Época 9/30, Batch 850/3348, Loss: 0.5550
2025-10-09 20:55:30,150 [INFO] Época 9/30, Batch 900/3348, Loss: 0.3737
2025-10-09 20:55:30,420 [INFO] Época 9/30, Batch 950/3348, Loss: 0.4261
2025-10-09 20:55:30,691 [INFO] Época 9/30, Batch 1000/3348, Loss: 0.3606
2025-10-09 20:55:30,965 [INFO] Época 9/30, Batch 1050/3348, Loss: 0.3680
2025-10-09 20:55:31,231 [INFO] Época 9/30, Batch 1100/3348, Loss: 0.4555
2025-10-09 20:55:31,498 [INFO] Época 9/30, Batch 1150/3348, Loss: 0.2887
2025-10-09 20:55:31,768 [INFO] Época 9/30, Batch 1200/3348, Loss: 0.2903
2025-10-09 20:55:32,048 [INFO] Época 9/30, Batch 1250/3348, Loss: 0.3226
2025-10-09 20:55:32,330 [INFO] Época 9/30, Batch 1300/3348, Loss: 0.2650
2025-10-09 20:55:32,610 [INFO] Época 9/30, Batch 1350/3348, Loss: 0.3706
2025-10-09 20:55:32,890 [INFO] Época 9/30, Batch 1400/3348, Loss: 0.3073
2025-10-09 20:55:33,169 [INFO] Época 9/30, Batch 1450/3348, Loss: 0.3630
2025-10-09 20:55:33,451 [INFO] Época 9/30, Batch 1500/3348, Loss: 0.2548
2025-10-09 20:55:33,732 [INFO] Época 9/30, Batch 1550/3348, Loss: 0.3076
2025-10-09 20:55:34,015 [INFO] Época 9/30, Batch 1600/3348, Loss: 0.2447
2025-10-09 20:55:34,298 [INFO] Época 9/30, Batch 1650/3348, Loss: 0.3796
2025-10-09 20:55:34,578 [INFO] Época 9/30, Batch 1700/3348, Loss: 0.3909
2025-10-09 20:55:34,860 [INFO] Época 9/30, Batch 1750/3348, Loss: 0.3440
2025-10-09 20:55:35,143 [INFO] Época 9/30, Batch 1800/3348, Loss: 0.3678
2025-10-09 20:55:35,421 [INFO] Época 9/30, Batch 1850/3348, Loss: 0.3314
2025-10-09 20:55:35,703 [INFO] Época 9/30, Batch 1900/3348, Loss: 0.3968
2025-10-09 20:55:35,983 [INFO] Época 9/30, Batch 1950/3348, Loss: 0.4057
2025-10-09 20:55:36,264 [INFO] Época 9/30, Batch 2000/3348, Loss: 0.3942
2025-10-09 20:55:36,545 [INFO] Época 9/30, Batch 2050/3348, Loss: 0.4034
2025-10-09 20:55:36,825 [INFO] Época 9/30, Batch 2100/3348, Loss: 0.3207
2025-10-09 20:55:37,104 [INFO] Época 9/30, Batch 2150/3348, Loss: 0.3126
2025-10-09 20:55:37,369 [INFO] Época 9/30, Batch 2200/3348, Loss: 0.3847
2025-10-09 20:55:37,631 [INFO] Época 9/30, Batch 2250/3348, Loss: 0.3766
2025-10-09 20:55:37,894 [INFO] Época 9/30, Batch 2300/3348, Loss: 0.3880
2025-10-09 20:55:38,157 [INFO] Época 9/30, Batch 2350/3348, Loss: 0.3819
2025-10-09 20:55:38,422 [INFO] Época 9/30, Batch 2400/3348, Loss: 0.4981
2025-10-09 20:55:38,687 [INFO] Época 9/30, Batch 2450/3348, Loss: 0.2680
2025-10-09 20:55:38,952 [INFO] Época 9/30, Batch 2500/3348, Loss: 0.2622
2025-10-09 20:55:39,219 [INFO] Época 9/30, Batch 2550/3348, Loss: 0.4685
2025-10-09 20:55:39,485 [INFO] Época 9/30, Batch 2600/3348, Loss: 0.4992
2025-10-09 20:55:39,771 [INFO] Época 9/30, Batch 2650/3348, Loss: 0.3366
2025-10-09 20:55:40,054 [INFO] Época 9/30, Batch 2700/3348, Loss: 0.2578
2025-10-09 20:55:40,332 [INFO] Época 9/30, Batch 2750/3348, Loss: 0.2691
2025-10-09 20:55:40,613 [INFO] Época 9/30, Batch 2800/3348, Loss: 0.5013
2025-10-09 20:55:40,893 [INFO] Época 9/30, Batch 2850/3348, Loss: 0.4448
2025-10-09 20:55:41,173 [INFO] Época 9/30, Batch 2900/3348, Loss: 0.3480
2025-10-09 20:55:41,446 [INFO] Época 9/30, Batch 2950/3348, Loss: 0.5037
2025-10-09 20:55:41,720 [INFO] Época 9/30, Batch 3000/3348, Loss: 0.3218
2025-10-09 20:55:41,995 [INFO] Época 9/30, Batch 3050/3348, Loss: 0.4714
2025-10-09 20:55:42,281 [INFO] Época 9/30, Batch 3100/3348, Loss: 0.2586
2025-10-09 20:55:42,553 [INFO] Época 9/30, Batch 3150/3348, Loss: 0.3469
2025-10-09 20:55:42,825 [INFO] Época 9/30, Batch 3200/3348, Loss: 0.4920
2025-10-09 20:55:43,098 [INFO] Época 9/30, Batch 3250/3348, Loss: 0.3456
2025-10-09 20:55:43,372 [INFO] Época 9/30, Batch 3300/3348, Loss: 0.3183
2025-10-09 20:55:45,215 [INFO] [9/30] Train Loss: 0.3617 | Val Loss: 0.3721 | Tempo: 20.23s
2025-10-09 20:55:45,825 [INFO] Época 10/30, Batch 50/3348, Loss: 0.3239
2025-10-09 20:55:46,104 [INFO] Época 10/30, Batch 100/3348, Loss: 0.4282
2025-10-09 20:55:46,378 [INFO] Época 10/30, Batch 150/3348, Loss: 0.3267
2025-10-09 20:55:46,649 [INFO] Época 10/30, Batch 200/3348, Loss: 0.3713
2025-10-09 20:55:46,919 [INFO] Época 10/30, Batch 250/3348, Loss: 0.2919
2025-10-09 20:55:47,183 [INFO] Época 10/30, Batch 300/3348, Loss: 0.3931
2025-10-09 20:55:47,447 [INFO] Época 10/30, Batch 350/3348, Loss: 0.3669
2025-10-09 20:55:47,712 [INFO] Época 10/30, Batch 400/3348, Loss: 0.3696
2025-10-09 20:55:47,976 [INFO] Época 10/30, Batch 450/3348, Loss: 0.2788
2025-10-09 20:55:48,241 [INFO] Época 10/30, Batch 500/3348, Loss: 0.3824
2025-10-09 20:55:48,510 [INFO] Época 10/30, Batch 550/3348, Loss: 0.3280
2025-10-09 20:55:48,777 [INFO] Época 10/30, Batch 600/3348, Loss: 0.3731
2025-10-09 20:55:49,042 [INFO] Época 10/30, Batch 650/3348, Loss: 0.3910
2025-10-09 20:55:49,307 [INFO] Época 10/30, Batch 700/3348, Loss: 0.4139
2025-10-09 20:55:49,571 [INFO] Época 10/30, Batch 750/3348, Loss: 0.3388
2025-10-09 20:55:49,835 [INFO] Época 10/30, Batch 800/3348, Loss: 0.3815
2025-10-09 20:55:50,106 [INFO] Época 10/30, Batch 850/3348, Loss: 0.4277
2025-10-09 20:55:50,379 [INFO] Época 10/30, Batch 900/3348, Loss: 0.3354
2025-10-09 20:55:50,654 [INFO] Época 10/30, Batch 950/3348, Loss: 0.4193
2025-10-09 20:55:50,929 [INFO] Época 10/30, Batch 1000/3348, Loss: 0.3129
2025-10-09 20:55:51,188 [INFO] Época 10/30, Batch 1050/3348, Loss: 0.3204
2025-10-09 20:55:51,462 [INFO] Época 10/30, Batch 1100/3348, Loss: 0.3718
2025-10-09 20:55:51,715 [INFO] Época 10/30, Batch 1150/3348, Loss: 0.3975
2025-10-09 20:55:51,979 [INFO] Época 10/30, Batch 1200/3348, Loss: 0.4734
2025-10-09 20:55:52,242 [INFO] Época 10/30, Batch 1250/3348, Loss: 0.3515
2025-10-09 20:55:52,509 [INFO] Época 10/30, Batch 1300/3348, Loss: 0.3644
2025-10-09 20:55:52,776 [INFO] Época 10/30, Batch 1350/3348, Loss: 0.3389
2025-10-09 20:55:53,039 [INFO] Época 10/30, Batch 1400/3348, Loss: 0.3811
2025-10-09 20:55:53,303 [INFO] Época 10/30, Batch 1450/3348, Loss: 0.4273
2025-10-09 20:55:53,570 [INFO] Época 10/30, Batch 1500/3348, Loss: 0.3850
2025-10-09 20:55:53,834 [INFO] Época 10/30, Batch 1550/3348, Loss: 0.4409
2025-10-09 20:55:54,101 [INFO] Época 10/30, Batch 1600/3348, Loss: 0.4350
2025-10-09 20:55:54,364 [INFO] Época 10/30, Batch 1650/3348, Loss: 0.4108
2025-10-09 20:55:54,626 [INFO] Época 10/30, Batch 1700/3348, Loss: 0.4123
2025-10-09 20:55:54,891 [INFO] Época 10/30, Batch 1750/3348, Loss: 0.3107
2025-10-09 20:55:55,156 [INFO] Época 10/30, Batch 1800/3348, Loss: 0.2823
2025-10-09 20:55:55,420 [INFO] Época 10/30, Batch 1850/3348, Loss: 0.2841
2025-10-09 20:55:55,683 [INFO] Época 10/30, Batch 1900/3348, Loss: 0.3400
2025-10-09 20:55:55,946 [INFO] Época 10/30, Batch 1950/3348, Loss: 0.2925
2025-10-09 20:55:56,209 [INFO] Época 10/30, Batch 2000/3348, Loss: 0.2131
2025-10-09 20:55:56,476 [INFO] Época 10/30, Batch 2050/3348, Loss: 0.4785
2025-10-09 20:55:56,739 [INFO] Época 10/30, Batch 2100/3348, Loss: 0.3241
2025-10-09 20:55:57,000 [INFO] Época 10/30, Batch 2150/3348, Loss: 0.4431
2025-10-09 20:55:57,262 [INFO] Época 10/30, Batch 2200/3348, Loss: 0.5449
2025-10-09 20:55:57,525 [INFO] Época 10/30, Batch 2250/3348, Loss: 0.2783
2025-10-09 20:55:57,787 [INFO] Época 10/30, Batch 2300/3348, Loss: 0.4582
2025-10-09 20:55:58,049 [INFO] Época 10/30, Batch 2350/3348, Loss: 0.2712
2025-10-09 20:55:58,315 [INFO] Época 10/30, Batch 2400/3348, Loss: 0.4126
2025-10-09 20:55:58,580 [INFO] Época 10/30, Batch 2450/3348, Loss: 0.4118
2025-10-09 20:55:58,844 [INFO] Época 10/30, Batch 2500/3348, Loss: 0.3327
2025-10-09 20:55:59,108 [INFO] Época 10/30, Batch 2550/3348, Loss: 0.4984
2025-10-09 20:55:59,374 [INFO] Época 10/30, Batch 2600/3348, Loss: 0.4685
2025-10-09 20:55:59,639 [INFO] Época 10/30, Batch 2650/3348, Loss: 0.2706
2025-10-09 20:55:59,901 [INFO] Época 10/30, Batch 2700/3348, Loss: 0.3439
2025-10-09 20:56:00,164 [INFO] Época 10/30, Batch 2750/3348, Loss: 0.3328
2025-10-09 20:56:00,426 [INFO] Época 10/30, Batch 2800/3348, Loss: 0.4085
2025-10-09 20:56:00,692 [INFO] Época 10/30, Batch 2850/3348, Loss: 0.3309
2025-10-09 20:56:00,954 [INFO] Época 10/30, Batch 2900/3348, Loss: 0.3793
2025-10-09 20:56:01,220 [INFO] Época 10/30, Batch 2950/3348, Loss: 0.4424
2025-10-09 20:56:01,482 [INFO] Época 10/30, Batch 3000/3348, Loss: 0.3289
2025-10-09 20:56:01,747 [INFO] Época 10/30, Batch 3050/3348, Loss: 0.4036
2025-10-09 20:56:02,014 [INFO] Época 10/30, Batch 3100/3348, Loss: 0.3258
2025-10-09 20:56:02,290 [INFO] Época 10/30, Batch 3150/3348, Loss: 0.2537
2025-10-09 20:56:02,552 [INFO] Época 10/30, Batch 3200/3348, Loss: 0.3208
2025-10-09 20:56:02,814 [INFO] Época 10/30, Batch 3250/3348, Loss: 0.3565
2025-10-09 20:56:03,074 [INFO] Época 10/30, Batch 3300/3348, Loss: 0.5086
2025-10-09 20:56:05,046 [INFO] [10/30] Train Loss: 0.3573 | Val Loss: 0.3688 | Tempo: 19.83s
2025-10-09 20:56:05,051 [INFO] Melhor modelo salvo em: /mnt/hdd/home/jdurao/ToolBox-ChemXAI/models/mlp_qm9_Pattern_att3_large.pth
2025-10-09 20:56:05,665 [INFO] Época 11/30, Batch 50/3348, Loss: 0.3136
2025-10-09 20:56:05,942 [INFO] Época 11/30, Batch 100/3348, Loss: 0.3464
2025-10-09 20:56:06,218 [INFO] Época 11/30, Batch 150/3348, Loss: 0.3399
2025-10-09 20:56:06,485 [INFO] Época 11/30, Batch 200/3348, Loss: 0.4319
2025-10-09 20:56:06,752 [INFO] Época 11/30, Batch 250/3348, Loss: 0.3368
2025-10-09 20:56:07,018 [INFO] Época 11/30, Batch 300/3348, Loss: 0.4022
2025-10-09 20:56:07,291 [INFO] Época 11/30, Batch 350/3348, Loss: 0.4786
2025-10-09 20:56:07,555 [INFO] Época 11/30, Batch 400/3348, Loss: 0.2995
2025-10-09 20:56:07,816 [INFO] Época 11/30, Batch 450/3348, Loss: 0.2921
2025-10-09 20:56:08,077 [INFO] Época 11/30, Batch 500/3348, Loss: 0.4350
2025-10-09 20:56:08,340 [INFO] Época 11/30, Batch 550/3348, Loss: 0.5998
2025-10-09 20:56:08,603 [INFO] Época 11/30, Batch 600/3348, Loss: 0.3368
2025-10-09 20:56:08,865 [INFO] Época 11/30, Batch 650/3348, Loss: 0.3066
2025-10-09 20:56:09,118 [INFO] Época 11/30, Batch 700/3348, Loss: 0.3462
2025-10-09 20:56:09,371 [INFO] Época 11/30, Batch 750/3348, Loss: 0.2823
2025-10-09 20:56:09,630 [INFO] Época 11/30, Batch 800/3348, Loss: 0.3199
2025-10-09 20:56:09,894 [INFO] Época 11/30, Batch 850/3348, Loss: 0.3547
2025-10-09 20:56:10,158 [INFO] Época 11/30, Batch 900/3348, Loss: 0.3188
2025-10-09 20:56:10,419 [INFO] Época 11/30, Batch 950/3348, Loss: 0.4180
2025-10-09 20:56:10,682 [INFO] Época 11/30, Batch 1000/3348, Loss: 0.3277
2025-10-09 20:56:10,946 [INFO] Época 11/30, Batch 1050/3348, Loss: 0.2477
2025-10-09 20:56:11,213 [INFO] Época 11/30, Batch 1100/3348, Loss: 0.4412
2025-10-09 20:56:11,477 [INFO] Época 11/30, Batch 1150/3348, Loss: 0.5541
2025-10-09 20:56:11,744 [INFO] Época 11/30, Batch 1200/3348, Loss: 0.3855
2025-10-09 20:56:12,016 [INFO] Época 11/30, Batch 1250/3348, Loss: 0.2666
2025-10-09 20:56:12,291 [INFO] Época 11/30, Batch 1300/3348, Loss: 0.4518
2025-10-09 20:56:12,566 [INFO] Época 11/30, Batch 1350/3348, Loss: 0.4173
2025-10-09 20:56:12,836 [INFO] Época 11/30, Batch 1400/3348, Loss: 0.2841
2025-10-09 20:56:13,103 [INFO] Época 11/30, Batch 1450/3348, Loss: 0.5801
2025-10-09 20:56:13,368 [INFO] Época 11/30, Batch 1500/3348, Loss: 0.2922
2025-10-09 20:56:13,637 [INFO] Época 11/30, Batch 1550/3348, Loss: 0.3376
2025-10-09 20:56:13,900 [INFO] Época 11/30, Batch 1600/3348, Loss: 0.2922
2025-10-09 20:56:14,163 [INFO] Época 11/30, Batch 1650/3348, Loss: 0.3263
2025-10-09 20:56:14,424 [INFO] Época 11/30, Batch 1700/3348, Loss: 0.2566
2025-10-09 20:56:14,687 [INFO] Época 11/30, Batch 1750/3348, Loss: 0.2868
2025-10-09 20:56:14,956 [INFO] Época 11/30, Batch 1800/3348, Loss: 0.3196
2025-10-09 20:56:15,228 [INFO] Época 11/30, Batch 1850/3348, Loss: 0.4037
2025-10-09 20:56:15,498 [INFO] Época 11/30, Batch 1900/3348, Loss: 0.2677
2025-10-09 20:56:15,764 [INFO] Época 11/30, Batch 1950/3348, Loss: 0.3254
2025-10-09 20:56:16,026 [INFO] Época 11/30, Batch 2000/3348, Loss: 0.3760
2025-10-09 20:56:16,283 [INFO] Época 11/30, Batch 2050/3348, Loss: 0.4919
2025-10-09 20:56:16,544 [INFO] Época 11/30, Batch 2100/3348, Loss: 0.3050
2025-10-09 20:56:16,810 [INFO] Época 11/30, Batch 2150/3348, Loss: 0.4338
2025-10-09 20:56:17,072 [INFO] Época 11/30, Batch 2200/3348, Loss: 0.3651
2025-10-09 20:56:17,342 [INFO] Época 11/30, Batch 2250/3348, Loss: 0.3648
2025-10-09 20:56:17,611 [INFO] Época 11/30, Batch 2300/3348, Loss: 0.2885
2025-10-09 20:56:17,880 [INFO] Época 11/30, Batch 2350/3348, Loss: 0.4446
2025-10-09 20:56:18,152 [INFO] Época 11/30, Batch 2400/3348, Loss: 0.3804
2025-10-09 20:56:18,421 [INFO] Época 11/30, Batch 2450/3348, Loss: 0.3837
2025-10-09 20:56:18,692 [INFO] Época 11/30, Batch 2500/3348, Loss: 0.4699
2025-10-09 20:56:18,957 [INFO] Época 11/30, Batch 2550/3348, Loss: 0.3829
2025-10-09 20:56:19,229 [INFO] Época 11/30, Batch 2600/3348, Loss: 0.2949
2025-10-09 20:56:19,498 [INFO] Época 11/30, Batch 2650/3348, Loss: 0.3808
2025-10-09 20:56:19,768 [INFO] Época 11/30, Batch 2700/3348, Loss: 0.2026
2025-10-09 20:56:20,037 [INFO] Época 11/30, Batch 2750/3348, Loss: 0.4149
2025-10-09 20:56:20,306 [INFO] Época 11/30, Batch 2800/3348, Loss: 0.3732
2025-10-09 20:56:20,566 [INFO] Época 11/30, Batch 2850/3348, Loss: 0.3865
2025-10-09 20:56:20,832 [INFO] Época 11/30, Batch 2900/3348, Loss: 0.2603
2025-10-09 20:56:21,104 [INFO] Época 11/30, Batch 2950/3348, Loss: 0.3195
2025-10-09 20:56:21,373 [INFO] Época 11/30, Batch 3000/3348, Loss: 0.3283
2025-10-09 20:56:21,643 [INFO] Época 11/30, Batch 3050/3348, Loss: 0.3821
2025-10-09 20:56:21,916 [INFO] Época 11/30, Batch 3100/3348, Loss: 0.3210
2025-10-09 20:56:22,189 [INFO] Época 11/30, Batch 3150/3348, Loss: 0.4914
2025-10-09 20:56:22,455 [INFO] Época 11/30, Batch 3200/3348, Loss: 0.3010
2025-10-09 20:56:22,718 [INFO] Época 11/30, Batch 3250/3348, Loss: 0.3258
2025-10-09 20:56:22,982 [INFO] Época 11/30, Batch 3300/3348, Loss: 0.3120
2025-10-09 20:56:24,846 [INFO] [11/30] Train Loss: 0.3532 | Val Loss: 0.3658 | Tempo: 19.79s
2025-10-09 20:56:24,851 [INFO] Melhor modelo salvo em: /mnt/hdd/home/jdurao/ToolBox-ChemXAI/models/mlp_qm9_Pattern_att3_large.pth
2025-10-09 20:56:25,455 [INFO] Época 12/30, Batch 50/3348, Loss: 0.4776
2025-10-09 20:56:25,727 [INFO] Época 12/30, Batch 100/3348, Loss: 0.4247
2025-10-09 20:56:25,995 [INFO] Época 12/30, Batch 150/3348, Loss: 0.3095
2025-10-09 20:56:26,259 [INFO] Época 12/30, Batch 200/3348, Loss: 0.3162
2025-10-09 20:56:26,522 [INFO] Época 12/30, Batch 250/3348, Loss: 0.3143
2025-10-09 20:56:26,790 [INFO] Época 12/30, Batch 300/3348, Loss: 0.2819
2025-10-09 20:56:27,053 [INFO] Época 12/30, Batch 350/3348, Loss: 0.2824
2025-10-09 20:56:27,313 [INFO] Época 12/30, Batch 400/3348, Loss: 0.3329
2025-10-09 20:56:27,575 [INFO] Época 12/30, Batch 450/3348, Loss: 0.4141
2025-10-09 20:56:27,838 [INFO] Época 12/30, Batch 500/3348, Loss: 0.3021
2025-10-09 20:56:28,099 [INFO] Época 12/30, Batch 550/3348, Loss: 0.2873
2025-10-09 20:56:28,361 [INFO] Época 12/30, Batch 600/3348, Loss: 0.4046
2025-10-09 20:56:28,623 [INFO] Época 12/30, Batch 650/3348, Loss: 0.4351
2025-10-09 20:56:28,884 [INFO] Época 12/30, Batch 700/3348, Loss: 0.2870
2025-10-09 20:56:29,144 [INFO] Época 12/30, Batch 750/3348, Loss: 0.3463
2025-10-09 20:56:29,404 [INFO] Época 12/30, Batch 800/3348, Loss: 0.2061
2025-10-09 20:56:29,666 [INFO] Época 12/30, Batch 850/3348, Loss: 0.2772
2025-10-09 20:56:29,926 [INFO] Época 12/30, Batch 900/3348, Loss: 0.2783
2025-10-09 20:56:30,185 [INFO] Época 12/30, Batch 950/3348, Loss: 0.2290
2025-10-09 20:56:30,444 [INFO] Época 12/30, Batch 1000/3348, Loss: 0.3108
2025-10-09 20:56:30,698 [INFO] Época 12/30, Batch 1050/3348, Loss: 0.3213
2025-10-09 20:56:30,956 [INFO] Época 12/30, Batch 1100/3348, Loss: 0.1985
2025-10-09 20:56:31,218 [INFO] Época 12/30, Batch 1150/3348, Loss: 0.2961
2025-10-09 20:56:31,481 [INFO] Época 12/30, Batch 1200/3348, Loss: 0.2736
2025-10-09 20:56:31,745 [INFO] Época 12/30, Batch 1250/3348, Loss: 0.4318
2025-10-09 20:56:32,008 [INFO] Época 12/30, Batch 1300/3348, Loss: 0.5029
2025-10-09 20:56:32,271 [INFO] Época 12/30, Batch 1350/3348, Loss: 0.4142
2025-10-09 20:56:32,535 [INFO] Época 12/30, Batch 1400/3348, Loss: 0.3939
2025-10-09 20:56:32,798 [INFO] Época 12/30, Batch 1450/3348, Loss: 0.3618
2025-10-09 20:56:33,059 [INFO] Época 12/30, Batch 1500/3348, Loss: 0.2938
2025-10-09 20:56:33,321 [INFO] Época 12/30, Batch 1550/3348, Loss: 0.3426
2025-10-09 20:56:33,584 [INFO] Época 12/30, Batch 1600/3348, Loss: 0.3495
2025-10-09 20:56:33,847 [INFO] Época 12/30, Batch 1650/3348, Loss: 0.3610
2025-10-09 20:56:34,109 [INFO] Época 12/30, Batch 1700/3348, Loss: 0.4737
2025-10-09 20:56:34,371 [INFO] Época 12/30, Batch 1750/3348, Loss: 0.3871
2025-10-09 20:56:34,633 [INFO] Época 12/30, Batch 1800/3348, Loss: 0.3579
2025-10-09 20:56:34,896 [INFO] Época 12/30, Batch 1850/3348, Loss: 0.2824
2025-10-09 20:56:35,160 [INFO] Época 12/30, Batch 1900/3348, Loss: 0.2979
2025-10-09 20:56:35,421 [INFO] Época 12/30, Batch 1950/3348, Loss: 0.2853
2025-10-09 20:56:35,683 [INFO] Época 12/30, Batch 2000/3348, Loss: 0.3988
2025-10-09 20:56:35,943 [INFO] Época 12/30, Batch 2050/3348, Loss: 0.5144
2025-10-09 20:56:36,205 [INFO] Época 12/30, Batch 2100/3348, Loss: 0.3125
2025-10-09 20:56:36,468 [INFO] Época 12/30, Batch 2150/3348, Loss: 0.2926
2025-10-09 20:56:36,729 [INFO] Época 12/30, Batch 2200/3348, Loss: 0.4594
2025-10-09 20:56:36,989 [INFO] Época 12/30, Batch 2250/3348, Loss: 0.4873
2025-10-09 20:56:37,252 [INFO] Época 12/30, Batch 2300/3348, Loss: 0.3372
2025-10-09 20:56:37,514 [INFO] Época 12/30, Batch 2350/3348, Loss: 0.2942
2025-10-09 20:56:37,776 [INFO] Época 12/30, Batch 2400/3348, Loss: 0.3925
2025-10-09 20:56:38,039 [INFO] Época 12/30, Batch 2450/3348, Loss: 0.3479
2025-10-09 20:56:38,299 [INFO] Época 12/30, Batch 2500/3348, Loss: 0.2832
2025-10-09 20:56:38,561 [INFO] Época 12/30, Batch 2550/3348, Loss: 0.2752
2025-10-09 20:56:38,823 [INFO] Época 12/30, Batch 2600/3348, Loss: 0.5236
2025-10-09 20:56:39,086 [INFO] Época 12/30, Batch 2650/3348, Loss: 0.4323
2025-10-09 20:56:39,348 [INFO] Época 12/30, Batch 2700/3348, Loss: 0.2699
2025-10-09 20:56:39,610 [INFO] Época 12/30, Batch 2750/3348, Loss: 0.4860
2025-10-09 20:56:39,872 [INFO] Época 12/30, Batch 2800/3348, Loss: 0.3214
2025-10-09 20:56:40,135 [INFO] Época 12/30, Batch 2850/3348, Loss: 0.4305
2025-10-09 20:56:40,398 [INFO] Época 12/30, Batch 2900/3348, Loss: 0.2694
2025-10-09 20:56:40,658 [INFO] Época 12/30, Batch 2950/3348, Loss: 0.3295
2025-10-09 20:56:40,920 [INFO] Época 12/30, Batch 3000/3348, Loss: 0.2422
2025-10-09 20:56:41,182 [INFO] Época 12/30, Batch 3050/3348, Loss: 0.2978
2025-10-09 20:56:41,445 [INFO] Época 12/30, Batch 3100/3348, Loss: 0.3212
2025-10-09 20:56:41,709 [INFO] Época 12/30, Batch 3150/3348, Loss: 0.3224
2025-10-09 20:56:41,971 [INFO] Época 12/30, Batch 3200/3348, Loss: 0.3434
2025-10-09 20:56:42,231 [INFO] Época 12/30, Batch 3250/3348, Loss: 0.2172
2025-10-09 20:56:42,492 [INFO] Época 12/30, Batch 3300/3348, Loss: 0.2834
2025-10-09 20:56:44,325 [INFO] [12/30] Train Loss: 0.3505 | Val Loss: 0.3693 | Tempo: 19.47s
2025-10-09 20:56:44,925 [INFO] Época 13/30, Batch 50/3348, Loss: 0.2521
2025-10-09 20:56:45,191 [INFO] Época 13/30, Batch 100/3348, Loss: 0.3721
2025-10-09 20:56:45,456 [INFO] Época 13/30, Batch 150/3348, Loss: 0.3710
2025-10-09 20:56:45,718 [INFO] Época 13/30, Batch 200/3348, Loss: 0.3387
2025-10-09 20:56:45,979 [INFO] Época 13/30, Batch 250/3348, Loss: 0.3364
2025-10-09 20:56:46,240 [INFO] Época 13/30, Batch 300/3348, Loss: 0.2768
2025-10-09 20:56:46,502 [INFO] Época 13/30, Batch 350/3348, Loss: 0.2766
2025-10-09 20:56:46,764 [INFO] Época 13/30, Batch 400/3348, Loss: 0.3876
2025-10-09 20:56:47,027 [INFO] Época 13/30, Batch 450/3348, Loss: 0.2873
2025-10-09 20:56:47,287 [INFO] Época 13/30, Batch 500/3348, Loss: 0.3872
2025-10-09 20:56:47,549 [INFO] Época 13/30, Batch 550/3348, Loss: 0.4745
2025-10-09 20:56:47,811 [INFO] Época 13/30, Batch 600/3348, Loss: 0.4646
2025-10-09 20:56:48,073 [INFO] Época 13/30, Batch 650/3348, Loss: 0.4657
2025-10-09 20:56:48,326 [INFO] Época 13/30, Batch 700/3348, Loss: 0.4531
2025-10-09 20:56:48,580 [INFO] Época 13/30, Batch 750/3348, Loss: 0.4510
2025-10-09 20:56:48,833 [INFO] Época 13/30, Batch 800/3348, Loss: 0.3735
2025-10-09 20:56:49,090 [INFO] Época 13/30, Batch 850/3348, Loss: 0.2461
2025-10-09 20:56:49,349 [INFO] Época 13/30, Batch 900/3348, Loss: 0.3964
2025-10-09 20:56:49,609 [INFO] Época 13/30, Batch 950/3348, Loss: 0.2817
2025-10-09 20:56:49,867 [INFO] Época 13/30, Batch 1000/3348, Loss: 0.2811
2025-10-09 20:56:50,128 [INFO] Época 13/30, Batch 1050/3348, Loss: 0.3919
2025-10-09 20:56:50,388 [INFO] Época 13/30, Batch 1100/3348, Loss: 0.4587
2025-10-09 20:56:50,648 [INFO] Época 13/30, Batch 1150/3348, Loss: 0.3944
2025-10-09 20:56:50,908 [INFO] Época 13/30, Batch 1200/3348, Loss: 0.3256
2025-10-09 20:56:51,171 [INFO] Época 13/30, Batch 1250/3348, Loss: 0.3180
2025-10-09 20:56:51,432 [INFO] Época 13/30, Batch 1300/3348, Loss: 0.2188
2025-10-09 20:56:51,703 [INFO] Época 13/30, Batch 1350/3348, Loss: 0.3203
2025-10-09 20:56:51,979 [INFO] Época 13/30, Batch 1400/3348, Loss: 0.4418
2025-10-09 20:56:52,253 [INFO] Época 13/30, Batch 1450/3348, Loss: 0.3263
2025-10-09 20:56:52,528 [INFO] Época 13/30, Batch 1500/3348, Loss: 0.3734
2025-10-09 20:56:52,801 [INFO] Época 13/30, Batch 1550/3348, Loss: 0.3375
2025-10-09 20:56:53,067 [INFO] Época 13/30, Batch 1600/3348, Loss: 0.3078
2025-10-09 20:56:53,331 [INFO] Época 13/30, Batch 1650/3348, Loss: 0.3902
2025-10-09 20:56:53,595 [INFO] Época 13/30, Batch 1700/3348, Loss: 0.3018
2025-10-09 20:56:53,859 [INFO] Época 13/30, Batch 1750/3348, Loss: 0.2548
2025-10-09 20:56:54,125 [INFO] Época 13/30, Batch 1800/3348, Loss: 0.4188
2025-10-09 20:56:54,390 [INFO] Época 13/30, Batch 1850/3348, Loss: 0.2686
2025-10-09 20:56:54,659 [INFO] Época 13/30, Batch 1900/3348, Loss: 0.3416
2025-10-09 20:56:54,926 [INFO] Época 13/30, Batch 1950/3348, Loss: 0.3848
2025-10-09 20:56:55,201 [INFO] Época 13/30, Batch 2000/3348, Loss: 0.4473
2025-10-09 20:56:55,466 [INFO] Época 13/30, Batch 2050/3348, Loss: 0.3192
2025-10-09 20:56:55,729 [INFO] Época 13/30, Batch 2100/3348, Loss: 0.2754
2025-10-09 20:56:55,992 [INFO] Época 13/30, Batch 2150/3348, Loss: 0.4335
2025-10-09 20:56:56,256 [INFO] Época 13/30, Batch 2200/3348, Loss: 0.3191
2025-10-09 20:56:56,520 [INFO] Época 13/30, Batch 2250/3348, Loss: 0.2753
2025-10-09 20:56:56,784 [INFO] Época 13/30, Batch 2300/3348, Loss: 0.3605
2025-10-09 20:56:57,050 [INFO] Época 13/30, Batch 2350/3348, Loss: 0.2870
2025-10-09 20:56:57,313 [INFO] Época 13/30, Batch 2400/3348, Loss: 0.4636
2025-10-09 20:56:57,578 [INFO] Época 13/30, Batch 2450/3348, Loss: 0.2860
2025-10-09 20:56:57,850 [INFO] Época 13/30, Batch 2500/3348, Loss: 0.4125
2025-10-09 20:56:58,123 [INFO] Época 13/30, Batch 2550/3348, Loss: 0.3610
2025-10-09 20:56:58,384 [INFO] Época 13/30, Batch 2600/3348, Loss: 0.3324
2025-10-09 20:56:58,655 [INFO] Época 13/30, Batch 2650/3348, Loss: 0.3367
2025-10-09 20:56:58,917 [INFO] Época 13/30, Batch 2700/3348, Loss: 0.2892
2025-10-09 20:56:59,179 [INFO] Época 13/30, Batch 2750/3348, Loss: 0.5232
2025-10-09 20:56:59,442 [INFO] Época 13/30, Batch 2800/3348, Loss: 0.4862
2025-10-09 20:56:59,715 [INFO] Época 13/30, Batch 2850/3348, Loss: 0.3896
2025-10-09 20:56:59,989 [INFO] Época 13/30, Batch 2900/3348, Loss: 0.5405
2025-10-09 20:57:00,267 [INFO] Época 13/30, Batch 2950/3348, Loss: 0.2233
2025-10-09 20:57:00,545 [INFO] Época 13/30, Batch 3000/3348, Loss: 0.4381
2025-10-09 20:57:00,822 [INFO] Época 13/30, Batch 3050/3348, Loss: 0.3450
2025-10-09 20:57:01,102 [INFO] Época 13/30, Batch 3100/3348, Loss: 0.3086
2025-10-09 20:57:01,368 [INFO] Época 13/30, Batch 3150/3348, Loss: 0.3207
2025-10-09 20:57:01,636 [INFO] Época 13/30, Batch 3200/3348, Loss: 0.3990
2025-10-09 20:57:01,900 [INFO] Época 13/30, Batch 3250/3348, Loss: 0.3688
2025-10-09 20:57:02,163 [INFO] Época 13/30, Batch 3300/3348, Loss: 0.2690
2025-10-09 20:57:04,167 [INFO] [13/30] Train Loss: 0.3466 | Val Loss: 0.3647 | Tempo: 19.84s
2025-10-09 20:57:04,173 [INFO] Melhor modelo salvo em: /mnt/hdd/home/jdurao/ToolBox-ChemXAI/models/mlp_qm9_Pattern_att3_large.pth
2025-10-09 20:57:04,785 [INFO] Época 14/30, Batch 50/3348, Loss: 0.3187
2025-10-09 20:57:05,061 [INFO] Época 14/30, Batch 100/3348, Loss: 0.3414
2025-10-09 20:57:05,329 [INFO] Época 14/30, Batch 150/3348, Loss: 0.3289
2025-10-09 20:57:05,595 [INFO] Época 14/30, Batch 200/3348, Loss: 0.3039
2025-10-09 20:57:05,857 [INFO] Época 14/30, Batch 250/3348, Loss: 0.2674
2025-10-09 20:57:06,120 [INFO] Época 14/30, Batch 300/3348, Loss: 0.2247
2025-10-09 20:57:06,381 [INFO] Época 14/30, Batch 350/3348, Loss: 0.2346
2025-10-09 20:57:06,645 [INFO] Época 14/30, Batch 400/3348, Loss: 0.2752
2025-10-09 20:57:06,908 [INFO] Época 14/30, Batch 450/3348, Loss: 0.2679
2025-10-09 20:57:07,172 [INFO] Época 14/30, Batch 500/3348, Loss: 0.4776
2025-10-09 20:57:07,436 [INFO] Época 14/30, Batch 550/3348, Loss: 0.3355
2025-10-09 20:57:07,698 [INFO] Época 14/30, Batch 600/3348, Loss: 0.1995
2025-10-09 20:57:07,960 [INFO] Época 14/30, Batch 650/3348, Loss: 0.2907
2025-10-09 20:57:08,221 [INFO] Época 14/30, Batch 700/3348, Loss: 0.3588
2025-10-09 20:57:08,481 [INFO] Época 14/30, Batch 750/3348, Loss: 0.4784
2025-10-09 20:57:08,741 [INFO] Época 14/30, Batch 800/3348, Loss: 0.5421
2025-10-09 20:57:09,001 [INFO] Época 14/30, Batch 850/3348, Loss: 0.3432
2025-10-09 20:57:09,259 [INFO] Época 14/30, Batch 900/3348, Loss: 0.3733
2025-10-09 20:57:09,520 [INFO] Época 14/30, Batch 950/3348, Loss: 0.3982
2025-10-09 20:57:09,782 [INFO] Época 14/30, Batch 1000/3348, Loss: 0.2797
2025-10-09 20:57:10,040 [INFO] Época 14/30, Batch 1050/3348, Loss: 0.4320
2025-10-09 20:57:10,302 [INFO] Época 14/30, Batch 1100/3348, Loss: 0.3663
2025-10-09 20:57:10,568 [INFO] Época 14/30, Batch 1150/3348, Loss: 0.2911
2025-10-09 20:57:10,842 [INFO] Época 14/30, Batch 1200/3348, Loss: 0.2541
2025-10-09 20:57:11,112 [INFO] Época 14/30, Batch 1250/3348, Loss: 0.5596
2025-10-09 20:57:11,384 [INFO] Época 14/30, Batch 1300/3348, Loss: 0.4124
2025-10-09 20:57:11,654 [INFO] Época 14/30, Batch 1350/3348, Loss: 0.4066
2025-10-09 20:57:11,928 [INFO] Época 14/30, Batch 1400/3348, Loss: 0.4036
2025-10-09 20:57:12,203 [INFO] Época 14/30, Batch 1450/3348, Loss: 0.4704
2025-10-09 20:57:12,474 [INFO] Época 14/30, Batch 1500/3348, Loss: 0.3748
2025-10-09 20:57:12,743 [INFO] Época 14/30, Batch 1550/3348, Loss: 0.2428
2025-10-09 20:57:13,006 [INFO] Época 14/30, Batch 1600/3348, Loss: 0.2975
2025-10-09 20:57:13,266 [INFO] Época 14/30, Batch 1650/3348, Loss: 0.3393
2025-10-09 20:57:13,536 [INFO] Época 14/30, Batch 1700/3348, Loss: 0.3259
2025-10-09 20:57:13,801 [INFO] Época 14/30, Batch 1750/3348, Loss: 0.3271
2025-10-09 20:57:14,063 [INFO] Época 14/30, Batch 1800/3348, Loss: 0.2820
2025-10-09 20:57:14,330 [INFO] Época 14/30, Batch 1850/3348, Loss: 0.3961
2025-10-09 20:57:14,603 [INFO] Época 14/30, Batch 1900/3348, Loss: 0.4275
2025-10-09 20:57:14,876 [INFO] Época 14/30, Batch 1950/3348, Loss: 0.4098
2025-10-09 20:57:15,149 [INFO] Época 14/30, Batch 2000/3348, Loss: 0.3390
2025-10-09 20:57:15,419 [INFO] Época 14/30, Batch 2050/3348, Loss: 0.3275
2025-10-09 20:57:15,691 [INFO] Época 14/30, Batch 2100/3348, Loss: 0.3620
2025-10-09 20:57:15,963 [INFO] Época 14/30, Batch 2150/3348, Loss: 0.3510
2025-10-09 20:57:16,237 [INFO] Época 14/30, Batch 2200/3348, Loss: 0.3593
2025-10-09 20:57:16,507 [INFO] Época 14/30, Batch 2250/3348, Loss: 0.2744
2025-10-09 20:57:16,780 [INFO] Época 14/30, Batch 2300/3348, Loss: 0.3061
2025-10-09 20:57:17,053 [INFO] Época 14/30, Batch 2350/3348, Loss: 0.2785
2025-10-09 20:57:17,325 [INFO] Época 14/30, Batch 2400/3348, Loss: 0.3169
2025-10-09 20:57:17,598 [INFO] Época 14/30, Batch 2450/3348, Loss: 0.3550
2025-10-09 20:57:17,873 [INFO] Época 14/30, Batch 2500/3348, Loss: 0.3099
2025-10-09 20:57:18,144 [INFO] Época 14/30, Batch 2550/3348, Loss: 0.5302
2025-10-09 20:57:18,416 [INFO] Época 14/30, Batch 2600/3348, Loss: 0.2766
2025-10-09 20:57:18,687 [INFO] Época 14/30, Batch 2650/3348, Loss: 0.3897
2025-10-09 20:57:18,959 [INFO] Época 14/30, Batch 2700/3348, Loss: 0.3235
2025-10-09 20:57:19,231 [INFO] Época 14/30, Batch 2750/3348, Loss: 0.3362
2025-10-09 20:57:19,505 [INFO] Época 14/30, Batch 2800/3348, Loss: 0.3312
2025-10-09 20:57:19,777 [INFO] Época 14/30, Batch 2850/3348, Loss: 0.1809
2025-10-09 20:57:20,050 [INFO] Época 14/30, Batch 2900/3348, Loss: 0.4023
2025-10-09 20:57:20,325 [INFO] Época 14/30, Batch 2950/3348, Loss: 0.3630
2025-10-09 20:57:20,598 [INFO] Época 14/30, Batch 3000/3348, Loss: 0.3261
2025-10-09 20:57:20,874 [INFO] Época 14/30, Batch 3050/3348, Loss: 0.4252
2025-10-09 20:57:21,148 [INFO] Época 14/30, Batch 3100/3348, Loss: 0.4209
2025-10-09 20:57:21,421 [INFO] Época 14/30, Batch 3150/3348, Loss: 0.3997
2025-10-09 20:57:21,690 [INFO] Época 14/30, Batch 3200/3348, Loss: 0.3043
2025-10-09 20:57:21,962 [INFO] Época 14/30, Batch 3250/3348, Loss: 0.3702
2025-10-09 20:57:22,234 [INFO] Época 14/30, Batch 3300/3348, Loss: 0.2401
2025-10-09 20:57:24,071 [INFO] [14/30] Train Loss: 0.3435 | Val Loss: 0.3672 | Tempo: 19.90s
2025-10-09 20:57:24,671 [INFO] Época 15/30, Batch 50/3348, Loss: 0.3182
2025-10-09 20:57:24,939 [INFO] Época 15/30, Batch 100/3348, Loss: 0.2475
2025-10-09 20:57:25,205 [INFO] Época 15/30, Batch 150/3348, Loss: 0.3518
2025-10-09 20:57:25,470 [INFO] Época 15/30, Batch 200/3348, Loss: 0.3391
2025-10-09 20:57:25,734 [INFO] Época 15/30, Batch 250/3348, Loss: 0.4926
2025-10-09 20:57:25,996 [INFO] Época 15/30, Batch 300/3348, Loss: 0.2112
2025-10-09 20:57:26,260 [INFO] Época 15/30, Batch 350/3348, Loss: 0.2729
2025-10-09 20:57:26,520 [INFO] Época 15/30, Batch 400/3348, Loss: 0.2182
2025-10-09 20:57:26,784 [INFO] Época 15/30, Batch 450/3348, Loss: 0.3038
2025-10-09 20:57:27,047 [INFO] Época 15/30, Batch 500/3348, Loss: 0.3153
2025-10-09 20:57:27,311 [INFO] Época 15/30, Batch 550/3348, Loss: 0.4343
2025-10-09 20:57:27,573 [INFO] Época 15/30, Batch 600/3348, Loss: 0.3273
2025-10-09 20:57:27,837 [INFO] Época 15/30, Batch 650/3348, Loss: 0.4452
2025-10-09 20:57:28,095 [INFO] Época 15/30, Batch 700/3348, Loss: 0.3807
2025-10-09 20:57:28,354 [INFO] Época 15/30, Batch 750/3348, Loss: 0.3272
2025-10-09 20:57:28,612 [INFO] Época 15/30, Batch 800/3348, Loss: 0.2711
2025-10-09 20:57:28,875 [INFO] Época 15/30, Batch 850/3348, Loss: 0.3722
2025-10-09 20:57:29,140 [INFO] Época 15/30, Batch 900/3348, Loss: 0.3929
2025-10-09 20:57:29,406 [INFO] Época 15/30, Batch 950/3348, Loss: 0.3079
2025-10-09 20:57:29,668 [INFO] Época 15/30, Batch 1000/3348, Loss: 0.3398
2025-10-09 20:57:29,929 [INFO] Época 15/30, Batch 1050/3348, Loss: 0.4712
2025-10-09 20:57:30,192 [INFO] Época 15/30, Batch 1100/3348, Loss: 0.2867
2025-10-09 20:57:30,452 [INFO] Época 15/30, Batch 1150/3348, Loss: 0.3548
2025-10-09 20:57:30,713 [INFO] Época 15/30, Batch 1200/3348, Loss: 0.2497
2025-10-09 20:57:30,975 [INFO] Época 15/30, Batch 1250/3348, Loss: 0.3510
2025-10-09 20:57:31,244 [INFO] Época 15/30, Batch 1300/3348, Loss: 0.3101
2025-10-09 20:57:31,507 [INFO] Época 15/30, Batch 1350/3348, Loss: 0.4878
2025-10-09 20:57:31,770 [INFO] Época 15/30, Batch 1400/3348, Loss: 0.3925
2025-10-09 20:57:32,034 [INFO] Época 15/30, Batch 1450/3348, Loss: 0.2544
2025-10-09 20:57:32,297 [INFO] Época 15/30, Batch 1500/3348, Loss: 0.2870
2025-10-09 20:57:32,560 [INFO] Época 15/30, Batch 1550/3348, Loss: 0.3621
2025-10-09 20:57:32,823 [INFO] Época 15/30, Batch 1600/3348, Loss: 0.3425
2025-10-09 20:57:33,086 [INFO] Época 15/30, Batch 1650/3348, Loss: 0.4703
2025-10-09 20:57:33,348 [INFO] Época 15/30, Batch 1700/3348, Loss: 0.3464
2025-10-09 20:57:33,614 [INFO] Época 15/30, Batch 1750/3348, Loss: 0.3670
2025-10-09 20:57:33,876 [INFO] Época 15/30, Batch 1800/3348, Loss: 0.3379
2025-10-09 20:57:34,137 [INFO] Época 15/30, Batch 1850/3348, Loss: 0.4136
2025-10-09 20:57:34,399 [INFO] Época 15/30, Batch 1900/3348, Loss: 0.2332
2025-10-09 20:57:34,658 [INFO] Época 15/30, Batch 1950/3348, Loss: 0.4335
2025-10-09 20:57:34,923 [INFO] Época 15/30, Batch 2000/3348, Loss: 0.3169
2025-10-09 20:57:35,194 [INFO] Época 15/30, Batch 2050/3348, Loss: 0.2760
2025-10-09 20:57:35,468 [INFO] Época 15/30, Batch 2100/3348, Loss: 0.1877
2025-10-09 20:57:35,736 [INFO] Época 15/30, Batch 2150/3348, Loss: 0.3272
2025-10-09 20:57:35,999 [INFO] Época 15/30, Batch 2200/3348, Loss: 0.3380
2025-10-09 20:57:36,261 [INFO] Época 15/30, Batch 2250/3348, Loss: 0.3142
2025-10-09 20:57:36,522 [INFO] Época 15/30, Batch 2300/3348, Loss: 0.4680
2025-10-09 20:57:36,786 [INFO] Época 15/30, Batch 2350/3348, Loss: 0.4250
2025-10-09 20:57:37,048 [INFO] Época 15/30, Batch 2400/3348, Loss: 0.4978
2025-10-09 20:57:37,312 [INFO] Época 15/30, Batch 2450/3348, Loss: 0.3344
2025-10-09 20:57:37,577 [INFO] Época 15/30, Batch 2500/3348, Loss: 0.2901
2025-10-09 20:57:37,841 [INFO] Época 15/30, Batch 2550/3348, Loss: 0.2671
2025-10-09 20:57:38,105 [INFO] Época 15/30, Batch 2600/3348, Loss: 0.3731
2025-10-09 20:57:38,369 [INFO] Época 15/30, Batch 2650/3348, Loss: 0.3896
2025-10-09 20:57:38,633 [INFO] Época 15/30, Batch 2700/3348, Loss: 0.3047
2025-10-09 20:57:38,897 [INFO] Época 15/30, Batch 2750/3348, Loss: 0.3340
2025-10-09 20:57:39,161 [INFO] Época 15/30, Batch 2800/3348, Loss: 0.2522
2025-10-09 20:57:39,421 [INFO] Época 15/30, Batch 2850/3348, Loss: 0.3659
2025-10-09 20:57:39,683 [INFO] Época 15/30, Batch 2900/3348, Loss: 0.3589
2025-10-09 20:57:39,946 [INFO] Época 15/30, Batch 2950/3348, Loss: 0.5534
2025-10-09 20:57:40,208 [INFO] Época 15/30, Batch 3000/3348, Loss: 0.2968
2025-10-09 20:57:40,471 [INFO] Época 15/30, Batch 3050/3348, Loss: 0.2717
2025-10-09 20:57:40,732 [INFO] Época 15/30, Batch 3100/3348, Loss: 0.3693
2025-10-09 20:57:40,992 [INFO] Época 15/30, Batch 3150/3348, Loss: 0.3389
2025-10-09 20:57:41,251 [INFO] Época 15/30, Batch 3200/3348, Loss: 0.2326
2025-10-09 20:57:41,509 [INFO] Época 15/30, Batch 3250/3348, Loss: 0.3853
2025-10-09 20:57:41,769 [INFO] Época 15/30, Batch 3300/3348, Loss: 0.2945
2025-10-09 20:57:43,630 [INFO] [15/30] Train Loss: 0.3409 | Val Loss: 0.3631 | Tempo: 19.56s
2025-10-09 20:57:43,635 [INFO] Melhor modelo salvo em: /mnt/hdd/home/jdurao/ToolBox-ChemXAI/models/mlp_qm9_Pattern_att3_large.pth
2025-10-09 20:57:44,234 [INFO] Época 16/30, Batch 50/3348, Loss: 0.1871
2025-10-09 20:57:44,498 [INFO] Época 16/30, Batch 100/3348, Loss: 0.2773
2025-10-09 20:57:44,764 [INFO] Época 16/30, Batch 150/3348, Loss: 0.2703
2025-10-09 20:57:45,025 [INFO] Época 16/30, Batch 200/3348, Loss: 0.2716
2025-10-09 20:57:45,289 [INFO] Época 16/30, Batch 250/3348, Loss: 0.3027
2025-10-09 20:57:45,550 [INFO] Época 16/30, Batch 300/3348, Loss: 0.2456
2025-10-09 20:57:45,812 [INFO] Época 16/30, Batch 350/3348, Loss: 0.2302
2025-10-09 20:57:46,073 [INFO] Época 16/30, Batch 400/3348, Loss: 0.3116
2025-10-09 20:57:46,334 [INFO] Época 16/30, Batch 450/3348, Loss: 0.2936
2025-10-09 20:57:46,598 [INFO] Época 16/30, Batch 500/3348, Loss: 0.4242
2025-10-09 20:57:46,858 [INFO] Época 16/30, Batch 550/3348, Loss: 0.2689
2025-10-09 20:57:47,119 [INFO] Época 16/30, Batch 600/3348, Loss: 0.3598
2025-10-09 20:57:47,382 [INFO] Época 16/30, Batch 650/3348, Loss: 0.3766
2025-10-09 20:57:47,639 [INFO] Época 16/30, Batch 700/3348, Loss: 0.3657
2025-10-09 20:57:47,892 [INFO] Época 16/30, Batch 750/3348, Loss: 0.4242
2025-10-09 20:57:48,149 [INFO] Época 16/30, Batch 800/3348, Loss: 0.2333
2025-10-09 20:57:48,410 [INFO] Época 16/30, Batch 850/3348, Loss: 0.2775
2025-10-09 20:57:48,673 [INFO] Época 16/30, Batch 900/3348, Loss: 0.3328
2025-10-09 20:57:48,935 [INFO] Época 16/30, Batch 950/3348, Loss: 0.2622
2025-10-09 20:57:49,196 [INFO] Época 16/30, Batch 1000/3348, Loss: 0.3888
2025-10-09 20:57:49,457 [INFO] Época 16/30, Batch 1050/3348, Loss: 0.2982
2025-10-09 20:57:49,716 [INFO] Época 16/30, Batch 1100/3348, Loss: 0.3204
2025-10-09 20:57:49,972 [INFO] Época 16/30, Batch 1150/3348, Loss: 0.2743
2025-10-09 20:57:50,232 [INFO] Época 16/30, Batch 1200/3348, Loss: 0.4436
2025-10-09 20:57:50,492 [INFO] Época 16/30, Batch 1250/3348, Loss: 0.3099
2025-10-09 20:57:50,752 [INFO] Época 16/30, Batch 1300/3348, Loss: 0.2449
2025-10-09 20:57:51,014 [INFO] Época 16/30, Batch 1350/3348, Loss: 0.3101
2025-10-09 20:57:51,273 [INFO] Época 16/30, Batch 1400/3348, Loss: 0.3103
2025-10-09 20:57:51,531 [INFO] Época 16/30, Batch 1450/3348, Loss: 0.3027
2025-10-09 20:57:51,805 [INFO] Época 16/30, Batch 1500/3348, Loss: 0.3250
2025-10-09 20:57:52,075 [INFO] Época 16/30, Batch 1550/3348, Loss: 0.2917
2025-10-09 20:57:52,337 [INFO] Época 16/30, Batch 1600/3348, Loss: 0.6322
2025-10-09 20:57:52,596 [INFO] Época 16/30, Batch 1650/3348, Loss: 0.3423
2025-10-09 20:57:52,854 [INFO] Época 16/30, Batch 1700/3348, Loss: 0.3624
2025-10-09 20:57:53,114 [INFO] Época 16/30, Batch 1750/3348, Loss: 0.4206
2025-10-09 20:57:53,374 [INFO] Época 16/30, Batch 1800/3348, Loss: 0.3465
2025-10-09 20:57:53,634 [INFO] Época 16/30, Batch 1850/3348, Loss: 0.2601
2025-10-09 20:57:53,892 [INFO] Época 16/30, Batch 1900/3348, Loss: 0.3861
2025-10-09 20:57:54,150 [INFO] Época 16/30, Batch 1950/3348, Loss: 0.2545
2025-10-09 20:57:54,408 [INFO] Época 16/30, Batch 2000/3348, Loss: 0.4188
2025-10-09 20:57:54,670 [INFO] Época 16/30, Batch 2050/3348, Loss: 0.3353
2025-10-09 20:57:54,928 [INFO] Época 16/30, Batch 2100/3348, Loss: 0.2506
2025-10-09 20:57:55,189 [INFO] Época 16/30, Batch 2150/3348, Loss: 0.3758
2025-10-09 20:57:55,447 [INFO] Época 16/30, Batch 2200/3348, Loss: 0.2993
2025-10-09 20:57:55,706 [INFO] Época 16/30, Batch 2250/3348, Loss: 0.4988
2025-10-09 20:57:55,965 [INFO] Época 16/30, Batch 2300/3348, Loss: 0.3813
2025-10-09 20:57:56,223 [INFO] Época 16/30, Batch 2350/3348, Loss: 0.3457
2025-10-09 20:57:56,481 [INFO] Época 16/30, Batch 2400/3348, Loss: 0.3963
2025-10-09 20:57:56,740 [INFO] Época 16/30, Batch 2450/3348, Loss: 0.4284
2025-10-09 20:57:56,997 [INFO] Época 16/30, Batch 2500/3348, Loss: 0.3014
2025-10-09 20:57:57,256 [INFO] Época 16/30, Batch 2550/3348, Loss: 0.2078
2025-10-09 20:57:57,515 [INFO] Época 16/30, Batch 2600/3348, Loss: 0.5892
2025-10-09 20:57:57,776 [INFO] Época 16/30, Batch 2650/3348, Loss: 0.3690
2025-10-09 20:57:58,033 [INFO] Época 16/30, Batch 2700/3348, Loss: 0.2820
2025-10-09 20:57:58,293 [INFO] Época 16/30, Batch 2750/3348, Loss: 0.5121
2025-10-09 20:57:58,557 [INFO] Época 16/30, Batch 2800/3348, Loss: 0.4244
2025-10-09 20:57:58,816 [INFO] Época 16/30, Batch 2850/3348, Loss: 0.4013
2025-10-09 20:57:59,075 [INFO] Época 16/30, Batch 2900/3348, Loss: 0.3433
2025-10-09 20:57:59,333 [INFO] Época 16/30, Batch 2950/3348, Loss: 0.3708
2025-10-09 20:57:59,592 [INFO] Época 16/30, Batch 3000/3348, Loss: 0.2448
2025-10-09 20:57:59,853 [INFO] Época 16/30, Batch 3050/3348, Loss: 0.3678
2025-10-09 20:58:00,114 [INFO] Época 16/30, Batch 3100/3348, Loss: 0.4418
2025-10-09 20:58:00,376 [INFO] Época 16/30, Batch 3150/3348, Loss: 0.1753
2025-10-09 20:58:00,634 [INFO] Época 16/30, Batch 3200/3348, Loss: 0.2966
2025-10-09 20:58:00,895 [INFO] Época 16/30, Batch 3250/3348, Loss: 0.3091
2025-10-09 20:58:01,157 [INFO] Época 16/30, Batch 3300/3348, Loss: 0.2938
2025-10-09 20:58:03,152 [INFO] [16/30] Train Loss: 0.3379 | Val Loss: 0.3618 | Tempo: 19.52s
2025-10-09 20:58:03,157 [INFO] Melhor modelo salvo em: /mnt/hdd/home/jdurao/ToolBox-ChemXAI/models/mlp_qm9_Pattern_att3_large.pth
2025-10-09 20:58:03,764 [INFO] Época 17/30, Batch 50/3348, Loss: 0.4081
2025-10-09 20:58:04,030 [INFO] Época 17/30, Batch 100/3348, Loss: 0.3091
2025-10-09 20:58:04,294 [INFO] Época 17/30, Batch 150/3348, Loss: 0.2622
2025-10-09 20:58:04,558 [INFO] Época 17/30, Batch 200/3348, Loss: 0.4488
2025-10-09 20:58:04,821 [INFO] Época 17/30, Batch 250/3348, Loss: 0.3477
2025-10-09 20:58:05,085 [INFO] Época 17/30, Batch 300/3348, Loss: 0.2701
2025-10-09 20:58:05,346 [INFO] Época 17/30, Batch 350/3348, Loss: 0.2948
2025-10-09 20:58:05,609 [INFO] Época 17/30, Batch 400/3348, Loss: 0.3701
2025-10-09 20:58:05,871 [INFO] Época 17/30, Batch 450/3348, Loss: 0.3607
2025-10-09 20:58:06,133 [INFO] Época 17/30, Batch 500/3348, Loss: 0.5328
2025-10-09 20:58:06,395 [INFO] Época 17/30, Batch 550/3348, Loss: 0.4099
2025-10-09 20:58:06,657 [INFO] Época 17/30, Batch 600/3348, Loss: 0.2412
2025-10-09 20:58:06,919 [INFO] Época 17/30, Batch 650/3348, Loss: 0.2854
2025-10-09 20:58:07,172 [INFO] Época 17/30, Batch 700/3348, Loss: 0.3473
2025-10-09 20:58:07,424 [INFO] Época 17/30, Batch 750/3348, Loss: 0.4401
2025-10-09 20:58:07,678 [INFO] Época 17/30, Batch 800/3348, Loss: 0.3190
2025-10-09 20:58:07,931 [INFO] Época 17/30, Batch 850/3348, Loss: 0.3377
2025-10-09 20:58:08,185 [INFO] Época 17/30, Batch 900/3348, Loss: 0.4518
2025-10-09 20:58:08,437 [INFO] Época 17/30, Batch 950/3348, Loss: 0.2076
2025-10-09 20:58:08,690 [INFO] Época 17/30, Batch 1000/3348, Loss: 0.4395
2025-10-09 20:58:08,943 [INFO] Época 17/30, Batch 1050/3348, Loss: 0.3073
2025-10-09 20:58:09,206 [INFO] Época 17/30, Batch 1100/3348, Loss: 0.3215
2025-10-09 20:58:09,471 [INFO] Época 17/30, Batch 1150/3348, Loss: 0.3126
2025-10-09 20:58:09,735 [INFO] Época 17/30, Batch 1200/3348, Loss: 0.2879
2025-10-09 20:58:09,998 [INFO] Época 17/30, Batch 1250/3348, Loss: 0.2629
2025-10-09 20:58:10,260 [INFO] Época 17/30, Batch 1300/3348, Loss: 0.2847
2025-10-09 20:58:10,522 [INFO] Época 17/30, Batch 1350/3348, Loss: 0.3614
2025-10-09 20:58:10,787 [INFO] Época 17/30, Batch 1400/3348, Loss: 0.3222
2025-10-09 20:58:11,050 [INFO] Época 17/30, Batch 1450/3348, Loss: 0.4261
2025-10-09 20:58:11,313 [INFO] Época 17/30, Batch 1500/3348, Loss: 0.2948
2025-10-09 20:58:11,575 [INFO] Época 17/30, Batch 1550/3348, Loss: 0.3219
2025-10-09 20:58:11,838 [INFO] Época 17/30, Batch 1600/3348, Loss: 0.4123
2025-10-09 20:58:12,100 [INFO] Época 17/30, Batch 1650/3348, Loss: 0.2858
2025-10-09 20:58:12,362 [INFO] Época 17/30, Batch 1700/3348, Loss: 0.3217
2025-10-09 20:58:12,623 [INFO] Época 17/30, Batch 1750/3348, Loss: 0.2321
2025-10-09 20:58:12,889 [INFO] Época 17/30, Batch 1800/3348, Loss: 0.2542
2025-10-09 20:58:13,150 [INFO] Época 17/30, Batch 1850/3348, Loss: 0.3752
2025-10-09 20:58:13,412 [INFO] Época 17/30, Batch 1900/3348, Loss: 0.3101
2025-10-09 20:58:13,674 [INFO] Época 17/30, Batch 1950/3348, Loss: 0.2388
2025-10-09 20:58:13,935 [INFO] Época 17/30, Batch 2000/3348, Loss: 0.4166
2025-10-09 20:58:14,197 [INFO] Época 17/30, Batch 2050/3348, Loss: 0.3097
2025-10-09 20:58:14,458 [INFO] Época 17/30, Batch 2100/3348, Loss: 0.2842
2025-10-09 20:58:14,720 [INFO] Época 17/30, Batch 2150/3348, Loss: 0.3277
2025-10-09 20:58:14,989 [INFO] Época 17/30, Batch 2200/3348, Loss: 0.3397
2025-10-09 20:58:15,262 [INFO] Época 17/30, Batch 2250/3348, Loss: 0.3020
2025-10-09 20:58:15,542 [INFO] Época 17/30, Batch 2300/3348, Loss: 0.2921
2025-10-09 20:58:15,819 [INFO] Época 17/30, Batch 2350/3348, Loss: 0.3818
2025-10-09 20:58:16,099 [INFO] Época 17/30, Batch 2400/3348, Loss: 0.2141
2025-10-09 20:58:16,369 [INFO] Época 17/30, Batch 2450/3348, Loss: 0.3489
2025-10-09 20:58:16,634 [INFO] Época 17/30, Batch 2500/3348, Loss: 0.2749
2025-10-09 20:58:16,898 [INFO] Época 17/30, Batch 2550/3348, Loss: 0.3530
2025-10-09 20:58:17,165 [INFO] Época 17/30, Batch 2600/3348, Loss: 0.3298
2025-10-09 20:58:17,432 [INFO] Época 17/30, Batch 2650/3348, Loss: 0.3612
2025-10-09 20:58:17,700 [INFO] Época 17/30, Batch 2700/3348, Loss: 0.4026
2025-10-09 20:58:17,971 [INFO] Época 17/30, Batch 2750/3348, Loss: 0.3673
2025-10-09 20:58:18,235 [INFO] Época 17/30, Batch 2800/3348, Loss: 0.2957
2025-10-09 20:58:18,501 [INFO] Época 17/30, Batch 2850/3348, Loss: 0.2307
2025-10-09 20:58:18,767 [INFO] Época 17/30, Batch 2900/3348, Loss: 0.3358
2025-10-09 20:58:19,035 [INFO] Época 17/30, Batch 2950/3348, Loss: 0.3478
2025-10-09 20:58:19,299 [INFO] Época 17/30, Batch 3000/3348, Loss: 0.2697
2025-10-09 20:58:19,562 [INFO] Época 17/30, Batch 3050/3348, Loss: 0.3295
2025-10-09 20:58:19,827 [INFO] Época 17/30, Batch 3100/3348, Loss: 0.2727
2025-10-09 20:58:20,091 [INFO] Época 17/30, Batch 3150/3348, Loss: 0.4532
2025-10-09 20:58:20,357 [INFO] Época 17/30, Batch 3200/3348, Loss: 0.3602
2025-10-09 20:58:20,622 [INFO] Época 17/30, Batch 3250/3348, Loss: 0.3855
2025-10-09 20:58:20,887 [INFO] Época 17/30, Batch 3300/3348, Loss: 0.2860
2025-10-09 20:58:22,699 [INFO] [17/30] Train Loss: 0.3357 | Val Loss: 0.3682 | Tempo: 19.54s
2025-10-09 20:58:23,299 [INFO] Época 18/30, Batch 50/3348, Loss: 0.3281
2025-10-09 20:58:23,568 [INFO] Época 18/30, Batch 100/3348, Loss: 0.4302
2025-10-09 20:58:23,834 [INFO] Época 18/30, Batch 150/3348, Loss: 0.5351
2025-10-09 20:58:24,100 [INFO] Época 18/30, Batch 200/3348, Loss: 0.3800
2025-10-09 20:58:24,365 [INFO] Época 18/30, Batch 250/3348, Loss: 0.3092
2025-10-09 20:58:24,630 [INFO] Época 18/30, Batch 300/3348, Loss: 0.2937
2025-10-09 20:58:24,893 [INFO] Época 18/30, Batch 350/3348, Loss: 0.2465
2025-10-09 20:58:25,156 [INFO] Época 18/30, Batch 400/3348, Loss: 0.2749
2025-10-09 20:58:25,421 [INFO] Época 18/30, Batch 450/3348, Loss: 0.2130
2025-10-09 20:58:25,685 [INFO] Época 18/30, Batch 500/3348, Loss: 0.4252
2025-10-09 20:58:25,950 [INFO] Época 18/30, Batch 550/3348, Loss: 0.4094
2025-10-09 20:58:26,215 [INFO] Época 18/30, Batch 600/3348, Loss: 0.2714
2025-10-09 20:58:26,478 [INFO] Época 18/30, Batch 650/3348, Loss: 0.2608
2025-10-09 20:58:26,745 [INFO] Época 18/30, Batch 700/3348, Loss: 0.3187
2025-10-09 20:58:27,015 [INFO] Época 18/30, Batch 750/3348, Loss: 0.3727
2025-10-09 20:58:27,283 [INFO] Época 18/30, Batch 800/3348, Loss: 0.3427
2025-10-09 20:58:27,550 [INFO] Época 18/30, Batch 850/3348, Loss: 0.2976
2025-10-09 20:58:27,819 [INFO] Época 18/30, Batch 900/3348, Loss: 0.3253
2025-10-09 20:58:28,086 [INFO] Época 18/30, Batch 950/3348, Loss: 0.3234
2025-10-09 20:58:28,352 [INFO] Época 18/30, Batch 1000/3348, Loss: 0.3130
2025-10-09 20:58:28,625 [INFO] Época 18/30, Batch 1050/3348, Loss: 0.4383
2025-10-09 20:58:28,894 [INFO] Época 18/30, Batch 1100/3348, Loss: 0.2847
2025-10-09 20:58:29,160 [INFO] Época 18/30, Batch 1150/3348, Loss: 0.2585
2025-10-09 20:58:29,421 [INFO] Época 18/30, Batch 1200/3348, Loss: 0.3704
2025-10-09 20:58:29,684 [INFO] Época 18/30, Batch 1250/3348, Loss: 0.3794
2025-10-09 20:58:29,943 [INFO] Época 18/30, Batch 1300/3348, Loss: 0.2407
2025-10-09 20:58:30,204 [INFO] Época 18/30, Batch 1350/3348, Loss: 0.2780
2025-10-09 20:58:30,464 [INFO] Época 18/30, Batch 1400/3348, Loss: 0.2933
2025-10-09 20:58:30,724 [INFO] Época 18/30, Batch 1450/3348, Loss: 0.4636
2025-10-09 20:58:30,984 [INFO] Época 18/30, Batch 1500/3348, Loss: 0.4780
2025-10-09 20:58:31,243 [INFO] Época 18/30, Batch 1550/3348, Loss: 0.3681
2025-10-09 20:58:31,503 [INFO] Época 18/30, Batch 1600/3348, Loss: 0.3913
2025-10-09 20:58:31,762 [INFO] Época 18/30, Batch 1650/3348, Loss: 0.6477
2025-10-09 20:58:32,025 [INFO] Época 18/30, Batch 1700/3348, Loss: 0.5177
2025-10-09 20:58:32,286 [INFO] Época 18/30, Batch 1750/3348, Loss: 0.3505
2025-10-09 20:58:32,547 [INFO] Época 18/30, Batch 1800/3348, Loss: 0.2452
2025-10-09 20:58:32,812 [INFO] Época 18/30, Batch 1850/3348, Loss: 0.4557
2025-10-09 20:58:33,075 [INFO] Época 18/30, Batch 1900/3348, Loss: 0.3811
2025-10-09 20:58:33,336 [INFO] Época 18/30, Batch 1950/3348, Loss: 0.3309
2025-10-09 20:58:33,597 [INFO] Época 18/30, Batch 2000/3348, Loss: 0.3456
2025-10-09 20:58:33,857 [INFO] Época 18/30, Batch 2050/3348, Loss: 0.4572
2025-10-09 20:58:34,118 [INFO] Época 18/30, Batch 2100/3348, Loss: 0.2785
2025-10-09 20:58:34,376 [INFO] Época 18/30, Batch 2150/3348, Loss: 0.3472
2025-10-09 20:58:34,636 [INFO] Época 18/30, Batch 2200/3348, Loss: 0.3303
2025-10-09 20:58:34,895 [INFO] Época 18/30, Batch 2250/3348, Loss: 0.3614
2025-10-09 20:58:35,153 [INFO] Época 18/30, Batch 2300/3348, Loss: 0.2872
2025-10-09 20:58:35,413 [INFO] Época 18/30, Batch 2350/3348, Loss: 0.3483
2025-10-09 20:58:35,673 [INFO] Época 18/30, Batch 2400/3348, Loss: 0.4182
2025-10-09 20:58:35,934 [INFO] Época 18/30, Batch 2450/3348, Loss: 0.2310
2025-10-09 20:58:36,195 [INFO] Época 18/30, Batch 2500/3348, Loss: 0.3589
2025-10-09 20:58:36,455 [INFO] Época 18/30, Batch 2550/3348, Loss: 0.2387
2025-10-09 20:58:36,717 [INFO] Época 18/30, Batch 2600/3348, Loss: 0.2264
2025-10-09 20:58:36,980 [INFO] Época 18/30, Batch 2650/3348, Loss: 0.3349
2025-10-09 20:58:37,240 [INFO] Época 18/30, Batch 2700/3348, Loss: 0.3318
2025-10-09 20:58:37,500 [INFO] Época 18/30, Batch 2750/3348, Loss: 0.3114
2025-10-09 20:58:37,760 [INFO] Época 18/30, Batch 2800/3348, Loss: 0.4038
2025-10-09 20:58:38,020 [INFO] Época 18/30, Batch 2850/3348, Loss: 0.2942
2025-10-09 20:58:38,279 [INFO] Época 18/30, Batch 2900/3348, Loss: 0.4051
2025-10-09 20:58:38,539 [INFO] Época 18/30, Batch 2950/3348, Loss: 0.3771
2025-10-09 20:58:38,798 [INFO] Época 18/30, Batch 3000/3348, Loss: 0.2599
2025-10-09 20:58:39,057 [INFO] Época 18/30, Batch 3050/3348, Loss: 0.3495
2025-10-09 20:58:39,316 [INFO] Época 18/30, Batch 3100/3348, Loss: 0.3211
2025-10-09 20:58:39,578 [INFO] Época 18/30, Batch 3150/3348, Loss: 0.4302
2025-10-09 20:58:39,840 [INFO] Época 18/30, Batch 3200/3348, Loss: 0.2936
2025-10-09 20:58:40,102 [INFO] Época 18/30, Batch 3250/3348, Loss: 0.3290
2025-10-09 20:58:40,365 [INFO] Época 18/30, Batch 3300/3348, Loss: 0.4042
2025-10-09 20:58:42,211 [INFO] [18/30] Train Loss: 0.3327 | Val Loss: 0.3671 | Tempo: 19.51s
2025-10-09 20:58:42,817 [INFO] Época 19/30, Batch 50/3348, Loss: 0.2760
2025-10-09 20:58:43,090 [INFO] Época 19/30, Batch 100/3348, Loss: 0.3972
2025-10-09 20:58:43,358 [INFO] Época 19/30, Batch 150/3348, Loss: 0.2749
2025-10-09 20:58:43,624 [INFO] Época 19/30, Batch 200/3348, Loss: 0.2634
2025-10-09 20:58:43,887 [INFO] Época 19/30, Batch 250/3348, Loss: 0.2609
2025-10-09 20:58:44,147 [INFO] Época 19/30, Batch 300/3348, Loss: 0.3233
2025-10-09 20:58:44,407 [INFO] Época 19/30, Batch 350/3348, Loss: 0.2023
2025-10-09 20:58:44,668 [INFO] Época 19/30, Batch 400/3348, Loss: 0.3745
2025-10-09 20:58:44,926 [INFO] Época 19/30, Batch 450/3348, Loss: 0.2288
2025-10-09 20:58:45,193 [INFO] Época 19/30, Batch 500/3348, Loss: 0.2498
2025-10-09 20:58:45,455 [INFO] Época 19/30, Batch 550/3348, Loss: 0.1813
2025-10-09 20:58:45,715 [INFO] Época 19/30, Batch 600/3348, Loss: 0.2944
2025-10-09 20:58:45,978 [INFO] Época 19/30, Batch 650/3348, Loss: 0.2235
2025-10-09 20:58:46,239 [INFO] Época 19/30, Batch 700/3348, Loss: 0.2901
2025-10-09 20:58:46,500 [INFO] Época 19/30, Batch 750/3348, Loss: 0.3142
2025-10-09 20:58:46,760 [INFO] Época 19/30, Batch 800/3348, Loss: 0.4078
2025-10-09 20:58:47,022 [INFO] Época 19/30, Batch 850/3348, Loss: 0.3477
2025-10-09 20:58:47,283 [INFO] Época 19/30, Batch 900/3348, Loss: 0.2946
2025-10-09 20:58:47,537 [INFO] Época 19/30, Batch 950/3348, Loss: 0.4184
2025-10-09 20:58:47,791 [INFO] Época 19/30, Batch 1000/3348, Loss: 0.3916
2025-10-09 20:58:48,045 [INFO] Época 19/30, Batch 1050/3348, Loss: 0.2993
2025-10-09 20:58:48,306 [INFO] Época 19/30, Batch 1100/3348, Loss: 0.2839
2025-10-09 20:58:48,569 [INFO] Época 19/30, Batch 1150/3348, Loss: 0.3100
2025-10-09 20:58:48,834 [INFO] Época 19/30, Batch 1200/3348, Loss: 0.3888
2025-10-09 20:58:49,100 [INFO] Época 19/30, Batch 1250/3348, Loss: 0.3161
2025-10-09 20:58:49,365 [INFO] Época 19/30, Batch 1300/3348, Loss: 0.3381
2025-10-09 20:58:49,630 [INFO] Época 19/30, Batch 1350/3348, Loss: 0.3514
2025-10-09 20:58:49,894 [INFO] Época 19/30, Batch 1400/3348, Loss: 0.3842
2025-10-09 20:58:50,159 [INFO] Época 19/30, Batch 1450/3348, Loss: 0.2635
2025-10-09 20:58:50,425 [INFO] Época 19/30, Batch 1500/3348, Loss: 0.3216
2025-10-09 20:58:50,689 [INFO] Época 19/30, Batch 1550/3348, Loss: 0.2844
2025-10-09 20:58:50,952 [INFO] Época 19/30, Batch 1600/3348, Loss: 0.2562
2025-10-09 20:58:51,215 [INFO] Época 19/30, Batch 1650/3348, Loss: 0.2954
2025-10-09 20:58:51,477 [INFO] Época 19/30, Batch 1700/3348, Loss: 0.2262
2025-10-09 20:58:51,742 [INFO] Época 19/30, Batch 1750/3348, Loss: 0.3716
2025-10-09 20:58:52,006 [INFO] Época 19/30, Batch 1800/3348, Loss: 0.4618
2025-10-09 20:58:52,271 [INFO] Época 19/30, Batch 1850/3348, Loss: 0.3051
2025-10-09 20:58:52,537 [INFO] Época 19/30, Batch 1900/3348, Loss: 0.4467
2025-10-09 20:58:52,802 [INFO] Época 19/30, Batch 1950/3348, Loss: 0.3255
2025-10-09 20:58:53,066 [INFO] Época 19/30, Batch 2000/3348, Loss: 0.3670
2025-10-09 20:58:53,328 [INFO] Época 19/30, Batch 2050/3348, Loss: 0.3854
2025-10-09 20:58:53,593 [INFO] Época 19/30, Batch 2100/3348, Loss: 0.5609
2025-10-09 20:58:53,859 [INFO] Época 19/30, Batch 2150/3348, Loss: 0.3261
2025-10-09 20:58:54,124 [INFO] Época 19/30, Batch 2200/3348, Loss: 0.3802
2025-10-09 20:58:54,387 [INFO] Época 19/30, Batch 2250/3348, Loss: 0.2700
2025-10-09 20:58:54,651 [INFO] Época 19/30, Batch 2300/3348, Loss: 0.2255
2025-10-09 20:58:54,913 [INFO] Época 19/30, Batch 2350/3348, Loss: 0.2765
2025-10-09 20:58:55,177 [INFO] Época 19/30, Batch 2400/3348, Loss: 0.3359
2025-10-09 20:58:55,440 [INFO] Época 19/30, Batch 2450/3348, Loss: 0.2297
2025-10-09 20:58:55,702 [INFO] Época 19/30, Batch 2500/3348, Loss: 0.5965
2025-10-09 20:58:55,967 [INFO] Época 19/30, Batch 2550/3348, Loss: 0.3765
2025-10-09 20:58:56,232 [INFO] Época 19/30, Batch 2600/3348, Loss: 0.3670
2025-10-09 20:58:56,499 [INFO] Época 19/30, Batch 2650/3348, Loss: 0.3768
2025-10-09 20:58:56,763 [INFO] Época 19/30, Batch 2700/3348, Loss: 0.2354
2025-10-09 20:58:57,026 [INFO] Época 19/30, Batch 2750/3348, Loss: 0.3476
2025-10-09 20:58:57,290 [INFO] Época 19/30, Batch 2800/3348, Loss: 0.3778
2025-10-09 20:58:57,555 [INFO] Época 19/30, Batch 2850/3348, Loss: 0.2479
2025-10-09 20:58:57,825 [INFO] Época 19/30, Batch 2900/3348, Loss: 0.3016
2025-10-09 20:58:58,089 [INFO] Época 19/30, Batch 2950/3348, Loss: 0.5910
2025-10-09 20:58:58,354 [INFO] Época 19/30, Batch 3000/3348, Loss: 0.2269
2025-10-09 20:58:58,619 [INFO] Época 19/30, Batch 3050/3348, Loss: 0.2597
2025-10-09 20:58:58,885 [INFO] Época 19/30, Batch 3100/3348, Loss: 0.5673
2025-10-09 20:58:59,152 [INFO] Época 19/30, Batch 3150/3348, Loss: 0.2941
2025-10-09 20:58:59,416 [INFO] Época 19/30, Batch 3200/3348, Loss: 0.3451
2025-10-09 20:58:59,685 [INFO] Época 19/30, Batch 3250/3348, Loss: 0.3558
2025-10-09 20:58:59,951 [INFO] Época 19/30, Batch 3300/3348, Loss: 0.3789
2025-10-09 20:59:01,889 [INFO] [19/30] Train Loss: 0.3308 | Val Loss: 0.3651 | Tempo: 19.68s
2025-10-09 20:59:02,516 [INFO] Época 20/30, Batch 50/3348, Loss: 0.2684
2025-10-09 20:59:02,795 [INFO] Época 20/30, Batch 100/3348, Loss: 0.2904
2025-10-09 20:59:03,073 [INFO] Época 20/30, Batch 150/3348, Loss: 0.3009
2025-10-09 20:59:03,346 [INFO] Época 20/30, Batch 200/3348, Loss: 0.3170
2025-10-09 20:59:03,620 [INFO] Época 20/30, Batch 250/3348, Loss: 0.2889
2025-10-09 20:59:03,895 [INFO] Época 20/30, Batch 300/3348, Loss: 0.3870
2025-10-09 20:59:04,168 [INFO] Época 20/30, Batch 350/3348, Loss: 0.2610
2025-10-09 20:59:04,443 [INFO] Época 20/30, Batch 400/3348, Loss: 0.2667
2025-10-09 20:59:04,720 [INFO] Época 20/30, Batch 450/3348, Loss: 0.3185
2025-10-09 20:59:04,996 [INFO] Época 20/30, Batch 500/3348, Loss: 0.4703
2025-10-09 20:59:05,270 [INFO] Época 20/30, Batch 550/3348, Loss: 0.3652
2025-10-09 20:59:05,546 [INFO] Época 20/30, Batch 600/3348, Loss: 0.2321
2025-10-09 20:59:05,817 [INFO] Época 20/30, Batch 650/3348, Loss: 0.2989
2025-10-09 20:59:06,073 [INFO] Época 20/30, Batch 700/3348, Loss: 0.3670
2025-10-09 20:59:06,330 [INFO] Época 20/30, Batch 750/3348, Loss: 0.3512
2025-10-09 20:59:06,581 [INFO] Época 20/30, Batch 800/3348, Loss: 0.4336
2025-10-09 20:59:06,832 [INFO] Época 20/30, Batch 850/3348, Loss: 0.3095
2025-10-09 20:59:07,086 [INFO] Época 20/30, Batch 900/3348, Loss: 0.2617
2025-10-09 20:59:07,337 [INFO] Época 20/30, Batch 950/3348, Loss: 0.3400
2025-10-09 20:59:07,588 [INFO] Época 20/30, Batch 1000/3348, Loss: 0.3117
2025-10-09 20:59:07,840 [INFO] Época 20/30, Batch 1050/3348, Loss: 0.2445
2025-10-09 20:59:08,091 [INFO] Época 20/30, Batch 1100/3348, Loss: 0.3268
2025-10-09 20:59:08,352 [INFO] Época 20/30, Batch 1150/3348, Loss: 0.4236
2025-10-09 20:59:08,617 [INFO] Época 20/30, Batch 1200/3348, Loss: 0.2617
2025-10-09 20:59:08,881 [INFO] Época 20/30, Batch 1250/3348, Loss: 0.3513
2025-10-09 20:59:09,145 [INFO] Época 20/30, Batch 1300/3348, Loss: 0.3182
2025-10-09 20:59:09,419 [INFO] Época 20/30, Batch 1350/3348, Loss: 0.3436
2025-10-09 20:59:09,695 [INFO] Época 20/30, Batch 1400/3348, Loss: 0.2895
2025-10-09 20:59:09,971 [INFO] Época 20/30, Batch 1450/3348, Loss: 0.2408
2025-10-09 20:59:10,247 [INFO] Época 20/30, Batch 1500/3348, Loss: 0.3003
2025-10-09 20:59:10,522 [INFO] Época 20/30, Batch 1550/3348, Loss: 0.3296
2025-10-09 20:59:10,797 [INFO] Época 20/30, Batch 1600/3348, Loss: 0.2115
2025-10-09 20:59:11,071 [INFO] Época 20/30, Batch 1650/3348, Loss: 0.3615
2025-10-09 20:59:11,345 [INFO] Época 20/30, Batch 1700/3348, Loss: 0.2679
2025-10-09 20:59:11,620 [INFO] Época 20/30, Batch 1750/3348, Loss: 0.3518
2025-10-09 20:59:11,894 [INFO] Época 20/30, Batch 1800/3348, Loss: 0.2194
2025-10-09 20:59:12,171 [INFO] Época 20/30, Batch 1850/3348, Loss: 0.2776
2025-10-09 20:59:12,448 [INFO] Época 20/30, Batch 1900/3348, Loss: 0.3888
2025-10-09 20:59:12,725 [INFO] Época 20/30, Batch 1950/3348, Loss: 0.3178
2025-10-09 20:59:13,000 [INFO] Época 20/30, Batch 2000/3348, Loss: 0.3148
2025-10-09 20:59:13,276 [INFO] Época 20/30, Batch 2050/3348, Loss: 0.4439
2025-10-09 20:59:13,544 [INFO] Época 20/30, Batch 2100/3348, Loss: 0.3185
2025-10-09 20:59:13,806 [INFO] Época 20/30, Batch 2150/3348, Loss: 0.3049
2025-10-09 20:59:14,072 [INFO] Época 20/30, Batch 2200/3348, Loss: 0.4707
2025-10-09 20:59:14,335 [INFO] Época 20/30, Batch 2250/3348, Loss: 0.2664
2025-10-09 20:59:14,598 [INFO] Época 20/30, Batch 2300/3348, Loss: 0.2010
2025-10-09 20:59:14,863 [INFO] Época 20/30, Batch 2350/3348, Loss: 0.2569
2025-10-09 20:59:15,129 [INFO] Época 20/30, Batch 2400/3348, Loss: 0.4690
2025-10-09 20:59:15,392 [INFO] Época 20/30, Batch 2450/3348, Loss: 0.4464
2025-10-09 20:59:15,656 [INFO] Época 20/30, Batch 2500/3348, Loss: 0.3813
2025-10-09 20:59:15,919 [INFO] Época 20/30, Batch 2550/3348, Loss: 0.3229
2025-10-09 20:59:16,190 [INFO] Época 20/30, Batch 2600/3348, Loss: 0.3929
2025-10-09 20:59:16,467 [INFO] Época 20/30, Batch 2650/3348, Loss: 0.3062
2025-10-09 20:59:16,742 [INFO] Época 20/30, Batch 2700/3348, Loss: 0.3693
2025-10-09 20:59:17,016 [INFO] Época 20/30, Batch 2750/3348, Loss: 0.3617
2025-10-09 20:59:17,290 [INFO] Época 20/30, Batch 2800/3348, Loss: 0.2482
2025-10-09 20:59:17,567 [INFO] Época 20/30, Batch 2850/3348, Loss: 0.3747
2025-10-09 20:59:17,840 [INFO] Época 20/30, Batch 2900/3348, Loss: 0.4575
2025-10-09 20:59:18,116 [INFO] Época 20/30, Batch 2950/3348, Loss: 0.2862
2025-10-09 20:59:18,390 [INFO] Época 20/30, Batch 3000/3348, Loss: 0.2791
2025-10-09 20:59:18,664 [INFO] Época 20/30, Batch 3050/3348, Loss: 0.4408
2025-10-09 20:59:18,927 [INFO] Época 20/30, Batch 3100/3348, Loss: 0.2809
2025-10-09 20:59:19,190 [INFO] Época 20/30, Batch 3150/3348, Loss: 0.2388
2025-10-09 20:59:19,453 [INFO] Época 20/30, Batch 3200/3348, Loss: 0.5554
2025-10-09 20:59:19,716 [INFO] Época 20/30, Batch 3250/3348, Loss: 0.3329
2025-10-09 20:59:19,980 [INFO] Época 20/30, Batch 3300/3348, Loss: 0.3145
2025-10-09 20:59:21,758 [INFO] [20/30] Train Loss: 0.3282 | Val Loss: 0.3645 | Tempo: 19.87s
2025-10-09 20:59:22,364 [INFO] Época 21/30, Batch 50/3348, Loss: 0.4194
2025-10-09 20:59:22,630 [INFO] Época 21/30, Batch 100/3348, Loss: 0.3376
2025-10-09 20:59:22,896 [INFO] Época 21/30, Batch 150/3348, Loss: 0.3484
2025-10-09 20:59:23,160 [INFO] Época 21/30, Batch 200/3348, Loss: 0.2636
2025-10-09 20:59:23,424 [INFO] Época 21/30, Batch 250/3348, Loss: 0.2378
2025-10-09 20:59:23,687 [INFO] Época 21/30, Batch 300/3348, Loss: 0.2497
2025-10-09 20:59:23,948 [INFO] Época 21/30, Batch 350/3348, Loss: 0.3234
2025-10-09 20:59:24,210 [INFO] Época 21/30, Batch 400/3348, Loss: 0.3475
2025-10-09 20:59:24,470 [INFO] Época 21/30, Batch 450/3348, Loss: 0.3099
2025-10-09 20:59:24,732 [INFO] Época 21/30, Batch 500/3348, Loss: 0.4171
2025-10-09 20:59:24,993 [INFO] Época 21/30, Batch 550/3348, Loss: 0.3285
2025-10-09 20:59:25,252 [INFO] Época 21/30, Batch 600/3348, Loss: 0.4521
2025-10-09 20:59:25,512 [INFO] Época 21/30, Batch 650/3348, Loss: 0.1649
2025-10-09 20:59:25,774 [INFO] Época 21/30, Batch 700/3348, Loss: 0.4114
2025-10-09 20:59:26,036 [INFO] Época 21/30, Batch 750/3348, Loss: 0.3335
2025-10-09 20:59:26,298 [INFO] Época 21/30, Batch 800/3348, Loss: 0.3310
2025-10-09 20:59:26,560 [INFO] Época 21/30, Batch 850/3348, Loss: 0.3547
2025-10-09 20:59:26,821 [INFO] Época 21/30, Batch 900/3348, Loss: 0.3538
2025-10-09 20:59:27,084 [INFO] Época 21/30, Batch 950/3348, Loss: 0.2395
2025-10-09 20:59:27,344 [INFO] Época 21/30, Batch 1000/3348, Loss: 0.3514
2025-10-09 20:59:27,605 [INFO] Época 21/30, Batch 1050/3348, Loss: 0.3244
2025-10-09 20:59:27,865 [INFO] Época 21/30, Batch 1100/3348, Loss: 0.4295
2025-10-09 20:59:28,126 [INFO] Época 21/30, Batch 1150/3348, Loss: 0.3497
2025-10-09 20:59:28,387 [INFO] Época 21/30, Batch 1200/3348, Loss: 0.3397
2025-10-09 20:59:28,649 [INFO] Época 21/30, Batch 1250/3348, Loss: 0.3163
2025-10-09 20:59:28,910 [INFO] Época 21/30, Batch 1300/3348, Loss: 0.2674
2025-10-09 20:59:29,170 [INFO] Época 21/30, Batch 1350/3348, Loss: 0.3634
2025-10-09 20:59:29,431 [INFO] Época 21/30, Batch 1400/3348, Loss: 0.2845
2025-10-09 20:59:29,694 [INFO] Época 21/30, Batch 1450/3348, Loss: 0.3515
2025-10-09 20:59:29,955 [INFO] Época 21/30, Batch 1500/3348, Loss: 0.3379
2025-10-09 20:59:30,215 [INFO] Época 21/30, Batch 1550/3348, Loss: 0.1852
2025-10-09 20:59:30,475 [INFO] Época 21/30, Batch 1600/3348, Loss: 0.4727
2025-10-09 20:59:30,736 [INFO] Época 21/30, Batch 1650/3348, Loss: 0.3030
2025-10-09 20:59:30,999 [INFO] Época 21/30, Batch 1700/3348, Loss: 0.4250
2025-10-09 20:59:31,260 [INFO] Época 21/30, Batch 1750/3348, Loss: 0.3641
2025-10-09 20:59:31,521 [INFO] Época 21/30, Batch 1800/3348, Loss: 0.4005
2025-10-09 20:59:31,781 [INFO] Época 21/30, Batch 1850/3348, Loss: 0.4112
2025-10-09 20:59:32,043 [INFO] Época 21/30, Batch 1900/3348, Loss: 0.2728
2025-10-09 20:59:32,306 [INFO] Época 21/30, Batch 1950/3348, Loss: 0.2350
2025-10-09 20:59:32,566 [INFO] Época 21/30, Batch 2000/3348, Loss: 0.3933
2025-10-09 20:59:32,827 [INFO] Época 21/30, Batch 2050/3348, Loss: 0.2573
2025-10-09 20:59:33,091 [INFO] Época 21/30, Batch 2100/3348, Loss: 0.3880
2025-10-09 20:59:33,352 [INFO] Época 21/30, Batch 2150/3348, Loss: 0.3790
2025-10-09 20:59:33,614 [INFO] Época 21/30, Batch 2200/3348, Loss: 0.3439
2025-10-09 20:59:33,875 [INFO] Época 21/30, Batch 2250/3348, Loss: 0.2383
2025-10-09 20:59:34,136 [INFO] Época 21/30, Batch 2300/3348, Loss: 0.3467
2025-10-09 20:59:34,398 [INFO] Época 21/30, Batch 2350/3348, Loss: 0.2963
2025-10-09 20:59:34,663 [INFO] Época 21/30, Batch 2400/3348, Loss: 0.2757
2025-10-09 20:59:34,925 [INFO] Época 21/30, Batch 2450/3348, Loss: 0.2728
2025-10-09 20:59:35,189 [INFO] Época 21/30, Batch 2500/3348, Loss: 0.2651
2025-10-09 20:59:35,451 [INFO] Época 21/30, Batch 2550/3348, Loss: 0.3963
2025-10-09 20:59:35,712 [INFO] Época 21/30, Batch 2600/3348, Loss: 0.4149
2025-10-09 20:59:35,971 [INFO] Época 21/30, Batch 2650/3348, Loss: 0.2259
2025-10-09 20:59:36,232 [INFO] Época 21/30, Batch 2700/3348, Loss: 0.4157
2025-10-09 20:59:36,493 [INFO] Época 21/30, Batch 2750/3348, Loss: 0.3567
2025-10-09 20:59:36,754 [INFO] Época 21/30, Batch 2800/3348, Loss: 0.2619
2025-10-09 20:59:37,015 [INFO] Época 21/30, Batch 2850/3348, Loss: 0.3323
2025-10-09 20:59:37,277 [INFO] Época 21/30, Batch 2900/3348, Loss: 0.3593
2025-10-09 20:59:37,540 [INFO] Época 21/30, Batch 2950/3348, Loss: 0.3323
2025-10-09 20:59:37,806 [INFO] Época 21/30, Batch 3000/3348, Loss: 0.3823
2025-10-09 20:59:38,069 [INFO] Época 21/30, Batch 3050/3348, Loss: 0.3809
2025-10-09 20:59:38,329 [INFO] Época 21/30, Batch 3100/3348, Loss: 0.2488
2025-10-09 20:59:38,592 [INFO] Época 21/30, Batch 3150/3348, Loss: 0.4013
2025-10-09 20:59:38,852 [INFO] Época 21/30, Batch 3200/3348, Loss: 0.3050
2025-10-09 20:59:39,114 [INFO] Época 21/30, Batch 3250/3348, Loss: 0.2436
2025-10-09 20:59:39,374 [INFO] Época 21/30, Batch 3300/3348, Loss: 0.3407
2025-10-09 20:59:41,234 [INFO] [21/30] Train Loss: 0.3269 | Val Loss: 0.3680 | Tempo: 19.48s
2025-10-09 20:59:41,837 [INFO] Época 22/30, Batch 50/3348, Loss: 0.3666
2025-10-09 20:59:42,109 [INFO] Época 22/30, Batch 100/3348, Loss: 0.3412
2025-10-09 20:59:42,377 [INFO] Época 22/30, Batch 150/3348, Loss: 0.1927
2025-10-09 20:59:42,644 [INFO] Época 22/30, Batch 200/3348, Loss: 0.3142
2025-10-09 20:59:42,908 [INFO] Época 22/30, Batch 250/3348, Loss: 0.3571
2025-10-09 20:59:43,171 [INFO] Época 22/30, Batch 300/3348, Loss: 0.2525
2025-10-09 20:59:43,435 [INFO] Época 22/30, Batch 350/3348, Loss: 0.2479
2025-10-09 20:59:43,701 [INFO] Época 22/30, Batch 400/3348, Loss: 0.4069
2025-10-09 20:59:43,970 [INFO] Época 22/30, Batch 450/3348, Loss: 0.3951
2025-10-09 20:59:44,242 [INFO] Época 22/30, Batch 500/3348, Loss: 0.2356
2025-10-09 20:59:44,512 [INFO] Época 22/30, Batch 550/3348, Loss: 0.3019
2025-10-09 20:59:44,784 [INFO] Época 22/30, Batch 600/3348, Loss: 0.2798
2025-10-09 20:59:45,049 [INFO] Época 22/30, Batch 650/3348, Loss: 0.3030
2025-10-09 20:59:45,312 [INFO] Época 22/30, Batch 700/3348, Loss: 0.3335
2025-10-09 20:59:45,573 [INFO] Época 22/30, Batch 750/3348, Loss: 0.3395
2025-10-09 20:59:45,836 [INFO] Época 22/30, Batch 800/3348, Loss: 0.2895
2025-10-09 20:59:46,099 [INFO] Época 22/30, Batch 850/3348, Loss: 0.5180
2025-10-09 20:59:46,360 [INFO] Época 22/30, Batch 900/3348, Loss: 0.2915
2025-10-09 20:59:46,623 [INFO] Época 22/30, Batch 950/3348, Loss: 0.3807
2025-10-09 20:59:46,884 [INFO] Época 22/30, Batch 1000/3348, Loss: 0.3585
2025-10-09 20:59:47,146 [INFO] Época 22/30, Batch 1050/3348, Loss: 0.2834
2025-10-09 20:59:47,410 [INFO] Época 22/30, Batch 1100/3348, Loss: 0.2577
2025-10-09 20:59:47,672 [INFO] Época 22/30, Batch 1150/3348, Loss: 0.2031
2025-10-09 20:59:47,937 [INFO] Época 22/30, Batch 1200/3348, Loss: 0.2553
2025-10-09 20:59:48,199 [INFO] Época 22/30, Batch 1250/3348, Loss: 0.3263
2025-10-09 20:59:48,463 [INFO] Época 22/30, Batch 1300/3348, Loss: 0.6065
2025-10-09 20:59:48,730 [INFO] Época 22/30, Batch 1350/3348, Loss: 0.3970
2025-10-09 20:59:48,998 [INFO] Época 22/30, Batch 1400/3348, Loss: 0.2995
2025-10-09 20:59:49,264 [INFO] Época 22/30, Batch 1450/3348, Loss: 0.3473
2025-10-09 20:59:49,532 [INFO] Época 22/30, Batch 1500/3348, Loss: 0.3300
2025-10-09 20:59:49,801 [INFO] Época 22/30, Batch 1550/3348, Loss: 0.3023
2025-10-09 20:59:50,070 [INFO] Época 22/30, Batch 1600/3348, Loss: 0.2693
2025-10-09 20:59:50,333 [INFO] Época 22/30, Batch 1650/3348, Loss: 0.3217
2025-10-09 20:59:50,595 [INFO] Época 22/30, Batch 1700/3348, Loss: 0.4599
2025-10-09 20:59:50,857 [INFO] Época 22/30, Batch 1750/3348, Loss: 0.3673
2025-10-09 20:59:51,119 [INFO] Época 22/30, Batch 1800/3348, Loss: 0.2918
2025-10-09 20:59:51,382 [INFO] Época 22/30, Batch 1850/3348, Loss: 0.4448
2025-10-09 20:59:51,646 [INFO] Época 22/30, Batch 1900/3348, Loss: 0.3861
2025-10-09 20:59:51,908 [INFO] Época 22/30, Batch 1950/3348, Loss: 0.2912
2025-10-09 20:59:52,171 [INFO] Época 22/30, Batch 2000/3348, Loss: 0.2913
2025-10-09 20:59:52,432 [INFO] Época 22/30, Batch 2050/3348, Loss: 0.2995
2025-10-09 20:59:52,693 [INFO] Época 22/30, Batch 2100/3348, Loss: 0.2350
2025-10-09 20:59:52,956 [INFO] Época 22/30, Batch 2150/3348, Loss: 0.2818
2025-10-09 20:59:53,219 [INFO] Época 22/30, Batch 2200/3348, Loss: 0.3542
2025-10-09 20:59:53,481 [INFO] Época 22/30, Batch 2250/3348, Loss: 0.2610
2025-10-09 20:59:53,743 [INFO] Época 22/30, Batch 2300/3348, Loss: 0.3295
2025-10-09 20:59:54,007 [INFO] Época 22/30, Batch 2350/3348, Loss: 0.2191
2025-10-09 20:59:54,270 [INFO] Época 22/30, Batch 2400/3348, Loss: 0.3220
2025-10-09 20:59:54,533 [INFO] Época 22/30, Batch 2450/3348, Loss: 0.3272
2025-10-09 20:59:54,795 [INFO] Época 22/30, Batch 2500/3348, Loss: 0.2885
2025-10-09 20:59:55,056 [INFO] Época 22/30, Batch 2550/3348, Loss: 0.3869
2025-10-09 20:59:55,319 [INFO] Época 22/30, Batch 2600/3348, Loss: 0.4196
2025-10-09 20:59:55,583 [INFO] Época 22/30, Batch 2650/3348, Loss: 0.2797
2025-10-09 20:59:55,846 [INFO] Época 22/30, Batch 2700/3348, Loss: 0.2603
2025-10-09 20:59:56,109 [INFO] Época 22/30, Batch 2750/3348, Loss: 0.2755
2025-10-09 20:59:56,371 [INFO] Época 22/30, Batch 2800/3348, Loss: 0.3032
2025-10-09 20:59:56,634 [INFO] Época 22/30, Batch 2850/3348, Loss: 0.3199
2025-10-09 20:59:56,895 [INFO] Época 22/30, Batch 2900/3348, Loss: 0.2739
2025-10-09 20:59:57,156 [INFO] Época 22/30, Batch 2950/3348, Loss: 0.2865
2025-10-09 20:59:57,420 [INFO] Época 22/30, Batch 3000/3348, Loss: 0.4087
2025-10-09 20:59:57,683 [INFO] Época 22/30, Batch 3050/3348, Loss: 0.2963
2025-10-09 20:59:57,952 [INFO] Época 22/30, Batch 3100/3348, Loss: 0.3493
2025-10-09 20:59:58,218 [INFO] Época 22/30, Batch 3150/3348, Loss: 0.2474
2025-10-09 20:59:58,485 [INFO] Época 22/30, Batch 3200/3348, Loss: 0.3378
2025-10-09 20:59:58,749 [INFO] Época 22/30, Batch 3250/3348, Loss: 0.4053
2025-10-09 20:59:59,010 [INFO] Época 22/30, Batch 3300/3348, Loss: 0.3865
2025-10-09 21:00:00,824 [INFO] [22/30] Train Loss: 0.3242 | Val Loss: 0.3657 | Tempo: 19.59s
2025-10-09 21:00:01,427 [INFO] Época 23/30, Batch 50/3348, Loss: 0.3762
2025-10-09 21:00:01,700 [INFO] Época 23/30, Batch 100/3348, Loss: 0.3095
2025-10-09 21:00:01,965 [INFO] Época 23/30, Batch 150/3348, Loss: 0.2605
2025-10-09 21:00:02,229 [INFO] Época 23/30, Batch 200/3348, Loss: 0.3045
2025-10-09 21:00:02,492 [INFO] Época 23/30, Batch 250/3348, Loss: 0.3887
2025-10-09 21:00:02,753 [INFO] Época 23/30, Batch 300/3348, Loss: 0.3125
2025-10-09 21:00:03,017 [INFO] Época 23/30, Batch 350/3348, Loss: 0.4017
2025-10-09 21:00:03,283 [INFO] Época 23/30, Batch 400/3348, Loss: 0.2770
2025-10-09 21:00:03,546 [INFO] Época 23/30, Batch 450/3348, Loss: 0.3831
2025-10-09 21:00:03,806 [INFO] Época 23/30, Batch 500/3348, Loss: 0.3452
2025-10-09 21:00:04,066 [INFO] Época 23/30, Batch 550/3348, Loss: 0.2524
2025-10-09 21:00:04,327 [INFO] Época 23/30, Batch 600/3348, Loss: 0.2358
2025-10-09 21:00:04,589 [INFO] Época 23/30, Batch 650/3348, Loss: 0.2781
2025-10-09 21:00:04,851 [INFO] Época 23/30, Batch 700/3348, Loss: 0.3119
2025-10-09 21:00:05,111 [INFO] Época 23/30, Batch 750/3348, Loss: 0.3178
2025-10-09 21:00:05,371 [INFO] Época 23/30, Batch 800/3348, Loss: 0.3205
2025-10-09 21:00:05,625 [INFO] Época 23/30, Batch 850/3348, Loss: 0.3431
2025-10-09 21:00:05,878 [INFO] Época 23/30, Batch 900/3348, Loss: 0.4089
2025-10-09 21:00:06,128 [INFO] Época 23/30, Batch 950/3348, Loss: 0.4031
2025-10-09 21:00:06,381 [INFO] Época 23/30, Batch 1000/3348, Loss: 0.3894
2025-10-09 21:00:06,632 [INFO] Época 23/30, Batch 1050/3348, Loss: 0.4288
2025-10-09 21:00:06,882 [INFO] Época 23/30, Batch 1100/3348, Loss: 0.4381
2025-10-09 21:00:07,133 [INFO] Época 23/30, Batch 1150/3348, Loss: 0.2390
2025-10-09 21:00:07,387 [INFO] Época 23/30, Batch 1200/3348, Loss: 0.3075
2025-10-09 21:00:07,653 [INFO] Época 23/30, Batch 1250/3348, Loss: 0.2491
2025-10-09 21:00:07,923 [INFO] Época 23/30, Batch 1300/3348, Loss: 0.3478
2025-10-09 21:00:08,192 [INFO] Época 23/30, Batch 1350/3348, Loss: 0.2708
2025-10-09 21:00:08,462 [INFO] Época 23/30, Batch 1400/3348, Loss: 0.3588
2025-10-09 21:00:08,735 [INFO] Época 23/30, Batch 1450/3348, Loss: 0.3302
2025-10-09 21:00:09,008 [INFO] Época 23/30, Batch 1500/3348, Loss: 0.2965
2025-10-09 21:00:09,277 [INFO] Época 23/30, Batch 1550/3348, Loss: 0.2809
2025-10-09 21:00:09,539 [INFO] Época 23/30, Batch 1600/3348, Loss: 0.3225
2025-10-09 21:00:09,800 [INFO] Época 23/30, Batch 1650/3348, Loss: 0.3636
2025-10-09 21:00:10,060 [INFO] Época 23/30, Batch 1700/3348, Loss: 0.2174
2025-10-09 21:00:10,321 [INFO] Época 23/30, Batch 1750/3348, Loss: 0.3407
2025-10-09 21:00:10,590 [INFO] Época 23/30, Batch 1800/3348, Loss: 0.3131
2025-10-09 21:00:10,861 [INFO] Época 23/30, Batch 1850/3348, Loss: 0.3105
2025-10-09 21:00:11,131 [INFO] Época 23/30, Batch 1900/3348, Loss: 0.2886
2025-10-09 21:00:11,404 [INFO] Época 23/30, Batch 1950/3348, Loss: 0.3343
2025-10-09 21:00:11,675 [INFO] Época 23/30, Batch 2000/3348, Loss: 0.3339
2025-10-09 21:00:11,948 [INFO] Época 23/30, Batch 2050/3348, Loss: 0.3468
2025-10-09 21:00:12,221 [INFO] Época 23/30, Batch 2100/3348, Loss: 0.3959
2025-10-09 21:00:12,497 [INFO] Época 23/30, Batch 2150/3348, Loss: 0.2665
2025-10-09 21:00:12,762 [INFO] Época 23/30, Batch 2200/3348, Loss: 0.3235
2025-10-09 21:00:13,024 [INFO] Época 23/30, Batch 2250/3348, Loss: 0.2927
2025-10-09 21:00:13,287 [INFO] Época 23/30, Batch 2300/3348, Loss: 0.2589
2025-10-09 21:00:13,551 [INFO] Época 23/30, Batch 2350/3348, Loss: 0.2751
2025-10-09 21:00:13,822 [INFO] Época 23/30, Batch 2400/3348, Loss: 0.1825
2025-10-09 21:00:14,095 [INFO] Época 23/30, Batch 2450/3348, Loss: 0.3162
2025-10-09 21:00:14,366 [INFO] Época 23/30, Batch 2500/3348, Loss: 0.3197
2025-10-09 21:00:14,635 [INFO] Época 23/30, Batch 2550/3348, Loss: 0.2853
2025-10-09 21:00:14,907 [INFO] Época 23/30, Batch 2600/3348, Loss: 0.2793
2025-10-09 21:00:15,177 [INFO] Época 23/30, Batch 2650/3348, Loss: 0.2776
2025-10-09 21:00:15,449 [INFO] Época 23/30, Batch 2700/3348, Loss: 0.3508
2025-10-09 21:00:15,723 [INFO] Época 23/30, Batch 2750/3348, Loss: 0.3221
2025-10-09 21:00:16,002 [INFO] Época 23/30, Batch 2800/3348, Loss: 0.2361
2025-10-09 21:00:16,282 [INFO] Época 23/30, Batch 2850/3348, Loss: 0.4234
2025-10-09 21:00:16,561 [INFO] Época 23/30, Batch 2900/3348, Loss: 0.3433
2025-10-09 21:00:16,838 [INFO] Época 23/30, Batch 2950/3348, Loss: 0.3044
2025-10-09 21:00:17,116 [INFO] Época 23/30, Batch 3000/3348, Loss: 0.4033
2025-10-09 21:00:17,393 [INFO] Época 23/30, Batch 3050/3348, Loss: 0.3276
2025-10-09 21:00:17,671 [INFO] Época 23/30, Batch 3100/3348, Loss: 0.2925
2025-10-09 21:00:17,949 [INFO] Época 23/30, Batch 3150/3348, Loss: 0.2931
2025-10-09 21:00:18,227 [INFO] Época 23/30, Batch 3200/3348, Loss: 0.3977
2025-10-09 21:00:18,507 [INFO] Época 23/30, Batch 3250/3348, Loss: 0.2317
2025-10-09 21:00:18,786 [INFO] Época 23/30, Batch 3300/3348, Loss: 0.2440
2025-10-09 21:00:20,622 [INFO] [23/30] Train Loss: 0.3223 | Val Loss: 0.3661 | Tempo: 19.80s
2025-10-09 21:00:21,226 [INFO] Época 24/30, Batch 50/3348, Loss: 0.2441
2025-10-09 21:00:21,490 [INFO] Época 24/30, Batch 100/3348, Loss: 0.3532
2025-10-09 21:00:21,755 [INFO] Época 24/30, Batch 150/3348, Loss: 0.4710
2025-10-09 21:00:22,019 [INFO] Época 24/30, Batch 200/3348, Loss: 0.4386
2025-10-09 21:00:22,281 [INFO] Época 24/30, Batch 250/3348, Loss: 0.2763
2025-10-09 21:00:22,542 [INFO] Época 24/30, Batch 300/3348, Loss: 0.3951
2025-10-09 21:00:22,803 [INFO] Época 24/30, Batch 350/3348, Loss: 0.3639
2025-10-09 21:00:23,066 [INFO] Época 24/30, Batch 400/3348, Loss: 0.2217
2025-10-09 21:00:23,326 [INFO] Época 24/30, Batch 450/3348, Loss: 0.2294
2025-10-09 21:00:23,588 [INFO] Época 24/30, Batch 500/3348, Loss: 0.3092
2025-10-09 21:00:23,850 [INFO] Época 24/30, Batch 550/3348, Loss: 0.3347
2025-10-09 21:00:24,113 [INFO] Época 24/30, Batch 600/3348, Loss: 0.5159
2025-10-09 21:00:24,374 [INFO] Época 24/30, Batch 650/3348, Loss: 0.3088
2025-10-09 21:00:24,638 [INFO] Época 24/30, Batch 700/3348, Loss: 0.2459
2025-10-09 21:00:24,898 [INFO] Época 24/30, Batch 750/3348, Loss: 0.3966
2025-10-09 21:00:25,160 [INFO] Época 24/30, Batch 800/3348, Loss: 0.3134
2025-10-09 21:00:25,422 [INFO] Época 24/30, Batch 850/3348, Loss: 0.4194
2025-10-09 21:00:25,683 [INFO] Época 24/30, Batch 900/3348, Loss: 0.3625
2025-10-09 21:00:25,944 [INFO] Época 24/30, Batch 950/3348, Loss: 0.2575
2025-10-09 21:00:26,203 [INFO] Época 24/30, Batch 1000/3348, Loss: 0.3525
2025-10-09 21:00:26,464 [INFO] Época 24/30, Batch 1050/3348, Loss: 0.3342
2025-10-09 21:00:26,726 [INFO] Época 24/30, Batch 1100/3348, Loss: 0.2924
2025-10-09 21:00:26,988 [INFO] Época 24/30, Batch 1150/3348, Loss: 0.2945
2025-10-09 21:00:27,247 [INFO] Época 24/30, Batch 1200/3348, Loss: 0.3458
2025-10-09 21:00:27,507 [INFO] Época 24/30, Batch 1250/3348, Loss: 0.3468
2025-10-09 21:00:27,768 [INFO] Época 24/30, Batch 1300/3348, Loss: 0.3451
2025-10-09 21:00:28,028 [INFO] Época 24/30, Batch 1350/3348, Loss: 0.3437
2025-10-09 21:00:28,287 [INFO] Época 24/30, Batch 1400/3348, Loss: 0.4451
2025-10-09 21:00:28,546 [INFO] Época 24/30, Batch 1450/3348, Loss: 0.4616
2025-10-09 21:00:28,806 [INFO] Época 24/30, Batch 1500/3348, Loss: 0.3698
2025-10-09 21:00:29,066 [INFO] Época 24/30, Batch 1550/3348, Loss: 0.4885
2025-10-09 21:00:29,325 [INFO] Época 24/30, Batch 1600/3348, Loss: 0.3786
2025-10-09 21:00:29,584 [INFO] Época 24/30, Batch 1650/3348, Loss: 0.3288
2025-10-09 21:00:29,843 [INFO] Época 24/30, Batch 1700/3348, Loss: 0.3234
2025-10-09 21:00:30,103 [INFO] Época 24/30, Batch 1750/3348, Loss: 0.2818
2025-10-09 21:00:30,362 [INFO] Época 24/30, Batch 1800/3348, Loss: 0.3072
2025-10-09 21:00:30,623 [INFO] Época 24/30, Batch 1850/3348, Loss: 0.3437
2025-10-09 21:00:30,883 [INFO] Época 24/30, Batch 1900/3348, Loss: 0.3176
2025-10-09 21:00:31,142 [INFO] Época 24/30, Batch 1950/3348, Loss: 0.4375
2025-10-09 21:00:31,404 [INFO] Época 24/30, Batch 2000/3348, Loss: 0.2506
2025-10-09 21:00:31,668 [INFO] Época 24/30, Batch 2050/3348, Loss: 0.4062
2025-10-09 21:00:31,928 [INFO] Época 24/30, Batch 2100/3348, Loss: 0.2893
2025-10-09 21:00:32,189 [INFO] Época 24/30, Batch 2150/3348, Loss: 0.3712
2025-10-09 21:00:32,449 [INFO] Época 24/30, Batch 2200/3348, Loss: 0.2984
2025-10-09 21:00:32,711 [INFO] Época 24/30, Batch 2250/3348, Loss: 0.2493
2025-10-09 21:00:32,973 [INFO] Época 24/30, Batch 2300/3348, Loss: 0.3398
2025-10-09 21:00:33,234 [INFO] Época 24/30, Batch 2350/3348, Loss: 0.4394
2025-10-09 21:00:33,495 [INFO] Época 24/30, Batch 2400/3348, Loss: 0.2385
2025-10-09 21:00:33,757 [INFO] Época 24/30, Batch 2450/3348, Loss: 0.3076
2025-10-09 21:00:34,017 [INFO] Época 24/30, Batch 2500/3348, Loss: 0.3224
2025-10-09 21:00:34,276 [INFO] Época 24/30, Batch 2550/3348, Loss: 0.2449
2025-10-09 21:00:34,538 [INFO] Época 24/30, Batch 2600/3348, Loss: 0.3559
2025-10-09 21:00:34,799 [INFO] Época 24/30, Batch 2650/3348, Loss: 0.3214
2025-10-09 21:00:35,059 [INFO] Época 24/30, Batch 2700/3348, Loss: 0.4111
2025-10-09 21:00:35,319 [INFO] Época 24/30, Batch 2750/3348, Loss: 0.2656
2025-10-09 21:00:35,577 [INFO] Época 24/30, Batch 2800/3348, Loss: 0.2817
2025-10-09 21:00:35,835 [INFO] Época 24/30, Batch 2850/3348, Loss: 0.3053
2025-10-09 21:00:36,094 [INFO] Época 24/30, Batch 2900/3348, Loss: 0.2491
2025-10-09 21:00:36,353 [INFO] Época 24/30, Batch 2950/3348, Loss: 0.3874
2025-10-09 21:00:36,612 [INFO] Época 24/30, Batch 3000/3348, Loss: 0.2221
2025-10-09 21:00:36,871 [INFO] Época 24/30, Batch 3050/3348, Loss: 0.2378
2025-10-09 21:00:37,136 [INFO] Época 24/30, Batch 3100/3348, Loss: 0.2884
2025-10-09 21:00:37,396 [INFO] Época 24/30, Batch 3150/3348, Loss: 0.2183
2025-10-09 21:00:37,656 [INFO] Época 24/30, Batch 3200/3348, Loss: 0.3477
2025-10-09 21:00:37,916 [INFO] Época 24/30, Batch 3250/3348, Loss: 0.2836
2025-10-09 21:00:38,176 [INFO] Época 24/30, Batch 3300/3348, Loss: 0.2662
2025-10-09 21:00:40,041 [INFO] [24/30] Train Loss: 0.3204 | Val Loss: 0.3646 | Tempo: 19.42s
2025-10-09 21:00:40,650 [INFO] Época 25/30, Batch 50/3348, Loss: 0.4859
2025-10-09 21:00:40,917 [INFO] Época 25/30, Batch 100/3348, Loss: 0.3183
2025-10-09 21:00:41,181 [INFO] Época 25/30, Batch 150/3348, Loss: 0.3118
2025-10-09 21:00:41,443 [INFO] Época 25/30, Batch 200/3348, Loss: 0.3091
2025-10-09 21:00:41,706 [INFO] Época 25/30, Batch 250/3348, Loss: 0.3685
2025-10-09 21:00:41,973 [INFO] Época 25/30, Batch 300/3348, Loss: 0.3611
2025-10-09 21:00:42,236 [INFO] Época 25/30, Batch 350/3348, Loss: 0.3698
2025-10-09 21:00:42,508 [INFO] Época 25/30, Batch 400/3348, Loss: 0.3945
2025-10-09 21:00:42,771 [INFO] Época 25/30, Batch 450/3348, Loss: 0.3729
2025-10-09 21:00:43,032 [INFO] Época 25/30, Batch 500/3348, Loss: 0.3243
2025-10-09 21:00:43,295 [INFO] Época 25/30, Batch 550/3348, Loss: 0.2822
2025-10-09 21:00:43,556 [INFO] Época 25/30, Batch 600/3348, Loss: 0.2925
2025-10-09 21:00:43,817 [INFO] Época 25/30, Batch 650/3348, Loss: 0.3817
2025-10-09 21:00:44,076 [INFO] Época 25/30, Batch 700/3348, Loss: 0.4402
2025-10-09 21:00:44,335 [INFO] Época 25/30, Batch 750/3348, Loss: 0.3210
2025-10-09 21:00:44,597 [INFO] Época 25/30, Batch 800/3348, Loss: 0.4090
2025-10-09 21:00:44,858 [INFO] Época 25/30, Batch 850/3348, Loss: 0.3466
2025-10-09 21:00:45,119 [INFO] Época 25/30, Batch 900/3348, Loss: 0.4015
2025-10-09 21:00:45,379 [INFO] Época 25/30, Batch 950/3348, Loss: 0.2714
2025-10-09 21:00:45,647 [INFO] Época 25/30, Batch 1000/3348, Loss: 0.3188
2025-10-09 21:00:45,917 [INFO] Época 25/30, Batch 1050/3348, Loss: 0.3560
2025-10-09 21:00:46,188 [INFO] Época 25/30, Batch 1100/3348, Loss: 0.2604
2025-10-09 21:00:46,461 [INFO] Época 25/30, Batch 1150/3348, Loss: 0.3070
2025-10-09 21:00:46,731 [INFO] Época 25/30, Batch 1200/3348, Loss: 0.3139
2025-10-09 21:00:47,002 [INFO] Época 25/30, Batch 1250/3348, Loss: 0.4260
2025-10-09 21:00:47,273 [INFO] Época 25/30, Batch 1300/3348, Loss: 0.3586
2025-10-09 21:00:47,545 [INFO] Época 25/30, Batch 1350/3348, Loss: 0.2637
2025-10-09 21:00:47,811 [INFO] Época 25/30, Batch 1400/3348, Loss: 0.2316
2025-10-09 21:00:48,071 [INFO] Época 25/30, Batch 1450/3348, Loss: 0.2993
2025-10-09 21:00:48,332 [INFO] Época 25/30, Batch 1500/3348, Loss: 0.3115
2025-10-09 21:00:48,599 [INFO] Época 25/30, Batch 1550/3348, Loss: 0.3107
2025-10-09 21:00:48,873 [INFO] Época 25/30, Batch 1600/3348, Loss: 0.3429
2025-10-09 21:00:49,142 [INFO] Época 25/30, Batch 1650/3348, Loss: 0.3085
2025-10-09 21:00:49,411 [INFO] Época 25/30, Batch 1700/3348, Loss: 0.3408
2025-10-09 21:00:49,681 [INFO] Época 25/30, Batch 1750/3348, Loss: 0.3935
2025-10-09 21:00:49,951 [INFO] Época 25/30, Batch 1800/3348, Loss: 0.2537
2025-10-09 21:00:50,222 [INFO] Época 25/30, Batch 1850/3348, Loss: 0.3554
2025-10-09 21:00:50,494 [INFO] Época 25/30, Batch 1900/3348, Loss: 0.3035
2025-10-09 21:00:50,764 [INFO] Época 25/30, Batch 1950/3348, Loss: 0.2662
2025-10-09 21:00:51,034 [INFO] Época 25/30, Batch 2000/3348, Loss: 0.2638
2025-10-09 21:00:51,305 [INFO] Época 25/30, Batch 2050/3348, Loss: 0.1609
2025-10-09 21:00:51,575 [INFO] Época 25/30, Batch 2100/3348, Loss: 0.3184
2025-10-09 21:00:51,846 [INFO] Época 25/30, Batch 2150/3348, Loss: 0.3918
2025-10-09 21:00:52,116 [INFO] Época 25/30, Batch 2200/3348, Loss: 0.3094
2025-10-09 21:00:52,387 [INFO] Época 25/30, Batch 2250/3348, Loss: 0.3145
2025-10-09 21:00:52,657 [INFO] Época 25/30, Batch 2300/3348, Loss: 0.3878
2025-10-09 21:00:52,929 [INFO] Época 25/30, Batch 2350/3348, Loss: 0.3086
2025-10-09 21:00:53,199 [INFO] Época 25/30, Batch 2400/3348, Loss: 0.3186
2025-10-09 21:00:53,471 [INFO] Época 25/30, Batch 2450/3348, Loss: 0.3471
2025-10-09 21:00:53,742 [INFO] Época 25/30, Batch 2500/3348, Loss: 0.3395
2025-10-09 21:00:54,013 [INFO] Época 25/30, Batch 2550/3348, Loss: 0.4136
2025-10-09 21:00:54,288 [INFO] Época 25/30, Batch 2600/3348, Loss: 0.4087
2025-10-09 21:00:54,563 [INFO] Época 25/30, Batch 2650/3348, Loss: 0.3526
2025-10-09 21:00:54,833 [INFO] Época 25/30, Batch 2700/3348, Loss: 0.3312
2025-10-09 21:00:55,106 [INFO] Época 25/30, Batch 2750/3348, Loss: 0.3161
2025-10-09 21:00:55,380 [INFO] Época 25/30, Batch 2800/3348, Loss: 0.2036
2025-10-09 21:00:55,651 [INFO] Época 25/30, Batch 2850/3348, Loss: 0.3328
2025-10-09 21:00:55,925 [INFO] Época 25/30, Batch 2900/3348, Loss: 0.3210
2025-10-09 21:00:56,195 [INFO] Época 25/30, Batch 2950/3348, Loss: 0.4070
2025-10-09 21:00:56,466 [INFO] Época 25/30, Batch 3000/3348, Loss: 0.3208
2025-10-09 21:00:56,738 [INFO] Época 25/30, Batch 3050/3348, Loss: 0.2985
2025-10-09 21:00:57,009 [INFO] Época 25/30, Batch 3100/3348, Loss: 0.3483
2025-10-09 21:00:57,280 [INFO] Época 25/30, Batch 3150/3348, Loss: 0.4642
2025-10-09 21:00:57,550 [INFO] Época 25/30, Batch 3200/3348, Loss: 0.3799
2025-10-09 21:00:57,820 [INFO] Época 25/30, Batch 3250/3348, Loss: 0.3186
2025-10-09 21:00:58,091 [INFO] Época 25/30, Batch 3300/3348, Loss: 0.2693
2025-10-09 21:00:59,943 [INFO] [25/30] Train Loss: 0.3187 | Val Loss: 0.3628 | Tempo: 19.90s
2025-10-09 21:01:00,548 [INFO] Época 26/30, Batch 50/3348, Loss: 0.3536
2025-10-09 21:01:00,819 [INFO] Época 26/30, Batch 100/3348, Loss: 0.3277
2025-10-09 21:01:01,089 [INFO] Época 26/30, Batch 150/3348, Loss: 0.3247
2025-10-09 21:01:01,356 [INFO] Época 26/30, Batch 200/3348, Loss: 0.2362
2025-10-09 21:01:01,623 [INFO] Época 26/30, Batch 250/3348, Loss: 0.2574
2025-10-09 21:01:01,891 [INFO] Época 26/30, Batch 300/3348, Loss: 0.3800
2025-10-09 21:01:02,157 [INFO] Época 26/30, Batch 350/3348, Loss: 0.2947
2025-10-09 21:01:02,422 [INFO] Época 26/30, Batch 400/3348, Loss: 0.3800
2025-10-09 21:01:02,686 [INFO] Época 26/30, Batch 450/3348, Loss: 0.2830
2025-10-09 21:01:02,955 [INFO] Época 26/30, Batch 500/3348, Loss: 0.2501
2025-10-09 21:01:03,225 [INFO] Época 26/30, Batch 550/3348, Loss: 0.3412
2025-10-09 21:01:03,493 [INFO] Época 26/30, Batch 600/3348, Loss: 0.3051
2025-10-09 21:01:03,759 [INFO] Época 26/30, Batch 650/3348, Loss: 0.2874
2025-10-09 21:01:04,016 [INFO] Época 26/30, Batch 700/3348, Loss: 0.3505
2025-10-09 21:01:04,273 [INFO] Época 26/30, Batch 750/3348, Loss: 0.3394
2025-10-09 21:01:04,538 [INFO] Época 26/30, Batch 800/3348, Loss: 0.2845
2025-10-09 21:01:04,806 [INFO] Época 26/30, Batch 850/3348, Loss: 0.3332
2025-10-09 21:01:05,073 [INFO] Época 26/30, Batch 900/3348, Loss: 0.3549
2025-10-09 21:01:05,340 [INFO] Época 26/30, Batch 950/3348, Loss: 0.2442
2025-10-09 21:01:05,620 [INFO] Época 26/30, Batch 1000/3348, Loss: 0.2834
2025-10-09 21:01:05,881 [INFO] Época 26/30, Batch 1050/3348, Loss: 0.2539
2025-10-09 21:01:06,137 [INFO] Época 26/30, Batch 1100/3348, Loss: 0.3142
2025-10-09 21:01:06,393 [INFO] Época 26/30, Batch 1150/3348, Loss: 0.2109
2025-10-09 21:01:06,654 [INFO] Época 26/30, Batch 1200/3348, Loss: 0.3112
2025-10-09 21:01:06,918 [INFO] Época 26/30, Batch 1250/3348, Loss: 0.3291
2025-10-09 21:01:07,185 [INFO] Época 26/30, Batch 1300/3348, Loss: 0.4279
2025-10-09 21:01:07,449 [INFO] Época 26/30, Batch 1350/3348, Loss: 0.2750
2025-10-09 21:01:07,712 [INFO] Época 26/30, Batch 1400/3348, Loss: 0.2942
2025-10-09 21:01:07,976 [INFO] Época 26/30, Batch 1450/3348, Loss: 0.2900
2025-10-09 21:01:08,239 [INFO] Época 26/30, Batch 1500/3348, Loss: 0.1821
2025-10-09 21:01:08,502 [INFO] Época 26/30, Batch 1550/3348, Loss: 0.3605
2025-10-09 21:01:08,765 [INFO] Época 26/30, Batch 1600/3348, Loss: 0.3899
2025-10-09 21:01:09,030 [INFO] Época 26/30, Batch 1650/3348, Loss: 0.2599
2025-10-09 21:01:09,294 [INFO] Época 26/30, Batch 1700/3348, Loss: 0.2844
2025-10-09 21:01:09,557 [INFO] Época 26/30, Batch 1750/3348, Loss: 0.2988
2025-10-09 21:01:09,821 [INFO] Época 26/30, Batch 1800/3348, Loss: 0.3995
2025-10-09 21:01:10,086 [INFO] Época 26/30, Batch 1850/3348, Loss: 0.3127
2025-10-09 21:01:10,358 [INFO] Época 26/30, Batch 1900/3348, Loss: 0.3986
2025-10-09 21:01:10,633 [INFO] Época 26/30, Batch 1950/3348, Loss: 0.2345
2025-10-09 21:01:10,901 [INFO] Época 26/30, Batch 2000/3348, Loss: 0.4577
2025-10-09 21:01:11,173 [INFO] Época 26/30, Batch 2050/3348, Loss: 0.3740
2025-10-09 21:01:11,446 [INFO] Época 26/30, Batch 2100/3348, Loss: 0.3628
2025-10-09 21:01:11,712 [INFO] Época 26/30, Batch 2150/3348, Loss: 0.2768
2025-10-09 21:01:11,975 [INFO] Época 26/30, Batch 2200/3348, Loss: 0.3116
2025-10-09 21:01:12,239 [INFO] Época 26/30, Batch 2250/3348, Loss: 0.3239
2025-10-09 21:01:12,502 [INFO] Época 26/30, Batch 2300/3348, Loss: 0.2927
2025-10-09 21:01:12,765 [INFO] Época 26/30, Batch 2350/3348, Loss: 0.2858
2025-10-09 21:01:13,030 [INFO] Época 26/30, Batch 2400/3348, Loss: 0.3096
2025-10-09 21:01:13,293 [INFO] Época 26/30, Batch 2450/3348, Loss: 0.2893
2025-10-09 21:01:13,556 [INFO] Época 26/30, Batch 2500/3348, Loss: 0.3532
2025-10-09 21:01:13,818 [INFO] Época 26/30, Batch 2550/3348, Loss: 0.4012
2025-10-09 21:01:14,082 [INFO] Época 26/30, Batch 2600/3348, Loss: 0.2702
2025-10-09 21:01:14,344 [INFO] Época 26/30, Batch 2650/3348, Loss: 0.3641
2025-10-09 21:01:14,609 [INFO] Época 26/30, Batch 2700/3348, Loss: 0.3242
2025-10-09 21:01:14,870 [INFO] Época 26/30, Batch 2750/3348, Loss: 0.3929
2025-10-09 21:01:15,132 [INFO] Época 26/30, Batch 2800/3348, Loss: 0.4214
2025-10-09 21:01:15,398 [INFO] Época 26/30, Batch 2850/3348, Loss: 0.3190
2025-10-09 21:01:15,662 [INFO] Época 26/30, Batch 2900/3348, Loss: 0.3085
2025-10-09 21:01:15,923 [INFO] Época 26/30, Batch 2950/3348, Loss: 0.2833
2025-10-09 21:01:16,186 [INFO] Época 26/30, Batch 3000/3348, Loss: 0.2194
2025-10-09 21:01:16,451 [INFO] Época 26/30, Batch 3050/3348, Loss: 0.5409
2025-10-09 21:01:16,716 [INFO] Época 26/30, Batch 3100/3348, Loss: 0.2905
2025-10-09 21:01:16,979 [INFO] Época 26/30, Batch 3150/3348, Loss: 0.2604
2025-10-09 21:01:17,241 [INFO] Época 26/30, Batch 3200/3348, Loss: 0.3647
2025-10-09 21:01:17,505 [INFO] Época 26/30, Batch 3250/3348, Loss: 0.4173
2025-10-09 21:01:17,768 [INFO] Época 26/30, Batch 3300/3348, Loss: 0.4341
2025-10-09 21:01:19,744 [INFO] [26/30] Train Loss: 0.3168 | Val Loss: 0.3654 | Tempo: 19.80s
2025-10-09 21:01:19,744 [INFO] Early stopping ativado após 10 épocas sem melhoria
2025-10-09 21:01:19,745 [INFO] Treinamento concluído em 512.08 segundos (8.53 minutos)
2025-10-09 21:01:19,745 [INFO] Iniciando avaliação no conjunto de teste...
2025-10-09 21:01:21,257 [INFO] Avaliação do teste concluída em 1.51 segundos
2025-10-09 21:01:21,258 [INFO] MSE no teste: 0.8110
2025-10-09 21:01:21,258 [INFO] RMSE no teste: 0.9006
2025-10-09 21:01:21,258 [INFO] MAE no teste: 0.6058
2025-10-09 21:01:21,259 [INFO] Métricas salvas em /mnt/hdd/home/jdurao/ToolBox-ChemXAI/logs/mlp_att3_Pattern_metrics.json
