2025-10-10 06:09:23,127 [INFO] Iniciando treinamento do modelo mlp_att9_AtomPair
2025-10-10 06:09:23,128 [INFO] Configuração: att_index=9, epochs=30, layers=[128, 64, 32], lr=0.001, batch_size=32, descriptor_type=AtomPair
2025-10-10 06:09:23,128 [INFO] Diretório para modelos: /mnt/hdd/home/jdurao/ToolBox-ChemXAI/models
2025-10-10 06:09:23,128 [INFO] Carregando dados...
2025-10-10 06:09:23,213 [INFO] Preparando dataloaders sem ruído...
2025-10-10 06:09:31,741 [INFO] Dados carregados em 8.61 segundos
2025-10-10 06:09:31,741 [INFO] Tamanhos dos conjuntos - Treino: 107108, Validação: 13388, Teste: 13389
2025-10-10 06:09:31,741 [INFO] Usando dispositivo: cuda
2025-10-10 06:09:32,136 [INFO] Dimensão de entrada: 512, Dimensão de saída: 1
2025-10-10 06:09:32,136 [INFO] Criando modelo MLP com camadas: [128, 64, 32]
2025-10-10 06:09:32,139 [INFO] Modelo criado com 76033 parâmetros
2025-10-10 06:09:32,140 [INFO] Iniciando treinamento com 30 épocas...
2025-10-10 06:09:32,702 [INFO] Época 1/30, Batch 50/3348, Loss: 0.4407
2025-10-10 06:09:32,969 [INFO] Época 1/30, Batch 100/3348, Loss: 0.2679
2025-10-10 06:09:33,233 [INFO] Época 1/30, Batch 150/3348, Loss: 0.3188
2025-10-10 06:09:33,498 [INFO] Época 1/30, Batch 200/3348, Loss: 0.3450
2025-10-10 06:09:33,760 [INFO] Época 1/30, Batch 250/3348, Loss: 0.2771
2025-10-10 06:09:34,023 [INFO] Época 1/30, Batch 300/3348, Loss: 0.2888
2025-10-10 06:09:34,285 [INFO] Época 1/30, Batch 350/3348, Loss: 0.2850
2025-10-10 06:09:34,548 [INFO] Época 1/30, Batch 400/3348, Loss: 0.3023
2025-10-10 06:09:34,810 [INFO] Época 1/30, Batch 450/3348, Loss: 0.2757
2025-10-10 06:09:35,074 [INFO] Época 1/30, Batch 500/3348, Loss: 0.3151
2025-10-10 06:09:35,336 [INFO] Época 1/30, Batch 550/3348, Loss: 0.2507
2025-10-10 06:09:35,598 [INFO] Época 1/30, Batch 600/3348, Loss: 0.2390
2025-10-10 06:09:35,866 [INFO] Época 1/30, Batch 650/3348, Loss: 0.2062
2025-10-10 06:09:36,143 [INFO] Época 1/30, Batch 700/3348, Loss: 0.2218
2025-10-10 06:09:36,412 [INFO] Época 1/30, Batch 750/3348, Loss: 0.1759
2025-10-10 06:09:36,678 [INFO] Época 1/30, Batch 800/3348, Loss: 0.2091
2025-10-10 06:09:36,946 [INFO] Época 1/30, Batch 850/3348, Loss: 0.2526
2025-10-10 06:09:37,215 [INFO] Época 1/30, Batch 900/3348, Loss: 0.2549
2025-10-10 06:09:37,482 [INFO] Época 1/30, Batch 950/3348, Loss: 0.1782
2025-10-10 06:09:37,750 [INFO] Época 1/30, Batch 1000/3348, Loss: 0.1831
2025-10-10 06:09:38,016 [INFO] Época 1/30, Batch 1050/3348, Loss: 0.1792
2025-10-10 06:09:38,282 [INFO] Época 1/30, Batch 1100/3348, Loss: 0.2454
2025-10-10 06:09:38,548 [INFO] Época 1/30, Batch 1150/3348, Loss: 0.1557
2025-10-10 06:09:38,815 [INFO] Época 1/30, Batch 1200/3348, Loss: 0.1644
2025-10-10 06:09:39,081 [INFO] Época 1/30, Batch 1250/3348, Loss: 0.2216
2025-10-10 06:09:39,346 [INFO] Época 1/30, Batch 1300/3348, Loss: 0.1943
2025-10-10 06:09:39,614 [INFO] Época 1/30, Batch 1350/3348, Loss: 0.1993
2025-10-10 06:09:39,880 [INFO] Época 1/30, Batch 1400/3348, Loss: 0.1687
2025-10-10 06:09:40,145 [INFO] Época 1/30, Batch 1450/3348, Loss: 0.2154
2025-10-10 06:09:40,410 [INFO] Época 1/30, Batch 1500/3348, Loss: 0.2330
2025-10-10 06:09:40,675 [INFO] Época 1/30, Batch 1550/3348, Loss: 0.1844
2025-10-10 06:09:40,939 [INFO] Época 1/30, Batch 1600/3348, Loss: 0.2686
2025-10-10 06:09:41,214 [INFO] Época 1/30, Batch 1650/3348, Loss: 0.2280
2025-10-10 06:09:41,480 [INFO] Época 1/30, Batch 1700/3348, Loss: 0.1779
2025-10-10 06:09:41,747 [INFO] Época 1/30, Batch 1750/3348, Loss: 0.1975
2025-10-10 06:09:42,014 [INFO] Época 1/30, Batch 1800/3348, Loss: 0.1612
2025-10-10 06:09:42,281 [INFO] Época 1/30, Batch 1850/3348, Loss: 0.1775
2025-10-10 06:09:42,547 [INFO] Época 1/30, Batch 1900/3348, Loss: 0.2526
2025-10-10 06:09:42,812 [INFO] Época 1/30, Batch 1950/3348, Loss: 0.2096
2025-10-10 06:09:43,079 [INFO] Época 1/30, Batch 2000/3348, Loss: 0.2116
2025-10-10 06:09:43,345 [INFO] Época 1/30, Batch 2050/3348, Loss: 0.1581
2025-10-10 06:09:43,610 [INFO] Época 1/30, Batch 2100/3348, Loss: 0.1849
2025-10-10 06:09:43,876 [INFO] Época 1/30, Batch 2150/3348, Loss: 0.2012
2025-10-10 06:09:44,142 [INFO] Época 1/30, Batch 2200/3348, Loss: 0.1828
2025-10-10 06:09:44,409 [INFO] Época 1/30, Batch 2250/3348, Loss: 0.1618
2025-10-10 06:09:44,675 [INFO] Época 1/30, Batch 2300/3348, Loss: 0.1787
2025-10-10 06:09:44,939 [INFO] Época 1/30, Batch 2350/3348, Loss: 0.1691
2025-10-10 06:09:45,205 [INFO] Época 1/30, Batch 2400/3348, Loss: 0.1568
2025-10-10 06:09:45,471 [INFO] Época 1/30, Batch 2450/3348, Loss: 0.1498
2025-10-10 06:09:45,738 [INFO] Época 1/30, Batch 2500/3348, Loss: 0.1997
2025-10-10 06:09:46,006 [INFO] Época 1/30, Batch 2550/3348, Loss: 0.1900
2025-10-10 06:09:46,273 [INFO] Época 1/30, Batch 2600/3348, Loss: 0.2093
2025-10-10 06:09:46,535 [INFO] Época 1/30, Batch 2650/3348, Loss: 0.1406
2025-10-10 06:09:46,797 [INFO] Época 1/30, Batch 2700/3348, Loss: 0.1323
2025-10-10 06:09:47,060 [INFO] Época 1/30, Batch 2750/3348, Loss: 0.1364
2025-10-10 06:09:47,322 [INFO] Época 1/30, Batch 2800/3348, Loss: 0.1982
2025-10-10 06:09:47,584 [INFO] Época 1/30, Batch 2850/3348, Loss: 0.1505
2025-10-10 06:09:47,845 [INFO] Época 1/30, Batch 2900/3348, Loss: 0.2138
2025-10-10 06:09:48,106 [INFO] Época 1/30, Batch 2950/3348, Loss: 0.1084
2025-10-10 06:09:48,368 [INFO] Época 1/30, Batch 3000/3348, Loss: 0.1464
2025-10-10 06:09:48,632 [INFO] Época 1/30, Batch 3050/3348, Loss: 0.2052
2025-10-10 06:09:48,897 [INFO] Época 1/30, Batch 3100/3348, Loss: 0.1735
2025-10-10 06:09:49,156 [INFO] Época 1/30, Batch 3150/3348, Loss: 0.2241
2025-10-10 06:09:49,415 [INFO] Época 1/30, Batch 3200/3348, Loss: 0.1613
2025-10-10 06:09:49,677 [INFO] Época 1/30, Batch 3250/3348, Loss: 0.1446
2025-10-10 06:09:49,936 [INFO] Época 1/30, Batch 3300/3348, Loss: 0.1405
2025-10-10 06:09:51,853 [INFO] [1/30] Train Loss: 0.2100 | Val Loss: 0.1821 | Tempo: 19.71s
2025-10-10 06:09:51,858 [INFO] Melhor modelo salvo em: /mnt/hdd/home/jdurao/ToolBox-ChemXAI/models/mlp_qm9_AtomPair_att9_large.pth
2025-10-10 06:09:52,433 [INFO] Época 2/30, Batch 50/3348, Loss: 0.1473
2025-10-10 06:09:52,700 [INFO] Época 2/30, Batch 100/3348, Loss: 0.2225
2025-10-10 06:09:52,968 [INFO] Época 2/30, Batch 150/3348, Loss: 0.1481
2025-10-10 06:09:53,234 [INFO] Época 2/30, Batch 200/3348, Loss: 0.1257
2025-10-10 06:09:53,500 [INFO] Época 2/30, Batch 250/3348, Loss: 0.1536
2025-10-10 06:09:53,762 [INFO] Época 2/30, Batch 300/3348, Loss: 0.1640
2025-10-10 06:09:54,027 [INFO] Época 2/30, Batch 350/3348, Loss: 0.2155
2025-10-10 06:09:54,290 [INFO] Época 2/30, Batch 400/3348, Loss: 0.1666
2025-10-10 06:09:54,556 [INFO] Época 2/30, Batch 450/3348, Loss: 0.1465
2025-10-10 06:09:54,820 [INFO] Época 2/30, Batch 500/3348, Loss: 0.1405
2025-10-10 06:09:55,084 [INFO] Época 2/30, Batch 550/3348, Loss: 0.1259
2025-10-10 06:09:55,349 [INFO] Época 2/30, Batch 600/3348, Loss: 0.1631
2025-10-10 06:09:55,612 [INFO] Época 2/30, Batch 650/3348, Loss: 0.1179
2025-10-10 06:09:55,876 [INFO] Época 2/30, Batch 700/3348, Loss: 0.1468
2025-10-10 06:09:56,144 [INFO] Época 2/30, Batch 750/3348, Loss: 0.1462
2025-10-10 06:09:56,416 [INFO] Época 2/30, Batch 800/3348, Loss: 0.1540
2025-10-10 06:09:56,680 [INFO] Época 2/30, Batch 850/3348, Loss: 0.1728
2025-10-10 06:09:56,944 [INFO] Época 2/30, Batch 900/3348, Loss: 0.1490
2025-10-10 06:09:57,215 [INFO] Época 2/30, Batch 950/3348, Loss: 0.1534
2025-10-10 06:09:57,471 [INFO] Época 2/30, Batch 1000/3348, Loss: 0.1222
2025-10-10 06:09:57,732 [INFO] Época 2/30, Batch 1050/3348, Loss: 0.1515
2025-10-10 06:09:57,997 [INFO] Época 2/30, Batch 1100/3348, Loss: 0.1612
2025-10-10 06:09:58,262 [INFO] Época 2/30, Batch 1150/3348, Loss: 0.1199
2025-10-10 06:09:58,525 [INFO] Época 2/30, Batch 1200/3348, Loss: 0.1689
2025-10-10 06:09:58,792 [INFO] Época 2/30, Batch 1250/3348, Loss: 0.1354
2025-10-10 06:09:59,055 [INFO] Época 2/30, Batch 1300/3348, Loss: 0.1074
2025-10-10 06:09:59,315 [INFO] Época 2/30, Batch 1350/3348, Loss: 0.1881
2025-10-10 06:09:59,575 [INFO] Época 2/30, Batch 1400/3348, Loss: 0.1311
2025-10-10 06:09:59,834 [INFO] Época 2/30, Batch 1450/3348, Loss: 0.1676
2025-10-10 06:10:00,095 [INFO] Época 2/30, Batch 1500/3348, Loss: 0.1587
2025-10-10 06:10:00,357 [INFO] Época 2/30, Batch 1550/3348, Loss: 0.1951
2025-10-10 06:10:00,618 [INFO] Época 2/30, Batch 1600/3348, Loss: 0.1858
2025-10-10 06:10:00,877 [INFO] Época 2/30, Batch 1650/3348, Loss: 0.0966
2025-10-10 06:10:01,137 [INFO] Época 2/30, Batch 1700/3348, Loss: 0.1724
2025-10-10 06:10:01,398 [INFO] Época 2/30, Batch 1750/3348, Loss: 0.1294
2025-10-10 06:10:01,660 [INFO] Época 2/30, Batch 1800/3348, Loss: 0.1124
2025-10-10 06:10:01,921 [INFO] Época 2/30, Batch 1850/3348, Loss: 0.1680
2025-10-10 06:10:02,183 [INFO] Época 2/30, Batch 1900/3348, Loss: 0.1313
2025-10-10 06:10:02,452 [INFO] Época 2/30, Batch 1950/3348, Loss: 0.1191
2025-10-10 06:10:02,712 [INFO] Época 2/30, Batch 2000/3348, Loss: 0.1912
2025-10-10 06:10:02,975 [INFO] Época 2/30, Batch 2050/3348, Loss: 0.1655
2025-10-10 06:10:03,235 [INFO] Época 2/30, Batch 2100/3348, Loss: 0.1464
2025-10-10 06:10:03,495 [INFO] Época 2/30, Batch 2150/3348, Loss: 0.3101
2025-10-10 06:10:03,754 [INFO] Época 2/30, Batch 2200/3348, Loss: 0.0796
2025-10-10 06:10:04,015 [INFO] Época 2/30, Batch 2250/3348, Loss: 0.1623
2025-10-10 06:10:04,276 [INFO] Época 2/30, Batch 2300/3348, Loss: 0.1058
2025-10-10 06:10:04,536 [INFO] Época 2/30, Batch 2350/3348, Loss: 0.2036
2025-10-10 06:10:04,797 [INFO] Época 2/30, Batch 2400/3348, Loss: 0.0881
2025-10-10 06:10:05,056 [INFO] Época 2/30, Batch 2450/3348, Loss: 0.1225
2025-10-10 06:10:05,315 [INFO] Época 2/30, Batch 2500/3348, Loss: 0.1525
2025-10-10 06:10:05,578 [INFO] Época 2/30, Batch 2550/3348, Loss: 0.1171
2025-10-10 06:10:05,836 [INFO] Época 2/30, Batch 2600/3348, Loss: 0.1484
2025-10-10 06:10:06,097 [INFO] Época 2/30, Batch 2650/3348, Loss: 0.1057
2025-10-10 06:10:06,358 [INFO] Época 2/30, Batch 2700/3348, Loss: 0.0968
2025-10-10 06:10:06,619 [INFO] Época 2/30, Batch 2750/3348, Loss: 0.1105
2025-10-10 06:10:06,879 [INFO] Época 2/30, Batch 2800/3348, Loss: 0.1699
2025-10-10 06:10:07,138 [INFO] Época 2/30, Batch 2850/3348, Loss: 0.1669
2025-10-10 06:10:07,398 [INFO] Época 2/30, Batch 2900/3348, Loss: 0.1362
2025-10-10 06:10:07,660 [INFO] Época 2/30, Batch 2950/3348, Loss: 0.1861
2025-10-10 06:10:07,919 [INFO] Época 2/30, Batch 3000/3348, Loss: 0.1965
2025-10-10 06:10:08,179 [INFO] Época 2/30, Batch 3050/3348, Loss: 0.1513
2025-10-10 06:10:08,439 [INFO] Época 2/30, Batch 3100/3348, Loss: 0.1319
2025-10-10 06:10:08,698 [INFO] Época 2/30, Batch 3150/3348, Loss: 0.1523
2025-10-10 06:10:08,958 [INFO] Época 2/30, Batch 3200/3348, Loss: 0.0970
2025-10-10 06:10:09,218 [INFO] Época 2/30, Batch 3250/3348, Loss: 0.1808
2025-10-10 06:10:09,477 [INFO] Época 2/30, Batch 3300/3348, Loss: 0.1427
2025-10-10 06:10:11,248 [INFO] [2/30] Train Loss: 0.1441 | Val Loss: 0.1413 | Tempo: 19.39s
2025-10-10 06:10:11,254 [INFO] Melhor modelo salvo em: /mnt/hdd/home/jdurao/ToolBox-ChemXAI/models/mlp_qm9_AtomPair_att9_large.pth
2025-10-10 06:10:11,823 [INFO] Época 3/30, Batch 50/3348, Loss: 0.1135
2025-10-10 06:10:12,089 [INFO] Época 3/30, Batch 100/3348, Loss: 0.1269
2025-10-10 06:10:12,351 [INFO] Época 3/30, Batch 150/3348, Loss: 0.1376
2025-10-10 06:10:12,612 [INFO] Época 3/30, Batch 200/3348, Loss: 0.1075
2025-10-10 06:10:12,884 [INFO] Época 3/30, Batch 250/3348, Loss: 0.0935
2025-10-10 06:10:13,145 [INFO] Época 3/30, Batch 300/3348, Loss: 0.1533
2025-10-10 06:10:13,407 [INFO] Época 3/30, Batch 350/3348, Loss: 0.1408
2025-10-10 06:10:13,667 [INFO] Época 3/30, Batch 400/3348, Loss: 0.1713
2025-10-10 06:10:13,926 [INFO] Época 3/30, Batch 450/3348, Loss: 0.0757
2025-10-10 06:10:14,181 [INFO] Época 3/30, Batch 500/3348, Loss: 0.0938
2025-10-10 06:10:14,440 [INFO] Época 3/30, Batch 550/3348, Loss: 0.1292
2025-10-10 06:10:14,698 [INFO] Época 3/30, Batch 600/3348, Loss: 0.1002
2025-10-10 06:10:14,959 [INFO] Época 3/30, Batch 650/3348, Loss: 0.1124
2025-10-10 06:10:15,220 [INFO] Época 3/30, Batch 700/3348, Loss: 0.1394
2025-10-10 06:10:15,481 [INFO] Época 3/30, Batch 750/3348, Loss: 0.1178
2025-10-10 06:10:15,743 [INFO] Época 3/30, Batch 800/3348, Loss: 0.1476
2025-10-10 06:10:16,003 [INFO] Época 3/30, Batch 850/3348, Loss: 0.1288
2025-10-10 06:10:16,264 [INFO] Época 3/30, Batch 900/3348, Loss: 0.1673
2025-10-10 06:10:16,523 [INFO] Época 3/30, Batch 950/3348, Loss: 0.1390
2025-10-10 06:10:16,784 [INFO] Época 3/30, Batch 1000/3348, Loss: 0.1169
2025-10-10 06:10:17,045 [INFO] Época 3/30, Batch 1050/3348, Loss: 0.1087
2025-10-10 06:10:17,305 [INFO] Época 3/30, Batch 1100/3348, Loss: 0.0930
2025-10-10 06:10:17,566 [INFO] Época 3/30, Batch 1150/3348, Loss: 0.1458
2025-10-10 06:10:17,828 [INFO] Época 3/30, Batch 1200/3348, Loss: 0.1025
2025-10-10 06:10:18,089 [INFO] Época 3/30, Batch 1250/3348, Loss: 0.1491
2025-10-10 06:10:18,351 [INFO] Época 3/30, Batch 1300/3348, Loss: 0.0944
2025-10-10 06:10:18,612 [INFO] Época 3/30, Batch 1350/3348, Loss: 0.1188
2025-10-10 06:10:18,873 [INFO] Época 3/30, Batch 1400/3348, Loss: 0.1139
2025-10-10 06:10:19,138 [INFO] Época 3/30, Batch 1450/3348, Loss: 0.1438
2025-10-10 06:10:19,401 [INFO] Época 3/30, Batch 1500/3348, Loss: 0.0887
2025-10-10 06:10:19,664 [INFO] Época 3/30, Batch 1550/3348, Loss: 0.0849
2025-10-10 06:10:19,923 [INFO] Época 3/30, Batch 1600/3348, Loss: 0.1286
2025-10-10 06:10:20,183 [INFO] Época 3/30, Batch 1650/3348, Loss: 0.1018
2025-10-10 06:10:20,444 [INFO] Época 3/30, Batch 1700/3348, Loss: 0.1351
2025-10-10 06:10:20,704 [INFO] Época 3/30, Batch 1750/3348, Loss: 0.1283
2025-10-10 06:10:20,965 [INFO] Época 3/30, Batch 1800/3348, Loss: 0.1430
2025-10-10 06:10:21,225 [INFO] Época 3/30, Batch 1850/3348, Loss: 0.0774
2025-10-10 06:10:21,483 [INFO] Época 3/30, Batch 1900/3348, Loss: 0.1423
2025-10-10 06:10:21,743 [INFO] Época 3/30, Batch 1950/3348, Loss: 0.1216
2025-10-10 06:10:22,001 [INFO] Época 3/30, Batch 2000/3348, Loss: 0.0785
2025-10-10 06:10:22,263 [INFO] Época 3/30, Batch 2050/3348, Loss: 0.1225
2025-10-10 06:10:22,525 [INFO] Época 3/30, Batch 2100/3348, Loss: 0.1074
2025-10-10 06:10:22,787 [INFO] Época 3/30, Batch 2150/3348, Loss: 0.1286
2025-10-10 06:10:23,050 [INFO] Época 3/30, Batch 2200/3348, Loss: 0.1356
2025-10-10 06:10:23,314 [INFO] Época 3/30, Batch 2250/3348, Loss: 0.1298
2025-10-10 06:10:23,576 [INFO] Época 3/30, Batch 2300/3348, Loss: 0.1227
2025-10-10 06:10:23,837 [INFO] Época 3/30, Batch 2350/3348, Loss: 0.1482
2025-10-10 06:10:24,097 [INFO] Época 3/30, Batch 2400/3348, Loss: 0.0905
2025-10-10 06:10:24,356 [INFO] Época 3/30, Batch 2450/3348, Loss: 0.1258
2025-10-10 06:10:24,616 [INFO] Época 3/30, Batch 2500/3348, Loss: 0.1053
2025-10-10 06:10:24,874 [INFO] Época 3/30, Batch 2550/3348, Loss: 0.1205
2025-10-10 06:10:25,132 [INFO] Época 3/30, Batch 2600/3348, Loss: 0.1267
2025-10-10 06:10:25,390 [INFO] Época 3/30, Batch 2650/3348, Loss: 0.1668
2025-10-10 06:10:25,647 [INFO] Época 3/30, Batch 2700/3348, Loss: 0.1510
2025-10-10 06:10:25,905 [INFO] Época 3/30, Batch 2750/3348, Loss: 0.1169
2025-10-10 06:10:26,162 [INFO] Época 3/30, Batch 2800/3348, Loss: 0.0803
2025-10-10 06:10:26,420 [INFO] Época 3/30, Batch 2850/3348, Loss: 0.1051
2025-10-10 06:10:26,677 [INFO] Época 3/30, Batch 2900/3348, Loss: 0.1509
2025-10-10 06:10:26,936 [INFO] Época 3/30, Batch 2950/3348, Loss: 0.0813
2025-10-10 06:10:27,193 [INFO] Época 3/30, Batch 3000/3348, Loss: 0.0812
2025-10-10 06:10:27,451 [INFO] Época 3/30, Batch 3050/3348, Loss: 0.1217
2025-10-10 06:10:27,710 [INFO] Época 3/30, Batch 3100/3348, Loss: 0.1073
2025-10-10 06:10:27,968 [INFO] Época 3/30, Batch 3150/3348, Loss: 0.0952
2025-10-10 06:10:28,228 [INFO] Época 3/30, Batch 3200/3348, Loss: 0.1222
2025-10-10 06:10:28,497 [INFO] Época 3/30, Batch 3250/3348, Loss: 0.0659
2025-10-10 06:10:28,757 [INFO] Época 3/30, Batch 3300/3348, Loss: 0.0895
2025-10-10 06:10:30,681 [INFO] [3/30] Train Loss: 0.1198 | Val Loss: 0.1296 | Tempo: 19.43s
2025-10-10 06:10:30,687 [INFO] Melhor modelo salvo em: /mnt/hdd/home/jdurao/ToolBox-ChemXAI/models/mlp_qm9_AtomPair_att9_large.pth
2025-10-10 06:10:31,267 [INFO] Época 4/30, Batch 50/3348, Loss: 0.0969
2025-10-10 06:10:31,530 [INFO] Época 4/30, Batch 100/3348, Loss: 0.1404
2025-10-10 06:10:31,792 [INFO] Época 4/30, Batch 150/3348, Loss: 0.1137
2025-10-10 06:10:32,056 [INFO] Época 4/30, Batch 200/3348, Loss: 0.0840
2025-10-10 06:10:32,320 [INFO] Época 4/30, Batch 250/3348, Loss: 0.1089
2025-10-10 06:10:32,584 [INFO] Época 4/30, Batch 300/3348, Loss: 0.1213
2025-10-10 06:10:32,848 [INFO] Época 4/30, Batch 350/3348, Loss: 0.0843
2025-10-10 06:10:33,112 [INFO] Época 4/30, Batch 400/3348, Loss: 0.0912
2025-10-10 06:10:33,374 [INFO] Época 4/30, Batch 450/3348, Loss: 0.1056
2025-10-10 06:10:33,647 [INFO] Época 4/30, Batch 500/3348, Loss: 0.1051
2025-10-10 06:10:33,909 [INFO] Época 4/30, Batch 550/3348, Loss: 0.1256
2025-10-10 06:10:34,172 [INFO] Época 4/30, Batch 600/3348, Loss: 0.0991
2025-10-10 06:10:34,434 [INFO] Época 4/30, Batch 650/3348, Loss: 0.1714
2025-10-10 06:10:34,695 [INFO] Época 4/30, Batch 700/3348, Loss: 0.1695
2025-10-10 06:10:34,957 [INFO] Época 4/30, Batch 750/3348, Loss: 0.1169
2025-10-10 06:10:35,218 [INFO] Época 4/30, Batch 800/3348, Loss: 0.0833
2025-10-10 06:10:35,481 [INFO] Época 4/30, Batch 850/3348, Loss: 0.0777
2025-10-10 06:10:35,744 [INFO] Época 4/30, Batch 900/3348, Loss: 0.0932
2025-10-10 06:10:36,006 [INFO] Época 4/30, Batch 950/3348, Loss: 0.1391
2025-10-10 06:10:36,267 [INFO] Época 4/30, Batch 1000/3348, Loss: 0.0829
2025-10-10 06:10:36,530 [INFO] Época 4/30, Batch 1050/3348, Loss: 0.1256
2025-10-10 06:10:36,795 [INFO] Época 4/30, Batch 1100/3348, Loss: 0.1102
2025-10-10 06:10:37,059 [INFO] Época 4/30, Batch 1150/3348, Loss: 0.1165
2025-10-10 06:10:37,323 [INFO] Época 4/30, Batch 1200/3348, Loss: 0.0906
2025-10-10 06:10:37,586 [INFO] Época 4/30, Batch 1250/3348, Loss: 0.1218
2025-10-10 06:10:37,853 [INFO] Época 4/30, Batch 1300/3348, Loss: 0.1186
2025-10-10 06:10:38,119 [INFO] Época 4/30, Batch 1350/3348, Loss: 0.0914
2025-10-10 06:10:38,382 [INFO] Época 4/30, Batch 1400/3348, Loss: 0.0497
2025-10-10 06:10:38,650 [INFO] Época 4/30, Batch 1450/3348, Loss: 0.1585
2025-10-10 06:10:38,916 [INFO] Época 4/30, Batch 1500/3348, Loss: 0.1380
2025-10-10 06:10:39,180 [INFO] Época 4/30, Batch 1550/3348, Loss: 0.0763
2025-10-10 06:10:39,444 [INFO] Época 4/30, Batch 1600/3348, Loss: 0.0744
2025-10-10 06:10:39,708 [INFO] Época 4/30, Batch 1650/3348, Loss: 0.0607
2025-10-10 06:10:39,971 [INFO] Época 4/30, Batch 1700/3348, Loss: 0.0949
2025-10-10 06:10:40,234 [INFO] Época 4/30, Batch 1750/3348, Loss: 0.1223
2025-10-10 06:10:40,497 [INFO] Época 4/30, Batch 1800/3348, Loss: 0.1342
2025-10-10 06:10:40,760 [INFO] Época 4/30, Batch 1850/3348, Loss: 0.0643
2025-10-10 06:10:41,022 [INFO] Época 4/30, Batch 1900/3348, Loss: 0.0937
2025-10-10 06:10:41,285 [INFO] Época 4/30, Batch 1950/3348, Loss: 0.1027
2025-10-10 06:10:41,547 [INFO] Época 4/30, Batch 2000/3348, Loss: 0.1137
2025-10-10 06:10:41,808 [INFO] Época 4/30, Batch 2050/3348, Loss: 0.0932
2025-10-10 06:10:42,071 [INFO] Época 4/30, Batch 2100/3348, Loss: 0.1203
2025-10-10 06:10:42,333 [INFO] Época 4/30, Batch 2150/3348, Loss: 0.0940
2025-10-10 06:10:42,595 [INFO] Época 4/30, Batch 2200/3348, Loss: 0.1515
2025-10-10 06:10:42,857 [INFO] Época 4/30, Batch 2250/3348, Loss: 0.1199
2025-10-10 06:10:43,119 [INFO] Época 4/30, Batch 2300/3348, Loss: 0.0847
2025-10-10 06:10:43,382 [INFO] Época 4/30, Batch 2350/3348, Loss: 0.0903
2025-10-10 06:10:43,657 [INFO] Época 4/30, Batch 2400/3348, Loss: 0.0897
2025-10-10 06:10:43,920 [INFO] Época 4/30, Batch 2450/3348, Loss: 0.0878
2025-10-10 06:10:44,184 [INFO] Época 4/30, Batch 2500/3348, Loss: 0.1265
2025-10-10 06:10:44,448 [INFO] Época 4/30, Batch 2550/3348, Loss: 0.0930
2025-10-10 06:10:44,711 [INFO] Época 4/30, Batch 2600/3348, Loss: 0.1107
2025-10-10 06:10:44,975 [INFO] Época 4/30, Batch 2650/3348, Loss: 0.0729
2025-10-10 06:10:45,235 [INFO] Época 4/30, Batch 2700/3348, Loss: 0.1432
2025-10-10 06:10:45,497 [INFO] Época 4/30, Batch 2750/3348, Loss: 0.0947
2025-10-10 06:10:45,761 [INFO] Época 4/30, Batch 2800/3348, Loss: 0.1336
2025-10-10 06:10:46,026 [INFO] Época 4/30, Batch 2850/3348, Loss: 0.0519
2025-10-10 06:10:46,290 [INFO] Época 4/30, Batch 2900/3348, Loss: 0.1162
2025-10-10 06:10:46,554 [INFO] Época 4/30, Batch 2950/3348, Loss: 0.1111
2025-10-10 06:10:46,818 [INFO] Época 4/30, Batch 3000/3348, Loss: 0.1420
2025-10-10 06:10:47,082 [INFO] Época 4/30, Batch 3050/3348, Loss: 0.0987
2025-10-10 06:10:47,348 [INFO] Época 4/30, Batch 3100/3348, Loss: 0.1351
2025-10-10 06:10:47,613 [INFO] Época 4/30, Batch 3150/3348, Loss: 0.1375
2025-10-10 06:10:47,877 [INFO] Época 4/30, Batch 3200/3348, Loss: 0.1711
2025-10-10 06:10:48,140 [INFO] Época 4/30, Batch 3250/3348, Loss: 0.0891
2025-10-10 06:10:48,403 [INFO] Época 4/30, Batch 3300/3348, Loss: 0.0755
2025-10-10 06:10:50,218 [INFO] [4/30] Train Loss: 0.1068 | Val Loss: 0.1172 | Tempo: 19.53s
2025-10-10 06:10:50,223 [INFO] Melhor modelo salvo em: /mnt/hdd/home/jdurao/ToolBox-ChemXAI/models/mlp_qm9_AtomPair_att9_large.pth
2025-10-10 06:10:50,805 [INFO] Época 5/30, Batch 50/3348, Loss: 0.0872
2025-10-10 06:10:51,077 [INFO] Época 5/30, Batch 100/3348, Loss: 0.0702
2025-10-10 06:10:51,346 [INFO] Época 5/30, Batch 150/3348, Loss: 0.0964
2025-10-10 06:10:51,613 [INFO] Época 5/30, Batch 200/3348, Loss: 0.1086
2025-10-10 06:10:51,879 [INFO] Época 5/30, Batch 250/3348, Loss: 0.0971
2025-10-10 06:10:52,142 [INFO] Época 5/30, Batch 300/3348, Loss: 0.1418
2025-10-10 06:10:52,407 [INFO] Época 5/30, Batch 350/3348, Loss: 0.1058
2025-10-10 06:10:52,669 [INFO] Época 5/30, Batch 400/3348, Loss: 0.0657
2025-10-10 06:10:52,935 [INFO] Época 5/30, Batch 450/3348, Loss: 0.0729
2025-10-10 06:10:53,198 [INFO] Época 5/30, Batch 500/3348, Loss: 0.0974
2025-10-10 06:10:53,460 [INFO] Época 5/30, Batch 550/3348, Loss: 0.1154
2025-10-10 06:10:53,735 [INFO] Época 5/30, Batch 600/3348, Loss: 0.0882
2025-10-10 06:10:53,999 [INFO] Época 5/30, Batch 650/3348, Loss: 0.0804
2025-10-10 06:10:54,264 [INFO] Época 5/30, Batch 700/3348, Loss: 0.0848
2025-10-10 06:10:54,529 [INFO] Época 5/30, Batch 750/3348, Loss: 0.0713
2025-10-10 06:10:54,792 [INFO] Época 5/30, Batch 800/3348, Loss: 0.1254
2025-10-10 06:10:55,055 [INFO] Época 5/30, Batch 850/3348, Loss: 0.1197
2025-10-10 06:10:55,318 [INFO] Época 5/30, Batch 900/3348, Loss: 0.0945
2025-10-10 06:10:55,582 [INFO] Época 5/30, Batch 950/3348, Loss: 0.0848
2025-10-10 06:10:55,843 [INFO] Época 5/30, Batch 1000/3348, Loss: 0.1655
2025-10-10 06:10:56,107 [INFO] Época 5/30, Batch 1050/3348, Loss: 0.1102
2025-10-10 06:10:56,368 [INFO] Época 5/30, Batch 1100/3348, Loss: 0.0891
2025-10-10 06:10:56,632 [INFO] Época 5/30, Batch 1150/3348, Loss: 0.1208
2025-10-10 06:10:56,894 [INFO] Época 5/30, Batch 1200/3348, Loss: 0.0908
2025-10-10 06:10:57,156 [INFO] Época 5/30, Batch 1250/3348, Loss: 0.0933
2025-10-10 06:10:57,417 [INFO] Época 5/30, Batch 1300/3348, Loss: 0.0973
2025-10-10 06:10:57,680 [INFO] Época 5/30, Batch 1350/3348, Loss: 0.0856
2025-10-10 06:10:57,944 [INFO] Época 5/30, Batch 1400/3348, Loss: 0.0914
2025-10-10 06:10:58,205 [INFO] Época 5/30, Batch 1450/3348, Loss: 0.0956
2025-10-10 06:10:58,468 [INFO] Época 5/30, Batch 1500/3348, Loss: 0.0929
2025-10-10 06:10:58,731 [INFO] Época 5/30, Batch 1550/3348, Loss: 0.0820
2025-10-10 06:10:58,993 [INFO] Época 5/30, Batch 1600/3348, Loss: 0.1048
2025-10-10 06:10:59,255 [INFO] Época 5/30, Batch 1650/3348, Loss: 0.1067
2025-10-10 06:10:59,520 [INFO] Época 5/30, Batch 1700/3348, Loss: 0.0716
2025-10-10 06:10:59,785 [INFO] Época 5/30, Batch 1750/3348, Loss: 0.0913
2025-10-10 06:11:00,050 [INFO] Época 5/30, Batch 1800/3348, Loss: 0.0594
2025-10-10 06:11:00,314 [INFO] Época 5/30, Batch 1850/3348, Loss: 0.0909
2025-10-10 06:11:00,579 [INFO] Época 5/30, Batch 1900/3348, Loss: 0.0835
2025-10-10 06:11:00,841 [INFO] Época 5/30, Batch 1950/3348, Loss: 0.0694
2025-10-10 06:11:01,106 [INFO] Época 5/30, Batch 2000/3348, Loss: 0.1096
2025-10-10 06:11:01,369 [INFO] Época 5/30, Batch 2050/3348, Loss: 0.0924
2025-10-10 06:11:01,633 [INFO] Época 5/30, Batch 2100/3348, Loss: 0.1660
2025-10-10 06:11:01,897 [INFO] Época 5/30, Batch 2150/3348, Loss: 0.1127
2025-10-10 06:11:02,161 [INFO] Época 5/30, Batch 2200/3348, Loss: 0.0892
2025-10-10 06:11:02,422 [INFO] Época 5/30, Batch 2250/3348, Loss: 0.0529
2025-10-10 06:11:02,685 [INFO] Época 5/30, Batch 2300/3348, Loss: 0.0916
2025-10-10 06:11:02,946 [INFO] Época 5/30, Batch 2350/3348, Loss: 0.0895
2025-10-10 06:11:03,210 [INFO] Época 5/30, Batch 2400/3348, Loss: 0.1689
2025-10-10 06:11:03,470 [INFO] Época 5/30, Batch 2450/3348, Loss: 0.0886
2025-10-10 06:11:03,742 [INFO] Época 5/30, Batch 2500/3348, Loss: 0.0973
2025-10-10 06:11:04,006 [INFO] Época 5/30, Batch 2550/3348, Loss: 0.1235
2025-10-10 06:11:04,268 [INFO] Época 5/30, Batch 2600/3348, Loss: 0.0937
2025-10-10 06:11:04,532 [INFO] Época 5/30, Batch 2650/3348, Loss: 0.1047
2025-10-10 06:11:04,795 [INFO] Época 5/30, Batch 2700/3348, Loss: 0.1242
2025-10-10 06:11:05,060 [INFO] Época 5/30, Batch 2750/3348, Loss: 0.1159
2025-10-10 06:11:05,324 [INFO] Época 5/30, Batch 2800/3348, Loss: 0.1843
2025-10-10 06:11:05,588 [INFO] Época 5/30, Batch 2850/3348, Loss: 0.1319
2025-10-10 06:11:05,853 [INFO] Época 5/30, Batch 2900/3348, Loss: 0.0951
2025-10-10 06:11:06,116 [INFO] Época 5/30, Batch 2950/3348, Loss: 0.1197
2025-10-10 06:11:06,379 [INFO] Época 5/30, Batch 3000/3348, Loss: 0.0879
2025-10-10 06:11:06,649 [INFO] Época 5/30, Batch 3050/3348, Loss: 0.1049
2025-10-10 06:11:06,922 [INFO] Época 5/30, Batch 3100/3348, Loss: 0.1572
2025-10-10 06:11:07,195 [INFO] Época 5/30, Batch 3150/3348, Loss: 0.0739
2025-10-10 06:11:07,469 [INFO] Época 5/30, Batch 3200/3348, Loss: 0.0775
2025-10-10 06:11:07,739 [INFO] Época 5/30, Batch 3250/3348, Loss: 0.1246
2025-10-10 06:11:08,012 [INFO] Época 5/30, Batch 3300/3348, Loss: 0.1277
2025-10-10 06:11:09,959 [INFO] [5/30] Train Loss: 0.0989 | Val Loss: 0.1105 | Tempo: 19.74s
2025-10-10 06:11:09,964 [INFO] Melhor modelo salvo em: /mnt/hdd/home/jdurao/ToolBox-ChemXAI/models/mlp_qm9_AtomPair_att9_large.pth
2025-10-10 06:11:10,562 [INFO] Época 6/30, Batch 50/3348, Loss: 0.0886
2025-10-10 06:11:10,844 [INFO] Época 6/30, Batch 100/3348, Loss: 0.0891
2025-10-10 06:11:11,122 [INFO] Época 6/30, Batch 150/3348, Loss: 0.1050
2025-10-10 06:11:11,399 [INFO] Época 6/30, Batch 200/3348, Loss: 0.1104
2025-10-10 06:11:11,675 [INFO] Época 6/30, Batch 250/3348, Loss: 0.1051
2025-10-10 06:11:11,949 [INFO] Época 6/30, Batch 300/3348, Loss: 0.0746
2025-10-10 06:11:12,219 [INFO] Época 6/30, Batch 350/3348, Loss: 0.1208
2025-10-10 06:11:12,484 [INFO] Época 6/30, Batch 400/3348, Loss: 0.0798
2025-10-10 06:11:12,748 [INFO] Época 6/30, Batch 450/3348, Loss: 0.1227
2025-10-10 06:11:13,011 [INFO] Época 6/30, Batch 500/3348, Loss: 0.1290
2025-10-10 06:11:13,276 [INFO] Época 6/30, Batch 550/3348, Loss: 0.1620
2025-10-10 06:11:13,540 [INFO] Época 6/30, Batch 600/3348, Loss: 0.1426
2025-10-10 06:11:13,811 [INFO] Época 6/30, Batch 650/3348, Loss: 0.0784
2025-10-10 06:11:14,084 [INFO] Época 6/30, Batch 700/3348, Loss: 0.0912
2025-10-10 06:11:14,356 [INFO] Época 6/30, Batch 750/3348, Loss: 0.0907
2025-10-10 06:11:14,627 [INFO] Época 6/30, Batch 800/3348, Loss: 0.0621
2025-10-10 06:11:14,889 [INFO] Época 6/30, Batch 850/3348, Loss: 0.1245
2025-10-10 06:11:15,152 [INFO] Época 6/30, Batch 900/3348, Loss: 0.0695
2025-10-10 06:11:15,424 [INFO] Época 6/30, Batch 950/3348, Loss: 0.1056
2025-10-10 06:11:15,687 [INFO] Época 6/30, Batch 1000/3348, Loss: 0.0497
2025-10-10 06:11:15,949 [INFO] Época 6/30, Batch 1050/3348, Loss: 0.0655
2025-10-10 06:11:16,213 [INFO] Época 6/30, Batch 1100/3348, Loss: 0.1078
2025-10-10 06:11:16,478 [INFO] Época 6/30, Batch 1150/3348, Loss: 0.0875
2025-10-10 06:11:16,750 [INFO] Época 6/30, Batch 1200/3348, Loss: 0.1197
2025-10-10 06:11:17,026 [INFO] Época 6/30, Batch 1250/3348, Loss: 0.1003
2025-10-10 06:11:17,300 [INFO] Época 6/30, Batch 1300/3348, Loss: 0.0800
2025-10-10 06:11:17,563 [INFO] Época 6/30, Batch 1350/3348, Loss: 0.0784
2025-10-10 06:11:17,827 [INFO] Época 6/30, Batch 1400/3348, Loss: 0.0919
2025-10-10 06:11:18,092 [INFO] Época 6/30, Batch 1450/3348, Loss: 0.1118
2025-10-10 06:11:18,365 [INFO] Época 6/30, Batch 1500/3348, Loss: 0.1007
2025-10-10 06:11:18,634 [INFO] Época 6/30, Batch 1550/3348, Loss: 0.0878
2025-10-10 06:11:18,900 [INFO] Época 6/30, Batch 1600/3348, Loss: 0.1159
2025-10-10 06:11:19,164 [INFO] Época 6/30, Batch 1650/3348, Loss: 0.1513
2025-10-10 06:11:19,429 [INFO] Época 6/30, Batch 1700/3348, Loss: 0.0650
2025-10-10 06:11:19,696 [INFO] Época 6/30, Batch 1750/3348, Loss: 0.0948
2025-10-10 06:11:19,968 [INFO] Época 6/30, Batch 1800/3348, Loss: 0.0807
2025-10-10 06:11:20,240 [INFO] Época 6/30, Batch 1850/3348, Loss: 0.0552
2025-10-10 06:11:20,524 [INFO] Época 6/30, Batch 1900/3348, Loss: 0.0672
2025-10-10 06:11:20,800 [INFO] Época 6/30, Batch 1950/3348, Loss: 0.0428
2025-10-10 06:11:21,072 [INFO] Época 6/30, Batch 2000/3348, Loss: 0.1322
2025-10-10 06:11:21,344 [INFO] Época 6/30, Batch 2050/3348, Loss: 0.1473
2025-10-10 06:11:21,617 [INFO] Época 6/30, Batch 2100/3348, Loss: 0.0634
2025-10-10 06:11:21,890 [INFO] Época 6/30, Batch 2150/3348, Loss: 0.0724
2025-10-10 06:11:22,166 [INFO] Época 6/30, Batch 2200/3348, Loss: 0.0542
2025-10-10 06:11:22,437 [INFO] Época 6/30, Batch 2250/3348, Loss: 0.0506
2025-10-10 06:11:22,712 [INFO] Época 6/30, Batch 2300/3348, Loss: 0.1334
2025-10-10 06:11:22,985 [INFO] Época 6/30, Batch 2350/3348, Loss: 0.0574
2025-10-10 06:11:23,260 [INFO] Época 6/30, Batch 2400/3348, Loss: 0.1452
2025-10-10 06:11:23,534 [INFO] Época 6/30, Batch 2450/3348, Loss: 0.0725
2025-10-10 06:11:23,808 [INFO] Época 6/30, Batch 2500/3348, Loss: 0.0616
2025-10-10 06:11:24,081 [INFO] Época 6/30, Batch 2550/3348, Loss: 0.0740
2025-10-10 06:11:24,354 [INFO] Época 6/30, Batch 2600/3348, Loss: 0.0794
2025-10-10 06:11:24,627 [INFO] Época 6/30, Batch 2650/3348, Loss: 0.0989
2025-10-10 06:11:24,902 [INFO] Época 6/30, Batch 2700/3348, Loss: 0.0835
2025-10-10 06:11:25,174 [INFO] Época 6/30, Batch 2750/3348, Loss: 0.0999
2025-10-10 06:11:25,449 [INFO] Época 6/30, Batch 2800/3348, Loss: 0.1095
2025-10-10 06:11:25,731 [INFO] Época 6/30, Batch 2850/3348, Loss: 0.0552
2025-10-10 06:11:26,004 [INFO] Época 6/30, Batch 2900/3348, Loss: 0.0966
2025-10-10 06:11:26,277 [INFO] Época 6/30, Batch 2950/3348, Loss: 0.0890
2025-10-10 06:11:26,550 [INFO] Época 6/30, Batch 3000/3348, Loss: 0.0659
2025-10-10 06:11:26,822 [INFO] Época 6/30, Batch 3050/3348, Loss: 0.0739
2025-10-10 06:11:27,095 [INFO] Época 6/30, Batch 3100/3348, Loss: 0.0701
2025-10-10 06:11:27,368 [INFO] Época 6/30, Batch 3150/3348, Loss: 0.1093
2025-10-10 06:11:27,645 [INFO] Época 6/30, Batch 3200/3348, Loss: 0.0796
2025-10-10 06:11:27,917 [INFO] Época 6/30, Batch 3250/3348, Loss: 0.0765
2025-10-10 06:11:28,191 [INFO] Época 6/30, Batch 3300/3348, Loss: 0.0762
2025-10-10 06:11:30,069 [INFO] [6/30] Train Loss: 0.0914 | Val Loss: 0.1071 | Tempo: 20.10s
2025-10-10 06:11:30,075 [INFO] Melhor modelo salvo em: /mnt/hdd/home/jdurao/ToolBox-ChemXAI/models/mlp_qm9_AtomPair_att9_large.pth
2025-10-10 06:11:30,663 [INFO] Época 7/30, Batch 50/3348, Loss: 0.0556
2025-10-10 06:11:30,933 [INFO] Época 7/30, Batch 100/3348, Loss: 0.1010
2025-10-10 06:11:31,199 [INFO] Época 7/30, Batch 150/3348, Loss: 0.0551
2025-10-10 06:11:31,466 [INFO] Época 7/30, Batch 200/3348, Loss: 0.1237
2025-10-10 06:11:31,730 [INFO] Época 7/30, Batch 250/3348, Loss: 0.1462
2025-10-10 06:11:31,995 [INFO] Época 7/30, Batch 300/3348, Loss: 0.0627
2025-10-10 06:11:32,256 [INFO] Época 7/30, Batch 350/3348, Loss: 0.1114
2025-10-10 06:11:32,521 [INFO] Época 7/30, Batch 400/3348, Loss: 0.0811
2025-10-10 06:11:32,785 [INFO] Época 7/30, Batch 450/3348, Loss: 0.0715
2025-10-10 06:11:33,048 [INFO] Época 7/30, Batch 500/3348, Loss: 0.1290
2025-10-10 06:11:33,310 [INFO] Época 7/30, Batch 550/3348, Loss: 0.0948
2025-10-10 06:11:33,574 [INFO] Época 7/30, Batch 600/3348, Loss: 0.0790
2025-10-10 06:11:33,837 [INFO] Época 7/30, Batch 650/3348, Loss: 0.0706
2025-10-10 06:11:34,103 [INFO] Época 7/30, Batch 700/3348, Loss: 0.1337
2025-10-10 06:11:34,364 [INFO] Época 7/30, Batch 750/3348, Loss: 0.0600
2025-10-10 06:11:34,624 [INFO] Época 7/30, Batch 800/3348, Loss: 0.0732
2025-10-10 06:11:34,885 [INFO] Época 7/30, Batch 850/3348, Loss: 0.0722
2025-10-10 06:11:35,147 [INFO] Época 7/30, Batch 900/3348, Loss: 0.0660
2025-10-10 06:11:35,409 [INFO] Época 7/30, Batch 950/3348, Loss: 0.1064
2025-10-10 06:11:35,671 [INFO] Época 7/30, Batch 1000/3348, Loss: 0.0886
2025-10-10 06:11:35,934 [INFO] Época 7/30, Batch 1050/3348, Loss: 0.0677
2025-10-10 06:11:36,196 [INFO] Época 7/30, Batch 1100/3348, Loss: 0.0977
2025-10-10 06:11:36,459 [INFO] Época 7/30, Batch 1150/3348, Loss: 0.0648
2025-10-10 06:11:36,722 [INFO] Época 7/30, Batch 1200/3348, Loss: 0.0622
2025-10-10 06:11:36,985 [INFO] Época 7/30, Batch 1250/3348, Loss: 0.0506
2025-10-10 06:11:37,251 [INFO] Época 7/30, Batch 1300/3348, Loss: 0.1100
2025-10-10 06:11:37,515 [INFO] Época 7/30, Batch 1350/3348, Loss: 0.0747
2025-10-10 06:11:37,777 [INFO] Época 7/30, Batch 1400/3348, Loss: 0.1133
2025-10-10 06:11:38,040 [INFO] Época 7/30, Batch 1450/3348, Loss: 0.0875
2025-10-10 06:11:38,303 [INFO] Época 7/30, Batch 1500/3348, Loss: 0.1052
2025-10-10 06:11:38,565 [INFO] Época 7/30, Batch 1550/3348, Loss: 0.1441
2025-10-10 06:11:38,827 [INFO] Época 7/30, Batch 1600/3348, Loss: 0.0518
2025-10-10 06:11:39,088 [INFO] Época 7/30, Batch 1650/3348, Loss: 0.0814
2025-10-10 06:11:39,352 [INFO] Época 7/30, Batch 1700/3348, Loss: 0.0583
2025-10-10 06:11:39,614 [INFO] Época 7/30, Batch 1750/3348, Loss: 0.0670
2025-10-10 06:11:39,876 [INFO] Época 7/30, Batch 1800/3348, Loss: 0.0992
2025-10-10 06:11:40,139 [INFO] Época 7/30, Batch 1850/3348, Loss: 0.0633
2025-10-10 06:11:40,400 [INFO] Época 7/30, Batch 1900/3348, Loss: 0.1002
2025-10-10 06:11:40,664 [INFO] Época 7/30, Batch 1950/3348, Loss: 0.0885
2025-10-10 06:11:40,925 [INFO] Época 7/30, Batch 2000/3348, Loss: 0.0663
2025-10-10 06:11:41,199 [INFO] Época 7/30, Batch 2050/3348, Loss: 0.1176
2025-10-10 06:11:41,461 [INFO] Época 7/30, Batch 2100/3348, Loss: 0.0495
2025-10-10 06:11:41,724 [INFO] Época 7/30, Batch 2150/3348, Loss: 0.0575
2025-10-10 06:11:41,986 [INFO] Época 7/30, Batch 2200/3348, Loss: 0.1139
2025-10-10 06:11:42,251 [INFO] Época 7/30, Batch 2250/3348, Loss: 0.1144
2025-10-10 06:11:42,514 [INFO] Época 7/30, Batch 2300/3348, Loss: 0.0673
2025-10-10 06:11:42,775 [INFO] Época 7/30, Batch 2350/3348, Loss: 0.0566
2025-10-10 06:11:43,036 [INFO] Época 7/30, Batch 2400/3348, Loss: 0.0678
2025-10-10 06:11:43,299 [INFO] Época 7/30, Batch 2450/3348, Loss: 0.1116
2025-10-10 06:11:43,562 [INFO] Época 7/30, Batch 2500/3348, Loss: 0.1147
2025-10-10 06:11:43,824 [INFO] Época 7/30, Batch 2550/3348, Loss: 0.0939
2025-10-10 06:11:44,086 [INFO] Época 7/30, Batch 2600/3348, Loss: 0.0798
2025-10-10 06:11:44,348 [INFO] Época 7/30, Batch 2650/3348, Loss: 0.1269
2025-10-10 06:11:44,611 [INFO] Época 7/30, Batch 2700/3348, Loss: 0.0481
2025-10-10 06:11:44,874 [INFO] Época 7/30, Batch 2750/3348, Loss: 0.0564
2025-10-10 06:11:45,136 [INFO] Época 7/30, Batch 2800/3348, Loss: 0.0689
2025-10-10 06:11:45,398 [INFO] Época 7/30, Batch 2850/3348, Loss: 0.0867
2025-10-10 06:11:45,663 [INFO] Época 7/30, Batch 2900/3348, Loss: 0.0558
2025-10-10 06:11:45,928 [INFO] Época 7/30, Batch 2950/3348, Loss: 0.0754
2025-10-10 06:11:46,194 [INFO] Época 7/30, Batch 3000/3348, Loss: 0.0943
2025-10-10 06:11:46,457 [INFO] Época 7/30, Batch 3050/3348, Loss: 0.0955
2025-10-10 06:11:46,720 [INFO] Época 7/30, Batch 3100/3348, Loss: 0.0580
2025-10-10 06:11:46,985 [INFO] Época 7/30, Batch 3150/3348, Loss: 0.0870
2025-10-10 06:11:47,251 [INFO] Época 7/30, Batch 3200/3348, Loss: 0.1051
2025-10-10 06:11:47,519 [INFO] Época 7/30, Batch 3250/3348, Loss: 0.0961
2025-10-10 06:11:47,783 [INFO] Época 7/30, Batch 3300/3348, Loss: 0.1257
2025-10-10 06:11:49,676 [INFO] [7/30] Train Loss: 0.0864 | Val Loss: 0.1151 | Tempo: 19.60s
2025-10-10 06:11:50,263 [INFO] Época 8/30, Batch 50/3348, Loss: 0.0492
2025-10-10 06:11:50,533 [INFO] Época 8/30, Batch 100/3348, Loss: 0.0609
2025-10-10 06:11:50,801 [INFO] Época 8/30, Batch 150/3348, Loss: 0.0590
2025-10-10 06:11:51,069 [INFO] Época 8/30, Batch 200/3348, Loss: 0.0784
2025-10-10 06:11:51,344 [INFO] Época 8/30, Batch 250/3348, Loss: 0.0610
2025-10-10 06:11:51,608 [INFO] Época 8/30, Batch 300/3348, Loss: 0.0801
2025-10-10 06:11:51,873 [INFO] Época 8/30, Batch 350/3348, Loss: 0.0768
2025-10-10 06:11:52,135 [INFO] Época 8/30, Batch 400/3348, Loss: 0.0647
2025-10-10 06:11:52,398 [INFO] Época 8/30, Batch 450/3348, Loss: 0.0808
2025-10-10 06:11:52,662 [INFO] Época 8/30, Batch 500/3348, Loss: 0.1019
2025-10-10 06:11:52,925 [INFO] Época 8/30, Batch 550/3348, Loss: 0.0867
2025-10-10 06:11:53,189 [INFO] Época 8/30, Batch 600/3348, Loss: 0.0585
2025-10-10 06:11:53,453 [INFO] Época 8/30, Batch 650/3348, Loss: 0.0586
2025-10-10 06:11:53,720 [INFO] Época 8/30, Batch 700/3348, Loss: 0.0690
2025-10-10 06:11:53,987 [INFO] Época 8/30, Batch 750/3348, Loss: 0.0717
2025-10-10 06:11:54,253 [INFO] Época 8/30, Batch 800/3348, Loss: 0.0875
2025-10-10 06:11:54,518 [INFO] Época 8/30, Batch 850/3348, Loss: 0.1149
2025-10-10 06:11:54,779 [INFO] Época 8/30, Batch 900/3348, Loss: 0.0901
2025-10-10 06:11:55,041 [INFO] Época 8/30, Batch 950/3348, Loss: 0.0783
2025-10-10 06:11:55,307 [INFO] Época 8/30, Batch 1000/3348, Loss: 0.1215
2025-10-10 06:11:55,570 [INFO] Época 8/30, Batch 1050/3348, Loss: 0.0923
2025-10-10 06:11:55,833 [INFO] Época 8/30, Batch 1100/3348, Loss: 0.0785
2025-10-10 06:11:56,097 [INFO] Época 8/30, Batch 1150/3348, Loss: 0.0875
2025-10-10 06:11:56,372 [INFO] Época 8/30, Batch 1200/3348, Loss: 0.0527
2025-10-10 06:11:56,636 [INFO] Época 8/30, Batch 1250/3348, Loss: 0.0498
2025-10-10 06:11:56,899 [INFO] Época 8/30, Batch 1300/3348, Loss: 0.1097
2025-10-10 06:11:57,163 [INFO] Época 8/30, Batch 1350/3348, Loss: 0.0805
2025-10-10 06:11:57,427 [INFO] Época 8/30, Batch 1400/3348, Loss: 0.1158
2025-10-10 06:11:57,690 [INFO] Época 8/30, Batch 1450/3348, Loss: 0.0478
2025-10-10 06:11:57,954 [INFO] Época 8/30, Batch 1500/3348, Loss: 0.0811
2025-10-10 06:11:58,218 [INFO] Época 8/30, Batch 1550/3348, Loss: 0.0981
2025-10-10 06:11:58,482 [INFO] Época 8/30, Batch 1600/3348, Loss: 0.0647
2025-10-10 06:11:58,748 [INFO] Época 8/30, Batch 1650/3348, Loss: 0.0575
2025-10-10 06:11:59,012 [INFO] Época 8/30, Batch 1700/3348, Loss: 0.0457
2025-10-10 06:11:59,275 [INFO] Época 8/30, Batch 1750/3348, Loss: 0.1348
2025-10-10 06:11:59,539 [INFO] Época 8/30, Batch 1800/3348, Loss: 0.0990
2025-10-10 06:11:59,802 [INFO] Época 8/30, Batch 1850/3348, Loss: 0.0672
2025-10-10 06:12:00,064 [INFO] Época 8/30, Batch 1900/3348, Loss: 0.0787
2025-10-10 06:12:00,327 [INFO] Época 8/30, Batch 1950/3348, Loss: 0.1113
2025-10-10 06:12:00,591 [INFO] Época 8/30, Batch 2000/3348, Loss: 0.0951
2025-10-10 06:12:00,854 [INFO] Época 8/30, Batch 2050/3348, Loss: 0.0543
2025-10-10 06:12:01,118 [INFO] Época 8/30, Batch 2100/3348, Loss: 0.1139
2025-10-10 06:12:01,391 [INFO] Época 8/30, Batch 2150/3348, Loss: 0.0856
2025-10-10 06:12:01,655 [INFO] Época 8/30, Batch 2200/3348, Loss: 0.0730
2025-10-10 06:12:01,919 [INFO] Época 8/30, Batch 2250/3348, Loss: 0.1035
2025-10-10 06:12:02,184 [INFO] Época 8/30, Batch 2300/3348, Loss: 0.0540
2025-10-10 06:12:02,449 [INFO] Época 8/30, Batch 2350/3348, Loss: 0.1037
2025-10-10 06:12:02,712 [INFO] Época 8/30, Batch 2400/3348, Loss: 0.0791
2025-10-10 06:12:02,976 [INFO] Época 8/30, Batch 2450/3348, Loss: 0.0911
2025-10-10 06:12:03,240 [INFO] Época 8/30, Batch 2500/3348, Loss: 0.1264
2025-10-10 06:12:03,502 [INFO] Época 8/30, Batch 2550/3348, Loss: 0.0977
2025-10-10 06:12:03,763 [INFO] Época 8/30, Batch 2600/3348, Loss: 0.0955
2025-10-10 06:12:04,026 [INFO] Época 8/30, Batch 2650/3348, Loss: 0.0876
2025-10-10 06:12:04,289 [INFO] Época 8/30, Batch 2700/3348, Loss: 0.0993
2025-10-10 06:12:04,552 [INFO] Época 8/30, Batch 2750/3348, Loss: 0.0891
2025-10-10 06:12:04,814 [INFO] Época 8/30, Batch 2800/3348, Loss: 0.0917
2025-10-10 06:12:05,074 [INFO] Época 8/30, Batch 2850/3348, Loss: 0.1194
2025-10-10 06:12:05,336 [INFO] Época 8/30, Batch 2900/3348, Loss: 0.0756
2025-10-10 06:12:05,599 [INFO] Época 8/30, Batch 2950/3348, Loss: 0.0792
2025-10-10 06:12:05,862 [INFO] Época 8/30, Batch 3000/3348, Loss: 0.0787
2025-10-10 06:12:06,127 [INFO] Época 8/30, Batch 3050/3348, Loss: 0.0695
2025-10-10 06:12:06,400 [INFO] Época 8/30, Batch 3100/3348, Loss: 0.0952
2025-10-10 06:12:06,664 [INFO] Época 8/30, Batch 3150/3348, Loss: 0.1342
2025-10-10 06:12:06,926 [INFO] Época 8/30, Batch 3200/3348, Loss: 0.1083
2025-10-10 06:12:07,190 [INFO] Época 8/30, Batch 3250/3348, Loss: 0.0614
2025-10-10 06:12:07,455 [INFO] Época 8/30, Batch 3300/3348, Loss: 0.0984
2025-10-10 06:12:09,227 [INFO] [8/30] Train Loss: 0.0817 | Val Loss: 0.1112 | Tempo: 19.55s
2025-10-10 06:12:09,802 [INFO] Época 9/30, Batch 50/3348, Loss: 0.0899
2025-10-10 06:12:10,071 [INFO] Época 9/30, Batch 100/3348, Loss: 0.0797
2025-10-10 06:12:10,339 [INFO] Época 9/30, Batch 150/3348, Loss: 0.1306
2025-10-10 06:12:10,606 [INFO] Época 9/30, Batch 200/3348, Loss: 0.0387
2025-10-10 06:12:10,874 [INFO] Época 9/30, Batch 250/3348, Loss: 0.0975
2025-10-10 06:12:11,136 [INFO] Época 9/30, Batch 300/3348, Loss: 0.0706
2025-10-10 06:12:11,410 [INFO] Época 9/30, Batch 350/3348, Loss: 0.0855
2025-10-10 06:12:11,677 [INFO] Época 9/30, Batch 400/3348, Loss: 0.1290
2025-10-10 06:12:11,942 [INFO] Época 9/30, Batch 450/3348, Loss: 0.0835
2025-10-10 06:12:12,208 [INFO] Época 9/30, Batch 500/3348, Loss: 0.0762
2025-10-10 06:12:12,472 [INFO] Época 9/30, Batch 550/3348, Loss: 0.0788
2025-10-10 06:12:12,737 [INFO] Época 9/30, Batch 600/3348, Loss: 0.0780
2025-10-10 06:12:13,001 [INFO] Época 9/30, Batch 650/3348, Loss: 0.0903
2025-10-10 06:12:13,265 [INFO] Época 9/30, Batch 700/3348, Loss: 0.0807
2025-10-10 06:12:13,516 [INFO] Época 9/30, Batch 750/3348, Loss: 0.0777
2025-10-10 06:12:13,767 [INFO] Época 9/30, Batch 800/3348, Loss: 0.0792
2025-10-10 06:12:14,017 [INFO] Época 9/30, Batch 850/3348, Loss: 0.0811
2025-10-10 06:12:14,269 [INFO] Época 9/30, Batch 900/3348, Loss: 0.1172
2025-10-10 06:12:14,530 [INFO] Época 9/30, Batch 950/3348, Loss: 0.0976
2025-10-10 06:12:14,793 [INFO] Época 9/30, Batch 1000/3348, Loss: 0.0304
2025-10-10 06:12:15,053 [INFO] Época 9/30, Batch 1050/3348, Loss: 0.0794
2025-10-10 06:12:15,315 [INFO] Época 9/30, Batch 1100/3348, Loss: 0.0729
2025-10-10 06:12:15,575 [INFO] Época 9/30, Batch 1150/3348, Loss: 0.0898
2025-10-10 06:12:15,835 [INFO] Época 9/30, Batch 1200/3348, Loss: 0.0676
2025-10-10 06:12:16,096 [INFO] Época 9/30, Batch 1250/3348, Loss: 0.0716
2025-10-10 06:12:16,357 [INFO] Época 9/30, Batch 1300/3348, Loss: 0.0783
2025-10-10 06:12:16,629 [INFO] Época 9/30, Batch 1350/3348, Loss: 0.0726
2025-10-10 06:12:16,890 [INFO] Época 9/30, Batch 1400/3348, Loss: 0.0759
2025-10-10 06:12:17,151 [INFO] Época 9/30, Batch 1450/3348, Loss: 0.0594
2025-10-10 06:12:17,413 [INFO] Época 9/30, Batch 1500/3348, Loss: 0.0989
2025-10-10 06:12:17,675 [INFO] Época 9/30, Batch 1550/3348, Loss: 0.0795
2025-10-10 06:12:17,935 [INFO] Época 9/30, Batch 1600/3348, Loss: 0.0845
2025-10-10 06:12:18,197 [INFO] Época 9/30, Batch 1650/3348, Loss: 0.0767
2025-10-10 06:12:18,459 [INFO] Época 9/30, Batch 1700/3348, Loss: 0.0556
2025-10-10 06:12:18,720 [INFO] Época 9/30, Batch 1750/3348, Loss: 0.0687
2025-10-10 06:12:18,983 [INFO] Época 9/30, Batch 1800/3348, Loss: 0.0759
2025-10-10 06:12:19,244 [INFO] Época 9/30, Batch 1850/3348, Loss: 0.0813
2025-10-10 06:12:19,505 [INFO] Época 9/30, Batch 1900/3348, Loss: 0.0529
2025-10-10 06:12:19,767 [INFO] Época 9/30, Batch 1950/3348, Loss: 0.0751
2025-10-10 06:12:20,028 [INFO] Época 9/30, Batch 2000/3348, Loss: 0.0962
2025-10-10 06:12:20,291 [INFO] Época 9/30, Batch 2050/3348, Loss: 0.0979
2025-10-10 06:12:20,551 [INFO] Época 9/30, Batch 2100/3348, Loss: 0.0996
2025-10-10 06:12:20,812 [INFO] Época 9/30, Batch 2150/3348, Loss: 0.0598
2025-10-10 06:12:21,071 [INFO] Época 9/30, Batch 2200/3348, Loss: 0.0591
2025-10-10 06:12:21,332 [INFO] Época 9/30, Batch 2250/3348, Loss: 0.0661
2025-10-10 06:12:21,595 [INFO] Época 9/30, Batch 2300/3348, Loss: 0.0614
2025-10-10 06:12:21,856 [INFO] Época 9/30, Batch 2350/3348, Loss: 0.0724
2025-10-10 06:12:22,120 [INFO] Época 9/30, Batch 2400/3348, Loss: 0.0717
2025-10-10 06:12:22,384 [INFO] Época 9/30, Batch 2450/3348, Loss: 0.0860
2025-10-10 06:12:22,647 [INFO] Época 9/30, Batch 2500/3348, Loss: 0.0782
2025-10-10 06:12:22,909 [INFO] Época 9/30, Batch 2550/3348, Loss: 0.1022
2025-10-10 06:12:23,171 [INFO] Época 9/30, Batch 2600/3348, Loss: 0.0870
2025-10-10 06:12:23,433 [INFO] Época 9/30, Batch 2650/3348, Loss: 0.0804
2025-10-10 06:12:23,695 [INFO] Época 9/30, Batch 2700/3348, Loss: 0.0617
2025-10-10 06:12:23,957 [INFO] Época 9/30, Batch 2750/3348, Loss: 0.0723
2025-10-10 06:12:24,220 [INFO] Época 9/30, Batch 2800/3348, Loss: 0.0647
2025-10-10 06:12:24,484 [INFO] Época 9/30, Batch 2850/3348, Loss: 0.0652
2025-10-10 06:12:24,746 [INFO] Época 9/30, Batch 2900/3348, Loss: 0.0779
2025-10-10 06:12:25,009 [INFO] Época 9/30, Batch 2950/3348, Loss: 0.0879
2025-10-10 06:12:25,270 [INFO] Época 9/30, Batch 3000/3348, Loss: 0.0685
2025-10-10 06:12:25,533 [INFO] Época 9/30, Batch 3050/3348, Loss: 0.0546
2025-10-10 06:12:25,805 [INFO] Época 9/30, Batch 3100/3348, Loss: 0.0902
2025-10-10 06:12:26,077 [INFO] Época 9/30, Batch 3150/3348, Loss: 0.1008
2025-10-10 06:12:26,347 [INFO] Época 9/30, Batch 3200/3348, Loss: 0.0537
2025-10-10 06:12:26,619 [INFO] Época 9/30, Batch 3250/3348, Loss: 0.0597
2025-10-10 06:12:26,903 [INFO] Época 9/30, Batch 3300/3348, Loss: 0.0432
2025-10-10 06:12:28,714 [INFO] [9/30] Train Loss: 0.0781 | Val Loss: 0.0983 | Tempo: 19.49s
2025-10-10 06:12:28,719 [INFO] Melhor modelo salvo em: /mnt/hdd/home/jdurao/ToolBox-ChemXAI/models/mlp_qm9_AtomPair_att9_large.pth
2025-10-10 06:12:29,297 [INFO] Época 10/30, Batch 50/3348, Loss: 0.0414
2025-10-10 06:12:29,566 [INFO] Época 10/30, Batch 100/3348, Loss: 0.0815
2025-10-10 06:12:29,835 [INFO] Época 10/30, Batch 150/3348, Loss: 0.1027
2025-10-10 06:12:30,101 [INFO] Época 10/30, Batch 200/3348, Loss: 0.0838
2025-10-10 06:12:30,368 [INFO] Época 10/30, Batch 250/3348, Loss: 0.0766
2025-10-10 06:12:30,634 [INFO] Época 10/30, Batch 300/3348, Loss: 0.0592
2025-10-10 06:12:30,900 [INFO] Época 10/30, Batch 350/3348, Loss: 0.0417
2025-10-10 06:12:31,163 [INFO] Época 10/30, Batch 400/3348, Loss: 0.0970
2025-10-10 06:12:31,425 [INFO] Época 10/30, Batch 450/3348, Loss: 0.0808
2025-10-10 06:12:31,688 [INFO] Época 10/30, Batch 500/3348, Loss: 0.0776
2025-10-10 06:12:31,964 [INFO] Época 10/30, Batch 550/3348, Loss: 0.0753
2025-10-10 06:12:32,228 [INFO] Época 10/30, Batch 600/3348, Loss: 0.0650
2025-10-10 06:12:32,491 [INFO] Época 10/30, Batch 650/3348, Loss: 0.0607
2025-10-10 06:12:32,754 [INFO] Época 10/30, Batch 700/3348, Loss: 0.0526
2025-10-10 06:12:33,015 [INFO] Época 10/30, Batch 750/3348, Loss: 0.0635
2025-10-10 06:12:33,277 [INFO] Época 10/30, Batch 800/3348, Loss: 0.0783
2025-10-10 06:12:33,538 [INFO] Época 10/30, Batch 850/3348, Loss: 0.0587
2025-10-10 06:12:33,801 [INFO] Época 10/30, Batch 900/3348, Loss: 0.0865
2025-10-10 06:12:34,062 [INFO] Época 10/30, Batch 950/3348, Loss: 0.1179
2025-10-10 06:12:34,323 [INFO] Época 10/30, Batch 1000/3348, Loss: 0.0540
2025-10-10 06:12:34,587 [INFO] Época 10/30, Batch 1050/3348, Loss: 0.0463
2025-10-10 06:12:34,851 [INFO] Época 10/30, Batch 1100/3348, Loss: 0.0669
2025-10-10 06:12:35,112 [INFO] Época 10/30, Batch 1150/3348, Loss: 0.0682
2025-10-10 06:12:35,374 [INFO] Época 10/30, Batch 1200/3348, Loss: 0.0582
2025-10-10 06:12:35,641 [INFO] Época 10/30, Batch 1250/3348, Loss: 0.0901
2025-10-10 06:12:35,908 [INFO] Época 10/30, Batch 1300/3348, Loss: 0.0835
2025-10-10 06:12:36,174 [INFO] Época 10/30, Batch 1350/3348, Loss: 0.0691
2025-10-10 06:12:36,440 [INFO] Época 10/30, Batch 1400/3348, Loss: 0.0801
2025-10-10 06:12:36,704 [INFO] Época 10/30, Batch 1450/3348, Loss: 0.0677
2025-10-10 06:12:36,980 [INFO] Época 10/30, Batch 1500/3348, Loss: 0.0526
2025-10-10 06:12:37,250 [INFO] Época 10/30, Batch 1550/3348, Loss: 0.0858
2025-10-10 06:12:37,518 [INFO] Época 10/30, Batch 1600/3348, Loss: 0.0882
2025-10-10 06:12:37,783 [INFO] Época 10/30, Batch 1650/3348, Loss: 0.0464
2025-10-10 06:12:38,047 [INFO] Época 10/30, Batch 1700/3348, Loss: 0.0518
2025-10-10 06:12:38,311 [INFO] Época 10/30, Batch 1750/3348, Loss: 0.0990
2025-10-10 06:12:38,574 [INFO] Época 10/30, Batch 1800/3348, Loss: 0.0716
2025-10-10 06:12:38,840 [INFO] Época 10/30, Batch 1850/3348, Loss: 0.0633
2025-10-10 06:12:39,104 [INFO] Época 10/30, Batch 1900/3348, Loss: 0.0628
2025-10-10 06:12:39,368 [INFO] Época 10/30, Batch 1950/3348, Loss: 0.0505
2025-10-10 06:12:39,633 [INFO] Época 10/30, Batch 2000/3348, Loss: 0.0518
2025-10-10 06:12:39,897 [INFO] Época 10/30, Batch 2050/3348, Loss: 0.0593
2025-10-10 06:12:40,160 [INFO] Época 10/30, Batch 2100/3348, Loss: 0.0512
2025-10-10 06:12:40,424 [INFO] Época 10/30, Batch 2150/3348, Loss: 0.0701
2025-10-10 06:12:40,687 [INFO] Época 10/30, Batch 2200/3348, Loss: 0.0864
2025-10-10 06:12:40,952 [INFO] Época 10/30, Batch 2250/3348, Loss: 0.0794
2025-10-10 06:12:41,218 [INFO] Época 10/30, Batch 2300/3348, Loss: 0.0672
2025-10-10 06:12:41,482 [INFO] Época 10/30, Batch 2350/3348, Loss: 0.0747
2025-10-10 06:12:41,746 [INFO] Época 10/30, Batch 2400/3348, Loss: 0.0707
2025-10-10 06:12:42,020 [INFO] Época 10/30, Batch 2450/3348, Loss: 0.0723
2025-10-10 06:12:42,283 [INFO] Época 10/30, Batch 2500/3348, Loss: 0.0823
2025-10-10 06:12:42,546 [INFO] Época 10/30, Batch 2550/3348, Loss: 0.0545
2025-10-10 06:12:42,811 [INFO] Época 10/30, Batch 2600/3348, Loss: 0.0558
2025-10-10 06:12:43,074 [INFO] Época 10/30, Batch 2650/3348, Loss: 0.0732
2025-10-10 06:12:43,337 [INFO] Época 10/30, Batch 2700/3348, Loss: 0.0647
2025-10-10 06:12:43,600 [INFO] Época 10/30, Batch 2750/3348, Loss: 0.0498
2025-10-10 06:12:43,862 [INFO] Época 10/30, Batch 2800/3348, Loss: 0.1433
2025-10-10 06:12:44,128 [INFO] Época 10/30, Batch 2850/3348, Loss: 0.0829
2025-10-10 06:12:44,391 [INFO] Época 10/30, Batch 2900/3348, Loss: 0.0910
2025-10-10 06:12:44,654 [INFO] Época 10/30, Batch 2950/3348, Loss: 0.0606
2025-10-10 06:12:44,917 [INFO] Época 10/30, Batch 3000/3348, Loss: 0.0892
2025-10-10 06:12:45,179 [INFO] Época 10/30, Batch 3050/3348, Loss: 0.0825
2025-10-10 06:12:45,443 [INFO] Época 10/30, Batch 3100/3348, Loss: 0.0894
2025-10-10 06:12:45,707 [INFO] Época 10/30, Batch 3150/3348, Loss: 0.0509
2025-10-10 06:12:45,971 [INFO] Época 10/30, Batch 3200/3348, Loss: 0.0969
2025-10-10 06:12:46,234 [INFO] Época 10/30, Batch 3250/3348, Loss: 0.0556
2025-10-10 06:12:46,500 [INFO] Época 10/30, Batch 3300/3348, Loss: 0.0744
2025-10-10 06:12:48,286 [INFO] [10/30] Train Loss: 0.0751 | Val Loss: 0.0972 | Tempo: 19.57s
2025-10-10 06:12:48,292 [INFO] Melhor modelo salvo em: /mnt/hdd/home/jdurao/ToolBox-ChemXAI/models/mlp_qm9_AtomPair_att9_large.pth
2025-10-10 06:12:48,871 [INFO] Época 11/30, Batch 50/3348, Loss: 0.0794
2025-10-10 06:12:49,141 [INFO] Época 11/30, Batch 100/3348, Loss: 0.0386
2025-10-10 06:12:49,409 [INFO] Época 11/30, Batch 150/3348, Loss: 0.0731
2025-10-10 06:12:49,674 [INFO] Época 11/30, Batch 200/3348, Loss: 0.0919
2025-10-10 06:12:49,937 [INFO] Época 11/30, Batch 250/3348, Loss: 0.0744
2025-10-10 06:12:50,200 [INFO] Época 11/30, Batch 300/3348, Loss: 0.0550
2025-10-10 06:12:50,462 [INFO] Época 11/30, Batch 350/3348, Loss: 0.0449
2025-10-10 06:12:50,723 [INFO] Época 11/30, Batch 400/3348, Loss: 0.0559
2025-10-10 06:12:50,985 [INFO] Época 11/30, Batch 450/3348, Loss: 0.0622
2025-10-10 06:12:51,246 [INFO] Época 11/30, Batch 500/3348, Loss: 0.0905
2025-10-10 06:12:51,506 [INFO] Época 11/30, Batch 550/3348, Loss: 0.0874
2025-10-10 06:12:51,768 [INFO] Época 11/30, Batch 600/3348, Loss: 0.0513
2025-10-10 06:12:52,028 [INFO] Época 11/30, Batch 650/3348, Loss: 0.0711
2025-10-10 06:12:52,290 [INFO] Época 11/30, Batch 700/3348, Loss: 0.0719
2025-10-10 06:12:52,547 [INFO] Época 11/30, Batch 750/3348, Loss: 0.0487
2025-10-10 06:12:52,801 [INFO] Época 11/30, Batch 800/3348, Loss: 0.0571
2025-10-10 06:12:53,056 [INFO] Época 11/30, Batch 850/3348, Loss: 0.0737
2025-10-10 06:12:53,309 [INFO] Época 11/30, Batch 900/3348, Loss: 0.0782
2025-10-10 06:12:53,575 [INFO] Época 11/30, Batch 950/3348, Loss: 0.0475
2025-10-10 06:12:53,828 [INFO] Época 11/30, Batch 1000/3348, Loss: 0.1009
2025-10-10 06:12:54,081 [INFO] Época 11/30, Batch 1050/3348, Loss: 0.0756
2025-10-10 06:12:54,336 [INFO] Época 11/30, Batch 1100/3348, Loss: 0.1036
2025-10-10 06:12:54,597 [INFO] Época 11/30, Batch 1150/3348, Loss: 0.0528
2025-10-10 06:12:54,859 [INFO] Época 11/30, Batch 1200/3348, Loss: 0.0526
2025-10-10 06:12:55,121 [INFO] Época 11/30, Batch 1250/3348, Loss: 0.0825
2025-10-10 06:12:55,382 [INFO] Época 11/30, Batch 1300/3348, Loss: 0.0851
2025-10-10 06:12:55,644 [INFO] Época 11/30, Batch 1350/3348, Loss: 0.0704
2025-10-10 06:12:55,904 [INFO] Época 11/30, Batch 1400/3348, Loss: 0.0897
2025-10-10 06:12:56,165 [INFO] Época 11/30, Batch 1450/3348, Loss: 0.0535
2025-10-10 06:12:56,429 [INFO] Época 11/30, Batch 1500/3348, Loss: 0.0823
2025-10-10 06:12:56,696 [INFO] Época 11/30, Batch 1550/3348, Loss: 0.0764
2025-10-10 06:12:56,961 [INFO] Época 11/30, Batch 1600/3348, Loss: 0.0665
2025-10-10 06:12:57,225 [INFO] Época 11/30, Batch 1650/3348, Loss: 0.0731
2025-10-10 06:12:57,490 [INFO] Época 11/30, Batch 1700/3348, Loss: 0.0703
2025-10-10 06:12:57,754 [INFO] Época 11/30, Batch 1750/3348, Loss: 0.0770
2025-10-10 06:12:58,017 [INFO] Época 11/30, Batch 1800/3348, Loss: 0.0824
2025-10-10 06:12:58,283 [INFO] Época 11/30, Batch 1850/3348, Loss: 0.0497
2025-10-10 06:12:58,547 [INFO] Época 11/30, Batch 1900/3348, Loss: 0.0650
2025-10-10 06:12:58,823 [INFO] Época 11/30, Batch 1950/3348, Loss: 0.0566
2025-10-10 06:12:59,087 [INFO] Época 11/30, Batch 2000/3348, Loss: 0.0733
2025-10-10 06:12:59,348 [INFO] Época 11/30, Batch 2050/3348, Loss: 0.0671
2025-10-10 06:12:59,610 [INFO] Época 11/30, Batch 2100/3348, Loss: 0.0631
2025-10-10 06:12:59,870 [INFO] Época 11/30, Batch 2150/3348, Loss: 0.1312
2025-10-10 06:13:00,133 [INFO] Época 11/30, Batch 2200/3348, Loss: 0.0523
2025-10-10 06:13:00,397 [INFO] Época 11/30, Batch 2250/3348, Loss: 0.1621
2025-10-10 06:13:00,664 [INFO] Época 11/30, Batch 2300/3348, Loss: 0.0551
2025-10-10 06:13:00,929 [INFO] Época 11/30, Batch 2350/3348, Loss: 0.0672
2025-10-10 06:13:01,193 [INFO] Época 11/30, Batch 2400/3348, Loss: 0.0614
2025-10-10 06:13:01,458 [INFO] Época 11/30, Batch 2450/3348, Loss: 0.0797
2025-10-10 06:13:01,723 [INFO] Época 11/30, Batch 2500/3348, Loss: 0.0516
2025-10-10 06:13:01,986 [INFO] Época 11/30, Batch 2550/3348, Loss: 0.0528
2025-10-10 06:13:02,253 [INFO] Época 11/30, Batch 2600/3348, Loss: 0.0573
2025-10-10 06:13:02,519 [INFO] Época 11/30, Batch 2650/3348, Loss: 0.0872
2025-10-10 06:13:02,783 [INFO] Época 11/30, Batch 2700/3348, Loss: 0.0849
2025-10-10 06:13:03,045 [INFO] Época 11/30, Batch 2750/3348, Loss: 0.0514
2025-10-10 06:13:03,309 [INFO] Época 11/30, Batch 2800/3348, Loss: 0.0775
2025-10-10 06:13:03,573 [INFO] Época 11/30, Batch 2850/3348, Loss: 0.0927
2025-10-10 06:13:03,849 [INFO] Época 11/30, Batch 2900/3348, Loss: 0.0655
2025-10-10 06:13:04,112 [INFO] Época 11/30, Batch 2950/3348, Loss: 0.0475
2025-10-10 06:13:04,374 [INFO] Época 11/30, Batch 3000/3348, Loss: 0.0732
2025-10-10 06:13:04,637 [INFO] Época 11/30, Batch 3050/3348, Loss: 0.0883
2025-10-10 06:13:04,900 [INFO] Época 11/30, Batch 3100/3348, Loss: 0.0894
2025-10-10 06:13:05,165 [INFO] Época 11/30, Batch 3150/3348, Loss: 0.0611
2025-10-10 06:13:05,428 [INFO] Época 11/30, Batch 3200/3348, Loss: 0.0912
2025-10-10 06:13:05,690 [INFO] Época 11/30, Batch 3250/3348, Loss: 0.0589
2025-10-10 06:13:05,955 [INFO] Época 11/30, Batch 3300/3348, Loss: 0.0677
2025-10-10 06:13:07,888 [INFO] [11/30] Train Loss: 0.0732 | Val Loss: 0.1067 | Tempo: 19.60s
2025-10-10 06:13:08,477 [INFO] Época 12/30, Batch 50/3348, Loss: 0.0729
2025-10-10 06:13:08,746 [INFO] Época 12/30, Batch 100/3348, Loss: 0.0543
2025-10-10 06:13:09,016 [INFO] Época 12/30, Batch 150/3348, Loss: 0.0423
2025-10-10 06:13:09,282 [INFO] Época 12/30, Batch 200/3348, Loss: 0.0605
2025-10-10 06:13:09,547 [INFO] Época 12/30, Batch 250/3348, Loss: 0.0524
2025-10-10 06:13:09,810 [INFO] Época 12/30, Batch 300/3348, Loss: 0.1074
2025-10-10 06:13:10,074 [INFO] Época 12/30, Batch 350/3348, Loss: 0.0530
2025-10-10 06:13:10,337 [INFO] Época 12/30, Batch 400/3348, Loss: 0.0781
2025-10-10 06:13:10,600 [INFO] Época 12/30, Batch 450/3348, Loss: 0.0467
2025-10-10 06:13:10,864 [INFO] Época 12/30, Batch 500/3348, Loss: 0.0874
2025-10-10 06:13:11,125 [INFO] Época 12/30, Batch 550/3348, Loss: 0.0862
2025-10-10 06:13:11,387 [INFO] Época 12/30, Batch 600/3348, Loss: 0.0687
2025-10-10 06:13:11,650 [INFO] Época 12/30, Batch 650/3348, Loss: 0.0560
2025-10-10 06:13:11,914 [INFO] Época 12/30, Batch 700/3348, Loss: 0.0538
2025-10-10 06:13:12,177 [INFO] Época 12/30, Batch 750/3348, Loss: 0.0767
2025-10-10 06:13:12,439 [INFO] Época 12/30, Batch 800/3348, Loss: 0.0773
2025-10-10 06:13:12,703 [INFO] Época 12/30, Batch 850/3348, Loss: 0.0607
2025-10-10 06:13:12,963 [INFO] Época 12/30, Batch 900/3348, Loss: 0.0646
2025-10-10 06:13:13,225 [INFO] Época 12/30, Batch 950/3348, Loss: 0.1071
2025-10-10 06:13:13,486 [INFO] Época 12/30, Batch 1000/3348, Loss: 0.0495
2025-10-10 06:13:13,745 [INFO] Época 12/30, Batch 1050/3348, Loss: 0.0692
2025-10-10 06:13:14,005 [INFO] Época 12/30, Batch 1100/3348, Loss: 0.0605
2025-10-10 06:13:14,266 [INFO] Época 12/30, Batch 1150/3348, Loss: 0.0427
2025-10-10 06:13:14,526 [INFO] Época 12/30, Batch 1200/3348, Loss: 0.0617
2025-10-10 06:13:14,787 [INFO] Época 12/30, Batch 1250/3348, Loss: 0.0623
2025-10-10 06:13:15,049 [INFO] Época 12/30, Batch 1300/3348, Loss: 0.1098
2025-10-10 06:13:15,309 [INFO] Época 12/30, Batch 1350/3348, Loss: 0.0931
2025-10-10 06:13:15,569 [INFO] Época 12/30, Batch 1400/3348, Loss: 0.0860
2025-10-10 06:13:15,830 [INFO] Época 12/30, Batch 1450/3348, Loss: 0.0800
2025-10-10 06:13:16,090 [INFO] Época 12/30, Batch 1500/3348, Loss: 0.0818
2025-10-10 06:13:16,351 [INFO] Época 12/30, Batch 1550/3348, Loss: 0.0495
2025-10-10 06:13:16,612 [INFO] Época 12/30, Batch 1600/3348, Loss: 0.0788
2025-10-10 06:13:16,875 [INFO] Época 12/30, Batch 1650/3348, Loss: 0.0954
2025-10-10 06:13:17,137 [INFO] Época 12/30, Batch 1700/3348, Loss: 0.1031
2025-10-10 06:13:17,399 [INFO] Época 12/30, Batch 1750/3348, Loss: 0.0831
2025-10-10 06:13:17,658 [INFO] Época 12/30, Batch 1800/3348, Loss: 0.0922
2025-10-10 06:13:17,918 [INFO] Época 12/30, Batch 1850/3348, Loss: 0.0581
2025-10-10 06:13:18,177 [INFO] Época 12/30, Batch 1900/3348, Loss: 0.0573
2025-10-10 06:13:18,438 [INFO] Época 12/30, Batch 1950/3348, Loss: 0.0620
2025-10-10 06:13:18,697 [INFO] Época 12/30, Batch 2000/3348, Loss: 0.0394
2025-10-10 06:13:18,957 [INFO] Época 12/30, Batch 2050/3348, Loss: 0.0662
2025-10-10 06:13:19,218 [INFO] Época 12/30, Batch 2100/3348, Loss: 0.0425
2025-10-10 06:13:19,482 [INFO] Época 12/30, Batch 2150/3348, Loss: 0.0985
2025-10-10 06:13:19,744 [INFO] Época 12/30, Batch 2200/3348, Loss: 0.0820
2025-10-10 06:13:20,004 [INFO] Época 12/30, Batch 2250/3348, Loss: 0.0666
2025-10-10 06:13:20,265 [INFO] Época 12/30, Batch 2300/3348, Loss: 0.0787
2025-10-10 06:13:20,527 [INFO] Época 12/30, Batch 2350/3348, Loss: 0.0582
2025-10-10 06:13:20,790 [INFO] Época 12/30, Batch 2400/3348, Loss: 0.0731
2025-10-10 06:13:21,049 [INFO] Época 12/30, Batch 2450/3348, Loss: 0.0815
2025-10-10 06:13:21,310 [INFO] Época 12/30, Batch 2500/3348, Loss: 0.0772
2025-10-10 06:13:21,570 [INFO] Época 12/30, Batch 2550/3348, Loss: 0.0399
2025-10-10 06:13:21,831 [INFO] Época 12/30, Batch 2600/3348, Loss: 0.0580
2025-10-10 06:13:22,094 [INFO] Época 12/30, Batch 2650/3348, Loss: 0.0543
2025-10-10 06:13:22,354 [INFO] Época 12/30, Batch 2700/3348, Loss: 0.0625
2025-10-10 06:13:22,614 [INFO] Época 12/30, Batch 2750/3348, Loss: 0.0559
2025-10-10 06:13:22,874 [INFO] Época 12/30, Batch 2800/3348, Loss: 0.0324
2025-10-10 06:13:23,133 [INFO] Época 12/30, Batch 2850/3348, Loss: 0.0361
2025-10-10 06:13:23,395 [INFO] Época 12/30, Batch 2900/3348, Loss: 0.0865
2025-10-10 06:13:23,653 [INFO] Época 12/30, Batch 2950/3348, Loss: 0.0598
2025-10-10 06:13:23,913 [INFO] Época 12/30, Batch 3000/3348, Loss: 0.1066
2025-10-10 06:13:24,173 [INFO] Época 12/30, Batch 3050/3348, Loss: 0.0721
2025-10-10 06:13:24,435 [INFO] Época 12/30, Batch 3100/3348, Loss: 0.0579
2025-10-10 06:13:24,705 [INFO] Época 12/30, Batch 3150/3348, Loss: 0.1172
2025-10-10 06:13:24,966 [INFO] Época 12/30, Batch 3200/3348, Loss: 0.1111
2025-10-10 06:13:25,226 [INFO] Época 12/30, Batch 3250/3348, Loss: 0.0671
2025-10-10 06:13:25,486 [INFO] Época 12/30, Batch 3300/3348, Loss: 0.0494
2025-10-10 06:13:27,279 [INFO] [12/30] Train Loss: 0.0710 | Val Loss: 0.0917 | Tempo: 19.39s
2025-10-10 06:13:27,284 [INFO] Melhor modelo salvo em: /mnt/hdd/home/jdurao/ToolBox-ChemXAI/models/mlp_qm9_AtomPair_att9_large.pth
2025-10-10 06:13:27,857 [INFO] Época 13/30, Batch 50/3348, Loss: 0.0563
2025-10-10 06:13:28,124 [INFO] Época 13/30, Batch 100/3348, Loss: 0.0812
2025-10-10 06:13:28,387 [INFO] Época 13/30, Batch 150/3348, Loss: 0.0661
2025-10-10 06:13:28,651 [INFO] Época 13/30, Batch 200/3348, Loss: 0.0809
2025-10-10 06:13:28,913 [INFO] Época 13/30, Batch 250/3348, Loss: 0.0505
2025-10-10 06:13:29,177 [INFO] Época 13/30, Batch 300/3348, Loss: 0.0412
2025-10-10 06:13:29,438 [INFO] Época 13/30, Batch 350/3348, Loss: 0.0573
2025-10-10 06:13:29,700 [INFO] Época 13/30, Batch 400/3348, Loss: 0.0615
2025-10-10 06:13:29,961 [INFO] Época 13/30, Batch 450/3348, Loss: 0.0572
2025-10-10 06:13:30,221 [INFO] Época 13/30, Batch 500/3348, Loss: 0.0642
2025-10-10 06:13:30,482 [INFO] Época 13/30, Batch 550/3348, Loss: 0.0566
2025-10-10 06:13:30,743 [INFO] Época 13/30, Batch 600/3348, Loss: 0.0778
2025-10-10 06:13:31,004 [INFO] Época 13/30, Batch 650/3348, Loss: 0.0439
2025-10-10 06:13:31,259 [INFO] Época 13/30, Batch 700/3348, Loss: 0.1263
2025-10-10 06:13:31,515 [INFO] Época 13/30, Batch 750/3348, Loss: 0.0949
2025-10-10 06:13:31,778 [INFO] Época 13/30, Batch 800/3348, Loss: 0.0609
2025-10-10 06:13:32,030 [INFO] Época 13/30, Batch 850/3348, Loss: 0.1225
2025-10-10 06:13:32,285 [INFO] Época 13/30, Batch 900/3348, Loss: 0.1154
2025-10-10 06:13:32,538 [INFO] Época 13/30, Batch 950/3348, Loss: 0.0736
2025-10-10 06:13:32,791 [INFO] Época 13/30, Batch 1000/3348, Loss: 0.0514
2025-10-10 06:13:33,045 [INFO] Época 13/30, Batch 1050/3348, Loss: 0.1165
2025-10-10 06:13:33,298 [INFO] Época 13/30, Batch 1100/3348, Loss: 0.0692
2025-10-10 06:13:33,553 [INFO] Época 13/30, Batch 1150/3348, Loss: 0.0796
2025-10-10 06:13:33,809 [INFO] Época 13/30, Batch 1200/3348, Loss: 0.0452
2025-10-10 06:13:34,072 [INFO] Época 13/30, Batch 1250/3348, Loss: 0.0725
2025-10-10 06:13:34,330 [INFO] Época 13/30, Batch 1300/3348, Loss: 0.1001
2025-10-10 06:13:34,590 [INFO] Época 13/30, Batch 1350/3348, Loss: 0.0634
2025-10-10 06:13:34,860 [INFO] Época 13/30, Batch 1400/3348, Loss: 0.0477
2025-10-10 06:13:35,130 [INFO] Época 13/30, Batch 1450/3348, Loss: 0.0631
2025-10-10 06:13:35,400 [INFO] Época 13/30, Batch 1500/3348, Loss: 0.0588
2025-10-10 06:13:35,666 [INFO] Época 13/30, Batch 1550/3348, Loss: 0.1030
2025-10-10 06:13:35,934 [INFO] Época 13/30, Batch 1600/3348, Loss: 0.0458
2025-10-10 06:13:36,203 [INFO] Época 13/30, Batch 1650/3348, Loss: 0.0811
2025-10-10 06:13:36,472 [INFO] Época 13/30, Batch 1700/3348, Loss: 0.0579
2025-10-10 06:13:36,742 [INFO] Época 13/30, Batch 1750/3348, Loss: 0.0469
2025-10-10 06:13:37,013 [INFO] Época 13/30, Batch 1800/3348, Loss: 0.0764
2025-10-10 06:13:37,283 [INFO] Época 13/30, Batch 1850/3348, Loss: 0.0745
2025-10-10 06:13:37,551 [INFO] Época 13/30, Batch 1900/3348, Loss: 0.0627
2025-10-10 06:13:37,823 [INFO] Época 13/30, Batch 1950/3348, Loss: 0.0558
2025-10-10 06:13:38,092 [INFO] Época 13/30, Batch 2000/3348, Loss: 0.0564
2025-10-10 06:13:38,363 [INFO] Época 13/30, Batch 2050/3348, Loss: 0.0409
2025-10-10 06:13:38,631 [INFO] Época 13/30, Batch 2100/3348, Loss: 0.1059
2025-10-10 06:13:38,903 [INFO] Época 13/30, Batch 2150/3348, Loss: 0.0678
2025-10-10 06:13:39,162 [INFO] Época 13/30, Batch 2200/3348, Loss: 0.0712
2025-10-10 06:13:39,420 [INFO] Época 13/30, Batch 2250/3348, Loss: 0.0523
2025-10-10 06:13:39,683 [INFO] Época 13/30, Batch 2300/3348, Loss: 0.0902
2025-10-10 06:13:39,954 [INFO] Época 13/30, Batch 2350/3348, Loss: 0.0738
2025-10-10 06:13:40,224 [INFO] Época 13/30, Batch 2400/3348, Loss: 0.0824
2025-10-10 06:13:40,498 [INFO] Época 13/30, Batch 2450/3348, Loss: 0.0713
2025-10-10 06:13:40,768 [INFO] Época 13/30, Batch 2500/3348, Loss: 0.0747
2025-10-10 06:13:41,039 [INFO] Época 13/30, Batch 2550/3348, Loss: 0.0578
2025-10-10 06:13:41,307 [INFO] Época 13/30, Batch 2600/3348, Loss: 0.0791
2025-10-10 06:13:41,574 [INFO] Época 13/30, Batch 2650/3348, Loss: 0.0528
2025-10-10 06:13:41,834 [INFO] Época 13/30, Batch 2700/3348, Loss: 0.0627
2025-10-10 06:13:42,093 [INFO] Época 13/30, Batch 2750/3348, Loss: 0.0947
2025-10-10 06:13:42,353 [INFO] Época 13/30, Batch 2800/3348, Loss: 0.0576
2025-10-10 06:13:42,613 [INFO] Época 13/30, Batch 2850/3348, Loss: 0.0923
2025-10-10 06:13:42,870 [INFO] Época 13/30, Batch 2900/3348, Loss: 0.0499
2025-10-10 06:13:43,131 [INFO] Época 13/30, Batch 2950/3348, Loss: 0.0658
2025-10-10 06:13:43,388 [INFO] Época 13/30, Batch 3000/3348, Loss: 0.0824
2025-10-10 06:13:43,646 [INFO] Época 13/30, Batch 3050/3348, Loss: 0.0523
2025-10-10 06:13:43,906 [INFO] Época 13/30, Batch 3100/3348, Loss: 0.0799
2025-10-10 06:13:44,163 [INFO] Época 13/30, Batch 3150/3348, Loss: 0.0809
2025-10-10 06:13:44,424 [INFO] Época 13/30, Batch 3200/3348, Loss: 0.0470
2025-10-10 06:13:44,682 [INFO] Época 13/30, Batch 3250/3348, Loss: 0.0600
2025-10-10 06:13:44,951 [INFO] Época 13/30, Batch 3300/3348, Loss: 0.0326
2025-10-10 06:13:46,763 [INFO] [13/30] Train Loss: 0.0690 | Val Loss: 0.0936 | Tempo: 19.48s
2025-10-10 06:13:47,354 [INFO] Época 14/30, Batch 50/3348, Loss: 0.0887
2025-10-10 06:13:47,632 [INFO] Época 14/30, Batch 100/3348, Loss: 0.0808
2025-10-10 06:13:47,902 [INFO] Época 14/30, Batch 150/3348, Loss: 0.0618
2025-10-10 06:13:48,172 [INFO] Época 14/30, Batch 200/3348, Loss: 0.0437
2025-10-10 06:13:48,441 [INFO] Época 14/30, Batch 250/3348, Loss: 0.0680
2025-10-10 06:13:48,705 [INFO] Época 14/30, Batch 300/3348, Loss: 0.0498
2025-10-10 06:13:48,969 [INFO] Época 14/30, Batch 350/3348, Loss: 0.0368
2025-10-10 06:13:49,231 [INFO] Época 14/30, Batch 400/3348, Loss: 0.0860
2025-10-10 06:13:49,497 [INFO] Época 14/30, Batch 450/3348, Loss: 0.0854
2025-10-10 06:13:49,762 [INFO] Época 14/30, Batch 500/3348, Loss: 0.0637
2025-10-10 06:13:50,045 [INFO] Época 14/30, Batch 550/3348, Loss: 0.0657
2025-10-10 06:13:50,320 [INFO] Época 14/30, Batch 600/3348, Loss: 0.0619
2025-10-10 06:13:50,594 [INFO] Época 14/30, Batch 650/3348, Loss: 0.1096
2025-10-10 06:13:50,859 [INFO] Época 14/30, Batch 700/3348, Loss: 0.0668
2025-10-10 06:13:51,121 [INFO] Época 14/30, Batch 750/3348, Loss: 0.1121
2025-10-10 06:13:51,387 [INFO] Época 14/30, Batch 800/3348, Loss: 0.0806
2025-10-10 06:13:51,651 [INFO] Época 14/30, Batch 850/3348, Loss: 0.1446
2025-10-10 06:13:51,913 [INFO] Época 14/30, Batch 900/3348, Loss: 0.0300
2025-10-10 06:13:52,182 [INFO] Época 14/30, Batch 950/3348, Loss: 0.0836
2025-10-10 06:13:52,443 [INFO] Época 14/30, Batch 1000/3348, Loss: 0.0445
2025-10-10 06:13:52,703 [INFO] Época 14/30, Batch 1050/3348, Loss: 0.0384
2025-10-10 06:13:52,963 [INFO] Época 14/30, Batch 1100/3348, Loss: 0.1165
2025-10-10 06:13:53,224 [INFO] Época 14/30, Batch 1150/3348, Loss: 0.0415
2025-10-10 06:13:53,488 [INFO] Época 14/30, Batch 1200/3348, Loss: 0.0467
2025-10-10 06:13:53,750 [INFO] Época 14/30, Batch 1250/3348, Loss: 0.0771
2025-10-10 06:13:54,013 [INFO] Época 14/30, Batch 1300/3348, Loss: 0.0358
2025-10-10 06:13:54,276 [INFO] Época 14/30, Batch 1350/3348, Loss: 0.0582
2025-10-10 06:13:54,541 [INFO] Época 14/30, Batch 1400/3348, Loss: 0.0665
2025-10-10 06:13:54,807 [INFO] Época 14/30, Batch 1450/3348, Loss: 0.0917
2025-10-10 06:13:55,083 [INFO] Época 14/30, Batch 1500/3348, Loss: 0.0911
2025-10-10 06:13:55,348 [INFO] Época 14/30, Batch 1550/3348, Loss: 0.0497
2025-10-10 06:13:55,614 [INFO] Época 14/30, Batch 1600/3348, Loss: 0.0759
2025-10-10 06:13:55,881 [INFO] Época 14/30, Batch 1650/3348, Loss: 0.0612
2025-10-10 06:13:56,147 [INFO] Época 14/30, Batch 1700/3348, Loss: 0.0457
2025-10-10 06:13:56,412 [INFO] Época 14/30, Batch 1750/3348, Loss: 0.0836
2025-10-10 06:13:56,677 [INFO] Época 14/30, Batch 1800/3348, Loss: 0.0508
2025-10-10 06:13:56,944 [INFO] Época 14/30, Batch 1850/3348, Loss: 0.0592
2025-10-10 06:13:57,209 [INFO] Época 14/30, Batch 1900/3348, Loss: 0.0514
2025-10-10 06:13:57,475 [INFO] Época 14/30, Batch 1950/3348, Loss: 0.0646
2025-10-10 06:13:57,742 [INFO] Época 14/30, Batch 2000/3348, Loss: 0.0822
2025-10-10 06:13:58,007 [INFO] Época 14/30, Batch 2050/3348, Loss: 0.0927
2025-10-10 06:13:58,271 [INFO] Época 14/30, Batch 2100/3348, Loss: 0.0606
2025-10-10 06:13:58,536 [INFO] Época 14/30, Batch 2150/3348, Loss: 0.0553
2025-10-10 06:13:58,800 [INFO] Época 14/30, Batch 2200/3348, Loss: 0.0525
2025-10-10 06:13:59,065 [INFO] Época 14/30, Batch 2250/3348, Loss: 0.1013
2025-10-10 06:13:59,330 [INFO] Época 14/30, Batch 2300/3348, Loss: 0.0822
2025-10-10 06:13:59,592 [INFO] Época 14/30, Batch 2350/3348, Loss: 0.0626
2025-10-10 06:13:59,855 [INFO] Época 14/30, Batch 2400/3348, Loss: 0.0655
2025-10-10 06:14:00,128 [INFO] Época 14/30, Batch 2450/3348, Loss: 0.0848
2025-10-10 06:14:00,392 [INFO] Época 14/30, Batch 2500/3348, Loss: 0.0363
2025-10-10 06:14:00,654 [INFO] Época 14/30, Batch 2550/3348, Loss: 0.1067
2025-10-10 06:14:00,916 [INFO] Época 14/30, Batch 2600/3348, Loss: 0.0970
2025-10-10 06:14:01,177 [INFO] Época 14/30, Batch 2650/3348, Loss: 0.0876
2025-10-10 06:14:01,440 [INFO] Época 14/30, Batch 2700/3348, Loss: 0.0463
2025-10-10 06:14:01,706 [INFO] Época 14/30, Batch 2750/3348, Loss: 0.0615
2025-10-10 06:14:01,970 [INFO] Época 14/30, Batch 2800/3348, Loss: 0.1028
2025-10-10 06:14:02,233 [INFO] Época 14/30, Batch 2850/3348, Loss: 0.0717
2025-10-10 06:14:02,497 [INFO] Época 14/30, Batch 2900/3348, Loss: 0.0740
2025-10-10 06:14:02,761 [INFO] Época 14/30, Batch 2950/3348, Loss: 0.0682
2025-10-10 06:14:03,026 [INFO] Época 14/30, Batch 3000/3348, Loss: 0.0788
2025-10-10 06:14:03,291 [INFO] Época 14/30, Batch 3050/3348, Loss: 0.0595
2025-10-10 06:14:03,554 [INFO] Época 14/30, Batch 3100/3348, Loss: 0.0696
2025-10-10 06:14:03,815 [INFO] Época 14/30, Batch 3150/3348, Loss: 0.0559
2025-10-10 06:14:04,080 [INFO] Época 14/30, Batch 3200/3348, Loss: 0.0629
2025-10-10 06:14:04,343 [INFO] Época 14/30, Batch 3250/3348, Loss: 0.0677
2025-10-10 06:14:04,605 [INFO] Época 14/30, Batch 3300/3348, Loss: 0.0388
2025-10-10 06:14:06,492 [INFO] [14/30] Train Loss: 0.0674 | Val Loss: 0.0927 | Tempo: 19.73s
2025-10-10 06:14:07,075 [INFO] Época 15/30, Batch 50/3348, Loss: 0.0681
2025-10-10 06:14:07,344 [INFO] Época 15/30, Batch 100/3348, Loss: 0.0450
2025-10-10 06:14:07,609 [INFO] Época 15/30, Batch 150/3348, Loss: 0.0927
2025-10-10 06:14:07,875 [INFO] Época 15/30, Batch 200/3348, Loss: 0.0385
2025-10-10 06:14:08,137 [INFO] Época 15/30, Batch 250/3348, Loss: 0.1101
2025-10-10 06:14:08,400 [INFO] Época 15/30, Batch 300/3348, Loss: 0.0796
2025-10-10 06:14:08,661 [INFO] Época 15/30, Batch 350/3348, Loss: 0.0850
2025-10-10 06:14:08,922 [INFO] Época 15/30, Batch 400/3348, Loss: 0.0622
2025-10-10 06:14:09,183 [INFO] Época 15/30, Batch 450/3348, Loss: 0.0685
2025-10-10 06:14:09,444 [INFO] Época 15/30, Batch 500/3348, Loss: 0.0721
2025-10-10 06:14:09,704 [INFO] Época 15/30, Batch 550/3348, Loss: 0.0781
2025-10-10 06:14:09,966 [INFO] Época 15/30, Batch 600/3348, Loss: 0.0361
2025-10-10 06:14:10,228 [INFO] Época 15/30, Batch 650/3348, Loss: 0.0812
2025-10-10 06:14:10,481 [INFO] Época 15/30, Batch 700/3348, Loss: 0.0529
2025-10-10 06:14:10,743 [INFO] Época 15/30, Batch 750/3348, Loss: 0.0671
2025-10-10 06:14:11,006 [INFO] Época 15/30, Batch 800/3348, Loss: 0.0825
2025-10-10 06:14:11,268 [INFO] Época 15/30, Batch 850/3348, Loss: 0.0620
2025-10-10 06:14:11,532 [INFO] Época 15/30, Batch 900/3348, Loss: 0.0725
2025-10-10 06:14:11,799 [INFO] Época 15/30, Batch 950/3348, Loss: 0.0421
2025-10-10 06:14:12,061 [INFO] Época 15/30, Batch 1000/3348, Loss: 0.0393
2025-10-10 06:14:12,323 [INFO] Época 15/30, Batch 1050/3348, Loss: 0.0475
2025-10-10 06:14:12,588 [INFO] Época 15/30, Batch 1100/3348, Loss: 0.0620
2025-10-10 06:14:12,848 [INFO] Época 15/30, Batch 1150/3348, Loss: 0.0584
2025-10-10 06:14:13,110 [INFO] Época 15/30, Batch 1200/3348, Loss: 0.0682
2025-10-10 06:14:13,371 [INFO] Época 15/30, Batch 1250/3348, Loss: 0.0911
2025-10-10 06:14:13,632 [INFO] Época 15/30, Batch 1300/3348, Loss: 0.0805
2025-10-10 06:14:13,892 [INFO] Época 15/30, Batch 1350/3348, Loss: 0.1037
2025-10-10 06:14:14,153 [INFO] Época 15/30, Batch 1400/3348, Loss: 0.0426
2025-10-10 06:14:14,412 [INFO] Época 15/30, Batch 1450/3348, Loss: 0.0529
2025-10-10 06:14:14,674 [INFO] Época 15/30, Batch 1500/3348, Loss: 0.1010
2025-10-10 06:14:14,935 [INFO] Época 15/30, Batch 1550/3348, Loss: 0.0673
2025-10-10 06:14:15,196 [INFO] Época 15/30, Batch 1600/3348, Loss: 0.0886
2025-10-10 06:14:15,456 [INFO] Época 15/30, Batch 1650/3348, Loss: 0.0692
2025-10-10 06:14:15,718 [INFO] Época 15/30, Batch 1700/3348, Loss: 0.0931
2025-10-10 06:14:15,978 [INFO] Época 15/30, Batch 1750/3348, Loss: 0.0630
2025-10-10 06:14:16,240 [INFO] Época 15/30, Batch 1800/3348, Loss: 0.0562
2025-10-10 06:14:16,502 [INFO] Época 15/30, Batch 1850/3348, Loss: 0.0461
2025-10-10 06:14:16,764 [INFO] Época 15/30, Batch 1900/3348, Loss: 0.0494
2025-10-10 06:14:17,033 [INFO] Época 15/30, Batch 1950/3348, Loss: 0.0763
2025-10-10 06:14:17,294 [INFO] Época 15/30, Batch 2000/3348, Loss: 0.0869
2025-10-10 06:14:17,554 [INFO] Época 15/30, Batch 2050/3348, Loss: 0.0632
2025-10-10 06:14:17,816 [INFO] Época 15/30, Batch 2100/3348, Loss: 0.0642
2025-10-10 06:14:18,077 [INFO] Época 15/30, Batch 2150/3348, Loss: 0.0643
2025-10-10 06:14:18,341 [INFO] Época 15/30, Batch 2200/3348, Loss: 0.0457
2025-10-10 06:14:18,607 [INFO] Época 15/30, Batch 2250/3348, Loss: 0.0648
2025-10-10 06:14:18,870 [INFO] Época 15/30, Batch 2300/3348, Loss: 0.0669
2025-10-10 06:14:19,131 [INFO] Época 15/30, Batch 2350/3348, Loss: 0.0567
2025-10-10 06:14:19,392 [INFO] Época 15/30, Batch 2400/3348, Loss: 0.0683
2025-10-10 06:14:19,652 [INFO] Época 15/30, Batch 2450/3348, Loss: 0.1052
2025-10-10 06:14:19,914 [INFO] Época 15/30, Batch 2500/3348, Loss: 0.0569
2025-10-10 06:14:20,176 [INFO] Época 15/30, Batch 2550/3348, Loss: 0.0647
2025-10-10 06:14:20,436 [INFO] Época 15/30, Batch 2600/3348, Loss: 0.0961
2025-10-10 06:14:20,697 [INFO] Época 15/30, Batch 2650/3348, Loss: 0.0481
2025-10-10 06:14:20,959 [INFO] Época 15/30, Batch 2700/3348, Loss: 0.0822
2025-10-10 06:14:21,220 [INFO] Época 15/30, Batch 2750/3348, Loss: 0.0716
2025-10-10 06:14:21,482 [INFO] Época 15/30, Batch 2800/3348, Loss: 0.0666
2025-10-10 06:14:21,743 [INFO] Época 15/30, Batch 2850/3348, Loss: 0.0550
2025-10-10 06:14:22,005 [INFO] Época 15/30, Batch 2900/3348, Loss: 0.1257
2025-10-10 06:14:22,276 [INFO] Época 15/30, Batch 2950/3348, Loss: 0.0800
2025-10-10 06:14:22,538 [INFO] Época 15/30, Batch 3000/3348, Loss: 0.0680
2025-10-10 06:14:22,801 [INFO] Época 15/30, Batch 3050/3348, Loss: 0.0466
2025-10-10 06:14:23,062 [INFO] Época 15/30, Batch 3100/3348, Loss: 0.0730
2025-10-10 06:14:23,323 [INFO] Época 15/30, Batch 3150/3348, Loss: 0.0360
2025-10-10 06:14:23,587 [INFO] Época 15/30, Batch 3200/3348, Loss: 0.0686
2025-10-10 06:14:23,849 [INFO] Época 15/30, Batch 3250/3348, Loss: 0.0795
2025-10-10 06:14:24,113 [INFO] Época 15/30, Batch 3300/3348, Loss: 0.0756
2025-10-10 06:14:25,913 [INFO] [15/30] Train Loss: 0.0660 | Val Loss: 0.0907 | Tempo: 19.42s
2025-10-10 06:14:25,919 [INFO] Melhor modelo salvo em: /mnt/hdd/home/jdurao/ToolBox-ChemXAI/models/mlp_qm9_AtomPair_att9_large.pth
2025-10-10 06:14:26,499 [INFO] Época 16/30, Batch 50/3348, Loss: 0.0459
2025-10-10 06:14:26,766 [INFO] Época 16/30, Batch 100/3348, Loss: 0.0340
2025-10-10 06:14:27,029 [INFO] Época 16/30, Batch 150/3348, Loss: 0.0484
2025-10-10 06:14:27,304 [INFO] Época 16/30, Batch 200/3348, Loss: 0.0555
2025-10-10 06:14:27,567 [INFO] Época 16/30, Batch 250/3348, Loss: 0.0482
2025-10-10 06:14:27,828 [INFO] Época 16/30, Batch 300/3348, Loss: 0.0529
2025-10-10 06:14:28,088 [INFO] Época 16/30, Batch 350/3348, Loss: 0.0454
2025-10-10 06:14:28,350 [INFO] Época 16/30, Batch 400/3348, Loss: 0.0532
2025-10-10 06:14:28,615 [INFO] Época 16/30, Batch 450/3348, Loss: 0.0752
2025-10-10 06:14:28,880 [INFO] Época 16/30, Batch 500/3348, Loss: 0.0590
2025-10-10 06:14:29,143 [INFO] Época 16/30, Batch 550/3348, Loss: 0.0404
2025-10-10 06:14:29,406 [INFO] Época 16/30, Batch 600/3348, Loss: 0.0420
2025-10-10 06:14:29,666 [INFO] Época 16/30, Batch 650/3348, Loss: 0.0328
2025-10-10 06:14:29,926 [INFO] Época 16/30, Batch 700/3348, Loss: 0.0606
2025-10-10 06:14:30,186 [INFO] Época 16/30, Batch 750/3348, Loss: 0.0496
2025-10-10 06:14:30,451 [INFO] Época 16/30, Batch 800/3348, Loss: 0.0668
2025-10-10 06:14:30,712 [INFO] Época 16/30, Batch 850/3348, Loss: 0.0584
2025-10-10 06:14:30,973 [INFO] Época 16/30, Batch 900/3348, Loss: 0.0656
2025-10-10 06:14:31,233 [INFO] Época 16/30, Batch 950/3348, Loss: 0.0548
2025-10-10 06:14:31,497 [INFO] Época 16/30, Batch 1000/3348, Loss: 0.0640
2025-10-10 06:14:31,761 [INFO] Época 16/30, Batch 1050/3348, Loss: 0.0548
2025-10-10 06:14:32,023 [INFO] Época 16/30, Batch 1100/3348, Loss: 0.0747
2025-10-10 06:14:32,286 [INFO] Época 16/30, Batch 1150/3348, Loss: 0.0542
2025-10-10 06:14:32,561 [INFO] Época 16/30, Batch 1200/3348, Loss: 0.0555
2025-10-10 06:14:32,825 [INFO] Época 16/30, Batch 1250/3348, Loss: 0.0384
2025-10-10 06:14:33,087 [INFO] Época 16/30, Batch 1300/3348, Loss: 0.0627
2025-10-10 06:14:33,348 [INFO] Época 16/30, Batch 1350/3348, Loss: 0.0460
2025-10-10 06:14:33,611 [INFO] Época 16/30, Batch 1400/3348, Loss: 0.0863
2025-10-10 06:14:33,871 [INFO] Época 16/30, Batch 1450/3348, Loss: 0.0446
2025-10-10 06:14:34,136 [INFO] Época 16/30, Batch 1500/3348, Loss: 0.0541
2025-10-10 06:14:34,401 [INFO] Época 16/30, Batch 1550/3348, Loss: 0.0696
2025-10-10 06:14:34,663 [INFO] Época 16/30, Batch 1600/3348, Loss: 0.0731
2025-10-10 06:14:34,925 [INFO] Época 16/30, Batch 1650/3348, Loss: 0.0471
2025-10-10 06:14:35,186 [INFO] Época 16/30, Batch 1700/3348, Loss: 0.0548
2025-10-10 06:14:35,447 [INFO] Época 16/30, Batch 1750/3348, Loss: 0.0627
2025-10-10 06:14:35,710 [INFO] Época 16/30, Batch 1800/3348, Loss: 0.0368
2025-10-10 06:14:35,971 [INFO] Época 16/30, Batch 1850/3348, Loss: 0.0608
2025-10-10 06:14:36,231 [INFO] Época 16/30, Batch 1900/3348, Loss: 0.0898
2025-10-10 06:14:36,494 [INFO] Época 16/30, Batch 1950/3348, Loss: 0.0788
2025-10-10 06:14:36,756 [INFO] Época 16/30, Batch 2000/3348, Loss: 0.0838
2025-10-10 06:14:37,017 [INFO] Época 16/30, Batch 2050/3348, Loss: 0.0392
2025-10-10 06:14:37,277 [INFO] Época 16/30, Batch 2100/3348, Loss: 0.0425
2025-10-10 06:14:37,538 [INFO] Época 16/30, Batch 2150/3348, Loss: 0.0724
2025-10-10 06:14:37,808 [INFO] Época 16/30, Batch 2200/3348, Loss: 0.0550
2025-10-10 06:14:38,070 [INFO] Época 16/30, Batch 2250/3348, Loss: 0.0592
2025-10-10 06:14:38,331 [INFO] Época 16/30, Batch 2300/3348, Loss: 0.0857
2025-10-10 06:14:38,591 [INFO] Época 16/30, Batch 2350/3348, Loss: 0.0972
2025-10-10 06:14:38,851 [INFO] Época 16/30, Batch 2400/3348, Loss: 0.0708
2025-10-10 06:14:39,111 [INFO] Época 16/30, Batch 2450/3348, Loss: 0.0431
2025-10-10 06:14:39,372 [INFO] Época 16/30, Batch 2500/3348, Loss: 0.0632
2025-10-10 06:14:39,633 [INFO] Época 16/30, Batch 2550/3348, Loss: 0.0461
2025-10-10 06:14:39,893 [INFO] Época 16/30, Batch 2600/3348, Loss: 0.0673
2025-10-10 06:14:40,154 [INFO] Época 16/30, Batch 2650/3348, Loss: 0.0715
2025-10-10 06:14:40,416 [INFO] Época 16/30, Batch 2700/3348, Loss: 0.0707
2025-10-10 06:14:40,679 [INFO] Época 16/30, Batch 2750/3348, Loss: 0.0783
2025-10-10 06:14:40,941 [INFO] Época 16/30, Batch 2800/3348, Loss: 0.0474
2025-10-10 06:14:41,202 [INFO] Época 16/30, Batch 2850/3348, Loss: 0.0753
2025-10-10 06:14:41,462 [INFO] Época 16/30, Batch 2900/3348, Loss: 0.0935
2025-10-10 06:14:41,723 [INFO] Época 16/30, Batch 2950/3348, Loss: 0.0756
2025-10-10 06:14:41,983 [INFO] Época 16/30, Batch 3000/3348, Loss: 0.0478
2025-10-10 06:14:42,246 [INFO] Época 16/30, Batch 3050/3348, Loss: 0.0425
2025-10-10 06:14:42,506 [INFO] Época 16/30, Batch 3100/3348, Loss: 0.0740
2025-10-10 06:14:42,766 [INFO] Época 16/30, Batch 3150/3348, Loss: 0.0504
2025-10-10 06:14:43,039 [INFO] Época 16/30, Batch 3200/3348, Loss: 0.0916
2025-10-10 06:14:43,301 [INFO] Época 16/30, Batch 3250/3348, Loss: 0.0677
2025-10-10 06:14:43,561 [INFO] Época 16/30, Batch 3300/3348, Loss: 0.0687
2025-10-10 06:14:45,441 [INFO] [16/30] Train Loss: 0.0644 | Val Loss: 0.0883 | Tempo: 19.52s
2025-10-10 06:14:45,446 [INFO] Melhor modelo salvo em: /mnt/hdd/home/jdurao/ToolBox-ChemXAI/models/mlp_qm9_AtomPair_att9_large.pth
2025-10-10 06:14:46,031 [INFO] Época 17/30, Batch 50/3348, Loss: 0.0676
2025-10-10 06:14:46,299 [INFO] Época 17/30, Batch 100/3348, Loss: 0.0544
2025-10-10 06:14:46,564 [INFO] Época 17/30, Batch 150/3348, Loss: 0.0847
2025-10-10 06:14:46,831 [INFO] Época 17/30, Batch 200/3348, Loss: 0.0542
2025-10-10 06:14:47,094 [INFO] Época 17/30, Batch 250/3348, Loss: 0.0665
2025-10-10 06:14:47,359 [INFO] Época 17/30, Batch 300/3348, Loss: 0.0343
2025-10-10 06:14:47,621 [INFO] Época 17/30, Batch 350/3348, Loss: 0.0500
2025-10-10 06:14:47,884 [INFO] Época 17/30, Batch 400/3348, Loss: 0.0545
2025-10-10 06:14:48,158 [INFO] Época 17/30, Batch 450/3348, Loss: 0.0435
2025-10-10 06:14:48,420 [INFO] Época 17/30, Batch 500/3348, Loss: 0.0708
2025-10-10 06:14:48,685 [INFO] Época 17/30, Batch 550/3348, Loss: 0.0406
2025-10-10 06:14:48,947 [INFO] Época 17/30, Batch 600/3348, Loss: 0.0444
2025-10-10 06:14:49,211 [INFO] Época 17/30, Batch 650/3348, Loss: 0.0427
2025-10-10 06:14:49,471 [INFO] Época 17/30, Batch 700/3348, Loss: 0.0606
2025-10-10 06:14:49,727 [INFO] Época 17/30, Batch 750/3348, Loss: 0.0566
2025-10-10 06:14:49,989 [INFO] Época 17/30, Batch 800/3348, Loss: 0.0592
2025-10-10 06:14:50,250 [INFO] Época 17/30, Batch 850/3348, Loss: 0.0575
2025-10-10 06:14:50,511 [INFO] Época 17/30, Batch 900/3348, Loss: 0.0504
2025-10-10 06:14:50,772 [INFO] Época 17/30, Batch 950/3348, Loss: 0.0639
2025-10-10 06:14:51,034 [INFO] Época 17/30, Batch 1000/3348, Loss: 0.0833
2025-10-10 06:14:51,297 [INFO] Época 17/30, Batch 1050/3348, Loss: 0.0414
2025-10-10 06:14:51,558 [INFO] Época 17/30, Batch 1100/3348, Loss: 0.0488
2025-10-10 06:14:51,818 [INFO] Época 17/30, Batch 1150/3348, Loss: 0.0512
2025-10-10 06:14:52,079 [INFO] Época 17/30, Batch 1200/3348, Loss: 0.0454
2025-10-10 06:14:52,341 [INFO] Época 17/30, Batch 1250/3348, Loss: 0.0739
2025-10-10 06:14:52,607 [INFO] Época 17/30, Batch 1300/3348, Loss: 0.0476
2025-10-10 06:14:52,871 [INFO] Época 17/30, Batch 1350/3348, Loss: 0.0712
2025-10-10 06:14:53,133 [INFO] Época 17/30, Batch 1400/3348, Loss: 0.0721
2025-10-10 06:14:53,397 [INFO] Época 17/30, Batch 1450/3348, Loss: 0.0672
2025-10-10 06:14:53,658 [INFO] Época 17/30, Batch 1500/3348, Loss: 0.0903
2025-10-10 06:14:53,921 [INFO] Época 17/30, Batch 1550/3348, Loss: 0.0868
2025-10-10 06:14:54,183 [INFO] Época 17/30, Batch 1600/3348, Loss: 0.0875
2025-10-10 06:14:54,445 [INFO] Época 17/30, Batch 1650/3348, Loss: 0.0774
2025-10-10 06:14:54,709 [INFO] Época 17/30, Batch 1700/3348, Loss: 0.0682
2025-10-10 06:14:54,970 [INFO] Época 17/30, Batch 1750/3348, Loss: 0.0697
2025-10-10 06:14:55,234 [INFO] Época 17/30, Batch 1800/3348, Loss: 0.0619
2025-10-10 06:14:55,497 [INFO] Época 17/30, Batch 1850/3348, Loss: 0.0558
2025-10-10 06:14:55,761 [INFO] Época 17/30, Batch 1900/3348, Loss: 0.0650
2025-10-10 06:14:56,030 [INFO] Época 17/30, Batch 1950/3348, Loss: 0.0537
2025-10-10 06:14:56,296 [INFO] Época 17/30, Batch 2000/3348, Loss: 0.0614
2025-10-10 06:14:56,560 [INFO] Época 17/30, Batch 2050/3348, Loss: 0.0731
2025-10-10 06:14:56,825 [INFO] Época 17/30, Batch 2100/3348, Loss: 0.0584
2025-10-10 06:14:57,087 [INFO] Época 17/30, Batch 2150/3348, Loss: 0.0723
2025-10-10 06:14:57,355 [INFO] Época 17/30, Batch 2200/3348, Loss: 0.0688
2025-10-10 06:14:57,621 [INFO] Época 17/30, Batch 2250/3348, Loss: 0.0580
2025-10-10 06:14:57,884 [INFO] Época 17/30, Batch 2300/3348, Loss: 0.0433
2025-10-10 06:14:58,149 [INFO] Época 17/30, Batch 2350/3348, Loss: 0.0383
2025-10-10 06:14:58,424 [INFO] Época 17/30, Batch 2400/3348, Loss: 0.0325
2025-10-10 06:14:58,688 [INFO] Época 17/30, Batch 2450/3348, Loss: 0.0517
2025-10-10 06:14:58,953 [INFO] Época 17/30, Batch 2500/3348, Loss: 0.0398
2025-10-10 06:14:59,215 [INFO] Época 17/30, Batch 2550/3348, Loss: 0.0432
2025-10-10 06:14:59,481 [INFO] Época 17/30, Batch 2600/3348, Loss: 0.0909
2025-10-10 06:14:59,745 [INFO] Época 17/30, Batch 2650/3348, Loss: 0.0676
2025-10-10 06:15:00,008 [INFO] Época 17/30, Batch 2700/3348, Loss: 0.0797
2025-10-10 06:15:00,270 [INFO] Época 17/30, Batch 2750/3348, Loss: 0.0428
2025-10-10 06:15:00,530 [INFO] Época 17/30, Batch 2800/3348, Loss: 0.0531
2025-10-10 06:15:00,793 [INFO] Época 17/30, Batch 2850/3348, Loss: 0.0388
2025-10-10 06:15:01,054 [INFO] Época 17/30, Batch 2900/3348, Loss: 0.1129
2025-10-10 06:15:01,314 [INFO] Época 17/30, Batch 2950/3348, Loss: 0.0744
2025-10-10 06:15:01,575 [INFO] Época 17/30, Batch 3000/3348, Loss: 0.0677
2025-10-10 06:15:01,837 [INFO] Época 17/30, Batch 3050/3348, Loss: 0.0427
2025-10-10 06:15:02,100 [INFO] Época 17/30, Batch 3100/3348, Loss: 0.0384
2025-10-10 06:15:02,362 [INFO] Época 17/30, Batch 3150/3348, Loss: 0.0602
2025-10-10 06:15:02,624 [INFO] Época 17/30, Batch 3200/3348, Loss: 0.0460
2025-10-10 06:15:02,887 [INFO] Época 17/30, Batch 3250/3348, Loss: 0.0448
2025-10-10 06:15:03,148 [INFO] Época 17/30, Batch 3300/3348, Loss: 0.0790
2025-10-10 06:15:04,918 [INFO] [17/30] Train Loss: 0.0628 | Val Loss: 0.0951 | Tempo: 19.47s
2025-10-10 06:15:05,493 [INFO] Época 18/30, Batch 50/3348, Loss: 0.0438
2025-10-10 06:15:05,762 [INFO] Época 18/30, Batch 100/3348, Loss: 0.0645
2025-10-10 06:15:06,025 [INFO] Época 18/30, Batch 150/3348, Loss: 0.0420
2025-10-10 06:15:06,286 [INFO] Época 18/30, Batch 200/3348, Loss: 0.0615
2025-10-10 06:15:06,547 [INFO] Época 18/30, Batch 250/3348, Loss: 0.0556
2025-10-10 06:15:06,808 [INFO] Época 18/30, Batch 300/3348, Loss: 0.0622
2025-10-10 06:15:07,068 [INFO] Época 18/30, Batch 350/3348, Loss: 0.1033
2025-10-10 06:15:07,328 [INFO] Época 18/30, Batch 400/3348, Loss: 0.0650
2025-10-10 06:15:07,586 [INFO] Época 18/30, Batch 450/3348, Loss: 0.0614
2025-10-10 06:15:07,867 [INFO] Época 18/30, Batch 500/3348, Loss: 0.0393
2025-10-10 06:15:08,150 [INFO] Época 18/30, Batch 550/3348, Loss: 0.0819
2025-10-10 06:15:08,426 [INFO] Época 18/30, Batch 600/3348, Loss: 0.0344
2025-10-10 06:15:08,696 [INFO] Época 18/30, Batch 650/3348, Loss: 0.1020
2025-10-10 06:15:08,966 [INFO] Época 18/30, Batch 700/3348, Loss: 0.0719
2025-10-10 06:15:09,235 [INFO] Época 18/30, Batch 750/3348, Loss: 0.0729
2025-10-10 06:15:09,507 [INFO] Época 18/30, Batch 800/3348, Loss: 0.0636
2025-10-10 06:15:09,785 [INFO] Época 18/30, Batch 850/3348, Loss: 0.0722
2025-10-10 06:15:10,052 [INFO] Época 18/30, Batch 900/3348, Loss: 0.1237
2025-10-10 06:15:10,334 [INFO] Época 18/30, Batch 950/3348, Loss: 0.0364
2025-10-10 06:15:10,590 [INFO] Época 18/30, Batch 1000/3348, Loss: 0.0674
2025-10-10 06:15:10,870 [INFO] Época 18/30, Batch 1050/3348, Loss: 0.0591
2025-10-10 06:15:11,143 [INFO] Época 18/30, Batch 1100/3348, Loss: 0.0941
2025-10-10 06:15:11,406 [INFO] Época 18/30, Batch 1150/3348, Loss: 0.0548
2025-10-10 06:15:11,679 [INFO] Época 18/30, Batch 1200/3348, Loss: 0.0542
2025-10-10 06:15:11,935 [INFO] Época 18/30, Batch 1250/3348, Loss: 0.0420
2025-10-10 06:15:12,195 [INFO] Época 18/30, Batch 1300/3348, Loss: 0.0752
2025-10-10 06:15:12,459 [INFO] Época 18/30, Batch 1350/3348, Loss: 0.0342
2025-10-10 06:15:12,720 [INFO] Época 18/30, Batch 1400/3348, Loss: 0.0660
2025-10-10 06:15:12,979 [INFO] Época 18/30, Batch 1450/3348, Loss: 0.0658
2025-10-10 06:15:13,239 [INFO] Época 18/30, Batch 1500/3348, Loss: 0.0538
2025-10-10 06:15:13,499 [INFO] Época 18/30, Batch 1550/3348, Loss: 0.0683
2025-10-10 06:15:13,759 [INFO] Época 18/30, Batch 1600/3348, Loss: 0.0764
2025-10-10 06:15:14,022 [INFO] Época 18/30, Batch 1650/3348, Loss: 0.0471
2025-10-10 06:15:14,287 [INFO] Época 18/30, Batch 1700/3348, Loss: 0.0573
2025-10-10 06:15:14,550 [INFO] Época 18/30, Batch 1750/3348, Loss: 0.0805
2025-10-10 06:15:14,813 [INFO] Época 18/30, Batch 1800/3348, Loss: 0.0671
2025-10-10 06:15:15,075 [INFO] Época 18/30, Batch 1850/3348, Loss: 0.0788
2025-10-10 06:15:15,349 [INFO] Época 18/30, Batch 1900/3348, Loss: 0.0444
2025-10-10 06:15:15,611 [INFO] Época 18/30, Batch 1950/3348, Loss: 0.0664
2025-10-10 06:15:15,874 [INFO] Época 18/30, Batch 2000/3348, Loss: 0.0507
2025-10-10 06:15:16,136 [INFO] Época 18/30, Batch 2050/3348, Loss: 0.0531
2025-10-10 06:15:16,399 [INFO] Época 18/30, Batch 2100/3348, Loss: 0.0858
2025-10-10 06:15:16,659 [INFO] Época 18/30, Batch 2150/3348, Loss: 0.0717
2025-10-10 06:15:16,918 [INFO] Época 18/30, Batch 2200/3348, Loss: 0.0582
2025-10-10 06:15:17,179 [INFO] Época 18/30, Batch 2250/3348, Loss: 0.0495
2025-10-10 06:15:17,440 [INFO] Época 18/30, Batch 2300/3348, Loss: 0.0793
2025-10-10 06:15:17,700 [INFO] Época 18/30, Batch 2350/3348, Loss: 0.0482
2025-10-10 06:15:17,962 [INFO] Época 18/30, Batch 2400/3348, Loss: 0.0918
2025-10-10 06:15:18,223 [INFO] Época 18/30, Batch 2450/3348, Loss: 0.0499
2025-10-10 06:15:18,484 [INFO] Época 18/30, Batch 2500/3348, Loss: 0.0928
2025-10-10 06:15:18,744 [INFO] Época 18/30, Batch 2550/3348, Loss: 0.0571
2025-10-10 06:15:19,006 [INFO] Época 18/30, Batch 2600/3348, Loss: 0.0735
2025-10-10 06:15:19,266 [INFO] Época 18/30, Batch 2650/3348, Loss: 0.0553
2025-10-10 06:15:19,526 [INFO] Época 18/30, Batch 2700/3348, Loss: 0.0625
2025-10-10 06:15:19,784 [INFO] Época 18/30, Batch 2750/3348, Loss: 0.0746
2025-10-10 06:15:20,045 [INFO] Época 18/30, Batch 2800/3348, Loss: 0.0477
2025-10-10 06:15:20,304 [INFO] Época 18/30, Batch 2850/3348, Loss: 0.0688
2025-10-10 06:15:20,575 [INFO] Época 18/30, Batch 2900/3348, Loss: 0.0672
2025-10-10 06:15:20,835 [INFO] Época 18/30, Batch 2950/3348, Loss: 0.0477
2025-10-10 06:15:21,095 [INFO] Época 18/30, Batch 3000/3348, Loss: 0.0765
2025-10-10 06:15:21,355 [INFO] Época 18/30, Batch 3050/3348, Loss: 0.0432
2025-10-10 06:15:21,616 [INFO] Época 18/30, Batch 3100/3348, Loss: 0.0753
2025-10-10 06:15:21,876 [INFO] Época 18/30, Batch 3150/3348, Loss: 0.0773
2025-10-10 06:15:22,137 [INFO] Época 18/30, Batch 3200/3348, Loss: 0.0720
2025-10-10 06:15:22,400 [INFO] Época 18/30, Batch 3250/3348, Loss: 0.0602
2025-10-10 06:15:22,661 [INFO] Época 18/30, Batch 3300/3348, Loss: 0.0776
2025-10-10 06:15:24,612 [INFO] [18/30] Train Loss: 0.0622 | Val Loss: 0.0911 | Tempo: 19.69s
2025-10-10 06:15:25,188 [INFO] Época 19/30, Batch 50/3348, Loss: 0.0457
2025-10-10 06:15:25,457 [INFO] Época 19/30, Batch 100/3348, Loss: 0.0254
2025-10-10 06:15:25,726 [INFO] Época 19/30, Batch 150/3348, Loss: 0.0648
2025-10-10 06:15:25,992 [INFO] Época 19/30, Batch 200/3348, Loss: 0.0720
2025-10-10 06:15:26,259 [INFO] Época 19/30, Batch 250/3348, Loss: 0.0559
2025-10-10 06:15:26,522 [INFO] Época 19/30, Batch 300/3348, Loss: 0.0593
2025-10-10 06:15:26,787 [INFO] Época 19/30, Batch 350/3348, Loss: 0.0422
2025-10-10 06:15:27,050 [INFO] Época 19/30, Batch 400/3348, Loss: 0.0650
2025-10-10 06:15:27,314 [INFO] Época 19/30, Batch 450/3348, Loss: 0.0686
2025-10-10 06:15:27,577 [INFO] Época 19/30, Batch 500/3348, Loss: 0.0802
2025-10-10 06:15:27,841 [INFO] Época 19/30, Batch 550/3348, Loss: 0.0807
2025-10-10 06:15:28,107 [INFO] Época 19/30, Batch 600/3348, Loss: 0.0662
2025-10-10 06:15:28,369 [INFO] Época 19/30, Batch 650/3348, Loss: 0.0454
2025-10-10 06:15:28,634 [INFO] Época 19/30, Batch 700/3348, Loss: 0.0488
2025-10-10 06:15:28,897 [INFO] Época 19/30, Batch 750/3348, Loss: 0.0540
2025-10-10 06:15:29,162 [INFO] Época 19/30, Batch 800/3348, Loss: 0.0769
2025-10-10 06:15:29,432 [INFO] Época 19/30, Batch 850/3348, Loss: 0.0860
2025-10-10 06:15:29,695 [INFO] Época 19/30, Batch 900/3348, Loss: 0.0392
2025-10-10 06:15:29,954 [INFO] Época 19/30, Batch 950/3348, Loss: 0.0512
2025-10-10 06:15:30,216 [INFO] Época 19/30, Batch 1000/3348, Loss: 0.0474
2025-10-10 06:15:30,477 [INFO] Época 19/30, Batch 1050/3348, Loss: 0.0598
2025-10-10 06:15:30,750 [INFO] Época 19/30, Batch 1100/3348, Loss: 0.1069
2025-10-10 06:15:31,011 [INFO] Época 19/30, Batch 1150/3348, Loss: 0.0935
2025-10-10 06:15:31,274 [INFO] Época 19/30, Batch 1200/3348, Loss: 0.0533
2025-10-10 06:15:31,534 [INFO] Época 19/30, Batch 1250/3348, Loss: 0.0430
2025-10-10 06:15:31,796 [INFO] Época 19/30, Batch 1300/3348, Loss: 0.0320
2025-10-10 06:15:32,058 [INFO] Época 19/30, Batch 1350/3348, Loss: 0.0397
2025-10-10 06:15:32,323 [INFO] Época 19/30, Batch 1400/3348, Loss: 0.0966
2025-10-10 06:15:32,585 [INFO] Época 19/30, Batch 1450/3348, Loss: 0.0605
2025-10-10 06:15:32,848 [INFO] Época 19/30, Batch 1500/3348, Loss: 0.0483
2025-10-10 06:15:33,110 [INFO] Época 19/30, Batch 1550/3348, Loss: 0.0769
2025-10-10 06:15:33,373 [INFO] Época 19/30, Batch 1600/3348, Loss: 0.0645
2025-10-10 06:15:33,636 [INFO] Época 19/30, Batch 1650/3348, Loss: 0.0606
2025-10-10 06:15:33,900 [INFO] Época 19/30, Batch 1700/3348, Loss: 0.0481
2025-10-10 06:15:34,163 [INFO] Época 19/30, Batch 1750/3348, Loss: 0.0615
2025-10-10 06:15:34,426 [INFO] Época 19/30, Batch 1800/3348, Loss: 0.0490
2025-10-10 06:15:34,690 [INFO] Época 19/30, Batch 1850/3348, Loss: 0.0903
2025-10-10 06:15:34,951 [INFO] Época 19/30, Batch 1900/3348, Loss: 0.0263
2025-10-10 06:15:35,212 [INFO] Época 19/30, Batch 1950/3348, Loss: 0.0874
2025-10-10 06:15:35,471 [INFO] Época 19/30, Batch 2000/3348, Loss: 0.0829
2025-10-10 06:15:35,731 [INFO] Época 19/30, Batch 2050/3348, Loss: 0.0816
2025-10-10 06:15:35,998 [INFO] Época 19/30, Batch 2100/3348, Loss: 0.0479
2025-10-10 06:15:36,259 [INFO] Época 19/30, Batch 2150/3348, Loss: 0.0404
2025-10-10 06:15:36,516 [INFO] Época 19/30, Batch 2200/3348, Loss: 0.0609
2025-10-10 06:15:36,779 [INFO] Época 19/30, Batch 2250/3348, Loss: 0.0548
2025-10-10 06:15:37,040 [INFO] Época 19/30, Batch 2300/3348, Loss: 0.0524
2025-10-10 06:15:37,302 [INFO] Época 19/30, Batch 2350/3348, Loss: 0.0408
2025-10-10 06:15:37,565 [INFO] Época 19/30, Batch 2400/3348, Loss: 0.0640
2025-10-10 06:15:37,827 [INFO] Época 19/30, Batch 2450/3348, Loss: 0.0670
2025-10-10 06:15:38,088 [INFO] Época 19/30, Batch 2500/3348, Loss: 0.0800
2025-10-10 06:15:38,350 [INFO] Época 19/30, Batch 2550/3348, Loss: 0.0738
2025-10-10 06:15:38,611 [INFO] Época 19/30, Batch 2600/3348, Loss: 0.0558
2025-10-10 06:15:38,874 [INFO] Época 19/30, Batch 2650/3348, Loss: 0.0499
2025-10-10 06:15:39,136 [INFO] Época 19/30, Batch 2700/3348, Loss: 0.0775
2025-10-10 06:15:39,396 [INFO] Época 19/30, Batch 2750/3348, Loss: 0.1207
2025-10-10 06:15:39,658 [INFO] Época 19/30, Batch 2800/3348, Loss: 0.0589
2025-10-10 06:15:39,918 [INFO] Época 19/30, Batch 2850/3348, Loss: 0.0431
2025-10-10 06:15:40,178 [INFO] Época 19/30, Batch 2900/3348, Loss: 0.0538
2025-10-10 06:15:40,436 [INFO] Época 19/30, Batch 2950/3348, Loss: 0.0608
2025-10-10 06:15:40,696 [INFO] Época 19/30, Batch 3000/3348, Loss: 0.0799
2025-10-10 06:15:40,956 [INFO] Época 19/30, Batch 3050/3348, Loss: 0.0378
2025-10-10 06:15:41,219 [INFO] Época 19/30, Batch 3100/3348, Loss: 0.0519
2025-10-10 06:15:41,479 [INFO] Época 19/30, Batch 3150/3348, Loss: 0.0424
2025-10-10 06:15:41,738 [INFO] Época 19/30, Batch 3200/3348, Loss: 0.0485
2025-10-10 06:15:41,996 [INFO] Época 19/30, Batch 3250/3348, Loss: 0.0823
2025-10-10 06:15:42,256 [INFO] Época 19/30, Batch 3300/3348, Loss: 0.0537
2025-10-10 06:15:44,134 [INFO] [19/30] Train Loss: 0.0612 | Val Loss: 0.0855 | Tempo: 19.52s
2025-10-10 06:15:44,139 [INFO] Melhor modelo salvo em: /mnt/hdd/home/jdurao/ToolBox-ChemXAI/models/mlp_qm9_AtomPair_att9_large.pth
2025-10-10 06:15:44,714 [INFO] Época 20/30, Batch 50/3348, Loss: 0.0641
2025-10-10 06:15:44,984 [INFO] Época 20/30, Batch 100/3348, Loss: 0.0816
2025-10-10 06:15:45,253 [INFO] Época 20/30, Batch 150/3348, Loss: 0.0794
2025-10-10 06:15:45,519 [INFO] Época 20/30, Batch 200/3348, Loss: 0.0717
2025-10-10 06:15:45,782 [INFO] Época 20/30, Batch 250/3348, Loss: 0.0525
2025-10-10 06:15:46,045 [INFO] Época 20/30, Batch 300/3348, Loss: 0.0738
2025-10-10 06:15:46,319 [INFO] Época 20/30, Batch 350/3348, Loss: 0.0530
2025-10-10 06:15:46,583 [INFO] Época 20/30, Batch 400/3348, Loss: 0.0856
2025-10-10 06:15:46,849 [INFO] Época 20/30, Batch 450/3348, Loss: 0.0460
2025-10-10 06:15:47,113 [INFO] Época 20/30, Batch 500/3348, Loss: 0.0634
2025-10-10 06:15:47,377 [INFO] Época 20/30, Batch 550/3348, Loss: 0.0559
2025-10-10 06:15:47,640 [INFO] Época 20/30, Batch 600/3348, Loss: 0.0565
2025-10-10 06:15:47,903 [INFO] Época 20/30, Batch 650/3348, Loss: 0.0312
2025-10-10 06:15:48,158 [INFO] Época 20/30, Batch 700/3348, Loss: 0.0471
2025-10-10 06:15:48,411 [INFO] Época 20/30, Batch 750/3348, Loss: 0.1036
2025-10-10 06:15:48,665 [INFO] Época 20/30, Batch 800/3348, Loss: 0.0405
2025-10-10 06:15:48,925 [INFO] Época 20/30, Batch 850/3348, Loss: 0.0712
2025-10-10 06:15:49,186 [INFO] Época 20/30, Batch 900/3348, Loss: 0.0640
2025-10-10 06:15:49,447 [INFO] Época 20/30, Batch 950/3348, Loss: 0.0534
2025-10-10 06:15:49,707 [INFO] Época 20/30, Batch 1000/3348, Loss: 0.0535
2025-10-10 06:15:49,967 [INFO] Época 20/30, Batch 1050/3348, Loss: 0.0396
2025-10-10 06:15:50,227 [INFO] Época 20/30, Batch 1100/3348, Loss: 0.0591
2025-10-10 06:15:50,488 [INFO] Época 20/30, Batch 1150/3348, Loss: 0.1076
2025-10-10 06:15:50,750 [INFO] Época 20/30, Batch 1200/3348, Loss: 0.0677
2025-10-10 06:15:51,012 [INFO] Época 20/30, Batch 1250/3348, Loss: 0.0452
2025-10-10 06:15:51,273 [INFO] Época 20/30, Batch 1300/3348, Loss: 0.0681
2025-10-10 06:15:51,538 [INFO] Época 20/30, Batch 1350/3348, Loss: 0.0470
2025-10-10 06:15:51,802 [INFO] Época 20/30, Batch 1400/3348, Loss: 0.0645
2025-10-10 06:15:52,064 [INFO] Época 20/30, Batch 1450/3348, Loss: 0.0528
2025-10-10 06:15:52,327 [INFO] Época 20/30, Batch 1500/3348, Loss: 0.0526
2025-10-10 06:15:52,588 [INFO] Época 20/30, Batch 1550/3348, Loss: 0.0880
2025-10-10 06:15:52,849 [INFO] Época 20/30, Batch 1600/3348, Loss: 0.0468
2025-10-10 06:15:53,112 [INFO] Época 20/30, Batch 1650/3348, Loss: 0.0679
2025-10-10 06:15:53,375 [INFO] Época 20/30, Batch 1700/3348, Loss: 0.0489
2025-10-10 06:15:53,636 [INFO] Época 20/30, Batch 1750/3348, Loss: 0.0627
2025-10-10 06:15:53,896 [INFO] Época 20/30, Batch 1800/3348, Loss: 0.1263
2025-10-10 06:15:54,159 [INFO] Época 20/30, Batch 1850/3348, Loss: 0.0401
2025-10-10 06:15:54,420 [INFO] Época 20/30, Batch 1900/3348, Loss: 0.0670
2025-10-10 06:15:54,682 [INFO] Época 20/30, Batch 1950/3348, Loss: 0.1018
2025-10-10 06:15:54,942 [INFO] Época 20/30, Batch 2000/3348, Loss: 0.0656
2025-10-10 06:15:55,204 [INFO] Época 20/30, Batch 2050/3348, Loss: 0.0586
2025-10-10 06:15:55,468 [INFO] Época 20/30, Batch 2100/3348, Loss: 0.0319
2025-10-10 06:15:55,733 [INFO] Época 20/30, Batch 2150/3348, Loss: 0.0754
2025-10-10 06:15:56,000 [INFO] Época 20/30, Batch 2200/3348, Loss: 0.0861
2025-10-10 06:15:56,265 [INFO] Época 20/30, Batch 2250/3348, Loss: 0.0586
2025-10-10 06:15:56,533 [INFO] Época 20/30, Batch 2300/3348, Loss: 0.0981
2025-10-10 06:15:56,809 [INFO] Época 20/30, Batch 2350/3348, Loss: 0.0348
2025-10-10 06:15:57,077 [INFO] Época 20/30, Batch 2400/3348, Loss: 0.0577
2025-10-10 06:15:57,341 [INFO] Época 20/30, Batch 2450/3348, Loss: 0.0828
2025-10-10 06:15:57,607 [INFO] Época 20/30, Batch 2500/3348, Loss: 0.0745
2025-10-10 06:15:57,871 [INFO] Época 20/30, Batch 2550/3348, Loss: 0.0435
2025-10-10 06:15:58,135 [INFO] Época 20/30, Batch 2600/3348, Loss: 0.0517
2025-10-10 06:15:58,399 [INFO] Época 20/30, Batch 2650/3348, Loss: 0.0686
2025-10-10 06:15:58,664 [INFO] Época 20/30, Batch 2700/3348, Loss: 0.0685
2025-10-10 06:15:58,928 [INFO] Época 20/30, Batch 2750/3348, Loss: 0.0488
2025-10-10 06:15:59,192 [INFO] Época 20/30, Batch 2800/3348, Loss: 0.0941
2025-10-10 06:15:59,455 [INFO] Época 20/30, Batch 2850/3348, Loss: 0.0593
2025-10-10 06:15:59,714 [INFO] Época 20/30, Batch 2900/3348, Loss: 0.0613
2025-10-10 06:15:59,975 [INFO] Época 20/30, Batch 2950/3348, Loss: 0.0494
2025-10-10 06:16:00,237 [INFO] Época 20/30, Batch 3000/3348, Loss: 0.0468
2025-10-10 06:16:00,498 [INFO] Época 20/30, Batch 3050/3348, Loss: 0.0705
2025-10-10 06:16:00,759 [INFO] Época 20/30, Batch 3100/3348, Loss: 0.0425
2025-10-10 06:16:01,019 [INFO] Época 20/30, Batch 3150/3348, Loss: 0.0552
2025-10-10 06:16:01,281 [INFO] Época 20/30, Batch 3200/3348, Loss: 0.1016
2025-10-10 06:16:01,542 [INFO] Época 20/30, Batch 3250/3348, Loss: 0.0478
2025-10-10 06:16:01,817 [INFO] Época 20/30, Batch 3300/3348, Loss: 0.0477
2025-10-10 06:16:03,624 [INFO] [20/30] Train Loss: 0.0603 | Val Loss: 0.0816 | Tempo: 19.48s
2025-10-10 06:16:03,627 [INFO] Melhor modelo salvo em: /mnt/hdd/home/jdurao/ToolBox-ChemXAI/models/mlp_qm9_AtomPair_att9_large.pth
2025-10-10 06:16:04,198 [INFO] Época 21/30, Batch 50/3348, Loss: 0.0582
2025-10-10 06:16:04,472 [INFO] Época 21/30, Batch 100/3348, Loss: 0.0561
2025-10-10 06:16:04,743 [INFO] Época 21/30, Batch 150/3348, Loss: 0.0781
2025-10-10 06:16:05,012 [INFO] Época 21/30, Batch 200/3348, Loss: 0.0517
2025-10-10 06:16:05,279 [INFO] Época 21/30, Batch 250/3348, Loss: 0.0769
2025-10-10 06:16:05,547 [INFO] Época 21/30, Batch 300/3348, Loss: 0.0538
2025-10-10 06:16:05,815 [INFO] Época 21/30, Batch 350/3348, Loss: 0.0427
2025-10-10 06:16:06,081 [INFO] Época 21/30, Batch 400/3348, Loss: 0.0491
2025-10-10 06:16:06,348 [INFO] Época 21/30, Batch 450/3348, Loss: 0.0480
2025-10-10 06:16:06,614 [INFO] Época 21/30, Batch 500/3348, Loss: 0.0345
2025-10-10 06:16:06,894 [INFO] Época 21/30, Batch 550/3348, Loss: 0.1011
2025-10-10 06:16:07,161 [INFO] Época 21/30, Batch 600/3348, Loss: 0.0460
2025-10-10 06:16:07,427 [INFO] Época 21/30, Batch 650/3348, Loss: 0.0643
2025-10-10 06:16:07,695 [INFO] Época 21/30, Batch 700/3348, Loss: 0.0446
2025-10-10 06:16:07,961 [INFO] Época 21/30, Batch 750/3348, Loss: 0.0714
2025-10-10 06:16:08,228 [INFO] Época 21/30, Batch 800/3348, Loss: 0.0542
2025-10-10 06:16:08,494 [INFO] Época 21/30, Batch 850/3348, Loss: 0.0358
2025-10-10 06:16:08,762 [INFO] Época 21/30, Batch 900/3348, Loss: 0.0382
2025-10-10 06:16:09,029 [INFO] Época 21/30, Batch 950/3348, Loss: 0.0484
2025-10-10 06:16:09,296 [INFO] Época 21/30, Batch 1000/3348, Loss: 0.0547
2025-10-10 06:16:09,561 [INFO] Época 21/30, Batch 1050/3348, Loss: 0.0480
2025-10-10 06:16:09,827 [INFO] Época 21/30, Batch 1100/3348, Loss: 0.0323
2025-10-10 06:16:10,094 [INFO] Época 21/30, Batch 1150/3348, Loss: 0.0683
2025-10-10 06:16:10,362 [INFO] Época 21/30, Batch 1200/3348, Loss: 0.0665
2025-10-10 06:16:10,631 [INFO] Época 21/30, Batch 1250/3348, Loss: 0.0525
2025-10-10 06:16:10,907 [INFO] Época 21/30, Batch 1300/3348, Loss: 0.0550
2025-10-10 06:16:11,186 [INFO] Época 21/30, Batch 1350/3348, Loss: 0.0795
2025-10-10 06:16:11,461 [INFO] Época 21/30, Batch 1400/3348, Loss: 0.1116
2025-10-10 06:16:11,730 [INFO] Época 21/30, Batch 1450/3348, Loss: 0.0548
2025-10-10 06:16:12,008 [INFO] Época 21/30, Batch 1500/3348, Loss: 0.0395
2025-10-10 06:16:12,276 [INFO] Época 21/30, Batch 1550/3348, Loss: 0.0459
2025-10-10 06:16:12,546 [INFO] Época 21/30, Batch 1600/3348, Loss: 0.0913
2025-10-10 06:16:12,827 [INFO] Época 21/30, Batch 1650/3348, Loss: 0.0463
2025-10-10 06:16:13,113 [INFO] Época 21/30, Batch 1700/3348, Loss: 0.0697
2025-10-10 06:16:13,394 [INFO] Época 21/30, Batch 1750/3348, Loss: 0.0791
2025-10-10 06:16:13,679 [INFO] Época 21/30, Batch 1800/3348, Loss: 0.0499
2025-10-10 06:16:13,965 [INFO] Época 21/30, Batch 1850/3348, Loss: 0.0858
2025-10-10 06:16:14,237 [INFO] Época 21/30, Batch 1900/3348, Loss: 0.0408
2025-10-10 06:16:14,504 [INFO] Época 21/30, Batch 1950/3348, Loss: 0.0385
2025-10-10 06:16:14,771 [INFO] Época 21/30, Batch 2000/3348, Loss: 0.0569
2025-10-10 06:16:15,043 [INFO] Época 21/30, Batch 2050/3348, Loss: 0.0344
2025-10-10 06:16:15,327 [INFO] Época 21/30, Batch 2100/3348, Loss: 0.0740
2025-10-10 06:16:15,612 [INFO] Época 21/30, Batch 2150/3348, Loss: 0.0550
2025-10-10 06:16:15,898 [INFO] Época 21/30, Batch 2200/3348, Loss: 0.0512
2025-10-10 06:16:16,183 [INFO] Época 21/30, Batch 2250/3348, Loss: 0.0690
2025-10-10 06:16:16,462 [INFO] Época 21/30, Batch 2300/3348, Loss: 0.0589
2025-10-10 06:16:16,739 [INFO] Época 21/30, Batch 2350/3348, Loss: 0.0391
2025-10-10 06:16:17,034 [INFO] Época 21/30, Batch 2400/3348, Loss: 0.0657
2025-10-10 06:16:17,316 [INFO] Época 21/30, Batch 2450/3348, Loss: 0.0387
2025-10-10 06:16:17,598 [INFO] Época 21/30, Batch 2500/3348, Loss: 0.0502
2025-10-10 06:16:17,880 [INFO] Época 21/30, Batch 2550/3348, Loss: 0.0323
2025-10-10 06:16:18,163 [INFO] Época 21/30, Batch 2600/3348, Loss: 0.0737
2025-10-10 06:16:18,438 [INFO] Época 21/30, Batch 2650/3348, Loss: 0.0767
2025-10-10 06:16:18,701 [INFO] Época 21/30, Batch 2700/3348, Loss: 0.0380
2025-10-10 06:16:18,966 [INFO] Época 21/30, Batch 2750/3348, Loss: 0.0575
2025-10-10 06:16:19,230 [INFO] Época 21/30, Batch 2800/3348, Loss: 0.0502
2025-10-10 06:16:19,494 [INFO] Época 21/30, Batch 2850/3348, Loss: 0.0665
2025-10-10 06:16:19,757 [INFO] Época 21/30, Batch 2900/3348, Loss: 0.0507
2025-10-10 06:16:20,019 [INFO] Época 21/30, Batch 2950/3348, Loss: 0.0470
2025-10-10 06:16:20,283 [INFO] Época 21/30, Batch 3000/3348, Loss: 0.0584
2025-10-10 06:16:20,546 [INFO] Época 21/30, Batch 3050/3348, Loss: 0.0726
2025-10-10 06:16:20,827 [INFO] Época 21/30, Batch 3100/3348, Loss: 0.0489
2025-10-10 06:16:21,110 [INFO] Época 21/30, Batch 3150/3348, Loss: 0.0582
2025-10-10 06:16:21,392 [INFO] Época 21/30, Batch 3200/3348, Loss: 0.0693
2025-10-10 06:16:21,675 [INFO] Época 21/30, Batch 3250/3348, Loss: 0.0771
2025-10-10 06:16:21,957 [INFO] Época 21/30, Batch 3300/3348, Loss: 0.0635
2025-10-10 06:16:23,749 [INFO] [21/30] Train Loss: 0.0594 | Val Loss: 0.0961 | Tempo: 20.12s
2025-10-10 06:16:24,335 [INFO] Época 22/30, Batch 50/3348, Loss: 0.0535
2025-10-10 06:16:24,608 [INFO] Época 22/30, Batch 100/3348, Loss: 0.0401
2025-10-10 06:16:24,874 [INFO] Época 22/30, Batch 150/3348, Loss: 0.0582
2025-10-10 06:16:25,138 [INFO] Época 22/30, Batch 200/3348, Loss: 0.0531
2025-10-10 06:16:25,401 [INFO] Época 22/30, Batch 250/3348, Loss: 0.0351
2025-10-10 06:16:25,664 [INFO] Época 22/30, Batch 300/3348, Loss: 0.0818
2025-10-10 06:16:25,927 [INFO] Época 22/30, Batch 350/3348, Loss: 0.0725
2025-10-10 06:16:26,187 [INFO] Época 22/30, Batch 400/3348, Loss: 0.0623
2025-10-10 06:16:26,447 [INFO] Época 22/30, Batch 450/3348, Loss: 0.0463
2025-10-10 06:16:26,708 [INFO] Época 22/30, Batch 500/3348, Loss: 0.0459
2025-10-10 06:16:26,971 [INFO] Época 22/30, Batch 550/3348, Loss: 0.0561
2025-10-10 06:16:27,243 [INFO] Época 22/30, Batch 600/3348, Loss: 0.0455
2025-10-10 06:16:27,506 [INFO] Época 22/30, Batch 650/3348, Loss: 0.0317
2025-10-10 06:16:27,768 [INFO] Época 22/30, Batch 700/3348, Loss: 0.0400
2025-10-10 06:16:28,032 [INFO] Época 22/30, Batch 750/3348, Loss: 0.0580
2025-10-10 06:16:28,295 [INFO] Época 22/30, Batch 800/3348, Loss: 0.0592
2025-10-10 06:16:28,557 [INFO] Época 22/30, Batch 850/3348, Loss: 0.0718
2025-10-10 06:16:28,819 [INFO] Época 22/30, Batch 900/3348, Loss: 0.0508
2025-10-10 06:16:29,083 [INFO] Época 22/30, Batch 950/3348, Loss: 0.0640
2025-10-10 06:16:29,346 [INFO] Época 22/30, Batch 1000/3348, Loss: 0.0593
2025-10-10 06:16:29,608 [INFO] Época 22/30, Batch 1050/3348, Loss: 0.0714
2025-10-10 06:16:29,871 [INFO] Época 22/30, Batch 1100/3348, Loss: 0.0728
2025-10-10 06:16:30,132 [INFO] Época 22/30, Batch 1150/3348, Loss: 0.0401
2025-10-10 06:16:30,392 [INFO] Época 22/30, Batch 1200/3348, Loss: 0.0545
2025-10-10 06:16:30,656 [INFO] Época 22/30, Batch 1250/3348, Loss: 0.0634
2025-10-10 06:16:30,917 [INFO] Época 22/30, Batch 1300/3348, Loss: 0.0620
2025-10-10 06:16:31,175 [INFO] Época 22/30, Batch 1350/3348, Loss: 0.0444
2025-10-10 06:16:31,428 [INFO] Época 22/30, Batch 1400/3348, Loss: 0.0517
2025-10-10 06:16:31,684 [INFO] Época 22/30, Batch 1450/3348, Loss: 0.0735
2025-10-10 06:16:31,943 [INFO] Época 22/30, Batch 1500/3348, Loss: 0.0396
2025-10-10 06:16:32,200 [INFO] Época 22/30, Batch 1550/3348, Loss: 0.0842
2025-10-10 06:16:32,463 [INFO] Época 22/30, Batch 1600/3348, Loss: 0.0466
2025-10-10 06:16:32,724 [INFO] Época 22/30, Batch 1650/3348, Loss: 0.0815
2025-10-10 06:16:32,986 [INFO] Época 22/30, Batch 1700/3348, Loss: 0.0586
2025-10-10 06:16:33,249 [INFO] Época 22/30, Batch 1750/3348, Loss: 0.0445
2025-10-10 06:16:33,511 [INFO] Época 22/30, Batch 1800/3348, Loss: 0.0572
2025-10-10 06:16:33,775 [INFO] Época 22/30, Batch 1850/3348, Loss: 0.0309
2025-10-10 06:16:34,034 [INFO] Época 22/30, Batch 1900/3348, Loss: 0.0784
2025-10-10 06:16:34,295 [INFO] Época 22/30, Batch 1950/3348, Loss: 0.0608
2025-10-10 06:16:34,559 [INFO] Época 22/30, Batch 2000/3348, Loss: 0.0500
2025-10-10 06:16:34,820 [INFO] Época 22/30, Batch 2050/3348, Loss: 0.0699
2025-10-10 06:16:35,082 [INFO] Época 22/30, Batch 2100/3348, Loss: 0.0566
2025-10-10 06:16:35,344 [INFO] Época 22/30, Batch 2150/3348, Loss: 0.0441
2025-10-10 06:16:35,604 [INFO] Época 22/30, Batch 2200/3348, Loss: 0.0452
2025-10-10 06:16:35,870 [INFO] Época 22/30, Batch 2250/3348, Loss: 0.0660
2025-10-10 06:16:36,133 [INFO] Época 22/30, Batch 2300/3348, Loss: 0.0802
2025-10-10 06:16:36,397 [INFO] Época 22/30, Batch 2350/3348, Loss: 0.0571
2025-10-10 06:16:36,659 [INFO] Época 22/30, Batch 2400/3348, Loss: 0.0805
2025-10-10 06:16:36,921 [INFO] Época 22/30, Batch 2450/3348, Loss: 0.1129
2025-10-10 06:16:37,186 [INFO] Época 22/30, Batch 2500/3348, Loss: 0.0724
2025-10-10 06:16:37,455 [INFO] Época 22/30, Batch 2550/3348, Loss: 0.0566
2025-10-10 06:16:37,725 [INFO] Época 22/30, Batch 2600/3348, Loss: 0.0769
2025-10-10 06:16:37,983 [INFO] Época 22/30, Batch 2650/3348, Loss: 0.0710
2025-10-10 06:16:38,240 [INFO] Época 22/30, Batch 2700/3348, Loss: 0.0456
2025-10-10 06:16:38,496 [INFO] Época 22/30, Batch 2750/3348, Loss: 0.0347
2025-10-10 06:16:38,756 [INFO] Época 22/30, Batch 2800/3348, Loss: 0.0684
2025-10-10 06:16:39,013 [INFO] Época 22/30, Batch 2850/3348, Loss: 0.0493
2025-10-10 06:16:39,269 [INFO] Época 22/30, Batch 2900/3348, Loss: 0.0462
2025-10-10 06:16:39,525 [INFO] Época 22/30, Batch 2950/3348, Loss: 0.0370
2025-10-10 06:16:39,787 [INFO] Época 22/30, Batch 3000/3348, Loss: 0.0762
2025-10-10 06:16:40,047 [INFO] Época 22/30, Batch 3050/3348, Loss: 0.0877
2025-10-10 06:16:40,307 [INFO] Época 22/30, Batch 3100/3348, Loss: 0.0613
2025-10-10 06:16:40,561 [INFO] Época 22/30, Batch 3150/3348, Loss: 0.0821
2025-10-10 06:16:40,818 [INFO] Época 22/30, Batch 3200/3348, Loss: 0.0502
2025-10-10 06:16:41,074 [INFO] Época 22/30, Batch 3250/3348, Loss: 0.0631
2025-10-10 06:16:41,329 [INFO] Época 22/30, Batch 3300/3348, Loss: 0.0963
2025-10-10 06:16:43,068 [INFO] [22/30] Train Loss: 0.0580 | Val Loss: 0.0856 | Tempo: 19.32s
2025-10-10 06:16:43,645 [INFO] Época 23/30, Batch 50/3348, Loss: 0.0508
2025-10-10 06:16:43,911 [INFO] Época 23/30, Batch 100/3348, Loss: 0.0813
2025-10-10 06:16:44,172 [INFO] Época 23/30, Batch 150/3348, Loss: 0.0676
2025-10-10 06:16:44,432 [INFO] Época 23/30, Batch 200/3348, Loss: 0.0514
2025-10-10 06:16:44,694 [INFO] Época 23/30, Batch 250/3348, Loss: 0.0514
2025-10-10 06:16:44,952 [INFO] Época 23/30, Batch 300/3348, Loss: 0.0916
2025-10-10 06:16:45,210 [INFO] Época 23/30, Batch 350/3348, Loss: 0.0491
2025-10-10 06:16:45,468 [INFO] Época 23/30, Batch 400/3348, Loss: 0.1062
2025-10-10 06:16:45,728 [INFO] Época 23/30, Batch 450/3348, Loss: 0.0525
2025-10-10 06:16:45,994 [INFO] Época 23/30, Batch 500/3348, Loss: 0.0684
2025-10-10 06:16:46,254 [INFO] Época 23/30, Batch 550/3348, Loss: 0.0439
2025-10-10 06:16:46,514 [INFO] Época 23/30, Batch 600/3348, Loss: 0.0767
2025-10-10 06:16:46,775 [INFO] Época 23/30, Batch 650/3348, Loss: 0.0496
2025-10-10 06:16:47,037 [INFO] Época 23/30, Batch 700/3348, Loss: 0.0471
2025-10-10 06:16:47,300 [INFO] Época 23/30, Batch 750/3348, Loss: 0.0358
2025-10-10 06:16:47,562 [INFO] Época 23/30, Batch 800/3348, Loss: 0.0460
2025-10-10 06:16:47,824 [INFO] Época 23/30, Batch 850/3348, Loss: 0.0454
2025-10-10 06:16:48,086 [INFO] Época 23/30, Batch 900/3348, Loss: 0.0347
2025-10-10 06:16:48,350 [INFO] Época 23/30, Batch 950/3348, Loss: 0.0487
2025-10-10 06:16:48,612 [INFO] Época 23/30, Batch 1000/3348, Loss: 0.0382
2025-10-10 06:16:48,871 [INFO] Época 23/30, Batch 1050/3348, Loss: 0.0483
2025-10-10 06:16:49,129 [INFO] Época 23/30, Batch 1100/3348, Loss: 0.0424
2025-10-10 06:16:49,387 [INFO] Época 23/30, Batch 1150/3348, Loss: 0.0322
2025-10-10 06:16:49,644 [INFO] Época 23/30, Batch 1200/3348, Loss: 0.0368
2025-10-10 06:16:49,903 [INFO] Época 23/30, Batch 1250/3348, Loss: 0.0893
2025-10-10 06:16:50,162 [INFO] Época 23/30, Batch 1300/3348, Loss: 0.0523
2025-10-10 06:16:50,421 [INFO] Época 23/30, Batch 1350/3348, Loss: 0.0615
2025-10-10 06:16:50,682 [INFO] Época 23/30, Batch 1400/3348, Loss: 0.0716
2025-10-10 06:16:50,943 [INFO] Época 23/30, Batch 1450/3348, Loss: 0.0412
2025-10-10 06:16:51,205 [INFO] Época 23/30, Batch 1500/3348, Loss: 0.0385
2025-10-10 06:16:51,465 [INFO] Época 23/30, Batch 1550/3348, Loss: 0.0516
2025-10-10 06:16:51,727 [INFO] Época 23/30, Batch 1600/3348, Loss: 0.0672
2025-10-10 06:16:51,989 [INFO] Época 23/30, Batch 1650/3348, Loss: 0.0315
2025-10-10 06:16:52,250 [INFO] Época 23/30, Batch 1700/3348, Loss: 0.0494
2025-10-10 06:16:52,511 [INFO] Época 23/30, Batch 1750/3348, Loss: 0.0582
2025-10-10 06:16:52,773 [INFO] Época 23/30, Batch 1800/3348, Loss: 0.0621
2025-10-10 06:16:53,033 [INFO] Época 23/30, Batch 1850/3348, Loss: 0.0559
2025-10-10 06:16:53,294 [INFO] Época 23/30, Batch 1900/3348, Loss: 0.0528
2025-10-10 06:16:53,554 [INFO] Época 23/30, Batch 1950/3348, Loss: 0.0522
2025-10-10 06:16:53,812 [INFO] Época 23/30, Batch 2000/3348, Loss: 0.0667
2025-10-10 06:16:54,072 [INFO] Época 23/30, Batch 2050/3348, Loss: 0.0338
2025-10-10 06:16:54,332 [INFO] Época 23/30, Batch 2100/3348, Loss: 0.0505
2025-10-10 06:16:54,589 [INFO] Época 23/30, Batch 2150/3348, Loss: 0.0561
2025-10-10 06:16:54,853 [INFO] Época 23/30, Batch 2200/3348, Loss: 0.0697
2025-10-10 06:16:55,118 [INFO] Época 23/30, Batch 2250/3348, Loss: 0.0817
2025-10-10 06:16:55,384 [INFO] Época 23/30, Batch 2300/3348, Loss: 0.0901
2025-10-10 06:16:55,651 [INFO] Época 23/30, Batch 2350/3348, Loss: 0.0461
2025-10-10 06:16:55,917 [INFO] Época 23/30, Batch 2400/3348, Loss: 0.0272
2025-10-10 06:16:56,183 [INFO] Época 23/30, Batch 2450/3348, Loss: 0.0590
2025-10-10 06:16:56,448 [INFO] Época 23/30, Batch 2500/3348, Loss: 0.0770
2025-10-10 06:16:56,716 [INFO] Época 23/30, Batch 2550/3348, Loss: 0.0381
2025-10-10 06:16:56,982 [INFO] Época 23/30, Batch 2600/3348, Loss: 0.0614
2025-10-10 06:16:57,248 [INFO] Época 23/30, Batch 2650/3348, Loss: 0.0679
2025-10-10 06:16:57,515 [INFO] Época 23/30, Batch 2700/3348, Loss: 0.0510
2025-10-10 06:16:57,782 [INFO] Época 23/30, Batch 2750/3348, Loss: 0.0815
2025-10-10 06:16:58,053 [INFO] Época 23/30, Batch 2800/3348, Loss: 0.0501
2025-10-10 06:16:58,323 [INFO] Época 23/30, Batch 2850/3348, Loss: 0.0700
2025-10-10 06:16:58,604 [INFO] Época 23/30, Batch 2900/3348, Loss: 0.0599
2025-10-10 06:16:58,873 [INFO] Época 23/30, Batch 2950/3348, Loss: 0.0577
2025-10-10 06:16:59,142 [INFO] Época 23/30, Batch 3000/3348, Loss: 0.0400
2025-10-10 06:16:59,414 [INFO] Época 23/30, Batch 3050/3348, Loss: 0.0484
2025-10-10 06:16:59,684 [INFO] Época 23/30, Batch 3100/3348, Loss: 0.0649
2025-10-10 06:16:59,954 [INFO] Época 23/30, Batch 3150/3348, Loss: 0.0448
2025-10-10 06:17:00,220 [INFO] Época 23/30, Batch 3200/3348, Loss: 0.0591
2025-10-10 06:17:00,486 [INFO] Época 23/30, Batch 3250/3348, Loss: 0.0616
2025-10-10 06:17:00,754 [INFO] Época 23/30, Batch 3300/3348, Loss: 0.0382
2025-10-10 06:17:02,667 [INFO] [23/30] Train Loss: 0.0580 | Val Loss: 0.0914 | Tempo: 19.60s
2025-10-10 06:17:03,252 [INFO] Época 24/30, Batch 50/3348, Loss: 0.0593
2025-10-10 06:17:03,520 [INFO] Época 24/30, Batch 100/3348, Loss: 0.0445
2025-10-10 06:17:03,787 [INFO] Época 24/30, Batch 150/3348, Loss: 0.0435
2025-10-10 06:17:04,053 [INFO] Época 24/30, Batch 200/3348, Loss: 0.0437
2025-10-10 06:17:04,317 [INFO] Época 24/30, Batch 250/3348, Loss: 0.0642
2025-10-10 06:17:04,579 [INFO] Época 24/30, Batch 300/3348, Loss: 0.0447
2025-10-10 06:17:04,843 [INFO] Época 24/30, Batch 350/3348, Loss: 0.0477
2025-10-10 06:17:05,106 [INFO] Época 24/30, Batch 400/3348, Loss: 0.0593
2025-10-10 06:17:05,370 [INFO] Época 24/30, Batch 450/3348, Loss: 0.0327
2025-10-10 06:17:05,632 [INFO] Época 24/30, Batch 500/3348, Loss: 0.0353
2025-10-10 06:17:05,896 [INFO] Época 24/30, Batch 550/3348, Loss: 0.0462
2025-10-10 06:17:06,157 [INFO] Época 24/30, Batch 600/3348, Loss: 0.0540
2025-10-10 06:17:06,421 [INFO] Época 24/30, Batch 650/3348, Loss: 0.0801
2025-10-10 06:17:06,674 [INFO] Época 24/30, Batch 700/3348, Loss: 0.0645
2025-10-10 06:17:06,931 [INFO] Época 24/30, Batch 750/3348, Loss: 0.0380
2025-10-10 06:17:07,193 [INFO] Época 24/30, Batch 800/3348, Loss: 0.0449
2025-10-10 06:17:07,454 [INFO] Época 24/30, Batch 850/3348, Loss: 0.0670
2025-10-10 06:17:07,715 [INFO] Época 24/30, Batch 900/3348, Loss: 0.0333
2025-10-10 06:17:07,975 [INFO] Época 24/30, Batch 950/3348, Loss: 0.0701
2025-10-10 06:17:08,234 [INFO] Época 24/30, Batch 1000/3348, Loss: 0.1007
2025-10-10 06:17:08,497 [INFO] Época 24/30, Batch 1050/3348, Loss: 0.0530
2025-10-10 06:17:08,757 [INFO] Época 24/30, Batch 1100/3348, Loss: 0.0834
2025-10-10 06:17:09,019 [INFO] Época 24/30, Batch 1150/3348, Loss: 0.0527
2025-10-10 06:17:09,281 [INFO] Época 24/30, Batch 1200/3348, Loss: 0.0399
2025-10-10 06:17:09,541 [INFO] Época 24/30, Batch 1250/3348, Loss: 0.0509
2025-10-10 06:17:09,805 [INFO] Época 24/30, Batch 1300/3348, Loss: 0.0801
2025-10-10 06:17:10,067 [INFO] Época 24/30, Batch 1350/3348, Loss: 0.0285
2025-10-10 06:17:10,328 [INFO] Época 24/30, Batch 1400/3348, Loss: 0.0452
2025-10-10 06:17:10,591 [INFO] Época 24/30, Batch 1450/3348, Loss: 0.0680
2025-10-10 06:17:10,858 [INFO] Época 24/30, Batch 1500/3348, Loss: 0.0611
2025-10-10 06:17:11,123 [INFO] Época 24/30, Batch 1550/3348, Loss: 0.0614
2025-10-10 06:17:11,385 [INFO] Época 24/30, Batch 1600/3348, Loss: 0.0507
2025-10-10 06:17:11,646 [INFO] Época 24/30, Batch 1650/3348, Loss: 0.0560
2025-10-10 06:17:11,909 [INFO] Época 24/30, Batch 1700/3348, Loss: 0.0762
2025-10-10 06:17:12,171 [INFO] Época 24/30, Batch 1750/3348, Loss: 0.0239
2025-10-10 06:17:12,435 [INFO] Época 24/30, Batch 1800/3348, Loss: 0.0927
2025-10-10 06:17:12,697 [INFO] Época 24/30, Batch 1850/3348, Loss: 0.0375
2025-10-10 06:17:12,959 [INFO] Época 24/30, Batch 1900/3348, Loss: 0.0453
2025-10-10 06:17:13,221 [INFO] Época 24/30, Batch 1950/3348, Loss: 0.0410
2025-10-10 06:17:13,482 [INFO] Época 24/30, Batch 2000/3348, Loss: 0.0401
2025-10-10 06:17:13,745 [INFO] Época 24/30, Batch 2050/3348, Loss: 0.0790
2025-10-10 06:17:14,007 [INFO] Época 24/30, Batch 2100/3348, Loss: 0.0430
2025-10-10 06:17:14,274 [INFO] Época 24/30, Batch 2150/3348, Loss: 0.0472
2025-10-10 06:17:14,537 [INFO] Época 24/30, Batch 2200/3348, Loss: 0.0412
2025-10-10 06:17:14,799 [INFO] Época 24/30, Batch 2250/3348, Loss: 0.0589
2025-10-10 06:17:15,063 [INFO] Época 24/30, Batch 2300/3348, Loss: 0.0503
2025-10-10 06:17:15,328 [INFO] Época 24/30, Batch 2350/3348, Loss: 0.0656
2025-10-10 06:17:15,593 [INFO] Época 24/30, Batch 2400/3348, Loss: 0.0465
2025-10-10 06:17:15,855 [INFO] Época 24/30, Batch 2450/3348, Loss: 0.0413
2025-10-10 06:17:16,120 [INFO] Época 24/30, Batch 2500/3348, Loss: 0.0528
2025-10-10 06:17:16,385 [INFO] Época 24/30, Batch 2550/3348, Loss: 0.0335
2025-10-10 06:17:16,652 [INFO] Época 24/30, Batch 2600/3348, Loss: 0.0439
2025-10-10 06:17:16,916 [INFO] Época 24/30, Batch 2650/3348, Loss: 0.0456
2025-10-10 06:17:17,179 [INFO] Época 24/30, Batch 2700/3348, Loss: 0.0705
2025-10-10 06:17:17,441 [INFO] Época 24/30, Batch 2750/3348, Loss: 0.0392
2025-10-10 06:17:17,703 [INFO] Época 24/30, Batch 2800/3348, Loss: 0.0797
2025-10-10 06:17:17,967 [INFO] Época 24/30, Batch 2850/3348, Loss: 0.0589
2025-10-10 06:17:18,229 [INFO] Época 24/30, Batch 2900/3348, Loss: 0.0602
2025-10-10 06:17:18,492 [INFO] Época 24/30, Batch 2950/3348, Loss: 0.0300
2025-10-10 06:17:18,752 [INFO] Época 24/30, Batch 3000/3348, Loss: 0.0688
2025-10-10 06:17:19,014 [INFO] Época 24/30, Batch 3050/3348, Loss: 0.0736
2025-10-10 06:17:19,280 [INFO] Época 24/30, Batch 3100/3348, Loss: 0.0681
2025-10-10 06:17:19,541 [INFO] Época 24/30, Batch 3150/3348, Loss: 0.0400
2025-10-10 06:17:19,803 [INFO] Época 24/30, Batch 3200/3348, Loss: 0.0506
2025-10-10 06:17:20,065 [INFO] Época 24/30, Batch 3250/3348, Loss: 0.0470
2025-10-10 06:17:20,328 [INFO] Época 24/30, Batch 3300/3348, Loss: 0.0708
2025-10-10 06:17:22,082 [INFO] [24/30] Train Loss: 0.0570 | Val Loss: 0.0805 | Tempo: 19.41s
2025-10-10 06:17:22,088 [INFO] Melhor modelo salvo em: /mnt/hdd/home/jdurao/ToolBox-ChemXAI/models/mlp_qm9_AtomPair_att9_large.pth
2025-10-10 06:17:22,657 [INFO] Época 25/30, Batch 50/3348, Loss: 0.0402
2025-10-10 06:17:22,925 [INFO] Época 25/30, Batch 100/3348, Loss: 0.0556
2025-10-10 06:17:23,191 [INFO] Época 25/30, Batch 150/3348, Loss: 0.0595
2025-10-10 06:17:23,456 [INFO] Época 25/30, Batch 200/3348, Loss: 0.0487
2025-10-10 06:17:23,718 [INFO] Época 25/30, Batch 250/3348, Loss: 0.0573
2025-10-10 06:17:23,981 [INFO] Época 25/30, Batch 300/3348, Loss: 0.0714
2025-10-10 06:17:24,245 [INFO] Época 25/30, Batch 350/3348, Loss: 0.0510
2025-10-10 06:17:24,506 [INFO] Época 25/30, Batch 400/3348, Loss: 0.0657
2025-10-10 06:17:24,767 [INFO] Época 25/30, Batch 450/3348, Loss: 0.0609
2025-10-10 06:17:25,040 [INFO] Época 25/30, Batch 500/3348, Loss: 0.0428
2025-10-10 06:17:25,315 [INFO] Época 25/30, Batch 550/3348, Loss: 0.0845
2025-10-10 06:17:25,573 [INFO] Época 25/30, Batch 600/3348, Loss: 0.0606
2025-10-10 06:17:25,832 [INFO] Época 25/30, Batch 650/3348, Loss: 0.0653
2025-10-10 06:17:26,085 [INFO] Época 25/30, Batch 700/3348, Loss: 0.0772
2025-10-10 06:17:26,338 [INFO] Época 25/30, Batch 750/3348, Loss: 0.0464
2025-10-10 06:17:26,591 [INFO] Época 25/30, Batch 800/3348, Loss: 0.0471
2025-10-10 06:17:26,847 [INFO] Época 25/30, Batch 850/3348, Loss: 0.0539
2025-10-10 06:17:27,112 [INFO] Época 25/30, Batch 900/3348, Loss: 0.0613
2025-10-10 06:17:27,377 [INFO] Época 25/30, Batch 950/3348, Loss: 0.0445
2025-10-10 06:17:27,643 [INFO] Época 25/30, Batch 1000/3348, Loss: 0.0707
2025-10-10 06:17:27,905 [INFO] Época 25/30, Batch 1050/3348, Loss: 0.0594
2025-10-10 06:17:28,169 [INFO] Época 25/30, Batch 1100/3348, Loss: 0.0882
2025-10-10 06:17:28,432 [INFO] Época 25/30, Batch 1150/3348, Loss: 0.0452
2025-10-10 06:17:28,696 [INFO] Época 25/30, Batch 1200/3348, Loss: 0.1116
2025-10-10 06:17:28,958 [INFO] Época 25/30, Batch 1250/3348, Loss: 0.0536
2025-10-10 06:17:29,216 [INFO] Época 25/30, Batch 1300/3348, Loss: 0.0367
2025-10-10 06:17:29,486 [INFO] Época 25/30, Batch 1350/3348, Loss: 0.0493
2025-10-10 06:17:29,743 [INFO] Época 25/30, Batch 1400/3348, Loss: 0.0328
2025-10-10 06:17:30,001 [INFO] Época 25/30, Batch 1450/3348, Loss: 0.0282
2025-10-10 06:17:30,258 [INFO] Época 25/30, Batch 1500/3348, Loss: 0.0539
2025-10-10 06:17:30,514 [INFO] Época 25/30, Batch 1550/3348, Loss: 0.0648
2025-10-10 06:17:30,773 [INFO] Época 25/30, Batch 1600/3348, Loss: 0.0625
2025-10-10 06:17:31,030 [INFO] Época 25/30, Batch 1650/3348, Loss: 0.0734
2025-10-10 06:17:31,288 [INFO] Época 25/30, Batch 1700/3348, Loss: 0.0503
2025-10-10 06:17:31,545 [INFO] Época 25/30, Batch 1750/3348, Loss: 0.0635
2025-10-10 06:17:31,803 [INFO] Época 25/30, Batch 1800/3348, Loss: 0.0940
2025-10-10 06:17:32,060 [INFO] Época 25/30, Batch 1850/3348, Loss: 0.0444
2025-10-10 06:17:32,320 [INFO] Época 25/30, Batch 1900/3348, Loss: 0.0385
2025-10-10 06:17:32,581 [INFO] Época 25/30, Batch 1950/3348, Loss: 0.0429
2025-10-10 06:17:32,843 [INFO] Época 25/30, Batch 2000/3348, Loss: 0.0803
2025-10-10 06:17:33,104 [INFO] Época 25/30, Batch 2050/3348, Loss: 0.0710
2025-10-10 06:17:33,366 [INFO] Época 25/30, Batch 2100/3348, Loss: 0.0684
2025-10-10 06:17:33,627 [INFO] Época 25/30, Batch 2150/3348, Loss: 0.1037
2025-10-10 06:17:33,887 [INFO] Época 25/30, Batch 2200/3348, Loss: 0.0580
2025-10-10 06:17:34,146 [INFO] Época 25/30, Batch 2250/3348, Loss: 0.0578
2025-10-10 06:17:34,408 [INFO] Época 25/30, Batch 2300/3348, Loss: 0.0480
2025-10-10 06:17:34,670 [INFO] Época 25/30, Batch 2350/3348, Loss: 0.0535
2025-10-10 06:17:34,930 [INFO] Época 25/30, Batch 2400/3348, Loss: 0.0654
2025-10-10 06:17:35,188 [INFO] Época 25/30, Batch 2450/3348, Loss: 0.0764
2025-10-10 06:17:35,450 [INFO] Época 25/30, Batch 2500/3348, Loss: 0.1149
2025-10-10 06:17:35,711 [INFO] Época 25/30, Batch 2550/3348, Loss: 0.0517
2025-10-10 06:17:35,976 [INFO] Época 25/30, Batch 2600/3348, Loss: 0.0527
2025-10-10 06:17:36,253 [INFO] Época 25/30, Batch 2650/3348, Loss: 0.0737
2025-10-10 06:17:36,536 [INFO] Época 25/30, Batch 2700/3348, Loss: 0.0420
2025-10-10 06:17:36,812 [INFO] Época 25/30, Batch 2750/3348, Loss: 0.0679
2025-10-10 06:17:37,071 [INFO] Época 25/30, Batch 2800/3348, Loss: 0.0508
2025-10-10 06:17:37,331 [INFO] Época 25/30, Batch 2850/3348, Loss: 0.0722
2025-10-10 06:17:37,593 [INFO] Época 25/30, Batch 2900/3348, Loss: 0.0555
2025-10-10 06:17:37,855 [INFO] Época 25/30, Batch 2950/3348, Loss: 0.0439
2025-10-10 06:17:38,119 [INFO] Época 25/30, Batch 3000/3348, Loss: 0.0704
2025-10-10 06:17:38,383 [INFO] Época 25/30, Batch 3050/3348, Loss: 0.0537
2025-10-10 06:17:38,648 [INFO] Época 25/30, Batch 3100/3348, Loss: 0.0614
2025-10-10 06:17:38,914 [INFO] Época 25/30, Batch 3150/3348, Loss: 0.0793
2025-10-10 06:17:39,178 [INFO] Época 25/30, Batch 3200/3348, Loss: 0.0285
2025-10-10 06:17:39,441 [INFO] Época 25/30, Batch 3250/3348, Loss: 0.0561
2025-10-10 06:17:39,716 [INFO] Época 25/30, Batch 3300/3348, Loss: 0.0772
2025-10-10 06:17:41,476 [INFO] [25/30] Train Loss: 0.0563 | Val Loss: 0.0816 | Tempo: 19.39s
2025-10-10 06:17:42,050 [INFO] Época 26/30, Batch 50/3348, Loss: 0.0448
2025-10-10 06:17:42,317 [INFO] Época 26/30, Batch 100/3348, Loss: 0.0313
2025-10-10 06:17:42,582 [INFO] Época 26/30, Batch 150/3348, Loss: 0.0461
2025-10-10 06:17:42,857 [INFO] Época 26/30, Batch 200/3348, Loss: 0.0633
2025-10-10 06:17:43,130 [INFO] Época 26/30, Batch 250/3348, Loss: 0.0499
2025-10-10 06:17:43,402 [INFO] Época 26/30, Batch 300/3348, Loss: 0.0414
2025-10-10 06:17:43,676 [INFO] Época 26/30, Batch 350/3348, Loss: 0.0319
2025-10-10 06:17:43,947 [INFO] Época 26/30, Batch 400/3348, Loss: 0.0508
2025-10-10 06:17:44,220 [INFO] Época 26/30, Batch 450/3348, Loss: 0.0690
2025-10-10 06:17:44,492 [INFO] Época 26/30, Batch 500/3348, Loss: 0.0429
2025-10-10 06:17:44,774 [INFO] Época 26/30, Batch 550/3348, Loss: 0.0382
2025-10-10 06:17:45,046 [INFO] Época 26/30, Batch 600/3348, Loss: 0.0726
2025-10-10 06:17:45,315 [INFO] Época 26/30, Batch 650/3348, Loss: 0.0626
2025-10-10 06:17:45,587 [INFO] Época 26/30, Batch 700/3348, Loss: 0.0492
2025-10-10 06:17:45,849 [INFO] Época 26/30, Batch 750/3348, Loss: 0.0406
2025-10-10 06:17:46,110 [INFO] Época 26/30, Batch 800/3348, Loss: 0.0468
2025-10-10 06:17:46,378 [INFO] Época 26/30, Batch 850/3348, Loss: 0.0339
2025-10-10 06:17:46,650 [INFO] Época 26/30, Batch 900/3348, Loss: 0.0376
2025-10-10 06:17:46,919 [INFO] Época 26/30, Batch 950/3348, Loss: 0.0460
2025-10-10 06:17:47,190 [INFO] Época 26/30, Batch 1000/3348, Loss: 0.0428
2025-10-10 06:17:47,459 [INFO] Época 26/30, Batch 1050/3348, Loss: 0.0634
2025-10-10 06:17:47,731 [INFO] Época 26/30, Batch 1100/3348, Loss: 0.0624
2025-10-10 06:17:48,000 [INFO] Época 26/30, Batch 1150/3348, Loss: 0.0604
2025-10-10 06:17:48,271 [INFO] Época 26/30, Batch 1200/3348, Loss: 0.0396
2025-10-10 06:17:48,541 [INFO] Época 26/30, Batch 1250/3348, Loss: 0.0588
2025-10-10 06:17:48,813 [INFO] Época 26/30, Batch 1300/3348, Loss: 0.0393
2025-10-10 06:17:49,081 [INFO] Época 26/30, Batch 1350/3348, Loss: 0.0519
2025-10-10 06:17:49,351 [INFO] Época 26/30, Batch 1400/3348, Loss: 0.0650
2025-10-10 06:17:49,621 [INFO] Época 26/30, Batch 1450/3348, Loss: 0.0572
2025-10-10 06:17:49,883 [INFO] Época 26/30, Batch 1500/3348, Loss: 0.0566
2025-10-10 06:17:50,144 [INFO] Época 26/30, Batch 1550/3348, Loss: 0.0340
2025-10-10 06:17:50,404 [INFO] Época 26/30, Batch 1600/3348, Loss: 0.0591
2025-10-10 06:17:50,674 [INFO] Época 26/30, Batch 1650/3348, Loss: 0.0423
2025-10-10 06:17:50,943 [INFO] Época 26/30, Batch 1700/3348, Loss: 0.0677
2025-10-10 06:17:51,214 [INFO] Época 26/30, Batch 1750/3348, Loss: 0.0406
2025-10-10 06:17:51,486 [INFO] Época 26/30, Batch 1800/3348, Loss: 0.0401
2025-10-10 06:17:51,754 [INFO] Época 26/30, Batch 1850/3348, Loss: 0.0925
2025-10-10 06:17:52,026 [INFO] Época 26/30, Batch 1900/3348, Loss: 0.0612
2025-10-10 06:17:52,295 [INFO] Época 26/30, Batch 1950/3348, Loss: 0.0999
2025-10-10 06:17:52,568 [INFO] Época 26/30, Batch 2000/3348, Loss: 0.0811
2025-10-10 06:17:52,828 [INFO] Época 26/30, Batch 2050/3348, Loss: 0.0443
2025-10-10 06:17:53,088 [INFO] Época 26/30, Batch 2100/3348, Loss: 0.0711
2025-10-10 06:17:53,349 [INFO] Época 26/30, Batch 2150/3348, Loss: 0.0476
2025-10-10 06:17:53,610 [INFO] Época 26/30, Batch 2200/3348, Loss: 0.0828
2025-10-10 06:17:53,870 [INFO] Época 26/30, Batch 2250/3348, Loss: 0.0539
2025-10-10 06:17:54,136 [INFO] Época 26/30, Batch 2300/3348, Loss: 0.0875
2025-10-10 06:17:54,406 [INFO] Época 26/30, Batch 2350/3348, Loss: 0.0522
2025-10-10 06:17:54,678 [INFO] Época 26/30, Batch 2400/3348, Loss: 0.0589
2025-10-10 06:17:54,959 [INFO] Época 26/30, Batch 2450/3348, Loss: 0.0773
2025-10-10 06:17:55,228 [INFO] Época 26/30, Batch 2500/3348, Loss: 0.0513
2025-10-10 06:17:55,497 [INFO] Época 26/30, Batch 2550/3348, Loss: 0.0402
2025-10-10 06:17:55,766 [INFO] Época 26/30, Batch 2600/3348, Loss: 0.0483
2025-10-10 06:17:56,036 [INFO] Época 26/30, Batch 2650/3348, Loss: 0.0585
2025-10-10 06:17:56,307 [INFO] Época 26/30, Batch 2700/3348, Loss: 0.0436
2025-10-10 06:17:56,581 [INFO] Época 26/30, Batch 2750/3348, Loss: 0.0548
2025-10-10 06:17:56,852 [INFO] Época 26/30, Batch 2800/3348, Loss: 0.0435
2025-10-10 06:17:57,127 [INFO] Época 26/30, Batch 2850/3348, Loss: 0.0502
2025-10-10 06:17:57,400 [INFO] Época 26/30, Batch 2900/3348, Loss: 0.0402
2025-10-10 06:17:57,669 [INFO] Época 26/30, Batch 2950/3348, Loss: 0.1044
2025-10-10 06:17:57,941 [INFO] Época 26/30, Batch 3000/3348, Loss: 0.0334
2025-10-10 06:17:58,211 [INFO] Época 26/30, Batch 3050/3348, Loss: 0.0412
2025-10-10 06:17:58,483 [INFO] Época 26/30, Batch 3100/3348, Loss: 0.0477
2025-10-10 06:17:58,754 [INFO] Época 26/30, Batch 3150/3348, Loss: 0.0419
2025-10-10 06:17:59,024 [INFO] Época 26/30, Batch 3200/3348, Loss: 0.0368
2025-10-10 06:17:59,296 [INFO] Época 26/30, Batch 3250/3348, Loss: 0.0423
2025-10-10 06:17:59,568 [INFO] Época 26/30, Batch 3300/3348, Loss: 0.0482
2025-10-10 06:18:01,472 [INFO] [26/30] Train Loss: 0.0560 | Val Loss: 0.0827 | Tempo: 20.00s
2025-10-10 06:18:02,064 [INFO] Época 27/30, Batch 50/3348, Loss: 0.0948
2025-10-10 06:18:02,338 [INFO] Época 27/30, Batch 100/3348, Loss: 0.0375
2025-10-10 06:18:02,611 [INFO] Época 27/30, Batch 150/3348, Loss: 0.0484
2025-10-10 06:18:02,883 [INFO] Época 27/30, Batch 200/3348, Loss: 0.0401
2025-10-10 06:18:03,157 [INFO] Época 27/30, Batch 250/3348, Loss: 0.0577
2025-10-10 06:18:03,431 [INFO] Época 27/30, Batch 300/3348, Loss: 0.0460
2025-10-10 06:18:03,702 [INFO] Época 27/30, Batch 350/3348, Loss: 0.0751
2025-10-10 06:18:03,976 [INFO] Época 27/30, Batch 400/3348, Loss: 0.0648
2025-10-10 06:18:04,244 [INFO] Época 27/30, Batch 450/3348, Loss: 0.0314
2025-10-10 06:18:04,509 [INFO] Época 27/30, Batch 500/3348, Loss: 0.0589
2025-10-10 06:18:04,773 [INFO] Época 27/30, Batch 550/3348, Loss: 0.0426
2025-10-10 06:18:05,038 [INFO] Época 27/30, Batch 600/3348, Loss: 0.0413
2025-10-10 06:18:05,305 [INFO] Época 27/30, Batch 650/3348, Loss: 0.0274
2025-10-10 06:18:05,565 [INFO] Época 27/30, Batch 700/3348, Loss: 0.0679
2025-10-10 06:18:05,822 [INFO] Época 27/30, Batch 750/3348, Loss: 0.0568
2025-10-10 06:18:06,080 [INFO] Época 27/30, Batch 800/3348, Loss: 0.0474
2025-10-10 06:18:06,341 [INFO] Época 27/30, Batch 850/3348, Loss: 0.0473
2025-10-10 06:18:06,605 [INFO] Época 27/30, Batch 900/3348, Loss: 0.0618
2025-10-10 06:18:06,867 [INFO] Época 27/30, Batch 950/3348, Loss: 0.0488
2025-10-10 06:18:07,129 [INFO] Época 27/30, Batch 1000/3348, Loss: 0.0283
2025-10-10 06:18:07,392 [INFO] Época 27/30, Batch 1050/3348, Loss: 0.0217
2025-10-10 06:18:07,655 [INFO] Época 27/30, Batch 1100/3348, Loss: 0.0531
2025-10-10 06:18:07,921 [INFO] Época 27/30, Batch 1150/3348, Loss: 0.0836
2025-10-10 06:18:08,187 [INFO] Época 27/30, Batch 1200/3348, Loss: 0.0606
2025-10-10 06:18:08,453 [INFO] Época 27/30, Batch 1250/3348, Loss: 0.0656
2025-10-10 06:18:08,718 [INFO] Época 27/30, Batch 1300/3348, Loss: 0.0631
2025-10-10 06:18:08,984 [INFO] Época 27/30, Batch 1350/3348, Loss: 0.0405
2025-10-10 06:18:09,254 [INFO] Época 27/30, Batch 1400/3348, Loss: 0.0291
2025-10-10 06:18:09,521 [INFO] Época 27/30, Batch 1450/3348, Loss: 0.0519
2025-10-10 06:18:09,786 [INFO] Época 27/30, Batch 1500/3348, Loss: 0.0623
2025-10-10 06:18:10,052 [INFO] Época 27/30, Batch 1550/3348, Loss: 0.0707
2025-10-10 06:18:10,319 [INFO] Época 27/30, Batch 1600/3348, Loss: 0.0727
2025-10-10 06:18:10,585 [INFO] Época 27/30, Batch 1650/3348, Loss: 0.0487
2025-10-10 06:18:10,853 [INFO] Época 27/30, Batch 1700/3348, Loss: 0.0591
2025-10-10 06:18:11,117 [INFO] Época 27/30, Batch 1750/3348, Loss: 0.0656
2025-10-10 06:18:11,384 [INFO] Época 27/30, Batch 1800/3348, Loss: 0.0388
2025-10-10 06:18:11,649 [INFO] Época 27/30, Batch 1850/3348, Loss: 0.0458
2025-10-10 06:18:11,927 [INFO] Época 27/30, Batch 1900/3348, Loss: 0.0435
2025-10-10 06:18:12,191 [INFO] Época 27/30, Batch 1950/3348, Loss: 0.0236
2025-10-10 06:18:12,453 [INFO] Época 27/30, Batch 2000/3348, Loss: 0.0571
2025-10-10 06:18:12,716 [INFO] Época 27/30, Batch 2050/3348, Loss: 0.0889
2025-10-10 06:18:12,977 [INFO] Época 27/30, Batch 2100/3348, Loss: 0.0676
2025-10-10 06:18:13,239 [INFO] Época 27/30, Batch 2150/3348, Loss: 0.1010
2025-10-10 06:18:13,500 [INFO] Época 27/30, Batch 2200/3348, Loss: 0.0334
2025-10-10 06:18:13,760 [INFO] Época 27/30, Batch 2250/3348, Loss: 0.0758
2025-10-10 06:18:14,023 [INFO] Época 27/30, Batch 2300/3348, Loss: 0.0930
2025-10-10 06:18:14,284 [INFO] Época 27/30, Batch 2350/3348, Loss: 0.0454
2025-10-10 06:18:14,548 [INFO] Época 27/30, Batch 2400/3348, Loss: 0.0742
2025-10-10 06:18:14,813 [INFO] Época 27/30, Batch 2450/3348, Loss: 0.0476
2025-10-10 06:18:15,075 [INFO] Época 27/30, Batch 2500/3348, Loss: 0.0825
2025-10-10 06:18:15,338 [INFO] Época 27/30, Batch 2550/3348, Loss: 0.0505
2025-10-10 06:18:15,600 [INFO] Época 27/30, Batch 2600/3348, Loss: 0.0363
2025-10-10 06:18:15,867 [INFO] Época 27/30, Batch 2650/3348, Loss: 0.0699
2025-10-10 06:18:16,138 [INFO] Época 27/30, Batch 2700/3348, Loss: 0.0614
2025-10-10 06:18:16,406 [INFO] Época 27/30, Batch 2750/3348, Loss: 0.0564
2025-10-10 06:18:16,665 [INFO] Época 27/30, Batch 2800/3348, Loss: 0.0371
2025-10-10 06:18:16,944 [INFO] Época 27/30, Batch 2850/3348, Loss: 0.0588
2025-10-10 06:18:17,213 [INFO] Época 27/30, Batch 2900/3348, Loss: 0.0359
2025-10-10 06:18:17,484 [INFO] Época 27/30, Batch 2950/3348, Loss: 0.0661
2025-10-10 06:18:17,745 [INFO] Época 27/30, Batch 3000/3348, Loss: 0.0532
2025-10-10 06:18:18,006 [INFO] Época 27/30, Batch 3050/3348, Loss: 0.0520
2025-10-10 06:18:18,269 [INFO] Época 27/30, Batch 3100/3348, Loss: 0.0349
2025-10-10 06:18:18,531 [INFO] Época 27/30, Batch 3150/3348, Loss: 0.0698
2025-10-10 06:18:18,795 [INFO] Época 27/30, Batch 3200/3348, Loss: 0.0661
2025-10-10 06:18:19,055 [INFO] Época 27/30, Batch 3250/3348, Loss: 0.0655
2025-10-10 06:18:19,314 [INFO] Época 27/30, Batch 3300/3348, Loss: 0.0458
2025-10-10 06:18:21,201 [INFO] [27/30] Train Loss: 0.0550 | Val Loss: 0.0858 | Tempo: 19.73s
2025-10-10 06:18:21,785 [INFO] Época 28/30, Batch 50/3348, Loss: 0.0601
2025-10-10 06:18:22,053 [INFO] Época 28/30, Batch 100/3348, Loss: 0.0304
2025-10-10 06:18:22,317 [INFO] Época 28/30, Batch 150/3348, Loss: 0.0408
2025-10-10 06:18:22,582 [INFO] Época 28/30, Batch 200/3348, Loss: 0.0271
2025-10-10 06:18:22,844 [INFO] Época 28/30, Batch 250/3348, Loss: 0.0515
2025-10-10 06:18:23,105 [INFO] Época 28/30, Batch 300/3348, Loss: 0.0387
2025-10-10 06:18:23,365 [INFO] Época 28/30, Batch 350/3348, Loss: 0.0459
2025-10-10 06:18:23,626 [INFO] Época 28/30, Batch 400/3348, Loss: 0.0384
2025-10-10 06:18:23,888 [INFO] Época 28/30, Batch 450/3348, Loss: 0.0422
2025-10-10 06:18:24,150 [INFO] Época 28/30, Batch 500/3348, Loss: 0.0427
2025-10-10 06:18:24,409 [INFO] Época 28/30, Batch 550/3348, Loss: 0.0390
2025-10-10 06:18:24,668 [INFO] Época 28/30, Batch 600/3348, Loss: 0.0601
2025-10-10 06:18:24,926 [INFO] Época 28/30, Batch 650/3348, Loss: 0.0411
2025-10-10 06:18:25,189 [INFO] Época 28/30, Batch 700/3348, Loss: 0.0577
2025-10-10 06:18:25,450 [INFO] Época 28/30, Batch 750/3348, Loss: 0.0523
2025-10-10 06:18:25,710 [INFO] Época 28/30, Batch 800/3348, Loss: 0.0448
2025-10-10 06:18:25,975 [INFO] Época 28/30, Batch 850/3348, Loss: 0.0315
2025-10-10 06:18:26,228 [INFO] Época 28/30, Batch 900/3348, Loss: 0.0446
2025-10-10 06:18:26,478 [INFO] Época 28/30, Batch 950/3348, Loss: 0.0402
2025-10-10 06:18:26,730 [INFO] Época 28/30, Batch 1000/3348, Loss: 0.0423
2025-10-10 06:18:26,978 [INFO] Época 28/30, Batch 1050/3348, Loss: 0.0757
2025-10-10 06:18:27,238 [INFO] Época 28/30, Batch 1100/3348, Loss: 0.0342
2025-10-10 06:18:27,488 [INFO] Época 28/30, Batch 1150/3348, Loss: 0.0551
2025-10-10 06:18:27,739 [INFO] Época 28/30, Batch 1200/3348, Loss: 0.0498
2025-10-10 06:18:27,988 [INFO] Época 28/30, Batch 1250/3348, Loss: 0.0388
2025-10-10 06:18:28,246 [INFO] Época 28/30, Batch 1300/3348, Loss: 0.0613
2025-10-10 06:18:28,508 [INFO] Época 28/30, Batch 1350/3348, Loss: 0.0445
2025-10-10 06:18:28,768 [INFO] Época 28/30, Batch 1400/3348, Loss: 0.0661
2025-10-10 06:18:29,029 [INFO] Época 28/30, Batch 1450/3348, Loss: 0.0427
2025-10-10 06:18:29,287 [INFO] Época 28/30, Batch 1500/3348, Loss: 0.0465
2025-10-10 06:18:29,547 [INFO] Época 28/30, Batch 1550/3348, Loss: 0.0388
2025-10-10 06:18:29,808 [INFO] Época 28/30, Batch 1600/3348, Loss: 0.0721
2025-10-10 06:18:30,069 [INFO] Época 28/30, Batch 1650/3348, Loss: 0.0702
2025-10-10 06:18:30,328 [INFO] Época 28/30, Batch 1700/3348, Loss: 0.0679
2025-10-10 06:18:30,591 [INFO] Época 28/30, Batch 1750/3348, Loss: 0.0531
2025-10-10 06:18:30,856 [INFO] Época 28/30, Batch 1800/3348, Loss: 0.0831
2025-10-10 06:18:31,118 [INFO] Época 28/30, Batch 1850/3348, Loss: 0.1605
2025-10-10 06:18:31,379 [INFO] Época 28/30, Batch 1900/3348, Loss: 0.0689
2025-10-10 06:18:31,640 [INFO] Época 28/30, Batch 1950/3348, Loss: 0.0455
2025-10-10 06:18:31,900 [INFO] Época 28/30, Batch 2000/3348, Loss: 0.0459
2025-10-10 06:18:32,159 [INFO] Época 28/30, Batch 2050/3348, Loss: 0.0554
2025-10-10 06:18:32,429 [INFO] Época 28/30, Batch 2100/3348, Loss: 0.0489
2025-10-10 06:18:32,691 [INFO] Época 28/30, Batch 2150/3348, Loss: 0.0343
2025-10-10 06:18:32,953 [INFO] Época 28/30, Batch 2200/3348, Loss: 0.0909
2025-10-10 06:18:33,211 [INFO] Época 28/30, Batch 2250/3348, Loss: 0.0284
2025-10-10 06:18:33,472 [INFO] Época 28/30, Batch 2300/3348, Loss: 0.0935
2025-10-10 06:18:33,733 [INFO] Época 28/30, Batch 2350/3348, Loss: 0.0672
2025-10-10 06:18:33,993 [INFO] Época 28/30, Batch 2400/3348, Loss: 0.0421
2025-10-10 06:18:34,256 [INFO] Época 28/30, Batch 2450/3348, Loss: 0.0410
2025-10-10 06:18:34,516 [INFO] Época 28/30, Batch 2500/3348, Loss: 0.0579
2025-10-10 06:18:34,777 [INFO] Época 28/30, Batch 2550/3348, Loss: 0.0433
2025-10-10 06:18:35,036 [INFO] Época 28/30, Batch 2600/3348, Loss: 0.0401
2025-10-10 06:18:35,293 [INFO] Época 28/30, Batch 2650/3348, Loss: 0.0500
2025-10-10 06:18:35,557 [INFO] Época 28/30, Batch 2700/3348, Loss: 0.0484
2025-10-10 06:18:35,819 [INFO] Época 28/30, Batch 2750/3348, Loss: 0.0552
2025-10-10 06:18:36,079 [INFO] Época 28/30, Batch 2800/3348, Loss: 0.0312
2025-10-10 06:18:36,339 [INFO] Época 28/30, Batch 2850/3348, Loss: 0.0424
2025-10-10 06:18:36,600 [INFO] Época 28/30, Batch 2900/3348, Loss: 0.0550
2025-10-10 06:18:36,862 [INFO] Época 28/30, Batch 2950/3348, Loss: 0.0434
2025-10-10 06:18:37,123 [INFO] Época 28/30, Batch 3000/3348, Loss: 0.0499
2025-10-10 06:18:37,384 [INFO] Época 28/30, Batch 3050/3348, Loss: 0.0602
2025-10-10 06:18:37,644 [INFO] Época 28/30, Batch 3100/3348, Loss: 0.0468
2025-10-10 06:18:37,905 [INFO] Época 28/30, Batch 3150/3348, Loss: 0.1004
2025-10-10 06:18:38,163 [INFO] Época 28/30, Batch 3200/3348, Loss: 0.0605
2025-10-10 06:18:38,422 [INFO] Época 28/30, Batch 3250/3348, Loss: 0.0720
2025-10-10 06:18:38,683 [INFO] Época 28/30, Batch 3300/3348, Loss: 0.0386
2025-10-10 06:18:40,482 [INFO] [28/30] Train Loss: 0.0537 | Val Loss: 0.0847 | Tempo: 19.28s
2025-10-10 06:18:41,072 [INFO] Época 29/30, Batch 50/3348, Loss: 0.0569
2025-10-10 06:18:41,341 [INFO] Época 29/30, Batch 100/3348, Loss: 0.0388
2025-10-10 06:18:41,606 [INFO] Época 29/30, Batch 150/3348, Loss: 0.0503
2025-10-10 06:18:41,871 [INFO] Época 29/30, Batch 200/3348, Loss: 0.0499
2025-10-10 06:18:42,135 [INFO] Época 29/30, Batch 250/3348, Loss: 0.0372
2025-10-10 06:18:42,398 [INFO] Época 29/30, Batch 300/3348, Loss: 0.0234
2025-10-10 06:18:42,674 [INFO] Época 29/30, Batch 350/3348, Loss: 0.0589
2025-10-10 06:18:42,939 [INFO] Época 29/30, Batch 400/3348, Loss: 0.0554
2025-10-10 06:18:43,203 [INFO] Época 29/30, Batch 450/3348, Loss: 0.0642
2025-10-10 06:18:43,466 [INFO] Época 29/30, Batch 500/3348, Loss: 0.0465
2025-10-10 06:18:43,728 [INFO] Época 29/30, Batch 550/3348, Loss: 0.0975
2025-10-10 06:18:43,994 [INFO] Época 29/30, Batch 600/3348, Loss: 0.0477
2025-10-10 06:18:44,260 [INFO] Época 29/30, Batch 650/3348, Loss: 0.0459
2025-10-10 06:18:44,526 [INFO] Época 29/30, Batch 700/3348, Loss: 0.0329
2025-10-10 06:18:44,790 [INFO] Época 29/30, Batch 750/3348, Loss: 0.0322
2025-10-10 06:18:45,053 [INFO] Época 29/30, Batch 800/3348, Loss: 0.0515
2025-10-10 06:18:45,314 [INFO] Época 29/30, Batch 850/3348, Loss: 0.0668
2025-10-10 06:18:45,566 [INFO] Época 29/30, Batch 900/3348, Loss: 0.0593
2025-10-10 06:18:45,820 [INFO] Época 29/30, Batch 950/3348, Loss: 0.0490
2025-10-10 06:18:46,076 [INFO] Época 29/30, Batch 1000/3348, Loss: 0.0730
2025-10-10 06:18:46,331 [INFO] Época 29/30, Batch 1050/3348, Loss: 0.0449
2025-10-10 06:18:46,588 [INFO] Época 29/30, Batch 1100/3348, Loss: 0.0541
2025-10-10 06:18:46,845 [INFO] Época 29/30, Batch 1150/3348, Loss: 0.0380
2025-10-10 06:18:47,100 [INFO] Época 29/30, Batch 1200/3348, Loss: 0.0375
2025-10-10 06:18:47,364 [INFO] Época 29/30, Batch 1250/3348, Loss: 0.0402
2025-10-10 06:18:47,626 [INFO] Época 29/30, Batch 1300/3348, Loss: 0.0402
2025-10-10 06:18:47,899 [INFO] Época 29/30, Batch 1350/3348, Loss: 0.0407
2025-10-10 06:18:48,163 [INFO] Época 29/30, Batch 1400/3348, Loss: 0.0430
2025-10-10 06:18:48,427 [INFO] Época 29/30, Batch 1450/3348, Loss: 0.0745
2025-10-10 06:18:48,692 [INFO] Época 29/30, Batch 1500/3348, Loss: 0.0546
2025-10-10 06:18:48,957 [INFO] Época 29/30, Batch 1550/3348, Loss: 0.0477
2025-10-10 06:18:49,221 [INFO] Época 29/30, Batch 1600/3348, Loss: 0.0347
2025-10-10 06:18:49,486 [INFO] Época 29/30, Batch 1650/3348, Loss: 0.0319
2025-10-10 06:18:49,751 [INFO] Época 29/30, Batch 1700/3348, Loss: 0.0434
2025-10-10 06:18:50,017 [INFO] Época 29/30, Batch 1750/3348, Loss: 0.0531
2025-10-10 06:18:50,281 [INFO] Época 29/30, Batch 1800/3348, Loss: 0.0618
2025-10-10 06:18:50,545 [INFO] Época 29/30, Batch 1850/3348, Loss: 0.0703
2025-10-10 06:18:50,808 [INFO] Época 29/30, Batch 1900/3348, Loss: 0.0718
2025-10-10 06:18:51,072 [INFO] Época 29/30, Batch 1950/3348, Loss: 0.0747
2025-10-10 06:18:51,337 [INFO] Época 29/30, Batch 2000/3348, Loss: 0.0951
2025-10-10 06:18:51,601 [INFO] Época 29/30, Batch 2050/3348, Loss: 0.0353
2025-10-10 06:18:51,866 [INFO] Época 29/30, Batch 2100/3348, Loss: 0.0525
2025-10-10 06:18:52,129 [INFO] Época 29/30, Batch 2150/3348, Loss: 0.0444
2025-10-10 06:18:52,393 [INFO] Época 29/30, Batch 2200/3348, Loss: 0.0684
2025-10-10 06:18:52,659 [INFO] Época 29/30, Batch 2250/3348, Loss: 0.0546
2025-10-10 06:18:52,924 [INFO] Época 29/30, Batch 2300/3348, Loss: 0.0363
2025-10-10 06:18:53,188 [INFO] Época 29/30, Batch 2350/3348, Loss: 0.0677
2025-10-10 06:18:53,452 [INFO] Época 29/30, Batch 2400/3348, Loss: 0.0583
2025-10-10 06:18:53,717 [INFO] Época 29/30, Batch 2450/3348, Loss: 0.0577
2025-10-10 06:18:53,982 [INFO] Época 29/30, Batch 2500/3348, Loss: 0.0523
2025-10-10 06:18:54,246 [INFO] Época 29/30, Batch 2550/3348, Loss: 0.0847
2025-10-10 06:18:54,509 [INFO] Época 29/30, Batch 2600/3348, Loss: 0.0597
2025-10-10 06:18:54,772 [INFO] Época 29/30, Batch 2650/3348, Loss: 0.0408
2025-10-10 06:18:55,036 [INFO] Época 29/30, Batch 2700/3348, Loss: 0.0412
2025-10-10 06:18:55,301 [INFO] Época 29/30, Batch 2750/3348, Loss: 0.0443
2025-10-10 06:18:55,568 [INFO] Época 29/30, Batch 2800/3348, Loss: 0.0561
2025-10-10 06:18:55,831 [INFO] Época 29/30, Batch 2850/3348, Loss: 0.0311
2025-10-10 06:18:56,093 [INFO] Época 29/30, Batch 2900/3348, Loss: 0.0491
2025-10-10 06:18:56,358 [INFO] Época 29/30, Batch 2950/3348, Loss: 0.0593
2025-10-10 06:18:56,624 [INFO] Época 29/30, Batch 3000/3348, Loss: 0.0369
2025-10-10 06:18:56,891 [INFO] Época 29/30, Batch 3050/3348, Loss: 0.0685
2025-10-10 06:18:57,154 [INFO] Época 29/30, Batch 3100/3348, Loss: 0.0534
2025-10-10 06:18:57,419 [INFO] Época 29/30, Batch 3150/3348, Loss: 0.0586
2025-10-10 06:18:57,683 [INFO] Época 29/30, Batch 3200/3348, Loss: 0.0406
2025-10-10 06:18:57,960 [INFO] Época 29/30, Batch 3250/3348, Loss: 0.0548
2025-10-10 06:18:58,223 [INFO] Época 29/30, Batch 3300/3348, Loss: 0.0779
2025-10-10 06:19:00,120 [INFO] [29/30] Train Loss: 0.0532 | Val Loss: 0.0864 | Tempo: 19.64s
2025-10-10 06:19:00,704 [INFO] Época 30/30, Batch 50/3348, Loss: 0.0883
2025-10-10 06:19:00,973 [INFO] Época 30/30, Batch 100/3348, Loss: 0.0477
2025-10-10 06:19:01,237 [INFO] Época 30/30, Batch 150/3348, Loss: 0.0409
2025-10-10 06:19:01,500 [INFO] Época 30/30, Batch 200/3348, Loss: 0.0297
2025-10-10 06:19:01,764 [INFO] Época 30/30, Batch 250/3348, Loss: 0.0786
2025-10-10 06:19:02,029 [INFO] Época 30/30, Batch 300/3348, Loss: 0.0804
2025-10-10 06:19:02,293 [INFO] Época 30/30, Batch 350/3348, Loss: 0.0394
2025-10-10 06:19:02,556 [INFO] Época 30/30, Batch 400/3348, Loss: 0.0695
2025-10-10 06:19:02,817 [INFO] Época 30/30, Batch 450/3348, Loss: 0.0313
2025-10-10 06:19:03,087 [INFO] Época 30/30, Batch 500/3348, Loss: 0.0320
2025-10-10 06:19:03,347 [INFO] Época 30/30, Batch 550/3348, Loss: 0.0497
2025-10-10 06:19:03,609 [INFO] Época 30/30, Batch 600/3348, Loss: 0.0519
2025-10-10 06:19:03,871 [INFO] Época 30/30, Batch 650/3348, Loss: 0.0730
2025-10-10 06:19:04,133 [INFO] Época 30/30, Batch 700/3348, Loss: 0.0468
2025-10-10 06:19:04,398 [INFO] Época 30/30, Batch 750/3348, Loss: 0.0597
2025-10-10 06:19:04,662 [INFO] Época 30/30, Batch 800/3348, Loss: 0.0304
2025-10-10 06:19:04,927 [INFO] Época 30/30, Batch 850/3348, Loss: 0.0261
2025-10-10 06:19:05,187 [INFO] Época 30/30, Batch 900/3348, Loss: 0.0479
2025-10-10 06:19:05,447 [INFO] Época 30/30, Batch 950/3348, Loss: 0.0432
2025-10-10 06:19:05,707 [INFO] Época 30/30, Batch 1000/3348, Loss: 0.0595
2025-10-10 06:19:05,968 [INFO] Época 30/30, Batch 1050/3348, Loss: 0.0534
2025-10-10 06:19:06,228 [INFO] Época 30/30, Batch 1100/3348, Loss: 0.0521
2025-10-10 06:19:06,488 [INFO] Época 30/30, Batch 1150/3348, Loss: 0.0603
2025-10-10 06:19:06,749 [INFO] Época 30/30, Batch 1200/3348, Loss: 0.0700
2025-10-10 06:19:07,011 [INFO] Época 30/30, Batch 1250/3348, Loss: 0.0365
2025-10-10 06:19:07,272 [INFO] Época 30/30, Batch 1300/3348, Loss: 0.0534
2025-10-10 06:19:07,538 [INFO] Época 30/30, Batch 1350/3348, Loss: 0.0807
2025-10-10 06:19:07,800 [INFO] Época 30/30, Batch 1400/3348, Loss: 0.0393
2025-10-10 06:19:08,061 [INFO] Época 30/30, Batch 1450/3348, Loss: 0.0650
2025-10-10 06:19:08,333 [INFO] Época 30/30, Batch 1500/3348, Loss: 0.0225
2025-10-10 06:19:08,594 [INFO] Época 30/30, Batch 1550/3348, Loss: 0.0603
2025-10-10 06:19:08,856 [INFO] Época 30/30, Batch 1600/3348, Loss: 0.0453
2025-10-10 06:19:09,117 [INFO] Época 30/30, Batch 1650/3348, Loss: 0.0621
2025-10-10 06:19:09,379 [INFO] Época 30/30, Batch 1700/3348, Loss: 0.0383
2025-10-10 06:19:09,641 [INFO] Época 30/30, Batch 1750/3348, Loss: 0.0521
2025-10-10 06:19:09,904 [INFO] Época 30/30, Batch 1800/3348, Loss: 0.0776
2025-10-10 06:19:10,164 [INFO] Época 30/30, Batch 1850/3348, Loss: 0.0540
2025-10-10 06:19:10,425 [INFO] Época 30/30, Batch 1900/3348, Loss: 0.0474
2025-10-10 06:19:10,687 [INFO] Época 30/30, Batch 1950/3348, Loss: 0.0670
2025-10-10 06:19:10,950 [INFO] Época 30/30, Batch 2000/3348, Loss: 0.0498
2025-10-10 06:19:11,213 [INFO] Época 30/30, Batch 2050/3348, Loss: 0.0610
2025-10-10 06:19:11,474 [INFO] Época 30/30, Batch 2100/3348, Loss: 0.0709
2025-10-10 06:19:11,736 [INFO] Época 30/30, Batch 2150/3348, Loss: 0.0546
2025-10-10 06:19:12,002 [INFO] Época 30/30, Batch 2200/3348, Loss: 0.0466
2025-10-10 06:19:12,273 [INFO] Época 30/30, Batch 2250/3348, Loss: 0.0237
2025-10-10 06:19:12,546 [INFO] Época 30/30, Batch 2300/3348, Loss: 0.0714
2025-10-10 06:19:12,818 [INFO] Época 30/30, Batch 2350/3348, Loss: 0.0514
2025-10-10 06:19:13,089 [INFO] Época 30/30, Batch 2400/3348, Loss: 0.0713
2025-10-10 06:19:13,370 [INFO] Época 30/30, Batch 2450/3348, Loss: 0.0338
2025-10-10 06:19:13,642 [INFO] Época 30/30, Batch 2500/3348, Loss: 0.0409
2025-10-10 06:19:13,914 [INFO] Época 30/30, Batch 2550/3348, Loss: 0.0575
2025-10-10 06:19:14,186 [INFO] Época 30/30, Batch 2600/3348, Loss: 0.0512
2025-10-10 06:19:14,457 [INFO] Época 30/30, Batch 2650/3348, Loss: 0.0737
2025-10-10 06:19:14,728 [INFO] Época 30/30, Batch 2700/3348, Loss: 0.0390
2025-10-10 06:19:14,999 [INFO] Época 30/30, Batch 2750/3348, Loss: 0.0648
2025-10-10 06:19:15,272 [INFO] Época 30/30, Batch 2800/3348, Loss: 0.0289
2025-10-10 06:19:15,542 [INFO] Época 30/30, Batch 2850/3348, Loss: 0.0497
2025-10-10 06:19:15,814 [INFO] Época 30/30, Batch 2900/3348, Loss: 0.0413
2025-10-10 06:19:16,087 [INFO] Época 30/30, Batch 2950/3348, Loss: 0.0879
2025-10-10 06:19:16,360 [INFO] Época 30/30, Batch 3000/3348, Loss: 0.0631
2025-10-10 06:19:16,632 [INFO] Época 30/30, Batch 3050/3348, Loss: 0.0598
2025-10-10 06:19:16,895 [INFO] Época 30/30, Batch 3100/3348, Loss: 0.0491
2025-10-10 06:19:17,156 [INFO] Época 30/30, Batch 3150/3348, Loss: 0.0511
2025-10-10 06:19:17,418 [INFO] Época 30/30, Batch 3200/3348, Loss: 0.0639
2025-10-10 06:19:17,686 [INFO] Época 30/30, Batch 3250/3348, Loss: 0.0478
2025-10-10 06:19:17,959 [INFO] Época 30/30, Batch 3300/3348, Loss: 0.0405
2025-10-10 06:19:19,908 [INFO] [30/30] Train Loss: 0.0528 | Val Loss: 0.0802 | Tempo: 19.79s
2025-10-10 06:19:19,913 [INFO] Melhor modelo salvo em: /mnt/hdd/home/jdurao/ToolBox-ChemXAI/models/mlp_qm9_AtomPair_att9_large.pth
2025-10-10 06:19:19,914 [INFO] Treinamento concluído em 587.77 segundos (9.80 minutos)
2025-10-10 06:19:19,914 [INFO] Iniciando avaliação no conjunto de teste...
2025-10-10 06:19:21,427 [INFO] Avaliação do teste concluída em 1.51 segundos
2025-10-10 06:19:21,427 [INFO] MSE no teste: 0.1167
2025-10-10 06:19:21,427 [INFO] RMSE no teste: 0.3416
2025-10-10 06:19:21,427 [INFO] MAE no teste: 0.2329
2025-10-10 06:19:21,428 [INFO] Métricas salvas em /mnt/hdd/home/jdurao/ToolBox-ChemXAI/logs/mlp_att9_AtomPair_metrics.json
