2025-10-09 18:02:17,117 [INFO] Iniciando treinamento do modelo mlp_att1_Avalon
2025-10-09 18:02:17,117 [INFO] Configuração: att_index=1, epochs=30, layers=[128, 64, 32], lr=0.001, batch_size=32, descriptor_type=Avalon
2025-10-09 18:02:17,118 [INFO] Diretório para modelos: /mnt/hdd/home/jdurao/ToolBox-ChemXAI/models
2025-10-09 18:02:17,118 [INFO] Carregando dados...
2025-10-09 18:02:17,212 [INFO] Preparando dataloaders sem ruído...
2025-10-09 18:02:32,581 [INFO] Dados carregados em 15.46 segundos
2025-10-09 18:02:32,581 [INFO] Tamanhos dos conjuntos - Treino: 107108, Validação: 13388, Teste: 13389
2025-10-09 18:02:32,581 [INFO] Usando dispositivo: cuda
2025-10-09 18:02:33,008 [INFO] Dimensão de entrada: 512, Dimensão de saída: 1
2025-10-09 18:02:33,009 [INFO] Criando modelo MLP com camadas: [128, 64, 32]
2025-10-09 18:02:33,014 [INFO] Modelo criado com 76033 parâmetros
2025-10-09 18:02:33,017 [INFO] Iniciando treinamento com 30 épocas...
2025-10-09 18:02:33,616 [INFO] Época 1/30, Batch 50/3348, Loss: 0.1550
2025-10-09 18:02:33,887 [INFO] Época 1/30, Batch 100/3348, Loss: 0.1213
2025-10-09 18:02:34,150 [INFO] Época 1/30, Batch 150/3348, Loss: 0.2055
2025-10-09 18:02:34,409 [INFO] Época 1/30, Batch 200/3348, Loss: 0.1335
2025-10-09 18:02:34,666 [INFO] Época 1/30, Batch 250/3348, Loss: 0.1137
2025-10-09 18:02:34,921 [INFO] Época 1/30, Batch 300/3348, Loss: 0.1822
2025-10-09 18:02:35,178 [INFO] Época 1/30, Batch 350/3348, Loss: 0.2013
2025-10-09 18:02:35,434 [INFO] Época 1/30, Batch 400/3348, Loss: 0.1209
2025-10-09 18:02:35,694 [INFO] Época 1/30, Batch 450/3348, Loss: 0.1002
2025-10-09 18:02:35,957 [INFO] Época 1/30, Batch 500/3348, Loss: 0.2006
2025-10-09 18:02:36,218 [INFO] Época 1/30, Batch 550/3348, Loss: 0.1448
2025-10-09 18:02:36,481 [INFO] Época 1/30, Batch 600/3348, Loss: 0.1154
2025-10-09 18:02:36,746 [INFO] Época 1/30, Batch 650/3348, Loss: 0.1229
2025-10-09 18:02:37,008 [INFO] Época 1/30, Batch 700/3348, Loss: 0.1383
2025-10-09 18:02:37,275 [INFO] Época 1/30, Batch 750/3348, Loss: 0.1568
2025-10-09 18:02:37,542 [INFO] Época 1/30, Batch 800/3348, Loss: 0.0799
2025-10-09 18:02:37,809 [INFO] Época 1/30, Batch 850/3348, Loss: 0.0908
2025-10-09 18:02:38,085 [INFO] Época 1/30, Batch 900/3348, Loss: 0.1403
2025-10-09 18:02:38,366 [INFO] Época 1/30, Batch 950/3348, Loss: 0.1722
2025-10-09 18:02:38,647 [INFO] Época 1/30, Batch 1000/3348, Loss: 0.1164
2025-10-09 18:02:38,928 [INFO] Época 1/30, Batch 1050/3348, Loss: 0.2463
2025-10-09 18:02:39,196 [INFO] Época 1/30, Batch 1100/3348, Loss: 0.1618
2025-10-09 18:02:39,463 [INFO] Época 1/30, Batch 1150/3348, Loss: 0.1278
2025-10-09 18:02:39,727 [INFO] Época 1/30, Batch 1200/3348, Loss: 0.1267
2025-10-09 18:02:39,992 [INFO] Época 1/30, Batch 1250/3348, Loss: 0.1091
2025-10-09 18:02:40,273 [INFO] Época 1/30, Batch 1300/3348, Loss: 0.1298
2025-10-09 18:02:40,549 [INFO] Época 1/30, Batch 1350/3348, Loss: 0.1399
2025-10-09 18:02:40,824 [INFO] Época 1/30, Batch 1400/3348, Loss: 0.1194
2025-10-09 18:02:41,107 [INFO] Época 1/30, Batch 1450/3348, Loss: 0.1402
2025-10-09 18:02:41,380 [INFO] Época 1/30, Batch 1500/3348, Loss: 0.1420
2025-10-09 18:02:41,642 [INFO] Época 1/30, Batch 1550/3348, Loss: 0.1024
2025-10-09 18:02:41,900 [INFO] Época 1/30, Batch 1600/3348, Loss: 0.1579
2025-10-09 18:02:42,164 [INFO] Época 1/30, Batch 1650/3348, Loss: 0.2054
2025-10-09 18:02:42,425 [INFO] Época 1/30, Batch 1700/3348, Loss: 0.1377
2025-10-09 18:02:42,687 [INFO] Época 1/30, Batch 1750/3348, Loss: 0.1198
2025-10-09 18:02:42,944 [INFO] Época 1/30, Batch 1800/3348, Loss: 0.1476
2025-10-09 18:02:43,199 [INFO] Época 1/30, Batch 1850/3348, Loss: 0.1626
2025-10-09 18:02:43,451 [INFO] Época 1/30, Batch 1900/3348, Loss: 0.1181
2025-10-09 18:02:43,705 [INFO] Época 1/30, Batch 1950/3348, Loss: 0.1761
2025-10-09 18:02:43,958 [INFO] Época 1/30, Batch 2000/3348, Loss: 0.1369
2025-10-09 18:02:44,209 [INFO] Época 1/30, Batch 2050/3348, Loss: 0.1285
2025-10-09 18:02:44,463 [INFO] Época 1/30, Batch 2100/3348, Loss: 0.1586
2025-10-09 18:02:44,715 [INFO] Época 1/30, Batch 2150/3348, Loss: 0.1413
2025-10-09 18:02:44,964 [INFO] Época 1/30, Batch 2200/3348, Loss: 0.1616
2025-10-09 18:02:45,214 [INFO] Época 1/30, Batch 2250/3348, Loss: 0.1223
2025-10-09 18:02:45,464 [INFO] Época 1/30, Batch 2300/3348, Loss: 0.1262
2025-10-09 18:02:45,714 [INFO] Época 1/30, Batch 2350/3348, Loss: 0.1572
2025-10-09 18:02:45,965 [INFO] Época 1/30, Batch 2400/3348, Loss: 0.1064
2025-10-09 18:02:46,225 [INFO] Época 1/30, Batch 2450/3348, Loss: 0.1063
2025-10-09 18:02:46,477 [INFO] Época 1/30, Batch 2500/3348, Loss: 0.1007
2025-10-09 18:02:46,730 [INFO] Época 1/30, Batch 2550/3348, Loss: 0.0901
2025-10-09 18:02:46,981 [INFO] Época 1/30, Batch 2600/3348, Loss: 0.1141
2025-10-09 18:02:47,235 [INFO] Época 1/30, Batch 2650/3348, Loss: 0.1154
2025-10-09 18:02:47,487 [INFO] Época 1/30, Batch 2700/3348, Loss: 0.1113
2025-10-09 18:02:47,742 [INFO] Época 1/30, Batch 2750/3348, Loss: 0.1402
2025-10-09 18:02:47,994 [INFO] Época 1/30, Batch 2800/3348, Loss: 0.1117
2025-10-09 18:02:48,247 [INFO] Época 1/30, Batch 2850/3348, Loss: 0.1365
2025-10-09 18:02:48,500 [INFO] Época 1/30, Batch 2900/3348, Loss: 0.1007
2025-10-09 18:02:48,754 [INFO] Época 1/30, Batch 2950/3348, Loss: 0.1102
2025-10-09 18:02:49,009 [INFO] Época 1/30, Batch 3000/3348, Loss: 0.1339
2025-10-09 18:02:49,267 [INFO] Época 1/30, Batch 3050/3348, Loss: 0.1390
2025-10-09 18:02:49,526 [INFO] Época 1/30, Batch 3100/3348, Loss: 0.1063
2025-10-09 18:02:49,794 [INFO] Época 1/30, Batch 3150/3348, Loss: 0.1388
2025-10-09 18:02:50,068 [INFO] Época 1/30, Batch 3200/3348, Loss: 0.0868
2025-10-09 18:02:50,342 [INFO] Época 1/30, Batch 3250/3348, Loss: 0.1299
2025-10-09 18:02:50,615 [INFO] Época 1/30, Batch 3300/3348, Loss: 0.1573
2025-10-09 18:02:52,435 [INFO] [1/30] Train Loss: 0.1385 | Val Loss: 0.1304 | Tempo: 19.42s
2025-10-09 18:02:52,440 [INFO] Melhor modelo salvo em: /mnt/hdd/home/jdurao/ToolBox-ChemXAI/models/mlp_qm9_Avalon_att1_large.pth
2025-10-09 18:02:53,030 [INFO] Época 2/30, Batch 50/3348, Loss: 0.0851
2025-10-09 18:02:53,294 [INFO] Época 2/30, Batch 100/3348, Loss: 0.1064
2025-10-09 18:02:53,557 [INFO] Época 2/30, Batch 150/3348, Loss: 0.1597
2025-10-09 18:02:53,829 [INFO] Época 2/30, Batch 200/3348, Loss: 0.1275
2025-10-09 18:02:54,106 [INFO] Época 2/30, Batch 250/3348, Loss: 0.0975
2025-10-09 18:02:54,377 [INFO] Época 2/30, Batch 300/3348, Loss: 0.1132
2025-10-09 18:02:54,651 [INFO] Época 2/30, Batch 350/3348, Loss: 0.0901
2025-10-09 18:02:54,921 [INFO] Época 2/30, Batch 400/3348, Loss: 0.1721
2025-10-09 18:02:55,191 [INFO] Época 2/30, Batch 450/3348, Loss: 0.0991
2025-10-09 18:02:55,462 [INFO] Época 2/30, Batch 500/3348, Loss: 0.1565
2025-10-09 18:02:55,723 [INFO] Época 2/30, Batch 550/3348, Loss: 0.0899
2025-10-09 18:02:55,984 [INFO] Época 2/30, Batch 600/3348, Loss: 0.0900
2025-10-09 18:02:56,244 [INFO] Época 2/30, Batch 650/3348, Loss: 0.1127
2025-10-09 18:02:56,512 [INFO] Época 2/30, Batch 700/3348, Loss: 0.1308
2025-10-09 18:02:56,789 [INFO] Época 2/30, Batch 750/3348, Loss: 0.0977
2025-10-09 18:02:57,062 [INFO] Época 2/30, Batch 800/3348, Loss: 0.1601
2025-10-09 18:02:57,333 [INFO] Época 2/30, Batch 850/3348, Loss: 0.0816
2025-10-09 18:02:57,607 [INFO] Época 2/30, Batch 900/3348, Loss: 0.0722
2025-10-09 18:02:57,878 [INFO] Época 2/30, Batch 950/3348, Loss: 0.0881
2025-10-09 18:02:58,150 [INFO] Época 2/30, Batch 1000/3348, Loss: 0.1411
2025-10-09 18:02:58,423 [INFO] Época 2/30, Batch 1050/3348, Loss: 0.0677
2025-10-09 18:02:58,697 [INFO] Época 2/30, Batch 1100/3348, Loss: 0.0638
2025-10-09 18:02:58,972 [INFO] Época 2/30, Batch 1150/3348, Loss: 0.1378
2025-10-09 18:02:59,243 [INFO] Época 2/30, Batch 1200/3348, Loss: 0.0996
2025-10-09 18:02:59,514 [INFO] Época 2/30, Batch 1250/3348, Loss: 0.0984
2025-10-09 18:02:59,789 [INFO] Época 2/30, Batch 1300/3348, Loss: 0.1268
2025-10-09 18:03:00,069 [INFO] Época 2/30, Batch 1350/3348, Loss: 0.1589
2025-10-09 18:03:00,347 [INFO] Época 2/30, Batch 1400/3348, Loss: 0.0925
2025-10-09 18:03:00,625 [INFO] Época 2/30, Batch 1450/3348, Loss: 0.1175
2025-10-09 18:03:00,886 [INFO] Época 2/30, Batch 1500/3348, Loss: 0.1387
2025-10-09 18:03:01,147 [INFO] Época 2/30, Batch 1550/3348, Loss: 0.0916
2025-10-09 18:03:01,410 [INFO] Época 2/30, Batch 1600/3348, Loss: 0.1037
2025-10-09 18:03:01,674 [INFO] Época 2/30, Batch 1650/3348, Loss: 0.0812
2025-10-09 18:03:01,936 [INFO] Época 2/30, Batch 1700/3348, Loss: 0.1079
2025-10-09 18:03:02,198 [INFO] Época 2/30, Batch 1750/3348, Loss: 0.0690
2025-10-09 18:03:02,458 [INFO] Época 2/30, Batch 1800/3348, Loss: 0.0736
2025-10-09 18:03:02,723 [INFO] Época 2/30, Batch 1850/3348, Loss: 0.1005
2025-10-09 18:03:02,985 [INFO] Época 2/30, Batch 1900/3348, Loss: 0.1179
2025-10-09 18:03:03,265 [INFO] Época 2/30, Batch 1950/3348, Loss: 0.1164
2025-10-09 18:03:03,543 [INFO] Época 2/30, Batch 2000/3348, Loss: 0.1010
2025-10-09 18:03:03,822 [INFO] Época 2/30, Batch 2050/3348, Loss: 0.0946
2025-10-09 18:03:04,103 [INFO] Época 2/30, Batch 2100/3348, Loss: 0.1031
2025-10-09 18:03:04,385 [INFO] Época 2/30, Batch 2150/3348, Loss: 0.1138
2025-10-09 18:03:04,657 [INFO] Época 2/30, Batch 2200/3348, Loss: 0.0959
2025-10-09 18:03:04,918 [INFO] Época 2/30, Batch 2250/3348, Loss: 0.1099
2025-10-09 18:03:05,180 [INFO] Época 2/30, Batch 2300/3348, Loss: 0.0945
2025-10-09 18:03:05,440 [INFO] Época 2/30, Batch 2350/3348, Loss: 0.1134
2025-10-09 18:03:05,702 [INFO] Época 2/30, Batch 2400/3348, Loss: 0.1166
2025-10-09 18:03:05,979 [INFO] Época 2/30, Batch 2450/3348, Loss: 0.0924
2025-10-09 18:03:06,250 [INFO] Época 2/30, Batch 2500/3348, Loss: 0.1158
2025-10-09 18:03:06,508 [INFO] Época 2/30, Batch 2550/3348, Loss: 0.1154
2025-10-09 18:03:06,772 [INFO] Época 2/30, Batch 2600/3348, Loss: 0.0917
2025-10-09 18:03:07,047 [INFO] Época 2/30, Batch 2650/3348, Loss: 0.0960
2025-10-09 18:03:07,322 [INFO] Época 2/30, Batch 2700/3348, Loss: 0.0811
2025-10-09 18:03:07,595 [INFO] Época 2/30, Batch 2750/3348, Loss: 0.1062
2025-10-09 18:03:07,872 [INFO] Época 2/30, Batch 2800/3348, Loss: 0.1034
2025-10-09 18:03:08,150 [INFO] Época 2/30, Batch 2850/3348, Loss: 0.1113
2025-10-09 18:03:08,424 [INFO] Época 2/30, Batch 2900/3348, Loss: 0.0810
2025-10-09 18:03:08,700 [INFO] Época 2/30, Batch 2950/3348, Loss: 0.1620
2025-10-09 18:03:08,973 [INFO] Época 2/30, Batch 3000/3348, Loss: 0.0881
2025-10-09 18:03:09,243 [INFO] Época 2/30, Batch 3050/3348, Loss: 0.0917
2025-10-09 18:03:09,499 [INFO] Época 2/30, Batch 3100/3348, Loss: 0.0951
2025-10-09 18:03:09,762 [INFO] Época 2/30, Batch 3150/3348, Loss: 0.0992
2025-10-09 18:03:10,026 [INFO] Época 2/30, Batch 3200/3348, Loss: 0.0973
2025-10-09 18:03:10,291 [INFO] Época 2/30, Batch 3250/3348, Loss: 0.1163
2025-10-09 18:03:10,553 [INFO] Época 2/30, Batch 3300/3348, Loss: 0.1471
2025-10-09 18:03:12,460 [INFO] [2/30] Train Loss: 0.1151 | Val Loss: 0.1726 | Tempo: 20.02s
2025-10-09 18:03:13,061 [INFO] Época 3/30, Batch 50/3348, Loss: 0.0825
2025-10-09 18:03:13,329 [INFO] Época 3/30, Batch 100/3348, Loss: 0.0764
2025-10-09 18:03:13,596 [INFO] Época 3/30, Batch 150/3348, Loss: 0.0748
2025-10-09 18:03:13,862 [INFO] Época 3/30, Batch 200/3348, Loss: 0.1487
2025-10-09 18:03:14,124 [INFO] Época 3/30, Batch 250/3348, Loss: 0.1107
2025-10-09 18:03:14,385 [INFO] Época 3/30, Batch 300/3348, Loss: 0.0975
2025-10-09 18:03:14,647 [INFO] Época 3/30, Batch 350/3348, Loss: 0.1046
2025-10-09 18:03:14,910 [INFO] Época 3/30, Batch 400/3348, Loss: 0.0850
2025-10-09 18:03:15,172 [INFO] Época 3/30, Batch 450/3348, Loss: 0.0776
2025-10-09 18:03:15,434 [INFO] Época 3/30, Batch 500/3348, Loss: 0.0761
2025-10-09 18:03:15,697 [INFO] Época 3/30, Batch 550/3348, Loss: 0.1112
2025-10-09 18:03:15,958 [INFO] Época 3/30, Batch 600/3348, Loss: 0.1240
2025-10-09 18:03:16,218 [INFO] Época 3/30, Batch 650/3348, Loss: 0.1205
2025-10-09 18:03:16,473 [INFO] Época 3/30, Batch 700/3348, Loss: 0.1145
2025-10-09 18:03:16,732 [INFO] Época 3/30, Batch 750/3348, Loss: 0.0899
2025-10-09 18:03:16,985 [INFO] Época 3/30, Batch 800/3348, Loss: 0.0720
2025-10-09 18:03:17,236 [INFO] Época 3/30, Batch 850/3348, Loss: 0.1116
2025-10-09 18:03:17,487 [INFO] Época 3/30, Batch 900/3348, Loss: 0.0838
2025-10-09 18:03:17,739 [INFO] Época 3/30, Batch 950/3348, Loss: 0.1102
2025-10-09 18:03:17,990 [INFO] Época 3/30, Batch 1000/3348, Loss: 0.1537
2025-10-09 18:03:18,242 [INFO] Época 3/30, Batch 1050/3348, Loss: 0.1250
2025-10-09 18:03:18,493 [INFO] Época 3/30, Batch 1100/3348, Loss: 0.1338
2025-10-09 18:03:18,742 [INFO] Época 3/30, Batch 1150/3348, Loss: 0.1220
2025-10-09 18:03:18,993 [INFO] Época 3/30, Batch 1200/3348, Loss: 0.0972
2025-10-09 18:03:19,245 [INFO] Época 3/30, Batch 1250/3348, Loss: 0.0588
2025-10-09 18:03:19,500 [INFO] Época 3/30, Batch 1300/3348, Loss: 0.0892
2025-10-09 18:03:19,756 [INFO] Época 3/30, Batch 1350/3348, Loss: 0.0738
2025-10-09 18:03:20,013 [INFO] Época 3/30, Batch 1400/3348, Loss: 0.0854
2025-10-09 18:03:20,271 [INFO] Época 3/30, Batch 1450/3348, Loss: 0.0724
2025-10-09 18:03:20,529 [INFO] Época 3/30, Batch 1500/3348, Loss: 0.0960
2025-10-09 18:03:20,787 [INFO] Época 3/30, Batch 1550/3348, Loss: 0.0932
2025-10-09 18:03:21,047 [INFO] Época 3/30, Batch 1600/3348, Loss: 0.1120
2025-10-09 18:03:21,304 [INFO] Época 3/30, Batch 1650/3348, Loss: 0.0804
2025-10-09 18:03:21,561 [INFO] Época 3/30, Batch 1700/3348, Loss: 0.0748
2025-10-09 18:03:21,823 [INFO] Época 3/30, Batch 1750/3348, Loss: 0.1163
2025-10-09 18:03:22,082 [INFO] Época 3/30, Batch 1800/3348, Loss: 0.0879
2025-10-09 18:03:22,346 [INFO] Época 3/30, Batch 1850/3348, Loss: 0.0581
2025-10-09 18:03:22,609 [INFO] Época 3/30, Batch 1900/3348, Loss: 0.0998
2025-10-09 18:03:22,868 [INFO] Época 3/30, Batch 1950/3348, Loss: 0.0541
2025-10-09 18:03:23,126 [INFO] Época 3/30, Batch 2000/3348, Loss: 0.0812
2025-10-09 18:03:23,384 [INFO] Época 3/30, Batch 2050/3348, Loss: 0.1519
2025-10-09 18:03:23,639 [INFO] Época 3/30, Batch 2100/3348, Loss: 0.1146
2025-10-09 18:03:23,896 [INFO] Época 3/30, Batch 2150/3348, Loss: 0.1115
2025-10-09 18:03:24,154 [INFO] Época 3/30, Batch 2200/3348, Loss: 0.0734
2025-10-09 18:03:24,410 [INFO] Época 3/30, Batch 2250/3348, Loss: 0.1014
2025-10-09 18:03:24,666 [INFO] Época 3/30, Batch 2300/3348, Loss: 0.1033
2025-10-09 18:03:24,924 [INFO] Época 3/30, Batch 2350/3348, Loss: 0.0950
2025-10-09 18:03:25,179 [INFO] Época 3/30, Batch 2400/3348, Loss: 0.0667
2025-10-09 18:03:25,439 [INFO] Época 3/30, Batch 2450/3348, Loss: 0.0711
2025-10-09 18:03:25,700 [INFO] Época 3/30, Batch 2500/3348, Loss: 0.1230
2025-10-09 18:03:25,959 [INFO] Época 3/30, Batch 2550/3348, Loss: 0.0859
2025-10-09 18:03:26,220 [INFO] Época 3/30, Batch 2600/3348, Loss: 0.0768
2025-10-09 18:03:26,478 [INFO] Época 3/30, Batch 2650/3348, Loss: 0.1022
2025-10-09 18:03:26,741 [INFO] Época 3/30, Batch 2700/3348, Loss: 0.0818
2025-10-09 18:03:27,002 [INFO] Época 3/30, Batch 2750/3348, Loss: 0.1095
2025-10-09 18:03:27,263 [INFO] Época 3/30, Batch 2800/3348, Loss: 0.1065
2025-10-09 18:03:27,522 [INFO] Época 3/30, Batch 2850/3348, Loss: 0.0994
2025-10-09 18:03:27,781 [INFO] Época 3/30, Batch 2900/3348, Loss: 0.0930
2025-10-09 18:03:28,044 [INFO] Época 3/30, Batch 2950/3348, Loss: 0.0680
2025-10-09 18:03:28,306 [INFO] Época 3/30, Batch 3000/3348, Loss: 0.0857
2025-10-09 18:03:28,565 [INFO] Época 3/30, Batch 3050/3348, Loss: 0.1080
2025-10-09 18:03:28,825 [INFO] Época 3/30, Batch 3100/3348, Loss: 0.1009
2025-10-09 18:03:29,085 [INFO] Época 3/30, Batch 3150/3348, Loss: 0.0941
2025-10-09 18:03:29,345 [INFO] Época 3/30, Batch 3200/3348, Loss: 0.1223
2025-10-09 18:03:29,608 [INFO] Época 3/30, Batch 3250/3348, Loss: 0.0829
2025-10-09 18:03:29,868 [INFO] Época 3/30, Batch 3300/3348, Loss: 0.0804
2025-10-09 18:03:31,670 [INFO] [3/30] Train Loss: 0.1041 | Val Loss: 0.1315 | Tempo: 19.21s
2025-10-09 18:03:32,280 [INFO] Época 4/30, Batch 50/3348, Loss: 0.0885
2025-10-09 18:03:32,560 [INFO] Época 4/30, Batch 100/3348, Loss: 0.0722
2025-10-09 18:03:32,835 [INFO] Época 4/30, Batch 150/3348, Loss: 0.0870
2025-10-09 18:03:33,114 [INFO] Época 4/30, Batch 200/3348, Loss: 0.0818
2025-10-09 18:03:33,389 [INFO] Época 4/30, Batch 250/3348, Loss: 0.0907
2025-10-09 18:03:33,662 [INFO] Época 4/30, Batch 300/3348, Loss: 0.0792
2025-10-09 18:03:33,934 [INFO] Época 4/30, Batch 350/3348, Loss: 0.0829
2025-10-09 18:03:34,207 [INFO] Época 4/30, Batch 400/3348, Loss: 0.0782
2025-10-09 18:03:34,479 [INFO] Época 4/30, Batch 450/3348, Loss: 0.1235
2025-10-09 18:03:34,744 [INFO] Época 4/30, Batch 500/3348, Loss: 0.0871
2025-10-09 18:03:35,007 [INFO] Época 4/30, Batch 550/3348, Loss: 0.0913
2025-10-09 18:03:35,267 [INFO] Época 4/30, Batch 600/3348, Loss: 0.1020
2025-10-09 18:03:35,529 [INFO] Época 4/30, Batch 650/3348, Loss: 0.0634
2025-10-09 18:03:35,793 [INFO] Época 4/30, Batch 700/3348, Loss: 0.0706
2025-10-09 18:03:36,054 [INFO] Época 4/30, Batch 750/3348, Loss: 0.0779
2025-10-09 18:03:36,317 [INFO] Época 4/30, Batch 800/3348, Loss: 0.0900
2025-10-09 18:03:36,579 [INFO] Época 4/30, Batch 850/3348, Loss: 0.0877
2025-10-09 18:03:36,841 [INFO] Época 4/30, Batch 900/3348, Loss: 0.1051
2025-10-09 18:03:37,105 [INFO] Época 4/30, Batch 950/3348, Loss: 0.1094
2025-10-09 18:03:37,367 [INFO] Época 4/30, Batch 1000/3348, Loss: 0.0890
2025-10-09 18:03:37,631 [INFO] Época 4/30, Batch 1050/3348, Loss: 0.1105
2025-10-09 18:03:37,902 [INFO] Época 4/30, Batch 1100/3348, Loss: 0.1093
2025-10-09 18:03:38,176 [INFO] Época 4/30, Batch 1150/3348, Loss: 0.0779
2025-10-09 18:03:38,438 [INFO] Época 4/30, Batch 1200/3348, Loss: 0.0984
2025-10-09 18:03:38,701 [INFO] Época 4/30, Batch 1250/3348, Loss: 0.0781
2025-10-09 18:03:38,964 [INFO] Época 4/30, Batch 1300/3348, Loss: 0.0990
2025-10-09 18:03:39,229 [INFO] Época 4/30, Batch 1350/3348, Loss: 0.0703
2025-10-09 18:03:39,493 [INFO] Época 4/30, Batch 1400/3348, Loss: 0.1062
2025-10-09 18:03:39,755 [INFO] Época 4/30, Batch 1450/3348, Loss: 0.1338
2025-10-09 18:03:40,018 [INFO] Época 4/30, Batch 1500/3348, Loss: 0.1332
2025-10-09 18:03:40,281 [INFO] Época 4/30, Batch 1550/3348, Loss: 0.0973
2025-10-09 18:03:40,544 [INFO] Época 4/30, Batch 1600/3348, Loss: 0.0739
2025-10-09 18:03:40,810 [INFO] Época 4/30, Batch 1650/3348, Loss: 0.1024
2025-10-09 18:03:41,073 [INFO] Época 4/30, Batch 1700/3348, Loss: 0.0672
2025-10-09 18:03:41,336 [INFO] Época 4/30, Batch 1750/3348, Loss: 0.0831
2025-10-09 18:03:41,600 [INFO] Época 4/30, Batch 1800/3348, Loss: 0.0904
2025-10-09 18:03:41,862 [INFO] Época 4/30, Batch 1850/3348, Loss: 0.1078
2025-10-09 18:03:42,128 [INFO] Época 4/30, Batch 1900/3348, Loss: 0.0963
2025-10-09 18:03:42,402 [INFO] Época 4/30, Batch 1950/3348, Loss: 0.0863
2025-10-09 18:03:42,675 [INFO] Época 4/30, Batch 2000/3348, Loss: 0.1051
2025-10-09 18:03:42,947 [INFO] Época 4/30, Batch 2050/3348, Loss: 0.0618
2025-10-09 18:03:43,216 [INFO] Época 4/30, Batch 2100/3348, Loss: 0.0958
2025-10-09 18:03:43,478 [INFO] Época 4/30, Batch 2150/3348, Loss: 0.0808
2025-10-09 18:03:43,742 [INFO] Época 4/30, Batch 2200/3348, Loss: 0.0798
2025-10-09 18:03:44,006 [INFO] Época 4/30, Batch 2250/3348, Loss: 0.1015
2025-10-09 18:03:44,268 [INFO] Época 4/30, Batch 2300/3348, Loss: 0.0670
2025-10-09 18:03:44,532 [INFO] Época 4/30, Batch 2350/3348, Loss: 0.0974
2025-10-09 18:03:44,794 [INFO] Época 4/30, Batch 2400/3348, Loss: 0.1045
2025-10-09 18:03:45,058 [INFO] Época 4/30, Batch 2450/3348, Loss: 0.0959
2025-10-09 18:03:45,323 [INFO] Época 4/30, Batch 2500/3348, Loss: 0.0820
2025-10-09 18:03:45,587 [INFO] Época 4/30, Batch 2550/3348, Loss: 0.0606
2025-10-09 18:03:45,850 [INFO] Época 4/30, Batch 2600/3348, Loss: 0.0967
2025-10-09 18:03:46,114 [INFO] Época 4/30, Batch 2650/3348, Loss: 0.4078
2025-10-09 18:03:46,376 [INFO] Época 4/30, Batch 2700/3348, Loss: 0.1035
2025-10-09 18:03:46,640 [INFO] Época 4/30, Batch 2750/3348, Loss: 0.0869
2025-10-09 18:03:46,903 [INFO] Época 4/30, Batch 2800/3348, Loss: 0.0734
2025-10-09 18:03:47,165 [INFO] Época 4/30, Batch 2850/3348, Loss: 0.0944
2025-10-09 18:03:47,428 [INFO] Época 4/30, Batch 2900/3348, Loss: 0.0658
2025-10-09 18:03:47,691 [INFO] Época 4/30, Batch 2950/3348, Loss: 0.0726
2025-10-09 18:03:47,954 [INFO] Época 4/30, Batch 3000/3348, Loss: 0.0738
2025-10-09 18:03:48,218 [INFO] Época 4/30, Batch 3050/3348, Loss: 0.1208
2025-10-09 18:03:48,480 [INFO] Época 4/30, Batch 3100/3348, Loss: 0.0784
2025-10-09 18:03:48,746 [INFO] Época 4/30, Batch 3150/3348, Loss: 0.0897
2025-10-09 18:03:49,008 [INFO] Época 4/30, Batch 3200/3348, Loss: 0.0925
2025-10-09 18:03:49,271 [INFO] Época 4/30, Batch 3250/3348, Loss: 0.0868
2025-10-09 18:03:49,534 [INFO] Época 4/30, Batch 3300/3348, Loss: 0.1099
2025-10-09 18:03:51,459 [INFO] [4/30] Train Loss: 0.0971 | Val Loss: 0.1421 | Tempo: 19.79s
2025-10-09 18:03:52,067 [INFO] Época 5/30, Batch 50/3348, Loss: 0.0629
2025-10-09 18:03:52,355 [INFO] Época 5/30, Batch 100/3348, Loss: 0.0987
2025-10-09 18:03:52,641 [INFO] Época 5/30, Batch 150/3348, Loss: 0.0871
2025-10-09 18:03:52,926 [INFO] Época 5/30, Batch 200/3348, Loss: 0.0832
2025-10-09 18:03:53,201 [INFO] Época 5/30, Batch 250/3348, Loss: 0.0806
2025-10-09 18:03:53,459 [INFO] Época 5/30, Batch 300/3348, Loss: 0.0706
2025-10-09 18:03:53,731 [INFO] Época 5/30, Batch 350/3348, Loss: 0.0814
2025-10-09 18:03:54,018 [INFO] Época 5/30, Batch 400/3348, Loss: 0.0761
2025-10-09 18:03:54,283 [INFO] Época 5/30, Batch 450/3348, Loss: 0.0949
2025-10-09 18:03:54,551 [INFO] Época 5/30, Batch 500/3348, Loss: 0.0874
2025-10-09 18:03:54,826 [INFO] Época 5/30, Batch 550/3348, Loss: 0.0913
2025-10-09 18:03:55,124 [INFO] Época 5/30, Batch 600/3348, Loss: 0.0706
2025-10-09 18:03:55,423 [INFO] Época 5/30, Batch 650/3348, Loss: 0.0645
2025-10-09 18:03:55,722 [INFO] Época 5/30, Batch 700/3348, Loss: 0.0820
2025-10-09 18:03:56,025 [INFO] Época 5/30, Batch 750/3348, Loss: 0.0799
2025-10-09 18:03:56,334 [INFO] Época 5/30, Batch 800/3348, Loss: 0.0643
2025-10-09 18:03:56,630 [INFO] Época 5/30, Batch 850/3348, Loss: 0.0942
2025-10-09 18:03:56,900 [INFO] Época 5/30, Batch 900/3348, Loss: 0.0610
2025-10-09 18:03:57,169 [INFO] Época 5/30, Batch 950/3348, Loss: 0.0750
2025-10-09 18:03:57,439 [INFO] Época 5/30, Batch 1000/3348, Loss: 0.0691
2025-10-09 18:03:57,707 [INFO] Época 5/30, Batch 1050/3348, Loss: 0.0641
2025-10-09 18:03:57,978 [INFO] Época 5/30, Batch 1100/3348, Loss: 0.0876
2025-10-09 18:03:58,240 [INFO] Época 5/30, Batch 1150/3348, Loss: 0.0691
2025-10-09 18:03:58,508 [INFO] Época 5/30, Batch 1200/3348, Loss: 0.0628
2025-10-09 18:03:58,780 [INFO] Época 5/30, Batch 1250/3348, Loss: 0.1555
2025-10-09 18:03:59,050 [INFO] Época 5/30, Batch 1300/3348, Loss: 0.0811
2025-10-09 18:03:59,319 [INFO] Época 5/30, Batch 1350/3348, Loss: 0.0760
2025-10-09 18:03:59,586 [INFO] Época 5/30, Batch 1400/3348, Loss: 0.0999
2025-10-09 18:03:59,852 [INFO] Época 5/30, Batch 1450/3348, Loss: 0.0933
2025-10-09 18:04:00,133 [INFO] Época 5/30, Batch 1500/3348, Loss: 0.0818
2025-10-09 18:04:00,423 [INFO] Época 5/30, Batch 1550/3348, Loss: 0.0832
2025-10-09 18:04:00,695 [INFO] Época 5/30, Batch 1600/3348, Loss: 0.0779
2025-10-09 18:04:00,966 [INFO] Época 5/30, Batch 1650/3348, Loss: 0.0650
2025-10-09 18:04:01,237 [INFO] Época 5/30, Batch 1700/3348, Loss: 0.1006
2025-10-09 18:04:01,507 [INFO] Época 5/30, Batch 1750/3348, Loss: 0.0806
2025-10-09 18:04:01,780 [INFO] Época 5/30, Batch 1800/3348, Loss: 0.0677
2025-10-09 18:04:02,050 [INFO] Época 5/30, Batch 1850/3348, Loss: 0.0826
2025-10-09 18:04:02,321 [INFO] Época 5/30, Batch 1900/3348, Loss: 0.1085
2025-10-09 18:04:02,603 [INFO] Época 5/30, Batch 1950/3348, Loss: 0.0842
2025-10-09 18:04:02,878 [INFO] Época 5/30, Batch 2000/3348, Loss: 0.0928
2025-10-09 18:04:03,153 [INFO] Época 5/30, Batch 2050/3348, Loss: 0.0844
2025-10-09 18:04:03,428 [INFO] Época 5/30, Batch 2100/3348, Loss: 0.0914
2025-10-09 18:04:03,699 [INFO] Época 5/30, Batch 2150/3348, Loss: 0.1369
2025-10-09 18:04:03,973 [INFO] Época 5/30, Batch 2200/3348, Loss: 0.0567
2025-10-09 18:04:04,255 [INFO] Época 5/30, Batch 2250/3348, Loss: 0.0755
2025-10-09 18:04:04,522 [INFO] Época 5/30, Batch 2300/3348, Loss: 0.0959
2025-10-09 18:04:04,807 [INFO] Época 5/30, Batch 2350/3348, Loss: 0.0722
2025-10-09 18:04:05,090 [INFO] Época 5/30, Batch 2400/3348, Loss: 0.0649
2025-10-09 18:04:05,361 [INFO] Época 5/30, Batch 2450/3348, Loss: 0.0782
2025-10-09 18:04:05,631 [INFO] Época 5/30, Batch 2500/3348, Loss: 0.0551
2025-10-09 18:04:05,901 [INFO] Época 5/30, Batch 2550/3348, Loss: 0.0709
2025-10-09 18:04:06,172 [INFO] Época 5/30, Batch 2600/3348, Loss: 0.0849
2025-10-09 18:04:06,444 [INFO] Época 5/30, Batch 2650/3348, Loss: 0.1033
2025-10-09 18:04:06,719 [INFO] Época 5/30, Batch 2700/3348, Loss: 0.0723
2025-10-09 18:04:07,000 [INFO] Época 5/30, Batch 2750/3348, Loss: 0.0664
2025-10-09 18:04:07,295 [INFO] Época 5/30, Batch 2800/3348, Loss: 0.0633
2025-10-09 18:04:07,564 [INFO] Época 5/30, Batch 2850/3348, Loss: 0.0894
2025-10-09 18:04:07,835 [INFO] Época 5/30, Batch 2900/3348, Loss: 0.0729
2025-10-09 18:04:08,106 [INFO] Época 5/30, Batch 2950/3348, Loss: 0.0906
2025-10-09 18:04:08,391 [INFO] Época 5/30, Batch 3000/3348, Loss: 0.1006
2025-10-09 18:04:08,662 [INFO] Época 5/30, Batch 3050/3348, Loss: 0.0910
2025-10-09 18:04:08,932 [INFO] Época 5/30, Batch 3100/3348, Loss: 0.0764
2025-10-09 18:04:09,202 [INFO] Época 5/30, Batch 3150/3348, Loss: 0.0956
2025-10-09 18:04:09,472 [INFO] Época 5/30, Batch 3200/3348, Loss: 0.0805
2025-10-09 18:04:09,743 [INFO] Época 5/30, Batch 3250/3348, Loss: 0.0906
2025-10-09 18:04:10,014 [INFO] Época 5/30, Batch 3300/3348, Loss: 0.0801
2025-10-09 18:04:11,929 [INFO] [5/30] Train Loss: 0.0920 | Val Loss: 0.1454 | Tempo: 20.47s
2025-10-09 18:04:12,546 [INFO] Época 6/30, Batch 50/3348, Loss: 0.0891
2025-10-09 18:04:12,820 [INFO] Época 6/30, Batch 100/3348, Loss: 0.0491
2025-10-09 18:04:13,092 [INFO] Época 6/30, Batch 150/3348, Loss: 0.0971
2025-10-09 18:04:13,366 [INFO] Época 6/30, Batch 200/3348, Loss: 0.0996
2025-10-09 18:04:13,638 [INFO] Época 6/30, Batch 250/3348, Loss: 0.0545
2025-10-09 18:04:13,911 [INFO] Época 6/30, Batch 300/3348, Loss: 0.0685
2025-10-09 18:04:14,184 [INFO] Época 6/30, Batch 350/3348, Loss: 0.0977
2025-10-09 18:04:14,459 [INFO] Época 6/30, Batch 400/3348, Loss: 0.0906
2025-10-09 18:04:14,727 [INFO] Época 6/30, Batch 450/3348, Loss: 0.0878
2025-10-09 18:04:14,992 [INFO] Época 6/30, Batch 500/3348, Loss: 0.0841
2025-10-09 18:04:15,256 [INFO] Época 6/30, Batch 550/3348, Loss: 0.0874
2025-10-09 18:04:15,523 [INFO] Época 6/30, Batch 600/3348, Loss: 0.1023
2025-10-09 18:04:15,786 [INFO] Época 6/30, Batch 650/3348, Loss: 0.0793
2025-10-09 18:04:16,050 [INFO] Época 6/30, Batch 700/3348, Loss: 0.0919
2025-10-09 18:04:16,313 [INFO] Época 6/30, Batch 750/3348, Loss: 0.0843
2025-10-09 18:04:16,580 [INFO] Época 6/30, Batch 800/3348, Loss: 0.0797
2025-10-09 18:04:16,845 [INFO] Época 6/30, Batch 850/3348, Loss: 0.0799
2025-10-09 18:04:17,109 [INFO] Época 6/30, Batch 900/3348, Loss: 0.0718
2025-10-09 18:04:17,373 [INFO] Época 6/30, Batch 950/3348, Loss: 0.0710
2025-10-09 18:04:17,639 [INFO] Época 6/30, Batch 1000/3348, Loss: 0.0930
2025-10-09 18:04:17,902 [INFO] Época 6/30, Batch 1050/3348, Loss: 0.0725
2025-10-09 18:04:18,164 [INFO] Época 6/30, Batch 1100/3348, Loss: 0.1043
2025-10-09 18:04:18,425 [INFO] Época 6/30, Batch 1150/3348, Loss: 0.0843
2025-10-09 18:04:18,684 [INFO] Época 6/30, Batch 1200/3348, Loss: 0.0824
2025-10-09 18:04:18,951 [INFO] Época 6/30, Batch 1250/3348, Loss: 0.0802
2025-10-09 18:04:19,218 [INFO] Época 6/30, Batch 1300/3348, Loss: 0.0801
2025-10-09 18:04:19,483 [INFO] Época 6/30, Batch 1350/3348, Loss: 0.0905
2025-10-09 18:04:19,751 [INFO] Época 6/30, Batch 1400/3348, Loss: 0.0698
2025-10-09 18:04:20,018 [INFO] Época 6/30, Batch 1450/3348, Loss: 0.0801
2025-10-09 18:04:20,286 [INFO] Época 6/30, Batch 1500/3348, Loss: 0.0819
2025-10-09 18:04:20,551 [INFO] Época 6/30, Batch 1550/3348, Loss: 0.0716
2025-10-09 18:04:20,815 [INFO] Época 6/30, Batch 1600/3348, Loss: 0.0862
2025-10-09 18:04:21,077 [INFO] Época 6/30, Batch 1650/3348, Loss: 0.0836
2025-10-09 18:04:21,341 [INFO] Época 6/30, Batch 1700/3348, Loss: 0.0890
2025-10-09 18:04:21,604 [INFO] Época 6/30, Batch 1750/3348, Loss: 0.0859
2025-10-09 18:04:21,873 [INFO] Época 6/30, Batch 1800/3348, Loss: 0.1014
2025-10-09 18:04:22,137 [INFO] Época 6/30, Batch 1850/3348, Loss: 0.0904
2025-10-09 18:04:22,402 [INFO] Época 6/30, Batch 1900/3348, Loss: 0.1276
2025-10-09 18:04:22,668 [INFO] Época 6/30, Batch 1950/3348, Loss: 0.0728
2025-10-09 18:04:22,934 [INFO] Época 6/30, Batch 2000/3348, Loss: 0.1054
2025-10-09 18:04:23,199 [INFO] Época 6/30, Batch 2050/3348, Loss: 0.0667
2025-10-09 18:04:23,465 [INFO] Época 6/30, Batch 2100/3348, Loss: 0.0750
2025-10-09 18:04:23,735 [INFO] Época 6/30, Batch 2150/3348, Loss: 0.0599
2025-10-09 18:04:24,007 [INFO] Época 6/30, Batch 2200/3348, Loss: 0.0928
2025-10-09 18:04:24,280 [INFO] Época 6/30, Batch 2250/3348, Loss: 0.1017
2025-10-09 18:04:24,557 [INFO] Época 6/30, Batch 2300/3348, Loss: 0.0801
2025-10-09 18:04:24,832 [INFO] Época 6/30, Batch 2350/3348, Loss: 0.0977
2025-10-09 18:04:25,108 [INFO] Época 6/30, Batch 2400/3348, Loss: 0.0967
2025-10-09 18:04:25,381 [INFO] Época 6/30, Batch 2450/3348, Loss: 0.0793
2025-10-09 18:04:25,654 [INFO] Época 6/30, Batch 2500/3348, Loss: 0.0895
2025-10-09 18:04:25,924 [INFO] Época 6/30, Batch 2550/3348, Loss: 0.0659
2025-10-09 18:04:26,197 [INFO] Época 6/30, Batch 2600/3348, Loss: 0.0773
2025-10-09 18:04:26,468 [INFO] Época 6/30, Batch 2650/3348, Loss: 0.0815
2025-10-09 18:04:26,742 [INFO] Época 6/30, Batch 2700/3348, Loss: 0.1003
2025-10-09 18:04:27,011 [INFO] Época 6/30, Batch 2750/3348, Loss: 0.0705
2025-10-09 18:04:27,282 [INFO] Época 6/30, Batch 2800/3348, Loss: 0.0799
2025-10-09 18:04:27,546 [INFO] Época 6/30, Batch 2850/3348, Loss: 0.0983
2025-10-09 18:04:27,809 [INFO] Época 6/30, Batch 2900/3348, Loss: 0.0949
2025-10-09 18:04:28,072 [INFO] Época 6/30, Batch 2950/3348, Loss: 0.0938
2025-10-09 18:04:28,339 [INFO] Época 6/30, Batch 3000/3348, Loss: 0.0697
2025-10-09 18:04:28,606 [INFO] Época 6/30, Batch 3050/3348, Loss: 0.0668
2025-10-09 18:04:28,873 [INFO] Época 6/30, Batch 3100/3348, Loss: 0.0656
2025-10-09 18:04:29,139 [INFO] Época 6/30, Batch 3150/3348, Loss: 0.0759
2025-10-09 18:04:29,406 [INFO] Época 6/30, Batch 3200/3348, Loss: 0.0742
2025-10-09 18:04:29,671 [INFO] Época 6/30, Batch 3250/3348, Loss: 0.0813
2025-10-09 18:04:29,936 [INFO] Época 6/30, Batch 3300/3348, Loss: 0.0646
2025-10-09 18:04:31,794 [INFO] [6/30] Train Loss: 0.0878 | Val Loss: 0.1425 | Tempo: 19.86s
2025-10-09 18:04:32,393 [INFO] Época 7/30, Batch 50/3348, Loss: 0.0986
2025-10-09 18:04:32,662 [INFO] Época 7/30, Batch 100/3348, Loss: 0.0758
2025-10-09 18:04:32,928 [INFO] Época 7/30, Batch 150/3348, Loss: 0.0649
2025-10-09 18:04:33,193 [INFO] Época 7/30, Batch 200/3348, Loss: 0.0644
2025-10-09 18:04:33,454 [INFO] Época 7/30, Batch 250/3348, Loss: 0.0945
2025-10-09 18:04:33,719 [INFO] Época 7/30, Batch 300/3348, Loss: 0.0905
2025-10-09 18:04:33,982 [INFO] Época 7/30, Batch 350/3348, Loss: 0.0810
2025-10-09 18:04:34,253 [INFO] Época 7/30, Batch 400/3348, Loss: 0.0739
2025-10-09 18:04:34,526 [INFO] Época 7/30, Batch 450/3348, Loss: 0.0897
2025-10-09 18:04:34,796 [INFO] Época 7/30, Batch 500/3348, Loss: 0.1104
2025-10-09 18:04:35,069 [INFO] Época 7/30, Batch 550/3348, Loss: 0.0664
2025-10-09 18:04:35,339 [INFO] Época 7/30, Batch 600/3348, Loss: 0.0853
2025-10-09 18:04:35,611 [INFO] Época 7/30, Batch 650/3348, Loss: 0.0653
2025-10-09 18:04:35,883 [INFO] Época 7/30, Batch 700/3348, Loss: 0.0671
2025-10-09 18:04:36,158 [INFO] Época 7/30, Batch 750/3348, Loss: 0.0947
2025-10-09 18:04:36,432 [INFO] Época 7/30, Batch 800/3348, Loss: 0.0652
2025-10-09 18:04:36,705 [INFO] Época 7/30, Batch 850/3348, Loss: 0.0995
2025-10-09 18:04:36,975 [INFO] Época 7/30, Batch 900/3348, Loss: 0.0685
2025-10-09 18:04:37,247 [INFO] Época 7/30, Batch 950/3348, Loss: 0.0634
2025-10-09 18:04:37,518 [INFO] Época 7/30, Batch 1000/3348, Loss: 0.1091
2025-10-09 18:04:37,790 [INFO] Época 7/30, Batch 1050/3348, Loss: 0.0820
2025-10-09 18:04:38,064 [INFO] Época 7/30, Batch 1100/3348, Loss: 0.0712
2025-10-09 18:04:38,336 [INFO] Época 7/30, Batch 1150/3348, Loss: 0.0796
2025-10-09 18:04:38,611 [INFO] Época 7/30, Batch 1200/3348, Loss: 0.0775
2025-10-09 18:04:38,885 [INFO] Época 7/30, Batch 1250/3348, Loss: 0.0568
2025-10-09 18:04:39,158 [INFO] Época 7/30, Batch 1300/3348, Loss: 0.0619
2025-10-09 18:04:39,435 [INFO] Época 7/30, Batch 1350/3348, Loss: 0.0602
2025-10-09 18:04:39,711 [INFO] Época 7/30, Batch 1400/3348, Loss: 0.0752
2025-10-09 18:04:39,985 [INFO] Época 7/30, Batch 1450/3348, Loss: 0.0764
2025-10-09 18:04:40,262 [INFO] Época 7/30, Batch 1500/3348, Loss: 0.0918
2025-10-09 18:04:40,541 [INFO] Época 7/30, Batch 1550/3348, Loss: 0.0743
2025-10-09 18:04:40,812 [INFO] Época 7/30, Batch 1600/3348, Loss: 0.0780
2025-10-09 18:04:41,080 [INFO] Época 7/30, Batch 1650/3348, Loss: 0.0957
2025-10-09 18:04:41,347 [INFO] Época 7/30, Batch 1700/3348, Loss: 0.0790
2025-10-09 18:04:41,613 [INFO] Época 7/30, Batch 1750/3348, Loss: 0.0649
2025-10-09 18:04:41,880 [INFO] Época 7/30, Batch 1800/3348, Loss: 0.0803
2025-10-09 18:04:42,147 [INFO] Época 7/30, Batch 1850/3348, Loss: 0.0620
2025-10-09 18:04:42,410 [INFO] Época 7/30, Batch 1900/3348, Loss: 0.0771
2025-10-09 18:04:42,674 [INFO] Época 7/30, Batch 1950/3348, Loss: 0.0744
2025-10-09 18:04:42,939 [INFO] Época 7/30, Batch 2000/3348, Loss: 0.0693
2025-10-09 18:04:43,203 [INFO] Época 7/30, Batch 2050/3348, Loss: 0.0831
2025-10-09 18:04:43,465 [INFO] Época 7/30, Batch 2100/3348, Loss: 0.0768
2025-10-09 18:04:43,732 [INFO] Época 7/30, Batch 2150/3348, Loss: 0.0829
2025-10-09 18:04:43,995 [INFO] Época 7/30, Batch 2200/3348, Loss: 0.0569
2025-10-09 18:04:44,255 [INFO] Época 7/30, Batch 2250/3348, Loss: 0.0801
2025-10-09 18:04:44,518 [INFO] Época 7/30, Batch 2300/3348, Loss: 0.0971
2025-10-09 18:04:44,786 [INFO] Época 7/30, Batch 2350/3348, Loss: 0.0638
2025-10-09 18:04:45,051 [INFO] Época 7/30, Batch 2400/3348, Loss: 0.0636
2025-10-09 18:04:45,313 [INFO] Época 7/30, Batch 2450/3348, Loss: 0.0925
2025-10-09 18:04:45,574 [INFO] Época 7/30, Batch 2500/3348, Loss: 0.1094
2025-10-09 18:04:45,837 [INFO] Época 7/30, Batch 2550/3348, Loss: 0.0723
2025-10-09 18:04:46,103 [INFO] Época 7/30, Batch 2600/3348, Loss: 0.0613
2025-10-09 18:04:46,365 [INFO] Época 7/30, Batch 2650/3348, Loss: 0.0670
2025-10-09 18:04:46,626 [INFO] Época 7/30, Batch 2700/3348, Loss: 0.0790
2025-10-09 18:04:46,889 [INFO] Época 7/30, Batch 2750/3348, Loss: 0.0664
2025-10-09 18:04:47,151 [INFO] Época 7/30, Batch 2800/3348, Loss: 0.0738
2025-10-09 18:04:47,414 [INFO] Época 7/30, Batch 2850/3348, Loss: 0.0870
2025-10-09 18:04:47,671 [INFO] Época 7/30, Batch 2900/3348, Loss: 0.0747
2025-10-09 18:04:47,931 [INFO] Época 7/30, Batch 2950/3348, Loss: 0.0994
2025-10-09 18:04:48,192 [INFO] Época 7/30, Batch 3000/3348, Loss: 0.1181
2025-10-09 18:04:48,452 [INFO] Época 7/30, Batch 3050/3348, Loss: 0.1085
2025-10-09 18:04:48,714 [INFO] Época 7/30, Batch 3100/3348, Loss: 0.0900
2025-10-09 18:04:48,974 [INFO] Época 7/30, Batch 3150/3348, Loss: 0.1062
2025-10-09 18:04:49,233 [INFO] Época 7/30, Batch 3200/3348, Loss: 0.0750
2025-10-09 18:04:49,492 [INFO] Época 7/30, Batch 3250/3348, Loss: 0.0480
2025-10-09 18:04:49,751 [INFO] Época 7/30, Batch 3300/3348, Loss: 0.0815
2025-10-09 18:04:51,637 [INFO] [7/30] Train Loss: 0.0845 | Val Loss: 0.1504 | Tempo: 19.84s
2025-10-09 18:04:52,239 [INFO] Época 8/30, Batch 50/3348, Loss: 0.0680
2025-10-09 18:04:52,512 [INFO] Época 8/30, Batch 100/3348, Loss: 0.0687
2025-10-09 18:04:52,784 [INFO] Época 8/30, Batch 150/3348, Loss: 0.0602
2025-10-09 18:04:53,050 [INFO] Época 8/30, Batch 200/3348, Loss: 0.0765
2025-10-09 18:04:53,314 [INFO] Época 8/30, Batch 250/3348, Loss: 0.0740
2025-10-09 18:04:53,579 [INFO] Época 8/30, Batch 300/3348, Loss: 0.0863
2025-10-09 18:04:53,844 [INFO] Época 8/30, Batch 350/3348, Loss: 0.0816
2025-10-09 18:04:54,108 [INFO] Época 8/30, Batch 400/3348, Loss: 0.0792
2025-10-09 18:04:54,371 [INFO] Época 8/30, Batch 450/3348, Loss: 0.0666
2025-10-09 18:04:54,634 [INFO] Época 8/30, Batch 500/3348, Loss: 0.1176
2025-10-09 18:04:54,895 [INFO] Época 8/30, Batch 550/3348, Loss: 0.0700
2025-10-09 18:04:55,160 [INFO] Época 8/30, Batch 600/3348, Loss: 0.0538
2025-10-09 18:04:55,422 [INFO] Época 8/30, Batch 650/3348, Loss: 0.0650
2025-10-09 18:04:55,685 [INFO] Época 8/30, Batch 700/3348, Loss: 0.0457
2025-10-09 18:04:55,953 [INFO] Época 8/30, Batch 750/3348, Loss: 0.0804
2025-10-09 18:04:56,218 [INFO] Época 8/30, Batch 800/3348, Loss: 0.0935
2025-10-09 18:04:56,480 [INFO] Época 8/30, Batch 850/3348, Loss: 0.0716
2025-10-09 18:04:56,740 [INFO] Época 8/30, Batch 900/3348, Loss: 0.0504
2025-10-09 18:04:57,002 [INFO] Época 8/30, Batch 950/3348, Loss: 0.0933
2025-10-09 18:04:57,266 [INFO] Época 8/30, Batch 1000/3348, Loss: 0.1119
2025-10-09 18:04:57,526 [INFO] Época 8/30, Batch 1050/3348, Loss: 0.0602
2025-10-09 18:04:57,788 [INFO] Época 8/30, Batch 1100/3348, Loss: 0.0977
2025-10-09 18:04:58,048 [INFO] Época 8/30, Batch 1150/3348, Loss: 0.1038
2025-10-09 18:04:58,311 [INFO] Época 8/30, Batch 1200/3348, Loss: 0.0727
2025-10-09 18:04:58,572 [INFO] Época 8/30, Batch 1250/3348, Loss: 0.0771
2025-10-09 18:04:58,833 [INFO] Época 8/30, Batch 1300/3348, Loss: 0.0840
2025-10-09 18:04:59,094 [INFO] Época 8/30, Batch 1350/3348, Loss: 0.1064
2025-10-09 18:04:59,355 [INFO] Época 8/30, Batch 1400/3348, Loss: 0.0662
2025-10-09 18:04:59,615 [INFO] Época 8/30, Batch 1450/3348, Loss: 0.0783
2025-10-09 18:04:59,878 [INFO] Época 8/30, Batch 1500/3348, Loss: 0.0822
2025-10-09 18:05:00,140 [INFO] Época 8/30, Batch 1550/3348, Loss: 0.0810
2025-10-09 18:05:00,404 [INFO] Época 8/30, Batch 1600/3348, Loss: 0.0622
2025-10-09 18:05:00,666 [INFO] Época 8/30, Batch 1650/3348, Loss: 0.0893
2025-10-09 18:05:00,928 [INFO] Época 8/30, Batch 1700/3348, Loss: 0.0640
2025-10-09 18:05:01,193 [INFO] Época 8/30, Batch 1750/3348, Loss: 0.0770
2025-10-09 18:05:01,457 [INFO] Época 8/30, Batch 1800/3348, Loss: 0.0489
2025-10-09 18:05:01,723 [INFO] Época 8/30, Batch 1850/3348, Loss: 0.0620
2025-10-09 18:05:01,989 [INFO] Época 8/30, Batch 1900/3348, Loss: 0.0686
2025-10-09 18:05:02,252 [INFO] Época 8/30, Batch 1950/3348, Loss: 0.0913
2025-10-09 18:05:02,516 [INFO] Época 8/30, Batch 2000/3348, Loss: 0.1326
2025-10-09 18:05:02,778 [INFO] Época 8/30, Batch 2050/3348, Loss: 0.0936
2025-10-09 18:05:03,040 [INFO] Época 8/30, Batch 2100/3348, Loss: 0.0627
2025-10-09 18:05:03,302 [INFO] Época 8/30, Batch 2150/3348, Loss: 0.0777
2025-10-09 18:05:03,564 [INFO] Época 8/30, Batch 2200/3348, Loss: 0.0737
2025-10-09 18:05:03,827 [INFO] Época 8/30, Batch 2250/3348, Loss: 0.0728
2025-10-09 18:05:04,094 [INFO] Época 8/30, Batch 2300/3348, Loss: 0.1057
2025-10-09 18:05:04,358 [INFO] Época 8/30, Batch 2350/3348, Loss: 0.0688
2025-10-09 18:05:04,624 [INFO] Época 8/30, Batch 2400/3348, Loss: 0.0821
2025-10-09 18:05:04,888 [INFO] Época 8/30, Batch 2450/3348, Loss: 0.0931
2025-10-09 18:05:05,149 [INFO] Época 8/30, Batch 2500/3348, Loss: 0.0812
2025-10-09 18:05:05,413 [INFO] Época 8/30, Batch 2550/3348, Loss: 0.0943
2025-10-09 18:05:05,679 [INFO] Época 8/30, Batch 2600/3348, Loss: 0.0610
2025-10-09 18:05:05,944 [INFO] Época 8/30, Batch 2650/3348, Loss: 0.0690
2025-10-09 18:05:06,204 [INFO] Época 8/30, Batch 2700/3348, Loss: 0.0698
2025-10-09 18:05:06,467 [INFO] Época 8/30, Batch 2750/3348, Loss: 0.0661
2025-10-09 18:05:06,733 [INFO] Época 8/30, Batch 2800/3348, Loss: 0.0545
2025-10-09 18:05:06,997 [INFO] Época 8/30, Batch 2850/3348, Loss: 0.0725
2025-10-09 18:05:07,260 [INFO] Época 8/30, Batch 2900/3348, Loss: 0.0517
2025-10-09 18:05:07,522 [INFO] Época 8/30, Batch 2950/3348, Loss: 0.0663
2025-10-09 18:05:07,787 [INFO] Época 8/30, Batch 3000/3348, Loss: 0.0571
2025-10-09 18:05:08,051 [INFO] Época 8/30, Batch 3050/3348, Loss: 0.0591
2025-10-09 18:05:08,315 [INFO] Época 8/30, Batch 3100/3348, Loss: 0.0650
2025-10-09 18:05:08,587 [INFO] Época 8/30, Batch 3150/3348, Loss: 0.0681
2025-10-09 18:05:08,856 [INFO] Época 8/30, Batch 3200/3348, Loss: 0.0946
2025-10-09 18:05:09,120 [INFO] Época 8/30, Batch 3250/3348, Loss: 0.0786
2025-10-09 18:05:09,384 [INFO] Época 8/30, Batch 3300/3348, Loss: 0.0736
2025-10-09 18:05:11,226 [INFO] [8/30] Train Loss: 0.0816 | Val Loss: 0.1288 | Tempo: 19.59s
2025-10-09 18:05:11,231 [INFO] Melhor modelo salvo em: /mnt/hdd/home/jdurao/ToolBox-ChemXAI/models/mlp_qm9_Avalon_att1_large.pth
2025-10-09 18:05:11,831 [INFO] Época 9/30, Batch 50/3348, Loss: 0.0638
2025-10-09 18:05:12,111 [INFO] Época 9/30, Batch 100/3348, Loss: 0.0723
2025-10-09 18:05:12,393 [INFO] Época 9/30, Batch 150/3348, Loss: 0.0576
2025-10-09 18:05:12,681 [INFO] Época 9/30, Batch 200/3348, Loss: 0.0700
2025-10-09 18:05:12,953 [INFO] Época 9/30, Batch 250/3348, Loss: 0.0655
2025-10-09 18:05:13,222 [INFO] Época 9/30, Batch 300/3348, Loss: 0.0586
2025-10-09 18:05:13,494 [INFO] Época 9/30, Batch 350/3348, Loss: 0.0666
2025-10-09 18:05:13,764 [INFO] Época 9/30, Batch 400/3348, Loss: 0.0612
2025-10-09 18:05:14,034 [INFO] Época 9/30, Batch 450/3348, Loss: 0.0543
2025-10-09 18:05:14,315 [INFO] Época 9/30, Batch 500/3348, Loss: 0.0706
2025-10-09 18:05:14,599 [INFO] Época 9/30, Batch 550/3348, Loss: 0.0824
2025-10-09 18:05:14,881 [INFO] Época 9/30, Batch 600/3348, Loss: 0.0781
2025-10-09 18:05:15,169 [INFO] Época 9/30, Batch 650/3348, Loss: 0.0812
2025-10-09 18:05:15,429 [INFO] Época 9/30, Batch 700/3348, Loss: 0.0737
2025-10-09 18:05:15,691 [INFO] Época 9/30, Batch 750/3348, Loss: 0.0701
2025-10-09 18:05:15,945 [INFO] Época 9/30, Batch 800/3348, Loss: 0.0768
2025-10-09 18:05:16,204 [INFO] Época 9/30, Batch 850/3348, Loss: 0.0625
2025-10-09 18:05:16,462 [INFO] Época 9/30, Batch 900/3348, Loss: 0.0842
2025-10-09 18:05:16,720 [INFO] Época 9/30, Batch 950/3348, Loss: 0.0797
2025-10-09 18:05:16,976 [INFO] Época 9/30, Batch 1000/3348, Loss: 0.0774
2025-10-09 18:05:17,233 [INFO] Época 9/30, Batch 1050/3348, Loss: 0.0926
2025-10-09 18:05:17,487 [INFO] Época 9/30, Batch 1100/3348, Loss: 0.0832
2025-10-09 18:05:17,742 [INFO] Época 9/30, Batch 1150/3348, Loss: 0.0663
2025-10-09 18:05:17,997 [INFO] Época 9/30, Batch 1200/3348, Loss: 0.1042
2025-10-09 18:05:18,266 [INFO] Época 9/30, Batch 1250/3348, Loss: 0.0596
2025-10-09 18:05:18,537 [INFO] Época 9/30, Batch 1300/3348, Loss: 0.0712
2025-10-09 18:05:18,808 [INFO] Época 9/30, Batch 1350/3348, Loss: 0.0576
2025-10-09 18:05:19,080 [INFO] Época 9/30, Batch 1400/3348, Loss: 0.0717
2025-10-09 18:05:19,348 [INFO] Época 9/30, Batch 1450/3348, Loss: 0.0607
2025-10-09 18:05:19,610 [INFO] Época 9/30, Batch 1500/3348, Loss: 0.0669
2025-10-09 18:05:19,871 [INFO] Época 9/30, Batch 1550/3348, Loss: 0.0698
2025-10-09 18:05:20,133 [INFO] Época 9/30, Batch 1600/3348, Loss: 0.0637
2025-10-09 18:05:20,398 [INFO] Época 9/30, Batch 1650/3348, Loss: 0.0742
2025-10-09 18:05:20,671 [INFO] Época 9/30, Batch 1700/3348, Loss: 0.0601
2025-10-09 18:05:20,937 [INFO] Época 9/30, Batch 1750/3348, Loss: 0.0865
2025-10-09 18:05:21,197 [INFO] Época 9/30, Batch 1800/3348, Loss: 0.0726
2025-10-09 18:05:21,458 [INFO] Época 9/30, Batch 1850/3348, Loss: 0.0686
2025-10-09 18:05:21,722 [INFO] Época 9/30, Batch 1900/3348, Loss: 0.0568
2025-10-09 18:05:21,984 [INFO] Época 9/30, Batch 1950/3348, Loss: 0.0791
2025-10-09 18:05:22,244 [INFO] Época 9/30, Batch 2000/3348, Loss: 0.0672
2025-10-09 18:05:22,506 [INFO] Época 9/30, Batch 2050/3348, Loss: 0.0790
2025-10-09 18:05:22,769 [INFO] Época 9/30, Batch 2100/3348, Loss: 0.0699
2025-10-09 18:05:23,040 [INFO] Época 9/30, Batch 2150/3348, Loss: 0.0798
2025-10-09 18:05:23,312 [INFO] Época 9/30, Batch 2200/3348, Loss: 0.0627
2025-10-09 18:05:23,584 [INFO] Época 9/30, Batch 2250/3348, Loss: 0.0759
2025-10-09 18:05:23,854 [INFO] Época 9/30, Batch 2300/3348, Loss: 0.0946
2025-10-09 18:05:24,124 [INFO] Época 9/30, Batch 2350/3348, Loss: 0.0697
2025-10-09 18:05:24,395 [INFO] Época 9/30, Batch 2400/3348, Loss: 0.0738
2025-10-09 18:05:24,668 [INFO] Época 9/30, Batch 2450/3348, Loss: 0.0660
2025-10-09 18:05:24,941 [INFO] Época 9/30, Batch 2500/3348, Loss: 0.0620
2025-10-09 18:05:25,214 [INFO] Época 9/30, Batch 2550/3348, Loss: 0.0716
2025-10-09 18:05:25,485 [INFO] Época 9/30, Batch 2600/3348, Loss: 0.0699
2025-10-09 18:05:25,757 [INFO] Época 9/30, Batch 2650/3348, Loss: 0.0826
2025-10-09 18:05:26,028 [INFO] Época 9/30, Batch 2700/3348, Loss: 0.0714
2025-10-09 18:05:26,300 [INFO] Época 9/30, Batch 2750/3348, Loss: 0.0587
2025-10-09 18:05:26,575 [INFO] Época 9/30, Batch 2800/3348, Loss: 0.0761
2025-10-09 18:05:26,849 [INFO] Época 9/30, Batch 2850/3348, Loss: 0.0707
2025-10-09 18:05:27,120 [INFO] Época 9/30, Batch 2900/3348, Loss: 0.0708
2025-10-09 18:05:27,395 [INFO] Época 9/30, Batch 2950/3348, Loss: 0.0607
2025-10-09 18:05:27,666 [INFO] Época 9/30, Batch 3000/3348, Loss: 0.0919
2025-10-09 18:05:27,939 [INFO] Época 9/30, Batch 3050/3348, Loss: 0.0908
2025-10-09 18:05:28,208 [INFO] Época 9/30, Batch 3100/3348, Loss: 0.0693
2025-10-09 18:05:28,478 [INFO] Época 9/30, Batch 3150/3348, Loss: 0.0674
2025-10-09 18:05:28,752 [INFO] Época 9/30, Batch 3200/3348, Loss: 0.0803
2025-10-09 18:05:29,024 [INFO] Época 9/30, Batch 3250/3348, Loss: 0.0856
2025-10-09 18:05:29,296 [INFO] Época 9/30, Batch 3300/3348, Loss: 0.0647
2025-10-09 18:05:31,164 [INFO] [9/30] Train Loss: 0.0795 | Val Loss: 0.1543 | Tempo: 19.93s
2025-10-09 18:05:31,779 [INFO] Época 10/30, Batch 50/3348, Loss: 0.0746
2025-10-09 18:05:32,070 [INFO] Época 10/30, Batch 100/3348, Loss: 0.0655
2025-10-09 18:05:32,348 [INFO] Época 10/30, Batch 150/3348, Loss: 0.0669
2025-10-09 18:05:32,621 [INFO] Época 10/30, Batch 200/3348, Loss: 0.0687
2025-10-09 18:05:32,896 [INFO] Época 10/30, Batch 250/3348, Loss: 0.0591
2025-10-09 18:05:33,169 [INFO] Época 10/30, Batch 300/3348, Loss: 0.0677
2025-10-09 18:05:33,444 [INFO] Época 10/30, Batch 350/3348, Loss: 0.0869
2025-10-09 18:05:33,720 [INFO] Época 10/30, Batch 400/3348, Loss: 0.0588
2025-10-09 18:05:33,994 [INFO] Época 10/30, Batch 450/3348, Loss: 0.0647
2025-10-09 18:05:34,267 [INFO] Época 10/30, Batch 500/3348, Loss: 0.0697
2025-10-09 18:05:34,541 [INFO] Época 10/30, Batch 550/3348, Loss: 0.0620
2025-10-09 18:05:34,815 [INFO] Época 10/30, Batch 600/3348, Loss: 0.0510
2025-10-09 18:05:35,088 [INFO] Época 10/30, Batch 650/3348, Loss: 0.1057
2025-10-09 18:05:35,363 [INFO] Época 10/30, Batch 700/3348, Loss: 0.0825
2025-10-09 18:05:35,636 [INFO] Época 10/30, Batch 750/3348, Loss: 0.0647
2025-10-09 18:05:35,911 [INFO] Época 10/30, Batch 800/3348, Loss: 0.0815
2025-10-09 18:05:36,182 [INFO] Época 10/30, Batch 850/3348, Loss: 0.0555
2025-10-09 18:05:36,457 [INFO] Época 10/30, Batch 900/3348, Loss: 0.1060
2025-10-09 18:05:36,731 [INFO] Época 10/30, Batch 950/3348, Loss: 0.0583
2025-10-09 18:05:37,004 [INFO] Época 10/30, Batch 1000/3348, Loss: 0.0737
2025-10-09 18:05:37,277 [INFO] Época 10/30, Batch 1050/3348, Loss: 0.0885
2025-10-09 18:05:37,551 [INFO] Época 10/30, Batch 1100/3348, Loss: 0.0582
2025-10-09 18:05:37,826 [INFO] Época 10/30, Batch 1150/3348, Loss: 0.0734
2025-10-09 18:05:38,099 [INFO] Época 10/30, Batch 1200/3348, Loss: 0.0544
2025-10-09 18:05:38,373 [INFO] Época 10/30, Batch 1250/3348, Loss: 0.1032
2025-10-09 18:05:38,647 [INFO] Época 10/30, Batch 1300/3348, Loss: 0.0573
2025-10-09 18:05:38,921 [INFO] Época 10/30, Batch 1350/3348, Loss: 0.0635
2025-10-09 18:05:39,193 [INFO] Época 10/30, Batch 1400/3348, Loss: 0.0703
2025-10-09 18:05:39,467 [INFO] Época 10/30, Batch 1450/3348, Loss: 0.0594
2025-10-09 18:05:39,741 [INFO] Época 10/30, Batch 1500/3348, Loss: 0.0920
2025-10-09 18:05:40,016 [INFO] Época 10/30, Batch 1550/3348, Loss: 0.0915
2025-10-09 18:05:40,298 [INFO] Época 10/30, Batch 1600/3348, Loss: 0.0539
2025-10-09 18:05:40,586 [INFO] Época 10/30, Batch 1650/3348, Loss: 0.0652
2025-10-09 18:05:40,864 [INFO] Época 10/30, Batch 1700/3348, Loss: 0.0736
2025-10-09 18:05:41,144 [INFO] Época 10/30, Batch 1750/3348, Loss: 0.0655
2025-10-09 18:05:41,419 [INFO] Época 10/30, Batch 1800/3348, Loss: 0.0566
2025-10-09 18:05:41,692 [INFO] Época 10/30, Batch 1850/3348, Loss: 0.0729
2025-10-09 18:05:41,961 [INFO] Época 10/30, Batch 1900/3348, Loss: 0.0813
2025-10-09 18:05:42,234 [INFO] Época 10/30, Batch 1950/3348, Loss: 0.0549
2025-10-09 18:05:42,508 [INFO] Época 10/30, Batch 2000/3348, Loss: 0.0459
2025-10-09 18:05:42,786 [INFO] Época 10/30, Batch 2050/3348, Loss: 0.0697
2025-10-09 18:05:43,062 [INFO] Época 10/30, Batch 2100/3348, Loss: 0.0765
2025-10-09 18:05:43,341 [INFO] Época 10/30, Batch 2150/3348, Loss: 0.0831
2025-10-09 18:05:43,617 [INFO] Época 10/30, Batch 2200/3348, Loss: 0.0825
2025-10-09 18:05:43,899 [INFO] Época 10/30, Batch 2250/3348, Loss: 0.0579
2025-10-09 18:05:44,183 [INFO] Época 10/30, Batch 2300/3348, Loss: 0.0645
2025-10-09 18:05:44,459 [INFO] Época 10/30, Batch 2350/3348, Loss: 0.0536
2025-10-09 18:05:44,732 [INFO] Época 10/30, Batch 2400/3348, Loss: 0.0872
2025-10-09 18:05:45,007 [INFO] Época 10/30, Batch 2450/3348, Loss: 0.0706
2025-10-09 18:05:45,279 [INFO] Época 10/30, Batch 2500/3348, Loss: 0.0855
2025-10-09 18:05:45,562 [INFO] Época 10/30, Batch 2550/3348, Loss: 0.0801
2025-10-09 18:05:45,843 [INFO] Época 10/30, Batch 2600/3348, Loss: 0.0576
2025-10-09 18:05:46,117 [INFO] Época 10/30, Batch 2650/3348, Loss: 0.0686
2025-10-09 18:05:46,385 [INFO] Época 10/30, Batch 2700/3348, Loss: 0.0799
2025-10-09 18:05:46,656 [INFO] Época 10/30, Batch 2750/3348, Loss: 0.0788
2025-10-09 18:05:46,928 [INFO] Época 10/30, Batch 2800/3348, Loss: 0.0709
2025-10-09 18:05:47,201 [INFO] Época 10/30, Batch 2850/3348, Loss: 0.0902
2025-10-09 18:05:47,479 [INFO] Época 10/30, Batch 2900/3348, Loss: 0.0622
2025-10-09 18:05:47,754 [INFO] Época 10/30, Batch 2950/3348, Loss: 0.0660
2025-10-09 18:05:48,030 [INFO] Época 10/30, Batch 3000/3348, Loss: 0.0836
2025-10-09 18:05:48,306 [INFO] Época 10/30, Batch 3050/3348, Loss: 0.0746
2025-10-09 18:05:48,583 [INFO] Época 10/30, Batch 3100/3348, Loss: 0.0584
2025-10-09 18:05:48,861 [INFO] Época 10/30, Batch 3150/3348, Loss: 0.0850
2025-10-09 18:05:49,134 [INFO] Época 10/30, Batch 3200/3348, Loss: 0.0620
2025-10-09 18:05:49,406 [INFO] Época 10/30, Batch 3250/3348, Loss: 0.0642
2025-10-09 18:05:49,676 [INFO] Época 10/30, Batch 3300/3348, Loss: 0.0811
2025-10-09 18:05:51,543 [INFO] [10/30] Train Loss: 0.0774 | Val Loss: 0.1297 | Tempo: 20.38s
2025-10-09 18:05:52,158 [INFO] Época 11/30, Batch 50/3348, Loss: 0.0823
2025-10-09 18:05:52,440 [INFO] Época 11/30, Batch 100/3348, Loss: 0.0604
2025-10-09 18:05:52,720 [INFO] Época 11/30, Batch 150/3348, Loss: 0.0877
2025-10-09 18:05:52,988 [INFO] Época 11/30, Batch 200/3348, Loss: 0.0577
2025-10-09 18:05:53,255 [INFO] Época 11/30, Batch 250/3348, Loss: 0.0517
2025-10-09 18:05:53,522 [INFO] Época 11/30, Batch 300/3348, Loss: 0.0714
2025-10-09 18:05:53,788 [INFO] Época 11/30, Batch 350/3348, Loss: 0.0652
2025-10-09 18:05:54,056 [INFO] Época 11/30, Batch 400/3348, Loss: 0.0555
2025-10-09 18:05:54,324 [INFO] Época 11/30, Batch 450/3348, Loss: 0.0517
2025-10-09 18:05:54,591 [INFO] Época 11/30, Batch 500/3348, Loss: 0.0537
2025-10-09 18:05:54,857 [INFO] Época 11/30, Batch 550/3348, Loss: 0.0770
2025-10-09 18:05:55,122 [INFO] Época 11/30, Batch 600/3348, Loss: 0.0716
2025-10-09 18:05:55,383 [INFO] Época 11/30, Batch 650/3348, Loss: 0.0564
2025-10-09 18:05:55,641 [INFO] Época 11/30, Batch 700/3348, Loss: 0.0764
2025-10-09 18:05:55,898 [INFO] Época 11/30, Batch 750/3348, Loss: 0.0574
2025-10-09 18:05:56,162 [INFO] Época 11/30, Batch 800/3348, Loss: 0.0930
2025-10-09 18:05:56,425 [INFO] Época 11/30, Batch 850/3348, Loss: 0.0786
2025-10-09 18:05:56,689 [INFO] Época 11/30, Batch 900/3348, Loss: 0.0489
2025-10-09 18:05:56,950 [INFO] Época 11/30, Batch 950/3348, Loss: 0.0688
2025-10-09 18:05:57,205 [INFO] Época 11/30, Batch 1000/3348, Loss: 0.0731
2025-10-09 18:05:57,460 [INFO] Época 11/30, Batch 1050/3348, Loss: 0.0754
2025-10-09 18:05:57,715 [INFO] Época 11/30, Batch 1100/3348, Loss: 0.0648
2025-10-09 18:05:57,967 [INFO] Época 11/30, Batch 1150/3348, Loss: 0.0598
2025-10-09 18:05:58,232 [INFO] Época 11/30, Batch 1200/3348, Loss: 0.0563
2025-10-09 18:05:58,494 [INFO] Época 11/30, Batch 1250/3348, Loss: 0.0540
2025-10-09 18:05:58,758 [INFO] Época 11/30, Batch 1300/3348, Loss: 0.1183
2025-10-09 18:05:59,024 [INFO] Época 11/30, Batch 1350/3348, Loss: 0.0575
2025-10-09 18:05:59,291 [INFO] Época 11/30, Batch 1400/3348, Loss: 0.0702
2025-10-09 18:05:59,559 [INFO] Época 11/30, Batch 1450/3348, Loss: 0.0801
2025-10-09 18:05:59,824 [INFO] Época 11/30, Batch 1500/3348, Loss: 0.0614
2025-10-09 18:06:00,089 [INFO] Época 11/30, Batch 1550/3348, Loss: 0.0679
2025-10-09 18:06:00,360 [INFO] Época 11/30, Batch 1600/3348, Loss: 0.0577
2025-10-09 18:06:00,621 [INFO] Época 11/30, Batch 1650/3348, Loss: 0.0640
2025-10-09 18:06:00,891 [INFO] Época 11/30, Batch 1700/3348, Loss: 0.0714
2025-10-09 18:06:01,165 [INFO] Época 11/30, Batch 1750/3348, Loss: 0.0646
2025-10-09 18:06:01,434 [INFO] Época 11/30, Batch 1800/3348, Loss: 0.0907
2025-10-09 18:06:01,705 [INFO] Época 11/30, Batch 1850/3348, Loss: 0.0503
2025-10-09 18:06:01,974 [INFO] Época 11/30, Batch 1900/3348, Loss: 0.0832
2025-10-09 18:06:02,244 [INFO] Época 11/30, Batch 1950/3348, Loss: 0.0599
2025-10-09 18:06:02,516 [INFO] Época 11/30, Batch 2000/3348, Loss: 0.0615
2025-10-09 18:06:02,788 [INFO] Época 11/30, Batch 2050/3348, Loss: 0.0885
2025-10-09 18:06:03,059 [INFO] Época 11/30, Batch 2100/3348, Loss: 0.0790
2025-10-09 18:06:03,331 [INFO] Época 11/30, Batch 2150/3348, Loss: 0.0781
2025-10-09 18:06:03,602 [INFO] Época 11/30, Batch 2200/3348, Loss: 0.0863
2025-10-09 18:06:03,875 [INFO] Época 11/30, Batch 2250/3348, Loss: 0.0721
2025-10-09 18:06:04,146 [INFO] Época 11/30, Batch 2300/3348, Loss: 0.0517
2025-10-09 18:06:04,418 [INFO] Época 11/30, Batch 2350/3348, Loss: 0.0696
2025-10-09 18:06:04,688 [INFO] Época 11/30, Batch 2400/3348, Loss: 0.1174
2025-10-09 18:06:04,960 [INFO] Época 11/30, Batch 2450/3348, Loss: 0.0873
2025-10-09 18:06:05,233 [INFO] Época 11/30, Batch 2500/3348, Loss: 0.1009
2025-10-09 18:06:05,504 [INFO] Época 11/30, Batch 2550/3348, Loss: 0.0833
2025-10-09 18:06:05,773 [INFO] Época 11/30, Batch 2600/3348, Loss: 0.0551
2025-10-09 18:06:06,035 [INFO] Época 11/30, Batch 2650/3348, Loss: 0.0817
2025-10-09 18:06:06,297 [INFO] Época 11/30, Batch 2700/3348, Loss: 0.0779
2025-10-09 18:06:06,561 [INFO] Época 11/30, Batch 2750/3348, Loss: 0.0800
2025-10-09 18:06:06,827 [INFO] Época 11/30, Batch 2800/3348, Loss: 0.1050
2025-10-09 18:06:07,090 [INFO] Época 11/30, Batch 2850/3348, Loss: 0.0588
2025-10-09 18:06:07,350 [INFO] Época 11/30, Batch 2900/3348, Loss: 0.0585
2025-10-09 18:06:07,611 [INFO] Época 11/30, Batch 2950/3348, Loss: 0.0680
2025-10-09 18:06:07,874 [INFO] Época 11/30, Batch 3000/3348, Loss: 0.0684
2025-10-09 18:06:08,136 [INFO] Época 11/30, Batch 3050/3348, Loss: 0.0703
2025-10-09 18:06:08,397 [INFO] Época 11/30, Batch 3100/3348, Loss: 0.0755
2025-10-09 18:06:08,658 [INFO] Época 11/30, Batch 3150/3348, Loss: 0.0553
2025-10-09 18:06:08,923 [INFO] Época 11/30, Batch 3200/3348, Loss: 0.0554
2025-10-09 18:06:09,187 [INFO] Época 11/30, Batch 3250/3348, Loss: 0.0578
2025-10-09 18:06:09,452 [INFO] Época 11/30, Batch 3300/3348, Loss: 0.0634
2025-10-09 18:06:11,320 [INFO] [11/30] Train Loss: 0.0755 | Val Loss: 0.1320 | Tempo: 19.78s
2025-10-09 18:06:11,929 [INFO] Época 12/30, Batch 50/3348, Loss: 0.0520
2025-10-09 18:06:12,211 [INFO] Época 12/30, Batch 100/3348, Loss: 0.1211
2025-10-09 18:06:12,495 [INFO] Época 12/30, Batch 150/3348, Loss: 0.0679
2025-10-09 18:06:12,773 [INFO] Época 12/30, Batch 200/3348, Loss: 0.0589
2025-10-09 18:06:13,049 [INFO] Época 12/30, Batch 250/3348, Loss: 0.0789
2025-10-09 18:06:13,316 [INFO] Época 12/30, Batch 300/3348, Loss: 0.0692
2025-10-09 18:06:13,583 [INFO] Época 12/30, Batch 350/3348, Loss: 0.0668
2025-10-09 18:06:13,846 [INFO] Época 12/30, Batch 400/3348, Loss: 0.0768
2025-10-09 18:06:14,112 [INFO] Época 12/30, Batch 450/3348, Loss: 0.0594
2025-10-09 18:06:14,379 [INFO] Época 12/30, Batch 500/3348, Loss: 0.1149
2025-10-09 18:06:14,644 [INFO] Época 12/30, Batch 550/3348, Loss: 0.0745
2025-10-09 18:06:14,916 [INFO] Época 12/30, Batch 600/3348, Loss: 0.0708
2025-10-09 18:06:15,181 [INFO] Época 12/30, Batch 650/3348, Loss: 0.0550
2025-10-09 18:06:15,440 [INFO] Época 12/30, Batch 700/3348, Loss: 0.0944
2025-10-09 18:06:15,697 [INFO] Época 12/30, Batch 750/3348, Loss: 0.0572
2025-10-09 18:06:15,953 [INFO] Época 12/30, Batch 800/3348, Loss: 0.0649
2025-10-09 18:06:16,217 [INFO] Época 12/30, Batch 850/3348, Loss: 0.0533
2025-10-09 18:06:16,479 [INFO] Época 12/30, Batch 900/3348, Loss: 0.0612
2025-10-09 18:06:16,741 [INFO] Época 12/30, Batch 950/3348, Loss: 0.0649
2025-10-09 18:06:17,004 [INFO] Época 12/30, Batch 1000/3348, Loss: 0.0832
2025-10-09 18:06:17,267 [INFO] Época 12/30, Batch 1050/3348, Loss: 0.0451
2025-10-09 18:06:17,529 [INFO] Época 12/30, Batch 1100/3348, Loss: 0.0694
2025-10-09 18:06:17,798 [INFO] Época 12/30, Batch 1150/3348, Loss: 0.0399
2025-10-09 18:06:18,071 [INFO] Época 12/30, Batch 1200/3348, Loss: 0.0639
2025-10-09 18:06:18,343 [INFO] Época 12/30, Batch 1250/3348, Loss: 0.0783
2025-10-09 18:06:18,608 [INFO] Época 12/30, Batch 1300/3348, Loss: 0.0855
2025-10-09 18:06:18,871 [INFO] Época 12/30, Batch 1350/3348, Loss: 0.0647
2025-10-09 18:06:19,136 [INFO] Época 12/30, Batch 1400/3348, Loss: 0.0848
2025-10-09 18:06:19,401 [INFO] Época 12/30, Batch 1450/3348, Loss: 0.0785
2025-10-09 18:06:19,669 [INFO] Época 12/30, Batch 1500/3348, Loss: 0.0710
2025-10-09 18:06:19,942 [INFO] Época 12/30, Batch 1550/3348, Loss: 0.0611
2025-10-09 18:06:20,212 [INFO] Época 12/30, Batch 1600/3348, Loss: 0.0859
2025-10-09 18:06:20,477 [INFO] Época 12/30, Batch 1650/3348, Loss: 0.0836
2025-10-09 18:06:20,743 [INFO] Época 12/30, Batch 1700/3348, Loss: 0.0544
2025-10-09 18:06:21,008 [INFO] Época 12/30, Batch 1750/3348, Loss: 0.0699
2025-10-09 18:06:21,271 [INFO] Época 12/30, Batch 1800/3348, Loss: 0.0732
2025-10-09 18:06:21,537 [INFO] Época 12/30, Batch 1850/3348, Loss: 0.0445
2025-10-09 18:06:21,801 [INFO] Época 12/30, Batch 1900/3348, Loss: 0.0758
2025-10-09 18:06:22,064 [INFO] Época 12/30, Batch 1950/3348, Loss: 0.0654
2025-10-09 18:06:22,328 [INFO] Época 12/30, Batch 2000/3348, Loss: 0.0622
2025-10-09 18:06:22,591 [INFO] Época 12/30, Batch 2050/3348, Loss: 0.0594
2025-10-09 18:06:22,856 [INFO] Época 12/30, Batch 2100/3348, Loss: 0.0549
2025-10-09 18:06:23,119 [INFO] Época 12/30, Batch 2150/3348, Loss: 0.0650
2025-10-09 18:06:23,382 [INFO] Época 12/30, Batch 2200/3348, Loss: 0.0635
2025-10-09 18:06:23,645 [INFO] Época 12/30, Batch 2250/3348, Loss: 0.0698
2025-10-09 18:06:23,910 [INFO] Época 12/30, Batch 2300/3348, Loss: 0.0719
2025-10-09 18:06:24,173 [INFO] Época 12/30, Batch 2350/3348, Loss: 0.1226
2025-10-09 18:06:24,438 [INFO] Época 12/30, Batch 2400/3348, Loss: 0.0630
2025-10-09 18:06:24,707 [INFO] Época 12/30, Batch 2450/3348, Loss: 0.0614
2025-10-09 18:06:24,974 [INFO] Época 12/30, Batch 2500/3348, Loss: 0.0578
2025-10-09 18:06:25,239 [INFO] Época 12/30, Batch 2550/3348, Loss: 0.0648
2025-10-09 18:06:25,510 [INFO] Época 12/30, Batch 2600/3348, Loss: 0.0951
2025-10-09 18:06:25,781 [INFO] Época 12/30, Batch 2650/3348, Loss: 0.0535
2025-10-09 18:06:26,055 [INFO] Época 12/30, Batch 2700/3348, Loss: 0.0522
2025-10-09 18:06:26,331 [INFO] Época 12/30, Batch 2750/3348, Loss: 0.0567
2025-10-09 18:06:26,604 [INFO] Época 12/30, Batch 2800/3348, Loss: 0.0529
2025-10-09 18:06:26,871 [INFO] Época 12/30, Batch 2850/3348, Loss: 0.0739
2025-10-09 18:06:27,141 [INFO] Época 12/30, Batch 2900/3348, Loss: 0.0802
2025-10-09 18:06:27,406 [INFO] Época 12/30, Batch 2950/3348, Loss: 0.0748
2025-10-09 18:06:27,680 [INFO] Época 12/30, Batch 3000/3348, Loss: 0.0666
2025-10-09 18:06:27,946 [INFO] Época 12/30, Batch 3050/3348, Loss: 0.0802
2025-10-09 18:06:28,211 [INFO] Época 12/30, Batch 3100/3348, Loss: 0.0748
2025-10-09 18:06:28,478 [INFO] Época 12/30, Batch 3150/3348, Loss: 0.0823
2025-10-09 18:06:28,742 [INFO] Época 12/30, Batch 3200/3348, Loss: 0.0685
2025-10-09 18:06:29,004 [INFO] Época 12/30, Batch 3250/3348, Loss: 0.0385
2025-10-09 18:06:29,268 [INFO] Época 12/30, Batch 3300/3348, Loss: 0.0517
2025-10-09 18:06:31,126 [INFO] [12/30] Train Loss: 0.0742 | Val Loss: 0.1329 | Tempo: 19.81s
2025-10-09 18:06:31,727 [INFO] Época 13/30, Batch 50/3348, Loss: 0.0554
2025-10-09 18:06:32,008 [INFO] Época 13/30, Batch 100/3348, Loss: 0.0471
2025-10-09 18:06:32,280 [INFO] Época 13/30, Batch 150/3348, Loss: 0.0405
2025-10-09 18:06:32,550 [INFO] Época 13/30, Batch 200/3348, Loss: 0.0841
2025-10-09 18:06:32,823 [INFO] Época 13/30, Batch 250/3348, Loss: 0.0715
2025-10-09 18:06:33,090 [INFO] Época 13/30, Batch 300/3348, Loss: 0.0489
2025-10-09 18:06:33,359 [INFO] Época 13/30, Batch 350/3348, Loss: 0.0647
2025-10-09 18:06:33,628 [INFO] Época 13/30, Batch 400/3348, Loss: 0.0750
2025-10-09 18:06:33,897 [INFO] Época 13/30, Batch 450/3348, Loss: 0.0507
2025-10-09 18:06:34,167 [INFO] Época 13/30, Batch 500/3348, Loss: 0.0762
2025-10-09 18:06:34,436 [INFO] Época 13/30, Batch 550/3348, Loss: 0.0738
2025-10-09 18:06:34,709 [INFO] Época 13/30, Batch 600/3348, Loss: 0.0701
2025-10-09 18:06:34,978 [INFO] Época 13/30, Batch 650/3348, Loss: 0.0671
2025-10-09 18:06:35,234 [INFO] Época 13/30, Batch 700/3348, Loss: 0.0783
2025-10-09 18:06:35,486 [INFO] Época 13/30, Batch 750/3348, Loss: 0.0504
2025-10-09 18:06:35,741 [INFO] Época 13/30, Batch 800/3348, Loss: 0.0470
2025-10-09 18:06:35,995 [INFO] Época 13/30, Batch 850/3348, Loss: 0.0779
2025-10-09 18:06:36,260 [INFO] Época 13/30, Batch 900/3348, Loss: 0.0617
2025-10-09 18:06:36,525 [INFO] Época 13/30, Batch 950/3348, Loss: 0.0653
2025-10-09 18:06:36,786 [INFO] Época 13/30, Batch 1000/3348, Loss: 0.0514
2025-10-09 18:06:37,049 [INFO] Época 13/30, Batch 1050/3348, Loss: 0.1008
2025-10-09 18:06:37,324 [INFO] Época 13/30, Batch 1100/3348, Loss: 0.0548
2025-10-09 18:06:37,601 [INFO] Época 13/30, Batch 1150/3348, Loss: 0.0895
2025-10-09 18:06:37,880 [INFO] Época 13/30, Batch 1200/3348, Loss: 0.0541
2025-10-09 18:06:38,158 [INFO] Época 13/30, Batch 1250/3348, Loss: 0.0749
2025-10-09 18:06:38,432 [INFO] Época 13/30, Batch 1300/3348, Loss: 0.0761
2025-10-09 18:06:38,703 [INFO] Época 13/30, Batch 1350/3348, Loss: 0.0523
2025-10-09 18:06:38,970 [INFO] Época 13/30, Batch 1400/3348, Loss: 0.0793
2025-10-09 18:06:39,236 [INFO] Época 13/30, Batch 1450/3348, Loss: 0.0659
2025-10-09 18:06:39,502 [INFO] Época 13/30, Batch 1500/3348, Loss: 0.0533
2025-10-09 18:06:39,771 [INFO] Época 13/30, Batch 1550/3348, Loss: 0.0702
2025-10-09 18:06:40,045 [INFO] Época 13/30, Batch 1600/3348, Loss: 0.0654
2025-10-09 18:06:40,315 [INFO] Época 13/30, Batch 1650/3348, Loss: 0.0911
2025-10-09 18:06:40,587 [INFO] Época 13/30, Batch 1700/3348, Loss: 0.0664
2025-10-09 18:06:40,859 [INFO] Época 13/30, Batch 1750/3348, Loss: 0.0792
2025-10-09 18:06:41,133 [INFO] Época 13/30, Batch 1800/3348, Loss: 0.0704
2025-10-09 18:06:41,405 [INFO] Época 13/30, Batch 1850/3348, Loss: 0.0710
2025-10-09 18:06:41,676 [INFO] Época 13/30, Batch 1900/3348, Loss: 0.0623
2025-10-09 18:06:41,941 [INFO] Época 13/30, Batch 1950/3348, Loss: 0.0691
2025-10-09 18:06:42,207 [INFO] Época 13/30, Batch 2000/3348, Loss: 0.0590
2025-10-09 18:06:42,473 [INFO] Época 13/30, Batch 2050/3348, Loss: 0.0663
2025-10-09 18:06:42,737 [INFO] Época 13/30, Batch 2100/3348, Loss: 0.0866
2025-10-09 18:06:42,999 [INFO] Época 13/30, Batch 2150/3348, Loss: 0.0741
2025-10-09 18:06:43,263 [INFO] Época 13/30, Batch 2200/3348, Loss: 0.0687
2025-10-09 18:06:43,526 [INFO] Época 13/30, Batch 2250/3348, Loss: 0.0649
2025-10-09 18:06:43,794 [INFO] Época 13/30, Batch 2300/3348, Loss: 0.0782
2025-10-09 18:06:44,060 [INFO] Época 13/30, Batch 2350/3348, Loss: 0.0602
2025-10-09 18:06:44,325 [INFO] Época 13/30, Batch 2400/3348, Loss: 0.0633
2025-10-09 18:06:44,593 [INFO] Época 13/30, Batch 2450/3348, Loss: 0.0720
2025-10-09 18:06:44,866 [INFO] Época 13/30, Batch 2500/3348, Loss: 0.0723
2025-10-09 18:06:45,140 [INFO] Época 13/30, Batch 2550/3348, Loss: 0.0663
2025-10-09 18:06:45,412 [INFO] Época 13/30, Batch 2600/3348, Loss: 0.0570
2025-10-09 18:06:45,680 [INFO] Época 13/30, Batch 2650/3348, Loss: 0.0587
2025-10-09 18:06:45,951 [INFO] Época 13/30, Batch 2700/3348, Loss: 0.0416
2025-10-09 18:06:46,222 [INFO] Época 13/30, Batch 2750/3348, Loss: 0.0600
2025-10-09 18:06:46,493 [INFO] Época 13/30, Batch 2800/3348, Loss: 0.0593
2025-10-09 18:06:46,764 [INFO] Época 13/30, Batch 2850/3348, Loss: 0.0744
2025-10-09 18:06:47,036 [INFO] Época 13/30, Batch 2900/3348, Loss: 0.0524
2025-10-09 18:06:47,306 [INFO] Época 13/30, Batch 2950/3348, Loss: 0.0611
2025-10-09 18:06:47,569 [INFO] Época 13/30, Batch 3000/3348, Loss: 0.0597
2025-10-09 18:06:47,831 [INFO] Época 13/30, Batch 3050/3348, Loss: 0.0868
2025-10-09 18:06:48,099 [INFO] Época 13/30, Batch 3100/3348, Loss: 0.0907
2025-10-09 18:06:48,371 [INFO] Época 13/30, Batch 3150/3348, Loss: 0.0597
2025-10-09 18:06:48,641 [INFO] Época 13/30, Batch 3200/3348, Loss: 0.0535
2025-10-09 18:06:48,907 [INFO] Época 13/30, Batch 3250/3348, Loss: 0.0574
2025-10-09 18:06:49,176 [INFO] Época 13/30, Batch 3300/3348, Loss: 0.0585
2025-10-09 18:06:51,076 [INFO] [13/30] Train Loss: 0.0726 | Val Loss: 0.1358 | Tempo: 19.95s
2025-10-09 18:06:51,662 [INFO] Época 14/30, Batch 50/3348, Loss: 0.0962
2025-10-09 18:06:51,940 [INFO] Época 14/30, Batch 100/3348, Loss: 0.0591
2025-10-09 18:06:52,217 [INFO] Época 14/30, Batch 150/3348, Loss: 0.0654
2025-10-09 18:06:52,491 [INFO] Época 14/30, Batch 200/3348, Loss: 0.0599
2025-10-09 18:06:52,772 [INFO] Época 14/30, Batch 250/3348, Loss: 0.0588
2025-10-09 18:06:53,046 [INFO] Época 14/30, Batch 300/3348, Loss: 0.0614
2025-10-09 18:06:53,318 [INFO] Época 14/30, Batch 350/3348, Loss: 0.0533
2025-10-09 18:06:53,586 [INFO] Época 14/30, Batch 400/3348, Loss: 0.0654
2025-10-09 18:06:53,854 [INFO] Época 14/30, Batch 450/3348, Loss: 0.0595
2025-10-09 18:06:54,120 [INFO] Época 14/30, Batch 500/3348, Loss: 0.0524
2025-10-09 18:06:54,386 [INFO] Época 14/30, Batch 550/3348, Loss: 0.0556
2025-10-09 18:06:54,651 [INFO] Época 14/30, Batch 600/3348, Loss: 0.0715
2025-10-09 18:06:54,912 [INFO] Época 14/30, Batch 650/3348, Loss: 0.0592
2025-10-09 18:06:55,186 [INFO] Época 14/30, Batch 700/3348, Loss: 0.0663
2025-10-09 18:06:55,464 [INFO] Época 14/30, Batch 750/3348, Loss: 0.0559
2025-10-09 18:06:55,745 [INFO] Época 14/30, Batch 800/3348, Loss: 0.0846
2025-10-09 18:06:56,025 [INFO] Época 14/30, Batch 850/3348, Loss: 0.0618
2025-10-09 18:06:56,310 [INFO] Época 14/30, Batch 900/3348, Loss: 0.0505
2025-10-09 18:06:56,598 [INFO] Época 14/30, Batch 950/3348, Loss: 0.0604
2025-10-09 18:06:56,888 [INFO] Época 14/30, Batch 1000/3348, Loss: 0.0770
2025-10-09 18:06:57,178 [INFO] Época 14/30, Batch 1050/3348, Loss: 0.0814
2025-10-09 18:06:57,467 [INFO] Época 14/30, Batch 1100/3348, Loss: 0.0565
2025-10-09 18:06:57,754 [INFO] Época 14/30, Batch 1150/3348, Loss: 0.0815
2025-10-09 18:06:58,042 [INFO] Época 14/30, Batch 1200/3348, Loss: 0.0886
2025-10-09 18:06:58,315 [INFO] Época 14/30, Batch 1250/3348, Loss: 0.0652
2025-10-09 18:06:58,600 [INFO] Época 14/30, Batch 1300/3348, Loss: 0.0654
2025-10-09 18:06:58,888 [INFO] Época 14/30, Batch 1350/3348, Loss: 0.0695
2025-10-09 18:06:59,173 [INFO] Época 14/30, Batch 1400/3348, Loss: 0.0774
2025-10-09 18:06:59,461 [INFO] Época 14/30, Batch 1450/3348, Loss: 0.0547
2025-10-09 18:06:59,748 [INFO] Época 14/30, Batch 1500/3348, Loss: 0.0583
2025-10-09 18:07:00,024 [INFO] Época 14/30, Batch 1550/3348, Loss: 0.0724
2025-10-09 18:07:00,311 [INFO] Época 14/30, Batch 1600/3348, Loss: 0.0451
2025-10-09 18:07:00,598 [INFO] Época 14/30, Batch 1650/3348, Loss: 0.0459
2025-10-09 18:07:00,877 [INFO] Época 14/30, Batch 1700/3348, Loss: 0.0586
2025-10-09 18:07:01,153 [INFO] Época 14/30, Batch 1750/3348, Loss: 0.0630
2025-10-09 18:07:01,427 [INFO] Época 14/30, Batch 1800/3348, Loss: 0.0724
2025-10-09 18:07:01,701 [INFO] Época 14/30, Batch 1850/3348, Loss: 0.0351
2025-10-09 18:07:01,966 [INFO] Época 14/30, Batch 1900/3348, Loss: 0.0695
2025-10-09 18:07:02,230 [INFO] Época 14/30, Batch 1950/3348, Loss: 0.0857
2025-10-09 18:07:02,497 [INFO] Época 14/30, Batch 2000/3348, Loss: 0.0471
2025-10-09 18:07:02,772 [INFO] Época 14/30, Batch 2050/3348, Loss: 0.0818
2025-10-09 18:07:03,040 [INFO] Época 14/30, Batch 2100/3348, Loss: 0.0541
2025-10-09 18:07:03,307 [INFO] Época 14/30, Batch 2150/3348, Loss: 0.0596
2025-10-09 18:07:03,588 [INFO] Época 14/30, Batch 2200/3348, Loss: 0.0676
2025-10-09 18:07:03,878 [INFO] Época 14/30, Batch 2250/3348, Loss: 0.0722
2025-10-09 18:07:04,163 [INFO] Época 14/30, Batch 2300/3348, Loss: 0.0775
2025-10-09 18:07:04,440 [INFO] Época 14/30, Batch 2350/3348, Loss: 0.0549
2025-10-09 18:07:04,714 [INFO] Época 14/30, Batch 2400/3348, Loss: 0.0665
2025-10-09 18:07:04,982 [INFO] Época 14/30, Batch 2450/3348, Loss: 0.0658
2025-10-09 18:07:05,248 [INFO] Época 14/30, Batch 2500/3348, Loss: 0.0423
2025-10-09 18:07:05,513 [INFO] Época 14/30, Batch 2550/3348, Loss: 0.2114
2025-10-09 18:07:05,798 [INFO] Época 14/30, Batch 2600/3348, Loss: 0.0601
2025-10-09 18:07:06,083 [INFO] Época 14/30, Batch 2650/3348, Loss: 0.0451
2025-10-09 18:07:06,373 [INFO] Época 14/30, Batch 2700/3348, Loss: 0.0771
2025-10-09 18:07:06,658 [INFO] Época 14/30, Batch 2750/3348, Loss: 0.0576
2025-10-09 18:07:06,948 [INFO] Época 14/30, Batch 2800/3348, Loss: 0.0622
2025-10-09 18:07:07,231 [INFO] Época 14/30, Batch 2850/3348, Loss: 0.0694
2025-10-09 18:07:07,500 [INFO] Época 14/30, Batch 2900/3348, Loss: 0.0901
2025-10-09 18:07:07,780 [INFO] Época 14/30, Batch 2950/3348, Loss: 0.0706
2025-10-09 18:07:08,041 [INFO] Época 14/30, Batch 3000/3348, Loss: 0.0809
2025-10-09 18:07:08,301 [INFO] Época 14/30, Batch 3050/3348, Loss: 0.0969
2025-10-09 18:07:08,562 [INFO] Época 14/30, Batch 3100/3348, Loss: 0.0773
2025-10-09 18:07:08,833 [INFO] Época 14/30, Batch 3150/3348, Loss: 0.0524
2025-10-09 18:07:09,103 [INFO] Época 14/30, Batch 3200/3348, Loss: 0.0654
2025-10-09 18:07:09,373 [INFO] Época 14/30, Batch 3250/3348, Loss: 0.0661
2025-10-09 18:07:09,644 [INFO] Época 14/30, Batch 3300/3348, Loss: 0.0601
2025-10-09 18:07:11,518 [INFO] [14/30] Train Loss: 0.0713 | Val Loss: 0.1251 | Tempo: 20.44s
2025-10-09 18:07:11,523 [INFO] Melhor modelo salvo em: /mnt/hdd/home/jdurao/ToolBox-ChemXAI/models/mlp_qm9_Avalon_att1_large.pth
2025-10-09 18:07:12,113 [INFO] Época 15/30, Batch 50/3348, Loss: 0.0579
2025-10-09 18:07:12,392 [INFO] Época 15/30, Batch 100/3348, Loss: 0.0682
2025-10-09 18:07:12,667 [INFO] Época 15/30, Batch 150/3348, Loss: 0.0591
2025-10-09 18:07:12,938 [INFO] Época 15/30, Batch 200/3348, Loss: 0.0664
2025-10-09 18:07:13,207 [INFO] Época 15/30, Batch 250/3348, Loss: 0.0691
2025-10-09 18:07:13,474 [INFO] Época 15/30, Batch 300/3348, Loss: 0.0549
2025-10-09 18:07:13,748 [INFO] Época 15/30, Batch 350/3348, Loss: 0.0543
2025-10-09 18:07:14,015 [INFO] Época 15/30, Batch 400/3348, Loss: 0.0587
2025-10-09 18:07:14,284 [INFO] Época 15/30, Batch 450/3348, Loss: 0.0538
2025-10-09 18:07:14,555 [INFO] Época 15/30, Batch 500/3348, Loss: 0.0697
2025-10-09 18:07:14,824 [INFO] Época 15/30, Batch 550/3348, Loss: 0.0661
2025-10-09 18:07:15,100 [INFO] Época 15/30, Batch 600/3348, Loss: 0.0619
2025-10-09 18:07:15,370 [INFO] Época 15/30, Batch 650/3348, Loss: 0.0409
2025-10-09 18:07:15,626 [INFO] Época 15/30, Batch 700/3348, Loss: 0.0539
2025-10-09 18:07:15,893 [INFO] Época 15/30, Batch 750/3348, Loss: 0.0708
2025-10-09 18:07:16,161 [INFO] Época 15/30, Batch 800/3348, Loss: 0.0585
2025-10-09 18:07:16,425 [INFO] Época 15/30, Batch 850/3348, Loss: 0.0676
2025-10-09 18:07:16,687 [INFO] Época 15/30, Batch 900/3348, Loss: 0.0545
2025-10-09 18:07:16,947 [INFO] Época 15/30, Batch 950/3348, Loss: 0.0782
2025-10-09 18:07:17,206 [INFO] Época 15/30, Batch 1000/3348, Loss: 0.0711
2025-10-09 18:07:17,474 [INFO] Época 15/30, Batch 1050/3348, Loss: 0.0609
2025-10-09 18:07:17,740 [INFO] Época 15/30, Batch 1100/3348, Loss: 0.0679
2025-10-09 18:07:18,004 [INFO] Época 15/30, Batch 1150/3348, Loss: 0.0540
2025-10-09 18:07:18,268 [INFO] Época 15/30, Batch 1200/3348, Loss: 0.0402
2025-10-09 18:07:18,530 [INFO] Época 15/30, Batch 1250/3348, Loss: 0.0615
2025-10-09 18:07:18,793 [INFO] Época 15/30, Batch 1300/3348, Loss: 0.0715
2025-10-09 18:07:19,053 [INFO] Época 15/30, Batch 1350/3348, Loss: 0.0646
2025-10-09 18:07:19,314 [INFO] Época 15/30, Batch 1400/3348, Loss: 0.0453
2025-10-09 18:07:19,578 [INFO] Época 15/30, Batch 1450/3348, Loss: 0.0623
2025-10-09 18:07:19,840 [INFO] Época 15/30, Batch 1500/3348, Loss: 0.0548
2025-10-09 18:07:20,100 [INFO] Época 15/30, Batch 1550/3348, Loss: 0.0528
2025-10-09 18:07:20,362 [INFO] Época 15/30, Batch 1600/3348, Loss: 0.0794
2025-10-09 18:07:20,625 [INFO] Época 15/30, Batch 1650/3348, Loss: 0.0797
2025-10-09 18:07:20,889 [INFO] Época 15/30, Batch 1700/3348, Loss: 0.0566
2025-10-09 18:07:21,154 [INFO] Época 15/30, Batch 1750/3348, Loss: 0.0882
2025-10-09 18:07:21,418 [INFO] Época 15/30, Batch 1800/3348, Loss: 0.0576
2025-10-09 18:07:21,685 [INFO] Época 15/30, Batch 1850/3348, Loss: 0.1090
2025-10-09 18:07:21,951 [INFO] Época 15/30, Batch 1900/3348, Loss: 0.0509
2025-10-09 18:07:22,217 [INFO] Época 15/30, Batch 1950/3348, Loss: 0.0536
2025-10-09 18:07:22,483 [INFO] Época 15/30, Batch 2000/3348, Loss: 0.0804
2025-10-09 18:07:22,748 [INFO] Época 15/30, Batch 2050/3348, Loss: 0.0525
2025-10-09 18:07:23,019 [INFO] Época 15/30, Batch 2100/3348, Loss: 0.0732
2025-10-09 18:07:23,288 [INFO] Época 15/30, Batch 2150/3348, Loss: 0.0693
2025-10-09 18:07:23,557 [INFO] Época 15/30, Batch 2200/3348, Loss: 0.0671
2025-10-09 18:07:23,827 [INFO] Época 15/30, Batch 2250/3348, Loss: 0.0645
2025-10-09 18:07:24,097 [INFO] Época 15/30, Batch 2300/3348, Loss: 0.0472
2025-10-09 18:07:24,363 [INFO] Época 15/30, Batch 2350/3348, Loss: 0.0737
2025-10-09 18:07:24,635 [INFO] Época 15/30, Batch 2400/3348, Loss: 0.0578
2025-10-09 18:07:24,904 [INFO] Época 15/30, Batch 2450/3348, Loss: 0.0628
2025-10-09 18:07:25,178 [INFO] Época 15/30, Batch 2500/3348, Loss: 0.0671
2025-10-09 18:07:25,454 [INFO] Época 15/30, Batch 2550/3348, Loss: 0.0487
2025-10-09 18:07:25,722 [INFO] Época 15/30, Batch 2600/3348, Loss: 0.0567
2025-10-09 18:07:25,987 [INFO] Época 15/30, Batch 2650/3348, Loss: 0.0656
2025-10-09 18:07:26,248 [INFO] Época 15/30, Batch 2700/3348, Loss: 0.0571
2025-10-09 18:07:26,510 [INFO] Época 15/30, Batch 2750/3348, Loss: 0.0603
2025-10-09 18:07:26,770 [INFO] Época 15/30, Batch 2800/3348, Loss: 0.0674
2025-10-09 18:07:27,031 [INFO] Época 15/30, Batch 2850/3348, Loss: 0.0732
2025-10-09 18:07:27,290 [INFO] Época 15/30, Batch 2900/3348, Loss: 0.0505
2025-10-09 18:07:27,548 [INFO] Época 15/30, Batch 2950/3348, Loss: 0.0937
2025-10-09 18:07:27,808 [INFO] Época 15/30, Batch 3000/3348, Loss: 0.0788
2025-10-09 18:07:28,067 [INFO] Época 15/30, Batch 3050/3348, Loss: 0.0765
2025-10-09 18:07:28,328 [INFO] Época 15/30, Batch 3100/3348, Loss: 0.0609
2025-10-09 18:07:28,595 [INFO] Época 15/30, Batch 3150/3348, Loss: 0.0586
2025-10-09 18:07:28,853 [INFO] Época 15/30, Batch 3200/3348, Loss: 0.0567
2025-10-09 18:07:29,116 [INFO] Época 15/30, Batch 3250/3348, Loss: 0.0585
2025-10-09 18:07:29,383 [INFO] Época 15/30, Batch 3300/3348, Loss: 0.0763
2025-10-09 18:07:31,271 [INFO] [15/30] Train Loss: 0.0700 | Val Loss: 0.1413 | Tempo: 19.75s
2025-10-09 18:07:31,876 [INFO] Época 16/30, Batch 50/3348, Loss: 0.0873
2025-10-09 18:07:32,153 [INFO] Época 16/30, Batch 100/3348, Loss: 0.0741
2025-10-09 18:07:32,427 [INFO] Época 16/30, Batch 150/3348, Loss: 0.0668
2025-10-09 18:07:32,700 [INFO] Época 16/30, Batch 200/3348, Loss: 0.0623
2025-10-09 18:07:32,969 [INFO] Época 16/30, Batch 250/3348, Loss: 0.0431
2025-10-09 18:07:33,238 [INFO] Época 16/30, Batch 300/3348, Loss: 0.0551
2025-10-09 18:07:33,507 [INFO] Época 16/30, Batch 350/3348, Loss: 0.0743
2025-10-09 18:07:33,772 [INFO] Época 16/30, Batch 400/3348, Loss: 0.0636
2025-10-09 18:07:34,047 [INFO] Época 16/30, Batch 450/3348, Loss: 0.0609
2025-10-09 18:07:34,317 [INFO] Época 16/30, Batch 500/3348, Loss: 0.0531
2025-10-09 18:07:34,588 [INFO] Época 16/30, Batch 550/3348, Loss: 0.0502
2025-10-09 18:07:34,852 [INFO] Época 16/30, Batch 600/3348, Loss: 0.0547
2025-10-09 18:07:35,115 [INFO] Época 16/30, Batch 650/3348, Loss: 0.0414
2025-10-09 18:07:35,380 [INFO] Época 16/30, Batch 700/3348, Loss: 0.0675
2025-10-09 18:07:35,645 [INFO] Época 16/30, Batch 750/3348, Loss: 0.0638
2025-10-09 18:07:35,909 [INFO] Época 16/30, Batch 800/3348, Loss: 0.0679
2025-10-09 18:07:36,172 [INFO] Época 16/30, Batch 850/3348, Loss: 0.0611
2025-10-09 18:07:36,436 [INFO] Época 16/30, Batch 900/3348, Loss: 0.0793
2025-10-09 18:07:36,701 [INFO] Época 16/30, Batch 950/3348, Loss: 0.0614
2025-10-09 18:07:36,966 [INFO] Época 16/30, Batch 1000/3348, Loss: 0.0624
2025-10-09 18:07:37,229 [INFO] Época 16/30, Batch 1050/3348, Loss: 0.0581
2025-10-09 18:07:37,491 [INFO] Época 16/30, Batch 1100/3348, Loss: 0.0624
2025-10-09 18:07:37,752 [INFO] Época 16/30, Batch 1150/3348, Loss: 0.0593
2025-10-09 18:07:38,014 [INFO] Época 16/30, Batch 1200/3348, Loss: 0.0546
2025-10-09 18:07:38,274 [INFO] Época 16/30, Batch 1250/3348, Loss: 0.0625
2025-10-09 18:07:38,536 [INFO] Época 16/30, Batch 1300/3348, Loss: 0.0685
2025-10-09 18:07:38,806 [INFO] Época 16/30, Batch 1350/3348, Loss: 0.0593
2025-10-09 18:07:39,079 [INFO] Época 16/30, Batch 1400/3348, Loss: 0.0846
2025-10-09 18:07:39,349 [INFO] Época 16/30, Batch 1450/3348, Loss: 0.0443
2025-10-09 18:07:39,616 [INFO] Época 16/30, Batch 1500/3348, Loss: 0.0823
2025-10-09 18:07:39,879 [INFO] Época 16/30, Batch 1550/3348, Loss: 0.0582
2025-10-09 18:07:40,142 [INFO] Época 16/30, Batch 1600/3348, Loss: 0.0338
2025-10-09 18:07:40,409 [INFO] Época 16/30, Batch 1650/3348, Loss: 0.0509
2025-10-09 18:07:40,680 [INFO] Época 16/30, Batch 1700/3348, Loss: 0.0847
2025-10-09 18:07:40,943 [INFO] Época 16/30, Batch 1750/3348, Loss: 0.0614
2025-10-09 18:07:41,205 [INFO] Época 16/30, Batch 1800/3348, Loss: 0.0603
2025-10-09 18:07:41,467 [INFO] Época 16/30, Batch 1850/3348, Loss: 0.0510
2025-10-09 18:07:41,731 [INFO] Época 16/30, Batch 1900/3348, Loss: 0.0616
2025-10-09 18:07:41,994 [INFO] Época 16/30, Batch 1950/3348, Loss: 0.1759
2025-10-09 18:07:42,256 [INFO] Época 16/30, Batch 2000/3348, Loss: 0.0622
2025-10-09 18:07:42,520 [INFO] Época 16/30, Batch 2050/3348, Loss: 0.0581
2025-10-09 18:07:42,783 [INFO] Época 16/30, Batch 2100/3348, Loss: 0.0611
2025-10-09 18:07:43,050 [INFO] Época 16/30, Batch 2150/3348, Loss: 0.0713
2025-10-09 18:07:43,318 [INFO] Época 16/30, Batch 2200/3348, Loss: 0.0651
2025-10-09 18:07:43,584 [INFO] Época 16/30, Batch 2250/3348, Loss: 0.0594
2025-10-09 18:07:43,851 [INFO] Época 16/30, Batch 2300/3348, Loss: 0.0592
2025-10-09 18:07:44,121 [INFO] Época 16/30, Batch 2350/3348, Loss: 0.0576
2025-10-09 18:07:44,394 [INFO] Época 16/30, Batch 2400/3348, Loss: 0.0583
2025-10-09 18:07:44,667 [INFO] Época 16/30, Batch 2450/3348, Loss: 0.0555
2025-10-09 18:07:44,939 [INFO] Época 16/30, Batch 2500/3348, Loss: 0.0523
2025-10-09 18:07:45,214 [INFO] Época 16/30, Batch 2550/3348, Loss: 0.0489
2025-10-09 18:07:45,491 [INFO] Época 16/30, Batch 2600/3348, Loss: 0.0650
2025-10-09 18:07:45,767 [INFO] Época 16/30, Batch 2650/3348, Loss: 0.0724
2025-10-09 18:07:46,040 [INFO] Época 16/30, Batch 2700/3348, Loss: 0.0618
2025-10-09 18:07:46,315 [INFO] Época 16/30, Batch 2750/3348, Loss: 0.0312
2025-10-09 18:07:46,588 [INFO] Época 16/30, Batch 2800/3348, Loss: 0.0546
2025-10-09 18:07:46,861 [INFO] Época 16/30, Batch 2850/3348, Loss: 0.0610
2025-10-09 18:07:47,133 [INFO] Época 16/30, Batch 2900/3348, Loss: 0.0528
2025-10-09 18:07:47,406 [INFO] Época 16/30, Batch 2950/3348, Loss: 0.0824
2025-10-09 18:07:47,678 [INFO] Época 16/30, Batch 3000/3348, Loss: 0.0610
2025-10-09 18:07:47,948 [INFO] Época 16/30, Batch 3050/3348, Loss: 0.0446
2025-10-09 18:07:48,214 [INFO] Época 16/30, Batch 3100/3348, Loss: 0.0755
2025-10-09 18:07:48,479 [INFO] Época 16/30, Batch 3150/3348, Loss: 0.0601
2025-10-09 18:07:48,747 [INFO] Época 16/30, Batch 3200/3348, Loss: 0.0579
2025-10-09 18:07:49,013 [INFO] Época 16/30, Batch 3250/3348, Loss: 0.0852
2025-10-09 18:07:49,283 [INFO] Época 16/30, Batch 3300/3348, Loss: 0.0641
2025-10-09 18:07:51,212 [INFO] [16/30] Train Loss: 0.0689 | Val Loss: 0.1404 | Tempo: 19.94s
2025-10-09 18:07:51,817 [INFO] Época 17/30, Batch 50/3348, Loss: 0.0382
2025-10-09 18:07:52,087 [INFO] Época 17/30, Batch 100/3348, Loss: 0.0818
2025-10-09 18:07:52,356 [INFO] Época 17/30, Batch 150/3348, Loss: 0.0551
2025-10-09 18:07:52,622 [INFO] Época 17/30, Batch 200/3348, Loss: 0.0440
2025-10-09 18:07:52,888 [INFO] Época 17/30, Batch 250/3348, Loss: 0.0558
2025-10-09 18:07:53,156 [INFO] Época 17/30, Batch 300/3348, Loss: 0.0489
2025-10-09 18:07:53,424 [INFO] Época 17/30, Batch 350/3348, Loss: 0.0713
2025-10-09 18:07:53,692 [INFO] Época 17/30, Batch 400/3348, Loss: 0.0619
2025-10-09 18:07:53,959 [INFO] Época 17/30, Batch 450/3348, Loss: 0.0578
2025-10-09 18:07:54,227 [INFO] Época 17/30, Batch 500/3348, Loss: 0.0788
2025-10-09 18:07:54,494 [INFO] Época 17/30, Batch 550/3348, Loss: 0.0671
2025-10-09 18:07:54,757 [INFO] Época 17/30, Batch 600/3348, Loss: 0.0708
2025-10-09 18:07:55,020 [INFO] Época 17/30, Batch 650/3348, Loss: 0.0535
2025-10-09 18:07:55,280 [INFO] Época 17/30, Batch 700/3348, Loss: 0.0719
2025-10-09 18:07:55,553 [INFO] Época 17/30, Batch 750/3348, Loss: 0.0556
2025-10-09 18:07:55,827 [INFO] Época 17/30, Batch 800/3348, Loss: 0.0452
2025-10-09 18:07:56,101 [INFO] Época 17/30, Batch 850/3348, Loss: 0.0383
2025-10-09 18:07:56,364 [INFO] Época 17/30, Batch 900/3348, Loss: 0.0493
2025-10-09 18:07:56,633 [INFO] Época 17/30, Batch 950/3348, Loss: 0.0527
2025-10-09 18:07:56,908 [INFO] Época 17/30, Batch 1000/3348, Loss: 0.0498
2025-10-09 18:07:57,164 [INFO] Época 17/30, Batch 1050/3348, Loss: 0.0490
2025-10-09 18:07:57,418 [INFO] Época 17/30, Batch 1100/3348, Loss: 0.0840
2025-10-09 18:07:57,672 [INFO] Época 17/30, Batch 1150/3348, Loss: 0.0632
2025-10-09 18:07:57,927 [INFO] Época 17/30, Batch 1200/3348, Loss: 0.0650
2025-10-09 18:07:58,182 [INFO] Época 17/30, Batch 1250/3348, Loss: 0.0461
2025-10-09 18:07:58,441 [INFO] Época 17/30, Batch 1300/3348, Loss: 0.0510
2025-10-09 18:07:58,706 [INFO] Época 17/30, Batch 1350/3348, Loss: 0.0738
2025-10-09 18:07:58,968 [INFO] Época 17/30, Batch 1400/3348, Loss: 0.0595
2025-10-09 18:07:59,228 [INFO] Época 17/30, Batch 1450/3348, Loss: 0.0748
2025-10-09 18:07:59,488 [INFO] Época 17/30, Batch 1500/3348, Loss: 0.0342
2025-10-09 18:07:59,747 [INFO] Época 17/30, Batch 1550/3348, Loss: 0.0713
2025-10-09 18:08:00,007 [INFO] Época 17/30, Batch 1600/3348, Loss: 0.0688
2025-10-09 18:08:00,268 [INFO] Época 17/30, Batch 1650/3348, Loss: 0.0765
2025-10-09 18:08:00,533 [INFO] Época 17/30, Batch 1700/3348, Loss: 0.1285
2025-10-09 18:08:00,795 [INFO] Época 17/30, Batch 1750/3348, Loss: 0.0600
2025-10-09 18:08:01,057 [INFO] Época 17/30, Batch 1800/3348, Loss: 0.0618
2025-10-09 18:08:01,322 [INFO] Época 17/30, Batch 1850/3348, Loss: 0.0659
2025-10-09 18:08:01,586 [INFO] Época 17/30, Batch 1900/3348, Loss: 0.0674
2025-10-09 18:08:01,851 [INFO] Época 17/30, Batch 1950/3348, Loss: 0.0700
2025-10-09 18:08:02,115 [INFO] Época 17/30, Batch 2000/3348, Loss: 0.0648
2025-10-09 18:08:02,377 [INFO] Época 17/30, Batch 2050/3348, Loss: 0.0794
2025-10-09 18:08:02,640 [INFO] Época 17/30, Batch 2100/3348, Loss: 0.0538
2025-10-09 18:08:02,903 [INFO] Época 17/30, Batch 2150/3348, Loss: 0.0522
2025-10-09 18:08:03,166 [INFO] Época 17/30, Batch 2200/3348, Loss: 0.0636
2025-10-09 18:08:03,430 [INFO] Época 17/30, Batch 2250/3348, Loss: 0.0671
2025-10-09 18:08:03,693 [INFO] Época 17/30, Batch 2300/3348, Loss: 0.0422
2025-10-09 18:08:03,956 [INFO] Época 17/30, Batch 2350/3348, Loss: 0.0608
2025-10-09 18:08:04,219 [INFO] Época 17/30, Batch 2400/3348, Loss: 0.0546
2025-10-09 18:08:04,483 [INFO] Época 17/30, Batch 2450/3348, Loss: 0.0740
2025-10-09 18:08:04,750 [INFO] Época 17/30, Batch 2500/3348, Loss: 0.0804
2025-10-09 18:08:05,014 [INFO] Época 17/30, Batch 2550/3348, Loss: 0.0745
2025-10-09 18:08:05,276 [INFO] Época 17/30, Batch 2600/3348, Loss: 0.0614
2025-10-09 18:08:05,539 [INFO] Época 17/30, Batch 2650/3348, Loss: 0.0652
2025-10-09 18:08:05,803 [INFO] Época 17/30, Batch 2700/3348, Loss: 0.0620
2025-10-09 18:08:06,065 [INFO] Época 17/30, Batch 2750/3348, Loss: 0.0724
2025-10-09 18:08:06,327 [INFO] Época 17/30, Batch 2800/3348, Loss: 0.0579
2025-10-09 18:08:06,589 [INFO] Época 17/30, Batch 2850/3348, Loss: 0.0463
2025-10-09 18:08:06,852 [INFO] Época 17/30, Batch 2900/3348, Loss: 0.0834
2025-10-09 18:08:07,115 [INFO] Época 17/30, Batch 2950/3348, Loss: 0.0839
2025-10-09 18:08:07,378 [INFO] Época 17/30, Batch 3000/3348, Loss: 0.0537
2025-10-09 18:08:07,641 [INFO] Época 17/30, Batch 3050/3348, Loss: 0.0619
2025-10-09 18:08:07,905 [INFO] Época 17/30, Batch 3100/3348, Loss: 0.0573
2025-10-09 18:08:08,168 [INFO] Época 17/30, Batch 3150/3348, Loss: 0.0452
2025-10-09 18:08:08,432 [INFO] Época 17/30, Batch 3200/3348, Loss: 0.0483
2025-10-09 18:08:08,695 [INFO] Época 17/30, Batch 3250/3348, Loss: 0.0731
2025-10-09 18:08:08,958 [INFO] Época 17/30, Batch 3300/3348, Loss: 0.0532
2025-10-09 18:08:10,900 [INFO] [17/30] Train Loss: 0.0678 | Val Loss: 0.1379 | Tempo: 19.69s
2025-10-09 18:08:11,500 [INFO] Época 18/30, Batch 50/3348, Loss: 0.0649
2025-10-09 18:08:11,768 [INFO] Época 18/30, Batch 100/3348, Loss: 0.0605
2025-10-09 18:08:12,033 [INFO] Época 18/30, Batch 150/3348, Loss: 0.0542
2025-10-09 18:08:12,300 [INFO] Época 18/30, Batch 200/3348, Loss: 0.0727
2025-10-09 18:08:12,563 [INFO] Época 18/30, Batch 250/3348, Loss: 0.0494
2025-10-09 18:08:12,837 [INFO] Época 18/30, Batch 300/3348, Loss: 0.0334
2025-10-09 18:08:13,105 [INFO] Época 18/30, Batch 350/3348, Loss: 0.0686
2025-10-09 18:08:13,367 [INFO] Época 18/30, Batch 400/3348, Loss: 0.0800
2025-10-09 18:08:13,628 [INFO] Época 18/30, Batch 450/3348, Loss: 0.0684
2025-10-09 18:08:13,891 [INFO] Época 18/30, Batch 500/3348, Loss: 0.0656
2025-10-09 18:08:14,151 [INFO] Época 18/30, Batch 550/3348, Loss: 0.0766
2025-10-09 18:08:14,412 [INFO] Época 18/30, Batch 600/3348, Loss: 0.0607
2025-10-09 18:08:14,673 [INFO] Época 18/30, Batch 650/3348, Loss: 0.0643
2025-10-09 18:08:14,937 [INFO] Época 18/30, Batch 700/3348, Loss: 0.0630
2025-10-09 18:08:15,200 [INFO] Época 18/30, Batch 750/3348, Loss: 0.0710
2025-10-09 18:08:15,458 [INFO] Época 18/30, Batch 800/3348, Loss: 0.0555
2025-10-09 18:08:15,710 [INFO] Época 18/30, Batch 850/3348, Loss: 0.0574
2025-10-09 18:08:15,957 [INFO] Época 18/30, Batch 900/3348, Loss: 0.6137
2025-10-09 18:08:16,221 [INFO] Época 18/30, Batch 950/3348, Loss: 0.0717
2025-10-09 18:08:16,483 [INFO] Época 18/30, Batch 1000/3348, Loss: 0.0672
2025-10-09 18:08:16,741 [INFO] Época 18/30, Batch 1050/3348, Loss: 0.1545
2025-10-09 18:08:17,000 [INFO] Época 18/30, Batch 1100/3348, Loss: 0.0759
2025-10-09 18:08:17,258 [INFO] Época 18/30, Batch 1150/3348, Loss: 0.0572
2025-10-09 18:08:17,517 [INFO] Época 18/30, Batch 1200/3348, Loss: 0.3488
2025-10-09 18:08:17,773 [INFO] Época 18/30, Batch 1250/3348, Loss: 0.0919
2025-10-09 18:08:18,032 [INFO] Época 18/30, Batch 1300/3348, Loss: 0.0798
2025-10-09 18:08:18,294 [INFO] Época 18/30, Batch 1350/3348, Loss: 0.0625
2025-10-09 18:08:18,557 [INFO] Época 18/30, Batch 1400/3348, Loss: 0.0456
2025-10-09 18:08:18,822 [INFO] Época 18/30, Batch 1450/3348, Loss: 0.0600
2025-10-09 18:08:19,087 [INFO] Época 18/30, Batch 1500/3348, Loss: 0.0761
2025-10-09 18:08:19,349 [INFO] Época 18/30, Batch 1550/3348, Loss: 0.0858
2025-10-09 18:08:19,613 [INFO] Época 18/30, Batch 1600/3348, Loss: 0.0771
2025-10-09 18:08:19,874 [INFO] Época 18/30, Batch 1650/3348, Loss: 0.0716
2025-10-09 18:08:20,135 [INFO] Época 18/30, Batch 1700/3348, Loss: 0.0578
2025-10-09 18:08:20,400 [INFO] Época 18/30, Batch 1750/3348, Loss: 0.0514
2025-10-09 18:08:20,664 [INFO] Época 18/30, Batch 1800/3348, Loss: 0.0679
2025-10-09 18:08:20,925 [INFO] Época 18/30, Batch 1850/3348, Loss: 0.0823
2025-10-09 18:08:21,185 [INFO] Época 18/30, Batch 1900/3348, Loss: 0.0528
2025-10-09 18:08:21,448 [INFO] Época 18/30, Batch 1950/3348, Loss: 0.0526
2025-10-09 18:08:21,709 [INFO] Época 18/30, Batch 2000/3348, Loss: 0.0467
2025-10-09 18:08:21,969 [INFO] Época 18/30, Batch 2050/3348, Loss: 0.0606
2025-10-09 18:08:22,226 [INFO] Época 18/30, Batch 2100/3348, Loss: 0.0580
2025-10-09 18:08:22,484 [INFO] Época 18/30, Batch 2150/3348, Loss: 0.0539
2025-10-09 18:08:22,743 [INFO] Época 18/30, Batch 2200/3348, Loss: 0.0654
2025-10-09 18:08:23,003 [INFO] Época 18/30, Batch 2250/3348, Loss: 0.0666
2025-10-09 18:08:23,267 [INFO] Época 18/30, Batch 2300/3348, Loss: 0.0549
2025-10-09 18:08:23,528 [INFO] Época 18/30, Batch 2350/3348, Loss: 0.0556
2025-10-09 18:08:23,788 [INFO] Época 18/30, Batch 2400/3348, Loss: 0.0483
2025-10-09 18:08:24,048 [INFO] Época 18/30, Batch 2450/3348, Loss: 0.0566
2025-10-09 18:08:24,311 [INFO] Época 18/30, Batch 2500/3348, Loss: 0.0686
2025-10-09 18:08:24,574 [INFO] Época 18/30, Batch 2550/3348, Loss: 0.0608
2025-10-09 18:08:24,845 [INFO] Época 18/30, Batch 2600/3348, Loss: 0.0582
2025-10-09 18:08:25,118 [INFO] Época 18/30, Batch 2650/3348, Loss: 0.0563
2025-10-09 18:08:25,385 [INFO] Época 18/30, Batch 2700/3348, Loss: 0.0654
2025-10-09 18:08:25,650 [INFO] Época 18/30, Batch 2750/3348, Loss: 0.0728
2025-10-09 18:08:25,911 [INFO] Época 18/30, Batch 2800/3348, Loss: 0.0699
2025-10-09 18:08:26,172 [INFO] Época 18/30, Batch 2850/3348, Loss: 0.0551
2025-10-09 18:08:26,435 [INFO] Época 18/30, Batch 2900/3348, Loss: 0.0766
2025-10-09 18:08:26,698 [INFO] Época 18/30, Batch 2950/3348, Loss: 0.0677
2025-10-09 18:08:26,964 [INFO] Época 18/30, Batch 3000/3348, Loss: 0.0448
2025-10-09 18:08:27,231 [INFO] Época 18/30, Batch 3050/3348, Loss: 0.0751
2025-10-09 18:08:27,497 [INFO] Época 18/30, Batch 3100/3348, Loss: 0.0653
2025-10-09 18:08:27,767 [INFO] Época 18/30, Batch 3150/3348, Loss: 0.0588
2025-10-09 18:08:28,035 [INFO] Época 18/30, Batch 3200/3348, Loss: 0.0652
2025-10-09 18:08:28,306 [INFO] Época 18/30, Batch 3250/3348, Loss: 0.0487
2025-10-09 18:08:28,572 [INFO] Época 18/30, Batch 3300/3348, Loss: 0.0597
2025-10-09 18:08:30,501 [INFO] [18/30] Train Loss: 0.0673 | Val Loss: 0.1490 | Tempo: 19.60s
2025-10-09 18:08:31,109 [INFO] Época 19/30, Batch 50/3348, Loss: 0.0545
2025-10-09 18:08:31,390 [INFO] Época 19/30, Batch 100/3348, Loss: 0.0471
2025-10-09 18:08:31,671 [INFO] Época 19/30, Batch 150/3348, Loss: 0.0477
2025-10-09 18:08:31,948 [INFO] Época 19/30, Batch 200/3348, Loss: 0.0602
2025-10-09 18:08:32,215 [INFO] Época 19/30, Batch 250/3348, Loss: 0.0537
2025-10-09 18:08:32,478 [INFO] Época 19/30, Batch 300/3348, Loss: 0.0612
2025-10-09 18:08:32,746 [INFO] Época 19/30, Batch 350/3348, Loss: 0.0562
2025-10-09 18:08:33,009 [INFO] Época 19/30, Batch 400/3348, Loss: 0.0738
2025-10-09 18:08:33,272 [INFO] Época 19/30, Batch 450/3348, Loss: 0.0694
2025-10-09 18:08:33,534 [INFO] Época 19/30, Batch 500/3348, Loss: 0.0597
2025-10-09 18:08:33,795 [INFO] Época 19/30, Batch 550/3348, Loss: 0.0628
2025-10-09 18:08:34,058 [INFO] Época 19/30, Batch 600/3348, Loss: 0.0608
2025-10-09 18:08:34,320 [INFO] Época 19/30, Batch 650/3348, Loss: 0.0653
2025-10-09 18:08:34,582 [INFO] Época 19/30, Batch 700/3348, Loss: 0.0739
2025-10-09 18:08:34,843 [INFO] Época 19/30, Batch 750/3348, Loss: 0.0588
2025-10-09 18:08:35,104 [INFO] Época 19/30, Batch 800/3348, Loss: 0.0693
2025-10-09 18:08:35,366 [INFO] Época 19/30, Batch 850/3348, Loss: 0.0664
2025-10-09 18:08:35,618 [INFO] Época 19/30, Batch 900/3348, Loss: 0.0568
2025-10-09 18:08:35,870 [INFO] Época 19/30, Batch 950/3348, Loss: 0.0612
2025-10-09 18:08:36,122 [INFO] Época 19/30, Batch 1000/3348, Loss: 0.0582
2025-10-09 18:08:36,374 [INFO] Época 19/30, Batch 1050/3348, Loss: 0.0536
2025-10-09 18:08:36,626 [INFO] Época 19/30, Batch 1100/3348, Loss: 0.0403
2025-10-09 18:08:36,878 [INFO] Época 19/30, Batch 1150/3348, Loss: 0.0894
2025-10-09 18:08:37,131 [INFO] Época 19/30, Batch 1200/3348, Loss: 0.0505
2025-10-09 18:08:37,385 [INFO] Época 19/30, Batch 1250/3348, Loss: 0.0578
2025-10-09 18:08:37,642 [INFO] Época 19/30, Batch 1300/3348, Loss: 0.0800
2025-10-09 18:08:37,906 [INFO] Época 19/30, Batch 1350/3348, Loss: 0.0581
2025-10-09 18:08:38,170 [INFO] Época 19/30, Batch 1400/3348, Loss: 0.0584
2025-10-09 18:08:38,433 [INFO] Época 19/30, Batch 1450/3348, Loss: 0.0479
2025-10-09 18:08:38,697 [INFO] Época 19/30, Batch 1500/3348, Loss: 0.0562
2025-10-09 18:08:38,961 [INFO] Época 19/30, Batch 1550/3348, Loss: 0.0550
2025-10-09 18:08:39,224 [INFO] Época 19/30, Batch 1600/3348, Loss: 0.0343
2025-10-09 18:08:39,486 [INFO] Época 19/30, Batch 1650/3348, Loss: 0.0479
2025-10-09 18:08:39,749 [INFO] Época 19/30, Batch 1700/3348, Loss: 0.0635
2025-10-09 18:08:40,014 [INFO] Época 19/30, Batch 1750/3348, Loss: 0.0559
2025-10-09 18:08:40,278 [INFO] Época 19/30, Batch 1800/3348, Loss: 0.0407
2025-10-09 18:08:40,542 [INFO] Época 19/30, Batch 1850/3348, Loss: 0.0588
2025-10-09 18:08:40,805 [INFO] Época 19/30, Batch 1900/3348, Loss: 0.0512
2025-10-09 18:08:41,070 [INFO] Época 19/30, Batch 1950/3348, Loss: 0.0601
2025-10-09 18:08:41,338 [INFO] Época 19/30, Batch 2000/3348, Loss: 0.0663
2025-10-09 18:08:41,605 [INFO] Época 19/30, Batch 2050/3348, Loss: 0.0638
2025-10-09 18:08:41,872 [INFO] Época 19/30, Batch 2100/3348, Loss: 0.0788
2025-10-09 18:08:42,140 [INFO] Época 19/30, Batch 2150/3348, Loss: 0.0574
2025-10-09 18:08:42,407 [INFO] Época 19/30, Batch 2200/3348, Loss: 0.0407
2025-10-09 18:08:42,675 [INFO] Época 19/30, Batch 2250/3348, Loss: 0.0786
2025-10-09 18:08:42,944 [INFO] Época 19/30, Batch 2300/3348, Loss: 0.0558
2025-10-09 18:08:43,210 [INFO] Época 19/30, Batch 2350/3348, Loss: 0.0677
2025-10-09 18:08:43,475 [INFO] Época 19/30, Batch 2400/3348, Loss: 0.0572
2025-10-09 18:08:43,742 [INFO] Época 19/30, Batch 2450/3348, Loss: 0.0673
2025-10-09 18:08:44,007 [INFO] Época 19/30, Batch 2500/3348, Loss: 0.0647
2025-10-09 18:08:44,272 [INFO] Época 19/30, Batch 2550/3348, Loss: 0.0691
2025-10-09 18:08:44,539 [INFO] Época 19/30, Batch 2600/3348, Loss: 0.0440
2025-10-09 18:08:44,806 [INFO] Época 19/30, Batch 2650/3348, Loss: 0.0475
2025-10-09 18:08:45,070 [INFO] Época 19/30, Batch 2700/3348, Loss: 0.0744
2025-10-09 18:08:45,336 [INFO] Época 19/30, Batch 2750/3348, Loss: 0.0493
2025-10-09 18:08:45,601 [INFO] Época 19/30, Batch 2800/3348, Loss: 0.0626
2025-10-09 18:08:45,864 [INFO] Época 19/30, Batch 2850/3348, Loss: 0.0564
2025-10-09 18:08:46,131 [INFO] Época 19/30, Batch 2900/3348, Loss: 0.0494
2025-10-09 18:08:46,401 [INFO] Época 19/30, Batch 2950/3348, Loss: 0.0584
2025-10-09 18:08:46,667 [INFO] Época 19/30, Batch 3000/3348, Loss: 0.0563
2025-10-09 18:08:46,931 [INFO] Época 19/30, Batch 3050/3348, Loss: 0.0499
2025-10-09 18:08:47,194 [INFO] Época 19/30, Batch 3100/3348, Loss: 0.0449
2025-10-09 18:08:47,456 [INFO] Época 19/30, Batch 3150/3348, Loss: 0.0723
2025-10-09 18:08:47,720 [INFO] Época 19/30, Batch 3200/3348, Loss: 0.0597
2025-10-09 18:08:47,983 [INFO] Época 19/30, Batch 3250/3348, Loss: 0.0581
2025-10-09 18:08:48,247 [INFO] Época 19/30, Batch 3300/3348, Loss: 0.0571
2025-10-09 18:08:50,050 [INFO] [19/30] Train Loss: 0.0664 | Val Loss: 0.1442 | Tempo: 19.55s
2025-10-09 18:08:50,654 [INFO] Época 20/30, Batch 50/3348, Loss: 0.0374
2025-10-09 18:08:50,925 [INFO] Época 20/30, Batch 100/3348, Loss: 0.0824
2025-10-09 18:08:51,192 [INFO] Época 20/30, Batch 150/3348, Loss: 0.0992
2025-10-09 18:08:51,454 [INFO] Época 20/30, Batch 200/3348, Loss: 0.0910
2025-10-09 18:08:51,720 [INFO] Época 20/30, Batch 250/3348, Loss: 0.0487
2025-10-09 18:08:51,983 [INFO] Época 20/30, Batch 300/3348, Loss: 0.0452
2025-10-09 18:08:52,247 [INFO] Época 20/30, Batch 350/3348, Loss: 0.0658
2025-10-09 18:08:52,507 [INFO] Época 20/30, Batch 400/3348, Loss: 0.0589
2025-10-09 18:08:52,769 [INFO] Época 20/30, Batch 450/3348, Loss: 0.0507
2025-10-09 18:08:53,031 [INFO] Época 20/30, Batch 500/3348, Loss: 0.0665
2025-10-09 18:08:53,293 [INFO] Época 20/30, Batch 550/3348, Loss: 0.0556
2025-10-09 18:08:53,555 [INFO] Época 20/30, Batch 600/3348, Loss: 0.0762
2025-10-09 18:08:53,825 [INFO] Época 20/30, Batch 650/3348, Loss: 0.0360
2025-10-09 18:08:54,093 [INFO] Época 20/30, Batch 700/3348, Loss: 0.0707
2025-10-09 18:08:54,357 [INFO] Época 20/30, Batch 750/3348, Loss: 0.0523
2025-10-09 18:08:54,621 [INFO] Época 20/30, Batch 800/3348, Loss: 0.0586
2025-10-09 18:08:54,883 [INFO] Época 20/30, Batch 850/3348, Loss: 0.0463
2025-10-09 18:08:55,141 [INFO] Época 20/30, Batch 900/3348, Loss: 0.0544
2025-10-09 18:08:55,398 [INFO] Época 20/30, Batch 950/3348, Loss: 0.0599
2025-10-09 18:08:55,656 [INFO] Época 20/30, Batch 1000/3348, Loss: 0.0450
2025-10-09 18:08:55,916 [INFO] Época 20/30, Batch 1050/3348, Loss: 0.0402
2025-10-09 18:08:56,175 [INFO] Época 20/30, Batch 1100/3348, Loss: 0.0472
2025-10-09 18:08:56,433 [INFO] Época 20/30, Batch 1150/3348, Loss: 0.0540
2025-10-09 18:08:56,693 [INFO] Época 20/30, Batch 1200/3348, Loss: 0.0405
2025-10-09 18:08:56,966 [INFO] Época 20/30, Batch 1250/3348, Loss: 0.0630
2025-10-09 18:08:57,241 [INFO] Época 20/30, Batch 1300/3348, Loss: 0.0718
2025-10-09 18:08:57,512 [INFO] Época 20/30, Batch 1350/3348, Loss: 0.0492
2025-10-09 18:08:57,784 [INFO] Época 20/30, Batch 1400/3348, Loss: 0.0568
2025-10-09 18:08:58,054 [INFO] Época 20/30, Batch 1450/3348, Loss: 0.0560
2025-10-09 18:08:58,327 [INFO] Época 20/30, Batch 1500/3348, Loss: 0.0431
2025-10-09 18:08:58,600 [INFO] Época 20/30, Batch 1550/3348, Loss: 0.0645
2025-10-09 18:08:58,866 [INFO] Época 20/30, Batch 1600/3348, Loss: 0.0806
2025-10-09 18:08:59,129 [INFO] Época 20/30, Batch 1650/3348, Loss: 0.0523
2025-10-09 18:08:59,392 [INFO] Época 20/30, Batch 1700/3348, Loss: 0.0504
2025-10-09 18:08:59,655 [INFO] Época 20/30, Batch 1750/3348, Loss: 0.0587
2025-10-09 18:08:59,918 [INFO] Época 20/30, Batch 1800/3348, Loss: 0.0443
2025-10-09 18:09:00,182 [INFO] Época 20/30, Batch 1850/3348, Loss: 0.0491
2025-10-09 18:09:00,444 [INFO] Época 20/30, Batch 1900/3348, Loss: 0.0697
2025-10-09 18:09:00,709 [INFO] Época 20/30, Batch 1950/3348, Loss: 0.0743
2025-10-09 18:09:00,980 [INFO] Época 20/30, Batch 2000/3348, Loss: 0.0560
2025-10-09 18:09:01,246 [INFO] Época 20/30, Batch 2050/3348, Loss: 0.0616
2025-10-09 18:09:01,509 [INFO] Época 20/30, Batch 2100/3348, Loss: 0.0727
2025-10-09 18:09:01,772 [INFO] Época 20/30, Batch 2150/3348, Loss: 0.0432
2025-10-09 18:09:02,034 [INFO] Época 20/30, Batch 2200/3348, Loss: 0.0639
2025-10-09 18:09:02,296 [INFO] Época 20/30, Batch 2250/3348, Loss: 0.0592
2025-10-09 18:09:02,562 [INFO] Época 20/30, Batch 2300/3348, Loss: 0.0521
2025-10-09 18:09:02,823 [INFO] Época 20/30, Batch 2350/3348, Loss: 0.0799
2025-10-09 18:09:03,089 [INFO] Época 20/30, Batch 2400/3348, Loss: 0.0462
2025-10-09 18:09:03,353 [INFO] Época 20/30, Batch 2450/3348, Loss: 0.0660
2025-10-09 18:09:03,617 [INFO] Época 20/30, Batch 2500/3348, Loss: 0.0620
2025-10-09 18:09:03,880 [INFO] Época 20/30, Batch 2550/3348, Loss: 0.0827
2025-10-09 18:09:04,141 [INFO] Época 20/30, Batch 2600/3348, Loss: 0.0532
2025-10-09 18:09:04,404 [INFO] Época 20/30, Batch 2650/3348, Loss: 0.0587
2025-10-09 18:09:04,667 [INFO] Época 20/30, Batch 2700/3348, Loss: 0.0560
2025-10-09 18:09:04,931 [INFO] Época 20/30, Batch 2750/3348, Loss: 0.0752
2025-10-09 18:09:05,193 [INFO] Época 20/30, Batch 2800/3348, Loss: 0.0685
2025-10-09 18:09:05,458 [INFO] Época 20/30, Batch 2850/3348, Loss: 0.0517
2025-10-09 18:09:05,720 [INFO] Época 20/30, Batch 2900/3348, Loss: 0.0710
2025-10-09 18:09:05,982 [INFO] Época 20/30, Batch 2950/3348, Loss: 0.0812
2025-10-09 18:09:06,243 [INFO] Época 20/30, Batch 3000/3348, Loss: 0.0490
2025-10-09 18:09:06,510 [INFO] Época 20/30, Batch 3050/3348, Loss: 0.0574
2025-10-09 18:09:06,778 [INFO] Época 20/30, Batch 3100/3348, Loss: 0.0524
2025-10-09 18:09:07,041 [INFO] Época 20/30, Batch 3150/3348, Loss: 0.0567
2025-10-09 18:09:07,307 [INFO] Época 20/30, Batch 3200/3348, Loss: 0.0563
2025-10-09 18:09:07,572 [INFO] Época 20/30, Batch 3250/3348, Loss: 0.0591
2025-10-09 18:09:07,838 [INFO] Época 20/30, Batch 3300/3348, Loss: 0.0911
2025-10-09 18:09:09,697 [INFO] [20/30] Train Loss: 0.0651 | Val Loss: 0.1476 | Tempo: 19.65s
2025-10-09 18:09:10,284 [INFO] Época 21/30, Batch 50/3348, Loss: 0.0636
2025-10-09 18:09:10,566 [INFO] Época 21/30, Batch 100/3348, Loss: 0.0793
2025-10-09 18:09:10,838 [INFO] Época 21/30, Batch 150/3348, Loss: 0.0638
2025-10-09 18:09:11,104 [INFO] Época 21/30, Batch 200/3348, Loss: 0.0794
2025-10-09 18:09:11,373 [INFO] Época 21/30, Batch 250/3348, Loss: 0.0675
2025-10-09 18:09:11,641 [INFO] Época 21/30, Batch 300/3348, Loss: 0.0527
2025-10-09 18:09:11,908 [INFO] Época 21/30, Batch 350/3348, Loss: 0.0571
2025-10-09 18:09:12,182 [INFO] Época 21/30, Batch 400/3348, Loss: 0.0555
2025-10-09 18:09:12,455 [INFO] Época 21/30, Batch 450/3348, Loss: 0.0593
2025-10-09 18:09:12,727 [INFO] Época 21/30, Batch 500/3348, Loss: 0.0353
2025-10-09 18:09:13,000 [INFO] Época 21/30, Batch 550/3348, Loss: 0.0614
2025-10-09 18:09:13,273 [INFO] Época 21/30, Batch 600/3348, Loss: 0.0626
2025-10-09 18:09:13,544 [INFO] Época 21/30, Batch 650/3348, Loss: 0.0531
2025-10-09 18:09:13,815 [INFO] Época 21/30, Batch 700/3348, Loss: 0.0656
2025-10-09 18:09:14,086 [INFO] Época 21/30, Batch 750/3348, Loss: 0.0679
2025-10-09 18:09:14,349 [INFO] Época 21/30, Batch 800/3348, Loss: 0.0848
2025-10-09 18:09:14,606 [INFO] Época 21/30, Batch 850/3348, Loss: 0.0669
2025-10-09 18:09:14,874 [INFO] Época 21/30, Batch 900/3348, Loss: 0.0448
2025-10-09 18:09:15,144 [INFO] Época 21/30, Batch 950/3348, Loss: 0.0500
2025-10-09 18:09:15,409 [INFO] Época 21/30, Batch 1000/3348, Loss: 0.0577
2025-10-09 18:09:15,674 [INFO] Época 21/30, Batch 1050/3348, Loss: 0.0478
2025-10-09 18:09:15,940 [INFO] Época 21/30, Batch 1100/3348, Loss: 0.0498
2025-10-09 18:09:16,206 [INFO] Época 21/30, Batch 1150/3348, Loss: 0.0628
2025-10-09 18:09:16,472 [INFO] Época 21/30, Batch 1200/3348, Loss: 0.0391
2025-10-09 18:09:16,742 [INFO] Época 21/30, Batch 1250/3348, Loss: 0.0485
2025-10-09 18:09:17,016 [INFO] Época 21/30, Batch 1300/3348, Loss: 0.0473
2025-10-09 18:09:17,292 [INFO] Época 21/30, Batch 1350/3348, Loss: 0.0535
2025-10-09 18:09:17,565 [INFO] Época 21/30, Batch 1400/3348, Loss: 0.0601
2025-10-09 18:09:17,837 [INFO] Época 21/30, Batch 1450/3348, Loss: 0.0899
2025-10-09 18:09:18,106 [INFO] Época 21/30, Batch 1500/3348, Loss: 0.0519
2025-10-09 18:09:18,374 [INFO] Época 21/30, Batch 1550/3348, Loss: 0.0497
2025-10-09 18:09:18,641 [INFO] Época 21/30, Batch 1600/3348, Loss: 0.0549
2025-10-09 18:09:18,905 [INFO] Época 21/30, Batch 1650/3348, Loss: 0.0654
2025-10-09 18:09:19,171 [INFO] Época 21/30, Batch 1700/3348, Loss: 0.0610
2025-10-09 18:09:19,440 [INFO] Época 21/30, Batch 1750/3348, Loss: 0.0590
2025-10-09 18:09:19,710 [INFO] Época 21/30, Batch 1800/3348, Loss: 0.0653
2025-10-09 18:09:19,976 [INFO] Época 21/30, Batch 1850/3348, Loss: 0.0753
2025-10-09 18:09:20,240 [INFO] Época 21/30, Batch 1900/3348, Loss: 0.0572
2025-10-09 18:09:20,503 [INFO] Época 21/30, Batch 1950/3348, Loss: 0.0626
2025-10-09 18:09:20,768 [INFO] Época 21/30, Batch 2000/3348, Loss: 0.0618
2025-10-09 18:09:21,037 [INFO] Época 21/30, Batch 2050/3348, Loss: 0.0538
2025-10-09 18:09:21,318 [INFO] Época 21/30, Batch 2100/3348, Loss: 0.0731
2025-10-09 18:09:21,601 [INFO] Época 21/30, Batch 2150/3348, Loss: 0.0592
2025-10-09 18:09:21,884 [INFO] Época 21/30, Batch 2200/3348, Loss: 0.0625
2025-10-09 18:09:22,167 [INFO] Época 21/30, Batch 2250/3348, Loss: 0.0516
2025-10-09 18:09:22,450 [INFO] Época 21/30, Batch 2300/3348, Loss: 0.0644
2025-10-09 18:09:22,731 [INFO] Época 21/30, Batch 2350/3348, Loss: 0.0387
2025-10-09 18:09:23,013 [INFO] Época 21/30, Batch 2400/3348, Loss: 0.0502
2025-10-09 18:09:23,294 [INFO] Época 21/30, Batch 2450/3348, Loss: 0.0420
2025-10-09 18:09:23,580 [INFO] Época 21/30, Batch 2500/3348, Loss: 0.0587
2025-10-09 18:09:23,859 [INFO] Época 21/30, Batch 2550/3348, Loss: 0.0597
2025-10-09 18:09:24,141 [INFO] Época 21/30, Batch 2600/3348, Loss: 0.0781
2025-10-09 18:09:24,412 [INFO] Época 21/30, Batch 2650/3348, Loss: 0.0509
2025-10-09 18:09:24,678 [INFO] Época 21/30, Batch 2700/3348, Loss: 0.0529
2025-10-09 18:09:24,942 [INFO] Época 21/30, Batch 2750/3348, Loss: 0.2469
2025-10-09 18:09:25,207 [INFO] Época 21/30, Batch 2800/3348, Loss: 0.0488
2025-10-09 18:09:25,476 [INFO] Época 21/30, Batch 2850/3348, Loss: 0.0551
2025-10-09 18:09:25,743 [INFO] Época 21/30, Batch 2900/3348, Loss: 0.0464
2025-10-09 18:09:26,009 [INFO] Época 21/30, Batch 2950/3348, Loss: 0.0400
2025-10-09 18:09:26,273 [INFO] Época 21/30, Batch 3000/3348, Loss: 0.0689
2025-10-09 18:09:26,538 [INFO] Época 21/30, Batch 3050/3348, Loss: 0.0575
2025-10-09 18:09:26,808 [INFO] Época 21/30, Batch 3100/3348, Loss: 0.0456
2025-10-09 18:09:27,075 [INFO] Época 21/30, Batch 3150/3348, Loss: 0.0622
2025-10-09 18:09:27,341 [INFO] Época 21/30, Batch 3200/3348, Loss: 0.0585
2025-10-09 18:09:27,605 [INFO] Época 21/30, Batch 3250/3348, Loss: 0.0500
2025-10-09 18:09:27,872 [INFO] Época 21/30, Batch 3300/3348, Loss: 0.0707
2025-10-09 18:09:29,733 [INFO] [21/30] Train Loss: 0.0649 | Val Loss: 0.1367 | Tempo: 20.03s
2025-10-09 18:09:30,336 [INFO] Época 22/30, Batch 50/3348, Loss: 0.0489
2025-10-09 18:09:30,612 [INFO] Época 22/30, Batch 100/3348, Loss: 0.0504
2025-10-09 18:09:30,884 [INFO] Época 22/30, Batch 150/3348, Loss: 0.0651
2025-10-09 18:09:31,151 [INFO] Época 22/30, Batch 200/3348, Loss: 0.0736
2025-10-09 18:09:31,419 [INFO] Época 22/30, Batch 250/3348, Loss: 0.0470
2025-10-09 18:09:31,688 [INFO] Época 22/30, Batch 300/3348, Loss: 0.0626
2025-10-09 18:09:31,957 [INFO] Época 22/30, Batch 350/3348, Loss: 0.0408
2025-10-09 18:09:32,222 [INFO] Época 22/30, Batch 400/3348, Loss: 0.0613
2025-10-09 18:09:32,491 [INFO] Época 22/30, Batch 450/3348, Loss: 0.0599
2025-10-09 18:09:32,758 [INFO] Época 22/30, Batch 500/3348, Loss: 0.0768
2025-10-09 18:09:33,025 [INFO] Época 22/30, Batch 550/3348, Loss: 0.0666
2025-10-09 18:09:33,293 [INFO] Época 22/30, Batch 600/3348, Loss: 0.0636
2025-10-09 18:09:33,562 [INFO] Época 22/30, Batch 650/3348, Loss: 0.0414
2025-10-09 18:09:33,827 [INFO] Época 22/30, Batch 700/3348, Loss: 0.0677
2025-10-09 18:09:34,081 [INFO] Época 22/30, Batch 750/3348, Loss: 0.0546
2025-10-09 18:09:34,334 [INFO] Época 22/30, Batch 800/3348, Loss: 0.0414
2025-10-09 18:09:34,589 [INFO] Época 22/30, Batch 850/3348, Loss: 0.0451
2025-10-09 18:09:34,843 [INFO] Época 22/30, Batch 900/3348, Loss: 0.0564
2025-10-09 18:09:35,099 [INFO] Época 22/30, Batch 950/3348, Loss: 0.0644
2025-10-09 18:09:35,354 [INFO] Época 22/30, Batch 1000/3348, Loss: 0.0766
2025-10-09 18:09:35,622 [INFO] Época 22/30, Batch 1050/3348, Loss: 0.0388
2025-10-09 18:09:35,906 [INFO] Época 22/30, Batch 1100/3348, Loss: 0.0791
2025-10-09 18:09:36,180 [INFO] Época 22/30, Batch 1150/3348, Loss: 0.0596
2025-10-09 18:09:36,454 [INFO] Época 22/30, Batch 1200/3348, Loss: 0.0610
2025-10-09 18:09:36,728 [INFO] Época 22/30, Batch 1250/3348, Loss: 0.0459
2025-10-09 18:09:36,999 [INFO] Época 22/30, Batch 1300/3348, Loss: 0.0531
2025-10-09 18:09:37,263 [INFO] Época 22/30, Batch 1350/3348, Loss: 0.0623
2025-10-09 18:09:37,528 [INFO] Época 22/30, Batch 1400/3348, Loss: 0.0519
2025-10-09 18:09:37,790 [INFO] Época 22/30, Batch 1450/3348, Loss: 0.0757
2025-10-09 18:09:38,056 [INFO] Época 22/30, Batch 1500/3348, Loss: 0.0473
2025-10-09 18:09:38,320 [INFO] Época 22/30, Batch 1550/3348, Loss: 0.0717
2025-10-09 18:09:38,586 [INFO] Época 22/30, Batch 1600/3348, Loss: 0.0610
2025-10-09 18:09:38,851 [INFO] Época 22/30, Batch 1650/3348, Loss: 0.0698
2025-10-09 18:09:39,116 [INFO] Época 22/30, Batch 1700/3348, Loss: 0.0545
2025-10-09 18:09:39,381 [INFO] Época 22/30, Batch 1750/3348, Loss: 0.0531
2025-10-09 18:09:39,645 [INFO] Época 22/30, Batch 1800/3348, Loss: 0.0582
2025-10-09 18:09:39,912 [INFO] Época 22/30, Batch 1850/3348, Loss: 0.0677
2025-10-09 18:09:40,177 [INFO] Época 22/30, Batch 1900/3348, Loss: 0.0466
2025-10-09 18:09:40,441 [INFO] Época 22/30, Batch 1950/3348, Loss: 0.0530
2025-10-09 18:09:40,709 [INFO] Época 22/30, Batch 2000/3348, Loss: 0.0854
2025-10-09 18:09:40,975 [INFO] Época 22/30, Batch 2050/3348, Loss: 0.0628
2025-10-09 18:09:41,239 [INFO] Época 22/30, Batch 2100/3348, Loss: 0.0520
2025-10-09 18:09:41,505 [INFO] Época 22/30, Batch 2150/3348, Loss: 0.0555
2025-10-09 18:09:41,769 [INFO] Época 22/30, Batch 2200/3348, Loss: 0.0483
2025-10-09 18:09:42,033 [INFO] Época 22/30, Batch 2250/3348, Loss: 0.0655
2025-10-09 18:09:42,294 [INFO] Época 22/30, Batch 2300/3348, Loss: 0.0718
2025-10-09 18:09:42,558 [INFO] Época 22/30, Batch 2350/3348, Loss: 0.0459
2025-10-09 18:09:42,825 [INFO] Época 22/30, Batch 2400/3348, Loss: 0.0553
2025-10-09 18:09:43,090 [INFO] Época 22/30, Batch 2450/3348, Loss: 0.0604
2025-10-09 18:09:43,357 [INFO] Época 22/30, Batch 2500/3348, Loss: 0.0585
2025-10-09 18:09:43,624 [INFO] Época 22/30, Batch 2550/3348, Loss: 0.0569
2025-10-09 18:09:43,889 [INFO] Época 22/30, Batch 2600/3348, Loss: 0.0601
2025-10-09 18:09:44,154 [INFO] Época 22/30, Batch 2650/3348, Loss: 0.0681
2025-10-09 18:09:44,416 [INFO] Época 22/30, Batch 2700/3348, Loss: 0.0471
2025-10-09 18:09:44,681 [INFO] Época 22/30, Batch 2750/3348, Loss: 0.0432
2025-10-09 18:09:44,943 [INFO] Época 22/30, Batch 2800/3348, Loss: 0.0923
2025-10-09 18:09:45,205 [INFO] Época 22/30, Batch 2850/3348, Loss: 0.0633
2025-10-09 18:09:45,469 [INFO] Época 22/30, Batch 2900/3348, Loss: 0.0583
2025-10-09 18:09:45,730 [INFO] Época 22/30, Batch 2950/3348, Loss: 0.0542
2025-10-09 18:09:45,994 [INFO] Época 22/30, Batch 3000/3348, Loss: 0.0434
2025-10-09 18:09:46,259 [INFO] Época 22/30, Batch 3050/3348, Loss: 0.0621
2025-10-09 18:09:46,522 [INFO] Época 22/30, Batch 3100/3348, Loss: 0.0540
2025-10-09 18:09:46,786 [INFO] Época 22/30, Batch 3150/3348, Loss: 0.0446
2025-10-09 18:09:47,047 [INFO] Época 22/30, Batch 3200/3348, Loss: 0.0467
2025-10-09 18:09:47,309 [INFO] Época 22/30, Batch 3250/3348, Loss: 0.0756
2025-10-09 18:09:47,569 [INFO] Época 22/30, Batch 3300/3348, Loss: 0.0611
2025-10-09 18:09:49,545 [INFO] [22/30] Train Loss: 0.0641 | Val Loss: 0.1259 | Tempo: 19.81s
2025-10-09 18:09:50,130 [INFO] Época 23/30, Batch 50/3348, Loss: 0.0512
2025-10-09 18:09:50,399 [INFO] Época 23/30, Batch 100/3348, Loss: 0.0368
2025-10-09 18:09:50,672 [INFO] Época 23/30, Batch 150/3348, Loss: 0.0448
2025-10-09 18:09:50,940 [INFO] Época 23/30, Batch 200/3348, Loss: 0.0489
2025-10-09 18:09:51,206 [INFO] Época 23/30, Batch 250/3348, Loss: 0.0624
2025-10-09 18:09:51,470 [INFO] Época 23/30, Batch 300/3348, Loss: 0.0780
2025-10-09 18:09:51,734 [INFO] Época 23/30, Batch 350/3348, Loss: 0.0537
2025-10-09 18:09:51,993 [INFO] Época 23/30, Batch 400/3348, Loss: 0.0482
2025-10-09 18:09:52,254 [INFO] Época 23/30, Batch 450/3348, Loss: 0.0472
2025-10-09 18:09:52,519 [INFO] Época 23/30, Batch 500/3348, Loss: 0.0384
2025-10-09 18:09:52,788 [INFO] Época 23/30, Batch 550/3348, Loss: 0.0518
2025-10-09 18:09:53,058 [INFO] Época 23/30, Batch 600/3348, Loss: 0.0566
2025-10-09 18:09:53,327 [INFO] Época 23/30, Batch 650/3348, Loss: 0.0443
2025-10-09 18:09:53,597 [INFO] Época 23/30, Batch 700/3348, Loss: 0.0602
2025-10-09 18:09:53,867 [INFO] Época 23/30, Batch 750/3348, Loss: 0.0472
2025-10-09 18:09:54,128 [INFO] Época 23/30, Batch 800/3348, Loss: 0.0480
2025-10-09 18:09:54,386 [INFO] Época 23/30, Batch 850/3348, Loss: 0.0604
2025-10-09 18:09:54,648 [INFO] Época 23/30, Batch 900/3348, Loss: 0.0924
2025-10-09 18:09:54,912 [INFO] Época 23/30, Batch 950/3348, Loss: 0.0349
2025-10-09 18:09:55,175 [INFO] Época 23/30, Batch 1000/3348, Loss: 0.0611
2025-10-09 18:09:55,439 [INFO] Época 23/30, Batch 1050/3348, Loss: 0.0526
2025-10-09 18:09:55,701 [INFO] Época 23/30, Batch 1100/3348, Loss: 0.0664
2025-10-09 18:09:55,960 [INFO] Época 23/30, Batch 1150/3348, Loss: 0.0393
2025-10-09 18:09:56,223 [INFO] Época 23/30, Batch 1200/3348, Loss: 0.0769
2025-10-09 18:09:56,485 [INFO] Época 23/30, Batch 1250/3348, Loss: 0.0676
2025-10-09 18:09:56,749 [INFO] Época 23/30, Batch 1300/3348, Loss: 0.0673
2025-10-09 18:09:57,016 [INFO] Época 23/30, Batch 1350/3348, Loss: 0.0625
2025-10-09 18:09:57,280 [INFO] Época 23/30, Batch 1400/3348, Loss: 0.0595
2025-10-09 18:09:57,542 [INFO] Época 23/30, Batch 1450/3348, Loss: 0.0590
2025-10-09 18:09:57,806 [INFO] Época 23/30, Batch 1500/3348, Loss: 0.0493
2025-10-09 18:09:58,069 [INFO] Época 23/30, Batch 1550/3348, Loss: 0.0386
2025-10-09 18:09:58,334 [INFO] Época 23/30, Batch 1600/3348, Loss: 0.0612
2025-10-09 18:09:58,604 [INFO] Época 23/30, Batch 1650/3348, Loss: 0.0629
2025-10-09 18:09:58,874 [INFO] Época 23/30, Batch 1700/3348, Loss: 0.0582
2025-10-09 18:09:59,142 [INFO] Época 23/30, Batch 1750/3348, Loss: 0.0802
2025-10-09 18:09:59,411 [INFO] Época 23/30, Batch 1800/3348, Loss: 0.0597
2025-10-09 18:09:59,680 [INFO] Época 23/30, Batch 1850/3348, Loss: 0.0776
2025-10-09 18:09:59,951 [INFO] Época 23/30, Batch 1900/3348, Loss: 0.0592
2025-10-09 18:10:00,221 [INFO] Época 23/30, Batch 1950/3348, Loss: 0.0553
2025-10-09 18:10:00,488 [INFO] Época 23/30, Batch 2000/3348, Loss: 0.0534
2025-10-09 18:10:00,749 [INFO] Época 23/30, Batch 2050/3348, Loss: 0.0586
2025-10-09 18:10:01,008 [INFO] Época 23/30, Batch 2100/3348, Loss: 0.0414
2025-10-09 18:10:01,267 [INFO] Época 23/30, Batch 2150/3348, Loss: 0.0437
2025-10-09 18:10:01,527 [INFO] Época 23/30, Batch 2200/3348, Loss: 0.0575
2025-10-09 18:10:01,786 [INFO] Época 23/30, Batch 2250/3348, Loss: 0.0754
2025-10-09 18:10:02,046 [INFO] Época 23/30, Batch 2300/3348, Loss: 0.0410
2025-10-09 18:10:02,313 [INFO] Época 23/30, Batch 2350/3348, Loss: 0.0441
2025-10-09 18:10:02,572 [INFO] Época 23/30, Batch 2400/3348, Loss: 0.0337
2025-10-09 18:10:02,832 [INFO] Época 23/30, Batch 2450/3348, Loss: 0.0519
2025-10-09 18:10:03,093 [INFO] Época 23/30, Batch 2500/3348, Loss: 0.0585
2025-10-09 18:10:03,355 [INFO] Época 23/30, Batch 2550/3348, Loss: 0.0558
2025-10-09 18:10:03,614 [INFO] Época 23/30, Batch 2600/3348, Loss: 0.0540
2025-10-09 18:10:03,877 [INFO] Época 23/30, Batch 2650/3348, Loss: 0.0425
2025-10-09 18:10:04,139 [INFO] Época 23/30, Batch 2700/3348, Loss: 0.0693
2025-10-09 18:10:04,399 [INFO] Época 23/30, Batch 2750/3348, Loss: 0.0547
2025-10-09 18:10:04,661 [INFO] Época 23/30, Batch 2800/3348, Loss: 0.0375
2025-10-09 18:10:04,922 [INFO] Época 23/30, Batch 2850/3348, Loss: 0.0427
2025-10-09 18:10:05,184 [INFO] Época 23/30, Batch 2900/3348, Loss: 0.0545
2025-10-09 18:10:05,448 [INFO] Época 23/30, Batch 2950/3348, Loss: 0.0628
2025-10-09 18:10:05,708 [INFO] Época 23/30, Batch 3000/3348, Loss: 0.0482
2025-10-09 18:10:05,970 [INFO] Época 23/30, Batch 3050/3348, Loss: 0.0633
2025-10-09 18:10:06,232 [INFO] Época 23/30, Batch 3100/3348, Loss: 0.0556
2025-10-09 18:10:06,494 [INFO] Época 23/30, Batch 3150/3348, Loss: 0.0556
2025-10-09 18:10:06,757 [INFO] Época 23/30, Batch 3200/3348, Loss: 0.0664
2025-10-09 18:10:07,020 [INFO] Época 23/30, Batch 3250/3348, Loss: 0.0612
2025-10-09 18:10:07,280 [INFO] Época 23/30, Batch 3300/3348, Loss: 0.0564
2025-10-09 18:10:09,079 [INFO] [23/30] Train Loss: 0.0633 | Val Loss: 0.1378 | Tempo: 19.53s
2025-10-09 18:10:09,675 [INFO] Época 24/30, Batch 50/3348, Loss: 0.0535
2025-10-09 18:10:09,943 [INFO] Época 24/30, Batch 100/3348, Loss: 0.0623
2025-10-09 18:10:10,209 [INFO] Época 24/30, Batch 150/3348, Loss: 0.0538
2025-10-09 18:10:10,474 [INFO] Época 24/30, Batch 200/3348, Loss: 0.0567
2025-10-09 18:10:10,738 [INFO] Época 24/30, Batch 250/3348, Loss: 0.0757
2025-10-09 18:10:10,996 [INFO] Época 24/30, Batch 300/3348, Loss: 0.0495
2025-10-09 18:10:11,256 [INFO] Época 24/30, Batch 350/3348, Loss: 0.0361
2025-10-09 18:10:11,513 [INFO] Época 24/30, Batch 400/3348, Loss: 0.0586
2025-10-09 18:10:11,769 [INFO] Época 24/30, Batch 450/3348, Loss: 0.0677
2025-10-09 18:10:12,027 [INFO] Época 24/30, Batch 500/3348, Loss: 0.0550
2025-10-09 18:10:12,285 [INFO] Época 24/30, Batch 550/3348, Loss: 0.0499
2025-10-09 18:10:12,544 [INFO] Época 24/30, Batch 600/3348, Loss: 0.0488
2025-10-09 18:10:12,811 [INFO] Época 24/30, Batch 650/3348, Loss: 0.0588
2025-10-09 18:10:13,071 [INFO] Época 24/30, Batch 700/3348, Loss: 0.0460
2025-10-09 18:10:13,335 [INFO] Época 24/30, Batch 750/3348, Loss: 0.0743
2025-10-09 18:10:13,594 [INFO] Época 24/30, Batch 800/3348, Loss: 0.0697
2025-10-09 18:10:13,856 [INFO] Época 24/30, Batch 850/3348, Loss: 0.0550
2025-10-09 18:10:14,118 [INFO] Época 24/30, Batch 900/3348, Loss: 0.0559
2025-10-09 18:10:14,380 [INFO] Época 24/30, Batch 950/3348, Loss: 0.0626
2025-10-09 18:10:14,639 [INFO] Época 24/30, Batch 1000/3348, Loss: 0.0474
2025-10-09 18:10:14,900 [INFO] Época 24/30, Batch 1050/3348, Loss: 0.0625
2025-10-09 18:10:15,162 [INFO] Época 24/30, Batch 1100/3348, Loss: 0.0534
2025-10-09 18:10:15,423 [INFO] Época 24/30, Batch 1150/3348, Loss: 0.0487
2025-10-09 18:10:15,683 [INFO] Época 24/30, Batch 1200/3348, Loss: 0.0608
2025-10-09 18:10:15,946 [INFO] Época 24/30, Batch 1250/3348, Loss: 0.0592
2025-10-09 18:10:16,207 [INFO] Época 24/30, Batch 1300/3348, Loss: 0.0588
2025-10-09 18:10:16,468 [INFO] Época 24/30, Batch 1350/3348, Loss: 0.0696
2025-10-09 18:10:16,732 [INFO] Época 24/30, Batch 1400/3348, Loss: 0.0544
2025-10-09 18:10:16,995 [INFO] Época 24/30, Batch 1450/3348, Loss: 0.0587
2025-10-09 18:10:17,258 [INFO] Época 24/30, Batch 1500/3348, Loss: 0.0586
2025-10-09 18:10:17,518 [INFO] Época 24/30, Batch 1550/3348, Loss: 0.0650
2025-10-09 18:10:17,779 [INFO] Época 24/30, Batch 1600/3348, Loss: 0.0507
2025-10-09 18:10:18,044 [INFO] Época 24/30, Batch 1650/3348, Loss: 0.0665
2025-10-09 18:10:18,308 [INFO] Época 24/30, Batch 1700/3348, Loss: 0.0629
2025-10-09 18:10:18,568 [INFO] Época 24/30, Batch 1750/3348, Loss: 0.0560
2025-10-09 18:10:18,830 [INFO] Época 24/30, Batch 1800/3348, Loss: 0.0702
2025-10-09 18:10:19,092 [INFO] Época 24/30, Batch 1850/3348, Loss: 0.0557
2025-10-09 18:10:19,354 [INFO] Época 24/30, Batch 1900/3348, Loss: 0.0795
2025-10-09 18:10:19,617 [INFO] Época 24/30, Batch 1950/3348, Loss: 0.0608
2025-10-09 18:10:19,880 [INFO] Época 24/30, Batch 2000/3348, Loss: 0.0464
2025-10-09 18:10:20,153 [INFO] Época 24/30, Batch 2050/3348, Loss: 0.0506
2025-10-09 18:10:20,416 [INFO] Época 24/30, Batch 2100/3348, Loss: 0.0317
2025-10-09 18:10:20,680 [INFO] Época 24/30, Batch 2150/3348, Loss: 0.0492
2025-10-09 18:10:20,943 [INFO] Época 24/30, Batch 2200/3348, Loss: 0.0660
2025-10-09 18:10:21,205 [INFO] Época 24/30, Batch 2250/3348, Loss: 0.0472
2025-10-09 18:10:21,470 [INFO] Época 24/30, Batch 2300/3348, Loss: 0.0650
2025-10-09 18:10:21,734 [INFO] Época 24/30, Batch 2350/3348, Loss: 0.0665
2025-10-09 18:10:22,000 [INFO] Época 24/30, Batch 2400/3348, Loss: 0.0451
2025-10-09 18:10:22,263 [INFO] Época 24/30, Batch 2450/3348, Loss: 0.0599
2025-10-09 18:10:22,525 [INFO] Época 24/30, Batch 2500/3348, Loss: 0.0536
2025-10-09 18:10:22,790 [INFO] Época 24/30, Batch 2550/3348, Loss: 0.0449
2025-10-09 18:10:23,053 [INFO] Época 24/30, Batch 2600/3348, Loss: 0.0510
2025-10-09 18:10:23,315 [INFO] Época 24/30, Batch 2650/3348, Loss: 0.0550
2025-10-09 18:10:23,580 [INFO] Época 24/30, Batch 2700/3348, Loss: 0.0646
2025-10-09 18:10:23,845 [INFO] Época 24/30, Batch 2750/3348, Loss: 0.0614
2025-10-09 18:10:24,108 [INFO] Época 24/30, Batch 2800/3348, Loss: 0.0555
2025-10-09 18:10:24,369 [INFO] Época 24/30, Batch 2850/3348, Loss: 0.0554
2025-10-09 18:10:24,633 [INFO] Época 24/30, Batch 2900/3348, Loss: 0.0494
2025-10-09 18:10:24,897 [INFO] Época 24/30, Batch 2950/3348, Loss: 0.0546
2025-10-09 18:10:25,162 [INFO] Época 24/30, Batch 3000/3348, Loss: 0.0466
2025-10-09 18:10:25,425 [INFO] Época 24/30, Batch 3050/3348, Loss: 0.0608
2025-10-09 18:10:25,691 [INFO] Época 24/30, Batch 3100/3348, Loss: 0.0855
2025-10-09 18:10:25,953 [INFO] Época 24/30, Batch 3150/3348, Loss: 0.0470
2025-10-09 18:10:26,214 [INFO] Época 24/30, Batch 3200/3348, Loss: 0.0502
2025-10-09 18:10:26,478 [INFO] Época 24/30, Batch 3250/3348, Loss: 0.0514
2025-10-09 18:10:26,741 [INFO] Época 24/30, Batch 3300/3348, Loss: 0.0485
2025-10-09 18:10:28,631 [INFO] [24/30] Train Loss: 0.0626 | Val Loss: 0.1459 | Tempo: 19.55s
2025-10-09 18:10:28,632 [INFO] Early stopping ativado após 10 épocas sem melhoria
2025-10-09 18:10:28,632 [INFO] Treinamento concluído em 475.61 segundos (7.93 minutos)
2025-10-09 18:10:28,632 [INFO] Iniciando avaliação no conjunto de teste...
2025-10-09 18:10:30,143 [INFO] Avaliação do teste concluída em 1.51 segundos
2025-10-09 18:10:30,143 [INFO] MSE no teste: 0.0447
2025-10-09 18:10:30,143 [INFO] RMSE no teste: 0.2113
2025-10-09 18:10:30,143 [INFO] MAE no teste: 0.1666
2025-10-09 18:10:30,144 [INFO] Métricas salvas em /mnt/hdd/home/jdurao/ToolBox-ChemXAI/logs/mlp_att1_Avalon_metrics.json
