2025-10-10 11:45:08,110 [INFO] Iniciando treinamento do modelo mlp_att13_AtomPair
2025-10-10 11:45:08,110 [INFO] Configuração: att_index=13, epochs=30, layers=[128, 64, 32], lr=0.001, batch_size=32, descriptor_type=AtomPair
2025-10-10 11:45:08,110 [INFO] Diretório para modelos: /mnt/hdd/home/jdurao/ToolBox-ChemXAI/models
2025-10-10 11:45:08,110 [INFO] Carregando dados...
2025-10-10 11:45:08,185 [INFO] Preparando dataloaders sem ruído...
2025-10-10 11:45:18,744 [INFO] Dados carregados em 10.63 segundos
2025-10-10 11:45:18,745 [INFO] Tamanhos dos conjuntos - Treino: 107108, Validação: 13388, Teste: 13389
2025-10-10 11:45:18,745 [INFO] Usando dispositivo: cuda
2025-10-10 11:45:19,103 [INFO] Dimensão de entrada: 512, Dimensão de saída: 1
2025-10-10 11:45:19,104 [INFO] Criando modelo MLP com camadas: [128, 64, 32]
2025-10-10 11:45:19,106 [INFO] Modelo criado com 76033 parâmetros
2025-10-10 11:45:19,108 [INFO] Iniciando treinamento com 30 épocas...
2025-10-10 11:45:19,597 [INFO] Época 1/30, Batch 50/3348, Loss: 0.4792
2025-10-10 11:45:19,795 [INFO] Época 1/30, Batch 100/3348, Loss: 0.2719
2025-10-10 11:45:20,024 [INFO] Época 1/30, Batch 150/3348, Loss: 0.3188
2025-10-10 11:45:20,250 [INFO] Época 1/30, Batch 200/3348, Loss: 0.2776
2025-10-10 11:45:20,478 [INFO] Época 1/30, Batch 250/3348, Loss: 0.3334
2025-10-10 11:45:20,686 [INFO] Época 1/30, Batch 300/3348, Loss: 0.2610
2025-10-10 11:45:20,918 [INFO] Época 1/30, Batch 350/3348, Loss: 0.2948
2025-10-10 11:45:21,188 [INFO] Época 1/30, Batch 400/3348, Loss: 0.2382
2025-10-10 11:45:21,443 [INFO] Época 1/30, Batch 450/3348, Loss: 0.2959
2025-10-10 11:45:21,637 [INFO] Época 1/30, Batch 500/3348, Loss: 0.1963
2025-10-10 11:45:21,784 [INFO] Época 1/30, Batch 550/3348, Loss: 0.1901
2025-10-10 11:45:21,953 [INFO] Época 1/30, Batch 600/3348, Loss: 0.2479
2025-10-10 11:45:22,169 [INFO] Época 1/30, Batch 650/3348, Loss: 0.2278
2025-10-10 11:45:22,357 [INFO] Época 1/30, Batch 700/3348, Loss: 0.2846
2025-10-10 11:45:22,564 [INFO] Época 1/30, Batch 750/3348, Loss: 0.2179
2025-10-10 11:45:22,750 [INFO] Época 1/30, Batch 800/3348, Loss: 0.2386
2025-10-10 11:45:22,928 [INFO] Época 1/30, Batch 850/3348, Loss: 0.2569
2025-10-10 11:45:23,110 [INFO] Época 1/30, Batch 900/3348, Loss: 0.2783
2025-10-10 11:45:23,291 [INFO] Época 1/30, Batch 950/3348, Loss: 0.2424
2025-10-10 11:45:23,468 [INFO] Época 1/30, Batch 1000/3348, Loss: 0.2151
2025-10-10 11:45:23,648 [INFO] Época 1/30, Batch 1050/3348, Loss: 0.1802
2025-10-10 11:45:23,829 [INFO] Época 1/30, Batch 1100/3348, Loss: 0.2401
2025-10-10 11:45:24,017 [INFO] Época 1/30, Batch 1150/3348, Loss: 0.1954
2025-10-10 11:45:24,223 [INFO] Época 1/30, Batch 1200/3348, Loss: 0.2671
2025-10-10 11:45:24,415 [INFO] Época 1/30, Batch 1250/3348, Loss: 0.2092
2025-10-10 11:45:24,589 [INFO] Época 1/30, Batch 1300/3348, Loss: 0.1980
2025-10-10 11:45:24,827 [INFO] Época 1/30, Batch 1350/3348, Loss: 0.2733
2025-10-10 11:45:25,029 [INFO] Época 1/30, Batch 1400/3348, Loss: 0.2214
2025-10-10 11:45:25,205 [INFO] Época 1/30, Batch 1450/3348, Loss: 0.2408
2025-10-10 11:45:25,351 [INFO] Época 1/30, Batch 1500/3348, Loss: 0.1728
2025-10-10 11:45:25,499 [INFO] Época 1/30, Batch 1550/3348, Loss: 0.1733
2025-10-10 11:45:25,681 [INFO] Época 1/30, Batch 1600/3348, Loss: 0.2286
2025-10-10 11:45:25,901 [INFO] Época 1/30, Batch 1650/3348, Loss: 0.1446
2025-10-10 11:45:26,119 [INFO] Época 1/30, Batch 1700/3348, Loss: 0.1640
2025-10-10 11:45:26,339 [INFO] Época 1/30, Batch 1750/3348, Loss: 0.1990
2025-10-10 11:45:26,558 [INFO] Época 1/30, Batch 1800/3348, Loss: 0.2421
2025-10-10 11:45:26,775 [INFO] Época 1/30, Batch 1850/3348, Loss: 0.1595
2025-10-10 11:45:26,987 [INFO] Época 1/30, Batch 1900/3348, Loss: 0.2219
2025-10-10 11:45:27,199 [INFO] Época 1/30, Batch 1950/3348, Loss: 0.1710
2025-10-10 11:45:27,411 [INFO] Época 1/30, Batch 2000/3348, Loss: 0.2151
2025-10-10 11:45:27,625 [INFO] Época 1/30, Batch 2050/3348, Loss: 0.2032
2025-10-10 11:45:27,837 [INFO] Época 1/30, Batch 2100/3348, Loss: 0.1699
2025-10-10 11:45:28,050 [INFO] Época 1/30, Batch 2150/3348, Loss: 0.3156
2025-10-10 11:45:28,265 [INFO] Época 1/30, Batch 2200/3348, Loss: 0.1904
2025-10-10 11:45:28,495 [INFO] Época 1/30, Batch 2250/3348, Loss: 0.1668
2025-10-10 11:45:28,718 [INFO] Época 1/30, Batch 2300/3348, Loss: 0.1820
2025-10-10 11:45:28,931 [INFO] Época 1/30, Batch 2350/3348, Loss: 0.1958
2025-10-10 11:45:29,145 [INFO] Época 1/30, Batch 2400/3348, Loss: 0.1443
2025-10-10 11:45:29,362 [INFO] Época 1/30, Batch 2450/3348, Loss: 0.1481
2025-10-10 11:45:29,575 [INFO] Época 1/30, Batch 2500/3348, Loss: 0.2154
2025-10-10 11:45:29,788 [INFO] Época 1/30, Batch 2550/3348, Loss: 0.2042
2025-10-10 11:45:30,004 [INFO] Época 1/30, Batch 2600/3348, Loss: 0.1713
2025-10-10 11:45:30,219 [INFO] Época 1/30, Batch 2650/3348, Loss: 0.1824
2025-10-10 11:45:30,430 [INFO] Época 1/30, Batch 2700/3348, Loss: 0.1902
2025-10-10 11:45:30,645 [INFO] Época 1/30, Batch 2750/3348, Loss: 0.1985
2025-10-10 11:45:30,857 [INFO] Época 1/30, Batch 2800/3348, Loss: 0.1962
2025-10-10 11:45:31,069 [INFO] Época 1/30, Batch 2850/3348, Loss: 0.2086
2025-10-10 11:45:31,285 [INFO] Época 1/30, Batch 2900/3348, Loss: 0.2221
2025-10-10 11:45:31,515 [INFO] Época 1/30, Batch 2950/3348, Loss: 0.1486
2025-10-10 11:45:31,734 [INFO] Época 1/30, Batch 3000/3348, Loss: 0.1043
2025-10-10 11:45:31,948 [INFO] Época 1/30, Batch 3050/3348, Loss: 0.2462
2025-10-10 11:45:32,162 [INFO] Época 1/30, Batch 3100/3348, Loss: 0.1630
2025-10-10 11:45:32,382 [INFO] Época 1/30, Batch 3150/3348, Loss: 0.1875
2025-10-10 11:45:32,613 [INFO] Época 1/30, Batch 3200/3348, Loss: 0.1190
2025-10-10 11:45:32,855 [INFO] Época 1/30, Batch 3250/3348, Loss: 0.1233
2025-10-10 11:45:33,069 [INFO] Época 1/30, Batch 3300/3348, Loss: 0.1470
2025-10-10 11:45:34,721 [INFO] [1/30] Train Loss: 0.2279 | Val Loss: 0.1967 | Tempo: 15.61s
2025-10-10 11:45:34,724 [INFO] Melhor modelo salvo em: /mnt/hdd/home/jdurao/ToolBox-ChemXAI/models/mlp_qm9_AtomPair_att13_large.pth
2025-10-10 11:45:35,327 [INFO] Época 2/30, Batch 50/3348, Loss: 0.1689
2025-10-10 11:45:35,530 [INFO] Época 2/30, Batch 100/3348, Loss: 0.2510
2025-10-10 11:45:35,740 [INFO] Época 2/30, Batch 150/3348, Loss: 0.1746
2025-10-10 11:45:35,951 [INFO] Época 2/30, Batch 200/3348, Loss: 0.1533
2025-10-10 11:45:36,161 [INFO] Época 2/30, Batch 250/3348, Loss: 0.1782
2025-10-10 11:45:36,371 [INFO] Época 2/30, Batch 300/3348, Loss: 0.0754
2025-10-10 11:45:36,582 [INFO] Época 2/30, Batch 350/3348, Loss: 0.1466
2025-10-10 11:45:36,766 [INFO] Época 2/30, Batch 400/3348, Loss: 0.1491
2025-10-10 11:45:36,935 [INFO] Época 2/30, Batch 450/3348, Loss: 0.1762
2025-10-10 11:45:37,107 [INFO] Época 2/30, Batch 500/3348, Loss: 0.1550
2025-10-10 11:45:37,280 [INFO] Época 2/30, Batch 550/3348, Loss: 0.1718
2025-10-10 11:45:37,449 [INFO] Época 2/30, Batch 600/3348, Loss: 0.1663
2025-10-10 11:45:37,615 [INFO] Época 2/30, Batch 650/3348, Loss: 0.1307
2025-10-10 11:45:37,761 [INFO] Época 2/30, Batch 700/3348, Loss: 0.1581
2025-10-10 11:45:37,909 [INFO] Época 2/30, Batch 750/3348, Loss: 0.1786
2025-10-10 11:45:38,079 [INFO] Época 2/30, Batch 800/3348, Loss: 0.0983
2025-10-10 11:45:38,291 [INFO] Época 2/30, Batch 850/3348, Loss: 0.1133
2025-10-10 11:45:38,513 [INFO] Época 2/30, Batch 900/3348, Loss: 0.1996
2025-10-10 11:45:38,735 [INFO] Época 2/30, Batch 950/3348, Loss: 0.1233
2025-10-10 11:45:38,958 [INFO] Época 2/30, Batch 1000/3348, Loss: 0.1610
2025-10-10 11:45:39,181 [INFO] Época 2/30, Batch 1050/3348, Loss: 0.1465
2025-10-10 11:45:39,403 [INFO] Época 2/30, Batch 1100/3348, Loss: 0.1790
2025-10-10 11:45:39,622 [INFO] Época 2/30, Batch 1150/3348, Loss: 0.1387
2025-10-10 11:45:39,838 [INFO] Época 2/30, Batch 1200/3348, Loss: 0.1814
2025-10-10 11:45:40,050 [INFO] Época 2/30, Batch 1250/3348, Loss: 0.1344
2025-10-10 11:45:40,265 [INFO] Época 2/30, Batch 1300/3348, Loss: 0.1127
2025-10-10 11:45:40,481 [INFO] Época 2/30, Batch 1350/3348, Loss: 0.1852
2025-10-10 11:45:40,694 [INFO] Época 2/30, Batch 1400/3348, Loss: 0.0794
2025-10-10 11:45:40,839 [INFO] Época 2/30, Batch 1450/3348, Loss: 0.1393
2025-10-10 11:45:41,063 [INFO] Época 2/30, Batch 1500/3348, Loss: 0.1570
2025-10-10 11:45:41,351 [INFO] Época 2/30, Batch 1550/3348, Loss: 0.1085
2025-10-10 11:45:41,593 [INFO] Época 2/30, Batch 1600/3348, Loss: 0.1331
2025-10-10 11:45:41,818 [INFO] Época 2/30, Batch 1650/3348, Loss: 0.1373
2025-10-10 11:45:42,046 [INFO] Época 2/30, Batch 1700/3348, Loss: 0.1644
2025-10-10 11:45:42,258 [INFO] Época 2/30, Batch 1750/3348, Loss: 0.1499
2025-10-10 11:45:42,499 [INFO] Época 2/30, Batch 1800/3348, Loss: 0.0814
2025-10-10 11:45:42,717 [INFO] Época 2/30, Batch 1850/3348, Loss: 0.1406
2025-10-10 11:45:42,937 [INFO] Época 2/30, Batch 1900/3348, Loss: 0.1484
2025-10-10 11:45:43,150 [INFO] Época 2/30, Batch 1950/3348, Loss: 0.1138
2025-10-10 11:45:43,366 [INFO] Época 2/30, Batch 2000/3348, Loss: 0.1601
2025-10-10 11:45:43,584 [INFO] Época 2/30, Batch 2050/3348, Loss: 0.1668
2025-10-10 11:45:43,799 [INFO] Época 2/30, Batch 2100/3348, Loss: 0.1140
2025-10-10 11:45:44,037 [INFO] Época 2/30, Batch 2150/3348, Loss: 0.1667
2025-10-10 11:45:44,274 [INFO] Época 2/30, Batch 2200/3348, Loss: 0.1651
2025-10-10 11:45:44,535 [INFO] Época 2/30, Batch 2250/3348, Loss: 0.1354
2025-10-10 11:45:44,737 [INFO] Época 2/30, Batch 2300/3348, Loss: 0.1596
2025-10-10 11:45:44,919 [INFO] Época 2/30, Batch 2350/3348, Loss: 0.1484
2025-10-10 11:45:45,113 [INFO] Época 2/30, Batch 2400/3348, Loss: 0.1623
2025-10-10 11:45:45,292 [INFO] Época 2/30, Batch 2450/3348, Loss: 0.1019
2025-10-10 11:45:45,497 [INFO] Época 2/30, Batch 2500/3348, Loss: 0.1119
2025-10-10 11:45:45,710 [INFO] Época 2/30, Batch 2550/3348, Loss: 0.1398
2025-10-10 11:45:45,927 [INFO] Época 2/30, Batch 2600/3348, Loss: 0.1444
2025-10-10 11:45:46,125 [INFO] Época 2/30, Batch 2650/3348, Loss: 0.1510
2025-10-10 11:45:46,351 [INFO] Época 2/30, Batch 2700/3348, Loss: 0.1224
2025-10-10 11:45:46,607 [INFO] Época 2/30, Batch 2750/3348, Loss: 0.1365
2025-10-10 11:45:46,821 [INFO] Época 2/30, Batch 2800/3348, Loss: 0.1552
2025-10-10 11:45:47,041 [INFO] Época 2/30, Batch 2850/3348, Loss: 0.1697
2025-10-10 11:45:47,254 [INFO] Época 2/30, Batch 2900/3348, Loss: 0.1271
2025-10-10 11:45:47,396 [INFO] Época 2/30, Batch 2950/3348, Loss: 0.1542
2025-10-10 11:45:47,610 [INFO] Época 2/30, Batch 3000/3348, Loss: 0.1329
2025-10-10 11:45:47,820 [INFO] Época 2/30, Batch 3050/3348, Loss: 0.0807
2025-10-10 11:45:48,033 [INFO] Época 2/30, Batch 3100/3348, Loss: 0.2385
2025-10-10 11:45:48,245 [INFO] Época 2/30, Batch 3150/3348, Loss: 0.2208
2025-10-10 11:45:48,458 [INFO] Época 2/30, Batch 3200/3348, Loss: 0.0853
2025-10-10 11:45:48,670 [INFO] Época 2/30, Batch 3250/3348, Loss: 0.1264
2025-10-10 11:45:48,881 [INFO] Época 2/30, Batch 3300/3348, Loss: 0.1552
2025-10-10 11:45:50,436 [INFO] [2/30] Train Loss: 0.1450 | Val Loss: 0.1715 | Tempo: 15.71s
2025-10-10 11:45:50,442 [INFO] Melhor modelo salvo em: /mnt/hdd/home/jdurao/ToolBox-ChemXAI/models/mlp_qm9_AtomPair_att13_large.pth
2025-10-10 11:45:50,992 [INFO] Época 3/30, Batch 50/3348, Loss: 0.0916
2025-10-10 11:45:51,220 [INFO] Época 3/30, Batch 100/3348, Loss: 0.0833
2025-10-10 11:45:51,449 [INFO] Época 3/30, Batch 150/3348, Loss: 0.1390
2025-10-10 11:45:51,676 [INFO] Época 3/30, Batch 200/3348, Loss: 0.1361
2025-10-10 11:45:51,888 [INFO] Época 3/30, Batch 250/3348, Loss: 0.0995
2025-10-10 11:45:52,105 [INFO] Época 3/30, Batch 300/3348, Loss: 0.1763
2025-10-10 11:45:52,313 [INFO] Época 3/30, Batch 350/3348, Loss: 0.1452
2025-10-10 11:45:52,541 [INFO] Época 3/30, Batch 400/3348, Loss: 0.1134
2025-10-10 11:45:52,754 [INFO] Época 3/30, Batch 450/3348, Loss: 0.1538
2025-10-10 11:45:52,964 [INFO] Época 3/30, Batch 500/3348, Loss: 0.0879
2025-10-10 11:45:53,167 [INFO] Época 3/30, Batch 550/3348, Loss: 0.0916
2025-10-10 11:45:53,341 [INFO] Época 3/30, Batch 600/3348, Loss: 0.1152
2025-10-10 11:45:53,486 [INFO] Época 3/30, Batch 650/3348, Loss: 0.1350
2025-10-10 11:45:53,632 [INFO] Época 3/30, Batch 700/3348, Loss: 0.1187
2025-10-10 11:45:53,807 [INFO] Época 3/30, Batch 750/3348, Loss: 0.1091
2025-10-10 11:45:53,984 [INFO] Época 3/30, Batch 800/3348, Loss: 0.1126
2025-10-10 11:45:54,204 [INFO] Época 3/30, Batch 850/3348, Loss: 0.1619
2025-10-10 11:45:54,469 [INFO] Época 3/30, Batch 900/3348, Loss: 0.1067
2025-10-10 11:45:54,703 [INFO] Época 3/30, Batch 950/3348, Loss: 0.1700
2025-10-10 11:45:54,879 [INFO] Época 3/30, Batch 1000/3348, Loss: 0.0924
2025-10-10 11:45:55,097 [INFO] Época 3/30, Batch 1050/3348, Loss: 0.1099
2025-10-10 11:45:55,371 [INFO] Época 3/30, Batch 1100/3348, Loss: 0.1417
2025-10-10 11:45:55,648 [INFO] Época 3/30, Batch 1150/3348, Loss: 0.1509
2025-10-10 11:45:55,910 [INFO] Época 3/30, Batch 1200/3348, Loss: 0.1152
2025-10-10 11:45:56,163 [INFO] Época 3/30, Batch 1250/3348, Loss: 0.0687
2025-10-10 11:45:56,417 [INFO] Época 3/30, Batch 1300/3348, Loss: 0.1114
2025-10-10 11:45:56,670 [INFO] Época 3/30, Batch 1350/3348, Loss: 0.1332
2025-10-10 11:45:56,925 [INFO] Época 3/30, Batch 1400/3348, Loss: 0.1257
2025-10-10 11:45:57,071 [INFO] Época 3/30, Batch 1450/3348, Loss: 0.0944
2025-10-10 11:45:57,208 [INFO] Época 3/30, Batch 1500/3348, Loss: 0.1104
2025-10-10 11:45:57,375 [INFO] Época 3/30, Batch 1550/3348, Loss: 0.0751
2025-10-10 11:45:57,553 [INFO] Época 3/30, Batch 1600/3348, Loss: 0.1842
2025-10-10 11:45:57,730 [INFO] Época 3/30, Batch 1650/3348, Loss: 0.1278
2025-10-10 11:45:57,914 [INFO] Época 3/30, Batch 1700/3348, Loss: 0.1272
2025-10-10 11:45:58,100 [INFO] Época 3/30, Batch 1750/3348, Loss: 0.1149
2025-10-10 11:45:58,277 [INFO] Época 3/30, Batch 1800/3348, Loss: 0.1377
2025-10-10 11:45:58,463 [INFO] Época 3/30, Batch 1850/3348, Loss: 0.0622
2025-10-10 11:45:58,649 [INFO] Época 3/30, Batch 1900/3348, Loss: 0.0702
2025-10-10 11:45:58,827 [INFO] Época 3/30, Batch 1950/3348, Loss: 0.1562
2025-10-10 11:45:58,999 [INFO] Época 3/30, Batch 2000/3348, Loss: 0.1011
2025-10-10 11:45:59,176 [INFO] Época 3/30, Batch 2050/3348, Loss: 0.0937
2025-10-10 11:45:59,353 [INFO] Época 3/30, Batch 2100/3348, Loss: 0.1465
2025-10-10 11:45:59,528 [INFO] Época 3/30, Batch 2150/3348, Loss: 0.2302
2025-10-10 11:45:59,789 [INFO] Época 3/30, Batch 2200/3348, Loss: 0.1363
2025-10-10 11:46:00,041 [INFO] Época 3/30, Batch 2250/3348, Loss: 0.0974
2025-10-10 11:46:00,218 [INFO] Época 3/30, Batch 2300/3348, Loss: 0.0680
2025-10-10 11:46:00,395 [INFO] Época 3/30, Batch 2350/3348, Loss: 0.0983
2025-10-10 11:46:00,569 [INFO] Época 3/30, Batch 2400/3348, Loss: 0.0769
2025-10-10 11:46:00,721 [INFO] Época 3/30, Batch 2450/3348, Loss: 0.0763
2025-10-10 11:46:00,857 [INFO] Época 3/30, Batch 2500/3348, Loss: 0.1477
2025-10-10 11:46:01,010 [INFO] Época 3/30, Batch 2550/3348, Loss: 0.0667
2025-10-10 11:46:01,187 [INFO] Época 3/30, Batch 2600/3348, Loss: 0.1768
2025-10-10 11:46:01,365 [INFO] Época 3/30, Batch 2650/3348, Loss: 0.1108
2025-10-10 11:46:01,541 [INFO] Época 3/30, Batch 2700/3348, Loss: 0.1407
2025-10-10 11:46:01,717 [INFO] Época 3/30, Batch 2750/3348, Loss: 0.1036
2025-10-10 11:46:01,894 [INFO] Época 3/30, Batch 2800/3348, Loss: 0.1221
2025-10-10 11:46:02,071 [INFO] Época 3/30, Batch 2850/3348, Loss: 0.1091
2025-10-10 11:46:02,245 [INFO] Época 3/30, Batch 2900/3348, Loss: 0.0996
2025-10-10 11:46:02,442 [INFO] Época 3/30, Batch 2950/3348, Loss: 0.0764
2025-10-10 11:46:02,611 [INFO] Época 3/30, Batch 3000/3348, Loss: 0.1038
2025-10-10 11:46:02,827 [INFO] Época 3/30, Batch 3050/3348, Loss: 0.0877
2025-10-10 11:46:03,011 [INFO] Época 3/30, Batch 3100/3348, Loss: 0.1417
2025-10-10 11:46:03,187 [INFO] Época 3/30, Batch 3150/3348, Loss: 0.0991
2025-10-10 11:46:03,364 [INFO] Época 3/30, Batch 3200/3348, Loss: 0.1499
2025-10-10 11:46:03,541 [INFO] Época 3/30, Batch 3250/3348, Loss: 0.1941
2025-10-10 11:46:03,717 [INFO] Época 3/30, Batch 3300/3348, Loss: 0.1462
2025-10-10 11:46:05,107 [INFO] [3/30] Train Loss: 0.1188 | Val Loss: 0.1441 | Tempo: 14.66s
2025-10-10 11:46:05,110 [INFO] Melhor modelo salvo em: /mnt/hdd/home/jdurao/ToolBox-ChemXAI/models/mlp_qm9_AtomPair_att13_large.pth
2025-10-10 11:46:05,696 [INFO] Época 4/30, Batch 50/3348, Loss: 0.0961
2025-10-10 11:46:05,908 [INFO] Época 4/30, Batch 100/3348, Loss: 0.1276
2025-10-10 11:46:06,150 [INFO] Época 4/30, Batch 150/3348, Loss: 0.0790
2025-10-10 11:46:06,379 [INFO] Época 4/30, Batch 200/3348, Loss: 0.0824
2025-10-10 11:46:06,558 [INFO] Época 4/30, Batch 250/3348, Loss: 0.1163
2025-10-10 11:46:06,725 [INFO] Época 4/30, Batch 300/3348, Loss: 0.1017
2025-10-10 11:46:06,884 [INFO] Época 4/30, Batch 350/3348, Loss: 0.1054
2025-10-10 11:46:07,044 [INFO] Época 4/30, Batch 400/3348, Loss: 0.0991
2025-10-10 11:46:07,227 [INFO] Época 4/30, Batch 450/3348, Loss: 0.0682
2025-10-10 11:46:07,386 [INFO] Época 4/30, Batch 500/3348, Loss: 0.1363
2025-10-10 11:46:07,550 [INFO] Época 4/30, Batch 550/3348, Loss: 0.1301
2025-10-10 11:46:07,701 [INFO] Época 4/30, Batch 600/3348, Loss: 0.0819
2025-10-10 11:46:07,840 [INFO] Época 4/30, Batch 650/3348, Loss: 0.1800
2025-10-10 11:46:07,976 [INFO] Época 4/30, Batch 700/3348, Loss: 0.1045
2025-10-10 11:46:08,162 [INFO] Época 4/30, Batch 750/3348, Loss: 0.0955
2025-10-10 11:46:08,332 [INFO] Época 4/30, Batch 800/3348, Loss: 0.0581
2025-10-10 11:46:08,481 [INFO] Época 4/30, Batch 850/3348, Loss: 0.0899
2025-10-10 11:46:08,631 [INFO] Época 4/30, Batch 900/3348, Loss: 0.1265
2025-10-10 11:46:08,800 [INFO] Época 4/30, Batch 950/3348, Loss: 0.1049
2025-10-10 11:46:08,967 [INFO] Época 4/30, Batch 1000/3348, Loss: 0.1774
2025-10-10 11:46:09,143 [INFO] Época 4/30, Batch 1050/3348, Loss: 0.1250
2025-10-10 11:46:09,308 [INFO] Época 4/30, Batch 1100/3348, Loss: 0.1066
2025-10-10 11:46:09,481 [INFO] Época 4/30, Batch 1150/3348, Loss: 0.1123
2025-10-10 11:46:09,656 [INFO] Época 4/30, Batch 1200/3348, Loss: 0.0715
2025-10-10 11:46:09,821 [INFO] Época 4/30, Batch 1250/3348, Loss: 0.1275
2025-10-10 11:46:10,006 [INFO] Época 4/30, Batch 1300/3348, Loss: 0.1479
2025-10-10 11:46:10,175 [INFO] Época 4/30, Batch 1350/3348, Loss: 0.1112
2025-10-10 11:46:10,345 [INFO] Época 4/30, Batch 1400/3348, Loss: 0.0476
2025-10-10 11:46:10,522 [INFO] Época 4/30, Batch 1450/3348, Loss: 0.1724
2025-10-10 11:46:10,691 [INFO] Época 4/30, Batch 1500/3348, Loss: 0.1243
2025-10-10 11:46:10,872 [INFO] Época 4/30, Batch 1550/3348, Loss: 0.1200
2025-10-10 11:46:11,055 [INFO] Época 4/30, Batch 1600/3348, Loss: 0.1067
2025-10-10 11:46:11,223 [INFO] Época 4/30, Batch 1650/3348, Loss: 0.1013
2025-10-10 11:46:11,392 [INFO] Época 4/30, Batch 1700/3348, Loss: 0.1006
2025-10-10 11:46:11,532 [INFO] Época 4/30, Batch 1750/3348, Loss: 0.1434
2025-10-10 11:46:11,671 [INFO] Época 4/30, Batch 1800/3348, Loss: 0.0955
2025-10-10 11:46:11,846 [INFO] Época 4/30, Batch 1850/3348, Loss: 0.1067
2025-10-10 11:46:12,031 [INFO] Época 4/30, Batch 1900/3348, Loss: 0.0958
2025-10-10 11:46:12,220 [INFO] Época 4/30, Batch 1950/3348, Loss: 0.0690
2025-10-10 11:46:12,394 [INFO] Época 4/30, Batch 2000/3348, Loss: 0.1250
2025-10-10 11:46:12,563 [INFO] Época 4/30, Batch 2050/3348, Loss: 0.0883
2025-10-10 11:46:12,738 [INFO] Época 4/30, Batch 2100/3348, Loss: 0.1237
2025-10-10 11:46:12,917 [INFO] Época 4/30, Batch 2150/3348, Loss: 0.0676
2025-10-10 11:46:13,124 [INFO] Época 4/30, Batch 2200/3348, Loss: 0.0925
2025-10-10 11:46:13,380 [INFO] Época 4/30, Batch 2250/3348, Loss: 0.1162
2025-10-10 11:46:13,603 [INFO] Época 4/30, Batch 2300/3348, Loss: 0.1002
2025-10-10 11:46:13,779 [INFO] Época 4/30, Batch 2350/3348, Loss: 0.1018
2025-10-10 11:46:13,984 [INFO] Época 4/30, Batch 2400/3348, Loss: 0.1215
2025-10-10 11:46:14,212 [INFO] Época 4/30, Batch 2450/3348, Loss: 0.1314
2025-10-10 11:46:14,445 [INFO] Época 4/30, Batch 2500/3348, Loss: 0.1445
2025-10-10 11:46:14,658 [INFO] Época 4/30, Batch 2550/3348, Loss: 0.0580
2025-10-10 11:46:14,834 [INFO] Época 4/30, Batch 2600/3348, Loss: 0.1348
2025-10-10 11:46:14,988 [INFO] Época 4/30, Batch 2650/3348, Loss: 0.0905
2025-10-10 11:46:15,125 [INFO] Época 4/30, Batch 2700/3348, Loss: 0.1152
2025-10-10 11:46:15,277 [INFO] Época 4/30, Batch 2750/3348, Loss: 0.0943
2025-10-10 11:46:15,465 [INFO] Época 4/30, Batch 2800/3348, Loss: 0.0796
2025-10-10 11:46:15,653 [INFO] Época 4/30, Batch 2850/3348, Loss: 0.1062
2025-10-10 11:46:15,838 [INFO] Época 4/30, Batch 2900/3348, Loss: 0.0652
2025-10-10 11:46:16,024 [INFO] Época 4/30, Batch 2950/3348, Loss: 0.1360
2025-10-10 11:46:16,202 [INFO] Época 4/30, Batch 3000/3348, Loss: 0.1148
2025-10-10 11:46:16,391 [INFO] Época 4/30, Batch 3050/3348, Loss: 0.0648
2025-10-10 11:46:16,609 [INFO] Época 4/30, Batch 3100/3348, Loss: 0.0803
2025-10-10 11:46:16,847 [INFO] Época 4/30, Batch 3150/3348, Loss: 0.1580
2025-10-10 11:46:17,080 [INFO] Época 4/30, Batch 3200/3348, Loss: 0.1732
2025-10-10 11:46:17,309 [INFO] Época 4/30, Batch 3250/3348, Loss: 0.0824
2025-10-10 11:46:17,533 [INFO] Época 4/30, Batch 3300/3348, Loss: 0.0462
2025-10-10 11:46:19,280 [INFO] [4/30] Train Loss: 0.1038 | Val Loss: 0.1426 | Tempo: 14.17s
2025-10-10 11:46:19,285 [INFO] Melhor modelo salvo em: /mnt/hdd/home/jdurao/ToolBox-ChemXAI/models/mlp_qm9_AtomPair_att13_large.pth
2025-10-10 11:46:19,827 [INFO] Época 5/30, Batch 50/3348, Loss: 0.1228
2025-10-10 11:46:20,013 [INFO] Época 5/30, Batch 100/3348, Loss: 0.1397
2025-10-10 11:46:20,196 [INFO] Época 5/30, Batch 150/3348, Loss: 0.0895
2025-10-10 11:46:20,376 [INFO] Época 5/30, Batch 200/3348, Loss: 0.1133
2025-10-10 11:46:20,575 [INFO] Época 5/30, Batch 250/3348, Loss: 0.0990
2025-10-10 11:46:20,788 [INFO] Época 5/30, Batch 300/3348, Loss: 0.0938
2025-10-10 11:46:20,981 [INFO] Época 5/30, Batch 350/3348, Loss: 0.1008
2025-10-10 11:46:21,193 [INFO] Época 5/30, Batch 400/3348, Loss: 0.0712
2025-10-10 11:46:21,406 [INFO] Época 5/30, Batch 450/3348, Loss: 0.0485
2025-10-10 11:46:21,616 [INFO] Época 5/30, Batch 500/3348, Loss: 0.1011
2025-10-10 11:46:21,767 [INFO] Época 5/30, Batch 550/3348, Loss: 0.1099
2025-10-10 11:46:21,908 [INFO] Época 5/30, Batch 600/3348, Loss: 0.0852
2025-10-10 11:46:22,073 [INFO] Época 5/30, Batch 650/3348, Loss: 0.1242
2025-10-10 11:46:22,281 [INFO] Época 5/30, Batch 700/3348, Loss: 0.0836
2025-10-10 11:46:22,491 [INFO] Época 5/30, Batch 750/3348, Loss: 0.1250
2025-10-10 11:46:22,702 [INFO] Época 5/30, Batch 800/3348, Loss: 0.0965
2025-10-10 11:46:22,911 [INFO] Época 5/30, Batch 850/3348, Loss: 0.0927
2025-10-10 11:46:23,122 [INFO] Época 5/30, Batch 900/3348, Loss: 0.0902
2025-10-10 11:46:23,333 [INFO] Época 5/30, Batch 950/3348, Loss: 0.0905
2025-10-10 11:46:23,540 [INFO] Época 5/30, Batch 1000/3348, Loss: 0.1211
2025-10-10 11:46:23,753 [INFO] Época 5/30, Batch 1050/3348, Loss: 0.1020
2025-10-10 11:46:23,963 [INFO] Época 5/30, Batch 1100/3348, Loss: 0.0569
2025-10-10 11:46:24,176 [INFO] Época 5/30, Batch 1150/3348, Loss: 0.0877
2025-10-10 11:46:24,387 [INFO] Época 5/30, Batch 1200/3348, Loss: 0.1194
2025-10-10 11:46:24,602 [INFO] Época 5/30, Batch 1250/3348, Loss: 0.0818
2025-10-10 11:46:24,775 [INFO] Época 5/30, Batch 1300/3348, Loss: 0.0857
2025-10-10 11:46:24,936 [INFO] Época 5/30, Batch 1350/3348, Loss: 0.0462
2025-10-10 11:46:25,136 [INFO] Época 5/30, Batch 1400/3348, Loss: 0.0722
2025-10-10 11:46:25,351 [INFO] Época 5/30, Batch 1450/3348, Loss: 0.1103
2025-10-10 11:46:25,563 [INFO] Época 5/30, Batch 1500/3348, Loss: 0.0807
2025-10-10 11:46:25,774 [INFO] Época 5/30, Batch 1550/3348, Loss: 0.0844
2025-10-10 11:46:26,019 [INFO] Época 5/30, Batch 1600/3348, Loss: 0.1540
2025-10-10 11:46:26,265 [INFO] Época 5/30, Batch 1650/3348, Loss: 0.1028
2025-10-10 11:46:26,484 [INFO] Época 5/30, Batch 1700/3348, Loss: 0.0653
2025-10-10 11:46:26,696 [INFO] Época 5/30, Batch 1750/3348, Loss: 0.1628
2025-10-10 11:46:26,909 [INFO] Época 5/30, Batch 1800/3348, Loss: 0.0553
2025-10-10 11:46:27,122 [INFO] Época 5/30, Batch 1850/3348, Loss: 0.0625
2025-10-10 11:46:27,341 [INFO] Época 5/30, Batch 1900/3348, Loss: 0.0896
2025-10-10 11:46:27,573 [INFO] Época 5/30, Batch 1950/3348, Loss: 0.0603
2025-10-10 11:46:27,813 [INFO] Época 5/30, Batch 2000/3348, Loss: 0.1473
2025-10-10 11:46:28,035 [INFO] Época 5/30, Batch 2050/3348, Loss: 0.1047
2025-10-10 11:46:28,252 [INFO] Época 5/30, Batch 2100/3348, Loss: 0.1177
2025-10-10 11:46:28,469 [INFO] Época 5/30, Batch 2150/3348, Loss: 0.0992
2025-10-10 11:46:28,684 [INFO] Época 5/30, Batch 2200/3348, Loss: 0.0650
2025-10-10 11:46:28,898 [INFO] Época 5/30, Batch 2250/3348, Loss: 0.0509
2025-10-10 11:46:29,083 [INFO] Época 5/30, Batch 2300/3348, Loss: 0.1014
2025-10-10 11:46:29,280 [INFO] Época 5/30, Batch 2350/3348, Loss: 0.0965
2025-10-10 11:46:29,493 [INFO] Época 5/30, Batch 2400/3348, Loss: 0.1363
2025-10-10 11:46:29,708 [INFO] Época 5/30, Batch 2450/3348, Loss: 0.0869
2025-10-10 11:46:29,969 [INFO] Época 5/30, Batch 2500/3348, Loss: 0.0851
2025-10-10 11:46:30,202 [INFO] Época 5/30, Batch 2550/3348, Loss: 0.0660
2025-10-10 11:46:30,412 [INFO] Época 5/30, Batch 2600/3348, Loss: 0.1161
2025-10-10 11:46:30,649 [INFO] Época 5/30, Batch 2650/3348, Loss: 0.0984
2025-10-10 11:46:30,874 [INFO] Época 5/30, Batch 2700/3348, Loss: 0.1629
2025-10-10 11:46:31,035 [INFO] Época 5/30, Batch 2750/3348, Loss: 0.1177
2025-10-10 11:46:31,199 [INFO] Época 5/30, Batch 2800/3348, Loss: 0.2787
2025-10-10 11:46:31,403 [INFO] Época 5/30, Batch 2850/3348, Loss: 0.1310
2025-10-10 11:46:31,636 [INFO] Época 5/30, Batch 2900/3348, Loss: 0.0619
2025-10-10 11:46:31,853 [INFO] Época 5/30, Batch 2950/3348, Loss: 0.1253
2025-10-10 11:46:32,099 [INFO] Época 5/30, Batch 3000/3348, Loss: 0.0792
2025-10-10 11:46:32,347 [INFO] Época 5/30, Batch 3050/3348, Loss: 0.0932
2025-10-10 11:46:32,605 [INFO] Época 5/30, Batch 3100/3348, Loss: 0.1061
2025-10-10 11:46:32,857 [INFO] Época 5/30, Batch 3150/3348, Loss: 0.1251
2025-10-10 11:46:33,103 [INFO] Época 5/30, Batch 3200/3348, Loss: 0.0738
2025-10-10 11:46:33,351 [INFO] Época 5/30, Batch 3250/3348, Loss: 0.1319
2025-10-10 11:46:33,578 [INFO] Época 5/30, Batch 3300/3348, Loss: 0.0723
2025-10-10 11:46:35,232 [INFO] [5/30] Train Loss: 0.0927 | Val Loss: 0.1297 | Tempo: 15.95s
2025-10-10 11:46:35,238 [INFO] Melhor modelo salvo em: /mnt/hdd/home/jdurao/ToolBox-ChemXAI/models/mlp_qm9_AtomPair_att13_large.pth
2025-10-10 11:46:35,848 [INFO] Época 6/30, Batch 50/3348, Loss: 0.0939
2025-10-10 11:46:36,062 [INFO] Época 6/30, Batch 100/3348, Loss: 0.1352
2025-10-10 11:46:36,277 [INFO] Época 6/30, Batch 150/3348, Loss: 0.0994
2025-10-10 11:46:36,489 [INFO] Época 6/30, Batch 200/3348, Loss: 0.0944
2025-10-10 11:46:36,702 [INFO] Época 6/30, Batch 250/3348, Loss: 0.0612
2025-10-10 11:46:36,914 [INFO] Época 6/30, Batch 300/3348, Loss: 0.0994
2025-10-10 11:46:37,151 [INFO] Época 6/30, Batch 350/3348, Loss: 0.0963
2025-10-10 11:46:37,386 [INFO] Época 6/30, Batch 400/3348, Loss: 0.0671
2025-10-10 11:46:37,622 [INFO] Época 6/30, Batch 450/3348, Loss: 0.0519
2025-10-10 11:46:37,913 [INFO] Época 6/30, Batch 500/3348, Loss: 0.0551
2025-10-10 11:46:38,205 [INFO] Época 6/30, Batch 550/3348, Loss: 0.0864
2025-10-10 11:46:38,486 [INFO] Época 6/30, Batch 600/3348, Loss: 0.0493
2025-10-10 11:46:38,710 [INFO] Época 6/30, Batch 650/3348, Loss: 0.0470
2025-10-10 11:46:38,891 [INFO] Época 6/30, Batch 700/3348, Loss: 0.1091
2025-10-10 11:46:39,082 [INFO] Época 6/30, Batch 750/3348, Loss: 0.0536
2025-10-10 11:46:39,275 [INFO] Época 6/30, Batch 800/3348, Loss: 0.0940
2025-10-10 11:46:39,469 [INFO] Época 6/30, Batch 850/3348, Loss: 0.1183
2025-10-10 11:46:39,661 [INFO] Época 6/30, Batch 900/3348, Loss: 0.0766
2025-10-10 11:46:39,857 [INFO] Época 6/30, Batch 950/3348, Loss: 0.1067
2025-10-10 11:46:40,037 [INFO] Época 6/30, Batch 1000/3348, Loss: 0.0893
2025-10-10 11:46:40,219 [INFO] Época 6/30, Batch 1050/3348, Loss: 0.0626
2025-10-10 11:46:40,399 [INFO] Época 6/30, Batch 1100/3348, Loss: 0.1313
2025-10-10 11:46:40,587 [INFO] Época 6/30, Batch 1150/3348, Loss: 0.1075
2025-10-10 11:46:40,786 [INFO] Época 6/30, Batch 1200/3348, Loss: 0.0671
2025-10-10 11:46:40,962 [INFO] Época 6/30, Batch 1250/3348, Loss: 0.1121
2025-10-10 11:46:41,122 [INFO] Época 6/30, Batch 1300/3348, Loss: 0.0589
2025-10-10 11:46:41,260 [INFO] Época 6/30, Batch 1350/3348, Loss: 0.0799
2025-10-10 11:46:41,404 [INFO] Época 6/30, Batch 1400/3348, Loss: 0.0664
2025-10-10 11:46:41,589 [INFO] Época 6/30, Batch 1450/3348, Loss: 0.0672
2025-10-10 11:46:41,765 [INFO] Época 6/30, Batch 1500/3348, Loss: 0.0805
2025-10-10 11:46:41,942 [INFO] Época 6/30, Batch 1550/3348, Loss: 0.1256
2025-10-10 11:46:42,118 [INFO] Época 6/30, Batch 1600/3348, Loss: 0.0879
2025-10-10 11:46:42,294 [INFO] Época 6/30, Batch 1650/3348, Loss: 0.1007
2025-10-10 11:46:42,470 [INFO] Época 6/30, Batch 1700/3348, Loss: 0.0811
2025-10-10 11:46:42,647 [INFO] Época 6/30, Batch 1750/3348, Loss: 0.1530
2025-10-10 11:46:42,822 [INFO] Época 6/30, Batch 1800/3348, Loss: 0.1097
2025-10-10 11:46:42,998 [INFO] Época 6/30, Batch 1850/3348, Loss: 0.0491
2025-10-10 11:46:43,175 [INFO] Época 6/30, Batch 1900/3348, Loss: 0.1319
2025-10-10 11:46:43,349 [INFO] Época 6/30, Batch 1950/3348, Loss: 0.0611
2025-10-10 11:46:43,525 [INFO] Época 6/30, Batch 2000/3348, Loss: 0.1293
2025-10-10 11:46:43,703 [INFO] Época 6/30, Batch 2050/3348, Loss: 0.0917
2025-10-10 11:46:43,877 [INFO] Época 6/30, Batch 2100/3348, Loss: 0.0973
2025-10-10 11:46:44,053 [INFO] Época 6/30, Batch 2150/3348, Loss: 0.0620
2025-10-10 11:46:44,229 [INFO] Época 6/30, Batch 2200/3348, Loss: 0.0385
2025-10-10 11:46:44,413 [INFO] Época 6/30, Batch 2250/3348, Loss: 0.0739
2025-10-10 11:46:44,589 [INFO] Época 6/30, Batch 2300/3348, Loss: 0.0974
2025-10-10 11:46:44,746 [INFO] Época 6/30, Batch 2350/3348, Loss: 0.1059
2025-10-10 11:46:44,884 [INFO] Época 6/30, Batch 2400/3348, Loss: 0.1010
2025-10-10 11:46:45,025 [INFO] Época 6/30, Batch 2450/3348, Loss: 0.1001
2025-10-10 11:46:45,202 [INFO] Época 6/30, Batch 2500/3348, Loss: 0.0826
2025-10-10 11:46:45,438 [INFO] Época 6/30, Batch 2550/3348, Loss: 0.1113
2025-10-10 11:46:45,684 [INFO] Época 6/30, Batch 2600/3348, Loss: 0.0955
2025-10-10 11:46:45,930 [INFO] Época 6/30, Batch 2650/3348, Loss: 0.0689
2025-10-10 11:46:46,184 [INFO] Época 6/30, Batch 2700/3348, Loss: 0.0920
2025-10-10 11:46:46,389 [INFO] Época 6/30, Batch 2750/3348, Loss: 0.0543
2025-10-10 11:46:46,646 [INFO] Época 6/30, Batch 2800/3348, Loss: 0.1327
2025-10-10 11:46:46,907 [INFO] Época 6/30, Batch 2850/3348, Loss: 0.0935
2025-10-10 11:46:47,158 [INFO] Época 6/30, Batch 2900/3348, Loss: 0.0776
2025-10-10 11:46:47,413 [INFO] Época 6/30, Batch 2950/3348, Loss: 0.1289
2025-10-10 11:46:47,670 [INFO] Época 6/30, Batch 3000/3348, Loss: 0.1284
2025-10-10 11:46:47,879 [INFO] Época 6/30, Batch 3050/3348, Loss: 0.0703
2025-10-10 11:46:48,122 [INFO] Época 6/30, Batch 3100/3348, Loss: 0.0699
2025-10-10 11:46:48,342 [INFO] Época 6/30, Batch 3150/3348, Loss: 0.0569
2025-10-10 11:46:48,534 [INFO] Época 6/30, Batch 3200/3348, Loss: 0.0454
2025-10-10 11:46:48,684 [INFO] Época 6/30, Batch 3250/3348, Loss: 0.0776
2025-10-10 11:46:48,860 [INFO] Época 6/30, Batch 3300/3348, Loss: 0.0595
2025-10-10 11:46:50,451 [INFO] [6/30] Train Loss: 0.0856 | Val Loss: 0.1194 | Tempo: 15.21s
2025-10-10 11:46:50,454 [INFO] Melhor modelo salvo em: /mnt/hdd/home/jdurao/ToolBox-ChemXAI/models/mlp_qm9_AtomPair_att13_large.pth
2025-10-10 11:46:51,010 [INFO] Época 7/30, Batch 50/3348, Loss: 0.0392
2025-10-10 11:46:51,196 [INFO] Época 7/30, Batch 100/3348, Loss: 0.0765
2025-10-10 11:46:51,396 [INFO] Época 7/30, Batch 150/3348, Loss: 0.0623
2025-10-10 11:46:51,565 [INFO] Época 7/30, Batch 200/3348, Loss: 0.0720
2025-10-10 11:46:51,702 [INFO] Época 7/30, Batch 250/3348, Loss: 0.1364
2025-10-10 11:46:51,839 [INFO] Época 7/30, Batch 300/3348, Loss: 0.0921
2025-10-10 11:46:52,025 [INFO] Época 7/30, Batch 350/3348, Loss: 0.1112
2025-10-10 11:46:52,201 [INFO] Época 7/30, Batch 400/3348, Loss: 0.0911
2025-10-10 11:46:52,377 [INFO] Época 7/30, Batch 450/3348, Loss: 0.0473
2025-10-10 11:46:52,557 [INFO] Época 7/30, Batch 500/3348, Loss: 0.0697
2025-10-10 11:46:52,744 [INFO] Época 7/30, Batch 550/3348, Loss: 0.0556
2025-10-10 11:46:52,939 [INFO] Época 7/30, Batch 600/3348, Loss: 0.0663
2025-10-10 11:46:53,159 [INFO] Época 7/30, Batch 650/3348, Loss: 0.0851
2025-10-10 11:46:53,371 [INFO] Época 7/30, Batch 700/3348, Loss: 0.1163
2025-10-10 11:46:53,582 [INFO] Época 7/30, Batch 750/3348, Loss: 0.0469
2025-10-10 11:46:53,763 [INFO] Época 7/30, Batch 800/3348, Loss: 0.0426
2025-10-10 11:46:53,943 [INFO] Época 7/30, Batch 850/3348, Loss: 0.0855
2025-10-10 11:46:54,123 [INFO] Época 7/30, Batch 900/3348, Loss: 0.0375
2025-10-10 11:46:54,305 [INFO] Época 7/30, Batch 950/3348, Loss: 0.1128
2025-10-10 11:46:54,484 [INFO] Época 7/30, Batch 1000/3348, Loss: 0.0512
2025-10-10 11:46:54,664 [INFO] Época 7/30, Batch 1050/3348, Loss: 0.0577
2025-10-10 11:46:54,859 [INFO] Época 7/30, Batch 1100/3348, Loss: 0.1105
2025-10-10 11:46:55,040 [INFO] Época 7/30, Batch 1150/3348, Loss: 0.0507
2025-10-10 11:46:55,195 [INFO] Época 7/30, Batch 1200/3348, Loss: 0.1350
2025-10-10 11:46:55,343 [INFO] Época 7/30, Batch 1250/3348, Loss: 0.0708
2025-10-10 11:46:55,500 [INFO] Época 7/30, Batch 1300/3348, Loss: 0.1041
2025-10-10 11:46:55,684 [INFO] Época 7/30, Batch 1350/3348, Loss: 0.0543
2025-10-10 11:46:55,867 [INFO] Época 7/30, Batch 1400/3348, Loss: 0.0596
2025-10-10 11:46:56,066 [INFO] Época 7/30, Batch 1450/3348, Loss: 0.0664
2025-10-10 11:46:56,333 [INFO] Época 7/30, Batch 1500/3348, Loss: 0.0865
2025-10-10 11:46:56,590 [INFO] Época 7/30, Batch 1550/3348, Loss: 0.0724
2025-10-10 11:46:56,852 [INFO] Época 7/30, Batch 1600/3348, Loss: 0.1121
2025-10-10 11:46:57,104 [INFO] Época 7/30, Batch 1650/3348, Loss: 0.0942
2025-10-10 11:46:57,292 [INFO] Época 7/30, Batch 1700/3348, Loss: 0.0523
2025-10-10 11:46:57,554 [INFO] Época 7/30, Batch 1750/3348, Loss: 0.0502
2025-10-10 11:46:57,816 [INFO] Época 7/30, Batch 1800/3348, Loss: 0.0975
2025-10-10 11:46:58,071 [INFO] Época 7/30, Batch 1850/3348, Loss: 0.0720
2025-10-10 11:46:58,319 [INFO] Época 7/30, Batch 1900/3348, Loss: 0.0804
2025-10-10 11:46:58,567 [INFO] Época 7/30, Batch 1950/3348, Loss: 0.1100
2025-10-10 11:46:58,801 [INFO] Época 7/30, Batch 2000/3348, Loss: 0.1161
2025-10-10 11:46:59,057 [INFO] Época 7/30, Batch 2050/3348, Loss: 0.0820
2025-10-10 11:46:59,302 [INFO] Época 7/30, Batch 2100/3348, Loss: 0.0576
2025-10-10 11:46:59,563 [INFO] Época 7/30, Batch 2150/3348, Loss: 0.0838
2025-10-10 11:46:59,825 [INFO] Época 7/30, Batch 2200/3348, Loss: 0.0448
2025-10-10 11:47:00,087 [INFO] Época 7/30, Batch 2250/3348, Loss: 0.0581
2025-10-10 11:47:00,348 [INFO] Época 7/30, Batch 2300/3348, Loss: 0.0609
2025-10-10 11:47:00,610 [INFO] Época 7/30, Batch 2350/3348, Loss: 0.1040
2025-10-10 11:47:00,849 [INFO] Época 7/30, Batch 2400/3348, Loss: 0.1939
2025-10-10 11:47:01,087 [INFO] Época 7/30, Batch 2450/3348, Loss: 0.1136
2025-10-10 11:47:01,314 [INFO] Época 7/30, Batch 2500/3348, Loss: 0.1287
2025-10-10 11:47:01,535 [INFO] Época 7/30, Batch 2550/3348, Loss: 0.0484
2025-10-10 11:47:01,761 [INFO] Época 7/30, Batch 2600/3348, Loss: 0.1021
2025-10-10 11:47:01,976 [INFO] Época 7/30, Batch 2650/3348, Loss: 0.0587
2025-10-10 11:47:02,159 [INFO] Época 7/30, Batch 2700/3348, Loss: 0.0430
2025-10-10 11:47:02,293 [INFO] Época 7/30, Batch 2750/3348, Loss: 0.0842
2025-10-10 11:47:02,428 [INFO] Época 7/30, Batch 2800/3348, Loss: 0.0623
2025-10-10 11:47:02,616 [INFO] Época 7/30, Batch 2850/3348, Loss: 0.0528
2025-10-10 11:47:02,822 [INFO] Época 7/30, Batch 2900/3348, Loss: 0.0572
2025-10-10 11:47:03,027 [INFO] Época 7/30, Batch 2950/3348, Loss: 0.0995
2025-10-10 11:47:03,259 [INFO] Época 7/30, Batch 3000/3348, Loss: 0.0900
2025-10-10 11:47:03,497 [INFO] Época 7/30, Batch 3050/3348, Loss: 0.0781
2025-10-10 11:47:03,749 [INFO] Época 7/30, Batch 3100/3348, Loss: 0.0608
2025-10-10 11:47:04,004 [INFO] Época 7/30, Batch 3150/3348, Loss: 0.0787
2025-10-10 11:47:04,262 [INFO] Época 7/30, Batch 3200/3348, Loss: 0.0951
2025-10-10 11:47:04,505 [INFO] Época 7/30, Batch 3250/3348, Loss: 0.0538
2025-10-10 11:47:04,750 [INFO] Época 7/30, Batch 3300/3348, Loss: 0.0782
2025-10-10 11:47:06,322 [INFO] [7/30] Train Loss: 0.0805 | Val Loss: 0.1314 | Tempo: 15.87s
2025-10-10 11:47:06,887 [INFO] Época 8/30, Batch 50/3348, Loss: 0.0337
2025-10-10 11:47:07,131 [INFO] Época 8/30, Batch 100/3348, Loss: 0.0583
2025-10-10 11:47:07,390 [INFO] Época 8/30, Batch 150/3348, Loss: 0.0370
2025-10-10 11:47:07,619 [INFO] Época 8/30, Batch 200/3348, Loss: 0.0738
2025-10-10 11:47:07,835 [INFO] Época 8/30, Batch 250/3348, Loss: 0.0842
2025-10-10 11:47:08,062 [INFO] Época 8/30, Batch 300/3348, Loss: 0.0833
2025-10-10 11:47:08,283 [INFO] Época 8/30, Batch 350/3348, Loss: 0.0625
2025-10-10 11:47:08,503 [INFO] Época 8/30, Batch 400/3348, Loss: 0.0704
2025-10-10 11:47:08,732 [INFO] Época 8/30, Batch 450/3348, Loss: 0.0374
2025-10-10 11:47:08,962 [INFO] Época 8/30, Batch 500/3348, Loss: 0.0778
2025-10-10 11:47:09,191 [INFO] Época 8/30, Batch 550/3348, Loss: 0.0742
2025-10-10 11:47:09,410 [INFO] Época 8/30, Batch 600/3348, Loss: 0.0556
2025-10-10 11:47:09,620 [INFO] Época 8/30, Batch 650/3348, Loss: 0.0715
2025-10-10 11:47:09,828 [INFO] Época 8/30, Batch 700/3348, Loss: 0.0588
2025-10-10 11:47:10,047 [INFO] Época 8/30, Batch 750/3348, Loss: 0.0831
2025-10-10 11:47:10,259 [INFO] Época 8/30, Batch 800/3348, Loss: 0.0374
2025-10-10 11:47:10,469 [INFO] Época 8/30, Batch 850/3348, Loss: 0.0806
2025-10-10 11:47:10,691 [INFO] Época 8/30, Batch 900/3348, Loss: 0.0538
2025-10-10 11:47:10,909 [INFO] Época 8/30, Batch 950/3348, Loss: 0.1079
2025-10-10 11:47:11,129 [INFO] Época 8/30, Batch 1000/3348, Loss: 0.0779
2025-10-10 11:47:11,347 [INFO] Época 8/30, Batch 1050/3348, Loss: 0.0557
2025-10-10 11:47:11,562 [INFO] Época 8/30, Batch 1100/3348, Loss: 0.0556
2025-10-10 11:47:11,799 [INFO] Época 8/30, Batch 1150/3348, Loss: 0.1127
2025-10-10 11:47:12,026 [INFO] Época 8/30, Batch 1200/3348, Loss: 0.0414
2025-10-10 11:47:12,233 [INFO] Época 8/30, Batch 1250/3348, Loss: 0.0606
2025-10-10 11:47:12,444 [INFO] Época 8/30, Batch 1300/3348, Loss: 0.0374
2025-10-10 11:47:12,665 [INFO] Época 8/30, Batch 1350/3348, Loss: 0.0944
2025-10-10 11:47:12,876 [INFO] Época 8/30, Batch 1400/3348, Loss: 0.1255
2025-10-10 11:47:13,086 [INFO] Época 8/30, Batch 1450/3348, Loss: 0.1305
2025-10-10 11:47:13,298 [INFO] Época 8/30, Batch 1500/3348, Loss: 0.0877
2025-10-10 11:47:13,515 [INFO] Época 8/30, Batch 1550/3348, Loss: 0.0882
2025-10-10 11:47:13,725 [INFO] Época 8/30, Batch 1600/3348, Loss: 0.0754
2025-10-10 11:47:13,934 [INFO] Época 8/30, Batch 1650/3348, Loss: 0.0527
2025-10-10 11:47:14,150 [INFO] Época 8/30, Batch 1700/3348, Loss: 0.0363
2025-10-10 11:47:14,360 [INFO] Época 8/30, Batch 1750/3348, Loss: 0.1034
2025-10-10 11:47:14,570 [INFO] Época 8/30, Batch 1800/3348, Loss: 0.0863
2025-10-10 11:47:14,788 [INFO] Época 8/30, Batch 1850/3348, Loss: 0.0565
2025-10-10 11:47:15,013 [INFO] Época 8/30, Batch 1900/3348, Loss: 0.0973
2025-10-10 11:47:15,244 [INFO] Época 8/30, Batch 1950/3348, Loss: 0.1125
2025-10-10 11:47:15,462 [INFO] Época 8/30, Batch 2000/3348, Loss: 0.0626
2025-10-10 11:47:15,679 [INFO] Época 8/30, Batch 2050/3348, Loss: 0.0792
2025-10-10 11:47:15,893 [INFO] Época 8/30, Batch 2100/3348, Loss: 0.0436
2025-10-10 11:47:16,108 [INFO] Época 8/30, Batch 2150/3348, Loss: 0.1040
2025-10-10 11:47:16,331 [INFO] Época 8/30, Batch 2200/3348, Loss: 0.0598
2025-10-10 11:47:16,549 [INFO] Época 8/30, Batch 2250/3348, Loss: 0.0450
2025-10-10 11:47:16,780 [INFO] Época 8/30, Batch 2300/3348, Loss: 0.0784
2025-10-10 11:47:16,991 [INFO] Época 8/30, Batch 2350/3348, Loss: 0.0716
2025-10-10 11:47:17,198 [INFO] Época 8/30, Batch 2400/3348, Loss: 0.0661
2025-10-10 11:47:17,409 [INFO] Época 8/30, Batch 2450/3348, Loss: 0.0878
2025-10-10 11:47:17,652 [INFO] Época 8/30, Batch 2500/3348, Loss: 0.0956
2025-10-10 11:47:17,867 [INFO] Época 8/30, Batch 2550/3348, Loss: 0.0958
2025-10-10 11:47:18,083 [INFO] Época 8/30, Batch 2600/3348, Loss: 0.0455
2025-10-10 11:47:18,312 [INFO] Época 8/30, Batch 2650/3348, Loss: 0.1117
2025-10-10 11:47:18,520 [INFO] Época 8/30, Batch 2700/3348, Loss: 0.0987
2025-10-10 11:47:18,730 [INFO] Época 8/30, Batch 2750/3348, Loss: 0.1041
2025-10-10 11:47:18,939 [INFO] Época 8/30, Batch 2800/3348, Loss: 0.1297
2025-10-10 11:47:19,133 [INFO] Época 8/30, Batch 2850/3348, Loss: 0.1234
2025-10-10 11:47:19,343 [INFO] Época 8/30, Batch 2900/3348, Loss: 0.1012
2025-10-10 11:47:19,553 [INFO] Época 8/30, Batch 2950/3348, Loss: 0.0534
2025-10-10 11:47:19,773 [INFO] Época 8/30, Batch 3000/3348, Loss: 0.1103
2025-10-10 11:47:19,986 [INFO] Época 8/30, Batch 3050/3348, Loss: 0.0836
2025-10-10 11:47:20,196 [INFO] Época 8/30, Batch 3100/3348, Loss: 0.0892
2025-10-10 11:47:20,403 [INFO] Época 8/30, Batch 3150/3348, Loss: 0.0931
2025-10-10 11:47:20,602 [INFO] Época 8/30, Batch 3200/3348, Loss: 0.0689
2025-10-10 11:47:20,776 [INFO] Época 8/30, Batch 3250/3348, Loss: 0.0648
2025-10-10 11:47:20,984 [INFO] Época 8/30, Batch 3300/3348, Loss: 0.0677
2025-10-10 11:47:22,445 [INFO] [8/30] Train Loss: 0.0768 | Val Loss: 0.1227 | Tempo: 16.12s
2025-10-10 11:47:23,005 [INFO] Época 9/30, Batch 50/3348, Loss: 0.0736
2025-10-10 11:47:23,238 [INFO] Época 9/30, Batch 100/3348, Loss: 0.0381
2025-10-10 11:47:23,450 [INFO] Época 9/30, Batch 150/3348, Loss: 0.0697
2025-10-10 11:47:23,674 [INFO] Época 9/30, Batch 200/3348, Loss: 0.0243
2025-10-10 11:47:23,940 [INFO] Época 9/30, Batch 250/3348, Loss: 0.0473
2025-10-10 11:47:24,204 [INFO] Época 9/30, Batch 300/3348, Loss: 0.0821
2025-10-10 11:47:24,428 [INFO] Época 9/30, Batch 350/3348, Loss: 0.0651
2025-10-10 11:47:24,675 [INFO] Época 9/30, Batch 400/3348, Loss: 0.0898
2025-10-10 11:47:24,931 [INFO] Época 9/30, Batch 450/3348, Loss: 0.0576
2025-10-10 11:47:25,193 [INFO] Época 9/30, Batch 500/3348, Loss: 0.0977
2025-10-10 11:47:25,453 [INFO] Época 9/30, Batch 550/3348, Loss: 0.0896
2025-10-10 11:47:25,714 [INFO] Época 9/30, Batch 600/3348, Loss: 0.0290
2025-10-10 11:47:25,959 [INFO] Época 9/30, Batch 650/3348, Loss: 0.0672
2025-10-10 11:47:26,205 [INFO] Época 9/30, Batch 700/3348, Loss: 0.0628
2025-10-10 11:47:26,434 [INFO] Época 9/30, Batch 750/3348, Loss: 0.0649
2025-10-10 11:47:26,677 [INFO] Época 9/30, Batch 800/3348, Loss: 0.0528
2025-10-10 11:47:26,920 [INFO] Época 9/30, Batch 850/3348, Loss: 0.0619
2025-10-10 11:47:27,153 [INFO] Época 9/30, Batch 900/3348, Loss: 0.1078
2025-10-10 11:47:27,363 [INFO] Época 9/30, Batch 950/3348, Loss: 0.0780
2025-10-10 11:47:27,598 [INFO] Época 9/30, Batch 1000/3348, Loss: 0.0424
2025-10-10 11:47:27,854 [INFO] Época 9/30, Batch 1050/3348, Loss: 0.0693
2025-10-10 11:47:28,100 [INFO] Época 9/30, Batch 1100/3348, Loss: 0.0666
2025-10-10 11:47:28,361 [INFO] Época 9/30, Batch 1150/3348, Loss: 0.0374
2025-10-10 11:47:28,593 [INFO] Época 9/30, Batch 1200/3348, Loss: 0.1092
2025-10-10 11:47:28,828 [INFO] Época 9/30, Batch 1250/3348, Loss: 0.0365
2025-10-10 11:47:29,090 [INFO] Época 9/30, Batch 1300/3348, Loss: 0.0444
2025-10-10 11:47:29,347 [INFO] Época 9/30, Batch 1350/3348, Loss: 0.0597
2025-10-10 11:47:29,573 [INFO] Época 9/30, Batch 1400/3348, Loss: 0.1051
2025-10-10 11:47:29,794 [INFO] Época 9/30, Batch 1450/3348, Loss: 0.0630
2025-10-10 11:47:30,010 [INFO] Época 9/30, Batch 1500/3348, Loss: 0.1145
2025-10-10 11:47:30,227 [INFO] Época 9/30, Batch 1550/3348, Loss: 0.0530
2025-10-10 11:47:30,443 [INFO] Época 9/30, Batch 1600/3348, Loss: 0.1040
2025-10-10 11:47:30,601 [INFO] Época 9/30, Batch 1650/3348, Loss: 0.0801
2025-10-10 11:47:30,756 [INFO] Época 9/30, Batch 1700/3348, Loss: 0.0761
2025-10-10 11:47:30,998 [INFO] Época 9/30, Batch 1750/3348, Loss: 0.1330
2025-10-10 11:47:31,260 [INFO] Época 9/30, Batch 1800/3348, Loss: 0.1359
2025-10-10 11:47:31,517 [INFO] Época 9/30, Batch 1850/3348, Loss: 0.0880
2025-10-10 11:47:31,705 [INFO] Época 9/30, Batch 1900/3348, Loss: 0.0779
2025-10-10 11:47:31,921 [INFO] Época 9/30, Batch 1950/3348, Loss: 0.1200
2025-10-10 11:47:32,178 [INFO] Época 9/30, Batch 2000/3348, Loss: 0.1070
2025-10-10 11:47:32,439 [INFO] Época 9/30, Batch 2050/3348, Loss: 0.0490
2025-10-10 11:47:32,696 [INFO] Época 9/30, Batch 2100/3348, Loss: 0.0646
2025-10-10 11:47:32,956 [INFO] Época 9/30, Batch 2150/3348, Loss: 0.0600
2025-10-10 11:47:33,208 [INFO] Época 9/30, Batch 2200/3348, Loss: 0.0630
2025-10-10 11:47:33,471 [INFO] Época 9/30, Batch 2250/3348, Loss: 0.1133
2025-10-10 11:47:33,730 [INFO] Época 9/30, Batch 2300/3348, Loss: 0.0328
2025-10-10 11:47:33,987 [INFO] Época 9/30, Batch 2350/3348, Loss: 0.0915
2025-10-10 11:47:34,216 [INFO] Época 9/30, Batch 2400/3348, Loss: 0.0524
2025-10-10 11:47:34,455 [INFO] Época 9/30, Batch 2450/3348, Loss: 0.0709
2025-10-10 11:47:34,682 [INFO] Época 9/30, Batch 2500/3348, Loss: 0.0458
2025-10-10 11:47:34,858 [INFO] Época 9/30, Batch 2550/3348, Loss: 0.0771
2025-10-10 11:47:35,034 [INFO] Época 9/30, Batch 2600/3348, Loss: 0.0453
2025-10-10 11:47:35,223 [INFO] Época 9/30, Batch 2650/3348, Loss: 0.0910
2025-10-10 11:47:35,435 [INFO] Época 9/30, Batch 2700/3348, Loss: 0.1088
2025-10-10 11:47:35,613 [INFO] Época 9/30, Batch 2750/3348, Loss: 0.0682
2025-10-10 11:47:35,787 [INFO] Época 9/30, Batch 2800/3348, Loss: 0.0772
2025-10-10 11:47:35,962 [INFO] Época 9/30, Batch 2850/3348, Loss: 0.0652
2025-10-10 11:47:36,138 [INFO] Época 9/30, Batch 2900/3348, Loss: 0.0843
2025-10-10 11:47:36,314 [INFO] Época 9/30, Batch 2950/3348, Loss: 0.0588
2025-10-10 11:47:36,491 [INFO] Época 9/30, Batch 3000/3348, Loss: 0.0878
2025-10-10 11:47:36,667 [INFO] Época 9/30, Batch 3050/3348, Loss: 0.0662
2025-10-10 11:47:36,846 [INFO] Época 9/30, Batch 3100/3348, Loss: 0.0793
2025-10-10 11:47:37,025 [INFO] Época 9/30, Batch 3150/3348, Loss: 0.0528
2025-10-10 11:47:37,200 [INFO] Época 9/30, Batch 3200/3348, Loss: 0.0897
2025-10-10 11:47:37,375 [INFO] Época 9/30, Batch 3250/3348, Loss: 0.0646
2025-10-10 11:47:37,557 [INFO] Época 9/30, Batch 3300/3348, Loss: 0.0491
2025-10-10 11:47:38,956 [INFO] [9/30] Train Loss: 0.0727 | Val Loss: 0.1291 | Tempo: 16.51s
2025-10-10 11:47:39,536 [INFO] Época 10/30, Batch 50/3348, Loss: 0.0242
2025-10-10 11:47:39,737 [INFO] Época 10/30, Batch 100/3348, Loss: 0.0884
2025-10-10 11:47:39,914 [INFO] Época 10/30, Batch 150/3348, Loss: 0.0679
2025-10-10 11:47:40,090 [INFO] Época 10/30, Batch 200/3348, Loss: 0.0648
2025-10-10 11:47:40,279 [INFO] Época 10/30, Batch 250/3348, Loss: 0.0760
2025-10-10 11:47:40,465 [INFO] Época 10/30, Batch 300/3348, Loss: 0.0374
2025-10-10 11:47:40,644 [INFO] Época 10/30, Batch 350/3348, Loss: 0.0494
2025-10-10 11:47:40,813 [INFO] Época 10/30, Batch 400/3348, Loss: 0.0630
2025-10-10 11:47:41,030 [INFO] Época 10/30, Batch 450/3348, Loss: 0.0783
2025-10-10 11:47:41,276 [INFO] Época 10/30, Batch 500/3348, Loss: 0.0819
2025-10-10 11:47:41,534 [INFO] Época 10/30, Batch 550/3348, Loss: 0.0371
2025-10-10 11:47:41,738 [INFO] Época 10/30, Batch 600/3348, Loss: 0.0540
2025-10-10 11:47:41,922 [INFO] Época 10/30, Batch 650/3348, Loss: 0.0859
2025-10-10 11:47:42,102 [INFO] Época 10/30, Batch 700/3348, Loss: 0.0392
2025-10-10 11:47:42,280 [INFO] Época 10/30, Batch 750/3348, Loss: 0.0888
2025-10-10 11:47:42,499 [INFO] Época 10/30, Batch 800/3348, Loss: 0.0787
2025-10-10 11:47:42,738 [INFO] Época 10/30, Batch 850/3348, Loss: 0.0359
2025-10-10 11:47:42,987 [INFO] Época 10/30, Batch 900/3348, Loss: 0.0816
2025-10-10 11:47:43,248 [INFO] Época 10/30, Batch 950/3348, Loss: 0.0876
2025-10-10 11:47:43,491 [INFO] Época 10/30, Batch 1000/3348, Loss: 0.0660
2025-10-10 11:47:43,740 [INFO] Época 10/30, Batch 1050/3348, Loss: 0.0915
2025-10-10 11:47:43,999 [INFO] Época 10/30, Batch 1100/3348, Loss: 0.0453
2025-10-10 11:47:44,252 [INFO] Época 10/30, Batch 1150/3348, Loss: 0.0547
2025-10-10 11:47:44,509 [INFO] Época 10/30, Batch 1200/3348, Loss: 0.0524
2025-10-10 11:47:44,704 [INFO] Época 10/30, Batch 1250/3348, Loss: 0.0403
2025-10-10 11:47:44,877 [INFO] Época 10/30, Batch 1300/3348, Loss: 0.0516
2025-10-10 11:47:45,013 [INFO] Época 10/30, Batch 1350/3348, Loss: 0.0444
2025-10-10 11:47:45,148 [INFO] Época 10/30, Batch 1400/3348, Loss: 0.1065
2025-10-10 11:47:45,322 [INFO] Época 10/30, Batch 1450/3348, Loss: 0.0863
2025-10-10 11:47:45,504 [INFO] Época 10/30, Batch 1500/3348, Loss: 0.1002
2025-10-10 11:47:45,757 [INFO] Época 10/30, Batch 1550/3348, Loss: 0.0916
2025-10-10 11:47:46,010 [INFO] Época 10/30, Batch 1600/3348, Loss: 0.0496
2025-10-10 11:47:46,234 [INFO] Época 10/30, Batch 1650/3348, Loss: 0.0698
2025-10-10 11:47:46,450 [INFO] Época 10/30, Batch 1700/3348, Loss: 0.0262
2025-10-10 11:47:46,661 [INFO] Época 10/30, Batch 1750/3348, Loss: 0.0657
2025-10-10 11:47:46,873 [INFO] Época 10/30, Batch 1800/3348, Loss: 0.0530
2025-10-10 11:47:47,086 [INFO] Época 10/30, Batch 1850/3348, Loss: 0.0856
2025-10-10 11:47:47,299 [INFO] Época 10/30, Batch 1900/3348, Loss: 0.0454
2025-10-10 11:47:47,512 [INFO] Época 10/30, Batch 1950/3348, Loss: 0.0932
2025-10-10 11:47:47,725 [INFO] Época 10/30, Batch 2000/3348, Loss: 0.0924
2025-10-10 11:47:47,938 [INFO] Época 10/30, Batch 2050/3348, Loss: 0.0856
2025-10-10 11:47:48,159 [INFO] Época 10/30, Batch 2100/3348, Loss: 0.0637
2025-10-10 11:47:48,388 [INFO] Época 10/30, Batch 2150/3348, Loss: 0.0617
2025-10-10 11:47:48,600 [INFO] Época 10/30, Batch 2200/3348, Loss: 0.0746
2025-10-10 11:47:48,820 [INFO] Época 10/30, Batch 2250/3348, Loss: 0.0561
2025-10-10 11:47:49,032 [INFO] Época 10/30, Batch 2300/3348, Loss: 0.0475
2025-10-10 11:47:49,243 [INFO] Época 10/30, Batch 2350/3348, Loss: 0.0769
2025-10-10 11:47:49,455 [INFO] Época 10/30, Batch 2400/3348, Loss: 0.0532
2025-10-10 11:47:49,665 [INFO] Época 10/30, Batch 2450/3348, Loss: 0.0520
2025-10-10 11:47:49,877 [INFO] Época 10/30, Batch 2500/3348, Loss: 0.0504
2025-10-10 11:47:50,088 [INFO] Época 10/30, Batch 2550/3348, Loss: 0.0452
2025-10-10 11:47:50,300 [INFO] Época 10/30, Batch 2600/3348, Loss: 0.0633
2025-10-10 11:47:50,510 [INFO] Época 10/30, Batch 2650/3348, Loss: 0.0857
2025-10-10 11:47:50,720 [INFO] Época 10/30, Batch 2700/3348, Loss: 0.0528
2025-10-10 11:47:50,931 [INFO] Época 10/30, Batch 2750/3348, Loss: 0.0675
2025-10-10 11:47:51,098 [INFO] Época 10/30, Batch 2800/3348, Loss: 0.0711
2025-10-10 11:47:51,243 [INFO] Época 10/30, Batch 2850/3348, Loss: 0.0241
2025-10-10 11:47:51,394 [INFO] Época 10/30, Batch 2900/3348, Loss: 0.0656
2025-10-10 11:47:51,585 [INFO] Época 10/30, Batch 2950/3348, Loss: 0.0451
2025-10-10 11:47:51,760 [INFO] Época 10/30, Batch 3000/3348, Loss: 0.0993
2025-10-10 11:47:51,940 [INFO] Época 10/30, Batch 3050/3348, Loss: 0.0510
2025-10-10 11:47:52,095 [INFO] Época 10/30, Batch 3100/3348, Loss: 0.0279
2025-10-10 11:47:52,250 [INFO] Época 10/30, Batch 3150/3348, Loss: 0.0351
2025-10-10 11:47:52,406 [INFO] Época 10/30, Batch 3200/3348, Loss: 0.1090
2025-10-10 11:47:52,559 [INFO] Época 10/30, Batch 3250/3348, Loss: 0.0505
2025-10-10 11:47:52,716 [INFO] Época 10/30, Batch 3300/3348, Loss: 0.1013
2025-10-10 11:47:54,240 [INFO] [10/30] Train Loss: 0.0699 | Val Loss: 0.1086 | Tempo: 15.28s
2025-10-10 11:47:54,245 [INFO] Melhor modelo salvo em: /mnt/hdd/home/jdurao/ToolBox-ChemXAI/models/mlp_qm9_AtomPair_att13_large.pth
2025-10-10 11:47:54,811 [INFO] Época 11/30, Batch 50/3348, Loss: 0.0910
2025-10-10 11:47:55,042 [INFO] Época 11/30, Batch 100/3348, Loss: 0.0504
2025-10-10 11:47:55,275 [INFO] Época 11/30, Batch 150/3348, Loss: 0.0608
2025-10-10 11:47:55,489 [INFO] Época 11/30, Batch 200/3348, Loss: 0.0884
2025-10-10 11:47:55,719 [INFO] Época 11/30, Batch 250/3348, Loss: 0.0856
2025-10-10 11:47:55,948 [INFO] Época 11/30, Batch 300/3348, Loss: 0.0530
2025-10-10 11:47:56,162 [INFO] Época 11/30, Batch 350/3348, Loss: 0.0748
2025-10-10 11:47:56,373 [INFO] Época 11/30, Batch 400/3348, Loss: 0.0815
2025-10-10 11:47:56,586 [INFO] Época 11/30, Batch 450/3348, Loss: 0.0512
2025-10-10 11:47:56,807 [INFO] Época 11/30, Batch 500/3348, Loss: 0.0407
2025-10-10 11:47:57,029 [INFO] Época 11/30, Batch 550/3348, Loss: 0.0457
2025-10-10 11:47:57,245 [INFO] Época 11/30, Batch 600/3348, Loss: 0.0358
2025-10-10 11:47:57,470 [INFO] Época 11/30, Batch 650/3348, Loss: 0.0643
2025-10-10 11:47:57,690 [INFO] Época 11/30, Batch 700/3348, Loss: 0.0695
2025-10-10 11:47:57,916 [INFO] Época 11/30, Batch 750/3348, Loss: 0.0655
2025-10-10 11:47:58,142 [INFO] Época 11/30, Batch 800/3348, Loss: 0.0590
2025-10-10 11:47:58,382 [INFO] Época 11/30, Batch 850/3348, Loss: 0.0480
2025-10-10 11:47:58,623 [INFO] Época 11/30, Batch 900/3348, Loss: 0.0809
2025-10-10 11:47:58,869 [INFO] Época 11/30, Batch 950/3348, Loss: 0.0538
2025-10-10 11:47:59,120 [INFO] Época 11/30, Batch 1000/3348, Loss: 0.0576
2025-10-10 11:47:59,377 [INFO] Época 11/30, Batch 1050/3348, Loss: 0.0968
2025-10-10 11:47:59,638 [INFO] Época 11/30, Batch 1100/3348, Loss: 0.1290
2025-10-10 11:47:59,895 [INFO] Época 11/30, Batch 1150/3348, Loss: 0.0556
2025-10-10 11:48:00,101 [INFO] Época 11/30, Batch 1200/3348, Loss: 0.0480
2025-10-10 11:48:00,306 [INFO] Época 11/30, Batch 1250/3348, Loss: 0.0473
2025-10-10 11:48:00,483 [INFO] Época 11/30, Batch 1300/3348, Loss: 0.1198
2025-10-10 11:48:00,659 [INFO] Época 11/30, Batch 1350/3348, Loss: 0.0489
2025-10-10 11:48:00,820 [INFO] Época 11/30, Batch 1400/3348, Loss: 0.1035
2025-10-10 11:48:00,956 [INFO] Época 11/30, Batch 1450/3348, Loss: 0.0939
2025-10-10 11:48:01,098 [INFO] Época 11/30, Batch 1500/3348, Loss: 0.0663
2025-10-10 11:48:01,281 [INFO] Época 11/30, Batch 1550/3348, Loss: 0.0710
2025-10-10 11:48:01,457 [INFO] Época 11/30, Batch 1600/3348, Loss: 0.0664
2025-10-10 11:48:01,633 [INFO] Época 11/30, Batch 1650/3348, Loss: 0.0518
2025-10-10 11:48:01,809 [INFO] Época 11/30, Batch 1700/3348, Loss: 0.0736
2025-10-10 11:48:02,013 [INFO] Época 11/30, Batch 1750/3348, Loss: 0.0523
2025-10-10 11:48:02,262 [INFO] Época 11/30, Batch 1800/3348, Loss: 0.0675
2025-10-10 11:48:02,470 [INFO] Época 11/30, Batch 1850/3348, Loss: 0.0544
2025-10-10 11:48:02,668 [INFO] Época 11/30, Batch 1900/3348, Loss: 0.0583
2025-10-10 11:48:02,892 [INFO] Época 11/30, Batch 1950/3348, Loss: 0.0505
2025-10-10 11:48:03,152 [INFO] Época 11/30, Batch 2000/3348, Loss: 0.0827
2025-10-10 11:48:03,411 [INFO] Época 11/30, Batch 2050/3348, Loss: 0.0782
2025-10-10 11:48:03,673 [INFO] Época 11/30, Batch 2100/3348, Loss: 0.0564
2025-10-10 11:48:03,933 [INFO] Época 11/30, Batch 2150/3348, Loss: 0.0433
2025-10-10 11:48:04,193 [INFO] Época 11/30, Batch 2200/3348, Loss: 0.0621
2025-10-10 11:48:04,434 [INFO] Época 11/30, Batch 2250/3348, Loss: 0.0868
2025-10-10 11:48:04,672 [INFO] Época 11/30, Batch 2300/3348, Loss: 0.0357
2025-10-10 11:48:04,922 [INFO] Época 11/30, Batch 2350/3348, Loss: 0.0589
2025-10-10 11:48:05,175 [INFO] Época 11/30, Batch 2400/3348, Loss: 0.0399
2025-10-10 11:48:05,426 [INFO] Época 11/30, Batch 2450/3348, Loss: 0.0473
2025-10-10 11:48:05,677 [INFO] Época 11/30, Batch 2500/3348, Loss: 0.0505
2025-10-10 11:48:05,931 [INFO] Época 11/30, Batch 2550/3348, Loss: 0.0171
2025-10-10 11:48:06,192 [INFO] Época 11/30, Batch 2600/3348, Loss: 0.0496
2025-10-10 11:48:06,453 [INFO] Época 11/30, Batch 2650/3348, Loss: 0.0525
2025-10-10 11:48:06,693 [INFO] Época 11/30, Batch 2700/3348, Loss: 0.0670
2025-10-10 11:48:06,904 [INFO] Época 11/30, Batch 2750/3348, Loss: 0.0682
2025-10-10 11:48:07,117 [INFO] Época 11/30, Batch 2800/3348, Loss: 0.1625
2025-10-10 11:48:07,326 [INFO] Época 11/30, Batch 2850/3348, Loss: 0.0999
2025-10-10 11:48:07,536 [INFO] Época 11/30, Batch 2900/3348, Loss: 0.1256
2025-10-10 11:48:07,740 [INFO] Época 11/30, Batch 2950/3348, Loss: 0.0712
2025-10-10 11:48:07,921 [INFO] Época 11/30, Batch 3000/3348, Loss: 0.0690
2025-10-10 11:48:08,078 [INFO] Época 11/30, Batch 3050/3348, Loss: 0.0785
2025-10-10 11:48:08,268 [INFO] Época 11/30, Batch 3100/3348, Loss: 0.0542
2025-10-10 11:48:08,440 [INFO] Época 11/30, Batch 3150/3348, Loss: 0.0586
2025-10-10 11:48:08,615 [INFO] Época 11/30, Batch 3200/3348, Loss: 0.0843
2025-10-10 11:48:08,788 [INFO] Época 11/30, Batch 3250/3348, Loss: 0.0490
2025-10-10 11:48:08,964 [INFO] Época 11/30, Batch 3300/3348, Loss: 0.1022
2025-10-10 11:48:10,327 [INFO] [11/30] Train Loss: 0.0670 | Val Loss: 0.1218 | Tempo: 16.08s
2025-10-10 11:48:10,886 [INFO] Época 12/30, Batch 50/3348, Loss: 0.0524
2025-10-10 11:48:11,054 [INFO] Época 12/30, Batch 100/3348, Loss: 0.0439
2025-10-10 11:48:11,278 [INFO] Época 12/30, Batch 150/3348, Loss: 0.0523
2025-10-10 11:48:11,435 [INFO] Época 12/30, Batch 200/3348, Loss: 0.0328
2025-10-10 11:48:11,574 [INFO] Época 12/30, Batch 250/3348, Loss: 0.0638
2025-10-10 11:48:11,738 [INFO] Época 12/30, Batch 300/3348, Loss: 0.0725
2025-10-10 11:48:11,924 [INFO] Época 12/30, Batch 350/3348, Loss: 0.0530
2025-10-10 11:48:12,118 [INFO] Época 12/30, Batch 400/3348, Loss: 0.0688
2025-10-10 11:48:12,318 [INFO] Época 12/30, Batch 450/3348, Loss: 0.0354
2025-10-10 11:48:12,517 [INFO] Época 12/30, Batch 500/3348, Loss: 0.0699
2025-10-10 11:48:12,747 [INFO] Época 12/30, Batch 550/3348, Loss: 0.0672
2025-10-10 11:48:12,973 [INFO] Época 12/30, Batch 600/3348, Loss: 0.0950
2025-10-10 11:48:13,181 [INFO] Época 12/30, Batch 650/3348, Loss: 0.0621
2025-10-10 11:48:13,390 [INFO] Época 12/30, Batch 700/3348, Loss: 0.0493
2025-10-10 11:48:13,600 [INFO] Época 12/30, Batch 750/3348, Loss: 0.1170
2025-10-10 11:48:13,817 [INFO] Época 12/30, Batch 800/3348, Loss: 0.0477
2025-10-10 11:48:14,031 [INFO] Época 12/30, Batch 850/3348, Loss: 0.0583
2025-10-10 11:48:14,245 [INFO] Época 12/30, Batch 900/3348, Loss: 0.0713
2025-10-10 11:48:14,461 [INFO] Época 12/30, Batch 950/3348, Loss: 0.0457
2025-10-10 11:48:14,667 [INFO] Época 12/30, Batch 1000/3348, Loss: 0.0988
2025-10-10 11:48:14,814 [INFO] Época 12/30, Batch 1050/3348, Loss: 0.0398
2025-10-10 11:48:14,965 [INFO] Época 12/30, Batch 1100/3348, Loss: 0.0346
2025-10-10 11:48:15,180 [INFO] Época 12/30, Batch 1150/3348, Loss: 0.0362
2025-10-10 11:48:15,394 [INFO] Época 12/30, Batch 1200/3348, Loss: 0.0456
2025-10-10 11:48:15,607 [INFO] Época 12/30, Batch 1250/3348, Loss: 0.0697
2025-10-10 11:48:15,820 [INFO] Época 12/30, Batch 1300/3348, Loss: 0.0763
2025-10-10 11:48:16,033 [INFO] Época 12/30, Batch 1350/3348, Loss: 0.0354
2025-10-10 11:48:16,245 [INFO] Época 12/30, Batch 1400/3348, Loss: 0.0536
2025-10-10 11:48:16,457 [INFO] Época 12/30, Batch 1450/3348, Loss: 0.0319
2025-10-10 11:48:16,670 [INFO] Época 12/30, Batch 1500/3348, Loss: 0.0255
2025-10-10 11:48:16,880 [INFO] Época 12/30, Batch 1550/3348, Loss: 0.0502
2025-10-10 11:48:17,074 [INFO] Época 12/30, Batch 1600/3348, Loss: 0.0544
2025-10-10 11:48:17,266 [INFO] Época 12/30, Batch 1650/3348, Loss: 0.0643
2025-10-10 11:48:17,431 [INFO] Época 12/30, Batch 1700/3348, Loss: 0.0530
2025-10-10 11:48:17,625 [INFO] Época 12/30, Batch 1750/3348, Loss: 0.1111
2025-10-10 11:48:17,810 [INFO] Época 12/30, Batch 1800/3348, Loss: 0.0638
2025-10-10 11:48:17,955 [INFO] Época 12/30, Batch 1850/3348, Loss: 0.0444
2025-10-10 11:48:18,136 [INFO] Época 12/30, Batch 1900/3348, Loss: 0.0585
2025-10-10 11:48:18,363 [INFO] Época 12/30, Batch 1950/3348, Loss: 0.0765
2025-10-10 11:48:18,587 [INFO] Época 12/30, Batch 2000/3348, Loss: 0.0415
2025-10-10 11:48:18,786 [INFO] Época 12/30, Batch 2050/3348, Loss: 0.0620
2025-10-10 11:48:18,999 [INFO] Época 12/30, Batch 2100/3348, Loss: 0.1037
2025-10-10 11:48:19,228 [INFO] Época 12/30, Batch 2150/3348, Loss: 0.1414
2025-10-10 11:48:19,457 [INFO] Época 12/30, Batch 2200/3348, Loss: 0.0706
2025-10-10 11:48:19,684 [INFO] Época 12/30, Batch 2250/3348, Loss: 0.0988
2025-10-10 11:48:19,912 [INFO] Época 12/30, Batch 2300/3348, Loss: 0.0952
2025-10-10 11:48:20,140 [INFO] Época 12/30, Batch 2350/3348, Loss: 0.1276
2025-10-10 11:48:20,368 [INFO] Época 12/30, Batch 2400/3348, Loss: 0.0836
2025-10-10 11:48:20,596 [INFO] Época 12/30, Batch 2450/3348, Loss: 0.0875
2025-10-10 11:48:20,823 [INFO] Época 12/30, Batch 2500/3348, Loss: 0.0997
2025-10-10 11:48:21,014 [INFO] Época 12/30, Batch 2550/3348, Loss: 0.0690
2025-10-10 11:48:21,163 [INFO] Época 12/30, Batch 2600/3348, Loss: 0.0606
2025-10-10 11:48:21,329 [INFO] Época 12/30, Batch 2650/3348, Loss: 0.0586
2025-10-10 11:48:21,522 [INFO] Época 12/30, Batch 2700/3348, Loss: 0.0652
2025-10-10 11:48:21,717 [INFO] Época 12/30, Batch 2750/3348, Loss: 0.0741
2025-10-10 11:48:21,915 [INFO] Época 12/30, Batch 2800/3348, Loss: 0.0202
2025-10-10 11:48:22,108 [INFO] Época 12/30, Batch 2850/3348, Loss: 0.0700
2025-10-10 11:48:22,308 [INFO] Época 12/30, Batch 2900/3348, Loss: 0.1087
2025-10-10 11:48:22,474 [INFO] Época 12/30, Batch 2950/3348, Loss: 0.0393
2025-10-10 11:48:22,631 [INFO] Época 12/30, Batch 3000/3348, Loss: 0.0417
2025-10-10 11:48:22,810 [INFO] Época 12/30, Batch 3050/3348, Loss: 0.0662
2025-10-10 11:48:23,041 [INFO] Época 12/30, Batch 3100/3348, Loss: 0.0507
2025-10-10 11:48:23,269 [INFO] Época 12/30, Batch 3150/3348, Loss: 0.0864
2025-10-10 11:48:23,493 [INFO] Época 12/30, Batch 3200/3348, Loss: 0.0839
2025-10-10 11:48:23,726 [INFO] Época 12/30, Batch 3250/3348, Loss: 0.0979
2025-10-10 11:48:23,958 [INFO] Época 12/30, Batch 3300/3348, Loss: 0.0539
2025-10-10 11:48:25,282 [INFO] [12/30] Train Loss: 0.0652 | Val Loss: 0.1233 | Tempo: 14.95s
2025-10-10 11:48:25,789 [INFO] Época 13/30, Batch 50/3348, Loss: 0.0828
2025-10-10 11:48:26,010 [INFO] Época 13/30, Batch 100/3348, Loss: 0.0365
2025-10-10 11:48:26,238 [INFO] Época 13/30, Batch 150/3348, Loss: 0.0552
2025-10-10 11:48:26,464 [INFO] Época 13/30, Batch 200/3348, Loss: 0.0726
2025-10-10 11:48:26,692 [INFO] Época 13/30, Batch 250/3348, Loss: 0.0335
2025-10-10 11:48:26,917 [INFO] Época 13/30, Batch 300/3348, Loss: 0.0460
2025-10-10 11:48:27,144 [INFO] Época 13/30, Batch 350/3348, Loss: 0.0928
2025-10-10 11:48:27,372 [INFO] Época 13/30, Batch 400/3348, Loss: 0.0592
2025-10-10 11:48:27,591 [INFO] Época 13/30, Batch 450/3348, Loss: 0.0642
2025-10-10 11:48:27,808 [INFO] Época 13/30, Batch 500/3348, Loss: 0.0302
2025-10-10 11:48:28,036 [INFO] Época 13/30, Batch 550/3348, Loss: 0.0731
2025-10-10 11:48:28,262 [INFO] Época 13/30, Batch 600/3348, Loss: 0.0680
2025-10-10 11:48:28,490 [INFO] Época 13/30, Batch 650/3348, Loss: 0.0304
2025-10-10 11:48:28,716 [INFO] Época 13/30, Batch 700/3348, Loss: 0.0661
2025-10-10 11:48:28,943 [INFO] Época 13/30, Batch 750/3348, Loss: 0.0918
2025-10-10 11:48:29,169 [INFO] Época 13/30, Batch 800/3348, Loss: 0.0324
2025-10-10 11:48:29,396 [INFO] Época 13/30, Batch 850/3348, Loss: 0.1070
2025-10-10 11:48:29,628 [INFO] Época 13/30, Batch 900/3348, Loss: 0.1348
2025-10-10 11:48:29,855 [INFO] Época 13/30, Batch 950/3348, Loss: 0.0391
2025-10-10 11:48:30,082 [INFO] Época 13/30, Batch 1000/3348, Loss: 0.0724
2025-10-10 11:48:30,308 [INFO] Época 13/30, Batch 1050/3348, Loss: 0.0490
2025-10-10 11:48:30,535 [INFO] Época 13/30, Batch 1100/3348, Loss: 0.0733
2025-10-10 11:48:30,757 [INFO] Época 13/30, Batch 1150/3348, Loss: 0.0731
2025-10-10 11:48:30,979 [INFO] Época 13/30, Batch 1200/3348, Loss: 0.0500
2025-10-10 11:48:31,206 [INFO] Época 13/30, Batch 1250/3348, Loss: 0.1067
2025-10-10 11:48:31,433 [INFO] Época 13/30, Batch 1300/3348, Loss: 0.0629
2025-10-10 11:48:31,659 [INFO] Época 13/30, Batch 1350/3348, Loss: 0.0758
2025-10-10 11:48:31,885 [INFO] Época 13/30, Batch 1400/3348, Loss: 0.0509
2025-10-10 11:48:32,111 [INFO] Época 13/30, Batch 1450/3348, Loss: 0.0410
2025-10-10 11:48:32,327 [INFO] Época 13/30, Batch 1500/3348, Loss: 0.0598
2025-10-10 11:48:32,540 [INFO] Época 13/30, Batch 1550/3348, Loss: 0.0775
2025-10-10 11:48:32,752 [INFO] Época 13/30, Batch 1600/3348, Loss: 0.0614
2025-10-10 11:48:32,951 [INFO] Época 13/30, Batch 1650/3348, Loss: 0.0621
2025-10-10 11:48:33,125 [INFO] Época 13/30, Batch 1700/3348, Loss: 0.0574
2025-10-10 11:48:33,304 [INFO] Época 13/30, Batch 1750/3348, Loss: 0.0293
2025-10-10 11:48:33,475 [INFO] Época 13/30, Batch 1800/3348, Loss: 0.0905
2025-10-10 11:48:33,649 [INFO] Época 13/30, Batch 1850/3348, Loss: 0.0555
2025-10-10 11:48:33,832 [INFO] Época 13/30, Batch 1900/3348, Loss: 0.0804
2025-10-10 11:48:33,983 [INFO] Época 13/30, Batch 1950/3348, Loss: 0.0435
2025-10-10 11:48:34,122 [INFO] Época 13/30, Batch 2000/3348, Loss: 0.0573
2025-10-10 11:48:34,269 [INFO] Época 13/30, Batch 2050/3348, Loss: 0.0491
2025-10-10 11:48:34,440 [INFO] Época 13/30, Batch 2100/3348, Loss: 0.0683
2025-10-10 11:48:34,612 [INFO] Época 13/30, Batch 2150/3348, Loss: 0.0648
2025-10-10 11:48:34,805 [INFO] Época 13/30, Batch 2200/3348, Loss: 0.0345
2025-10-10 11:48:34,967 [INFO] Época 13/30, Batch 2250/3348, Loss: 0.0633
2025-10-10 11:48:35,144 [INFO] Época 13/30, Batch 2300/3348, Loss: 0.0428
2025-10-10 11:48:35,350 [INFO] Época 13/30, Batch 2350/3348, Loss: 0.0939
2025-10-10 11:48:35,560 [INFO] Época 13/30, Batch 2400/3348, Loss: 0.0950
2025-10-10 11:48:35,769 [INFO] Época 13/30, Batch 2450/3348, Loss: 0.0719
2025-10-10 11:48:35,977 [INFO] Época 13/30, Batch 2500/3348, Loss: 0.0941
2025-10-10 11:48:36,187 [INFO] Época 13/30, Batch 2550/3348, Loss: 0.0621
2025-10-10 11:48:36,396 [INFO] Época 13/30, Batch 2600/3348, Loss: 0.0494
2025-10-10 11:48:36,607 [INFO] Época 13/30, Batch 2650/3348, Loss: 0.0805
2025-10-10 11:48:36,815 [INFO] Época 13/30, Batch 2700/3348, Loss: 0.0356
2025-10-10 11:48:37,023 [INFO] Época 13/30, Batch 2750/3348, Loss: 0.0799
2025-10-10 11:48:37,166 [INFO] Época 13/30, Batch 2800/3348, Loss: 0.0531
2025-10-10 11:48:37,306 [INFO] Época 13/30, Batch 2850/3348, Loss: 0.0836
2025-10-10 11:48:37,477 [INFO] Época 13/30, Batch 2900/3348, Loss: 0.0848
2025-10-10 11:48:37,676 [INFO] Época 13/30, Batch 2950/3348, Loss: 0.0921
2025-10-10 11:48:37,866 [INFO] Época 13/30, Batch 3000/3348, Loss: 0.0664
2025-10-10 11:48:38,042 [INFO] Época 13/30, Batch 3050/3348, Loss: 0.0709
2025-10-10 11:48:38,215 [INFO] Época 13/30, Batch 3100/3348, Loss: 0.0445
2025-10-10 11:48:38,390 [INFO] Época 13/30, Batch 3150/3348, Loss: 0.1046
2025-10-10 11:48:38,563 [INFO] Época 13/30, Batch 3200/3348, Loss: 0.0923
2025-10-10 11:48:38,745 [INFO] Época 13/30, Batch 3250/3348, Loss: 0.0576
2025-10-10 11:48:38,916 [INFO] Época 13/30, Batch 3300/3348, Loss: 0.0583
2025-10-10 11:48:40,539 [INFO] [13/30] Train Loss: 0.0631 | Val Loss: 0.1163 | Tempo: 15.26s
2025-10-10 11:48:41,061 [INFO] Época 14/30, Batch 50/3348, Loss: 0.0447
2025-10-10 11:48:41,275 [INFO] Época 14/30, Batch 100/3348, Loss: 0.0204
2025-10-10 11:48:41,488 [INFO] Época 14/30, Batch 150/3348, Loss: 0.0501
2025-10-10 11:48:41,701 [INFO] Época 14/30, Batch 200/3348, Loss: 0.0433
2025-10-10 11:48:41,913 [INFO] Época 14/30, Batch 250/3348, Loss: 0.0565
2025-10-10 11:48:42,124 [INFO] Época 14/30, Batch 300/3348, Loss: 0.0321
2025-10-10 11:48:42,346 [INFO] Época 14/30, Batch 350/3348, Loss: 0.0347
2025-10-10 11:48:42,562 [INFO] Época 14/30, Batch 400/3348, Loss: 0.0928
2025-10-10 11:48:42,776 [INFO] Época 14/30, Batch 450/3348, Loss: 0.0655
2025-10-10 11:48:42,987 [INFO] Época 14/30, Batch 500/3348, Loss: 0.0505
2025-10-10 11:48:43,202 [INFO] Época 14/30, Batch 550/3348, Loss: 0.0296
2025-10-10 11:48:43,370 [INFO] Época 14/30, Batch 600/3348, Loss: 0.1175
2025-10-10 11:48:43,530 [INFO] Época 14/30, Batch 650/3348, Loss: 0.1068
2025-10-10 11:48:43,733 [INFO] Época 14/30, Batch 700/3348, Loss: 0.0419
2025-10-10 11:48:43,948 [INFO] Época 14/30, Batch 750/3348, Loss: 0.1018
2025-10-10 11:48:44,161 [INFO] Época 14/30, Batch 800/3348, Loss: 0.0370
2025-10-10 11:48:44,374 [INFO] Época 14/30, Batch 850/3348, Loss: 0.0972
2025-10-10 11:48:44,587 [INFO] Época 14/30, Batch 900/3348, Loss: 0.0781
2025-10-10 11:48:44,807 [INFO] Época 14/30, Batch 950/3348, Loss: 0.0840
2025-10-10 11:48:45,023 [INFO] Época 14/30, Batch 1000/3348, Loss: 0.0564
2025-10-10 11:48:45,236 [INFO] Época 14/30, Batch 1050/3348, Loss: 0.0573
2025-10-10 11:48:45,449 [INFO] Época 14/30, Batch 1100/3348, Loss: 0.0631
2025-10-10 11:48:45,667 [INFO] Época 14/30, Batch 1150/3348, Loss: 0.0308
2025-10-10 11:48:45,895 [INFO] Época 14/30, Batch 1200/3348, Loss: 0.0514
2025-10-10 11:48:46,113 [INFO] Época 14/30, Batch 1250/3348, Loss: 0.0645
2025-10-10 11:48:46,329 [INFO] Época 14/30, Batch 1300/3348, Loss: 0.0561
2025-10-10 11:48:46,477 [INFO] Época 14/30, Batch 1350/3348, Loss: 0.0824
2025-10-10 11:48:46,623 [INFO] Época 14/30, Batch 1400/3348, Loss: 0.0867
2025-10-10 11:48:46,815 [INFO] Época 14/30, Batch 1450/3348, Loss: 0.0694
2025-10-10 11:48:47,041 [INFO] Época 14/30, Batch 1500/3348, Loss: 0.0420
2025-10-10 11:48:47,259 [INFO] Época 14/30, Batch 1550/3348, Loss: 0.0679
2025-10-10 11:48:47,486 [INFO] Época 14/30, Batch 1600/3348, Loss: 0.0492
2025-10-10 11:48:47,715 [INFO] Época 14/30, Batch 1650/3348, Loss: 0.0594
2025-10-10 11:48:47,942 [INFO] Época 14/30, Batch 1700/3348, Loss: 0.0391
2025-10-10 11:48:48,169 [INFO] Época 14/30, Batch 1750/3348, Loss: 0.0791
2025-10-10 11:48:48,397 [INFO] Época 14/30, Batch 1800/3348, Loss: 0.0770
2025-10-10 11:48:48,624 [INFO] Época 14/30, Batch 1850/3348, Loss: 0.0349
2025-10-10 11:48:48,831 [INFO] Época 14/30, Batch 1900/3348, Loss: 0.0417
2025-10-10 11:48:49,016 [INFO] Época 14/30, Batch 1950/3348, Loss: 0.0390
2025-10-10 11:48:49,203 [INFO] Época 14/30, Batch 2000/3348, Loss: 0.1337
2025-10-10 11:48:49,394 [INFO] Época 14/30, Batch 2050/3348, Loss: 0.0860
2025-10-10 11:48:49,566 [INFO] Época 14/30, Batch 2100/3348, Loss: 0.0471
2025-10-10 11:48:49,746 [INFO] Época 14/30, Batch 2150/3348, Loss: 0.0265
2025-10-10 11:48:49,968 [INFO] Época 14/30, Batch 2200/3348, Loss: 0.0409
2025-10-10 11:48:50,195 [INFO] Época 14/30, Batch 2250/3348, Loss: 0.0734
2025-10-10 11:48:50,423 [INFO] Época 14/30, Batch 2300/3348, Loss: 0.1138
2025-10-10 11:48:50,650 [INFO] Época 14/30, Batch 2350/3348, Loss: 0.0601
2025-10-10 11:48:50,879 [INFO] Época 14/30, Batch 2400/3348, Loss: 0.0311
2025-10-10 11:48:51,107 [INFO] Época 14/30, Batch 2450/3348, Loss: 0.0308
2025-10-10 11:48:51,335 [INFO] Época 14/30, Batch 2500/3348, Loss: 0.0868
2025-10-10 11:48:51,564 [INFO] Época 14/30, Batch 2550/3348, Loss: 0.0883
2025-10-10 11:48:51,791 [INFO] Época 14/30, Batch 2600/3348, Loss: 0.0742
2025-10-10 11:48:52,019 [INFO] Época 14/30, Batch 2650/3348, Loss: 0.0611
2025-10-10 11:48:52,248 [INFO] Época 14/30, Batch 2700/3348, Loss: 0.0372
2025-10-10 11:48:52,476 [INFO] Época 14/30, Batch 2750/3348, Loss: 0.0919
2025-10-10 11:48:52,708 [INFO] Época 14/30, Batch 2800/3348, Loss: 0.0864
2025-10-10 11:48:52,936 [INFO] Época 14/30, Batch 2850/3348, Loss: 0.0509
2025-10-10 11:48:53,163 [INFO] Época 14/30, Batch 2900/3348, Loss: 0.0591
2025-10-10 11:48:53,392 [INFO] Época 14/30, Batch 2950/3348, Loss: 0.0534
2025-10-10 11:48:53,621 [INFO] Época 14/30, Batch 3000/3348, Loss: 0.0327
2025-10-10 11:48:53,851 [INFO] Época 14/30, Batch 3050/3348, Loss: 0.0558
2025-10-10 11:48:54,080 [INFO] Época 14/30, Batch 3100/3348, Loss: 0.0761
2025-10-10 11:48:54,308 [INFO] Época 14/30, Batch 3150/3348, Loss: 0.1021
2025-10-10 11:48:54,537 [INFO] Época 14/30, Batch 3200/3348, Loss: 0.0191
2025-10-10 11:48:54,764 [INFO] Época 14/30, Batch 3250/3348, Loss: 0.0806
2025-10-10 11:48:54,978 [INFO] Época 14/30, Batch 3300/3348, Loss: 0.0123
2025-10-10 11:48:56,611 [INFO] [14/30] Train Loss: 0.0614 | Val Loss: 0.1046 | Tempo: 16.07s
2025-10-10 11:48:56,615 [INFO] Melhor modelo salvo em: /mnt/hdd/home/jdurao/ToolBox-ChemXAI/models/mlp_qm9_AtomPair_att13_large.pth
2025-10-10 11:48:57,132 [INFO] Época 15/30, Batch 50/3348, Loss: 0.0630
2025-10-10 11:48:57,358 [INFO] Época 15/30, Batch 100/3348, Loss: 0.0501
2025-10-10 11:48:57,585 [INFO] Época 15/30, Batch 150/3348, Loss: 0.1135
2025-10-10 11:48:57,812 [INFO] Época 15/30, Batch 200/3348, Loss: 0.0773
2025-10-10 11:48:58,040 [INFO] Época 15/30, Batch 250/3348, Loss: 0.1026
2025-10-10 11:48:58,268 [INFO] Época 15/30, Batch 300/3348, Loss: 0.0222
2025-10-10 11:48:58,494 [INFO] Época 15/30, Batch 350/3348, Loss: 0.0536
2025-10-10 11:48:58,722 [INFO] Época 15/30, Batch 400/3348, Loss: 0.0482
2025-10-10 11:48:58,950 [INFO] Época 15/30, Batch 450/3348, Loss: 0.0331
2025-10-10 11:48:59,118 [INFO] Época 15/30, Batch 500/3348, Loss: 0.0565
2025-10-10 11:48:59,295 [INFO] Época 15/30, Batch 550/3348, Loss: 0.0611
2025-10-10 11:48:59,518 [INFO] Época 15/30, Batch 600/3348, Loss: 0.0190
2025-10-10 11:48:59,721 [INFO] Época 15/30, Batch 650/3348, Loss: 0.0505
2025-10-10 11:48:59,880 [INFO] Época 15/30, Batch 700/3348, Loss: 0.0398
2025-10-10 11:49:00,045 [INFO] Época 15/30, Batch 750/3348, Loss: 0.0838
2025-10-10 11:49:00,224 [INFO] Época 15/30, Batch 800/3348, Loss: 0.0586
2025-10-10 11:49:00,395 [INFO] Época 15/30, Batch 850/3348, Loss: 0.0516
2025-10-10 11:49:00,574 [INFO] Época 15/30, Batch 900/3348, Loss: 0.0805
2025-10-10 11:49:00,776 [INFO] Época 15/30, Batch 950/3348, Loss: 0.0908
2025-10-10 11:49:00,991 [INFO] Época 15/30, Batch 1000/3348, Loss: 0.0270
2025-10-10 11:49:01,192 [INFO] Época 15/30, Batch 1050/3348, Loss: 0.0636
2025-10-10 11:49:01,386 [INFO] Época 15/30, Batch 1100/3348, Loss: 0.0395
2025-10-10 11:49:01,576 [INFO] Época 15/30, Batch 1150/3348, Loss: 0.0352
2025-10-10 11:49:01,783 [INFO] Época 15/30, Batch 1200/3348, Loss: 0.0604
2025-10-10 11:49:02,005 [INFO] Época 15/30, Batch 1250/3348, Loss: 0.0516
2025-10-10 11:49:02,204 [INFO] Época 15/30, Batch 1300/3348, Loss: 0.0520
2025-10-10 11:49:02,362 [INFO] Época 15/30, Batch 1350/3348, Loss: 0.0858
2025-10-10 11:49:02,585 [INFO] Época 15/30, Batch 1400/3348, Loss: 0.0727
2025-10-10 11:49:02,794 [INFO] Época 15/30, Batch 1450/3348, Loss: 0.0446
2025-10-10 11:49:03,024 [INFO] Época 15/30, Batch 1500/3348, Loss: 0.0615
2025-10-10 11:49:03,253 [INFO] Época 15/30, Batch 1550/3348, Loss: 0.0536
2025-10-10 11:49:03,482 [INFO] Época 15/30, Batch 1600/3348, Loss: 0.0521
2025-10-10 11:49:03,710 [INFO] Época 15/30, Batch 1650/3348, Loss: 0.0525
2025-10-10 11:49:03,939 [INFO] Época 15/30, Batch 1700/3348, Loss: 0.0974
2025-10-10 11:49:04,146 [INFO] Época 15/30, Batch 1750/3348, Loss: 0.0543
2025-10-10 11:49:04,336 [INFO] Época 15/30, Batch 1800/3348, Loss: 0.0619
2025-10-10 11:49:04,521 [INFO] Época 15/30, Batch 1850/3348, Loss: 0.0444
2025-10-10 11:49:04,718 [INFO] Época 15/30, Batch 1900/3348, Loss: 0.0311
2025-10-10 11:49:04,897 [INFO] Época 15/30, Batch 1950/3348, Loss: 0.1663
2025-10-10 11:49:05,077 [INFO] Época 15/30, Batch 2000/3348, Loss: 0.0754
2025-10-10 11:49:05,253 [INFO] Época 15/30, Batch 2050/3348, Loss: 0.0479
2025-10-10 11:49:05,423 [INFO] Época 15/30, Batch 2100/3348, Loss: 0.0596
2025-10-10 11:49:05,570 [INFO] Época 15/30, Batch 2150/3348, Loss: 0.0521
2025-10-10 11:49:05,717 [INFO] Época 15/30, Batch 2200/3348, Loss: 0.0430
2025-10-10 11:49:05,879 [INFO] Época 15/30, Batch 2250/3348, Loss: 0.0549
2025-10-10 11:49:06,046 [INFO] Época 15/30, Batch 2300/3348, Loss: 0.0310
2025-10-10 11:49:06,210 [INFO] Época 15/30, Batch 2350/3348, Loss: 0.0373
2025-10-10 11:49:06,376 [INFO] Época 15/30, Batch 2400/3348, Loss: 0.0313
2025-10-10 11:49:06,546 [INFO] Época 15/30, Batch 2450/3348, Loss: 0.0416
2025-10-10 11:49:06,737 [INFO] Época 15/30, Batch 2500/3348, Loss: 0.0471
2025-10-10 11:49:06,902 [INFO] Época 15/30, Batch 2550/3348, Loss: 0.0682
2025-10-10 11:49:07,076 [INFO] Época 15/30, Batch 2600/3348, Loss: 0.0378
2025-10-10 11:49:07,246 [INFO] Época 15/30, Batch 2650/3348, Loss: 0.0611
2025-10-10 11:49:07,474 [INFO] Época 15/30, Batch 2700/3348, Loss: 0.0808
2025-10-10 11:49:07,705 [INFO] Época 15/30, Batch 2750/3348, Loss: 0.0456
2025-10-10 11:49:07,934 [INFO] Época 15/30, Batch 2800/3348, Loss: 0.1303
2025-10-10 11:49:08,162 [INFO] Época 15/30, Batch 2850/3348, Loss: 0.0559
2025-10-10 11:49:08,362 [INFO] Época 15/30, Batch 2900/3348, Loss: 0.0568
2025-10-10 11:49:08,550 [INFO] Época 15/30, Batch 2950/3348, Loss: 0.0615
2025-10-10 11:49:08,703 [INFO] Época 15/30, Batch 3000/3348, Loss: 0.0378
2025-10-10 11:49:08,850 [INFO] Época 15/30, Batch 3050/3348, Loss: 0.0728
2025-10-10 11:49:09,012 [INFO] Época 15/30, Batch 3100/3348, Loss: 0.0612
2025-10-10 11:49:09,194 [INFO] Época 15/30, Batch 3150/3348, Loss: 0.0480
2025-10-10 11:49:09,397 [INFO] Época 15/30, Batch 3200/3348, Loss: 0.0350
2025-10-10 11:49:09,591 [INFO] Época 15/30, Batch 3250/3348, Loss: 0.0915
2025-10-10 11:49:09,767 [INFO] Época 15/30, Batch 3300/3348, Loss: 0.0697
2025-10-10 11:49:11,233 [INFO] [15/30] Train Loss: 0.0594 | Val Loss: 0.1038 | Tempo: 14.62s
2025-10-10 11:49:11,236 [INFO] Melhor modelo salvo em: /mnt/hdd/home/jdurao/ToolBox-ChemXAI/models/mlp_qm9_AtomPair_att13_large.pth
2025-10-10 11:49:11,786 [INFO] Época 16/30, Batch 50/3348, Loss: 0.0477
2025-10-10 11:49:12,000 [INFO] Época 16/30, Batch 100/3348, Loss: 0.0303
2025-10-10 11:49:12,213 [INFO] Época 16/30, Batch 150/3348, Loss: 0.0293
2025-10-10 11:49:12,437 [INFO] Época 16/30, Batch 200/3348, Loss: 0.0922
2025-10-10 11:49:12,656 [INFO] Época 16/30, Batch 250/3348, Loss: 0.0548
2025-10-10 11:49:12,869 [INFO] Época 16/30, Batch 300/3348, Loss: 0.0217
2025-10-10 11:49:13,094 [INFO] Época 16/30, Batch 350/3348, Loss: 0.0313
2025-10-10 11:49:13,304 [INFO] Época 16/30, Batch 400/3348, Loss: 0.0298
2025-10-10 11:49:13,516 [INFO] Época 16/30, Batch 450/3348, Loss: 0.0478
2025-10-10 11:49:13,743 [INFO] Época 16/30, Batch 500/3348, Loss: 0.0332
2025-10-10 11:49:13,971 [INFO] Época 16/30, Batch 550/3348, Loss: 0.0212
2025-10-10 11:49:14,199 [INFO] Época 16/30, Batch 600/3348, Loss: 0.0452
2025-10-10 11:49:14,431 [INFO] Época 16/30, Batch 650/3348, Loss: 0.0401
2025-10-10 11:49:14,657 [INFO] Época 16/30, Batch 700/3348, Loss: 0.0716
2025-10-10 11:49:14,884 [INFO] Época 16/30, Batch 750/3348, Loss: 0.0391
2025-10-10 11:49:15,132 [INFO] Época 16/30, Batch 800/3348, Loss: 0.0337
2025-10-10 11:49:15,358 [INFO] Época 16/30, Batch 850/3348, Loss: 0.0754
2025-10-10 11:49:15,590 [INFO] Época 16/30, Batch 900/3348, Loss: 0.0403
2025-10-10 11:49:15,818 [INFO] Época 16/30, Batch 950/3348, Loss: 0.0283
2025-10-10 11:49:16,045 [INFO] Época 16/30, Batch 1000/3348, Loss: 0.0546
2025-10-10 11:49:16,273 [INFO] Época 16/30, Batch 1050/3348, Loss: 0.0289
2025-10-10 11:49:16,501 [INFO] Época 16/30, Batch 1100/3348, Loss: 0.1102
2025-10-10 11:49:16,728 [INFO] Época 16/30, Batch 1150/3348, Loss: 0.0685
2025-10-10 11:49:16,955 [INFO] Época 16/30, Batch 1200/3348, Loss: 0.0479
2025-10-10 11:49:17,183 [INFO] Época 16/30, Batch 1250/3348, Loss: 0.0322
2025-10-10 11:49:17,411 [INFO] Época 16/30, Batch 1300/3348, Loss: 0.0632
2025-10-10 11:49:17,641 [INFO] Época 16/30, Batch 1350/3348, Loss: 0.0426
2025-10-10 11:49:17,870 [INFO] Época 16/30, Batch 1400/3348, Loss: 0.0422
2025-10-10 11:49:18,101 [INFO] Época 16/30, Batch 1450/3348, Loss: 0.0341
2025-10-10 11:49:18,250 [INFO] Época 16/30, Batch 1500/3348, Loss: 0.0744
2025-10-10 11:49:18,406 [INFO] Época 16/30, Batch 1550/3348, Loss: 0.0700
2025-10-10 11:49:18,602 [INFO] Época 16/30, Batch 1600/3348, Loss: 0.0893
2025-10-10 11:49:18,848 [INFO] Época 16/30, Batch 1650/3348, Loss: 0.0873
2025-10-10 11:49:19,094 [INFO] Época 16/30, Batch 1700/3348, Loss: 0.0588
2025-10-10 11:49:19,317 [INFO] Época 16/30, Batch 1750/3348, Loss: 0.0247
2025-10-10 11:49:19,544 [INFO] Época 16/30, Batch 1800/3348, Loss: 0.0375
2025-10-10 11:49:19,791 [INFO] Época 16/30, Batch 1850/3348, Loss: 0.0442
2025-10-10 11:49:20,055 [INFO] Época 16/30, Batch 1900/3348, Loss: 0.0348
2025-10-10 11:49:20,321 [INFO] Época 16/30, Batch 1950/3348, Loss: 0.0994
2025-10-10 11:49:20,576 [INFO] Época 16/30, Batch 2000/3348, Loss: 0.0249
2025-10-10 11:49:20,832 [INFO] Época 16/30, Batch 2050/3348, Loss: 0.0394
2025-10-10 11:49:21,088 [INFO] Época 16/30, Batch 2100/3348, Loss: 0.0299
2025-10-10 11:49:21,349 [INFO] Época 16/30, Batch 2150/3348, Loss: 0.0812
2025-10-10 11:49:21,607 [INFO] Época 16/30, Batch 2200/3348, Loss: 0.0319
2025-10-10 11:49:21,854 [INFO] Época 16/30, Batch 2250/3348, Loss: 0.0713
2025-10-10 11:49:22,083 [INFO] Época 16/30, Batch 2300/3348, Loss: 0.0234
2025-10-10 11:49:22,325 [INFO] Época 16/30, Batch 2350/3348, Loss: 0.1121
2025-10-10 11:49:22,591 [INFO] Época 16/30, Batch 2400/3348, Loss: 0.0398
2025-10-10 11:49:22,847 [INFO] Época 16/30, Batch 2450/3348, Loss: 0.0772
2025-10-10 11:49:23,102 [INFO] Época 16/30, Batch 2500/3348, Loss: 0.0684
2025-10-10 11:49:23,374 [INFO] Época 16/30, Batch 2550/3348, Loss: 0.0732
2025-10-10 11:49:23,608 [INFO] Época 16/30, Batch 2600/3348, Loss: 0.0746
2025-10-10 11:49:23,863 [INFO] Época 16/30, Batch 2650/3348, Loss: 0.0385
2025-10-10 11:49:24,124 [INFO] Época 16/30, Batch 2700/3348, Loss: 0.0811
2025-10-10 11:49:24,382 [INFO] Época 16/30, Batch 2750/3348, Loss: 0.0839
2025-10-10 11:49:24,641 [INFO] Época 16/30, Batch 2800/3348, Loss: 0.0246
2025-10-10 11:49:24,891 [INFO] Época 16/30, Batch 2850/3348, Loss: 0.0536
2025-10-10 11:49:25,072 [INFO] Época 16/30, Batch 2900/3348, Loss: 0.0691
2025-10-10 11:49:25,257 [INFO] Época 16/30, Batch 2950/3348, Loss: 0.0721
2025-10-10 11:49:25,464 [INFO] Época 16/30, Batch 3000/3348, Loss: 0.0425
2025-10-10 11:49:25,642 [INFO] Época 16/30, Batch 3050/3348, Loss: 0.0706
2025-10-10 11:49:25,788 [INFO] Época 16/30, Batch 3100/3348, Loss: 0.0390
2025-10-10 11:49:25,988 [INFO] Época 16/30, Batch 3150/3348, Loss: 0.0219
2025-10-10 11:49:26,176 [INFO] Época 16/30, Batch 3200/3348, Loss: 0.0723
2025-10-10 11:49:26,365 [INFO] Época 16/30, Batch 3250/3348, Loss: 0.0352
2025-10-10 11:49:26,559 [INFO] Época 16/30, Batch 3300/3348, Loss: 0.1057
2025-10-10 11:49:28,115 [INFO] [16/30] Train Loss: 0.0580 | Val Loss: 0.1218 | Tempo: 16.88s
2025-10-10 11:49:28,656 [INFO] Época 17/30, Batch 50/3348, Loss: 0.0317
2025-10-10 11:49:28,908 [INFO] Época 17/30, Batch 100/3348, Loss: 0.0525
2025-10-10 11:49:29,135 [INFO] Época 17/30, Batch 150/3348, Loss: 0.0486
2025-10-10 11:49:29,356 [INFO] Época 17/30, Batch 200/3348, Loss: 0.0306
2025-10-10 11:49:29,567 [INFO] Época 17/30, Batch 250/3348, Loss: 0.0720
2025-10-10 11:49:29,779 [INFO] Época 17/30, Batch 300/3348, Loss: 0.0646
2025-10-10 11:49:29,989 [INFO] Época 17/30, Batch 350/3348, Loss: 0.0518
2025-10-10 11:49:30,210 [INFO] Época 17/30, Batch 400/3348, Loss: 0.0972
2025-10-10 11:49:30,422 [INFO] Época 17/30, Batch 450/3348, Loss: 0.0504
2025-10-10 11:49:30,637 [INFO] Época 17/30, Batch 500/3348, Loss: 0.0789
2025-10-10 11:49:30,858 [INFO] Época 17/30, Batch 550/3348, Loss: 0.0222
2025-10-10 11:49:31,069 [INFO] Época 17/30, Batch 600/3348, Loss: 0.0456
2025-10-10 11:49:31,280 [INFO] Época 17/30, Batch 650/3348, Loss: 0.0432
2025-10-10 11:49:31,491 [INFO] Época 17/30, Batch 700/3348, Loss: 0.0569
2025-10-10 11:49:31,701 [INFO] Época 17/30, Batch 750/3348, Loss: 0.0504
2025-10-10 11:49:31,869 [INFO] Época 17/30, Batch 800/3348, Loss: 0.0541
2025-10-10 11:49:32,020 [INFO] Época 17/30, Batch 850/3348, Loss: 0.0362
2025-10-10 11:49:32,173 [INFO] Época 17/30, Batch 900/3348, Loss: 0.0873
2025-10-10 11:49:32,385 [INFO] Época 17/30, Batch 950/3348, Loss: 0.0596
2025-10-10 11:49:32,597 [INFO] Época 17/30, Batch 1000/3348, Loss: 0.0480
2025-10-10 11:49:32,809 [INFO] Época 17/30, Batch 1050/3348, Loss: 0.0261
2025-10-10 11:49:33,021 [INFO] Época 17/30, Batch 1100/3348, Loss: 0.0739
2025-10-10 11:49:33,231 [INFO] Época 17/30, Batch 1150/3348, Loss: 0.0781
2025-10-10 11:49:33,442 [INFO] Época 17/30, Batch 1200/3348, Loss: 0.0619
2025-10-10 11:49:33,654 [INFO] Época 17/30, Batch 1250/3348, Loss: 0.0258
2025-10-10 11:49:33,864 [INFO] Época 17/30, Batch 1300/3348, Loss: 0.0396
2025-10-10 11:49:34,076 [INFO] Época 17/30, Batch 1350/3348, Loss: 0.0290
2025-10-10 11:49:34,287 [INFO] Época 17/30, Batch 1400/3348, Loss: 0.0518
2025-10-10 11:49:34,500 [INFO] Época 17/30, Batch 1450/3348, Loss: 0.0324
2025-10-10 11:49:34,715 [INFO] Época 17/30, Batch 1500/3348, Loss: 0.0323
2025-10-10 11:49:34,933 [INFO] Época 17/30, Batch 1550/3348, Loss: 0.0627
2025-10-10 11:49:35,155 [INFO] Época 17/30, Batch 1600/3348, Loss: 0.1223
2025-10-10 11:49:35,373 [INFO] Época 17/30, Batch 1650/3348, Loss: 0.0685
2025-10-10 11:49:35,586 [INFO] Época 17/30, Batch 1700/3348, Loss: 0.0671
2025-10-10 11:49:35,802 [INFO] Época 17/30, Batch 1750/3348, Loss: 0.0478
2025-10-10 11:49:36,016 [INFO] Época 17/30, Batch 1800/3348, Loss: 0.0354
2025-10-10 11:49:36,228 [INFO] Época 17/30, Batch 1850/3348, Loss: 0.0660
2025-10-10 11:49:36,439 [INFO] Época 17/30, Batch 1900/3348, Loss: 0.0430
2025-10-10 11:49:36,654 [INFO] Época 17/30, Batch 1950/3348, Loss: 0.0693
2025-10-10 11:49:36,869 [INFO] Época 17/30, Batch 2000/3348, Loss: 0.0685
2025-10-10 11:49:37,083 [INFO] Época 17/30, Batch 2050/3348, Loss: 0.0651
2025-10-10 11:49:37,296 [INFO] Época 17/30, Batch 2100/3348, Loss: 0.1308
2025-10-10 11:49:37,508 [INFO] Época 17/30, Batch 2150/3348, Loss: 0.0691
2025-10-10 11:49:37,725 [INFO] Época 17/30, Batch 2200/3348, Loss: 0.0574
2025-10-10 11:49:37,925 [INFO] Época 17/30, Batch 2250/3348, Loss: 0.0562
2025-10-10 11:49:38,145 [INFO] Época 17/30, Batch 2300/3348, Loss: 0.0683
2025-10-10 11:49:38,360 [INFO] Época 17/30, Batch 2350/3348, Loss: 0.0455
2025-10-10 11:49:38,571 [INFO] Época 17/30, Batch 2400/3348, Loss: 0.0418
2025-10-10 11:49:38,786 [INFO] Época 17/30, Batch 2450/3348, Loss: 0.0399
2025-10-10 11:49:38,997 [INFO] Época 17/30, Batch 2500/3348, Loss: 0.0419
2025-10-10 11:49:39,209 [INFO] Época 17/30, Batch 2550/3348, Loss: 0.0373
2025-10-10 11:49:39,422 [INFO] Época 17/30, Batch 2600/3348, Loss: 0.0418
2025-10-10 11:49:39,635 [INFO] Época 17/30, Batch 2650/3348, Loss: 0.0764
2025-10-10 11:49:39,846 [INFO] Época 17/30, Batch 2700/3348, Loss: 0.0813
2025-10-10 11:49:40,059 [INFO] Época 17/30, Batch 2750/3348, Loss: 0.0502
2025-10-10 11:49:40,271 [INFO] Época 17/30, Batch 2800/3348, Loss: 0.0247
2025-10-10 11:49:40,483 [INFO] Época 17/30, Batch 2850/3348, Loss: 0.0304
2025-10-10 11:49:40,697 [INFO] Época 17/30, Batch 2900/3348, Loss: 0.0421
2025-10-10 11:49:40,905 [INFO] Época 17/30, Batch 2950/3348, Loss: 0.0869
2025-10-10 11:49:41,112 [INFO] Época 17/30, Batch 3000/3348, Loss: 0.0709
2025-10-10 11:49:41,321 [INFO] Época 17/30, Batch 3050/3348, Loss: 0.0834
2025-10-10 11:49:41,535 [INFO] Época 17/30, Batch 3100/3348, Loss: 0.0309
2025-10-10 11:49:41,746 [INFO] Época 17/30, Batch 3150/3348, Loss: 0.0346
2025-10-10 11:49:41,957 [INFO] Época 17/30, Batch 3200/3348, Loss: 0.0179
2025-10-10 11:49:42,170 [INFO] Época 17/30, Batch 3250/3348, Loss: 0.0305
2025-10-10 11:49:42,383 [INFO] Época 17/30, Batch 3300/3348, Loss: 0.0962
2025-10-10 11:49:43,921 [INFO] [17/30] Train Loss: 0.0572 | Val Loss: 0.1129 | Tempo: 15.81s
2025-10-10 11:49:44,443 [INFO] Época 18/30, Batch 50/3348, Loss: 0.0669
2025-10-10 11:49:44,657 [INFO] Época 18/30, Batch 100/3348, Loss: 0.0395
2025-10-10 11:49:44,883 [INFO] Época 18/30, Batch 150/3348, Loss: 0.0348
2025-10-10 11:49:45,096 [INFO] Época 18/30, Batch 200/3348, Loss: 0.0293
2025-10-10 11:49:45,312 [INFO] Época 18/30, Batch 250/3348, Loss: 0.0561
2025-10-10 11:49:45,533 [INFO] Época 18/30, Batch 300/3348, Loss: 0.0554
2025-10-10 11:49:45,748 [INFO] Época 18/30, Batch 350/3348, Loss: 0.1133
2025-10-10 11:49:45,960 [INFO] Época 18/30, Batch 400/3348, Loss: 0.0580
2025-10-10 11:49:46,172 [INFO] Época 18/30, Batch 450/3348, Loss: 0.0421
2025-10-10 11:49:46,385 [INFO] Época 18/30, Batch 500/3348, Loss: 0.0668
2025-10-10 11:49:46,601 [INFO] Época 18/30, Batch 550/3348, Loss: 0.0758
2025-10-10 11:49:46,807 [INFO] Época 18/30, Batch 600/3348, Loss: 0.0197
2025-10-10 11:49:47,019 [INFO] Época 18/30, Batch 650/3348, Loss: 0.0433
2025-10-10 11:49:47,241 [INFO] Época 18/30, Batch 700/3348, Loss: 0.0477
2025-10-10 11:49:47,458 [INFO] Época 18/30, Batch 750/3348, Loss: 0.0469
2025-10-10 11:49:47,683 [INFO] Época 18/30, Batch 800/3348, Loss: 0.0169
2025-10-10 11:49:47,897 [INFO] Época 18/30, Batch 850/3348, Loss: 0.0525
2025-10-10 11:49:48,139 [INFO] Época 18/30, Batch 900/3348, Loss: 0.1003
2025-10-10 11:49:48,354 [INFO] Época 18/30, Batch 950/3348, Loss: 0.0397
2025-10-10 11:49:48,573 [INFO] Época 18/30, Batch 1000/3348, Loss: 0.0793
2025-10-10 11:49:48,797 [INFO] Época 18/30, Batch 1050/3348, Loss: 0.0337
2025-10-10 11:49:49,022 [INFO] Época 18/30, Batch 1100/3348, Loss: 0.0764
2025-10-10 11:49:49,233 [INFO] Época 18/30, Batch 1150/3348, Loss: 0.0478
2025-10-10 11:49:49,464 [INFO] Época 18/30, Batch 1200/3348, Loss: 0.0612
2025-10-10 11:49:49,705 [INFO] Época 18/30, Batch 1250/3348, Loss: 0.0455
2025-10-10 11:49:49,884 [INFO] Época 18/30, Batch 1300/3348, Loss: 0.0540
2025-10-10 11:49:50,084 [INFO] Época 18/30, Batch 1350/3348, Loss: 0.0594
2025-10-10 11:49:50,328 [INFO] Época 18/30, Batch 1400/3348, Loss: 0.0700
2025-10-10 11:49:50,559 [INFO] Época 18/30, Batch 1450/3348, Loss: 0.0697
2025-10-10 11:49:50,745 [INFO] Época 18/30, Batch 1500/3348, Loss: 0.0448
2025-10-10 11:49:50,927 [INFO] Época 18/30, Batch 1550/3348, Loss: 0.0515
2025-10-10 11:49:51,106 [INFO] Época 18/30, Batch 1600/3348, Loss: 0.0505
2025-10-10 11:49:51,291 [INFO] Época 18/30, Batch 1650/3348, Loss: 0.0412
2025-10-10 11:49:51,504 [INFO] Época 18/30, Batch 1700/3348, Loss: 0.0505
2025-10-10 11:49:51,762 [INFO] Época 18/30, Batch 1750/3348, Loss: 0.0399
2025-10-10 11:49:51,992 [INFO] Época 18/30, Batch 1800/3348, Loss: 0.0532
2025-10-10 11:49:52,171 [INFO] Época 18/30, Batch 1850/3348, Loss: 0.0509
2025-10-10 11:49:52,362 [INFO] Época 18/30, Batch 1900/3348, Loss: 0.0837
2025-10-10 11:49:52,549 [INFO] Época 18/30, Batch 1950/3348, Loss: 0.0226
2025-10-10 11:49:52,728 [INFO] Época 18/30, Batch 2000/3348, Loss: 0.0340
2025-10-10 11:49:52,903 [INFO] Época 18/30, Batch 2050/3348, Loss: 0.0415
2025-10-10 11:49:53,080 [INFO] Época 18/30, Batch 2100/3348, Loss: 0.0815
2025-10-10 11:49:53,256 [INFO] Época 18/30, Batch 2150/3348, Loss: 0.0452
2025-10-10 11:49:53,431 [INFO] Época 18/30, Batch 2200/3348, Loss: 0.0396
2025-10-10 11:49:53,580 [INFO] Época 18/30, Batch 2250/3348, Loss: 0.0337
2025-10-10 11:49:53,717 [INFO] Época 18/30, Batch 2300/3348, Loss: 0.0516
2025-10-10 11:49:53,881 [INFO] Época 18/30, Batch 2350/3348, Loss: 0.0341
2025-10-10 11:49:54,058 [INFO] Época 18/30, Batch 2400/3348, Loss: 0.0821
2025-10-10 11:49:54,234 [INFO] Época 18/30, Batch 2450/3348, Loss: 0.0798
2025-10-10 11:49:54,409 [INFO] Época 18/30, Batch 2500/3348, Loss: 0.0600
2025-10-10 11:49:54,586 [INFO] Época 18/30, Batch 2550/3348, Loss: 0.1028
2025-10-10 11:49:54,763 [INFO] Época 18/30, Batch 2600/3348, Loss: 0.0451
2025-10-10 11:49:54,938 [INFO] Época 18/30, Batch 2650/3348, Loss: 0.0193
2025-10-10 11:49:55,117 [INFO] Época 18/30, Batch 2700/3348, Loss: 0.0759
2025-10-10 11:49:55,304 [INFO] Época 18/30, Batch 2750/3348, Loss: 0.0666
2025-10-10 11:49:55,524 [INFO] Época 18/30, Batch 2800/3348, Loss: 0.0780
2025-10-10 11:49:55,766 [INFO] Época 18/30, Batch 2850/3348, Loss: 0.0766
2025-10-10 11:49:56,021 [INFO] Época 18/30, Batch 2900/3348, Loss: 0.0888
2025-10-10 11:49:56,272 [INFO] Época 18/30, Batch 2950/3348, Loss: 0.0576
2025-10-10 11:49:56,525 [INFO] Época 18/30, Batch 3000/3348, Loss: 0.1112
2025-10-10 11:49:56,783 [INFO] Época 18/30, Batch 3050/3348, Loss: 0.0766
2025-10-10 11:49:57,041 [INFO] Época 18/30, Batch 3100/3348, Loss: 0.0974
2025-10-10 11:49:57,280 [INFO] Época 18/30, Batch 3150/3348, Loss: 0.1055
2025-10-10 11:49:57,518 [INFO] Época 18/30, Batch 3200/3348, Loss: 0.0247
2025-10-10 11:49:57,775 [INFO] Época 18/30, Batch 3250/3348, Loss: 0.0203
2025-10-10 11:49:58,029 [INFO] Época 18/30, Batch 3300/3348, Loss: 0.1021
2025-10-10 11:49:59,601 [INFO] [18/30] Train Loss: 0.0561 | Val Loss: 0.1039 | Tempo: 15.68s
2025-10-10 11:50:00,100 [INFO] Época 19/30, Batch 50/3348, Loss: 0.0347
2025-10-10 11:50:00,278 [INFO] Época 19/30, Batch 100/3348, Loss: 0.0317
2025-10-10 11:50:00,454 [INFO] Época 19/30, Batch 150/3348, Loss: 0.0679
2025-10-10 11:50:00,628 [INFO] Época 19/30, Batch 200/3348, Loss: 0.0487
2025-10-10 11:50:00,786 [INFO] Época 19/30, Batch 250/3348, Loss: 0.1012
2025-10-10 11:50:00,922 [INFO] Época 19/30, Batch 300/3348, Loss: 0.0271
2025-10-10 11:50:01,101 [INFO] Época 19/30, Batch 350/3348, Loss: 0.0219
2025-10-10 11:50:01,282 [INFO] Época 19/30, Batch 400/3348, Loss: 0.0407
2025-10-10 11:50:01,475 [INFO] Época 19/30, Batch 450/3348, Loss: 0.0476
2025-10-10 11:50:01,677 [INFO] Época 19/30, Batch 500/3348, Loss: 0.0458
2025-10-10 11:50:01,921 [INFO] Época 19/30, Batch 550/3348, Loss: 0.0595
2025-10-10 11:50:02,173 [INFO] Época 19/30, Batch 600/3348, Loss: 0.0409
2025-10-10 11:50:02,415 [INFO] Época 19/30, Batch 650/3348, Loss: 0.0406
2025-10-10 11:50:02,667 [INFO] Época 19/30, Batch 700/3348, Loss: 0.0317
2025-10-10 11:50:02,915 [INFO] Época 19/30, Batch 750/3348, Loss: 0.0614
2025-10-10 11:50:03,173 [INFO] Época 19/30, Batch 800/3348, Loss: 0.0912
2025-10-10 11:50:03,432 [INFO] Época 19/30, Batch 850/3348, Loss: 0.0612
2025-10-10 11:50:03,690 [INFO] Época 19/30, Batch 900/3348, Loss: 0.0312
2025-10-10 11:50:03,887 [INFO] Época 19/30, Batch 950/3348, Loss: 0.0307
2025-10-10 11:50:04,146 [INFO] Época 19/30, Batch 1000/3348, Loss: 0.0314
2025-10-10 11:50:04,380 [INFO] Época 19/30, Batch 1050/3348, Loss: 0.0505
2025-10-10 11:50:04,617 [INFO] Época 19/30, Batch 1100/3348, Loss: 0.0583
2025-10-10 11:50:04,846 [INFO] Época 19/30, Batch 1150/3348, Loss: 0.0834
2025-10-10 11:50:05,076 [INFO] Época 19/30, Batch 1200/3348, Loss: 0.0328
2025-10-10 11:50:05,332 [INFO] Época 19/30, Batch 1250/3348, Loss: 0.0402
2025-10-10 11:50:05,583 [INFO] Época 19/30, Batch 1300/3348, Loss: 0.0369
2025-10-10 11:50:05,839 [INFO] Época 19/30, Batch 1350/3348, Loss: 0.0597
2025-10-10 11:50:06,096 [INFO] Época 19/30, Batch 1400/3348, Loss: 0.0333
2025-10-10 11:50:06,352 [INFO] Época 19/30, Batch 1450/3348, Loss: 0.0525
2025-10-10 11:50:06,529 [INFO] Época 19/30, Batch 1500/3348, Loss: 0.0502
2025-10-10 11:50:06,753 [INFO] Época 19/30, Batch 1550/3348, Loss: 0.0346
2025-10-10 11:50:07,008 [INFO] Época 19/30, Batch 1600/3348, Loss: 0.0410
2025-10-10 11:50:07,263 [INFO] Época 19/30, Batch 1650/3348, Loss: 0.0717
2025-10-10 11:50:07,525 [INFO] Época 19/30, Batch 1700/3348, Loss: 0.0388
2025-10-10 11:50:07,797 [INFO] Época 19/30, Batch 1750/3348, Loss: 0.0408
2025-10-10 11:50:08,040 [INFO] Época 19/30, Batch 1800/3348, Loss: 0.0626
2025-10-10 11:50:08,303 [INFO] Época 19/30, Batch 1850/3348, Loss: 0.0821
2025-10-10 11:50:08,458 [INFO] Época 19/30, Batch 1900/3348, Loss: 0.0354
2025-10-10 11:50:08,589 [INFO] Época 19/30, Batch 1950/3348, Loss: 0.0431
2025-10-10 11:50:08,724 [INFO] Época 19/30, Batch 2000/3348, Loss: 0.0678
2025-10-10 11:50:08,859 [INFO] Época 19/30, Batch 2050/3348, Loss: 0.0389
2025-10-10 11:50:08,993 [INFO] Época 19/30, Batch 2100/3348, Loss: 0.0595
2025-10-10 11:50:09,126 [INFO] Época 19/30, Batch 2150/3348, Loss: 0.0377
2025-10-10 11:50:09,317 [INFO] Época 19/30, Batch 2200/3348, Loss: 0.0458
2025-10-10 11:50:09,580 [INFO] Época 19/30, Batch 2250/3348, Loss: 0.0613
2025-10-10 11:50:09,843 [INFO] Época 19/30, Batch 2300/3348, Loss: 0.0761
2025-10-10 11:50:10,106 [INFO] Época 19/30, Batch 2350/3348, Loss: 0.0411
2025-10-10 11:50:10,368 [INFO] Época 19/30, Batch 2400/3348, Loss: 0.0342
2025-10-10 11:50:10,628 [INFO] Época 19/30, Batch 2450/3348, Loss: 0.0690
2025-10-10 11:50:10,848 [INFO] Época 19/30, Batch 2500/3348, Loss: 0.0491
2025-10-10 11:50:11,060 [INFO] Época 19/30, Batch 2550/3348, Loss: 0.0549
2025-10-10 11:50:11,274 [INFO] Época 19/30, Batch 2600/3348, Loss: 0.0577
2025-10-10 11:50:11,496 [INFO] Época 19/30, Batch 2650/3348, Loss: 0.0780
2025-10-10 11:50:11,735 [INFO] Época 19/30, Batch 2700/3348, Loss: 0.0367
2025-10-10 11:50:11,958 [INFO] Época 19/30, Batch 2750/3348, Loss: 0.0939
2025-10-10 11:50:12,175 [INFO] Época 19/30, Batch 2800/3348, Loss: 0.0599
2025-10-10 11:50:12,391 [INFO] Época 19/30, Batch 2850/3348, Loss: 0.0894
2025-10-10 11:50:12,608 [INFO] Época 19/30, Batch 2900/3348, Loss: 0.0672
2025-10-10 11:50:12,824 [INFO] Época 19/30, Batch 2950/3348, Loss: 0.0794
2025-10-10 11:50:13,040 [INFO] Época 19/30, Batch 3000/3348, Loss: 0.0650
2025-10-10 11:50:13,256 [INFO] Época 19/30, Batch 3050/3348, Loss: 0.0454
2025-10-10 11:50:13,473 [INFO] Época 19/30, Batch 3100/3348, Loss: 0.0853
2025-10-10 11:50:13,690 [INFO] Época 19/30, Batch 3150/3348, Loss: 0.0584
2025-10-10 11:50:13,907 [INFO] Época 19/30, Batch 3200/3348, Loss: 0.0463
2025-10-10 11:50:14,122 [INFO] Época 19/30, Batch 3250/3348, Loss: 0.0445
2025-10-10 11:50:14,339 [INFO] Época 19/30, Batch 3300/3348, Loss: 0.0373
2025-10-10 11:50:15,807 [INFO] [19/30] Train Loss: 0.0545 | Val Loss: 0.1042 | Tempo: 16.21s
2025-10-10 11:50:16,324 [INFO] Época 20/30, Batch 50/3348, Loss: 0.0795
2025-10-10 11:50:16,548 [INFO] Época 20/30, Batch 100/3348, Loss: 0.0988
2025-10-10 11:50:16,779 [INFO] Época 20/30, Batch 150/3348, Loss: 0.0793
2025-10-10 11:50:17,003 [INFO] Época 20/30, Batch 200/3348, Loss: 0.0542
2025-10-10 11:50:17,228 [INFO] Época 20/30, Batch 250/3348, Loss: 0.0604
2025-10-10 11:50:17,448 [INFO] Época 20/30, Batch 300/3348, Loss: 0.0342
2025-10-10 11:50:17,671 [INFO] Época 20/30, Batch 350/3348, Loss: 0.0485
2025-10-10 11:50:17,895 [INFO] Época 20/30, Batch 400/3348, Loss: 0.0647
2025-10-10 11:50:18,111 [INFO] Época 20/30, Batch 450/3348, Loss: 0.0307
2025-10-10 11:50:18,327 [INFO] Época 20/30, Batch 500/3348, Loss: 0.0583
2025-10-10 11:50:18,548 [INFO] Época 20/30, Batch 550/3348, Loss: 0.0563
2025-10-10 11:50:18,765 [INFO] Época 20/30, Batch 600/3348, Loss: 0.0255
2025-10-10 11:50:18,981 [INFO] Época 20/30, Batch 650/3348, Loss: 0.0222
2025-10-10 11:50:19,198 [INFO] Época 20/30, Batch 700/3348, Loss: 0.0834
2025-10-10 11:50:19,415 [INFO] Época 20/30, Batch 750/3348, Loss: 0.1423
2025-10-10 11:50:19,630 [INFO] Época 20/30, Batch 800/3348, Loss: 0.0319
2025-10-10 11:50:19,846 [INFO] Época 20/30, Batch 850/3348, Loss: 0.0606
2025-10-10 11:50:20,062 [INFO] Época 20/30, Batch 900/3348, Loss: 0.0393
2025-10-10 11:50:20,278 [INFO] Época 20/30, Batch 950/3348, Loss: 0.0387
2025-10-10 11:50:20,493 [INFO] Época 20/30, Batch 1000/3348, Loss: 0.0602
2025-10-10 11:50:20,641 [INFO] Época 20/30, Batch 1050/3348, Loss: 0.0324
2025-10-10 11:50:20,789 [INFO] Época 20/30, Batch 1100/3348, Loss: 0.0473
2025-10-10 11:50:20,962 [INFO] Época 20/30, Batch 1150/3348, Loss: 0.0344
2025-10-10 11:50:21,175 [INFO] Época 20/30, Batch 1200/3348, Loss: 0.0350
2025-10-10 11:50:21,388 [INFO] Época 20/30, Batch 1250/3348, Loss: 0.0546
2025-10-10 11:50:21,596 [INFO] Época 20/30, Batch 1300/3348, Loss: 0.0991
2025-10-10 11:50:21,809 [INFO] Época 20/30, Batch 1350/3348, Loss: 0.0472
2025-10-10 11:50:22,021 [INFO] Época 20/30, Batch 1400/3348, Loss: 0.0477
2025-10-10 11:50:22,233 [INFO] Época 20/30, Batch 1450/3348, Loss: 0.0357
2025-10-10 11:50:22,445 [INFO] Época 20/30, Batch 1500/3348, Loss: 0.0338
2025-10-10 11:50:22,657 [INFO] Época 20/30, Batch 1550/3348, Loss: 0.0267
2025-10-10 11:50:22,870 [INFO] Época 20/30, Batch 1600/3348, Loss: 0.0258
2025-10-10 11:50:23,080 [INFO] Época 20/30, Batch 1650/3348, Loss: 0.0471
2025-10-10 11:50:23,293 [INFO] Época 20/30, Batch 1700/3348, Loss: 0.0598
2025-10-10 11:50:23,507 [INFO] Época 20/30, Batch 1750/3348, Loss: 0.0376
2025-10-10 11:50:23,724 [INFO] Época 20/30, Batch 1800/3348, Loss: 0.0622
2025-10-10 11:50:23,947 [INFO] Época 20/30, Batch 1850/3348, Loss: 0.0504
2025-10-10 11:50:24,161 [INFO] Época 20/30, Batch 1900/3348, Loss: 0.0394
2025-10-10 11:50:24,374 [INFO] Época 20/30, Batch 1950/3348, Loss: 0.0543
2025-10-10 11:50:24,587 [INFO] Época 20/30, Batch 2000/3348, Loss: 0.0504
2025-10-10 11:50:24,799 [INFO] Época 20/30, Batch 2050/3348, Loss: 0.0418
2025-10-10 11:50:25,014 [INFO] Época 20/30, Batch 2100/3348, Loss: 0.0166
2025-10-10 11:50:25,228 [INFO] Época 20/30, Batch 2150/3348, Loss: 0.0399
2025-10-10 11:50:25,441 [INFO] Época 20/30, Batch 2200/3348, Loss: 0.0958
2025-10-10 11:50:25,653 [INFO] Época 20/30, Batch 2250/3348, Loss: 0.0247
2025-10-10 11:50:25,868 [INFO] Época 20/30, Batch 2300/3348, Loss: 0.0508
2025-10-10 11:50:26,081 [INFO] Época 20/30, Batch 2350/3348, Loss: 0.0651
2025-10-10 11:50:26,299 [INFO] Época 20/30, Batch 2400/3348, Loss: 0.0810
2025-10-10 11:50:26,513 [INFO] Época 20/30, Batch 2450/3348, Loss: 0.0533
2025-10-10 11:50:26,733 [INFO] Época 20/30, Batch 2500/3348, Loss: 0.0746
2025-10-10 11:50:26,960 [INFO] Época 20/30, Batch 2550/3348, Loss: 0.0562
2025-10-10 11:50:27,176 [INFO] Época 20/30, Batch 2600/3348, Loss: 0.0391
2025-10-10 11:50:27,391 [INFO] Época 20/30, Batch 2650/3348, Loss: 0.0356
2025-10-10 11:50:27,606 [INFO] Época 20/30, Batch 2700/3348, Loss: 0.0532
2025-10-10 11:50:27,827 [INFO] Época 20/30, Batch 2750/3348, Loss: 0.0368
2025-10-10 11:50:28,044 [INFO] Época 20/30, Batch 2800/3348, Loss: 0.1241
2025-10-10 11:50:28,257 [INFO] Época 20/30, Batch 2850/3348, Loss: 0.0915
2025-10-10 11:50:28,480 [INFO] Época 20/30, Batch 2900/3348, Loss: 0.0371
2025-10-10 11:50:28,698 [INFO] Época 20/30, Batch 2950/3348, Loss: 0.0299
2025-10-10 11:50:28,915 [INFO] Época 20/30, Batch 3000/3348, Loss: 0.0262
2025-10-10 11:50:29,130 [INFO] Época 20/30, Batch 3050/3348, Loss: 0.1108
2025-10-10 11:50:29,343 [INFO] Época 20/30, Batch 3100/3348, Loss: 0.0476
2025-10-10 11:50:29,558 [INFO] Época 20/30, Batch 3150/3348, Loss: 0.0740
2025-10-10 11:50:29,787 [INFO] Época 20/30, Batch 3200/3348, Loss: 0.0856
2025-10-10 11:50:29,942 [INFO] Época 20/30, Batch 3250/3348, Loss: 0.0469
2025-10-10 11:50:30,149 [INFO] Época 20/30, Batch 3300/3348, Loss: 0.0408
2025-10-10 11:50:31,675 [INFO] [20/30] Train Loss: 0.0537 | Val Loss: 0.0938 | Tempo: 15.87s
2025-10-10 11:50:31,680 [INFO] Melhor modelo salvo em: /mnt/hdd/home/jdurao/ToolBox-ChemXAI/models/mlp_qm9_AtomPair_att13_large.pth
2025-10-10 11:50:32,179 [INFO] Época 21/30, Batch 50/3348, Loss: 0.0928
2025-10-10 11:50:32,389 [INFO] Época 21/30, Batch 100/3348, Loss: 0.0542
2025-10-10 11:50:32,580 [INFO] Época 21/30, Batch 150/3348, Loss: 0.0499
2025-10-10 11:50:32,737 [INFO] Época 21/30, Batch 200/3348, Loss: 0.0356
2025-10-10 11:50:32,888 [INFO] Época 21/30, Batch 250/3348, Loss: 0.0794
2025-10-10 11:50:33,096 [INFO] Época 21/30, Batch 300/3348, Loss: 0.0680
2025-10-10 11:50:33,312 [INFO] Época 21/30, Batch 350/3348, Loss: 0.0269
2025-10-10 11:50:33,528 [INFO] Época 21/30, Batch 400/3348, Loss: 0.0312
2025-10-10 11:50:33,743 [INFO] Época 21/30, Batch 450/3348, Loss: 0.0387
2025-10-10 11:50:33,961 [INFO] Época 21/30, Batch 500/3348, Loss: 0.0276
2025-10-10 11:50:34,174 [INFO] Época 21/30, Batch 550/3348, Loss: 0.0306
2025-10-10 11:50:34,386 [INFO] Época 21/30, Batch 600/3348, Loss: 0.0495
2025-10-10 11:50:34,597 [INFO] Época 21/30, Batch 650/3348, Loss: 0.0360
2025-10-10 11:50:34,811 [INFO] Época 21/30, Batch 700/3348, Loss: 0.0822
2025-10-10 11:50:35,024 [INFO] Época 21/30, Batch 750/3348, Loss: 0.0411
2025-10-10 11:50:35,237 [INFO] Época 21/30, Batch 800/3348, Loss: 0.0520
2025-10-10 11:50:35,450 [INFO] Época 21/30, Batch 850/3348, Loss: 0.0459
2025-10-10 11:50:35,630 [INFO] Época 21/30, Batch 900/3348, Loss: 0.0529
2025-10-10 11:50:35,776 [INFO] Época 21/30, Batch 950/3348, Loss: 0.0248
2025-10-10 11:50:35,921 [INFO] Época 21/30, Batch 1000/3348, Loss: 0.0464
2025-10-10 11:50:36,122 [INFO] Época 21/30, Batch 1050/3348, Loss: 0.0365
2025-10-10 11:50:36,336 [INFO] Época 21/30, Batch 1100/3348, Loss: 0.0600
2025-10-10 11:50:36,549 [INFO] Época 21/30, Batch 1150/3348, Loss: 0.0424
2025-10-10 11:50:36,762 [INFO] Época 21/30, Batch 1200/3348, Loss: 0.0677
2025-10-10 11:50:36,974 [INFO] Época 21/30, Batch 1250/3348, Loss: 0.0362
2025-10-10 11:50:37,186 [INFO] Época 21/30, Batch 1300/3348, Loss: 0.0392
2025-10-10 11:50:37,399 [INFO] Época 21/30, Batch 1350/3348, Loss: 0.0540
2025-10-10 11:50:37,613 [INFO] Época 21/30, Batch 1400/3348, Loss: 0.0484
2025-10-10 11:50:37,825 [INFO] Época 21/30, Batch 1450/3348, Loss: 0.0813
2025-10-10 11:50:38,039 [INFO] Época 21/30, Batch 1500/3348, Loss: 0.0476
2025-10-10 11:50:38,252 [INFO] Época 21/30, Batch 1550/3348, Loss: 0.0550
2025-10-10 11:50:38,465 [INFO] Época 21/30, Batch 1600/3348, Loss: 0.0362
2025-10-10 11:50:38,652 [INFO] Época 21/30, Batch 1650/3348, Loss: 0.0209
2025-10-10 11:50:38,797 [INFO] Época 21/30, Batch 1700/3348, Loss: 0.0351
2025-10-10 11:50:38,951 [INFO] Época 21/30, Batch 1750/3348, Loss: 0.0571
2025-10-10 11:50:39,158 [INFO] Época 21/30, Batch 1800/3348, Loss: 0.0657
2025-10-10 11:50:39,370 [INFO] Época 21/30, Batch 1850/3348, Loss: 0.0202
2025-10-10 11:50:39,582 [INFO] Época 21/30, Batch 1900/3348, Loss: 0.0704
2025-10-10 11:50:39,795 [INFO] Época 21/30, Batch 1950/3348, Loss: 0.0338
2025-10-10 11:50:40,008 [INFO] Época 21/30, Batch 2000/3348, Loss: 0.0653
2025-10-10 11:50:40,228 [INFO] Época 21/30, Batch 2050/3348, Loss: 0.0788
2025-10-10 11:50:40,448 [INFO] Época 21/30, Batch 2100/3348, Loss: 0.0250
2025-10-10 11:50:40,660 [INFO] Época 21/30, Batch 2150/3348, Loss: 0.0834
2025-10-10 11:50:40,878 [INFO] Época 21/30, Batch 2200/3348, Loss: 0.0535
2025-10-10 11:50:41,092 [INFO] Época 21/30, Batch 2250/3348, Loss: 0.0603
2025-10-10 11:50:41,306 [INFO] Época 21/30, Batch 2300/3348, Loss: 0.0315
2025-10-10 11:50:41,521 [INFO] Época 21/30, Batch 2350/3348, Loss: 0.0550
2025-10-10 11:50:41,735 [INFO] Época 21/30, Batch 2400/3348, Loss: 0.0643
2025-10-10 11:50:41,959 [INFO] Época 21/30, Batch 2450/3348, Loss: 0.0615
2025-10-10 11:50:42,177 [INFO] Época 21/30, Batch 2500/3348, Loss: 0.0103
2025-10-10 11:50:42,392 [INFO] Época 21/30, Batch 2550/3348, Loss: 0.0655
2025-10-10 11:50:42,606 [INFO] Época 21/30, Batch 2600/3348, Loss: 0.0340
2025-10-10 11:50:42,819 [INFO] Época 21/30, Batch 2650/3348, Loss: 0.0662
2025-10-10 11:50:43,034 [INFO] Época 21/30, Batch 2700/3348, Loss: 0.0300
2025-10-10 11:50:43,251 [INFO] Época 21/30, Batch 2750/3348, Loss: 0.0705
2025-10-10 11:50:43,464 [INFO] Época 21/30, Batch 2800/3348, Loss: 0.0457
2025-10-10 11:50:43,676 [INFO] Época 21/30, Batch 2850/3348, Loss: 0.0490
2025-10-10 11:50:43,891 [INFO] Época 21/30, Batch 2900/3348, Loss: 0.0319
2025-10-10 11:50:44,114 [INFO] Época 21/30, Batch 2950/3348, Loss: 0.0451
2025-10-10 11:50:44,348 [INFO] Época 21/30, Batch 3000/3348, Loss: 0.0481
2025-10-10 11:50:44,564 [INFO] Época 21/30, Batch 3050/3348, Loss: 0.1385
2025-10-10 11:50:44,751 [INFO] Época 21/30, Batch 3100/3348, Loss: 0.0605
2025-10-10 11:50:44,996 [INFO] Época 21/30, Batch 3150/3348, Loss: 0.0425
2025-10-10 11:50:45,212 [INFO] Época 21/30, Batch 3200/3348, Loss: 0.0390
2025-10-10 11:50:45,429 [INFO] Época 21/30, Batch 3250/3348, Loss: 0.0412
2025-10-10 11:50:45,647 [INFO] Época 21/30, Batch 3300/3348, Loss: 0.0330
2025-10-10 11:50:47,242 [INFO] [21/30] Train Loss: 0.0530 | Val Loss: 0.1187 | Tempo: 15.56s
2025-10-10 11:50:47,721 [INFO] Época 22/30, Batch 50/3348, Loss: 0.0399
2025-10-10 11:50:47,869 [INFO] Época 22/30, Batch 100/3348, Loss: 0.0711
2025-10-10 11:50:48,032 [INFO] Época 22/30, Batch 150/3348, Loss: 0.0562
2025-10-10 11:50:48,247 [INFO] Época 22/30, Batch 200/3348, Loss: 0.0331
2025-10-10 11:50:48,479 [INFO] Época 22/30, Batch 250/3348, Loss: 0.0603
2025-10-10 11:50:48,700 [INFO] Época 22/30, Batch 300/3348, Loss: 0.0472
2025-10-10 11:50:48,913 [INFO] Época 22/30, Batch 350/3348, Loss: 0.0515
2025-10-10 11:50:49,133 [INFO] Época 22/30, Batch 400/3348, Loss: 0.0468
2025-10-10 11:50:49,355 [INFO] Época 22/30, Batch 450/3348, Loss: 0.0416
2025-10-10 11:50:49,566 [INFO] Época 22/30, Batch 500/3348, Loss: 0.0394
2025-10-10 11:50:49,778 [INFO] Época 22/30, Batch 550/3348, Loss: 0.0479
2025-10-10 11:50:49,992 [INFO] Época 22/30, Batch 600/3348, Loss: 0.0543
2025-10-10 11:50:50,207 [INFO] Época 22/30, Batch 650/3348, Loss: 0.0244
2025-10-10 11:50:50,420 [INFO] Época 22/30, Batch 700/3348, Loss: 0.0374
2025-10-10 11:50:50,633 [INFO] Época 22/30, Batch 750/3348, Loss: 0.0721
2025-10-10 11:50:50,859 [INFO] Época 22/30, Batch 800/3348, Loss: 0.0962
2025-10-10 11:50:51,089 [INFO] Época 22/30, Batch 850/3348, Loss: 0.0597
2025-10-10 11:50:51,322 [INFO] Época 22/30, Batch 900/3348, Loss: 0.0349
2025-10-10 11:50:51,537 [INFO] Época 22/30, Batch 950/3348, Loss: 0.0522
2025-10-10 11:50:51,751 [INFO] Época 22/30, Batch 1000/3348, Loss: 0.0625
2025-10-10 11:50:51,962 [INFO] Época 22/30, Batch 1050/3348, Loss: 0.0337
2025-10-10 11:50:52,175 [INFO] Época 22/30, Batch 1100/3348, Loss: 0.0652
2025-10-10 11:50:52,389 [INFO] Época 22/30, Batch 1150/3348, Loss: 0.0229
2025-10-10 11:50:52,603 [INFO] Época 22/30, Batch 1200/3348, Loss: 0.0720
2025-10-10 11:50:52,819 [INFO] Época 22/30, Batch 1250/3348, Loss: 0.0786
2025-10-10 11:50:53,034 [INFO] Época 22/30, Batch 1300/3348, Loss: 0.0475
2025-10-10 11:50:53,249 [INFO] Época 22/30, Batch 1350/3348, Loss: 0.0606
2025-10-10 11:50:53,463 [INFO] Época 22/30, Batch 1400/3348, Loss: 0.0211
2025-10-10 11:50:53,677 [INFO] Época 22/30, Batch 1450/3348, Loss: 0.0638
2025-10-10 11:50:53,905 [INFO] Época 22/30, Batch 1500/3348, Loss: 0.0379
2025-10-10 11:50:54,131 [INFO] Época 22/30, Batch 1550/3348, Loss: 0.0365
2025-10-10 11:50:54,346 [INFO] Época 22/30, Batch 1600/3348, Loss: 0.0327
2025-10-10 11:50:54,560 [INFO] Época 22/30, Batch 1650/3348, Loss: 0.0494
2025-10-10 11:50:54,778 [INFO] Época 22/30, Batch 1700/3348, Loss: 0.0304
2025-10-10 11:50:54,992 [INFO] Época 22/30, Batch 1750/3348, Loss: 0.0862
2025-10-10 11:50:55,205 [INFO] Época 22/30, Batch 1800/3348, Loss: 0.0836
2025-10-10 11:50:55,420 [INFO] Época 22/30, Batch 1850/3348, Loss: 0.0539
2025-10-10 11:50:55,634 [INFO] Época 22/30, Batch 1900/3348, Loss: 0.0417
2025-10-10 11:50:55,849 [INFO] Época 22/30, Batch 1950/3348, Loss: 0.0347
2025-10-10 11:50:56,065 [INFO] Época 22/30, Batch 2000/3348, Loss: 0.0591
2025-10-10 11:50:56,281 [INFO] Época 22/30, Batch 2050/3348, Loss: 0.0365
2025-10-10 11:50:56,496 [INFO] Época 22/30, Batch 2100/3348, Loss: 0.0519
2025-10-10 11:50:56,710 [INFO] Época 22/30, Batch 2150/3348, Loss: 0.0917
2025-10-10 11:50:56,936 [INFO] Época 22/30, Batch 2200/3348, Loss: 0.0616
2025-10-10 11:50:57,165 [INFO] Época 22/30, Batch 2250/3348, Loss: 0.0546
2025-10-10 11:50:57,380 [INFO] Época 22/30, Batch 2300/3348, Loss: 0.0196
2025-10-10 11:50:57,596 [INFO] Época 22/30, Batch 2350/3348, Loss: 0.0404
2025-10-10 11:50:57,811 [INFO] Época 22/30, Batch 2400/3348, Loss: 0.0412
2025-10-10 11:50:58,025 [INFO] Época 22/30, Batch 2450/3348, Loss: 0.0551
2025-10-10 11:50:58,245 [INFO] Época 22/30, Batch 2500/3348, Loss: 0.0256
2025-10-10 11:50:58,474 [INFO] Época 22/30, Batch 2550/3348, Loss: 0.0481
2025-10-10 11:50:58,689 [INFO] Época 22/30, Batch 2600/3348, Loss: 0.0694
2025-10-10 11:50:58,909 [INFO] Época 22/30, Batch 2650/3348, Loss: 0.0498
2025-10-10 11:50:59,122 [INFO] Época 22/30, Batch 2700/3348, Loss: 0.0505
2025-10-10 11:50:59,335 [INFO] Época 22/30, Batch 2750/3348, Loss: 0.0833
2025-10-10 11:50:59,549 [INFO] Época 22/30, Batch 2800/3348, Loss: 0.0602
2025-10-10 11:50:59,769 [INFO] Época 22/30, Batch 2850/3348, Loss: 0.0227
2025-10-10 11:50:59,928 [INFO] Época 22/30, Batch 2900/3348, Loss: 0.0381
2025-10-10 11:51:00,073 [INFO] Época 22/30, Batch 2950/3348, Loss: 0.0426
2025-10-10 11:51:00,260 [INFO] Época 22/30, Batch 3000/3348, Loss: 0.0664
2025-10-10 11:51:00,474 [INFO] Época 22/30, Batch 3050/3348, Loss: 0.0758
2025-10-10 11:51:00,689 [INFO] Época 22/30, Batch 3100/3348, Loss: 0.0318
2025-10-10 11:51:00,920 [INFO] Época 22/30, Batch 3150/3348, Loss: 0.0492
2025-10-10 11:51:01,133 [INFO] Época 22/30, Batch 3200/3348, Loss: 0.0231
2025-10-10 11:51:01,348 [INFO] Época 22/30, Batch 3250/3348, Loss: 0.0472
2025-10-10 11:51:01,561 [INFO] Época 22/30, Batch 3300/3348, Loss: 0.1133
2025-10-10 11:51:03,110 [INFO] [22/30] Train Loss: 0.0530 | Val Loss: 0.0972 | Tempo: 15.87s
2025-10-10 11:51:03,613 [INFO] Época 23/30, Batch 50/3348, Loss: 0.0398
2025-10-10 11:51:03,826 [INFO] Época 23/30, Batch 100/3348, Loss: 0.0597
2025-10-10 11:51:04,040 [INFO] Época 23/30, Batch 150/3348, Loss: 0.0467
2025-10-10 11:51:04,250 [INFO] Época 23/30, Batch 200/3348, Loss: 0.0221
2025-10-10 11:51:04,461 [INFO] Época 23/30, Batch 250/3348, Loss: 0.0603
2025-10-10 11:51:04,675 [INFO] Época 23/30, Batch 300/3348, Loss: 0.0905
2025-10-10 11:51:04,888 [INFO] Época 23/30, Batch 350/3348, Loss: 0.0539
2025-10-10 11:51:05,101 [INFO] Época 23/30, Batch 400/3348, Loss: 0.0525
2025-10-10 11:51:05,316 [INFO] Época 23/30, Batch 450/3348, Loss: 0.0747
2025-10-10 11:51:05,531 [INFO] Época 23/30, Batch 500/3348, Loss: 0.0273
2025-10-10 11:51:05,746 [INFO] Época 23/30, Batch 550/3348, Loss: 0.0235
2025-10-10 11:51:05,925 [INFO] Época 23/30, Batch 600/3348, Loss: 0.0613
2025-10-10 11:51:06,077 [INFO] Época 23/30, Batch 650/3348, Loss: 0.0556
2025-10-10 11:51:06,279 [INFO] Época 23/30, Batch 700/3348, Loss: 0.0281
2025-10-10 11:51:06,525 [INFO] Época 23/30, Batch 750/3348, Loss: 0.0283
2025-10-10 11:51:06,741 [INFO] Época 23/30, Batch 800/3348, Loss: 0.0424
2025-10-10 11:51:06,955 [INFO] Época 23/30, Batch 850/3348, Loss: 0.0572
2025-10-10 11:51:07,177 [INFO] Época 23/30, Batch 900/3348, Loss: 0.0957
2025-10-10 11:51:07,405 [INFO] Época 23/30, Batch 950/3348, Loss: 0.0295
2025-10-10 11:51:07,630 [INFO] Época 23/30, Batch 1000/3348, Loss: 0.0844
2025-10-10 11:51:07,844 [INFO] Época 23/30, Batch 1050/3348, Loss: 0.0709
2025-10-10 11:51:08,058 [INFO] Época 23/30, Batch 1100/3348, Loss: 0.0627
2025-10-10 11:51:08,272 [INFO] Época 23/30, Batch 1150/3348, Loss: 0.1070
2025-10-10 11:51:08,487 [INFO] Época 23/30, Batch 1200/3348, Loss: 0.0688
2025-10-10 11:51:08,702 [INFO] Época 23/30, Batch 1250/3348, Loss: 0.0560
2025-10-10 11:51:08,921 [INFO] Época 23/30, Batch 1300/3348, Loss: 0.0373
2025-10-10 11:51:09,145 [INFO] Época 23/30, Batch 1350/3348, Loss: 0.0601
2025-10-10 11:51:09,361 [INFO] Época 23/30, Batch 1400/3348, Loss: 0.0252
2025-10-10 11:51:09,578 [INFO] Época 23/30, Batch 1450/3348, Loss: 0.0660
2025-10-10 11:51:09,794 [INFO] Época 23/30, Batch 1500/3348, Loss: 0.0184
2025-10-10 11:51:10,016 [INFO] Época 23/30, Batch 1550/3348, Loss: 0.0566
2025-10-10 11:51:10,237 [INFO] Época 23/30, Batch 1600/3348, Loss: 0.0534
2025-10-10 11:51:10,457 [INFO] Época 23/30, Batch 1650/3348, Loss: 0.0278
2025-10-10 11:51:10,686 [INFO] Época 23/30, Batch 1700/3348, Loss: 0.0480
2025-10-10 11:51:10,917 [INFO] Época 23/30, Batch 1750/3348, Loss: 0.0775
2025-10-10 11:51:11,131 [INFO] Época 23/30, Batch 1800/3348, Loss: 0.0417
2025-10-10 11:51:11,343 [INFO] Época 23/30, Batch 1850/3348, Loss: 0.0316
2025-10-10 11:51:11,555 [INFO] Época 23/30, Batch 1900/3348, Loss: 0.0420
2025-10-10 11:51:11,770 [INFO] Época 23/30, Batch 1950/3348, Loss: 0.0375
2025-10-10 11:51:11,979 [INFO] Época 23/30, Batch 2000/3348, Loss: 0.0453
2025-10-10 11:51:12,175 [INFO] Época 23/30, Batch 2050/3348, Loss: 0.0480
2025-10-10 11:51:12,391 [INFO] Época 23/30, Batch 2100/3348, Loss: 0.0374
2025-10-10 11:51:12,607 [INFO] Época 23/30, Batch 2150/3348, Loss: 0.0545
2025-10-10 11:51:12,820 [INFO] Época 23/30, Batch 2200/3348, Loss: 0.0764
2025-10-10 11:51:13,034 [INFO] Época 23/30, Batch 2250/3348, Loss: 0.0779
2025-10-10 11:51:13,246 [INFO] Época 23/30, Batch 2300/3348, Loss: 0.0789
2025-10-10 11:51:13,459 [INFO] Época 23/30, Batch 2350/3348, Loss: 0.0321
2025-10-10 11:51:13,671 [INFO] Época 23/30, Batch 2400/3348, Loss: 0.0382
2025-10-10 11:51:13,883 [INFO] Época 23/30, Batch 2450/3348, Loss: 0.0267
2025-10-10 11:51:14,101 [INFO] Época 23/30, Batch 2500/3348, Loss: 0.0749
2025-10-10 11:51:14,320 [INFO] Época 23/30, Batch 2550/3348, Loss: 0.0466
2025-10-10 11:51:14,541 [INFO] Época 23/30, Batch 2600/3348, Loss: 0.0540
2025-10-10 11:51:14,755 [INFO] Época 23/30, Batch 2650/3348, Loss: 0.0402
2025-10-10 11:51:14,934 [INFO] Época 23/30, Batch 2700/3348, Loss: 0.0502
2025-10-10 11:51:15,092 [INFO] Época 23/30, Batch 2750/3348, Loss: 0.0499
2025-10-10 11:51:15,271 [INFO] Época 23/30, Batch 2800/3348, Loss: 0.0261
2025-10-10 11:51:15,505 [INFO] Época 23/30, Batch 2850/3348, Loss: 0.0719
2025-10-10 11:51:15,721 [INFO] Época 23/30, Batch 2900/3348, Loss: 0.0351
2025-10-10 11:51:15,934 [INFO] Época 23/30, Batch 2950/3348, Loss: 0.0826
2025-10-10 11:51:16,143 [INFO] Época 23/30, Batch 3000/3348, Loss: 0.0472
2025-10-10 11:51:16,359 [INFO] Época 23/30, Batch 3050/3348, Loss: 0.0229
2025-10-10 11:51:16,574 [INFO] Época 23/30, Batch 3100/3348, Loss: 0.0331
2025-10-10 11:51:16,790 [INFO] Época 23/30, Batch 3150/3348, Loss: 0.0537
2025-10-10 11:51:17,003 [INFO] Época 23/30, Batch 3200/3348, Loss: 0.0590
2025-10-10 11:51:17,222 [INFO] Época 23/30, Batch 3250/3348, Loss: 0.0549
2025-10-10 11:51:17,439 [INFO] Época 23/30, Batch 3300/3348, Loss: 0.0489
2025-10-10 11:51:18,919 [INFO] [23/30] Train Loss: 0.0515 | Val Loss: 0.1124 | Tempo: 15.81s
2025-10-10 11:51:19,425 [INFO] Época 24/30, Batch 50/3348, Loss: 0.0710
2025-10-10 11:51:19,638 [INFO] Época 24/30, Batch 100/3348, Loss: 0.0682
2025-10-10 11:51:19,852 [INFO] Época 24/30, Batch 150/3348, Loss: 0.0143
2025-10-10 11:51:20,065 [INFO] Época 24/30, Batch 200/3348, Loss: 0.0570
2025-10-10 11:51:20,281 [INFO] Época 24/30, Batch 250/3348, Loss: 0.0365
2025-10-10 11:51:20,496 [INFO] Época 24/30, Batch 300/3348, Loss: 0.0519
2025-10-10 11:51:20,711 [INFO] Época 24/30, Batch 350/3348, Loss: 0.0231
2025-10-10 11:51:20,929 [INFO] Época 24/30, Batch 400/3348, Loss: 0.0506
2025-10-10 11:51:21,150 [INFO] Época 24/30, Batch 450/3348, Loss: 0.0292
2025-10-10 11:51:21,374 [INFO] Época 24/30, Batch 500/3348, Loss: 0.0642
2025-10-10 11:51:21,589 [INFO] Época 24/30, Batch 550/3348, Loss: 0.0410
2025-10-10 11:51:21,801 [INFO] Época 24/30, Batch 600/3348, Loss: 0.0651
2025-10-10 11:51:22,011 [INFO] Época 24/30, Batch 650/3348, Loss: 0.0541
2025-10-10 11:51:22,224 [INFO] Época 24/30, Batch 700/3348, Loss: 0.0493
2025-10-10 11:51:22,435 [INFO] Época 24/30, Batch 750/3348, Loss: 0.0325
2025-10-10 11:51:22,649 [INFO] Época 24/30, Batch 800/3348, Loss: 0.0793
2025-10-10 11:51:22,863 [INFO] Época 24/30, Batch 850/3348, Loss: 0.0779
2025-10-10 11:51:23,075 [INFO] Época 24/30, Batch 900/3348, Loss: 0.0617
2025-10-10 11:51:23,290 [INFO] Época 24/30, Batch 950/3348, Loss: 0.0365
2025-10-10 11:51:23,506 [INFO] Época 24/30, Batch 1000/3348, Loss: 0.0699
2025-10-10 11:51:23,719 [INFO] Época 24/30, Batch 1050/3348, Loss: 0.0716
2025-10-10 11:51:23,933 [INFO] Época 24/30, Batch 1100/3348, Loss: 0.0614
2025-10-10 11:51:24,152 [INFO] Época 24/30, Batch 1150/3348, Loss: 0.0784
2025-10-10 11:51:24,370 [INFO] Época 24/30, Batch 1200/3348, Loss: 0.0529
2025-10-10 11:51:24,586 [INFO] Época 24/30, Batch 1250/3348, Loss: 0.0582
2025-10-10 11:51:24,800 [INFO] Época 24/30, Batch 1300/3348, Loss: 0.0841
2025-10-10 11:51:25,013 [INFO] Época 24/30, Batch 1350/3348, Loss: 0.0612
2025-10-10 11:51:25,228 [INFO] Época 24/30, Batch 1400/3348, Loss: 0.0247
2025-10-10 11:51:25,440 [INFO] Época 24/30, Batch 1450/3348, Loss: 0.0806
2025-10-10 11:51:25,655 [INFO] Época 24/30, Batch 1500/3348, Loss: 0.0280
2025-10-10 11:51:25,870 [INFO] Época 24/30, Batch 1550/3348, Loss: 0.0637
2025-10-10 11:51:26,082 [INFO] Época 24/30, Batch 1600/3348, Loss: 0.0231
2025-10-10 11:51:26,295 [INFO] Época 24/30, Batch 1650/3348, Loss: 0.0435
2025-10-10 11:51:26,509 [INFO] Época 24/30, Batch 1700/3348, Loss: 0.0674
2025-10-10 11:51:26,724 [INFO] Época 24/30, Batch 1750/3348, Loss: 0.0589
2025-10-10 11:51:26,939 [INFO] Época 24/30, Batch 1800/3348, Loss: 0.1347
2025-10-10 11:51:27,108 [INFO] Época 24/30, Batch 1850/3348, Loss: 0.0584
2025-10-10 11:51:27,253 [INFO] Época 24/30, Batch 1900/3348, Loss: 0.0709
2025-10-10 11:51:27,410 [INFO] Época 24/30, Batch 1950/3348, Loss: 0.0566
2025-10-10 11:51:27,624 [INFO] Época 24/30, Batch 2000/3348, Loss: 0.0391
2025-10-10 11:51:27,837 [INFO] Época 24/30, Batch 2050/3348, Loss: 0.0318
2025-10-10 11:51:28,050 [INFO] Época 24/30, Batch 2100/3348, Loss: 0.0536
2025-10-10 11:51:28,262 [INFO] Época 24/30, Batch 2150/3348, Loss: 0.0488
2025-10-10 11:51:28,474 [INFO] Época 24/30, Batch 2200/3348, Loss: 0.0637
2025-10-10 11:51:28,689 [INFO] Época 24/30, Batch 2250/3348, Loss: 0.0867
2025-10-10 11:51:28,901 [INFO] Época 24/30, Batch 2300/3348, Loss: 0.0502
2025-10-10 11:51:29,115 [INFO] Época 24/30, Batch 2350/3348, Loss: 0.0424
2025-10-10 11:51:29,330 [INFO] Época 24/30, Batch 2400/3348, Loss: 0.0444
2025-10-10 11:51:29,543 [INFO] Época 24/30, Batch 2450/3348, Loss: 0.0511
2025-10-10 11:51:29,755 [INFO] Época 24/30, Batch 2500/3348, Loss: 0.0633
2025-10-10 11:51:29,966 [INFO] Época 24/30, Batch 2550/3348, Loss: 0.0401
2025-10-10 11:51:30,132 [INFO] Época 24/30, Batch 2600/3348, Loss: 0.0576
2025-10-10 11:51:30,278 [INFO] Época 24/30, Batch 2650/3348, Loss: 0.0300
2025-10-10 11:51:30,462 [INFO] Época 24/30, Batch 2700/3348, Loss: 0.0219
2025-10-10 11:51:30,688 [INFO] Época 24/30, Batch 2750/3348, Loss: 0.0318
2025-10-10 11:51:30,900 [INFO] Época 24/30, Batch 2800/3348, Loss: 0.0913
2025-10-10 11:51:31,116 [INFO] Época 24/30, Batch 2850/3348, Loss: 0.0606
2025-10-10 11:51:31,333 [INFO] Época 24/30, Batch 2900/3348, Loss: 0.0369
2025-10-10 11:51:31,546 [INFO] Época 24/30, Batch 2950/3348, Loss: 0.0284
2025-10-10 11:51:31,757 [INFO] Época 24/30, Batch 3000/3348, Loss: 0.0728
2025-10-10 11:51:31,975 [INFO] Época 24/30, Batch 3050/3348, Loss: 0.0455
2025-10-10 11:51:32,187 [INFO] Época 24/30, Batch 3100/3348, Loss: 0.0636
2025-10-10 11:51:32,413 [INFO] Época 24/30, Batch 3150/3348, Loss: 0.0251
2025-10-10 11:51:32,626 [INFO] Época 24/30, Batch 3200/3348, Loss: 0.0321
2025-10-10 11:51:32,839 [INFO] Época 24/30, Batch 3250/3348, Loss: 0.0642
2025-10-10 11:51:33,052 [INFO] Época 24/30, Batch 3300/3348, Loss: 0.0271
2025-10-10 11:51:34,617 [INFO] [24/30] Train Loss: 0.0509 | Val Loss: 0.0976 | Tempo: 15.70s
2025-10-10 11:51:35,117 [INFO] Época 25/30, Batch 50/3348, Loss: 0.0356
2025-10-10 11:51:35,330 [INFO] Época 25/30, Batch 100/3348, Loss: 0.0361
2025-10-10 11:51:35,546 [INFO] Época 25/30, Batch 150/3348, Loss: 0.0772
2025-10-10 11:51:35,760 [INFO] Época 25/30, Batch 200/3348, Loss: 0.1008
2025-10-10 11:51:35,973 [INFO] Época 25/30, Batch 250/3348, Loss: 0.0531
2025-10-10 11:51:36,189 [INFO] Época 25/30, Batch 300/3348, Loss: 0.0746
2025-10-10 11:51:36,420 [INFO] Época 25/30, Batch 350/3348, Loss: 0.0410
2025-10-10 11:51:36,635 [INFO] Época 25/30, Batch 400/3348, Loss: 0.0884
2025-10-10 11:51:36,847 [INFO] Época 25/30, Batch 450/3348, Loss: 0.0397
2025-10-10 11:51:37,062 [INFO] Época 25/30, Batch 500/3348, Loss: 0.0415
2025-10-10 11:51:37,275 [INFO] Época 25/30, Batch 550/3348, Loss: 0.0834
2025-10-10 11:51:37,487 [INFO] Época 25/30, Batch 600/3348, Loss: 0.0366
2025-10-10 11:51:37,709 [INFO] Época 25/30, Batch 650/3348, Loss: 0.0598
2025-10-10 11:51:37,922 [INFO] Época 25/30, Batch 700/3348, Loss: 0.0369
2025-10-10 11:51:38,132 [INFO] Época 25/30, Batch 750/3348, Loss: 0.0554
2025-10-10 11:51:38,346 [INFO] Época 25/30, Batch 800/3348, Loss: 0.0403
2025-10-10 11:51:38,560 [INFO] Época 25/30, Batch 850/3348, Loss: 0.0620
2025-10-10 11:51:38,773 [INFO] Época 25/30, Batch 900/3348, Loss: 0.0793
2025-10-10 11:51:38,986 [INFO] Época 25/30, Batch 950/3348, Loss: 0.0322
2025-10-10 11:51:39,203 [INFO] Época 25/30, Batch 1000/3348, Loss: 0.1123
2025-10-10 11:51:39,357 [INFO] Época 25/30, Batch 1050/3348, Loss: 0.0629
2025-10-10 11:51:39,553 [INFO] Época 25/30, Batch 1100/3348, Loss: 0.0740
2025-10-10 11:51:39,760 [INFO] Época 25/30, Batch 1150/3348, Loss: 0.0457
2025-10-10 11:51:39,972 [INFO] Época 25/30, Batch 1200/3348, Loss: 0.0397
2025-10-10 11:51:40,184 [INFO] Época 25/30, Batch 1250/3348, Loss: 0.1147
2025-10-10 11:51:40,395 [INFO] Época 25/30, Batch 1300/3348, Loss: 0.0590
2025-10-10 11:51:40,608 [INFO] Época 25/30, Batch 1350/3348, Loss: 0.0436
2025-10-10 11:51:40,824 [INFO] Época 25/30, Batch 1400/3348, Loss: 0.0639
2025-10-10 11:51:41,035 [INFO] Época 25/30, Batch 1450/3348, Loss: 0.0371
2025-10-10 11:51:41,248 [INFO] Época 25/30, Batch 1500/3348, Loss: 0.0226
2025-10-10 11:51:41,464 [INFO] Época 25/30, Batch 1550/3348, Loss: 0.0532
2025-10-10 11:51:41,674 [INFO] Época 25/30, Batch 1600/3348, Loss: 0.0380
2025-10-10 11:51:41,888 [INFO] Época 25/30, Batch 1650/3348, Loss: 0.0888
2025-10-10 11:51:42,103 [INFO] Época 25/30, Batch 1700/3348, Loss: 0.0260
2025-10-10 11:51:42,328 [INFO] Época 25/30, Batch 1750/3348, Loss: 0.0647
2025-10-10 11:51:42,545 [INFO] Época 25/30, Batch 1800/3348, Loss: 0.0569
2025-10-10 11:51:42,756 [INFO] Época 25/30, Batch 1850/3348, Loss: 0.0255
2025-10-10 11:51:42,969 [INFO] Época 25/30, Batch 1900/3348, Loss: 0.0566
2025-10-10 11:51:43,187 [INFO] Época 25/30, Batch 1950/3348, Loss: 0.0583
2025-10-10 11:51:43,400 [INFO] Época 25/30, Batch 2000/3348, Loss: 0.0484
2025-10-10 11:51:43,614 [INFO] Época 25/30, Batch 2050/3348, Loss: 0.0613
2025-10-10 11:51:43,827 [INFO] Época 25/30, Batch 2100/3348, Loss: 0.0355
2025-10-10 11:51:44,037 [INFO] Época 25/30, Batch 2150/3348, Loss: 0.0780
2025-10-10 11:51:44,250 [INFO] Época 25/30, Batch 2200/3348, Loss: 0.0527
2025-10-10 11:51:44,464 [INFO] Época 25/30, Batch 2250/3348, Loss: 0.0414
2025-10-10 11:51:44,676 [INFO] Época 25/30, Batch 2300/3348, Loss: 0.0693
2025-10-10 11:51:44,885 [INFO] Época 25/30, Batch 2350/3348, Loss: 0.0396
2025-10-10 11:51:45,099 [INFO] Época 25/30, Batch 2400/3348, Loss: 0.0406
2025-10-10 11:51:45,324 [INFO] Época 25/30, Batch 2450/3348, Loss: 0.0660
2025-10-10 11:51:45,543 [INFO] Época 25/30, Batch 2500/3348, Loss: 0.0280
2025-10-10 11:51:45,756 [INFO] Época 25/30, Batch 2550/3348, Loss: 0.0727
2025-10-10 11:51:45,970 [INFO] Época 25/30, Batch 2600/3348, Loss: 0.0134
2025-10-10 11:51:46,185 [INFO] Época 25/30, Batch 2650/3348, Loss: 0.0512
2025-10-10 11:51:46,397 [INFO] Época 25/30, Batch 2700/3348, Loss: 0.0393
2025-10-10 11:51:46,609 [INFO] Época 25/30, Batch 2750/3348, Loss: 0.0908
2025-10-10 11:51:46,822 [INFO] Época 25/30, Batch 2800/3348, Loss: 0.0504
2025-10-10 11:51:47,034 [INFO] Época 25/30, Batch 2850/3348, Loss: 0.0447
2025-10-10 11:51:47,248 [INFO] Época 25/30, Batch 2900/3348, Loss: 0.0198
2025-10-10 11:51:47,459 [INFO] Época 25/30, Batch 2950/3348, Loss: 0.0230
2025-10-10 11:51:47,671 [INFO] Época 25/30, Batch 3000/3348, Loss: 0.0802
2025-10-10 11:51:47,882 [INFO] Época 25/30, Batch 3050/3348, Loss: 0.0547
2025-10-10 11:51:48,083 [INFO] Época 25/30, Batch 3100/3348, Loss: 0.0289
2025-10-10 11:51:48,227 [INFO] Época 25/30, Batch 3150/3348, Loss: 0.0512
2025-10-10 11:51:48,380 [INFO] Época 25/30, Batch 3200/3348, Loss: 0.0348
2025-10-10 11:51:48,566 [INFO] Época 25/30, Batch 3250/3348, Loss: 0.0571
2025-10-10 11:51:48,781 [INFO] Época 25/30, Batch 3300/3348, Loss: 0.0888
2025-10-10 11:51:50,314 [INFO] [25/30] Train Loss: 0.0498 | Val Loss: 0.1010 | Tempo: 15.70s
2025-10-10 11:51:50,862 [INFO] Época 26/30, Batch 50/3348, Loss: 0.0454
2025-10-10 11:51:51,096 [INFO] Época 26/30, Batch 100/3348, Loss: 0.0618
2025-10-10 11:51:51,305 [INFO] Época 26/30, Batch 150/3348, Loss: 0.0904
2025-10-10 11:51:51,519 [INFO] Época 26/30, Batch 200/3348, Loss: 0.0354
2025-10-10 11:51:51,730 [INFO] Época 26/30, Batch 250/3348, Loss: 0.0651
2025-10-10 11:51:51,944 [INFO] Época 26/30, Batch 300/3348, Loss: 0.0505
2025-10-10 11:51:52,156 [INFO] Época 26/30, Batch 350/3348, Loss: 0.0334
2025-10-10 11:51:52,369 [INFO] Época 26/30, Batch 400/3348, Loss: 0.0508
2025-10-10 11:51:52,580 [INFO] Época 26/30, Batch 450/3348, Loss: 0.0541
2025-10-10 11:51:52,794 [INFO] Época 26/30, Batch 500/3348, Loss: 0.0651
2025-10-10 11:51:53,009 [INFO] Época 26/30, Batch 550/3348, Loss: 0.0585
2025-10-10 11:51:53,248 [INFO] Época 26/30, Batch 600/3348, Loss: 0.0455
2025-10-10 11:51:53,459 [INFO] Época 26/30, Batch 650/3348, Loss: 0.0821
2025-10-10 11:51:53,683 [INFO] Época 26/30, Batch 700/3348, Loss: 0.0452
2025-10-10 11:51:53,891 [INFO] Época 26/30, Batch 750/3348, Loss: 0.0355
2025-10-10 11:51:54,098 [INFO] Época 26/30, Batch 800/3348, Loss: 0.0450
2025-10-10 11:51:54,310 [INFO] Época 26/30, Batch 850/3348, Loss: 0.0305
2025-10-10 11:51:54,523 [INFO] Época 26/30, Batch 900/3348, Loss: 0.0305
2025-10-10 11:51:54,735 [INFO] Época 26/30, Batch 950/3348, Loss: 0.0450
2025-10-10 11:51:54,947 [INFO] Época 26/30, Batch 1000/3348, Loss: 0.0322
2025-10-10 11:51:55,158 [INFO] Época 26/30, Batch 1050/3348, Loss: 0.0465
2025-10-10 11:51:55,377 [INFO] Época 26/30, Batch 1100/3348, Loss: 0.0405
2025-10-10 11:51:55,592 [INFO] Época 26/30, Batch 1150/3348, Loss: 0.0444
2025-10-10 11:51:55,803 [INFO] Época 26/30, Batch 1200/3348, Loss: 0.0663
2025-10-10 11:51:56,016 [INFO] Época 26/30, Batch 1250/3348, Loss: 0.0383
2025-10-10 11:51:56,227 [INFO] Época 26/30, Batch 1300/3348, Loss: 0.0525
2025-10-10 11:51:56,439 [INFO] Época 26/30, Batch 1350/3348, Loss: 0.0434
2025-10-10 11:51:56,650 [INFO] Época 26/30, Batch 1400/3348, Loss: 0.0167
2025-10-10 11:51:56,861 [INFO] Época 26/30, Batch 1450/3348, Loss: 0.0497
2025-10-10 11:51:57,053 [INFO] Época 26/30, Batch 1500/3348, Loss: 0.0267
2025-10-10 11:51:57,198 [INFO] Época 26/30, Batch 1550/3348, Loss: 0.0503
2025-10-10 11:51:57,343 [INFO] Época 26/30, Batch 1600/3348, Loss: 0.0428
2025-10-10 11:51:57,535 [INFO] Época 26/30, Batch 1650/3348, Loss: 0.0618
2025-10-10 11:51:57,748 [INFO] Época 26/30, Batch 1700/3348, Loss: 0.0841
2025-10-10 11:51:57,956 [INFO] Época 26/30, Batch 1750/3348, Loss: 0.0411
2025-10-10 11:51:58,167 [INFO] Época 26/30, Batch 1800/3348, Loss: 0.0259
2025-10-10 11:51:58,379 [INFO] Época 26/30, Batch 1850/3348, Loss: 0.0921
2025-10-10 11:51:58,589 [INFO] Época 26/30, Batch 1900/3348, Loss: 0.0574
2025-10-10 11:51:58,801 [INFO] Época 26/30, Batch 1950/3348, Loss: 0.0474
2025-10-10 11:51:59,011 [INFO] Época 26/30, Batch 2000/3348, Loss: 0.0486
2025-10-10 11:51:59,222 [INFO] Época 26/30, Batch 2050/3348, Loss: 0.0539
2025-10-10 11:51:59,434 [INFO] Época 26/30, Batch 2100/3348, Loss: 0.0726
2025-10-10 11:51:59,645 [INFO] Época 26/30, Batch 2150/3348, Loss: 0.0774
2025-10-10 11:51:59,857 [INFO] Época 26/30, Batch 2200/3348, Loss: 0.0172
2025-10-10 11:52:00,055 [INFO] Época 26/30, Batch 2250/3348, Loss: 0.0420
2025-10-10 11:52:00,197 [INFO] Época 26/30, Batch 2300/3348, Loss: 0.0458
2025-10-10 11:52:00,340 [INFO] Época 26/30, Batch 2350/3348, Loss: 0.0865
2025-10-10 11:52:00,561 [INFO] Época 26/30, Batch 2400/3348, Loss: 0.0596
2025-10-10 11:52:00,772 [INFO] Época 26/30, Batch 2450/3348, Loss: 0.0392
2025-10-10 11:52:00,984 [INFO] Época 26/30, Batch 2500/3348, Loss: 0.0788
2025-10-10 11:52:01,203 [INFO] Época 26/30, Batch 2550/3348, Loss: 0.0833
2025-10-10 11:52:01,416 [INFO] Época 26/30, Batch 2600/3348, Loss: 0.0357
2025-10-10 11:52:01,630 [INFO] Época 26/30, Batch 2650/3348, Loss: 0.0341
2025-10-10 11:52:01,843 [INFO] Época 26/30, Batch 2700/3348, Loss: 0.0217
2025-10-10 11:52:02,055 [INFO] Época 26/30, Batch 2750/3348, Loss: 0.0632
2025-10-10 11:52:02,265 [INFO] Época 26/30, Batch 2800/3348, Loss: 0.0405
2025-10-10 11:52:02,477 [INFO] Época 26/30, Batch 2850/3348, Loss: 0.0377
2025-10-10 11:52:02,691 [INFO] Época 26/30, Batch 2900/3348, Loss: 0.0271
2025-10-10 11:52:02,904 [INFO] Época 26/30, Batch 2950/3348, Loss: 0.0557
2025-10-10 11:52:03,121 [INFO] Época 26/30, Batch 3000/3348, Loss: 0.0515
2025-10-10 11:52:03,345 [INFO] Época 26/30, Batch 3050/3348, Loss: 0.0301
2025-10-10 11:52:03,566 [INFO] Época 26/30, Batch 3100/3348, Loss: 0.1024
2025-10-10 11:52:03,781 [INFO] Época 26/30, Batch 3150/3348, Loss: 0.0660
2025-10-10 11:52:03,995 [INFO] Época 26/30, Batch 3200/3348, Loss: 0.0281
2025-10-10 11:52:04,207 [INFO] Época 26/30, Batch 3250/3348, Loss: 0.0407
2025-10-10 11:52:04,441 [INFO] Época 26/30, Batch 3300/3348, Loss: 0.0607
2025-10-10 11:52:06,039 [INFO] [26/30] Train Loss: 0.0499 | Val Loss: 0.1260 | Tempo: 15.73s
2025-10-10 11:52:06,477 [INFO] Época 27/30, Batch 50/3348, Loss: 0.0393
2025-10-10 11:52:06,676 [INFO] Época 27/30, Batch 100/3348, Loss: 0.0128
2025-10-10 11:52:06,871 [INFO] Época 27/30, Batch 150/3348, Loss: 0.0240
2025-10-10 11:52:07,084 [INFO] Época 27/30, Batch 200/3348, Loss: 0.0232
2025-10-10 11:52:07,296 [INFO] Época 27/30, Batch 250/3348, Loss: 0.0452
2025-10-10 11:52:07,501 [INFO] Época 27/30, Batch 300/3348, Loss: 0.0279
2025-10-10 11:52:07,674 [INFO] Época 27/30, Batch 350/3348, Loss: 0.0360
2025-10-10 11:52:07,810 [INFO] Época 27/30, Batch 400/3348, Loss: 0.0710
2025-10-10 11:52:07,942 [INFO] Época 27/30, Batch 450/3348, Loss: 0.0266
2025-10-10 11:52:08,074 [INFO] Época 27/30, Batch 500/3348, Loss: 0.0384
2025-10-10 11:52:08,206 [INFO] Época 27/30, Batch 550/3348, Loss: 0.0387
2025-10-10 11:52:08,338 [INFO] Época 27/30, Batch 600/3348, Loss: 0.0731
2025-10-10 11:52:08,470 [INFO] Época 27/30, Batch 650/3348, Loss: 0.0327
2025-10-10 11:52:08,602 [INFO] Época 27/30, Batch 700/3348, Loss: 0.0753
2025-10-10 11:52:08,762 [INFO] Época 27/30, Batch 750/3348, Loss: 0.0576
2025-10-10 11:52:08,973 [INFO] Época 27/30, Batch 800/3348, Loss: 0.0362
2025-10-10 11:52:09,184 [INFO] Época 27/30, Batch 850/3348, Loss: 0.0350
2025-10-10 11:52:09,393 [INFO] Época 27/30, Batch 900/3348, Loss: 0.0537
2025-10-10 11:52:09,535 [INFO] Época 27/30, Batch 950/3348, Loss: 0.0398
2025-10-10 11:52:09,680 [INFO] Época 27/30, Batch 1000/3348, Loss: 0.0342
2025-10-10 11:52:09,879 [INFO] Época 27/30, Batch 1050/3348, Loss: 0.0329
2025-10-10 11:52:10,093 [INFO] Época 27/30, Batch 1100/3348, Loss: 0.0466
2025-10-10 11:52:10,305 [INFO] Época 27/30, Batch 1150/3348, Loss: 0.0377
2025-10-10 11:52:10,518 [INFO] Época 27/30, Batch 1200/3348, Loss: 0.0726
2025-10-10 11:52:10,730 [INFO] Época 27/30, Batch 1250/3348, Loss: 0.0683
2025-10-10 11:52:10,944 [INFO] Época 27/30, Batch 1300/3348, Loss: 0.0720
2025-10-10 11:52:11,156 [INFO] Época 27/30, Batch 1350/3348, Loss: 0.0243
2025-10-10 11:52:11,369 [INFO] Época 27/30, Batch 1400/3348, Loss: 0.0223
2025-10-10 11:52:11,583 [INFO] Época 27/30, Batch 1450/3348, Loss: 0.0212
2025-10-10 11:52:11,796 [INFO] Época 27/30, Batch 1500/3348, Loss: 0.0305
2025-10-10 11:52:12,008 [INFO] Época 27/30, Batch 1550/3348, Loss: 0.0560
2025-10-10 11:52:12,221 [INFO] Época 27/30, Batch 1600/3348, Loss: 0.0611
2025-10-10 11:52:12,433 [INFO] Época 27/30, Batch 1650/3348, Loss: 0.0423
2025-10-10 11:52:12,649 [INFO] Época 27/30, Batch 1700/3348, Loss: 0.0774
2025-10-10 11:52:12,851 [INFO] Época 27/30, Batch 1750/3348, Loss: 0.0335
2025-10-10 11:52:13,065 [INFO] Época 27/30, Batch 1800/3348, Loss: 0.0375
2025-10-10 11:52:13,278 [INFO] Época 27/30, Batch 1850/3348, Loss: 0.0770
2025-10-10 11:52:13,491 [INFO] Época 27/30, Batch 1900/3348, Loss: 0.0693
2025-10-10 11:52:13,704 [INFO] Época 27/30, Batch 1950/3348, Loss: 0.0149
2025-10-10 11:52:13,915 [INFO] Época 27/30, Batch 2000/3348, Loss: 0.0760
2025-10-10 11:52:14,128 [INFO] Época 27/30, Batch 2050/3348, Loss: 0.0751
2025-10-10 11:52:14,339 [INFO] Época 27/30, Batch 2100/3348, Loss: 0.0594
2025-10-10 11:52:14,552 [INFO] Época 27/30, Batch 2150/3348, Loss: 0.0781
2025-10-10 11:52:14,763 [INFO] Época 27/30, Batch 2200/3348, Loss: 0.0595
2025-10-10 11:52:14,974 [INFO] Época 27/30, Batch 2250/3348, Loss: 0.0557
2025-10-10 11:52:15,188 [INFO] Época 27/30, Batch 2300/3348, Loss: 0.0644
2025-10-10 11:52:15,401 [INFO] Época 27/30, Batch 2350/3348, Loss: 0.0740
2025-10-10 11:52:15,551 [INFO] Época 27/30, Batch 2400/3348, Loss: 0.0536
2025-10-10 11:52:15,696 [INFO] Época 27/30, Batch 2450/3348, Loss: 0.0270
2025-10-10 11:52:15,865 [INFO] Época 27/30, Batch 2500/3348, Loss: 0.0574
2025-10-10 11:52:16,077 [INFO] Época 27/30, Batch 2550/3348, Loss: 0.0319
2025-10-10 11:52:16,288 [INFO] Época 27/30, Batch 2600/3348, Loss: 0.0580
2025-10-10 11:52:16,499 [INFO] Época 27/30, Batch 2650/3348, Loss: 0.0415
2025-10-10 11:52:16,711 [INFO] Época 27/30, Batch 2700/3348, Loss: 0.0299
2025-10-10 11:52:16,923 [INFO] Época 27/30, Batch 2750/3348, Loss: 0.0458
2025-10-10 11:52:17,135 [INFO] Época 27/30, Batch 2800/3348, Loss: 0.0769
2025-10-10 11:52:17,347 [INFO] Época 27/30, Batch 2850/3348, Loss: 0.0564
2025-10-10 11:52:17,558 [INFO] Época 27/30, Batch 2900/3348, Loss: 0.0234
2025-10-10 11:52:17,769 [INFO] Época 27/30, Batch 2950/3348, Loss: 0.0561
2025-10-10 11:52:17,982 [INFO] Época 27/30, Batch 3000/3348, Loss: 0.0605
2025-10-10 11:52:18,193 [INFO] Época 27/30, Batch 3050/3348, Loss: 0.0189
2025-10-10 11:52:18,404 [INFO] Época 27/30, Batch 3100/3348, Loss: 0.0438
2025-10-10 11:52:18,558 [INFO] Época 27/30, Batch 3150/3348, Loss: 0.0581
2025-10-10 11:52:18,702 [INFO] Época 27/30, Batch 3200/3348, Loss: 0.0466
2025-10-10 11:52:18,868 [INFO] Época 27/30, Batch 3250/3348, Loss: 0.0355
2025-10-10 11:52:19,076 [INFO] Época 27/30, Batch 3300/3348, Loss: 0.0451
2025-10-10 11:52:20,624 [INFO] [27/30] Train Loss: 0.0497 | Val Loss: 0.0955 | Tempo: 14.58s
2025-10-10 11:52:21,126 [INFO] Época 28/30, Batch 50/3348, Loss: 0.0421
2025-10-10 11:52:21,337 [INFO] Época 28/30, Batch 100/3348, Loss: 0.0337
2025-10-10 11:52:21,546 [INFO] Época 28/30, Batch 150/3348, Loss: 0.0511
2025-10-10 11:52:21,766 [INFO] Época 28/30, Batch 200/3348, Loss: 0.0333
2025-10-10 11:52:21,983 [INFO] Época 28/30, Batch 250/3348, Loss: 0.0710
2025-10-10 11:52:22,196 [INFO] Época 28/30, Batch 300/3348, Loss: 0.0458
2025-10-10 11:52:22,408 [INFO] Época 28/30, Batch 350/3348, Loss: 0.0843
2025-10-10 11:52:22,621 [INFO] Época 28/30, Batch 400/3348, Loss: 0.0791
2025-10-10 11:52:22,847 [INFO] Época 28/30, Batch 450/3348, Loss: 0.0709
2025-10-10 11:52:23,061 [INFO] Época 28/30, Batch 500/3348, Loss: 0.0390
2025-10-10 11:52:23,274 [INFO] Época 28/30, Batch 550/3348, Loss: 0.0470
2025-10-10 11:52:23,487 [INFO] Época 28/30, Batch 600/3348, Loss: 0.0185
2025-10-10 11:52:23,700 [INFO] Época 28/30, Batch 650/3348, Loss: 0.0481
2025-10-10 11:52:23,912 [INFO] Época 28/30, Batch 700/3348, Loss: 0.0405
2025-10-10 11:52:24,125 [INFO] Época 28/30, Batch 750/3348, Loss: 0.0532
2025-10-10 11:52:24,337 [INFO] Época 28/30, Batch 800/3348, Loss: 0.0272
2025-10-10 11:52:24,499 [INFO] Época 28/30, Batch 850/3348, Loss: 0.0565
2025-10-10 11:52:24,640 [INFO] Época 28/30, Batch 900/3348, Loss: 0.0341
2025-10-10 11:52:24,798 [INFO] Época 28/30, Batch 950/3348, Loss: 0.0567
2025-10-10 11:52:25,011 [INFO] Época 28/30, Batch 1000/3348, Loss: 0.0213
2025-10-10 11:52:25,222 [INFO] Época 28/30, Batch 1050/3348, Loss: 0.0560
2025-10-10 11:52:25,432 [INFO] Época 28/30, Batch 1100/3348, Loss: 0.0227
2025-10-10 11:52:25,644 [INFO] Época 28/30, Batch 1150/3348, Loss: 0.0663
2025-10-10 11:52:25,861 [INFO] Época 28/30, Batch 1200/3348, Loss: 0.0205
2025-10-10 11:52:26,039 [INFO] Época 28/30, Batch 1250/3348, Loss: 0.0535
2025-10-10 11:52:26,230 [INFO] Época 28/30, Batch 1300/3348, Loss: 0.0724
2025-10-10 11:52:26,450 [INFO] Época 28/30, Batch 1350/3348, Loss: 0.0620
2025-10-10 11:52:26,673 [INFO] Época 28/30, Batch 1400/3348, Loss: 0.0497
2025-10-10 11:52:26,889 [INFO] Época 28/30, Batch 1450/3348, Loss: 0.0237
2025-10-10 11:52:27,104 [INFO] Época 28/30, Batch 1500/3348, Loss: 0.0860
2025-10-10 11:52:27,318 [INFO] Época 28/30, Batch 1550/3348, Loss: 0.0228
2025-10-10 11:52:27,518 [INFO] Época 28/30, Batch 1600/3348, Loss: 0.0703
2025-10-10 11:52:27,664 [INFO] Época 28/30, Batch 1650/3348, Loss: 0.0346
2025-10-10 11:52:27,808 [INFO] Época 28/30, Batch 1700/3348, Loss: 0.0251
2025-10-10 11:52:28,002 [INFO] Época 28/30, Batch 1750/3348, Loss: 0.0468
2025-10-10 11:52:28,218 [INFO] Época 28/30, Batch 1800/3348, Loss: 0.0887
2025-10-10 11:52:28,434 [INFO] Época 28/30, Batch 1850/3348, Loss: 0.1055
2025-10-10 11:52:28,647 [INFO] Época 28/30, Batch 1900/3348, Loss: 0.0901
2025-10-10 11:52:28,827 [INFO] Época 28/30, Batch 1950/3348, Loss: 0.0426
2025-10-10 11:52:28,999 [INFO] Época 28/30, Batch 2000/3348, Loss: 0.0390
2025-10-10 11:52:29,177 [INFO] Época 28/30, Batch 2050/3348, Loss: 0.0536
2025-10-10 11:52:29,350 [INFO] Época 28/30, Batch 2100/3348, Loss: 0.0751
2025-10-10 11:52:29,529 [INFO] Época 28/30, Batch 2150/3348, Loss: 0.0192
2025-10-10 11:52:29,706 [INFO] Época 28/30, Batch 2200/3348, Loss: 0.0489
2025-10-10 11:52:29,881 [INFO] Época 28/30, Batch 2250/3348, Loss: 0.0510
2025-10-10 11:52:30,061 [INFO] Época 28/30, Batch 2300/3348, Loss: 0.0298
2025-10-10 11:52:30,246 [INFO] Época 28/30, Batch 2350/3348, Loss: 0.0771
2025-10-10 11:52:30,443 [INFO] Época 28/30, Batch 2400/3348, Loss: 0.0493
2025-10-10 11:52:30,663 [INFO] Época 28/30, Batch 2450/3348, Loss: 0.0547
2025-10-10 11:52:30,870 [INFO] Época 28/30, Batch 2500/3348, Loss: 0.0745
2025-10-10 11:52:31,082 [INFO] Época 28/30, Batch 2550/3348, Loss: 0.0510
2025-10-10 11:52:31,329 [INFO] Época 28/30, Batch 2600/3348, Loss: 0.0278
2025-10-10 11:52:31,581 [INFO] Época 28/30, Batch 2650/3348, Loss: 0.0460
2025-10-10 11:52:31,844 [INFO] Época 28/30, Batch 2700/3348, Loss: 0.0331
2025-10-10 11:52:32,084 [INFO] Época 28/30, Batch 2750/3348, Loss: 0.0359
2025-10-10 11:52:32,316 [INFO] Época 28/30, Batch 2800/3348, Loss: 0.0330
2025-10-10 11:52:32,528 [INFO] Época 28/30, Batch 2850/3348, Loss: 0.0394
2025-10-10 11:52:32,740 [INFO] Época 28/30, Batch 2900/3348, Loss: 0.0444
2025-10-10 11:52:32,953 [INFO] Época 28/30, Batch 2950/3348, Loss: 0.0505
2025-10-10 11:52:33,167 [INFO] Época 28/30, Batch 3000/3348, Loss: 0.0213
2025-10-10 11:52:33,384 [INFO] Época 28/30, Batch 3050/3348, Loss: 0.0734
2025-10-10 11:52:33,595 [INFO] Época 28/30, Batch 3100/3348, Loss: 0.0657
2025-10-10 11:52:33,829 [INFO] Época 28/30, Batch 3150/3348, Loss: 0.0413
2025-10-10 11:52:34,113 [INFO] Época 28/30, Batch 3200/3348, Loss: 0.0301
2025-10-10 11:52:34,392 [INFO] Época 28/30, Batch 3250/3348, Loss: 0.0770
2025-10-10 11:52:34,637 [INFO] Época 28/30, Batch 3300/3348, Loss: 0.0452
2025-10-10 11:52:36,095 [INFO] [28/30] Train Loss: 0.0489 | Val Loss: 0.1067 | Tempo: 15.47s
2025-10-10 11:52:36,616 [INFO] Época 29/30, Batch 50/3348, Loss: 0.0592
2025-10-10 11:52:36,831 [INFO] Época 29/30, Batch 100/3348, Loss: 0.0286
2025-10-10 11:52:37,048 [INFO] Época 29/30, Batch 150/3348, Loss: 0.0280
2025-10-10 11:52:37,276 [INFO] Época 29/30, Batch 200/3348, Loss: 0.0640
2025-10-10 11:52:37,513 [INFO] Época 29/30, Batch 250/3348, Loss: 0.0209
2025-10-10 11:52:37,739 [INFO] Época 29/30, Batch 300/3348, Loss: 0.0233
2025-10-10 11:52:37,962 [INFO] Época 29/30, Batch 350/3348, Loss: 0.0386
2025-10-10 11:52:38,178 [INFO] Época 29/30, Batch 400/3348, Loss: 0.0693
2025-10-10 11:52:38,392 [INFO] Época 29/30, Batch 450/3348, Loss: 0.0604
2025-10-10 11:52:38,608 [INFO] Época 29/30, Batch 500/3348, Loss: 0.0496
2025-10-10 11:52:38,823 [INFO] Época 29/30, Batch 550/3348, Loss: 0.0404
2025-10-10 11:52:39,037 [INFO] Época 29/30, Batch 600/3348, Loss: 0.0304
2025-10-10 11:52:39,252 [INFO] Época 29/30, Batch 650/3348, Loss: 0.0559
2025-10-10 11:52:39,467 [INFO] Época 29/30, Batch 700/3348, Loss: 0.0347
2025-10-10 11:52:39,682 [INFO] Época 29/30, Batch 750/3348, Loss: 0.0374
2025-10-10 11:52:39,898 [INFO] Época 29/30, Batch 800/3348, Loss: 0.0409
2025-10-10 11:52:40,115 [INFO] Época 29/30, Batch 850/3348, Loss: 0.0762
2025-10-10 11:52:40,338 [INFO] Época 29/30, Batch 900/3348, Loss: 0.0285
2025-10-10 11:52:40,562 [INFO] Época 29/30, Batch 950/3348, Loss: 0.0634
2025-10-10 11:52:40,786 [INFO] Época 29/30, Batch 1000/3348, Loss: 0.0563
2025-10-10 11:52:41,003 [INFO] Época 29/30, Batch 1050/3348, Loss: 0.0516
2025-10-10 11:52:41,215 [INFO] Época 29/30, Batch 1100/3348, Loss: 0.0407
2025-10-10 11:52:41,427 [INFO] Época 29/30, Batch 1150/3348, Loss: 0.0389
2025-10-10 11:52:41,640 [INFO] Época 29/30, Batch 1200/3348, Loss: 0.0415
2025-10-10 11:52:41,854 [INFO] Época 29/30, Batch 1250/3348, Loss: 0.0460
2025-10-10 11:52:42,068 [INFO] Época 29/30, Batch 1300/3348, Loss: 0.0350
2025-10-10 11:52:42,283 [INFO] Época 29/30, Batch 1350/3348, Loss: 0.0256
2025-10-10 11:52:42,495 [INFO] Época 29/30, Batch 1400/3348, Loss: 0.0378
2025-10-10 11:52:42,708 [INFO] Época 29/30, Batch 1450/3348, Loss: 0.0518
2025-10-10 11:52:42,922 [INFO] Época 29/30, Batch 1500/3348, Loss: 0.0573
2025-10-10 11:52:43,146 [INFO] Época 29/30, Batch 1550/3348, Loss: 0.0649
2025-10-10 11:52:43,393 [INFO] Época 29/30, Batch 1600/3348, Loss: 0.0338
2025-10-10 11:52:43,624 [INFO] Época 29/30, Batch 1650/3348, Loss: 0.0297
2025-10-10 11:52:43,837 [INFO] Época 29/30, Batch 1700/3348, Loss: 0.0136
2025-10-10 11:52:44,050 [INFO] Época 29/30, Batch 1750/3348, Loss: 0.0615
2025-10-10 11:52:44,265 [INFO] Época 29/30, Batch 1800/3348, Loss: 0.0227
2025-10-10 11:52:44,484 [INFO] Época 29/30, Batch 1850/3348, Loss: 0.0528
2025-10-10 11:52:44,701 [INFO] Época 29/30, Batch 1900/3348, Loss: 0.0334
2025-10-10 11:52:44,914 [INFO] Época 29/30, Batch 1950/3348, Loss: 0.0697
2025-10-10 11:52:45,137 [INFO] Época 29/30, Batch 2000/3348, Loss: 0.0363
2025-10-10 11:52:45,348 [INFO] Época 29/30, Batch 2050/3348, Loss: 0.0416
2025-10-10 11:52:45,561 [INFO] Época 29/30, Batch 2100/3348, Loss: 0.0381
2025-10-10 11:52:45,774 [INFO] Época 29/30, Batch 2150/3348, Loss: 0.0378
2025-10-10 11:52:45,989 [INFO] Época 29/30, Batch 2200/3348, Loss: 0.0521
2025-10-10 11:52:46,202 [INFO] Época 29/30, Batch 2250/3348, Loss: 0.0569
2025-10-10 11:52:46,430 [INFO] Época 29/30, Batch 2300/3348, Loss: 0.0416
2025-10-10 11:52:46,653 [INFO] Época 29/30, Batch 2350/3348, Loss: 0.0683
2025-10-10 11:52:46,867 [INFO] Época 29/30, Batch 2400/3348, Loss: 0.0742
2025-10-10 11:52:47,094 [INFO] Época 29/30, Batch 2450/3348, Loss: 0.0753
2025-10-10 11:52:47,308 [INFO] Época 29/30, Batch 2500/3348, Loss: 0.0261
2025-10-10 11:52:47,552 [INFO] Época 29/30, Batch 2550/3348, Loss: 0.0471
2025-10-10 11:52:47,784 [INFO] Época 29/30, Batch 2600/3348, Loss: 0.0534
2025-10-10 11:52:47,996 [INFO] Época 29/30, Batch 2650/3348, Loss: 0.0440
2025-10-10 11:52:48,209 [INFO] Época 29/30, Batch 2700/3348, Loss: 0.0382
2025-10-10 11:52:48,422 [INFO] Época 29/30, Batch 2750/3348, Loss: 0.0325
2025-10-10 11:52:48,637 [INFO] Época 29/30, Batch 2800/3348, Loss: 0.0489
2025-10-10 11:52:48,852 [INFO] Época 29/30, Batch 2850/3348, Loss: 0.0524
2025-10-10 11:52:49,072 [INFO] Época 29/30, Batch 2900/3348, Loss: 0.0486
2025-10-10 11:52:49,295 [INFO] Época 29/30, Batch 2950/3348, Loss: 0.0560
2025-10-10 11:52:49,517 [INFO] Época 29/30, Batch 3000/3348, Loss: 0.0349
2025-10-10 11:52:49,735 [INFO] Época 29/30, Batch 3050/3348, Loss: 0.0369
2025-10-10 11:52:49,947 [INFO] Época 29/30, Batch 3100/3348, Loss: 0.0295
2025-10-10 11:52:50,161 [INFO] Época 29/30, Batch 3150/3348, Loss: 0.0567
2025-10-10 11:52:50,374 [INFO] Época 29/30, Batch 3200/3348, Loss: 0.0479
2025-10-10 11:52:50,599 [INFO] Época 29/30, Batch 3250/3348, Loss: 0.0403
2025-10-10 11:52:50,809 [INFO] Época 29/30, Batch 3300/3348, Loss: 0.0387
2025-10-10 11:52:52,321 [INFO] [29/30] Train Loss: 0.0480 | Val Loss: 0.1017 | Tempo: 16.23s
2025-10-10 11:52:52,801 [INFO] Época 30/30, Batch 50/3348, Loss: 0.1115
2025-10-10 11:52:53,031 [INFO] Época 30/30, Batch 100/3348, Loss: 0.0404
2025-10-10 11:52:53,244 [INFO] Época 30/30, Batch 150/3348, Loss: 0.0665
2025-10-10 11:52:53,458 [INFO] Época 30/30, Batch 200/3348, Loss: 0.0218
2025-10-10 11:52:53,683 [INFO] Época 30/30, Batch 250/3348, Loss: 0.0634
2025-10-10 11:52:53,908 [INFO] Época 30/30, Batch 300/3348, Loss: 0.0464
2025-10-10 11:52:54,141 [INFO] Época 30/30, Batch 350/3348, Loss: 0.0355
2025-10-10 11:52:54,397 [INFO] Época 30/30, Batch 400/3348, Loss: 0.0344
2025-10-10 11:52:54,611 [INFO] Época 30/30, Batch 450/3348, Loss: 0.0274
2025-10-10 11:52:54,824 [INFO] Época 30/30, Batch 500/3348, Loss: 0.0141
2025-10-10 11:52:55,038 [INFO] Época 30/30, Batch 550/3348, Loss: 0.0197
2025-10-10 11:52:55,252 [INFO] Época 30/30, Batch 600/3348, Loss: 0.0494
2025-10-10 11:52:55,471 [INFO] Época 30/30, Batch 650/3348, Loss: 0.0153
2025-10-10 11:52:55,705 [INFO] Época 30/30, Batch 700/3348, Loss: 0.0249
2025-10-10 11:52:55,925 [INFO] Época 30/30, Batch 750/3348, Loss: 0.0512
2025-10-10 11:52:56,139 [INFO] Época 30/30, Batch 800/3348, Loss: 0.0319
2025-10-10 11:52:56,354 [INFO] Época 30/30, Batch 850/3348, Loss: 0.0235
2025-10-10 11:52:56,575 [INFO] Época 30/30, Batch 900/3348, Loss: 0.0394
2025-10-10 11:52:56,791 [INFO] Época 30/30, Batch 950/3348, Loss: 0.0425
2025-10-10 11:52:57,008 [INFO] Época 30/30, Batch 1000/3348, Loss: 0.0892
2025-10-10 11:52:57,223 [INFO] Época 30/30, Batch 1050/3348, Loss: 0.0469
2025-10-10 11:52:57,436 [INFO] Época 30/30, Batch 1100/3348, Loss: 0.0547
2025-10-10 11:52:57,654 [INFO] Época 30/30, Batch 1150/3348, Loss: 0.0552
2025-10-10 11:52:57,879 [INFO] Época 30/30, Batch 1200/3348, Loss: 0.0279
2025-10-10 11:52:58,090 [INFO] Época 30/30, Batch 1250/3348, Loss: 0.0386
2025-10-10 11:52:58,303 [INFO] Época 30/30, Batch 1300/3348, Loss: 0.0390
2025-10-10 11:52:58,527 [INFO] Época 30/30, Batch 1350/3348, Loss: 0.0265
2025-10-10 11:52:58,716 [INFO] Época 30/30, Batch 1400/3348, Loss: 0.0551
2025-10-10 11:52:58,883 [INFO] Época 30/30, Batch 1450/3348, Loss: 0.1282
2025-10-10 11:52:59,097 [INFO] Época 30/30, Batch 1500/3348, Loss: 0.0425
2025-10-10 11:52:59,311 [INFO] Época 30/30, Batch 1550/3348, Loss: 0.0200
2025-10-10 11:52:59,525 [INFO] Época 30/30, Batch 1600/3348, Loss: 0.0369
2025-10-10 11:52:59,760 [INFO] Época 30/30, Batch 1650/3348, Loss: 0.0521
2025-10-10 11:52:59,989 [INFO] Época 30/30, Batch 1700/3348, Loss: 0.0298
2025-10-10 11:53:00,205 [INFO] Época 30/30, Batch 1750/3348, Loss: 0.0231
2025-10-10 11:53:00,418 [INFO] Época 30/30, Batch 1800/3348, Loss: 0.0438
2025-10-10 11:53:00,640 [INFO] Época 30/30, Batch 1850/3348, Loss: 0.0399
2025-10-10 11:53:00,877 [INFO] Época 30/30, Batch 1900/3348, Loss: 0.0371
2025-10-10 11:53:01,056 [INFO] Época 30/30, Batch 1950/3348, Loss: 0.0764
2025-10-10 11:53:01,228 [INFO] Época 30/30, Batch 2000/3348, Loss: 0.0497
2025-10-10 11:53:01,401 [INFO] Época 30/30, Batch 2050/3348, Loss: 0.0211
2025-10-10 11:53:01,601 [INFO] Época 30/30, Batch 2100/3348, Loss: 0.0526
2025-10-10 11:53:01,753 [INFO] Época 30/30, Batch 2150/3348, Loss: 0.0259
2025-10-10 11:53:01,889 [INFO] Época 30/30, Batch 2200/3348, Loss: 0.0606
2025-10-10 11:53:02,044 [INFO] Época 30/30, Batch 2250/3348, Loss: 0.0172
2025-10-10 11:53:02,253 [INFO] Época 30/30, Batch 2300/3348, Loss: 0.0374
2025-10-10 11:53:02,463 [INFO] Época 30/30, Batch 2350/3348, Loss: 0.0474
2025-10-10 11:53:02,678 [INFO] Época 30/30, Batch 2400/3348, Loss: 0.0561
2025-10-10 11:53:02,899 [INFO] Época 30/30, Batch 2450/3348, Loss: 0.0426
2025-10-10 11:53:03,113 [INFO] Época 30/30, Batch 2500/3348, Loss: 0.0368
2025-10-10 11:53:03,326 [INFO] Época 30/30, Batch 2550/3348, Loss: 0.0364
2025-10-10 11:53:03,539 [INFO] Época 30/30, Batch 2600/3348, Loss: 0.0463
2025-10-10 11:53:03,754 [INFO] Época 30/30, Batch 2650/3348, Loss: 0.0358
2025-10-10 11:53:03,967 [INFO] Época 30/30, Batch 2700/3348, Loss: 0.0616
2025-10-10 11:53:04,180 [INFO] Época 30/30, Batch 2750/3348, Loss: 0.0338
2025-10-10 11:53:04,392 [INFO] Época 30/30, Batch 2800/3348, Loss: 0.0304
2025-10-10 11:53:04,606 [INFO] Época 30/30, Batch 2850/3348, Loss: 0.0721
2025-10-10 11:53:04,765 [INFO] Época 30/30, Batch 2900/3348, Loss: 0.0211
2025-10-10 11:53:04,911 [INFO] Época 30/30, Batch 2950/3348, Loss: 0.0508
2025-10-10 11:53:05,074 [INFO] Época 30/30, Batch 3000/3348, Loss: 0.0406
2025-10-10 11:53:05,288 [INFO] Época 30/30, Batch 3050/3348, Loss: 0.0382
2025-10-10 11:53:05,502 [INFO] Época 30/30, Batch 3100/3348, Loss: 0.0765
2025-10-10 11:53:05,716 [INFO] Época 30/30, Batch 3150/3348, Loss: 0.0676
2025-10-10 11:53:05,930 [INFO] Época 30/30, Batch 3200/3348, Loss: 0.0593
2025-10-10 11:53:06,144 [INFO] Época 30/30, Batch 3250/3348, Loss: 0.0286
2025-10-10 11:53:06,357 [INFO] Época 30/30, Batch 3300/3348, Loss: 0.0507
2025-10-10 11:53:07,868 [INFO] [30/30] Train Loss: 0.0473 | Val Loss: 0.1022 | Tempo: 15.55s
2025-10-10 11:53:07,868 [INFO] Early stopping ativado após 10 épocas sem melhoria
2025-10-10 11:53:07,869 [INFO] Treinamento concluído em 468.76 segundos (7.81 minutos)
2025-10-10 11:53:07,869 [INFO] Iniciando avaliação no conjunto de teste...
2025-10-10 11:53:09,073 [INFO] Avaliação do teste concluída em 1.20 segundos
2025-10-10 11:53:09,073 [INFO] MSE no teste: 0.3484
2025-10-10 11:53:09,073 [INFO] RMSE no teste: 0.5903
2025-10-10 11:53:09,073 [INFO] MAE no teste: 0.3474
2025-10-10 11:53:09,074 [INFO] Métricas salvas em /mnt/hdd/home/jdurao/ToolBox-ChemXAI/logs/mlp_att13_AtomPair_metrics.json
