2025-10-09 15:46:03,983 [INFO] Iniciando treinamento do modelo mlp_att0_Topological
2025-10-09 15:46:03,983 [INFO] Configuração: att_index=0, epochs=30, layers=[128, 64, 32], lr=0.001, batch_size=32, descriptor_type=Topological
2025-10-09 15:46:03,983 [INFO] Diretório para modelos: /mnt/hdd/home/jdurao/ToolBox-ChemXAI/models
2025-10-09 15:46:03,983 [INFO] Carregando dados...
2025-10-09 15:46:04,086 [INFO] Preparando dataloaders sem ruído...
2025-10-09 15:46:11,493 [INFO] Dados carregados em 7.51 segundos
2025-10-09 15:46:11,494 [INFO] Tamanhos dos conjuntos - Treino: 107108, Validação: 13388, Teste: 13389
2025-10-09 15:46:11,494 [INFO] Usando dispositivo: cuda
2025-10-09 15:46:11,750 [INFO] Dimensão de entrada: 512, Dimensão de saída: 1
2025-10-09 15:46:11,751 [INFO] Criando modelo MLP com camadas: [128, 64, 32]
2025-10-09 15:46:11,755 [INFO] Modelo criado com 76033 parâmetros
2025-10-09 15:46:11,756 [INFO] Iniciando treinamento com 30 épocas...
2025-10-09 15:46:12,232 [INFO] Época 1/30, Batch 50/3348, Loss: 0.0062
2025-10-09 15:46:12,513 [INFO] Época 1/30, Batch 100/3348, Loss: 0.0028
2025-10-09 15:46:12,789 [INFO] Época 1/30, Batch 150/3348, Loss: 0.0021
2025-10-09 15:46:13,062 [INFO] Época 1/30, Batch 200/3348, Loss: 0.0014
2025-10-09 15:46:13,329 [INFO] Época 1/30, Batch 250/3348, Loss: 0.0009
2025-10-09 15:46:13,607 [INFO] Época 1/30, Batch 300/3348, Loss: 0.0007
2025-10-09 15:46:13,883 [INFO] Época 1/30, Batch 350/3348, Loss: 0.0005
2025-10-09 15:46:14,162 [INFO] Época 1/30, Batch 400/3348, Loss: 0.0007
2025-10-09 15:46:14,436 [INFO] Época 1/30, Batch 450/3348, Loss: 0.0008
2025-10-09 15:46:14,712 [INFO] Época 1/30, Batch 500/3348, Loss: 0.0005
2025-10-09 15:46:14,988 [INFO] Época 1/30, Batch 550/3348, Loss: 0.0005
2025-10-09 15:46:15,265 [INFO] Época 1/30, Batch 600/3348, Loss: 0.0006
2025-10-09 15:46:15,540 [INFO] Época 1/30, Batch 650/3348, Loss: 0.0006
2025-10-09 15:46:15,809 [INFO] Época 1/30, Batch 700/3348, Loss: 0.0007
2025-10-09 15:46:16,076 [INFO] Época 1/30, Batch 750/3348, Loss: 0.0009
2025-10-09 15:46:16,340 [INFO] Época 1/30, Batch 800/3348, Loss: 0.0004
2025-10-09 15:46:16,608 [INFO] Época 1/30, Batch 850/3348, Loss: 0.0005
2025-10-09 15:46:16,876 [INFO] Época 1/30, Batch 900/3348, Loss: 0.0006
2025-10-09 15:46:17,144 [INFO] Época 1/30, Batch 950/3348, Loss: 0.0007
2025-10-09 15:46:17,421 [INFO] Época 1/30, Batch 1000/3348, Loss: 0.0002
2025-10-09 15:46:17,690 [INFO] Época 1/30, Batch 1050/3348, Loss: 0.0004
2025-10-09 15:46:17,960 [INFO] Época 1/30, Batch 1100/3348, Loss: 0.0005
2025-10-09 15:46:18,228 [INFO] Época 1/30, Batch 1150/3348, Loss: 0.0004
2025-10-09 15:46:18,496 [INFO] Época 1/30, Batch 1200/3348, Loss: 0.0006
2025-10-09 15:46:18,763 [INFO] Época 1/30, Batch 1250/3348, Loss: 0.0005
2025-10-09 15:46:19,034 [INFO] Época 1/30, Batch 1300/3348, Loss: 0.0004
2025-10-09 15:46:19,307 [INFO] Época 1/30, Batch 1350/3348, Loss: 0.0004
2025-10-09 15:46:19,578 [INFO] Época 1/30, Batch 1400/3348, Loss: 0.0003
2025-10-09 15:46:19,849 [INFO] Época 1/30, Batch 1450/3348, Loss: 0.0005
2025-10-09 15:46:20,118 [INFO] Época 1/30, Batch 1500/3348, Loss: 0.0004
2025-10-09 15:46:20,389 [INFO] Época 1/30, Batch 1550/3348, Loss: 0.0004
2025-10-09 15:46:20,661 [INFO] Época 1/30, Batch 1600/3348, Loss: 0.0005
2025-10-09 15:46:20,932 [INFO] Época 1/30, Batch 1650/3348, Loss: 0.0004
2025-10-09 15:46:21,202 [INFO] Época 1/30, Batch 1700/3348, Loss: 0.0004
2025-10-09 15:46:21,471 [INFO] Época 1/30, Batch 1750/3348, Loss: 0.0003
2025-10-09 15:46:21,740 [INFO] Época 1/30, Batch 1800/3348, Loss: 0.0005
2025-10-09 15:46:22,008 [INFO] Época 1/30, Batch 1850/3348, Loss: 0.0003
2025-10-09 15:46:22,278 [INFO] Época 1/30, Batch 1900/3348, Loss: 0.0005
2025-10-09 15:46:22,547 [INFO] Época 1/30, Batch 1950/3348, Loss: 0.0006
2025-10-09 15:46:22,816 [INFO] Época 1/30, Batch 2000/3348, Loss: 0.0003
2025-10-09 15:46:23,085 [INFO] Época 1/30, Batch 2050/3348, Loss: 0.0005
2025-10-09 15:46:23,354 [INFO] Época 1/30, Batch 2100/3348, Loss: 0.0004
2025-10-09 15:46:23,622 [INFO] Época 1/30, Batch 2150/3348, Loss: 0.0005
2025-10-09 15:46:23,891 [INFO] Época 1/30, Batch 2200/3348, Loss: 0.0004
2025-10-09 15:46:24,159 [INFO] Época 1/30, Batch 2250/3348, Loss: 0.0004
2025-10-09 15:46:24,427 [INFO] Época 1/30, Batch 2300/3348, Loss: 0.0004
2025-10-09 15:46:24,698 [INFO] Época 1/30, Batch 2350/3348, Loss: 0.0005
2025-10-09 15:46:24,972 [INFO] Época 1/30, Batch 2400/3348, Loss: 0.0005
2025-10-09 15:46:25,244 [INFO] Época 1/30, Batch 2450/3348, Loss: 0.0004
2025-10-09 15:46:25,516 [INFO] Época 1/30, Batch 2500/3348, Loss: 0.0005
2025-10-09 15:46:25,783 [INFO] Época 1/30, Batch 2550/3348, Loss: 0.0006
2025-10-09 15:46:26,053 [INFO] Época 1/30, Batch 2600/3348, Loss: 0.0004
2025-10-09 15:46:26,323 [INFO] Época 1/30, Batch 2650/3348, Loss: 0.0004
2025-10-09 15:46:26,593 [INFO] Época 1/30, Batch 2700/3348, Loss: 0.0006
2025-10-09 15:46:26,863 [INFO] Época 1/30, Batch 2750/3348, Loss: 0.0003
2025-10-09 15:46:27,134 [INFO] Época 1/30, Batch 2800/3348, Loss: 0.0005
2025-10-09 15:46:27,405 [INFO] Época 1/30, Batch 2850/3348, Loss: 0.0004
2025-10-09 15:46:27,675 [INFO] Época 1/30, Batch 2900/3348, Loss: 0.0005
2025-10-09 15:46:27,956 [INFO] Época 1/30, Batch 2950/3348, Loss: 0.0003
2025-10-09 15:46:28,234 [INFO] Época 1/30, Batch 3000/3348, Loss: 0.0012
2025-10-09 15:46:28,520 [INFO] Época 1/30, Batch 3050/3348, Loss: 0.0003
2025-10-09 15:46:28,797 [INFO] Época 1/30, Batch 3100/3348, Loss: 0.0002
2025-10-09 15:46:29,064 [INFO] Época 1/30, Batch 3150/3348, Loss: 0.0004
2025-10-09 15:46:29,336 [INFO] Época 1/30, Batch 3200/3348, Loss: 0.0002
2025-10-09 15:46:29,602 [INFO] Época 1/30, Batch 3250/3348, Loss: 0.0005
2025-10-09 15:46:29,875 [INFO] Época 1/30, Batch 3300/3348, Loss: 0.0003
2025-10-09 15:46:31,604 [INFO] [1/30] Train Loss: 0.0052 | Val Loss: 0.0004 | Tempo: 19.85s
2025-10-09 15:46:31,610 [INFO] Melhor modelo salvo em: /mnt/hdd/home/jdurao/ToolBox-ChemXAI/models/mlp_qm9_Topological_att0_large.pth
2025-10-09 15:46:32,117 [INFO] Época 2/30, Batch 50/3348, Loss: 0.0004
2025-10-09 15:46:32,394 [INFO] Época 2/30, Batch 100/3348, Loss: 0.0005
2025-10-09 15:46:32,668 [INFO] Época 2/30, Batch 150/3348, Loss: 0.0007
2025-10-09 15:46:32,940 [INFO] Época 2/30, Batch 200/3348, Loss: 0.0004
2025-10-09 15:46:33,211 [INFO] Época 2/30, Batch 250/3348, Loss: 0.0004
2025-10-09 15:46:33,480 [INFO] Época 2/30, Batch 300/3348, Loss: 0.0003
2025-10-09 15:46:33,755 [INFO] Época 2/30, Batch 350/3348, Loss: 0.0004
2025-10-09 15:46:34,031 [INFO] Época 2/30, Batch 400/3348, Loss: 0.0003
2025-10-09 15:46:34,303 [INFO] Época 2/30, Batch 450/3348, Loss: 0.0005
2025-10-09 15:46:34,588 [INFO] Época 2/30, Batch 500/3348, Loss: 0.0004
2025-10-09 15:46:34,871 [INFO] Época 2/30, Batch 550/3348, Loss: 0.0005
2025-10-09 15:46:35,156 [INFO] Época 2/30, Batch 600/3348, Loss: 0.0004
2025-10-09 15:46:35,437 [INFO] Época 2/30, Batch 650/3348, Loss: 0.0005
2025-10-09 15:46:35,703 [INFO] Época 2/30, Batch 700/3348, Loss: 0.0005
2025-10-09 15:46:35,959 [INFO] Época 2/30, Batch 750/3348, Loss: 0.0005
2025-10-09 15:46:36,229 [INFO] Época 2/30, Batch 800/3348, Loss: 0.0004
2025-10-09 15:46:36,511 [INFO] Época 2/30, Batch 850/3348, Loss: 0.0004
2025-10-09 15:46:36,779 [INFO] Época 2/30, Batch 900/3348, Loss: 0.0003
2025-10-09 15:46:37,052 [INFO] Época 2/30, Batch 950/3348, Loss: 0.0003
2025-10-09 15:46:37,328 [INFO] Época 2/30, Batch 1000/3348, Loss: 0.0004
2025-10-09 15:46:37,603 [INFO] Época 2/30, Batch 1050/3348, Loss: 0.0006
2025-10-09 15:46:37,874 [INFO] Época 2/30, Batch 1100/3348, Loss: 0.0003
2025-10-09 15:46:38,134 [INFO] Época 2/30, Batch 1150/3348, Loss: 0.0004
2025-10-09 15:46:38,394 [INFO] Época 2/30, Batch 1200/3348, Loss: 0.0007
2025-10-09 15:46:38,663 [INFO] Época 2/30, Batch 1250/3348, Loss: 0.0005
2025-10-09 15:46:38,928 [INFO] Época 2/30, Batch 1300/3348, Loss: 0.0005
2025-10-09 15:46:39,204 [INFO] Época 2/30, Batch 1350/3348, Loss: 0.0003
2025-10-09 15:46:39,472 [INFO] Época 2/30, Batch 1400/3348, Loss: 0.0004
2025-10-09 15:46:39,736 [INFO] Época 2/30, Batch 1450/3348, Loss: 0.0005
2025-10-09 15:46:40,006 [INFO] Época 2/30, Batch 1500/3348, Loss: 0.0004
2025-10-09 15:46:40,294 [INFO] Época 2/30, Batch 1550/3348, Loss: 0.0003
2025-10-09 15:46:40,583 [INFO] Época 2/30, Batch 1600/3348, Loss: 0.0004
2025-10-09 15:46:40,858 [INFO] Época 2/30, Batch 1650/3348, Loss: 0.0006
2025-10-09 15:46:41,122 [INFO] Época 2/30, Batch 1700/3348, Loss: 0.0004
2025-10-09 15:46:41,386 [INFO] Época 2/30, Batch 1750/3348, Loss: 0.0005
2025-10-09 15:46:41,651 [INFO] Época 2/30, Batch 1800/3348, Loss: 0.0005
2025-10-09 15:46:41,917 [INFO] Época 2/30, Batch 1850/3348, Loss: 0.0004
2025-10-09 15:46:42,182 [INFO] Época 2/30, Batch 1900/3348, Loss: 0.0004
2025-10-09 15:46:42,444 [INFO] Época 2/30, Batch 1950/3348, Loss: 0.0005
2025-10-09 15:46:42,709 [INFO] Época 2/30, Batch 2000/3348, Loss: 0.0003
2025-10-09 15:46:42,972 [INFO] Época 2/30, Batch 2050/3348, Loss: 0.0004
2025-10-09 15:46:43,234 [INFO] Época 2/30, Batch 2100/3348, Loss: 0.0005
2025-10-09 15:46:43,498 [INFO] Época 2/30, Batch 2150/3348, Loss: 0.0003
2025-10-09 15:46:43,773 [INFO] Época 2/30, Batch 2200/3348, Loss: 0.0003
2025-10-09 15:46:44,044 [INFO] Época 2/30, Batch 2250/3348, Loss: 0.0004
2025-10-09 15:46:44,313 [INFO] Época 2/30, Batch 2300/3348, Loss: 0.0004
2025-10-09 15:46:44,601 [INFO] Época 2/30, Batch 2350/3348, Loss: 0.0004
2025-10-09 15:46:44,884 [INFO] Época 2/30, Batch 2400/3348, Loss: 0.0003
2025-10-09 15:46:45,166 [INFO] Época 2/30, Batch 2450/3348, Loss: 0.0004
2025-10-09 15:46:45,446 [INFO] Época 2/30, Batch 2500/3348, Loss: 0.0004
2025-10-09 15:46:45,727 [INFO] Época 2/30, Batch 2550/3348, Loss: 0.0005
2025-10-09 15:46:46,009 [INFO] Época 2/30, Batch 2600/3348, Loss: 0.0004
2025-10-09 15:46:46,291 [INFO] Época 2/30, Batch 2650/3348, Loss: 0.0003
2025-10-09 15:46:46,573 [INFO] Época 2/30, Batch 2700/3348, Loss: 0.0004
2025-10-09 15:46:46,854 [INFO] Época 2/30, Batch 2750/3348, Loss: 0.0003
2025-10-09 15:46:47,134 [INFO] Época 2/30, Batch 2800/3348, Loss: 0.0005
2025-10-09 15:46:47,416 [INFO] Época 2/30, Batch 2850/3348, Loss: 0.0004
2025-10-09 15:46:47,700 [INFO] Época 2/30, Batch 2900/3348, Loss: 0.0005
2025-10-09 15:46:47,981 [INFO] Época 2/30, Batch 2950/3348, Loss: 0.0004
2025-10-09 15:46:48,264 [INFO] Época 2/30, Batch 3000/3348, Loss: 0.0005
2025-10-09 15:46:48,547 [INFO] Época 2/30, Batch 3050/3348, Loss: 0.0006
2025-10-09 15:46:48,823 [INFO] Época 2/30, Batch 3100/3348, Loss: 0.0004
2025-10-09 15:46:49,090 [INFO] Época 2/30, Batch 3150/3348, Loss: 0.0005
2025-10-09 15:46:49,349 [INFO] Época 2/30, Batch 3200/3348, Loss: 0.0003
2025-10-09 15:46:49,611 [INFO] Época 2/30, Batch 3250/3348, Loss: 0.0003
2025-10-09 15:46:49,872 [INFO] Época 2/30, Batch 3300/3348, Loss: 0.0005
2025-10-09 15:46:51,482 [INFO] [2/30] Train Loss: 0.0048 | Val Loss: 0.0004 | Tempo: 19.87s
2025-10-09 15:46:51,488 [INFO] Melhor modelo salvo em: /mnt/hdd/home/jdurao/ToolBox-ChemXAI/models/mlp_qm9_Topological_att0_large.pth
2025-10-09 15:46:51,967 [INFO] Época 3/30, Batch 50/3348, Loss: 0.0003
2025-10-09 15:46:52,248 [INFO] Época 3/30, Batch 100/3348, Loss: 0.0008
2025-10-09 15:46:52,527 [INFO] Época 3/30, Batch 150/3348, Loss: 0.0003
2025-10-09 15:46:52,812 [INFO] Época 3/30, Batch 200/3348, Loss: 0.0004
2025-10-09 15:46:53,096 [INFO] Época 3/30, Batch 250/3348, Loss: 0.0004
2025-10-09 15:46:53,380 [INFO] Época 3/30, Batch 300/3348, Loss: 0.0005
2025-10-09 15:46:53,662 [INFO] Época 3/30, Batch 350/3348, Loss: 0.0004
2025-10-09 15:46:53,945 [INFO] Época 3/30, Batch 400/3348, Loss: 0.0006
2025-10-09 15:46:54,224 [INFO] Época 3/30, Batch 450/3348, Loss: 0.0003
2025-10-09 15:46:54,504 [INFO] Época 3/30, Batch 500/3348, Loss: 0.0003
2025-10-09 15:46:54,779 [INFO] Época 3/30, Batch 550/3348, Loss: 0.0003
2025-10-09 15:46:55,050 [INFO] Época 3/30, Batch 600/3348, Loss: 0.0003
2025-10-09 15:46:55,321 [INFO] Época 3/30, Batch 650/3348, Loss: 0.0005
2025-10-09 15:46:55,592 [INFO] Época 3/30, Batch 700/3348, Loss: 0.0008
2025-10-09 15:46:55,862 [INFO] Época 3/30, Batch 750/3348, Loss: 0.0003
2025-10-09 15:46:56,132 [INFO] Época 3/30, Batch 800/3348, Loss: 0.0004
2025-10-09 15:46:56,400 [INFO] Época 3/30, Batch 850/3348, Loss: 0.0005
2025-10-09 15:46:56,673 [INFO] Época 3/30, Batch 900/3348, Loss: 0.0005
2025-10-09 15:46:56,942 [INFO] Época 3/30, Batch 950/3348, Loss: 0.0003
2025-10-09 15:46:57,212 [INFO] Época 3/30, Batch 1000/3348, Loss: 0.0004
2025-10-09 15:46:57,481 [INFO] Época 3/30, Batch 1050/3348, Loss: 0.0004
2025-10-09 15:46:57,750 [INFO] Época 3/30, Batch 1100/3348, Loss: 0.0003
2025-10-09 15:46:58,022 [INFO] Época 3/30, Batch 1150/3348, Loss: 0.0004
2025-10-09 15:46:58,292 [INFO] Época 3/30, Batch 1200/3348, Loss: 0.0004
2025-10-09 15:46:58,566 [INFO] Época 3/30, Batch 1250/3348, Loss: 0.0003
2025-10-09 15:46:58,840 [INFO] Época 3/30, Batch 1300/3348, Loss: 0.0004
2025-10-09 15:46:59,121 [INFO] Época 3/30, Batch 1350/3348, Loss: 0.0003
2025-10-09 15:46:59,403 [INFO] Época 3/30, Batch 1400/3348, Loss: 0.0003
2025-10-09 15:46:59,684 [INFO] Época 3/30, Batch 1450/3348, Loss: 0.0004
2025-10-09 15:46:59,965 [INFO] Época 3/30, Batch 1500/3348, Loss: 0.0006
2025-10-09 15:47:00,246 [INFO] Época 3/30, Batch 1550/3348, Loss: 0.0003
2025-10-09 15:47:00,529 [INFO] Época 3/30, Batch 1600/3348, Loss: 0.0004
2025-10-09 15:47:00,812 [INFO] Época 3/30, Batch 1650/3348, Loss: 0.0004
2025-10-09 15:47:01,094 [INFO] Época 3/30, Batch 1700/3348, Loss: 0.0004
2025-10-09 15:47:01,376 [INFO] Época 3/30, Batch 1750/3348, Loss: 0.0003
2025-10-09 15:47:01,657 [INFO] Época 3/30, Batch 1800/3348, Loss: 0.0003
2025-10-09 15:47:01,940 [INFO] Época 3/30, Batch 1850/3348, Loss: 0.0006
2025-10-09 15:47:02,221 [INFO] Época 3/30, Batch 1900/3348, Loss: 0.0004
2025-10-09 15:47:02,502 [INFO] Época 3/30, Batch 1950/3348, Loss: 0.0003
2025-10-09 15:47:02,783 [INFO] Época 3/30, Batch 2000/3348, Loss: 0.0003
2025-10-09 15:47:03,064 [INFO] Época 3/30, Batch 2050/3348, Loss: 0.0005
2025-10-09 15:47:03,345 [INFO] Época 3/30, Batch 2100/3348, Loss: 0.0003
2025-10-09 15:47:03,626 [INFO] Época 3/30, Batch 2150/3348, Loss: 0.0004
2025-10-09 15:47:03,909 [INFO] Época 3/30, Batch 2200/3348, Loss: 0.0003
2025-10-09 15:47:04,192 [INFO] Época 3/30, Batch 2250/3348, Loss: 0.0003
2025-10-09 15:47:04,474 [INFO] Época 3/30, Batch 2300/3348, Loss: 0.0004
2025-10-09 15:47:04,754 [INFO] Época 3/30, Batch 2350/3348, Loss: 0.0004
2025-10-09 15:47:05,035 [INFO] Época 3/30, Batch 2400/3348, Loss: 0.0003
2025-10-09 15:47:05,316 [INFO] Época 3/30, Batch 2450/3348, Loss: 0.0003
2025-10-09 15:47:05,591 [INFO] Época 3/30, Batch 2500/3348, Loss: 0.0004
2025-10-09 15:47:05,854 [INFO] Época 3/30, Batch 2550/3348, Loss: 0.0003
2025-10-09 15:47:06,116 [INFO] Época 3/30, Batch 2600/3348, Loss: 0.0004
2025-10-09 15:47:06,378 [INFO] Época 3/30, Batch 2650/3348, Loss: 0.0003
2025-10-09 15:47:06,642 [INFO] Época 3/30, Batch 2700/3348, Loss: 0.0002
2025-10-09 15:47:06,903 [INFO] Época 3/30, Batch 2750/3348, Loss: 0.0004
2025-10-09 15:47:07,168 [INFO] Época 3/30, Batch 2800/3348, Loss: 0.0004
2025-10-09 15:47:07,432 [INFO] Época 3/30, Batch 2850/3348, Loss: 0.0004
2025-10-09 15:47:07,695 [INFO] Época 3/30, Batch 2900/3348, Loss: 0.0004
2025-10-09 15:47:07,958 [INFO] Época 3/30, Batch 2950/3348, Loss: 0.0003
2025-10-09 15:47:08,219 [INFO] Época 3/30, Batch 3000/3348, Loss: 0.0003
2025-10-09 15:47:08,480 [INFO] Época 3/30, Batch 3050/3348, Loss: 0.0004
2025-10-09 15:47:08,742 [INFO] Época 3/30, Batch 3100/3348, Loss: 0.0003
2025-10-09 15:47:09,004 [INFO] Época 3/30, Batch 3150/3348, Loss: 0.0006
2025-10-09 15:47:09,268 [INFO] Época 3/30, Batch 3200/3348, Loss: 0.0004
2025-10-09 15:47:09,529 [INFO] Época 3/30, Batch 3250/3348, Loss: 0.0003
2025-10-09 15:47:09,798 [INFO] Época 3/30, Batch 3300/3348, Loss: 0.0006
2025-10-09 15:47:11,493 [INFO] [3/30] Train Loss: 0.0048 | Val Loss: 0.0003 | Tempo: 20.00s
2025-10-09 15:47:11,498 [INFO] Melhor modelo salvo em: /mnt/hdd/home/jdurao/ToolBox-ChemXAI/models/mlp_qm9_Topological_att0_large.pth
2025-10-09 15:47:11,962 [INFO] Época 4/30, Batch 50/3348, Loss: 0.0004
2025-10-09 15:47:12,232 [INFO] Época 4/30, Batch 100/3348, Loss: 0.0004
2025-10-09 15:47:12,498 [INFO] Época 4/30, Batch 150/3348, Loss: 0.0005
2025-10-09 15:47:12,764 [INFO] Época 4/30, Batch 200/3348, Loss: 0.0004
2025-10-09 15:47:13,024 [INFO] Época 4/30, Batch 250/3348, Loss: 0.0003
2025-10-09 15:47:13,283 [INFO] Época 4/30, Batch 300/3348, Loss: 0.0003
2025-10-09 15:47:13,542 [INFO] Época 4/30, Batch 350/3348, Loss: 0.0004
2025-10-09 15:47:13,801 [INFO] Época 4/30, Batch 400/3348, Loss: 0.0006
2025-10-09 15:47:14,065 [INFO] Época 4/30, Batch 450/3348, Loss: 0.0004
2025-10-09 15:47:14,328 [INFO] Época 4/30, Batch 500/3348, Loss: 0.0004
2025-10-09 15:47:14,590 [INFO] Época 4/30, Batch 550/3348, Loss: 0.0004
2025-10-09 15:47:14,851 [INFO] Época 4/30, Batch 600/3348, Loss: 0.0004
2025-10-09 15:47:15,113 [INFO] Época 4/30, Batch 650/3348, Loss: 0.0004
2025-10-09 15:47:15,375 [INFO] Época 4/30, Batch 700/3348, Loss: 0.0004
2025-10-09 15:47:15,637 [INFO] Época 4/30, Batch 750/3348, Loss: 0.0003
2025-10-09 15:47:15,892 [INFO] Época 4/30, Batch 800/3348, Loss: 0.0004
2025-10-09 15:47:16,145 [INFO] Época 4/30, Batch 850/3348, Loss: 0.0003
2025-10-09 15:47:16,400 [INFO] Época 4/30, Batch 900/3348, Loss: 0.0003
2025-10-09 15:47:16,648 [INFO] Época 4/30, Batch 950/3348, Loss: 0.0007
2025-10-09 15:47:16,891 [INFO] Época 4/30, Batch 1000/3348, Loss: 0.0004
2025-10-09 15:47:17,133 [INFO] Época 4/30, Batch 1050/3348, Loss: 0.0003
2025-10-09 15:47:17,379 [INFO] Época 4/30, Batch 1100/3348, Loss: 0.0004
2025-10-09 15:47:17,628 [INFO] Época 4/30, Batch 1150/3348, Loss: 0.0003
2025-10-09 15:47:17,874 [INFO] Época 4/30, Batch 1200/3348, Loss: 0.0005
2025-10-09 15:47:18,120 [INFO] Época 4/30, Batch 1250/3348, Loss: 0.0002
2025-10-09 15:47:18,366 [INFO] Época 4/30, Batch 1300/3348, Loss: 0.0003
2025-10-09 15:47:18,621 [INFO] Época 4/30, Batch 1350/3348, Loss: 0.0003
2025-10-09 15:47:18,879 [INFO] Época 4/30, Batch 1400/3348, Loss: 0.0003
2025-10-09 15:47:19,138 [INFO] Época 4/30, Batch 1450/3348, Loss: 0.0004
2025-10-09 15:47:19,399 [INFO] Época 4/30, Batch 1500/3348, Loss: 0.0004
2025-10-09 15:47:19,657 [INFO] Época 4/30, Batch 1550/3348, Loss: 0.0004
2025-10-09 15:47:19,916 [INFO] Época 4/30, Batch 1600/3348, Loss: 0.0003
2025-10-09 15:47:20,178 [INFO] Época 4/30, Batch 1650/3348, Loss: 0.0005
2025-10-09 15:47:20,440 [INFO] Época 4/30, Batch 1700/3348, Loss: 0.0005
2025-10-09 15:47:20,703 [INFO] Época 4/30, Batch 1750/3348, Loss: 0.0004
2025-10-09 15:47:20,971 [INFO] Época 4/30, Batch 1800/3348, Loss: 0.0004
2025-10-09 15:47:21,253 [INFO] Época 4/30, Batch 1850/3348, Loss: 0.0004
2025-10-09 15:47:21,533 [INFO] Época 4/30, Batch 1900/3348, Loss: 0.0002
2025-10-09 15:47:21,806 [INFO] Época 4/30, Batch 1950/3348, Loss: 0.0004
2025-10-09 15:47:22,072 [INFO] Época 4/30, Batch 2000/3348, Loss: 0.0006
2025-10-09 15:47:22,344 [INFO] Época 4/30, Batch 2050/3348, Loss: 0.0003
2025-10-09 15:47:22,625 [INFO] Época 4/30, Batch 2100/3348, Loss: 0.0004
2025-10-09 15:47:22,907 [INFO] Época 4/30, Batch 2150/3348, Loss: 0.0004
2025-10-09 15:47:23,188 [INFO] Época 4/30, Batch 2200/3348, Loss: 0.0003
2025-10-09 15:47:23,469 [INFO] Época 4/30, Batch 2250/3348, Loss: 0.0004
2025-10-09 15:47:23,750 [INFO] Época 4/30, Batch 2300/3348, Loss: 0.0003
2025-10-09 15:47:24,033 [INFO] Época 4/30, Batch 2350/3348, Loss: 0.0004
2025-10-09 15:47:24,314 [INFO] Época 4/30, Batch 2400/3348, Loss: 0.0004
2025-10-09 15:47:24,595 [INFO] Época 4/30, Batch 2450/3348, Loss: 0.0003
2025-10-09 15:47:24,876 [INFO] Época 4/30, Batch 2500/3348, Loss: 0.0003
2025-10-09 15:47:25,158 [INFO] Época 4/30, Batch 2550/3348, Loss: 0.0005
2025-10-09 15:47:25,440 [INFO] Época 4/30, Batch 2600/3348, Loss: 0.0003
2025-10-09 15:47:25,720 [INFO] Época 4/30, Batch 2650/3348, Loss: 0.0008
2025-10-09 15:47:26,000 [INFO] Época 4/30, Batch 2700/3348, Loss: 0.0004
2025-10-09 15:47:26,282 [INFO] Época 4/30, Batch 2750/3348, Loss: 0.0003
2025-10-09 15:47:26,551 [INFO] Época 4/30, Batch 2800/3348, Loss: 0.0005
2025-10-09 15:47:26,812 [INFO] Época 4/30, Batch 2850/3348, Loss: 0.0003
2025-10-09 15:47:27,072 [INFO] Época 4/30, Batch 2900/3348, Loss: 0.0004
2025-10-09 15:47:27,333 [INFO] Época 4/30, Batch 2950/3348, Loss: 0.0003
2025-10-09 15:47:27,597 [INFO] Época 4/30, Batch 3000/3348, Loss: 0.0003
2025-10-09 15:47:27,860 [INFO] Época 4/30, Batch 3050/3348, Loss: 0.0004
2025-10-09 15:47:28,134 [INFO] Época 4/30, Batch 3100/3348, Loss: 0.0003
2025-10-09 15:47:28,414 [INFO] Época 4/30, Batch 3150/3348, Loss: 0.0004
2025-10-09 15:47:28,696 [INFO] Época 4/30, Batch 3200/3348, Loss: 0.0007
2025-10-09 15:47:28,980 [INFO] Época 4/30, Batch 3250/3348, Loss: 0.0003
2025-10-09 15:47:29,262 [INFO] Época 4/30, Batch 3300/3348, Loss: 0.0004
2025-10-09 15:47:30,881 [INFO] [4/30] Train Loss: 0.0048 | Val Loss: 0.0003 | Tempo: 19.38s
2025-10-09 15:47:30,886 [INFO] Melhor modelo salvo em: /mnt/hdd/home/jdurao/ToolBox-ChemXAI/models/mlp_qm9_Topological_att0_large.pth
2025-10-09 15:47:31,361 [INFO] Época 5/30, Batch 50/3348, Loss: 0.0003
2025-10-09 15:47:31,637 [INFO] Época 5/30, Batch 100/3348, Loss: 0.0005
2025-10-09 15:47:31,914 [INFO] Época 5/30, Batch 150/3348, Loss: 0.0004
2025-10-09 15:47:32,189 [INFO] Época 5/30, Batch 200/3348, Loss: 0.0003
2025-10-09 15:47:32,464 [INFO] Época 5/30, Batch 250/3348, Loss: 0.0005
2025-10-09 15:47:32,736 [INFO] Época 5/30, Batch 300/3348, Loss: 0.0003
2025-10-09 15:47:33,007 [INFO] Época 5/30, Batch 350/3348, Loss: 0.0003
2025-10-09 15:47:33,279 [INFO] Época 5/30, Batch 400/3348, Loss: 0.0004
2025-10-09 15:47:33,551 [INFO] Época 5/30, Batch 450/3348, Loss: 0.0004
2025-10-09 15:47:33,822 [INFO] Época 5/30, Batch 500/3348, Loss: 0.0003
2025-10-09 15:47:34,093 [INFO] Época 5/30, Batch 550/3348, Loss: 0.0003
2025-10-09 15:47:34,364 [INFO] Época 5/30, Batch 600/3348, Loss: 0.0005
2025-10-09 15:47:34,635 [INFO] Época 5/30, Batch 650/3348, Loss: 0.0002
2025-10-09 15:47:34,902 [INFO] Época 5/30, Batch 700/3348, Loss: 0.0004
2025-10-09 15:47:35,165 [INFO] Época 5/30, Batch 750/3348, Loss: 0.0004
2025-10-09 15:47:35,431 [INFO] Época 5/30, Batch 800/3348, Loss: 0.0003
2025-10-09 15:47:35,703 [INFO] Época 5/30, Batch 850/3348, Loss: 0.0004
2025-10-09 15:47:35,973 [INFO] Época 5/30, Batch 900/3348, Loss: 0.0003
2025-10-09 15:47:36,245 [INFO] Época 5/30, Batch 950/3348, Loss: 0.0002
2025-10-09 15:47:36,512 [INFO] Época 5/30, Batch 1000/3348, Loss: 0.0003
2025-10-09 15:47:36,776 [INFO] Época 5/30, Batch 1050/3348, Loss: 0.0003
2025-10-09 15:47:37,044 [INFO] Época 5/30, Batch 1100/3348, Loss: 0.0003
2025-10-09 15:47:37,316 [INFO] Época 5/30, Batch 1150/3348, Loss: 0.0005
2025-10-09 15:47:37,588 [INFO] Época 5/30, Batch 1200/3348, Loss: 0.0005
2025-10-09 15:47:37,858 [INFO] Época 5/30, Batch 1250/3348, Loss: 0.0004
2025-10-09 15:47:38,128 [INFO] Época 5/30, Batch 1300/3348, Loss: 0.0003
2025-10-09 15:47:38,401 [INFO] Época 5/30, Batch 1350/3348, Loss: 0.0003
2025-10-09 15:47:38,672 [INFO] Época 5/30, Batch 1400/3348, Loss: 0.0004
2025-10-09 15:47:38,945 [INFO] Época 5/30, Batch 1450/3348, Loss: 0.0003
2025-10-09 15:47:39,217 [INFO] Época 5/30, Batch 1500/3348, Loss: 0.0004
2025-10-09 15:47:39,489 [INFO] Época 5/30, Batch 1550/3348, Loss: 0.0006
2025-10-09 15:47:39,757 [INFO] Época 5/30, Batch 1600/3348, Loss: 0.0003
2025-10-09 15:47:40,030 [INFO] Época 5/30, Batch 1650/3348, Loss: 0.0004
2025-10-09 15:47:40,302 [INFO] Época 5/30, Batch 1700/3348, Loss: 0.0004
2025-10-09 15:47:40,577 [INFO] Época 5/30, Batch 1750/3348, Loss: 0.0005
2025-10-09 15:47:40,842 [INFO] Época 5/30, Batch 1800/3348, Loss: 0.0003
2025-10-09 15:47:41,103 [INFO] Época 5/30, Batch 1850/3348, Loss: 0.0002
2025-10-09 15:47:41,364 [INFO] Época 5/30, Batch 1900/3348, Loss: 0.0004
2025-10-09 15:47:41,626 [INFO] Época 5/30, Batch 1950/3348, Loss: 0.0004
2025-10-09 15:47:41,888 [INFO] Época 5/30, Batch 2000/3348, Loss: 0.0005
2025-10-09 15:47:42,152 [INFO] Época 5/30, Batch 2050/3348, Loss: 0.0003
2025-10-09 15:47:42,413 [INFO] Época 5/30, Batch 2100/3348, Loss: 0.0007
2025-10-09 15:47:42,674 [INFO] Época 5/30, Batch 2150/3348, Loss: 0.0004
2025-10-09 15:47:42,936 [INFO] Época 5/30, Batch 2200/3348, Loss: 0.0004
2025-10-09 15:47:43,201 [INFO] Época 5/30, Batch 2250/3348, Loss: 0.0003
2025-10-09 15:47:43,464 [INFO] Época 5/30, Batch 2300/3348, Loss: 0.0004
2025-10-09 15:47:43,726 [INFO] Época 5/30, Batch 2350/3348, Loss: 0.0003
2025-10-09 15:47:43,987 [INFO] Época 5/30, Batch 2400/3348, Loss: 0.0005
2025-10-09 15:47:44,251 [INFO] Época 5/30, Batch 2450/3348, Loss: 0.0003
2025-10-09 15:47:44,513 [INFO] Época 5/30, Batch 2500/3348, Loss: 0.0005
2025-10-09 15:47:44,775 [INFO] Época 5/30, Batch 2550/3348, Loss: 0.0003
2025-10-09 15:47:45,035 [INFO] Época 5/30, Batch 2600/3348, Loss: 0.0005
2025-10-09 15:47:45,297 [INFO] Época 5/30, Batch 2650/3348, Loss: 0.0004
2025-10-09 15:47:45,558 [INFO] Época 5/30, Batch 2700/3348, Loss: 0.0004
2025-10-09 15:47:45,822 [INFO] Época 5/30, Batch 2750/3348, Loss: 0.0004
2025-10-09 15:47:46,084 [INFO] Época 5/30, Batch 2800/3348, Loss: 0.0004
2025-10-09 15:47:46,346 [INFO] Época 5/30, Batch 2850/3348, Loss: 0.0004
2025-10-09 15:47:46,610 [INFO] Época 5/30, Batch 2900/3348, Loss: 0.0005
2025-10-09 15:47:46,873 [INFO] Época 5/30, Batch 2950/3348, Loss: 0.0004
2025-10-09 15:47:47,137 [INFO] Época 5/30, Batch 3000/3348, Loss: 0.0005
2025-10-09 15:47:47,402 [INFO] Época 5/30, Batch 3050/3348, Loss: 0.0004
2025-10-09 15:47:47,664 [INFO] Época 5/30, Batch 3100/3348, Loss: 0.0003
2025-10-09 15:47:47,927 [INFO] Época 5/30, Batch 3150/3348, Loss: 0.0002
2025-10-09 15:47:48,190 [INFO] Época 5/30, Batch 3200/3348, Loss: 0.0003
2025-10-09 15:47:48,452 [INFO] Época 5/30, Batch 3250/3348, Loss: 0.0004
2025-10-09 15:47:48,715 [INFO] Época 5/30, Batch 3300/3348, Loss: 0.0003
2025-10-09 15:47:50,392 [INFO] [5/30] Train Loss: 0.0048 | Val Loss: 0.0003 | Tempo: 19.50s
2025-10-09 15:47:50,872 [INFO] Época 6/30, Batch 50/3348, Loss: 0.0004
2025-10-09 15:47:51,140 [INFO] Época 6/30, Batch 100/3348, Loss: 0.0003
2025-10-09 15:47:51,409 [INFO] Época 6/30, Batch 150/3348, Loss: 0.0003
2025-10-09 15:47:51,674 [INFO] Época 6/30, Batch 200/3348, Loss: 0.0003
2025-10-09 15:47:51,941 [INFO] Época 6/30, Batch 250/3348, Loss: 0.0006
2025-10-09 15:47:52,207 [INFO] Época 6/30, Batch 300/3348, Loss: 0.0004
2025-10-09 15:47:52,479 [INFO] Época 6/30, Batch 350/3348, Loss: 0.0002
2025-10-09 15:47:52,751 [INFO] Época 6/30, Batch 400/3348, Loss: 0.0003
2025-10-09 15:47:53,024 [INFO] Época 6/30, Batch 450/3348, Loss: 0.0003
2025-10-09 15:47:53,299 [INFO] Época 6/30, Batch 500/3348, Loss: 0.0003
2025-10-09 15:47:53,571 [INFO] Época 6/30, Batch 550/3348, Loss: 0.0003
2025-10-09 15:47:53,846 [INFO] Época 6/30, Batch 600/3348, Loss: 0.0004
2025-10-09 15:47:54,123 [INFO] Época 6/30, Batch 650/3348, Loss: 0.0004
2025-10-09 15:47:54,405 [INFO] Época 6/30, Batch 700/3348, Loss: 0.0003
2025-10-09 15:47:54,677 [INFO] Época 6/30, Batch 750/3348, Loss: 0.0003
2025-10-09 15:47:54,949 [INFO] Época 6/30, Batch 800/3348, Loss: 0.0002
2025-10-09 15:47:55,221 [INFO] Época 6/30, Batch 850/3348, Loss: 0.0004
2025-10-09 15:47:55,494 [INFO] Época 6/30, Batch 900/3348, Loss: 0.0002
2025-10-09 15:47:55,762 [INFO] Época 6/30, Batch 950/3348, Loss: 0.0003
2025-10-09 15:47:56,019 [INFO] Época 6/30, Batch 1000/3348, Loss: 0.0004
2025-10-09 15:47:56,275 [INFO] Época 6/30, Batch 1050/3348, Loss: 0.0004
2025-10-09 15:47:56,532 [INFO] Época 6/30, Batch 1100/3348, Loss: 0.0003
2025-10-09 15:47:56,787 [INFO] Época 6/30, Batch 1150/3348, Loss: 0.0002
2025-10-09 15:47:57,043 [INFO] Época 6/30, Batch 1200/3348, Loss: 0.0003
2025-10-09 15:47:57,301 [INFO] Época 6/30, Batch 1250/3348, Loss: 0.0004
2025-10-09 15:47:57,560 [INFO] Época 6/30, Batch 1300/3348, Loss: 0.0005
2025-10-09 15:47:57,826 [INFO] Época 6/30, Batch 1350/3348, Loss: 0.0003
2025-10-09 15:47:58,092 [INFO] Época 6/30, Batch 1400/3348, Loss: 0.0003
2025-10-09 15:47:58,355 [INFO] Época 6/30, Batch 1450/3348, Loss: 0.0003
2025-10-09 15:47:58,621 [INFO] Época 6/30, Batch 1500/3348, Loss: 0.0002
2025-10-09 15:47:58,884 [INFO] Época 6/30, Batch 1550/3348, Loss: 0.0004
2025-10-09 15:47:59,148 [INFO] Época 6/30, Batch 1600/3348, Loss: 0.0004
2025-10-09 15:47:59,412 [INFO] Época 6/30, Batch 1650/3348, Loss: 0.0004
2025-10-09 15:47:59,677 [INFO] Época 6/30, Batch 1700/3348, Loss: 0.0005
2025-10-09 15:47:59,937 [INFO] Época 6/30, Batch 1750/3348, Loss: 0.0004
2025-10-09 15:48:00,199 [INFO] Época 6/30, Batch 1800/3348, Loss: 0.0003
2025-10-09 15:48:00,458 [INFO] Época 6/30, Batch 1850/3348, Loss: 0.0003
2025-10-09 15:48:00,717 [INFO] Época 6/30, Batch 1900/3348, Loss: 0.0005
2025-10-09 15:48:00,976 [INFO] Época 6/30, Batch 1950/3348, Loss: 0.0003
2025-10-09 15:48:01,236 [INFO] Época 6/30, Batch 2000/3348, Loss: 0.0005
2025-10-09 15:48:01,497 [INFO] Época 6/30, Batch 2050/3348, Loss: 0.0003
2025-10-09 15:48:01,755 [INFO] Época 6/30, Batch 2100/3348, Loss: 0.0004
2025-10-09 15:48:02,010 [INFO] Época 6/30, Batch 2150/3348, Loss: 0.0003
2025-10-09 15:48:02,268 [INFO] Época 6/30, Batch 2200/3348, Loss: 0.0003
2025-10-09 15:48:02,526 [INFO] Época 6/30, Batch 2250/3348, Loss: 0.0003
2025-10-09 15:48:02,786 [INFO] Época 6/30, Batch 2300/3348, Loss: 0.0006
2025-10-09 15:48:03,059 [INFO] Época 6/30, Batch 2350/3348, Loss: 0.0003
2025-10-09 15:48:03,337 [INFO] Época 6/30, Batch 2400/3348, Loss: 0.0004
2025-10-09 15:48:03,615 [INFO] Época 6/30, Batch 2450/3348, Loss: 0.0004
2025-10-09 15:48:03,893 [INFO] Época 6/30, Batch 2500/3348, Loss: 0.0003
2025-10-09 15:48:04,172 [INFO] Época 6/30, Batch 2550/3348, Loss: 0.0004
2025-10-09 15:48:04,450 [INFO] Época 6/30, Batch 2600/3348, Loss: 0.0004
2025-10-09 15:48:04,728 [INFO] Época 6/30, Batch 2650/3348, Loss: 0.0004
2025-10-09 15:48:05,006 [INFO] Época 6/30, Batch 2700/3348, Loss: 0.0003
2025-10-09 15:48:05,281 [INFO] Época 6/30, Batch 2750/3348, Loss: 0.0003
2025-10-09 15:48:05,561 [INFO] Época 6/30, Batch 2800/3348, Loss: 0.0003
2025-10-09 15:48:05,838 [INFO] Época 6/30, Batch 2850/3348, Loss: 0.0003
2025-10-09 15:48:06,114 [INFO] Época 6/30, Batch 2900/3348, Loss: 0.0003
2025-10-09 15:48:06,391 [INFO] Época 6/30, Batch 2950/3348, Loss: 0.0004
2025-10-09 15:48:06,663 [INFO] Época 6/30, Batch 3000/3348, Loss: 0.0003
2025-10-09 15:48:06,924 [INFO] Época 6/30, Batch 3050/3348, Loss: 0.0004
2025-10-09 15:48:07,184 [INFO] Época 6/30, Batch 3100/3348, Loss: 0.0003
2025-10-09 15:48:07,445 [INFO] Época 6/30, Batch 3150/3348, Loss: 0.0004
2025-10-09 15:48:07,718 [INFO] Época 6/30, Batch 3200/3348, Loss: 0.0003
2025-10-09 15:48:07,997 [INFO] Época 6/30, Batch 3250/3348, Loss: 0.0003
2025-10-09 15:48:08,276 [INFO] Época 6/30, Batch 3300/3348, Loss: 0.0003
2025-10-09 15:48:09,956 [INFO] [6/30] Train Loss: 0.0048 | Val Loss: 0.0004 | Tempo: 19.56s
2025-10-09 15:48:10,420 [INFO] Época 7/30, Batch 50/3348, Loss: 0.0003
2025-10-09 15:48:10,689 [INFO] Época 7/30, Batch 100/3348, Loss: 0.0004
2025-10-09 15:48:10,955 [INFO] Época 7/30, Batch 150/3348, Loss: 0.0003
2025-10-09 15:48:11,217 [INFO] Época 7/30, Batch 200/3348, Loss: 0.0003
2025-10-09 15:48:11,477 [INFO] Época 7/30, Batch 250/3348, Loss: 0.0004
2025-10-09 15:48:11,739 [INFO] Época 7/30, Batch 300/3348, Loss: 0.0004
2025-10-09 15:48:12,000 [INFO] Época 7/30, Batch 350/3348, Loss: 0.0003
2025-10-09 15:48:12,262 [INFO] Época 7/30, Batch 400/3348, Loss: 0.0003
2025-10-09 15:48:12,523 [INFO] Época 7/30, Batch 450/3348, Loss: 0.0003
2025-10-09 15:48:12,783 [INFO] Época 7/30, Batch 500/3348, Loss: 0.0005
2025-10-09 15:48:13,044 [INFO] Época 7/30, Batch 550/3348, Loss: 0.0004
2025-10-09 15:48:13,304 [INFO] Época 7/30, Batch 600/3348, Loss: 0.0003
2025-10-09 15:48:13,566 [INFO] Época 7/30, Batch 650/3348, Loss: 0.0005
2025-10-09 15:48:13,828 [INFO] Época 7/30, Batch 700/3348, Loss: 0.0003
2025-10-09 15:48:14,089 [INFO] Época 7/30, Batch 750/3348, Loss: 0.0003
2025-10-09 15:48:14,351 [INFO] Época 7/30, Batch 800/3348, Loss: 0.0002
2025-10-09 15:48:14,612 [INFO] Época 7/30, Batch 850/3348, Loss: 0.0003
2025-10-09 15:48:14,871 [INFO] Época 7/30, Batch 900/3348, Loss: 0.0003
2025-10-09 15:48:15,132 [INFO] Época 7/30, Batch 950/3348, Loss: 0.0002
2025-10-09 15:48:15,390 [INFO] Época 7/30, Batch 1000/3348, Loss: 0.0003
2025-10-09 15:48:15,653 [INFO] Época 7/30, Batch 1050/3348, Loss: 0.0004
2025-10-09 15:48:15,915 [INFO] Época 7/30, Batch 1100/3348, Loss: 0.0003
2025-10-09 15:48:16,177 [INFO] Época 7/30, Batch 1150/3348, Loss: 0.0002
2025-10-09 15:48:16,439 [INFO] Época 7/30, Batch 1200/3348, Loss: 0.0005
2025-10-09 15:48:16,703 [INFO] Época 7/30, Batch 1250/3348, Loss: 0.0004
2025-10-09 15:48:16,968 [INFO] Época 7/30, Batch 1300/3348, Loss: 0.0004
2025-10-09 15:48:17,234 [INFO] Época 7/30, Batch 1350/3348, Loss: 0.0002
2025-10-09 15:48:17,497 [INFO] Época 7/30, Batch 1400/3348, Loss: 0.0004
2025-10-09 15:48:17,762 [INFO] Época 7/30, Batch 1450/3348, Loss: 0.0004
2025-10-09 15:48:18,025 [INFO] Época 7/30, Batch 1500/3348, Loss: 0.0003
2025-10-09 15:48:18,289 [INFO] Época 7/30, Batch 1550/3348, Loss: 0.0003
2025-10-09 15:48:18,551 [INFO] Época 7/30, Batch 1600/3348, Loss: 0.0003
2025-10-09 15:48:18,813 [INFO] Época 7/30, Batch 1650/3348, Loss: 0.0002
2025-10-09 15:48:19,075 [INFO] Época 7/30, Batch 1700/3348, Loss: 0.0004
2025-10-09 15:48:19,337 [INFO] Época 7/30, Batch 1750/3348, Loss: 0.0003
2025-10-09 15:48:19,601 [INFO] Época 7/30, Batch 1800/3348, Loss: 0.0003
2025-10-09 15:48:19,864 [INFO] Época 7/30, Batch 1850/3348, Loss: 0.0003
2025-10-09 15:48:20,129 [INFO] Época 7/30, Batch 1900/3348, Loss: 0.0003
2025-10-09 15:48:20,393 [INFO] Época 7/30, Batch 1950/3348, Loss: 0.0002
2025-10-09 15:48:20,658 [INFO] Época 7/30, Batch 2000/3348, Loss: 0.0003
2025-10-09 15:48:20,925 [INFO] Época 7/30, Batch 2050/3348, Loss: 0.0003
2025-10-09 15:48:21,189 [INFO] Época 7/30, Batch 2100/3348, Loss: 0.0004
2025-10-09 15:48:21,453 [INFO] Época 7/30, Batch 2150/3348, Loss: 0.0004
2025-10-09 15:48:21,716 [INFO] Época 7/30, Batch 2200/3348, Loss: 0.0002
2025-10-09 15:48:21,978 [INFO] Época 7/30, Batch 2250/3348, Loss: 0.0003
2025-10-09 15:48:22,244 [INFO] Época 7/30, Batch 2300/3348, Loss: 0.0003
2025-10-09 15:48:22,508 [INFO] Época 7/30, Batch 2350/3348, Loss: 0.0003
2025-10-09 15:48:22,770 [INFO] Época 7/30, Batch 2400/3348, Loss: 0.0004
2025-10-09 15:48:23,033 [INFO] Época 7/30, Batch 2450/3348, Loss: 0.0003
2025-10-09 15:48:23,296 [INFO] Época 7/30, Batch 2500/3348, Loss: 0.0005
2025-10-09 15:48:23,558 [INFO] Época 7/30, Batch 2550/3348, Loss: 0.0002
2025-10-09 15:48:23,823 [INFO] Época 7/30, Batch 2600/3348, Loss: 0.0003
2025-10-09 15:48:24,086 [INFO] Época 7/30, Batch 2650/3348, Loss: 0.0004
2025-10-09 15:48:24,348 [INFO] Época 7/30, Batch 2700/3348, Loss: 0.0003
2025-10-09 15:48:24,612 [INFO] Época 7/30, Batch 2750/3348, Loss: 0.0002
2025-10-09 15:48:24,874 [INFO] Época 7/30, Batch 2800/3348, Loss: 0.0002
2025-10-09 15:48:25,137 [INFO] Época 7/30, Batch 2850/3348, Loss: 0.0002
2025-10-09 15:48:25,398 [INFO] Época 7/30, Batch 2900/3348, Loss: 0.0002
2025-10-09 15:48:25,661 [INFO] Época 7/30, Batch 2950/3348, Loss: 0.0002
2025-10-09 15:48:25,922 [INFO] Época 7/30, Batch 3000/3348, Loss: 0.0003
2025-10-09 15:48:26,186 [INFO] Época 7/30, Batch 3050/3348, Loss: 0.0004
2025-10-09 15:48:26,450 [INFO] Época 7/30, Batch 3100/3348, Loss: 0.0005
2025-10-09 15:48:26,710 [INFO] Época 7/30, Batch 3150/3348, Loss: 0.0004
2025-10-09 15:48:26,970 [INFO] Época 7/30, Batch 3200/3348, Loss: 0.0003
2025-10-09 15:48:27,231 [INFO] Época 7/30, Batch 3250/3348, Loss: 0.0003
2025-10-09 15:48:27,493 [INFO] Época 7/30, Batch 3300/3348, Loss: 0.0004
2025-10-09 15:48:29,185 [INFO] [7/30] Train Loss: 0.0047 | Val Loss: 0.0004 | Tempo: 19.23s
2025-10-09 15:48:29,663 [INFO] Época 8/30, Batch 50/3348, Loss: 0.0002
2025-10-09 15:48:29,932 [INFO] Época 8/30, Batch 100/3348, Loss: 0.0003
2025-10-09 15:48:30,200 [INFO] Época 8/30, Batch 150/3348, Loss: 0.0003
2025-10-09 15:48:30,468 [INFO] Época 8/30, Batch 200/3348, Loss: 0.0003
2025-10-09 15:48:30,732 [INFO] Época 8/30, Batch 250/3348, Loss: 0.0012
2025-10-09 15:48:30,997 [INFO] Época 8/30, Batch 300/3348, Loss: 0.0002
2025-10-09 15:48:31,262 [INFO] Época 8/30, Batch 350/3348, Loss: 0.0003
2025-10-09 15:48:31,527 [INFO] Época 8/30, Batch 400/3348, Loss: 0.0003
2025-10-09 15:48:31,790 [INFO] Época 8/30, Batch 450/3348, Loss: 0.0003
2025-10-09 15:48:32,055 [INFO] Época 8/30, Batch 500/3348, Loss: 0.0006
2025-10-09 15:48:32,321 [INFO] Época 8/30, Batch 550/3348, Loss: 0.0003
2025-10-09 15:48:32,586 [INFO] Época 8/30, Batch 600/3348, Loss: 0.0004
2025-10-09 15:48:32,853 [INFO] Época 8/30, Batch 650/3348, Loss: 0.0003
2025-10-09 15:48:33,117 [INFO] Época 8/30, Batch 700/3348, Loss: 0.0003
2025-10-09 15:48:33,380 [INFO] Época 8/30, Batch 750/3348, Loss: 0.0003
2025-10-09 15:48:33,640 [INFO] Época 8/30, Batch 800/3348, Loss: 0.0002
2025-10-09 15:48:33,898 [INFO] Época 8/30, Batch 850/3348, Loss: 0.0002
2025-10-09 15:48:34,176 [INFO] Época 8/30, Batch 900/3348, Loss: 0.0004
2025-10-09 15:48:34,452 [INFO] Época 8/30, Batch 950/3348, Loss: 0.0003
2025-10-09 15:48:34,736 [INFO] Época 8/30, Batch 1000/3348, Loss: 0.0003
2025-10-09 15:48:35,012 [INFO] Época 8/30, Batch 1050/3348, Loss: 0.0003
2025-10-09 15:48:35,277 [INFO] Época 8/30, Batch 1100/3348, Loss: 0.0002
2025-10-09 15:48:35,544 [INFO] Época 8/30, Batch 1150/3348, Loss: 0.0003
2025-10-09 15:48:35,830 [INFO] Época 8/30, Batch 1200/3348, Loss: 0.0003
2025-10-09 15:48:36,113 [INFO] Época 8/30, Batch 1250/3348, Loss: 0.0003
2025-10-09 15:48:36,381 [INFO] Época 8/30, Batch 1300/3348, Loss: 0.0003
2025-10-09 15:48:36,652 [INFO] Época 8/30, Batch 1350/3348, Loss: 0.0004
2025-10-09 15:48:36,919 [INFO] Época 8/30, Batch 1400/3348, Loss: 0.0003
2025-10-09 15:48:37,188 [INFO] Época 8/30, Batch 1450/3348, Loss: 0.0002
2025-10-09 15:48:37,457 [INFO] Época 8/30, Batch 1500/3348, Loss: 0.0003
2025-10-09 15:48:37,727 [INFO] Época 8/30, Batch 1550/3348, Loss: 0.0003
2025-10-09 15:48:37,998 [INFO] Época 8/30, Batch 1600/3348, Loss: 0.0003
2025-10-09 15:48:38,267 [INFO] Época 8/30, Batch 1650/3348, Loss: 0.0002
2025-10-09 15:48:38,537 [INFO] Época 8/30, Batch 1700/3348, Loss: 0.0003
2025-10-09 15:48:38,812 [INFO] Época 8/30, Batch 1750/3348, Loss: 0.0003
2025-10-09 15:48:39,071 [INFO] Época 8/30, Batch 1800/3348, Loss: 0.0003
2025-10-09 15:48:39,353 [INFO] Época 8/30, Batch 1850/3348, Loss: 0.0004
2025-10-09 15:48:39,649 [INFO] Época 8/30, Batch 1900/3348, Loss: 0.0003
2025-10-09 15:48:39,940 [INFO] Época 8/30, Batch 1950/3348, Loss: 0.0003
2025-10-09 15:48:40,218 [INFO] Época 8/30, Batch 2000/3348, Loss: 0.0004
2025-10-09 15:48:40,496 [INFO] Época 8/30, Batch 2050/3348, Loss: 0.0003
2025-10-09 15:48:40,775 [INFO] Época 8/30, Batch 2100/3348, Loss: 0.0003
2025-10-09 15:48:41,053 [INFO] Época 8/30, Batch 2150/3348, Loss: 0.0005
2025-10-09 15:48:41,332 [INFO] Época 8/30, Batch 2200/3348, Loss: 0.0003
2025-10-09 15:48:41,610 [INFO] Época 8/30, Batch 2250/3348, Loss: 0.0002
2025-10-09 15:48:41,889 [INFO] Época 8/30, Batch 2300/3348, Loss: 0.0003
2025-10-09 15:48:42,168 [INFO] Época 8/30, Batch 2350/3348, Loss: 0.0003
2025-10-09 15:48:42,448 [INFO] Época 8/30, Batch 2400/3348, Loss: 0.0003
2025-10-09 15:48:42,729 [INFO] Época 8/30, Batch 2450/3348, Loss: 0.0004
2025-10-09 15:48:43,003 [INFO] Época 8/30, Batch 2500/3348, Loss: 0.0003
2025-10-09 15:48:43,267 [INFO] Época 8/30, Batch 2550/3348, Loss: 0.0004
2025-10-09 15:48:43,536 [INFO] Época 8/30, Batch 2600/3348, Loss: 0.0003
2025-10-09 15:48:43,801 [INFO] Época 8/30, Batch 2650/3348, Loss: 0.0004
2025-10-09 15:48:44,088 [INFO] Época 8/30, Batch 2700/3348, Loss: 0.0003
2025-10-09 15:48:44,355 [INFO] Época 8/30, Batch 2750/3348, Loss: 0.0003
2025-10-09 15:48:44,625 [INFO] Época 8/30, Batch 2800/3348, Loss: 0.0002
2025-10-09 15:48:44,891 [INFO] Época 8/30, Batch 2850/3348, Loss: 0.0003
2025-10-09 15:48:45,157 [INFO] Época 8/30, Batch 2900/3348, Loss: 0.0003
2025-10-09 15:48:45,424 [INFO] Época 8/30, Batch 2950/3348, Loss: 0.0003
2025-10-09 15:48:45,688 [INFO] Época 8/30, Batch 3000/3348, Loss: 0.0004
2025-10-09 15:48:45,953 [INFO] Época 8/30, Batch 3050/3348, Loss: 0.0004
2025-10-09 15:48:46,218 [INFO] Época 8/30, Batch 3100/3348, Loss: 0.0002
2025-10-09 15:48:46,486 [INFO] Época 8/30, Batch 3150/3348, Loss: 0.0005
2025-10-09 15:48:46,751 [INFO] Época 8/30, Batch 3200/3348, Loss: 0.0003
2025-10-09 15:48:47,016 [INFO] Época 8/30, Batch 3250/3348, Loss: 0.0003
2025-10-09 15:48:47,282 [INFO] Época 8/30, Batch 3300/3348, Loss: 0.0002
2025-10-09 15:48:48,925 [INFO] [8/30] Train Loss: 0.0047 | Val Loss: 0.0003 | Tempo: 19.74s
2025-10-09 15:48:49,383 [INFO] Época 9/30, Batch 50/3348, Loss: 0.0003
2025-10-09 15:48:49,650 [INFO] Época 9/30, Batch 100/3348, Loss: 0.0003
2025-10-09 15:48:49,912 [INFO] Época 9/30, Batch 150/3348, Loss: 0.0003
2025-10-09 15:48:50,173 [INFO] Época 9/30, Batch 200/3348, Loss: 0.0003
2025-10-09 15:48:50,434 [INFO] Época 9/30, Batch 250/3348, Loss: 0.0003
2025-10-09 15:48:50,697 [INFO] Época 9/30, Batch 300/3348, Loss: 0.0003
2025-10-09 15:48:50,959 [INFO] Época 9/30, Batch 350/3348, Loss: 0.0004
2025-10-09 15:48:51,219 [INFO] Época 9/30, Batch 400/3348, Loss: 0.0003
2025-10-09 15:48:51,478 [INFO] Época 9/30, Batch 450/3348, Loss: 0.0003
2025-10-09 15:48:51,740 [INFO] Época 9/30, Batch 500/3348, Loss: 0.0003
2025-10-09 15:48:52,002 [INFO] Época 9/30, Batch 550/3348, Loss: 0.0003
2025-10-09 15:48:52,267 [INFO] Época 9/30, Batch 600/3348, Loss: 0.0002
2025-10-09 15:48:52,530 [INFO] Época 9/30, Batch 650/3348, Loss: 0.0003
2025-10-09 15:48:52,792 [INFO] Época 9/30, Batch 700/3348, Loss: 0.0002
2025-10-09 15:48:53,049 [INFO] Época 9/30, Batch 750/3348, Loss: 0.0003
2025-10-09 15:48:53,307 [INFO] Época 9/30, Batch 800/3348, Loss: 0.0002
2025-10-09 15:48:53,562 [INFO] Época 9/30, Batch 850/3348, Loss: 0.0002
2025-10-09 15:48:53,820 [INFO] Época 9/30, Batch 900/3348, Loss: 0.0003
2025-10-09 15:48:54,078 [INFO] Época 9/30, Batch 950/3348, Loss: 0.0003
2025-10-09 15:48:54,337 [INFO] Época 9/30, Batch 1000/3348, Loss: 0.0003
2025-10-09 15:48:54,593 [INFO] Época 9/30, Batch 1050/3348, Loss: 0.0003
2025-10-09 15:48:54,853 [INFO] Época 9/30, Batch 1100/3348, Loss: 0.0003
2025-10-09 15:48:55,113 [INFO] Época 9/30, Batch 1150/3348, Loss: 0.0002
2025-10-09 15:48:55,374 [INFO] Época 9/30, Batch 1200/3348, Loss: 0.0003
2025-10-09 15:48:55,643 [INFO] Época 9/30, Batch 1250/3348, Loss: 0.0003
2025-10-09 15:48:55,903 [INFO] Época 9/30, Batch 1300/3348, Loss: 0.0004
2025-10-09 15:48:56,162 [INFO] Época 9/30, Batch 1350/3348, Loss: 0.0003
2025-10-09 15:48:56,420 [INFO] Época 9/30, Batch 1400/3348, Loss: 0.0002
2025-10-09 15:48:56,676 [INFO] Época 9/30, Batch 1450/3348, Loss: 0.0003
2025-10-09 15:48:56,934 [INFO] Época 9/30, Batch 1500/3348, Loss: 0.0003
2025-10-09 15:48:57,193 [INFO] Época 9/30, Batch 1550/3348, Loss: 0.0003
2025-10-09 15:48:57,450 [INFO] Época 9/30, Batch 1600/3348, Loss: 0.0003
2025-10-09 15:48:57,710 [INFO] Época 9/30, Batch 1650/3348, Loss: 0.0003
2025-10-09 15:48:57,966 [INFO] Época 9/30, Batch 1700/3348, Loss: 0.0004
2025-10-09 15:48:58,223 [INFO] Época 9/30, Batch 1750/3348, Loss: 0.0004
2025-10-09 15:48:58,482 [INFO] Época 9/30, Batch 1800/3348, Loss: 0.0002
2025-10-09 15:48:58,738 [INFO] Época 9/30, Batch 1850/3348, Loss: 0.0003
2025-10-09 15:48:58,997 [INFO] Época 9/30, Batch 1900/3348, Loss: 0.0004
2025-10-09 15:48:59,255 [INFO] Época 9/30, Batch 1950/3348, Loss: 0.0004
2025-10-09 15:48:59,513 [INFO] Época 9/30, Batch 2000/3348, Loss: 0.0003
2025-10-09 15:48:59,770 [INFO] Época 9/30, Batch 2050/3348, Loss: 0.0003
2025-10-09 15:49:00,029 [INFO] Época 9/30, Batch 2100/3348, Loss: 0.0003
2025-10-09 15:49:00,287 [INFO] Época 9/30, Batch 2150/3348, Loss: 0.0002
2025-10-09 15:49:00,545 [INFO] Época 9/30, Batch 2200/3348, Loss: 0.0003
2025-10-09 15:49:00,802 [INFO] Época 9/30, Batch 2250/3348, Loss: 0.0003
2025-10-09 15:49:01,064 [INFO] Época 9/30, Batch 2300/3348, Loss: 0.0002
2025-10-09 15:49:01,324 [INFO] Época 9/30, Batch 2350/3348, Loss: 0.0003
2025-10-09 15:49:01,585 [INFO] Época 9/30, Batch 2400/3348, Loss: 0.0004
2025-10-09 15:49:01,843 [INFO] Época 9/30, Batch 2450/3348, Loss: 0.0004
2025-10-09 15:49:02,100 [INFO] Época 9/30, Batch 2500/3348, Loss: 0.0003
2025-10-09 15:49:02,360 [INFO] Época 9/30, Batch 2550/3348, Loss: 0.0003
2025-10-09 15:49:02,620 [INFO] Época 9/30, Batch 2600/3348, Loss: 0.0002
2025-10-09 15:49:02,886 [INFO] Época 9/30, Batch 2650/3348, Loss: 0.0003
2025-10-09 15:49:03,147 [INFO] Época 9/30, Batch 2700/3348, Loss: 0.0003
2025-10-09 15:49:03,410 [INFO] Época 9/30, Batch 2750/3348, Loss: 0.0003
2025-10-09 15:49:03,671 [INFO] Época 9/30, Batch 2800/3348, Loss: 0.0003
2025-10-09 15:49:03,936 [INFO] Época 9/30, Batch 2850/3348, Loss: 0.0003
2025-10-09 15:49:04,199 [INFO] Época 9/30, Batch 2900/3348, Loss: 0.0003
2025-10-09 15:49:04,458 [INFO] Época 9/30, Batch 2950/3348, Loss: 0.0003
2025-10-09 15:49:04,719 [INFO] Época 9/30, Batch 3000/3348, Loss: 0.0003
2025-10-09 15:49:04,981 [INFO] Época 9/30, Batch 3050/3348, Loss: 0.0008
2025-10-09 15:49:05,243 [INFO] Época 9/30, Batch 3100/3348, Loss: 0.0003
2025-10-09 15:49:05,506 [INFO] Época 9/30, Batch 3150/3348, Loss: 0.0003
2025-10-09 15:49:05,769 [INFO] Época 9/30, Batch 3200/3348, Loss: 0.0004
2025-10-09 15:49:06,031 [INFO] Época 9/30, Batch 3250/3348, Loss: 0.0003
2025-10-09 15:49:06,292 [INFO] Época 9/30, Batch 3300/3348, Loss: 0.0004
2025-10-09 15:49:07,989 [INFO] [9/30] Train Loss: 0.0047 | Val Loss: 0.0004 | Tempo: 19.06s
2025-10-09 15:49:08,479 [INFO] Época 10/30, Batch 50/3348, Loss: 0.0004
2025-10-09 15:49:08,765 [INFO] Época 10/30, Batch 100/3348, Loss: 0.0005
2025-10-09 15:49:09,053 [INFO] Época 10/30, Batch 150/3348, Loss: 0.0003
2025-10-09 15:49:09,336 [INFO] Época 10/30, Batch 200/3348, Loss: 0.0003
2025-10-09 15:49:09,618 [INFO] Época 10/30, Batch 250/3348, Loss: 0.0004
2025-10-09 15:49:09,891 [INFO] Época 10/30, Batch 300/3348, Loss: 0.0003
2025-10-09 15:49:10,161 [INFO] Época 10/30, Batch 350/3348, Loss: 0.0002
2025-10-09 15:49:10,432 [INFO] Época 10/30, Batch 400/3348, Loss: 0.0003
2025-10-09 15:49:10,702 [INFO] Época 10/30, Batch 450/3348, Loss: 0.0003
2025-10-09 15:49:10,971 [INFO] Época 10/30, Batch 500/3348, Loss: 0.0003
2025-10-09 15:49:11,241 [INFO] Época 10/30, Batch 550/3348, Loss: 0.0002
2025-10-09 15:49:11,512 [INFO] Época 10/30, Batch 600/3348, Loss: 0.0003
2025-10-09 15:49:11,785 [INFO] Época 10/30, Batch 650/3348, Loss: 0.0003
2025-10-09 15:49:12,058 [INFO] Época 10/30, Batch 700/3348, Loss: 0.0002
2025-10-09 15:49:12,323 [INFO] Época 10/30, Batch 750/3348, Loss: 0.0002
2025-10-09 15:49:12,597 [INFO] Época 10/30, Batch 800/3348, Loss: 0.0003
2025-10-09 15:49:12,861 [INFO] Época 10/30, Batch 850/3348, Loss: 0.0004
2025-10-09 15:49:13,125 [INFO] Época 10/30, Batch 900/3348, Loss: 0.0003
2025-10-09 15:49:13,390 [INFO] Época 10/30, Batch 950/3348, Loss: 0.0003
2025-10-09 15:49:13,652 [INFO] Época 10/30, Batch 1000/3348, Loss: 0.0003
2025-10-09 15:49:13,913 [INFO] Época 10/30, Batch 1050/3348, Loss: 0.0003
2025-10-09 15:49:14,181 [INFO] Época 10/30, Batch 1100/3348, Loss: 0.0003
2025-10-09 15:49:14,455 [INFO] Época 10/30, Batch 1150/3348, Loss: 0.0002
2025-10-09 15:49:14,730 [INFO] Época 10/30, Batch 1200/3348, Loss: 0.0002
2025-10-09 15:49:15,001 [INFO] Época 10/30, Batch 1250/3348, Loss: 0.0003
2025-10-09 15:49:15,271 [INFO] Época 10/30, Batch 1300/3348, Loss: 0.0004
2025-10-09 15:49:15,543 [INFO] Época 10/30, Batch 1350/3348, Loss: 0.0003
2025-10-09 15:49:15,814 [INFO] Época 10/30, Batch 1400/3348, Loss: 0.0004
2025-10-09 15:49:16,084 [INFO] Época 10/30, Batch 1450/3348, Loss: 0.0003
2025-10-09 15:49:16,353 [INFO] Época 10/30, Batch 1500/3348, Loss: 0.0004
2025-10-09 15:49:16,622 [INFO] Época 10/30, Batch 1550/3348, Loss: 0.0003
2025-10-09 15:49:16,891 [INFO] Época 10/30, Batch 1600/3348, Loss: 0.0003
2025-10-09 15:49:17,164 [INFO] Época 10/30, Batch 1650/3348, Loss: 0.0004
2025-10-09 15:49:17,433 [INFO] Época 10/30, Batch 1700/3348, Loss: 0.0003
2025-10-09 15:49:17,704 [INFO] Época 10/30, Batch 1750/3348, Loss: 0.0003
2025-10-09 15:49:17,978 [INFO] Época 10/30, Batch 1800/3348, Loss: 0.0003
2025-10-09 15:49:18,251 [INFO] Época 10/30, Batch 1850/3348, Loss: 0.0003
2025-10-09 15:49:18,523 [INFO] Época 10/30, Batch 1900/3348, Loss: 0.0002
2025-10-09 15:49:18,794 [INFO] Época 10/30, Batch 1950/3348, Loss: 0.0003
2025-10-09 15:49:19,064 [INFO] Época 10/30, Batch 2000/3348, Loss: 0.0002
2025-10-09 15:49:19,337 [INFO] Época 10/30, Batch 2050/3348, Loss: 0.0002
2025-10-09 15:49:19,608 [INFO] Época 10/30, Batch 2100/3348, Loss: 0.0004
2025-10-09 15:49:19,878 [INFO] Época 10/30, Batch 2150/3348, Loss: 0.0002
2025-10-09 15:49:20,148 [INFO] Época 10/30, Batch 2200/3348, Loss: 0.0005
2025-10-09 15:49:20,419 [INFO] Época 10/30, Batch 2250/3348, Loss: 0.0003
2025-10-09 15:49:20,695 [INFO] Época 10/30, Batch 2300/3348, Loss: 0.0003
2025-10-09 15:49:20,968 [INFO] Época 10/30, Batch 2350/3348, Loss: 0.0003
2025-10-09 15:49:21,240 [INFO] Época 10/30, Batch 2400/3348, Loss: 0.0003
2025-10-09 15:49:21,513 [INFO] Época 10/30, Batch 2450/3348, Loss: 0.0003
2025-10-09 15:49:21,785 [INFO] Época 10/30, Batch 2500/3348, Loss: 0.0003
2025-10-09 15:49:22,060 [INFO] Época 10/30, Batch 2550/3348, Loss: 0.0003
2025-10-09 15:49:22,332 [INFO] Época 10/30, Batch 2600/3348, Loss: 0.0003
2025-10-09 15:49:22,598 [INFO] Época 10/30, Batch 2650/3348, Loss: 0.0003
2025-10-09 15:49:22,870 [INFO] Época 10/30, Batch 2700/3348, Loss: 0.0003
2025-10-09 15:49:23,137 [INFO] Época 10/30, Batch 2750/3348, Loss: 0.0002
2025-10-09 15:49:23,405 [INFO] Época 10/30, Batch 2800/3348, Loss: 0.0003
2025-10-09 15:49:23,675 [INFO] Época 10/30, Batch 2850/3348, Loss: 0.0003
2025-10-09 15:49:23,945 [INFO] Época 10/30, Batch 2900/3348, Loss: 0.0003
2025-10-09 15:49:24,215 [INFO] Época 10/30, Batch 2950/3348, Loss: 0.0003
2025-10-09 15:49:24,478 [INFO] Época 10/30, Batch 3000/3348, Loss: 0.0002
2025-10-09 15:49:24,738 [INFO] Época 10/30, Batch 3050/3348, Loss: 0.0004
2025-10-09 15:49:24,998 [INFO] Época 10/30, Batch 3100/3348, Loss: 0.0003
2025-10-09 15:49:25,257 [INFO] Época 10/30, Batch 3150/3348, Loss: 0.0002
2025-10-09 15:49:25,517 [INFO] Época 10/30, Batch 3200/3348, Loss: 0.0004
2025-10-09 15:49:25,778 [INFO] Época 10/30, Batch 3250/3348, Loss: 0.0003
2025-10-09 15:49:26,035 [INFO] Época 10/30, Batch 3300/3348, Loss: 0.0003
2025-10-09 15:49:27,779 [INFO] [10/30] Train Loss: 0.0047 | Val Loss: 0.0003 | Tempo: 19.79s
2025-10-09 15:49:27,785 [INFO] Melhor modelo salvo em: /mnt/hdd/home/jdurao/ToolBox-ChemXAI/models/mlp_qm9_Topological_att0_large.pth
2025-10-09 15:49:28,268 [INFO] Época 11/30, Batch 50/3348, Loss: 0.0005
2025-10-09 15:49:28,546 [INFO] Época 11/30, Batch 100/3348, Loss: 0.0002
2025-10-09 15:49:28,825 [INFO] Época 11/30, Batch 150/3348, Loss: 0.0003
2025-10-09 15:49:29,103 [INFO] Época 11/30, Batch 200/3348, Loss: 0.0003
2025-10-09 15:49:29,386 [INFO] Época 11/30, Batch 250/3348, Loss: 0.0003
2025-10-09 15:49:29,668 [INFO] Época 11/30, Batch 300/3348, Loss: 0.0004
2025-10-09 15:49:29,937 [INFO] Época 11/30, Batch 350/3348, Loss: 0.0002
2025-10-09 15:49:30,208 [INFO] Época 11/30, Batch 400/3348, Loss: 0.0003
2025-10-09 15:49:30,480 [INFO] Época 11/30, Batch 450/3348, Loss: 0.0003
2025-10-09 15:49:30,743 [INFO] Época 11/30, Batch 500/3348, Loss: 0.0004
2025-10-09 15:49:31,007 [INFO] Época 11/30, Batch 550/3348, Loss: 0.0003
2025-10-09 15:49:31,267 [INFO] Época 11/30, Batch 600/3348, Loss: 0.0002
2025-10-09 15:49:31,529 [INFO] Época 11/30, Batch 650/3348, Loss: 0.0003
2025-10-09 15:49:31,793 [INFO] Época 11/30, Batch 700/3348, Loss: 0.0003
2025-10-09 15:49:32,054 [INFO] Época 11/30, Batch 750/3348, Loss: 0.0003
2025-10-09 15:49:32,316 [INFO] Época 11/30, Batch 800/3348, Loss: 0.0003
2025-10-09 15:49:32,575 [INFO] Época 11/30, Batch 850/3348, Loss: 0.0002
2025-10-09 15:49:32,840 [INFO] Época 11/30, Batch 900/3348, Loss: 0.0002
2025-10-09 15:49:33,102 [INFO] Época 11/30, Batch 950/3348, Loss: 0.0003
2025-10-09 15:49:33,362 [INFO] Época 11/30, Batch 1000/3348, Loss: 0.0005
2025-10-09 15:49:33,621 [INFO] Época 11/30, Batch 1050/3348, Loss: 4.0181
2025-10-09 15:49:33,880 [INFO] Época 11/30, Batch 1100/3348, Loss: 0.0004
2025-10-09 15:49:34,139 [INFO] Época 11/30, Batch 1150/3348, Loss: 0.0003
2025-10-09 15:49:34,401 [INFO] Época 11/30, Batch 1200/3348, Loss: 0.0003
2025-10-09 15:49:34,668 [INFO] Época 11/30, Batch 1250/3348, Loss: 0.0002
2025-10-09 15:49:34,945 [INFO] Época 11/30, Batch 1300/3348, Loss: 0.0003
2025-10-09 15:49:35,220 [INFO] Época 11/30, Batch 1350/3348, Loss: 0.0002
2025-10-09 15:49:35,497 [INFO] Época 11/30, Batch 1400/3348, Loss: 0.0004
2025-10-09 15:49:35,777 [INFO] Época 11/30, Batch 1450/3348, Loss: 0.0003
2025-10-09 15:49:36,054 [INFO] Época 11/30, Batch 1500/3348, Loss: 0.0002
2025-10-09 15:49:36,332 [INFO] Época 11/30, Batch 1550/3348, Loss: 0.0003
2025-10-09 15:49:36,614 [INFO] Época 11/30, Batch 1600/3348, Loss: 0.0003
2025-10-09 15:49:36,892 [INFO] Época 11/30, Batch 1650/3348, Loss: 0.0003
2025-10-09 15:49:37,173 [INFO] Época 11/30, Batch 1700/3348, Loss: 0.0002
2025-10-09 15:49:37,452 [INFO] Época 11/30, Batch 1750/3348, Loss: 0.0003
2025-10-09 15:49:37,725 [INFO] Época 11/30, Batch 1800/3348, Loss: 0.0002
2025-10-09 15:49:37,987 [INFO] Época 11/30, Batch 1850/3348, Loss: 0.0002
2025-10-09 15:49:38,250 [INFO] Época 11/30, Batch 1900/3348, Loss: 0.0002
2025-10-09 15:49:38,513 [INFO] Época 11/30, Batch 1950/3348, Loss: 0.0003
2025-10-09 15:49:38,777 [INFO] Época 11/30, Batch 2000/3348, Loss: 0.0002
2025-10-09 15:49:39,040 [INFO] Época 11/30, Batch 2050/3348, Loss: 0.0002
2025-10-09 15:49:39,302 [INFO] Época 11/30, Batch 2100/3348, Loss: 0.0002
2025-10-09 15:49:39,565 [INFO] Época 11/30, Batch 2150/3348, Loss: 0.0002
2025-10-09 15:49:39,837 [INFO] Época 11/30, Batch 2200/3348, Loss: 0.0004
2025-10-09 15:49:40,113 [INFO] Época 11/30, Batch 2250/3348, Loss: 0.0002
2025-10-09 15:49:40,385 [INFO] Época 11/30, Batch 2300/3348, Loss: 0.0002
2025-10-09 15:49:40,655 [INFO] Época 11/30, Batch 2350/3348, Loss: 0.0003
2025-10-09 15:49:40,926 [INFO] Época 11/30, Batch 2400/3348, Loss: 0.0003
2025-10-09 15:49:41,199 [INFO] Época 11/30, Batch 2450/3348, Loss: 0.0005
2025-10-09 15:49:41,470 [INFO] Época 11/30, Batch 2500/3348, Loss: 0.0003
2025-10-09 15:49:41,741 [INFO] Época 11/30, Batch 2550/3348, Loss: 0.0003
2025-10-09 15:49:42,012 [INFO] Época 11/30, Batch 2600/3348, Loss: 0.0002
2025-10-09 15:49:42,281 [INFO] Época 11/30, Batch 2650/3348, Loss: 0.0003
2025-10-09 15:49:42,551 [INFO] Época 11/30, Batch 2700/3348, Loss: 0.0002
2025-10-09 15:49:42,820 [INFO] Época 11/30, Batch 2750/3348, Loss: 0.0005
2025-10-09 15:49:43,082 [INFO] Época 11/30, Batch 2800/3348, Loss: 0.0003
2025-10-09 15:49:43,344 [INFO] Época 11/30, Batch 2850/3348, Loss: 0.0003
2025-10-09 15:49:43,610 [INFO] Época 11/30, Batch 2900/3348, Loss: 0.0003
2025-10-09 15:49:43,871 [INFO] Época 11/30, Batch 2950/3348, Loss: 0.0005
2025-10-09 15:49:44,134 [INFO] Época 11/30, Batch 3000/3348, Loss: 0.0002
2025-10-09 15:49:44,394 [INFO] Época 11/30, Batch 3050/3348, Loss: 0.0004
2025-10-09 15:49:44,656 [INFO] Época 11/30, Batch 3100/3348, Loss: 0.0002
2025-10-09 15:49:44,918 [INFO] Época 11/30, Batch 3150/3348, Loss: 0.0004
2025-10-09 15:49:45,180 [INFO] Época 11/30, Batch 3200/3348, Loss: 0.0002
2025-10-09 15:49:45,444 [INFO] Época 11/30, Batch 3250/3348, Loss: 0.0003
2025-10-09 15:49:45,709 [INFO] Época 11/30, Batch 3300/3348, Loss: 0.0003
2025-10-09 15:49:47,403 [INFO] [11/30] Train Loss: 0.0047 | Val Loss: 0.0003 | Tempo: 19.62s
2025-10-09 15:49:47,409 [INFO] Melhor modelo salvo em: /mnt/hdd/home/jdurao/ToolBox-ChemXAI/models/mlp_qm9_Topological_att0_large.pth
2025-10-09 15:49:47,892 [INFO] Época 12/30, Batch 50/3348, Loss: 0.0002
2025-10-09 15:49:48,160 [INFO] Época 12/30, Batch 100/3348, Loss: 0.0002
2025-10-09 15:49:48,429 [INFO] Época 12/30, Batch 150/3348, Loss: 0.0026
2025-10-09 15:49:48,696 [INFO] Época 12/30, Batch 200/3348, Loss: 0.0002
2025-10-09 15:49:48,959 [INFO] Época 12/30, Batch 250/3348, Loss: 0.0002
2025-10-09 15:49:49,222 [INFO] Época 12/30, Batch 300/3348, Loss: 0.0002
2025-10-09 15:49:49,484 [INFO] Época 12/30, Batch 350/3348, Loss: 0.0003
2025-10-09 15:49:49,747 [INFO] Época 12/30, Batch 400/3348, Loss: 0.0003
2025-10-09 15:49:50,010 [INFO] Época 12/30, Batch 450/3348, Loss: 0.0003
2025-10-09 15:49:50,272 [INFO] Época 12/30, Batch 500/3348, Loss: 0.0006
2025-10-09 15:49:50,536 [INFO] Época 12/30, Batch 550/3348, Loss: 0.0002
2025-10-09 15:49:50,808 [INFO] Época 12/30, Batch 600/3348, Loss: 0.0002
2025-10-09 15:49:51,080 [INFO] Época 12/30, Batch 650/3348, Loss: 0.0003
2025-10-09 15:49:51,367 [INFO] Época 12/30, Batch 700/3348, Loss: 0.0003
2025-10-09 15:49:51,645 [INFO] Época 12/30, Batch 750/3348, Loss: 0.0004
2025-10-09 15:49:51,921 [INFO] Época 12/30, Batch 800/3348, Loss: 0.0002
2025-10-09 15:49:52,198 [INFO] Época 12/30, Batch 850/3348, Loss: 0.0004
2025-10-09 15:49:52,465 [INFO] Época 12/30, Batch 900/3348, Loss: 0.0003
2025-10-09 15:49:52,729 [INFO] Época 12/30, Batch 950/3348, Loss: 0.0002
2025-10-09 15:49:53,005 [INFO] Época 12/30, Batch 1000/3348, Loss: 0.0002
2025-10-09 15:49:53,282 [INFO] Época 12/30, Batch 1050/3348, Loss: 0.0002
2025-10-09 15:49:53,560 [INFO] Época 12/30, Batch 1100/3348, Loss: 0.0003
2025-10-09 15:49:53,839 [INFO] Época 12/30, Batch 1150/3348, Loss: 0.0004
2025-10-09 15:49:54,120 [INFO] Época 12/30, Batch 1200/3348, Loss: 0.0003
2025-10-09 15:49:54,400 [INFO] Época 12/30, Batch 1250/3348, Loss: 0.0003
2025-10-09 15:49:54,680 [INFO] Época 12/30, Batch 1300/3348, Loss: 0.0003
2025-10-09 15:49:54,957 [INFO] Época 12/30, Batch 1350/3348, Loss: 0.0002
2025-10-09 15:49:55,236 [INFO] Época 12/30, Batch 1400/3348, Loss: 0.0003
2025-10-09 15:49:55,513 [INFO] Época 12/30, Batch 1450/3348, Loss: 0.0003
2025-10-09 15:49:55,792 [INFO] Época 12/30, Batch 1500/3348, Loss: 0.0003
2025-10-09 15:49:56,071 [INFO] Época 12/30, Batch 1550/3348, Loss: 0.0003
2025-10-09 15:49:56,350 [INFO] Época 12/30, Batch 1600/3348, Loss: 0.0004
2025-10-09 15:49:56,629 [INFO] Época 12/30, Batch 1650/3348, Loss: 0.0003
2025-10-09 15:49:56,909 [INFO] Época 12/30, Batch 1700/3348, Loss: 0.0002
2025-10-09 15:49:57,190 [INFO] Época 12/30, Batch 1750/3348, Loss: 0.0004
2025-10-09 15:49:57,466 [INFO] Época 12/30, Batch 1800/3348, Loss: 0.0003
2025-10-09 15:49:57,742 [INFO] Época 12/30, Batch 1850/3348, Loss: 0.0002
2025-10-09 15:49:58,017 [INFO] Época 12/30, Batch 1900/3348, Loss: 0.0003
2025-10-09 15:49:58,292 [INFO] Época 12/30, Batch 1950/3348, Loss: 0.0003
2025-10-09 15:49:58,569 [INFO] Época 12/30, Batch 2000/3348, Loss: 0.0002
2025-10-09 15:49:58,835 [INFO] Época 12/30, Batch 2050/3348, Loss: 0.0004
2025-10-09 15:49:59,096 [INFO] Época 12/30, Batch 2100/3348, Loss: 0.0003
2025-10-09 15:49:59,358 [INFO] Época 12/30, Batch 2150/3348, Loss: 0.0004
2025-10-09 15:49:59,628 [INFO] Época 12/30, Batch 2200/3348, Loss: 0.0002
2025-10-09 15:49:59,906 [INFO] Época 12/30, Batch 2250/3348, Loss: 0.0003
2025-10-09 15:50:00,183 [INFO] Época 12/30, Batch 2300/3348, Loss: 0.0004
2025-10-09 15:50:00,452 [INFO] Época 12/30, Batch 2350/3348, Loss: 0.0002
2025-10-09 15:50:00,716 [INFO] Época 12/30, Batch 2400/3348, Loss: 0.0004
2025-10-09 15:50:00,977 [INFO] Época 12/30, Batch 2450/3348, Loss: 0.0003
2025-10-09 15:50:01,245 [INFO] Época 12/30, Batch 2500/3348, Loss: 0.0003
2025-10-09 15:50:01,521 [INFO] Época 12/30, Batch 2550/3348, Loss: 0.0003
2025-10-09 15:50:01,798 [INFO] Época 12/30, Batch 2600/3348, Loss: 0.0003
2025-10-09 15:50:02,075 [INFO] Época 12/30, Batch 2650/3348, Loss: 0.0002
2025-10-09 15:50:02,355 [INFO] Época 12/30, Batch 2700/3348, Loss: 0.0002
2025-10-09 15:50:02,634 [INFO] Época 12/30, Batch 2750/3348, Loss: 0.0003
2025-10-09 15:50:02,912 [INFO] Época 12/30, Batch 2800/3348, Loss: 0.0002
2025-10-09 15:50:03,189 [INFO] Época 12/30, Batch 2850/3348, Loss: 0.0003
2025-10-09 15:50:03,464 [INFO] Época 12/30, Batch 2900/3348, Loss: 0.0003
2025-10-09 15:50:03,741 [INFO] Época 12/30, Batch 2950/3348, Loss: 0.0002
2025-10-09 15:50:04,018 [INFO] Época 12/30, Batch 3000/3348, Loss: 0.0003
2025-10-09 15:50:04,297 [INFO] Época 12/30, Batch 3050/3348, Loss: 0.0002
2025-10-09 15:50:04,560 [INFO] Época 12/30, Batch 3100/3348, Loss: 0.0002
2025-10-09 15:50:04,823 [INFO] Época 12/30, Batch 3150/3348, Loss: 0.0003
2025-10-09 15:50:05,086 [INFO] Época 12/30, Batch 3200/3348, Loss: 0.0003
2025-10-09 15:50:05,355 [INFO] Época 12/30, Batch 3250/3348, Loss: 0.0003
2025-10-09 15:50:05,629 [INFO] Época 12/30, Batch 3300/3348, Loss: 0.0003
2025-10-09 15:50:07,199 [INFO] [12/30] Train Loss: 0.0047 | Val Loss: 0.0005 | Tempo: 19.79s
2025-10-09 15:50:07,678 [INFO] Época 13/30, Batch 50/3348, Loss: 0.0002
2025-10-09 15:50:07,956 [INFO] Época 13/30, Batch 100/3348, Loss: 0.0003
2025-10-09 15:50:08,227 [INFO] Época 13/30, Batch 150/3348, Loss: 0.0004
2025-10-09 15:50:08,498 [INFO] Época 13/30, Batch 200/3348, Loss: 0.0002
2025-10-09 15:50:08,770 [INFO] Época 13/30, Batch 250/3348, Loss: 0.0002
2025-10-09 15:50:09,046 [INFO] Época 13/30, Batch 300/3348, Loss: 0.0003
2025-10-09 15:50:09,328 [INFO] Época 13/30, Batch 350/3348, Loss: 0.0004
2025-10-09 15:50:09,609 [INFO] Época 13/30, Batch 400/3348, Loss: 0.0002
2025-10-09 15:50:09,874 [INFO] Época 13/30, Batch 450/3348, Loss: 0.0003
2025-10-09 15:50:10,137 [INFO] Época 13/30, Batch 500/3348, Loss: 0.0002
2025-10-09 15:50:10,396 [INFO] Época 13/30, Batch 550/3348, Loss: 0.0002
2025-10-09 15:50:10,660 [INFO] Época 13/30, Batch 600/3348, Loss: 0.0002
2025-10-09 15:50:10,922 [INFO] Época 13/30, Batch 650/3348, Loss: 0.0002
2025-10-09 15:50:11,184 [INFO] Época 13/30, Batch 700/3348, Loss: 0.0002
2025-10-09 15:50:11,445 [INFO] Época 13/30, Batch 750/3348, Loss: 0.0003
2025-10-09 15:50:11,708 [INFO] Época 13/30, Batch 800/3348, Loss: 0.0002
2025-10-09 15:50:11,979 [INFO] Época 13/30, Batch 850/3348, Loss: 0.0004
2025-10-09 15:50:12,250 [INFO] Época 13/30, Batch 900/3348, Loss: 0.0003
2025-10-09 15:50:12,521 [INFO] Época 13/30, Batch 950/3348, Loss: 0.0002
2025-10-09 15:50:12,791 [INFO] Época 13/30, Batch 1000/3348, Loss: 0.0004
2025-10-09 15:50:13,069 [INFO] Época 13/30, Batch 1050/3348, Loss: 0.0003
2025-10-09 15:50:13,347 [INFO] Época 13/30, Batch 1100/3348, Loss: 0.0003
2025-10-09 15:50:13,626 [INFO] Época 13/30, Batch 1150/3348, Loss: 0.0004
2025-10-09 15:50:13,909 [INFO] Época 13/30, Batch 1200/3348, Loss: 0.0002
2025-10-09 15:50:14,192 [INFO] Época 13/30, Batch 1250/3348, Loss: 0.0003
2025-10-09 15:50:14,474 [INFO] Época 13/30, Batch 1300/3348, Loss: 0.0004
2025-10-09 15:50:14,759 [INFO] Época 13/30, Batch 1350/3348, Loss: 0.0004
2025-10-09 15:50:15,042 [INFO] Época 13/30, Batch 1400/3348, Loss: 0.0003
2025-10-09 15:50:15,328 [INFO] Época 13/30, Batch 1450/3348, Loss: 0.0002
2025-10-09 15:50:15,614 [INFO] Época 13/30, Batch 1500/3348, Loss: 0.0002
2025-10-09 15:50:15,901 [INFO] Época 13/30, Batch 1550/3348, Loss: 0.0003
2025-10-09 15:50:16,181 [INFO] Época 13/30, Batch 1600/3348, Loss: 0.0002
2025-10-09 15:50:16,459 [INFO] Época 13/30, Batch 1650/3348, Loss: 0.0002
2025-10-09 15:50:16,734 [INFO] Época 13/30, Batch 1700/3348, Loss: 0.0003
2025-10-09 15:50:17,003 [INFO] Época 13/30, Batch 1750/3348, Loss: 0.0024
2025-10-09 15:50:17,275 [INFO] Época 13/30, Batch 1800/3348, Loss: 0.0002
2025-10-09 15:50:17,553 [INFO] Época 13/30, Batch 1850/3348, Loss: 0.0003
2025-10-09 15:50:17,816 [INFO] Época 13/30, Batch 1900/3348, Loss: 0.0003
2025-10-09 15:50:18,079 [INFO] Época 13/30, Batch 1950/3348, Loss: 0.0002
2025-10-09 15:50:18,344 [INFO] Época 13/30, Batch 2000/3348, Loss: 0.0002
2025-10-09 15:50:18,608 [INFO] Época 13/30, Batch 2050/3348, Loss: 0.0003
2025-10-09 15:50:18,871 [INFO] Época 13/30, Batch 2100/3348, Loss: 0.0002
2025-10-09 15:50:19,136 [INFO] Época 13/30, Batch 2150/3348, Loss: 0.0003
2025-10-09 15:50:19,400 [INFO] Época 13/30, Batch 2200/3348, Loss: 0.0002
2025-10-09 15:50:19,664 [INFO] Época 13/30, Batch 2250/3348, Loss: 0.0003
2025-10-09 15:50:19,930 [INFO] Época 13/30, Batch 2300/3348, Loss: 0.0003
2025-10-09 15:50:20,194 [INFO] Época 13/30, Batch 2350/3348, Loss: 0.0002
2025-10-09 15:50:20,458 [INFO] Época 13/30, Batch 2400/3348, Loss: 0.0003
2025-10-09 15:50:20,722 [INFO] Época 13/30, Batch 2450/3348, Loss: 0.0002
2025-10-09 15:50:20,992 [INFO] Época 13/30, Batch 2500/3348, Loss: 0.0004
2025-10-09 15:50:21,262 [INFO] Época 13/30, Batch 2550/3348, Loss: 0.0002
2025-10-09 15:50:21,532 [INFO] Época 13/30, Batch 2600/3348, Loss: 0.0002
2025-10-09 15:50:21,804 [INFO] Época 13/30, Batch 2650/3348, Loss: 0.0002
2025-10-09 15:50:22,073 [INFO] Época 13/30, Batch 2700/3348, Loss: 0.0002
2025-10-09 15:50:22,343 [INFO] Época 13/30, Batch 2750/3348, Loss: 0.0002
2025-10-09 15:50:22,613 [INFO] Época 13/30, Batch 2800/3348, Loss: 0.0004
2025-10-09 15:50:22,886 [INFO] Época 13/30, Batch 2850/3348, Loss: 0.0003
2025-10-09 15:50:23,156 [INFO] Época 13/30, Batch 2900/3348, Loss: 0.0002
2025-10-09 15:50:23,426 [INFO] Época 13/30, Batch 2950/3348, Loss: 0.0003
2025-10-09 15:50:23,690 [INFO] Época 13/30, Batch 3000/3348, Loss: 0.0002
2025-10-09 15:50:23,953 [INFO] Época 13/30, Batch 3050/3348, Loss: 0.0004
2025-10-09 15:50:24,228 [INFO] Época 13/30, Batch 3100/3348, Loss: 0.0002
2025-10-09 15:50:24,502 [INFO] Época 13/30, Batch 3150/3348, Loss: 0.0002
2025-10-09 15:50:24,775 [INFO] Época 13/30, Batch 3200/3348, Loss: 0.0004
2025-10-09 15:50:25,048 [INFO] Época 13/30, Batch 3250/3348, Loss: 0.0003
2025-10-09 15:50:25,321 [INFO] Época 13/30, Batch 3300/3348, Loss: 0.0003
2025-10-09 15:50:26,996 [INFO] [13/30] Train Loss: 0.0047 | Val Loss: 0.0003 | Tempo: 19.80s
2025-10-09 15:50:27,000 [INFO] Melhor modelo salvo em: /mnt/hdd/home/jdurao/ToolBox-ChemXAI/models/mlp_qm9_Topological_att0_large.pth
2025-10-09 15:50:27,466 [INFO] Época 14/30, Batch 50/3348, Loss: 0.0002
2025-10-09 15:50:27,744 [INFO] Época 14/30, Batch 100/3348, Loss: 0.0002
2025-10-09 15:50:28,018 [INFO] Época 14/30, Batch 150/3348, Loss: 0.0002
2025-10-09 15:50:28,292 [INFO] Época 14/30, Batch 200/3348, Loss: 0.0003
2025-10-09 15:50:28,564 [INFO] Época 14/30, Batch 250/3348, Loss: 0.0003
2025-10-09 15:50:28,837 [INFO] Época 14/30, Batch 300/3348, Loss: 0.0003
2025-10-09 15:50:29,108 [INFO] Época 14/30, Batch 350/3348, Loss: 0.0003
2025-10-09 15:50:29,378 [INFO] Época 14/30, Batch 400/3348, Loss: 0.0003
2025-10-09 15:50:29,647 [INFO] Época 14/30, Batch 450/3348, Loss: 0.0002
2025-10-09 15:50:29,917 [INFO] Época 14/30, Batch 500/3348, Loss: 0.0003
2025-10-09 15:50:30,193 [INFO] Época 14/30, Batch 550/3348, Loss: 0.0003
2025-10-09 15:50:30,463 [INFO] Época 14/30, Batch 600/3348, Loss: 0.0003
2025-10-09 15:50:30,728 [INFO] Época 14/30, Batch 650/3348, Loss: 0.0003
2025-10-09 15:50:30,987 [INFO] Época 14/30, Batch 700/3348, Loss: 0.0003
2025-10-09 15:50:31,247 [INFO] Época 14/30, Batch 750/3348, Loss: 0.0003
2025-10-09 15:50:31,507 [INFO] Época 14/30, Batch 800/3348, Loss: 0.0002
2025-10-09 15:50:31,766 [INFO] Época 14/30, Batch 850/3348, Loss: 0.0002
2025-10-09 15:50:32,026 [INFO] Época 14/30, Batch 900/3348, Loss: 0.0004
2025-10-09 15:50:32,285 [INFO] Época 14/30, Batch 950/3348, Loss: 0.0004
2025-10-09 15:50:32,554 [INFO] Época 14/30, Batch 1000/3348, Loss: 0.0002
2025-10-09 15:50:32,821 [INFO] Época 14/30, Batch 1050/3348, Loss: 0.0003
2025-10-09 15:50:33,082 [INFO] Época 14/30, Batch 1100/3348, Loss: 0.0003
2025-10-09 15:50:33,350 [INFO] Época 14/30, Batch 1150/3348, Loss: 0.0002
2025-10-09 15:50:33,621 [INFO] Época 14/30, Batch 1200/3348, Loss: 0.0003
2025-10-09 15:50:33,895 [INFO] Época 14/30, Batch 1250/3348, Loss: 0.0002
2025-10-09 15:50:34,167 [INFO] Época 14/30, Batch 1300/3348, Loss: 0.0002
2025-10-09 15:50:34,439 [INFO] Época 14/30, Batch 1350/3348, Loss: 0.0003
2025-10-09 15:50:34,700 [INFO] Época 14/30, Batch 1400/3348, Loss: 0.0003
2025-10-09 15:50:34,963 [INFO] Época 14/30, Batch 1450/3348, Loss: 0.0003
2025-10-09 15:50:35,224 [INFO] Época 14/30, Batch 1500/3348, Loss: 0.0003
2025-10-09 15:50:35,489 [INFO] Época 14/30, Batch 1550/3348, Loss: 0.0003
2025-10-09 15:50:35,754 [INFO] Época 14/30, Batch 1600/3348, Loss: 0.0003
2025-10-09 15:50:36,016 [INFO] Época 14/30, Batch 1650/3348, Loss: 0.0003
2025-10-09 15:50:36,276 [INFO] Época 14/30, Batch 1700/3348, Loss: 0.0002
2025-10-09 15:50:36,537 [INFO] Época 14/30, Batch 1750/3348, Loss: 0.0003
2025-10-09 15:50:36,798 [INFO] Época 14/30, Batch 1800/3348, Loss: 0.0002
2025-10-09 15:50:37,057 [INFO] Época 14/30, Batch 1850/3348, Loss: 0.0003
2025-10-09 15:50:37,317 [INFO] Época 14/30, Batch 1900/3348, Loss: 0.0002
2025-10-09 15:50:37,576 [INFO] Época 14/30, Batch 1950/3348, Loss: 0.0003
2025-10-09 15:50:37,835 [INFO] Época 14/30, Batch 2000/3348, Loss: 0.0003
2025-10-09 15:50:38,112 [INFO] Época 14/30, Batch 2050/3348, Loss: 0.0003
2025-10-09 15:50:38,394 [INFO] Época 14/30, Batch 2100/3348, Loss: 0.0002
2025-10-09 15:50:38,676 [INFO] Época 14/30, Batch 2150/3348, Loss: 0.0004
2025-10-09 15:50:38,959 [INFO] Época 14/30, Batch 2200/3348, Loss: 0.0003
2025-10-09 15:50:39,241 [INFO] Época 14/30, Batch 2250/3348, Loss: 0.0002
2025-10-09 15:50:39,524 [INFO] Época 14/30, Batch 2300/3348, Loss: 0.0003
2025-10-09 15:50:39,799 [INFO] Época 14/30, Batch 2350/3348, Loss: 0.0003
2025-10-09 15:50:40,075 [INFO] Época 14/30, Batch 2400/3348, Loss: 0.0002
2025-10-09 15:50:40,347 [INFO] Época 14/30, Batch 2450/3348, Loss: 0.0003
2025-10-09 15:50:40,605 [INFO] Época 14/30, Batch 2500/3348, Loss: 0.0003
2025-10-09 15:50:40,865 [INFO] Época 14/30, Batch 2550/3348, Loss: 0.0012
2025-10-09 15:50:41,127 [INFO] Época 14/30, Batch 2600/3348, Loss: 0.0002
2025-10-09 15:50:41,392 [INFO] Época 14/30, Batch 2650/3348, Loss: 0.0003
2025-10-09 15:50:41,654 [INFO] Época 14/30, Batch 2700/3348, Loss: 0.0002
2025-10-09 15:50:41,914 [INFO] Época 14/30, Batch 2750/3348, Loss: 0.0003
2025-10-09 15:50:42,175 [INFO] Época 14/30, Batch 2800/3348, Loss: 0.0002
2025-10-09 15:50:42,438 [INFO] Época 14/30, Batch 2850/3348, Loss: 0.0003
2025-10-09 15:50:42,698 [INFO] Época 14/30, Batch 2900/3348, Loss: 0.0002
2025-10-09 15:50:42,959 [INFO] Época 14/30, Batch 2950/3348, Loss: 0.0002
2025-10-09 15:50:43,219 [INFO] Época 14/30, Batch 3000/3348, Loss: 0.0002
2025-10-09 15:50:43,482 [INFO] Época 14/30, Batch 3050/3348, Loss: 0.0003
2025-10-09 15:50:43,743 [INFO] Época 14/30, Batch 3100/3348, Loss: 0.0002
2025-10-09 15:50:44,005 [INFO] Época 14/30, Batch 3150/3348, Loss: 0.0002
2025-10-09 15:50:44,265 [INFO] Época 14/30, Batch 3200/3348, Loss: 0.0002
2025-10-09 15:50:44,524 [INFO] Época 14/30, Batch 3250/3348, Loss: 0.0002
2025-10-09 15:50:44,785 [INFO] Época 14/30, Batch 3300/3348, Loss: 0.0003
2025-10-09 15:50:46,503 [INFO] [14/30] Train Loss: 0.0047 | Val Loss: 0.0003 | Tempo: 19.50s
2025-10-09 15:50:46,987 [INFO] Época 15/30, Batch 50/3348, Loss: 0.0004
2025-10-09 15:50:47,269 [INFO] Época 15/30, Batch 100/3348, Loss: 0.0004
2025-10-09 15:50:47,548 [INFO] Época 15/30, Batch 150/3348, Loss: 0.0002
2025-10-09 15:50:47,829 [INFO] Época 15/30, Batch 200/3348, Loss: 0.0002
2025-10-09 15:50:48,108 [INFO] Época 15/30, Batch 250/3348, Loss: 0.0003
2025-10-09 15:50:48,388 [INFO] Época 15/30, Batch 300/3348, Loss: 0.0002
2025-10-09 15:50:48,670 [INFO] Época 15/30, Batch 350/3348, Loss: 0.0002
2025-10-09 15:50:48,948 [INFO] Época 15/30, Batch 400/3348, Loss: 0.0002
2025-10-09 15:50:49,225 [INFO] Época 15/30, Batch 450/3348, Loss: 0.0002
2025-10-09 15:50:49,490 [INFO] Época 15/30, Batch 500/3348, Loss: 0.0003
2025-10-09 15:50:49,756 [INFO] Época 15/30, Batch 550/3348, Loss: 0.0003
2025-10-09 15:50:50,019 [INFO] Época 15/30, Batch 600/3348, Loss: 0.0004
2025-10-09 15:50:50,283 [INFO] Época 15/30, Batch 650/3348, Loss: 0.0003
2025-10-09 15:50:50,541 [INFO] Época 15/30, Batch 700/3348, Loss: 0.0003
2025-10-09 15:50:50,798 [INFO] Época 15/30, Batch 750/3348, Loss: 0.0002
2025-10-09 15:50:51,060 [INFO] Época 15/30, Batch 800/3348, Loss: 0.0003
2025-10-09 15:50:51,321 [INFO] Época 15/30, Batch 850/3348, Loss: 0.0003
2025-10-09 15:50:51,583 [INFO] Época 15/30, Batch 900/3348, Loss: 0.0003
2025-10-09 15:50:51,844 [INFO] Época 15/30, Batch 950/3348, Loss: 0.0003
2025-10-09 15:50:52,106 [INFO] Época 15/30, Batch 1000/3348, Loss: 0.0003
2025-10-09 15:50:52,372 [INFO] Época 15/30, Batch 1050/3348, Loss: 0.0002
2025-10-09 15:50:52,630 [INFO] Época 15/30, Batch 1100/3348, Loss: 0.0003
2025-10-09 15:50:52,889 [INFO] Época 15/30, Batch 1150/3348, Loss: 0.0002
2025-10-09 15:50:53,149 [INFO] Época 15/30, Batch 1200/3348, Loss: 0.0002
2025-10-09 15:50:53,412 [INFO] Época 15/30, Batch 1250/3348, Loss: 0.0002
2025-10-09 15:50:53,673 [INFO] Época 15/30, Batch 1300/3348, Loss: 0.0003
2025-10-09 15:50:53,937 [INFO] Época 15/30, Batch 1350/3348, Loss: 0.0007
2025-10-09 15:50:54,200 [INFO] Época 15/30, Batch 1400/3348, Loss: 0.0002
2025-10-09 15:50:54,461 [INFO] Época 15/30, Batch 1450/3348, Loss: 0.0002
2025-10-09 15:50:54,723 [INFO] Época 15/30, Batch 1500/3348, Loss: 0.0002
2025-10-09 15:50:54,985 [INFO] Época 15/30, Batch 1550/3348, Loss: 0.0002
2025-10-09 15:50:55,248 [INFO] Época 15/30, Batch 1600/3348, Loss: 0.0003
2025-10-09 15:50:55,511 [INFO] Época 15/30, Batch 1650/3348, Loss: 0.0003
2025-10-09 15:50:55,772 [INFO] Época 15/30, Batch 1700/3348, Loss: 0.0004
2025-10-09 15:50:56,042 [INFO] Época 15/30, Batch 1750/3348, Loss: 0.0003
2025-10-09 15:50:56,313 [INFO] Época 15/30, Batch 1800/3348, Loss: 0.0003
2025-10-09 15:50:56,583 [INFO] Época 15/30, Batch 1850/3348, Loss: 0.0004
2025-10-09 15:50:56,851 [INFO] Época 15/30, Batch 1900/3348, Loss: 0.0003
2025-10-09 15:50:57,120 [INFO] Época 15/30, Batch 1950/3348, Loss: 0.0003
2025-10-09 15:50:57,393 [INFO] Época 15/30, Batch 2000/3348, Loss: 0.0003
2025-10-09 15:50:57,661 [INFO] Época 15/30, Batch 2050/3348, Loss: 0.0003
2025-10-09 15:50:57,923 [INFO] Época 15/30, Batch 2100/3348, Loss: 0.0003
2025-10-09 15:50:58,188 [INFO] Época 15/30, Batch 2150/3348, Loss: 0.0002
2025-10-09 15:50:58,451 [INFO] Época 15/30, Batch 2200/3348, Loss: 0.0003
2025-10-09 15:50:58,715 [INFO] Época 15/30, Batch 2250/3348, Loss: 0.0002
2025-10-09 15:50:58,977 [INFO] Época 15/30, Batch 2300/3348, Loss: 0.0004
2025-10-09 15:50:59,243 [INFO] Época 15/30, Batch 2350/3348, Loss: 0.0002
2025-10-09 15:50:59,506 [INFO] Época 15/30, Batch 2400/3348, Loss: 0.0004
2025-10-09 15:50:59,770 [INFO] Época 15/30, Batch 2450/3348, Loss: 0.0002
2025-10-09 15:51:00,040 [INFO] Época 15/30, Batch 2500/3348, Loss: 0.0002
2025-10-09 15:51:00,301 [INFO] Época 15/30, Batch 2550/3348, Loss: 0.0003
2025-10-09 15:51:00,565 [INFO] Época 15/30, Batch 2600/3348, Loss: 0.0003
2025-10-09 15:51:00,832 [INFO] Época 15/30, Batch 2650/3348, Loss: 0.0002
2025-10-09 15:51:01,096 [INFO] Época 15/30, Batch 2700/3348, Loss: 0.0002
2025-10-09 15:51:01,366 [INFO] Época 15/30, Batch 2750/3348, Loss: 0.0002
2025-10-09 15:51:01,639 [INFO] Época 15/30, Batch 2800/3348, Loss: 0.0003
2025-10-09 15:51:01,910 [INFO] Época 15/30, Batch 2850/3348, Loss: 0.0002
2025-10-09 15:51:02,182 [INFO] Época 15/30, Batch 2900/3348, Loss: 0.0002
2025-10-09 15:51:02,454 [INFO] Época 15/30, Batch 2950/3348, Loss: 0.0002
2025-10-09 15:51:02,724 [INFO] Época 15/30, Batch 3000/3348, Loss: 0.0002
2025-10-09 15:51:02,995 [INFO] Época 15/30, Batch 3050/3348, Loss: 0.0003
2025-10-09 15:51:03,269 [INFO] Época 15/30, Batch 3100/3348, Loss: 0.0003
2025-10-09 15:51:03,543 [INFO] Época 15/30, Batch 3150/3348, Loss: 0.0002
2025-10-09 15:51:03,818 [INFO] Época 15/30, Batch 3200/3348, Loss: 0.0003
2025-10-09 15:51:04,105 [INFO] Época 15/30, Batch 3250/3348, Loss: 0.0002
2025-10-09 15:51:04,390 [INFO] Época 15/30, Batch 3300/3348, Loss: 0.0002
2025-10-09 15:51:06,119 [INFO] [15/30] Train Loss: 0.0047 | Val Loss: 0.0003 | Tempo: 19.62s
2025-10-09 15:51:06,605 [INFO] Época 16/30, Batch 50/3348, Loss: 0.0002
2025-10-09 15:51:06,885 [INFO] Época 16/30, Batch 100/3348, Loss: 0.0003
2025-10-09 15:51:07,151 [INFO] Época 16/30, Batch 150/3348, Loss: 0.0003
2025-10-09 15:51:07,412 [INFO] Época 16/30, Batch 200/3348, Loss: 0.0003
2025-10-09 15:51:07,675 [INFO] Época 16/30, Batch 250/3348, Loss: 0.0003
2025-10-09 15:51:07,943 [INFO] Época 16/30, Batch 300/3348, Loss: 0.0002
2025-10-09 15:51:08,213 [INFO] Época 16/30, Batch 350/3348, Loss: 0.0002
2025-10-09 15:51:08,474 [INFO] Época 16/30, Batch 400/3348, Loss: 0.0003
2025-10-09 15:51:08,732 [INFO] Época 16/30, Batch 450/3348, Loss: 0.0003
2025-10-09 15:51:08,991 [INFO] Época 16/30, Batch 500/3348, Loss: 0.0003
2025-10-09 15:51:09,249 [INFO] Época 16/30, Batch 550/3348, Loss: 0.0002
2025-10-09 15:51:09,515 [INFO] Época 16/30, Batch 600/3348, Loss: 0.0002
2025-10-09 15:51:09,786 [INFO] Época 16/30, Batch 650/3348, Loss: 0.0003
2025-10-09 15:51:10,057 [INFO] Época 16/30, Batch 700/3348, Loss: 0.0004
2025-10-09 15:51:10,312 [INFO] Época 16/30, Batch 750/3348, Loss: 0.0002
2025-10-09 15:51:10,565 [INFO] Época 16/30, Batch 800/3348, Loss: 0.0001
2025-10-09 15:51:10,836 [INFO] Época 16/30, Batch 850/3348, Loss: 0.0004
2025-10-09 15:51:11,117 [INFO] Época 16/30, Batch 900/3348, Loss: 0.0002
2025-10-09 15:51:11,399 [INFO] Época 16/30, Batch 950/3348, Loss: 0.0003
2025-10-09 15:51:11,679 [INFO] Época 16/30, Batch 1000/3348, Loss: 0.0004
2025-10-09 15:51:11,945 [INFO] Época 16/30, Batch 1050/3348, Loss: 0.0002
2025-10-09 15:51:12,219 [INFO] Época 16/30, Batch 1100/3348, Loss: 0.0002
2025-10-09 15:51:12,491 [INFO] Época 16/30, Batch 1150/3348, Loss: 0.0002
2025-10-09 15:51:12,765 [INFO] Época 16/30, Batch 1200/3348, Loss: 0.0002
2025-10-09 15:51:13,045 [INFO] Época 16/30, Batch 1250/3348, Loss: 0.0002
2025-10-09 15:51:13,324 [INFO] Época 16/30, Batch 1300/3348, Loss: 0.0003
2025-10-09 15:51:13,604 [INFO] Época 16/30, Batch 1350/3348, Loss: 0.0003
2025-10-09 15:51:13,886 [INFO] Época 16/30, Batch 1400/3348, Loss: 0.0002
2025-10-09 15:51:14,167 [INFO] Época 16/30, Batch 1450/3348, Loss: 0.0003
2025-10-09 15:51:14,448 [INFO] Época 16/30, Batch 1500/3348, Loss: 0.0003
2025-10-09 15:51:14,731 [INFO] Época 16/30, Batch 1550/3348, Loss: 0.0003
2025-10-09 15:51:15,010 [INFO] Época 16/30, Batch 1600/3348, Loss: 0.0001
2025-10-09 15:51:15,286 [INFO] Época 16/30, Batch 1650/3348, Loss: 0.0002
2025-10-09 15:51:15,552 [INFO] Época 16/30, Batch 1700/3348, Loss: 0.0004
2025-10-09 15:51:15,814 [INFO] Época 16/30, Batch 1750/3348, Loss: 0.0002
2025-10-09 15:51:16,080 [INFO] Época 16/30, Batch 1800/3348, Loss: 0.0002
2025-10-09 15:51:16,354 [INFO] Época 16/30, Batch 1850/3348, Loss: 0.0002
2025-10-09 15:51:16,630 [INFO] Época 16/30, Batch 1900/3348, Loss: 0.0002
2025-10-09 15:51:16,906 [INFO] Época 16/30, Batch 1950/3348, Loss: 0.0002
2025-10-09 15:51:17,183 [INFO] Época 16/30, Batch 2000/3348, Loss: 0.0002
2025-10-09 15:51:17,461 [INFO] Época 16/30, Batch 2050/3348, Loss: 0.0003
2025-10-09 15:51:17,739 [INFO] Época 16/30, Batch 2100/3348, Loss: 0.0003
2025-10-09 15:51:18,019 [INFO] Época 16/30, Batch 2150/3348, Loss: 0.0003
2025-10-09 15:51:18,289 [INFO] Época 16/30, Batch 2200/3348, Loss: 0.0003
2025-10-09 15:51:18,556 [INFO] Época 16/30, Batch 2250/3348, Loss: 0.0002
2025-10-09 15:51:18,822 [INFO] Época 16/30, Batch 2300/3348, Loss: 0.0002
2025-10-09 15:51:19,089 [INFO] Época 16/30, Batch 2350/3348, Loss: 0.0003
2025-10-09 15:51:19,356 [INFO] Época 16/30, Batch 2400/3348, Loss: 0.0003
2025-10-09 15:51:19,622 [INFO] Época 16/30, Batch 2450/3348, Loss: 0.0002
2025-10-09 15:51:19,887 [INFO] Época 16/30, Batch 2500/3348, Loss: 0.0003
2025-10-09 15:51:20,150 [INFO] Época 16/30, Batch 2550/3348, Loss: 0.0002
2025-10-09 15:51:20,418 [INFO] Época 16/30, Batch 2600/3348, Loss: 0.0003
2025-10-09 15:51:20,685 [INFO] Época 16/30, Batch 2650/3348, Loss: 0.0002
2025-10-09 15:51:20,951 [INFO] Época 16/30, Batch 2700/3348, Loss: 0.0003
2025-10-09 15:51:21,215 [INFO] Época 16/30, Batch 2750/3348, Loss: 0.0002
2025-10-09 15:51:21,482 [INFO] Época 16/30, Batch 2800/3348, Loss: 0.0002
2025-10-09 15:51:21,748 [INFO] Época 16/30, Batch 2850/3348, Loss: 0.0002
2025-10-09 15:51:22,018 [INFO] Época 16/30, Batch 2900/3348, Loss: 0.0003
2025-10-09 15:51:22,295 [INFO] Época 16/30, Batch 2950/3348, Loss: 0.0003
2025-10-09 15:51:22,564 [INFO] Época 16/30, Batch 3000/3348, Loss: 0.0002
2025-10-09 15:51:22,841 [INFO] Época 16/30, Batch 3050/3348, Loss: 0.0002
2025-10-09 15:51:23,118 [INFO] Época 16/30, Batch 3100/3348, Loss: 0.0003
2025-10-09 15:51:23,398 [INFO] Época 16/30, Batch 3150/3348, Loss: 0.0003
2025-10-09 15:51:23,673 [INFO] Época 16/30, Batch 3200/3348, Loss: 0.0003
2025-10-09 15:51:23,950 [INFO] Época 16/30, Batch 3250/3348, Loss: 0.0002
2025-10-09 15:51:24,226 [INFO] Época 16/30, Batch 3300/3348, Loss: 0.0004
2025-10-09 15:51:25,874 [INFO] [16/30] Train Loss: 0.0047 | Val Loss: 0.0003 | Tempo: 19.75s
2025-10-09 15:51:25,879 [INFO] Melhor modelo salvo em: /mnt/hdd/home/jdurao/ToolBox-ChemXAI/models/mlp_qm9_Topological_att0_large.pth
2025-10-09 15:51:26,346 [INFO] Época 17/30, Batch 50/3348, Loss: 0.0002
2025-10-09 15:51:26,619 [INFO] Época 17/30, Batch 100/3348, Loss: 0.0003
2025-10-09 15:51:26,891 [INFO] Época 17/30, Batch 150/3348, Loss: 10.7058
2025-10-09 15:51:27,163 [INFO] Época 17/30, Batch 200/3348, Loss: 0.0003
2025-10-09 15:51:27,431 [INFO] Época 17/30, Batch 250/3348, Loss: 0.0003
2025-10-09 15:51:27,702 [INFO] Época 17/30, Batch 300/3348, Loss: 0.0003
2025-10-09 15:51:27,974 [INFO] Época 17/30, Batch 350/3348, Loss: 0.0002
2025-10-09 15:51:28,246 [INFO] Época 17/30, Batch 400/3348, Loss: 0.0002
2025-10-09 15:51:28,518 [INFO] Época 17/30, Batch 450/3348, Loss: 0.0002
2025-10-09 15:51:28,791 [INFO] Época 17/30, Batch 500/3348, Loss: 0.0003
2025-10-09 15:51:29,061 [INFO] Época 17/30, Batch 550/3348, Loss: 0.0003
2025-10-09 15:51:29,331 [INFO] Época 17/30, Batch 600/3348, Loss: 0.0006
2025-10-09 15:51:29,597 [INFO] Época 17/30, Batch 650/3348, Loss: 0.0003
2025-10-09 15:51:29,860 [INFO] Época 17/30, Batch 700/3348, Loss: 0.0003
2025-10-09 15:51:30,117 [INFO] Época 17/30, Batch 750/3348, Loss: 0.0003
2025-10-09 15:51:30,373 [INFO] Época 17/30, Batch 800/3348, Loss: 0.0002
2025-10-09 15:51:30,631 [INFO] Época 17/30, Batch 850/3348, Loss: 0.0002
2025-10-09 15:51:30,891 [INFO] Época 17/30, Batch 900/3348, Loss: 0.0002
2025-10-09 15:51:31,142 [INFO] Época 17/30, Batch 950/3348, Loss: 0.0002
2025-10-09 15:51:31,394 [INFO] Época 17/30, Batch 1000/3348, Loss: 0.0003
2025-10-09 15:51:31,648 [INFO] Época 17/30, Batch 1050/3348, Loss: 0.0002
2025-10-09 15:51:31,904 [INFO] Época 17/30, Batch 1100/3348, Loss: 0.0003
2025-10-09 15:51:32,168 [INFO] Época 17/30, Batch 1150/3348, Loss: 0.0002
2025-10-09 15:51:32,430 [INFO] Época 17/30, Batch 1200/3348, Loss: 0.0002
2025-10-09 15:51:32,692 [INFO] Época 17/30, Batch 1250/3348, Loss: 0.0002
2025-10-09 15:51:32,956 [INFO] Época 17/30, Batch 1300/3348, Loss: 0.0003
2025-10-09 15:51:33,218 [INFO] Época 17/30, Batch 1350/3348, Loss: 0.0003
2025-10-09 15:51:33,483 [INFO] Época 17/30, Batch 1400/3348, Loss: 0.0002
2025-10-09 15:51:33,745 [INFO] Época 17/30, Batch 1450/3348, Loss: 0.0005
2025-10-09 15:51:34,010 [INFO] Época 17/30, Batch 1500/3348, Loss: 0.0002
2025-10-09 15:51:34,271 [INFO] Época 17/30, Batch 1550/3348, Loss: 0.0003
2025-10-09 15:51:34,535 [INFO] Época 17/30, Batch 1600/3348, Loss: 0.0002
2025-10-09 15:51:34,798 [INFO] Época 17/30, Batch 1650/3348, Loss: 0.0003
2025-10-09 15:51:35,062 [INFO] Época 17/30, Batch 1700/3348, Loss: 0.0004
2025-10-09 15:51:35,327 [INFO] Época 17/30, Batch 1750/3348, Loss: 0.0002
2025-10-09 15:51:35,591 [INFO] Época 17/30, Batch 1800/3348, Loss: 0.0002
2025-10-09 15:51:35,854 [INFO] Época 17/30, Batch 1850/3348, Loss: 0.0002
2025-10-09 15:51:36,119 [INFO] Época 17/30, Batch 1900/3348, Loss: 0.0003
2025-10-09 15:51:36,381 [INFO] Época 17/30, Batch 1950/3348, Loss: 0.0002
2025-10-09 15:51:36,645 [INFO] Época 17/30, Batch 2000/3348, Loss: 0.0002
2025-10-09 15:51:36,911 [INFO] Época 17/30, Batch 2050/3348, Loss: 0.0003
2025-10-09 15:51:37,177 [INFO] Época 17/30, Batch 2100/3348, Loss: 0.0003
2025-10-09 15:51:37,445 [INFO] Época 17/30, Batch 2150/3348, Loss: 0.0003
2025-10-09 15:51:37,711 [INFO] Época 17/30, Batch 2200/3348, Loss: 0.0003
2025-10-09 15:51:37,978 [INFO] Época 17/30, Batch 2250/3348, Loss: 0.0002
2025-10-09 15:51:38,242 [INFO] Época 17/30, Batch 2300/3348, Loss: 0.0002
2025-10-09 15:51:38,508 [INFO] Época 17/30, Batch 2350/3348, Loss: 0.0002
2025-10-09 15:51:38,774 [INFO] Época 17/30, Batch 2400/3348, Loss: 0.0002
2025-10-09 15:51:39,039 [INFO] Época 17/30, Batch 2450/3348, Loss: 0.0002
2025-10-09 15:51:39,304 [INFO] Época 17/30, Batch 2500/3348, Loss: 0.0003
2025-10-09 15:51:39,569 [INFO] Época 17/30, Batch 2550/3348, Loss: 0.0002
2025-10-09 15:51:39,834 [INFO] Época 17/30, Batch 2600/3348, Loss: 0.0003
2025-10-09 15:51:40,099 [INFO] Época 17/30, Batch 2650/3348, Loss: 0.0004
2025-10-09 15:51:40,365 [INFO] Época 17/30, Batch 2700/3348, Loss: 0.0002
2025-10-09 15:51:40,627 [INFO] Época 17/30, Batch 2750/3348, Loss: 0.0002
2025-10-09 15:51:40,890 [INFO] Época 17/30, Batch 2800/3348, Loss: 0.0002
2025-10-09 15:51:41,152 [INFO] Época 17/30, Batch 2850/3348, Loss: 0.0002
2025-10-09 15:51:41,413 [INFO] Época 17/30, Batch 2900/3348, Loss: 0.0006
2025-10-09 15:51:41,675 [INFO] Época 17/30, Batch 2950/3348, Loss: 0.0004
2025-10-09 15:51:41,937 [INFO] Época 17/30, Batch 3000/3348, Loss: 0.0004
2025-10-09 15:51:42,198 [INFO] Época 17/30, Batch 3050/3348, Loss: 0.0002
2025-10-09 15:51:42,462 [INFO] Época 17/30, Batch 3100/3348, Loss: 0.0002
2025-10-09 15:51:42,723 [INFO] Época 17/30, Batch 3150/3348, Loss: 0.0003
2025-10-09 15:51:42,985 [INFO] Época 17/30, Batch 3200/3348, Loss: 0.0002
2025-10-09 15:51:43,243 [INFO] Época 17/30, Batch 3250/3348, Loss: 0.0003
2025-10-09 15:51:43,501 [INFO] Época 17/30, Batch 3300/3348, Loss: 0.0002
2025-10-09 15:51:45,180 [INFO] [17/30] Train Loss: 0.0047 | Val Loss: 0.0003 | Tempo: 19.30s
2025-10-09 15:51:45,660 [INFO] Época 18/30, Batch 50/3348, Loss: 0.0004
2025-10-09 15:51:45,937 [INFO] Época 18/30, Batch 100/3348, Loss: 0.0003
2025-10-09 15:51:46,212 [INFO] Época 18/30, Batch 150/3348, Loss: 0.0003
2025-10-09 15:51:46,485 [INFO] Época 18/30, Batch 200/3348, Loss: 0.0003
2025-10-09 15:51:46,758 [INFO] Época 18/30, Batch 250/3348, Loss: 0.0003
2025-10-09 15:51:47,032 [INFO] Época 18/30, Batch 300/3348, Loss: 0.0003
2025-10-09 15:51:47,305 [INFO] Época 18/30, Batch 350/3348, Loss: 0.0003
2025-10-09 15:51:47,578 [INFO] Época 18/30, Batch 400/3348, Loss: 0.0003
2025-10-09 15:51:47,850 [INFO] Época 18/30, Batch 450/3348, Loss: 0.0006
2025-10-09 15:51:48,118 [INFO] Época 18/30, Batch 500/3348, Loss: 0.0003
2025-10-09 15:51:48,390 [INFO] Época 18/30, Batch 550/3348, Loss: 0.0003
2025-10-09 15:51:48,660 [INFO] Época 18/30, Batch 600/3348, Loss: 0.0002
2025-10-09 15:51:48,932 [INFO] Época 18/30, Batch 650/3348, Loss: 0.0003
2025-10-09 15:51:49,198 [INFO] Época 18/30, Batch 700/3348, Loss: 0.0002
2025-10-09 15:51:49,459 [INFO] Época 18/30, Batch 750/3348, Loss: 0.0002
2025-10-09 15:51:49,719 [INFO] Época 18/30, Batch 800/3348, Loss: 0.0003
2025-10-09 15:51:49,979 [INFO] Época 18/30, Batch 850/3348, Loss: 0.0003
2025-10-09 15:51:50,239 [INFO] Época 18/30, Batch 900/3348, Loss: 0.0006
2025-10-09 15:51:50,500 [INFO] Época 18/30, Batch 950/3348, Loss: 0.0002
2025-10-09 15:51:50,761 [INFO] Época 18/30, Batch 1000/3348, Loss: 0.0003
2025-10-09 15:51:51,019 [INFO] Época 18/30, Batch 1050/3348, Loss: 0.0003
2025-10-09 15:51:51,280 [INFO] Época 18/30, Batch 1100/3348, Loss: 0.0001
2025-10-09 15:51:51,539 [INFO] Época 18/30, Batch 1150/3348, Loss: 0.0002
2025-10-09 15:51:51,800 [INFO] Época 18/30, Batch 1200/3348, Loss: 0.0021
2025-10-09 15:51:52,063 [INFO] Época 18/30, Batch 1250/3348, Loss: 0.0003
2025-10-09 15:51:52,330 [INFO] Época 18/30, Batch 1300/3348, Loss: 0.0002
2025-10-09 15:51:52,610 [INFO] Época 18/30, Batch 1350/3348, Loss: 0.0002
2025-10-09 15:51:52,881 [INFO] Época 18/30, Batch 1400/3348, Loss: 0.0002
2025-10-09 15:51:53,154 [INFO] Época 18/30, Batch 1450/3348, Loss: 0.0002
2025-10-09 15:51:53,425 [INFO] Época 18/30, Batch 1500/3348, Loss: 0.0003
2025-10-09 15:51:53,696 [INFO] Época 18/30, Batch 1550/3348, Loss: 0.0002
2025-10-09 15:51:53,969 [INFO] Época 18/30, Batch 1600/3348, Loss: 0.0002
2025-10-09 15:51:54,239 [INFO] Época 18/30, Batch 1650/3348, Loss: 0.0002
2025-10-09 15:51:54,510 [INFO] Época 18/30, Batch 1700/3348, Loss: 0.0002
2025-10-09 15:51:54,779 [INFO] Época 18/30, Batch 1750/3348, Loss: 0.0003
2025-10-09 15:51:55,049 [INFO] Época 18/30, Batch 1800/3348, Loss: 0.0003
2025-10-09 15:51:55,319 [INFO] Época 18/30, Batch 1850/3348, Loss: 0.0002
2025-10-09 15:51:55,589 [INFO] Época 18/30, Batch 1900/3348, Loss: 0.0003
2025-10-09 15:51:55,851 [INFO] Época 18/30, Batch 1950/3348, Loss: 0.0002
2025-10-09 15:51:56,111 [INFO] Época 18/30, Batch 2000/3348, Loss: 0.0002
2025-10-09 15:51:56,372 [INFO] Época 18/30, Batch 2050/3348, Loss: 0.0002
2025-10-09 15:51:56,633 [INFO] Época 18/30, Batch 2100/3348, Loss: 0.0002
2025-10-09 15:51:56,899 [INFO] Época 18/30, Batch 2150/3348, Loss: 0.0003
2025-10-09 15:51:57,168 [INFO] Época 18/30, Batch 2200/3348, Loss: 0.0003
2025-10-09 15:51:57,439 [INFO] Época 18/30, Batch 2250/3348, Loss: 0.0002
2025-10-09 15:51:57,708 [INFO] Época 18/30, Batch 2300/3348, Loss: 0.0002
2025-10-09 15:51:57,979 [INFO] Época 18/30, Batch 2350/3348, Loss: 0.0003
2025-10-09 15:51:58,247 [INFO] Época 18/30, Batch 2400/3348, Loss: 0.0002
2025-10-09 15:51:58,519 [INFO] Época 18/30, Batch 2450/3348, Loss: 0.0002
2025-10-09 15:51:58,787 [INFO] Época 18/30, Batch 2500/3348, Loss: 0.0002
2025-10-09 15:51:59,059 [INFO] Época 18/30, Batch 2550/3348, Loss: 0.0002
2025-10-09 15:51:59,330 [INFO] Época 18/30, Batch 2600/3348, Loss: 0.0003
2025-10-09 15:51:59,601 [INFO] Época 18/30, Batch 2650/3348, Loss: 0.0002
2025-10-09 15:51:59,873 [INFO] Época 18/30, Batch 2700/3348, Loss: 0.0002
2025-10-09 15:52:00,145 [INFO] Época 18/30, Batch 2750/3348, Loss: 0.0002
2025-10-09 15:52:00,414 [INFO] Época 18/30, Batch 2800/3348, Loss: 0.0005
2025-10-09 15:52:00,683 [INFO] Época 18/30, Batch 2850/3348, Loss: 0.0003
2025-10-09 15:52:00,944 [INFO] Época 18/30, Batch 2900/3348, Loss: 0.0002
2025-10-09 15:52:01,206 [INFO] Época 18/30, Batch 2950/3348, Loss: 0.0003
2025-10-09 15:52:01,476 [INFO] Época 18/30, Batch 3000/3348, Loss: 0.0003
2025-10-09 15:52:01,743 [INFO] Época 18/30, Batch 3050/3348, Loss: 0.0004
2025-10-09 15:52:02,005 [INFO] Época 18/30, Batch 3100/3348, Loss: 0.0002
2025-10-09 15:52:02,268 [INFO] Época 18/30, Batch 3150/3348, Loss: 0.0002
2025-10-09 15:52:02,531 [INFO] Época 18/30, Batch 3200/3348, Loss: 0.0002
2025-10-09 15:52:02,801 [INFO] Época 18/30, Batch 3250/3348, Loss: 0.0003
2025-10-09 15:52:03,065 [INFO] Época 18/30, Batch 3300/3348, Loss: 0.0002
2025-10-09 15:52:04,724 [INFO] [18/30] Train Loss: 0.0047 | Val Loss: 0.0003 | Tempo: 19.54s
2025-10-09 15:52:05,231 [INFO] Época 19/30, Batch 50/3348, Loss: 0.0002
2025-10-09 15:52:05,512 [INFO] Época 19/30, Batch 100/3348, Loss: 0.0002
2025-10-09 15:52:05,795 [INFO] Época 19/30, Batch 150/3348, Loss: 0.0003
2025-10-09 15:52:06,078 [INFO] Época 19/30, Batch 200/3348, Loss: 0.0002
2025-10-09 15:52:06,358 [INFO] Época 19/30, Batch 250/3348, Loss: 0.0002
2025-10-09 15:52:06,637 [INFO] Época 19/30, Batch 300/3348, Loss: 0.0002
2025-10-09 15:52:06,915 [INFO] Época 19/30, Batch 350/3348, Loss: 0.0002
2025-10-09 15:52:07,196 [INFO] Época 19/30, Batch 400/3348, Loss: 0.0002
2025-10-09 15:52:07,480 [INFO] Época 19/30, Batch 450/3348, Loss: 0.0002
2025-10-09 15:52:07,758 [INFO] Época 19/30, Batch 500/3348, Loss: 0.0002
2025-10-09 15:52:08,038 [INFO] Época 19/30, Batch 550/3348, Loss: 0.0002
2025-10-09 15:52:08,317 [INFO] Época 19/30, Batch 600/3348, Loss: 0.0003
2025-10-09 15:52:08,597 [INFO] Época 19/30, Batch 650/3348, Loss: 0.0002
2025-10-09 15:52:08,880 [INFO] Época 19/30, Batch 700/3348, Loss: 0.0002
2025-10-09 15:52:09,150 [INFO] Época 19/30, Batch 750/3348, Loss: 0.0003
2025-10-09 15:52:09,414 [INFO] Época 19/30, Batch 800/3348, Loss: 0.0003
2025-10-09 15:52:09,675 [INFO] Época 19/30, Batch 850/3348, Loss: 0.0002
2025-10-09 15:52:09,929 [INFO] Época 19/30, Batch 900/3348, Loss: 0.0003
2025-10-09 15:52:10,188 [INFO] Época 19/30, Batch 950/3348, Loss: 0.0002
2025-10-09 15:52:10,447 [INFO] Época 19/30, Batch 1000/3348, Loss: 0.0002
2025-10-09 15:52:10,722 [INFO] Época 19/30, Batch 1050/3348, Loss: 0.0002
2025-10-09 15:52:10,981 [INFO] Época 19/30, Batch 1100/3348, Loss: 0.0002
2025-10-09 15:52:11,241 [INFO] Época 19/30, Batch 1150/3348, Loss: 0.0003
2025-10-09 15:52:11,502 [INFO] Época 19/30, Batch 1200/3348, Loss: 0.0003
2025-10-09 15:52:11,762 [INFO] Época 19/30, Batch 1250/3348, Loss: 0.0003
2025-10-09 15:52:12,021 [INFO] Época 19/30, Batch 1300/3348, Loss: 0.0002
2025-10-09 15:52:12,279 [INFO] Época 19/30, Batch 1350/3348, Loss: 0.0001
2025-10-09 15:52:12,546 [INFO] Época 19/30, Batch 1400/3348, Loss: 0.0002
2025-10-09 15:52:12,825 [INFO] Época 19/30, Batch 1450/3348, Loss: 0.0002
2025-10-09 15:52:13,107 [INFO] Época 19/30, Batch 1500/3348, Loss: 0.0002
2025-10-09 15:52:13,385 [INFO] Época 19/30, Batch 1550/3348, Loss: 0.0002
2025-10-09 15:52:13,663 [INFO] Época 19/30, Batch 1600/3348, Loss: 0.0003
2025-10-09 15:52:13,920 [INFO] Época 19/30, Batch 1650/3348, Loss: 0.0004
2025-10-09 15:52:14,176 [INFO] Época 19/30, Batch 1700/3348, Loss: 0.0002
2025-10-09 15:52:14,431 [INFO] Época 19/30, Batch 1750/3348, Loss: 0.0002
2025-10-09 15:52:14,687 [INFO] Época 19/30, Batch 1800/3348, Loss: 0.0002
2025-10-09 15:52:14,943 [INFO] Época 19/30, Batch 1850/3348, Loss: 0.0003
2025-10-09 15:52:15,200 [INFO] Época 19/30, Batch 1900/3348, Loss: 0.0002
2025-10-09 15:52:15,454 [INFO] Época 19/30, Batch 1950/3348, Loss: 0.0003
2025-10-09 15:52:15,713 [INFO] Época 19/30, Batch 2000/3348, Loss: 0.0003
2025-10-09 15:52:15,971 [INFO] Época 19/30, Batch 2050/3348, Loss: 0.0003
2025-10-09 15:52:16,227 [INFO] Época 19/30, Batch 2100/3348, Loss: 0.0003
2025-10-09 15:52:16,483 [INFO] Época 19/30, Batch 2150/3348, Loss: 0.0002
2025-10-09 15:52:16,740 [INFO] Época 19/30, Batch 2200/3348, Loss: 0.0002
2025-10-09 15:52:16,997 [INFO] Época 19/30, Batch 2250/3348, Loss: 0.0003
2025-10-09 15:52:17,253 [INFO] Época 19/30, Batch 2300/3348, Loss: 0.0002
2025-10-09 15:52:17,507 [INFO] Época 19/30, Batch 2350/3348, Loss: 0.0002
2025-10-09 15:52:17,783 [INFO] Época 19/30, Batch 2400/3348, Loss: 0.0003
2025-10-09 15:52:18,061 [INFO] Época 19/30, Batch 2450/3348, Loss: 0.0002
2025-10-09 15:52:18,342 [INFO] Época 19/30, Batch 2500/3348, Loss: 0.0003
2025-10-09 15:52:18,620 [INFO] Época 19/30, Batch 2550/3348, Loss: 0.0002
2025-10-09 15:52:18,894 [INFO] Época 19/30, Batch 2600/3348, Loss: 0.0002
2025-10-09 15:52:19,149 [INFO] Época 19/30, Batch 2650/3348, Loss: 0.0002
2025-10-09 15:52:19,406 [INFO] Época 19/30, Batch 2700/3348, Loss: 0.0002
2025-10-09 15:52:19,668 [INFO] Época 19/30, Batch 2750/3348, Loss: 0.0002
2025-10-09 15:52:19,928 [INFO] Época 19/30, Batch 2800/3348, Loss: 0.0003
2025-10-09 15:52:20,186 [INFO] Época 19/30, Batch 2850/3348, Loss: 0.0002
2025-10-09 15:52:20,445 [INFO] Época 19/30, Batch 2900/3348, Loss: 0.0003
2025-10-09 15:52:20,703 [INFO] Época 19/30, Batch 2950/3348, Loss: 0.0003
2025-10-09 15:52:20,961 [INFO] Época 19/30, Batch 3000/3348, Loss: 0.0002
2025-10-09 15:52:21,223 [INFO] Época 19/30, Batch 3050/3348, Loss: 0.0003
2025-10-09 15:52:21,481 [INFO] Época 19/30, Batch 3100/3348, Loss: 0.0002
2025-10-09 15:52:21,755 [INFO] Época 19/30, Batch 3150/3348, Loss: 0.0004
2025-10-09 15:52:22,033 [INFO] Época 19/30, Batch 3200/3348, Loss: 0.0002
2025-10-09 15:52:22,310 [INFO] Época 19/30, Batch 3250/3348, Loss: 0.0002
2025-10-09 15:52:22,587 [INFO] Época 19/30, Batch 3300/3348, Loss: 0.0003
2025-10-09 15:52:24,285 [INFO] [19/30] Train Loss: 0.0047 | Val Loss: 0.0003 | Tempo: 19.56s
2025-10-09 15:52:24,782 [INFO] Época 20/30, Batch 50/3348, Loss: 0.0002
2025-10-09 15:52:25,045 [INFO] Época 20/30, Batch 100/3348, Loss: 0.0002
2025-10-09 15:52:25,300 [INFO] Época 20/30, Batch 150/3348, Loss: 0.0004
2025-10-09 15:52:25,557 [INFO] Época 20/30, Batch 200/3348, Loss: 0.0005
2025-10-09 15:52:25,813 [INFO] Época 20/30, Batch 250/3348, Loss: 0.0002
2025-10-09 15:52:26,067 [INFO] Época 20/30, Batch 300/3348, Loss: 0.0010
2025-10-09 15:52:26,320 [INFO] Época 20/30, Batch 350/3348, Loss: 0.0002
2025-10-09 15:52:26,573 [INFO] Época 20/30, Batch 400/3348, Loss: 0.0003
2025-10-09 15:52:26,829 [INFO] Época 20/30, Batch 450/3348, Loss: 0.0002
2025-10-09 15:52:27,087 [INFO] Época 20/30, Batch 500/3348, Loss: 0.0002
2025-10-09 15:52:27,345 [INFO] Época 20/30, Batch 550/3348, Loss: 0.0002
2025-10-09 15:52:27,603 [INFO] Época 20/30, Batch 600/3348, Loss: 0.0002
2025-10-09 15:52:27,862 [INFO] Época 20/30, Batch 650/3348, Loss: 0.0002
2025-10-09 15:52:28,121 [INFO] Época 20/30, Batch 700/3348, Loss: 0.0002
2025-10-09 15:52:28,384 [INFO] Época 20/30, Batch 750/3348, Loss: 0.0003
2025-10-09 15:52:28,646 [INFO] Época 20/30, Batch 800/3348, Loss: 0.0002
2025-10-09 15:52:28,909 [INFO] Época 20/30, Batch 850/3348, Loss: 0.0002
2025-10-09 15:52:29,169 [INFO] Época 20/30, Batch 900/3348, Loss: 0.0002
2025-10-09 15:52:29,428 [INFO] Época 20/30, Batch 950/3348, Loss: 0.0002
2025-10-09 15:52:29,688 [INFO] Época 20/30, Batch 1000/3348, Loss: 0.0004
2025-10-09 15:52:29,946 [INFO] Época 20/30, Batch 1050/3348, Loss: 0.0002
2025-10-09 15:52:30,205 [INFO] Época 20/30, Batch 1100/3348, Loss: 0.0003
2025-10-09 15:52:30,463 [INFO] Época 20/30, Batch 1150/3348, Loss: 0.0002
2025-10-09 15:52:30,719 [INFO] Época 20/30, Batch 1200/3348, Loss: 0.0002
2025-10-09 15:52:30,976 [INFO] Época 20/30, Batch 1250/3348, Loss: 0.0002
2025-10-09 15:52:31,236 [INFO] Época 20/30, Batch 1300/3348, Loss: 0.0002
2025-10-09 15:52:31,492 [INFO] Época 20/30, Batch 1350/3348, Loss: 0.0002
2025-10-09 15:52:31,750 [INFO] Época 20/30, Batch 1400/3348, Loss: 0.0003
2025-10-09 15:52:32,006 [INFO] Época 20/30, Batch 1450/3348, Loss: 0.0002
2025-10-09 15:52:32,263 [INFO] Época 20/30, Batch 1500/3348, Loss: 0.0002
2025-10-09 15:52:32,522 [INFO] Época 20/30, Batch 1550/3348, Loss: 0.0002
2025-10-09 15:52:32,784 [INFO] Época 20/30, Batch 1600/3348, Loss: 0.0002
2025-10-09 15:52:33,044 [INFO] Época 20/30, Batch 1650/3348, Loss: 0.0003
2025-10-09 15:52:33,300 [INFO] Época 20/30, Batch 1700/3348, Loss: 0.0003
2025-10-09 15:52:33,558 [INFO] Época 20/30, Batch 1750/3348, Loss: 0.0002
2025-10-09 15:52:33,814 [INFO] Época 20/30, Batch 1800/3348, Loss: 0.0002
2025-10-09 15:52:34,072 [INFO] Época 20/30, Batch 1850/3348, Loss: 0.0003
2025-10-09 15:52:34,328 [INFO] Época 20/30, Batch 1900/3348, Loss: 0.0003
2025-10-09 15:52:34,583 [INFO] Época 20/30, Batch 1950/3348, Loss: 0.0003
2025-10-09 15:52:34,844 [INFO] Época 20/30, Batch 2000/3348, Loss: 0.0002
2025-10-09 15:52:35,103 [INFO] Época 20/30, Batch 2050/3348, Loss: 0.0003
2025-10-09 15:52:35,361 [INFO] Época 20/30, Batch 2100/3348, Loss: 0.0002
2025-10-09 15:52:35,619 [INFO] Época 20/30, Batch 2150/3348, Loss: 0.0003
2025-10-09 15:52:35,876 [INFO] Época 20/30, Batch 2200/3348, Loss: 0.0008
2025-10-09 15:52:36,132 [INFO] Época 20/30, Batch 2250/3348, Loss: 0.0002
2025-10-09 15:52:36,390 [INFO] Época 20/30, Batch 2300/3348, Loss: 0.0003
2025-10-09 15:52:36,646 [INFO] Época 20/30, Batch 2350/3348, Loss: 0.0002
2025-10-09 15:52:36,904 [INFO] Época 20/30, Batch 2400/3348, Loss: 0.0002
2025-10-09 15:52:37,165 [INFO] Época 20/30, Batch 2450/3348, Loss: 0.0002
2025-10-09 15:52:37,426 [INFO] Época 20/30, Batch 2500/3348, Loss: 0.0002
2025-10-09 15:52:37,686 [INFO] Época 20/30, Batch 2550/3348, Loss: 0.0002
2025-10-09 15:52:37,951 [INFO] Época 20/30, Batch 2600/3348, Loss: 0.0002
2025-10-09 15:52:38,214 [INFO] Época 20/30, Batch 2650/3348, Loss: 0.0003
2025-10-09 15:52:38,476 [INFO] Época 20/30, Batch 2700/3348, Loss: 0.0002
2025-10-09 15:52:38,746 [INFO] Época 20/30, Batch 2750/3348, Loss: 0.0002
2025-10-09 15:52:39,023 [INFO] Época 20/30, Batch 2800/3348, Loss: 0.0004
2025-10-09 15:52:39,291 [INFO] Época 20/30, Batch 2850/3348, Loss: 0.0002
2025-10-09 15:52:39,560 [INFO] Época 20/30, Batch 2900/3348, Loss: 0.0002
2025-10-09 15:52:39,829 [INFO] Época 20/30, Batch 2950/3348, Loss: 0.0002
2025-10-09 15:52:40,099 [INFO] Época 20/30, Batch 3000/3348, Loss: 0.0002
2025-10-09 15:52:40,375 [INFO] Época 20/30, Batch 3050/3348, Loss: 0.0002
2025-10-09 15:52:40,647 [INFO] Época 20/30, Batch 3100/3348, Loss: 0.0002
2025-10-09 15:52:40,921 [INFO] Época 20/30, Batch 3150/3348, Loss: 0.0002
2025-10-09 15:52:41,193 [INFO] Época 20/30, Batch 3200/3348, Loss: 0.0002
2025-10-09 15:52:41,463 [INFO] Época 20/30, Batch 3250/3348, Loss: 0.0003
2025-10-09 15:52:41,735 [INFO] Época 20/30, Batch 3300/3348, Loss: 0.0003
2025-10-09 15:52:43,356 [INFO] [20/30] Train Loss: 0.0047 | Val Loss: 0.0003 | Tempo: 19.07s
2025-10-09 15:52:43,847 [INFO] Época 21/30, Batch 50/3348, Loss: 0.0002
2025-10-09 15:52:44,137 [INFO] Época 21/30, Batch 100/3348, Loss: 0.0003
2025-10-09 15:52:44,422 [INFO] Época 21/30, Batch 150/3348, Loss: 0.0002
2025-10-09 15:52:44,704 [INFO] Época 21/30, Batch 200/3348, Loss: 0.0002
2025-10-09 15:52:44,988 [INFO] Época 21/30, Batch 250/3348, Loss: 0.0002
2025-10-09 15:52:45,268 [INFO] Época 21/30, Batch 300/3348, Loss: 0.0002
2025-10-09 15:52:45,549 [INFO] Época 21/30, Batch 350/3348, Loss: 0.0002
2025-10-09 15:52:45,829 [INFO] Época 21/30, Batch 400/3348, Loss: 0.0002
2025-10-09 15:52:46,111 [INFO] Época 21/30, Batch 450/3348, Loss: 0.0002
2025-10-09 15:52:46,390 [INFO] Época 21/30, Batch 500/3348, Loss: 0.0002
2025-10-09 15:52:46,674 [INFO] Época 21/30, Batch 550/3348, Loss: 0.0003
2025-10-09 15:52:46,954 [INFO] Época 21/30, Batch 600/3348, Loss: 0.0003
2025-10-09 15:52:47,236 [INFO] Época 21/30, Batch 650/3348, Loss: 0.0002
2025-10-09 15:52:47,516 [INFO] Época 21/30, Batch 700/3348, Loss: 0.0003
2025-10-09 15:52:47,798 [INFO] Época 21/30, Batch 750/3348, Loss: 0.0004
2025-10-09 15:52:48,080 [INFO] Época 21/30, Batch 800/3348, Loss: 0.0003
2025-10-09 15:52:48,358 [INFO] Época 21/30, Batch 850/3348, Loss: 0.0003
2025-10-09 15:52:48,636 [INFO] Época 21/30, Batch 900/3348, Loss: 0.0004
2025-10-09 15:52:48,916 [INFO] Época 21/30, Batch 950/3348, Loss: 0.0002
2025-10-09 15:52:49,198 [INFO] Época 21/30, Batch 1000/3348, Loss: 0.0003
2025-10-09 15:52:49,480 [INFO] Época 21/30, Batch 1050/3348, Loss: 0.0002
2025-10-09 15:52:49,760 [INFO] Época 21/30, Batch 1100/3348, Loss: 0.0002
2025-10-09 15:52:50,042 [INFO] Época 21/30, Batch 1150/3348, Loss: 0.0003
2025-10-09 15:52:50,322 [INFO] Época 21/30, Batch 1200/3348, Loss: 0.0002
2025-10-09 15:52:50,601 [INFO] Época 21/30, Batch 1250/3348, Loss: 0.0002
2025-10-09 15:52:50,882 [INFO] Época 21/30, Batch 1300/3348, Loss: 0.0002
2025-10-09 15:52:51,162 [INFO] Época 21/30, Batch 1350/3348, Loss: 0.0003
2025-10-09 15:52:51,446 [INFO] Época 21/30, Batch 1400/3348, Loss: 0.0002
2025-10-09 15:52:51,726 [INFO] Época 21/30, Batch 1450/3348, Loss: 0.0002
2025-10-09 15:52:52,006 [INFO] Época 21/30, Batch 1500/3348, Loss: 0.0002
2025-10-09 15:52:52,288 [INFO] Época 21/30, Batch 1550/3348, Loss: 0.0003
2025-10-09 15:52:52,568 [INFO] Época 21/30, Batch 1600/3348, Loss: 0.0002
2025-10-09 15:52:52,848 [INFO] Época 21/30, Batch 1650/3348, Loss: 0.0002
2025-10-09 15:52:53,126 [INFO] Época 21/30, Batch 1700/3348, Loss: 0.0002
2025-10-09 15:52:53,410 [INFO] Época 21/30, Batch 1750/3348, Loss: 0.0003
2025-10-09 15:52:53,696 [INFO] Época 21/30, Batch 1800/3348, Loss: 0.0002
2025-10-09 15:52:53,980 [INFO] Época 21/30, Batch 1850/3348, Loss: 0.0003
2025-10-09 15:52:54,260 [INFO] Época 21/30, Batch 1900/3348, Loss: 0.0003
2025-10-09 15:52:54,541 [INFO] Época 21/30, Batch 1950/3348, Loss: 0.0002
2025-10-09 15:52:54,822 [INFO] Época 21/30, Batch 2000/3348, Loss: 0.0002
2025-10-09 15:52:55,104 [INFO] Época 21/30, Batch 2050/3348, Loss: 0.0003
2025-10-09 15:52:55,383 [INFO] Época 21/30, Batch 2100/3348, Loss: 0.0003
2025-10-09 15:52:55,663 [INFO] Época 21/30, Batch 2150/3348, Loss: 0.0002
2025-10-09 15:52:55,945 [INFO] Época 21/30, Batch 2200/3348, Loss: 0.0003
2025-10-09 15:52:56,223 [INFO] Época 21/30, Batch 2250/3348, Loss: 0.0002
2025-10-09 15:52:56,504 [INFO] Época 21/30, Batch 2300/3348, Loss: 0.0002
2025-10-09 15:52:56,785 [INFO] Época 21/30, Batch 2350/3348, Loss: 0.0003
2025-10-09 15:52:57,066 [INFO] Época 21/30, Batch 2400/3348, Loss: 0.0003
2025-10-09 15:52:57,349 [INFO] Época 21/30, Batch 2450/3348, Loss: 0.0002
2025-10-09 15:52:57,629 [INFO] Época 21/30, Batch 2500/3348, Loss: 0.0002
2025-10-09 15:52:57,910 [INFO] Época 21/30, Batch 2550/3348, Loss: 0.0002
2025-10-09 15:52:58,190 [INFO] Época 21/30, Batch 2600/3348, Loss: 0.0002
2025-10-09 15:52:58,469 [INFO] Época 21/30, Batch 2650/3348, Loss: 0.0003
2025-10-09 15:52:58,749 [INFO] Época 21/30, Batch 2700/3348, Loss: 0.0002
2025-10-09 15:52:59,031 [INFO] Época 21/30, Batch 2750/3348, Loss: 0.0004
2025-10-09 15:52:59,309 [INFO] Época 21/30, Batch 2800/3348, Loss: 0.0002
2025-10-09 15:52:59,591 [INFO] Época 21/30, Batch 2850/3348, Loss: 0.0003
2025-10-09 15:52:59,872 [INFO] Época 21/30, Batch 2900/3348, Loss: 0.0002
2025-10-09 15:53:00,152 [INFO] Época 21/30, Batch 2950/3348, Loss: 0.0003
2025-10-09 15:53:00,434 [INFO] Época 21/30, Batch 3000/3348, Loss: 0.0002
2025-10-09 15:53:00,714 [INFO] Época 21/30, Batch 3050/3348, Loss: 0.0003
2025-10-09 15:53:00,997 [INFO] Época 21/30, Batch 3100/3348, Loss: 0.0002
2025-10-09 15:53:01,280 [INFO] Época 21/30, Batch 3150/3348, Loss: 0.0002
2025-10-09 15:53:01,558 [INFO] Época 21/30, Batch 3200/3348, Loss: 0.0004
2025-10-09 15:53:01,838 [INFO] Época 21/30, Batch 3250/3348, Loss: 0.0003
2025-10-09 15:53:02,120 [INFO] Época 21/30, Batch 3300/3348, Loss: 0.0003
2025-10-09 15:53:03,745 [INFO] [21/30] Train Loss: 0.0047 | Val Loss: 0.0003 | Tempo: 20.39s
2025-10-09 15:53:04,252 [INFO] Época 22/30, Batch 50/3348, Loss: 0.0002
2025-10-09 15:53:04,538 [INFO] Época 22/30, Batch 100/3348, Loss: 0.0002
2025-10-09 15:53:04,822 [INFO] Época 22/30, Batch 150/3348, Loss: 0.0003
2025-10-09 15:53:05,098 [INFO] Época 22/30, Batch 200/3348, Loss: 0.0003
2025-10-09 15:53:05,364 [INFO] Época 22/30, Batch 250/3348, Loss: 0.0003
2025-10-09 15:53:05,629 [INFO] Época 22/30, Batch 300/3348, Loss: 0.0002
2025-10-09 15:53:05,894 [INFO] Época 22/30, Batch 350/3348, Loss: 0.0002
2025-10-09 15:53:06,164 [INFO] Época 22/30, Batch 400/3348, Loss: 0.0003
2025-10-09 15:53:06,450 [INFO] Época 22/30, Batch 450/3348, Loss: 0.0002
2025-10-09 15:53:06,718 [INFO] Época 22/30, Batch 500/3348, Loss: 0.0004
2025-10-09 15:53:06,981 [INFO] Época 22/30, Batch 550/3348, Loss: 0.0003
2025-10-09 15:53:07,264 [INFO] Época 22/30, Batch 600/3348, Loss: 0.0002
2025-10-09 15:53:07,549 [INFO] Época 22/30, Batch 650/3348, Loss: 0.0003
2025-10-09 15:53:07,832 [INFO] Época 22/30, Batch 700/3348, Loss: 0.0003
2025-10-09 15:53:08,092 [INFO] Época 22/30, Batch 750/3348, Loss: 0.0002
2025-10-09 15:53:08,352 [INFO] Época 22/30, Batch 800/3348, Loss: 0.0003
2025-10-09 15:53:08,615 [INFO] Época 22/30, Batch 850/3348, Loss: 0.0002
2025-10-09 15:53:08,879 [INFO] Época 22/30, Batch 900/3348, Loss: 0.0003
2025-10-09 15:53:09,141 [INFO] Época 22/30, Batch 950/3348, Loss: 0.0002
2025-10-09 15:53:09,400 [INFO] Época 22/30, Batch 1000/3348, Loss: 0.0002
2025-10-09 15:53:09,656 [INFO] Época 22/30, Batch 1050/3348, Loss: 0.0002
2025-10-09 15:53:09,913 [INFO] Época 22/30, Batch 1100/3348, Loss: 0.0002
2025-10-09 15:53:10,171 [INFO] Época 22/30, Batch 1150/3348, Loss: 0.0002
2025-10-09 15:53:10,430 [INFO] Época 22/30, Batch 1200/3348, Loss: 0.0002
2025-10-09 15:53:10,691 [INFO] Época 22/30, Batch 1250/3348, Loss: 0.0002
2025-10-09 15:53:10,952 [INFO] Época 22/30, Batch 1300/3348, Loss: 0.0003
2025-10-09 15:53:11,212 [INFO] Época 22/30, Batch 1350/3348, Loss: 0.0003
2025-10-09 15:53:11,469 [INFO] Época 22/30, Batch 1400/3348, Loss: 0.0003
2025-10-09 15:53:11,726 [INFO] Época 22/30, Batch 1450/3348, Loss: 0.0003
2025-10-09 15:53:11,984 [INFO] Época 22/30, Batch 1500/3348, Loss: 0.0003
2025-10-09 15:53:12,244 [INFO] Época 22/30, Batch 1550/3348, Loss: 0.0002
2025-10-09 15:53:12,503 [INFO] Época 22/30, Batch 1600/3348, Loss: 0.0002
2025-10-09 15:53:12,760 [INFO] Época 22/30, Batch 1650/3348, Loss: 0.0002
2025-10-09 15:53:13,020 [INFO] Época 22/30, Batch 1700/3348, Loss: 0.0002
2025-10-09 15:53:13,278 [INFO] Época 22/30, Batch 1750/3348, Loss: 0.0002
2025-10-09 15:53:13,536 [INFO] Época 22/30, Batch 1800/3348, Loss: 0.0003
2025-10-09 15:53:13,795 [INFO] Época 22/30, Batch 1850/3348, Loss: 0.0003
2025-10-09 15:53:14,055 [INFO] Época 22/30, Batch 1900/3348, Loss: 0.0002
2025-10-09 15:53:14,311 [INFO] Época 22/30, Batch 1950/3348, Loss: 0.0002
2025-10-09 15:53:14,568 [INFO] Época 22/30, Batch 2000/3348, Loss: 0.0003
2025-10-09 15:53:14,825 [INFO] Época 22/30, Batch 2050/3348, Loss: 0.0002
2025-10-09 15:53:15,083 [INFO] Época 22/30, Batch 2100/3348, Loss: 0.0002
2025-10-09 15:53:15,341 [INFO] Época 22/30, Batch 2150/3348, Loss: 0.0002
2025-10-09 15:53:15,598 [INFO] Época 22/30, Batch 2200/3348, Loss: 0.0002
2025-10-09 15:53:15,855 [INFO] Época 22/30, Batch 2250/3348, Loss: 0.0002
2025-10-09 15:53:16,112 [INFO] Época 22/30, Batch 2300/3348, Loss: 0.0005
2025-10-09 15:53:16,370 [INFO] Época 22/30, Batch 2350/3348, Loss: 0.0004
2025-10-09 15:53:16,626 [INFO] Época 22/30, Batch 2400/3348, Loss: 0.0003
2025-10-09 15:53:16,882 [INFO] Época 22/30, Batch 2450/3348, Loss: 0.0001
2025-10-09 15:53:17,138 [INFO] Época 22/30, Batch 2500/3348, Loss: 0.0004
2025-10-09 15:53:17,392 [INFO] Época 22/30, Batch 2550/3348, Loss: 0.0002
2025-10-09 15:53:17,649 [INFO] Época 22/30, Batch 2600/3348, Loss: 0.0003
2025-10-09 15:53:17,908 [INFO] Época 22/30, Batch 2650/3348, Loss: 0.0003
2025-10-09 15:53:18,168 [INFO] Época 22/30, Batch 2700/3348, Loss: 0.0003
2025-10-09 15:53:18,423 [INFO] Época 22/30, Batch 2750/3348, Loss: 0.0002
2025-10-09 15:53:18,681 [INFO] Época 22/30, Batch 2800/3348, Loss: 0.0002
2025-10-09 15:53:18,940 [INFO] Época 22/30, Batch 2850/3348, Loss: 0.0003
2025-10-09 15:53:19,198 [INFO] Época 22/30, Batch 2900/3348, Loss: 0.0003
2025-10-09 15:53:19,457 [INFO] Época 22/30, Batch 2950/3348, Loss: 0.0002
2025-10-09 15:53:19,713 [INFO] Época 22/30, Batch 3000/3348, Loss: 0.0002
2025-10-09 15:53:19,967 [INFO] Época 22/30, Batch 3050/3348, Loss: 0.0003
2025-10-09 15:53:20,224 [INFO] Época 22/30, Batch 3100/3348, Loss: 0.0003
2025-10-09 15:53:20,481 [INFO] Época 22/30, Batch 3150/3348, Loss: 0.0002
2025-10-09 15:53:20,737 [INFO] Época 22/30, Batch 3200/3348, Loss: 0.0002
2025-10-09 15:53:20,994 [INFO] Época 22/30, Batch 3250/3348, Loss: 0.0002
2025-10-09 15:53:21,253 [INFO] Época 22/30, Batch 3300/3348, Loss: 0.0002
2025-10-09 15:53:22,973 [INFO] [22/30] Train Loss: 0.0046 | Val Loss: 0.0003 | Tempo: 19.23s
2025-10-09 15:53:22,979 [INFO] Melhor modelo salvo em: /mnt/hdd/home/jdurao/ToolBox-ChemXAI/models/mlp_qm9_Topological_att0_large.pth
2025-10-09 15:53:23,476 [INFO] Época 23/30, Batch 50/3348, Loss: 0.0002
2025-10-09 15:53:23,747 [INFO] Época 23/30, Batch 100/3348, Loss: 0.0002
2025-10-09 15:53:24,016 [INFO] Época 23/30, Batch 150/3348, Loss: 0.0002
2025-10-09 15:53:24,281 [INFO] Época 23/30, Batch 200/3348, Loss: 0.0003
2025-10-09 15:53:24,547 [INFO] Época 23/30, Batch 250/3348, Loss: 0.0002
2025-10-09 15:53:24,811 [INFO] Época 23/30, Batch 300/3348, Loss: 0.0002
2025-10-09 15:53:25,076 [INFO] Época 23/30, Batch 350/3348, Loss: 0.0002
2025-10-09 15:53:25,341 [INFO] Época 23/30, Batch 400/3348, Loss: 0.0003
2025-10-09 15:53:25,604 [INFO] Época 23/30, Batch 450/3348, Loss: 0.0002
2025-10-09 15:53:25,871 [INFO] Época 23/30, Batch 500/3348, Loss: 0.0001
2025-10-09 15:53:26,139 [INFO] Época 23/30, Batch 550/3348, Loss: 0.0003
2025-10-09 15:53:26,409 [INFO] Época 23/30, Batch 600/3348, Loss: 0.0002
2025-10-09 15:53:26,675 [INFO] Época 23/30, Batch 650/3348, Loss: 0.0002
2025-10-09 15:53:26,942 [INFO] Época 23/30, Batch 700/3348, Loss: 0.0003
2025-10-09 15:53:27,207 [INFO] Época 23/30, Batch 750/3348, Loss: 0.0002
2025-10-09 15:53:27,475 [INFO] Época 23/30, Batch 800/3348, Loss: 0.0002
2025-10-09 15:53:27,742 [INFO] Época 23/30, Batch 850/3348, Loss: 0.0002
2025-10-09 15:53:28,008 [INFO] Época 23/30, Batch 900/3348, Loss: 0.0003
2025-10-09 15:53:28,274 [INFO] Época 23/30, Batch 950/3348, Loss: 0.0002
2025-10-09 15:53:28,533 [INFO] Época 23/30, Batch 1000/3348, Loss: 0.0002
2025-10-09 15:53:28,794 [INFO] Época 23/30, Batch 1050/3348, Loss: 0.0002
2025-10-09 15:53:29,054 [INFO] Época 23/30, Batch 1100/3348, Loss: 0.0002
2025-10-09 15:53:29,311 [INFO] Época 23/30, Batch 1150/3348, Loss: 0.0002
2025-10-09 15:53:29,567 [INFO] Época 23/30, Batch 1200/3348, Loss: 0.0003
2025-10-09 15:53:29,821 [INFO] Época 23/30, Batch 1250/3348, Loss: 0.0002
2025-10-09 15:53:30,084 [INFO] Época 23/30, Batch 1300/3348, Loss: 0.0004
2025-10-09 15:53:30,346 [INFO] Época 23/30, Batch 1350/3348, Loss: 0.0002
2025-10-09 15:53:30,606 [INFO] Época 23/30, Batch 1400/3348, Loss: 0.0002
2025-10-09 15:53:30,867 [INFO] Época 23/30, Batch 1450/3348, Loss: 0.0002
2025-10-09 15:53:31,127 [INFO] Época 23/30, Batch 1500/3348, Loss: 0.0002
2025-10-09 15:53:31,386 [INFO] Época 23/30, Batch 1550/3348, Loss: 0.0003
2025-10-09 15:53:31,646 [INFO] Época 23/30, Batch 1600/3348, Loss: 0.0003
2025-10-09 15:53:31,906 [INFO] Época 23/30, Batch 1650/3348, Loss: 0.0002
2025-10-09 15:53:32,165 [INFO] Época 23/30, Batch 1700/3348, Loss: 0.0002
2025-10-09 15:53:32,425 [INFO] Época 23/30, Batch 1750/3348, Loss: 0.0003
2025-10-09 15:53:32,685 [INFO] Época 23/30, Batch 1800/3348, Loss: 0.0003
2025-10-09 15:53:32,946 [INFO] Época 23/30, Batch 1850/3348, Loss: 0.0002
2025-10-09 15:53:33,207 [INFO] Época 23/30, Batch 1900/3348, Loss: 0.0002
2025-10-09 15:53:33,460 [INFO] Época 23/30, Batch 1950/3348, Loss: 0.0003
2025-10-09 15:53:33,712 [INFO] Época 23/30, Batch 2000/3348, Loss: 0.0003
2025-10-09 15:53:33,964 [INFO] Época 23/30, Batch 2050/3348, Loss: 0.0002
2025-10-09 15:53:34,216 [INFO] Época 23/30, Batch 2100/3348, Loss: 0.0003
2025-10-09 15:53:34,477 [INFO] Época 23/30, Batch 2150/3348, Loss: 0.0003
2025-10-09 15:53:34,728 [INFO] Época 23/30, Batch 2200/3348, Loss: 0.0002
2025-10-09 15:53:34,988 [INFO] Época 23/30, Batch 2250/3348, Loss: 0.0002
2025-10-09 15:53:35,269 [INFO] Época 23/30, Batch 2300/3348, Loss: 0.0003
2025-10-09 15:53:35,550 [INFO] Época 23/30, Batch 2350/3348, Loss: 0.0002
2025-10-09 15:53:35,832 [INFO] Época 23/30, Batch 2400/3348, Loss: 0.0002
2025-10-09 15:53:36,098 [INFO] Época 23/30, Batch 2450/3348, Loss: 0.0002
2025-10-09 15:53:36,359 [INFO] Época 23/30, Batch 2500/3348, Loss: 0.0002
2025-10-09 15:53:36,635 [INFO] Época 23/30, Batch 2550/3348, Loss: 0.0002
2025-10-09 15:53:36,916 [INFO] Época 23/30, Batch 2600/3348, Loss: 0.0001
2025-10-09 15:53:37,198 [INFO] Época 23/30, Batch 2650/3348, Loss: 0.0002
2025-10-09 15:53:37,479 [INFO] Época 23/30, Batch 2700/3348, Loss: 0.0002
2025-10-09 15:53:37,760 [INFO] Época 23/30, Batch 2750/3348, Loss: 0.0002
2025-10-09 15:53:38,042 [INFO] Época 23/30, Batch 2800/3348, Loss: 0.0003
2025-10-09 15:53:38,326 [INFO] Época 23/30, Batch 2850/3348, Loss: 0.0002
2025-10-09 15:53:38,604 [INFO] Época 23/30, Batch 2900/3348, Loss: 0.0003
2025-10-09 15:53:38,874 [INFO] Época 23/30, Batch 2950/3348, Loss: 0.0002
2025-10-09 15:53:39,136 [INFO] Época 23/30, Batch 3000/3348, Loss: 0.0002
2025-10-09 15:53:39,395 [INFO] Época 23/30, Batch 3050/3348, Loss: 0.0004
2025-10-09 15:53:39,655 [INFO] Época 23/30, Batch 3100/3348, Loss: 0.0002
2025-10-09 15:53:39,917 [INFO] Época 23/30, Batch 3150/3348, Loss: 0.0002
2025-10-09 15:53:40,176 [INFO] Época 23/30, Batch 3200/3348, Loss: 0.0002
2025-10-09 15:53:40,437 [INFO] Época 23/30, Batch 3250/3348, Loss: 0.0002
2025-10-09 15:53:40,697 [INFO] Época 23/30, Batch 3300/3348, Loss: 0.0003
2025-10-09 15:53:42,344 [INFO] [23/30] Train Loss: 0.0046 | Val Loss: 0.0003 | Tempo: 19.36s
2025-10-09 15:53:42,350 [INFO] Melhor modelo salvo em: /mnt/hdd/home/jdurao/ToolBox-ChemXAI/models/mlp_qm9_Topological_att0_large.pth
2025-10-09 15:53:42,812 [INFO] Época 24/30, Batch 50/3348, Loss: 0.0002
2025-10-09 15:53:43,097 [INFO] Época 24/30, Batch 100/3348, Loss: 0.0002
2025-10-09 15:53:43,383 [INFO] Época 24/30, Batch 150/3348, Loss: 0.0002
2025-10-09 15:53:43,678 [INFO] Época 24/30, Batch 200/3348, Loss: 0.0002
2025-10-09 15:53:43,965 [INFO] Época 24/30, Batch 250/3348, Loss: 0.0001
2025-10-09 15:53:44,228 [INFO] Época 24/30, Batch 300/3348, Loss: 0.0002
2025-10-09 15:53:44,491 [INFO] Época 24/30, Batch 350/3348, Loss: 0.0002
2025-10-09 15:53:44,753 [INFO] Época 24/30, Batch 400/3348, Loss: 0.0003
2025-10-09 15:53:45,015 [INFO] Época 24/30, Batch 450/3348, Loss: 0.0003
2025-10-09 15:53:45,277 [INFO] Época 24/30, Batch 500/3348, Loss: 0.0003
2025-10-09 15:53:45,540 [INFO] Época 24/30, Batch 550/3348, Loss: 0.0002
2025-10-09 15:53:45,823 [INFO] Época 24/30, Batch 600/3348, Loss: 0.0002
2025-10-09 15:53:46,119 [INFO] Época 24/30, Batch 650/3348, Loss: 0.0002
2025-10-09 15:53:46,404 [INFO] Época 24/30, Batch 700/3348, Loss: 0.0002
2025-10-09 15:53:46,685 [INFO] Época 24/30, Batch 750/3348, Loss: 0.0004
2025-10-09 15:53:46,966 [INFO] Época 24/30, Batch 800/3348, Loss: 0.0003
2025-10-09 15:53:47,245 [INFO] Época 24/30, Batch 850/3348, Loss: 0.0003
2025-10-09 15:53:47,528 [INFO] Época 24/30, Batch 900/3348, Loss: 0.0002
2025-10-09 15:53:47,809 [INFO] Época 24/30, Batch 950/3348, Loss: 0.0002
2025-10-09 15:53:48,097 [INFO] Época 24/30, Batch 1000/3348, Loss: 0.0002
2025-10-09 15:53:48,382 [INFO] Época 24/30, Batch 1050/3348, Loss: 0.0003
2025-10-09 15:53:48,663 [INFO] Época 24/30, Batch 1100/3348, Loss: 0.0002
2025-10-09 15:53:48,946 [INFO] Época 24/30, Batch 1150/3348, Loss: 0.0002
2025-10-09 15:53:49,228 [INFO] Época 24/30, Batch 1200/3348, Loss: 0.0002
2025-10-09 15:53:49,507 [INFO] Época 24/30, Batch 1250/3348, Loss: 0.0002
2025-10-09 15:53:49,790 [INFO] Época 24/30, Batch 1300/3348, Loss: 0.0002
2025-10-09 15:53:50,071 [INFO] Época 24/30, Batch 1350/3348, Loss: 0.0003
2025-10-09 15:53:50,356 [INFO] Época 24/30, Batch 1400/3348, Loss: 0.0002
2025-10-09 15:53:50,625 [INFO] Época 24/30, Batch 1450/3348, Loss: 0.0024
2025-10-09 15:53:50,887 [INFO] Época 24/30, Batch 1500/3348, Loss: 0.0002
2025-10-09 15:53:51,150 [INFO] Época 24/30, Batch 1550/3348, Loss: 0.0003
2025-10-09 15:53:51,427 [INFO] Época 24/30, Batch 1600/3348, Loss: 0.0002
2025-10-09 15:53:51,710 [INFO] Época 24/30, Batch 1650/3348, Loss: 0.0002
2025-10-09 15:53:51,977 [INFO] Época 24/30, Batch 1700/3348, Loss: 0.0003
2025-10-09 15:53:52,240 [INFO] Época 24/30, Batch 1750/3348, Loss: 0.0002
2025-10-09 15:53:52,503 [INFO] Época 24/30, Batch 1800/3348, Loss: 0.0002
2025-10-09 15:53:52,771 [INFO] Época 24/30, Batch 1850/3348, Loss: 0.0002
2025-10-09 15:53:53,053 [INFO] Época 24/30, Batch 1900/3348, Loss: 0.0002
2025-10-09 15:53:53,335 [INFO] Época 24/30, Batch 1950/3348, Loss: 0.0002
2025-10-09 15:53:53,613 [INFO] Época 24/30, Batch 2000/3348, Loss: 0.0002
2025-10-09 15:53:53,878 [INFO] Época 24/30, Batch 2050/3348, Loss: 0.0002
2025-10-09 15:53:54,144 [INFO] Época 24/30, Batch 2100/3348, Loss: 0.0002
2025-10-09 15:53:54,411 [INFO] Época 24/30, Batch 2150/3348, Loss: 0.0002
2025-10-09 15:53:54,674 [INFO] Época 24/30, Batch 2200/3348, Loss: 0.0003
2025-10-09 15:53:54,936 [INFO] Época 24/30, Batch 2250/3348, Loss: 0.0003
2025-10-09 15:53:55,200 [INFO] Época 24/30, Batch 2300/3348, Loss: 0.0002
2025-10-09 15:53:55,466 [INFO] Época 24/30, Batch 2350/3348, Loss: 0.0002
2025-10-09 15:53:55,731 [INFO] Época 24/30, Batch 2400/3348, Loss: 0.0002
2025-10-09 15:53:55,994 [INFO] Época 24/30, Batch 2450/3348, Loss: 0.0002
2025-10-09 15:53:56,254 [INFO] Época 24/30, Batch 2500/3348, Loss: 0.0003
2025-10-09 15:53:56,515 [INFO] Época 24/30, Batch 2550/3348, Loss: 0.0002
2025-10-09 15:53:56,793 [INFO] Época 24/30, Batch 2600/3348, Loss: 0.0002
2025-10-09 15:53:57,059 [INFO] Época 24/30, Batch 2650/3348, Loss: 0.0002
2025-10-09 15:53:57,322 [INFO] Época 24/30, Batch 2700/3348, Loss: 0.0003
2025-10-09 15:53:57,585 [INFO] Época 24/30, Batch 2750/3348, Loss: 0.0002
2025-10-09 15:53:57,856 [INFO] Época 24/30, Batch 2800/3348, Loss: 0.0002
2025-10-09 15:53:58,139 [INFO] Época 24/30, Batch 2850/3348, Loss: 0.0002
2025-10-09 15:53:58,416 [INFO] Época 24/30, Batch 2900/3348, Loss: 0.0002
2025-10-09 15:53:58,684 [INFO] Época 24/30, Batch 2950/3348, Loss: 0.0001
2025-10-09 15:53:58,965 [INFO] Época 24/30, Batch 3000/3348, Loss: 0.0002
2025-10-09 15:53:59,246 [INFO] Época 24/30, Batch 3050/3348, Loss: 0.0002
2025-10-09 15:53:59,526 [INFO] Época 24/30, Batch 3100/3348, Loss: 0.0002
2025-10-09 15:53:59,805 [INFO] Época 24/30, Batch 3150/3348, Loss: 0.0002
2025-10-09 15:54:00,087 [INFO] Época 24/30, Batch 3200/3348, Loss: 0.0003
2025-10-09 15:54:00,368 [INFO] Época 24/30, Batch 3250/3348, Loss: 0.0002
2025-10-09 15:54:00,631 [INFO] Época 24/30, Batch 3300/3348, Loss: 0.0002
2025-10-09 15:54:02,284 [INFO] [24/30] Train Loss: 0.0046 | Val Loss: 0.0003 | Tempo: 19.93s
2025-10-09 15:54:02,766 [INFO] Época 25/30, Batch 50/3348, Loss: 0.0002
2025-10-09 15:54:03,041 [INFO] Época 25/30, Batch 100/3348, Loss: 0.0002
2025-10-09 15:54:03,317 [INFO] Época 25/30, Batch 150/3348, Loss: 0.0002
2025-10-09 15:54:03,600 [INFO] Época 25/30, Batch 200/3348, Loss: 0.0003
2025-10-09 15:54:03,880 [INFO] Época 25/30, Batch 250/3348, Loss: 0.0002
2025-10-09 15:54:04,161 [INFO] Época 25/30, Batch 300/3348, Loss: 0.0002
2025-10-09 15:54:04,439 [INFO] Época 25/30, Batch 350/3348, Loss: 0.0003
2025-10-09 15:54:04,716 [INFO] Época 25/30, Batch 400/3348, Loss: 0.0002
2025-10-09 15:54:04,994 [INFO] Época 25/30, Batch 450/3348, Loss: 0.0002
2025-10-09 15:54:05,272 [INFO] Época 25/30, Batch 500/3348, Loss: 0.0003
2025-10-09 15:54:05,549 [INFO] Época 25/30, Batch 550/3348, Loss: 0.0001
2025-10-09 15:54:05,826 [INFO] Época 25/30, Batch 600/3348, Loss: 0.0002
2025-10-09 15:54:06,101 [INFO] Época 25/30, Batch 650/3348, Loss: 0.0002
2025-10-09 15:54:06,375 [INFO] Época 25/30, Batch 700/3348, Loss: 0.0002
2025-10-09 15:54:06,647 [INFO] Época 25/30, Batch 750/3348, Loss: 0.0002
2025-10-09 15:54:06,921 [INFO] Época 25/30, Batch 800/3348, Loss: 0.0002
2025-10-09 15:54:07,213 [INFO] Época 25/30, Batch 850/3348, Loss: 0.0002
2025-10-09 15:54:07,512 [INFO] Época 25/30, Batch 900/3348, Loss: 0.0003
2025-10-09 15:54:07,782 [INFO] Época 25/30, Batch 950/3348, Loss: 0.0002
2025-10-09 15:54:08,033 [INFO] Época 25/30, Batch 1000/3348, Loss: 0.0002
2025-10-09 15:54:08,284 [INFO] Época 25/30, Batch 1050/3348, Loss: 0.0003
2025-10-09 15:54:08,541 [INFO] Época 25/30, Batch 1100/3348, Loss: 0.0003
2025-10-09 15:54:08,799 [INFO] Época 25/30, Batch 1150/3348, Loss: 0.0002
2025-10-09 15:54:09,058 [INFO] Época 25/30, Batch 1200/3348, Loss: 0.0003
2025-10-09 15:54:09,317 [INFO] Época 25/30, Batch 1250/3348, Loss: 0.0003
2025-10-09 15:54:09,574 [INFO] Época 25/30, Batch 1300/3348, Loss: 0.0002
2025-10-09 15:54:09,834 [INFO] Época 25/30, Batch 1350/3348, Loss: 0.0002
2025-10-09 15:54:10,093 [INFO] Época 25/30, Batch 1400/3348, Loss: 0.0003
2025-10-09 15:54:10,354 [INFO] Época 25/30, Batch 1450/3348, Loss: 0.0002
2025-10-09 15:54:10,614 [INFO] Época 25/30, Batch 1500/3348, Loss: 0.0002
2025-10-09 15:54:10,874 [INFO] Época 25/30, Batch 1550/3348, Loss: 0.0002
2025-10-09 15:54:11,146 [INFO] Época 25/30, Batch 1600/3348, Loss: 0.0003
2025-10-09 15:54:11,423 [INFO] Época 25/30, Batch 1650/3348, Loss: 0.0002
2025-10-09 15:54:11,703 [INFO] Época 25/30, Batch 1700/3348, Loss: 0.0002
2025-10-09 15:54:11,979 [INFO] Época 25/30, Batch 1750/3348, Loss: 0.0022
2025-10-09 15:54:12,261 [INFO] Época 25/30, Batch 1800/3348, Loss: 0.0002
2025-10-09 15:54:12,548 [INFO] Época 25/30, Batch 1850/3348, Loss: 0.0002
2025-10-09 15:54:12,832 [INFO] Época 25/30, Batch 1900/3348, Loss: 0.0002
2025-10-09 15:54:13,119 [INFO] Época 25/30, Batch 1950/3348, Loss: 0.0003
2025-10-09 15:54:13,405 [INFO] Época 25/30, Batch 2000/3348, Loss: 0.0003
2025-10-09 15:54:13,691 [INFO] Época 25/30, Batch 2050/3348, Loss: 0.0002
2025-10-09 15:54:13,974 [INFO] Época 25/30, Batch 2100/3348, Loss: 0.0002
2025-10-09 15:54:14,262 [INFO] Época 25/30, Batch 2150/3348, Loss: 0.0010
2025-10-09 15:54:14,560 [INFO] Época 25/30, Batch 2200/3348, Loss: 0.0002
2025-10-09 15:54:14,845 [INFO] Época 25/30, Batch 2250/3348, Loss: 0.0002
2025-10-09 15:54:15,130 [INFO] Época 25/30, Batch 2300/3348, Loss: 0.0002
2025-10-09 15:54:15,414 [INFO] Época 25/30, Batch 2350/3348, Loss: 0.0002
2025-10-09 15:54:15,694 [INFO] Época 25/30, Batch 2400/3348, Loss: 0.0002
2025-10-09 15:54:15,972 [INFO] Época 25/30, Batch 2450/3348, Loss: 0.0002
2025-10-09 15:54:16,246 [INFO] Época 25/30, Batch 2500/3348, Loss: 0.0002
2025-10-09 15:54:16,505 [INFO] Época 25/30, Batch 2550/3348, Loss: 0.0002
2025-10-09 15:54:16,766 [INFO] Época 25/30, Batch 2600/3348, Loss: 0.0003
2025-10-09 15:54:17,024 [INFO] Época 25/30, Batch 2650/3348, Loss: 0.0002
2025-10-09 15:54:17,283 [INFO] Época 25/30, Batch 2700/3348, Loss: 0.0002
2025-10-09 15:54:17,553 [INFO] Época 25/30, Batch 2750/3348, Loss: 0.0003
2025-10-09 15:54:17,815 [INFO] Época 25/30, Batch 2800/3348, Loss: 0.0002
2025-10-09 15:54:18,074 [INFO] Época 25/30, Batch 2850/3348, Loss: 0.0002
2025-10-09 15:54:18,333 [INFO] Época 25/30, Batch 2900/3348, Loss: 0.0002
2025-10-09 15:54:18,592 [INFO] Época 25/30, Batch 2950/3348, Loss: 0.0002
2025-10-09 15:54:18,854 [INFO] Época 25/30, Batch 3000/3348, Loss: 0.0002
2025-10-09 15:54:19,126 [INFO] Época 25/30, Batch 3050/3348, Loss: 0.0002
2025-10-09 15:54:19,435 [INFO] Época 25/30, Batch 3100/3348, Loss: 0.0002
2025-10-09 15:54:19,740 [INFO] Época 25/30, Batch 3150/3348, Loss: 0.0003
2025-10-09 15:54:20,046 [INFO] Época 25/30, Batch 3200/3348, Loss: 0.0002
2025-10-09 15:54:20,357 [INFO] Época 25/30, Batch 3250/3348, Loss: 0.0003
2025-10-09 15:54:20,647 [INFO] Época 25/30, Batch 3300/3348, Loss: 0.0002
2025-10-09 15:54:22,358 [INFO] [25/30] Train Loss: 0.0046 | Val Loss: 0.0003 | Tempo: 20.07s
2025-10-09 15:54:22,840 [INFO] Época 26/30, Batch 50/3348, Loss: 0.0001
2025-10-09 15:54:23,111 [INFO] Época 26/30, Batch 100/3348, Loss: 0.0003
2025-10-09 15:54:23,382 [INFO] Época 26/30, Batch 150/3348, Loss: 0.0002
2025-10-09 15:54:23,654 [INFO] Época 26/30, Batch 200/3348, Loss: 0.0001
2025-10-09 15:54:23,922 [INFO] Época 26/30, Batch 250/3348, Loss: 0.0020
2025-10-09 15:54:24,193 [INFO] Época 26/30, Batch 300/3348, Loss: 0.0003
2025-10-09 15:54:24,461 [INFO] Época 26/30, Batch 350/3348, Loss: 0.0003
2025-10-09 15:54:24,732 [INFO] Época 26/30, Batch 400/3348, Loss: 0.0002
2025-10-09 15:54:25,000 [INFO] Época 26/30, Batch 450/3348, Loss: 0.0002
2025-10-09 15:54:25,268 [INFO] Época 26/30, Batch 500/3348, Loss: 0.0002
2025-10-09 15:54:25,535 [INFO] Época 26/30, Batch 550/3348, Loss: 0.0002
2025-10-09 15:54:25,800 [INFO] Época 26/30, Batch 600/3348, Loss: 0.0002
2025-10-09 15:54:26,067 [INFO] Época 26/30, Batch 650/3348, Loss: 0.0002
2025-10-09 15:54:26,336 [INFO] Época 26/30, Batch 700/3348, Loss: 0.0002
2025-10-09 15:54:26,600 [INFO] Época 26/30, Batch 750/3348, Loss: 0.0002
2025-10-09 15:54:26,856 [INFO] Época 26/30, Batch 800/3348, Loss: 0.0002
2025-10-09 15:54:27,113 [INFO] Época 26/30, Batch 850/3348, Loss: 0.0003
2025-10-09 15:54:27,373 [INFO] Época 26/30, Batch 900/3348, Loss: 0.0002
2025-10-09 15:54:27,636 [INFO] Época 26/30, Batch 950/3348, Loss: 0.0003
2025-10-09 15:54:27,896 [INFO] Época 26/30, Batch 1000/3348, Loss: 0.0003
2025-10-09 15:54:28,150 [INFO] Época 26/30, Batch 1050/3348, Loss: 0.0003
2025-10-09 15:54:28,404 [INFO] Época 26/30, Batch 1100/3348, Loss: 0.0003
2025-10-09 15:54:28,660 [INFO] Época 26/30, Batch 1150/3348, Loss: 0.0002
2025-10-09 15:54:28,916 [INFO] Época 26/30, Batch 1200/3348, Loss: 0.0002
2025-10-09 15:54:29,173 [INFO] Época 26/30, Batch 1250/3348, Loss: 0.0002
2025-10-09 15:54:29,439 [INFO] Época 26/30, Batch 1300/3348, Loss: 0.0003
2025-10-09 15:54:29,705 [INFO] Época 26/30, Batch 1350/3348, Loss: 0.0003
2025-10-09 15:54:29,969 [INFO] Época 26/30, Batch 1400/3348, Loss: 0.0002
2025-10-09 15:54:30,239 [INFO] Época 26/30, Batch 1450/3348, Loss: 0.0004
2025-10-09 15:54:30,518 [INFO] Época 26/30, Batch 1500/3348, Loss: 0.0003
2025-10-09 15:54:30,792 [INFO] Época 26/30, Batch 1550/3348, Loss: 0.0002
2025-10-09 15:54:31,062 [INFO] Época 26/30, Batch 1600/3348, Loss: 0.0002
2025-10-09 15:54:31,330 [INFO] Época 26/30, Batch 1650/3348, Loss: 0.0002
2025-10-09 15:54:31,599 [INFO] Época 26/30, Batch 1700/3348, Loss: 0.0002
2025-10-09 15:54:31,876 [INFO] Época 26/30, Batch 1750/3348, Loss: 0.0002
2025-10-09 15:54:32,153 [INFO] Época 26/30, Batch 1800/3348, Loss: 0.0002
2025-10-09 15:54:32,428 [INFO] Época 26/30, Batch 1850/3348, Loss: 0.0002
2025-10-09 15:54:32,706 [INFO] Época 26/30, Batch 1900/3348, Loss: 0.0002
2025-10-09 15:54:32,979 [INFO] Época 26/30, Batch 1950/3348, Loss: 0.0003
2025-10-09 15:54:33,259 [INFO] Época 26/30, Batch 2000/3348, Loss: 0.0002
2025-10-09 15:54:33,537 [INFO] Época 26/30, Batch 2050/3348, Loss: 0.0002
2025-10-09 15:54:33,816 [INFO] Época 26/30, Batch 2100/3348, Loss: 0.0002
2025-10-09 15:54:34,094 [INFO] Época 26/30, Batch 2150/3348, Loss: 0.0002
2025-10-09 15:54:34,372 [INFO] Época 26/30, Batch 2200/3348, Loss: 0.0003
2025-10-09 15:54:34,651 [INFO] Época 26/30, Batch 2250/3348, Loss: 0.0002
2025-10-09 15:54:34,926 [INFO] Época 26/30, Batch 2300/3348, Loss: 0.0003
2025-10-09 15:54:35,195 [INFO] Época 26/30, Batch 2350/3348, Loss: 0.0002
2025-10-09 15:54:35,471 [INFO] Época 26/30, Batch 2400/3348, Loss: 0.0004
2025-10-09 15:54:35,747 [INFO] Época 26/30, Batch 2450/3348, Loss: 0.0002
2025-10-09 15:54:36,027 [INFO] Época 26/30, Batch 2500/3348, Loss: 0.0003
2025-10-09 15:54:36,294 [INFO] Época 26/30, Batch 2550/3348, Loss: 0.0003
2025-10-09 15:54:36,565 [INFO] Época 26/30, Batch 2600/3348, Loss: 0.0002
2025-10-09 15:54:36,833 [INFO] Época 26/30, Batch 2650/3348, Loss: 0.0003
2025-10-09 15:54:37,101 [INFO] Época 26/30, Batch 2700/3348, Loss: 0.0002
2025-10-09 15:54:37,368 [INFO] Época 26/30, Batch 2750/3348, Loss: 0.0003
2025-10-09 15:54:37,639 [INFO] Época 26/30, Batch 2800/3348, Loss: 0.0003
2025-10-09 15:54:37,909 [INFO] Época 26/30, Batch 2850/3348, Loss: 0.0002
2025-10-09 15:54:38,178 [INFO] Época 26/30, Batch 2900/3348, Loss: 0.0002
2025-10-09 15:54:38,451 [INFO] Época 26/30, Batch 2950/3348, Loss: 0.0002
2025-10-09 15:54:38,729 [INFO] Época 26/30, Batch 3000/3348, Loss: 0.0003
2025-10-09 15:54:39,003 [INFO] Época 26/30, Batch 3050/3348, Loss: 0.0002
2025-10-09 15:54:39,278 [INFO] Época 26/30, Batch 3100/3348, Loss: 0.0004
2025-10-09 15:54:39,553 [INFO] Época 26/30, Batch 3150/3348, Loss: 0.0002
2025-10-09 15:54:39,829 [INFO] Época 26/30, Batch 3200/3348, Loss: 0.0002
2025-10-09 15:54:40,107 [INFO] Época 26/30, Batch 3250/3348, Loss: 0.0002
2025-10-09 15:54:40,383 [INFO] Época 26/30, Batch 3300/3348, Loss: 0.0002
2025-10-09 15:54:41,996 [INFO] [26/30] Train Loss: 0.0046 | Val Loss: 0.0003 | Tempo: 19.64s
2025-10-09 15:54:42,453 [INFO] Época 27/30, Batch 50/3348, Loss: 0.0002
2025-10-09 15:54:42,723 [INFO] Época 27/30, Batch 100/3348, Loss: 0.0001
2025-10-09 15:54:42,991 [INFO] Época 27/30, Batch 150/3348, Loss: 0.0002
2025-10-09 15:54:43,260 [INFO] Época 27/30, Batch 200/3348, Loss: 0.0002
2025-10-09 15:54:43,526 [INFO] Época 27/30, Batch 250/3348, Loss: 0.0002
2025-10-09 15:54:43,789 [INFO] Época 27/30, Batch 300/3348, Loss: 0.0003
2025-10-09 15:54:44,050 [INFO] Época 27/30, Batch 350/3348, Loss: 0.0002
2025-10-09 15:54:44,310 [INFO] Época 27/30, Batch 400/3348, Loss: 0.0002
2025-10-09 15:54:44,573 [INFO] Época 27/30, Batch 450/3348, Loss: 0.0003
2025-10-09 15:54:44,837 [INFO] Época 27/30, Batch 500/3348, Loss: 0.0002
2025-10-09 15:54:45,097 [INFO] Época 27/30, Batch 550/3348, Loss: 0.0002
2025-10-09 15:54:45,355 [INFO] Época 27/30, Batch 600/3348, Loss: 0.0002
2025-10-09 15:54:45,620 [INFO] Época 27/30, Batch 650/3348, Loss: 0.0002
2025-10-09 15:54:45,888 [INFO] Época 27/30, Batch 700/3348, Loss: 0.0002
2025-10-09 15:54:46,152 [INFO] Época 27/30, Batch 750/3348, Loss: 0.0003
2025-10-09 15:54:46,416 [INFO] Época 27/30, Batch 800/3348, Loss: 0.0002
2025-10-09 15:54:46,679 [INFO] Época 27/30, Batch 850/3348, Loss: 0.0002
2025-10-09 15:54:46,935 [INFO] Época 27/30, Batch 900/3348, Loss: 0.0002
2025-10-09 15:54:47,190 [INFO] Época 27/30, Batch 950/3348, Loss: 0.0003
2025-10-09 15:54:47,448 [INFO] Época 27/30, Batch 1000/3348, Loss: 0.0002
2025-10-09 15:54:47,706 [INFO] Época 27/30, Batch 1050/3348, Loss: 0.0002
2025-10-09 15:54:47,960 [INFO] Época 27/30, Batch 1100/3348, Loss: 0.0002
2025-10-09 15:54:48,213 [INFO] Época 27/30, Batch 1150/3348, Loss: 0.0002
2025-10-09 15:54:48,475 [INFO] Época 27/30, Batch 1200/3348, Loss: 0.0003
2025-10-09 15:54:48,737 [INFO] Época 27/30, Batch 1250/3348, Loss: 0.0003
2025-10-09 15:54:48,997 [INFO] Época 27/30, Batch 1300/3348, Loss: 0.0002
2025-10-09 15:54:49,259 [INFO] Época 27/30, Batch 1350/3348, Loss: 0.0002
2025-10-09 15:54:49,522 [INFO] Época 27/30, Batch 1400/3348, Loss: 0.0002
2025-10-09 15:54:49,788 [INFO] Época 27/30, Batch 1450/3348, Loss: 0.0002
2025-10-09 15:54:50,052 [INFO] Época 27/30, Batch 1500/3348, Loss: 0.0002
2025-10-09 15:54:50,316 [INFO] Época 27/30, Batch 1550/3348, Loss: 0.0003
2025-10-09 15:54:50,579 [INFO] Época 27/30, Batch 1600/3348, Loss: 0.0002
2025-10-09 15:54:50,843 [INFO] Época 27/30, Batch 1650/3348, Loss: 0.0003
2025-10-09 15:54:51,104 [INFO] Época 27/30, Batch 1700/3348, Loss: 0.0002
2025-10-09 15:54:51,367 [INFO] Época 27/30, Batch 1750/3348, Loss: 0.0002
2025-10-09 15:54:51,630 [INFO] Época 27/30, Batch 1800/3348, Loss: 0.0003
2025-10-09 15:54:51,891 [INFO] Época 27/30, Batch 1850/3348, Loss: 0.0003
2025-10-09 15:54:52,152 [INFO] Época 27/30, Batch 1900/3348, Loss: 0.0001
2025-10-09 15:54:52,411 [INFO] Época 27/30, Batch 1950/3348, Loss: 0.0002
2025-10-09 15:54:52,679 [INFO] Época 27/30, Batch 2000/3348, Loss: 0.0002
2025-10-09 15:54:52,940 [INFO] Época 27/30, Batch 2050/3348, Loss: 0.0002
2025-10-09 15:54:53,201 [INFO] Época 27/30, Batch 2100/3348, Loss: 0.0003
2025-10-09 15:54:53,462 [INFO] Época 27/30, Batch 2150/3348, Loss: 0.0003
2025-10-09 15:54:53,723 [INFO] Época 27/30, Batch 2200/3348, Loss: 0.0002
2025-10-09 15:54:53,985 [INFO] Época 27/30, Batch 2250/3348, Loss: 0.0002
2025-10-09 15:54:54,251 [INFO] Época 27/30, Batch 2300/3348, Loss: 0.0002
2025-10-09 15:54:54,512 [INFO] Época 27/30, Batch 2350/3348, Loss: 0.0002
2025-10-09 15:54:54,773 [INFO] Época 27/30, Batch 2400/3348, Loss: 0.0002
2025-10-09 15:54:55,032 [INFO] Época 27/30, Batch 2450/3348, Loss: 0.0002
2025-10-09 15:54:55,291 [INFO] Época 27/30, Batch 2500/3348, Loss: 0.0003
2025-10-09 15:54:55,553 [INFO] Época 27/30, Batch 2550/3348, Loss: 0.0002
2025-10-09 15:54:55,813 [INFO] Época 27/30, Batch 2600/3348, Loss: 0.0002
2025-10-09 15:54:56,075 [INFO] Época 27/30, Batch 2650/3348, Loss: 0.0002
2025-10-09 15:54:56,335 [INFO] Época 27/30, Batch 2700/3348, Loss: 0.0002
2025-10-09 15:54:56,595 [INFO] Época 27/30, Batch 2750/3348, Loss: 0.0003
2025-10-09 15:54:56,858 [INFO] Época 27/30, Batch 2800/3348, Loss: 0.0003
2025-10-09 15:54:57,119 [INFO] Época 27/30, Batch 2850/3348, Loss: 0.0002
2025-10-09 15:54:57,379 [INFO] Época 27/30, Batch 2900/3348, Loss: 0.0002
2025-10-09 15:54:57,642 [INFO] Época 27/30, Batch 2950/3348, Loss: 0.0002
2025-10-09 15:54:57,904 [INFO] Época 27/30, Batch 3000/3348, Loss: 0.0002
2025-10-09 15:54:58,167 [INFO] Época 27/30, Batch 3050/3348, Loss: 0.0002
2025-10-09 15:54:58,431 [INFO] Época 27/30, Batch 3100/3348, Loss: 0.0003
2025-10-09 15:54:58,694 [INFO] Época 27/30, Batch 3150/3348, Loss: 0.0003
2025-10-09 15:54:58,957 [INFO] Época 27/30, Batch 3200/3348, Loss: 0.0002
2025-10-09 15:54:59,217 [INFO] Época 27/30, Batch 3250/3348, Loss: 0.0002
2025-10-09 15:54:59,481 [INFO] Época 27/30, Batch 3300/3348, Loss: 0.0001
2025-10-09 15:55:01,195 [INFO] [27/30] Train Loss: 0.0046 | Val Loss: 0.0003 | Tempo: 19.20s
2025-10-09 15:55:01,694 [INFO] Época 28/30, Batch 50/3348, Loss: 0.0002
2025-10-09 15:55:01,982 [INFO] Época 28/30, Batch 100/3348, Loss: 0.0003
2025-10-09 15:55:02,267 [INFO] Época 28/30, Batch 150/3348, Loss: 0.0002
2025-10-09 15:55:02,554 [INFO] Época 28/30, Batch 200/3348, Loss: 0.0002
2025-10-09 15:55:02,838 [INFO] Época 28/30, Batch 250/3348, Loss: 0.0002
2025-10-09 15:55:03,120 [INFO] Época 28/30, Batch 300/3348, Loss: 0.0002
2025-10-09 15:55:03,402 [INFO] Época 28/30, Batch 350/3348, Loss: 0.0002
2025-10-09 15:55:03,685 [INFO] Época 28/30, Batch 400/3348, Loss: 0.0002
2025-10-09 15:55:03,959 [INFO] Época 28/30, Batch 450/3348, Loss: 0.0002
2025-10-09 15:55:04,222 [INFO] Época 28/30, Batch 500/3348, Loss: 0.0002
2025-10-09 15:55:04,484 [INFO] Época 28/30, Batch 550/3348, Loss: 0.0002
2025-10-09 15:55:04,746 [INFO] Época 28/30, Batch 600/3348, Loss: 0.0001
2025-10-09 15:55:05,009 [INFO] Época 28/30, Batch 650/3348, Loss: 0.0002
2025-10-09 15:55:05,273 [INFO] Época 28/30, Batch 700/3348, Loss: 0.0002
2025-10-09 15:55:05,555 [INFO] Época 28/30, Batch 750/3348, Loss: 0.0002
2025-10-09 15:55:05,840 [INFO] Época 28/30, Batch 800/3348, Loss: 0.0002
2025-10-09 15:55:06,125 [INFO] Época 28/30, Batch 850/3348, Loss: 0.0002
2025-10-09 15:55:06,408 [INFO] Época 28/30, Batch 900/3348, Loss: 0.0002
2025-10-09 15:55:06,689 [INFO] Época 28/30, Batch 950/3348, Loss: 0.0002
2025-10-09 15:55:06,970 [INFO] Época 28/30, Batch 1000/3348, Loss: 0.0003
2025-10-09 15:55:07,252 [INFO] Época 28/30, Batch 1050/3348, Loss: 0.0002
2025-10-09 15:55:07,516 [INFO] Época 28/30, Batch 1100/3348, Loss: 0.0002
2025-10-09 15:55:07,780 [INFO] Época 28/30, Batch 1150/3348, Loss: 0.0002
2025-10-09 15:55:08,042 [INFO] Época 28/30, Batch 1200/3348, Loss: 0.0003
2025-10-09 15:55:08,304 [INFO] Época 28/30, Batch 1250/3348, Loss: 0.0002
2025-10-09 15:55:08,569 [INFO] Época 28/30, Batch 1300/3348, Loss: 0.0010
2025-10-09 15:55:08,829 [INFO] Época 28/30, Batch 1350/3348, Loss: 0.0002
2025-10-09 15:55:09,114 [INFO] Época 28/30, Batch 1400/3348, Loss: 0.0002
2025-10-09 15:55:09,397 [INFO] Época 28/30, Batch 1450/3348, Loss: 0.0002
2025-10-09 15:55:09,680 [INFO] Época 28/30, Batch 1500/3348, Loss: 0.0002
2025-10-09 15:55:09,960 [INFO] Época 28/30, Batch 1550/3348, Loss: 0.0002
2025-10-09 15:55:10,239 [INFO] Época 28/30, Batch 1600/3348, Loss: 0.0002
2025-10-09 15:55:10,519 [INFO] Época 28/30, Batch 1650/3348, Loss: 0.0002
2025-10-09 15:55:10,803 [INFO] Época 28/30, Batch 1700/3348, Loss: 0.0002
2025-10-09 15:55:11,083 [INFO] Época 28/30, Batch 1750/3348, Loss: 0.0002
2025-10-09 15:55:11,363 [INFO] Época 28/30, Batch 1800/3348, Loss: 0.0002
2025-10-09 15:55:11,643 [INFO] Época 28/30, Batch 1850/3348, Loss: 0.0002
2025-10-09 15:55:11,921 [INFO] Época 28/30, Batch 1900/3348, Loss: 0.0002
2025-10-09 15:55:12,180 [INFO] Época 28/30, Batch 1950/3348, Loss: 0.0002
2025-10-09 15:55:12,441 [INFO] Época 28/30, Batch 2000/3348, Loss: 0.0004
2025-10-09 15:55:12,702 [INFO] Época 28/30, Batch 2050/3348, Loss: 0.0002
2025-10-09 15:55:12,960 [INFO] Época 28/30, Batch 2100/3348, Loss: 0.0003
2025-10-09 15:55:13,218 [INFO] Época 28/30, Batch 2150/3348, Loss: 0.0002
2025-10-09 15:55:13,475 [INFO] Época 28/30, Batch 2200/3348, Loss: 0.0002
2025-10-09 15:55:13,740 [INFO] Época 28/30, Batch 2250/3348, Loss: 0.0003
2025-10-09 15:55:14,021 [INFO] Época 28/30, Batch 2300/3348, Loss: 0.0002
2025-10-09 15:55:14,299 [INFO] Época 28/30, Batch 2350/3348, Loss: 0.0002
2025-10-09 15:55:14,578 [INFO] Época 28/30, Batch 2400/3348, Loss: 0.0002
2025-10-09 15:55:14,858 [INFO] Época 28/30, Batch 2450/3348, Loss: 0.0004
2025-10-09 15:55:15,139 [INFO] Época 28/30, Batch 2500/3348, Loss: 0.0002
2025-10-09 15:55:15,420 [INFO] Época 28/30, Batch 2550/3348, Loss: 0.0003
2025-10-09 15:55:15,703 [INFO] Época 28/30, Batch 2600/3348, Loss: 0.0002
2025-10-09 15:55:15,985 [INFO] Época 28/30, Batch 2650/3348, Loss: 0.0003
2025-10-09 15:55:16,267 [INFO] Época 28/30, Batch 2700/3348, Loss: 0.0002
2025-10-09 15:55:16,547 [INFO] Época 28/30, Batch 2750/3348, Loss: 0.0002
2025-10-09 15:55:16,828 [INFO] Época 28/30, Batch 2800/3348, Loss: 0.0002
2025-10-09 15:55:17,111 [INFO] Época 28/30, Batch 2850/3348, Loss: 0.0004
2025-10-09 15:55:17,393 [INFO] Época 28/30, Batch 2900/3348, Loss: 0.0002
2025-10-09 15:55:17,673 [INFO] Época 28/30, Batch 2950/3348, Loss: 0.0002
2025-10-09 15:55:17,944 [INFO] Época 28/30, Batch 3000/3348, Loss: 0.0002
2025-10-09 15:55:18,204 [INFO] Época 28/30, Batch 3050/3348, Loss: 0.0003
2025-10-09 15:55:18,465 [INFO] Época 28/30, Batch 3100/3348, Loss: 0.0002
2025-10-09 15:55:18,726 [INFO] Época 28/30, Batch 3150/3348, Loss: 0.0002
2025-10-09 15:55:18,986 [INFO] Época 28/30, Batch 3200/3348, Loss: 0.0002
2025-10-09 15:55:19,257 [INFO] Época 28/30, Batch 3250/3348, Loss: 0.0002
2025-10-09 15:55:19,539 [INFO] Época 28/30, Batch 3300/3348, Loss: 0.0002
2025-10-09 15:55:21,194 [INFO] [28/30] Train Loss: 0.0046 | Val Loss: 0.0004 | Tempo: 20.00s
2025-10-09 15:55:21,678 [INFO] Época 29/30, Batch 50/3348, Loss: 0.0002
2025-10-09 15:55:21,967 [INFO] Época 29/30, Batch 100/3348, Loss: 0.0002
2025-10-09 15:55:22,253 [INFO] Época 29/30, Batch 150/3348, Loss: 0.0003
2025-10-09 15:55:22,534 [INFO] Época 29/30, Batch 200/3348, Loss: 0.0002
2025-10-09 15:55:22,817 [INFO] Época 29/30, Batch 250/3348, Loss: 0.0002
2025-10-09 15:55:23,099 [INFO] Época 29/30, Batch 300/3348, Loss: 0.0002
2025-10-09 15:55:23,382 [INFO] Época 29/30, Batch 350/3348, Loss: 0.0002
2025-10-09 15:55:23,663 [INFO] Época 29/30, Batch 400/3348, Loss: 0.0018
2025-10-09 15:55:23,929 [INFO] Época 29/30, Batch 450/3348, Loss: 0.0004
2025-10-09 15:55:24,193 [INFO] Época 29/30, Batch 500/3348, Loss: 0.0002
2025-10-09 15:55:24,458 [INFO] Época 29/30, Batch 550/3348, Loss: 0.0002
2025-10-09 15:55:24,719 [INFO] Época 29/30, Batch 600/3348, Loss: 0.0002
2025-10-09 15:55:24,982 [INFO] Época 29/30, Batch 650/3348, Loss: 0.0002
2025-10-09 15:55:25,243 [INFO] Época 29/30, Batch 700/3348, Loss: 0.0003
2025-10-09 15:55:25,506 [INFO] Época 29/30, Batch 750/3348, Loss: 0.0002
2025-10-09 15:55:25,771 [INFO] Época 29/30, Batch 800/3348, Loss: 0.0002
2025-10-09 15:55:26,033 [INFO] Época 29/30, Batch 850/3348, Loss: 0.0002
2025-10-09 15:55:26,310 [INFO] Época 29/30, Batch 900/3348, Loss: 0.0002
2025-10-09 15:55:26,566 [INFO] Época 29/30, Batch 950/3348, Loss: 0.0003
2025-10-09 15:55:26,827 [INFO] Época 29/30, Batch 1000/3348, Loss: 0.0003
2025-10-09 15:55:27,090 [INFO] Época 29/30, Batch 1050/3348, Loss: 0.0002
2025-10-09 15:55:27,353 [INFO] Época 29/30, Batch 1100/3348, Loss: 0.0002
2025-10-09 15:55:27,618 [INFO] Época 29/30, Batch 1150/3348, Loss: 0.0002
2025-10-09 15:55:27,881 [INFO] Época 29/30, Batch 1200/3348, Loss: 0.0002
2025-10-09 15:55:28,143 [INFO] Época 29/30, Batch 1250/3348, Loss: 0.0002
2025-10-09 15:55:28,405 [INFO] Época 29/30, Batch 1300/3348, Loss: 0.0003
2025-10-09 15:55:28,668 [INFO] Época 29/30, Batch 1350/3348, Loss: 0.0002
2025-10-09 15:55:28,928 [INFO] Época 29/30, Batch 1400/3348, Loss: 0.0004
2025-10-09 15:55:29,196 [INFO] Época 29/30, Batch 1450/3348, Loss: 0.0002
2025-10-09 15:55:29,478 [INFO] Época 29/30, Batch 1500/3348, Loss: 0.0002
2025-10-09 15:55:29,761 [INFO] Época 29/30, Batch 1550/3348, Loss: 0.0002
2025-10-09 15:55:30,042 [INFO] Época 29/30, Batch 1600/3348, Loss: 0.0002
2025-10-09 15:55:30,321 [INFO] Época 29/30, Batch 1650/3348, Loss: 0.0002
2025-10-09 15:55:30,599 [INFO] Época 29/30, Batch 1700/3348, Loss: 0.0002
2025-10-09 15:55:30,864 [INFO] Época 29/30, Batch 1750/3348, Loss: 0.0002
2025-10-09 15:55:31,130 [INFO] Época 29/30, Batch 1800/3348, Loss: 0.0002
2025-10-09 15:55:31,393 [INFO] Época 29/30, Batch 1850/3348, Loss: 0.0002
2025-10-09 15:55:31,657 [INFO] Época 29/30, Batch 1900/3348, Loss: 0.0002
2025-10-09 15:55:31,921 [INFO] Época 29/30, Batch 1950/3348, Loss: 0.0002
2025-10-09 15:55:32,185 [INFO] Época 29/30, Batch 2000/3348, Loss: 0.0002
2025-10-09 15:55:32,459 [INFO] Época 29/30, Batch 2050/3348, Loss: 0.0003
2025-10-09 15:55:32,740 [INFO] Época 29/30, Batch 2100/3348, Loss: 0.0002
2025-10-09 15:55:33,012 [INFO] Época 29/30, Batch 2150/3348, Loss: 0.0002
2025-10-09 15:55:33,274 [INFO] Época 29/30, Batch 2200/3348, Loss: 0.0002
2025-10-09 15:55:33,534 [INFO] Época 29/30, Batch 2250/3348, Loss: 0.0002
2025-10-09 15:55:33,814 [INFO] Época 29/30, Batch 2300/3348, Loss: 0.0002
2025-10-09 15:55:34,078 [INFO] Época 29/30, Batch 2350/3348, Loss: 0.0002
2025-10-09 15:55:34,338 [INFO] Época 29/30, Batch 2400/3348, Loss: 0.0002
2025-10-09 15:55:34,599 [INFO] Época 29/30, Batch 2450/3348, Loss: 0.0002
2025-10-09 15:55:34,877 [INFO] Época 29/30, Batch 2500/3348, Loss: 0.0002
2025-10-09 15:55:35,158 [INFO] Época 29/30, Batch 2550/3348, Loss: 0.0002
2025-10-09 15:55:35,440 [INFO] Época 29/30, Batch 2600/3348, Loss: 0.0003
2025-10-09 15:55:35,722 [INFO] Época 29/30, Batch 2650/3348, Loss: 0.0004
2025-10-09 15:55:35,993 [INFO] Época 29/30, Batch 2700/3348, Loss: 0.0002
2025-10-09 15:55:36,255 [INFO] Época 29/30, Batch 2750/3348, Loss: 0.0001
2025-10-09 15:55:36,517 [INFO] Época 29/30, Batch 2800/3348, Loss: 0.0002
2025-10-09 15:55:36,781 [INFO] Época 29/30, Batch 2850/3348, Loss: 0.0002
2025-10-09 15:55:37,044 [INFO] Época 29/30, Batch 2900/3348, Loss: 0.0002
2025-10-09 15:55:37,314 [INFO] Época 29/30, Batch 2950/3348, Loss: 0.0003
2025-10-09 15:55:37,575 [INFO] Época 29/30, Batch 3000/3348, Loss: 0.0003
2025-10-09 15:55:37,838 [INFO] Época 29/30, Batch 3050/3348, Loss: 0.0002
2025-10-09 15:55:38,102 [INFO] Época 29/30, Batch 3100/3348, Loss: 0.0001
2025-10-09 15:55:38,374 [INFO] Época 29/30, Batch 3150/3348, Loss: 0.0002
2025-10-09 15:55:38,657 [INFO] Época 29/30, Batch 3200/3348, Loss: 0.0002
2025-10-09 15:55:38,938 [INFO] Época 29/30, Batch 3250/3348, Loss: 0.0002
2025-10-09 15:55:39,219 [INFO] Época 29/30, Batch 3300/3348, Loss: 0.0003
2025-10-09 15:55:40,963 [INFO] [29/30] Train Loss: 0.0046 | Val Loss: 0.0003 | Tempo: 19.77s
2025-10-09 15:55:41,460 [INFO] Época 30/30, Batch 50/3348, Loss: 0.0003
2025-10-09 15:55:41,750 [INFO] Época 30/30, Batch 100/3348, Loss: 0.0002
2025-10-09 15:55:42,036 [INFO] Época 30/30, Batch 150/3348, Loss: 0.0002
2025-10-09 15:55:42,304 [INFO] Época 30/30, Batch 200/3348, Loss: 0.0002
2025-10-09 15:55:42,567 [INFO] Época 30/30, Batch 250/3348, Loss: 0.0003
2025-10-09 15:55:42,829 [INFO] Época 30/30, Batch 300/3348, Loss: 0.0002
2025-10-09 15:55:43,099 [INFO] Época 30/30, Batch 350/3348, Loss: 0.0002
2025-10-09 15:55:43,368 [INFO] Época 30/30, Batch 400/3348, Loss: 0.0003
2025-10-09 15:55:43,636 [INFO] Época 30/30, Batch 450/3348, Loss: 0.0002
2025-10-09 15:55:43,903 [INFO] Época 30/30, Batch 500/3348, Loss: 0.0003
2025-10-09 15:55:44,165 [INFO] Época 30/30, Batch 550/3348, Loss: 0.0003
2025-10-09 15:55:44,426 [INFO] Época 30/30, Batch 600/3348, Loss: 0.0002
2025-10-09 15:55:44,687 [INFO] Época 30/30, Batch 650/3348, Loss: 0.0002
2025-10-09 15:55:44,947 [INFO] Época 30/30, Batch 700/3348, Loss: 0.0003
2025-10-09 15:55:45,209 [INFO] Época 30/30, Batch 750/3348, Loss: 0.0002
2025-10-09 15:55:45,470 [INFO] Época 30/30, Batch 800/3348, Loss: 0.0002
2025-10-09 15:55:45,728 [INFO] Época 30/30, Batch 850/3348, Loss: 0.0002
2025-10-09 15:55:45,983 [INFO] Época 30/30, Batch 900/3348, Loss: 0.0002
2025-10-09 15:55:46,239 [INFO] Época 30/30, Batch 950/3348, Loss: 0.0003
2025-10-09 15:55:46,496 [INFO] Época 30/30, Batch 1000/3348, Loss: 0.0002
2025-10-09 15:55:46,753 [INFO] Época 30/30, Batch 1050/3348, Loss: 0.0002
2025-10-09 15:55:47,011 [INFO] Época 30/30, Batch 1100/3348, Loss: 0.0001
2025-10-09 15:55:47,266 [INFO] Época 30/30, Batch 1150/3348, Loss: 0.0003
2025-10-09 15:55:47,527 [INFO] Época 30/30, Batch 1200/3348, Loss: 0.0002
2025-10-09 15:55:47,793 [INFO] Época 30/30, Batch 1250/3348, Loss: 0.0002
2025-10-09 15:55:48,056 [INFO] Época 30/30, Batch 1300/3348, Loss: 0.0002
2025-10-09 15:55:48,322 [INFO] Época 30/30, Batch 1350/3348, Loss: 0.0002
2025-10-09 15:55:48,586 [INFO] Época 30/30, Batch 1400/3348, Loss: 0.0001
2025-10-09 15:55:48,854 [INFO] Época 30/30, Batch 1450/3348, Loss: 0.0002
2025-10-09 15:55:49,124 [INFO] Época 30/30, Batch 1500/3348, Loss: 0.0002
2025-10-09 15:55:49,391 [INFO] Época 30/30, Batch 1550/3348, Loss: 0.0003
2025-10-09 15:55:49,657 [INFO] Época 30/30, Batch 1600/3348, Loss: 0.0003
2025-10-09 15:55:49,922 [INFO] Época 30/30, Batch 1650/3348, Loss: 0.0002
2025-10-09 15:55:50,193 [INFO] Época 30/30, Batch 1700/3348, Loss: 0.0002
2025-10-09 15:55:50,464 [INFO] Época 30/30, Batch 1750/3348, Loss: 0.0002
2025-10-09 15:55:50,735 [INFO] Época 30/30, Batch 1800/3348, Loss: 0.0002
2025-10-09 15:55:51,006 [INFO] Época 30/30, Batch 1850/3348, Loss: 0.0002
2025-10-09 15:55:51,281 [INFO] Época 30/30, Batch 1900/3348, Loss: 0.0002
2025-10-09 15:55:51,552 [INFO] Época 30/30, Batch 1950/3348, Loss: 0.0002
2025-10-09 15:55:51,825 [INFO] Época 30/30, Batch 2000/3348, Loss: 0.0002
2025-10-09 15:55:52,095 [INFO] Época 30/30, Batch 2050/3348, Loss: 0.0002
2025-10-09 15:55:52,372 [INFO] Época 30/30, Batch 2100/3348, Loss: 0.0002
2025-10-09 15:55:52,654 [INFO] Época 30/30, Batch 2150/3348, Loss: 0.0002
2025-10-09 15:55:52,929 [INFO] Época 30/30, Batch 2200/3348, Loss: 0.0002
2025-10-09 15:55:53,200 [INFO] Época 30/30, Batch 2250/3348, Loss: 0.0002
2025-10-09 15:55:53,463 [INFO] Época 30/30, Batch 2300/3348, Loss: 0.0003
2025-10-09 15:55:53,728 [INFO] Época 30/30, Batch 2350/3348, Loss: 0.0002
2025-10-09 15:55:53,992 [INFO] Época 30/30, Batch 2400/3348, Loss: 0.0003
2025-10-09 15:55:54,257 [INFO] Época 30/30, Batch 2450/3348, Loss: 0.0002
2025-10-09 15:55:54,518 [INFO] Época 30/30, Batch 2500/3348, Loss: 0.0003
2025-10-09 15:55:54,779 [INFO] Época 30/30, Batch 2550/3348, Loss: 0.0002
2025-10-09 15:55:55,038 [INFO] Época 30/30, Batch 2600/3348, Loss: 0.0003
2025-10-09 15:55:55,301 [INFO] Época 30/30, Batch 2650/3348, Loss: 0.0002
2025-10-09 15:55:55,562 [INFO] Época 30/30, Batch 2700/3348, Loss: 0.0002
2025-10-09 15:55:55,822 [INFO] Época 30/30, Batch 2750/3348, Loss: 0.0002
2025-10-09 15:55:56,089 [INFO] Época 30/30, Batch 2800/3348, Loss: 0.0003
2025-10-09 15:55:56,359 [INFO] Época 30/30, Batch 2850/3348, Loss: 0.0002
2025-10-09 15:55:56,630 [INFO] Época 30/30, Batch 2900/3348, Loss: 0.0002
2025-10-09 15:55:56,899 [INFO] Época 30/30, Batch 2950/3348, Loss: 0.0002
2025-10-09 15:55:57,170 [INFO] Época 30/30, Batch 3000/3348, Loss: 0.0003
2025-10-09 15:55:57,440 [INFO] Época 30/30, Batch 3050/3348, Loss: 0.0003
2025-10-09 15:55:57,710 [INFO] Época 30/30, Batch 3100/3348, Loss: 0.0001
2025-10-09 15:55:57,980 [INFO] Época 30/30, Batch 3150/3348, Loss: 0.0003
2025-10-09 15:55:58,251 [INFO] Época 30/30, Batch 3200/3348, Loss: 0.0002
2025-10-09 15:55:58,522 [INFO] Época 30/30, Batch 3250/3348, Loss: 0.0002
2025-10-09 15:55:58,792 [INFO] Época 30/30, Batch 3300/3348, Loss: 0.0022
2025-10-09 15:56:00,523 [INFO] [30/30] Train Loss: 0.0046 | Val Loss: 0.0003 | Tempo: 19.56s
2025-10-09 15:56:00,523 [INFO] Treinamento concluído em 588.77 segundos (9.81 minutos)
2025-10-09 15:56:00,523 [INFO] Iniciando avaliação no conjunto de teste...
2025-10-09 15:56:01,881 [INFO] Avaliação do teste concluída em 1.36 segundos
2025-10-09 15:56:01,881 [INFO] MSE no teste: 0.0000
2025-10-09 15:56:01,881 [INFO] RMSE no teste: 0.0005
2025-10-09 15:56:01,881 [INFO] MAE no teste: 0.0004
2025-10-09 15:56:01,882 [INFO] Métricas salvas em /mnt/hdd/home/jdurao/ToolBox-ChemXAI/logs/mlp_att0_Topological_metrics.json
