2025-10-09 22:51:42,428 [INFO] Iniciando treinamento do modelo mlp_att5_CM
2025-10-09 22:51:42,428 [INFO] Configuração: att_index=5, epochs=30, layers=[128, 64, 32], lr=0.001, batch_size=32, descriptor_type=CM
2025-10-09 22:51:42,428 [INFO] Diretório para modelos: /mnt/hdd/home/jdurao/ToolBox-ChemXAI/models
2025-10-09 22:51:42,428 [INFO] Carregando dados...
2025-10-09 22:51:42,512 [INFO] Preparando dataloaders sem ruído...
2025-10-09 22:52:00,731 [INFO] Dados carregados em 18.30 segundos
2025-10-09 22:52:00,731 [INFO] Tamanhos dos conjuntos - Treino: 107108, Validação: 13388, Teste: 13389
2025-10-09 22:52:00,731 [INFO] Usando dispositivo: cuda
2025-10-09 22:52:01,224 [INFO] Dimensão de entrada: 841, Dimensão de saída: 1
2025-10-09 22:52:01,224 [INFO] Criando modelo MLP com camadas: [128, 64, 32]
2025-10-09 22:52:01,229 [INFO] Modelo criado com 118145 parâmetros
2025-10-09 22:52:01,248 [INFO] Iniciando treinamento com 30 épocas...
2025-10-09 22:52:01,874 [INFO] Época 1/30, Batch 50/3348, Loss: 0.6063
2025-10-09 22:52:02,146 [INFO] Época 1/30, Batch 100/3348, Loss: 0.9015
2025-10-09 22:52:02,407 [INFO] Época 1/30, Batch 150/3348, Loss: 0.6935
2025-10-09 22:52:02,666 [INFO] Época 1/30, Batch 200/3348, Loss: 0.7993
2025-10-09 22:52:02,925 [INFO] Época 1/30, Batch 250/3348, Loss: 0.5300
2025-10-09 22:52:03,182 [INFO] Época 1/30, Batch 300/3348, Loss: 0.6920
2025-10-09 22:52:03,447 [INFO] Época 1/30, Batch 350/3348, Loss: 0.6180
2025-10-09 22:52:03,715 [INFO] Época 1/30, Batch 400/3348, Loss: 0.4024
2025-10-09 22:52:03,981 [INFO] Época 1/30, Batch 450/3348, Loss: 0.5355
2025-10-09 22:52:04,247 [INFO] Época 1/30, Batch 500/3348, Loss: 0.5569
2025-10-09 22:52:04,513 [INFO] Época 1/30, Batch 550/3348, Loss: 0.5297
2025-10-09 22:52:04,779 [INFO] Época 1/30, Batch 600/3348, Loss: 0.5468
2025-10-09 22:52:05,051 [INFO] Época 1/30, Batch 650/3348, Loss: 0.6584
2025-10-09 22:52:05,324 [INFO] Época 1/30, Batch 700/3348, Loss: 0.5267
2025-10-09 22:52:05,594 [INFO] Época 1/30, Batch 750/3348, Loss: 0.5171
2025-10-09 22:52:05,861 [INFO] Época 1/30, Batch 800/3348, Loss: 0.5277
2025-10-09 22:52:06,127 [INFO] Época 1/30, Batch 850/3348, Loss: 0.5550
2025-10-09 22:52:06,394 [INFO] Época 1/30, Batch 900/3348, Loss: 0.4768
2025-10-09 22:52:06,658 [INFO] Época 1/30, Batch 950/3348, Loss: 0.5860
2025-10-09 22:52:06,926 [INFO] Época 1/30, Batch 1000/3348, Loss: 0.5949
2025-10-09 22:52:07,193 [INFO] Época 1/30, Batch 1050/3348, Loss: 0.5999
2025-10-09 22:52:07,459 [INFO] Época 1/30, Batch 1100/3348, Loss: 0.5850
2025-10-09 22:52:07,729 [INFO] Época 1/30, Batch 1150/3348, Loss: 0.6707
2025-10-09 22:52:07,997 [INFO] Época 1/30, Batch 1200/3348, Loss: 0.4237
2025-10-09 22:52:08,276 [INFO] Época 1/30, Batch 1250/3348, Loss: 0.6310
2025-10-09 22:52:08,544 [INFO] Época 1/30, Batch 1300/3348, Loss: 0.4171
2025-10-09 22:52:08,814 [INFO] Época 1/30, Batch 1350/3348, Loss: 0.5002
2025-10-09 22:52:09,084 [INFO] Época 1/30, Batch 1400/3348, Loss: 0.4614
2025-10-09 22:52:09,357 [INFO] Época 1/30, Batch 1450/3348, Loss: 0.5897
2025-10-09 22:52:09,630 [INFO] Época 1/30, Batch 1500/3348, Loss: 0.5581
2025-10-09 22:52:09,901 [INFO] Época 1/30, Batch 1550/3348, Loss: 0.5770
2025-10-09 22:52:10,173 [INFO] Época 1/30, Batch 1600/3348, Loss: 0.4531
2025-10-09 22:52:10,442 [INFO] Época 1/30, Batch 1650/3348, Loss: 0.5060
2025-10-09 22:52:10,716 [INFO] Época 1/30, Batch 1700/3348, Loss: 0.5926
2025-10-09 22:52:10,984 [INFO] Época 1/30, Batch 1750/3348, Loss: 0.5745
2025-10-09 22:52:11,253 [INFO] Época 1/30, Batch 1800/3348, Loss: 0.5900
2025-10-09 22:52:11,528 [INFO] Época 1/30, Batch 1850/3348, Loss: 0.7321
2025-10-09 22:52:11,799 [INFO] Época 1/30, Batch 1900/3348, Loss: 0.5965
2025-10-09 22:52:12,068 [INFO] Época 1/30, Batch 1950/3348, Loss: 0.5513
2025-10-09 22:52:12,336 [INFO] Época 1/30, Batch 2000/3348, Loss: 0.5092
2025-10-09 22:52:12,603 [INFO] Época 1/30, Batch 2050/3348, Loss: 0.4474
2025-10-09 22:52:12,870 [INFO] Época 1/30, Batch 2100/3348, Loss: 0.4033
2025-10-09 22:52:13,139 [INFO] Época 1/30, Batch 2150/3348, Loss: 0.7627
2025-10-09 22:52:13,409 [INFO] Época 1/30, Batch 2200/3348, Loss: 0.5180
2025-10-09 22:52:13,676 [INFO] Época 1/30, Batch 2250/3348, Loss: 0.4187
2025-10-09 22:52:13,944 [INFO] Época 1/30, Batch 2300/3348, Loss: 0.3987
2025-10-09 22:52:14,212 [INFO] Época 1/30, Batch 2350/3348, Loss: 0.3446
2025-10-09 22:52:14,480 [INFO] Época 1/30, Batch 2400/3348, Loss: 0.5184
2025-10-09 22:52:14,750 [INFO] Época 1/30, Batch 2450/3348, Loss: 0.5431
2025-10-09 22:52:15,018 [INFO] Época 1/30, Batch 2500/3348, Loss: 0.5767
2025-10-09 22:52:15,287 [INFO] Época 1/30, Batch 2550/3348, Loss: 0.3959
2025-10-09 22:52:15,555 [INFO] Época 1/30, Batch 2600/3348, Loss: 0.4805
2025-10-09 22:52:15,823 [INFO] Época 1/30, Batch 2650/3348, Loss: 0.5264
2025-10-09 22:52:16,094 [INFO] Época 1/30, Batch 2700/3348, Loss: 0.4247
2025-10-09 22:52:16,364 [INFO] Época 1/30, Batch 2750/3348, Loss: 0.4167
2025-10-09 22:52:16,635 [INFO] Época 1/30, Batch 2800/3348, Loss: 0.5179
2025-10-09 22:52:16,910 [INFO] Época 1/30, Batch 2850/3348, Loss: 0.5273
2025-10-09 22:52:17,178 [INFO] Época 1/30, Batch 2900/3348, Loss: 0.3187
2025-10-09 22:52:17,446 [INFO] Época 1/30, Batch 2950/3348, Loss: 0.4572
2025-10-09 22:52:17,718 [INFO] Época 1/30, Batch 3000/3348, Loss: 0.3982
2025-10-09 22:52:17,992 [INFO] Época 1/30, Batch 3050/3348, Loss: 0.3931
2025-10-09 22:52:18,268 [INFO] Época 1/30, Batch 3100/3348, Loss: 0.4113
2025-10-09 22:52:18,542 [INFO] Época 1/30, Batch 3150/3348, Loss: 0.3387
2025-10-09 22:52:18,816 [INFO] Época 1/30, Batch 3200/3348, Loss: 0.3784
2025-10-09 22:52:19,085 [INFO] Época 1/30, Batch 3250/3348, Loss: 0.4476
2025-10-09 22:52:19,352 [INFO] Época 1/30, Batch 3300/3348, Loss: 0.7516
2025-10-09 22:52:21,319 [INFO] [1/30] Train Loss: 0.5284 | Val Loss: 0.4257 | Tempo: 20.07s
2025-10-09 22:52:21,324 [INFO] Melhor modelo salvo em: /mnt/hdd/home/jdurao/ToolBox-ChemXAI/models/mlp_qm9_CM_att5_large.pth
2025-10-09 22:52:21,975 [INFO] Época 2/30, Batch 50/3348, Loss: 0.4474
2025-10-09 22:52:22,252 [INFO] Época 2/30, Batch 100/3348, Loss: 0.5680
2025-10-09 22:52:22,527 [INFO] Época 2/30, Batch 150/3348, Loss: 0.4775
2025-10-09 22:52:22,803 [INFO] Época 2/30, Batch 200/3348, Loss: 0.6482
2025-10-09 22:52:23,079 [INFO] Época 2/30, Batch 250/3348, Loss: 0.3457
2025-10-09 22:52:23,352 [INFO] Época 2/30, Batch 300/3348, Loss: 0.5682
2025-10-09 22:52:23,627 [INFO] Época 2/30, Batch 350/3348, Loss: 0.4426
2025-10-09 22:52:23,900 [INFO] Época 2/30, Batch 400/3348, Loss: 0.4634
2025-10-09 22:52:24,176 [INFO] Época 2/30, Batch 450/3348, Loss: 0.3402
2025-10-09 22:52:24,445 [INFO] Época 2/30, Batch 500/3348, Loss: 0.4260
2025-10-09 22:52:24,712 [INFO] Época 2/30, Batch 550/3348, Loss: 0.6084
2025-10-09 22:52:24,980 [INFO] Época 2/30, Batch 600/3348, Loss: 0.5306
2025-10-09 22:52:25,248 [INFO] Época 2/30, Batch 650/3348, Loss: 0.4331
2025-10-09 22:52:25,515 [INFO] Época 2/30, Batch 700/3348, Loss: 0.4727
2025-10-09 22:52:25,784 [INFO] Época 2/30, Batch 750/3348, Loss: 0.3959
2025-10-09 22:52:26,050 [INFO] Época 2/30, Batch 800/3348, Loss: 0.3636
2025-10-09 22:52:26,317 [INFO] Época 2/30, Batch 850/3348, Loss: 0.5213
2025-10-09 22:52:26,585 [INFO] Época 2/30, Batch 900/3348, Loss: 0.3911
2025-10-09 22:52:26,856 [INFO] Época 2/30, Batch 950/3348, Loss: 0.5571
2025-10-09 22:52:27,125 [INFO] Época 2/30, Batch 1000/3348, Loss: 0.4384
2025-10-09 22:52:27,396 [INFO] Época 2/30, Batch 1050/3348, Loss: 0.4773
2025-10-09 22:52:27,673 [INFO] Época 2/30, Batch 1100/3348, Loss: 0.5408
2025-10-09 22:52:27,946 [INFO] Época 2/30, Batch 1150/3348, Loss: 0.3046
2025-10-09 22:52:28,219 [INFO] Época 2/30, Batch 1200/3348, Loss: 0.4504
2025-10-09 22:52:28,491 [INFO] Época 2/30, Batch 1250/3348, Loss: 0.3191
2025-10-09 22:52:28,773 [INFO] Época 2/30, Batch 1300/3348, Loss: 0.4316
2025-10-09 22:52:29,060 [INFO] Época 2/30, Batch 1350/3348, Loss: 0.6481
2025-10-09 22:52:29,346 [INFO] Época 2/30, Batch 1400/3348, Loss: 0.4874
2025-10-09 22:52:29,636 [INFO] Época 2/30, Batch 1450/3348, Loss: 0.6567
2025-10-09 22:52:29,922 [INFO] Época 2/30, Batch 1500/3348, Loss: 0.4419
2025-10-09 22:52:30,203 [INFO] Época 2/30, Batch 1550/3348, Loss: 0.5119
2025-10-09 22:52:30,484 [INFO] Época 2/30, Batch 1600/3348, Loss: 0.3858
2025-10-09 22:52:30,769 [INFO] Época 2/30, Batch 1650/3348, Loss: 0.4955
2025-10-09 22:52:31,054 [INFO] Época 2/30, Batch 1700/3348, Loss: 0.4564
2025-10-09 22:52:31,336 [INFO] Época 2/30, Batch 1750/3348, Loss: 0.6207
2025-10-09 22:52:31,619 [INFO] Época 2/30, Batch 1800/3348, Loss: 0.4752
2025-10-09 22:52:31,892 [INFO] Época 2/30, Batch 1850/3348, Loss: 0.5244
2025-10-09 22:52:32,162 [INFO] Época 2/30, Batch 1900/3348, Loss: 0.4731
2025-10-09 22:52:32,435 [INFO] Época 2/30, Batch 1950/3348, Loss: 0.4017
2025-10-09 22:52:32,707 [INFO] Época 2/30, Batch 2000/3348, Loss: 0.3971
2025-10-09 22:52:32,981 [INFO] Época 2/30, Batch 2050/3348, Loss: 0.4662
2025-10-09 22:52:33,254 [INFO] Época 2/30, Batch 2100/3348, Loss: 0.4596
2025-10-09 22:52:33,528 [INFO] Época 2/30, Batch 2150/3348, Loss: 0.4193
2025-10-09 22:52:33,801 [INFO] Época 2/30, Batch 2200/3348, Loss: 0.4950
2025-10-09 22:52:34,077 [INFO] Época 2/30, Batch 2250/3348, Loss: 0.3487
2025-10-09 22:52:34,351 [INFO] Época 2/30, Batch 2300/3348, Loss: 0.3579
2025-10-09 22:52:34,620 [INFO] Época 2/30, Batch 2350/3348, Loss: 0.3443
2025-10-09 22:52:34,886 [INFO] Época 2/30, Batch 2400/3348, Loss: 0.3826
2025-10-09 22:52:35,155 [INFO] Época 2/30, Batch 2450/3348, Loss: 0.6186
2025-10-09 22:52:35,421 [INFO] Época 2/30, Batch 2500/3348, Loss: 0.3787
2025-10-09 22:52:35,687 [INFO] Época 2/30, Batch 2550/3348, Loss: 0.3465
2025-10-09 22:52:35,951 [INFO] Época 2/30, Batch 2600/3348, Loss: 0.5551
2025-10-09 22:52:36,223 [INFO] Época 2/30, Batch 2650/3348, Loss: 0.4022
2025-10-09 22:52:36,508 [INFO] Época 2/30, Batch 2700/3348, Loss: 0.3713
2025-10-09 22:52:36,775 [INFO] Época 2/30, Batch 2750/3348, Loss: 0.5172
2025-10-09 22:52:37,035 [INFO] Época 2/30, Batch 2800/3348, Loss: 0.4903
2025-10-09 22:52:37,298 [INFO] Época 2/30, Batch 2850/3348, Loss: 0.5428
2025-10-09 22:52:37,560 [INFO] Época 2/30, Batch 2900/3348, Loss: 0.3776
2025-10-09 22:52:37,824 [INFO] Época 2/30, Batch 2950/3348, Loss: 0.3911
2025-10-09 22:52:38,090 [INFO] Época 2/30, Batch 3000/3348, Loss: 0.5168
2025-10-09 22:52:38,355 [INFO] Época 2/30, Batch 3050/3348, Loss: 0.3465
2025-10-09 22:52:38,620 [INFO] Época 2/30, Batch 3100/3348, Loss: 0.5184
2025-10-09 22:52:38,890 [INFO] Época 2/30, Batch 3150/3348, Loss: 0.3242
2025-10-09 22:52:39,158 [INFO] Época 2/30, Batch 3200/3348, Loss: 0.3213
2025-10-09 22:52:39,427 [INFO] Época 2/30, Batch 3250/3348, Loss: 0.4773
2025-10-09 22:52:39,694 [INFO] Época 2/30, Batch 3300/3348, Loss: 0.5811
2025-10-09 22:52:41,773 [INFO] [2/30] Train Loss: 0.4585 | Val Loss: 0.3950 | Tempo: 20.45s
2025-10-09 22:52:41,779 [INFO] Melhor modelo salvo em: /mnt/hdd/home/jdurao/ToolBox-ChemXAI/models/mlp_qm9_CM_att5_large.pth
2025-10-09 22:52:42,411 [INFO] Época 3/30, Batch 50/3348, Loss: 0.5256
2025-10-09 22:52:42,679 [INFO] Época 3/30, Batch 100/3348, Loss: 0.3886
2025-10-09 22:52:42,945 [INFO] Época 3/30, Batch 150/3348, Loss: 0.3463
2025-10-09 22:52:43,212 [INFO] Época 3/30, Batch 200/3348, Loss: 0.4509
2025-10-09 22:52:43,479 [INFO] Época 3/30, Batch 250/3348, Loss: 0.5303
2025-10-09 22:52:43,743 [INFO] Época 3/30, Batch 300/3348, Loss: 0.2577
2025-10-09 22:52:44,008 [INFO] Época 3/30, Batch 350/3348, Loss: 0.5483
2025-10-09 22:52:44,273 [INFO] Época 3/30, Batch 400/3348, Loss: 0.4408
2025-10-09 22:52:44,536 [INFO] Época 3/30, Batch 450/3348, Loss: 0.3442
2025-10-09 22:52:44,804 [INFO] Época 3/30, Batch 500/3348, Loss: 0.4569
2025-10-09 22:52:45,077 [INFO] Época 3/30, Batch 550/3348, Loss: 0.3991
2025-10-09 22:52:45,352 [INFO] Época 3/30, Batch 600/3348, Loss: 0.4995
2025-10-09 22:52:45,621 [INFO] Época 3/30, Batch 650/3348, Loss: 0.4336
2025-10-09 22:52:45,882 [INFO] Época 3/30, Batch 700/3348, Loss: 0.3283
2025-10-09 22:52:46,145 [INFO] Época 3/30, Batch 750/3348, Loss: 0.4549
2025-10-09 22:52:46,407 [INFO] Época 3/30, Batch 800/3348, Loss: 0.3671
2025-10-09 22:52:46,670 [INFO] Época 3/30, Batch 850/3348, Loss: 0.3745
2025-10-09 22:52:46,931 [INFO] Época 3/30, Batch 900/3348, Loss: 0.4964
2025-10-09 22:52:47,194 [INFO] Época 3/30, Batch 950/3348, Loss: 0.4717
2025-10-09 22:52:47,456 [INFO] Época 3/30, Batch 1000/3348, Loss: 0.4413
2025-10-09 22:52:47,719 [INFO] Época 3/30, Batch 1050/3348, Loss: 0.4953
2025-10-09 22:52:47,983 [INFO] Época 3/30, Batch 1100/3348, Loss: 0.3873
2025-10-09 22:52:48,247 [INFO] Época 3/30, Batch 1150/3348, Loss: 0.5324
2025-10-09 22:52:48,511 [INFO] Época 3/30, Batch 1200/3348, Loss: 0.4613
2025-10-09 22:52:48,776 [INFO] Época 3/30, Batch 1250/3348, Loss: 0.3318
2025-10-09 22:52:49,039 [INFO] Época 3/30, Batch 1300/3348, Loss: 0.3545
2025-10-09 22:52:49,303 [INFO] Época 3/30, Batch 1350/3348, Loss: 0.4658
2025-10-09 22:52:49,564 [INFO] Época 3/30, Batch 1400/3348, Loss: 0.4190
2025-10-09 22:52:49,827 [INFO] Época 3/30, Batch 1450/3348, Loss: 0.3642
2025-10-09 22:52:50,090 [INFO] Época 3/30, Batch 1500/3348, Loss: 0.4896
2025-10-09 22:52:50,354 [INFO] Época 3/30, Batch 1550/3348, Loss: 0.4651
2025-10-09 22:52:50,616 [INFO] Época 3/30, Batch 1600/3348, Loss: 0.3938
2025-10-09 22:52:50,880 [INFO] Época 3/30, Batch 1650/3348, Loss: 0.3008
2025-10-09 22:52:51,142 [INFO] Época 3/30, Batch 1700/3348, Loss: 0.4925
2025-10-09 22:52:51,407 [INFO] Época 3/30, Batch 1750/3348, Loss: 0.4250
2025-10-09 22:52:51,674 [INFO] Época 3/30, Batch 1800/3348, Loss: 0.3719
2025-10-09 22:52:51,952 [INFO] Época 3/30, Batch 1850/3348, Loss: 0.3988
2025-10-09 22:52:52,225 [INFO] Época 3/30, Batch 1900/3348, Loss: 0.2887
2025-10-09 22:52:52,499 [INFO] Época 3/30, Batch 1950/3348, Loss: 0.5763
2025-10-09 22:52:52,769 [INFO] Época 3/30, Batch 2000/3348, Loss: 0.4574
2025-10-09 22:52:53,033 [INFO] Época 3/30, Batch 2050/3348, Loss: 0.5734
2025-10-09 22:52:53,305 [INFO] Época 3/30, Batch 2100/3348, Loss: 0.4515
2025-10-09 22:52:53,568 [INFO] Época 3/30, Batch 2150/3348, Loss: 0.3657
2025-10-09 22:52:53,832 [INFO] Época 3/30, Batch 2200/3348, Loss: 0.3353
2025-10-09 22:52:54,106 [INFO] Época 3/30, Batch 2250/3348, Loss: 0.4809
2025-10-09 22:52:54,382 [INFO] Época 3/30, Batch 2300/3348, Loss: 0.4029
2025-10-09 22:52:54,657 [INFO] Época 3/30, Batch 2350/3348, Loss: 0.3739
2025-10-09 22:52:54,930 [INFO] Época 3/30, Batch 2400/3348, Loss: 0.4954
2025-10-09 22:52:55,203 [INFO] Época 3/30, Batch 2450/3348, Loss: 0.2971
2025-10-09 22:52:55,469 [INFO] Época 3/30, Batch 2500/3348, Loss: 0.4459
2025-10-09 22:52:55,733 [INFO] Época 3/30, Batch 2550/3348, Loss: 0.3985
2025-10-09 22:52:55,999 [INFO] Época 3/30, Batch 2600/3348, Loss: 0.3832
2025-10-09 22:52:56,270 [INFO] Época 3/30, Batch 2650/3348, Loss: 0.4281
2025-10-09 22:52:56,543 [INFO] Época 3/30, Batch 2700/3348, Loss: 0.3843
2025-10-09 22:52:56,817 [INFO] Época 3/30, Batch 2750/3348, Loss: 0.3784
2025-10-09 22:52:57,094 [INFO] Época 3/30, Batch 2800/3348, Loss: 0.3927
2025-10-09 22:52:57,370 [INFO] Época 3/30, Batch 2850/3348, Loss: 0.3576
2025-10-09 22:52:57,646 [INFO] Época 3/30, Batch 2900/3348, Loss: 0.4110
2025-10-09 22:52:57,921 [INFO] Época 3/30, Batch 2950/3348, Loss: 0.4080
2025-10-09 22:52:58,197 [INFO] Época 3/30, Batch 3000/3348, Loss: 0.5333
2025-10-09 22:52:58,472 [INFO] Época 3/30, Batch 3050/3348, Loss: 0.3490
2025-10-09 22:52:58,748 [INFO] Época 3/30, Batch 3100/3348, Loss: 0.3913
2025-10-09 22:52:59,023 [INFO] Época 3/30, Batch 3150/3348, Loss: 0.5182
2025-10-09 22:52:59,297 [INFO] Época 3/30, Batch 3200/3348, Loss: 0.3584
2025-10-09 22:52:59,571 [INFO] Época 3/30, Batch 3250/3348, Loss: 0.5567
2025-10-09 22:52:59,847 [INFO] Época 3/30, Batch 3300/3348, Loss: 0.5378
2025-10-09 22:53:01,910 [INFO] [3/30] Train Loss: 0.4271 | Val Loss: 0.3843 | Tempo: 20.13s
2025-10-09 22:53:01,916 [INFO] Melhor modelo salvo em: /mnt/hdd/home/jdurao/ToolBox-ChemXAI/models/mlp_qm9_CM_att5_large.pth
2025-10-09 22:53:02,546 [INFO] Época 4/30, Batch 50/3348, Loss: 0.2881
2025-10-09 22:53:02,820 [INFO] Época 4/30, Batch 100/3348, Loss: 0.2471
2025-10-09 22:53:03,091 [INFO] Época 4/30, Batch 150/3348, Loss: 0.4373
2025-10-09 22:53:03,359 [INFO] Época 4/30, Batch 200/3348, Loss: 0.4827
2025-10-09 22:53:03,632 [INFO] Época 4/30, Batch 250/3348, Loss: 0.4946
2025-10-09 22:53:03,900 [INFO] Época 4/30, Batch 300/3348, Loss: 0.3387
2025-10-09 22:53:04,168 [INFO] Época 4/30, Batch 350/3348, Loss: 0.4574
2025-10-09 22:53:04,437 [INFO] Época 4/30, Batch 400/3348, Loss: 0.4425
2025-10-09 22:53:04,704 [INFO] Época 4/30, Batch 450/3348, Loss: 0.4625
2025-10-09 22:53:04,974 [INFO] Época 4/30, Batch 500/3348, Loss: 0.3488
2025-10-09 22:53:05,244 [INFO] Época 4/30, Batch 550/3348, Loss: 0.3568
2025-10-09 22:53:05,513 [INFO] Época 4/30, Batch 600/3348, Loss: 0.5517
2025-10-09 22:53:05,783 [INFO] Época 4/30, Batch 650/3348, Loss: 0.4781
2025-10-09 22:53:06,050 [INFO] Época 4/30, Batch 700/3348, Loss: 0.3708
2025-10-09 22:53:06,314 [INFO] Época 4/30, Batch 750/3348, Loss: 0.4119
2025-10-09 22:53:06,579 [INFO] Época 4/30, Batch 800/3348, Loss: 0.3684
2025-10-09 22:53:06,842 [INFO] Época 4/30, Batch 850/3348, Loss: 0.4740
2025-10-09 22:53:07,106 [INFO] Época 4/30, Batch 900/3348, Loss: 0.2908
2025-10-09 22:53:07,371 [INFO] Época 4/30, Batch 950/3348, Loss: 0.4134
2025-10-09 22:53:07,636 [INFO] Época 4/30, Batch 1000/3348, Loss: 0.4382
2025-10-09 22:53:07,903 [INFO] Época 4/30, Batch 1050/3348, Loss: 0.3612
2025-10-09 22:53:08,168 [INFO] Época 4/30, Batch 1100/3348, Loss: 0.4430
2025-10-09 22:53:08,435 [INFO] Época 4/30, Batch 1150/3348, Loss: 0.3389
2025-10-09 22:53:08,701 [INFO] Época 4/30, Batch 1200/3348, Loss: 0.4227
2025-10-09 22:53:08,967 [INFO] Época 4/30, Batch 1250/3348, Loss: 0.4323
2025-10-09 22:53:09,236 [INFO] Época 4/30, Batch 1300/3348, Loss: 0.4195
2025-10-09 22:53:09,502 [INFO] Época 4/30, Batch 1350/3348, Loss: 0.4103
2025-10-09 22:53:09,770 [INFO] Época 4/30, Batch 1400/3348, Loss: 0.4733
2025-10-09 22:53:10,036 [INFO] Época 4/30, Batch 1450/3348, Loss: 0.5922
2025-10-09 22:53:10,305 [INFO] Época 4/30, Batch 1500/3348, Loss: 0.3912
2025-10-09 22:53:10,575 [INFO] Época 4/30, Batch 1550/3348, Loss: 0.3541
2025-10-09 22:53:10,844 [INFO] Época 4/30, Batch 1600/3348, Loss: 0.4747
2025-10-09 22:53:11,115 [INFO] Época 4/30, Batch 1650/3348, Loss: 0.4505
2025-10-09 22:53:11,400 [INFO] Época 4/30, Batch 1700/3348, Loss: 0.3579
2025-10-09 22:53:11,682 [INFO] Época 4/30, Batch 1750/3348, Loss: 0.5396
2025-10-09 22:53:11,962 [INFO] Época 4/30, Batch 1800/3348, Loss: 0.3313
2025-10-09 22:53:12,240 [INFO] Época 4/30, Batch 1850/3348, Loss: 0.5994
2025-10-09 22:53:12,517 [INFO] Época 4/30, Batch 1900/3348, Loss: 0.3672
2025-10-09 22:53:12,794 [INFO] Época 4/30, Batch 1950/3348, Loss: 0.3973
2025-10-09 22:53:13,070 [INFO] Época 4/30, Batch 2000/3348, Loss: 0.3426
2025-10-09 22:53:13,348 [INFO] Época 4/30, Batch 2050/3348, Loss: 0.3573
2025-10-09 22:53:13,625 [INFO] Época 4/30, Batch 2100/3348, Loss: 0.4006
2025-10-09 22:53:13,908 [INFO] Época 4/30, Batch 2150/3348, Loss: 0.4286
2025-10-09 22:53:14,184 [INFO] Época 4/30, Batch 2200/3348, Loss: 0.3637
2025-10-09 22:53:14,460 [INFO] Época 4/30, Batch 2250/3348, Loss: 0.4404
2025-10-09 22:53:14,735 [INFO] Época 4/30, Batch 2300/3348, Loss: 0.2979
2025-10-09 22:53:15,004 [INFO] Época 4/30, Batch 2350/3348, Loss: 0.3128
2025-10-09 22:53:15,272 [INFO] Época 4/30, Batch 2400/3348, Loss: 0.3254
2025-10-09 22:53:15,539 [INFO] Época 4/30, Batch 2450/3348, Loss: 0.3156
2025-10-09 22:53:15,815 [INFO] Época 4/30, Batch 2500/3348, Loss: 0.4056
2025-10-09 22:53:16,096 [INFO] Época 4/30, Batch 2550/3348, Loss: 0.4338
2025-10-09 22:53:16,374 [INFO] Época 4/30, Batch 2600/3348, Loss: 0.4598
2025-10-09 22:53:16,657 [INFO] Época 4/30, Batch 2650/3348, Loss: 0.3608
2025-10-09 22:53:16,935 [INFO] Época 4/30, Batch 2700/3348, Loss: 0.3397
2025-10-09 22:53:17,212 [INFO] Época 4/30, Batch 2750/3348, Loss: 0.4216
2025-10-09 22:53:17,489 [INFO] Época 4/30, Batch 2800/3348, Loss: 0.4458
2025-10-09 22:53:17,763 [INFO] Época 4/30, Batch 2850/3348, Loss: 0.3933
2025-10-09 22:53:18,030 [INFO] Época 4/30, Batch 2900/3348, Loss: 0.4137
2025-10-09 22:53:18,298 [INFO] Época 4/30, Batch 2950/3348, Loss: 0.4479
2025-10-09 22:53:18,568 [INFO] Época 4/30, Batch 3000/3348, Loss: 0.2765
2025-10-09 22:53:18,836 [INFO] Época 4/30, Batch 3050/3348, Loss: 0.4877
2025-10-09 22:53:19,103 [INFO] Época 4/30, Batch 3100/3348, Loss: 0.3958
2025-10-09 22:53:19,373 [INFO] Época 4/30, Batch 3150/3348, Loss: 0.3706
2025-10-09 22:53:19,650 [INFO] Época 4/30, Batch 3200/3348, Loss: 0.2641
2025-10-09 22:53:19,917 [INFO] Época 4/30, Batch 3250/3348, Loss: 0.5201
2025-10-09 22:53:20,185 [INFO] Época 4/30, Batch 3300/3348, Loss: 0.3872
2025-10-09 22:53:22,075 [INFO] [4/30] Train Loss: 0.4072 | Val Loss: 0.3892 | Tempo: 20.16s
2025-10-09 22:53:22,709 [INFO] Época 5/30, Batch 50/3348, Loss: 0.4024
2025-10-09 22:53:22,985 [INFO] Época 5/30, Batch 100/3348, Loss: 0.3025
2025-10-09 22:53:23,259 [INFO] Época 5/30, Batch 150/3348, Loss: 0.3970
2025-10-09 22:53:23,535 [INFO] Época 5/30, Batch 200/3348, Loss: 0.4461
2025-10-09 22:53:23,808 [INFO] Época 5/30, Batch 250/3348, Loss: 0.4066
2025-10-09 22:53:24,083 [INFO] Época 5/30, Batch 300/3348, Loss: 0.4040
2025-10-09 22:53:24,357 [INFO] Época 5/30, Batch 350/3348, Loss: 0.4955
2025-10-09 22:53:24,631 [INFO] Época 5/30, Batch 400/3348, Loss: 0.3733
2025-10-09 22:53:24,898 [INFO] Época 5/30, Batch 450/3348, Loss: 0.4583
2025-10-09 22:53:25,165 [INFO] Época 5/30, Batch 500/3348, Loss: 0.4220
2025-10-09 22:53:25,430 [INFO] Época 5/30, Batch 550/3348, Loss: 0.5139
2025-10-09 22:53:25,696 [INFO] Época 5/30, Batch 600/3348, Loss: 0.3828
2025-10-09 22:53:25,959 [INFO] Época 5/30, Batch 650/3348, Loss: 0.4385
2025-10-09 22:53:26,215 [INFO] Época 5/30, Batch 700/3348, Loss: 0.2995
2025-10-09 22:53:26,471 [INFO] Época 5/30, Batch 750/3348, Loss: 0.4083
2025-10-09 22:53:26,740 [INFO] Época 5/30, Batch 800/3348, Loss: 0.3792
2025-10-09 22:53:26,997 [INFO] Época 5/30, Batch 850/3348, Loss: 0.2515
2025-10-09 22:53:27,256 [INFO] Época 5/30, Batch 900/3348, Loss: 0.4947
2025-10-09 22:53:27,512 [INFO] Época 5/30, Batch 950/3348, Loss: 0.2634
2025-10-09 22:53:27,769 [INFO] Época 5/30, Batch 1000/3348, Loss: 0.4625
2025-10-09 22:53:28,027 [INFO] Época 5/30, Batch 1050/3348, Loss: 0.5813
2025-10-09 22:53:28,285 [INFO] Época 5/30, Batch 1100/3348, Loss: 0.3509
2025-10-09 22:53:28,545 [INFO] Época 5/30, Batch 1150/3348, Loss: 0.3306
2025-10-09 22:53:28,812 [INFO] Época 5/30, Batch 1200/3348, Loss: 0.4405
2025-10-09 22:53:29,093 [INFO] Época 5/30, Batch 1250/3348, Loss: 0.3117
2025-10-09 22:53:29,362 [INFO] Época 5/30, Batch 1300/3348, Loss: 0.4084
2025-10-09 22:53:29,632 [INFO] Época 5/30, Batch 1350/3348, Loss: 0.2780
2025-10-09 22:53:29,900 [INFO] Época 5/30, Batch 1400/3348, Loss: 0.3418
2025-10-09 22:53:30,165 [INFO] Época 5/30, Batch 1450/3348, Loss: 0.3030
2025-10-09 22:53:30,430 [INFO] Época 5/30, Batch 1500/3348, Loss: 0.4066
2025-10-09 22:53:30,700 [INFO] Época 5/30, Batch 1550/3348, Loss: 0.4133
2025-10-09 22:53:30,978 [INFO] Época 5/30, Batch 1600/3348, Loss: 0.3627
2025-10-09 22:53:31,254 [INFO] Época 5/30, Batch 1650/3348, Loss: 0.3573
2025-10-09 22:53:31,527 [INFO] Época 5/30, Batch 1700/3348, Loss: 0.3058
2025-10-09 22:53:31,796 [INFO] Época 5/30, Batch 1750/3348, Loss: 0.4917
2025-10-09 22:53:32,065 [INFO] Época 5/30, Batch 1800/3348, Loss: 0.4951
2025-10-09 22:53:32,331 [INFO] Época 5/30, Batch 1850/3348, Loss: 0.4274
2025-10-09 22:53:32,597 [INFO] Época 5/30, Batch 1900/3348, Loss: 0.4681
2025-10-09 22:53:32,862 [INFO] Época 5/30, Batch 1950/3348, Loss: 0.3877
2025-10-09 22:53:33,129 [INFO] Época 5/30, Batch 2000/3348, Loss: 0.3829
2025-10-09 22:53:33,400 [INFO] Época 5/30, Batch 2050/3348, Loss: 0.3209
2025-10-09 22:53:33,670 [INFO] Época 5/30, Batch 2100/3348, Loss: 0.2843
2025-10-09 22:53:33,936 [INFO] Época 5/30, Batch 2150/3348, Loss: 0.4226
2025-10-09 22:53:34,201 [INFO] Época 5/30, Batch 2200/3348, Loss: 0.2958
2025-10-09 22:53:34,464 [INFO] Época 5/30, Batch 2250/3348, Loss: 0.4278
2025-10-09 22:53:34,728 [INFO] Época 5/30, Batch 2300/3348, Loss: 0.3403
2025-10-09 22:53:34,997 [INFO] Época 5/30, Batch 2350/3348, Loss: 0.4175
2025-10-09 22:53:35,271 [INFO] Época 5/30, Batch 2400/3348, Loss: 0.3546
2025-10-09 22:53:35,543 [INFO] Época 5/30, Batch 2450/3348, Loss: 0.4139
2025-10-09 22:53:35,816 [INFO] Época 5/30, Batch 2500/3348, Loss: 0.4366
2025-10-09 22:53:36,088 [INFO] Época 5/30, Batch 2550/3348, Loss: 0.5366
2025-10-09 22:53:36,362 [INFO] Época 5/30, Batch 2600/3348, Loss: 0.4417
2025-10-09 22:53:36,636 [INFO] Época 5/30, Batch 2650/3348, Loss: 0.3576
2025-10-09 22:53:36,910 [INFO] Época 5/30, Batch 2700/3348, Loss: 0.4045
2025-10-09 22:53:37,182 [INFO] Época 5/30, Batch 2750/3348, Loss: 0.3754
2025-10-09 22:53:37,453 [INFO] Época 5/30, Batch 2800/3348, Loss: 0.2858
2025-10-09 22:53:37,723 [INFO] Época 5/30, Batch 2850/3348, Loss: 0.3627
2025-10-09 22:53:37,992 [INFO] Época 5/30, Batch 2900/3348, Loss: 0.3555
2025-10-09 22:53:38,257 [INFO] Época 5/30, Batch 2950/3348, Loss: 0.3917
2025-10-09 22:53:38,522 [INFO] Época 5/30, Batch 3000/3348, Loss: 0.4202
2025-10-09 22:53:38,786 [INFO] Época 5/30, Batch 3050/3348, Loss: 0.4724
2025-10-09 22:53:39,052 [INFO] Época 5/30, Batch 3100/3348, Loss: 0.3732
2025-10-09 22:53:39,318 [INFO] Época 5/30, Batch 3150/3348, Loss: 0.4376
2025-10-09 22:53:39,583 [INFO] Época 5/30, Batch 3200/3348, Loss: 0.2916
2025-10-09 22:53:39,846 [INFO] Época 5/30, Batch 3250/3348, Loss: 0.3231
2025-10-09 22:53:40,112 [INFO] Época 5/30, Batch 3300/3348, Loss: 0.2827
2025-10-09 22:53:42,027 [INFO] [5/30] Train Loss: 0.3907 | Val Loss: 0.3867 | Tempo: 19.95s
2025-10-09 22:53:42,660 [INFO] Época 6/30, Batch 50/3348, Loss: 0.3155
2025-10-09 22:53:42,932 [INFO] Época 6/30, Batch 100/3348, Loss: 0.3585
2025-10-09 22:53:43,203 [INFO] Época 6/30, Batch 150/3348, Loss: 0.3231
2025-10-09 22:53:43,475 [INFO] Época 6/30, Batch 200/3348, Loss: 0.2812
2025-10-09 22:53:43,745 [INFO] Época 6/30, Batch 250/3348, Loss: 0.4315
2025-10-09 22:53:44,015 [INFO] Época 6/30, Batch 300/3348, Loss: 0.4222
2025-10-09 22:53:44,281 [INFO] Época 6/30, Batch 350/3348, Loss: 0.4368
2025-10-09 22:53:44,548 [INFO] Época 6/30, Batch 400/3348, Loss: 0.3793
2025-10-09 22:53:44,816 [INFO] Época 6/30, Batch 450/3348, Loss: 0.3398
2025-10-09 22:53:45,083 [INFO] Época 6/30, Batch 500/3348, Loss: 0.4064
2025-10-09 22:53:45,350 [INFO] Época 6/30, Batch 550/3348, Loss: 0.3077
2025-10-09 22:53:45,618 [INFO] Época 6/30, Batch 600/3348, Loss: 0.2518
2025-10-09 22:53:45,878 [INFO] Época 6/30, Batch 650/3348, Loss: 0.2570
2025-10-09 22:53:46,132 [INFO] Época 6/30, Batch 700/3348, Loss: 0.3509
2025-10-09 22:53:46,387 [INFO] Época 6/30, Batch 750/3348, Loss: 0.4469
2025-10-09 22:53:46,647 [INFO] Época 6/30, Batch 800/3348, Loss: 0.3407
2025-10-09 22:53:46,912 [INFO] Época 6/30, Batch 850/3348, Loss: 0.3253
2025-10-09 22:53:47,176 [INFO] Época 6/30, Batch 900/3348, Loss: 0.4837
2025-10-09 22:53:47,439 [INFO] Época 6/30, Batch 950/3348, Loss: 0.4056
2025-10-09 22:53:47,702 [INFO] Época 6/30, Batch 1000/3348, Loss: 0.4086
2025-10-09 22:53:47,965 [INFO] Época 6/30, Batch 1050/3348, Loss: 0.3865
2025-10-09 22:53:48,230 [INFO] Época 6/30, Batch 1100/3348, Loss: 0.4037
2025-10-09 22:53:48,492 [INFO] Época 6/30, Batch 1150/3348, Loss: 0.3778
2025-10-09 22:53:48,756 [INFO] Época 6/30, Batch 1200/3348, Loss: 0.3986
2025-10-09 22:53:49,021 [INFO] Época 6/30, Batch 1250/3348, Loss: 0.4459
2025-10-09 22:53:49,287 [INFO] Época 6/30, Batch 1300/3348, Loss: 0.4384
2025-10-09 22:53:49,553 [INFO] Época 6/30, Batch 1350/3348, Loss: 0.3978
2025-10-09 22:53:49,820 [INFO] Época 6/30, Batch 1400/3348, Loss: 0.3616
2025-10-09 22:53:50,088 [INFO] Época 6/30, Batch 1450/3348, Loss: 0.3595
2025-10-09 22:53:50,353 [INFO] Época 6/30, Batch 1500/3348, Loss: 0.3392
2025-10-09 22:53:50,619 [INFO] Época 6/30, Batch 1550/3348, Loss: 0.4391
2025-10-09 22:53:50,887 [INFO] Época 6/30, Batch 1600/3348, Loss: 0.4213
2025-10-09 22:53:51,154 [INFO] Época 6/30, Batch 1650/3348, Loss: 0.3440
2025-10-09 22:53:51,421 [INFO] Época 6/30, Batch 1700/3348, Loss: 0.4024
2025-10-09 22:53:51,688 [INFO] Época 6/30, Batch 1750/3348, Loss: 0.3869
2025-10-09 22:53:51,954 [INFO] Época 6/30, Batch 1800/3348, Loss: 0.5498
2025-10-09 22:53:52,220 [INFO] Época 6/30, Batch 1850/3348, Loss: 0.2821
2025-10-09 22:53:52,487 [INFO] Época 6/30, Batch 1900/3348, Loss: 0.4144
2025-10-09 22:53:52,752 [INFO] Época 6/30, Batch 1950/3348, Loss: 0.3547
2025-10-09 22:53:53,019 [INFO] Época 6/30, Batch 2000/3348, Loss: 0.3451
2025-10-09 22:53:53,284 [INFO] Época 6/30, Batch 2050/3348, Loss: 0.3524
2025-10-09 22:53:53,550 [INFO] Época 6/30, Batch 2100/3348, Loss: 0.3225
2025-10-09 22:53:53,817 [INFO] Época 6/30, Batch 2150/3348, Loss: 0.3739
2025-10-09 22:53:54,083 [INFO] Época 6/30, Batch 2200/3348, Loss: 0.3653
2025-10-09 22:53:54,350 [INFO] Época 6/30, Batch 2250/3348, Loss: 0.3892
2025-10-09 22:53:54,615 [INFO] Época 6/30, Batch 2300/3348, Loss: 0.3999
2025-10-09 22:53:54,882 [INFO] Época 6/30, Batch 2350/3348, Loss: 0.3459
2025-10-09 22:53:55,150 [INFO] Época 6/30, Batch 2400/3348, Loss: 0.3575
2025-10-09 22:53:55,415 [INFO] Época 6/30, Batch 2450/3348, Loss: 0.4047
2025-10-09 22:53:55,682 [INFO] Época 6/30, Batch 2500/3348, Loss: 0.3455
2025-10-09 22:53:55,949 [INFO] Época 6/30, Batch 2550/3348, Loss: 0.2929
2025-10-09 22:53:56,215 [INFO] Época 6/30, Batch 2600/3348, Loss: 0.4484
2025-10-09 22:53:56,482 [INFO] Época 6/30, Batch 2650/3348, Loss: 0.3424
2025-10-09 22:53:56,747 [INFO] Época 6/30, Batch 2700/3348, Loss: 0.2732
2025-10-09 22:53:57,012 [INFO] Época 6/30, Batch 2750/3348, Loss: 0.3621
2025-10-09 22:53:57,280 [INFO] Época 6/30, Batch 2800/3348, Loss: 0.2843
2025-10-09 22:53:57,546 [INFO] Época 6/30, Batch 2850/3348, Loss: 0.4172
2025-10-09 22:53:57,813 [INFO] Época 6/30, Batch 2900/3348, Loss: 0.3554
2025-10-09 22:53:58,078 [INFO] Época 6/30, Batch 2950/3348, Loss: 0.5510
2025-10-09 22:53:58,346 [INFO] Época 6/30, Batch 3000/3348, Loss: 0.4448
2025-10-09 22:53:58,613 [INFO] Época 6/30, Batch 3050/3348, Loss: 0.4024
2025-10-09 22:53:58,878 [INFO] Época 6/30, Batch 3100/3348, Loss: 0.3853
2025-10-09 22:53:59,144 [INFO] Época 6/30, Batch 3150/3348, Loss: 0.4495
2025-10-09 22:53:59,409 [INFO] Época 6/30, Batch 3200/3348, Loss: 0.4719
2025-10-09 22:53:59,677 [INFO] Época 6/30, Batch 3250/3348, Loss: 0.3256
2025-10-09 22:53:59,945 [INFO] Época 6/30, Batch 3300/3348, Loss: 0.3140
2025-10-09 22:54:01,952 [INFO] [6/30] Train Loss: 0.3789 | Val Loss: 0.3787 | Tempo: 19.92s
2025-10-09 22:54:01,958 [INFO] Melhor modelo salvo em: /mnt/hdd/home/jdurao/ToolBox-ChemXAI/models/mlp_qm9_CM_att5_large.pth
2025-10-09 22:54:02,588 [INFO] Época 7/30, Batch 50/3348, Loss: 0.2398
2025-10-09 22:54:02,862 [INFO] Época 7/30, Batch 100/3348, Loss: 0.3933
2025-10-09 22:54:03,134 [INFO] Época 7/30, Batch 150/3348, Loss: 0.3816
2025-10-09 22:54:03,404 [INFO] Época 7/30, Batch 200/3348, Loss: 0.3385
2025-10-09 22:54:03,674 [INFO] Época 7/30, Batch 250/3348, Loss: 0.2539
2025-10-09 22:54:03,944 [INFO] Época 7/30, Batch 300/3348, Loss: 0.3451
2025-10-09 22:54:04,213 [INFO] Época 7/30, Batch 350/3348, Loss: 0.3033
2025-10-09 22:54:04,482 [INFO] Época 7/30, Batch 400/3348, Loss: 0.3380
2025-10-09 22:54:04,750 [INFO] Época 7/30, Batch 450/3348, Loss: 0.2831
2025-10-09 22:54:05,016 [INFO] Época 7/30, Batch 500/3348, Loss: 0.3177
2025-10-09 22:54:05,283 [INFO] Época 7/30, Batch 550/3348, Loss: 0.4943
2025-10-09 22:54:05,550 [INFO] Época 7/30, Batch 600/3348, Loss: 0.3596
2025-10-09 22:54:05,813 [INFO] Época 7/30, Batch 650/3348, Loss: 0.2654
2025-10-09 22:54:06,070 [INFO] Época 7/30, Batch 700/3348, Loss: 0.3211
2025-10-09 22:54:06,325 [INFO] Época 7/30, Batch 750/3348, Loss: 0.3465
2025-10-09 22:54:06,581 [INFO] Época 7/30, Batch 800/3348, Loss: 0.4227
2025-10-09 22:54:06,842 [INFO] Época 7/30, Batch 850/3348, Loss: 0.3528
2025-10-09 22:54:07,098 [INFO] Época 7/30, Batch 900/3348, Loss: 0.2837
2025-10-09 22:54:07,353 [INFO] Época 7/30, Batch 950/3348, Loss: 0.5094
2025-10-09 22:54:07,610 [INFO] Época 7/30, Batch 1000/3348, Loss: 0.2975
2025-10-09 22:54:07,866 [INFO] Época 7/30, Batch 1050/3348, Loss: 0.5074
2025-10-09 22:54:08,120 [INFO] Época 7/30, Batch 1100/3348, Loss: 0.4787
2025-10-09 22:54:08,381 [INFO] Época 7/30, Batch 1150/3348, Loss: 0.4664
2025-10-09 22:54:08,637 [INFO] Época 7/30, Batch 1200/3348, Loss: 0.4066
2025-10-09 22:54:08,901 [INFO] Época 7/30, Batch 1250/3348, Loss: 0.3065
2025-10-09 22:54:09,163 [INFO] Época 7/30, Batch 1300/3348, Loss: 0.3457
2025-10-09 22:54:09,426 [INFO] Época 7/30, Batch 1350/3348, Loss: 0.3247
2025-10-09 22:54:09,693 [INFO] Época 7/30, Batch 1400/3348, Loss: 0.2861
2025-10-09 22:54:09,958 [INFO] Época 7/30, Batch 1450/3348, Loss: 0.3429
2025-10-09 22:54:10,221 [INFO] Época 7/30, Batch 1500/3348, Loss: 0.2959
2025-10-09 22:54:10,484 [INFO] Época 7/30, Batch 1550/3348, Loss: 0.3522
2025-10-09 22:54:10,754 [INFO] Época 7/30, Batch 1600/3348, Loss: 0.5357
2025-10-09 22:54:11,018 [INFO] Época 7/30, Batch 1650/3348, Loss: 0.3240
2025-10-09 22:54:11,280 [INFO] Época 7/30, Batch 1700/3348, Loss: 0.2914
2025-10-09 22:54:11,543 [INFO] Época 7/30, Batch 1750/3348, Loss: 0.3150
2025-10-09 22:54:11,804 [INFO] Época 7/30, Batch 1800/3348, Loss: 0.4354
2025-10-09 22:54:12,066 [INFO] Época 7/30, Batch 1850/3348, Loss: 0.4484
2025-10-09 22:54:12,329 [INFO] Época 7/30, Batch 1900/3348, Loss: 0.3984
2025-10-09 22:54:12,592 [INFO] Época 7/30, Batch 1950/3348, Loss: 0.4453
2025-10-09 22:54:12,855 [INFO] Época 7/30, Batch 2000/3348, Loss: 0.3550
2025-10-09 22:54:13,119 [INFO] Época 7/30, Batch 2050/3348, Loss: 0.2810
2025-10-09 22:54:13,393 [INFO] Época 7/30, Batch 2100/3348, Loss: 0.4074
2025-10-09 22:54:13,658 [INFO] Época 7/30, Batch 2150/3348, Loss: 0.4120
2025-10-09 22:54:13,920 [INFO] Época 7/30, Batch 2200/3348, Loss: 0.4213
2025-10-09 22:54:14,183 [INFO] Época 7/30, Batch 2250/3348, Loss: 0.3149
2025-10-09 22:54:14,447 [INFO] Época 7/30, Batch 2300/3348, Loss: 0.4034
2025-10-09 22:54:14,712 [INFO] Época 7/30, Batch 2350/3348, Loss: 0.3787
2025-10-09 22:54:14,982 [INFO] Época 7/30, Batch 2400/3348, Loss: 0.3670
2025-10-09 22:54:15,250 [INFO] Época 7/30, Batch 2450/3348, Loss: 0.3375
2025-10-09 22:54:15,524 [INFO] Época 7/30, Batch 2500/3348, Loss: 0.3565
2025-10-09 22:54:15,796 [INFO] Época 7/30, Batch 2550/3348, Loss: 0.2738
2025-10-09 22:54:16,059 [INFO] Época 7/30, Batch 2600/3348, Loss: 0.3294
2025-10-09 22:54:16,322 [INFO] Época 7/30, Batch 2650/3348, Loss: 0.3366
2025-10-09 22:54:16,582 [INFO] Época 7/30, Batch 2700/3348, Loss: 0.2847
2025-10-09 22:54:16,844 [INFO] Época 7/30, Batch 2750/3348, Loss: 0.5531
2025-10-09 22:54:17,106 [INFO] Época 7/30, Batch 2800/3348, Loss: 0.4002
2025-10-09 22:54:17,368 [INFO] Época 7/30, Batch 2850/3348, Loss: 0.3448
2025-10-09 22:54:17,631 [INFO] Época 7/30, Batch 2900/3348, Loss: 0.3560
2025-10-09 22:54:17,891 [INFO] Época 7/30, Batch 2950/3348, Loss: 0.2283
2025-10-09 22:54:18,157 [INFO] Época 7/30, Batch 3000/3348, Loss: 0.3449
2025-10-09 22:54:18,416 [INFO] Época 7/30, Batch 3050/3348, Loss: 0.2950
2025-10-09 22:54:18,681 [INFO] Época 7/30, Batch 3100/3348, Loss: 0.4188
2025-10-09 22:54:18,941 [INFO] Época 7/30, Batch 3150/3348, Loss: 0.3715
2025-10-09 22:54:19,202 [INFO] Época 7/30, Batch 3200/3348, Loss: 0.3238
2025-10-09 22:54:19,463 [INFO] Época 7/30, Batch 3250/3348, Loss: 0.3012
2025-10-09 22:54:19,727 [INFO] Época 7/30, Batch 3300/3348, Loss: 0.3673
2025-10-09 22:54:21,682 [INFO] [7/30] Train Loss: 0.3694 | Val Loss: 0.3840 | Tempo: 19.72s
2025-10-09 22:54:22,314 [INFO] Época 8/30, Batch 50/3348, Loss: 0.3667
2025-10-09 22:54:22,586 [INFO] Época 8/30, Batch 100/3348, Loss: 0.4013
2025-10-09 22:54:22,855 [INFO] Época 8/30, Batch 150/3348, Loss: 0.3349
2025-10-09 22:54:23,124 [INFO] Época 8/30, Batch 200/3348, Loss: 0.5099
2025-10-09 22:54:23,404 [INFO] Época 8/30, Batch 250/3348, Loss: 0.3765
2025-10-09 22:54:23,673 [INFO] Época 8/30, Batch 300/3348, Loss: 0.3712
2025-10-09 22:54:23,942 [INFO] Época 8/30, Batch 350/3348, Loss: 0.3439
2025-10-09 22:54:24,212 [INFO] Época 8/30, Batch 400/3348, Loss: 0.4277
2025-10-09 22:54:24,481 [INFO] Época 8/30, Batch 450/3348, Loss: 0.3675
2025-10-09 22:54:24,749 [INFO] Época 8/30, Batch 500/3348, Loss: 0.4591
2025-10-09 22:54:25,016 [INFO] Época 8/30, Batch 550/3348, Loss: 0.3506
2025-10-09 22:54:25,284 [INFO] Época 8/30, Batch 600/3348, Loss: 0.3992
2025-10-09 22:54:25,549 [INFO] Época 8/30, Batch 650/3348, Loss: 0.4187
2025-10-09 22:54:25,813 [INFO] Época 8/30, Batch 700/3348, Loss: 0.3129
2025-10-09 22:54:26,069 [INFO] Época 8/30, Batch 750/3348, Loss: 0.3369
2025-10-09 22:54:26,324 [INFO] Época 8/30, Batch 800/3348, Loss: 0.3261
2025-10-09 22:54:26,582 [INFO] Época 8/30, Batch 850/3348, Loss: 0.3163
2025-10-09 22:54:26,838 [INFO] Época 8/30, Batch 900/3348, Loss: 0.3663
2025-10-09 22:54:27,096 [INFO] Época 8/30, Batch 950/3348, Loss: 0.2821
2025-10-09 22:54:27,352 [INFO] Época 8/30, Batch 1000/3348, Loss: 0.3019
2025-10-09 22:54:27,609 [INFO] Época 8/30, Batch 1050/3348, Loss: 0.3829
2025-10-09 22:54:27,874 [INFO] Época 8/30, Batch 1100/3348, Loss: 0.2746
2025-10-09 22:54:28,144 [INFO] Época 8/30, Batch 1150/3348, Loss: 0.2722
2025-10-09 22:54:28,413 [INFO] Época 8/30, Batch 1200/3348, Loss: 0.3678
2025-10-09 22:54:28,681 [INFO] Época 8/30, Batch 1250/3348, Loss: 0.4388
2025-10-09 22:54:28,948 [INFO] Época 8/30, Batch 1300/3348, Loss: 0.4258
2025-10-09 22:54:29,214 [INFO] Época 8/30, Batch 1350/3348, Loss: 0.3105
2025-10-09 22:54:29,482 [INFO] Época 8/30, Batch 1400/3348, Loss: 0.3474
2025-10-09 22:54:29,748 [INFO] Época 8/30, Batch 1450/3348, Loss: 0.2294
2025-10-09 22:54:30,015 [INFO] Época 8/30, Batch 1500/3348, Loss: 0.3070
2025-10-09 22:54:30,280 [INFO] Época 8/30, Batch 1550/3348, Loss: 0.4076
2025-10-09 22:54:30,549 [INFO] Época 8/30, Batch 1600/3348, Loss: 0.3410
2025-10-09 22:54:30,818 [INFO] Época 8/30, Batch 1650/3348, Loss: 0.2486
2025-10-09 22:54:31,091 [INFO] Época 8/30, Batch 1700/3348, Loss: 0.2944
2025-10-09 22:54:31,362 [INFO] Época 8/30, Batch 1750/3348, Loss: 0.3598
2025-10-09 22:54:31,633 [INFO] Época 8/30, Batch 1800/3348, Loss: 0.3302
2025-10-09 22:54:31,904 [INFO] Época 8/30, Batch 1850/3348, Loss: 0.4066
2025-10-09 22:54:32,172 [INFO] Época 8/30, Batch 1900/3348, Loss: 0.3276
2025-10-09 22:54:32,438 [INFO] Época 8/30, Batch 1950/3348, Loss: 0.4345
2025-10-09 22:54:32,705 [INFO] Época 8/30, Batch 2000/3348, Loss: 0.4307
2025-10-09 22:54:32,974 [INFO] Época 8/30, Batch 2050/3348, Loss: 0.3510
2025-10-09 22:54:33,240 [INFO] Época 8/30, Batch 2100/3348, Loss: 0.3749
2025-10-09 22:54:33,507 [INFO] Época 8/30, Batch 2150/3348, Loss: 0.4352
2025-10-09 22:54:33,775 [INFO] Época 8/30, Batch 2200/3348, Loss: 0.5113
2025-10-09 22:54:34,040 [INFO] Época 8/30, Batch 2250/3348, Loss: 0.4686
2025-10-09 22:54:34,307 [INFO] Época 8/30, Batch 2300/3348, Loss: 0.3612
2025-10-09 22:54:34,573 [INFO] Época 8/30, Batch 2350/3348, Loss: 0.3770
2025-10-09 22:54:34,842 [INFO] Época 8/30, Batch 2400/3348, Loss: 0.4645
2025-10-09 22:54:35,114 [INFO] Época 8/30, Batch 2450/3348, Loss: 0.4005
2025-10-09 22:54:35,383 [INFO] Época 8/30, Batch 2500/3348, Loss: 0.3873
2025-10-09 22:54:35,653 [INFO] Época 8/30, Batch 2550/3348, Loss: 0.3241
2025-10-09 22:54:35,923 [INFO] Época 8/30, Batch 2600/3348, Loss: 0.2554
2025-10-09 22:54:36,191 [INFO] Época 8/30, Batch 2650/3348, Loss: 0.4028
2025-10-09 22:54:36,458 [INFO] Época 8/30, Batch 2700/3348, Loss: 0.3152
2025-10-09 22:54:36,725 [INFO] Época 8/30, Batch 2750/3348, Loss: 0.4648
2025-10-09 22:54:36,994 [INFO] Época 8/30, Batch 2800/3348, Loss: 0.4008
2025-10-09 22:54:37,262 [INFO] Época 8/30, Batch 2850/3348, Loss: 0.2561
2025-10-09 22:54:37,530 [INFO] Época 8/30, Batch 2900/3348, Loss: 0.3705
2025-10-09 22:54:37,802 [INFO] Época 8/30, Batch 2950/3348, Loss: 0.3051
2025-10-09 22:54:38,069 [INFO] Época 8/30, Batch 3000/3348, Loss: 0.3486
2025-10-09 22:54:38,337 [INFO] Época 8/30, Batch 3050/3348, Loss: 0.3953
2025-10-09 22:54:38,604 [INFO] Época 8/30, Batch 3100/3348, Loss: 0.3802
2025-10-09 22:54:38,868 [INFO] Época 8/30, Batch 3150/3348, Loss: 0.3695
2025-10-09 22:54:39,134 [INFO] Época 8/30, Batch 3200/3348, Loss: 0.2397
2025-10-09 22:54:39,403 [INFO] Época 8/30, Batch 3250/3348, Loss: 0.3036
2025-10-09 22:54:39,672 [INFO] Época 8/30, Batch 3300/3348, Loss: 0.3827
2025-10-09 22:54:41,656 [INFO] [8/30] Train Loss: 0.3614 | Val Loss: 0.3675 | Tempo: 19.97s
2025-10-09 22:54:41,662 [INFO] Melhor modelo salvo em: /mnt/hdd/home/jdurao/ToolBox-ChemXAI/models/mlp_qm9_CM_att5_large.pth
2025-10-09 22:54:42,302 [INFO] Época 9/30, Batch 50/3348, Loss: 0.4266
2025-10-09 22:54:42,577 [INFO] Época 9/30, Batch 100/3348, Loss: 0.2893
2025-10-09 22:54:42,850 [INFO] Época 9/30, Batch 150/3348, Loss: 0.3379
2025-10-09 22:54:43,124 [INFO] Época 9/30, Batch 200/3348, Loss: 0.2897
2025-10-09 22:54:43,397 [INFO] Época 9/30, Batch 250/3348, Loss: 0.3283
2025-10-09 22:54:43,668 [INFO] Época 9/30, Batch 300/3348, Loss: 0.3881
2025-10-09 22:54:43,938 [INFO] Época 9/30, Batch 350/3348, Loss: 0.4558
2025-10-09 22:54:44,208 [INFO] Época 9/30, Batch 400/3348, Loss: 0.2661
2025-10-09 22:54:44,479 [INFO] Época 9/30, Batch 450/3348, Loss: 0.4136
2025-10-09 22:54:44,746 [INFO] Época 9/30, Batch 500/3348, Loss: 0.3606
2025-10-09 22:54:45,011 [INFO] Época 9/30, Batch 550/3348, Loss: 0.4916
2025-10-09 22:54:45,277 [INFO] Época 9/30, Batch 600/3348, Loss: 0.3725
2025-10-09 22:54:45,543 [INFO] Época 9/30, Batch 650/3348, Loss: 0.3791
2025-10-09 22:54:45,808 [INFO] Época 9/30, Batch 700/3348, Loss: 0.3185
2025-10-09 22:54:46,073 [INFO] Época 9/30, Batch 750/3348, Loss: 0.4497
2025-10-09 22:54:46,338 [INFO] Época 9/30, Batch 800/3348, Loss: 0.3028
2025-10-09 22:54:46,604 [INFO] Época 9/30, Batch 850/3348, Loss: 0.3264
2025-10-09 22:54:46,870 [INFO] Época 9/30, Batch 900/3348, Loss: 0.3401
2025-10-09 22:54:47,136 [INFO] Época 9/30, Batch 950/3348, Loss: 0.3745
2025-10-09 22:54:47,402 [INFO] Época 9/30, Batch 1000/3348, Loss: 0.3763
2025-10-09 22:54:47,667 [INFO] Época 9/30, Batch 1050/3348, Loss: 0.3433
2025-10-09 22:54:47,936 [INFO] Época 9/30, Batch 1100/3348, Loss: 0.3356
2025-10-09 22:54:48,203 [INFO] Época 9/30, Batch 1150/3348, Loss: 0.2935
2025-10-09 22:54:48,473 [INFO] Época 9/30, Batch 1200/3348, Loss: 0.3959
2025-10-09 22:54:48,739 [INFO] Época 9/30, Batch 1250/3348, Loss: 0.3277
2025-10-09 22:54:49,006 [INFO] Época 9/30, Batch 1300/3348, Loss: 0.2532
2025-10-09 22:54:49,271 [INFO] Época 9/30, Batch 1350/3348, Loss: 0.2955
2025-10-09 22:54:49,537 [INFO] Época 9/30, Batch 1400/3348, Loss: 0.3020
2025-10-09 22:54:49,805 [INFO] Época 9/30, Batch 1450/3348, Loss: 0.3458
2025-10-09 22:54:50,072 [INFO] Época 9/30, Batch 1500/3348, Loss: 0.3944
2025-10-09 22:54:50,339 [INFO] Época 9/30, Batch 1550/3348, Loss: 0.2515
2025-10-09 22:54:50,607 [INFO] Época 9/30, Batch 1600/3348, Loss: 0.3618
2025-10-09 22:54:50,874 [INFO] Época 9/30, Batch 1650/3348, Loss: 0.3019
2025-10-09 22:54:51,142 [INFO] Época 9/30, Batch 1700/3348, Loss: 0.2423
2025-10-09 22:54:51,407 [INFO] Época 9/30, Batch 1750/3348, Loss: 0.3164
2025-10-09 22:54:51,672 [INFO] Época 9/30, Batch 1800/3348, Loss: 0.3982
2025-10-09 22:54:51,938 [INFO] Época 9/30, Batch 1850/3348, Loss: 0.4199
2025-10-09 22:54:52,205 [INFO] Época 9/30, Batch 1900/3348, Loss: 0.2788
2025-10-09 22:54:52,472 [INFO] Época 9/30, Batch 1950/3348, Loss: 0.3199
2025-10-09 22:54:52,739 [INFO] Época 9/30, Batch 2000/3348, Loss: 0.3030
2025-10-09 22:54:53,005 [INFO] Época 9/30, Batch 2050/3348, Loss: 0.3361
2025-10-09 22:54:53,273 [INFO] Época 9/30, Batch 2100/3348, Loss: 0.3063
2025-10-09 22:54:53,539 [INFO] Época 9/30, Batch 2150/3348, Loss: 0.3816
2025-10-09 22:54:53,809 [INFO] Época 9/30, Batch 2200/3348, Loss: 0.2730
2025-10-09 22:54:54,079 [INFO] Época 9/30, Batch 2250/3348, Loss: 0.3207
2025-10-09 22:54:54,347 [INFO] Época 9/30, Batch 2300/3348, Loss: 0.3468
2025-10-09 22:54:54,614 [INFO] Época 9/30, Batch 2350/3348, Loss: 0.2686
2025-10-09 22:54:54,881 [INFO] Época 9/30, Batch 2400/3348, Loss: 0.4811
2025-10-09 22:54:55,148 [INFO] Época 9/30, Batch 2450/3348, Loss: 0.4623
2025-10-09 22:54:55,417 [INFO] Época 9/30, Batch 2500/3348, Loss: 0.3383
2025-10-09 22:54:55,685 [INFO] Época 9/30, Batch 2550/3348, Loss: 0.3404
2025-10-09 22:54:55,954 [INFO] Época 9/30, Batch 2600/3348, Loss: 0.3815
2025-10-09 22:54:56,221 [INFO] Época 9/30, Batch 2650/3348, Loss: 0.2704
2025-10-09 22:54:56,489 [INFO] Época 9/30, Batch 2700/3348, Loss: 0.3678
2025-10-09 22:54:56,758 [INFO] Época 9/30, Batch 2750/3348, Loss: 0.2781
2025-10-09 22:54:57,024 [INFO] Época 9/30, Batch 2800/3348, Loss: 0.4121
2025-10-09 22:54:57,289 [INFO] Época 9/30, Batch 2850/3348, Loss: 0.3416
2025-10-09 22:54:57,555 [INFO] Época 9/30, Batch 2900/3348, Loss: 0.3512
2025-10-09 22:54:57,823 [INFO] Época 9/30, Batch 2950/3348, Loss: 0.2993
2025-10-09 22:54:58,093 [INFO] Época 9/30, Batch 3000/3348, Loss: 0.3137
2025-10-09 22:54:58,362 [INFO] Época 9/30, Batch 3050/3348, Loss: 0.3782
2025-10-09 22:54:58,628 [INFO] Época 9/30, Batch 3100/3348, Loss: 0.3780
2025-10-09 22:54:58,895 [INFO] Época 9/30, Batch 3150/3348, Loss: 0.3556
2025-10-09 22:54:59,161 [INFO] Época 9/30, Batch 3200/3348, Loss: 0.2912
2025-10-09 22:54:59,430 [INFO] Época 9/30, Batch 3250/3348, Loss: 0.2807
2025-10-09 22:54:59,697 [INFO] Época 9/30, Batch 3300/3348, Loss: 0.2694
2025-10-09 22:55:01,674 [INFO] [9/30] Train Loss: 0.3537 | Val Loss: 0.3598 | Tempo: 20.01s
2025-10-09 22:55:01,680 [INFO] Melhor modelo salvo em: /mnt/hdd/home/jdurao/ToolBox-ChemXAI/models/mlp_qm9_CM_att5_large.pth
2025-10-09 22:55:02,327 [INFO] Época 10/30, Batch 50/3348, Loss: 0.4299
2025-10-09 22:55:02,603 [INFO] Época 10/30, Batch 100/3348, Loss: 0.3860
2025-10-09 22:55:02,882 [INFO] Época 10/30, Batch 150/3348, Loss: 0.3520
2025-10-09 22:55:03,155 [INFO] Época 10/30, Batch 200/3348, Loss: 0.3190
2025-10-09 22:55:03,424 [INFO] Época 10/30, Batch 250/3348, Loss: 0.2660
2025-10-09 22:55:03,696 [INFO] Época 10/30, Batch 300/3348, Loss: 0.4849
2025-10-09 22:55:03,974 [INFO] Época 10/30, Batch 350/3348, Loss: 0.3526
2025-10-09 22:55:04,251 [INFO] Época 10/30, Batch 400/3348, Loss: 0.3321
2025-10-09 22:55:04,525 [INFO] Época 10/30, Batch 450/3348, Loss: 0.3755
2025-10-09 22:55:04,802 [INFO] Época 10/30, Batch 500/3348, Loss: 0.3086
2025-10-09 22:55:05,083 [INFO] Época 10/30, Batch 550/3348, Loss: 0.4148
2025-10-09 22:55:05,366 [INFO] Época 10/30, Batch 600/3348, Loss: 0.3524
2025-10-09 22:55:05,642 [INFO] Época 10/30, Batch 650/3348, Loss: 0.3485
2025-10-09 22:55:05,927 [INFO] Época 10/30, Batch 700/3348, Loss: 0.3334
2025-10-09 22:55:06,213 [INFO] Época 10/30, Batch 750/3348, Loss: 0.2724
2025-10-09 22:55:06,486 [INFO] Época 10/30, Batch 800/3348, Loss: 0.3590
2025-10-09 22:55:06,759 [INFO] Época 10/30, Batch 850/3348, Loss: 0.4213
2025-10-09 22:55:07,035 [INFO] Época 10/30, Batch 900/3348, Loss: 0.3206
2025-10-09 22:55:07,316 [INFO] Época 10/30, Batch 950/3348, Loss: 0.3623
2025-10-09 22:55:07,603 [INFO] Época 10/30, Batch 1000/3348, Loss: 0.3566
2025-10-09 22:55:07,889 [INFO] Época 10/30, Batch 1050/3348, Loss: 0.4469
2025-10-09 22:55:08,163 [INFO] Época 10/30, Batch 1100/3348, Loss: 0.3018
2025-10-09 22:55:08,431 [INFO] Época 10/30, Batch 1150/3348, Loss: 0.3082
2025-10-09 22:55:08,698 [INFO] Época 10/30, Batch 1200/3348, Loss: 0.3836
2025-10-09 22:55:08,964 [INFO] Época 10/30, Batch 1250/3348, Loss: 0.2894
2025-10-09 22:55:09,231 [INFO] Época 10/30, Batch 1300/3348, Loss: 0.2793
2025-10-09 22:55:09,498 [INFO] Época 10/30, Batch 1350/3348, Loss: 0.3633
2025-10-09 22:55:09,762 [INFO] Época 10/30, Batch 1400/3348, Loss: 0.4008
2025-10-09 22:55:10,029 [INFO] Época 10/30, Batch 1450/3348, Loss: 0.3507
2025-10-09 22:55:10,298 [INFO] Época 10/30, Batch 1500/3348, Loss: 0.2628
2025-10-09 22:55:10,566 [INFO] Época 10/30, Batch 1550/3348, Loss: 0.2743
2025-10-09 22:55:10,836 [INFO] Época 10/30, Batch 1600/3348, Loss: 0.3387
2025-10-09 22:55:11,103 [INFO] Época 10/30, Batch 1650/3348, Loss: 0.2964
2025-10-09 22:55:11,369 [INFO] Época 10/30, Batch 1700/3348, Loss: 0.2990
2025-10-09 22:55:11,637 [INFO] Época 10/30, Batch 1750/3348, Loss: 0.3220
2025-10-09 22:55:11,904 [INFO] Época 10/30, Batch 1800/3348, Loss: 0.2757
2025-10-09 22:55:12,172 [INFO] Época 10/30, Batch 1850/3348, Loss: 0.3883
2025-10-09 22:55:12,440 [INFO] Época 10/30, Batch 1900/3348, Loss: 0.3950
2025-10-09 22:55:12,704 [INFO] Época 10/30, Batch 1950/3348, Loss: 0.3174
2025-10-09 22:55:12,970 [INFO] Época 10/30, Batch 2000/3348, Loss: 0.3685
2025-10-09 22:55:13,237 [INFO] Época 10/30, Batch 2050/3348, Loss: 0.2855
2025-10-09 22:55:13,504 [INFO] Época 10/30, Batch 2100/3348, Loss: 0.3382
2025-10-09 22:55:13,770 [INFO] Época 10/30, Batch 2150/3348, Loss: 0.4707
2025-10-09 22:55:14,038 [INFO] Época 10/30, Batch 2200/3348, Loss: 0.4177
2025-10-09 22:55:14,306 [INFO] Época 10/30, Batch 2250/3348, Loss: 0.2829
2025-10-09 22:55:14,572 [INFO] Época 10/30, Batch 2300/3348, Loss: 0.4280
2025-10-09 22:55:14,838 [INFO] Época 10/30, Batch 2350/3348, Loss: 0.3132
2025-10-09 22:55:15,106 [INFO] Época 10/30, Batch 2400/3348, Loss: 0.4014
2025-10-09 22:55:15,375 [INFO] Época 10/30, Batch 2450/3348, Loss: 0.2958
2025-10-09 22:55:15,646 [INFO] Época 10/30, Batch 2500/3348, Loss: 0.4444
2025-10-09 22:55:15,913 [INFO] Época 10/30, Batch 2550/3348, Loss: 0.3580
2025-10-09 22:55:16,179 [INFO] Época 10/30, Batch 2600/3348, Loss: 0.4877
2025-10-09 22:55:16,443 [INFO] Época 10/30, Batch 2650/3348, Loss: 0.4176
2025-10-09 22:55:16,708 [INFO] Época 10/30, Batch 2700/3348, Loss: 0.4171
2025-10-09 22:55:16,975 [INFO] Época 10/30, Batch 2750/3348, Loss: 0.3825
2025-10-09 22:55:17,241 [INFO] Época 10/30, Batch 2800/3348, Loss: 0.4037
2025-10-09 22:55:17,509 [INFO] Época 10/30, Batch 2850/3348, Loss: 0.3892
2025-10-09 22:55:17,776 [INFO] Época 10/30, Batch 2900/3348, Loss: 0.3510
2025-10-09 22:55:18,041 [INFO] Época 10/30, Batch 2950/3348, Loss: 0.2368
2025-10-09 22:55:18,306 [INFO] Época 10/30, Batch 3000/3348, Loss: 0.3526
2025-10-09 22:55:18,572 [INFO] Época 10/30, Batch 3050/3348, Loss: 0.3443
2025-10-09 22:55:18,838 [INFO] Época 10/30, Batch 3100/3348, Loss: 0.3790
2025-10-09 22:55:19,104 [INFO] Época 10/30, Batch 3150/3348, Loss: 0.3143
2025-10-09 22:55:19,369 [INFO] Época 10/30, Batch 3200/3348, Loss: 0.3386
2025-10-09 22:55:19,636 [INFO] Época 10/30, Batch 3250/3348, Loss: 0.2085
2025-10-09 22:55:19,903 [INFO] Época 10/30, Batch 3300/3348, Loss: 0.3310
2025-10-09 22:55:21,935 [INFO] [10/30] Train Loss: 0.3471 | Val Loss: 0.3603 | Tempo: 20.26s
2025-10-09 22:55:22,572 [INFO] Época 11/30, Batch 50/3348, Loss: 0.3160
2025-10-09 22:55:22,843 [INFO] Época 11/30, Batch 100/3348, Loss: 0.4048
2025-10-09 22:55:23,112 [INFO] Época 11/30, Batch 150/3348, Loss: 0.2581
2025-10-09 22:55:23,382 [INFO] Época 11/30, Batch 200/3348, Loss: 0.3131
2025-10-09 22:55:23,657 [INFO] Época 11/30, Batch 250/3348, Loss: 0.3105
2025-10-09 22:55:23,930 [INFO] Época 11/30, Batch 300/3348, Loss: 0.2570
2025-10-09 22:55:24,203 [INFO] Época 11/30, Batch 350/3348, Loss: 0.3023
2025-10-09 22:55:24,475 [INFO] Época 11/30, Batch 400/3348, Loss: 0.3834
2025-10-09 22:55:24,746 [INFO] Época 11/30, Batch 450/3348, Loss: 0.3492
2025-10-09 22:55:25,018 [INFO] Época 11/30, Batch 500/3348, Loss: 0.3413
2025-10-09 22:55:25,289 [INFO] Época 11/30, Batch 550/3348, Loss: 0.5393
2025-10-09 22:55:25,560 [INFO] Época 11/30, Batch 600/3348, Loss: 0.3841
2025-10-09 22:55:25,831 [INFO] Época 11/30, Batch 650/3348, Loss: 0.3439
2025-10-09 22:55:26,101 [INFO] Época 11/30, Batch 700/3348, Loss: 0.2904
2025-10-09 22:55:26,371 [INFO] Época 11/30, Batch 750/3348, Loss: 0.3337
2025-10-09 22:55:26,641 [INFO] Época 11/30, Batch 800/3348, Loss: 0.4392
2025-10-09 22:55:26,906 [INFO] Época 11/30, Batch 850/3348, Loss: 0.3566
2025-10-09 22:55:27,175 [INFO] Época 11/30, Batch 900/3348, Loss: 0.2725
2025-10-09 22:55:27,446 [INFO] Época 11/30, Batch 950/3348, Loss: 0.2386
2025-10-09 22:55:27,719 [INFO] Época 11/30, Batch 1000/3348, Loss: 0.3084
2025-10-09 22:55:27,981 [INFO] Época 11/30, Batch 1050/3348, Loss: 0.3598
2025-10-09 22:55:28,244 [INFO] Época 11/30, Batch 1100/3348, Loss: 0.2568
2025-10-09 22:55:28,510 [INFO] Época 11/30, Batch 1150/3348, Loss: 0.3602
2025-10-09 22:55:28,782 [INFO] Época 11/30, Batch 1200/3348, Loss: 0.3376
2025-10-09 22:55:29,052 [INFO] Época 11/30, Batch 1250/3348, Loss: 0.3654
2025-10-09 22:55:29,324 [INFO] Época 11/30, Batch 1300/3348, Loss: 0.2931
2025-10-09 22:55:29,594 [INFO] Época 11/30, Batch 1350/3348, Loss: 0.3264
2025-10-09 22:55:29,862 [INFO] Época 11/30, Batch 1400/3348, Loss: 0.3516
2025-10-09 22:55:30,125 [INFO] Época 11/30, Batch 1450/3348, Loss: 0.2877
2025-10-09 22:55:30,387 [INFO] Época 11/30, Batch 1500/3348, Loss: 0.3231
2025-10-09 22:55:30,652 [INFO] Época 11/30, Batch 1550/3348, Loss: 0.3730
2025-10-09 22:55:30,914 [INFO] Época 11/30, Batch 1600/3348, Loss: 0.4100
2025-10-09 22:55:31,176 [INFO] Época 11/30, Batch 1650/3348, Loss: 0.3933
2025-10-09 22:55:31,438 [INFO] Época 11/30, Batch 1700/3348, Loss: 0.3725
2025-10-09 22:55:31,701 [INFO] Época 11/30, Batch 1750/3348, Loss: 0.3937
2025-10-09 22:55:31,965 [INFO] Época 11/30, Batch 1800/3348, Loss: 0.4172
2025-10-09 22:55:32,228 [INFO] Época 11/30, Batch 1850/3348, Loss: 0.3249
2025-10-09 22:55:32,490 [INFO] Época 11/30, Batch 1900/3348, Loss: 0.3374
2025-10-09 22:55:32,756 [INFO] Época 11/30, Batch 1950/3348, Loss: 0.3664
2025-10-09 22:55:33,026 [INFO] Época 11/30, Batch 2000/3348, Loss: 0.3587
2025-10-09 22:55:33,297 [INFO] Época 11/30, Batch 2050/3348, Loss: 0.3233
2025-10-09 22:55:33,568 [INFO] Época 11/30, Batch 2100/3348, Loss: 0.3101
2025-10-09 22:55:33,838 [INFO] Época 11/30, Batch 2150/3348, Loss: 0.3900
2025-10-09 22:55:34,108 [INFO] Época 11/30, Batch 2200/3348, Loss: 0.4109
2025-10-09 22:55:34,379 [INFO] Época 11/30, Batch 2250/3348, Loss: 0.3301
2025-10-09 22:55:34,650 [INFO] Época 11/30, Batch 2300/3348, Loss: 0.2994
2025-10-09 22:55:34,921 [INFO] Época 11/30, Batch 2350/3348, Loss: 0.3276
2025-10-09 22:55:35,190 [INFO] Época 11/30, Batch 2400/3348, Loss: 0.3485
2025-10-09 22:55:35,456 [INFO] Época 11/30, Batch 2450/3348, Loss: 0.3633
2025-10-09 22:55:35,719 [INFO] Época 11/30, Batch 2500/3348, Loss: 0.2120
2025-10-09 22:55:35,983 [INFO] Época 11/30, Batch 2550/3348, Loss: 0.2935
2025-10-09 22:55:36,246 [INFO] Época 11/30, Batch 2600/3348, Loss: 0.3855
2025-10-09 22:55:36,510 [INFO] Época 11/30, Batch 2650/3348, Loss: 0.3533
2025-10-09 22:55:36,773 [INFO] Época 11/30, Batch 2700/3348, Loss: 0.4663
2025-10-09 22:55:37,035 [INFO] Época 11/30, Batch 2750/3348, Loss: 0.3851
2025-10-09 22:55:37,299 [INFO] Época 11/30, Batch 2800/3348, Loss: 0.3370
2025-10-09 22:55:37,563 [INFO] Época 11/30, Batch 2850/3348, Loss: 0.3831
2025-10-09 22:55:37,826 [INFO] Época 11/30, Batch 2900/3348, Loss: 0.3072
2025-10-09 22:55:38,089 [INFO] Época 11/30, Batch 2950/3348, Loss: 0.4851
2025-10-09 22:55:38,351 [INFO] Época 11/30, Batch 3000/3348, Loss: 0.3703
2025-10-09 22:55:38,617 [INFO] Época 11/30, Batch 3050/3348, Loss: 0.3623
2025-10-09 22:55:38,880 [INFO] Época 11/30, Batch 3100/3348, Loss: 0.3512
2025-10-09 22:55:39,144 [INFO] Época 11/30, Batch 3150/3348, Loss: 0.3320
2025-10-09 22:55:39,406 [INFO] Época 11/30, Batch 3200/3348, Loss: 0.4392
2025-10-09 22:55:39,669 [INFO] Época 11/30, Batch 3250/3348, Loss: 0.3222
2025-10-09 22:55:39,936 [INFO] Época 11/30, Batch 3300/3348, Loss: 0.3718
2025-10-09 22:55:41,962 [INFO] [11/30] Train Loss: 0.3414 | Val Loss: 0.3813 | Tempo: 20.03s
2025-10-09 22:55:42,605 [INFO] Época 12/30, Batch 50/3348, Loss: 0.3759
2025-10-09 22:55:42,878 [INFO] Época 12/30, Batch 100/3348, Loss: 0.3180
2025-10-09 22:55:43,153 [INFO] Época 12/30, Batch 150/3348, Loss: 0.3943
2025-10-09 22:55:43,425 [INFO] Época 12/30, Batch 200/3348, Loss: 0.3423
2025-10-09 22:55:43,697 [INFO] Época 12/30, Batch 250/3348, Loss: 0.3916
2025-10-09 22:55:43,965 [INFO] Época 12/30, Batch 300/3348, Loss: 0.2241
2025-10-09 22:55:44,231 [INFO] Época 12/30, Batch 350/3348, Loss: 0.3203
2025-10-09 22:55:44,497 [INFO] Época 12/30, Batch 400/3348, Loss: 0.2629
2025-10-09 22:55:44,765 [INFO] Época 12/30, Batch 450/3348, Loss: 0.3259
2025-10-09 22:55:45,031 [INFO] Época 12/30, Batch 500/3348, Loss: 0.4346
2025-10-09 22:55:45,300 [INFO] Época 12/30, Batch 550/3348, Loss: 0.3549
2025-10-09 22:55:45,567 [INFO] Época 12/30, Batch 600/3348, Loss: 0.3398
2025-10-09 22:55:45,834 [INFO] Época 12/30, Batch 650/3348, Loss: 0.2898
2025-10-09 22:55:46,097 [INFO] Época 12/30, Batch 700/3348, Loss: 0.4924
2025-10-09 22:55:46,362 [INFO] Época 12/30, Batch 750/3348, Loss: 0.3565
2025-10-09 22:55:46,629 [INFO] Época 12/30, Batch 800/3348, Loss: 0.3209
2025-10-09 22:55:46,895 [INFO] Época 12/30, Batch 850/3348, Loss: 0.4519
2025-10-09 22:55:47,162 [INFO] Época 12/30, Batch 900/3348, Loss: 0.2874
2025-10-09 22:55:47,428 [INFO] Época 12/30, Batch 950/3348, Loss: 0.3754
2025-10-09 22:55:47,694 [INFO] Época 12/30, Batch 1000/3348, Loss: 0.4752
2025-10-09 22:55:47,965 [INFO] Época 12/30, Batch 1050/3348, Loss: 0.3271
2025-10-09 22:55:48,230 [INFO] Época 12/30, Batch 1100/3348, Loss: 0.2372
2025-10-09 22:55:48,496 [INFO] Época 12/30, Batch 1150/3348, Loss: 0.2676
2025-10-09 22:55:48,760 [INFO] Época 12/30, Batch 1200/3348, Loss: 0.3419
2025-10-09 22:55:49,027 [INFO] Época 12/30, Batch 1250/3348, Loss: 0.3845
2025-10-09 22:55:49,294 [INFO] Época 12/30, Batch 1300/3348, Loss: 0.3844
2025-10-09 22:55:49,559 [INFO] Época 12/30, Batch 1350/3348, Loss: 0.2896
2025-10-09 22:55:49,823 [INFO] Época 12/30, Batch 1400/3348, Loss: 0.3447
2025-10-09 22:55:50,086 [INFO] Época 12/30, Batch 1450/3348, Loss: 0.3663
2025-10-09 22:55:50,350 [INFO] Época 12/30, Batch 1500/3348, Loss: 0.3278
2025-10-09 22:55:50,615 [INFO] Época 12/30, Batch 1550/3348, Loss: 0.3707
2025-10-09 22:55:50,878 [INFO] Época 12/30, Batch 1600/3348, Loss: 0.3332
2025-10-09 22:55:51,141 [INFO] Época 12/30, Batch 1650/3348, Loss: 0.3274
2025-10-09 22:55:51,406 [INFO] Época 12/30, Batch 1700/3348, Loss: 0.3239
2025-10-09 22:55:51,671 [INFO] Época 12/30, Batch 1750/3348, Loss: 0.2442
2025-10-09 22:55:51,939 [INFO] Época 12/30, Batch 1800/3348, Loss: 0.2881
2025-10-09 22:55:52,205 [INFO] Época 12/30, Batch 1850/3348, Loss: 0.3945
2025-10-09 22:55:52,471 [INFO] Época 12/30, Batch 1900/3348, Loss: 0.3469
2025-10-09 22:55:52,737 [INFO] Época 12/30, Batch 1950/3348, Loss: 0.3211
2025-10-09 22:55:53,002 [INFO] Época 12/30, Batch 2000/3348, Loss: 0.2709
2025-10-09 22:55:53,267 [INFO] Época 12/30, Batch 2050/3348, Loss: 0.2262
2025-10-09 22:55:53,533 [INFO] Época 12/30, Batch 2100/3348, Loss: 0.2936
2025-10-09 22:55:53,798 [INFO] Época 12/30, Batch 2150/3348, Loss: 0.3509
2025-10-09 22:55:54,065 [INFO] Época 12/30, Batch 2200/3348, Loss: 0.4723
2025-10-09 22:55:54,331 [INFO] Época 12/30, Batch 2250/3348, Loss: 0.2968
2025-10-09 22:55:54,598 [INFO] Época 12/30, Batch 2300/3348, Loss: 0.3011
2025-10-09 22:55:54,865 [INFO] Época 12/30, Batch 2350/3348, Loss: 0.3096
2025-10-09 22:55:55,133 [INFO] Época 12/30, Batch 2400/3348, Loss: 0.3367
2025-10-09 22:55:55,398 [INFO] Época 12/30, Batch 2450/3348, Loss: 0.4033
2025-10-09 22:55:55,664 [INFO] Época 12/30, Batch 2500/3348, Loss: 0.4356
2025-10-09 22:55:55,927 [INFO] Época 12/30, Batch 2550/3348, Loss: 0.2863
2025-10-09 22:55:56,193 [INFO] Época 12/30, Batch 2600/3348, Loss: 0.4502
2025-10-09 22:55:56,457 [INFO] Época 12/30, Batch 2650/3348, Loss: 0.3128
2025-10-09 22:55:56,721 [INFO] Época 12/30, Batch 2700/3348, Loss: 0.2551
2025-10-09 22:55:56,986 [INFO] Época 12/30, Batch 2750/3348, Loss: 0.3139
2025-10-09 22:55:57,250 [INFO] Época 12/30, Batch 2800/3348, Loss: 0.4171
2025-10-09 22:55:57,515 [INFO] Época 12/30, Batch 2850/3348, Loss: 0.3486
2025-10-09 22:55:57,780 [INFO] Época 12/30, Batch 2900/3348, Loss: 0.3733
2025-10-09 22:55:58,044 [INFO] Época 12/30, Batch 2950/3348, Loss: 0.3840
2025-10-09 22:55:58,307 [INFO] Época 12/30, Batch 3000/3348, Loss: 0.2935
2025-10-09 22:55:58,570 [INFO] Época 12/30, Batch 3050/3348, Loss: 0.2736
2025-10-09 22:55:58,835 [INFO] Época 12/30, Batch 3100/3348, Loss: 0.2859
2025-10-09 22:55:59,102 [INFO] Época 12/30, Batch 3150/3348, Loss: 0.3118
2025-10-09 22:55:59,367 [INFO] Época 12/30, Batch 3200/3348, Loss: 0.2501
2025-10-09 22:55:59,631 [INFO] Época 12/30, Batch 3250/3348, Loss: 0.3510
2025-10-09 22:55:59,899 [INFO] Época 12/30, Batch 3300/3348, Loss: 0.3049
2025-10-09 22:56:01,969 [INFO] [12/30] Train Loss: 0.3369 | Val Loss: 0.3615 | Tempo: 20.01s
2025-10-09 22:56:02,608 [INFO] Época 13/30, Batch 50/3348, Loss: 0.2817
2025-10-09 22:56:02,883 [INFO] Época 13/30, Batch 100/3348, Loss: 0.2763
2025-10-09 22:56:03,155 [INFO] Época 13/30, Batch 150/3348, Loss: 0.3077
2025-10-09 22:56:03,428 [INFO] Época 13/30, Batch 200/3348, Loss: 0.3242
2025-10-09 22:56:03,698 [INFO] Época 13/30, Batch 250/3348, Loss: 0.2833
2025-10-09 22:56:03,969 [INFO] Época 13/30, Batch 300/3348, Loss: 0.5273
2025-10-09 22:56:04,237 [INFO] Época 13/30, Batch 350/3348, Loss: 0.4151
2025-10-09 22:56:04,505 [INFO] Época 13/30, Batch 400/3348, Loss: 0.2561
2025-10-09 22:56:04,775 [INFO] Época 13/30, Batch 450/3348, Loss: 0.2914
2025-10-09 22:56:05,044 [INFO] Época 13/30, Batch 500/3348, Loss: 0.3545
2025-10-09 22:56:05,312 [INFO] Época 13/30, Batch 550/3348, Loss: 0.3804
2025-10-09 22:56:05,582 [INFO] Época 13/30, Batch 600/3348, Loss: 0.2772
2025-10-09 22:56:05,849 [INFO] Época 13/30, Batch 650/3348, Loss: 0.2388
2025-10-09 22:56:06,108 [INFO] Época 13/30, Batch 700/3348, Loss: 0.3301
2025-10-09 22:56:06,371 [INFO] Época 13/30, Batch 750/3348, Loss: 0.3132
2025-10-09 22:56:06,636 [INFO] Época 13/30, Batch 800/3348, Loss: 0.3074
2025-10-09 22:56:06,903 [INFO] Época 13/30, Batch 850/3348, Loss: 0.3775
2025-10-09 22:56:07,167 [INFO] Época 13/30, Batch 900/3348, Loss: 0.3494
2025-10-09 22:56:07,432 [INFO] Época 13/30, Batch 950/3348, Loss: 0.3311
2025-10-09 22:56:07,698 [INFO] Época 13/30, Batch 1000/3348, Loss: 0.2748
2025-10-09 22:56:07,962 [INFO] Época 13/30, Batch 1050/3348, Loss: 0.2637
2025-10-09 22:56:08,230 [INFO] Época 13/30, Batch 1100/3348, Loss: 0.2638
2025-10-09 22:56:08,496 [INFO] Época 13/30, Batch 1150/3348, Loss: 0.2958
2025-10-09 22:56:08,763 [INFO] Época 13/30, Batch 1200/3348, Loss: 0.2689
2025-10-09 22:56:09,030 [INFO] Época 13/30, Batch 1250/3348, Loss: 0.3707
2025-10-09 22:56:09,297 [INFO] Época 13/30, Batch 1300/3348, Loss: 0.3026
2025-10-09 22:56:09,567 [INFO] Época 13/30, Batch 1350/3348, Loss: 0.3712
2025-10-09 22:56:09,837 [INFO] Época 13/30, Batch 1400/3348, Loss: 0.3766
2025-10-09 22:56:10,104 [INFO] Época 13/30, Batch 1450/3348, Loss: 0.2407
2025-10-09 22:56:10,374 [INFO] Época 13/30, Batch 1500/3348, Loss: 0.4258
2025-10-09 22:56:10,645 [INFO] Época 13/30, Batch 1550/3348, Loss: 0.2654
2025-10-09 22:56:10,914 [INFO] Época 13/30, Batch 1600/3348, Loss: 0.3437
2025-10-09 22:56:11,182 [INFO] Época 13/30, Batch 1650/3348, Loss: 0.3198
2025-10-09 22:56:11,451 [INFO] Época 13/30, Batch 1700/3348, Loss: 0.3510
2025-10-09 22:56:11,719 [INFO] Época 13/30, Batch 1750/3348, Loss: 0.2951
2025-10-09 22:56:11,986 [INFO] Época 13/30, Batch 1800/3348, Loss: 0.2707
2025-10-09 22:56:12,251 [INFO] Época 13/30, Batch 1850/3348, Loss: 0.2685
2025-10-09 22:56:12,516 [INFO] Época 13/30, Batch 1900/3348, Loss: 0.3218
2025-10-09 22:56:12,788 [INFO] Época 13/30, Batch 1950/3348, Loss: 0.3096
2025-10-09 22:56:13,059 [INFO] Época 13/30, Batch 2000/3348, Loss: 0.2345
2025-10-09 22:56:13,328 [INFO] Época 13/30, Batch 2050/3348, Loss: 0.3659
2025-10-09 22:56:13,595 [INFO] Época 13/30, Batch 2100/3348, Loss: 0.2707
2025-10-09 22:56:13,860 [INFO] Época 13/30, Batch 2150/3348, Loss: 0.3417
2025-10-09 22:56:14,127 [INFO] Época 13/30, Batch 2200/3348, Loss: 0.2894
2025-10-09 22:56:14,393 [INFO] Época 13/30, Batch 2250/3348, Loss: 0.2685
2025-10-09 22:56:14,658 [INFO] Época 13/30, Batch 2300/3348, Loss: 0.3202
2025-10-09 22:56:14,927 [INFO] Época 13/30, Batch 2350/3348, Loss: 0.2820
2025-10-09 22:56:15,193 [INFO] Época 13/30, Batch 2400/3348, Loss: 0.2771
2025-10-09 22:56:15,461 [INFO] Época 13/30, Batch 2450/3348, Loss: 0.3893
2025-10-09 22:56:15,729 [INFO] Época 13/30, Batch 2500/3348, Loss: 0.3308
2025-10-09 22:56:15,998 [INFO] Época 13/30, Batch 2550/3348, Loss: 0.2860
2025-10-09 22:56:16,267 [INFO] Época 13/30, Batch 2600/3348, Loss: 0.3165
2025-10-09 22:56:16,535 [INFO] Época 13/30, Batch 2650/3348, Loss: 0.4269
2025-10-09 22:56:16,800 [INFO] Época 13/30, Batch 2700/3348, Loss: 0.2875
2025-10-09 22:56:17,065 [INFO] Época 13/30, Batch 2750/3348, Loss: 0.3193
2025-10-09 22:56:17,331 [INFO] Época 13/30, Batch 2800/3348, Loss: 0.2617
2025-10-09 22:56:17,599 [INFO] Época 13/30, Batch 2850/3348, Loss: 0.2144
2025-10-09 22:56:17,868 [INFO] Época 13/30, Batch 2900/3348, Loss: 0.2637
2025-10-09 22:56:18,137 [INFO] Época 13/30, Batch 2950/3348, Loss: 0.3509
2025-10-09 22:56:18,405 [INFO] Época 13/30, Batch 3000/3348, Loss: 0.4432
2025-10-09 22:56:18,678 [INFO] Época 13/30, Batch 3050/3348, Loss: 0.4001
2025-10-09 22:56:18,949 [INFO] Época 13/30, Batch 3100/3348, Loss: 0.2982
2025-10-09 22:56:19,217 [INFO] Época 13/30, Batch 3150/3348, Loss: 0.3081
2025-10-09 22:56:19,484 [INFO] Época 13/30, Batch 3200/3348, Loss: 0.2341
2025-10-09 22:56:19,751 [INFO] Época 13/30, Batch 3250/3348, Loss: 0.3700
2025-10-09 22:56:20,017 [INFO] Época 13/30, Batch 3300/3348, Loss: 0.2552
2025-10-09 22:56:21,991 [INFO] [13/30] Train Loss: 0.3320 | Val Loss: 0.3769 | Tempo: 20.02s
2025-10-09 22:56:22,628 [INFO] Época 14/30, Batch 50/3348, Loss: 0.2888
2025-10-09 22:56:22,907 [INFO] Época 14/30, Batch 100/3348, Loss: 0.3617
2025-10-09 22:56:23,180 [INFO] Época 14/30, Batch 150/3348, Loss: 0.3119
2025-10-09 22:56:23,454 [INFO] Época 14/30, Batch 200/3348, Loss: 0.3275
2025-10-09 22:56:23,727 [INFO] Época 14/30, Batch 250/3348, Loss: 0.2922
2025-10-09 22:56:24,001 [INFO] Época 14/30, Batch 300/3348, Loss: 0.4239
2025-10-09 22:56:24,273 [INFO] Época 14/30, Batch 350/3348, Loss: 0.2889
2025-10-09 22:56:24,547 [INFO] Época 14/30, Batch 400/3348, Loss: 0.2518
2025-10-09 22:56:24,810 [INFO] Época 14/30, Batch 450/3348, Loss: 0.2712
2025-10-09 22:56:25,075 [INFO] Época 14/30, Batch 500/3348, Loss: 0.3222
2025-10-09 22:56:25,338 [INFO] Época 14/30, Batch 550/3348, Loss: 0.3775
2025-10-09 22:56:25,605 [INFO] Época 14/30, Batch 600/3348, Loss: 0.3277
2025-10-09 22:56:25,875 [INFO] Época 14/30, Batch 650/3348, Loss: 0.3525
2025-10-09 22:56:26,145 [INFO] Época 14/30, Batch 700/3348, Loss: 0.3759
2025-10-09 22:56:26,406 [INFO] Época 14/30, Batch 750/3348, Loss: 0.3281
2025-10-09 22:56:26,665 [INFO] Época 14/30, Batch 800/3348, Loss: 0.2905
2025-10-09 22:56:26,926 [INFO] Época 14/30, Batch 850/3348, Loss: 0.4352
2025-10-09 22:56:27,183 [INFO] Época 14/30, Batch 900/3348, Loss: 0.5055
2025-10-09 22:56:27,435 [INFO] Época 14/30, Batch 950/3348, Loss: 0.2680
2025-10-09 22:56:27,687 [INFO] Época 14/30, Batch 1000/3348, Loss: 0.3722
2025-10-09 22:56:27,937 [INFO] Época 14/30, Batch 1050/3348, Loss: 0.4013
2025-10-09 22:56:28,187 [INFO] Época 14/30, Batch 1100/3348, Loss: 0.3233
2025-10-09 22:56:28,445 [INFO] Época 14/30, Batch 1150/3348, Loss: 0.2388
2025-10-09 22:56:28,701 [INFO] Época 14/30, Batch 1200/3348, Loss: 0.3241
2025-10-09 22:56:28,952 [INFO] Época 14/30, Batch 1250/3348, Loss: 0.3104
2025-10-09 22:56:29,210 [INFO] Época 14/30, Batch 1300/3348, Loss: 0.2836
2025-10-09 22:56:29,472 [INFO] Época 14/30, Batch 1350/3348, Loss: 0.2508
2025-10-09 22:56:29,737 [INFO] Época 14/30, Batch 1400/3348, Loss: 0.3496
2025-10-09 22:56:30,001 [INFO] Época 14/30, Batch 1450/3348, Loss: 0.3761
2025-10-09 22:56:30,264 [INFO] Época 14/30, Batch 1500/3348, Loss: 0.3658
2025-10-09 22:56:30,527 [INFO] Época 14/30, Batch 1550/3348, Loss: 0.3911
2025-10-09 22:56:30,790 [INFO] Época 14/30, Batch 1600/3348, Loss: 0.3637
2025-10-09 22:56:31,058 [INFO] Época 14/30, Batch 1650/3348, Loss: 0.2095
2025-10-09 22:56:31,335 [INFO] Época 14/30, Batch 1700/3348, Loss: 0.5406
2025-10-09 22:56:31,615 [INFO] Época 14/30, Batch 1750/3348, Loss: 0.3709
2025-10-09 22:56:31,885 [INFO] Época 14/30, Batch 1800/3348, Loss: 0.4323
2025-10-09 22:56:32,147 [INFO] Época 14/30, Batch 1850/3348, Loss: 0.3392
2025-10-09 22:56:32,411 [INFO] Época 14/30, Batch 1900/3348, Loss: 0.3336
2025-10-09 22:56:32,674 [INFO] Época 14/30, Batch 1950/3348, Loss: 0.3293
2025-10-09 22:56:32,946 [INFO] Época 14/30, Batch 2000/3348, Loss: 0.3064
2025-10-09 22:56:33,216 [INFO] Época 14/30, Batch 2050/3348, Loss: 0.3269
2025-10-09 22:56:33,489 [INFO] Época 14/30, Batch 2100/3348, Loss: 0.3346
2025-10-09 22:56:33,757 [INFO] Época 14/30, Batch 2150/3348, Loss: 0.4998
2025-10-09 22:56:34,021 [INFO] Época 14/30, Batch 2200/3348, Loss: 0.3053
2025-10-09 22:56:34,283 [INFO] Época 14/30, Batch 2250/3348, Loss: 0.3704
2025-10-09 22:56:34,548 [INFO] Época 14/30, Batch 2300/3348, Loss: 0.2805
2025-10-09 22:56:34,810 [INFO] Época 14/30, Batch 2350/3348, Loss: 0.3282
2025-10-09 22:56:35,075 [INFO] Época 14/30, Batch 2400/3348, Loss: 0.2395
2025-10-09 22:56:35,338 [INFO] Época 14/30, Batch 2450/3348, Loss: 0.3285
2025-10-09 22:56:35,604 [INFO] Época 14/30, Batch 2500/3348, Loss: 0.3035
2025-10-09 22:56:35,867 [INFO] Época 14/30, Batch 2550/3348, Loss: 0.3670
2025-10-09 22:56:36,133 [INFO] Época 14/30, Batch 2600/3348, Loss: 0.4600
2025-10-09 22:56:36,397 [INFO] Época 14/30, Batch 2650/3348, Loss: 0.3017
2025-10-09 22:56:36,661 [INFO] Época 14/30, Batch 2700/3348, Loss: 0.3757
2025-10-09 22:56:36,927 [INFO] Época 14/30, Batch 2750/3348, Loss: 0.3377
2025-10-09 22:56:37,191 [INFO] Época 14/30, Batch 2800/3348, Loss: 0.2749
2025-10-09 22:56:37,452 [INFO] Época 14/30, Batch 2850/3348, Loss: 0.3402
2025-10-09 22:56:37,724 [INFO] Época 14/30, Batch 2900/3348, Loss: 0.2533
2025-10-09 22:56:38,007 [INFO] Época 14/30, Batch 2950/3348, Loss: 0.3503
2025-10-09 22:56:38,270 [INFO] Época 14/30, Batch 3000/3348, Loss: 0.3112
2025-10-09 22:56:38,540 [INFO] Época 14/30, Batch 3050/3348, Loss: 0.2677
2025-10-09 22:56:38,811 [INFO] Época 14/30, Batch 3100/3348, Loss: 0.3478
2025-10-09 22:56:39,082 [INFO] Época 14/30, Batch 3150/3348, Loss: 0.2743
2025-10-09 22:56:39,355 [INFO] Época 14/30, Batch 3200/3348, Loss: 0.3905
2025-10-09 22:56:39,627 [INFO] Época 14/30, Batch 3250/3348, Loss: 0.2971
2025-10-09 22:56:39,901 [INFO] Época 14/30, Batch 3300/3348, Loss: 0.3580
2025-10-09 22:56:41,924 [INFO] [14/30] Train Loss: 0.3279 | Val Loss: 0.3694 | Tempo: 19.93s
2025-10-09 22:56:42,552 [INFO] Época 15/30, Batch 50/3348, Loss: 0.4308
2025-10-09 22:56:42,825 [INFO] Época 15/30, Batch 100/3348, Loss: 0.4369
2025-10-09 22:56:43,093 [INFO] Época 15/30, Batch 150/3348, Loss: 0.2006
2025-10-09 22:56:43,360 [INFO] Época 15/30, Batch 200/3348, Loss: 0.2755
2025-10-09 22:56:43,627 [INFO] Época 15/30, Batch 250/3348, Loss: 0.3650
2025-10-09 22:56:43,892 [INFO] Época 15/30, Batch 300/3348, Loss: 0.3201
2025-10-09 22:56:44,157 [INFO] Época 15/30, Batch 350/3348, Loss: 0.4484
2025-10-09 22:56:44,425 [INFO] Época 15/30, Batch 400/3348, Loss: 0.2946
2025-10-09 22:56:44,690 [INFO] Época 15/30, Batch 450/3348, Loss: 0.3005
2025-10-09 22:56:44,956 [INFO] Época 15/30, Batch 500/3348, Loss: 0.2621
2025-10-09 22:56:45,220 [INFO] Época 15/30, Batch 550/3348, Loss: 0.2704
2025-10-09 22:56:45,486 [INFO] Época 15/30, Batch 600/3348, Loss: 0.2811
2025-10-09 22:56:45,754 [INFO] Época 15/30, Batch 650/3348, Loss: 0.3910
2025-10-09 22:56:46,018 [INFO] Época 15/30, Batch 700/3348, Loss: 0.2771
2025-10-09 22:56:46,283 [INFO] Época 15/30, Batch 750/3348, Loss: 0.2285
2025-10-09 22:56:46,544 [INFO] Época 15/30, Batch 800/3348, Loss: 0.3132
2025-10-09 22:56:46,802 [INFO] Época 15/30, Batch 850/3348, Loss: 0.3462
2025-10-09 22:56:47,063 [INFO] Época 15/30, Batch 900/3348, Loss: 0.3095
2025-10-09 22:56:47,321 [INFO] Época 15/30, Batch 950/3348, Loss: 0.3899
2025-10-09 22:56:47,579 [INFO] Época 15/30, Batch 1000/3348, Loss: 0.3616
2025-10-09 22:56:47,837 [INFO] Época 15/30, Batch 1050/3348, Loss: 0.3864
2025-10-09 22:56:48,092 [INFO] Época 15/30, Batch 1100/3348, Loss: 0.3479
2025-10-09 22:56:48,356 [INFO] Época 15/30, Batch 1150/3348, Loss: 0.3252
2025-10-09 22:56:48,624 [INFO] Época 15/30, Batch 1200/3348, Loss: 0.2918
2025-10-09 22:56:48,890 [INFO] Época 15/30, Batch 1250/3348, Loss: 0.2895
2025-10-09 22:56:49,158 [INFO] Época 15/30, Batch 1300/3348, Loss: 0.3303
2025-10-09 22:56:49,421 [INFO] Época 15/30, Batch 1350/3348, Loss: 0.3434
2025-10-09 22:56:49,689 [INFO] Época 15/30, Batch 1400/3348, Loss: 0.3723
2025-10-09 22:56:49,957 [INFO] Época 15/30, Batch 1450/3348, Loss: 0.3430
2025-10-09 22:56:50,224 [INFO] Época 15/30, Batch 1500/3348, Loss: 0.3391
2025-10-09 22:56:50,488 [INFO] Época 15/30, Batch 1550/3348, Loss: 0.2215
2025-10-09 22:56:50,756 [INFO] Época 15/30, Batch 1600/3348, Loss: 0.3318
2025-10-09 22:56:51,022 [INFO] Época 15/30, Batch 1650/3348, Loss: 0.3352
2025-10-09 22:56:51,289 [INFO] Época 15/30, Batch 1700/3348, Loss: 0.2383
2025-10-09 22:56:51,554 [INFO] Época 15/30, Batch 1750/3348, Loss: 0.3067
2025-10-09 22:56:51,821 [INFO] Época 15/30, Batch 1800/3348, Loss: 0.3276
2025-10-09 22:56:52,084 [INFO] Época 15/30, Batch 1850/3348, Loss: 0.2779
2025-10-09 22:56:52,350 [INFO] Época 15/30, Batch 1900/3348, Loss: 0.3630
2025-10-09 22:56:52,617 [INFO] Época 15/30, Batch 1950/3348, Loss: 0.3466
2025-10-09 22:56:52,882 [INFO] Época 15/30, Batch 2000/3348, Loss: 0.2989
2025-10-09 22:56:53,146 [INFO] Época 15/30, Batch 2050/3348, Loss: 0.3119
2025-10-09 22:56:53,411 [INFO] Época 15/30, Batch 2100/3348, Loss: 0.3708
2025-10-09 22:56:53,678 [INFO] Época 15/30, Batch 2150/3348, Loss: 0.2494
2025-10-09 22:56:53,943 [INFO] Época 15/30, Batch 2200/3348, Loss: 0.3238
2025-10-09 22:56:54,206 [INFO] Época 15/30, Batch 2250/3348, Loss: 0.2636
2025-10-09 22:56:54,473 [INFO] Época 15/30, Batch 2300/3348, Loss: 0.3074
2025-10-09 22:56:54,740 [INFO] Época 15/30, Batch 2350/3348, Loss: 0.3611
2025-10-09 22:56:55,007 [INFO] Época 15/30, Batch 2400/3348, Loss: 0.2976
2025-10-09 22:56:55,275 [INFO] Época 15/30, Batch 2450/3348, Loss: 0.3914
2025-10-09 22:56:55,541 [INFO] Época 15/30, Batch 2500/3348, Loss: 0.3792
2025-10-09 22:56:55,807 [INFO] Época 15/30, Batch 2550/3348, Loss: 0.3420
2025-10-09 22:56:56,073 [INFO] Época 15/30, Batch 2600/3348, Loss: 0.2731
2025-10-09 22:56:56,339 [INFO] Época 15/30, Batch 2650/3348, Loss: 0.3350
2025-10-09 22:56:56,607 [INFO] Época 15/30, Batch 2700/3348, Loss: 0.3802
2025-10-09 22:56:56,873 [INFO] Época 15/30, Batch 2750/3348, Loss: 0.2459
2025-10-09 22:56:57,140 [INFO] Época 15/30, Batch 2800/3348, Loss: 0.2643
2025-10-09 22:56:57,406 [INFO] Época 15/30, Batch 2850/3348, Loss: 0.2681
2025-10-09 22:56:57,673 [INFO] Época 15/30, Batch 2900/3348, Loss: 0.3429
2025-10-09 22:56:57,942 [INFO] Época 15/30, Batch 2950/3348, Loss: 0.3869
2025-10-09 22:56:58,209 [INFO] Época 15/30, Batch 3000/3348, Loss: 0.3777
2025-10-09 22:56:58,477 [INFO] Época 15/30, Batch 3050/3348, Loss: 0.3957
2025-10-09 22:56:58,744 [INFO] Época 15/30, Batch 3100/3348, Loss: 0.3989
2025-10-09 22:56:59,010 [INFO] Época 15/30, Batch 3150/3348, Loss: 0.2671
2025-10-09 22:56:59,280 [INFO] Época 15/30, Batch 3200/3348, Loss: 0.2342
2025-10-09 22:56:59,550 [INFO] Época 15/30, Batch 3250/3348, Loss: 0.3221
2025-10-09 22:56:59,821 [INFO] Época 15/30, Batch 3300/3348, Loss: 0.3135
2025-10-09 22:57:01,757 [INFO] [15/30] Train Loss: 0.3237 | Val Loss: 0.3630 | Tempo: 19.83s
2025-10-09 22:57:02,394 [INFO] Época 16/30, Batch 50/3348, Loss: 0.3145
2025-10-09 22:57:02,666 [INFO] Época 16/30, Batch 100/3348, Loss: 0.3129
2025-10-09 22:57:02,936 [INFO] Época 16/30, Batch 150/3348, Loss: 0.2262
2025-10-09 22:57:03,208 [INFO] Época 16/30, Batch 200/3348, Loss: 0.3926
2025-10-09 22:57:03,476 [INFO] Época 16/30, Batch 250/3348, Loss: 0.3228
2025-10-09 22:57:03,745 [INFO] Época 16/30, Batch 300/3348, Loss: 0.3545
2025-10-09 22:57:04,011 [INFO] Época 16/30, Batch 350/3348, Loss: 0.4114
2025-10-09 22:57:04,280 [INFO] Época 16/30, Batch 400/3348, Loss: 0.3385
2025-10-09 22:57:04,550 [INFO] Época 16/30, Batch 450/3348, Loss: 0.2933
2025-10-09 22:57:04,824 [INFO] Época 16/30, Batch 500/3348, Loss: 0.3259
2025-10-09 22:57:05,091 [INFO] Época 16/30, Batch 550/3348, Loss: 0.2824
2025-10-09 22:57:05,358 [INFO] Época 16/30, Batch 600/3348, Loss: 0.2453
2025-10-09 22:57:05,633 [INFO] Época 16/30, Batch 650/3348, Loss: 0.2692
2025-10-09 22:57:05,909 [INFO] Época 16/30, Batch 700/3348, Loss: 0.2476
2025-10-09 22:57:06,182 [INFO] Época 16/30, Batch 750/3348, Loss: 0.3005
2025-10-09 22:57:06,448 [INFO] Época 16/30, Batch 800/3348, Loss: 0.2537
2025-10-09 22:57:06,716 [INFO] Época 16/30, Batch 850/3348, Loss: 0.3161
2025-10-09 22:57:06,999 [INFO] Época 16/30, Batch 900/3348, Loss: 0.3030
2025-10-09 22:57:07,266 [INFO] Época 16/30, Batch 950/3348, Loss: 0.3875
2025-10-09 22:57:07,531 [INFO] Época 16/30, Batch 1000/3348, Loss: 0.3055
2025-10-09 22:57:07,796 [INFO] Época 16/30, Batch 1050/3348, Loss: 0.2657
2025-10-09 22:57:08,061 [INFO] Época 16/30, Batch 1100/3348, Loss: 0.3078
2025-10-09 22:57:08,327 [INFO] Época 16/30, Batch 1150/3348, Loss: 0.3009
2025-10-09 22:57:08,603 [INFO] Época 16/30, Batch 1200/3348, Loss: 0.3097
2025-10-09 22:57:08,878 [INFO] Época 16/30, Batch 1250/3348, Loss: 0.2396
2025-10-09 22:57:09,152 [INFO] Época 16/30, Batch 1300/3348, Loss: 0.3525
2025-10-09 22:57:09,427 [INFO] Época 16/30, Batch 1350/3348, Loss: 0.3780
2025-10-09 22:57:09,702 [INFO] Época 16/30, Batch 1400/3348, Loss: 0.3847
2025-10-09 22:57:09,977 [INFO] Época 16/30, Batch 1450/3348, Loss: 0.3076
2025-10-09 22:57:10,254 [INFO] Época 16/30, Batch 1500/3348, Loss: 0.2850
2025-10-09 22:57:10,529 [INFO] Época 16/30, Batch 1550/3348, Loss: 0.3165
2025-10-09 22:57:10,799 [INFO] Época 16/30, Batch 1600/3348, Loss: 0.2936
2025-10-09 22:57:11,068 [INFO] Época 16/30, Batch 1650/3348, Loss: 0.2653
2025-10-09 22:57:11,334 [INFO] Época 16/30, Batch 1700/3348, Loss: 0.3358
2025-10-09 22:57:11,600 [INFO] Época 16/30, Batch 1750/3348, Loss: 0.2729
2025-10-09 22:57:11,870 [INFO] Época 16/30, Batch 1800/3348, Loss: 0.4104
2025-10-09 22:57:12,136 [INFO] Época 16/30, Batch 1850/3348, Loss: 0.3544
2025-10-09 22:57:12,403 [INFO] Época 16/30, Batch 1900/3348, Loss: 0.2955
2025-10-09 22:57:12,669 [INFO] Época 16/30, Batch 1950/3348, Loss: 0.3795
2025-10-09 22:57:12,943 [INFO] Época 16/30, Batch 2000/3348, Loss: 0.4043
2025-10-09 22:57:13,221 [INFO] Época 16/30, Batch 2050/3348, Loss: 0.3612
2025-10-09 22:57:13,497 [INFO] Época 16/30, Batch 2100/3348, Loss: 0.2175
2025-10-09 22:57:13,772 [INFO] Época 16/30, Batch 2150/3348, Loss: 0.3565
2025-10-09 22:57:14,045 [INFO] Época 16/30, Batch 2200/3348, Loss: 0.3164
2025-10-09 22:57:14,317 [INFO] Época 16/30, Batch 2250/3348, Loss: 0.3548
2025-10-09 22:57:14,586 [INFO] Época 16/30, Batch 2300/3348, Loss: 0.2901
2025-10-09 22:57:14,850 [INFO] Época 16/30, Batch 2350/3348, Loss: 0.3042
2025-10-09 22:57:15,114 [INFO] Época 16/30, Batch 2400/3348, Loss: 0.2249
2025-10-09 22:57:15,379 [INFO] Época 16/30, Batch 2450/3348, Loss: 0.3215
2025-10-09 22:57:15,646 [INFO] Época 16/30, Batch 2500/3348, Loss: 0.3729
2025-10-09 22:57:15,919 [INFO] Época 16/30, Batch 2550/3348, Loss: 0.3750
2025-10-09 22:57:16,192 [INFO] Época 16/30, Batch 2600/3348, Loss: 0.3086
2025-10-09 22:57:16,466 [INFO] Época 16/30, Batch 2650/3348, Loss: 0.3264
2025-10-09 22:57:16,741 [INFO] Época 16/30, Batch 2700/3348, Loss: 0.2655
2025-10-09 22:57:17,012 [INFO] Época 16/30, Batch 2750/3348, Loss: 0.3147
2025-10-09 22:57:17,283 [INFO] Época 16/30, Batch 2800/3348, Loss: 0.2048
2025-10-09 22:57:17,556 [INFO] Época 16/30, Batch 2850/3348, Loss: 0.3019
2025-10-09 22:57:17,821 [INFO] Época 16/30, Batch 2900/3348, Loss: 0.3141
2025-10-09 22:57:18,087 [INFO] Época 16/30, Batch 2950/3348, Loss: 0.2710
2025-10-09 22:57:18,351 [INFO] Época 16/30, Batch 3000/3348, Loss: 0.2422
2025-10-09 22:57:18,620 [INFO] Época 16/30, Batch 3050/3348, Loss: 0.3106
2025-10-09 22:57:18,886 [INFO] Época 16/30, Batch 3100/3348, Loss: 0.3171
2025-10-09 22:57:19,153 [INFO] Época 16/30, Batch 3150/3348, Loss: 0.2741
2025-10-09 22:57:19,419 [INFO] Época 16/30, Batch 3200/3348, Loss: 0.2789
2025-10-09 22:57:19,688 [INFO] Época 16/30, Batch 3250/3348, Loss: 0.2281
2025-10-09 22:57:19,957 [INFO] Época 16/30, Batch 3300/3348, Loss: 0.3693
2025-10-09 22:57:21,943 [INFO] [16/30] Train Loss: 0.3201 | Val Loss: 0.3596 | Tempo: 20.18s
2025-10-09 22:57:21,948 [INFO] Melhor modelo salvo em: /mnt/hdd/home/jdurao/ToolBox-ChemXAI/models/mlp_qm9_CM_att5_large.pth
2025-10-09 22:57:22,586 [INFO] Época 17/30, Batch 50/3348, Loss: 0.3429
2025-10-09 22:57:22,859 [INFO] Época 17/30, Batch 100/3348, Loss: 0.2530
2025-10-09 22:57:23,129 [INFO] Época 17/30, Batch 150/3348, Loss: 0.2872
2025-10-09 22:57:23,401 [INFO] Época 17/30, Batch 200/3348, Loss: 0.2876
2025-10-09 22:57:23,668 [INFO] Época 17/30, Batch 250/3348, Loss: 0.3625
2025-10-09 22:57:23,935 [INFO] Época 17/30, Batch 300/3348, Loss: 0.2657
2025-10-09 22:57:24,202 [INFO] Época 17/30, Batch 350/3348, Loss: 0.3110
2025-10-09 22:57:24,472 [INFO] Época 17/30, Batch 400/3348, Loss: 0.3003
2025-10-09 22:57:24,740 [INFO] Época 17/30, Batch 450/3348, Loss: 0.2919
2025-10-09 22:57:25,007 [INFO] Época 17/30, Batch 500/3348, Loss: 0.2424
2025-10-09 22:57:25,273 [INFO] Época 17/30, Batch 550/3348, Loss: 0.2232
2025-10-09 22:57:25,540 [INFO] Época 17/30, Batch 600/3348, Loss: 0.2652
2025-10-09 22:57:25,805 [INFO] Época 17/30, Batch 650/3348, Loss: 0.2919
2025-10-09 22:57:26,072 [INFO] Época 17/30, Batch 700/3348, Loss: 0.2734
2025-10-09 22:57:26,337 [INFO] Época 17/30, Batch 750/3348, Loss: 0.2682
2025-10-09 22:57:26,601 [INFO] Época 17/30, Batch 800/3348, Loss: 0.2649
2025-10-09 22:57:26,866 [INFO] Época 17/30, Batch 850/3348, Loss: 0.3515
2025-10-09 22:57:27,129 [INFO] Época 17/30, Batch 900/3348, Loss: 0.2561
2025-10-09 22:57:27,392 [INFO] Época 17/30, Batch 950/3348, Loss: 0.3025
2025-10-09 22:57:27,657 [INFO] Época 17/30, Batch 1000/3348, Loss: 0.2669
2025-10-09 22:57:27,921 [INFO] Época 17/30, Batch 1050/3348, Loss: 0.3207
2025-10-09 22:57:28,177 [INFO] Época 17/30, Batch 1100/3348, Loss: 0.3291
2025-10-09 22:57:28,436 [INFO] Época 17/30, Batch 1150/3348, Loss: 0.3925
2025-10-09 22:57:28,702 [INFO] Época 17/30, Batch 1200/3348, Loss: 0.3009
2025-10-09 22:57:28,972 [INFO] Época 17/30, Batch 1250/3348, Loss: 0.3115
2025-10-09 22:57:29,238 [INFO] Época 17/30, Batch 1300/3348, Loss: 0.2819
2025-10-09 22:57:29,506 [INFO] Época 17/30, Batch 1350/3348, Loss: 0.2471
2025-10-09 22:57:29,774 [INFO] Época 17/30, Batch 1400/3348, Loss: 0.3521
2025-10-09 22:57:30,043 [INFO] Época 17/30, Batch 1450/3348, Loss: 0.2818
2025-10-09 22:57:30,311 [INFO] Época 17/30, Batch 1500/3348, Loss: 0.3291
2025-10-09 22:57:30,580 [INFO] Época 17/30, Batch 1550/3348, Loss: 0.3520
2025-10-09 22:57:30,848 [INFO] Época 17/30, Batch 1600/3348, Loss: 0.2429
2025-10-09 22:57:31,117 [INFO] Época 17/30, Batch 1650/3348, Loss: 0.2996
2025-10-09 22:57:31,385 [INFO] Época 17/30, Batch 1700/3348, Loss: 0.3407
2025-10-09 22:57:31,654 [INFO] Época 17/30, Batch 1750/3348, Loss: 0.3871
2025-10-09 22:57:31,920 [INFO] Época 17/30, Batch 1800/3348, Loss: 0.2892
2025-10-09 22:57:32,186 [INFO] Época 17/30, Batch 1850/3348, Loss: 0.2832
2025-10-09 22:57:32,453 [INFO] Época 17/30, Batch 1900/3348, Loss: 0.2980
2025-10-09 22:57:32,723 [INFO] Época 17/30, Batch 1950/3348, Loss: 0.2875
2025-10-09 22:57:32,993 [INFO] Época 17/30, Batch 2000/3348, Loss: 0.2536
2025-10-09 22:57:33,261 [INFO] Época 17/30, Batch 2050/3348, Loss: 0.3439
2025-10-09 22:57:33,528 [INFO] Época 17/30, Batch 2100/3348, Loss: 0.3931
2025-10-09 22:57:33,796 [INFO] Época 17/30, Batch 2150/3348, Loss: 0.3404
2025-10-09 22:57:34,062 [INFO] Época 17/30, Batch 2200/3348, Loss: 0.4041
2025-10-09 22:57:34,331 [INFO] Época 17/30, Batch 2250/3348, Loss: 0.2561
2025-10-09 22:57:34,599 [INFO] Época 17/30, Batch 2300/3348, Loss: 0.3125
2025-10-09 22:57:34,867 [INFO] Época 17/30, Batch 2350/3348, Loss: 0.3167
2025-10-09 22:57:35,133 [INFO] Época 17/30, Batch 2400/3348, Loss: 0.3105
2025-10-09 22:57:35,401 [INFO] Época 17/30, Batch 2450/3348, Loss: 0.2752
2025-10-09 22:57:35,673 [INFO] Época 17/30, Batch 2500/3348, Loss: 0.3052
2025-10-09 22:57:35,940 [INFO] Época 17/30, Batch 2550/3348, Loss: 0.3870
2025-10-09 22:57:36,207 [INFO] Época 17/30, Batch 2600/3348, Loss: 0.2726
2025-10-09 22:57:36,475 [INFO] Época 17/30, Batch 2650/3348, Loss: 0.3887
2025-10-09 22:57:36,744 [INFO] Época 17/30, Batch 2700/3348, Loss: 0.3292
2025-10-09 22:57:37,011 [INFO] Época 17/30, Batch 2750/3348, Loss: 0.3986
2025-10-09 22:57:37,279 [INFO] Época 17/30, Batch 2800/3348, Loss: 0.3267
2025-10-09 22:57:37,547 [INFO] Época 17/30, Batch 2850/3348, Loss: 0.3096
2025-10-09 22:57:37,813 [INFO] Época 17/30, Batch 2900/3348, Loss: 0.3446
2025-10-09 22:57:38,083 [INFO] Época 17/30, Batch 2950/3348, Loss: 0.2971
2025-10-09 22:57:38,348 [INFO] Época 17/30, Batch 3000/3348, Loss: 0.2837
2025-10-09 22:57:38,613 [INFO] Época 17/30, Batch 3050/3348, Loss: 0.3018
2025-10-09 22:57:38,877 [INFO] Época 17/30, Batch 3100/3348, Loss: 0.2638
2025-10-09 22:57:39,141 [INFO] Época 17/30, Batch 3150/3348, Loss: 0.3876
2025-10-09 22:57:39,406 [INFO] Época 17/30, Batch 3200/3348, Loss: 0.2608
2025-10-09 22:57:39,670 [INFO] Época 17/30, Batch 3250/3348, Loss: 0.3763
2025-10-09 22:57:39,934 [INFO] Época 17/30, Batch 3300/3348, Loss: 0.3961
2025-10-09 22:57:41,792 [INFO] [17/30] Train Loss: 0.3168 | Val Loss: 0.3568 | Tempo: 19.84s
2025-10-09 22:57:41,798 [INFO] Melhor modelo salvo em: /mnt/hdd/home/jdurao/ToolBox-ChemXAI/models/mlp_qm9_CM_att5_large.pth
2025-10-09 22:57:42,423 [INFO] Época 18/30, Batch 50/3348, Loss: 0.1894
2025-10-09 22:57:42,700 [INFO] Época 18/30, Batch 100/3348, Loss: 0.3506
2025-10-09 22:57:42,971 [INFO] Época 18/30, Batch 150/3348, Loss: 0.3060
2025-10-09 22:57:43,241 [INFO] Época 18/30, Batch 200/3348, Loss: 0.3057
2025-10-09 22:57:43,512 [INFO] Época 18/30, Batch 250/3348, Loss: 0.3173
2025-10-09 22:57:43,781 [INFO] Época 18/30, Batch 300/3348, Loss: 0.3806
2025-10-09 22:57:44,048 [INFO] Época 18/30, Batch 350/3348, Loss: 0.2878
2025-10-09 22:57:44,315 [INFO] Época 18/30, Batch 400/3348, Loss: 0.2921
2025-10-09 22:57:44,581 [INFO] Época 18/30, Batch 450/3348, Loss: 0.2109
2025-10-09 22:57:44,847 [INFO] Época 18/30, Batch 500/3348, Loss: 0.2519
2025-10-09 22:57:45,111 [INFO] Época 18/30, Batch 550/3348, Loss: 0.2747
2025-10-09 22:57:45,377 [INFO] Época 18/30, Batch 600/3348, Loss: 0.3259
2025-10-09 22:57:45,641 [INFO] Época 18/30, Batch 650/3348, Loss: 0.2859
2025-10-09 22:57:45,896 [INFO] Época 18/30, Batch 700/3348, Loss: 0.3525
2025-10-09 22:57:46,152 [INFO] Época 18/30, Batch 750/3348, Loss: 0.3444
2025-10-09 22:57:46,409 [INFO] Época 18/30, Batch 800/3348, Loss: 0.3400
2025-10-09 22:57:46,674 [INFO] Época 18/30, Batch 850/3348, Loss: 0.3290
2025-10-09 22:57:46,941 [INFO] Época 18/30, Batch 900/3348, Loss: 0.2881
2025-10-09 22:57:47,207 [INFO] Época 18/30, Batch 950/3348, Loss: 0.3252
2025-10-09 22:57:47,476 [INFO] Época 18/30, Batch 1000/3348, Loss: 0.3213
2025-10-09 22:57:47,743 [INFO] Época 18/30, Batch 1050/3348, Loss: 0.2362
2025-10-09 22:57:48,011 [INFO] Época 18/30, Batch 1100/3348, Loss: 0.2697
2025-10-09 22:57:48,280 [INFO] Época 18/30, Batch 1150/3348, Loss: 0.2669
2025-10-09 22:57:48,547 [INFO] Época 18/30, Batch 1200/3348, Loss: 0.2984
2025-10-09 22:57:48,815 [INFO] Época 18/30, Batch 1250/3348, Loss: 0.3405
2025-10-09 22:57:49,082 [INFO] Época 18/30, Batch 1300/3348, Loss: 0.3614
2025-10-09 22:57:49,348 [INFO] Época 18/30, Batch 1350/3348, Loss: 0.3766
2025-10-09 22:57:49,616 [INFO] Época 18/30, Batch 1400/3348, Loss: 0.2796
2025-10-09 22:57:49,884 [INFO] Época 18/30, Batch 1450/3348, Loss: 0.2823
2025-10-09 22:57:50,153 [INFO] Época 18/30, Batch 1500/3348, Loss: 0.3246
2025-10-09 22:57:50,421 [INFO] Época 18/30, Batch 1550/3348, Loss: 0.3818
2025-10-09 22:57:50,691 [INFO] Época 18/30, Batch 1600/3348, Loss: 0.3644
2025-10-09 22:57:50,960 [INFO] Época 18/30, Batch 1650/3348, Loss: 0.3497
2025-10-09 22:57:51,229 [INFO] Época 18/30, Batch 1700/3348, Loss: 0.3274
2025-10-09 22:57:51,500 [INFO] Época 18/30, Batch 1750/3348, Loss: 0.3920
2025-10-09 22:57:51,769 [INFO] Época 18/30, Batch 1800/3348, Loss: 0.2842
2025-10-09 22:57:52,039 [INFO] Época 18/30, Batch 1850/3348, Loss: 0.2781
2025-10-09 22:57:52,305 [INFO] Época 18/30, Batch 1900/3348, Loss: 0.3461
2025-10-09 22:57:52,572 [INFO] Época 18/30, Batch 1950/3348, Loss: 0.3905
2025-10-09 22:57:52,841 [INFO] Época 18/30, Batch 2000/3348, Loss: 0.3437
2025-10-09 22:57:53,110 [INFO] Época 18/30, Batch 2050/3348, Loss: 0.2401
2025-10-09 22:57:53,376 [INFO] Época 18/30, Batch 2100/3348, Loss: 0.2305
2025-10-09 22:57:53,642 [INFO] Época 18/30, Batch 2150/3348, Loss: 0.3164
2025-10-09 22:57:53,910 [INFO] Época 18/30, Batch 2200/3348, Loss: 0.2178
2025-10-09 22:57:54,176 [INFO] Época 18/30, Batch 2250/3348, Loss: 0.3123
2025-10-09 22:57:54,443 [INFO] Época 18/30, Batch 2300/3348, Loss: 0.3326
2025-10-09 22:57:54,709 [INFO] Época 18/30, Batch 2350/3348, Loss: 0.2980
2025-10-09 22:57:54,976 [INFO] Época 18/30, Batch 2400/3348, Loss: 0.2804
2025-10-09 22:57:55,241 [INFO] Época 18/30, Batch 2450/3348, Loss: 0.3806
2025-10-09 22:57:55,509 [INFO] Época 18/30, Batch 2500/3348, Loss: 0.3178
2025-10-09 22:57:55,779 [INFO] Época 18/30, Batch 2550/3348, Loss: 0.3188
2025-10-09 22:57:56,048 [INFO] Época 18/30, Batch 2600/3348, Loss: 0.2389
2025-10-09 22:57:56,315 [INFO] Época 18/30, Batch 2650/3348, Loss: 0.2947
2025-10-09 22:57:56,581 [INFO] Época 18/30, Batch 2700/3348, Loss: 0.3303
2025-10-09 22:57:56,848 [INFO] Época 18/30, Batch 2750/3348, Loss: 0.2934
2025-10-09 22:57:57,117 [INFO] Época 18/30, Batch 2800/3348, Loss: 0.2835
2025-10-09 22:57:57,384 [INFO] Época 18/30, Batch 2850/3348, Loss: 0.3500
2025-10-09 22:57:57,652 [INFO] Época 18/30, Batch 2900/3348, Loss: 0.3156
2025-10-09 22:57:57,921 [INFO] Época 18/30, Batch 2950/3348, Loss: 0.2267
2025-10-09 22:57:58,190 [INFO] Época 18/30, Batch 3000/3348, Loss: 0.3049
2025-10-09 22:57:58,458 [INFO] Época 18/30, Batch 3050/3348, Loss: 0.3590
2025-10-09 22:57:58,726 [INFO] Época 18/30, Batch 3100/3348, Loss: 0.4044
2025-10-09 22:57:58,993 [INFO] Época 18/30, Batch 3150/3348, Loss: 0.3775
2025-10-09 22:57:59,261 [INFO] Época 18/30, Batch 3200/3348, Loss: 0.3385
2025-10-09 22:57:59,529 [INFO] Época 18/30, Batch 3250/3348, Loss: 0.3434
2025-10-09 22:57:59,798 [INFO] Época 18/30, Batch 3300/3348, Loss: 0.2873
2025-10-09 22:58:01,808 [INFO] [18/30] Train Loss: 0.3134 | Val Loss: 0.3601 | Tempo: 20.01s
2025-10-09 22:58:02,442 [INFO] Época 19/30, Batch 50/3348, Loss: 0.2210
2025-10-09 22:58:02,709 [INFO] Época 19/30, Batch 100/3348, Loss: 0.3261
2025-10-09 22:58:02,976 [INFO] Época 19/30, Batch 150/3348, Loss: 0.3647
2025-10-09 22:58:03,241 [INFO] Época 19/30, Batch 200/3348, Loss: 0.2772
2025-10-09 22:58:03,504 [INFO] Época 19/30, Batch 250/3348, Loss: 0.2552
2025-10-09 22:58:03,770 [INFO] Época 19/30, Batch 300/3348, Loss: 0.2923
2025-10-09 22:58:04,033 [INFO] Época 19/30, Batch 350/3348, Loss: 0.3574
2025-10-09 22:58:04,296 [INFO] Época 19/30, Batch 400/3348, Loss: 0.3121
2025-10-09 22:58:04,558 [INFO] Época 19/30, Batch 450/3348, Loss: 0.3294
2025-10-09 22:58:04,814 [INFO] Época 19/30, Batch 500/3348, Loss: 0.2618
2025-10-09 22:58:05,077 [INFO] Época 19/30, Batch 550/3348, Loss: 0.3137
2025-10-09 22:58:05,340 [INFO] Época 19/30, Batch 600/3348, Loss: 0.2697
2025-10-09 22:58:05,603 [INFO] Época 19/30, Batch 650/3348, Loss: 0.2982
2025-10-09 22:58:05,857 [INFO] Época 19/30, Batch 700/3348, Loss: 0.2333
2025-10-09 22:58:06,110 [INFO] Época 19/30, Batch 750/3348, Loss: 0.3201
2025-10-09 22:58:06,363 [INFO] Época 19/30, Batch 800/3348, Loss: 0.3535
2025-10-09 22:58:06,617 [INFO] Época 19/30, Batch 850/3348, Loss: 0.2919
2025-10-09 22:58:06,878 [INFO] Época 19/30, Batch 900/3348, Loss: 0.2775
2025-10-09 22:58:07,140 [INFO] Época 19/30, Batch 950/3348, Loss: 0.3603
2025-10-09 22:58:07,406 [INFO] Época 19/30, Batch 1000/3348, Loss: 0.2924
2025-10-09 22:58:07,669 [INFO] Época 19/30, Batch 1050/3348, Loss: 0.3505
2025-10-09 22:58:07,934 [INFO] Época 19/30, Batch 1100/3348, Loss: 0.2494
2025-10-09 22:58:08,200 [INFO] Época 19/30, Batch 1150/3348, Loss: 0.3057
2025-10-09 22:58:08,464 [INFO] Época 19/30, Batch 1200/3348, Loss: 0.2744
2025-10-09 22:58:08,730 [INFO] Época 19/30, Batch 1250/3348, Loss: 0.1905
2025-10-09 22:58:08,996 [INFO] Época 19/30, Batch 1300/3348, Loss: 0.2935
2025-10-09 22:58:09,259 [INFO] Época 19/30, Batch 1350/3348, Loss: 0.2614
2025-10-09 22:58:09,521 [INFO] Época 19/30, Batch 1400/3348, Loss: 0.3693
2025-10-09 22:58:09,782 [INFO] Época 19/30, Batch 1450/3348, Loss: 0.3022
2025-10-09 22:58:10,041 [INFO] Época 19/30, Batch 1500/3348, Loss: 0.2588
2025-10-09 22:58:10,294 [INFO] Época 19/30, Batch 1550/3348, Loss: 0.3623
2025-10-09 22:58:10,547 [INFO] Época 19/30, Batch 1600/3348, Loss: 0.2574
2025-10-09 22:58:10,803 [INFO] Época 19/30, Batch 1650/3348, Loss: 0.2521
2025-10-09 22:58:11,058 [INFO] Época 19/30, Batch 1700/3348, Loss: 0.2896
2025-10-09 22:58:11,311 [INFO] Época 19/30, Batch 1750/3348, Loss: 0.2768
2025-10-09 22:58:11,568 [INFO] Época 19/30, Batch 1800/3348, Loss: 0.2651
2025-10-09 22:58:11,826 [INFO] Época 19/30, Batch 1850/3348, Loss: 0.3440
2025-10-09 22:58:12,094 [INFO] Época 19/30, Batch 1900/3348, Loss: 0.2670
2025-10-09 22:58:12,347 [INFO] Época 19/30, Batch 1950/3348, Loss: 0.2885
2025-10-09 22:58:12,600 [INFO] Época 19/30, Batch 2000/3348, Loss: 0.2877
2025-10-09 22:58:12,852 [INFO] Época 19/30, Batch 2050/3348, Loss: 0.3072
2025-10-09 22:58:13,119 [INFO] Época 19/30, Batch 2100/3348, Loss: 0.2509
2025-10-09 22:58:13,372 [INFO] Época 19/30, Batch 2150/3348, Loss: 0.3263
2025-10-09 22:58:13,625 [INFO] Época 19/30, Batch 2200/3348, Loss: 0.2698
2025-10-09 22:58:13,886 [INFO] Época 19/30, Batch 2250/3348, Loss: 0.2713
2025-10-09 22:58:14,151 [INFO] Época 19/30, Batch 2300/3348, Loss: 0.3719
2025-10-09 22:58:14,415 [INFO] Época 19/30, Batch 2350/3348, Loss: 0.3259
2025-10-09 22:58:14,679 [INFO] Época 19/30, Batch 2400/3348, Loss: 0.3500
2025-10-09 22:58:14,943 [INFO] Época 19/30, Batch 2450/3348, Loss: 0.4186
2025-10-09 22:58:15,205 [INFO] Época 19/30, Batch 2500/3348, Loss: 0.3279
2025-10-09 22:58:15,470 [INFO] Época 19/30, Batch 2550/3348, Loss: 0.3537
2025-10-09 22:58:15,732 [INFO] Época 19/30, Batch 2600/3348, Loss: 0.3564
2025-10-09 22:58:15,994 [INFO] Época 19/30, Batch 2650/3348, Loss: 0.3073
2025-10-09 22:58:16,257 [INFO] Época 19/30, Batch 2700/3348, Loss: 0.3294
2025-10-09 22:58:16,521 [INFO] Época 19/30, Batch 2750/3348, Loss: 0.3585
2025-10-09 22:58:16,779 [INFO] Época 19/30, Batch 2800/3348, Loss: 0.2728
2025-10-09 22:58:17,036 [INFO] Época 19/30, Batch 2850/3348, Loss: 0.3723
2025-10-09 22:58:17,287 [INFO] Época 19/30, Batch 2900/3348, Loss: 0.2424
2025-10-09 22:58:17,540 [INFO] Época 19/30, Batch 2950/3348, Loss: 0.3316
2025-10-09 22:58:17,800 [INFO] Época 19/30, Batch 3000/3348, Loss: 0.4070
2025-10-09 22:58:18,064 [INFO] Época 19/30, Batch 3050/3348, Loss: 0.3040
2025-10-09 22:58:18,329 [INFO] Época 19/30, Batch 3100/3348, Loss: 0.4351
2025-10-09 22:58:18,593 [INFO] Época 19/30, Batch 3150/3348, Loss: 0.2275
2025-10-09 22:58:18,847 [INFO] Época 19/30, Batch 3200/3348, Loss: 0.2908
2025-10-09 22:58:19,100 [INFO] Época 19/30, Batch 3250/3348, Loss: 0.2268
2025-10-09 22:58:19,352 [INFO] Época 19/30, Batch 3300/3348, Loss: 0.4151
2025-10-09 22:58:21,354 [INFO] [19/30] Train Loss: 0.3108 | Val Loss: 0.3553 | Tempo: 19.54s
2025-10-09 22:58:21,360 [INFO] Melhor modelo salvo em: /mnt/hdd/home/jdurao/ToolBox-ChemXAI/models/mlp_qm9_CM_att5_large.pth
2025-10-09 22:58:21,992 [INFO] Época 20/30, Batch 50/3348, Loss: 0.3432
2025-10-09 22:58:22,259 [INFO] Época 20/30, Batch 100/3348, Loss: 0.2526
2025-10-09 22:58:22,524 [INFO] Época 20/30, Batch 150/3348, Loss: 0.2968
2025-10-09 22:58:22,789 [INFO] Época 20/30, Batch 200/3348, Loss: 0.2435
2025-10-09 22:58:23,052 [INFO] Época 20/30, Batch 250/3348, Loss: 0.4130
2025-10-09 22:58:23,317 [INFO] Época 20/30, Batch 300/3348, Loss: 0.4201
2025-10-09 22:58:23,580 [INFO] Época 20/30, Batch 350/3348, Loss: 0.3132
2025-10-09 22:58:23,842 [INFO] Época 20/30, Batch 400/3348, Loss: 0.2771
2025-10-09 22:58:24,103 [INFO] Época 20/30, Batch 450/3348, Loss: 0.2573
2025-10-09 22:58:24,365 [INFO] Época 20/30, Batch 500/3348, Loss: 0.2057
2025-10-09 22:58:24,627 [INFO] Época 20/30, Batch 550/3348, Loss: 0.2364
2025-10-09 22:58:24,890 [INFO] Época 20/30, Batch 600/3348, Loss: 0.2839
2025-10-09 22:58:25,156 [INFO] Época 20/30, Batch 650/3348, Loss: 0.2527
2025-10-09 22:58:25,424 [INFO] Época 20/30, Batch 700/3348, Loss: 0.2725
2025-10-09 22:58:25,689 [INFO] Época 20/30, Batch 750/3348, Loss: 0.2458
2025-10-09 22:58:25,955 [INFO] Época 20/30, Batch 800/3348, Loss: 0.2450
2025-10-09 22:58:26,225 [INFO] Época 20/30, Batch 850/3348, Loss: 0.2321
2025-10-09 22:58:26,494 [INFO] Época 20/30, Batch 900/3348, Loss: 0.2977
2025-10-09 22:58:26,759 [INFO] Época 20/30, Batch 950/3348, Loss: 0.2780
2025-10-09 22:58:27,028 [INFO] Época 20/30, Batch 1000/3348, Loss: 0.4183
2025-10-09 22:58:27,298 [INFO] Época 20/30, Batch 1050/3348, Loss: 0.2727
2025-10-09 22:58:27,567 [INFO] Época 20/30, Batch 1100/3348, Loss: 0.3217
2025-10-09 22:58:27,825 [INFO] Época 20/30, Batch 1150/3348, Loss: 0.2551
2025-10-09 22:58:28,091 [INFO] Época 20/30, Batch 1200/3348, Loss: 0.2027
2025-10-09 22:58:28,356 [INFO] Época 20/30, Batch 1250/3348, Loss: 0.3965
2025-10-09 22:58:28,628 [INFO] Época 20/30, Batch 1300/3348, Loss: 0.3040
2025-10-09 22:58:28,897 [INFO] Época 20/30, Batch 1350/3348, Loss: 0.3342
2025-10-09 22:58:29,159 [INFO] Época 20/30, Batch 1400/3348, Loss: 0.3119
2025-10-09 22:58:29,426 [INFO] Época 20/30, Batch 1450/3348, Loss: 0.3502
2025-10-09 22:58:29,689 [INFO] Época 20/30, Batch 1500/3348, Loss: 0.3166
2025-10-09 22:58:29,954 [INFO] Época 20/30, Batch 1550/3348, Loss: 0.3561
2025-10-09 22:58:30,218 [INFO] Época 20/30, Batch 1600/3348, Loss: 0.2771
2025-10-09 22:58:30,485 [INFO] Época 20/30, Batch 1650/3348, Loss: 0.4489
2025-10-09 22:58:30,746 [INFO] Época 20/30, Batch 1700/3348, Loss: 0.3270
2025-10-09 22:58:31,008 [INFO] Época 20/30, Batch 1750/3348, Loss: 0.2824
2025-10-09 22:58:31,270 [INFO] Época 20/30, Batch 1800/3348, Loss: 0.3249
2025-10-09 22:58:31,531 [INFO] Época 20/30, Batch 1850/3348, Loss: 0.3227
2025-10-09 22:58:31,795 [INFO] Época 20/30, Batch 1900/3348, Loss: 0.4469
2025-10-09 22:58:32,059 [INFO] Época 20/30, Batch 1950/3348, Loss: 0.2814
2025-10-09 22:58:32,323 [INFO] Época 20/30, Batch 2000/3348, Loss: 0.2230
2025-10-09 22:58:32,587 [INFO] Época 20/30, Batch 2050/3348, Loss: 0.2795
2025-10-09 22:58:32,853 [INFO] Época 20/30, Batch 2100/3348, Loss: 0.2497
2025-10-09 22:58:33,116 [INFO] Época 20/30, Batch 2150/3348, Loss: 0.3708
2025-10-09 22:58:33,380 [INFO] Época 20/30, Batch 2200/3348, Loss: 0.4031
2025-10-09 22:58:33,643 [INFO] Época 20/30, Batch 2250/3348, Loss: 0.2892
2025-10-09 22:58:33,911 [INFO] Época 20/30, Batch 2300/3348, Loss: 0.3506
2025-10-09 22:58:34,182 [INFO] Época 20/30, Batch 2350/3348, Loss: 0.3072
2025-10-09 22:58:34,448 [INFO] Época 20/30, Batch 2400/3348, Loss: 0.3802
2025-10-09 22:58:34,716 [INFO] Época 20/30, Batch 2450/3348, Loss: 0.2935
2025-10-09 22:58:34,986 [INFO] Época 20/30, Batch 2500/3348, Loss: 0.3780
2025-10-09 22:58:35,254 [INFO] Época 20/30, Batch 2550/3348, Loss: 0.2686
2025-10-09 22:58:35,525 [INFO] Época 20/30, Batch 2600/3348, Loss: 0.2405
2025-10-09 22:58:35,794 [INFO] Época 20/30, Batch 2650/3348, Loss: 0.3423
2025-10-09 22:58:36,063 [INFO] Época 20/30, Batch 2700/3348, Loss: 0.2584
2025-10-09 22:58:36,332 [INFO] Época 20/30, Batch 2750/3348, Loss: 0.3846
2025-10-09 22:58:36,600 [INFO] Época 20/30, Batch 2800/3348, Loss: 0.3248
2025-10-09 22:58:36,868 [INFO] Época 20/30, Batch 2850/3348, Loss: 0.3012
2025-10-09 22:58:37,138 [INFO] Época 20/30, Batch 2900/3348, Loss: 0.3219
2025-10-09 22:58:37,410 [INFO] Época 20/30, Batch 2950/3348, Loss: 0.2709
2025-10-09 22:58:37,680 [INFO] Época 20/30, Batch 3000/3348, Loss: 0.2377
2025-10-09 22:58:37,951 [INFO] Época 20/30, Batch 3050/3348, Loss: 0.3471
2025-10-09 22:58:38,223 [INFO] Época 20/30, Batch 3100/3348, Loss: 0.3995
2025-10-09 22:58:38,493 [INFO] Época 20/30, Batch 3150/3348, Loss: 0.3231
2025-10-09 22:58:38,760 [INFO] Época 20/30, Batch 3200/3348, Loss: 0.2955
2025-10-09 22:58:39,030 [INFO] Época 20/30, Batch 3250/3348, Loss: 0.2477
2025-10-09 22:58:39,299 [INFO] Época 20/30, Batch 3300/3348, Loss: 0.3044
2025-10-09 22:58:41,227 [INFO] [20/30] Train Loss: 0.3088 | Val Loss: 0.3551 | Tempo: 19.87s
2025-10-09 22:58:41,233 [INFO] Melhor modelo salvo em: /mnt/hdd/home/jdurao/ToolBox-ChemXAI/models/mlp_qm9_CM_att5_large.pth
2025-10-09 22:58:41,875 [INFO] Época 21/30, Batch 50/3348, Loss: 0.2493
2025-10-09 22:58:42,159 [INFO] Época 21/30, Batch 100/3348, Loss: 0.3710
2025-10-09 22:58:42,440 [INFO] Época 21/30, Batch 150/3348, Loss: 0.2750
2025-10-09 22:58:42,717 [INFO] Época 21/30, Batch 200/3348, Loss: 0.4807
2025-10-09 22:58:42,994 [INFO] Época 21/30, Batch 250/3348, Loss: 0.2172
2025-10-09 22:58:43,270 [INFO] Época 21/30, Batch 300/3348, Loss: 0.3051
2025-10-09 22:58:43,545 [INFO] Época 21/30, Batch 350/3348, Loss: 0.3248
2025-10-09 22:58:43,818 [INFO] Época 21/30, Batch 400/3348, Loss: 0.2415
2025-10-09 22:58:44,092 [INFO] Época 21/30, Batch 450/3348, Loss: 0.2809
2025-10-09 22:58:44,365 [INFO] Época 21/30, Batch 500/3348, Loss: 0.3136
2025-10-09 22:58:44,639 [INFO] Época 21/30, Batch 550/3348, Loss: 0.2597
2025-10-09 22:58:44,906 [INFO] Época 21/30, Batch 600/3348, Loss: 0.4800
2025-10-09 22:58:45,166 [INFO] Época 21/30, Batch 650/3348, Loss: 0.2932
2025-10-09 22:58:45,423 [INFO] Época 21/30, Batch 700/3348, Loss: 0.2489
2025-10-09 22:58:45,685 [INFO] Época 21/30, Batch 750/3348, Loss: 0.3599
2025-10-09 22:58:45,944 [INFO] Época 21/30, Batch 800/3348, Loss: 0.2224
2025-10-09 22:58:46,200 [INFO] Época 21/30, Batch 850/3348, Loss: 0.2773
2025-10-09 22:58:46,454 [INFO] Época 21/30, Batch 900/3348, Loss: 0.5198
2025-10-09 22:58:46,711 [INFO] Época 21/30, Batch 950/3348, Loss: 0.2865
2025-10-09 22:58:46,967 [INFO] Época 21/30, Batch 1000/3348, Loss: 0.2975
2025-10-09 22:58:47,224 [INFO] Época 21/30, Batch 1050/3348, Loss: 0.2942
2025-10-09 22:58:47,482 [INFO] Época 21/30, Batch 1100/3348, Loss: 0.2573
2025-10-09 22:58:47,743 [INFO] Época 21/30, Batch 1150/3348, Loss: 0.3142
2025-10-09 22:58:48,010 [INFO] Época 21/30, Batch 1200/3348, Loss: 0.2262
2025-10-09 22:58:48,275 [INFO] Época 21/30, Batch 1250/3348, Loss: 0.3983
2025-10-09 22:58:48,540 [INFO] Época 21/30, Batch 1300/3348, Loss: 0.2438
2025-10-09 22:58:48,805 [INFO] Época 21/30, Batch 1350/3348, Loss: 0.3195
2025-10-09 22:58:49,071 [INFO] Época 21/30, Batch 1400/3348, Loss: 0.2963
2025-10-09 22:58:49,335 [INFO] Época 21/30, Batch 1450/3348, Loss: 0.3668
2025-10-09 22:58:49,600 [INFO] Época 21/30, Batch 1500/3348, Loss: 0.3191
2025-10-09 22:58:49,863 [INFO] Época 21/30, Batch 1550/3348, Loss: 0.3527
2025-10-09 22:58:50,129 [INFO] Época 21/30, Batch 1600/3348, Loss: 0.3276
2025-10-09 22:58:50,396 [INFO] Época 21/30, Batch 1650/3348, Loss: 0.3635
2025-10-09 22:58:50,660 [INFO] Época 21/30, Batch 1700/3348, Loss: 0.3586
2025-10-09 22:58:50,924 [INFO] Época 21/30, Batch 1750/3348, Loss: 0.3490
2025-10-09 22:58:51,187 [INFO] Época 21/30, Batch 1800/3348, Loss: 0.2505
2025-10-09 22:58:51,450 [INFO] Época 21/30, Batch 1850/3348, Loss: 0.3313
2025-10-09 22:58:51,714 [INFO] Época 21/30, Batch 1900/3348, Loss: 0.2689
2025-10-09 22:58:51,979 [INFO] Época 21/30, Batch 1950/3348, Loss: 0.3432
2025-10-09 22:58:52,243 [INFO] Época 21/30, Batch 2000/3348, Loss: 0.3241
2025-10-09 22:58:52,510 [INFO] Época 21/30, Batch 2050/3348, Loss: 0.3143
2025-10-09 22:58:52,775 [INFO] Época 21/30, Batch 2100/3348, Loss: 0.3405
2025-10-09 22:58:53,046 [INFO] Época 21/30, Batch 2150/3348, Loss: 0.2768
2025-10-09 22:58:53,318 [INFO] Época 21/30, Batch 2200/3348, Loss: 0.2217
2025-10-09 22:58:53,589 [INFO] Época 21/30, Batch 2250/3348, Loss: 0.2779
2025-10-09 22:58:53,861 [INFO] Época 21/30, Batch 2300/3348, Loss: 0.3426
2025-10-09 22:58:54,133 [INFO] Época 21/30, Batch 2350/3348, Loss: 0.3062
2025-10-09 22:58:54,406 [INFO] Época 21/30, Batch 2400/3348, Loss: 0.2190
2025-10-09 22:58:54,679 [INFO] Época 21/30, Batch 2450/3348, Loss: 0.4242
2025-10-09 22:58:54,950 [INFO] Época 21/30, Batch 2500/3348, Loss: 0.2499
2025-10-09 22:58:55,221 [INFO] Época 21/30, Batch 2550/3348, Loss: 0.2574
2025-10-09 22:58:55,494 [INFO] Época 21/30, Batch 2600/3348, Loss: 0.3423
2025-10-09 22:58:55,760 [INFO] Época 21/30, Batch 2650/3348, Loss: 0.3146
2025-10-09 22:58:56,028 [INFO] Época 21/30, Batch 2700/3348, Loss: 0.3232
2025-10-09 22:58:56,293 [INFO] Época 21/30, Batch 2750/3348, Loss: 0.3324
2025-10-09 22:58:56,558 [INFO] Época 21/30, Batch 2800/3348, Loss: 0.3544
2025-10-09 22:58:56,825 [INFO] Época 21/30, Batch 2850/3348, Loss: 0.2484
2025-10-09 22:58:57,089 [INFO] Época 21/30, Batch 2900/3348, Loss: 0.3424
2025-10-09 22:58:57,357 [INFO] Época 21/30, Batch 2950/3348, Loss: 0.3325
2025-10-09 22:58:57,623 [INFO] Época 21/30, Batch 3000/3348, Loss: 0.4024
2025-10-09 22:58:57,895 [INFO] Época 21/30, Batch 3050/3348, Loss: 0.4003
2025-10-09 22:58:58,161 [INFO] Época 21/30, Batch 3100/3348, Loss: 0.3223
2025-10-09 22:58:58,429 [INFO] Época 21/30, Batch 3150/3348, Loss: 0.3220
2025-10-09 22:58:58,697 [INFO] Época 21/30, Batch 3200/3348, Loss: 0.2219
2025-10-09 22:58:58,965 [INFO] Época 21/30, Batch 3250/3348, Loss: 0.2725
2025-10-09 22:58:59,229 [INFO] Época 21/30, Batch 3300/3348, Loss: 0.3806
2025-10-09 22:59:01,066 [INFO] [21/30] Train Loss: 0.3056 | Val Loss: 0.3500 | Tempo: 19.83s
2025-10-09 22:59:01,072 [INFO] Melhor modelo salvo em: /mnt/hdd/home/jdurao/ToolBox-ChemXAI/models/mlp_qm9_CM_att5_large.pth
2025-10-09 22:59:01,705 [INFO] Época 22/30, Batch 50/3348, Loss: 0.3395
2025-10-09 22:59:01,985 [INFO] Época 22/30, Batch 100/3348, Loss: 0.2434
2025-10-09 22:59:02,264 [INFO] Época 22/30, Batch 150/3348, Loss: 0.3663
2025-10-09 22:59:02,541 [INFO] Época 22/30, Batch 200/3348, Loss: 0.2715
2025-10-09 22:59:02,818 [INFO] Época 22/30, Batch 250/3348, Loss: 0.2452
2025-10-09 22:59:03,095 [INFO] Época 22/30, Batch 300/3348, Loss: 0.3244
2025-10-09 22:59:03,370 [INFO] Época 22/30, Batch 350/3348, Loss: 0.3049
2025-10-09 22:59:03,646 [INFO] Época 22/30, Batch 400/3348, Loss: 0.4451
2025-10-09 22:59:03,921 [INFO] Época 22/30, Batch 450/3348, Loss: 0.2614
2025-10-09 22:59:04,194 [INFO] Época 22/30, Batch 500/3348, Loss: 0.3115
2025-10-09 22:59:04,469 [INFO] Época 22/30, Batch 550/3348, Loss: 0.3134
2025-10-09 22:59:04,743 [INFO] Época 22/30, Batch 600/3348, Loss: 0.2952
2025-10-09 22:59:05,012 [INFO] Época 22/30, Batch 650/3348, Loss: 0.3420
2025-10-09 22:59:05,280 [INFO] Época 22/30, Batch 700/3348, Loss: 0.3911
2025-10-09 22:59:05,547 [INFO] Época 22/30, Batch 750/3348, Loss: 0.2319
2025-10-09 22:59:05,819 [INFO] Época 22/30, Batch 800/3348, Loss: 0.2651
2025-10-09 22:59:06,092 [INFO] Época 22/30, Batch 850/3348, Loss: 0.3251
2025-10-09 22:59:06,360 [INFO] Época 22/30, Batch 900/3348, Loss: 0.2701
2025-10-09 22:59:06,627 [INFO] Época 22/30, Batch 950/3348, Loss: 0.5085
2025-10-09 22:59:06,902 [INFO] Época 22/30, Batch 1000/3348, Loss: 0.3386
2025-10-09 22:59:07,169 [INFO] Época 22/30, Batch 1050/3348, Loss: 0.3767
2025-10-09 22:59:07,441 [INFO] Época 22/30, Batch 1100/3348, Loss: 0.2828
2025-10-09 22:59:07,716 [INFO] Época 22/30, Batch 1150/3348, Loss: 0.2334
2025-10-09 22:59:07,991 [INFO] Época 22/30, Batch 1200/3348, Loss: 0.2316
2025-10-09 22:59:08,269 [INFO] Época 22/30, Batch 1250/3348, Loss: 0.4523
2025-10-09 22:59:08,544 [INFO] Época 22/30, Batch 1300/3348, Loss: 0.3317
2025-10-09 22:59:08,814 [INFO] Época 22/30, Batch 1350/3348, Loss: 0.2651
2025-10-09 22:59:09,091 [INFO] Época 22/30, Batch 1400/3348, Loss: 0.2698
2025-10-09 22:59:09,366 [INFO] Época 22/30, Batch 1450/3348, Loss: 0.2807
2025-10-09 22:59:09,643 [INFO] Época 22/30, Batch 1500/3348, Loss: 0.2450
2025-10-09 22:59:09,912 [INFO] Época 22/30, Batch 1550/3348, Loss: 0.2531
2025-10-09 22:59:10,182 [INFO] Época 22/30, Batch 1600/3348, Loss: 0.4329
2025-10-09 22:59:10,453 [INFO] Época 22/30, Batch 1650/3348, Loss: 0.3217
2025-10-09 22:59:10,722 [INFO] Época 22/30, Batch 1700/3348, Loss: 0.2839
2025-10-09 22:59:10,989 [INFO] Época 22/30, Batch 1750/3348, Loss: 0.2754
2025-10-09 22:59:11,254 [INFO] Época 22/30, Batch 1800/3348, Loss: 0.3536
2025-10-09 22:59:11,520 [INFO] Época 22/30, Batch 1850/3348, Loss: 0.3478
2025-10-09 22:59:11,788 [INFO] Época 22/30, Batch 1900/3348, Loss: 0.2714
2025-10-09 22:59:12,055 [INFO] Época 22/30, Batch 1950/3348, Loss: 0.1888
2025-10-09 22:59:12,324 [INFO] Época 22/30, Batch 2000/3348, Loss: 0.3034
2025-10-09 22:59:12,592 [INFO] Época 22/30, Batch 2050/3348, Loss: 0.3328
2025-10-09 22:59:12,860 [INFO] Época 22/30, Batch 2100/3348, Loss: 0.3140
2025-10-09 22:59:13,128 [INFO] Época 22/30, Batch 2150/3348, Loss: 0.3051
2025-10-09 22:59:13,395 [INFO] Época 22/30, Batch 2200/3348, Loss: 0.3043
2025-10-09 22:59:13,663 [INFO] Época 22/30, Batch 2250/3348, Loss: 0.2537
2025-10-09 22:59:13,929 [INFO] Época 22/30, Batch 2300/3348, Loss: 0.4238
2025-10-09 22:59:14,195 [INFO] Época 22/30, Batch 2350/3348, Loss: 0.3713
2025-10-09 22:59:14,463 [INFO] Época 22/30, Batch 2400/3348, Loss: 0.2819
2025-10-09 22:59:14,730 [INFO] Época 22/30, Batch 2450/3348, Loss: 0.3536
2025-10-09 22:59:14,998 [INFO] Época 22/30, Batch 2500/3348, Loss: 0.3012
2025-10-09 22:59:15,270 [INFO] Época 22/30, Batch 2550/3348, Loss: 0.3016
2025-10-09 22:59:15,540 [INFO] Época 22/30, Batch 2600/3348, Loss: 0.3474
2025-10-09 22:59:15,805 [INFO] Época 22/30, Batch 2650/3348, Loss: 0.3434
2025-10-09 22:59:16,074 [INFO] Época 22/30, Batch 2700/3348, Loss: 0.3771
2025-10-09 22:59:16,339 [INFO] Época 22/30, Batch 2750/3348, Loss: 0.4594
2025-10-09 22:59:16,610 [INFO] Época 22/30, Batch 2800/3348, Loss: 0.2791
2025-10-09 22:59:16,876 [INFO] Época 22/30, Batch 2850/3348, Loss: 0.2953
2025-10-09 22:59:17,143 [INFO] Época 22/30, Batch 2900/3348, Loss: 0.2104
2025-10-09 22:59:17,411 [INFO] Época 22/30, Batch 2950/3348, Loss: 0.3525
2025-10-09 22:59:17,677 [INFO] Época 22/30, Batch 3000/3348, Loss: 0.2400
2025-10-09 22:59:17,945 [INFO] Época 22/30, Batch 3050/3348, Loss: 0.2333
2025-10-09 22:59:18,212 [INFO] Época 22/30, Batch 3100/3348, Loss: 0.2205
2025-10-09 22:59:18,477 [INFO] Época 22/30, Batch 3150/3348, Loss: 0.3423
2025-10-09 22:59:18,745 [INFO] Época 22/30, Batch 3200/3348, Loss: 0.3483
2025-10-09 22:59:19,014 [INFO] Época 22/30, Batch 3250/3348, Loss: 0.2188
2025-10-09 22:59:19,281 [INFO] Época 22/30, Batch 3300/3348, Loss: 0.3354
2025-10-09 22:59:21,255 [INFO] [22/30] Train Loss: 0.3023 | Val Loss: 0.3556 | Tempo: 20.18s
2025-10-09 22:59:21,898 [INFO] Época 23/30, Batch 50/3348, Loss: 0.2761
2025-10-09 22:59:22,170 [INFO] Época 23/30, Batch 100/3348, Loss: 0.3035
2025-10-09 22:59:22,433 [INFO] Época 23/30, Batch 150/3348, Loss: 0.2278
2025-10-09 22:59:22,693 [INFO] Época 23/30, Batch 200/3348, Loss: 0.2775
2025-10-09 22:59:22,952 [INFO] Época 23/30, Batch 250/3348, Loss: 0.2724
2025-10-09 22:59:23,213 [INFO] Época 23/30, Batch 300/3348, Loss: 0.3223
2025-10-09 22:59:23,472 [INFO] Época 23/30, Batch 350/3348, Loss: 0.2755
2025-10-09 22:59:23,734 [INFO] Época 23/30, Batch 400/3348, Loss: 0.2726
2025-10-09 22:59:23,991 [INFO] Época 23/30, Batch 450/3348, Loss: 0.3503
2025-10-09 22:59:24,248 [INFO] Época 23/30, Batch 500/3348, Loss: 0.2341
2025-10-09 22:59:24,505 [INFO] Época 23/30, Batch 550/3348, Loss: 0.2637
2025-10-09 22:59:24,762 [INFO] Época 23/30, Batch 600/3348, Loss: 0.3658
2025-10-09 22:59:25,029 [INFO] Época 23/30, Batch 650/3348, Loss: 0.3006
2025-10-09 22:59:25,293 [INFO] Época 23/30, Batch 700/3348, Loss: 0.3932
2025-10-09 22:59:25,557 [INFO] Época 23/30, Batch 750/3348, Loss: 0.3493
2025-10-09 22:59:25,818 [INFO] Época 23/30, Batch 800/3348, Loss: 0.2621
2025-10-09 22:59:26,069 [INFO] Época 23/30, Batch 850/3348, Loss: 0.2778
2025-10-09 22:59:26,320 [INFO] Época 23/30, Batch 900/3348, Loss: 0.2438
2025-10-09 22:59:26,573 [INFO] Época 23/30, Batch 950/3348, Loss: 0.2713
2025-10-09 22:59:26,826 [INFO] Época 23/30, Batch 1000/3348, Loss: 0.2663
2025-10-09 22:59:27,077 [INFO] Época 23/30, Batch 1050/3348, Loss: 0.3228
2025-10-09 22:59:27,328 [INFO] Época 23/30, Batch 1100/3348, Loss: 0.3459
2025-10-09 22:59:27,580 [INFO] Época 23/30, Batch 1150/3348, Loss: 0.2270
2025-10-09 22:59:27,835 [INFO] Época 23/30, Batch 1200/3348, Loss: 0.2407
2025-10-09 22:59:28,098 [INFO] Época 23/30, Batch 1250/3348, Loss: 0.3014
2025-10-09 22:59:28,356 [INFO] Época 23/30, Batch 1300/3348, Loss: 0.3364
2025-10-09 22:59:28,609 [INFO] Época 23/30, Batch 1350/3348, Loss: 0.2685
2025-10-09 22:59:28,864 [INFO] Época 23/30, Batch 1400/3348, Loss: 0.3440
2025-10-09 22:59:29,123 [INFO] Época 23/30, Batch 1450/3348, Loss: 0.2555
2025-10-09 22:59:29,380 [INFO] Época 23/30, Batch 1500/3348, Loss: 0.2340
2025-10-09 22:59:29,637 [INFO] Época 23/30, Batch 1550/3348, Loss: 0.2385
2025-10-09 22:59:29,896 [INFO] Época 23/30, Batch 1600/3348, Loss: 0.3052
2025-10-09 22:59:30,156 [INFO] Época 23/30, Batch 1650/3348, Loss: 0.3229
2025-10-09 22:59:30,416 [INFO] Época 23/30, Batch 1700/3348, Loss: 0.4036
2025-10-09 22:59:30,677 [INFO] Época 23/30, Batch 1750/3348, Loss: 0.3089
2025-10-09 22:59:30,952 [INFO] Época 23/30, Batch 1800/3348, Loss: 0.2742
2025-10-09 22:59:31,228 [INFO] Época 23/30, Batch 1850/3348, Loss: 0.2868
2025-10-09 22:59:31,500 [INFO] Época 23/30, Batch 1900/3348, Loss: 0.4451
2025-10-09 22:59:31,761 [INFO] Época 23/30, Batch 1950/3348, Loss: 0.2877
2025-10-09 22:59:32,024 [INFO] Época 23/30, Batch 2000/3348, Loss: 0.2993
2025-10-09 22:59:32,286 [INFO] Época 23/30, Batch 2050/3348, Loss: 0.2302
2025-10-09 22:59:32,548 [INFO] Época 23/30, Batch 2100/3348, Loss: 0.4115
2025-10-09 22:59:32,823 [INFO] Época 23/30, Batch 2150/3348, Loss: 0.3422
2025-10-09 22:59:33,099 [INFO] Época 23/30, Batch 2200/3348, Loss: 0.5146
2025-10-09 22:59:33,360 [INFO] Época 23/30, Batch 2250/3348, Loss: 0.2996
2025-10-09 22:59:33,623 [INFO] Época 23/30, Batch 2300/3348, Loss: 0.2725
2025-10-09 22:59:33,888 [INFO] Época 23/30, Batch 2350/3348, Loss: 0.3396
2025-10-09 22:59:34,151 [INFO] Época 23/30, Batch 2400/3348, Loss: 0.2393
2025-10-09 22:59:34,412 [INFO] Época 23/30, Batch 2450/3348, Loss: 0.3277
2025-10-09 22:59:34,673 [INFO] Época 23/30, Batch 2500/3348, Loss: 0.2175
2025-10-09 22:59:34,931 [INFO] Época 23/30, Batch 2550/3348, Loss: 0.3048
2025-10-09 22:59:35,191 [INFO] Época 23/30, Batch 2600/3348, Loss: 0.3289
2025-10-09 22:59:35,450 [INFO] Época 23/30, Batch 2650/3348, Loss: 0.4391
2025-10-09 22:59:35,713 [INFO] Época 23/30, Batch 2700/3348, Loss: 0.2432
2025-10-09 22:59:35,976 [INFO] Época 23/30, Batch 2750/3348, Loss: 0.4151
2025-10-09 22:59:36,237 [INFO] Época 23/30, Batch 2800/3348, Loss: 0.4492
2025-10-09 22:59:36,497 [INFO] Época 23/30, Batch 2850/3348, Loss: 0.3798
2025-10-09 22:59:36,761 [INFO] Época 23/30, Batch 2900/3348, Loss: 0.3287
2025-10-09 22:59:37,023 [INFO] Época 23/30, Batch 2950/3348, Loss: 0.2828
2025-10-09 22:59:37,284 [INFO] Época 23/30, Batch 3000/3348, Loss: 0.2472
2025-10-09 22:59:37,544 [INFO] Época 23/30, Batch 3050/3348, Loss: 0.3361
2025-10-09 22:59:37,807 [INFO] Época 23/30, Batch 3100/3348, Loss: 0.2400
2025-10-09 22:59:38,071 [INFO] Época 23/30, Batch 3150/3348, Loss: 0.3055
2025-10-09 22:59:38,332 [INFO] Época 23/30, Batch 3200/3348, Loss: 0.2493
2025-10-09 22:59:38,596 [INFO] Época 23/30, Batch 3250/3348, Loss: 0.2619
2025-10-09 22:59:38,857 [INFO] Época 23/30, Batch 3300/3348, Loss: 0.3301
2025-10-09 22:59:40,889 [INFO] [23/30] Train Loss: 0.3014 | Val Loss: 0.3553 | Tempo: 19.63s
2025-10-09 22:59:41,533 [INFO] Época 24/30, Batch 50/3348, Loss: 0.2583
2025-10-09 22:59:41,806 [INFO] Época 24/30, Batch 100/3348, Loss: 0.2823
2025-10-09 22:59:42,077 [INFO] Época 24/30, Batch 150/3348, Loss: 0.2643
2025-10-09 22:59:42,347 [INFO] Época 24/30, Batch 200/3348, Loss: 0.2299
2025-10-09 22:59:42,615 [INFO] Época 24/30, Batch 250/3348, Loss: 0.2112
2025-10-09 22:59:42,883 [INFO] Época 24/30, Batch 300/3348, Loss: 0.1628
2025-10-09 22:59:43,150 [INFO] Época 24/30, Batch 350/3348, Loss: 0.3533
2025-10-09 22:59:43,416 [INFO] Época 24/30, Batch 400/3348, Loss: 0.4245
2025-10-09 22:59:43,683 [INFO] Época 24/30, Batch 450/3348, Loss: 0.3098
2025-10-09 22:59:43,950 [INFO] Época 24/30, Batch 500/3348, Loss: 0.2806
2025-10-09 22:59:44,215 [INFO] Época 24/30, Batch 550/3348, Loss: 0.3608
2025-10-09 22:59:44,479 [INFO] Época 24/30, Batch 600/3348, Loss: 0.2349
2025-10-09 22:59:44,741 [INFO] Época 24/30, Batch 650/3348, Loss: 0.2916
2025-10-09 22:59:45,006 [INFO] Época 24/30, Batch 700/3348, Loss: 0.3033
2025-10-09 22:59:45,270 [INFO] Época 24/30, Batch 750/3348, Loss: 0.3027
2025-10-09 22:59:45,534 [INFO] Época 24/30, Batch 800/3348, Loss: 0.2682
2025-10-09 22:59:45,797 [INFO] Época 24/30, Batch 850/3348, Loss: 0.3067
2025-10-09 22:59:46,061 [INFO] Época 24/30, Batch 900/3348, Loss: 0.2621
2025-10-09 22:59:46,325 [INFO] Época 24/30, Batch 950/3348, Loss: 0.2783
2025-10-09 22:59:46,587 [INFO] Época 24/30, Batch 1000/3348, Loss: 0.2804
2025-10-09 22:59:46,848 [INFO] Época 24/30, Batch 1050/3348, Loss: 0.2827
2025-10-09 22:59:47,112 [INFO] Época 24/30, Batch 1100/3348, Loss: 0.2600
2025-10-09 22:59:47,375 [INFO] Época 24/30, Batch 1150/3348, Loss: 0.3199
2025-10-09 22:59:47,639 [INFO] Época 24/30, Batch 1200/3348, Loss: 0.2798
2025-10-09 22:59:47,904 [INFO] Época 24/30, Batch 1250/3348, Loss: 0.3788
2025-10-09 22:59:48,169 [INFO] Época 24/30, Batch 1300/3348, Loss: 0.2456
2025-10-09 22:59:48,433 [INFO] Época 24/30, Batch 1350/3348, Loss: 0.3075
2025-10-09 22:59:48,708 [INFO] Época 24/30, Batch 1400/3348, Loss: 0.1726
2025-10-09 22:59:48,974 [INFO] Época 24/30, Batch 1450/3348, Loss: 0.4041
2025-10-09 22:59:49,241 [INFO] Época 24/30, Batch 1500/3348, Loss: 0.2936
2025-10-09 22:59:49,506 [INFO] Época 24/30, Batch 1550/3348, Loss: 0.2503
2025-10-09 22:59:49,770 [INFO] Época 24/30, Batch 1600/3348, Loss: 0.3484
2025-10-09 22:59:50,036 [INFO] Época 24/30, Batch 1650/3348, Loss: 0.3641
2025-10-09 22:59:50,300 [INFO] Época 24/30, Batch 1700/3348, Loss: 0.3406
2025-10-09 22:59:50,566 [INFO] Época 24/30, Batch 1750/3348, Loss: 0.3194
2025-10-09 22:59:50,831 [INFO] Época 24/30, Batch 1800/3348, Loss: 0.2573
2025-10-09 22:59:51,096 [INFO] Época 24/30, Batch 1850/3348, Loss: 0.3416
2025-10-09 22:59:51,361 [INFO] Época 24/30, Batch 1900/3348, Loss: 0.3467
2025-10-09 22:59:51,628 [INFO] Época 24/30, Batch 1950/3348, Loss: 0.2490
2025-10-09 22:59:51,898 [INFO] Época 24/30, Batch 2000/3348, Loss: 0.2998
2025-10-09 22:59:52,164 [INFO] Época 24/30, Batch 2050/3348, Loss: 0.2532
2025-10-09 22:59:52,431 [INFO] Época 24/30, Batch 2100/3348, Loss: 0.2749
2025-10-09 22:59:52,699 [INFO] Época 24/30, Batch 2150/3348, Loss: 0.2897
2025-10-09 22:59:52,967 [INFO] Época 24/30, Batch 2200/3348, Loss: 0.2946
2025-10-09 22:59:53,237 [INFO] Época 24/30, Batch 2250/3348, Loss: 0.1944
2025-10-09 22:59:53,506 [INFO] Época 24/30, Batch 2300/3348, Loss: 0.2927
2025-10-09 22:59:53,773 [INFO] Época 24/30, Batch 2350/3348, Loss: 0.3158
2025-10-09 22:59:54,037 [INFO] Época 24/30, Batch 2400/3348, Loss: 0.2457
2025-10-09 22:59:54,301 [INFO] Época 24/30, Batch 2450/3348, Loss: 0.2988
2025-10-09 22:59:54,568 [INFO] Época 24/30, Batch 2500/3348, Loss: 0.3116
2025-10-09 22:59:54,833 [INFO] Época 24/30, Batch 2550/3348, Loss: 0.3346
2025-10-09 22:59:55,097 [INFO] Época 24/30, Batch 2600/3348, Loss: 0.2774
2025-10-09 22:59:55,361 [INFO] Época 24/30, Batch 2650/3348, Loss: 0.2707
2025-10-09 22:59:55,626 [INFO] Época 24/30, Batch 2700/3348, Loss: 0.4120
2025-10-09 22:59:55,892 [INFO] Época 24/30, Batch 2750/3348, Loss: 0.3587
2025-10-09 22:59:56,159 [INFO] Época 24/30, Batch 2800/3348, Loss: 0.2294
2025-10-09 22:59:56,427 [INFO] Época 24/30, Batch 2850/3348, Loss: 0.2059
2025-10-09 22:59:56,694 [INFO] Época 24/30, Batch 2900/3348, Loss: 0.2643
2025-10-09 22:59:56,962 [INFO] Época 24/30, Batch 2950/3348, Loss: 0.2158
2025-10-09 22:59:57,229 [INFO] Época 24/30, Batch 3000/3348, Loss: 0.2954
2025-10-09 22:59:57,494 [INFO] Época 24/30, Batch 3050/3348, Loss: 0.3171
2025-10-09 22:59:57,760 [INFO] Época 24/30, Batch 3100/3348, Loss: 0.3520
2025-10-09 22:59:58,025 [INFO] Época 24/30, Batch 3150/3348, Loss: 0.2929
2025-10-09 22:59:58,290 [INFO] Época 24/30, Batch 3200/3348, Loss: 0.3020
2025-10-09 22:59:58,558 [INFO] Época 24/30, Batch 3250/3348, Loss: 0.3346
2025-10-09 22:59:58,823 [INFO] Época 24/30, Batch 3300/3348, Loss: 0.3162
2025-10-09 23:00:00,750 [INFO] [24/30] Train Loss: 0.2994 | Val Loss: 0.3630 | Tempo: 19.86s
2025-10-09 23:00:01,392 [INFO] Época 25/30, Batch 50/3348, Loss: 0.3438
2025-10-09 23:00:01,664 [INFO] Época 25/30, Batch 100/3348, Loss: 0.3303
2025-10-09 23:00:01,936 [INFO] Época 25/30, Batch 150/3348, Loss: 0.3526
2025-10-09 23:00:02,209 [INFO] Época 25/30, Batch 200/3348, Loss: 0.2555
2025-10-09 23:00:02,482 [INFO] Época 25/30, Batch 250/3348, Loss: 0.3237
2025-10-09 23:00:02,751 [INFO] Época 25/30, Batch 300/3348, Loss: 0.3276
2025-10-09 23:00:03,018 [INFO] Época 25/30, Batch 350/3348, Loss: 0.2618
2025-10-09 23:00:03,285 [INFO] Época 25/30, Batch 400/3348, Loss: 0.3560
2025-10-09 23:00:03,552 [INFO] Época 25/30, Batch 450/3348, Loss: 0.2788
2025-10-09 23:00:03,821 [INFO] Época 25/30, Batch 500/3348, Loss: 0.3778
2025-10-09 23:00:04,088 [INFO] Época 25/30, Batch 550/3348, Loss: 0.2072
2025-10-09 23:00:04,355 [INFO] Época 25/30, Batch 600/3348, Loss: 0.2223
2025-10-09 23:00:04,621 [INFO] Época 25/30, Batch 650/3348, Loss: 0.3688
2025-10-09 23:00:04,882 [INFO] Época 25/30, Batch 700/3348, Loss: 0.2652
2025-10-09 23:00:05,146 [INFO] Época 25/30, Batch 750/3348, Loss: 0.2854
2025-10-09 23:00:05,411 [INFO] Época 25/30, Batch 800/3348, Loss: 0.2699
2025-10-09 23:00:05,676 [INFO] Época 25/30, Batch 850/3348, Loss: 0.3561
2025-10-09 23:00:05,941 [INFO] Época 25/30, Batch 900/3348, Loss: 0.2783
2025-10-09 23:00:06,204 [INFO] Época 25/30, Batch 950/3348, Loss: 0.2989
2025-10-09 23:00:06,469 [INFO] Época 25/30, Batch 1000/3348, Loss: 0.2810
2025-10-09 23:00:06,735 [INFO] Época 25/30, Batch 1050/3348, Loss: 0.3350
2025-10-09 23:00:07,000 [INFO] Época 25/30, Batch 1100/3348, Loss: 0.2189
2025-10-09 23:00:07,264 [INFO] Época 25/30, Batch 1150/3348, Loss: 0.1757
2025-10-09 23:00:07,529 [INFO] Época 25/30, Batch 1200/3348, Loss: 0.2188
2025-10-09 23:00:07,797 [INFO] Época 25/30, Batch 1250/3348, Loss: 0.2760
2025-10-09 23:00:08,064 [INFO] Época 25/30, Batch 1300/3348, Loss: 0.1962
2025-10-09 23:00:08,329 [INFO] Época 25/30, Batch 1350/3348, Loss: 0.3571
2025-10-09 23:00:08,595 [INFO] Época 25/30, Batch 1400/3348, Loss: 0.3119
2025-10-09 23:00:08,861 [INFO] Época 25/30, Batch 1450/3348, Loss: 0.3141
2025-10-09 23:00:09,127 [INFO] Época 25/30, Batch 1500/3348, Loss: 0.3659
2025-10-09 23:00:09,391 [INFO] Época 25/30, Batch 1550/3348, Loss: 0.3164
2025-10-09 23:00:09,657 [INFO] Época 25/30, Batch 1600/3348, Loss: 0.3221
2025-10-09 23:00:09,923 [INFO] Época 25/30, Batch 1650/3348, Loss: 0.3108
2025-10-09 23:00:10,191 [INFO] Época 25/30, Batch 1700/3348, Loss: 0.4005
2025-10-09 23:00:10,455 [INFO] Época 25/30, Batch 1750/3348, Loss: 0.3091
2025-10-09 23:00:10,727 [INFO] Época 25/30, Batch 1800/3348, Loss: 0.2666
2025-10-09 23:00:10,995 [INFO] Época 25/30, Batch 1850/3348, Loss: 0.2983
2025-10-09 23:00:11,260 [INFO] Época 25/30, Batch 1900/3348, Loss: 0.3133
2025-10-09 23:00:11,527 [INFO] Época 25/30, Batch 1950/3348, Loss: 0.3007
2025-10-09 23:00:11,794 [INFO] Época 25/30, Batch 2000/3348, Loss: 0.2156
2025-10-09 23:00:12,062 [INFO] Época 25/30, Batch 2050/3348, Loss: 0.3301
2025-10-09 23:00:12,328 [INFO] Época 25/30, Batch 2100/3348, Loss: 0.2042
2025-10-09 23:00:12,597 [INFO] Época 25/30, Batch 2150/3348, Loss: 0.3459
2025-10-09 23:00:12,864 [INFO] Época 25/30, Batch 2200/3348, Loss: 0.2399
2025-10-09 23:00:13,130 [INFO] Época 25/30, Batch 2250/3348, Loss: 0.2985
2025-10-09 23:00:13,397 [INFO] Época 25/30, Batch 2300/3348, Loss: 0.2690
2025-10-09 23:00:13,667 [INFO] Época 25/30, Batch 2350/3348, Loss: 0.3750
2025-10-09 23:00:13,935 [INFO] Época 25/30, Batch 2400/3348, Loss: 0.2678
2025-10-09 23:00:14,202 [INFO] Época 25/30, Batch 2450/3348, Loss: 0.3220
2025-10-09 23:00:14,470 [INFO] Época 25/30, Batch 2500/3348, Loss: 0.2750
2025-10-09 23:00:14,739 [INFO] Época 25/30, Batch 2550/3348, Loss: 0.2595
2025-10-09 23:00:15,006 [INFO] Época 25/30, Batch 2600/3348, Loss: 0.3001
2025-10-09 23:00:15,271 [INFO] Época 25/30, Batch 2650/3348, Loss: 0.2800
2025-10-09 23:00:15,538 [INFO] Época 25/30, Batch 2700/3348, Loss: 0.2875
2025-10-09 23:00:15,805 [INFO] Época 25/30, Batch 2750/3348, Loss: 0.3175
2025-10-09 23:00:16,073 [INFO] Época 25/30, Batch 2800/3348, Loss: 0.2307
2025-10-09 23:00:16,341 [INFO] Época 25/30, Batch 2850/3348, Loss: 0.2397
2025-10-09 23:00:16,611 [INFO] Época 25/30, Batch 2900/3348, Loss: 0.2592
2025-10-09 23:00:16,883 [INFO] Época 25/30, Batch 2950/3348, Loss: 0.2593
2025-10-09 23:00:17,151 [INFO] Época 25/30, Batch 3000/3348, Loss: 0.3040
2025-10-09 23:00:17,422 [INFO] Época 25/30, Batch 3050/3348, Loss: 0.2709
2025-10-09 23:00:17,690 [INFO] Época 25/30, Batch 3100/3348, Loss: 0.2420
2025-10-09 23:00:17,956 [INFO] Época 25/30, Batch 3150/3348, Loss: 0.2870
2025-10-09 23:00:18,223 [INFO] Época 25/30, Batch 3200/3348, Loss: 0.4331
2025-10-09 23:00:18,488 [INFO] Época 25/30, Batch 3250/3348, Loss: 0.3161
2025-10-09 23:00:18,755 [INFO] Época 25/30, Batch 3300/3348, Loss: 0.2054
2025-10-09 23:00:20,674 [INFO] [25/30] Train Loss: 0.2967 | Val Loss: 0.3521 | Tempo: 19.92s
2025-10-09 23:00:21,292 [INFO] Época 26/30, Batch 50/3348, Loss: 0.2277
2025-10-09 23:00:21,567 [INFO] Época 26/30, Batch 100/3348, Loss: 0.2351
2025-10-09 23:00:21,837 [INFO] Época 26/30, Batch 150/3348, Loss: 0.2265
2025-10-09 23:00:22,108 [INFO] Época 26/30, Batch 200/3348, Loss: 0.2573
2025-10-09 23:00:22,375 [INFO] Época 26/30, Batch 250/3348, Loss: 0.2068
2025-10-09 23:00:22,643 [INFO] Época 26/30, Batch 300/3348, Loss: 0.2745
2025-10-09 23:00:22,912 [INFO] Época 26/30, Batch 350/3348, Loss: 0.2305
2025-10-09 23:00:23,178 [INFO] Época 26/30, Batch 400/3348, Loss: 0.2536
2025-10-09 23:00:23,447 [INFO] Época 26/30, Batch 450/3348, Loss: 0.2753
2025-10-09 23:00:23,716 [INFO] Época 26/30, Batch 500/3348, Loss: 0.2439
2025-10-09 23:00:23,983 [INFO] Época 26/30, Batch 550/3348, Loss: 0.2242
2025-10-09 23:00:24,248 [INFO] Época 26/30, Batch 600/3348, Loss: 0.2470
2025-10-09 23:00:24,512 [INFO] Época 26/30, Batch 650/3348, Loss: 0.3012
2025-10-09 23:00:24,768 [INFO] Época 26/30, Batch 700/3348, Loss: 0.3025
2025-10-09 23:00:25,030 [INFO] Época 26/30, Batch 750/3348, Loss: 0.2622
2025-10-09 23:00:25,291 [INFO] Época 26/30, Batch 800/3348, Loss: 0.3252
2025-10-09 23:00:25,549 [INFO] Época 26/30, Batch 850/3348, Loss: 0.2233
2025-10-09 23:00:25,806 [INFO] Época 26/30, Batch 900/3348, Loss: 0.3402
2025-10-09 23:00:26,064 [INFO] Época 26/30, Batch 950/3348, Loss: 0.2873
2025-10-09 23:00:26,322 [INFO] Época 26/30, Batch 1000/3348, Loss: 0.3234
2025-10-09 23:00:26,580 [INFO] Época 26/30, Batch 1050/3348, Loss: 0.2461
2025-10-09 23:00:26,838 [INFO] Época 26/30, Batch 1100/3348, Loss: 0.2879
2025-10-09 23:00:27,102 [INFO] Época 26/30, Batch 1150/3348, Loss: 0.2033
2025-10-09 23:00:27,366 [INFO] Época 26/30, Batch 1200/3348, Loss: 0.2994
2025-10-09 23:00:27,632 [INFO] Época 26/30, Batch 1250/3348, Loss: 0.3317
2025-10-09 23:00:27,897 [INFO] Época 26/30, Batch 1300/3348, Loss: 0.2839
2025-10-09 23:00:28,163 [INFO] Época 26/30, Batch 1350/3348, Loss: 0.2743
2025-10-09 23:00:28,429 [INFO] Época 26/30, Batch 1400/3348, Loss: 0.3268
2025-10-09 23:00:28,695 [INFO] Época 26/30, Batch 1450/3348, Loss: 0.2940
2025-10-09 23:00:28,960 [INFO] Época 26/30, Batch 1500/3348, Loss: 0.2551
2025-10-09 23:00:29,226 [INFO] Época 26/30, Batch 1550/3348, Loss: 0.2407
2025-10-09 23:00:29,491 [INFO] Época 26/30, Batch 1600/3348, Loss: 0.2538
2025-10-09 23:00:29,758 [INFO] Época 26/30, Batch 1650/3348, Loss: 0.3221
2025-10-09 23:00:30,024 [INFO] Época 26/30, Batch 1700/3348, Loss: 0.2349
2025-10-09 23:00:30,294 [INFO] Época 26/30, Batch 1750/3348, Loss: 0.3046
2025-10-09 23:00:30,563 [INFO] Época 26/30, Batch 1800/3348, Loss: 0.2963
2025-10-09 23:00:30,827 [INFO] Época 26/30, Batch 1850/3348, Loss: 0.3113
2025-10-09 23:00:31,093 [INFO] Época 26/30, Batch 1900/3348, Loss: 0.2824
2025-10-09 23:00:31,360 [INFO] Época 26/30, Batch 1950/3348, Loss: 0.2838
2025-10-09 23:00:31,627 [INFO] Época 26/30, Batch 2000/3348, Loss: 0.3525
2025-10-09 23:00:31,894 [INFO] Época 26/30, Batch 2050/3348, Loss: 0.2702
2025-10-09 23:00:32,158 [INFO] Época 26/30, Batch 2100/3348, Loss: 0.1973
2025-10-09 23:00:32,424 [INFO] Época 26/30, Batch 2150/3348, Loss: 0.2636
2025-10-09 23:00:32,692 [INFO] Época 26/30, Batch 2200/3348, Loss: 0.2856
2025-10-09 23:00:32,961 [INFO] Época 26/30, Batch 2250/3348, Loss: 0.2951
2025-10-09 23:00:33,230 [INFO] Época 26/30, Batch 2300/3348, Loss: 0.2942
2025-10-09 23:00:33,498 [INFO] Época 26/30, Batch 2350/3348, Loss: 0.2746
2025-10-09 23:00:33,768 [INFO] Época 26/30, Batch 2400/3348, Loss: 0.3347
2025-10-09 23:00:34,035 [INFO] Época 26/30, Batch 2450/3348, Loss: 0.2635
2025-10-09 23:00:34,303 [INFO] Época 26/30, Batch 2500/3348, Loss: 0.3229
2025-10-09 23:00:34,572 [INFO] Época 26/30, Batch 2550/3348, Loss: 0.3318
2025-10-09 23:00:34,846 [INFO] Época 26/30, Batch 2600/3348, Loss: 0.2914
2025-10-09 23:00:35,112 [INFO] Época 26/30, Batch 2650/3348, Loss: 0.2759
2025-10-09 23:00:35,379 [INFO] Época 26/30, Batch 2700/3348, Loss: 0.2930
2025-10-09 23:00:35,645 [INFO] Época 26/30, Batch 2750/3348, Loss: 0.2790
2025-10-09 23:00:35,911 [INFO] Época 26/30, Batch 2800/3348, Loss: 0.2525
2025-10-09 23:00:36,178 [INFO] Época 26/30, Batch 2850/3348, Loss: 0.2838
2025-10-09 23:00:36,444 [INFO] Época 26/30, Batch 2900/3348, Loss: 0.2152
2025-10-09 23:00:36,710 [INFO] Época 26/30, Batch 2950/3348, Loss: 0.2693
2025-10-09 23:00:36,975 [INFO] Época 26/30, Batch 3000/3348, Loss: 0.3351
2025-10-09 23:00:37,240 [INFO] Época 26/30, Batch 3050/3348, Loss: 0.3173
2025-10-09 23:00:37,506 [INFO] Época 26/30, Batch 3100/3348, Loss: 0.3426
2025-10-09 23:00:37,773 [INFO] Época 26/30, Batch 3150/3348, Loss: 0.2283
2025-10-09 23:00:38,040 [INFO] Época 26/30, Batch 3200/3348, Loss: 0.3247
2025-10-09 23:00:38,305 [INFO] Época 26/30, Batch 3250/3348, Loss: 0.2997
2025-10-09 23:00:38,573 [INFO] Época 26/30, Batch 3300/3348, Loss: 0.3638
2025-10-09 23:00:40,566 [INFO] [26/30] Train Loss: 0.2945 | Val Loss: 0.3511 | Tempo: 19.89s
2025-10-09 23:00:41,200 [INFO] Época 27/30, Batch 50/3348, Loss: 0.2768
2025-10-09 23:00:41,469 [INFO] Época 27/30, Batch 100/3348, Loss: 0.2613
2025-10-09 23:00:41,737 [INFO] Época 27/30, Batch 150/3348, Loss: 0.2466
2025-10-09 23:00:42,001 [INFO] Época 27/30, Batch 200/3348, Loss: 0.2760
2025-10-09 23:00:42,265 [INFO] Época 27/30, Batch 250/3348, Loss: 0.2388
2025-10-09 23:00:42,531 [INFO] Época 27/30, Batch 300/3348, Loss: 0.2738
2025-10-09 23:00:42,796 [INFO] Época 27/30, Batch 350/3348, Loss: 0.3535
2025-10-09 23:00:43,060 [INFO] Época 27/30, Batch 400/3348, Loss: 0.3008
2025-10-09 23:00:43,322 [INFO] Época 27/30, Batch 450/3348, Loss: 0.2768
2025-10-09 23:00:43,583 [INFO] Época 27/30, Batch 500/3348, Loss: 0.2675
2025-10-09 23:00:43,849 [INFO] Época 27/30, Batch 550/3348, Loss: 0.2475
2025-10-09 23:00:44,126 [INFO] Época 27/30, Batch 600/3348, Loss: 0.2678
2025-10-09 23:00:44,396 [INFO] Época 27/30, Batch 650/3348, Loss: 0.2746
2025-10-09 23:00:44,662 [INFO] Época 27/30, Batch 700/3348, Loss: 0.3122
2025-10-09 23:00:44,936 [INFO] Época 27/30, Batch 750/3348, Loss: 0.3051
2025-10-09 23:00:45,202 [INFO] Época 27/30, Batch 800/3348, Loss: 0.2560
2025-10-09 23:00:45,465 [INFO] Época 27/30, Batch 850/3348, Loss: 0.3935
2025-10-09 23:00:45,730 [INFO] Época 27/30, Batch 900/3348, Loss: 0.2792
2025-10-09 23:00:45,993 [INFO] Época 27/30, Batch 950/3348, Loss: 0.2722
2025-10-09 23:00:46,257 [INFO] Época 27/30, Batch 1000/3348, Loss: 0.1993
2025-10-09 23:00:46,522 [INFO] Época 27/30, Batch 1050/3348, Loss: 0.2561
2025-10-09 23:00:46,788 [INFO] Época 27/30, Batch 1100/3348, Loss: 0.2918
2025-10-09 23:00:47,054 [INFO] Época 27/30, Batch 1150/3348, Loss: 0.2184
2025-10-09 23:00:47,316 [INFO] Época 27/30, Batch 1200/3348, Loss: 0.2771
2025-10-09 23:00:47,579 [INFO] Época 27/30, Batch 1250/3348, Loss: 0.3174
2025-10-09 23:00:47,843 [INFO] Época 27/30, Batch 1300/3348, Loss: 0.2274
2025-10-09 23:00:48,106 [INFO] Época 27/30, Batch 1350/3348, Loss: 0.3025
2025-10-09 23:00:48,369 [INFO] Época 27/30, Batch 1400/3348, Loss: 0.2643
2025-10-09 23:00:48,634 [INFO] Época 27/30, Batch 1450/3348, Loss: 0.3568
2025-10-09 23:00:48,897 [INFO] Época 27/30, Batch 1500/3348, Loss: 0.3110
2025-10-09 23:00:49,161 [INFO] Época 27/30, Batch 1550/3348, Loss: 0.3041
2025-10-09 23:00:49,424 [INFO] Época 27/30, Batch 1600/3348, Loss: 0.2752
2025-10-09 23:00:49,689 [INFO] Época 27/30, Batch 1650/3348, Loss: 0.2128
2025-10-09 23:00:49,952 [INFO] Época 27/30, Batch 1700/3348, Loss: 0.2385
2025-10-09 23:00:50,216 [INFO] Época 27/30, Batch 1750/3348, Loss: 0.3043
2025-10-09 23:00:50,478 [INFO] Época 27/30, Batch 1800/3348, Loss: 0.2985
2025-10-09 23:00:50,742 [INFO] Época 27/30, Batch 1850/3348, Loss: 0.3126
2025-10-09 23:00:51,004 [INFO] Época 27/30, Batch 1900/3348, Loss: 0.3283
2025-10-09 23:00:51,268 [INFO] Época 27/30, Batch 1950/3348, Loss: 0.3463
2025-10-09 23:00:51,532 [INFO] Época 27/30, Batch 2000/3348, Loss: 0.2080
2025-10-09 23:00:51,795 [INFO] Época 27/30, Batch 2050/3348, Loss: 0.2986
2025-10-09 23:00:52,060 [INFO] Época 27/30, Batch 2100/3348, Loss: 0.3651
2025-10-09 23:00:52,332 [INFO] Época 27/30, Batch 2150/3348, Loss: 0.3090
2025-10-09 23:00:52,605 [INFO] Época 27/30, Batch 2200/3348, Loss: 0.2913
2025-10-09 23:00:52,877 [INFO] Época 27/30, Batch 2250/3348, Loss: 0.2076
2025-10-09 23:00:53,148 [INFO] Época 27/30, Batch 2300/3348, Loss: 0.3594
2025-10-09 23:00:53,418 [INFO] Época 27/30, Batch 2350/3348, Loss: 0.4032
2025-10-09 23:00:53,691 [INFO] Época 27/30, Batch 2400/3348, Loss: 0.2716
2025-10-09 23:00:53,963 [INFO] Época 27/30, Batch 2450/3348, Loss: 0.2362
2025-10-09 23:00:54,235 [INFO] Época 27/30, Batch 2500/3348, Loss: 0.2584
2025-10-09 23:00:54,507 [INFO] Época 27/30, Batch 2550/3348, Loss: 0.2832
2025-10-09 23:00:54,780 [INFO] Época 27/30, Batch 2600/3348, Loss: 0.3487
2025-10-09 23:00:55,044 [INFO] Época 27/30, Batch 2650/3348, Loss: 0.2403
2025-10-09 23:00:55,309 [INFO] Época 27/30, Batch 2700/3348, Loss: 0.2575
2025-10-09 23:00:55,572 [INFO] Época 27/30, Batch 2750/3348, Loss: 0.2295
2025-10-09 23:00:55,834 [INFO] Época 27/30, Batch 2800/3348, Loss: 0.3342
2025-10-09 23:00:56,098 [INFO] Época 27/30, Batch 2850/3348, Loss: 0.3039
2025-10-09 23:00:56,362 [INFO] Época 27/30, Batch 2900/3348, Loss: 0.3000
2025-10-09 23:00:56,625 [INFO] Época 27/30, Batch 2950/3348, Loss: 0.2227
2025-10-09 23:00:56,887 [INFO] Época 27/30, Batch 3000/3348, Loss: 0.2996
2025-10-09 23:00:57,151 [INFO] Época 27/30, Batch 3050/3348, Loss: 0.3816
2025-10-09 23:00:57,415 [INFO] Época 27/30, Batch 3100/3348, Loss: 0.2411
2025-10-09 23:00:57,679 [INFO] Época 27/30, Batch 3150/3348, Loss: 0.3032
2025-10-09 23:00:57,941 [INFO] Época 27/30, Batch 3200/3348, Loss: 0.3034
2025-10-09 23:00:58,205 [INFO] Época 27/30, Batch 3250/3348, Loss: 0.2828
2025-10-09 23:00:58,469 [INFO] Época 27/30, Batch 3300/3348, Loss: 0.3025
2025-10-09 23:01:00,339 [INFO] [27/30] Train Loss: 0.2921 | Val Loss: 0.3564 | Tempo: 19.77s
2025-10-09 23:01:00,975 [INFO] Época 28/30, Batch 50/3348, Loss: 0.3821
2025-10-09 23:01:01,257 [INFO] Época 28/30, Batch 100/3348, Loss: 0.3316
2025-10-09 23:01:01,530 [INFO] Época 28/30, Batch 150/3348, Loss: 0.1866
2025-10-09 23:01:01,803 [INFO] Época 28/30, Batch 200/3348, Loss: 0.2645
2025-10-09 23:01:02,074 [INFO] Época 28/30, Batch 250/3348, Loss: 0.2145
2025-10-09 23:01:02,342 [INFO] Época 28/30, Batch 300/3348, Loss: 0.2803
2025-10-09 23:01:02,612 [INFO] Época 28/30, Batch 350/3348, Loss: 0.4457
2025-10-09 23:01:02,883 [INFO] Época 28/30, Batch 400/3348, Loss: 0.2664
2025-10-09 23:01:03,152 [INFO] Época 28/30, Batch 450/3348, Loss: 0.2897
2025-10-09 23:01:03,420 [INFO] Época 28/30, Batch 500/3348, Loss: 0.3385
2025-10-09 23:01:03,691 [INFO] Época 28/30, Batch 550/3348, Loss: 0.2787
2025-10-09 23:01:03,963 [INFO] Época 28/30, Batch 600/3348, Loss: 0.3114
2025-10-09 23:01:04,230 [INFO] Época 28/30, Batch 650/3348, Loss: 0.2545
2025-10-09 23:01:04,488 [INFO] Época 28/30, Batch 700/3348, Loss: 0.2701
2025-10-09 23:01:04,744 [INFO] Época 28/30, Batch 750/3348, Loss: 0.2925
2025-10-09 23:01:05,006 [INFO] Época 28/30, Batch 800/3348, Loss: 0.2373
2025-10-09 23:01:05,278 [INFO] Época 28/30, Batch 850/3348, Loss: 0.2803
2025-10-09 23:01:05,547 [INFO] Época 28/30, Batch 900/3348, Loss: 0.2670
2025-10-09 23:01:05,814 [INFO] Época 28/30, Batch 950/3348, Loss: 0.3793
2025-10-09 23:01:06,070 [INFO] Época 28/30, Batch 1000/3348, Loss: 0.2141
2025-10-09 23:01:06,330 [INFO] Época 28/30, Batch 1050/3348, Loss: 0.3523
2025-10-09 23:01:06,591 [INFO] Época 28/30, Batch 1100/3348, Loss: 0.2619
2025-10-09 23:01:06,848 [INFO] Época 28/30, Batch 1150/3348, Loss: 0.2710
2025-10-09 23:01:07,111 [INFO] Época 28/30, Batch 1200/3348, Loss: 0.2991
2025-10-09 23:01:07,377 [INFO] Época 28/30, Batch 1250/3348, Loss: 0.3225
2025-10-09 23:01:07,646 [INFO] Época 28/30, Batch 1300/3348, Loss: 0.3110
2025-10-09 23:01:07,914 [INFO] Época 28/30, Batch 1350/3348, Loss: 0.3125
2025-10-09 23:01:08,185 [INFO] Época 28/30, Batch 1400/3348, Loss: 0.3548
2025-10-09 23:01:08,454 [INFO] Época 28/30, Batch 1450/3348, Loss: 0.3869
2025-10-09 23:01:08,724 [INFO] Época 28/30, Batch 1500/3348, Loss: 0.2080
2025-10-09 23:01:08,994 [INFO] Época 28/30, Batch 1550/3348, Loss: 0.3200
2025-10-09 23:01:09,265 [INFO] Época 28/30, Batch 1600/3348, Loss: 0.3370
2025-10-09 23:01:09,537 [INFO] Época 28/30, Batch 1650/3348, Loss: 0.3755
2025-10-09 23:01:09,806 [INFO] Época 28/30, Batch 1700/3348, Loss: 0.3218
2025-10-09 23:01:10,074 [INFO] Época 28/30, Batch 1750/3348, Loss: 0.2410
2025-10-09 23:01:10,341 [INFO] Época 28/30, Batch 1800/3348, Loss: 0.2673
2025-10-09 23:01:10,611 [INFO] Época 28/30, Batch 1850/3348, Loss: 0.2360
2025-10-09 23:01:10,885 [INFO] Época 28/30, Batch 1900/3348, Loss: 0.3168
2025-10-09 23:01:11,153 [INFO] Época 28/30, Batch 1950/3348, Loss: 0.3449
2025-10-09 23:01:11,421 [INFO] Época 28/30, Batch 2000/3348, Loss: 0.2263
2025-10-09 23:01:11,691 [INFO] Época 28/30, Batch 2050/3348, Loss: 0.3373
2025-10-09 23:01:11,963 [INFO] Época 28/30, Batch 2100/3348, Loss: 0.2284
2025-10-09 23:01:12,235 [INFO] Época 28/30, Batch 2150/3348, Loss: 0.2791
2025-10-09 23:01:12,504 [INFO] Época 28/30, Batch 2200/3348, Loss: 0.3128
2025-10-09 23:01:12,777 [INFO] Época 28/30, Batch 2250/3348, Loss: 0.2682
2025-10-09 23:01:13,054 [INFO] Época 28/30, Batch 2300/3348, Loss: 0.2857
2025-10-09 23:01:13,329 [INFO] Época 28/30, Batch 2350/3348, Loss: 0.2456
2025-10-09 23:01:13,607 [INFO] Época 28/30, Batch 2400/3348, Loss: 0.2471
2025-10-09 23:01:13,877 [INFO] Época 28/30, Batch 2450/3348, Loss: 0.3223
2025-10-09 23:01:14,147 [INFO] Época 28/30, Batch 2500/3348, Loss: 0.3522
2025-10-09 23:01:14,415 [INFO] Época 28/30, Batch 2550/3348, Loss: 0.2597
2025-10-09 23:01:14,686 [INFO] Época 28/30, Batch 2600/3348, Loss: 0.3845
2025-10-09 23:01:14,963 [INFO] Época 28/30, Batch 2650/3348, Loss: 0.2375
2025-10-09 23:01:15,239 [INFO] Época 28/30, Batch 2700/3348, Loss: 0.2199
2025-10-09 23:01:15,514 [INFO] Época 28/30, Batch 2750/3348, Loss: 0.2890
2025-10-09 23:01:15,789 [INFO] Época 28/30, Batch 2800/3348, Loss: 0.3280
2025-10-09 23:01:16,065 [INFO] Época 28/30, Batch 2850/3348, Loss: 0.2734
2025-10-09 23:01:16,342 [INFO] Época 28/30, Batch 2900/3348, Loss: 0.2430
2025-10-09 23:01:16,618 [INFO] Época 28/30, Batch 2950/3348, Loss: 0.2951
2025-10-09 23:01:16,895 [INFO] Época 28/30, Batch 3000/3348, Loss: 0.3590
2025-10-09 23:01:17,166 [INFO] Época 28/30, Batch 3050/3348, Loss: 0.2447
2025-10-09 23:01:17,438 [INFO] Época 28/30, Batch 3100/3348, Loss: 0.2913
2025-10-09 23:01:17,708 [INFO] Época 28/30, Batch 3150/3348, Loss: 0.2380
2025-10-09 23:01:17,976 [INFO] Época 28/30, Batch 3200/3348, Loss: 0.3503
2025-10-09 23:01:18,245 [INFO] Época 28/30, Batch 3250/3348, Loss: 0.1861
2025-10-09 23:01:18,521 [INFO] Época 28/30, Batch 3300/3348, Loss: 0.3582
2025-10-09 23:01:20,403 [INFO] [28/30] Train Loss: 0.2907 | Val Loss: 0.3495 | Tempo: 20.06s
2025-10-09 23:01:20,409 [INFO] Melhor modelo salvo em: /mnt/hdd/home/jdurao/ToolBox-ChemXAI/models/mlp_qm9_CM_att5_large.pth
2025-10-09 23:01:21,039 [INFO] Época 29/30, Batch 50/3348, Loss: 0.2679
2025-10-09 23:01:21,314 [INFO] Época 29/30, Batch 100/3348, Loss: 0.2521
2025-10-09 23:01:21,585 [INFO] Época 29/30, Batch 150/3348, Loss: 0.2835
2025-10-09 23:01:21,854 [INFO] Época 29/30, Batch 200/3348, Loss: 0.3741
2025-10-09 23:01:22,122 [INFO] Época 29/30, Batch 250/3348, Loss: 0.3486
2025-10-09 23:01:22,391 [INFO] Época 29/30, Batch 300/3348, Loss: 0.2096
2025-10-09 23:01:22,660 [INFO] Época 29/30, Batch 350/3348, Loss: 0.2621
2025-10-09 23:01:22,929 [INFO] Época 29/30, Batch 400/3348, Loss: 0.2724
2025-10-09 23:01:23,197 [INFO] Época 29/30, Batch 450/3348, Loss: 0.2918
2025-10-09 23:01:23,466 [INFO] Época 29/30, Batch 500/3348, Loss: 0.2061
2025-10-09 23:01:23,736 [INFO] Época 29/30, Batch 550/3348, Loss: 0.2761
2025-10-09 23:01:24,005 [INFO] Época 29/30, Batch 600/3348, Loss: 0.3354
2025-10-09 23:01:24,276 [INFO] Época 29/30, Batch 650/3348, Loss: 0.2919
2025-10-09 23:01:24,544 [INFO] Época 29/30, Batch 700/3348, Loss: 0.2707
2025-10-09 23:01:24,813 [INFO] Época 29/30, Batch 750/3348, Loss: 0.2244
2025-10-09 23:01:25,083 [INFO] Época 29/30, Batch 800/3348, Loss: 0.4215
2025-10-09 23:01:25,353 [INFO] Época 29/30, Batch 850/3348, Loss: 0.2785
2025-10-09 23:01:25,621 [INFO] Época 29/30, Batch 900/3348, Loss: 0.2810
2025-10-09 23:01:25,880 [INFO] Época 29/30, Batch 950/3348, Loss: 0.2609
2025-10-09 23:01:26,139 [INFO] Época 29/30, Batch 1000/3348, Loss: 0.2771
2025-10-09 23:01:26,397 [INFO] Época 29/30, Batch 1050/3348, Loss: 0.2532
2025-10-09 23:01:26,654 [INFO] Época 29/30, Batch 1100/3348, Loss: 0.2644
2025-10-09 23:01:26,913 [INFO] Época 29/30, Batch 1150/3348, Loss: 0.3191
2025-10-09 23:01:27,178 [INFO] Época 29/30, Batch 1200/3348, Loss: 0.2287
2025-10-09 23:01:27,445 [INFO] Época 29/30, Batch 1250/3348, Loss: 0.3001
2025-10-09 23:01:27,711 [INFO] Época 29/30, Batch 1300/3348, Loss: 0.2678
2025-10-09 23:01:27,978 [INFO] Época 29/30, Batch 1350/3348, Loss: 0.2789
2025-10-09 23:01:28,246 [INFO] Época 29/30, Batch 1400/3348, Loss: 0.3005
2025-10-09 23:01:28,513 [INFO] Época 29/30, Batch 1450/3348, Loss: 0.2350
2025-10-09 23:01:28,782 [INFO] Época 29/30, Batch 1500/3348, Loss: 0.3907
2025-10-09 23:01:29,048 [INFO] Época 29/30, Batch 1550/3348, Loss: 0.2769
2025-10-09 23:01:29,315 [INFO] Época 29/30, Batch 1600/3348, Loss: 0.2978
2025-10-09 23:01:29,583 [INFO] Época 29/30, Batch 1650/3348, Loss: 0.4596
2025-10-09 23:01:29,848 [INFO] Época 29/30, Batch 1700/3348, Loss: 0.2384
2025-10-09 23:01:30,116 [INFO] Época 29/30, Batch 1750/3348, Loss: 0.2873
2025-10-09 23:01:30,385 [INFO] Época 29/30, Batch 1800/3348, Loss: 0.3702
2025-10-09 23:01:30,659 [INFO] Época 29/30, Batch 1850/3348, Loss: 0.2819
2025-10-09 23:01:30,927 [INFO] Época 29/30, Batch 1900/3348, Loss: 0.2733
2025-10-09 23:01:31,194 [INFO] Época 29/30, Batch 1950/3348, Loss: 0.2573
2025-10-09 23:01:31,460 [INFO] Época 29/30, Batch 2000/3348, Loss: 0.3043
2025-10-09 23:01:31,726 [INFO] Época 29/30, Batch 2050/3348, Loss: 0.1957
2025-10-09 23:01:31,993 [INFO] Época 29/30, Batch 2100/3348, Loss: 0.3280
2025-10-09 23:01:32,259 [INFO] Época 29/30, Batch 2150/3348, Loss: 0.2585
2025-10-09 23:01:32,527 [INFO] Época 29/30, Batch 2200/3348, Loss: 0.2413
2025-10-09 23:01:32,793 [INFO] Época 29/30, Batch 2250/3348, Loss: 0.2139
2025-10-09 23:01:33,059 [INFO] Época 29/30, Batch 2300/3348, Loss: 0.3816
2025-10-09 23:01:33,324 [INFO] Época 29/30, Batch 2350/3348, Loss: 0.2935
2025-10-09 23:01:33,591 [INFO] Época 29/30, Batch 2400/3348, Loss: 0.1720
2025-10-09 23:01:33,859 [INFO] Época 29/30, Batch 2450/3348, Loss: 0.3607
2025-10-09 23:01:34,132 [INFO] Época 29/30, Batch 2500/3348, Loss: 0.3450
2025-10-09 23:01:34,407 [INFO] Época 29/30, Batch 2550/3348, Loss: 0.2767
2025-10-09 23:01:34,682 [INFO] Época 29/30, Batch 2600/3348, Loss: 0.2319
2025-10-09 23:01:34,956 [INFO] Época 29/30, Batch 2650/3348, Loss: 0.2129
2025-10-09 23:01:35,231 [INFO] Época 29/30, Batch 2700/3348, Loss: 0.2639
2025-10-09 23:01:35,505 [INFO] Época 29/30, Batch 2750/3348, Loss: 0.3379
2025-10-09 23:01:35,779 [INFO] Época 29/30, Batch 2800/3348, Loss: 0.2682
2025-10-09 23:01:36,051 [INFO] Época 29/30, Batch 2850/3348, Loss: 0.2479
2025-10-09 23:01:36,324 [INFO] Época 29/30, Batch 2900/3348, Loss: 0.2464
2025-10-09 23:01:36,598 [INFO] Época 29/30, Batch 2950/3348, Loss: 0.2485
2025-10-09 23:01:36,867 [INFO] Época 29/30, Batch 3000/3348, Loss: 0.2651
2025-10-09 23:01:37,136 [INFO] Época 29/30, Batch 3050/3348, Loss: 0.2718
2025-10-09 23:01:37,402 [INFO] Época 29/30, Batch 3100/3348, Loss: 0.2693
2025-10-09 23:01:37,668 [INFO] Época 29/30, Batch 3150/3348, Loss: 0.3006
2025-10-09 23:01:37,935 [INFO] Época 29/30, Batch 3200/3348, Loss: 0.2611
2025-10-09 23:01:38,203 [INFO] Época 29/30, Batch 3250/3348, Loss: 0.3410
2025-10-09 23:01:38,469 [INFO] Época 29/30, Batch 3300/3348, Loss: 0.2598
2025-10-09 23:01:40,485 [INFO] [29/30] Train Loss: 0.2890 | Val Loss: 0.3547 | Tempo: 20.08s
2025-10-09 23:01:41,124 [INFO] Época 30/30, Batch 50/3348, Loss: 0.2583
2025-10-09 23:01:41,400 [INFO] Época 30/30, Batch 100/3348, Loss: 0.2345
2025-10-09 23:01:41,674 [INFO] Época 30/30, Batch 150/3348, Loss: 0.2475
2025-10-09 23:01:41,944 [INFO] Época 30/30, Batch 200/3348, Loss: 0.1711
2025-10-09 23:01:42,214 [INFO] Época 30/30, Batch 250/3348, Loss: 0.3491
2025-10-09 23:01:42,482 [INFO] Época 30/30, Batch 300/3348, Loss: 0.3735
2025-10-09 23:01:42,751 [INFO] Época 30/30, Batch 350/3348, Loss: 0.1846
2025-10-09 23:01:43,018 [INFO] Época 30/30, Batch 400/3348, Loss: 0.2324
2025-10-09 23:01:43,284 [INFO] Época 30/30, Batch 450/3348, Loss: 0.3057
2025-10-09 23:01:43,551 [INFO] Época 30/30, Batch 500/3348, Loss: 0.2849
2025-10-09 23:01:43,827 [INFO] Época 30/30, Batch 550/3348, Loss: 0.2922
2025-10-09 23:01:44,091 [INFO] Época 30/30, Batch 600/3348, Loss: 0.2217
2025-10-09 23:01:44,357 [INFO] Época 30/30, Batch 650/3348, Loss: 0.2390
2025-10-09 23:01:44,624 [INFO] Época 30/30, Batch 700/3348, Loss: 0.3310
2025-10-09 23:01:44,890 [INFO] Época 30/30, Batch 750/3348, Loss: 0.3127
2025-10-09 23:01:45,156 [INFO] Época 30/30, Batch 800/3348, Loss: 0.3600
2025-10-09 23:01:45,422 [INFO] Época 30/30, Batch 850/3348, Loss: 0.2984
2025-10-09 23:01:45,688 [INFO] Época 30/30, Batch 900/3348, Loss: 0.3979
2025-10-09 23:01:45,956 [INFO] Época 30/30, Batch 950/3348, Loss: 0.2513
2025-10-09 23:01:46,221 [INFO] Época 30/30, Batch 1000/3348, Loss: 0.3511
2025-10-09 23:01:46,487 [INFO] Época 30/30, Batch 1050/3348, Loss: 0.2981
2025-10-09 23:01:46,753 [INFO] Época 30/30, Batch 1100/3348, Loss: 0.2988
2025-10-09 23:01:47,019 [INFO] Época 30/30, Batch 1150/3348, Loss: 0.3345
2025-10-09 23:01:47,288 [INFO] Época 30/30, Batch 1200/3348, Loss: 0.2580
2025-10-09 23:01:47,556 [INFO] Época 30/30, Batch 1250/3348, Loss: 0.2175
2025-10-09 23:01:47,823 [INFO] Época 30/30, Batch 1300/3348, Loss: 0.2244
2025-10-09 23:01:48,088 [INFO] Época 30/30, Batch 1350/3348, Loss: 0.2020
2025-10-09 23:01:48,355 [INFO] Época 30/30, Batch 1400/3348, Loss: 0.3571
2025-10-09 23:01:48,623 [INFO] Época 30/30, Batch 1450/3348, Loss: 0.2658
2025-10-09 23:01:48,890 [INFO] Época 30/30, Batch 1500/3348, Loss: 0.3138
2025-10-09 23:01:49,159 [INFO] Época 30/30, Batch 1550/3348, Loss: 0.3308
2025-10-09 23:01:49,428 [INFO] Época 30/30, Batch 1600/3348, Loss: 0.2547
2025-10-09 23:01:49,695 [INFO] Época 30/30, Batch 1650/3348, Loss: 0.2934
2025-10-09 23:01:49,962 [INFO] Época 30/30, Batch 1700/3348, Loss: 0.2204
2025-10-09 23:01:50,228 [INFO] Época 30/30, Batch 1750/3348, Loss: 0.3503
2025-10-09 23:01:50,493 [INFO] Época 30/30, Batch 1800/3348, Loss: 0.2575
2025-10-09 23:01:50,759 [INFO] Época 30/30, Batch 1850/3348, Loss: 0.2803
2025-10-09 23:01:51,024 [INFO] Época 30/30, Batch 1900/3348, Loss: 0.2452
2025-10-09 23:01:51,290 [INFO] Época 30/30, Batch 1950/3348, Loss: 0.2272
2025-10-09 23:01:51,556 [INFO] Época 30/30, Batch 2000/3348, Loss: 0.2780
2025-10-09 23:01:51,822 [INFO] Época 30/30, Batch 2050/3348, Loss: 0.3236
2025-10-09 23:01:52,087 [INFO] Época 30/30, Batch 2100/3348, Loss: 0.2786
2025-10-09 23:01:52,353 [INFO] Época 30/30, Batch 2150/3348, Loss: 0.3652
2025-10-09 23:01:52,618 [INFO] Época 30/30, Batch 2200/3348, Loss: 0.2078
2025-10-09 23:01:52,885 [INFO] Época 30/30, Batch 2250/3348, Loss: 0.2539
2025-10-09 23:01:53,150 [INFO] Época 30/30, Batch 2300/3348, Loss: 0.2698
2025-10-09 23:01:53,415 [INFO] Época 30/30, Batch 2350/3348, Loss: 0.2718
2025-10-09 23:01:53,684 [INFO] Época 30/30, Batch 2400/3348, Loss: 0.2852
2025-10-09 23:01:53,950 [INFO] Época 30/30, Batch 2450/3348, Loss: 0.3220
2025-10-09 23:01:54,214 [INFO] Época 30/30, Batch 2500/3348, Loss: 0.1962
2025-10-09 23:01:54,482 [INFO] Época 30/30, Batch 2550/3348, Loss: 0.3142
2025-10-09 23:01:54,748 [INFO] Época 30/30, Batch 2600/3348, Loss: 0.3281
2025-10-09 23:01:55,014 [INFO] Época 30/30, Batch 2650/3348, Loss: 0.1997
2025-10-09 23:01:55,280 [INFO] Época 30/30, Batch 2700/3348, Loss: 0.2293
2025-10-09 23:01:55,551 [INFO] Época 30/30, Batch 2750/3348, Loss: 0.2028
2025-10-09 23:01:55,818 [INFO] Época 30/30, Batch 2800/3348, Loss: 0.2818
2025-10-09 23:01:56,085 [INFO] Época 30/30, Batch 2850/3348, Loss: 0.3157
2025-10-09 23:01:56,351 [INFO] Época 30/30, Batch 2900/3348, Loss: 0.2541
2025-10-09 23:01:56,619 [INFO] Época 30/30, Batch 2950/3348, Loss: 0.2227
2025-10-09 23:01:56,887 [INFO] Época 30/30, Batch 3000/3348, Loss: 0.3117
2025-10-09 23:01:57,155 [INFO] Época 30/30, Batch 3050/3348, Loss: 0.4059
2025-10-09 23:01:57,421 [INFO] Época 30/30, Batch 3100/3348, Loss: 0.2721
2025-10-09 23:01:57,690 [INFO] Época 30/30, Batch 3150/3348, Loss: 0.3194
2025-10-09 23:01:57,958 [INFO] Época 30/30, Batch 3200/3348, Loss: 0.2686
2025-10-09 23:01:58,225 [INFO] Época 30/30, Batch 3250/3348, Loss: 0.3563
2025-10-09 23:01:58,489 [INFO] Época 30/30, Batch 3300/3348, Loss: 0.2774
2025-10-09 23:02:00,431 [INFO] [30/30] Train Loss: 0.2869 | Val Loss: 0.3592 | Tempo: 19.94s
2025-10-09 23:02:00,432 [INFO] Treinamento concluído em 599.18 segundos (9.99 minutos)
2025-10-09 23:02:00,432 [INFO] Iniciando avaliação no conjunto de teste...
2025-10-09 23:02:01,979 [INFO] Avaliação do teste concluída em 1.55 segundos
2025-10-09 23:02:01,979 [INFO] MSE no teste: 0.7058
2025-10-09 23:02:01,979 [INFO] RMSE no teste: 0.8401
2025-10-09 23:02:01,980 [INFO] MAE no teste: 0.6212
2025-10-09 23:02:01,980 [INFO] Métricas salvas em /mnt/hdd/home/jdurao/ToolBox-ChemXAI/logs/mlp_att5_CM_metrics.json
