2025-09-28 23:46:07,111 [INFO] Iniciando treinamento do modelo mlp_att0_EState
2025-09-28 23:46:07,112 [INFO] Configuração: att_index=0, epochs=30, layers=[32, 16], lr=0.001, batch_size=32, descriptor_type=EState
2025-09-28 23:46:07,112 [INFO] Diretório para modelos: /mnt/hdd/home/jdurao/ToolBox-ChemXAI/models
2025-09-28 23:46:07,112 [INFO] Carregando dados...
2025-09-28 23:46:07,206 [INFO] Preparando dataloaders sem ruído...
2025-09-28 23:50:06,223 [INFO] Dados carregados em 239.11 segundos
2025-09-28 23:50:06,227 [INFO] Tamanhos dos conjuntos - Treino: 107108, Validação: 13388, Teste: 13389
2025-09-28 23:50:06,227 [INFO] Usando dispositivo: cuda
2025-09-28 23:50:06,615 [INFO] Dimensão de entrada: 79, Dimensão de saída: 1
2025-09-28 23:50:06,615 [INFO] Criando modelo MLP com camadas: [32, 16]
2025-09-28 23:50:06,618 [INFO] Modelo criado com 3105 parâmetros
2025-09-28 23:50:06,637 [INFO] Iniciando treinamento com 30 épocas...
2025-09-28 23:50:07,142 [INFO] Época 1/30, Batch 50/3348, Loss: 0.0188
2025-09-28 23:50:07,395 [INFO] Época 1/30, Batch 100/3348, Loss: 0.0055
2025-09-28 23:50:07,643 [INFO] Época 1/30, Batch 150/3348, Loss: 0.0038
2025-09-28 23:50:07,890 [INFO] Época 1/30, Batch 200/3348, Loss: 0.0053
2025-09-28 23:50:08,137 [INFO] Época 1/30, Batch 250/3348, Loss: 0.0027
2025-09-28 23:50:08,383 [INFO] Época 1/30, Batch 300/3348, Loss: 0.0014
2025-09-28 23:50:08,628 [INFO] Época 1/30, Batch 350/3348, Loss: 0.0018
2025-09-28 23:50:08,871 [INFO] Época 1/30, Batch 400/3348, Loss: 0.0020
2025-09-28 23:50:09,113 [INFO] Época 1/30, Batch 450/3348, Loss: 0.0020
2025-09-28 23:50:09,357 [INFO] Época 1/30, Batch 500/3348, Loss: 0.0020
2025-09-28 23:50:09,599 [INFO] Época 1/30, Batch 550/3348, Loss: 0.0010
2025-09-28 23:50:09,842 [INFO] Época 1/30, Batch 600/3348, Loss: 0.0017
2025-09-28 23:50:10,098 [INFO] Época 1/30, Batch 650/3348, Loss: 0.0010
2025-09-28 23:50:10,342 [INFO] Época 1/30, Batch 700/3348, Loss: 0.0011
2025-09-28 23:50:10,588 [INFO] Época 1/30, Batch 750/3348, Loss: 0.0009
2025-09-28 23:50:10,853 [INFO] Época 1/30, Batch 800/3348, Loss: 0.0010
2025-09-28 23:50:11,112 [INFO] Época 1/30, Batch 850/3348, Loss: 0.0009
2025-09-28 23:50:11,371 [INFO] Época 1/30, Batch 900/3348, Loss: 0.0008
2025-09-28 23:50:11,638 [INFO] Época 1/30, Batch 950/3348, Loss: 0.0010
2025-09-28 23:50:11,897 [INFO] Época 1/30, Batch 1000/3348, Loss: 0.0016
2025-09-28 23:50:12,158 [INFO] Época 1/30, Batch 1050/3348, Loss: 0.0010
2025-09-28 23:50:12,417 [INFO] Época 1/30, Batch 1100/3348, Loss: 0.0015
2025-09-28 23:50:12,681 [INFO] Época 1/30, Batch 1150/3348, Loss: 0.0005
2025-09-28 23:50:12,943 [INFO] Época 1/30, Batch 1200/3348, Loss: 0.0006
2025-09-28 23:50:13,206 [INFO] Época 1/30, Batch 1250/3348, Loss: 0.0009
2025-09-28 23:50:13,469 [INFO] Época 1/30, Batch 1300/3348, Loss: 0.0005
2025-09-28 23:50:13,728 [INFO] Época 1/30, Batch 1350/3348, Loss: 0.0006
2025-09-28 23:50:13,977 [INFO] Época 1/30, Batch 1400/3348, Loss: 0.0007
2025-09-28 23:50:14,227 [INFO] Época 1/30, Batch 1450/3348, Loss: 0.0006
2025-09-28 23:50:14,474 [INFO] Época 1/30, Batch 1500/3348, Loss: 0.0007
2025-09-28 23:50:14,724 [INFO] Época 1/30, Batch 1550/3348, Loss: 0.0007
2025-09-28 23:50:14,972 [INFO] Época 1/30, Batch 1600/3348, Loss: 0.0009
2025-09-28 23:50:15,222 [INFO] Época 1/30, Batch 1650/3348, Loss: 0.0006
2025-09-28 23:50:15,469 [INFO] Época 1/30, Batch 1700/3348, Loss: 0.0007
2025-09-28 23:50:15,724 [INFO] Época 1/30, Batch 1750/3348, Loss: 0.0005
2025-09-28 23:50:15,986 [INFO] Época 1/30, Batch 1800/3348, Loss: 0.0007
2025-09-28 23:50:16,245 [INFO] Época 1/30, Batch 1850/3348, Loss: 0.0008
2025-09-28 23:50:16,508 [INFO] Época 1/30, Batch 1900/3348, Loss: 0.0008
2025-09-28 23:50:16,779 [INFO] Época 1/30, Batch 1950/3348, Loss: 0.0006
2025-09-28 23:50:17,039 [INFO] Época 1/30, Batch 2000/3348, Loss: 0.0009
2025-09-28 23:50:17,300 [INFO] Época 1/30, Batch 2050/3348, Loss: 0.0005
2025-09-28 23:50:17,549 [INFO] Época 1/30, Batch 2100/3348, Loss: 0.0005
2025-09-28 23:50:17,798 [INFO] Época 1/30, Batch 2150/3348, Loss: 0.0006
2025-09-28 23:50:18,046 [INFO] Época 1/30, Batch 2200/3348, Loss: 0.0006
2025-09-28 23:50:18,295 [INFO] Época 1/30, Batch 2250/3348, Loss: 0.0005
2025-09-28 23:50:18,543 [INFO] Época 1/30, Batch 2300/3348, Loss: 0.0003
2025-09-28 23:50:18,800 [INFO] Época 1/30, Batch 2350/3348, Loss: 0.0005
2025-09-28 23:50:19,063 [INFO] Época 1/30, Batch 2400/3348, Loss: 0.0004
2025-09-28 23:50:19,324 [INFO] Época 1/30, Batch 2450/3348, Loss: 0.0005
2025-09-28 23:50:19,585 [INFO] Época 1/30, Batch 2500/3348, Loss: 0.0004
2025-09-28 23:50:19,846 [INFO] Época 1/30, Batch 2550/3348, Loss: 0.0007
2025-09-28 23:50:20,103 [INFO] Época 1/30, Batch 2600/3348, Loss: 0.0004
2025-09-28 23:50:20,354 [INFO] Época 1/30, Batch 2650/3348, Loss: 0.0005
2025-09-28 23:50:20,605 [INFO] Época 1/30, Batch 2700/3348, Loss: 0.0010
2025-09-28 23:50:20,856 [INFO] Época 1/30, Batch 2750/3348, Loss: 0.0004
2025-09-28 23:50:21,105 [INFO] Época 1/30, Batch 2800/3348, Loss: 0.0004
2025-09-28 23:50:21,353 [INFO] Época 1/30, Batch 2850/3348, Loss: 0.0005
2025-09-28 23:50:21,606 [INFO] Época 1/30, Batch 2900/3348, Loss: 0.0005
2025-09-28 23:50:21,868 [INFO] Época 1/30, Batch 2950/3348, Loss: 0.0005
2025-09-28 23:50:22,118 [INFO] Época 1/30, Batch 3000/3348, Loss: 0.0005
2025-09-28 23:50:22,368 [INFO] Época 1/30, Batch 3050/3348, Loss: 0.0016
2025-09-28 23:50:22,618 [INFO] Época 1/30, Batch 3100/3348, Loss: 0.0006
2025-09-28 23:50:22,864 [INFO] Época 1/30, Batch 3150/3348, Loss: 0.0009
2025-09-28 23:50:23,125 [INFO] Época 1/30, Batch 3200/3348, Loss: 0.0006
2025-09-28 23:50:23,386 [INFO] Época 1/30, Batch 3250/3348, Loss: 0.0004
2025-09-28 23:50:23,647 [INFO] Época 1/30, Batch 3300/3348, Loss: 0.0006
2025-09-28 23:50:25,386 [INFO] [1/30] Train Loss: 0.0058 | Val Loss: 0.0005 | Tempo: 18.75s
2025-09-28 23:50:25,390 [INFO] Melhor modelo salvo em: /mnt/hdd/home/jdurao/ToolBox-ChemXAI/models/mlp_qm9_EState_att0.pth
2025-09-28 23:50:25,923 [INFO] Época 2/30, Batch 50/3348, Loss: 0.0004
2025-09-28 23:50:26,179 [INFO] Época 2/30, Batch 100/3348, Loss: 0.0006
2025-09-28 23:50:26,428 [INFO] Época 2/30, Batch 150/3348, Loss: 0.0005
2025-09-28 23:50:26,683 [INFO] Época 2/30, Batch 200/3348, Loss: 0.0005
2025-09-28 23:50:26,943 [INFO] Época 2/30, Batch 250/3348, Loss: 0.0006
2025-09-28 23:50:27,189 [INFO] Época 2/30, Batch 300/3348, Loss: 0.0005
2025-09-28 23:50:27,432 [INFO] Época 2/30, Batch 350/3348, Loss: 0.0005
2025-09-28 23:50:27,680 [INFO] Época 2/30, Batch 400/3348, Loss: 0.0006
2025-09-28 23:50:27,926 [INFO] Época 2/30, Batch 450/3348, Loss: 0.0010
2025-09-28 23:50:28,173 [INFO] Época 2/30, Batch 500/3348, Loss: 0.0010
2025-09-28 23:50:28,420 [INFO] Época 2/30, Batch 550/3348, Loss: 0.0005
2025-09-28 23:50:28,670 [INFO] Época 2/30, Batch 600/3348, Loss: 0.0004
2025-09-28 23:50:28,916 [INFO] Época 2/30, Batch 650/3348, Loss: 0.0005
2025-09-28 23:50:29,148 [INFO] Época 2/30, Batch 700/3348, Loss: 0.0008
2025-09-28 23:50:29,387 [INFO] Época 2/30, Batch 750/3348, Loss: 0.0004
2025-09-28 23:50:29,632 [INFO] Época 2/30, Batch 800/3348, Loss: 0.0031
2025-09-28 23:50:29,868 [INFO] Época 2/30, Batch 850/3348, Loss: 0.0005
2025-09-28 23:50:30,102 [INFO] Época 2/30, Batch 900/3348, Loss: 0.0005
2025-09-28 23:50:30,337 [INFO] Época 2/30, Batch 950/3348, Loss: 0.0004
2025-09-28 23:50:30,572 [INFO] Época 2/30, Batch 1000/3348, Loss: 0.0005
2025-09-28 23:50:30,805 [INFO] Época 2/30, Batch 1050/3348, Loss: 0.0004
2025-09-28 23:50:31,036 [INFO] Época 2/30, Batch 1100/3348, Loss: 0.0003
2025-09-28 23:50:31,269 [INFO] Época 2/30, Batch 1150/3348, Loss: 0.0005
2025-09-28 23:50:31,503 [INFO] Época 2/30, Batch 1200/3348, Loss: 0.0007
2025-09-28 23:50:31,738 [INFO] Época 2/30, Batch 1250/3348, Loss: 0.0004
2025-09-28 23:50:31,974 [INFO] Época 2/30, Batch 1300/3348, Loss: 0.0011
2025-09-28 23:50:32,210 [INFO] Época 2/30, Batch 1350/3348, Loss: 0.0003
2025-09-28 23:50:32,454 [INFO] Época 2/30, Batch 1400/3348, Loss: 0.0008
2025-09-28 23:50:32,704 [INFO] Época 2/30, Batch 1450/3348, Loss: 0.0003
2025-09-28 23:50:32,951 [INFO] Época 2/30, Batch 1500/3348, Loss: 0.0006
2025-09-28 23:50:33,198 [INFO] Época 2/30, Batch 1550/3348, Loss: 0.0005
2025-09-28 23:50:33,446 [INFO] Época 2/30, Batch 1600/3348, Loss: 0.0005
2025-09-28 23:50:33,693 [INFO] Época 2/30, Batch 1650/3348, Loss: 0.0006
2025-09-28 23:50:33,940 [INFO] Época 2/30, Batch 1700/3348, Loss: 0.0003
2025-09-28 23:50:34,185 [INFO] Época 2/30, Batch 1750/3348, Loss: 0.0005
2025-09-28 23:50:34,431 [INFO] Época 2/30, Batch 1800/3348, Loss: 0.0005
2025-09-28 23:50:34,680 [INFO] Época 2/30, Batch 1850/3348, Loss: 0.0004
2025-09-28 23:50:34,923 [INFO] Época 2/30, Batch 1900/3348, Loss: 0.0004
2025-09-28 23:50:35,170 [INFO] Época 2/30, Batch 1950/3348, Loss: 0.0007
2025-09-28 23:50:35,417 [INFO] Época 2/30, Batch 2000/3348, Loss: 0.0004
2025-09-28 23:50:35,664 [INFO] Época 2/30, Batch 2050/3348, Loss: 0.0005
2025-09-28 23:50:35,909 [INFO] Época 2/30, Batch 2100/3348, Loss: 0.0005
2025-09-28 23:50:36,152 [INFO] Época 2/30, Batch 2150/3348, Loss: 0.0005
2025-09-28 23:50:36,394 [INFO] Época 2/30, Batch 2200/3348, Loss: 0.0004
2025-09-28 23:50:36,641 [INFO] Época 2/30, Batch 2250/3348, Loss: 0.0005
2025-09-28 23:50:36,888 [INFO] Época 2/30, Batch 2300/3348, Loss: 0.0004
2025-09-28 23:50:37,142 [INFO] Época 2/30, Batch 2350/3348, Loss: 0.0005
2025-09-28 23:50:37,383 [INFO] Época 2/30, Batch 2400/3348, Loss: 0.0006
2025-09-28 23:50:37,626 [INFO] Época 2/30, Batch 2450/3348, Loss: 0.0007
2025-09-28 23:50:37,874 [INFO] Época 2/30, Batch 2500/3348, Loss: 0.0006
2025-09-28 23:50:38,123 [INFO] Época 2/30, Batch 2550/3348, Loss: 0.0007
2025-09-28 23:50:38,372 [INFO] Época 2/30, Batch 2600/3348, Loss: 0.0005
2025-09-28 23:50:38,616 [INFO] Época 2/30, Batch 2650/3348, Loss: 0.0004
2025-09-28 23:50:38,860 [INFO] Época 2/30, Batch 2700/3348, Loss: 0.0004
2025-09-28 23:50:39,104 [INFO] Época 2/30, Batch 2750/3348, Loss: 0.0003
2025-09-28 23:50:39,350 [INFO] Época 2/30, Batch 2800/3348, Loss: 0.0004
2025-09-28 23:50:39,595 [INFO] Época 2/30, Batch 2850/3348, Loss: 0.0006
2025-09-28 23:50:39,836 [INFO] Época 2/30, Batch 2900/3348, Loss: 0.0004
2025-09-28 23:50:40,084 [INFO] Época 2/30, Batch 2950/3348, Loss: 0.0005
2025-09-28 23:50:40,328 [INFO] Época 2/30, Batch 3000/3348, Loss: 0.0006
2025-09-28 23:50:40,568 [INFO] Época 2/30, Batch 3050/3348, Loss: 0.0005
2025-09-28 23:50:40,814 [INFO] Época 2/30, Batch 3100/3348, Loss: 0.0005
2025-09-28 23:50:41,055 [INFO] Época 2/30, Batch 3150/3348, Loss: 0.0006
2025-09-28 23:50:41,302 [INFO] Época 2/30, Batch 3200/3348, Loss: 0.0005
2025-09-28 23:50:41,548 [INFO] Época 2/30, Batch 3250/3348, Loss: 0.0004
2025-09-28 23:50:41,792 [INFO] Época 2/30, Batch 3300/3348, Loss: 0.0004
2025-09-28 23:50:43,565 [INFO] [2/30] Train Loss: 0.0049 | Val Loss: 0.0007 | Tempo: 18.17s
2025-09-28 23:50:44,110 [INFO] Época 3/30, Batch 50/3348, Loss: 0.0005
2025-09-28 23:50:44,360 [INFO] Época 3/30, Batch 100/3348, Loss: 0.0003
2025-09-28 23:50:44,608 [INFO] Época 3/30, Batch 150/3348, Loss: 0.0005
2025-09-28 23:50:44,854 [INFO] Época 3/30, Batch 200/3348, Loss: 0.0004
2025-09-28 23:50:45,101 [INFO] Época 3/30, Batch 250/3348, Loss: 0.0008
2025-09-28 23:50:45,349 [INFO] Época 3/30, Batch 300/3348, Loss: 0.0006
2025-09-28 23:50:45,592 [INFO] Época 3/30, Batch 350/3348, Loss: 0.0004
2025-09-28 23:50:45,836 [INFO] Época 3/30, Batch 400/3348, Loss: 0.0007
2025-09-28 23:50:46,082 [INFO] Época 3/30, Batch 450/3348, Loss: 0.0007
2025-09-28 23:50:46,327 [INFO] Época 3/30, Batch 500/3348, Loss: 0.0004
2025-09-28 23:50:46,571 [INFO] Época 3/30, Batch 550/3348, Loss: 0.0007
2025-09-28 23:50:46,816 [INFO] Época 3/30, Batch 600/3348, Loss: 0.0003
2025-09-28 23:50:47,060 [INFO] Época 3/30, Batch 650/3348, Loss: 0.0005
2025-09-28 23:50:47,304 [INFO] Época 3/30, Batch 700/3348, Loss: 0.0005
2025-09-28 23:50:47,542 [INFO] Época 3/30, Batch 750/3348, Loss: 0.0005
2025-09-28 23:50:47,775 [INFO] Época 3/30, Batch 800/3348, Loss: 0.0005
2025-09-28 23:50:48,007 [INFO] Época 3/30, Batch 850/3348, Loss: 0.0004
2025-09-28 23:50:48,241 [INFO] Época 3/30, Batch 900/3348, Loss: 0.0003
2025-09-28 23:50:48,475 [INFO] Época 3/30, Batch 950/3348, Loss: 0.0004
2025-09-28 23:50:48,711 [INFO] Época 3/30, Batch 1000/3348, Loss: 0.0004
2025-09-28 23:50:48,956 [INFO] Época 3/30, Batch 1050/3348, Loss: 0.0007
2025-09-28 23:50:49,193 [INFO] Época 3/30, Batch 1100/3348, Loss: 0.0005
2025-09-28 23:50:49,432 [INFO] Época 3/30, Batch 1150/3348, Loss: 0.0005
2025-09-28 23:50:49,670 [INFO] Época 3/30, Batch 1200/3348, Loss: 0.0004
2025-09-28 23:50:49,904 [INFO] Época 3/30, Batch 1250/3348, Loss: 0.0003
2025-09-28 23:50:50,138 [INFO] Época 3/30, Batch 1300/3348, Loss: 0.0004
2025-09-28 23:50:50,371 [INFO] Época 3/30, Batch 1350/3348, Loss: 0.0004
2025-09-28 23:50:50,616 [INFO] Época 3/30, Batch 1400/3348, Loss: 0.0004
2025-09-28 23:50:50,862 [INFO] Época 3/30, Batch 1450/3348, Loss: 0.0005
2025-09-28 23:50:51,105 [INFO] Época 3/30, Batch 1500/3348, Loss: 0.0005
2025-09-28 23:50:51,348 [INFO] Época 3/30, Batch 1550/3348, Loss: 0.0004
2025-09-28 23:50:51,591 [INFO] Época 3/30, Batch 1600/3348, Loss: 0.0005
2025-09-28 23:50:51,836 [INFO] Época 3/30, Batch 1650/3348, Loss: 0.0004
2025-09-28 23:50:52,079 [INFO] Época 3/30, Batch 1700/3348, Loss: 0.0006
2025-09-28 23:50:52,323 [INFO] Época 3/30, Batch 1750/3348, Loss: 0.0006
2025-09-28 23:50:52,567 [INFO] Época 3/30, Batch 1800/3348, Loss: 0.0006
2025-09-28 23:50:52,813 [INFO] Época 3/30, Batch 1850/3348, Loss: 0.0006
2025-09-28 23:50:53,058 [INFO] Época 3/30, Batch 1900/3348, Loss: 0.0007
2025-09-28 23:50:53,300 [INFO] Época 3/30, Batch 1950/3348, Loss: 0.0003
2025-09-28 23:50:53,546 [INFO] Época 3/30, Batch 2000/3348, Loss: 0.0006
2025-09-28 23:50:53,792 [INFO] Época 3/30, Batch 2050/3348, Loss: 0.0004
2025-09-28 23:50:54,046 [INFO] Época 3/30, Batch 2100/3348, Loss: 0.0004
2025-09-28 23:50:54,289 [INFO] Época 3/30, Batch 2150/3348, Loss: 0.0006
2025-09-28 23:50:54,532 [INFO] Época 3/30, Batch 2200/3348, Loss: 0.0005
2025-09-28 23:50:54,783 [INFO] Época 3/30, Batch 2250/3348, Loss: 0.0005
2025-09-28 23:50:55,037 [INFO] Época 3/30, Batch 2300/3348, Loss: 0.0004
2025-09-28 23:50:55,290 [INFO] Época 3/30, Batch 2350/3348, Loss: 0.0006
2025-09-28 23:50:55,545 [INFO] Época 3/30, Batch 2400/3348, Loss: 0.0007
2025-09-28 23:50:55,795 [INFO] Época 3/30, Batch 2450/3348, Loss: 0.0004
2025-09-28 23:50:56,039 [INFO] Época 3/30, Batch 2500/3348, Loss: 0.0005
2025-09-28 23:50:56,293 [INFO] Época 3/30, Batch 2550/3348, Loss: 0.0005
2025-09-28 23:50:56,549 [INFO] Época 3/30, Batch 2600/3348, Loss: 0.0005
2025-09-28 23:50:56,806 [INFO] Época 3/30, Batch 2650/3348, Loss: 0.0003
2025-09-28 23:50:57,060 [INFO] Época 3/30, Batch 2700/3348, Loss: 0.0005
2025-09-28 23:50:57,316 [INFO] Época 3/30, Batch 2750/3348, Loss: 0.0005
2025-09-28 23:50:57,571 [INFO] Época 3/30, Batch 2800/3348, Loss: 0.0006
2025-09-28 23:50:57,822 [INFO] Época 3/30, Batch 2850/3348, Loss: 0.0004
2025-09-28 23:50:58,076 [INFO] Época 3/30, Batch 2900/3348, Loss: 0.0006
2025-09-28 23:50:58,330 [INFO] Época 3/30, Batch 2950/3348, Loss: 0.0006
2025-09-28 23:50:58,585 [INFO] Época 3/30, Batch 3000/3348, Loss: 0.0005
2025-09-28 23:50:58,838 [INFO] Época 3/30, Batch 3050/3348, Loss: 0.0004
2025-09-28 23:50:59,102 [INFO] Época 3/30, Batch 3100/3348, Loss: 0.0004
2025-09-28 23:50:59,355 [INFO] Época 3/30, Batch 3150/3348, Loss: 0.0005
2025-09-28 23:50:59,608 [INFO] Época 3/30, Batch 3200/3348, Loss: 0.0004
2025-09-28 23:50:59,862 [INFO] Época 3/30, Batch 3250/3348, Loss: 0.0003
2025-09-28 23:51:00,115 [INFO] Época 3/30, Batch 3300/3348, Loss: 0.0004
2025-09-28 23:51:01,884 [INFO] [3/30] Train Loss: 0.0050 | Val Loss: 0.0004 | Tempo: 18.32s
2025-09-28 23:51:01,888 [INFO] Melhor modelo salvo em: /mnt/hdd/home/jdurao/ToolBox-ChemXAI/models/mlp_qm9_EState_att0.pth
2025-09-28 23:51:02,429 [INFO] Época 4/30, Batch 50/3348, Loss: 0.0004
2025-09-28 23:51:02,690 [INFO] Época 4/30, Batch 100/3348, Loss: 0.0005
2025-09-28 23:51:02,942 [INFO] Época 4/30, Batch 150/3348, Loss: 0.0003
2025-09-28 23:51:03,194 [INFO] Época 4/30, Batch 200/3348, Loss: 0.0005
2025-09-28 23:51:03,447 [INFO] Época 4/30, Batch 250/3348, Loss: 0.0006
2025-09-28 23:51:03,704 [INFO] Época 4/30, Batch 300/3348, Loss: 0.0004
2025-09-28 23:51:03,961 [INFO] Época 4/30, Batch 350/3348, Loss: 0.0004
2025-09-28 23:51:04,214 [INFO] Época 4/30, Batch 400/3348, Loss: 0.0005
2025-09-28 23:51:04,468 [INFO] Época 4/30, Batch 450/3348, Loss: 0.0004
2025-09-28 23:51:04,716 [INFO] Época 4/30, Batch 500/3348, Loss: 0.0004
2025-09-28 23:51:04,963 [INFO] Época 4/30, Batch 550/3348, Loss: 0.0005
2025-09-28 23:51:05,209 [INFO] Época 4/30, Batch 600/3348, Loss: 0.0004
2025-09-28 23:51:05,455 [INFO] Época 4/30, Batch 650/3348, Loss: 0.0004
2025-09-28 23:51:05,704 [INFO] Época 4/30, Batch 700/3348, Loss: 0.0004
2025-09-28 23:51:05,951 [INFO] Época 4/30, Batch 750/3348, Loss: 0.0005
2025-09-28 23:51:06,196 [INFO] Época 4/30, Batch 800/3348, Loss: 0.0005
2025-09-28 23:51:06,443 [INFO] Época 4/30, Batch 850/3348, Loss: 0.0005
2025-09-28 23:51:06,694 [INFO] Época 4/30, Batch 900/3348, Loss: 0.0003
2025-09-28 23:51:06,936 [INFO] Época 4/30, Batch 950/3348, Loss: 0.0011
2025-09-28 23:51:07,180 [INFO] Época 4/30, Batch 1000/3348, Loss: 0.0004
2025-09-28 23:51:07,423 [INFO] Época 4/30, Batch 1050/3348, Loss: 0.0005
2025-09-28 23:51:07,666 [INFO] Época 4/30, Batch 1100/3348, Loss: 0.0004
2025-09-28 23:51:07,909 [INFO] Época 4/30, Batch 1150/3348, Loss: 0.0007
2025-09-28 23:51:08,153 [INFO] Época 4/30, Batch 1200/3348, Loss: 0.0005
2025-09-28 23:51:08,399 [INFO] Época 4/30, Batch 1250/3348, Loss: 0.0004
2025-09-28 23:51:08,649 [INFO] Época 4/30, Batch 1300/3348, Loss: 0.0003
2025-09-28 23:51:08,898 [INFO] Época 4/30, Batch 1350/3348, Loss: 0.0010
2025-09-28 23:51:09,146 [INFO] Época 4/30, Batch 1400/3348, Loss: 0.0004
2025-09-28 23:51:09,393 [INFO] Época 4/30, Batch 1450/3348, Loss: 0.0004
2025-09-28 23:51:09,642 [INFO] Época 4/30, Batch 1500/3348, Loss: 0.0005
2025-09-28 23:51:09,888 [INFO] Época 4/30, Batch 1550/3348, Loss: 0.0004
2025-09-28 23:51:10,134 [INFO] Época 4/30, Batch 1600/3348, Loss: 0.0006
2025-09-28 23:51:10,382 [INFO] Época 4/30, Batch 1650/3348, Loss: 0.0006
2025-09-28 23:51:10,626 [INFO] Época 4/30, Batch 1700/3348, Loss: 0.0005
2025-09-28 23:51:10,871 [INFO] Época 4/30, Batch 1750/3348, Loss: 0.0006
2025-09-28 23:51:11,113 [INFO] Época 4/30, Batch 1800/3348, Loss: 0.0004
2025-09-28 23:51:11,358 [INFO] Época 4/30, Batch 1850/3348, Loss: 0.0003
2025-09-28 23:51:11,604 [INFO] Época 4/30, Batch 1900/3348, Loss: 0.0007
2025-09-28 23:51:11,851 [INFO] Época 4/30, Batch 1950/3348, Loss: 0.0005
2025-09-28 23:51:12,096 [INFO] Época 4/30, Batch 2000/3348, Loss: 0.0004
2025-09-28 23:51:12,340 [INFO] Época 4/30, Batch 2050/3348, Loss: 0.0005
2025-09-28 23:51:12,586 [INFO] Época 4/30, Batch 2100/3348, Loss: 0.0004
2025-09-28 23:51:12,832 [INFO] Época 4/30, Batch 2150/3348, Loss: 0.0003
2025-09-28 23:51:13,077 [INFO] Época 4/30, Batch 2200/3348, Loss: 0.0004
2025-09-28 23:51:13,322 [INFO] Época 4/30, Batch 2250/3348, Loss: 0.0003
2025-09-28 23:51:13,565 [INFO] Época 4/30, Batch 2300/3348, Loss: 0.0004
2025-09-28 23:51:13,811 [INFO] Época 4/30, Batch 2350/3348, Loss: 0.0004
2025-09-28 23:51:14,058 [INFO] Época 4/30, Batch 2400/3348, Loss: 0.0005
2025-09-28 23:51:14,306 [INFO] Época 4/30, Batch 2450/3348, Loss: 0.0006
2025-09-28 23:51:14,562 [INFO] Época 4/30, Batch 2500/3348, Loss: 0.0004
2025-09-28 23:51:14,812 [INFO] Época 4/30, Batch 2550/3348, Loss: 0.0005
2025-09-28 23:51:15,057 [INFO] Época 4/30, Batch 2600/3348, Loss: 0.0006
2025-09-28 23:51:15,303 [INFO] Época 4/30, Batch 2650/3348, Loss: 10.7056
2025-09-28 23:51:15,548 [INFO] Época 4/30, Batch 2700/3348, Loss: 0.0005
2025-09-28 23:51:15,792 [INFO] Época 4/30, Batch 2750/3348, Loss: 0.0004
2025-09-28 23:51:16,040 [INFO] Época 4/30, Batch 2800/3348, Loss: 0.0005
2025-09-28 23:51:16,286 [INFO] Época 4/30, Batch 2850/3348, Loss: 0.0004
2025-09-28 23:51:16,532 [INFO] Época 4/30, Batch 2900/3348, Loss: 0.0004
2025-09-28 23:51:16,778 [INFO] Época 4/30, Batch 2950/3348, Loss: 0.0004
2025-09-28 23:51:17,024 [INFO] Época 4/30, Batch 3000/3348, Loss: 0.0005
2025-09-28 23:51:17,269 [INFO] Época 4/30, Batch 3050/3348, Loss: 0.0005
2025-09-28 23:51:17,514 [INFO] Época 4/30, Batch 3100/3348, Loss: 0.0004
2025-09-28 23:51:17,759 [INFO] Época 4/30, Batch 3150/3348, Loss: 0.0004
2025-09-28 23:51:18,003 [INFO] Época 4/30, Batch 3200/3348, Loss: 0.0006
2025-09-28 23:51:18,250 [INFO] Época 4/30, Batch 3250/3348, Loss: 0.0010
2025-09-28 23:51:18,496 [INFO] Época 4/30, Batch 3300/3348, Loss: 0.0004
2025-09-28 23:51:20,250 [INFO] [4/30] Train Loss: 0.0049 | Val Loss: 0.0004 | Tempo: 18.36s
2025-09-28 23:51:20,253 [INFO] Melhor modelo salvo em: /mnt/hdd/home/jdurao/ToolBox-ChemXAI/models/mlp_qm9_EState_att0.pth
2025-09-28 23:51:20,791 [INFO] Época 5/30, Batch 50/3348, Loss: 0.0007
2025-09-28 23:51:21,045 [INFO] Época 5/30, Batch 100/3348, Loss: 0.0004
2025-09-28 23:51:21,300 [INFO] Época 5/30, Batch 150/3348, Loss: 0.0005
2025-09-28 23:51:21,555 [INFO] Época 5/30, Batch 200/3348, Loss: 0.0004
2025-09-28 23:51:21,811 [INFO] Época 5/30, Batch 250/3348, Loss: 0.0004
2025-09-28 23:51:22,067 [INFO] Época 5/30, Batch 300/3348, Loss: 0.0004
2025-09-28 23:51:22,322 [INFO] Época 5/30, Batch 350/3348, Loss: 0.0004
2025-09-28 23:51:22,578 [INFO] Época 5/30, Batch 400/3348, Loss: 0.0006
2025-09-28 23:51:22,831 [INFO] Época 5/30, Batch 450/3348, Loss: 0.0006
2025-09-28 23:51:23,082 [INFO] Época 5/30, Batch 500/3348, Loss: 0.0003
2025-09-28 23:51:23,333 [INFO] Época 5/30, Batch 550/3348, Loss: 0.0006
2025-09-28 23:51:23,584 [INFO] Época 5/30, Batch 600/3348, Loss: 0.0004
2025-09-28 23:51:23,834 [INFO] Época 5/30, Batch 650/3348, Loss: 0.0003
2025-09-28 23:51:24,079 [INFO] Época 5/30, Batch 700/3348, Loss: 0.0006
2025-09-28 23:51:24,324 [INFO] Época 5/30, Batch 750/3348, Loss: 0.0005
2025-09-28 23:51:24,574 [INFO] Época 5/30, Batch 800/3348, Loss: 0.0015
2025-09-28 23:51:24,825 [INFO] Época 5/30, Batch 850/3348, Loss: 0.0005
2025-09-28 23:51:25,075 [INFO] Época 5/30, Batch 900/3348, Loss: 0.0004
2025-09-28 23:51:25,319 [INFO] Época 5/30, Batch 950/3348, Loss: 0.0006
2025-09-28 23:51:25,589 [INFO] Época 5/30, Batch 1000/3348, Loss: 0.0003
2025-09-28 23:51:25,833 [INFO] Época 5/30, Batch 1050/3348, Loss: 0.0005
2025-09-28 23:51:26,076 [INFO] Época 5/30, Batch 1100/3348, Loss: 0.0006
2025-09-28 23:51:26,319 [INFO] Época 5/30, Batch 1150/3348, Loss: 0.0004
2025-09-28 23:51:26,560 [INFO] Época 5/30, Batch 1200/3348, Loss: 0.0004
2025-09-28 23:51:26,803 [INFO] Época 5/30, Batch 1250/3348, Loss: 0.0004
2025-09-28 23:51:27,048 [INFO] Época 5/30, Batch 1300/3348, Loss: 0.0004
2025-09-28 23:51:27,290 [INFO] Época 5/30, Batch 1350/3348, Loss: 0.0007
2025-09-28 23:51:27,531 [INFO] Época 5/30, Batch 1400/3348, Loss: 0.0003
2025-09-28 23:51:27,776 [INFO] Época 5/30, Batch 1450/3348, Loss: 0.0004
2025-09-28 23:51:28,022 [INFO] Época 5/30, Batch 1500/3348, Loss: 0.0005
2025-09-28 23:51:28,268 [INFO] Época 5/30, Batch 1550/3348, Loss: 0.0006
2025-09-28 23:51:28,516 [INFO] Época 5/30, Batch 1600/3348, Loss: 0.0003
2025-09-28 23:51:28,763 [INFO] Época 5/30, Batch 1650/3348, Loss: 0.0004
2025-09-28 23:51:29,010 [INFO] Época 5/30, Batch 1700/3348, Loss: 0.0004
2025-09-28 23:51:29,259 [INFO] Época 5/30, Batch 1750/3348, Loss: 0.0006
2025-09-28 23:51:29,511 [INFO] Época 5/30, Batch 1800/3348, Loss: 0.0004
2025-09-28 23:51:29,767 [INFO] Época 5/30, Batch 1850/3348, Loss: 0.0006
2025-09-28 23:51:30,019 [INFO] Época 5/30, Batch 1900/3348, Loss: 0.0006
2025-09-28 23:51:30,271 [INFO] Época 5/30, Batch 1950/3348, Loss: 0.0005
2025-09-28 23:51:30,523 [INFO] Época 5/30, Batch 2000/3348, Loss: 0.0005
2025-09-28 23:51:30,782 [INFO] Época 5/30, Batch 2050/3348, Loss: 0.0005
2025-09-28 23:51:31,028 [INFO] Época 5/30, Batch 2100/3348, Loss: 0.0004
2025-09-28 23:51:31,275 [INFO] Época 5/30, Batch 2150/3348, Loss: 0.0005
2025-09-28 23:51:31,520 [INFO] Época 5/30, Batch 2200/3348, Loss: 0.0006
2025-09-28 23:51:31,771 [INFO] Época 5/30, Batch 2250/3348, Loss: 0.0003
2025-09-28 23:51:32,025 [INFO] Época 5/30, Batch 2300/3348, Loss: 0.0004
2025-09-28 23:51:32,278 [INFO] Época 5/30, Batch 2350/3348, Loss: 0.0005
2025-09-28 23:51:32,531 [INFO] Época 5/30, Batch 2400/3348, Loss: 0.0007
2025-09-28 23:51:32,785 [INFO] Época 5/30, Batch 2450/3348, Loss: 0.0004
2025-09-28 23:51:33,035 [INFO] Época 5/30, Batch 2500/3348, Loss: 0.0005
2025-09-28 23:51:33,289 [INFO] Época 5/30, Batch 2550/3348, Loss: 0.0004
2025-09-28 23:51:33,540 [INFO] Época 5/30, Batch 2600/3348, Loss: 0.0008
2025-09-28 23:51:33,790 [INFO] Época 5/30, Batch 2650/3348, Loss: 0.0004
2025-09-28 23:51:34,041 [INFO] Época 5/30, Batch 2700/3348, Loss: 0.0005
2025-09-28 23:51:34,292 [INFO] Época 5/30, Batch 2750/3348, Loss: 0.0006
2025-09-28 23:51:34,541 [INFO] Época 5/30, Batch 2800/3348, Loss: 0.0004
2025-09-28 23:51:34,793 [INFO] Época 5/30, Batch 2850/3348, Loss: 0.0005
2025-09-28 23:51:35,046 [INFO] Época 5/30, Batch 2900/3348, Loss: 0.0004
2025-09-28 23:51:35,302 [INFO] Época 5/30, Batch 2950/3348, Loss: 0.0005
2025-09-28 23:51:35,558 [INFO] Época 5/30, Batch 3000/3348, Loss: 0.0004
2025-09-28 23:51:35,820 [INFO] Época 5/30, Batch 3050/3348, Loss: 0.0003
2025-09-28 23:51:36,071 [INFO] Época 5/30, Batch 3100/3348, Loss: 0.0006
2025-09-28 23:51:36,322 [INFO] Época 5/30, Batch 3150/3348, Loss: 0.0004
2025-09-28 23:51:36,571 [INFO] Época 5/30, Batch 3200/3348, Loss: 0.0004
2025-09-28 23:51:36,815 [INFO] Época 5/30, Batch 3250/3348, Loss: 0.0002
2025-09-28 23:51:37,060 [INFO] Época 5/30, Batch 3300/3348, Loss: 0.0005
2025-09-28 23:51:38,816 [INFO] [5/30] Train Loss: 0.0049 | Val Loss: 0.0004 | Tempo: 18.56s
2025-09-28 23:51:39,385 [INFO] Época 6/30, Batch 50/3348, Loss: 0.0006
2025-09-28 23:51:39,652 [INFO] Época 6/30, Batch 100/3348, Loss: 0.0003
2025-09-28 23:51:39,919 [INFO] Época 6/30, Batch 150/3348, Loss: 0.0003
2025-09-28 23:51:40,183 [INFO] Época 6/30, Batch 200/3348, Loss: 0.0005
2025-09-28 23:51:40,439 [INFO] Época 6/30, Batch 250/3348, Loss: 0.0005
2025-09-28 23:51:40,693 [INFO] Época 6/30, Batch 300/3348, Loss: 0.0005
2025-09-28 23:51:40,942 [INFO] Época 6/30, Batch 350/3348, Loss: 0.0004
2025-09-28 23:51:41,190 [INFO] Época 6/30, Batch 400/3348, Loss: 0.0004
2025-09-28 23:51:41,438 [INFO] Época 6/30, Batch 450/3348, Loss: 0.0005
2025-09-28 23:51:41,682 [INFO] Época 6/30, Batch 500/3348, Loss: 0.0005
2025-09-28 23:51:41,929 [INFO] Época 6/30, Batch 550/3348, Loss: 0.0005
2025-09-28 23:51:42,175 [INFO] Época 6/30, Batch 600/3348, Loss: 0.0006
2025-09-28 23:51:42,419 [INFO] Época 6/30, Batch 650/3348, Loss: 0.0006
2025-09-28 23:51:42,663 [INFO] Época 6/30, Batch 700/3348, Loss: 0.0004
2025-09-28 23:51:42,906 [INFO] Época 6/30, Batch 750/3348, Loss: 0.0005
2025-09-28 23:51:43,150 [INFO] Época 6/30, Batch 800/3348, Loss: 0.0005
2025-09-28 23:51:43,394 [INFO] Época 6/30, Batch 850/3348, Loss: 0.0007
2025-09-28 23:51:43,631 [INFO] Época 6/30, Batch 900/3348, Loss: 0.0005
2025-09-28 23:51:43,869 [INFO] Época 6/30, Batch 950/3348, Loss: 0.0003
2025-09-28 23:51:44,105 [INFO] Época 6/30, Batch 1000/3348, Loss: 0.0004
2025-09-28 23:51:44,341 [INFO] Época 6/30, Batch 1050/3348, Loss: 0.0005
2025-09-28 23:51:44,576 [INFO] Época 6/30, Batch 1100/3348, Loss: 0.0005
2025-09-28 23:51:44,811 [INFO] Época 6/30, Batch 1150/3348, Loss: 0.0005
2025-09-28 23:51:45,047 [INFO] Época 6/30, Batch 1200/3348, Loss: 0.0005
2025-09-28 23:51:45,282 [INFO] Época 6/30, Batch 1250/3348, Loss: 0.0005
2025-09-28 23:51:45,528 [INFO] Época 6/30, Batch 1300/3348, Loss: 0.0006
2025-09-28 23:51:45,777 [INFO] Época 6/30, Batch 1350/3348, Loss: 0.0005
2025-09-28 23:51:46,025 [INFO] Época 6/30, Batch 1400/3348, Loss: 0.0004
2025-09-28 23:51:46,271 [INFO] Época 6/30, Batch 1450/3348, Loss: 0.0005
2025-09-28 23:51:46,518 [INFO] Época 6/30, Batch 1500/3348, Loss: 0.0005
2025-09-28 23:51:46,766 [INFO] Época 6/30, Batch 1550/3348, Loss: 0.0004
2025-09-28 23:51:47,023 [INFO] Época 6/30, Batch 1600/3348, Loss: 0.0004
2025-09-28 23:51:47,271 [INFO] Época 6/30, Batch 1650/3348, Loss: 0.0006
2025-09-28 23:51:47,520 [INFO] Época 6/30, Batch 1700/3348, Loss: 0.0005
2025-09-28 23:51:47,767 [INFO] Época 6/30, Batch 1750/3348, Loss: 0.0005
2025-09-28 23:51:48,014 [INFO] Época 6/30, Batch 1800/3348, Loss: 0.0004
2025-09-28 23:51:48,264 [INFO] Época 6/30, Batch 1850/3348, Loss: 0.0005
2025-09-28 23:51:48,510 [INFO] Época 6/30, Batch 1900/3348, Loss: 0.0003
2025-09-28 23:51:48,758 [INFO] Época 6/30, Batch 1950/3348, Loss: 0.0004
2025-09-28 23:51:49,004 [INFO] Época 6/30, Batch 2000/3348, Loss: 0.0005
2025-09-28 23:51:49,257 [INFO] Época 6/30, Batch 2050/3348, Loss: 0.0004
2025-09-28 23:51:49,524 [INFO] Época 6/30, Batch 2100/3348, Loss: 0.0005
2025-09-28 23:51:49,788 [INFO] Época 6/30, Batch 2150/3348, Loss: 0.0003
2025-09-28 23:51:50,053 [INFO] Época 6/30, Batch 2200/3348, Loss: 0.0004
2025-09-28 23:51:50,315 [INFO] Época 6/30, Batch 2250/3348, Loss: 0.0005
2025-09-28 23:51:50,575 [INFO] Época 6/30, Batch 2300/3348, Loss: 0.0003
2025-09-28 23:51:50,840 [INFO] Época 6/30, Batch 2350/3348, Loss: 0.0004
2025-09-28 23:51:51,117 [INFO] Época 6/30, Batch 2400/3348, Loss: 0.0006
2025-09-28 23:51:51,382 [INFO] Época 6/30, Batch 2450/3348, Loss: 0.0005
2025-09-28 23:51:51,647 [INFO] Época 6/30, Batch 2500/3348, Loss: 0.0004
2025-09-28 23:51:51,913 [INFO] Época 6/30, Batch 2550/3348, Loss: 0.0005
2025-09-28 23:51:52,180 [INFO] Época 6/30, Batch 2600/3348, Loss: 0.0004
2025-09-28 23:51:52,444 [INFO] Época 6/30, Batch 2650/3348, Loss: 0.0004
2025-09-28 23:51:52,710 [INFO] Época 6/30, Batch 2700/3348, Loss: 0.0005
2025-09-28 23:51:52,975 [INFO] Época 6/30, Batch 2750/3348, Loss: 0.0004
2025-09-28 23:51:53,239 [INFO] Época 6/30, Batch 2800/3348, Loss: 0.0004
2025-09-28 23:51:53,506 [INFO] Época 6/30, Batch 2850/3348, Loss: 0.0004
2025-09-28 23:51:53,770 [INFO] Época 6/30, Batch 2900/3348, Loss: 0.0003
2025-09-28 23:51:54,034 [INFO] Época 6/30, Batch 2950/3348, Loss: 0.0005
2025-09-28 23:51:54,299 [INFO] Época 6/30, Batch 3000/3348, Loss: 0.0004
2025-09-28 23:51:54,565 [INFO] Época 6/30, Batch 3050/3348, Loss: 0.0004
2025-09-28 23:51:54,830 [INFO] Época 6/30, Batch 3100/3348, Loss: 0.0005
2025-09-28 23:51:55,097 [INFO] Época 6/30, Batch 3150/3348, Loss: 0.0007
2025-09-28 23:51:55,360 [INFO] Época 6/30, Batch 3200/3348, Loss: 0.0005
2025-09-28 23:51:55,623 [INFO] Época 6/30, Batch 3250/3348, Loss: 0.0004
2025-09-28 23:51:55,887 [INFO] Época 6/30, Batch 3300/3348, Loss: 0.0004
2025-09-28 23:51:57,690 [INFO] [6/30] Train Loss: 0.0049 | Val Loss: 0.0004 | Tempo: 18.87s
2025-09-28 23:51:58,260 [INFO] Época 7/30, Batch 50/3348, Loss: 0.0004
2025-09-28 23:51:58,541 [INFO] Época 7/30, Batch 100/3348, Loss: 0.0003
2025-09-28 23:51:58,815 [INFO] Época 7/30, Batch 150/3348, Loss: 0.0003
2025-09-28 23:51:59,086 [INFO] Época 7/30, Batch 200/3348, Loss: 0.0008
2025-09-28 23:51:59,358 [INFO] Época 7/30, Batch 250/3348, Loss: 0.0005
2025-09-28 23:51:59,629 [INFO] Época 7/30, Batch 300/3348, Loss: 0.0005
2025-09-28 23:51:59,900 [INFO] Época 7/30, Batch 350/3348, Loss: 0.0004
2025-09-28 23:52:00,175 [INFO] Época 7/30, Batch 400/3348, Loss: 0.0005
2025-09-28 23:52:00,452 [INFO] Época 7/30, Batch 450/3348, Loss: 0.0004
2025-09-28 23:52:00,723 [INFO] Época 7/30, Batch 500/3348, Loss: 0.0005
2025-09-28 23:52:00,994 [INFO] Época 7/30, Batch 550/3348, Loss: 0.0004
2025-09-28 23:52:01,276 [INFO] Época 7/30, Batch 600/3348, Loss: 0.0004
2025-09-28 23:52:01,545 [INFO] Época 7/30, Batch 650/3348, Loss: 0.0005
2025-09-28 23:52:01,807 [INFO] Época 7/30, Batch 700/3348, Loss: 0.0004
2025-09-28 23:52:02,070 [INFO] Época 7/30, Batch 750/3348, Loss: 0.0004
2025-09-28 23:52:02,331 [INFO] Época 7/30, Batch 800/3348, Loss: 0.0003
2025-09-28 23:52:02,597 [INFO] Época 7/30, Batch 850/3348, Loss: 0.0006
2025-09-28 23:52:02,872 [INFO] Época 7/30, Batch 900/3348, Loss: 0.0006
2025-09-28 23:52:03,147 [INFO] Época 7/30, Batch 950/3348, Loss: 0.0005
2025-09-28 23:52:03,406 [INFO] Época 7/30, Batch 1000/3348, Loss: 0.0002
2025-09-28 23:52:03,648 [INFO] Época 7/30, Batch 1050/3348, Loss: 0.0006
2025-09-28 23:52:03,891 [INFO] Época 7/30, Batch 1100/3348, Loss: 0.0004
2025-09-28 23:52:04,138 [INFO] Época 7/30, Batch 1150/3348, Loss: 0.0005
2025-09-28 23:52:04,376 [INFO] Época 7/30, Batch 1200/3348, Loss: 0.0005
2025-09-28 23:52:04,621 [INFO] Época 7/30, Batch 1250/3348, Loss: 0.0004
2025-09-28 23:52:04,870 [INFO] Época 7/30, Batch 1300/3348, Loss: 0.0005
2025-09-28 23:52:05,117 [INFO] Época 7/30, Batch 1350/3348, Loss: 0.0005
2025-09-28 23:52:05,364 [INFO] Época 7/30, Batch 1400/3348, Loss: 0.0006
2025-09-28 23:52:05,610 [INFO] Época 7/30, Batch 1450/3348, Loss: 0.0007
2025-09-28 23:52:05,855 [INFO] Época 7/30, Batch 1500/3348, Loss: 0.0003
2025-09-28 23:52:06,102 [INFO] Época 7/30, Batch 1550/3348, Loss: 0.0005
2025-09-28 23:52:06,361 [INFO] Época 7/30, Batch 1600/3348, Loss: 0.0007
2025-09-28 23:52:06,633 [INFO] Época 7/30, Batch 1650/3348, Loss: 0.0004
2025-09-28 23:52:06,881 [INFO] Época 7/30, Batch 1700/3348, Loss: 0.0004
2025-09-28 23:52:07,128 [INFO] Época 7/30, Batch 1750/3348, Loss: 0.0009
2025-09-28 23:52:07,387 [INFO] Época 7/30, Batch 1800/3348, Loss: 0.0004
2025-09-28 23:52:07,636 [INFO] Época 7/30, Batch 1850/3348, Loss: 0.0004
2025-09-28 23:52:07,884 [INFO] Época 7/30, Batch 1900/3348, Loss: 0.0004
2025-09-28 23:52:08,130 [INFO] Época 7/30, Batch 1950/3348, Loss: 0.0006
2025-09-28 23:52:08,377 [INFO] Época 7/30, Batch 2000/3348, Loss: 0.0005
2025-09-28 23:52:08,623 [INFO] Época 7/30, Batch 2050/3348, Loss: 0.0004
2025-09-28 23:52:08,872 [INFO] Época 7/30, Batch 2100/3348, Loss: 0.0003
2025-09-28 23:52:09,120 [INFO] Época 7/30, Batch 2150/3348, Loss: 0.0004
2025-09-28 23:52:09,368 [INFO] Época 7/30, Batch 2200/3348, Loss: 0.0004
2025-09-28 23:52:09,620 [INFO] Época 7/30, Batch 2250/3348, Loss: 0.0004
2025-09-28 23:52:09,892 [INFO] Época 7/30, Batch 2300/3348, Loss: 0.0004
2025-09-28 23:52:10,144 [INFO] Época 7/30, Batch 2350/3348, Loss: 0.0006
2025-09-28 23:52:10,391 [INFO] Época 7/30, Batch 2400/3348, Loss: 0.0005
2025-09-28 23:52:10,638 [INFO] Época 7/30, Batch 2450/3348, Loss: 0.0006
2025-09-28 23:52:10,886 [INFO] Época 7/30, Batch 2500/3348, Loss: 0.0005
2025-09-28 23:52:11,135 [INFO] Época 7/30, Batch 2550/3348, Loss: 0.0004
2025-09-28 23:52:11,404 [INFO] Época 7/30, Batch 2600/3348, Loss: 0.0004
2025-09-28 23:52:11,678 [INFO] Época 7/30, Batch 2650/3348, Loss: 0.0004
2025-09-28 23:52:11,950 [INFO] Época 7/30, Batch 2700/3348, Loss: 0.0005
2025-09-28 23:52:12,222 [INFO] Época 7/30, Batch 2750/3348, Loss: 0.0004
2025-09-28 23:52:12,495 [INFO] Época 7/30, Batch 2800/3348, Loss: 0.0005
2025-09-28 23:52:12,770 [INFO] Época 7/30, Batch 2850/3348, Loss: 0.0004
2025-09-28 23:52:13,048 [INFO] Época 7/30, Batch 2900/3348, Loss: 0.0004
2025-09-28 23:52:13,324 [INFO] Época 7/30, Batch 2950/3348, Loss: 0.0004
2025-09-28 23:52:13,577 [INFO] Época 7/30, Batch 3000/3348, Loss: 0.0003
2025-09-28 23:52:13,825 [INFO] Época 7/30, Batch 3050/3348, Loss: 0.0005
2025-09-28 23:52:14,071 [INFO] Época 7/30, Batch 3100/3348, Loss: 0.0006
2025-09-28 23:52:14,318 [INFO] Época 7/30, Batch 3150/3348, Loss: 0.0004
2025-09-28 23:52:14,561 [INFO] Época 7/30, Batch 3200/3348, Loss: 0.0006
2025-09-28 23:52:14,808 [INFO] Época 7/30, Batch 3250/3348, Loss: 0.0006
2025-09-28 23:52:15,054 [INFO] Época 7/30, Batch 3300/3348, Loss: 0.0004
2025-09-28 23:52:16,709 [INFO] [7/30] Train Loss: 0.0049 | Val Loss: 0.0003 | Tempo: 19.02s
2025-09-28 23:52:16,715 [INFO] Melhor modelo salvo em: /mnt/hdd/home/jdurao/ToolBox-ChemXAI/models/mlp_qm9_EState_att0.pth
2025-09-28 23:52:17,249 [INFO] Época 8/30, Batch 50/3348, Loss: 0.0004
2025-09-28 23:52:17,497 [INFO] Época 8/30, Batch 100/3348, Loss: 0.0004
2025-09-28 23:52:17,744 [INFO] Época 8/30, Batch 150/3348, Loss: 0.0003
2025-09-28 23:52:17,992 [INFO] Época 8/30, Batch 200/3348, Loss: 0.0004
2025-09-28 23:52:18,238 [INFO] Época 8/30, Batch 250/3348, Loss: 0.0004
2025-09-28 23:52:18,482 [INFO] Época 8/30, Batch 300/3348, Loss: 0.0004
2025-09-28 23:52:18,730 [INFO] Época 8/30, Batch 350/3348, Loss: 0.0005
2025-09-28 23:52:18,976 [INFO] Época 8/30, Batch 400/3348, Loss: 0.0004
2025-09-28 23:52:19,223 [INFO] Época 8/30, Batch 450/3348, Loss: 0.0002
2025-09-28 23:52:19,467 [INFO] Época 8/30, Batch 500/3348, Loss: 0.0004
2025-09-28 23:52:19,712 [INFO] Época 8/30, Batch 550/3348, Loss: 0.0005
2025-09-28 23:52:19,956 [INFO] Época 8/30, Batch 600/3348, Loss: 0.0004
2025-09-28 23:52:20,194 [INFO] Época 8/30, Batch 650/3348, Loss: 0.0005
2025-09-28 23:52:20,429 [INFO] Época 8/30, Batch 700/3348, Loss: 0.0003
2025-09-28 23:52:20,670 [INFO] Época 8/30, Batch 750/3348, Loss: 0.0005
2025-09-28 23:52:20,912 [INFO] Época 8/30, Batch 800/3348, Loss: 0.0004
2025-09-28 23:52:21,154 [INFO] Época 8/30, Batch 850/3348, Loss: 0.0006
2025-09-28 23:52:21,397 [INFO] Época 8/30, Batch 900/3348, Loss: 0.0004
2025-09-28 23:52:21,640 [INFO] Época 8/30, Batch 950/3348, Loss: 0.0007
2025-09-28 23:52:21,883 [INFO] Época 8/30, Batch 1000/3348, Loss: 0.0007
2025-09-28 23:52:22,138 [INFO] Época 8/30, Batch 1050/3348, Loss: 0.0006
2025-09-28 23:52:22,381 [INFO] Época 8/30, Batch 1100/3348, Loss: 0.0005
2025-09-28 23:52:22,625 [INFO] Época 8/30, Batch 1150/3348, Loss: 0.0004
2025-09-28 23:52:22,869 [INFO] Época 8/30, Batch 1200/3348, Loss: 0.0003
2025-09-28 23:52:23,112 [INFO] Época 8/30, Batch 1250/3348, Loss: 0.0005
2025-09-28 23:52:23,355 [INFO] Época 8/30, Batch 1300/3348, Loss: 0.0005
2025-09-28 23:52:23,597 [INFO] Época 8/30, Batch 1350/3348, Loss: 0.0005
2025-09-28 23:52:23,843 [INFO] Época 8/30, Batch 1400/3348, Loss: 0.0006
2025-09-28 23:52:24,088 [INFO] Época 8/30, Batch 1450/3348, Loss: 0.0004
2025-09-28 23:52:24,336 [INFO] Época 8/30, Batch 1500/3348, Loss: 0.0006
2025-09-28 23:52:24,580 [INFO] Época 8/30, Batch 1550/3348, Loss: 0.0003
2025-09-28 23:52:24,822 [INFO] Época 8/30, Batch 1600/3348, Loss: 0.0006
2025-09-28 23:52:25,065 [INFO] Época 8/30, Batch 1650/3348, Loss: 0.0003
2025-09-28 23:52:25,309 [INFO] Época 8/30, Batch 1700/3348, Loss: 0.0006
2025-09-28 23:52:25,555 [INFO] Época 8/30, Batch 1750/3348, Loss: 0.0004
2025-09-28 23:52:25,796 [INFO] Época 8/30, Batch 1800/3348, Loss: 0.0005
2025-09-28 23:52:26,039 [INFO] Época 8/30, Batch 1850/3348, Loss: 0.0006
2025-09-28 23:52:26,286 [INFO] Época 8/30, Batch 1900/3348, Loss: 0.0005
2025-09-28 23:52:26,532 [INFO] Época 8/30, Batch 1950/3348, Loss: 0.0004
2025-09-28 23:52:26,777 [INFO] Época 8/30, Batch 2000/3348, Loss: 0.0004
2025-09-28 23:52:27,022 [INFO] Época 8/30, Batch 2050/3348, Loss: 0.0005
2025-09-28 23:52:27,272 [INFO] Época 8/30, Batch 2100/3348, Loss: 0.0006
2025-09-28 23:52:27,519 [INFO] Época 8/30, Batch 2150/3348, Loss: 0.0005
2025-09-28 23:52:27,764 [INFO] Época 8/30, Batch 2200/3348, Loss: 0.0006
2025-09-28 23:52:28,007 [INFO] Época 8/30, Batch 2250/3348, Loss: 0.0004
2025-09-28 23:52:28,252 [INFO] Época 8/30, Batch 2300/3348, Loss: 0.0005
2025-09-28 23:52:28,497 [INFO] Época 8/30, Batch 2350/3348, Loss: 0.0008
2025-09-28 23:52:28,744 [INFO] Época 8/30, Batch 2400/3348, Loss: 0.0005
2025-09-28 23:52:28,988 [INFO] Época 8/30, Batch 2450/3348, Loss: 0.0004
2025-09-28 23:52:29,232 [INFO] Época 8/30, Batch 2500/3348, Loss: 0.0004
2025-09-28 23:52:29,478 [INFO] Época 8/30, Batch 2550/3348, Loss: 0.0003
2025-09-28 23:52:29,725 [INFO] Época 8/30, Batch 2600/3348, Loss: 0.0007
2025-09-28 23:52:29,968 [INFO] Época 8/30, Batch 2650/3348, Loss: 0.0005
2025-09-28 23:52:30,213 [INFO] Época 8/30, Batch 2700/3348, Loss: 0.0005
2025-09-28 23:52:30,458 [INFO] Época 8/30, Batch 2750/3348, Loss: 0.0005
2025-09-28 23:52:30,701 [INFO] Época 8/30, Batch 2800/3348, Loss: 0.0005
2025-09-28 23:52:30,947 [INFO] Época 8/30, Batch 2850/3348, Loss: 0.0005
2025-09-28 23:52:31,190 [INFO] Época 8/30, Batch 2900/3348, Loss: 0.0005
2025-09-28 23:52:31,435 [INFO] Época 8/30, Batch 2950/3348, Loss: 0.0005
2025-09-28 23:52:31,680 [INFO] Época 8/30, Batch 3000/3348, Loss: 0.0004
2025-09-28 23:52:31,924 [INFO] Época 8/30, Batch 3050/3348, Loss: 0.0005
2025-09-28 23:52:32,167 [INFO] Época 8/30, Batch 3100/3348, Loss: 0.0005
2025-09-28 23:52:32,419 [INFO] Época 8/30, Batch 3150/3348, Loss: 0.0006
2025-09-28 23:52:32,667 [INFO] Época 8/30, Batch 3200/3348, Loss: 0.0007
2025-09-28 23:52:32,911 [INFO] Época 8/30, Batch 3250/3348, Loss: 0.0006
2025-09-28 23:52:33,154 [INFO] Época 8/30, Batch 3300/3348, Loss: 0.0004
2025-09-28 23:52:34,823 [INFO] [8/30] Train Loss: 0.0049 | Val Loss: 0.0004 | Tempo: 18.11s
2025-09-28 23:52:35,342 [INFO] Época 9/30, Batch 50/3348, Loss: 0.0004
2025-09-28 23:52:35,593 [INFO] Época 9/30, Batch 100/3348, Loss: 0.0006
2025-09-28 23:52:35,844 [INFO] Época 9/30, Batch 150/3348, Loss: 0.0004
2025-09-28 23:52:36,096 [INFO] Época 9/30, Batch 200/3348, Loss: 0.0005
2025-09-28 23:52:36,343 [INFO] Época 9/30, Batch 250/3348, Loss: 0.0006
2025-09-28 23:52:36,594 [INFO] Época 9/30, Batch 300/3348, Loss: 0.0004
2025-09-28 23:52:36,841 [INFO] Época 9/30, Batch 350/3348, Loss: 0.0004
2025-09-28 23:52:37,089 [INFO] Época 9/30, Batch 400/3348, Loss: 0.0006
2025-09-28 23:52:37,333 [INFO] Época 9/30, Batch 450/3348, Loss: 0.0005
2025-09-28 23:52:37,588 [INFO] Época 9/30, Batch 500/3348, Loss: 0.0005
2025-09-28 23:52:37,831 [INFO] Época 9/30, Batch 550/3348, Loss: 0.0003
2025-09-28 23:52:38,075 [INFO] Época 9/30, Batch 600/3348, Loss: 0.0005
2025-09-28 23:52:38,318 [INFO] Época 9/30, Batch 650/3348, Loss: 0.0004
2025-09-28 23:52:38,561 [INFO] Época 9/30, Batch 700/3348, Loss: 0.0005
2025-09-28 23:52:38,797 [INFO] Época 9/30, Batch 750/3348, Loss: 0.0003
2025-09-28 23:52:39,031 [INFO] Época 9/30, Batch 800/3348, Loss: 0.0005
2025-09-28 23:52:39,266 [INFO] Época 9/30, Batch 850/3348, Loss: 0.0005
2025-09-28 23:52:39,504 [INFO] Época 9/30, Batch 900/3348, Loss: 0.0004
2025-09-28 23:52:39,749 [INFO] Época 9/30, Batch 950/3348, Loss: 0.0004
2025-09-28 23:52:39,994 [INFO] Época 9/30, Batch 1000/3348, Loss: 0.0005
2025-09-28 23:52:40,236 [INFO] Época 9/30, Batch 1050/3348, Loss: 0.0005
2025-09-28 23:52:40,479 [INFO] Época 9/30, Batch 1100/3348, Loss: 0.0006
2025-09-28 23:52:40,717 [INFO] Época 9/30, Batch 1150/3348, Loss: 0.0006
2025-09-28 23:52:40,959 [INFO] Época 9/30, Batch 1200/3348, Loss: 0.0004
2025-09-28 23:52:41,200 [INFO] Época 9/30, Batch 1250/3348, Loss: 0.0005
2025-09-28 23:52:41,441 [INFO] Época 9/30, Batch 1300/3348, Loss: 0.0007
2025-09-28 23:52:41,687 [INFO] Época 9/30, Batch 1350/3348, Loss: 0.0004
2025-09-28 23:52:41,939 [INFO] Época 9/30, Batch 1400/3348, Loss: 0.0004
2025-09-28 23:52:42,193 [INFO] Época 9/30, Batch 1450/3348, Loss: 0.0005
2025-09-28 23:52:42,444 [INFO] Época 9/30, Batch 1500/3348, Loss: 0.0003
2025-09-28 23:52:42,706 [INFO] Época 9/30, Batch 1550/3348, Loss: 0.0005
2025-09-28 23:52:42,955 [INFO] Época 9/30, Batch 1600/3348, Loss: 0.0004
2025-09-28 23:52:43,206 [INFO] Época 9/30, Batch 1650/3348, Loss: 0.0004
2025-09-28 23:52:43,457 [INFO] Época 9/30, Batch 1700/3348, Loss: 0.0003
2025-09-28 23:52:43,706 [INFO] Época 9/30, Batch 1750/3348, Loss: 0.0005
2025-09-28 23:52:43,956 [INFO] Época 9/30, Batch 1800/3348, Loss: 0.0005
2025-09-28 23:52:44,207 [INFO] Época 9/30, Batch 1850/3348, Loss: 0.0005
2025-09-28 23:52:44,462 [INFO] Época 9/30, Batch 1900/3348, Loss: 0.0004
2025-09-28 23:52:44,715 [INFO] Época 9/30, Batch 1950/3348, Loss: 0.0006
2025-09-28 23:52:44,966 [INFO] Época 9/30, Batch 2000/3348, Loss: 0.0005
2025-09-28 23:52:45,218 [INFO] Época 9/30, Batch 2050/3348, Loss: 0.0003
2025-09-28 23:52:45,469 [INFO] Época 9/30, Batch 2100/3348, Loss: 0.0004
2025-09-28 23:52:45,721 [INFO] Época 9/30, Batch 2150/3348, Loss: 0.0004
2025-09-28 23:52:45,970 [INFO] Época 9/30, Batch 2200/3348, Loss: 0.0004
2025-09-28 23:52:46,224 [INFO] Época 9/30, Batch 2250/3348, Loss: 0.0006
2025-09-28 23:52:46,477 [INFO] Época 9/30, Batch 2300/3348, Loss: 0.0004
2025-09-28 23:52:46,729 [INFO] Época 9/30, Batch 2350/3348, Loss: 0.0005
2025-09-28 23:52:46,980 [INFO] Época 9/30, Batch 2400/3348, Loss: 0.0006
2025-09-28 23:52:47,234 [INFO] Época 9/30, Batch 2450/3348, Loss: 0.0003
2025-09-28 23:52:47,486 [INFO] Época 9/30, Batch 2500/3348, Loss: 0.0004
2025-09-28 23:52:47,752 [INFO] Época 9/30, Batch 2550/3348, Loss: 0.0004
2025-09-28 23:52:48,004 [INFO] Época 9/30, Batch 2600/3348, Loss: 0.0003
2025-09-28 23:52:48,257 [INFO] Época 9/30, Batch 2650/3348, Loss: 0.0005
2025-09-28 23:52:48,509 [INFO] Época 9/30, Batch 2700/3348, Loss: 0.0005
2025-09-28 23:52:48,762 [INFO] Época 9/30, Batch 2750/3348, Loss: 0.0005
2025-09-28 23:52:49,012 [INFO] Época 9/30, Batch 2800/3348, Loss: 0.0006
2025-09-28 23:52:49,261 [INFO] Época 9/30, Batch 2850/3348, Loss: 0.0005
2025-09-28 23:52:49,507 [INFO] Época 9/30, Batch 2900/3348, Loss: 0.0004
2025-09-28 23:52:49,757 [INFO] Época 9/30, Batch 2950/3348, Loss: 0.0004
2025-09-28 23:52:50,004 [INFO] Época 9/30, Batch 3000/3348, Loss: 0.0004
2025-09-28 23:52:50,252 [INFO] Época 9/30, Batch 3050/3348, Loss: 0.0003
2025-09-28 23:52:50,501 [INFO] Época 9/30, Batch 3100/3348, Loss: 0.0005
2025-09-28 23:52:50,750 [INFO] Época 9/30, Batch 3150/3348, Loss: 0.0004
2025-09-28 23:52:51,000 [INFO] Época 9/30, Batch 3200/3348, Loss: 0.0004
2025-09-28 23:52:51,249 [INFO] Época 9/30, Batch 3250/3348, Loss: 0.0005
2025-09-28 23:52:51,498 [INFO] Época 9/30, Batch 3300/3348, Loss: 0.0005
2025-09-28 23:52:53,200 [INFO] [9/30] Train Loss: 0.0049 | Val Loss: 0.0003 | Tempo: 18.38s
2025-09-28 23:52:53,740 [INFO] Época 10/30, Batch 50/3348, Loss: 0.0003
2025-09-28 23:52:53,989 [INFO] Época 10/30, Batch 100/3348, Loss: 0.0004
2025-09-28 23:52:54,236 [INFO] Época 10/30, Batch 150/3348, Loss: 0.0005
2025-09-28 23:52:54,482 [INFO] Época 10/30, Batch 200/3348, Loss: 0.0006
2025-09-28 23:52:54,727 [INFO] Época 10/30, Batch 250/3348, Loss: 0.0004
2025-09-28 23:52:54,973 [INFO] Época 10/30, Batch 300/3348, Loss: 0.0005
2025-09-28 23:52:55,220 [INFO] Época 10/30, Batch 350/3348, Loss: 0.0005
2025-09-28 23:52:55,466 [INFO] Época 10/30, Batch 400/3348, Loss: 0.0004
2025-09-28 23:52:55,711 [INFO] Época 10/30, Batch 450/3348, Loss: 0.0004
2025-09-28 23:52:55,953 [INFO] Época 10/30, Batch 500/3348, Loss: 0.0005
2025-09-28 23:52:56,196 [INFO] Época 10/30, Batch 550/3348, Loss: 0.0005
2025-09-28 23:52:56,437 [INFO] Época 10/30, Batch 600/3348, Loss: 0.0005
2025-09-28 23:52:56,679 [INFO] Época 10/30, Batch 650/3348, Loss: 0.0004
2025-09-28 23:52:56,922 [INFO] Época 10/30, Batch 700/3348, Loss: 0.0004
2025-09-28 23:52:57,164 [INFO] Época 10/30, Batch 750/3348, Loss: 0.0004
2025-09-28 23:52:57,404 [INFO] Época 10/30, Batch 800/3348, Loss: 0.0003
2025-09-28 23:52:57,647 [INFO] Época 10/30, Batch 850/3348, Loss: 0.0003
2025-09-28 23:52:57,889 [INFO] Época 10/30, Batch 900/3348, Loss: 0.0005
2025-09-28 23:52:58,130 [INFO] Época 10/30, Batch 950/3348, Loss: 0.0005
2025-09-28 23:52:58,372 [INFO] Época 10/30, Batch 1000/3348, Loss: 0.0004
2025-09-28 23:52:58,615 [INFO] Época 10/30, Batch 1050/3348, Loss: 0.0004
2025-09-28 23:52:58,859 [INFO] Época 10/30, Batch 1100/3348, Loss: 0.0004
2025-09-28 23:52:59,100 [INFO] Época 10/30, Batch 1150/3348, Loss: 0.0005
2025-09-28 23:52:59,342 [INFO] Época 10/30, Batch 1200/3348, Loss: 0.0007
2025-09-28 23:52:59,585 [INFO] Época 10/30, Batch 1250/3348, Loss: 0.0006
2025-09-28 23:52:59,827 [INFO] Época 10/30, Batch 1300/3348, Loss: 0.0003
2025-09-28 23:53:00,071 [INFO] Época 10/30, Batch 1350/3348, Loss: 0.0004
2025-09-28 23:53:00,316 [INFO] Época 10/30, Batch 1400/3348, Loss: 0.0003
2025-09-28 23:53:00,559 [INFO] Época 10/30, Batch 1450/3348, Loss: 0.0006
2025-09-28 23:53:00,802 [INFO] Época 10/30, Batch 1500/3348, Loss: 0.0004
2025-09-28 23:53:01,044 [INFO] Época 10/30, Batch 1550/3348, Loss: 0.0005
2025-09-28 23:53:01,287 [INFO] Época 10/30, Batch 1600/3348, Loss: 0.0006
2025-09-28 23:53:01,531 [INFO] Época 10/30, Batch 1650/3348, Loss: 0.0003
2025-09-28 23:53:01,774 [INFO] Época 10/30, Batch 1700/3348, Loss: 0.0006
2025-09-28 23:53:02,017 [INFO] Época 10/30, Batch 1750/3348, Loss: 0.0003
2025-09-28 23:53:02,260 [INFO] Época 10/30, Batch 1800/3348, Loss: 0.0004
2025-09-28 23:53:02,504 [INFO] Época 10/30, Batch 1850/3348, Loss: 0.0003
2025-09-28 23:53:02,747 [INFO] Época 10/30, Batch 1900/3348, Loss: 0.0005
2025-09-28 23:53:02,990 [INFO] Época 10/30, Batch 1950/3348, Loss: 0.0005
2025-09-28 23:53:03,233 [INFO] Época 10/30, Batch 2000/3348, Loss: 0.0004
2025-09-28 23:53:03,476 [INFO] Época 10/30, Batch 2050/3348, Loss: 0.0004
2025-09-28 23:53:03,728 [INFO] Época 10/30, Batch 2100/3348, Loss: 0.0003
2025-09-28 23:53:03,971 [INFO] Época 10/30, Batch 2150/3348, Loss: 0.0004
2025-09-28 23:53:04,215 [INFO] Época 10/30, Batch 2200/3348, Loss: 0.0005
2025-09-28 23:53:04,458 [INFO] Época 10/30, Batch 2250/3348, Loss: 0.0004
2025-09-28 23:53:04,701 [INFO] Época 10/30, Batch 2300/3348, Loss: 0.0005
2025-09-28 23:53:04,944 [INFO] Época 10/30, Batch 2350/3348, Loss: 0.0004
2025-09-28 23:53:05,186 [INFO] Época 10/30, Batch 2400/3348, Loss: 0.0005
2025-09-28 23:53:05,429 [INFO] Época 10/30, Batch 2450/3348, Loss: 0.0004
2025-09-28 23:53:05,673 [INFO] Época 10/30, Batch 2500/3348, Loss: 0.0004
2025-09-28 23:53:05,918 [INFO] Época 10/30, Batch 2550/3348, Loss: 0.0004
2025-09-28 23:53:06,161 [INFO] Época 10/30, Batch 2600/3348, Loss: 0.0004
2025-09-28 23:53:06,405 [INFO] Época 10/30, Batch 2650/3348, Loss: 0.0004
2025-09-28 23:53:06,650 [INFO] Época 10/30, Batch 2700/3348, Loss: 0.0004
2025-09-28 23:53:06,896 [INFO] Época 10/30, Batch 2750/3348, Loss: 0.0005
2025-09-28 23:53:07,145 [INFO] Época 10/30, Batch 2800/3348, Loss: 0.0004
2025-09-28 23:53:07,390 [INFO] Época 10/30, Batch 2850/3348, Loss: 0.0005
2025-09-28 23:53:07,635 [INFO] Época 10/30, Batch 2900/3348, Loss: 0.0005
2025-09-28 23:53:07,879 [INFO] Época 10/30, Batch 2950/3348, Loss: 0.0004
2025-09-28 23:53:08,125 [INFO] Época 10/30, Batch 3000/3348, Loss: 0.0004
2025-09-28 23:53:08,368 [INFO] Época 10/30, Batch 3050/3348, Loss: 0.0004
2025-09-28 23:53:08,610 [INFO] Época 10/30, Batch 3100/3348, Loss: 0.0004
2025-09-28 23:53:08,853 [INFO] Época 10/30, Batch 3150/3348, Loss: 0.0006
2025-09-28 23:53:09,096 [INFO] Época 10/30, Batch 3200/3348, Loss: 0.0003
2025-09-28 23:53:09,340 [INFO] Época 10/30, Batch 3250/3348, Loss: 0.0006
2025-09-28 23:53:09,583 [INFO] Época 10/30, Batch 3300/3348, Loss: 0.0007
2025-09-28 23:53:11,217 [INFO] [10/30] Train Loss: 0.0049 | Val Loss: 0.0004 | Tempo: 18.02s
2025-09-28 23:53:11,749 [INFO] Época 11/30, Batch 50/3348, Loss: 0.0005
2025-09-28 23:53:11,994 [INFO] Época 11/30, Batch 100/3348, Loss: 0.0004
2025-09-28 23:53:12,239 [INFO] Época 11/30, Batch 150/3348, Loss: 0.0003
2025-09-28 23:53:12,486 [INFO] Época 11/30, Batch 200/3348, Loss: 0.0004
2025-09-28 23:53:12,729 [INFO] Época 11/30, Batch 250/3348, Loss: 0.0004
2025-09-28 23:53:12,973 [INFO] Época 11/30, Batch 300/3348, Loss: 0.0005
2025-09-28 23:53:13,220 [INFO] Época 11/30, Batch 350/3348, Loss: 0.0005
2025-09-28 23:53:13,464 [INFO] Época 11/30, Batch 400/3348, Loss: 0.0004
2025-09-28 23:53:13,710 [INFO] Época 11/30, Batch 450/3348, Loss: 0.0006
2025-09-28 23:53:13,964 [INFO] Época 11/30, Batch 500/3348, Loss: 0.0004
2025-09-28 23:53:14,208 [INFO] Época 11/30, Batch 550/3348, Loss: 0.0004
2025-09-28 23:53:14,453 [INFO] Época 11/30, Batch 600/3348, Loss: 0.0004
2025-09-28 23:53:14,694 [INFO] Época 11/30, Batch 650/3348, Loss: 0.0005
2025-09-28 23:53:14,927 [INFO] Época 11/30, Batch 700/3348, Loss: 0.0006
2025-09-28 23:53:15,160 [INFO] Época 11/30, Batch 750/3348, Loss: 0.0004
2025-09-28 23:53:15,391 [INFO] Época 11/30, Batch 800/3348, Loss: 0.0003
2025-09-28 23:53:15,628 [INFO] Época 11/30, Batch 850/3348, Loss: 0.0004
2025-09-28 23:53:15,862 [INFO] Época 11/30, Batch 900/3348, Loss: 0.0005
2025-09-28 23:53:16,094 [INFO] Época 11/30, Batch 950/3348, Loss: 0.0003
2025-09-28 23:53:16,334 [INFO] Época 11/30, Batch 1000/3348, Loss: 0.0004
2025-09-28 23:53:16,569 [INFO] Época 11/30, Batch 1050/3348, Loss: 0.0007
2025-09-28 23:53:16,808 [INFO] Época 11/30, Batch 1100/3348, Loss: 0.0004
2025-09-28 23:53:17,054 [INFO] Época 11/30, Batch 1150/3348, Loss: 0.0005
2025-09-28 23:53:17,286 [INFO] Época 11/30, Batch 1200/3348, Loss: 0.0004
2025-09-28 23:53:17,520 [INFO] Época 11/30, Batch 1250/3348, Loss: 0.0029
2025-09-28 23:53:17,760 [INFO] Época 11/30, Batch 1300/3348, Loss: 0.0005
2025-09-28 23:53:18,005 [INFO] Época 11/30, Batch 1350/3348, Loss: 0.0004
2025-09-28 23:53:18,248 [INFO] Época 11/30, Batch 1400/3348, Loss: 0.0004
2025-09-28 23:53:18,491 [INFO] Época 11/30, Batch 1450/3348, Loss: 0.0004
2025-09-28 23:53:18,737 [INFO] Época 11/30, Batch 1500/3348, Loss: 0.0004
2025-09-28 23:53:18,993 [INFO] Época 11/30, Batch 1550/3348, Loss: 0.0004
2025-09-28 23:53:19,235 [INFO] Época 11/30, Batch 1600/3348, Loss: 0.0004
2025-09-28 23:53:19,478 [INFO] Época 11/30, Batch 1650/3348, Loss: 0.0004
2025-09-28 23:53:19,719 [INFO] Época 11/30, Batch 1700/3348, Loss: 0.0003
2025-09-28 23:53:19,961 [INFO] Época 11/30, Batch 1750/3348, Loss: 0.0005
2025-09-28 23:53:20,203 [INFO] Época 11/30, Batch 1800/3348, Loss: 0.0004
2025-09-28 23:53:20,445 [INFO] Época 11/30, Batch 1850/3348, Loss: 0.0005
2025-09-28 23:53:20,687 [INFO] Época 11/30, Batch 1900/3348, Loss: 0.0004
2025-09-28 23:53:20,929 [INFO] Época 11/30, Batch 1950/3348, Loss: 0.0004
2025-09-28 23:53:21,171 [INFO] Época 11/30, Batch 2000/3348, Loss: 0.0005
2025-09-28 23:53:21,413 [INFO] Época 11/30, Batch 2050/3348, Loss: 0.0004
2025-09-28 23:53:21,654 [INFO] Época 11/30, Batch 2100/3348, Loss: 0.0005
2025-09-28 23:53:21,897 [INFO] Época 11/30, Batch 2150/3348, Loss: 0.0004
2025-09-28 23:53:22,140 [INFO] Época 11/30, Batch 2200/3348, Loss: 0.0006
2025-09-28 23:53:22,381 [INFO] Época 11/30, Batch 2250/3348, Loss: 0.0005
2025-09-28 23:53:22,625 [INFO] Época 11/30, Batch 2300/3348, Loss: 0.0004
2025-09-28 23:53:22,871 [INFO] Época 11/30, Batch 2350/3348, Loss: 0.0004
2025-09-28 23:53:23,115 [INFO] Época 11/30, Batch 2400/3348, Loss: 0.0005
2025-09-28 23:53:23,359 [INFO] Época 11/30, Batch 2450/3348, Loss: 0.0004
2025-09-28 23:53:23,602 [INFO] Época 11/30, Batch 2500/3348, Loss: 0.0003
2025-09-28 23:53:23,847 [INFO] Época 11/30, Batch 2550/3348, Loss: 0.0005
2025-09-28 23:53:24,100 [INFO] Época 11/30, Batch 2600/3348, Loss: 0.0005
2025-09-28 23:53:24,342 [INFO] Época 11/30, Batch 2650/3348, Loss: 0.0003
2025-09-28 23:53:24,585 [INFO] Época 11/30, Batch 2700/3348, Loss: 0.0005
2025-09-28 23:53:24,826 [INFO] Época 11/30, Batch 2750/3348, Loss: 0.0004
2025-09-28 23:53:25,068 [INFO] Época 11/30, Batch 2800/3348, Loss: 0.0005
2025-09-28 23:53:25,307 [INFO] Época 11/30, Batch 2850/3348, Loss: 0.0003
2025-09-28 23:53:25,548 [INFO] Época 11/30, Batch 2900/3348, Loss: 0.0003
2025-09-28 23:53:25,793 [INFO] Época 11/30, Batch 2950/3348, Loss: 0.0005
2025-09-28 23:53:26,034 [INFO] Época 11/30, Batch 3000/3348, Loss: 0.0005
2025-09-28 23:53:26,279 [INFO] Época 11/30, Batch 3050/3348, Loss: 0.0003
2025-09-28 23:53:26,525 [INFO] Época 11/30, Batch 3100/3348, Loss: 0.0003
2025-09-28 23:53:26,770 [INFO] Época 11/30, Batch 3150/3348, Loss: 0.0004
2025-09-28 23:53:27,012 [INFO] Época 11/30, Batch 3200/3348, Loss: 0.0004
2025-09-28 23:53:27,254 [INFO] Época 11/30, Batch 3250/3348, Loss: 0.0004
2025-09-28 23:53:27,497 [INFO] Época 11/30, Batch 3300/3348, Loss: 0.0005
2025-09-28 23:53:29,193 [INFO] [11/30] Train Loss: 0.0049 | Val Loss: 0.0004 | Tempo: 17.98s
2025-09-28 23:53:29,763 [INFO] Época 12/30, Batch 50/3348, Loss: 0.0005
2025-09-28 23:53:30,053 [INFO] Época 12/30, Batch 100/3348, Loss: 0.0004
2025-09-28 23:53:30,323 [INFO] Época 12/30, Batch 150/3348, Loss: 0.0003
2025-09-28 23:53:30,587 [INFO] Época 12/30, Batch 200/3348, Loss: 0.0006
2025-09-28 23:53:30,851 [INFO] Época 12/30, Batch 250/3348, Loss: 0.0004
2025-09-28 23:53:31,112 [INFO] Época 12/30, Batch 300/3348, Loss: 0.0005
2025-09-28 23:53:31,362 [INFO] Época 12/30, Batch 350/3348, Loss: 0.0004
2025-09-28 23:53:31,607 [INFO] Época 12/30, Batch 400/3348, Loss: 0.0002
2025-09-28 23:53:31,851 [INFO] Época 12/30, Batch 450/3348, Loss: 0.0005
2025-09-28 23:53:32,104 [INFO] Época 12/30, Batch 500/3348, Loss: 0.0004
2025-09-28 23:53:32,367 [INFO] Época 12/30, Batch 550/3348, Loss: 0.0002
2025-09-28 23:53:32,628 [INFO] Época 12/30, Batch 600/3348, Loss: 0.0005
2025-09-28 23:53:32,873 [INFO] Época 12/30, Batch 650/3348, Loss: 0.0004
2025-09-28 23:53:33,115 [INFO] Época 12/30, Batch 700/3348, Loss: 0.0004
2025-09-28 23:53:33,356 [INFO] Época 12/30, Batch 750/3348, Loss: 0.0007
2025-09-28 23:53:33,601 [INFO] Época 12/30, Batch 800/3348, Loss: 0.0004
2025-09-28 23:53:33,843 [INFO] Época 12/30, Batch 850/3348, Loss: 0.0004
2025-09-28 23:53:34,086 [INFO] Época 12/30, Batch 900/3348, Loss: 0.0004
2025-09-28 23:53:34,326 [INFO] Época 12/30, Batch 950/3348, Loss: 0.0005
2025-09-28 23:53:34,569 [INFO] Época 12/30, Batch 1000/3348, Loss: 0.0008
2025-09-28 23:53:34,811 [INFO] Época 12/30, Batch 1050/3348, Loss: 0.0003
2025-09-28 23:53:35,053 [INFO] Época 12/30, Batch 1100/3348, Loss: 0.0004
2025-09-28 23:53:35,294 [INFO] Época 12/30, Batch 1150/3348, Loss: 0.0003
2025-09-28 23:53:35,535 [INFO] Época 12/30, Batch 1200/3348, Loss: 0.0005
2025-09-28 23:53:35,777 [INFO] Época 12/30, Batch 1250/3348, Loss: 0.0003
2025-09-28 23:53:36,028 [INFO] Época 12/30, Batch 1300/3348, Loss: 0.0003
2025-09-28 23:53:36,291 [INFO] Época 12/30, Batch 1350/3348, Loss: 0.0005
2025-09-28 23:53:36,553 [INFO] Época 12/30, Batch 1400/3348, Loss: 0.0007
2025-09-28 23:53:36,816 [INFO] Época 12/30, Batch 1450/3348, Loss: 0.0004
2025-09-28 23:53:37,079 [INFO] Época 12/30, Batch 1500/3348, Loss: 0.0004
2025-09-28 23:53:37,334 [INFO] Época 12/30, Batch 1550/3348, Loss: 0.0004
2025-09-28 23:53:37,584 [INFO] Época 12/30, Batch 1600/3348, Loss: 0.0005
2025-09-28 23:53:37,848 [INFO] Época 12/30, Batch 1650/3348, Loss: 0.0004
2025-09-28 23:53:38,111 [INFO] Época 12/30, Batch 1700/3348, Loss: 0.0007
2025-09-28 23:53:38,355 [INFO] Época 12/30, Batch 1750/3348, Loss: 0.0004
2025-09-28 23:53:38,599 [INFO] Época 12/30, Batch 1800/3348, Loss: 0.0003
2025-09-28 23:53:38,842 [INFO] Época 12/30, Batch 1850/3348, Loss: 0.0004
2025-09-28 23:53:39,084 [INFO] Época 12/30, Batch 1900/3348, Loss: 0.0004
2025-09-28 23:53:39,328 [INFO] Época 12/30, Batch 1950/3348, Loss: 0.0004
2025-09-28 23:53:39,583 [INFO] Época 12/30, Batch 2000/3348, Loss: 0.0003
2025-09-28 23:53:39,826 [INFO] Época 12/30, Batch 2050/3348, Loss: 0.0006
2025-09-28 23:53:40,071 [INFO] Época 12/30, Batch 2100/3348, Loss: 0.0006
2025-09-28 23:53:40,315 [INFO] Época 12/30, Batch 2150/3348, Loss: 0.0004
2025-09-28 23:53:40,560 [INFO] Época 12/30, Batch 2200/3348, Loss: 0.0005
2025-09-28 23:53:40,802 [INFO] Época 12/30, Batch 2250/3348, Loss: 0.0004
2025-09-28 23:53:41,047 [INFO] Época 12/30, Batch 2300/3348, Loss: 0.0005
2025-09-28 23:53:41,289 [INFO] Época 12/30, Batch 2350/3348, Loss: 0.0004
2025-09-28 23:53:41,532 [INFO] Época 12/30, Batch 2400/3348, Loss: 0.0004
2025-09-28 23:53:41,777 [INFO] Época 12/30, Batch 2450/3348, Loss: 0.0005
2025-09-28 23:53:42,019 [INFO] Época 12/30, Batch 2500/3348, Loss: 0.0004
2025-09-28 23:53:42,264 [INFO] Época 12/30, Batch 2550/3348, Loss: 0.0006
2025-09-28 23:53:42,506 [INFO] Época 12/30, Batch 2600/3348, Loss: 0.0004
2025-09-28 23:53:42,751 [INFO] Época 12/30, Batch 2650/3348, Loss: 0.0006
2025-09-28 23:53:42,996 [INFO] Época 12/30, Batch 2700/3348, Loss: 0.0005
2025-09-28 23:53:43,239 [INFO] Época 12/30, Batch 2750/3348, Loss: 0.0004
2025-09-28 23:53:43,485 [INFO] Época 12/30, Batch 2800/3348, Loss: 0.0006
2025-09-28 23:53:43,731 [INFO] Época 12/30, Batch 2850/3348, Loss: 0.0004
2025-09-28 23:53:43,974 [INFO] Época 12/30, Batch 2900/3348, Loss: 0.0005
2025-09-28 23:53:44,217 [INFO] Época 12/30, Batch 2950/3348, Loss: 0.0009
2025-09-28 23:53:44,460 [INFO] Época 12/30, Batch 3000/3348, Loss: 0.0007
2025-09-28 23:53:44,714 [INFO] Época 12/30, Batch 3050/3348, Loss: 0.0005
2025-09-28 23:53:44,959 [INFO] Época 12/30, Batch 3100/3348, Loss: 0.0005
2025-09-28 23:53:45,204 [INFO] Época 12/30, Batch 3150/3348, Loss: 0.0003
2025-09-28 23:53:45,448 [INFO] Época 12/30, Batch 3200/3348, Loss: 0.0006
2025-09-28 23:53:45,690 [INFO] Época 12/30, Batch 3250/3348, Loss: 0.0003
2025-09-28 23:53:45,933 [INFO] Época 12/30, Batch 3300/3348, Loss: 0.0003
2025-09-28 23:53:47,634 [INFO] [12/30] Train Loss: 0.0049 | Val Loss: 0.0003 | Tempo: 18.43s
2025-09-28 23:53:48,173 [INFO] Época 13/30, Batch 50/3348, Loss: 0.0004
2025-09-28 23:53:48,419 [INFO] Época 13/30, Batch 100/3348, Loss: 0.0004
2025-09-28 23:53:48,665 [INFO] Época 13/30, Batch 150/3348, Loss: 0.0004
2025-09-28 23:53:48,911 [INFO] Época 13/30, Batch 200/3348, Loss: 0.0005
2025-09-28 23:53:49,156 [INFO] Época 13/30, Batch 250/3348, Loss: 0.0005
2025-09-28 23:53:49,401 [INFO] Época 13/30, Batch 300/3348, Loss: 0.0005
2025-09-28 23:53:49,646 [INFO] Época 13/30, Batch 350/3348, Loss: 0.0004
2025-09-28 23:53:49,893 [INFO] Época 13/30, Batch 400/3348, Loss: 0.0007
2025-09-28 23:53:50,138 [INFO] Época 13/30, Batch 450/3348, Loss: 0.0004
2025-09-28 23:53:50,381 [INFO] Época 13/30, Batch 500/3348, Loss: 0.0004
2025-09-28 23:53:50,627 [INFO] Época 13/30, Batch 550/3348, Loss: 0.0007
2025-09-28 23:53:50,871 [INFO] Época 13/30, Batch 600/3348, Loss: 0.0004
2025-09-28 23:53:51,114 [INFO] Época 13/30, Batch 650/3348, Loss: 0.0005
2025-09-28 23:53:51,357 [INFO] Época 13/30, Batch 700/3348, Loss: 0.0005
2025-09-28 23:53:51,601 [INFO] Época 13/30, Batch 750/3348, Loss: 0.0004
2025-09-28 23:53:51,844 [INFO] Época 13/30, Batch 800/3348, Loss: 0.0005
2025-09-28 23:53:52,087 [INFO] Época 13/30, Batch 850/3348, Loss: 0.0005
2025-09-28 23:53:52,328 [INFO] Época 13/30, Batch 900/3348, Loss: 0.0003
2025-09-28 23:53:52,570 [INFO] Época 13/30, Batch 950/3348, Loss: 0.0004
2025-09-28 23:53:52,813 [INFO] Época 13/30, Batch 1000/3348, Loss: 0.0004
2025-09-28 23:53:53,057 [INFO] Época 13/30, Batch 1050/3348, Loss: 0.0004
2025-09-28 23:53:53,301 [INFO] Época 13/30, Batch 1100/3348, Loss: 0.0005
2025-09-28 23:53:53,543 [INFO] Época 13/30, Batch 1150/3348, Loss: 0.0005
2025-09-28 23:53:53,786 [INFO] Época 13/30, Batch 1200/3348, Loss: 0.0005
2025-09-28 23:53:54,029 [INFO] Época 13/30, Batch 1250/3348, Loss: 0.0005
2025-09-28 23:53:54,273 [INFO] Época 13/30, Batch 1300/3348, Loss: 0.0004
2025-09-28 23:53:54,514 [INFO] Época 13/30, Batch 1350/3348, Loss: 0.0005
2025-09-28 23:53:54,756 [INFO] Época 13/30, Batch 1400/3348, Loss: 0.0004
2025-09-28 23:53:55,008 [INFO] Época 13/30, Batch 1450/3348, Loss: 0.0005
2025-09-28 23:53:55,252 [INFO] Época 13/30, Batch 1500/3348, Loss: 0.0005
2025-09-28 23:53:55,496 [INFO] Época 13/30, Batch 1550/3348, Loss: 0.0004
2025-09-28 23:53:55,742 [INFO] Época 13/30, Batch 1600/3348, Loss: 0.0004
2025-09-28 23:53:55,988 [INFO] Época 13/30, Batch 1650/3348, Loss: 0.0007
2025-09-28 23:53:56,235 [INFO] Época 13/30, Batch 1700/3348, Loss: 0.0005
2025-09-28 23:53:56,479 [INFO] Época 13/30, Batch 1750/3348, Loss: 0.0004
2025-09-28 23:53:56,722 [INFO] Época 13/30, Batch 1800/3348, Loss: 0.0006
2025-09-28 23:53:56,965 [INFO] Época 13/30, Batch 1850/3348, Loss: 0.0003
2025-09-28 23:53:57,212 [INFO] Época 13/30, Batch 1900/3348, Loss: 0.0005
2025-09-28 23:53:57,457 [INFO] Época 13/30, Batch 1950/3348, Loss: 0.0003
2025-09-28 23:53:57,700 [INFO] Época 13/30, Batch 2000/3348, Loss: 0.0004
2025-09-28 23:53:57,944 [INFO] Época 13/30, Batch 2050/3348, Loss: 0.0006
2025-09-28 23:53:58,186 [INFO] Época 13/30, Batch 2100/3348, Loss: 0.0003
2025-09-28 23:53:58,429 [INFO] Época 13/30, Batch 2150/3348, Loss: 0.0005
2025-09-28 23:53:58,672 [INFO] Época 13/30, Batch 2200/3348, Loss: 0.0004
2025-09-28 23:53:58,915 [INFO] Época 13/30, Batch 2250/3348, Loss: 0.0003
2025-09-28 23:53:59,157 [INFO] Época 13/30, Batch 2300/3348, Loss: 0.0006
2025-09-28 23:53:59,399 [INFO] Época 13/30, Batch 2350/3348, Loss: 0.0006
2025-09-28 23:53:59,641 [INFO] Época 13/30, Batch 2400/3348, Loss: 0.0004
2025-09-28 23:53:59,883 [INFO] Época 13/30, Batch 2450/3348, Loss: 0.0003
2025-09-28 23:54:00,126 [INFO] Época 13/30, Batch 2500/3348, Loss: 0.0004
2025-09-28 23:54:00,368 [INFO] Época 13/30, Batch 2550/3348, Loss: 0.0004
2025-09-28 23:54:00,610 [INFO] Época 13/30, Batch 2600/3348, Loss: 0.0005
2025-09-28 23:54:00,852 [INFO] Época 13/30, Batch 2650/3348, Loss: 0.0005
2025-09-28 23:54:01,093 [INFO] Época 13/30, Batch 2700/3348, Loss: 0.0005
2025-09-28 23:54:01,334 [INFO] Época 13/30, Batch 2750/3348, Loss: 0.0005
2025-09-28 23:54:01,576 [INFO] Época 13/30, Batch 2800/3348, Loss: 0.0004
2025-09-28 23:54:01,819 [INFO] Época 13/30, Batch 2850/3348, Loss: 0.0005
2025-09-28 23:54:02,061 [INFO] Época 13/30, Batch 2900/3348, Loss: 0.0004
2025-09-28 23:54:02,302 [INFO] Época 13/30, Batch 2950/3348, Loss: 0.0005
2025-09-28 23:54:02,543 [INFO] Época 13/30, Batch 3000/3348, Loss: 0.0004
2025-09-28 23:54:02,784 [INFO] Época 13/30, Batch 3050/3348, Loss: 0.0005
2025-09-28 23:54:03,027 [INFO] Época 13/30, Batch 3100/3348, Loss: 0.0005
2025-09-28 23:54:03,270 [INFO] Época 13/30, Batch 3150/3348, Loss: 0.0004
2025-09-28 23:54:03,512 [INFO] Época 13/30, Batch 3200/3348, Loss: 0.0004
2025-09-28 23:54:03,755 [INFO] Época 13/30, Batch 3250/3348, Loss: 0.0004
2025-09-28 23:54:03,996 [INFO] Época 13/30, Batch 3300/3348, Loss: 0.0004
2025-09-28 23:54:05,783 [INFO] [13/30] Train Loss: 0.0049 | Val Loss: 0.0004 | Tempo: 18.15s
2025-09-28 23:54:06,330 [INFO] Época 14/30, Batch 50/3348, Loss: 0.0005
2025-09-28 23:54:06,581 [INFO] Época 14/30, Batch 100/3348, Loss: 0.0006
2025-09-28 23:54:06,828 [INFO] Época 14/30, Batch 150/3348, Loss: 0.0004
2025-09-28 23:54:07,075 [INFO] Época 14/30, Batch 200/3348, Loss: 0.0005
2025-09-28 23:54:07,320 [INFO] Época 14/30, Batch 250/3348, Loss: 0.0004
2025-09-28 23:54:07,564 [INFO] Época 14/30, Batch 300/3348, Loss: 0.0005
2025-09-28 23:54:07,810 [INFO] Época 14/30, Batch 350/3348, Loss: 0.0005
2025-09-28 23:54:08,054 [INFO] Época 14/30, Batch 400/3348, Loss: 0.0006
2025-09-28 23:54:08,297 [INFO] Época 14/30, Batch 450/3348, Loss: 0.0005
2025-09-28 23:54:08,541 [INFO] Época 14/30, Batch 500/3348, Loss: 0.0004
2025-09-28 23:54:08,784 [INFO] Época 14/30, Batch 550/3348, Loss: 0.0003
2025-09-28 23:54:09,029 [INFO] Época 14/30, Batch 600/3348, Loss: 0.0005
2025-09-28 23:54:09,271 [INFO] Época 14/30, Batch 650/3348, Loss: 0.0004
2025-09-28 23:54:09,513 [INFO] Época 14/30, Batch 700/3348, Loss: 0.0007
2025-09-28 23:54:09,755 [INFO] Época 14/30, Batch 750/3348, Loss: 0.0005
2025-09-28 23:54:09,999 [INFO] Época 14/30, Batch 800/3348, Loss: 0.0003
2025-09-28 23:54:10,242 [INFO] Época 14/30, Batch 850/3348, Loss: 0.0005
2025-09-28 23:54:10,478 [INFO] Época 14/30, Batch 900/3348, Loss: 0.0005
2025-09-28 23:54:10,713 [INFO] Época 14/30, Batch 950/3348, Loss: 0.0006
2025-09-28 23:54:10,951 [INFO] Época 14/30, Batch 1000/3348, Loss: 0.0004
2025-09-28 23:54:11,186 [INFO] Época 14/30, Batch 1050/3348, Loss: 0.0005
2025-09-28 23:54:11,421 [INFO] Época 14/30, Batch 1100/3348, Loss: 0.0003
2025-09-28 23:54:11,655 [INFO] Época 14/30, Batch 1150/3348, Loss: 0.0006
2025-09-28 23:54:11,891 [INFO] Época 14/30, Batch 1200/3348, Loss: 0.0004
2025-09-28 23:54:12,127 [INFO] Época 14/30, Batch 1250/3348, Loss: 0.0005
2025-09-28 23:54:12,364 [INFO] Época 14/30, Batch 1300/3348, Loss: 0.0004
2025-09-28 23:54:12,600 [INFO] Época 14/30, Batch 1350/3348, Loss: 0.0005
2025-09-28 23:54:12,840 [INFO] Época 14/30, Batch 1400/3348, Loss: 0.0004
2025-09-28 23:54:13,084 [INFO] Época 14/30, Batch 1450/3348, Loss: 0.0004
2025-09-28 23:54:13,324 [INFO] Época 14/30, Batch 1500/3348, Loss: 0.0003
2025-09-28 23:54:13,566 [INFO] Época 14/30, Batch 1550/3348, Loss: 0.0004
2025-09-28 23:54:13,810 [INFO] Época 14/30, Batch 1600/3348, Loss: 0.0003
2025-09-28 23:54:14,055 [INFO] Época 14/30, Batch 1650/3348, Loss: 0.0004
2025-09-28 23:54:14,298 [INFO] Época 14/30, Batch 1700/3348, Loss: 0.0005
2025-09-28 23:54:14,542 [INFO] Época 14/30, Batch 1750/3348, Loss: 0.0004
2025-09-28 23:54:14,785 [INFO] Época 14/30, Batch 1800/3348, Loss: 0.0003
2025-09-28 23:54:15,028 [INFO] Época 14/30, Batch 1850/3348, Loss: 0.0005
2025-09-28 23:54:15,272 [INFO] Época 14/30, Batch 1900/3348, Loss: 0.0004
2025-09-28 23:54:15,514 [INFO] Época 14/30, Batch 1950/3348, Loss: 0.0006
2025-09-28 23:54:15,757 [INFO] Época 14/30, Batch 2000/3348, Loss: 0.0006
2025-09-28 23:54:15,998 [INFO] Época 14/30, Batch 2050/3348, Loss: 0.0004
2025-09-28 23:54:16,253 [INFO] Época 14/30, Batch 2100/3348, Loss: 0.0004
2025-09-28 23:54:16,497 [INFO] Época 14/30, Batch 2150/3348, Loss: 0.0004
2025-09-28 23:54:16,740 [INFO] Época 14/30, Batch 2200/3348, Loss: 0.0004
2025-09-28 23:54:16,982 [INFO] Época 14/30, Batch 2250/3348, Loss: 0.0004
2025-09-28 23:54:17,225 [INFO] Época 14/30, Batch 2300/3348, Loss: 0.0004
2025-09-28 23:54:17,467 [INFO] Época 14/30, Batch 2350/3348, Loss: 0.0009
2025-09-28 23:54:17,711 [INFO] Época 14/30, Batch 2400/3348, Loss: 0.0004
2025-09-28 23:54:17,956 [INFO] Época 14/30, Batch 2450/3348, Loss: 0.0003
2025-09-28 23:54:18,199 [INFO] Época 14/30, Batch 2500/3348, Loss: 0.0004
2025-09-28 23:54:18,442 [INFO] Época 14/30, Batch 2550/3348, Loss: 0.0005
2025-09-28 23:54:18,685 [INFO] Época 14/30, Batch 2600/3348, Loss: 0.0003
2025-09-28 23:54:18,927 [INFO] Época 14/30, Batch 2650/3348, Loss: 0.0004
2025-09-28 23:54:19,169 [INFO] Época 14/30, Batch 2700/3348, Loss: 0.0004
2025-09-28 23:54:19,411 [INFO] Época 14/30, Batch 2750/3348, Loss: 0.0005
2025-09-28 23:54:19,656 [INFO] Época 14/30, Batch 2800/3348, Loss: 0.0003
2025-09-28 23:54:19,899 [INFO] Época 14/30, Batch 2850/3348, Loss: 0.0004
2025-09-28 23:54:20,142 [INFO] Época 14/30, Batch 2900/3348, Loss: 0.0005
2025-09-28 23:54:20,386 [INFO] Época 14/30, Batch 2950/3348, Loss: 0.0005
2025-09-28 23:54:20,629 [INFO] Época 14/30, Batch 3000/3348, Loss: 0.0005
2025-09-28 23:54:20,872 [INFO] Época 14/30, Batch 3050/3348, Loss: 0.0004
2025-09-28 23:54:21,116 [INFO] Época 14/30, Batch 3100/3348, Loss: 0.0003
2025-09-28 23:54:21,361 [INFO] Época 14/30, Batch 3150/3348, Loss: 0.0005
2025-09-28 23:54:21,605 [INFO] Época 14/30, Batch 3200/3348, Loss: 0.0006
2025-09-28 23:54:21,849 [INFO] Época 14/30, Batch 3250/3348, Loss: 0.0004
2025-09-28 23:54:22,092 [INFO] Época 14/30, Batch 3300/3348, Loss: 0.0004
2025-09-28 23:54:23,746 [INFO] [14/30] Train Loss: 0.0049 | Val Loss: 0.0005 | Tempo: 17.95s
2025-09-28 23:54:24,279 [INFO] Época 15/30, Batch 50/3348, Loss: 0.0004
2025-09-28 23:54:24,528 [INFO] Época 15/30, Batch 100/3348, Loss: 0.0004
2025-09-28 23:54:24,773 [INFO] Época 15/30, Batch 150/3348, Loss: 0.0004
2025-09-28 23:54:25,016 [INFO] Época 15/30, Batch 200/3348, Loss: 0.0004
2025-09-28 23:54:25,259 [INFO] Época 15/30, Batch 250/3348, Loss: 0.0005
2025-09-28 23:54:25,502 [INFO] Época 15/30, Batch 300/3348, Loss: 0.0003
2025-09-28 23:54:25,747 [INFO] Época 15/30, Batch 350/3348, Loss: 0.0004
2025-09-28 23:54:25,991 [INFO] Época 15/30, Batch 400/3348, Loss: 0.0005
2025-09-28 23:54:26,236 [INFO] Época 15/30, Batch 450/3348, Loss: 0.0004
2025-09-28 23:54:26,480 [INFO] Época 15/30, Batch 500/3348, Loss: 0.0003
2025-09-28 23:54:26,724 [INFO] Época 15/30, Batch 550/3348, Loss: 0.0004
2025-09-28 23:54:26,969 [INFO] Época 15/30, Batch 600/3348, Loss: 0.0005
2025-09-28 23:54:27,213 [INFO] Época 15/30, Batch 650/3348, Loss: 0.0005
2025-09-28 23:54:27,456 [INFO] Época 15/30, Batch 700/3348, Loss: 0.0003
2025-09-28 23:54:27,697 [INFO] Época 15/30, Batch 750/3348, Loss: 0.0004
2025-09-28 23:54:27,942 [INFO] Época 15/30, Batch 800/3348, Loss: 0.0005
2025-09-28 23:54:28,188 [INFO] Época 15/30, Batch 850/3348, Loss: 0.0005
2025-09-28 23:54:28,433 [INFO] Época 15/30, Batch 900/3348, Loss: 0.0006
2025-09-28 23:54:28,677 [INFO] Época 15/30, Batch 950/3348, Loss: 0.0004
2025-09-28 23:54:28,920 [INFO] Época 15/30, Batch 1000/3348, Loss: 0.0005
2025-09-28 23:54:29,163 [INFO] Época 15/30, Batch 1050/3348, Loss: 0.0005
2025-09-28 23:54:29,406 [INFO] Época 15/30, Batch 1100/3348, Loss: 0.0004
2025-09-28 23:54:29,650 [INFO] Época 15/30, Batch 1150/3348, Loss: 0.0004
2025-09-28 23:54:29,892 [INFO] Época 15/30, Batch 1200/3348, Loss: 0.0004
2025-09-28 23:54:30,136 [INFO] Época 15/30, Batch 1250/3348, Loss: 0.0005
2025-09-28 23:54:30,379 [INFO] Época 15/30, Batch 1300/3348, Loss: 0.0008
2025-09-28 23:54:30,623 [INFO] Época 15/30, Batch 1350/3348, Loss: 0.0005
2025-09-28 23:54:30,868 [INFO] Época 15/30, Batch 1400/3348, Loss: 0.0004
2025-09-28 23:54:31,110 [INFO] Época 15/30, Batch 1450/3348, Loss: 0.0003
2025-09-28 23:54:31,351 [INFO] Época 15/30, Batch 1500/3348, Loss: 0.0004
2025-09-28 23:54:31,604 [INFO] Época 15/30, Batch 1550/3348, Loss: 0.0004
2025-09-28 23:54:31,848 [INFO] Época 15/30, Batch 1600/3348, Loss: 0.0005
2025-09-28 23:54:32,092 [INFO] Época 15/30, Batch 1650/3348, Loss: 0.0004
2025-09-28 23:54:32,333 [INFO] Época 15/30, Batch 1700/3348, Loss: 0.0006
2025-09-28 23:54:32,577 [INFO] Época 15/30, Batch 1750/3348, Loss: 0.0004
2025-09-28 23:54:32,821 [INFO] Época 15/30, Batch 1800/3348, Loss: 0.0004
2025-09-28 23:54:33,064 [INFO] Época 15/30, Batch 1850/3348, Loss: 0.0004
2025-09-28 23:54:33,307 [INFO] Época 15/30, Batch 1900/3348, Loss: 0.0005
2025-09-28 23:54:33,550 [INFO] Época 15/30, Batch 1950/3348, Loss: 0.0004
2025-09-28 23:54:33,793 [INFO] Época 15/30, Batch 2000/3348, Loss: 0.0004
2025-09-28 23:54:34,038 [INFO] Época 15/30, Batch 2050/3348, Loss: 0.0003
2025-09-28 23:54:34,282 [INFO] Época 15/30, Batch 2100/3348, Loss: 0.0003
2025-09-28 23:54:34,525 [INFO] Época 15/30, Batch 2150/3348, Loss: 0.0004
2025-09-28 23:54:34,772 [INFO] Época 15/30, Batch 2200/3348, Loss: 0.0004
2025-09-28 23:54:35,016 [INFO] Época 15/30, Batch 2250/3348, Loss: 0.0004
2025-09-28 23:54:35,260 [INFO] Época 15/30, Batch 2300/3348, Loss: 0.0002
2025-09-28 23:54:35,504 [INFO] Época 15/30, Batch 2350/3348, Loss: 0.0004
2025-09-28 23:54:35,749 [INFO] Época 15/30, Batch 2400/3348, Loss: 0.0006
2025-09-28 23:54:35,997 [INFO] Época 15/30, Batch 2450/3348, Loss: 0.0003
2025-09-28 23:54:36,244 [INFO] Época 15/30, Batch 2500/3348, Loss: 0.0005
2025-09-28 23:54:36,487 [INFO] Época 15/30, Batch 2550/3348, Loss: 0.0008
2025-09-28 23:54:36,740 [INFO] Época 15/30, Batch 2600/3348, Loss: 0.0006
2025-09-28 23:54:36,984 [INFO] Época 15/30, Batch 2650/3348, Loss: 0.0008
2025-09-28 23:54:37,227 [INFO] Época 15/30, Batch 2700/3348, Loss: 0.0005
2025-09-28 23:54:37,471 [INFO] Época 15/30, Batch 2750/3348, Loss: 0.0003
2025-09-28 23:54:37,714 [INFO] Época 15/30, Batch 2800/3348, Loss: 0.0004
2025-09-28 23:54:37,959 [INFO] Época 15/30, Batch 2850/3348, Loss: 0.0004
2025-09-28 23:54:38,201 [INFO] Época 15/30, Batch 2900/3348, Loss: 0.0004
2025-09-28 23:54:38,445 [INFO] Época 15/30, Batch 2950/3348, Loss: 0.0005
2025-09-28 23:54:38,689 [INFO] Época 15/30, Batch 3000/3348, Loss: 0.0003
2025-09-28 23:54:38,934 [INFO] Época 15/30, Batch 3050/3348, Loss: 0.0004
2025-09-28 23:54:39,180 [INFO] Época 15/30, Batch 3100/3348, Loss: 0.0003
2025-09-28 23:54:39,423 [INFO] Época 15/30, Batch 3150/3348, Loss: 0.0003
2025-09-28 23:54:39,667 [INFO] Época 15/30, Batch 3200/3348, Loss: 0.0005
2025-09-28 23:54:39,910 [INFO] Época 15/30, Batch 3250/3348, Loss: 0.0004
2025-09-28 23:54:40,152 [INFO] Época 15/30, Batch 3300/3348, Loss: 0.0004
2025-09-28 23:54:41,910 [INFO] [15/30] Train Loss: 0.0049 | Val Loss: 0.0004 | Tempo: 18.16s
2025-09-28 23:54:42,455 [INFO] Época 16/30, Batch 50/3348, Loss: 0.0005
2025-09-28 23:54:42,705 [INFO] Época 16/30, Batch 100/3348, Loss: 0.0005
2025-09-28 23:54:42,948 [INFO] Época 16/30, Batch 150/3348, Loss: 0.0005
2025-09-28 23:54:43,194 [INFO] Época 16/30, Batch 200/3348, Loss: 0.0005
2025-09-28 23:54:43,439 [INFO] Época 16/30, Batch 250/3348, Loss: 0.0005
2025-09-28 23:54:43,684 [INFO] Época 16/30, Batch 300/3348, Loss: 0.0006
2025-09-28 23:54:43,929 [INFO] Época 16/30, Batch 350/3348, Loss: 0.0005
2025-09-28 23:54:44,176 [INFO] Época 16/30, Batch 400/3348, Loss: 0.0004
2025-09-28 23:54:44,421 [INFO] Época 16/30, Batch 450/3348, Loss: 0.0004
2025-09-28 23:54:44,668 [INFO] Época 16/30, Batch 500/3348, Loss: 0.0004
2025-09-28 23:54:44,913 [INFO] Época 16/30, Batch 550/3348, Loss: 0.0005
2025-09-28 23:54:45,157 [INFO] Época 16/30, Batch 600/3348, Loss: 0.0004
2025-09-28 23:54:45,405 [INFO] Época 16/30, Batch 650/3348, Loss: 0.0005
2025-09-28 23:54:45,653 [INFO] Época 16/30, Batch 700/3348, Loss: 0.0002
2025-09-28 23:54:45,896 [INFO] Época 16/30, Batch 750/3348, Loss: 0.0004
2025-09-28 23:54:46,141 [INFO] Época 16/30, Batch 800/3348, Loss: 0.0004
2025-09-28 23:54:46,386 [INFO] Época 16/30, Batch 850/3348, Loss: 0.0004
2025-09-28 23:54:46,632 [INFO] Época 16/30, Batch 900/3348, Loss: 0.0004
2025-09-28 23:54:46,878 [INFO] Época 16/30, Batch 950/3348, Loss: 0.0004
2025-09-28 23:54:47,121 [INFO] Época 16/30, Batch 1000/3348, Loss: 0.0003
2025-09-28 23:54:47,377 [INFO] Época 16/30, Batch 1050/3348, Loss: 0.0005
2025-09-28 23:54:47,621 [INFO] Época 16/30, Batch 1100/3348, Loss: 0.0004
2025-09-28 23:54:47,865 [INFO] Época 16/30, Batch 1150/3348, Loss: 0.0005
2025-09-28 23:54:48,108 [INFO] Época 16/30, Batch 1200/3348, Loss: 0.0004
2025-09-28 23:54:48,351 [INFO] Época 16/30, Batch 1250/3348, Loss: 0.0005
2025-09-28 23:54:48,596 [INFO] Época 16/30, Batch 1300/3348, Loss: 0.0006
2025-09-28 23:54:48,840 [INFO] Época 16/30, Batch 1350/3348, Loss: 0.0004
2025-09-28 23:54:49,086 [INFO] Época 16/30, Batch 1400/3348, Loss: 0.0005
2025-09-28 23:54:49,333 [INFO] Época 16/30, Batch 1450/3348, Loss: 0.0004
2025-09-28 23:54:49,581 [INFO] Época 16/30, Batch 1500/3348, Loss: 0.0004
2025-09-28 23:54:49,822 [INFO] Época 16/30, Batch 1550/3348, Loss: 0.0004
2025-09-28 23:54:50,066 [INFO] Época 16/30, Batch 1600/3348, Loss: 0.0004
2025-09-28 23:54:50,310 [INFO] Época 16/30, Batch 1650/3348, Loss: 0.0005
2025-09-28 23:54:50,555 [INFO] Época 16/30, Batch 1700/3348, Loss: 0.0005
2025-09-28 23:54:50,800 [INFO] Época 16/30, Batch 1750/3348, Loss: 0.0003
2025-09-28 23:54:51,043 [INFO] Época 16/30, Batch 1800/3348, Loss: 0.0005
2025-09-28 23:54:51,285 [INFO] Época 16/30, Batch 1850/3348, Loss: 0.0005
2025-09-28 23:54:51,529 [INFO] Época 16/30, Batch 1900/3348, Loss: 0.0004
2025-09-28 23:54:51,772 [INFO] Época 16/30, Batch 1950/3348, Loss: 0.0005
2025-09-28 23:54:52,015 [INFO] Época 16/30, Batch 2000/3348, Loss: 0.0005
2025-09-28 23:54:52,258 [INFO] Época 16/30, Batch 2050/3348, Loss: 0.0003
2025-09-28 23:54:52,506 [INFO] Época 16/30, Batch 2100/3348, Loss: 0.0005
2025-09-28 23:54:52,749 [INFO] Época 16/30, Batch 2150/3348, Loss: 0.0005
2025-09-28 23:54:52,993 [INFO] Época 16/30, Batch 2200/3348, Loss: 0.0005
2025-09-28 23:54:53,238 [INFO] Época 16/30, Batch 2250/3348, Loss: 0.0005
2025-09-28 23:54:53,483 [INFO] Época 16/30, Batch 2300/3348, Loss: 0.0006
2025-09-28 23:54:53,727 [INFO] Época 16/30, Batch 2350/3348, Loss: 0.0004
2025-09-28 23:54:53,971 [INFO] Época 16/30, Batch 2400/3348, Loss: 0.0004
2025-09-28 23:54:54,213 [INFO] Época 16/30, Batch 2450/3348, Loss: 0.0007
2025-09-28 23:54:54,458 [INFO] Época 16/30, Batch 2500/3348, Loss: 0.0003
2025-09-28 23:54:54,703 [INFO] Época 16/30, Batch 2550/3348, Loss: 0.0007
2025-09-28 23:54:54,948 [INFO] Época 16/30, Batch 2600/3348, Loss: 0.0005
2025-09-28 23:54:55,193 [INFO] Época 16/30, Batch 2650/3348, Loss: 0.0005
2025-09-28 23:54:55,438 [INFO] Época 16/30, Batch 2700/3348, Loss: 0.0003
2025-09-28 23:54:55,684 [INFO] Época 16/30, Batch 2750/3348, Loss: 0.0005
2025-09-28 23:54:55,929 [INFO] Época 16/30, Batch 2800/3348, Loss: 0.0006
2025-09-28 23:54:56,171 [INFO] Época 16/30, Batch 2850/3348, Loss: 0.0004
2025-09-28 23:54:56,416 [INFO] Época 16/30, Batch 2900/3348, Loss: 0.0007
2025-09-28 23:54:56,660 [INFO] Época 16/30, Batch 2950/3348, Loss: 0.0004
2025-09-28 23:54:56,907 [INFO] Época 16/30, Batch 3000/3348, Loss: 0.0003
2025-09-28 23:54:57,154 [INFO] Época 16/30, Batch 3050/3348, Loss: 0.0004
2025-09-28 23:54:57,399 [INFO] Época 16/30, Batch 3100/3348, Loss: 0.0004
2025-09-28 23:54:57,656 [INFO] Época 16/30, Batch 3150/3348, Loss: 0.0004
2025-09-28 23:54:57,903 [INFO] Época 16/30, Batch 3200/3348, Loss: 0.0004
2025-09-28 23:54:58,151 [INFO] Época 16/30, Batch 3250/3348, Loss: 0.0005
2025-09-28 23:54:58,396 [INFO] Época 16/30, Batch 3300/3348, Loss: 0.0005
2025-09-28 23:55:00,161 [INFO] [16/30] Train Loss: 0.0049 | Val Loss: 0.0005 | Tempo: 18.25s
2025-09-28 23:55:00,704 [INFO] Época 17/30, Batch 50/3348, Loss: 0.0005
2025-09-28 23:55:00,955 [INFO] Época 17/30, Batch 100/3348, Loss: 0.0004
2025-09-28 23:55:01,205 [INFO] Época 17/30, Batch 150/3348, Loss: 0.0004
2025-09-28 23:55:01,457 [INFO] Época 17/30, Batch 200/3348, Loss: 0.0005
2025-09-28 23:55:01,707 [INFO] Época 17/30, Batch 250/3348, Loss: 0.0004
2025-09-28 23:55:01,956 [INFO] Época 17/30, Batch 300/3348, Loss: 0.0004
2025-09-28 23:55:02,204 [INFO] Época 17/30, Batch 350/3348, Loss: 0.0005
2025-09-28 23:55:02,452 [INFO] Época 17/30, Batch 400/3348, Loss: 0.0004
2025-09-28 23:55:02,698 [INFO] Época 17/30, Batch 450/3348, Loss: 0.0005
2025-09-28 23:55:02,944 [INFO] Época 17/30, Batch 500/3348, Loss: 0.0005
2025-09-28 23:55:03,196 [INFO] Época 17/30, Batch 550/3348, Loss: 0.0004
2025-09-28 23:55:03,444 [INFO] Época 17/30, Batch 600/3348, Loss: 0.0007
2025-09-28 23:55:03,693 [INFO] Época 17/30, Batch 650/3348, Loss: 0.0004
2025-09-28 23:55:03,944 [INFO] Época 17/30, Batch 700/3348, Loss: 0.0005
2025-09-28 23:55:04,194 [INFO] Época 17/30, Batch 750/3348, Loss: 0.0005
2025-09-28 23:55:04,441 [INFO] Época 17/30, Batch 800/3348, Loss: 0.0005
2025-09-28 23:55:04,687 [INFO] Época 17/30, Batch 850/3348, Loss: 0.0004
2025-09-28 23:55:04,934 [INFO] Época 17/30, Batch 900/3348, Loss: 0.0003
2025-09-28 23:55:05,179 [INFO] Época 17/30, Batch 950/3348, Loss: 0.0003
2025-09-28 23:55:05,426 [INFO] Época 17/30, Batch 1000/3348, Loss: 0.0005
2025-09-28 23:55:05,672 [INFO] Época 17/30, Batch 1050/3348, Loss: 0.0005
2025-09-28 23:55:05,919 [INFO] Época 17/30, Batch 1100/3348, Loss: 0.0006
2025-09-28 23:55:06,168 [INFO] Época 17/30, Batch 1150/3348, Loss: 0.0005
2025-09-28 23:55:06,414 [INFO] Época 17/30, Batch 1200/3348, Loss: 0.0005
2025-09-28 23:55:06,662 [INFO] Época 17/30, Batch 1250/3348, Loss: 0.0005
2025-09-28 23:55:06,906 [INFO] Época 17/30, Batch 1300/3348, Loss: 0.0005
2025-09-28 23:55:07,153 [INFO] Época 17/30, Batch 1350/3348, Loss: 0.0004
2025-09-28 23:55:07,398 [INFO] Época 17/30, Batch 1400/3348, Loss: 0.0004
2025-09-28 23:55:07,646 [INFO] Época 17/30, Batch 1450/3348, Loss: 0.0005
2025-09-28 23:55:07,903 [INFO] Época 17/30, Batch 1500/3348, Loss: 0.0004
2025-09-28 23:55:08,149 [INFO] Época 17/30, Batch 1550/3348, Loss: 0.0006
2025-09-28 23:55:08,400 [INFO] Época 17/30, Batch 1600/3348, Loss: 0.0004
2025-09-28 23:55:08,653 [INFO] Época 17/30, Batch 1650/3348, Loss: 0.0005
2025-09-28 23:55:08,902 [INFO] Época 17/30, Batch 1700/3348, Loss: 0.0004
2025-09-28 23:55:09,152 [INFO] Época 17/30, Batch 1750/3348, Loss: 0.0005
2025-09-28 23:55:09,403 [INFO] Época 17/30, Batch 1800/3348, Loss: 0.0006
2025-09-28 23:55:09,652 [INFO] Época 17/30, Batch 1850/3348, Loss: 0.0004
2025-09-28 23:55:09,899 [INFO] Época 17/30, Batch 1900/3348, Loss: 0.0007
2025-09-28 23:55:10,146 [INFO] Época 17/30, Batch 1950/3348, Loss: 0.0005
2025-09-28 23:55:10,392 [INFO] Época 17/30, Batch 2000/3348, Loss: 0.0003
2025-09-28 23:55:10,636 [INFO] Época 17/30, Batch 2050/3348, Loss: 0.0003
2025-09-28 23:55:10,881 [INFO] Época 17/30, Batch 2100/3348, Loss: 0.0004
2025-09-28 23:55:11,131 [INFO] Época 17/30, Batch 2150/3348, Loss: 0.0005
2025-09-28 23:55:11,381 [INFO] Época 17/30, Batch 2200/3348, Loss: 0.0003
2025-09-28 23:55:11,631 [INFO] Época 17/30, Batch 2250/3348, Loss: 0.0005
2025-09-28 23:55:11,886 [INFO] Época 17/30, Batch 2300/3348, Loss: 0.0004
2025-09-28 23:55:12,143 [INFO] Época 17/30, Batch 2350/3348, Loss: 0.0004
2025-09-28 23:55:12,401 [INFO] Época 17/30, Batch 2400/3348, Loss: 0.0004
2025-09-28 23:55:12,656 [INFO] Época 17/30, Batch 2450/3348, Loss: 0.0005
2025-09-28 23:55:12,923 [INFO] Época 17/30, Batch 2500/3348, Loss: 0.0004
2025-09-28 23:55:13,181 [INFO] Época 17/30, Batch 2550/3348, Loss: 0.0006
2025-09-28 23:55:13,439 [INFO] Época 17/30, Batch 2600/3348, Loss: 0.0003
2025-09-28 23:55:13,697 [INFO] Época 17/30, Batch 2650/3348, Loss: 0.0003
2025-09-28 23:55:13,958 [INFO] Época 17/30, Batch 2700/3348, Loss: 0.0004
2025-09-28 23:55:14,217 [INFO] Época 17/30, Batch 2750/3348, Loss: 0.0004
2025-09-28 23:55:14,472 [INFO] Época 17/30, Batch 2800/3348, Loss: 0.0006
2025-09-28 23:55:14,725 [INFO] Época 17/30, Batch 2850/3348, Loss: 0.0004
2025-09-28 23:55:14,976 [INFO] Época 17/30, Batch 2900/3348, Loss: 0.0004
2025-09-28 23:55:15,228 [INFO] Época 17/30, Batch 2950/3348, Loss: 0.0004
2025-09-28 23:55:15,481 [INFO] Época 17/30, Batch 3000/3348, Loss: 0.0005
2025-09-28 23:55:15,734 [INFO] Época 17/30, Batch 3050/3348, Loss: 0.0004
2025-09-28 23:55:15,984 [INFO] Época 17/30, Batch 3100/3348, Loss: 0.0003
2025-09-28 23:55:16,236 [INFO] Época 17/30, Batch 3150/3348, Loss: 0.0004
2025-09-28 23:55:16,490 [INFO] Época 17/30, Batch 3200/3348, Loss: 0.0005
2025-09-28 23:55:16,745 [INFO] Época 17/30, Batch 3250/3348, Loss: 0.0003
2025-09-28 23:55:16,999 [INFO] Época 17/30, Batch 3300/3348, Loss: 0.0006
2025-09-28 23:55:18,772 [INFO] [17/30] Train Loss: 0.0049 | Val Loss: 0.0004 | Tempo: 18.61s
2025-09-28 23:55:18,773 [INFO] Early stopping ativado após 10 épocas sem melhoria
2025-09-28 23:55:18,773 [INFO] Treinamento concluído em 312.14 segundos (5.20 minutos)
2025-09-28 23:55:18,773 [INFO] Iniciando avaliação no conjunto de teste...
2025-09-28 23:55:20,259 [INFO] Avaliação do teste concluída em 1.49 segundos
2025-09-28 23:55:20,259 [INFO] MSE no teste: 0.0000
2025-09-28 23:55:20,259 [INFO] RMSE no teste: 0.0008
2025-09-28 23:55:20,259 [INFO] MAE no teste: 0.0006
2025-09-28 23:55:20,260 [INFO] Métricas salvas em /mnt/hdd/home/jdurao/ToolBox-ChemXAI/logs/mlp_att0_EState_metrics.json
2025-09-28 23:55:20,275 [INFO] Iniciando treinamento do modelo mlp_att0_EState
2025-09-28 23:55:20,275 [INFO] Configuração: att_index=0, epochs=30, layers=[64, 32, 16], lr=0.001, batch_size=32, descriptor_type=EState
2025-09-28 23:55:20,275 [INFO] Diretório para modelos: /mnt/hdd/home/jdurao/ToolBox-ChemXAI/models
2025-09-28 23:55:20,275 [INFO] Carregando dados...
2025-09-28 23:55:20,372 [INFO] Preparando dataloaders sem ruído...
2025-09-28 23:55:21,316 [INFO] Dados carregados em 1.04 segundos
2025-09-28 23:55:21,316 [INFO] Tamanhos dos conjuntos - Treino: 107108, Validação: 13388, Teste: 13389
2025-09-28 23:55:21,316 [INFO] Usando dispositivo: cuda
2025-09-28 23:55:21,681 [INFO] Dimensão de entrada: 79, Dimensão de saída: 1
2025-09-28 23:55:21,683 [INFO] Criando modelo MLP com camadas: [64, 32, 16]
2025-09-28 23:55:21,685 [INFO] Modelo criado com 7745 parâmetros
2025-09-28 23:55:21,686 [INFO] Iniciando treinamento com 30 épocas...
2025-09-28 23:55:22,252 [INFO] Época 1/30, Batch 50/3348, Loss: 0.0061
2025-09-28 23:55:22,526 [INFO] Época 1/30, Batch 100/3348, Loss: 0.0075
2025-09-28 23:55:22,800 [INFO] Época 1/30, Batch 150/3348, Loss: 0.0041
2025-09-28 23:55:23,071 [INFO] Época 1/30, Batch 200/3348, Loss: 0.0020
2025-09-28 23:55:23,342 [INFO] Época 1/30, Batch 250/3348, Loss: 0.0018
2025-09-28 23:55:23,614 [INFO] Época 1/30, Batch 300/3348, Loss: 0.0019
2025-09-28 23:55:23,889 [INFO] Época 1/30, Batch 350/3348, Loss: 0.0015
2025-09-28 23:55:24,173 [INFO] Época 1/30, Batch 400/3348, Loss: 0.0009
2025-09-28 23:55:24,442 [INFO] Época 1/30, Batch 450/3348, Loss: 0.0014
2025-09-28 23:55:24,713 [INFO] Época 1/30, Batch 500/3348, Loss: 0.0015
2025-09-28 23:55:24,985 [INFO] Época 1/30, Batch 550/3348, Loss: 0.0010
2025-09-28 23:55:25,256 [INFO] Época 1/30, Batch 600/3348, Loss: 0.0007
2025-09-28 23:55:25,526 [INFO] Época 1/30, Batch 650/3348, Loss: 0.0008
2025-09-28 23:55:25,793 [INFO] Época 1/30, Batch 700/3348, Loss: 0.0010
2025-09-28 23:55:26,059 [INFO] Época 1/30, Batch 750/3348, Loss: 0.0005
2025-09-28 23:55:26,328 [INFO] Época 1/30, Batch 800/3348, Loss: 0.0010
2025-09-28 23:55:26,599 [INFO] Época 1/30, Batch 850/3348, Loss: 0.0008
2025-09-28 23:55:26,872 [INFO] Época 1/30, Batch 900/3348, Loss: 0.0008
2025-09-28 23:55:27,142 [INFO] Época 1/30, Batch 950/3348, Loss: 0.0024
2025-09-28 23:55:27,415 [INFO] Época 1/30, Batch 1000/3348, Loss: 0.0009
2025-09-28 23:55:27,679 [INFO] Época 1/30, Batch 1050/3348, Loss: 0.0008
2025-09-28 23:55:27,939 [INFO] Época 1/30, Batch 1100/3348, Loss: 0.0006
2025-09-28 23:55:28,202 [INFO] Época 1/30, Batch 1150/3348, Loss: 0.0005
2025-09-28 23:55:28,462 [INFO] Época 1/30, Batch 1200/3348, Loss: 0.0005
2025-09-28 23:55:28,726 [INFO] Época 1/30, Batch 1250/3348, Loss: 0.0011
2025-09-28 23:55:28,992 [INFO] Época 1/30, Batch 1300/3348, Loss: 0.0004
2025-09-28 23:55:29,257 [INFO] Época 1/30, Batch 1350/3348, Loss: 0.0006
2025-09-28 23:55:29,519 [INFO] Época 1/30, Batch 1400/3348, Loss: 0.0006
2025-09-28 23:55:29,783 [INFO] Época 1/30, Batch 1450/3348, Loss: 0.0006
2025-09-28 23:55:30,044 [INFO] Época 1/30, Batch 1500/3348, Loss: 0.0010
2025-09-28 23:55:30,306 [INFO] Época 1/30, Batch 1550/3348, Loss: 0.0011
2025-09-28 23:55:30,574 [INFO] Época 1/30, Batch 1600/3348, Loss: 0.0006
2025-09-28 23:55:30,848 [INFO] Época 1/30, Batch 1650/3348, Loss: 0.0004
2025-09-28 23:55:31,125 [INFO] Época 1/30, Batch 1700/3348, Loss: 0.0008
2025-09-28 23:55:31,399 [INFO] Época 1/30, Batch 1750/3348, Loss: 0.0009
2025-09-28 23:55:31,671 [INFO] Época 1/30, Batch 1800/3348, Loss: 0.0003
2025-09-28 23:55:31,940 [INFO] Época 1/30, Batch 1850/3348, Loss: 0.0006
2025-09-28 23:55:32,215 [INFO] Época 1/30, Batch 1900/3348, Loss: 0.0007
2025-09-28 23:55:32,491 [INFO] Época 1/30, Batch 1950/3348, Loss: 0.0009
2025-09-28 23:55:32,761 [INFO] Época 1/30, Batch 2000/3348, Loss: 0.0004
2025-09-28 23:55:33,029 [INFO] Época 1/30, Batch 2050/3348, Loss: 0.0006
2025-09-28 23:55:33,299 [INFO] Época 1/30, Batch 2100/3348, Loss: 0.0006
2025-09-28 23:55:33,562 [INFO] Época 1/30, Batch 2150/3348, Loss: 0.0005
2025-09-28 23:55:33,827 [INFO] Época 1/30, Batch 2200/3348, Loss: 0.0006
2025-09-28 23:55:34,093 [INFO] Época 1/30, Batch 2250/3348, Loss: 0.0005
2025-09-28 23:55:34,369 [INFO] Época 1/30, Batch 2300/3348, Loss: 0.0004
2025-09-28 23:55:34,635 [INFO] Época 1/30, Batch 2350/3348, Loss: 0.0004
2025-09-28 23:55:34,902 [INFO] Época 1/30, Batch 2400/3348, Loss: 0.0004
2025-09-28 23:55:35,164 [INFO] Época 1/30, Batch 2450/3348, Loss: 0.0004
2025-09-28 23:55:35,427 [INFO] Época 1/30, Batch 2500/3348, Loss: 0.0004
2025-09-28 23:55:35,695 [INFO] Época 1/30, Batch 2550/3348, Loss: 0.0007
2025-09-28 23:55:35,967 [INFO] Época 1/30, Batch 2600/3348, Loss: 0.0004
2025-09-28 23:55:36,241 [INFO] Época 1/30, Batch 2650/3348, Loss: 0.0005
2025-09-28 23:55:36,514 [INFO] Época 1/30, Batch 2700/3348, Loss: 0.0005
2025-09-28 23:55:36,787 [INFO] Época 1/30, Batch 2750/3348, Loss: 0.0005
2025-09-28 23:55:37,061 [INFO] Época 1/30, Batch 2800/3348, Loss: 0.0003
2025-09-28 23:55:37,337 [INFO] Época 1/30, Batch 2850/3348, Loss: 0.0005
2025-09-28 23:55:37,613 [INFO] Época 1/30, Batch 2900/3348, Loss: 0.0005
2025-09-28 23:55:37,886 [INFO] Época 1/30, Batch 2950/3348, Loss: 0.0004
2025-09-28 23:55:38,158 [INFO] Época 1/30, Batch 3000/3348, Loss: 0.0006
2025-09-28 23:55:38,427 [INFO] Época 1/30, Batch 3050/3348, Loss: 0.0006
2025-09-28 23:55:38,698 [INFO] Época 1/30, Batch 3100/3348, Loss: 0.0003
2025-09-28 23:55:38,965 [INFO] Época 1/30, Batch 3150/3348, Loss: 0.0006
2025-09-28 23:55:39,228 [INFO] Época 1/30, Batch 3200/3348, Loss: 0.0004
2025-09-28 23:55:39,496 [INFO] Época 1/30, Batch 3250/3348, Loss: 0.0005
2025-09-28 23:55:39,765 [INFO] Época 1/30, Batch 3300/3348, Loss: 0.0004
2025-09-28 23:55:41,489 [INFO] [1/30] Train Loss: 0.0057 | Val Loss: 0.0008 | Tempo: 19.80s
2025-09-28 23:55:41,493 [INFO] Melhor modelo salvo em: /mnt/hdd/home/jdurao/ToolBox-ChemXAI/models/mlp_qm9_EState_att0.pth
2025-09-28 23:55:42,053 [INFO] Época 2/30, Batch 50/3348, Loss: 0.0008
2025-09-28 23:55:42,323 [INFO] Época 2/30, Batch 100/3348, Loss: 0.0004
2025-09-28 23:55:42,588 [INFO] Época 2/30, Batch 150/3348, Loss: 0.0003
2025-09-28 23:55:42,851 [INFO] Época 2/30, Batch 200/3348, Loss: 0.0006
2025-09-28 23:55:43,109 [INFO] Época 2/30, Batch 250/3348, Loss: 0.0005
2025-09-28 23:55:43,367 [INFO] Época 2/30, Batch 300/3348, Loss: 0.0005
2025-09-28 23:55:43,628 [INFO] Época 2/30, Batch 350/3348, Loss: 0.0006
2025-09-28 23:55:43,887 [INFO] Época 2/30, Batch 400/3348, Loss: 0.0003
2025-09-28 23:55:44,150 [INFO] Época 2/30, Batch 450/3348, Loss: 0.0006
2025-09-28 23:55:44,415 [INFO] Época 2/30, Batch 500/3348, Loss: 0.0004
2025-09-28 23:55:44,690 [INFO] Época 2/30, Batch 550/3348, Loss: 0.0004
2025-09-28 23:55:44,955 [INFO] Época 2/30, Batch 600/3348, Loss: 0.0007
2025-09-28 23:55:45,217 [INFO] Época 2/30, Batch 650/3348, Loss: 0.0003
2025-09-28 23:55:45,481 [INFO] Época 2/30, Batch 700/3348, Loss: 0.0005
2025-09-28 23:55:45,748 [INFO] Época 2/30, Batch 750/3348, Loss: 0.0005
2025-09-28 23:55:46,015 [INFO] Época 2/30, Batch 800/3348, Loss: 0.0005
2025-09-28 23:55:46,284 [INFO] Época 2/30, Batch 850/3348, Loss: 0.0006
2025-09-28 23:55:46,549 [INFO] Época 2/30, Batch 900/3348, Loss: 0.0003
2025-09-28 23:55:46,814 [INFO] Época 2/30, Batch 950/3348, Loss: 0.0004
2025-09-28 23:55:47,078 [INFO] Época 2/30, Batch 1000/3348, Loss: 0.0007
2025-09-28 23:55:47,342 [INFO] Época 2/30, Batch 1050/3348, Loss: 0.0004
2025-09-28 23:55:47,602 [INFO] Época 2/30, Batch 1100/3348, Loss: 0.0004
2025-09-28 23:55:47,860 [INFO] Época 2/30, Batch 1150/3348, Loss: 0.0004
2025-09-28 23:55:48,113 [INFO] Época 2/30, Batch 1200/3348, Loss: 0.0004
2025-09-28 23:55:48,362 [INFO] Época 2/30, Batch 1250/3348, Loss: 0.0004
2025-09-28 23:55:48,621 [INFO] Época 2/30, Batch 1300/3348, Loss: 0.0003
2025-09-28 23:55:48,881 [INFO] Época 2/30, Batch 1350/3348, Loss: 0.0008
2025-09-28 23:55:49,136 [INFO] Época 2/30, Batch 1400/3348, Loss: 0.0006
2025-09-28 23:55:49,390 [INFO] Época 2/30, Batch 1450/3348, Loss: 0.0005
2025-09-28 23:55:49,654 [INFO] Época 2/30, Batch 1500/3348, Loss: 0.0005
2025-09-28 23:55:49,931 [INFO] Época 2/30, Batch 1550/3348, Loss: 0.0007
2025-09-28 23:55:50,199 [INFO] Época 2/30, Batch 1600/3348, Loss: 0.0003
2025-09-28 23:55:50,467 [INFO] Época 2/30, Batch 1650/3348, Loss: 0.0005
2025-09-28 23:55:50,731 [INFO] Época 2/30, Batch 1700/3348, Loss: 0.0006
2025-09-28 23:55:50,994 [INFO] Época 2/30, Batch 1750/3348, Loss: 0.0005
2025-09-28 23:55:51,258 [INFO] Época 2/30, Batch 1800/3348, Loss: 0.0004
2025-09-28 23:55:51,518 [INFO] Época 2/30, Batch 1850/3348, Loss: 0.0007
2025-09-28 23:55:51,779 [INFO] Época 2/30, Batch 1900/3348, Loss: 0.0005
2025-09-28 23:55:52,040 [INFO] Época 2/30, Batch 1950/3348, Loss: 0.0007
2025-09-28 23:55:52,304 [INFO] Época 2/30, Batch 2000/3348, Loss: 0.0006
2025-09-28 23:55:52,570 [INFO] Época 2/30, Batch 2050/3348, Loss: 0.0006
2025-09-28 23:55:52,836 [INFO] Época 2/30, Batch 2100/3348, Loss: 0.0004
2025-09-28 23:55:53,105 [INFO] Época 2/30, Batch 2150/3348, Loss: 0.0004
2025-09-28 23:55:53,370 [INFO] Época 2/30, Batch 2200/3348, Loss: 0.0004
2025-09-28 23:55:53,635 [INFO] Época 2/30, Batch 2250/3348, Loss: 0.0009
2025-09-28 23:55:53,901 [INFO] Época 2/30, Batch 2300/3348, Loss: 0.0004
2025-09-28 23:55:54,167 [INFO] Época 2/30, Batch 2350/3348, Loss: 0.0006
2025-09-28 23:55:54,432 [INFO] Época 2/30, Batch 2400/3348, Loss: 0.0008
2025-09-28 23:55:54,699 [INFO] Época 2/30, Batch 2450/3348, Loss: 0.0005
2025-09-28 23:55:54,977 [INFO] Época 2/30, Batch 2500/3348, Loss: 0.0005
2025-09-28 23:55:55,246 [INFO] Época 2/30, Batch 2550/3348, Loss: 0.0005
2025-09-28 23:55:55,516 [INFO] Época 2/30, Batch 2600/3348, Loss: 0.0004
2025-09-28 23:55:55,787 [INFO] Época 2/30, Batch 2650/3348, Loss: 0.0007
2025-09-28 23:55:56,056 [INFO] Época 2/30, Batch 2700/3348, Loss: 0.0005
2025-09-28 23:55:56,322 [INFO] Época 2/30, Batch 2750/3348, Loss: 0.0006
2025-09-28 23:55:56,586 [INFO] Época 2/30, Batch 2800/3348, Loss: 0.0006
2025-09-28 23:55:56,851 [INFO] Época 2/30, Batch 2850/3348, Loss: 0.0005
2025-09-28 23:55:57,114 [INFO] Época 2/30, Batch 2900/3348, Loss: 0.0004
2025-09-28 23:55:57,381 [INFO] Época 2/30, Batch 2950/3348, Loss: 0.0006
2025-09-28 23:55:57,649 [INFO] Época 2/30, Batch 3000/3348, Loss: 0.0003
2025-09-28 23:55:57,918 [INFO] Época 2/30, Batch 3050/3348, Loss: 0.0006
2025-09-28 23:55:58,187 [INFO] Época 2/30, Batch 3100/3348, Loss: 0.0005
2025-09-28 23:55:58,458 [INFO] Época 2/30, Batch 3150/3348, Loss: 0.0005
2025-09-28 23:55:58,730 [INFO] Época 2/30, Batch 3200/3348, Loss: 0.0008
2025-09-28 23:55:59,000 [INFO] Época 2/30, Batch 3250/3348, Loss: 0.0005
2025-09-28 23:55:59,266 [INFO] Época 2/30, Batch 3300/3348, Loss: 0.0006
2025-09-28 23:56:01,021 [INFO] [2/30] Train Loss: 0.0049 | Val Loss: 0.0005 | Tempo: 19.53s
2025-09-28 23:56:01,026 [INFO] Melhor modelo salvo em: /mnt/hdd/home/jdurao/ToolBox-ChemXAI/models/mlp_qm9_EState_att0.pth
2025-09-28 23:56:01,594 [INFO] Época 3/30, Batch 50/3348, Loss: 0.0004
2025-09-28 23:56:01,873 [INFO] Época 3/30, Batch 100/3348, Loss: 0.0006
2025-09-28 23:56:02,149 [INFO] Época 3/30, Batch 150/3348, Loss: 0.0007
2025-09-28 23:56:02,422 [INFO] Época 3/30, Batch 200/3348, Loss: 0.0004
2025-09-28 23:56:02,694 [INFO] Época 3/30, Batch 250/3348, Loss: 0.0006
2025-09-28 23:56:02,965 [INFO] Época 3/30, Batch 300/3348, Loss: 0.0006
2025-09-28 23:56:03,244 [INFO] Época 3/30, Batch 350/3348, Loss: 0.0003
2025-09-28 23:56:03,523 [INFO] Época 3/30, Batch 400/3348, Loss: 0.0006
2025-09-28 23:56:03,802 [INFO] Época 3/30, Batch 450/3348, Loss: 0.0004
2025-09-28 23:56:04,081 [INFO] Época 3/30, Batch 500/3348, Loss: 0.0005
2025-09-28 23:56:04,360 [INFO] Época 3/30, Batch 550/3348, Loss: 0.0005
2025-09-28 23:56:04,638 [INFO] Época 3/30, Batch 600/3348, Loss: 0.0004
2025-09-28 23:56:04,917 [INFO] Época 3/30, Batch 650/3348, Loss: 0.0004
2025-09-28 23:56:05,194 [INFO] Época 3/30, Batch 700/3348, Loss: 0.0006
2025-09-28 23:56:05,470 [INFO] Época 3/30, Batch 750/3348, Loss: 0.0004
2025-09-28 23:56:05,744 [INFO] Época 3/30, Batch 800/3348, Loss: 0.0009
2025-09-28 23:56:06,018 [INFO] Época 3/30, Batch 850/3348, Loss: 0.0004
2025-09-28 23:56:06,287 [INFO] Época 3/30, Batch 900/3348, Loss: 0.0008
2025-09-28 23:56:06,554 [INFO] Época 3/30, Batch 950/3348, Loss: 0.0006
2025-09-28 23:56:06,811 [INFO] Época 3/30, Batch 1000/3348, Loss: 0.0005
2025-09-28 23:56:07,067 [INFO] Época 3/30, Batch 1050/3348, Loss: 0.0003
2025-09-28 23:56:07,323 [INFO] Época 3/30, Batch 1100/3348, Loss: 0.0004
2025-09-28 23:56:07,582 [INFO] Época 3/30, Batch 1150/3348, Loss: 0.0005
2025-09-28 23:56:07,842 [INFO] Época 3/30, Batch 1200/3348, Loss: 0.0006
2025-09-28 23:56:08,100 [INFO] Época 3/30, Batch 1250/3348, Loss: 0.0005
2025-09-28 23:56:08,355 [INFO] Época 3/30, Batch 1300/3348, Loss: 0.0004
2025-09-28 23:56:08,612 [INFO] Época 3/30, Batch 1350/3348, Loss: 0.0006
2025-09-28 23:56:08,872 [INFO] Época 3/30, Batch 1400/3348, Loss: 0.0005
2025-09-28 23:56:09,129 [INFO] Época 3/30, Batch 1450/3348, Loss: 0.0005
2025-09-28 23:56:09,387 [INFO] Época 3/30, Batch 1500/3348, Loss: 0.0004
2025-09-28 23:56:09,657 [INFO] Época 3/30, Batch 1550/3348, Loss: 0.0007
2025-09-28 23:56:09,934 [INFO] Época 3/30, Batch 1600/3348, Loss: 0.0004
2025-09-28 23:56:10,210 [INFO] Época 3/30, Batch 1650/3348, Loss: 0.0003
2025-09-28 23:56:10,486 [INFO] Época 3/30, Batch 1700/3348, Loss: 0.0004
2025-09-28 23:56:10,760 [INFO] Época 3/30, Batch 1750/3348, Loss: 0.0007
2025-09-28 23:56:11,033 [INFO] Época 3/30, Batch 1800/3348, Loss: 0.0006
2025-09-28 23:56:11,304 [INFO] Época 3/30, Batch 1850/3348, Loss: 0.0004
2025-09-28 23:56:11,575 [INFO] Época 3/30, Batch 1900/3348, Loss: 0.0004
2025-09-28 23:56:11,838 [INFO] Época 3/30, Batch 1950/3348, Loss: 0.0006
2025-09-28 23:56:12,100 [INFO] Época 3/30, Batch 2000/3348, Loss: 0.0005
2025-09-28 23:56:12,361 [INFO] Época 3/30, Batch 2050/3348, Loss: 0.0005
2025-09-28 23:56:12,628 [INFO] Época 3/30, Batch 2100/3348, Loss: 0.0004
2025-09-28 23:56:12,898 [INFO] Época 3/30, Batch 2150/3348, Loss: 0.0005
2025-09-28 23:56:13,163 [INFO] Época 3/30, Batch 2200/3348, Loss: 0.0005
2025-09-28 23:56:13,428 [INFO] Época 3/30, Batch 2250/3348, Loss: 0.0005
2025-09-28 23:56:13,694 [INFO] Época 3/30, Batch 2300/3348, Loss: 0.0006
2025-09-28 23:56:13,966 [INFO] Época 3/30, Batch 2350/3348, Loss: 0.0006
2025-09-28 23:56:14,238 [INFO] Época 3/30, Batch 2400/3348, Loss: 0.0004
2025-09-28 23:56:14,513 [INFO] Época 3/30, Batch 2450/3348, Loss: 0.0017
2025-09-28 23:56:14,790 [INFO] Época 3/30, Batch 2500/3348, Loss: 0.0008
2025-09-28 23:56:15,063 [INFO] Época 3/30, Batch 2550/3348, Loss: 0.0003
2025-09-28 23:56:15,336 [INFO] Época 3/30, Batch 2600/3348, Loss: 0.0005
2025-09-28 23:56:15,608 [INFO] Época 3/30, Batch 2650/3348, Loss: 0.0030
2025-09-28 23:56:15,881 [INFO] Época 3/30, Batch 2700/3348, Loss: 0.0005
2025-09-28 23:56:16,153 [INFO] Época 3/30, Batch 2750/3348, Loss: 0.0004
2025-09-28 23:56:16,426 [INFO] Época 3/30, Batch 2800/3348, Loss: 0.0005
2025-09-28 23:56:16,694 [INFO] Época 3/30, Batch 2850/3348, Loss: 0.0004
2025-09-28 23:56:16,957 [INFO] Época 3/30, Batch 2900/3348, Loss: 0.0004
2025-09-28 23:56:17,220 [INFO] Época 3/30, Batch 2950/3348, Loss: 0.0005
2025-09-28 23:56:17,484 [INFO] Época 3/30, Batch 3000/3348, Loss: 0.0003
2025-09-28 23:56:17,746 [INFO] Época 3/30, Batch 3050/3348, Loss: 0.0004
2025-09-28 23:56:18,007 [INFO] Época 3/30, Batch 3100/3348, Loss: 0.0006
2025-09-28 23:56:18,268 [INFO] Época 3/30, Batch 3150/3348, Loss: 0.0004
2025-09-28 23:56:18,533 [INFO] Época 3/30, Batch 3200/3348, Loss: 0.0008
2025-09-28 23:56:18,797 [INFO] Época 3/30, Batch 3250/3348, Loss: 0.0009
2025-09-28 23:56:19,061 [INFO] Época 3/30, Batch 3300/3348, Loss: 0.0003
2025-09-28 23:56:20,853 [INFO] [3/30] Train Loss: 0.0049 | Val Loss: 0.0004 | Tempo: 19.83s
2025-09-28 23:56:20,857 [INFO] Melhor modelo salvo em: /mnt/hdd/home/jdurao/ToolBox-ChemXAI/models/mlp_qm9_EState_att0.pth
2025-09-28 23:56:21,424 [INFO] Época 4/30, Batch 50/3348, Loss: 0.0007
2025-09-28 23:56:21,697 [INFO] Época 4/30, Batch 100/3348, Loss: 0.0005
2025-09-28 23:56:21,966 [INFO] Época 4/30, Batch 150/3348, Loss: 0.0005
2025-09-28 23:56:22,233 [INFO] Época 4/30, Batch 200/3348, Loss: 0.0005
2025-09-28 23:56:22,498 [INFO] Época 4/30, Batch 250/3348, Loss: 0.0004
2025-09-28 23:56:22,762 [INFO] Época 4/30, Batch 300/3348, Loss: 0.0004
2025-09-28 23:56:23,026 [INFO] Época 4/30, Batch 350/3348, Loss: 0.0006
2025-09-28 23:56:23,290 [INFO] Época 4/30, Batch 400/3348, Loss: 0.0006
2025-09-28 23:56:23,554 [INFO] Época 4/30, Batch 450/3348, Loss: 0.0006
2025-09-28 23:56:23,813 [INFO] Época 4/30, Batch 500/3348, Loss: 0.0004
2025-09-28 23:56:24,071 [INFO] Época 4/30, Batch 550/3348, Loss: 0.0003
2025-09-28 23:56:24,330 [INFO] Época 4/30, Batch 600/3348, Loss: 0.0003
2025-09-28 23:56:24,590 [INFO] Época 4/30, Batch 650/3348, Loss: 0.0004
2025-09-28 23:56:24,852 [INFO] Época 4/30, Batch 700/3348, Loss: 0.0009
2025-09-28 23:56:25,111 [INFO] Época 4/30, Batch 750/3348, Loss: 0.0005
2025-09-28 23:56:25,369 [INFO] Época 4/30, Batch 800/3348, Loss: 0.0005
2025-09-28 23:56:25,628 [INFO] Época 4/30, Batch 850/3348, Loss: 0.0006
2025-09-28 23:56:25,887 [INFO] Época 4/30, Batch 900/3348, Loss: 0.0004
2025-09-28 23:56:26,148 [INFO] Época 4/30, Batch 950/3348, Loss: 0.0004
2025-09-28 23:56:26,408 [INFO] Época 4/30, Batch 1000/3348, Loss: 0.0006
2025-09-28 23:56:26,658 [INFO] Época 4/30, Batch 1050/3348, Loss: 0.0005
2025-09-28 23:56:26,909 [INFO] Época 4/30, Batch 1100/3348, Loss: 0.0004
2025-09-28 23:56:27,170 [INFO] Época 4/30, Batch 1150/3348, Loss: 0.0005
2025-09-28 23:56:27,424 [INFO] Época 4/30, Batch 1200/3348, Loss: 0.0005
2025-09-28 23:56:27,679 [INFO] Época 4/30, Batch 1250/3348, Loss: 0.0004
2025-09-28 23:56:27,934 [INFO] Época 4/30, Batch 1300/3348, Loss: 0.0005
2025-09-28 23:56:28,190 [INFO] Época 4/30, Batch 1350/3348, Loss: 0.0009
2025-09-28 23:56:28,447 [INFO] Época 4/30, Batch 1400/3348, Loss: 0.0004
2025-09-28 23:56:28,705 [INFO] Época 4/30, Batch 1450/3348, Loss: 0.0007
2025-09-28 23:56:28,959 [INFO] Época 4/30, Batch 1500/3348, Loss: 0.0004
2025-09-28 23:56:29,216 [INFO] Época 4/30, Batch 1550/3348, Loss: 0.0005
2025-09-28 23:56:29,472 [INFO] Época 4/30, Batch 1600/3348, Loss: 0.0005
2025-09-28 23:56:29,733 [INFO] Época 4/30, Batch 1650/3348, Loss: 0.0007
2025-09-28 23:56:29,997 [INFO] Época 4/30, Batch 1700/3348, Loss: 0.0005
2025-09-28 23:56:30,262 [INFO] Época 4/30, Batch 1750/3348, Loss: 0.0004
2025-09-28 23:56:30,519 [INFO] Época 4/30, Batch 1800/3348, Loss: 0.0005
2025-09-28 23:56:30,782 [INFO] Época 4/30, Batch 1850/3348, Loss: 0.0006
2025-09-28 23:56:31,044 [INFO] Época 4/30, Batch 1900/3348, Loss: 0.0004
2025-09-28 23:56:31,308 [INFO] Época 4/30, Batch 1950/3348, Loss: 0.0004
2025-09-28 23:56:31,571 [INFO] Época 4/30, Batch 2000/3348, Loss: 0.0004
2025-09-28 23:56:31,836 [INFO] Época 4/30, Batch 2050/3348, Loss: 0.0005
2025-09-28 23:56:32,102 [INFO] Época 4/30, Batch 2100/3348, Loss: 0.0006
2025-09-28 23:56:32,368 [INFO] Época 4/30, Batch 2150/3348, Loss: 0.0003
2025-09-28 23:56:32,632 [INFO] Época 4/30, Batch 2200/3348, Loss: 0.0005
2025-09-28 23:56:32,892 [INFO] Época 4/30, Batch 2250/3348, Loss: 0.0004
2025-09-28 23:56:33,149 [INFO] Época 4/30, Batch 2300/3348, Loss: 0.0006
2025-09-28 23:56:33,408 [INFO] Época 4/30, Batch 2350/3348, Loss: 0.0007
2025-09-28 23:56:33,666 [INFO] Época 4/30, Batch 2400/3348, Loss: 0.0004
2025-09-28 23:56:33,923 [INFO] Época 4/30, Batch 2450/3348, Loss: 0.0006
2025-09-28 23:56:34,182 [INFO] Época 4/30, Batch 2500/3348, Loss: 0.0005
2025-09-28 23:56:34,438 [INFO] Época 4/30, Batch 2550/3348, Loss: 0.0006
2025-09-28 23:56:34,696 [INFO] Época 4/30, Batch 2600/3348, Loss: 0.0003
2025-09-28 23:56:34,953 [INFO] Época 4/30, Batch 2650/3348, Loss: 0.0003
2025-09-28 23:56:35,209 [INFO] Época 4/30, Batch 2700/3348, Loss: 0.0004
2025-09-28 23:56:35,467 [INFO] Época 4/30, Batch 2750/3348, Loss: 0.0004
2025-09-28 23:56:35,727 [INFO] Época 4/30, Batch 2800/3348, Loss: 0.0004
2025-09-28 23:56:35,990 [INFO] Época 4/30, Batch 2850/3348, Loss: 0.0010
2025-09-28 23:56:36,253 [INFO] Época 4/30, Batch 2900/3348, Loss: 0.0005
2025-09-28 23:56:36,515 [INFO] Época 4/30, Batch 2950/3348, Loss: 0.0004
2025-09-28 23:56:36,780 [INFO] Época 4/30, Batch 3000/3348, Loss: 0.0005
2025-09-28 23:56:37,041 [INFO] Época 4/30, Batch 3050/3348, Loss: 0.0003
2025-09-28 23:56:37,303 [INFO] Época 4/30, Batch 3100/3348, Loss: 0.0004
2025-09-28 23:56:37,577 [INFO] Época 4/30, Batch 3150/3348, Loss: 0.0003
2025-09-28 23:56:37,840 [INFO] Época 4/30, Batch 3200/3348, Loss: 0.0004
2025-09-28 23:56:38,104 [INFO] Época 4/30, Batch 3250/3348, Loss: 0.0005
2025-09-28 23:56:38,366 [INFO] Época 4/30, Batch 3300/3348, Loss: 0.0008
2025-09-28 23:56:40,140 [INFO] [4/30] Train Loss: 0.0049 | Val Loss: 0.0003 | Tempo: 19.28s
2025-09-28 23:56:40,144 [INFO] Melhor modelo salvo em: /mnt/hdd/home/jdurao/ToolBox-ChemXAI/models/mlp_qm9_EState_att0.pth
2025-09-28 23:56:40,696 [INFO] Época 5/30, Batch 50/3348, Loss: 0.0004
2025-09-28 23:56:40,961 [INFO] Época 5/30, Batch 100/3348, Loss: 0.0004
2025-09-28 23:56:41,224 [INFO] Época 5/30, Batch 150/3348, Loss: 0.0004
2025-09-28 23:56:41,487 [INFO] Época 5/30, Batch 200/3348, Loss: 0.0004
2025-09-28 23:56:41,748 [INFO] Época 5/30, Batch 250/3348, Loss: 0.0005
2025-09-28 23:56:42,010 [INFO] Época 5/30, Batch 300/3348, Loss: 0.0005
2025-09-28 23:56:42,270 [INFO] Época 5/30, Batch 350/3348, Loss: 0.0005
2025-09-28 23:56:42,533 [INFO] Época 5/30, Batch 400/3348, Loss: 0.0003
2025-09-28 23:56:42,804 [INFO] Época 5/30, Batch 450/3348, Loss: 0.0004
2025-09-28 23:56:43,057 [INFO] Época 5/30, Batch 500/3348, Loss: 0.0007
2025-09-28 23:56:43,310 [INFO] Época 5/30, Batch 550/3348, Loss: 0.0004
2025-09-28 23:56:43,561 [INFO] Época 5/30, Batch 600/3348, Loss: 0.0004
2025-09-28 23:56:43,813 [INFO] Época 5/30, Batch 650/3348, Loss: 0.0004
2025-09-28 23:56:44,068 [INFO] Época 5/30, Batch 700/3348, Loss: 0.0004
2025-09-28 23:56:44,324 [INFO] Época 5/30, Batch 750/3348, Loss: 0.0008
2025-09-28 23:56:44,576 [INFO] Época 5/30, Batch 800/3348, Loss: 0.0005
2025-09-28 23:56:44,832 [INFO] Época 5/30, Batch 850/3348, Loss: 0.0005
2025-09-28 23:56:45,087 [INFO] Época 5/30, Batch 900/3348, Loss: 0.0005
2025-09-28 23:56:45,347 [INFO] Época 5/30, Batch 950/3348, Loss: 0.0005
2025-09-28 23:56:45,607 [INFO] Época 5/30, Batch 1000/3348, Loss: 0.0004
2025-09-28 23:56:45,867 [INFO] Época 5/30, Batch 1050/3348, Loss: 0.0003
2025-09-28 23:56:46,126 [INFO] Época 5/30, Batch 1100/3348, Loss: 0.0006
2025-09-28 23:56:46,385 [INFO] Época 5/30, Batch 1150/3348, Loss: 0.0003
2025-09-28 23:56:46,650 [INFO] Época 5/30, Batch 1200/3348, Loss: 0.0006
2025-09-28 23:56:46,917 [INFO] Época 5/30, Batch 1250/3348, Loss: 0.0006
2025-09-28 23:56:47,177 [INFO] Época 5/30, Batch 1300/3348, Loss: 0.0004
2025-09-28 23:56:47,436 [INFO] Época 5/30, Batch 1350/3348, Loss: 0.0007
2025-09-28 23:56:47,698 [INFO] Época 5/30, Batch 1400/3348, Loss: 0.0005
2025-09-28 23:56:47,963 [INFO] Época 5/30, Batch 1450/3348, Loss: 0.0006
2025-09-28 23:56:48,227 [INFO] Época 5/30, Batch 1500/3348, Loss: 0.0004
2025-09-28 23:56:48,488 [INFO] Época 5/30, Batch 1550/3348, Loss: 0.0004
2025-09-28 23:56:48,754 [INFO] Época 5/30, Batch 1600/3348, Loss: 0.0004
2025-09-28 23:56:49,018 [INFO] Época 5/30, Batch 1650/3348, Loss: 0.0015
2025-09-28 23:56:49,281 [INFO] Época 5/30, Batch 1700/3348, Loss: 0.0004
2025-09-28 23:56:49,548 [INFO] Época 5/30, Batch 1750/3348, Loss: 0.0005
2025-09-28 23:56:49,812 [INFO] Época 5/30, Batch 1800/3348, Loss: 0.0003
2025-09-28 23:56:50,073 [INFO] Época 5/30, Batch 1850/3348, Loss: 0.0004
2025-09-28 23:56:50,337 [INFO] Época 5/30, Batch 1900/3348, Loss: 0.0004
2025-09-28 23:56:50,602 [INFO] Época 5/30, Batch 1950/3348, Loss: 0.0004
2025-09-28 23:56:50,861 [INFO] Época 5/30, Batch 2000/3348, Loss: 0.0007
2025-09-28 23:56:51,118 [INFO] Época 5/30, Batch 2050/3348, Loss: 0.0005
2025-09-28 23:56:51,378 [INFO] Época 5/30, Batch 2100/3348, Loss: 0.0005
2025-09-28 23:56:51,635 [INFO] Época 5/30, Batch 2150/3348, Loss: 0.0005
2025-09-28 23:56:51,894 [INFO] Época 5/30, Batch 2200/3348, Loss: 0.0004
2025-09-28 23:56:52,157 [INFO] Época 5/30, Batch 2250/3348, Loss: 0.0005
2025-09-28 23:56:52,422 [INFO] Época 5/30, Batch 2300/3348, Loss: 0.0004
2025-09-28 23:56:52,687 [INFO] Época 5/30, Batch 2350/3348, Loss: 0.0005
2025-09-28 23:56:52,950 [INFO] Época 5/30, Batch 2400/3348, Loss: 0.0006
2025-09-28 23:56:53,224 [INFO] Época 5/30, Batch 2450/3348, Loss: 0.0004
2025-09-28 23:56:53,484 [INFO] Época 5/30, Batch 2500/3348, Loss: 0.0004
2025-09-28 23:56:53,746 [INFO] Época 5/30, Batch 2550/3348, Loss: 0.0004
2025-09-28 23:56:54,011 [INFO] Época 5/30, Batch 2600/3348, Loss: 0.0005
2025-09-28 23:56:54,277 [INFO] Época 5/30, Batch 2650/3348, Loss: 0.0006
2025-09-28 23:56:54,541 [INFO] Época 5/30, Batch 2700/3348, Loss: 0.0005
2025-09-28 23:56:54,803 [INFO] Época 5/30, Batch 2750/3348, Loss: 0.0005
2025-09-28 23:56:55,067 [INFO] Época 5/30, Batch 2800/3348, Loss: 0.0005
2025-09-28 23:56:55,325 [INFO] Época 5/30, Batch 2850/3348, Loss: 0.0006
2025-09-28 23:56:55,584 [INFO] Época 5/30, Batch 2900/3348, Loss: 0.0005
2025-09-28 23:56:55,842 [INFO] Época 5/30, Batch 2950/3348, Loss: 0.0006
2025-09-28 23:56:56,103 [INFO] Época 5/30, Batch 3000/3348, Loss: 0.0005
2025-09-28 23:56:56,365 [INFO] Época 5/30, Batch 3050/3348, Loss: 0.0005
2025-09-28 23:56:56,626 [INFO] Época 5/30, Batch 3100/3348, Loss: 0.0004
2025-09-28 23:56:56,885 [INFO] Época 5/30, Batch 3150/3348, Loss: 0.0004
2025-09-28 23:56:57,147 [INFO] Época 5/30, Batch 3200/3348, Loss: 0.0007
2025-09-28 23:56:57,414 [INFO] Época 5/30, Batch 3250/3348, Loss: 0.0006
2025-09-28 23:56:57,681 [INFO] Época 5/30, Batch 3300/3348, Loss: 0.0004
2025-09-28 23:56:59,463 [INFO] [5/30] Train Loss: 0.0049 | Val Loss: 0.0006 | Tempo: 19.32s
2025-09-28 23:57:00,012 [INFO] Época 6/30, Batch 50/3348, Loss: 0.0004
2025-09-28 23:57:00,277 [INFO] Época 6/30, Batch 100/3348, Loss: 0.0003
2025-09-28 23:57:00,536 [INFO] Época 6/30, Batch 150/3348, Loss: 0.0005
2025-09-28 23:57:00,797 [INFO] Época 6/30, Batch 200/3348, Loss: 0.0005
2025-09-28 23:57:01,057 [INFO] Época 6/30, Batch 250/3348, Loss: 0.0004
2025-09-28 23:57:01,314 [INFO] Época 6/30, Batch 300/3348, Loss: 0.0005
2025-09-28 23:57:01,572 [INFO] Época 6/30, Batch 350/3348, Loss: 0.0004
2025-09-28 23:57:01,831 [INFO] Época 6/30, Batch 400/3348, Loss: 0.0003
2025-09-28 23:57:02,088 [INFO] Época 6/30, Batch 450/3348, Loss: 0.0007
2025-09-28 23:57:02,346 [INFO] Época 6/30, Batch 500/3348, Loss: 0.0003
2025-09-28 23:57:02,602 [INFO] Época 6/30, Batch 550/3348, Loss: 0.0005
2025-09-28 23:57:02,859 [INFO] Época 6/30, Batch 600/3348, Loss: 0.0004
2025-09-28 23:57:03,117 [INFO] Época 6/30, Batch 650/3348, Loss: 0.0004
2025-09-28 23:57:03,375 [INFO] Época 6/30, Batch 700/3348, Loss: 0.0006
2025-09-28 23:57:03,634 [INFO] Época 6/30, Batch 750/3348, Loss: 0.0004
2025-09-28 23:57:03,896 [INFO] Época 6/30, Batch 800/3348, Loss: 0.0005
2025-09-28 23:57:04,157 [INFO] Época 6/30, Batch 850/3348, Loss: 0.0003
2025-09-28 23:57:04,417 [INFO] Época 6/30, Batch 900/3348, Loss: 0.0003
2025-09-28 23:57:04,679 [INFO] Época 6/30, Batch 950/3348, Loss: 0.0004
2025-09-28 23:57:04,940 [INFO] Época 6/30, Batch 1000/3348, Loss: 0.0004
2025-09-28 23:57:05,200 [INFO] Época 6/30, Batch 1050/3348, Loss: 0.0007
2025-09-28 23:57:05,462 [INFO] Época 6/30, Batch 1100/3348, Loss: 0.0004
2025-09-28 23:57:05,720 [INFO] Época 6/30, Batch 1150/3348, Loss: 0.0004
2025-09-28 23:57:05,973 [INFO] Época 6/30, Batch 1200/3348, Loss: 0.0005
2025-09-28 23:57:06,227 [INFO] Época 6/30, Batch 1250/3348, Loss: 0.0005
2025-09-28 23:57:06,485 [INFO] Época 6/30, Batch 1300/3348, Loss: 0.0003
2025-09-28 23:57:06,740 [INFO] Época 6/30, Batch 1350/3348, Loss: 0.0004
2025-09-28 23:57:06,997 [INFO] Época 6/30, Batch 1400/3348, Loss: 0.0003
2025-09-28 23:57:07,254 [INFO] Época 6/30, Batch 1450/3348, Loss: 0.0004
2025-09-28 23:57:07,515 [INFO] Época 6/30, Batch 1500/3348, Loss: 0.0052
2025-09-28 23:57:07,786 [INFO] Época 6/30, Batch 1550/3348, Loss: 0.0005
2025-09-28 23:57:08,054 [INFO] Época 6/30, Batch 1600/3348, Loss: 0.0006
2025-09-28 23:57:08,321 [INFO] Época 6/30, Batch 1650/3348, Loss: 0.0005
2025-09-28 23:57:08,588 [INFO] Época 6/30, Batch 1700/3348, Loss: 0.0007
2025-09-28 23:57:08,855 [INFO] Época 6/30, Batch 1750/3348, Loss: 0.0006
2025-09-28 23:57:09,125 [INFO] Época 6/30, Batch 1800/3348, Loss: 0.0005
2025-09-28 23:57:09,393 [INFO] Época 6/30, Batch 1850/3348, Loss: 0.0010
2025-09-28 23:57:09,656 [INFO] Época 6/30, Batch 1900/3348, Loss: 0.0004
2025-09-28 23:57:09,926 [INFO] Época 6/30, Batch 1950/3348, Loss: 0.0005
2025-09-28 23:57:10,203 [INFO] Época 6/30, Batch 2000/3348, Loss: 0.0005
2025-09-28 23:57:10,471 [INFO] Época 6/30, Batch 2050/3348, Loss: 0.0005
2025-09-28 23:57:10,735 [INFO] Época 6/30, Batch 2100/3348, Loss: 0.0005
2025-09-28 23:57:10,991 [INFO] Época 6/30, Batch 2150/3348, Loss: 0.0005
2025-09-28 23:57:11,252 [INFO] Época 6/30, Batch 2200/3348, Loss: 0.0004
2025-09-28 23:57:11,534 [INFO] Época 6/30, Batch 2250/3348, Loss: 0.0003
2025-09-28 23:57:11,799 [INFO] Época 6/30, Batch 2300/3348, Loss: 0.0003
2025-09-28 23:57:12,064 [INFO] Época 6/30, Batch 2350/3348, Loss: 0.0005
2025-09-28 23:57:12,330 [INFO] Época 6/30, Batch 2400/3348, Loss: 0.0005
2025-09-28 23:57:12,596 [INFO] Época 6/30, Batch 2450/3348, Loss: 0.0005
2025-09-28 23:57:12,861 [INFO] Época 6/30, Batch 2500/3348, Loss: 0.0008
2025-09-28 23:57:13,128 [INFO] Época 6/30, Batch 2550/3348, Loss: 0.0005
2025-09-28 23:57:13,393 [INFO] Época 6/30, Batch 2600/3348, Loss: 0.0004
2025-09-28 23:57:13,659 [INFO] Época 6/30, Batch 2650/3348, Loss: 0.0006
2025-09-28 23:57:13,926 [INFO] Época 6/30, Batch 2700/3348, Loss: 0.0005
2025-09-28 23:57:14,190 [INFO] Época 6/30, Batch 2750/3348, Loss: 0.0005
2025-09-28 23:57:14,459 [INFO] Época 6/30, Batch 2800/3348, Loss: 0.0004
2025-09-28 23:57:14,727 [INFO] Época 6/30, Batch 2850/3348, Loss: 0.0004
2025-09-28 23:57:14,994 [INFO] Época 6/30, Batch 2900/3348, Loss: 0.0003
2025-09-28 23:57:15,273 [INFO] Época 6/30, Batch 2950/3348, Loss: 0.0005
2025-09-28 23:57:15,541 [INFO] Época 6/30, Batch 3000/3348, Loss: 0.0004
2025-09-28 23:57:15,803 [INFO] Época 6/30, Batch 3050/3348, Loss: 0.0006
2025-09-28 23:57:16,061 [INFO] Época 6/30, Batch 3100/3348, Loss: 0.0005
2025-09-28 23:57:16,319 [INFO] Época 6/30, Batch 3150/3348, Loss: 0.0005
2025-09-28 23:57:16,576 [INFO] Época 6/30, Batch 3200/3348, Loss: 0.0003
2025-09-28 23:57:16,832 [INFO] Época 6/30, Batch 3250/3348, Loss: 0.0005
2025-09-28 23:57:17,088 [INFO] Época 6/30, Batch 3300/3348, Loss: 0.0005
2025-09-28 23:57:18,903 [INFO] [6/30] Train Loss: 0.0049 | Val Loss: 0.0004 | Tempo: 19.44s
2025-09-28 23:57:19,473 [INFO] Época 7/30, Batch 50/3348, Loss: 0.0007
2025-09-28 23:57:19,739 [INFO] Época 7/30, Batch 100/3348, Loss: 0.0004
2025-09-28 23:57:20,003 [INFO] Época 7/30, Batch 150/3348, Loss: 0.0004
2025-09-28 23:57:20,267 [INFO] Época 7/30, Batch 200/3348, Loss: 0.0003
2025-09-28 23:57:20,528 [INFO] Época 7/30, Batch 250/3348, Loss: 0.0003
2025-09-28 23:57:20,791 [INFO] Época 7/30, Batch 300/3348, Loss: 0.0004
2025-09-28 23:57:21,052 [INFO] Época 7/30, Batch 350/3348, Loss: 0.0004
2025-09-28 23:57:21,314 [INFO] Época 7/30, Batch 400/3348, Loss: 0.0005
2025-09-28 23:57:21,575 [INFO] Época 7/30, Batch 450/3348, Loss: 0.0004
2025-09-28 23:57:21,836 [INFO] Época 7/30, Batch 500/3348, Loss: 0.0004
2025-09-28 23:57:22,098 [INFO] Época 7/30, Batch 550/3348, Loss: 0.0005
2025-09-28 23:57:22,359 [INFO] Época 7/30, Batch 600/3348, Loss: 0.0004
2025-09-28 23:57:22,620 [INFO] Época 7/30, Batch 650/3348, Loss: 0.0005
2025-09-28 23:57:22,882 [INFO] Época 7/30, Batch 700/3348, Loss: 0.0006
2025-09-28 23:57:23,145 [INFO] Época 7/30, Batch 750/3348, Loss: 0.0005
2025-09-28 23:57:23,411 [INFO] Época 7/30, Batch 800/3348, Loss: 0.0004
2025-09-28 23:57:23,675 [INFO] Época 7/30, Batch 850/3348, Loss: 0.0005
2025-09-28 23:57:23,941 [INFO] Época 7/30, Batch 900/3348, Loss: 0.0007
2025-09-28 23:57:24,204 [INFO] Época 7/30, Batch 950/3348, Loss: 0.0004
2025-09-28 23:57:24,468 [INFO] Época 7/30, Batch 1000/3348, Loss: 0.0010
2025-09-28 23:57:24,731 [INFO] Época 7/30, Batch 1050/3348, Loss: 0.0005
2025-09-28 23:57:24,993 [INFO] Época 7/30, Batch 1100/3348, Loss: 0.0004
2025-09-28 23:57:25,255 [INFO] Época 7/30, Batch 1150/3348, Loss: 0.0005
2025-09-28 23:57:25,527 [INFO] Época 7/30, Batch 1200/3348, Loss: 0.0007
2025-09-28 23:57:25,794 [INFO] Época 7/30, Batch 1250/3348, Loss: 0.0004
2025-09-28 23:57:26,060 [INFO] Época 7/30, Batch 1300/3348, Loss: 0.0006
2025-09-28 23:57:26,326 [INFO] Época 7/30, Batch 1350/3348, Loss: 0.0006
2025-09-28 23:57:26,589 [INFO] Época 7/30, Batch 1400/3348, Loss: 0.0003
2025-09-28 23:57:26,853 [INFO] Época 7/30, Batch 1450/3348, Loss: 0.0003
2025-09-28 23:57:27,118 [INFO] Época 7/30, Batch 1500/3348, Loss: 0.0005
2025-09-28 23:57:27,383 [INFO] Época 7/30, Batch 1550/3348, Loss: 0.0004
2025-09-28 23:57:27,644 [INFO] Época 7/30, Batch 1600/3348, Loss: 0.0005
2025-09-28 23:57:27,905 [INFO] Época 7/30, Batch 1650/3348, Loss: 0.0006
2025-09-28 23:57:28,167 [INFO] Época 7/30, Batch 1700/3348, Loss: 0.0005
2025-09-28 23:57:28,433 [INFO] Época 7/30, Batch 1750/3348, Loss: 0.0007
2025-09-28 23:57:28,697 [INFO] Época 7/30, Batch 1800/3348, Loss: 0.0006
2025-09-28 23:57:28,958 [INFO] Época 7/30, Batch 1850/3348, Loss: 0.0004
2025-09-28 23:57:29,219 [INFO] Época 7/30, Batch 1900/3348, Loss: 0.0004
2025-09-28 23:57:29,481 [INFO] Época 7/30, Batch 1950/3348, Loss: 0.0004
2025-09-28 23:57:29,742 [INFO] Época 7/30, Batch 2000/3348, Loss: 0.0005
2025-09-28 23:57:30,002 [INFO] Época 7/30, Batch 2050/3348, Loss: 0.0003
2025-09-28 23:57:30,263 [INFO] Época 7/30, Batch 2100/3348, Loss: 0.0003
2025-09-28 23:57:30,527 [INFO] Época 7/30, Batch 2150/3348, Loss: 0.0005
2025-09-28 23:57:30,787 [INFO] Época 7/30, Batch 2200/3348, Loss: 0.0005
2025-09-28 23:57:31,048 [INFO] Época 7/30, Batch 2250/3348, Loss: 0.0004
2025-09-28 23:57:31,308 [INFO] Época 7/30, Batch 2300/3348, Loss: 0.0005
2025-09-28 23:57:31,571 [INFO] Época 7/30, Batch 2350/3348, Loss: 0.0006
2025-09-28 23:57:31,830 [INFO] Época 7/30, Batch 2400/3348, Loss: 0.0004
2025-09-28 23:57:32,086 [INFO] Época 7/30, Batch 2450/3348, Loss: 0.0003
2025-09-28 23:57:32,344 [INFO] Época 7/30, Batch 2500/3348, Loss: 0.0005
2025-09-28 23:57:32,602 [INFO] Época 7/30, Batch 2550/3348, Loss: 0.0007
2025-09-28 23:57:32,862 [INFO] Época 7/30, Batch 2600/3348, Loss: 0.0004
2025-09-28 23:57:33,120 [INFO] Época 7/30, Batch 2650/3348, Loss: 0.0007
2025-09-28 23:57:33,377 [INFO] Época 7/30, Batch 2700/3348, Loss: 0.0008
2025-09-28 23:57:33,635 [INFO] Época 7/30, Batch 2750/3348, Loss: 0.0004
2025-09-28 23:57:33,893 [INFO] Época 7/30, Batch 2800/3348, Loss: 0.0005
2025-09-28 23:57:34,155 [INFO] Época 7/30, Batch 2850/3348, Loss: 0.0004
2025-09-28 23:57:34,413 [INFO] Época 7/30, Batch 2900/3348, Loss: 0.0004
2025-09-28 23:57:34,671 [INFO] Época 7/30, Batch 2950/3348, Loss: 0.0005
2025-09-28 23:57:34,930 [INFO] Época 7/30, Batch 3000/3348, Loss: 0.0003
2025-09-28 23:57:35,188 [INFO] Época 7/30, Batch 3050/3348, Loss: 0.0003
2025-09-28 23:57:35,447 [INFO] Época 7/30, Batch 3100/3348, Loss: 0.0004
2025-09-28 23:57:35,709 [INFO] Época 7/30, Batch 3150/3348, Loss: 0.0004
2025-09-28 23:57:35,969 [INFO] Época 7/30, Batch 3200/3348, Loss: 0.0004
2025-09-28 23:57:36,230 [INFO] Época 7/30, Batch 3250/3348, Loss: 0.0004
2025-09-28 23:57:36,493 [INFO] Época 7/30, Batch 3300/3348, Loss: 0.0004
2025-09-28 23:57:38,225 [INFO] [7/30] Train Loss: 0.0049 | Val Loss: 0.0004 | Tempo: 19.32s
2025-09-28 23:57:38,778 [INFO] Época 8/30, Batch 50/3348, Loss: 0.0004
2025-09-28 23:57:39,043 [INFO] Época 8/30, Batch 100/3348, Loss: 0.0004
2025-09-28 23:57:39,308 [INFO] Época 8/30, Batch 150/3348, Loss: 0.0005
2025-09-28 23:57:39,572 [INFO] Época 8/30, Batch 200/3348, Loss: 0.0004
2025-09-28 23:57:39,833 [INFO] Época 8/30, Batch 250/3348, Loss: 0.0004
2025-09-28 23:57:40,095 [INFO] Época 8/30, Batch 300/3348, Loss: 0.0003
2025-09-28 23:57:40,355 [INFO] Época 8/30, Batch 350/3348, Loss: 0.0004
2025-09-28 23:57:40,620 [INFO] Época 8/30, Batch 400/3348, Loss: 0.0004
2025-09-28 23:57:40,888 [INFO] Época 8/30, Batch 450/3348, Loss: 0.0007
2025-09-28 23:57:41,159 [INFO] Época 8/30, Batch 500/3348, Loss: 0.0003
2025-09-28 23:57:41,429 [INFO] Época 8/30, Batch 550/3348, Loss: 0.0006
2025-09-28 23:57:41,701 [INFO] Época 8/30, Batch 600/3348, Loss: 0.0004
2025-09-28 23:57:41,968 [INFO] Época 8/30, Batch 650/3348, Loss: 0.0010
2025-09-28 23:57:42,226 [INFO] Época 8/30, Batch 700/3348, Loss: 0.0005
2025-09-28 23:57:42,486 [INFO] Época 8/30, Batch 750/3348, Loss: 0.0006
2025-09-28 23:57:42,749 [INFO] Época 8/30, Batch 800/3348, Loss: 0.0006
2025-09-28 23:57:43,016 [INFO] Época 8/30, Batch 850/3348, Loss: 0.0004
2025-09-28 23:57:43,282 [INFO] Época 8/30, Batch 900/3348, Loss: 0.0003
2025-09-28 23:57:43,547 [INFO] Época 8/30, Batch 950/3348, Loss: 0.0007
2025-09-28 23:57:43,813 [INFO] Época 8/30, Batch 1000/3348, Loss: 0.0004
2025-09-28 23:57:44,078 [INFO] Época 8/30, Batch 1050/3348, Loss: 0.0005
2025-09-28 23:57:44,344 [INFO] Época 8/30, Batch 1100/3348, Loss: 0.0005
2025-09-28 23:57:44,608 [INFO] Época 8/30, Batch 1150/3348, Loss: 0.0004
2025-09-28 23:57:44,874 [INFO] Época 8/30, Batch 1200/3348, Loss: 0.0004
2025-09-28 23:57:45,140 [INFO] Época 8/30, Batch 1250/3348, Loss: 0.0004
2025-09-28 23:57:45,409 [INFO] Época 8/30, Batch 1300/3348, Loss: 0.0004
2025-09-28 23:57:45,678 [INFO] Época 8/30, Batch 1350/3348, Loss: 0.0004
2025-09-28 23:57:45,956 [INFO] Época 8/30, Batch 1400/3348, Loss: 0.0005
2025-09-28 23:57:46,223 [INFO] Época 8/30, Batch 1450/3348, Loss: 0.0004
2025-09-28 23:57:46,489 [INFO] Época 8/30, Batch 1500/3348, Loss: 0.0003
2025-09-28 23:57:46,755 [INFO] Época 8/30, Batch 1550/3348, Loss: 0.0003
2025-09-28 23:57:47,024 [INFO] Época 8/30, Batch 1600/3348, Loss: 0.0004
2025-09-28 23:57:47,291 [INFO] Época 8/30, Batch 1650/3348, Loss: 0.0005
2025-09-28 23:57:47,558 [INFO] Época 8/30, Batch 1700/3348, Loss: 0.0005
2025-09-28 23:57:47,824 [INFO] Época 8/30, Batch 1750/3348, Loss: 0.0004
2025-09-28 23:57:48,092 [INFO] Época 8/30, Batch 1800/3348, Loss: 0.0004
2025-09-28 23:57:48,359 [INFO] Época 8/30, Batch 1850/3348, Loss: 0.0005
2025-09-28 23:57:48,624 [INFO] Época 8/30, Batch 1900/3348, Loss: 0.0005
2025-09-28 23:57:48,891 [INFO] Época 8/30, Batch 1950/3348, Loss: 0.0005
2025-09-28 23:57:49,158 [INFO] Época 8/30, Batch 2000/3348, Loss: 0.0003
2025-09-28 23:57:49,426 [INFO] Época 8/30, Batch 2050/3348, Loss: 0.0007
2025-09-28 23:57:49,694 [INFO] Época 8/30, Batch 2100/3348, Loss: 0.0004
2025-09-28 23:57:49,961 [INFO] Época 8/30, Batch 2150/3348, Loss: 0.0003
2025-09-28 23:57:50,232 [INFO] Época 8/30, Batch 2200/3348, Loss: 0.0005
2025-09-28 23:57:50,500 [INFO] Época 8/30, Batch 2250/3348, Loss: 0.0005
2025-09-28 23:57:50,768 [INFO] Época 8/30, Batch 2300/3348, Loss: 0.0143
2025-09-28 23:57:51,035 [INFO] Época 8/30, Batch 2350/3348, Loss: 0.0004
2025-09-28 23:57:51,301 [INFO] Época 8/30, Batch 2400/3348, Loss: 0.0006
2025-09-28 23:57:51,566 [INFO] Época 8/30, Batch 2450/3348, Loss: 0.0003
2025-09-28 23:57:51,832 [INFO] Época 8/30, Batch 2500/3348, Loss: 0.0005
2025-09-28 23:57:52,097 [INFO] Época 8/30, Batch 2550/3348, Loss: 0.0004
2025-09-28 23:57:52,359 [INFO] Época 8/30, Batch 2600/3348, Loss: 0.0004
2025-09-28 23:57:52,621 [INFO] Época 8/30, Batch 2650/3348, Loss: 0.0007
2025-09-28 23:57:52,881 [INFO] Época 8/30, Batch 2700/3348, Loss: 0.0004
2025-09-28 23:57:53,140 [INFO] Época 8/30, Batch 2750/3348, Loss: 0.0004
2025-09-28 23:57:53,402 [INFO] Época 8/30, Batch 2800/3348, Loss: 0.0004
2025-09-28 23:57:53,662 [INFO] Época 8/30, Batch 2850/3348, Loss: 0.0004
2025-09-28 23:57:53,924 [INFO] Época 8/30, Batch 2900/3348, Loss: 0.0005
2025-09-28 23:57:54,182 [INFO] Época 8/30, Batch 2950/3348, Loss: 0.0005
2025-09-28 23:57:54,443 [INFO] Época 8/30, Batch 3000/3348, Loss: 0.0004
2025-09-28 23:57:54,708 [INFO] Época 8/30, Batch 3050/3348, Loss: 0.0005
2025-09-28 23:57:54,970 [INFO] Época 8/30, Batch 3100/3348, Loss: 0.0004
2025-09-28 23:57:55,231 [INFO] Época 8/30, Batch 3150/3348, Loss: 0.0004
2025-09-28 23:57:55,494 [INFO] Época 8/30, Batch 3200/3348, Loss: 0.0006
2025-09-28 23:57:55,755 [INFO] Época 8/30, Batch 3250/3348, Loss: 0.0003
2025-09-28 23:57:56,016 [INFO] Época 8/30, Batch 3300/3348, Loss: 0.0005
2025-09-28 23:57:57,858 [INFO] [8/30] Train Loss: 0.0049 | Val Loss: 0.0004 | Tempo: 19.63s
2025-09-28 23:57:58,414 [INFO] Época 9/30, Batch 50/3348, Loss: 0.0004
2025-09-28 23:57:58,681 [INFO] Época 9/30, Batch 100/3348, Loss: 0.0004
2025-09-28 23:57:58,945 [INFO] Época 9/30, Batch 150/3348, Loss: 0.0004
2025-09-28 23:57:59,210 [INFO] Época 9/30, Batch 200/3348, Loss: 0.0004
2025-09-28 23:57:59,472 [INFO] Época 9/30, Batch 250/3348, Loss: 0.0005
2025-09-28 23:57:59,735 [INFO] Época 9/30, Batch 300/3348, Loss: 0.0004
2025-09-28 23:57:59,994 [INFO] Época 9/30, Batch 350/3348, Loss: 0.0004
2025-09-28 23:58:00,256 [INFO] Época 9/30, Batch 400/3348, Loss: 0.0006
2025-09-28 23:58:00,517 [INFO] Época 9/30, Batch 450/3348, Loss: 0.0003
2025-09-28 23:58:00,780 [INFO] Época 9/30, Batch 500/3348, Loss: 0.0005
2025-09-28 23:58:01,041 [INFO] Época 9/30, Batch 550/3348, Loss: 0.0004
2025-09-28 23:58:01,306 [INFO] Época 9/30, Batch 600/3348, Loss: 0.0006
2025-09-28 23:58:01,565 [INFO] Época 9/30, Batch 650/3348, Loss: 0.0004
2025-09-28 23:58:01,827 [INFO] Época 9/30, Batch 700/3348, Loss: 0.0004
2025-09-28 23:58:02,085 [INFO] Época 9/30, Batch 750/3348, Loss: 0.0005
2025-09-28 23:58:02,345 [INFO] Época 9/30, Batch 800/3348, Loss: 0.0007
2025-09-28 23:58:02,606 [INFO] Época 9/30, Batch 850/3348, Loss: 0.0005
2025-09-28 23:58:02,866 [INFO] Época 9/30, Batch 900/3348, Loss: 0.0005
2025-09-28 23:58:03,126 [INFO] Época 9/30, Batch 950/3348, Loss: 0.0005
2025-09-28 23:58:03,387 [INFO] Época 9/30, Batch 1000/3348, Loss: 0.0007
2025-09-28 23:58:03,645 [INFO] Época 9/30, Batch 1050/3348, Loss: 0.0004
2025-09-28 23:58:03,904 [INFO] Época 9/30, Batch 1100/3348, Loss: 0.0004
2025-09-28 23:58:04,165 [INFO] Época 9/30, Batch 1150/3348, Loss: 0.0005
2025-09-28 23:58:04,425 [INFO] Época 9/30, Batch 1200/3348, Loss: 0.0003
2025-09-28 23:58:04,685 [INFO] Época 9/30, Batch 1250/3348, Loss: 0.0006
2025-09-28 23:58:04,946 [INFO] Época 9/30, Batch 1300/3348, Loss: 0.0004
2025-09-28 23:58:05,205 [INFO] Época 9/30, Batch 1350/3348, Loss: 0.0003
2025-09-28 23:58:05,468 [INFO] Época 9/30, Batch 1400/3348, Loss: 0.0005
2025-09-28 23:58:05,727 [INFO] Época 9/30, Batch 1450/3348, Loss: 0.0007
2025-09-28 23:58:05,989 [INFO] Época 9/30, Batch 1500/3348, Loss: 0.0006
2025-09-28 23:58:06,249 [INFO] Época 9/30, Batch 1550/3348, Loss: 0.0006
2025-09-28 23:58:06,519 [INFO] Época 9/30, Batch 1600/3348, Loss: 0.0005
2025-09-28 23:58:06,779 [INFO] Época 9/30, Batch 1650/3348, Loss: 0.0003
2025-09-28 23:58:07,038 [INFO] Época 9/30, Batch 1700/3348, Loss: 0.0004
2025-09-28 23:58:07,299 [INFO] Época 9/30, Batch 1750/3348, Loss: 0.0006
2025-09-28 23:58:07,561 [INFO] Época 9/30, Batch 1800/3348, Loss: 0.0004
2025-09-28 23:58:07,820 [INFO] Época 9/30, Batch 1850/3348, Loss: 0.0005
2025-09-28 23:58:08,083 [INFO] Época 9/30, Batch 1900/3348, Loss: 0.0004
2025-09-28 23:58:08,345 [INFO] Época 9/30, Batch 1950/3348, Loss: 0.0003
2025-09-28 23:58:08,606 [INFO] Época 9/30, Batch 2000/3348, Loss: 0.0004
2025-09-28 23:58:08,867 [INFO] Época 9/30, Batch 2050/3348, Loss: 0.0005
2025-09-28 23:58:09,131 [INFO] Época 9/30, Batch 2100/3348, Loss: 0.0004
2025-09-28 23:58:09,395 [INFO] Época 9/30, Batch 2150/3348, Loss: 0.0003
2025-09-28 23:58:09,658 [INFO] Época 9/30, Batch 2200/3348, Loss: 0.0005
2025-09-28 23:58:09,919 [INFO] Época 9/30, Batch 2250/3348, Loss: 0.0005
2025-09-28 23:58:10,180 [INFO] Época 9/30, Batch 2300/3348, Loss: 0.0005
2025-09-28 23:58:10,443 [INFO] Época 9/30, Batch 2350/3348, Loss: 0.0004
2025-09-28 23:58:10,703 [INFO] Época 9/30, Batch 2400/3348, Loss: 0.0004
2025-09-28 23:58:10,963 [INFO] Época 9/30, Batch 2450/3348, Loss: 0.0005
2025-09-28 23:58:11,225 [INFO] Época 9/30, Batch 2500/3348, Loss: 0.0006
2025-09-28 23:58:11,486 [INFO] Época 9/30, Batch 2550/3348, Loss: 0.0003
2025-09-28 23:58:11,757 [INFO] Época 9/30, Batch 2600/3348, Loss: 0.0006
2025-09-28 23:58:12,017 [INFO] Época 9/30, Batch 2650/3348, Loss: 0.0006
2025-09-28 23:58:12,278 [INFO] Época 9/30, Batch 2700/3348, Loss: 0.0004
2025-09-28 23:58:12,538 [INFO] Época 9/30, Batch 2750/3348, Loss: 0.0004
2025-09-28 23:58:12,802 [INFO] Época 9/30, Batch 2800/3348, Loss: 0.0005
2025-09-28 23:58:13,065 [INFO] Época 9/30, Batch 2850/3348, Loss: 0.0004
2025-09-28 23:58:13,328 [INFO] Época 9/30, Batch 2900/3348, Loss: 0.0005
2025-09-28 23:58:13,589 [INFO] Época 9/30, Batch 2950/3348, Loss: 0.0032
2025-09-28 23:58:13,850 [INFO] Época 9/30, Batch 3000/3348, Loss: 0.0004
2025-09-28 23:58:14,111 [INFO] Época 9/30, Batch 3050/3348, Loss: 0.0004
2025-09-28 23:58:14,373 [INFO] Época 9/30, Batch 3100/3348, Loss: 0.0005
2025-09-28 23:58:14,636 [INFO] Época 9/30, Batch 3150/3348, Loss: 0.0003
2025-09-28 23:58:14,895 [INFO] Época 9/30, Batch 3200/3348, Loss: 0.0005
2025-09-28 23:58:15,155 [INFO] Época 9/30, Batch 3250/3348, Loss: 0.0003
2025-09-28 23:58:15,415 [INFO] Época 9/30, Batch 3300/3348, Loss: 0.0004
2025-09-28 23:58:17,120 [INFO] [9/30] Train Loss: 0.0049 | Val Loss: 0.0004 | Tempo: 19.26s
2025-09-28 23:58:17,679 [INFO] Época 10/30, Batch 50/3348, Loss: 0.0004
2025-09-28 23:58:17,942 [INFO] Época 10/30, Batch 100/3348, Loss: 0.0004
2025-09-28 23:58:18,205 [INFO] Época 10/30, Batch 150/3348, Loss: 0.0005
2025-09-28 23:58:18,466 [INFO] Época 10/30, Batch 200/3348, Loss: 0.0004
2025-09-28 23:58:18,726 [INFO] Época 10/30, Batch 250/3348, Loss: 0.0004
2025-09-28 23:58:18,986 [INFO] Época 10/30, Batch 300/3348, Loss: 0.0004
2025-09-28 23:58:19,246 [INFO] Época 10/30, Batch 350/3348, Loss: 0.0004
2025-09-28 23:58:19,506 [INFO] Época 10/30, Batch 400/3348, Loss: 0.0005
2025-09-28 23:58:19,767 [INFO] Época 10/30, Batch 450/3348, Loss: 0.0006
2025-09-28 23:58:20,027 [INFO] Época 10/30, Batch 500/3348, Loss: 0.0004
2025-09-28 23:58:20,287 [INFO] Época 10/30, Batch 550/3348, Loss: 0.0007
2025-09-28 23:58:20,547 [INFO] Época 10/30, Batch 600/3348, Loss: 0.0004
2025-09-28 23:58:20,808 [INFO] Época 10/30, Batch 650/3348, Loss: 0.0004
2025-09-28 23:58:21,072 [INFO] Época 10/30, Batch 700/3348, Loss: 4.0183
2025-09-28 23:58:21,335 [INFO] Época 10/30, Batch 750/3348, Loss: 0.0007
2025-09-28 23:58:21,598 [INFO] Época 10/30, Batch 800/3348, Loss: 0.0004
2025-09-28 23:58:21,854 [INFO] Época 10/30, Batch 850/3348, Loss: 0.0007
2025-09-28 23:58:22,108 [INFO] Época 10/30, Batch 900/3348, Loss: 0.0005
2025-09-28 23:58:22,361 [INFO] Época 10/30, Batch 950/3348, Loss: 0.0004
2025-09-28 23:58:22,614 [INFO] Época 10/30, Batch 1000/3348, Loss: 0.0005
2025-09-28 23:58:22,870 [INFO] Época 10/30, Batch 1050/3348, Loss: 0.0004
2025-09-28 23:58:23,126 [INFO] Época 10/30, Batch 1100/3348, Loss: 0.0003
2025-09-28 23:58:23,382 [INFO] Época 10/30, Batch 1150/3348, Loss: 0.0008
2025-09-28 23:58:23,633 [INFO] Época 10/30, Batch 1200/3348, Loss: 0.0005
2025-09-28 23:58:23,889 [INFO] Época 10/30, Batch 1250/3348, Loss: 0.0004
2025-09-28 23:58:24,146 [INFO] Época 10/30, Batch 1300/3348, Loss: 0.0005
2025-09-28 23:58:24,404 [INFO] Época 10/30, Batch 1350/3348, Loss: 0.0003
2025-09-28 23:58:24,664 [INFO] Época 10/30, Batch 1400/3348, Loss: 0.0004
2025-09-28 23:58:24,923 [INFO] Época 10/30, Batch 1450/3348, Loss: 0.0005
2025-09-28 23:58:25,183 [INFO] Época 10/30, Batch 1500/3348, Loss: 0.0005
2025-09-28 23:58:25,443 [INFO] Época 10/30, Batch 1550/3348, Loss: 0.0005
2025-09-28 23:58:25,701 [INFO] Época 10/30, Batch 1600/3348, Loss: 0.0005
2025-09-28 23:58:25,962 [INFO] Época 10/30, Batch 1650/3348, Loss: 0.0003
2025-09-28 23:58:26,226 [INFO] Época 10/30, Batch 1700/3348, Loss: 0.0003
2025-09-28 23:58:26,485 [INFO] Época 10/30, Batch 1750/3348, Loss: 0.0003
2025-09-28 23:58:26,743 [INFO] Época 10/30, Batch 1800/3348, Loss: 0.0005
2025-09-28 23:58:27,001 [INFO] Época 10/30, Batch 1850/3348, Loss: 0.0004
2025-09-28 23:58:27,259 [INFO] Época 10/30, Batch 1900/3348, Loss: 0.0011
2025-09-28 23:58:27,518 [INFO] Época 10/30, Batch 1950/3348, Loss: 0.0004
2025-09-28 23:58:27,776 [INFO] Época 10/30, Batch 2000/3348, Loss: 0.0004
2025-09-28 23:58:28,034 [INFO] Época 10/30, Batch 2050/3348, Loss: 0.0005
2025-09-28 23:58:28,292 [INFO] Época 10/30, Batch 2100/3348, Loss: 0.0004
2025-09-28 23:58:28,549 [INFO] Época 10/30, Batch 2150/3348, Loss: 0.0005
2025-09-28 23:58:28,808 [INFO] Época 10/30, Batch 2200/3348, Loss: 0.0008
2025-09-28 23:58:29,067 [INFO] Época 10/30, Batch 2250/3348, Loss: 0.0004
2025-09-28 23:58:29,325 [INFO] Época 10/30, Batch 2300/3348, Loss: 0.0005
2025-09-28 23:58:29,583 [INFO] Época 10/30, Batch 2350/3348, Loss: 0.0004
2025-09-28 23:58:29,841 [INFO] Época 10/30, Batch 2400/3348, Loss: 0.0004
2025-09-28 23:58:30,098 [INFO] Época 10/30, Batch 2450/3348, Loss: 0.0003
2025-09-28 23:58:30,352 [INFO] Época 10/30, Batch 2500/3348, Loss: 0.0004
2025-09-28 23:58:30,606 [INFO] Época 10/30, Batch 2550/3348, Loss: 0.0005
2025-09-28 23:58:30,860 [INFO] Época 10/30, Batch 2600/3348, Loss: 0.0006
2025-09-28 23:58:31,113 [INFO] Época 10/30, Batch 2650/3348, Loss: 0.0006
2025-09-28 23:58:31,370 [INFO] Época 10/30, Batch 2700/3348, Loss: 0.0004
2025-09-28 23:58:31,629 [INFO] Época 10/30, Batch 2750/3348, Loss: 0.0002
2025-09-28 23:58:31,887 [INFO] Época 10/30, Batch 2800/3348, Loss: 0.0006
2025-09-28 23:58:32,146 [INFO] Época 10/30, Batch 2850/3348, Loss: 0.0005
2025-09-28 23:58:32,406 [INFO] Época 10/30, Batch 2900/3348, Loss: 0.0004
2025-09-28 23:58:32,665 [INFO] Época 10/30, Batch 2950/3348, Loss: 0.0005
2025-09-28 23:58:32,923 [INFO] Época 10/30, Batch 3000/3348, Loss: 0.0005
2025-09-28 23:58:33,181 [INFO] Época 10/30, Batch 3050/3348, Loss: 0.0008
2025-09-28 23:58:33,439 [INFO] Época 10/30, Batch 3100/3348, Loss: 0.0004
2025-09-28 23:58:33,694 [INFO] Época 10/30, Batch 3150/3348, Loss: 0.0005
2025-09-28 23:58:33,955 [INFO] Época 10/30, Batch 3200/3348, Loss: 0.0004
2025-09-28 23:58:34,213 [INFO] Época 10/30, Batch 3250/3348, Loss: 0.0004
2025-09-28 23:58:34,472 [INFO] Época 10/30, Batch 3300/3348, Loss: 0.0007
2025-09-28 23:58:36,301 [INFO] [10/30] Train Loss: 0.0049 | Val Loss: 0.0004 | Tempo: 19.18s
2025-09-28 23:58:36,865 [INFO] Época 11/30, Batch 50/3348, Loss: 0.0007
2025-09-28 23:58:37,153 [INFO] Época 11/30, Batch 100/3348, Loss: 0.0006
2025-09-28 23:58:37,440 [INFO] Época 11/30, Batch 150/3348, Loss: 0.0008
2025-09-28 23:58:37,725 [INFO] Época 11/30, Batch 200/3348, Loss: 0.0006
2025-09-28 23:58:38,008 [INFO] Época 11/30, Batch 250/3348, Loss: 0.0005
2025-09-28 23:58:38,289 [INFO] Época 11/30, Batch 300/3348, Loss: 0.0004
2025-09-28 23:58:38,570 [INFO] Época 11/30, Batch 350/3348, Loss: 0.0005
2025-09-28 23:58:38,853 [INFO] Época 11/30, Batch 400/3348, Loss: 0.0005
2025-09-28 23:58:39,136 [INFO] Época 11/30, Batch 450/3348, Loss: 0.0005
2025-09-28 23:58:39,417 [INFO] Época 11/30, Batch 500/3348, Loss: 0.0005
2025-09-28 23:58:39,696 [INFO] Época 11/30, Batch 550/3348, Loss: 0.0005
2025-09-28 23:58:39,975 [INFO] Época 11/30, Batch 600/3348, Loss: 0.0004
2025-09-28 23:58:40,254 [INFO] Época 11/30, Batch 650/3348, Loss: 0.0003
2025-09-28 23:58:40,535 [INFO] Época 11/30, Batch 700/3348, Loss: 0.0004
2025-09-28 23:58:40,817 [INFO] Época 11/30, Batch 750/3348, Loss: 0.0004
2025-09-28 23:58:41,097 [INFO] Época 11/30, Batch 800/3348, Loss: 0.0006
2025-09-28 23:58:41,377 [INFO] Época 11/30, Batch 850/3348, Loss: 0.0005
2025-09-28 23:58:41,658 [INFO] Época 11/30, Batch 900/3348, Loss: 0.0003
2025-09-28 23:58:41,940 [INFO] Época 11/30, Batch 950/3348, Loss: 0.0004
2025-09-28 23:58:42,220 [INFO] Época 11/30, Batch 1000/3348, Loss: 0.0006
2025-09-28 23:58:42,501 [INFO] Época 11/30, Batch 1050/3348, Loss: 0.0004
2025-09-28 23:58:42,781 [INFO] Época 11/30, Batch 1100/3348, Loss: 0.0005
2025-09-28 23:58:43,061 [INFO] Época 11/30, Batch 1150/3348, Loss: 0.0004
2025-09-28 23:58:43,342 [INFO] Época 11/30, Batch 1200/3348, Loss: 0.0004
2025-09-28 23:58:43,622 [INFO] Época 11/30, Batch 1250/3348, Loss: 0.0003
2025-09-28 23:58:43,888 [INFO] Época 11/30, Batch 1300/3348, Loss: 0.0005
2025-09-28 23:58:44,145 [INFO] Época 11/30, Batch 1350/3348, Loss: 0.0004
2025-09-28 23:58:44,405 [INFO] Época 11/30, Batch 1400/3348, Loss: 0.0005
2025-09-28 23:58:44,665 [INFO] Época 11/30, Batch 1450/3348, Loss: 0.0006
2025-09-28 23:58:44,923 [INFO] Época 11/30, Batch 1500/3348, Loss: 0.0004
2025-09-28 23:58:45,183 [INFO] Época 11/30, Batch 1550/3348, Loss: 0.0007
2025-09-28 23:58:45,442 [INFO] Época 11/30, Batch 1600/3348, Loss: 0.0004
2025-09-28 23:58:45,708 [INFO] Época 11/30, Batch 1650/3348, Loss: 0.0004
2025-09-28 23:58:45,967 [INFO] Época 11/30, Batch 1700/3348, Loss: 0.0004
2025-09-28 23:58:46,226 [INFO] Época 11/30, Batch 1750/3348, Loss: 0.0004
2025-09-28 23:58:46,485 [INFO] Época 11/30, Batch 1800/3348, Loss: 0.0004
2025-09-28 23:58:46,744 [INFO] Época 11/30, Batch 1850/3348, Loss: 0.0005
2025-09-28 23:58:47,011 [INFO] Época 11/30, Batch 1900/3348, Loss: 0.0006
2025-09-28 23:58:47,293 [INFO] Época 11/30, Batch 1950/3348, Loss: 0.0004
2025-09-28 23:58:47,574 [INFO] Época 11/30, Batch 2000/3348, Loss: 0.0005
2025-09-28 23:58:47,841 [INFO] Época 11/30, Batch 2050/3348, Loss: 0.0004
2025-09-28 23:58:48,106 [INFO] Época 11/30, Batch 2100/3348, Loss: 0.0003
2025-09-28 23:58:48,387 [INFO] Época 11/30, Batch 2150/3348, Loss: 0.0005
2025-09-28 23:58:48,669 [INFO] Época 11/30, Batch 2200/3348, Loss: 0.0004
2025-09-28 23:58:48,951 [INFO] Época 11/30, Batch 2250/3348, Loss: 0.0005
2025-09-28 23:58:49,232 [INFO] Época 11/30, Batch 2300/3348, Loss: 0.0005
2025-09-28 23:58:49,512 [INFO] Época 11/30, Batch 2350/3348, Loss: 0.0005
2025-09-28 23:58:49,771 [INFO] Época 11/30, Batch 2400/3348, Loss: 0.0005
2025-09-28 23:58:50,030 [INFO] Época 11/30, Batch 2450/3348, Loss: 0.0005
2025-09-28 23:58:50,289 [INFO] Época 11/30, Batch 2500/3348, Loss: 0.0003
2025-09-28 23:58:50,548 [INFO] Época 11/30, Batch 2550/3348, Loss: 0.0005
2025-09-28 23:58:50,806 [INFO] Época 11/30, Batch 2600/3348, Loss: 0.0006
2025-09-28 23:58:51,064 [INFO] Época 11/30, Batch 2650/3348, Loss: 0.0005
2025-09-28 23:58:51,320 [INFO] Época 11/30, Batch 2700/3348, Loss: 0.0004
2025-09-28 23:58:51,579 [INFO] Época 11/30, Batch 2750/3348, Loss: 0.0003
2025-09-28 23:58:51,837 [INFO] Época 11/30, Batch 2800/3348, Loss: 0.0005
2025-09-28 23:58:52,093 [INFO] Época 11/30, Batch 2850/3348, Loss: 0.0004
2025-09-28 23:58:52,350 [INFO] Época 11/30, Batch 2900/3348, Loss: 0.0003
2025-09-28 23:58:52,607 [INFO] Época 11/30, Batch 2950/3348, Loss: 0.0005
2025-09-28 23:58:52,866 [INFO] Época 11/30, Batch 3000/3348, Loss: 0.0003
2025-09-28 23:58:53,134 [INFO] Época 11/30, Batch 3050/3348, Loss: 0.0003
2025-09-28 23:58:53,390 [INFO] Época 11/30, Batch 3100/3348, Loss: 0.0004
2025-09-28 23:58:53,649 [INFO] Época 11/30, Batch 3150/3348, Loss: 0.0005
2025-09-28 23:58:53,905 [INFO] Época 11/30, Batch 3200/3348, Loss: 0.0004
2025-09-28 23:58:54,167 [INFO] Época 11/30, Batch 3250/3348, Loss: 0.0005
2025-09-28 23:58:54,425 [INFO] Época 11/30, Batch 3300/3348, Loss: 0.0005
2025-09-28 23:58:56,113 [INFO] [11/30] Train Loss: 0.0049 | Val Loss: 0.0008 | Tempo: 19.81s
2025-09-28 23:58:56,669 [INFO] Época 12/30, Batch 50/3348, Loss: 0.0005
2025-09-28 23:58:56,934 [INFO] Época 12/30, Batch 100/3348, Loss: 0.0005
2025-09-28 23:58:57,196 [INFO] Época 12/30, Batch 150/3348, Loss: 0.0007
2025-09-28 23:58:57,459 [INFO] Época 12/30, Batch 200/3348, Loss: 0.0004
2025-09-28 23:58:57,720 [INFO] Época 12/30, Batch 250/3348, Loss: 0.0005
2025-09-28 23:58:57,979 [INFO] Época 12/30, Batch 300/3348, Loss: 0.0004
2025-09-28 23:58:58,239 [INFO] Época 12/30, Batch 350/3348, Loss: 0.0003
2025-09-28 23:58:58,500 [INFO] Época 12/30, Batch 400/3348, Loss: 0.0004
2025-09-28 23:58:58,760 [INFO] Época 12/30, Batch 450/3348, Loss: 0.0005
2025-09-28 23:58:59,018 [INFO] Época 12/30, Batch 500/3348, Loss: 0.0004
2025-09-28 23:58:59,276 [INFO] Época 12/30, Batch 550/3348, Loss: 0.0004
2025-09-28 23:58:59,535 [INFO] Época 12/30, Batch 600/3348, Loss: 0.0005
2025-09-28 23:58:59,793 [INFO] Época 12/30, Batch 650/3348, Loss: 0.0005
2025-09-28 23:59:00,051 [INFO] Época 12/30, Batch 700/3348, Loss: 0.0005
2025-09-28 23:59:00,299 [INFO] Época 12/30, Batch 750/3348, Loss: 0.0004
2025-09-28 23:59:00,546 [INFO] Época 12/30, Batch 800/3348, Loss: 0.0008
2025-09-28 23:59:00,792 [INFO] Época 12/30, Batch 850/3348, Loss: 0.0003
2025-09-28 23:59:01,046 [INFO] Época 12/30, Batch 900/3348, Loss: 0.0003
2025-09-28 23:59:01,301 [INFO] Época 12/30, Batch 950/3348, Loss: 0.0004
2025-09-28 23:59:01,556 [INFO] Época 12/30, Batch 1000/3348, Loss: 0.0005
2025-09-28 23:59:01,811 [INFO] Época 12/30, Batch 1050/3348, Loss: 0.0004
2025-09-28 23:59:02,067 [INFO] Época 12/30, Batch 1100/3348, Loss: 0.0005
2025-09-28 23:59:02,323 [INFO] Época 12/30, Batch 1150/3348, Loss: 0.0005
2025-09-28 23:59:02,579 [INFO] Época 12/30, Batch 1200/3348, Loss: 0.0005
2025-09-28 23:59:02,837 [INFO] Época 12/30, Batch 1250/3348, Loss: 0.0005
2025-09-28 23:59:03,093 [INFO] Época 12/30, Batch 1300/3348, Loss: 0.0003
2025-09-28 23:59:03,361 [INFO] Época 12/30, Batch 1350/3348, Loss: 0.0003
2025-09-28 23:59:03,619 [INFO] Época 12/30, Batch 1400/3348, Loss: 0.0003
2025-09-28 23:59:03,877 [INFO] Época 12/30, Batch 1450/3348, Loss: 0.0005
2025-09-28 23:59:04,136 [INFO] Época 12/30, Batch 1500/3348, Loss: 0.0007
2025-09-28 23:59:04,394 [INFO] Época 12/30, Batch 1550/3348, Loss: 0.0005
2025-09-28 23:59:04,653 [INFO] Época 12/30, Batch 1600/3348, Loss: 0.0005
2025-09-28 23:59:04,912 [INFO] Época 12/30, Batch 1650/3348, Loss: 0.0003
2025-09-28 23:59:05,168 [INFO] Época 12/30, Batch 1700/3348, Loss: 0.0006
2025-09-28 23:59:05,426 [INFO] Época 12/30, Batch 1750/3348, Loss: 0.0004
2025-09-28 23:59:05,684 [INFO] Época 12/30, Batch 1800/3348, Loss: 0.0004
2025-09-28 23:59:05,944 [INFO] Época 12/30, Batch 1850/3348, Loss: 0.0005
2025-09-28 23:59:06,202 [INFO] Época 12/30, Batch 1900/3348, Loss: 0.0004
2025-09-28 23:59:06,458 [INFO] Época 12/30, Batch 1950/3348, Loss: 0.0005
2025-09-28 23:59:06,719 [INFO] Época 12/30, Batch 2000/3348, Loss: 0.0004
2025-09-28 23:59:06,980 [INFO] Época 12/30, Batch 2050/3348, Loss: 0.0004
2025-09-28 23:59:07,240 [INFO] Época 12/30, Batch 2100/3348, Loss: 0.0004
2025-09-28 23:59:07,501 [INFO] Época 12/30, Batch 2150/3348, Loss: 0.0005
2025-09-28 23:59:07,760 [INFO] Época 12/30, Batch 2200/3348, Loss: 0.0004
2025-09-28 23:59:08,022 [INFO] Época 12/30, Batch 2250/3348, Loss: 0.0006
2025-09-28 23:59:08,282 [INFO] Época 12/30, Batch 2300/3348, Loss: 0.0003
2025-09-28 23:59:08,553 [INFO] Época 12/30, Batch 2350/3348, Loss: 0.0004
2025-09-28 23:59:08,814 [INFO] Época 12/30, Batch 2400/3348, Loss: 0.0004
2025-09-28 23:59:09,073 [INFO] Época 12/30, Batch 2450/3348, Loss: 0.0005
2025-09-28 23:59:09,334 [INFO] Época 12/30, Batch 2500/3348, Loss: 0.0005
2025-09-28 23:59:09,594 [INFO] Época 12/30, Batch 2550/3348, Loss: 0.0007
2025-09-28 23:59:09,853 [INFO] Época 12/30, Batch 2600/3348, Loss: 0.0003
2025-09-28 23:59:10,115 [INFO] Época 12/30, Batch 2650/3348, Loss: 0.0004
2025-09-28 23:59:10,375 [INFO] Época 12/30, Batch 2700/3348, Loss: 0.0002
2025-09-28 23:59:10,637 [INFO] Época 12/30, Batch 2750/3348, Loss: 0.0004
2025-09-28 23:59:10,905 [INFO] Época 12/30, Batch 2800/3348, Loss: 0.0004
2025-09-28 23:59:11,167 [INFO] Época 12/30, Batch 2850/3348, Loss: 0.0004
2025-09-28 23:59:11,430 [INFO] Época 12/30, Batch 2900/3348, Loss: 0.0004
2025-09-28 23:59:11,695 [INFO] Época 12/30, Batch 2950/3348, Loss: 0.0004
2025-09-28 23:59:11,958 [INFO] Época 12/30, Batch 3000/3348, Loss: 0.0004
2025-09-28 23:59:12,224 [INFO] Época 12/30, Batch 3050/3348, Loss: 0.0004
2025-09-28 23:59:12,489 [INFO] Época 12/30, Batch 3100/3348, Loss: 0.0003
2025-09-28 23:59:12,753 [INFO] Época 12/30, Batch 3150/3348, Loss: 0.0005
2025-09-28 23:59:13,017 [INFO] Época 12/30, Batch 3200/3348, Loss: 0.0003
2025-09-28 23:59:13,284 [INFO] Época 12/30, Batch 3250/3348, Loss: 0.0005
2025-09-28 23:59:13,560 [INFO] Época 12/30, Batch 3300/3348, Loss: 0.0004
2025-09-28 23:59:15,405 [INFO] [12/30] Train Loss: 0.0049 | Val Loss: 0.0003 | Tempo: 19.29s
2025-09-28 23:59:15,409 [INFO] Melhor modelo salvo em: /mnt/hdd/home/jdurao/ToolBox-ChemXAI/models/mlp_qm9_EState_att0.pth
2025-09-28 23:59:15,977 [INFO] Época 13/30, Batch 50/3348, Loss: 0.0003
2025-09-28 23:59:16,249 [INFO] Época 13/30, Batch 100/3348, Loss: 0.0005
2025-09-28 23:59:16,520 [INFO] Época 13/30, Batch 150/3348, Loss: 0.0005
2025-09-28 23:59:16,789 [INFO] Época 13/30, Batch 200/3348, Loss: 0.0004
2025-09-28 23:59:17,059 [INFO] Época 13/30, Batch 250/3348, Loss: 0.0004
2025-09-28 23:59:17,328 [INFO] Época 13/30, Batch 300/3348, Loss: 0.0004
2025-09-28 23:59:17,597 [INFO] Época 13/30, Batch 350/3348, Loss: 0.0004
2025-09-28 23:59:17,866 [INFO] Época 13/30, Batch 400/3348, Loss: 0.0004
2025-09-28 23:59:18,133 [INFO] Época 13/30, Batch 450/3348, Loss: 0.0005
2025-09-28 23:59:18,402 [INFO] Época 13/30, Batch 500/3348, Loss: 0.0006
2025-09-28 23:59:18,682 [INFO] Época 13/30, Batch 550/3348, Loss: 0.0011
2025-09-28 23:59:18,951 [INFO] Época 13/30, Batch 600/3348, Loss: 0.0005
2025-09-28 23:59:19,219 [INFO] Época 13/30, Batch 650/3348, Loss: 0.0004
2025-09-28 23:59:19,486 [INFO] Época 13/30, Batch 700/3348, Loss: 0.0005
2025-09-28 23:59:19,756 [INFO] Época 13/30, Batch 750/3348, Loss: 0.0004
2025-09-28 23:59:20,024 [INFO] Época 13/30, Batch 800/3348, Loss: 0.0006
2025-09-28 23:59:20,285 [INFO] Época 13/30, Batch 850/3348, Loss: 0.0005
2025-09-28 23:59:20,548 [INFO] Época 13/30, Batch 900/3348, Loss: 0.0006
2025-09-28 23:59:20,811 [INFO] Época 13/30, Batch 950/3348, Loss: 0.0005
2025-09-28 23:59:21,074 [INFO] Época 13/30, Batch 1000/3348, Loss: 0.0004
2025-09-28 23:59:21,334 [INFO] Época 13/30, Batch 1050/3348, Loss: 0.0005
2025-09-28 23:59:21,596 [INFO] Época 13/30, Batch 1100/3348, Loss: 0.0004
2025-09-28 23:59:21,859 [INFO] Época 13/30, Batch 1150/3348, Loss: 0.0010
2025-09-28 23:59:22,121 [INFO] Época 13/30, Batch 1200/3348, Loss: 0.0005
2025-09-28 23:59:22,385 [INFO] Época 13/30, Batch 1250/3348, Loss: 0.0004
2025-09-28 23:59:22,653 [INFO] Época 13/30, Batch 1300/3348, Loss: 0.0005
2025-09-28 23:59:22,921 [INFO] Época 13/30, Batch 1350/3348, Loss: 0.0005
2025-09-28 23:59:23,188 [INFO] Época 13/30, Batch 1400/3348, Loss: 0.0006
2025-09-28 23:59:23,455 [INFO] Época 13/30, Batch 1450/3348, Loss: 0.0004
2025-09-28 23:59:23,734 [INFO] Época 13/30, Batch 1500/3348, Loss: 0.0004
2025-09-28 23:59:24,003 [INFO] Época 13/30, Batch 1550/3348, Loss: 0.0004
2025-09-28 23:59:24,270 [INFO] Época 13/30, Batch 1600/3348, Loss: 0.0006
2025-09-28 23:59:24,539 [INFO] Época 13/30, Batch 1650/3348, Loss: 0.0003
2025-09-28 23:59:24,800 [INFO] Época 13/30, Batch 1700/3348, Loss: 0.0005
2025-09-28 23:59:25,057 [INFO] Época 13/30, Batch 1750/3348, Loss: 0.0005
2025-09-28 23:59:25,317 [INFO] Época 13/30, Batch 1800/3348, Loss: 0.0005
2025-09-28 23:59:25,575 [INFO] Época 13/30, Batch 1850/3348, Loss: 0.0004
2025-09-28 23:59:25,835 [INFO] Época 13/30, Batch 1900/3348, Loss: 0.0005
2025-09-28 23:59:26,095 [INFO] Época 13/30, Batch 1950/3348, Loss: 0.0003
2025-09-28 23:59:26,355 [INFO] Época 13/30, Batch 2000/3348, Loss: 0.0004
2025-09-28 23:59:26,616 [INFO] Época 13/30, Batch 2050/3348, Loss: 0.0004
2025-09-28 23:59:26,885 [INFO] Época 13/30, Batch 2100/3348, Loss: 0.0003
2025-09-28 23:59:27,155 [INFO] Época 13/30, Batch 2150/3348, Loss: 0.0005
2025-09-28 23:59:27,424 [INFO] Época 13/30, Batch 2200/3348, Loss: 0.0004
2025-09-28 23:59:27,695 [INFO] Época 13/30, Batch 2250/3348, Loss: 0.0004
2025-09-28 23:59:27,966 [INFO] Época 13/30, Batch 2300/3348, Loss: 0.0005
2025-09-28 23:59:28,235 [INFO] Época 13/30, Batch 2350/3348, Loss: 0.0004
2025-09-28 23:59:28,502 [INFO] Época 13/30, Batch 2400/3348, Loss: 0.0004
2025-09-28 23:59:28,770 [INFO] Época 13/30, Batch 2450/3348, Loss: 0.0004
2025-09-28 23:59:29,035 [INFO] Época 13/30, Batch 2500/3348, Loss: 0.0004
2025-09-28 23:59:29,304 [INFO] Época 13/30, Batch 2550/3348, Loss: 0.0006
2025-09-28 23:59:29,569 [INFO] Época 13/30, Batch 2600/3348, Loss: 0.0005
2025-09-28 23:59:29,831 [INFO] Época 13/30, Batch 2650/3348, Loss: 0.0004
2025-09-28 23:59:30,092 [INFO] Época 13/30, Batch 2700/3348, Loss: 0.0003
2025-09-28 23:59:30,353 [INFO] Época 13/30, Batch 2750/3348, Loss: 0.0003
2025-09-28 23:59:30,615 [INFO] Época 13/30, Batch 2800/3348, Loss: 0.0003
2025-09-28 23:59:30,879 [INFO] Época 13/30, Batch 2850/3348, Loss: 0.0003
2025-09-28 23:59:31,140 [INFO] Época 13/30, Batch 2900/3348, Loss: 0.0006
2025-09-28 23:59:31,401 [INFO] Época 13/30, Batch 2950/3348, Loss: 0.0004
2025-09-28 23:59:31,664 [INFO] Época 13/30, Batch 3000/3348, Loss: 0.0004
2025-09-28 23:59:31,924 [INFO] Época 13/30, Batch 3050/3348, Loss: 0.0006
2025-09-28 23:59:32,186 [INFO] Época 13/30, Batch 3100/3348, Loss: 0.0005
2025-09-28 23:59:32,448 [INFO] Época 13/30, Batch 3150/3348, Loss: 0.0005
2025-09-28 23:59:32,711 [INFO] Época 13/30, Batch 3200/3348, Loss: 0.0005
2025-09-28 23:59:32,979 [INFO] Época 13/30, Batch 3250/3348, Loss: 0.0006
2025-09-28 23:59:33,247 [INFO] Época 13/30, Batch 3300/3348, Loss: 0.0004
2025-09-28 23:59:35,068 [INFO] [13/30] Train Loss: 0.0049 | Val Loss: 0.0006 | Tempo: 19.66s
2025-09-28 23:59:35,600 [INFO] Época 14/30, Batch 50/3348, Loss: 0.0005
2025-09-28 23:59:35,868 [INFO] Época 14/30, Batch 100/3348, Loss: 0.0005
2025-09-28 23:59:36,132 [INFO] Época 14/30, Batch 150/3348, Loss: 0.0010
2025-09-28 23:59:36,396 [INFO] Época 14/30, Batch 200/3348, Loss: 0.0003
2025-09-28 23:59:36,658 [INFO] Época 14/30, Batch 250/3348, Loss: 0.0005
2025-09-28 23:59:36,922 [INFO] Época 14/30, Batch 300/3348, Loss: 0.0003
2025-09-28 23:59:37,183 [INFO] Época 14/30, Batch 350/3348, Loss: 0.0005
2025-09-28 23:59:37,446 [INFO] Época 14/30, Batch 400/3348, Loss: 0.0004
2025-09-28 23:59:37,707 [INFO] Época 14/30, Batch 450/3348, Loss: 0.0004
2025-09-28 23:59:37,967 [INFO] Época 14/30, Batch 500/3348, Loss: 0.0007
2025-09-28 23:59:38,231 [INFO] Época 14/30, Batch 550/3348, Loss: 0.0009
2025-09-28 23:59:38,492 [INFO] Época 14/30, Batch 600/3348, Loss: 0.0005
2025-09-28 23:59:38,751 [INFO] Época 14/30, Batch 650/3348, Loss: 0.0004
2025-09-28 23:59:39,012 [INFO] Época 14/30, Batch 700/3348, Loss: 0.0004
2025-09-28 23:59:39,274 [INFO] Época 14/30, Batch 750/3348, Loss: 0.0007
2025-09-28 23:59:39,535 [INFO] Época 14/30, Batch 800/3348, Loss: 0.0006
2025-09-28 23:59:39,794 [INFO] Época 14/30, Batch 850/3348, Loss: 0.0005
2025-09-28 23:59:40,054 [INFO] Época 14/30, Batch 900/3348, Loss: 0.0004
2025-09-28 23:59:40,314 [INFO] Época 14/30, Batch 950/3348, Loss: 0.0004
2025-09-28 23:59:40,586 [INFO] Época 14/30, Batch 1000/3348, Loss: 0.0006
2025-09-28 23:59:40,849 [INFO] Época 14/30, Batch 1050/3348, Loss: 0.0003
2025-09-28 23:59:41,111 [INFO] Época 14/30, Batch 1100/3348, Loss: 0.0006
2025-09-28 23:59:41,372 [INFO] Época 14/30, Batch 1150/3348, Loss: 0.0004
2025-09-28 23:59:41,633 [INFO] Época 14/30, Batch 1200/3348, Loss: 0.0005
2025-09-28 23:59:41,895 [INFO] Época 14/30, Batch 1250/3348, Loss: 0.0004
2025-09-28 23:59:42,157 [INFO] Época 14/30, Batch 1300/3348, Loss: 0.0004
2025-09-28 23:59:42,417 [INFO] Época 14/30, Batch 1350/3348, Loss: 0.0004
2025-09-28 23:59:42,678 [INFO] Época 14/30, Batch 1400/3348, Loss: 0.0004
2025-09-28 23:59:42,940 [INFO] Época 14/30, Batch 1450/3348, Loss: 0.0006
2025-09-28 23:59:43,200 [INFO] Época 14/30, Batch 1500/3348, Loss: 0.0005
2025-09-28 23:59:43,461 [INFO] Época 14/30, Batch 1550/3348, Loss: 0.0003
2025-09-28 23:59:43,721 [INFO] Época 14/30, Batch 1600/3348, Loss: 0.0016
2025-09-28 23:59:43,983 [INFO] Época 14/30, Batch 1650/3348, Loss: 0.0006
2025-09-28 23:59:44,246 [INFO] Época 14/30, Batch 1700/3348, Loss: 0.0003
2025-09-28 23:59:44,508 [INFO] Época 14/30, Batch 1750/3348, Loss: 0.0004
2025-09-28 23:59:44,769 [INFO] Época 14/30, Batch 1800/3348, Loss: 0.0003
2025-09-28 23:59:45,029 [INFO] Época 14/30, Batch 1850/3348, Loss: 0.0006
2025-09-28 23:59:45,289 [INFO] Época 14/30, Batch 1900/3348, Loss: 0.0005
2025-09-28 23:59:45,551 [INFO] Época 14/30, Batch 1950/3348, Loss: 0.0003
2025-09-28 23:59:45,814 [INFO] Época 14/30, Batch 2000/3348, Loss: 0.0006
2025-09-28 23:59:46,077 [INFO] Época 14/30, Batch 2050/3348, Loss: 0.0005
2025-09-28 23:59:46,338 [INFO] Época 14/30, Batch 2100/3348, Loss: 0.0007
2025-09-28 23:59:46,600 [INFO] Época 14/30, Batch 2150/3348, Loss: 0.0005
2025-09-28 23:59:46,860 [INFO] Época 14/30, Batch 2200/3348, Loss: 0.0005
2025-09-28 23:59:47,121 [INFO] Época 14/30, Batch 2250/3348, Loss: 0.0004
2025-09-28 23:59:47,382 [INFO] Época 14/30, Batch 2300/3348, Loss: 0.0005
2025-09-28 23:59:47,644 [INFO] Época 14/30, Batch 2350/3348, Loss: 0.0005
2025-09-28 23:59:47,905 [INFO] Época 14/30, Batch 2400/3348, Loss: 0.0004
2025-09-28 23:59:48,165 [INFO] Época 14/30, Batch 2450/3348, Loss: 0.0006
2025-09-28 23:59:48,426 [INFO] Época 14/30, Batch 2500/3348, Loss: 0.0006
2025-09-28 23:59:48,687 [INFO] Época 14/30, Batch 2550/3348, Loss: 0.0004
2025-09-28 23:59:48,949 [INFO] Época 14/30, Batch 2600/3348, Loss: 0.0005
2025-09-28 23:59:49,209 [INFO] Época 14/30, Batch 2650/3348, Loss: 0.0005
2025-09-28 23:59:49,470 [INFO] Época 14/30, Batch 2700/3348, Loss: 0.0004
2025-09-28 23:59:49,732 [INFO] Época 14/30, Batch 2750/3348, Loss: 0.0004
2025-09-28 23:59:49,993 [INFO] Época 14/30, Batch 2800/3348, Loss: 0.0004
2025-09-28 23:59:50,255 [INFO] Época 14/30, Batch 2850/3348, Loss: 0.0004
2025-09-28 23:59:50,516 [INFO] Época 14/30, Batch 2900/3348, Loss: 0.0004
2025-09-28 23:59:50,778 [INFO] Época 14/30, Batch 2950/3348, Loss: 0.0006
2025-09-28 23:59:51,048 [INFO] Época 14/30, Batch 3000/3348, Loss: 0.0004
2025-09-28 23:59:51,312 [INFO] Época 14/30, Batch 3050/3348, Loss: 0.0005
2025-09-28 23:59:51,576 [INFO] Época 14/30, Batch 3100/3348, Loss: 0.0005
2025-09-28 23:59:51,840 [INFO] Época 14/30, Batch 3150/3348, Loss: 0.0004
2025-09-28 23:59:52,103 [INFO] Época 14/30, Batch 3200/3348, Loss: 0.0005
2025-09-28 23:59:52,366 [INFO] Época 14/30, Batch 3250/3348, Loss: 0.0005
2025-09-28 23:59:52,629 [INFO] Época 14/30, Batch 3300/3348, Loss: 0.0006
2025-09-28 23:59:54,350 [INFO] [14/30] Train Loss: 0.0049 | Val Loss: 0.0004 | Tempo: 19.28s
2025-09-28 23:59:54,882 [INFO] Época 15/30, Batch 50/3348, Loss: 0.0006
2025-09-28 23:59:55,151 [INFO] Época 15/30, Batch 100/3348, Loss: 0.0003
2025-09-28 23:59:55,421 [INFO] Época 15/30, Batch 150/3348, Loss: 0.0003
2025-09-28 23:59:55,690 [INFO] Época 15/30, Batch 200/3348, Loss: 0.0005
2025-09-28 23:59:55,958 [INFO] Época 15/30, Batch 250/3348, Loss: 0.0004
2025-09-28 23:59:56,237 [INFO] Época 15/30, Batch 300/3348, Loss: 0.0004
2025-09-28 23:59:56,504 [INFO] Época 15/30, Batch 350/3348, Loss: 0.0007
2025-09-28 23:59:56,768 [INFO] Época 15/30, Batch 400/3348, Loss: 0.0005
2025-09-28 23:59:57,026 [INFO] Época 15/30, Batch 450/3348, Loss: 0.0005
2025-09-28 23:59:57,287 [INFO] Época 15/30, Batch 500/3348, Loss: 0.0007
2025-09-28 23:59:57,547 [INFO] Época 15/30, Batch 550/3348, Loss: 0.0006
2025-09-28 23:59:57,807 [INFO] Época 15/30, Batch 600/3348, Loss: 0.0004
2025-09-28 23:59:58,066 [INFO] Época 15/30, Batch 650/3348, Loss: 0.0005
2025-09-28 23:59:58,324 [INFO] Época 15/30, Batch 700/3348, Loss: 0.0005
2025-09-28 23:59:58,583 [INFO] Época 15/30, Batch 750/3348, Loss: 0.0004
2025-09-28 23:59:58,842 [INFO] Época 15/30, Batch 800/3348, Loss: 0.0005
2025-09-28 23:59:59,103 [INFO] Época 15/30, Batch 850/3348, Loss: 0.0004
2025-09-28 23:59:59,362 [INFO] Época 15/30, Batch 900/3348, Loss: 0.0004
2025-09-28 23:59:59,620 [INFO] Época 15/30, Batch 950/3348, Loss: 0.0008
2025-09-28 23:59:59,878 [INFO] Época 15/30, Batch 1000/3348, Loss: 0.0004
2025-09-29 00:00:00,136 [INFO] Época 15/30, Batch 1050/3348, Loss: 0.0005
2025-09-29 00:00:00,392 [INFO] Época 15/30, Batch 1100/3348, Loss: 0.0004
2025-09-29 00:00:00,647 [INFO] Época 15/30, Batch 1150/3348, Loss: 0.0006
2025-09-29 00:00:00,905 [INFO] Época 15/30, Batch 1200/3348, Loss: 0.0006
2025-09-29 00:00:01,153 [INFO] Época 15/30, Batch 1250/3348, Loss: 0.0007
2025-09-29 00:00:01,397 [INFO] Época 15/30, Batch 1300/3348, Loss: 0.0007
2025-09-29 00:00:01,640 [INFO] Época 15/30, Batch 1350/3348, Loss: 0.0006
2025-09-29 00:00:01,882 [INFO] Época 15/30, Batch 1400/3348, Loss: 0.0005
2025-09-29 00:00:02,124 [INFO] Época 15/30, Batch 1450/3348, Loss: 0.0005
2025-09-29 00:00:02,367 [INFO] Época 15/30, Batch 1500/3348, Loss: 0.0005
2025-09-29 00:00:02,609 [INFO] Época 15/30, Batch 1550/3348, Loss: 0.0007
2025-09-29 00:00:02,853 [INFO] Época 15/30, Batch 1600/3348, Loss: 0.0003
2025-09-29 00:00:03,094 [INFO] Época 15/30, Batch 1650/3348, Loss: 0.0004
2025-09-29 00:00:03,330 [INFO] Época 15/30, Batch 1700/3348, Loss: 0.0005
2025-09-29 00:00:03,566 [INFO] Época 15/30, Batch 1750/3348, Loss: 0.0004
2025-09-29 00:00:03,808 [INFO] Época 15/30, Batch 1800/3348, Loss: 0.0005
2025-09-29 00:00:04,044 [INFO] Época 15/30, Batch 1850/3348, Loss: 0.0004
2025-09-29 00:00:04,282 [INFO] Época 15/30, Batch 1900/3348, Loss: 0.0004
2025-09-29 00:00:04,517 [INFO] Época 15/30, Batch 1950/3348, Loss: 0.0004
2025-09-29 00:00:04,753 [INFO] Época 15/30, Batch 2000/3348, Loss: 0.0005
2025-09-29 00:00:04,988 [INFO] Época 15/30, Batch 2050/3348, Loss: 0.0004
2025-09-29 00:00:05,225 [INFO] Época 15/30, Batch 2100/3348, Loss: 0.0006
2025-09-29 00:00:05,466 [INFO] Época 15/30, Batch 2150/3348, Loss: 0.0004
2025-09-29 00:00:05,708 [INFO] Época 15/30, Batch 2200/3348, Loss: 0.0003
2025-09-29 00:00:05,948 [INFO] Época 15/30, Batch 2250/3348, Loss: 0.0008
2025-09-29 00:00:06,189 [INFO] Época 15/30, Batch 2300/3348, Loss: 0.0004
2025-09-29 00:00:06,441 [INFO] Época 15/30, Batch 2350/3348, Loss: 0.0005
2025-09-29 00:00:06,677 [INFO] Época 15/30, Batch 2400/3348, Loss: 0.0003
2025-09-29 00:00:06,914 [INFO] Época 15/30, Batch 2450/3348, Loss: 0.0004
2025-09-29 00:00:07,153 [INFO] Época 15/30, Batch 2500/3348, Loss: 0.0003
2025-09-29 00:00:07,392 [INFO] Época 15/30, Batch 2550/3348, Loss: 0.0003
2025-09-29 00:00:07,634 [INFO] Época 15/30, Batch 2600/3348, Loss: 0.0005
2025-09-29 00:00:07,877 [INFO] Época 15/30, Batch 2650/3348, Loss: 0.0004
2025-09-29 00:00:08,122 [INFO] Época 15/30, Batch 2700/3348, Loss: 0.0004
2025-09-29 00:00:08,367 [INFO] Época 15/30, Batch 2750/3348, Loss: 0.0005
2025-09-29 00:00:08,613 [INFO] Época 15/30, Batch 2800/3348, Loss: 0.0004
2025-09-29 00:00:08,858 [INFO] Época 15/30, Batch 2850/3348, Loss: 0.0006
2025-09-29 00:00:09,102 [INFO] Época 15/30, Batch 2900/3348, Loss: 0.0004
2025-09-29 00:00:09,345 [INFO] Época 15/30, Batch 2950/3348, Loss: 0.0005
2025-09-29 00:00:09,582 [INFO] Época 15/30, Batch 3000/3348, Loss: 0.0005
2025-09-29 00:00:09,817 [INFO] Época 15/30, Batch 3050/3348, Loss: 0.0004
2025-09-29 00:00:10,060 [INFO] Época 15/30, Batch 3100/3348, Loss: 0.0005
2025-09-29 00:00:10,305 [INFO] Época 15/30, Batch 3150/3348, Loss: 0.0005
2025-09-29 00:00:10,547 [INFO] Época 15/30, Batch 3200/3348, Loss: 0.0004
2025-09-29 00:00:10,789 [INFO] Época 15/30, Batch 3250/3348, Loss: 0.0004
2025-09-29 00:00:11,024 [INFO] Época 15/30, Batch 3300/3348, Loss: 0.0005
2025-09-29 00:00:12,770 [INFO] [15/30] Train Loss: 0.0049 | Val Loss: 0.0004 | Tempo: 18.42s
2025-09-29 00:00:13,333 [INFO] Época 16/30, Batch 50/3348, Loss: 0.0005
2025-09-29 00:00:13,597 [INFO] Época 16/30, Batch 100/3348, Loss: 0.0006
2025-09-29 00:00:13,862 [INFO] Época 16/30, Batch 150/3348, Loss: 0.0003
2025-09-29 00:00:14,124 [INFO] Época 16/30, Batch 200/3348, Loss: 0.0005
2025-09-29 00:00:14,385 [INFO] Época 16/30, Batch 250/3348, Loss: 0.0003
2025-09-29 00:00:14,647 [INFO] Época 16/30, Batch 300/3348, Loss: 0.0003
2025-09-29 00:00:14,913 [INFO] Época 16/30, Batch 350/3348, Loss: 0.0006
2025-09-29 00:00:15,179 [INFO] Época 16/30, Batch 400/3348, Loss: 0.0004
2025-09-29 00:00:15,441 [INFO] Época 16/30, Batch 450/3348, Loss: 0.0005
2025-09-29 00:00:15,705 [INFO] Época 16/30, Batch 500/3348, Loss: 0.0005
2025-09-29 00:00:15,968 [INFO] Época 16/30, Batch 550/3348, Loss: 0.0004
2025-09-29 00:00:16,230 [INFO] Época 16/30, Batch 600/3348, Loss: 0.0006
2025-09-29 00:00:16,490 [INFO] Época 16/30, Batch 650/3348, Loss: 0.0008
2025-09-29 00:00:16,752 [INFO] Época 16/30, Batch 700/3348, Loss: 0.0004
2025-09-29 00:00:17,013 [INFO] Época 16/30, Batch 750/3348, Loss: 0.0004
2025-09-29 00:00:17,274 [INFO] Época 16/30, Batch 800/3348, Loss: 0.0004
2025-09-29 00:00:17,535 [INFO] Época 16/30, Batch 850/3348, Loss: 0.0005
2025-09-29 00:00:17,793 [INFO] Época 16/30, Batch 900/3348, Loss: 0.0004
2025-09-29 00:00:18,057 [INFO] Época 16/30, Batch 950/3348, Loss: 0.0005
2025-09-29 00:00:18,318 [INFO] Época 16/30, Batch 1000/3348, Loss: 0.0006
2025-09-29 00:00:18,579 [INFO] Época 16/30, Batch 1050/3348, Loss: 0.0006
2025-09-29 00:00:18,840 [INFO] Época 16/30, Batch 1100/3348, Loss: 0.0005
2025-09-29 00:00:19,101 [INFO] Época 16/30, Batch 1150/3348, Loss: 0.0005
2025-09-29 00:00:19,365 [INFO] Época 16/30, Batch 1200/3348, Loss: 0.0005
2025-09-29 00:00:19,625 [INFO] Época 16/30, Batch 1250/3348, Loss: 0.0005
2025-09-29 00:00:19,886 [INFO] Época 16/30, Batch 1300/3348, Loss: 0.0005
2025-09-29 00:00:20,146 [INFO] Época 16/30, Batch 1350/3348, Loss: 0.0005
2025-09-29 00:00:20,407 [INFO] Época 16/30, Batch 1400/3348, Loss: 0.0004
2025-09-29 00:00:20,667 [INFO] Época 16/30, Batch 1450/3348, Loss: 0.0005
2025-09-29 00:00:20,933 [INFO] Época 16/30, Batch 1500/3348, Loss: 0.0005
2025-09-29 00:00:21,197 [INFO] Época 16/30, Batch 1550/3348, Loss: 0.0004
2025-09-29 00:00:21,461 [INFO] Época 16/30, Batch 1600/3348, Loss: 0.0004
2025-09-29 00:00:21,725 [INFO] Época 16/30, Batch 1650/3348, Loss: 0.0003
2025-09-29 00:00:21,985 [INFO] Época 16/30, Batch 1700/3348, Loss: 0.0004
2025-09-29 00:00:22,246 [INFO] Época 16/30, Batch 1750/3348, Loss: 0.0004
2025-09-29 00:00:22,508 [INFO] Época 16/30, Batch 1800/3348, Loss: 0.0006
2025-09-29 00:00:22,770 [INFO] Época 16/30, Batch 1850/3348, Loss: 0.0003
2025-09-29 00:00:23,031 [INFO] Época 16/30, Batch 1900/3348, Loss: 0.0004
2025-09-29 00:00:23,301 [INFO] Época 16/30, Batch 1950/3348, Loss: 0.0005
2025-09-29 00:00:23,565 [INFO] Época 16/30, Batch 2000/3348, Loss: 0.0005
2025-09-29 00:00:23,826 [INFO] Época 16/30, Batch 2050/3348, Loss: 0.0003
2025-09-29 00:00:24,087 [INFO] Época 16/30, Batch 2100/3348, Loss: 0.0004
2025-09-29 00:00:24,349 [INFO] Época 16/30, Batch 2150/3348, Loss: 0.0004
2025-09-29 00:00:24,613 [INFO] Época 16/30, Batch 2200/3348, Loss: 0.0005
2025-09-29 00:00:24,876 [INFO] Época 16/30, Batch 2250/3348, Loss: 0.0005
2025-09-29 00:00:25,139 [INFO] Época 16/30, Batch 2300/3348, Loss: 0.0006
2025-09-29 00:00:25,400 [INFO] Época 16/30, Batch 2350/3348, Loss: 0.0005
2025-09-29 00:00:25,666 [INFO] Época 16/30, Batch 2400/3348, Loss: 0.0004
2025-09-29 00:00:25,928 [INFO] Época 16/30, Batch 2450/3348, Loss: 0.0004
2025-09-29 00:00:26,188 [INFO] Época 16/30, Batch 2500/3348, Loss: 0.0003
2025-09-29 00:00:26,449 [INFO] Época 16/30, Batch 2550/3348, Loss: 0.0007
2025-09-29 00:00:26,710 [INFO] Época 16/30, Batch 2600/3348, Loss: 0.0004
2025-09-29 00:00:26,974 [INFO] Época 16/30, Batch 2650/3348, Loss: 0.0004
2025-09-29 00:00:27,233 [INFO] Época 16/30, Batch 2700/3348, Loss: 0.0007
2025-09-29 00:00:27,493 [INFO] Época 16/30, Batch 2750/3348, Loss: 0.0004
2025-09-29 00:00:27,755 [INFO] Época 16/30, Batch 2800/3348, Loss: 0.0004
2025-09-29 00:00:28,017 [INFO] Época 16/30, Batch 2850/3348, Loss: 0.0003
2025-09-29 00:00:28,279 [INFO] Época 16/30, Batch 2900/3348, Loss: 0.0008
2025-09-29 00:00:28,539 [INFO] Época 16/30, Batch 2950/3348, Loss: 0.0004
2025-09-29 00:00:28,801 [INFO] Época 16/30, Batch 3000/3348, Loss: 0.0004
2025-09-29 00:00:29,063 [INFO] Época 16/30, Batch 3050/3348, Loss: 0.0004
2025-09-29 00:00:29,326 [INFO] Época 16/30, Batch 3100/3348, Loss: 0.0003
2025-09-29 00:00:29,587 [INFO] Época 16/30, Batch 3150/3348, Loss: 0.0005
2025-09-29 00:00:29,847 [INFO] Época 16/30, Batch 3200/3348, Loss: 0.0004
2025-09-29 00:00:30,107 [INFO] Época 16/30, Batch 3250/3348, Loss: 0.0004
2025-09-29 00:00:30,367 [INFO] Época 16/30, Batch 3300/3348, Loss: 0.0006
2025-09-29 00:00:32,171 [INFO] [16/30] Train Loss: 0.0049 | Val Loss: 0.0004 | Tempo: 19.40s
2025-09-29 00:00:32,725 [INFO] Época 17/30, Batch 50/3348, Loss: 0.0004
2025-09-29 00:00:32,987 [INFO] Época 17/30, Batch 100/3348, Loss: 0.0006
2025-09-29 00:00:33,248 [INFO] Época 17/30, Batch 150/3348, Loss: 0.0003
2025-09-29 00:00:33,507 [INFO] Época 17/30, Batch 200/3348, Loss: 0.0004
2025-09-29 00:00:33,777 [INFO] Época 17/30, Batch 250/3348, Loss: 0.0004
2025-09-29 00:00:34,040 [INFO] Época 17/30, Batch 300/3348, Loss: 0.0007
2025-09-29 00:00:34,302 [INFO] Época 17/30, Batch 350/3348, Loss: 0.0005
2025-09-29 00:00:34,565 [INFO] Época 17/30, Batch 400/3348, Loss: 0.0005
2025-09-29 00:00:34,826 [INFO] Época 17/30, Batch 450/3348, Loss: 0.0004
2025-09-29 00:00:35,086 [INFO] Época 17/30, Batch 500/3348, Loss: 0.0005
2025-09-29 00:00:35,346 [INFO] Época 17/30, Batch 550/3348, Loss: 0.0003
2025-09-29 00:00:35,607 [INFO] Época 17/30, Batch 600/3348, Loss: 0.0003
2025-09-29 00:00:35,868 [INFO] Época 17/30, Batch 650/3348, Loss: 0.0004
2025-09-29 00:00:36,130 [INFO] Época 17/30, Batch 700/3348, Loss: 0.0023
2025-09-29 00:00:36,388 [INFO] Época 17/30, Batch 750/3348, Loss: 0.0004
2025-09-29 00:00:36,648 [INFO] Época 17/30, Batch 800/3348, Loss: 0.0005
2025-09-29 00:00:36,902 [INFO] Época 17/30, Batch 850/3348, Loss: 0.0006
2025-09-29 00:00:37,157 [INFO] Época 17/30, Batch 900/3348, Loss: 0.0004
2025-09-29 00:00:37,408 [INFO] Época 17/30, Batch 950/3348, Loss: 0.0003
2025-09-29 00:00:37,666 [INFO] Época 17/30, Batch 1000/3348, Loss: 0.0005
2025-09-29 00:00:37,923 [INFO] Época 17/30, Batch 1050/3348, Loss: 0.0004
2025-09-29 00:00:38,182 [INFO] Época 17/30, Batch 1100/3348, Loss: 0.0004
2025-09-29 00:00:38,442 [INFO] Época 17/30, Batch 1150/3348, Loss: 0.0005
2025-09-29 00:00:38,703 [INFO] Época 17/30, Batch 1200/3348, Loss: 0.0004
2025-09-29 00:00:38,973 [INFO] Época 17/30, Batch 1250/3348, Loss: 0.0007
2025-09-29 00:00:39,234 [INFO] Época 17/30, Batch 1300/3348, Loss: 0.0004
2025-09-29 00:00:39,495 [INFO] Época 17/30, Batch 1350/3348, Loss: 0.0004
2025-09-29 00:00:39,758 [INFO] Época 17/30, Batch 1400/3348, Loss: 0.0004
2025-09-29 00:00:40,021 [INFO] Época 17/30, Batch 1450/3348, Loss: 0.0004
2025-09-29 00:00:40,284 [INFO] Época 17/30, Batch 1500/3348, Loss: 0.0004
2025-09-29 00:00:40,544 [INFO] Época 17/30, Batch 1550/3348, Loss: 0.0004
2025-09-29 00:00:40,805 [INFO] Época 17/30, Batch 1600/3348, Loss: 0.0005
2025-09-29 00:00:41,071 [INFO] Época 17/30, Batch 1650/3348, Loss: 0.0006
2025-09-29 00:00:41,346 [INFO] Época 17/30, Batch 1700/3348, Loss: 0.0004
2025-09-29 00:00:41,622 [INFO] Época 17/30, Batch 1750/3348, Loss: 0.0005
2025-09-29 00:00:41,897 [INFO] Época 17/30, Batch 1800/3348, Loss: 0.0004
2025-09-29 00:00:42,173 [INFO] Época 17/30, Batch 1850/3348, Loss: 0.0004
2025-09-29 00:00:42,448 [INFO] Época 17/30, Batch 1900/3348, Loss: 0.0006
2025-09-29 00:00:42,725 [INFO] Época 17/30, Batch 1950/3348, Loss: 0.0004
2025-09-29 00:00:42,999 [INFO] Época 17/30, Batch 2000/3348, Loss: 0.0004
2025-09-29 00:00:43,276 [INFO] Época 17/30, Batch 2050/3348, Loss: 0.0006
2025-09-29 00:00:43,552 [INFO] Época 17/30, Batch 2100/3348, Loss: 0.0005
2025-09-29 00:00:43,829 [INFO] Época 17/30, Batch 2150/3348, Loss: 0.0003
2025-09-29 00:00:44,107 [INFO] Época 17/30, Batch 2200/3348, Loss: 0.0005
2025-09-29 00:00:44,383 [INFO] Época 17/30, Batch 2250/3348, Loss: 0.0005
2025-09-29 00:00:44,658 [INFO] Época 17/30, Batch 2300/3348, Loss: 0.0005
2025-09-29 00:00:44,935 [INFO] Época 17/30, Batch 2350/3348, Loss: 0.0004
2025-09-29 00:00:45,212 [INFO] Época 17/30, Batch 2400/3348, Loss: 0.0004
2025-09-29 00:00:45,489 [INFO] Época 17/30, Batch 2450/3348, Loss: 0.0003
2025-09-29 00:00:45,767 [INFO] Época 17/30, Batch 2500/3348, Loss: 0.0005
2025-09-29 00:00:46,046 [INFO] Época 17/30, Batch 2550/3348, Loss: 0.0004
2025-09-29 00:00:46,323 [INFO] Época 17/30, Batch 2600/3348, Loss: 0.0005
2025-09-29 00:00:46,601 [INFO] Época 17/30, Batch 2650/3348, Loss: 0.0003
2025-09-29 00:00:46,866 [INFO] Época 17/30, Batch 2700/3348, Loss: 0.0006
2025-09-29 00:00:47,129 [INFO] Época 17/30, Batch 2750/3348, Loss: 0.0003
2025-09-29 00:00:47,393 [INFO] Época 17/30, Batch 2800/3348, Loss: 0.0008
2025-09-29 00:00:47,655 [INFO] Época 17/30, Batch 2850/3348, Loss: 0.0004
2025-09-29 00:00:47,915 [INFO] Época 17/30, Batch 2900/3348, Loss: 0.0004
2025-09-29 00:00:48,176 [INFO] Época 17/30, Batch 2950/3348, Loss: 0.0006
2025-09-29 00:00:48,435 [INFO] Época 17/30, Batch 3000/3348, Loss: 0.0004
2025-09-29 00:00:48,698 [INFO] Época 17/30, Batch 3050/3348, Loss: 0.0005
2025-09-29 00:00:48,960 [INFO] Época 17/30, Batch 3100/3348, Loss: 0.0005
2025-09-29 00:00:49,228 [INFO] Época 17/30, Batch 3150/3348, Loss: 0.0005
2025-09-29 00:00:49,488 [INFO] Época 17/30, Batch 3200/3348, Loss: 0.0006
2025-09-29 00:00:49,749 [INFO] Época 17/30, Batch 3250/3348, Loss: 0.0004
2025-09-29 00:00:50,008 [INFO] Época 17/30, Batch 3300/3348, Loss: 0.0004
2025-09-29 00:00:51,809 [INFO] [17/30] Train Loss: 0.0049 | Val Loss: 0.0004 | Tempo: 19.64s
2025-09-29 00:00:52,380 [INFO] Época 18/30, Batch 50/3348, Loss: 0.0006
2025-09-29 00:00:52,657 [INFO] Época 18/30, Batch 100/3348, Loss: 0.0004
2025-09-29 00:00:52,936 [INFO] Época 18/30, Batch 150/3348, Loss: 0.0005
2025-09-29 00:00:53,215 [INFO] Época 18/30, Batch 200/3348, Loss: 0.0004
2025-09-29 00:00:53,493 [INFO] Época 18/30, Batch 250/3348, Loss: 0.0006
2025-09-29 00:00:53,771 [INFO] Época 18/30, Batch 300/3348, Loss: 0.0009
2025-09-29 00:00:54,046 [INFO] Época 18/30, Batch 350/3348, Loss: 0.0004
2025-09-29 00:00:54,335 [INFO] Época 18/30, Batch 400/3348, Loss: 0.0003
2025-09-29 00:00:54,612 [INFO] Época 18/30, Batch 450/3348, Loss: 0.0004
2025-09-29 00:00:54,888 [INFO] Época 18/30, Batch 500/3348, Loss: 0.0005
2025-09-29 00:00:55,164 [INFO] Época 18/30, Batch 550/3348, Loss: 0.0004
2025-09-29 00:00:55,440 [INFO] Época 18/30, Batch 600/3348, Loss: 0.0004
2025-09-29 00:00:55,716 [INFO] Época 18/30, Batch 650/3348, Loss: 0.0006
2025-09-29 00:00:55,993 [INFO] Época 18/30, Batch 700/3348, Loss: 0.0006
2025-09-29 00:00:56,270 [INFO] Época 18/30, Batch 750/3348, Loss: 0.0005
2025-09-29 00:00:56,544 [INFO] Época 18/30, Batch 800/3348, Loss: 0.0004
2025-09-29 00:00:56,813 [INFO] Época 18/30, Batch 850/3348, Loss: 0.0004
2025-09-29 00:00:57,086 [INFO] Época 18/30, Batch 900/3348, Loss: 0.0004
2025-09-29 00:00:57,352 [INFO] Época 18/30, Batch 950/3348, Loss: 0.0004
2025-09-29 00:00:57,615 [INFO] Época 18/30, Batch 1000/3348, Loss: 0.0005
2025-09-29 00:00:57,871 [INFO] Época 18/30, Batch 1050/3348, Loss: 0.0005
2025-09-29 00:00:58,140 [INFO] Época 18/30, Batch 1100/3348, Loss: 0.0006
2025-09-29 00:00:58,415 [INFO] Época 18/30, Batch 1150/3348, Loss: 0.0003
2025-09-29 00:00:58,689 [INFO] Época 18/30, Batch 1200/3348, Loss: 0.0004
2025-09-29 00:00:58,963 [INFO] Época 18/30, Batch 1250/3348, Loss: 0.0007
2025-09-29 00:00:59,236 [INFO] Época 18/30, Batch 1300/3348, Loss: 0.0007
2025-09-29 00:00:59,510 [INFO] Época 18/30, Batch 1350/3348, Loss: 0.0004
2025-09-29 00:00:59,784 [INFO] Época 18/30, Batch 1400/3348, Loss: 0.0004
2025-09-29 00:01:00,060 [INFO] Época 18/30, Batch 1450/3348, Loss: 0.0005
2025-09-29 00:01:00,333 [INFO] Época 18/30, Batch 1500/3348, Loss: 0.0005
2025-09-29 00:01:00,607 [INFO] Época 18/30, Batch 1550/3348, Loss: 0.0008
2025-09-29 00:01:00,881 [INFO] Época 18/30, Batch 1600/3348, Loss: 0.0005
2025-09-29 00:01:01,155 [INFO] Época 18/30, Batch 1650/3348, Loss: 0.0004
2025-09-29 00:01:01,421 [INFO] Época 18/30, Batch 1700/3348, Loss: 0.0006
2025-09-29 00:01:01,678 [INFO] Época 18/30, Batch 1750/3348, Loss: 0.0005
2025-09-29 00:01:01,939 [INFO] Época 18/30, Batch 1800/3348, Loss: 0.0005
2025-09-29 00:01:02,200 [INFO] Época 18/30, Batch 1850/3348, Loss: 0.0004
2025-09-29 00:01:02,460 [INFO] Época 18/30, Batch 1900/3348, Loss: 0.0004
2025-09-29 00:01:02,723 [INFO] Época 18/30, Batch 1950/3348, Loss: 0.0004
2025-09-29 00:01:02,984 [INFO] Época 18/30, Batch 2000/3348, Loss: 0.0005
2025-09-29 00:01:03,245 [INFO] Época 18/30, Batch 2050/3348, Loss: 0.0003
2025-09-29 00:01:03,505 [INFO] Época 18/30, Batch 2100/3348, Loss: 0.0004
2025-09-29 00:01:03,766 [INFO] Época 18/30, Batch 2150/3348, Loss: 0.0004
2025-09-29 00:01:04,026 [INFO] Época 18/30, Batch 2200/3348, Loss: 0.0005
2025-09-29 00:01:04,286 [INFO] Época 18/30, Batch 2250/3348, Loss: 0.0005
2025-09-29 00:01:04,557 [INFO] Época 18/30, Batch 2300/3348, Loss: 0.0003
2025-09-29 00:01:04,816 [INFO] Época 18/30, Batch 2350/3348, Loss: 0.0006
2025-09-29 00:01:05,075 [INFO] Época 18/30, Batch 2400/3348, Loss: 0.0004
2025-09-29 00:01:05,333 [INFO] Época 18/30, Batch 2450/3348, Loss: 0.0007
2025-09-29 00:01:05,593 [INFO] Época 18/30, Batch 2500/3348, Loss: 0.0006
2025-09-29 00:01:05,852 [INFO] Época 18/30, Batch 2550/3348, Loss: 0.0003
2025-09-29 00:01:06,110 [INFO] Época 18/30, Batch 2600/3348, Loss: 0.0004
2025-09-29 00:01:06,368 [INFO] Época 18/30, Batch 2650/3348, Loss: 0.0005
2025-09-29 00:01:06,626 [INFO] Época 18/30, Batch 2700/3348, Loss: 0.0005
2025-09-29 00:01:06,887 [INFO] Época 18/30, Batch 2750/3348, Loss: 0.0005
2025-09-29 00:01:07,147 [INFO] Época 18/30, Batch 2800/3348, Loss: 0.0004
2025-09-29 00:01:07,406 [INFO] Época 18/30, Batch 2850/3348, Loss: 0.0005
2025-09-29 00:01:07,664 [INFO] Época 18/30, Batch 2900/3348, Loss: 0.0005
2025-09-29 00:01:07,924 [INFO] Época 18/30, Batch 2950/3348, Loss: 0.0004
2025-09-29 00:01:08,187 [INFO] Época 18/30, Batch 3000/3348, Loss: 0.0003
2025-09-29 00:01:08,445 [INFO] Época 18/30, Batch 3050/3348, Loss: 0.0005
2025-09-29 00:01:08,702 [INFO] Época 18/30, Batch 3100/3348, Loss: 0.0005
2025-09-29 00:01:08,959 [INFO] Época 18/30, Batch 3150/3348, Loss: 0.0005
2025-09-29 00:01:09,217 [INFO] Época 18/30, Batch 3200/3348, Loss: 0.0004
2025-09-29 00:01:09,475 [INFO] Época 18/30, Batch 3250/3348, Loss: 0.0004
2025-09-29 00:01:09,745 [INFO] Época 18/30, Batch 3300/3348, Loss: 0.0006
2025-09-29 00:01:11,558 [INFO] [18/30] Train Loss: 0.0049 | Val Loss: 0.0005 | Tempo: 19.75s
2025-09-29 00:01:12,128 [INFO] Época 19/30, Batch 50/3348, Loss: 0.0005
2025-09-29 00:01:12,399 [INFO] Época 19/30, Batch 100/3348, Loss: 0.0004
2025-09-29 00:01:12,668 [INFO] Época 19/30, Batch 150/3348, Loss: 0.0004
2025-09-29 00:01:12,938 [INFO] Época 19/30, Batch 200/3348, Loss: 0.0004
2025-09-29 00:01:13,205 [INFO] Época 19/30, Batch 250/3348, Loss: 0.0005
2025-09-29 00:01:13,472 [INFO] Época 19/30, Batch 300/3348, Loss: 0.0005
2025-09-29 00:01:13,739 [INFO] Época 19/30, Batch 350/3348, Loss: 0.0004
2025-09-29 00:01:14,007 [INFO] Época 19/30, Batch 400/3348, Loss: 0.0004
2025-09-29 00:01:14,277 [INFO] Época 19/30, Batch 450/3348, Loss: 0.0006
2025-09-29 00:01:14,546 [INFO] Época 19/30, Batch 500/3348, Loss: 0.0004
2025-09-29 00:01:14,824 [INFO] Época 19/30, Batch 550/3348, Loss: 0.0006
2025-09-29 00:01:15,093 [INFO] Época 19/30, Batch 600/3348, Loss: 0.0004
2025-09-29 00:01:15,361 [INFO] Época 19/30, Batch 650/3348, Loss: 0.0004
2025-09-29 00:01:15,630 [INFO] Época 19/30, Batch 700/3348, Loss: 0.0007
2025-09-29 00:01:15,887 [INFO] Época 19/30, Batch 750/3348, Loss: 0.0004
2025-09-29 00:01:16,149 [INFO] Época 19/30, Batch 800/3348, Loss: 0.0003
2025-09-29 00:01:16,416 [INFO] Época 19/30, Batch 850/3348, Loss: 0.0005
2025-09-29 00:01:16,683 [INFO] Época 19/30, Batch 900/3348, Loss: 0.0004
2025-09-29 00:01:16,951 [INFO] Época 19/30, Batch 950/3348, Loss: 0.0005
2025-09-29 00:01:17,217 [INFO] Época 19/30, Batch 1000/3348, Loss: 0.0005
2025-09-29 00:01:17,483 [INFO] Época 19/30, Batch 1050/3348, Loss: 0.0004
2025-09-29 00:01:17,749 [INFO] Época 19/30, Batch 1100/3348, Loss: 0.0006
2025-09-29 00:01:18,016 [INFO] Época 19/30, Batch 1150/3348, Loss: 0.0004
2025-09-29 00:01:18,285 [INFO] Época 19/30, Batch 1200/3348, Loss: 0.0004
2025-09-29 00:01:18,554 [INFO] Época 19/30, Batch 1250/3348, Loss: 0.0004
2025-09-29 00:01:18,822 [INFO] Época 19/30, Batch 1300/3348, Loss: 0.0006
2025-09-29 00:01:19,090 [INFO] Época 19/30, Batch 1350/3348, Loss: 0.0004
2025-09-29 00:01:19,361 [INFO] Época 19/30, Batch 1400/3348, Loss: 0.0005
2025-09-29 00:01:19,630 [INFO] Época 19/30, Batch 1450/3348, Loss: 0.0005
2025-09-29 00:01:19,899 [INFO] Época 19/30, Batch 1500/3348, Loss: 0.0003
2025-09-29 00:01:20,168 [INFO] Época 19/30, Batch 1550/3348, Loss: 0.0003
2025-09-29 00:01:20,436 [INFO] Época 19/30, Batch 1600/3348, Loss: 0.0004
2025-09-29 00:01:20,705 [INFO] Época 19/30, Batch 1650/3348, Loss: 0.0004
2025-09-29 00:01:20,973 [INFO] Época 19/30, Batch 1700/3348, Loss: 0.0005
2025-09-29 00:01:21,243 [INFO] Época 19/30, Batch 1750/3348, Loss: 0.0006
2025-09-29 00:01:21,511 [INFO] Época 19/30, Batch 1800/3348, Loss: 0.0004
2025-09-29 00:01:21,780 [INFO] Época 19/30, Batch 1850/3348, Loss: 0.0003
2025-09-29 00:01:22,047 [INFO] Época 19/30, Batch 1900/3348, Loss: 0.0005
2025-09-29 00:01:22,315 [INFO] Época 19/30, Batch 1950/3348, Loss: 0.0003
2025-09-29 00:01:22,583 [INFO] Época 19/30, Batch 2000/3348, Loss: 0.0004
2025-09-29 00:01:22,853 [INFO] Época 19/30, Batch 2050/3348, Loss: 0.0005
2025-09-29 00:01:23,122 [INFO] Época 19/30, Batch 2100/3348, Loss: 0.0004
2025-09-29 00:01:23,391 [INFO] Época 19/30, Batch 2150/3348, Loss: 0.0004
2025-09-29 00:01:23,659 [INFO] Época 19/30, Batch 2200/3348, Loss: 0.0003
2025-09-29 00:01:23,930 [INFO] Época 19/30, Batch 2250/3348, Loss: 0.0005
2025-09-29 00:01:24,198 [INFO] Época 19/30, Batch 2300/3348, Loss: 0.0003
2025-09-29 00:01:24,466 [INFO] Época 19/30, Batch 2350/3348, Loss: 0.0005
2025-09-29 00:01:24,734 [INFO] Época 19/30, Batch 2400/3348, Loss: 0.0006
2025-09-29 00:01:25,011 [INFO] Época 19/30, Batch 2450/3348, Loss: 0.0005
2025-09-29 00:01:25,278 [INFO] Época 19/30, Batch 2500/3348, Loss: 0.0004
2025-09-29 00:01:25,546 [INFO] Época 19/30, Batch 2550/3348, Loss: 0.0004
2025-09-29 00:01:25,813 [INFO] Época 19/30, Batch 2600/3348, Loss: 0.0006
2025-09-29 00:01:26,080 [INFO] Época 19/30, Batch 2650/3348, Loss: 0.0003
2025-09-29 00:01:26,350 [INFO] Época 19/30, Batch 2700/3348, Loss: 0.0004
2025-09-29 00:01:26,621 [INFO] Época 19/30, Batch 2750/3348, Loss: 0.0005
2025-09-29 00:01:26,889 [INFO] Época 19/30, Batch 2800/3348, Loss: 0.0004
2025-09-29 00:01:27,158 [INFO] Época 19/30, Batch 2850/3348, Loss: 0.0004
2025-09-29 00:01:27,427 [INFO] Época 19/30, Batch 2900/3348, Loss: 0.0004
2025-09-29 00:01:27,697 [INFO] Época 19/30, Batch 2950/3348, Loss: 0.0005
2025-09-29 00:01:27,967 [INFO] Época 19/30, Batch 3000/3348, Loss: 0.0005
2025-09-29 00:01:28,235 [INFO] Época 19/30, Batch 3050/3348, Loss: 0.0006
2025-09-29 00:01:28,502 [INFO] Época 19/30, Batch 3100/3348, Loss: 0.0003
2025-09-29 00:01:28,770 [INFO] Época 19/30, Batch 3150/3348, Loss: 0.0004
2025-09-29 00:01:29,036 [INFO] Época 19/30, Batch 3200/3348, Loss: 0.0003
2025-09-29 00:01:29,305 [INFO] Época 19/30, Batch 3250/3348, Loss: 0.0004
2025-09-29 00:01:29,571 [INFO] Época 19/30, Batch 3300/3348, Loss: 0.0006
2025-09-29 00:01:31,396 [INFO] [19/30] Train Loss: 0.0049 | Val Loss: 0.0004 | Tempo: 19.84s
2025-09-29 00:01:31,957 [INFO] Época 20/30, Batch 50/3348, Loss: 0.0004
2025-09-29 00:01:32,221 [INFO] Época 20/30, Batch 100/3348, Loss: 0.0005
2025-09-29 00:01:32,488 [INFO] Época 20/30, Batch 150/3348, Loss: 0.0005
2025-09-29 00:01:32,755 [INFO] Época 20/30, Batch 200/3348, Loss: 0.0004
2025-09-29 00:01:33,024 [INFO] Época 20/30, Batch 250/3348, Loss: 0.0004
2025-09-29 00:01:33,289 [INFO] Época 20/30, Batch 300/3348, Loss: 0.0005
2025-09-29 00:01:33,552 [INFO] Época 20/30, Batch 350/3348, Loss: 0.0003
2025-09-29 00:01:33,813 [INFO] Época 20/30, Batch 400/3348, Loss: 0.0005
2025-09-29 00:01:34,074 [INFO] Época 20/30, Batch 450/3348, Loss: 0.0005
2025-09-29 00:01:34,337 [INFO] Época 20/30, Batch 500/3348, Loss: 0.0004
2025-09-29 00:01:34,597 [INFO] Época 20/30, Batch 550/3348, Loss: 0.0004
2025-09-29 00:01:34,864 [INFO] Época 20/30, Batch 600/3348, Loss: 0.0005
2025-09-29 00:01:35,122 [INFO] Época 20/30, Batch 650/3348, Loss: 0.0004
2025-09-29 00:01:35,380 [INFO] Época 20/30, Batch 700/3348, Loss: 0.0004
2025-09-29 00:01:35,631 [INFO] Época 20/30, Batch 750/3348, Loss: 0.0004
2025-09-29 00:01:35,884 [INFO] Época 20/30, Batch 800/3348, Loss: 0.0004
2025-09-29 00:01:36,137 [INFO] Época 20/30, Batch 850/3348, Loss: 0.0006
2025-09-29 00:01:36,394 [INFO] Época 20/30, Batch 900/3348, Loss: 0.0004
2025-09-29 00:01:36,653 [INFO] Época 20/30, Batch 950/3348, Loss: 0.0005
2025-09-29 00:01:36,910 [INFO] Época 20/30, Batch 1000/3348, Loss: 0.0005
2025-09-29 00:01:37,168 [INFO] Época 20/30, Batch 1050/3348, Loss: 0.0004
2025-09-29 00:01:37,425 [INFO] Época 20/30, Batch 1100/3348, Loss: 0.0004
2025-09-29 00:01:37,683 [INFO] Época 20/30, Batch 1150/3348, Loss: 0.0005
2025-09-29 00:01:37,941 [INFO] Época 20/30, Batch 1200/3348, Loss: 0.0004
2025-09-29 00:01:38,202 [INFO] Época 20/30, Batch 1250/3348, Loss: 0.0005
2025-09-29 00:01:38,458 [INFO] Época 20/30, Batch 1300/3348, Loss: 0.0004
2025-09-29 00:01:38,716 [INFO] Época 20/30, Batch 1350/3348, Loss: 0.0004
2025-09-29 00:01:38,978 [INFO] Época 20/30, Batch 1400/3348, Loss: 0.0005
2025-09-29 00:01:39,235 [INFO] Época 20/30, Batch 1450/3348, Loss: 0.0004
2025-09-29 00:01:39,494 [INFO] Época 20/30, Batch 1500/3348, Loss: 0.0007
2025-09-29 00:01:39,753 [INFO] Época 20/30, Batch 1550/3348, Loss: 0.0004
2025-09-29 00:01:40,012 [INFO] Época 20/30, Batch 1600/3348, Loss: 0.0005
2025-09-29 00:01:40,271 [INFO] Época 20/30, Batch 1650/3348, Loss: 0.0004
2025-09-29 00:01:40,529 [INFO] Época 20/30, Batch 1700/3348, Loss: 0.0004
2025-09-29 00:01:40,787 [INFO] Época 20/30, Batch 1750/3348, Loss: 0.0005
2025-09-29 00:01:41,045 [INFO] Época 20/30, Batch 1800/3348, Loss: 0.0007
2025-09-29 00:01:41,304 [INFO] Época 20/30, Batch 1850/3348, Loss: 0.0005
2025-09-29 00:01:41,562 [INFO] Época 20/30, Batch 1900/3348, Loss: 0.0004
2025-09-29 00:01:41,820 [INFO] Época 20/30, Batch 1950/3348, Loss: 0.0003
2025-09-29 00:01:42,081 [INFO] Época 20/30, Batch 2000/3348, Loss: 0.0006
2025-09-29 00:01:42,339 [INFO] Época 20/30, Batch 2050/3348, Loss: 0.0006
2025-09-29 00:01:42,598 [INFO] Época 20/30, Batch 2100/3348, Loss: 0.0004
2025-09-29 00:01:42,856 [INFO] Época 20/30, Batch 2150/3348, Loss: 0.0003
2025-09-29 00:01:43,112 [INFO] Época 20/30, Batch 2200/3348, Loss: 0.0006
2025-09-29 00:01:43,369 [INFO] Época 20/30, Batch 2250/3348, Loss: 0.0003
2025-09-29 00:01:43,627 [INFO] Época 20/30, Batch 2300/3348, Loss: 0.0004
2025-09-29 00:01:43,883 [INFO] Época 20/30, Batch 2350/3348, Loss: 0.0004
2025-09-29 00:01:44,139 [INFO] Época 20/30, Batch 2400/3348, Loss: 0.0004
2025-09-29 00:01:44,399 [INFO] Época 20/30, Batch 2450/3348, Loss: 0.0003
2025-09-29 00:01:44,662 [INFO] Época 20/30, Batch 2500/3348, Loss: 0.0006
2025-09-29 00:01:44,928 [INFO] Época 20/30, Batch 2550/3348, Loss: 0.0005
2025-09-29 00:01:45,191 [INFO] Época 20/30, Batch 2600/3348, Loss: 0.0006
2025-09-29 00:01:45,449 [INFO] Época 20/30, Batch 2650/3348, Loss: 0.0004
2025-09-29 00:01:45,707 [INFO] Época 20/30, Batch 2700/3348, Loss: 0.0005
2025-09-29 00:01:45,961 [INFO] Época 20/30, Batch 2750/3348, Loss: 0.0006
2025-09-29 00:01:46,218 [INFO] Época 20/30, Batch 2800/3348, Loss: 0.0005
2025-09-29 00:01:46,475 [INFO] Época 20/30, Batch 2850/3348, Loss: 0.0004
2025-09-29 00:01:46,730 [INFO] Época 20/30, Batch 2900/3348, Loss: 0.0003
2025-09-29 00:01:46,986 [INFO] Época 20/30, Batch 2950/3348, Loss: 0.0005
2025-09-29 00:01:47,254 [INFO] Época 20/30, Batch 3000/3348, Loss: 0.0005
2025-09-29 00:01:47,513 [INFO] Época 20/30, Batch 3050/3348, Loss: 0.0003
2025-09-29 00:01:47,771 [INFO] Época 20/30, Batch 3100/3348, Loss: 0.0004
2025-09-29 00:01:48,030 [INFO] Época 20/30, Batch 3150/3348, Loss: 0.0004
2025-09-29 00:01:48,289 [INFO] Época 20/30, Batch 3200/3348, Loss: 0.0003
2025-09-29 00:01:48,549 [INFO] Época 20/30, Batch 3250/3348, Loss: 0.0004
2025-09-29 00:01:48,814 [INFO] Época 20/30, Batch 3300/3348, Loss: 0.0004
2025-09-29 00:01:50,660 [INFO] [20/30] Train Loss: 0.0049 | Val Loss: 0.0004 | Tempo: 19.26s
2025-09-29 00:01:51,227 [INFO] Época 21/30, Batch 50/3348, Loss: 0.0004
2025-09-29 00:01:51,492 [INFO] Época 21/30, Batch 100/3348, Loss: 0.0005
2025-09-29 00:01:51,755 [INFO] Época 21/30, Batch 150/3348, Loss: 0.0004
2025-09-29 00:01:52,018 [INFO] Época 21/30, Batch 200/3348, Loss: 0.0005
2025-09-29 00:01:52,281 [INFO] Época 21/30, Batch 250/3348, Loss: 0.0007
2025-09-29 00:01:52,545 [INFO] Época 21/30, Batch 300/3348, Loss: 0.0005
2025-09-29 00:01:52,807 [INFO] Época 21/30, Batch 350/3348, Loss: 0.0003
2025-09-29 00:01:53,066 [INFO] Época 21/30, Batch 400/3348, Loss: 0.0005
2025-09-29 00:01:53,326 [INFO] Época 21/30, Batch 450/3348, Loss: 0.0005
2025-09-29 00:01:53,584 [INFO] Época 21/30, Batch 500/3348, Loss: 0.0004
2025-09-29 00:01:53,845 [INFO] Época 21/30, Batch 550/3348, Loss: 0.0004
2025-09-29 00:01:54,104 [INFO] Época 21/30, Batch 600/3348, Loss: 0.0003
2025-09-29 00:01:54,364 [INFO] Época 21/30, Batch 650/3348, Loss: 0.0005
2025-09-29 00:01:54,622 [INFO] Época 21/30, Batch 700/3348, Loss: 0.0005
2025-09-29 00:01:54,882 [INFO] Época 21/30, Batch 750/3348, Loss: 0.0003
2025-09-29 00:01:55,142 [INFO] Época 21/30, Batch 800/3348, Loss: 0.0004
2025-09-29 00:01:55,399 [INFO] Época 21/30, Batch 850/3348, Loss: 0.0003
2025-09-29 00:01:55,658 [INFO] Época 21/30, Batch 900/3348, Loss: 0.0004
2025-09-29 00:01:55,914 [INFO] Época 21/30, Batch 950/3348, Loss: 0.0003
2025-09-29 00:01:56,171 [INFO] Época 21/30, Batch 1000/3348, Loss: 0.0005
2025-09-29 00:01:56,428 [INFO] Época 21/30, Batch 1050/3348, Loss: 0.0004
2025-09-29 00:01:56,686 [INFO] Época 21/30, Batch 1100/3348, Loss: 0.0005
2025-09-29 00:01:56,944 [INFO] Época 21/30, Batch 1150/3348, Loss: 0.0004
2025-09-29 00:01:57,200 [INFO] Época 21/30, Batch 1200/3348, Loss: 0.0003
2025-09-29 00:01:57,468 [INFO] Época 21/30, Batch 1250/3348, Loss: 0.0006
2025-09-29 00:01:57,729 [INFO] Época 21/30, Batch 1300/3348, Loss: 0.0006
2025-09-29 00:01:57,989 [INFO] Época 21/30, Batch 1350/3348, Loss: 0.0004
2025-09-29 00:01:58,247 [INFO] Época 21/30, Batch 1400/3348, Loss: 0.0003
2025-09-29 00:01:58,507 [INFO] Época 21/30, Batch 1450/3348, Loss: 0.0004
2025-09-29 00:01:58,769 [INFO] Época 21/30, Batch 1500/3348, Loss: 0.0004
2025-09-29 00:01:59,030 [INFO] Época 21/30, Batch 1550/3348, Loss: 0.0004
2025-09-29 00:01:59,289 [INFO] Época 21/30, Batch 1600/3348, Loss: 0.0003
2025-09-29 00:01:59,547 [INFO] Época 21/30, Batch 1650/3348, Loss: 0.0003
2025-09-29 00:01:59,808 [INFO] Época 21/30, Batch 1700/3348, Loss: 0.0007
2025-09-29 00:02:00,068 [INFO] Época 21/30, Batch 1750/3348, Loss: 0.0005
2025-09-29 00:02:00,327 [INFO] Época 21/30, Batch 1800/3348, Loss: 0.0004
2025-09-29 00:02:00,588 [INFO] Época 21/30, Batch 1850/3348, Loss: 0.0003
2025-09-29 00:02:00,848 [INFO] Época 21/30, Batch 1900/3348, Loss: 0.0006
2025-09-29 00:02:01,106 [INFO] Época 21/30, Batch 1950/3348, Loss: 0.0003
2025-09-29 00:02:01,365 [INFO] Época 21/30, Batch 2000/3348, Loss: 0.0005
2025-09-29 00:02:01,626 [INFO] Época 21/30, Batch 2050/3348, Loss: 0.0004
2025-09-29 00:02:01,886 [INFO] Época 21/30, Batch 2100/3348, Loss: 0.0005
2025-09-29 00:02:02,146 [INFO] Época 21/30, Batch 2150/3348, Loss: 0.0004
2025-09-29 00:02:02,405 [INFO] Época 21/30, Batch 2200/3348, Loss: 0.0005
2025-09-29 00:02:02,674 [INFO] Época 21/30, Batch 2250/3348, Loss: 0.0004
2025-09-29 00:02:02,933 [INFO] Época 21/30, Batch 2300/3348, Loss: 0.0004
2025-09-29 00:02:03,194 [INFO] Época 21/30, Batch 2350/3348, Loss: 0.0004
2025-09-29 00:02:03,452 [INFO] Época 21/30, Batch 2400/3348, Loss: 0.0004
2025-09-29 00:02:03,721 [INFO] Época 21/30, Batch 2450/3348, Loss: 0.0005
2025-09-29 00:02:03,981 [INFO] Época 21/30, Batch 2500/3348, Loss: 0.0004
2025-09-29 00:02:04,240 [INFO] Época 21/30, Batch 2550/3348, Loss: 0.0006
2025-09-29 00:02:04,501 [INFO] Época 21/30, Batch 2600/3348, Loss: 0.0003
2025-09-29 00:02:04,760 [INFO] Época 21/30, Batch 2650/3348, Loss: 0.0004
2025-09-29 00:02:05,017 [INFO] Época 21/30, Batch 2700/3348, Loss: 0.0005
2025-09-29 00:02:05,275 [INFO] Época 21/30, Batch 2750/3348, Loss: 0.0006
2025-09-29 00:02:05,532 [INFO] Época 21/30, Batch 2800/3348, Loss: 0.0005
2025-09-29 00:02:05,792 [INFO] Época 21/30, Batch 2850/3348, Loss: 0.0004
2025-09-29 00:02:06,052 [INFO] Época 21/30, Batch 2900/3348, Loss: 0.0004
2025-09-29 00:02:06,311 [INFO] Época 21/30, Batch 2950/3348, Loss: 0.0004
2025-09-29 00:02:06,577 [INFO] Época 21/30, Batch 3000/3348, Loss: 0.0005
2025-09-29 00:02:06,853 [INFO] Época 21/30, Batch 3050/3348, Loss: 0.0005
2025-09-29 00:02:07,129 [INFO] Época 21/30, Batch 3100/3348, Loss: 0.0005
2025-09-29 00:02:07,407 [INFO] Época 21/30, Batch 3150/3348, Loss: 0.0003
2025-09-29 00:02:07,693 [INFO] Época 21/30, Batch 3200/3348, Loss: 0.0006
2025-09-29 00:02:07,967 [INFO] Época 21/30, Batch 3250/3348, Loss: 0.0005
2025-09-29 00:02:08,242 [INFO] Época 21/30, Batch 3300/3348, Loss: 0.0003
2025-09-29 00:02:10,060 [INFO] [21/30] Train Loss: 0.0049 | Val Loss: 0.0004 | Tempo: 19.40s
2025-09-29 00:02:10,621 [INFO] Época 22/30, Batch 50/3348, Loss: 0.0004
2025-09-29 00:02:10,887 [INFO] Época 22/30, Batch 100/3348, Loss: 0.0004
2025-09-29 00:02:11,148 [INFO] Época 22/30, Batch 150/3348, Loss: 0.0005
2025-09-29 00:02:11,409 [INFO] Época 22/30, Batch 200/3348, Loss: 0.0006
2025-09-29 00:02:11,669 [INFO] Época 22/30, Batch 250/3348, Loss: 0.0004
2025-09-29 00:02:11,931 [INFO] Época 22/30, Batch 300/3348, Loss: 0.0010
2025-09-29 00:02:12,189 [INFO] Época 22/30, Batch 350/3348, Loss: 0.0004
2025-09-29 00:02:12,447 [INFO] Época 22/30, Batch 400/3348, Loss: 0.0004
2025-09-29 00:02:12,705 [INFO] Época 22/30, Batch 450/3348, Loss: 0.0003
2025-09-29 00:02:12,963 [INFO] Época 22/30, Batch 500/3348, Loss: 0.0005
2025-09-29 00:02:13,222 [INFO] Época 22/30, Batch 550/3348, Loss: 0.0005
2025-09-29 00:02:13,479 [INFO] Época 22/30, Batch 600/3348, Loss: 0.0006
2025-09-29 00:02:13,746 [INFO] Época 22/30, Batch 650/3348, Loss: 0.0004
2025-09-29 00:02:14,013 [INFO] Época 22/30, Batch 700/3348, Loss: 0.0005
2025-09-29 00:02:14,271 [INFO] Época 22/30, Batch 750/3348, Loss: 0.0007
2025-09-29 00:02:14,530 [INFO] Época 22/30, Batch 800/3348, Loss: 0.0003
2025-09-29 00:02:14,790 [INFO] Época 22/30, Batch 850/3348, Loss: 0.0004
2025-09-29 00:02:15,048 [INFO] Época 22/30, Batch 900/3348, Loss: 0.0004
2025-09-29 00:02:15,304 [INFO] Época 22/30, Batch 950/3348, Loss: 0.0003
2025-09-29 00:02:15,560 [INFO] Época 22/30, Batch 1000/3348, Loss: 0.0004
2025-09-29 00:02:15,814 [INFO] Época 22/30, Batch 1050/3348, Loss: 0.0003
2025-09-29 00:02:16,069 [INFO] Época 22/30, Batch 1100/3348, Loss: 0.0004
2025-09-29 00:02:16,328 [INFO] Época 22/30, Batch 1150/3348, Loss: 0.0003
2025-09-29 00:02:16,588 [INFO] Época 22/30, Batch 1200/3348, Loss: 0.0004
2025-09-29 00:02:16,848 [INFO] Época 22/30, Batch 1250/3348, Loss: 0.0005
2025-09-29 00:02:17,109 [INFO] Época 22/30, Batch 1300/3348, Loss: 0.0006
2025-09-29 00:02:17,368 [INFO] Época 22/30, Batch 1350/3348, Loss: 0.0004
2025-09-29 00:02:17,630 [INFO] Época 22/30, Batch 1400/3348, Loss: 0.0006
2025-09-29 00:02:17,891 [INFO] Época 22/30, Batch 1450/3348, Loss: 0.0003
2025-09-29 00:02:18,150 [INFO] Época 22/30, Batch 1500/3348, Loss: 0.0005
2025-09-29 00:02:18,408 [INFO] Época 22/30, Batch 1550/3348, Loss: 0.0004
2025-09-29 00:02:18,667 [INFO] Época 22/30, Batch 1600/3348, Loss: 0.0005
2025-09-29 00:02:18,925 [INFO] Época 22/30, Batch 1650/3348, Loss: 0.0005
2025-09-29 00:02:19,184 [INFO] Época 22/30, Batch 1700/3348, Loss: 0.0006
2025-09-29 00:02:19,439 [INFO] Época 22/30, Batch 1750/3348, Loss: 0.0005
2025-09-29 00:02:19,698 [INFO] Época 22/30, Batch 1800/3348, Loss: 0.0004
2025-09-29 00:02:19,957 [INFO] Época 22/30, Batch 1850/3348, Loss: 0.0003
2025-09-29 00:02:20,214 [INFO] Época 22/30, Batch 1900/3348, Loss: 0.0013
2025-09-29 00:02:20,471 [INFO] Época 22/30, Batch 1950/3348, Loss: 0.0003
2025-09-29 00:02:20,729 [INFO] Época 22/30, Batch 2000/3348, Loss: 0.0005
2025-09-29 00:02:20,986 [INFO] Época 22/30, Batch 2050/3348, Loss: 0.0005
2025-09-29 00:02:21,243 [INFO] Época 22/30, Batch 2100/3348, Loss: 0.0004
2025-09-29 00:02:21,501 [INFO] Época 22/30, Batch 2150/3348, Loss: 0.0003
2025-09-29 00:02:21,759 [INFO] Época 22/30, Batch 2200/3348, Loss: 0.0003
2025-09-29 00:02:22,017 [INFO] Época 22/30, Batch 2250/3348, Loss: 0.0003
2025-09-29 00:02:22,274 [INFO] Época 22/30, Batch 2300/3348, Loss: 0.0005
2025-09-29 00:02:22,533 [INFO] Época 22/30, Batch 2350/3348, Loss: 0.0003
2025-09-29 00:02:22,792 [INFO] Época 22/30, Batch 2400/3348, Loss: 0.0005
2025-09-29 00:02:23,053 [INFO] Época 22/30, Batch 2450/3348, Loss: 0.0003
2025-09-29 00:02:23,310 [INFO] Época 22/30, Batch 2500/3348, Loss: 0.0004
2025-09-29 00:02:23,569 [INFO] Época 22/30, Batch 2550/3348, Loss: 0.0006
2025-09-29 00:02:23,828 [INFO] Época 22/30, Batch 2600/3348, Loss: 0.0005
2025-09-29 00:02:24,085 [INFO] Época 22/30, Batch 2650/3348, Loss: 0.0004
2025-09-29 00:02:24,343 [INFO] Época 22/30, Batch 2700/3348, Loss: 0.0004
2025-09-29 00:02:24,601 [INFO] Época 22/30, Batch 2750/3348, Loss: 0.0003
2025-09-29 00:02:24,860 [INFO] Época 22/30, Batch 2800/3348, Loss: 0.0005
2025-09-29 00:02:25,119 [INFO] Época 22/30, Batch 2850/3348, Loss: 0.0005
2025-09-29 00:02:25,377 [INFO] Época 22/30, Batch 2900/3348, Loss: 0.0005
2025-09-29 00:02:25,636 [INFO] Época 22/30, Batch 2950/3348, Loss: 0.0005
2025-09-29 00:02:25,896 [INFO] Época 22/30, Batch 3000/3348, Loss: 0.0007
2025-09-29 00:02:26,152 [INFO] Época 22/30, Batch 3050/3348, Loss: 0.0003
2025-09-29 00:02:26,411 [INFO] Época 22/30, Batch 3100/3348, Loss: 0.0007
2025-09-29 00:02:26,669 [INFO] Época 22/30, Batch 3150/3348, Loss: 0.0004
2025-09-29 00:02:26,926 [INFO] Época 22/30, Batch 3200/3348, Loss: 0.0004
2025-09-29 00:02:27,183 [INFO] Época 22/30, Batch 3250/3348, Loss: 0.0005
2025-09-29 00:02:27,441 [INFO] Época 22/30, Batch 3300/3348, Loss: 0.0003
2025-09-29 00:02:29,273 [INFO] [22/30] Train Loss: 0.0049 | Val Loss: 0.0004 | Tempo: 19.21s
2025-09-29 00:02:29,274 [INFO] Early stopping ativado após 10 épocas sem melhoria
2025-09-29 00:02:29,274 [INFO] Treinamento concluído em 427.59 segundos (7.13 minutos)
2025-09-29 00:02:29,274 [INFO] Iniciando avaliação no conjunto de teste...
2025-09-29 00:02:30,806 [INFO] Avaliação do teste concluída em 1.53 segundos
2025-09-29 00:02:30,806 [INFO] MSE no teste: 0.0000
2025-09-29 00:02:30,806 [INFO] RMSE no teste: 0.0007
2025-09-29 00:02:30,807 [INFO] MAE no teste: 0.0005
2025-09-29 00:02:30,807 [INFO] Métricas salvas em /mnt/hdd/home/jdurao/ToolBox-ChemXAI/logs/mlp_att0_EState_metrics.json
2025-09-29 00:02:30,820 [INFO] Iniciando treinamento do modelo mlp_att0_EState
2025-09-29 00:02:30,820 [INFO] Configuração: att_index=0, epochs=30, layers=[128, 64, 32], lr=0.001, batch_size=32, descriptor_type=EState
2025-09-29 00:02:30,820 [INFO] Diretório para modelos: /mnt/hdd/home/jdurao/ToolBox-ChemXAI/models
2025-09-29 00:02:30,820 [INFO] Carregando dados...
2025-09-29 00:02:30,913 [INFO] Preparando dataloaders sem ruído...
2025-09-29 00:02:31,854 [INFO] Dados carregados em 1.03 segundos
2025-09-29 00:02:31,854 [INFO] Tamanhos dos conjuntos - Treino: 107108, Validação: 13388, Teste: 13389
2025-09-29 00:02:31,854 [INFO] Usando dispositivo: cuda
2025-09-29 00:02:32,237 [INFO] Dimensão de entrada: 79, Dimensão de saída: 1
2025-09-29 00:02:32,238 [INFO] Criando modelo MLP com camadas: [128, 64, 32]
2025-09-29 00:02:32,241 [INFO] Modelo criado com 20609 parâmetros
2025-09-29 00:02:32,242 [INFO] Iniciando treinamento com 30 épocas...
2025-09-29 00:02:32,791 [INFO] Época 1/30, Batch 50/3348, Loss: 0.0028
2025-09-29 00:02:33,057 [INFO] Época 1/30, Batch 100/3348, Loss: 0.0010
2025-09-29 00:02:33,320 [INFO] Época 1/30, Batch 150/3348, Loss: 0.0011
2025-09-29 00:02:33,584 [INFO] Época 1/30, Batch 200/3348, Loss: 0.0005
2025-09-29 00:02:33,843 [INFO] Época 1/30, Batch 250/3348, Loss: 0.0009
2025-09-29 00:02:34,106 [INFO] Época 1/30, Batch 300/3348, Loss: 0.0008
2025-09-29 00:02:34,369 [INFO] Época 1/30, Batch 350/3348, Loss: 0.0006
2025-09-29 00:02:34,630 [INFO] Época 1/30, Batch 400/3348, Loss: 0.0009
2025-09-29 00:02:34,888 [INFO] Época 1/30, Batch 450/3348, Loss: 0.0006
2025-09-29 00:02:35,146 [INFO] Época 1/30, Batch 500/3348, Loss: 0.0009
2025-09-29 00:02:35,403 [INFO] Época 1/30, Batch 550/3348, Loss: 0.0006
2025-09-29 00:02:35,656 [INFO] Época 1/30, Batch 600/3348, Loss: 0.0006
2025-09-29 00:02:35,910 [INFO] Época 1/30, Batch 650/3348, Loss: 0.0004
2025-09-29 00:02:36,163 [INFO] Época 1/30, Batch 700/3348, Loss: 0.0004
2025-09-29 00:02:36,416 [INFO] Época 1/30, Batch 750/3348, Loss: 0.0006
2025-09-29 00:02:36,668 [INFO] Época 1/30, Batch 800/3348, Loss: 0.0006
2025-09-29 00:02:36,923 [INFO] Época 1/30, Batch 850/3348, Loss: 0.0004
2025-09-29 00:02:37,175 [INFO] Época 1/30, Batch 900/3348, Loss: 0.0005
2025-09-29 00:02:37,430 [INFO] Época 1/30, Batch 950/3348, Loss: 0.0005
2025-09-29 00:02:37,687 [INFO] Época 1/30, Batch 1000/3348, Loss: 0.0004
2025-09-29 00:02:37,947 [INFO] Época 1/30, Batch 1050/3348, Loss: 0.0008
2025-09-29 00:02:38,206 [INFO] Época 1/30, Batch 1100/3348, Loss: 0.0007
2025-09-29 00:02:38,467 [INFO] Época 1/30, Batch 1150/3348, Loss: 0.0003
2025-09-29 00:02:38,731 [INFO] Época 1/30, Batch 1200/3348, Loss: 0.0005
2025-09-29 00:02:38,992 [INFO] Época 1/30, Batch 1250/3348, Loss: 0.0006
2025-09-29 00:02:39,255 [INFO] Época 1/30, Batch 1300/3348, Loss: 0.0005
2025-09-29 00:02:39,517 [INFO] Época 1/30, Batch 1350/3348, Loss: 0.0005
2025-09-29 00:02:39,789 [INFO] Época 1/30, Batch 1400/3348, Loss: 0.0006
2025-09-29 00:02:40,051 [INFO] Época 1/30, Batch 1450/3348, Loss: 0.0006
2025-09-29 00:02:40,315 [INFO] Época 1/30, Batch 1500/3348, Loss: 0.0007
2025-09-29 00:02:40,576 [INFO] Época 1/30, Batch 1550/3348, Loss: 0.0005
2025-09-29 00:02:40,839 [INFO] Época 1/30, Batch 1600/3348, Loss: 0.0006
2025-09-29 00:02:41,102 [INFO] Época 1/30, Batch 1650/3348, Loss: 0.0006
2025-09-29 00:02:41,364 [INFO] Época 1/30, Batch 1700/3348, Loss: 0.0008
2025-09-29 00:02:41,624 [INFO] Época 1/30, Batch 1750/3348, Loss: 0.0009
2025-09-29 00:02:41,886 [INFO] Época 1/30, Batch 1800/3348, Loss: 0.0005
2025-09-29 00:02:42,147 [INFO] Época 1/30, Batch 1850/3348, Loss: 0.0004
2025-09-29 00:02:42,410 [INFO] Época 1/30, Batch 1900/3348, Loss: 0.0005
2025-09-29 00:02:42,674 [INFO] Época 1/30, Batch 1950/3348, Loss: 0.0003
2025-09-29 00:02:42,937 [INFO] Época 1/30, Batch 2000/3348, Loss: 0.0005
2025-09-29 00:02:43,198 [INFO] Época 1/30, Batch 2050/3348, Loss: 0.0007
2025-09-29 00:02:43,463 [INFO] Época 1/30, Batch 2100/3348, Loss: 0.0007
2025-09-29 00:02:43,727 [INFO] Época 1/30, Batch 2150/3348, Loss: 0.0008
2025-09-29 00:02:43,991 [INFO] Época 1/30, Batch 2200/3348, Loss: 0.0004
2025-09-29 00:02:44,255 [INFO] Época 1/30, Batch 2250/3348, Loss: 0.0004
2025-09-29 00:02:44,518 [INFO] Época 1/30, Batch 2300/3348, Loss: 0.0004
2025-09-29 00:02:44,783 [INFO] Época 1/30, Batch 2350/3348, Loss: 0.0005
2025-09-29 00:02:45,047 [INFO] Época 1/30, Batch 2400/3348, Loss: 0.0005
2025-09-29 00:02:45,309 [INFO] Época 1/30, Batch 2450/3348, Loss: 0.0003
2025-09-29 00:02:45,572 [INFO] Época 1/30, Batch 2500/3348, Loss: 0.0004
2025-09-29 00:02:45,832 [INFO] Época 1/30, Batch 2550/3348, Loss: 0.0004
2025-09-29 00:02:46,087 [INFO] Época 1/30, Batch 2600/3348, Loss: 0.0006
2025-09-29 00:02:46,341 [INFO] Época 1/30, Batch 2650/3348, Loss: 0.0004
2025-09-29 00:02:46,595 [INFO] Época 1/30, Batch 2700/3348, Loss: 0.0004
2025-09-29 00:02:46,851 [INFO] Época 1/30, Batch 2750/3348, Loss: 0.0005
2025-09-29 00:02:47,106 [INFO] Época 1/30, Batch 2800/3348, Loss: 0.0004
2025-09-29 00:02:47,358 [INFO] Época 1/30, Batch 2850/3348, Loss: 0.0010
2025-09-29 00:02:47,613 [INFO] Época 1/30, Batch 2900/3348, Loss: 0.0006
2025-09-29 00:02:47,869 [INFO] Época 1/30, Batch 2950/3348, Loss: 0.0004
2025-09-29 00:02:48,127 [INFO] Época 1/30, Batch 3000/3348, Loss: 0.0142
2025-09-29 00:02:48,382 [INFO] Época 1/30, Batch 3050/3348, Loss: 0.0003
2025-09-29 00:02:48,637 [INFO] Época 1/30, Batch 3100/3348, Loss: 0.0005
2025-09-29 00:02:48,892 [INFO] Época 1/30, Batch 3150/3348, Loss: 0.0006
2025-09-29 00:02:49,147 [INFO] Época 1/30, Batch 3200/3348, Loss: 0.0006
2025-09-29 00:02:49,403 [INFO] Época 1/30, Batch 3250/3348, Loss: 0.0005
2025-09-29 00:02:49,656 [INFO] Época 1/30, Batch 3300/3348, Loss: 0.0007
2025-09-29 00:02:51,484 [INFO] [1/30] Train Loss: 0.0051 | Val Loss: 0.0004 | Tempo: 19.24s
2025-09-29 00:02:51,488 [INFO] Melhor modelo salvo em: /mnt/hdd/home/jdurao/ToolBox-ChemXAI/models/mlp_qm9_EState_att0.pth
2025-09-29 00:02:52,048 [INFO] Época 2/30, Batch 50/3348, Loss: 0.0010
2025-09-29 00:02:52,316 [INFO] Época 2/30, Batch 100/3348, Loss: 0.0007
2025-09-29 00:02:52,582 [INFO] Época 2/30, Batch 150/3348, Loss: 0.0004
2025-09-29 00:02:52,847 [INFO] Época 2/30, Batch 200/3348, Loss: 0.0006
2025-09-29 00:02:53,113 [INFO] Época 2/30, Batch 250/3348, Loss: 0.0006
2025-09-29 00:02:53,377 [INFO] Época 2/30, Batch 300/3348, Loss: 0.0006
2025-09-29 00:02:53,642 [INFO] Época 2/30, Batch 350/3348, Loss: 0.0008
2025-09-29 00:02:53,904 [INFO] Época 2/30, Batch 400/3348, Loss: 0.0008
2025-09-29 00:02:54,166 [INFO] Época 2/30, Batch 450/3348, Loss: 0.0006
2025-09-29 00:02:54,429 [INFO] Época 2/30, Batch 500/3348, Loss: 0.0005
2025-09-29 00:02:54,692 [INFO] Época 2/30, Batch 550/3348, Loss: 0.0004
2025-09-29 00:02:54,956 [INFO] Época 2/30, Batch 600/3348, Loss: 0.0003
2025-09-29 00:02:55,220 [INFO] Época 2/30, Batch 650/3348, Loss: 0.0004
2025-09-29 00:02:55,483 [INFO] Época 2/30, Batch 700/3348, Loss: 0.0006
2025-09-29 00:02:55,737 [INFO] Época 2/30, Batch 750/3348, Loss: 0.0005
2025-09-29 00:02:55,989 [INFO] Época 2/30, Batch 800/3348, Loss: 0.0011
2025-09-29 00:02:56,242 [INFO] Época 2/30, Batch 850/3348, Loss: 0.0004
2025-09-29 00:02:56,495 [INFO] Época 2/30, Batch 900/3348, Loss: 0.0005
2025-09-29 00:02:56,748 [INFO] Época 2/30, Batch 950/3348, Loss: 0.0006
2025-09-29 00:02:57,001 [INFO] Época 2/30, Batch 1000/3348, Loss: 0.0005
2025-09-29 00:02:57,255 [INFO] Época 2/30, Batch 1050/3348, Loss: 0.0006
2025-09-29 00:02:57,501 [INFO] Época 2/30, Batch 1100/3348, Loss: 0.0007
2025-09-29 00:02:57,743 [INFO] Época 2/30, Batch 1150/3348, Loss: 0.0007
2025-09-29 00:02:57,993 [INFO] Época 2/30, Batch 1200/3348, Loss: 0.0005
2025-09-29 00:02:58,247 [INFO] Época 2/30, Batch 1250/3348, Loss: 0.0004
2025-09-29 00:02:58,508 [INFO] Época 2/30, Batch 1300/3348, Loss: 0.0004
2025-09-29 00:02:58,767 [INFO] Época 2/30, Batch 1350/3348, Loss: 0.0004
2025-09-29 00:02:59,026 [INFO] Época 2/30, Batch 1400/3348, Loss: 0.0004
2025-09-29 00:02:59,286 [INFO] Época 2/30, Batch 1450/3348, Loss: 0.0004
2025-09-29 00:02:59,547 [INFO] Época 2/30, Batch 1500/3348, Loss: 0.0004
2025-09-29 00:02:59,807 [INFO] Época 2/30, Batch 1550/3348, Loss: 0.0005
2025-09-29 00:03:00,068 [INFO] Época 2/30, Batch 1600/3348, Loss: 0.0004
2025-09-29 00:03:00,325 [INFO] Época 2/30, Batch 1650/3348, Loss: 0.0003
2025-09-29 00:03:00,585 [INFO] Época 2/30, Batch 1700/3348, Loss: 0.0004
2025-09-29 00:03:00,846 [INFO] Época 2/30, Batch 1750/3348, Loss: 0.0004
2025-09-29 00:03:01,106 [INFO] Época 2/30, Batch 1800/3348, Loss: 0.0005
2025-09-29 00:03:01,366 [INFO] Época 2/30, Batch 1850/3348, Loss: 0.0004
2025-09-29 00:03:01,623 [INFO] Época 2/30, Batch 1900/3348, Loss: 0.0006
2025-09-29 00:03:01,878 [INFO] Época 2/30, Batch 1950/3348, Loss: 0.0006
2025-09-29 00:03:02,134 [INFO] Época 2/30, Batch 2000/3348, Loss: 0.0004
2025-09-29 00:03:02,389 [INFO] Época 2/30, Batch 2050/3348, Loss: 0.0005
2025-09-29 00:03:02,643 [INFO] Época 2/30, Batch 2100/3348, Loss: 0.0004
2025-09-29 00:03:02,898 [INFO] Época 2/30, Batch 2150/3348, Loss: 0.0006
2025-09-29 00:03:03,152 [INFO] Época 2/30, Batch 2200/3348, Loss: 0.0004
2025-09-29 00:03:03,407 [INFO] Época 2/30, Batch 2250/3348, Loss: 0.0004
2025-09-29 00:03:03,661 [INFO] Época 2/30, Batch 2300/3348, Loss: 0.0005
2025-09-29 00:03:03,914 [INFO] Época 2/30, Batch 2350/3348, Loss: 0.0005
2025-09-29 00:03:04,167 [INFO] Época 2/30, Batch 2400/3348, Loss: 0.0005
2025-09-29 00:03:04,423 [INFO] Época 2/30, Batch 2450/3348, Loss: 0.0005
2025-09-29 00:03:04,677 [INFO] Época 2/30, Batch 2500/3348, Loss: 0.0010
2025-09-29 00:03:04,934 [INFO] Época 2/30, Batch 2550/3348, Loss: 0.0008
2025-09-29 00:03:05,194 [INFO] Época 2/30, Batch 2600/3348, Loss: 0.0006
2025-09-29 00:03:05,454 [INFO] Época 2/30, Batch 2650/3348, Loss: 0.0006
2025-09-29 00:03:05,714 [INFO] Época 2/30, Batch 2700/3348, Loss: 0.0003
2025-09-29 00:03:05,975 [INFO] Época 2/30, Batch 2750/3348, Loss: 0.0006
2025-09-29 00:03:06,238 [INFO] Época 2/30, Batch 2800/3348, Loss: 0.0005
2025-09-29 00:03:06,495 [INFO] Época 2/30, Batch 2850/3348, Loss: 0.0004
2025-09-29 00:03:06,748 [INFO] Época 2/30, Batch 2900/3348, Loss: 0.0006
2025-09-29 00:03:06,999 [INFO] Época 2/30, Batch 2950/3348, Loss: 0.0003
2025-09-29 00:03:07,251 [INFO] Época 2/30, Batch 3000/3348, Loss: 0.0003
2025-09-29 00:03:07,503 [INFO] Época 2/30, Batch 3050/3348, Loss: 0.0004
2025-09-29 00:03:07,757 [INFO] Época 2/30, Batch 3100/3348, Loss: 0.0004
2025-09-29 00:03:08,007 [INFO] Época 2/30, Batch 3150/3348, Loss: 0.0004
2025-09-29 00:03:08,261 [INFO] Época 2/30, Batch 3200/3348, Loss: 0.0003
2025-09-29 00:03:08,513 [INFO] Época 2/30, Batch 3250/3348, Loss: 0.0004
2025-09-29 00:03:08,765 [INFO] Época 2/30, Batch 3300/3348, Loss: 0.0005
2025-09-29 00:03:10,546 [INFO] [2/30] Train Loss: 0.0049 | Val Loss: 0.0008 | Tempo: 19.06s
2025-09-29 00:03:11,110 [INFO] Época 3/30, Batch 50/3348, Loss: 0.0005
2025-09-29 00:03:11,373 [INFO] Época 3/30, Batch 100/3348, Loss: 0.0005
2025-09-29 00:03:11,632 [INFO] Época 3/30, Batch 150/3348, Loss: 0.0004
2025-09-29 00:03:11,892 [INFO] Época 3/30, Batch 200/3348, Loss: 0.0005
2025-09-29 00:03:12,152 [INFO] Época 3/30, Batch 250/3348, Loss: 0.0005
2025-09-29 00:03:12,411 [INFO] Época 3/30, Batch 300/3348, Loss: 0.0005
2025-09-29 00:03:12,670 [INFO] Época 3/30, Batch 350/3348, Loss: 0.0005
2025-09-29 00:03:12,927 [INFO] Época 3/30, Batch 400/3348, Loss: 0.0004
2025-09-29 00:03:13,187 [INFO] Época 3/30, Batch 450/3348, Loss: 0.0006
2025-09-29 00:03:13,445 [INFO] Época 3/30, Batch 500/3348, Loss: 0.0005
2025-09-29 00:03:13,704 [INFO] Época 3/30, Batch 550/3348, Loss: 0.0006
2025-09-29 00:03:13,974 [INFO] Época 3/30, Batch 600/3348, Loss: 0.0004
2025-09-29 00:03:14,242 [INFO] Época 3/30, Batch 650/3348, Loss: 0.0004
2025-09-29 00:03:14,511 [INFO] Época 3/30, Batch 700/3348, Loss: 0.0004
2025-09-29 00:03:14,778 [INFO] Época 3/30, Batch 750/3348, Loss: 0.0005
2025-09-29 00:03:15,046 [INFO] Época 3/30, Batch 800/3348, Loss: 0.0006
2025-09-29 00:03:15,313 [INFO] Época 3/30, Batch 850/3348, Loss: 0.0004
2025-09-29 00:03:15,583 [INFO] Época 3/30, Batch 900/3348, Loss: 0.0003
2025-09-29 00:03:15,849 [INFO] Época 3/30, Batch 950/3348, Loss: 0.0005
2025-09-29 00:03:16,119 [INFO] Época 3/30, Batch 1000/3348, Loss: 0.0004
2025-09-29 00:03:16,389 [INFO] Época 3/30, Batch 1050/3348, Loss: 0.0004
2025-09-29 00:03:16,658 [INFO] Época 3/30, Batch 1100/3348, Loss: 0.0008
2025-09-29 00:03:16,928 [INFO] Época 3/30, Batch 1150/3348, Loss: 0.0005
2025-09-29 00:03:17,191 [INFO] Época 3/30, Batch 1200/3348, Loss: 0.0004
2025-09-29 00:03:17,451 [INFO] Época 3/30, Batch 1250/3348, Loss: 0.0005
2025-09-29 00:03:17,714 [INFO] Época 3/30, Batch 1300/3348, Loss: 0.0006
2025-09-29 00:03:17,974 [INFO] Época 3/30, Batch 1350/3348, Loss: 0.0004
2025-09-29 00:03:18,234 [INFO] Época 3/30, Batch 1400/3348, Loss: 0.0006
2025-09-29 00:03:18,492 [INFO] Época 3/30, Batch 1450/3348, Loss: 0.0004
2025-09-29 00:03:18,750 [INFO] Época 3/30, Batch 1500/3348, Loss: 0.0007
2025-09-29 00:03:19,011 [INFO] Época 3/30, Batch 1550/3348, Loss: 0.0006
2025-09-29 00:03:19,267 [INFO] Época 3/30, Batch 1600/3348, Loss: 0.0006
2025-09-29 00:03:19,525 [INFO] Época 3/30, Batch 1650/3348, Loss: 0.0006
2025-09-29 00:03:19,792 [INFO] Época 3/30, Batch 1700/3348, Loss: 0.0004
2025-09-29 00:03:20,061 [INFO] Época 3/30, Batch 1750/3348, Loss: 0.0006
2025-09-29 00:03:20,328 [INFO] Época 3/30, Batch 1800/3348, Loss: 0.0005
2025-09-29 00:03:20,594 [INFO] Época 3/30, Batch 1850/3348, Loss: 0.0008
2025-09-29 00:03:20,862 [INFO] Época 3/30, Batch 1900/3348, Loss: 0.0009
2025-09-29 00:03:21,130 [INFO] Época 3/30, Batch 1950/3348, Loss: 0.0004
2025-09-29 00:03:21,398 [INFO] Época 3/30, Batch 2000/3348, Loss: 0.0005
2025-09-29 00:03:21,667 [INFO] Época 3/30, Batch 2050/3348, Loss: 0.0004
2025-09-29 00:03:21,926 [INFO] Época 3/30, Batch 2100/3348, Loss: 0.0006
2025-09-29 00:03:22,185 [INFO] Época 3/30, Batch 2150/3348, Loss: 0.0005
2025-09-29 00:03:22,445 [INFO] Época 3/30, Batch 2200/3348, Loss: 0.0004
2025-09-29 00:03:22,708 [INFO] Época 3/30, Batch 2250/3348, Loss: 0.0006
2025-09-29 00:03:22,979 [INFO] Época 3/30, Batch 2300/3348, Loss: 0.0004
2025-09-29 00:03:23,243 [INFO] Época 3/30, Batch 2350/3348, Loss: 0.0005
2025-09-29 00:03:23,501 [INFO] Época 3/30, Batch 2400/3348, Loss: 0.0005
2025-09-29 00:03:23,764 [INFO] Época 3/30, Batch 2450/3348, Loss: 0.0005
2025-09-29 00:03:24,033 [INFO] Época 3/30, Batch 2500/3348, Loss: 0.0006
2025-09-29 00:03:24,301 [INFO] Época 3/30, Batch 2550/3348, Loss: 0.0006
2025-09-29 00:03:24,568 [INFO] Época 3/30, Batch 2600/3348, Loss: 0.0006
2025-09-29 00:03:24,836 [INFO] Época 3/30, Batch 2650/3348, Loss: 0.0007
2025-09-29 00:03:25,102 [INFO] Época 3/30, Batch 2700/3348, Loss: 0.0005
2025-09-29 00:03:25,370 [INFO] Época 3/30, Batch 2750/3348, Loss: 0.0008
2025-09-29 00:03:25,638 [INFO] Época 3/30, Batch 2800/3348, Loss: 0.0006
2025-09-29 00:03:25,917 [INFO] Época 3/30, Batch 2850/3348, Loss: 0.0004
2025-09-29 00:03:26,183 [INFO] Época 3/30, Batch 2900/3348, Loss: 0.0003
2025-09-29 00:03:26,450 [INFO] Época 3/30, Batch 2950/3348, Loss: 0.0006
2025-09-29 00:03:26,716 [INFO] Época 3/30, Batch 3000/3348, Loss: 0.0004
2025-09-29 00:03:26,982 [INFO] Época 3/30, Batch 3050/3348, Loss: 0.0006
2025-09-29 00:03:27,251 [INFO] Época 3/30, Batch 3100/3348, Loss: 0.0004
2025-09-29 00:03:27,517 [INFO] Época 3/30, Batch 3150/3348, Loss: 0.0004
2025-09-29 00:03:27,775 [INFO] Época 3/30, Batch 3200/3348, Loss: 0.0004
2025-09-29 00:03:28,033 [INFO] Época 3/30, Batch 3250/3348, Loss: 0.0004
2025-09-29 00:03:28,291 [INFO] Época 3/30, Batch 3300/3348, Loss: 0.0005
2025-09-29 00:03:30,028 [INFO] [3/30] Train Loss: 0.0049 | Val Loss: 0.0004 | Tempo: 19.48s
2025-09-29 00:03:30,564 [INFO] Época 4/30, Batch 50/3348, Loss: 0.0006
2025-09-29 00:03:30,827 [INFO] Época 4/30, Batch 100/3348, Loss: 0.0008
2025-09-29 00:03:31,098 [INFO] Época 4/30, Batch 150/3348, Loss: 0.0006
2025-09-29 00:03:31,357 [INFO] Época 4/30, Batch 200/3348, Loss: 0.0004
2025-09-29 00:03:31,616 [INFO] Época 4/30, Batch 250/3348, Loss: 0.0003
2025-09-29 00:03:31,876 [INFO] Época 4/30, Batch 300/3348, Loss: 0.0004
2025-09-29 00:03:32,133 [INFO] Época 4/30, Batch 350/3348, Loss: 0.0004
2025-09-29 00:03:32,390 [INFO] Época 4/30, Batch 400/3348, Loss: 0.0006
2025-09-29 00:03:32,650 [INFO] Época 4/30, Batch 450/3348, Loss: 0.0005
2025-09-29 00:03:32,906 [INFO] Época 4/30, Batch 500/3348, Loss: 0.0005
2025-09-29 00:03:33,165 [INFO] Época 4/30, Batch 550/3348, Loss: 0.0004
2025-09-29 00:03:33,423 [INFO] Época 4/30, Batch 600/3348, Loss: 0.0004
2025-09-29 00:03:33,680 [INFO] Época 4/30, Batch 650/3348, Loss: 0.0006
2025-09-29 00:03:33,938 [INFO] Época 4/30, Batch 700/3348, Loss: 0.0005
2025-09-29 00:03:34,198 [INFO] Época 4/30, Batch 750/3348, Loss: 0.0005
2025-09-29 00:03:34,458 [INFO] Época 4/30, Batch 800/3348, Loss: 0.0004
2025-09-29 00:03:34,716 [INFO] Época 4/30, Batch 850/3348, Loss: 0.0009
2025-09-29 00:03:34,975 [INFO] Época 4/30, Batch 900/3348, Loss: 0.0006
2025-09-29 00:03:35,232 [INFO] Época 4/30, Batch 950/3348, Loss: 0.0005
2025-09-29 00:03:35,490 [INFO] Época 4/30, Batch 1000/3348, Loss: 0.0007
2025-09-29 00:03:35,750 [INFO] Época 4/30, Batch 1050/3348, Loss: 0.0005
2025-09-29 00:03:36,007 [INFO] Época 4/30, Batch 1100/3348, Loss: 0.0004
2025-09-29 00:03:36,264 [INFO] Época 4/30, Batch 1150/3348, Loss: 0.0005
2025-09-29 00:03:36,521 [INFO] Época 4/30, Batch 1200/3348, Loss: 0.0005
2025-09-29 00:03:36,778 [INFO] Época 4/30, Batch 1250/3348, Loss: 0.0005
2025-09-29 00:03:37,035 [INFO] Época 4/30, Batch 1300/3348, Loss: 0.0010
2025-09-29 00:03:37,295 [INFO] Época 4/30, Batch 1350/3348, Loss: 0.0004
2025-09-29 00:03:37,552 [INFO] Época 4/30, Batch 1400/3348, Loss: 0.0004
2025-09-29 00:03:37,810 [INFO] Época 4/30, Batch 1450/3348, Loss: 0.0006
2025-09-29 00:03:38,068 [INFO] Época 4/30, Batch 1500/3348, Loss: 0.0004
2025-09-29 00:03:38,326 [INFO] Época 4/30, Batch 1550/3348, Loss: 0.0004
2025-09-29 00:03:38,585 [INFO] Época 4/30, Batch 1600/3348, Loss: 0.0006
2025-09-29 00:03:38,842 [INFO] Época 4/30, Batch 1650/3348, Loss: 0.0005
2025-09-29 00:03:39,100 [INFO] Época 4/30, Batch 1700/3348, Loss: 0.0006
2025-09-29 00:03:39,360 [INFO] Época 4/30, Batch 1750/3348, Loss: 0.0004
2025-09-29 00:03:39,618 [INFO] Época 4/30, Batch 1800/3348, Loss: 0.0005
2025-09-29 00:03:39,876 [INFO] Época 4/30, Batch 1850/3348, Loss: 0.0005
2025-09-29 00:03:40,133 [INFO] Época 4/30, Batch 1900/3348, Loss: 0.0007
2025-09-29 00:03:40,391 [INFO] Época 4/30, Batch 1950/3348, Loss: 0.0004
2025-09-29 00:03:40,649 [INFO] Época 4/30, Batch 2000/3348, Loss: 0.0005
2025-09-29 00:03:40,907 [INFO] Época 4/30, Batch 2050/3348, Loss: 0.0005
2025-09-29 00:03:41,168 [INFO] Época 4/30, Batch 2100/3348, Loss: 0.0004
2025-09-29 00:03:41,429 [INFO] Época 4/30, Batch 2150/3348, Loss: 0.0004
2025-09-29 00:03:41,688 [INFO] Época 4/30, Batch 2200/3348, Loss: 0.0006
2025-09-29 00:03:41,947 [INFO] Época 4/30, Batch 2250/3348, Loss: 0.0006
2025-09-29 00:03:42,205 [INFO] Época 4/30, Batch 2300/3348, Loss: 0.0004
2025-09-29 00:03:42,467 [INFO] Época 4/30, Batch 2350/3348, Loss: 0.0005
2025-09-29 00:03:42,725 [INFO] Época 4/30, Batch 2400/3348, Loss: 0.0005
2025-09-29 00:03:42,983 [INFO] Época 4/30, Batch 2450/3348, Loss: 0.0005
2025-09-29 00:03:43,241 [INFO] Época 4/30, Batch 2500/3348, Loss: 0.0006
2025-09-29 00:03:43,499 [INFO] Época 4/30, Batch 2550/3348, Loss: 0.0005
2025-09-29 00:03:43,758 [INFO] Época 4/30, Batch 2600/3348, Loss: 0.0004
2025-09-29 00:03:44,015 [INFO] Época 4/30, Batch 2650/3348, Loss: 0.0005
2025-09-29 00:03:44,273 [INFO] Época 4/30, Batch 2700/3348, Loss: 0.0007
2025-09-29 00:03:44,531 [INFO] Época 4/30, Batch 2750/3348, Loss: 0.0005
2025-09-29 00:03:44,788 [INFO] Época 4/30, Batch 2800/3348, Loss: 0.0005
2025-09-29 00:03:45,048 [INFO] Época 4/30, Batch 2850/3348, Loss: 0.0005
2025-09-29 00:03:45,305 [INFO] Época 4/30, Batch 2900/3348, Loss: 0.0006
2025-09-29 00:03:45,562 [INFO] Época 4/30, Batch 2950/3348, Loss: 0.0005
2025-09-29 00:03:45,820 [INFO] Época 4/30, Batch 3000/3348, Loss: 0.0005
2025-09-29 00:03:46,079 [INFO] Época 4/30, Batch 3050/3348, Loss: 0.0006
2025-09-29 00:03:46,339 [INFO] Época 4/30, Batch 3100/3348, Loss: 0.0004
2025-09-29 00:03:46,598 [INFO] Época 4/30, Batch 3150/3348, Loss: 0.0004
2025-09-29 00:03:46,857 [INFO] Época 4/30, Batch 3200/3348, Loss: 0.0003
2025-09-29 00:03:47,115 [INFO] Época 4/30, Batch 3250/3348, Loss: 0.0004
2025-09-29 00:03:47,372 [INFO] Época 4/30, Batch 3300/3348, Loss: 0.0004
2025-09-29 00:03:49,185 [INFO] [4/30] Train Loss: 0.0049 | Val Loss: 0.0004 | Tempo: 19.16s
2025-09-29 00:03:49,754 [INFO] Época 5/30, Batch 50/3348, Loss: 0.0005
2025-09-29 00:03:50,018 [INFO] Época 5/30, Batch 100/3348, Loss: 0.0002
2025-09-29 00:03:50,281 [INFO] Época 5/30, Batch 150/3348, Loss: 0.0005
2025-09-29 00:03:50,541 [INFO] Época 5/30, Batch 200/3348, Loss: 0.0006
2025-09-29 00:03:50,799 [INFO] Época 5/30, Batch 250/3348, Loss: 0.0005
2025-09-29 00:03:51,057 [INFO] Época 5/30, Batch 300/3348, Loss: 0.0004
2025-09-29 00:03:51,315 [INFO] Época 5/30, Batch 350/3348, Loss: 0.0007
2025-09-29 00:03:51,573 [INFO] Época 5/30, Batch 400/3348, Loss: 0.0009
2025-09-29 00:03:51,830 [INFO] Época 5/30, Batch 450/3348, Loss: 0.0005
2025-09-29 00:03:52,087 [INFO] Época 5/30, Batch 500/3348, Loss: 10.7054
2025-09-29 00:03:52,346 [INFO] Época 5/30, Batch 550/3348, Loss: 0.0003
2025-09-29 00:03:52,605 [INFO] Época 5/30, Batch 600/3348, Loss: 0.0007
2025-09-29 00:03:52,862 [INFO] Época 5/30, Batch 650/3348, Loss: 0.0005
2025-09-29 00:03:53,120 [INFO] Época 5/30, Batch 700/3348, Loss: 0.0004
2025-09-29 00:03:53,378 [INFO] Época 5/30, Batch 750/3348, Loss: 0.0004
2025-09-29 00:03:53,634 [INFO] Época 5/30, Batch 800/3348, Loss: 0.0004
2025-09-29 00:03:53,893 [INFO] Época 5/30, Batch 850/3348, Loss: 0.0005
2025-09-29 00:03:54,150 [INFO] Época 5/30, Batch 900/3348, Loss: 0.0003
2025-09-29 00:03:54,407 [INFO] Época 5/30, Batch 950/3348, Loss: 0.0004
2025-09-29 00:03:54,666 [INFO] Época 5/30, Batch 1000/3348, Loss: 0.0003
2025-09-29 00:03:54,924 [INFO] Época 5/30, Batch 1050/3348, Loss: 0.0004
2025-09-29 00:03:55,182 [INFO] Época 5/30, Batch 1100/3348, Loss: 0.0007
2025-09-29 00:03:55,439 [INFO] Época 5/30, Batch 1150/3348, Loss: 0.0006
2025-09-29 00:03:55,698 [INFO] Época 5/30, Batch 1200/3348, Loss: 0.0005
2025-09-29 00:03:55,958 [INFO] Época 5/30, Batch 1250/3348, Loss: 0.0004
2025-09-29 00:03:56,216 [INFO] Época 5/30, Batch 1300/3348, Loss: 0.0007
2025-09-29 00:03:56,475 [INFO] Época 5/30, Batch 1350/3348, Loss: 0.0004
2025-09-29 00:03:56,732 [INFO] Época 5/30, Batch 1400/3348, Loss: 0.0005
2025-09-29 00:03:56,987 [INFO] Época 5/30, Batch 1450/3348, Loss: 0.0004
2025-09-29 00:03:57,243 [INFO] Época 5/30, Batch 1500/3348, Loss: 0.0005
2025-09-29 00:03:57,499 [INFO] Época 5/30, Batch 1550/3348, Loss: 0.0005
2025-09-29 00:03:57,757 [INFO] Época 5/30, Batch 1600/3348, Loss: 0.0006
2025-09-29 00:03:58,013 [INFO] Época 5/30, Batch 1650/3348, Loss: 0.0004
2025-09-29 00:03:58,270 [INFO] Época 5/30, Batch 1700/3348, Loss: 0.0007
2025-09-29 00:03:58,526 [INFO] Época 5/30, Batch 1750/3348, Loss: 0.0004
2025-09-29 00:03:58,784 [INFO] Época 5/30, Batch 1800/3348, Loss: 0.0004
2025-09-29 00:03:59,041 [INFO] Época 5/30, Batch 1850/3348, Loss: 0.0003
2025-09-29 00:03:59,298 [INFO] Época 5/30, Batch 1900/3348, Loss: 0.0003
2025-09-29 00:03:59,555 [INFO] Época 5/30, Batch 1950/3348, Loss: 0.0005
2025-09-29 00:03:59,811 [INFO] Época 5/30, Batch 2000/3348, Loss: 0.0003
2025-09-29 00:04:00,066 [INFO] Época 5/30, Batch 2050/3348, Loss: 0.0005
2025-09-29 00:04:00,323 [INFO] Época 5/30, Batch 2100/3348, Loss: 0.0004
2025-09-29 00:04:00,579 [INFO] Época 5/30, Batch 2150/3348, Loss: 0.0004
2025-09-29 00:04:00,837 [INFO] Época 5/30, Batch 2200/3348, Loss: 0.0003
2025-09-29 00:04:01,095 [INFO] Época 5/30, Batch 2250/3348, Loss: 0.0005
2025-09-29 00:04:01,351 [INFO] Época 5/30, Batch 2300/3348, Loss: 0.0004
2025-09-29 00:04:01,609 [INFO] Época 5/30, Batch 2350/3348, Loss: 0.0008
2025-09-29 00:04:01,870 [INFO] Época 5/30, Batch 2400/3348, Loss: 0.0003
2025-09-29 00:04:02,131 [INFO] Época 5/30, Batch 2450/3348, Loss: 0.0007
2025-09-29 00:04:02,392 [INFO] Época 5/30, Batch 2500/3348, Loss: 0.0004
2025-09-29 00:04:02,652 [INFO] Época 5/30, Batch 2550/3348, Loss: 0.0005
2025-09-29 00:04:02,910 [INFO] Época 5/30, Batch 2600/3348, Loss: 0.0004
2025-09-29 00:04:03,169 [INFO] Época 5/30, Batch 2650/3348, Loss: 0.0004
2025-09-29 00:04:03,426 [INFO] Época 5/30, Batch 2700/3348, Loss: 0.0006
2025-09-29 00:04:03,682 [INFO] Época 5/30, Batch 2750/3348, Loss: 0.0003
2025-09-29 00:04:03,937 [INFO] Época 5/30, Batch 2800/3348, Loss: 0.0004
2025-09-29 00:04:04,194 [INFO] Época 5/30, Batch 2850/3348, Loss: 0.0004
2025-09-29 00:04:04,451 [INFO] Época 5/30, Batch 2900/3348, Loss: 0.0005
2025-09-29 00:04:04,710 [INFO] Época 5/30, Batch 2950/3348, Loss: 0.0005
2025-09-29 00:04:04,966 [INFO] Época 5/30, Batch 3000/3348, Loss: 0.0005
2025-09-29 00:04:05,221 [INFO] Época 5/30, Batch 3050/3348, Loss: 0.0007
2025-09-29 00:04:05,476 [INFO] Época 5/30, Batch 3100/3348, Loss: 0.0005
2025-09-29 00:04:05,733 [INFO] Época 5/30, Batch 3150/3348, Loss: 0.0004
2025-09-29 00:04:05,991 [INFO] Época 5/30, Batch 3200/3348, Loss: 0.0004
2025-09-29 00:04:06,248 [INFO] Época 5/30, Batch 3250/3348, Loss: 0.0004
2025-09-29 00:04:06,506 [INFO] Época 5/30, Batch 3300/3348, Loss: 0.0005
2025-09-29 00:04:08,206 [INFO] [5/30] Train Loss: 0.0049 | Val Loss: 0.0004 | Tempo: 19.02s
2025-09-29 00:04:08,211 [INFO] Melhor modelo salvo em: /mnt/hdd/home/jdurao/ToolBox-ChemXAI/models/mlp_qm9_EState_att0.pth
2025-09-29 00:04:08,766 [INFO] Época 6/30, Batch 50/3348, Loss: 0.0006
2025-09-29 00:04:09,034 [INFO] Época 6/30, Batch 100/3348, Loss: 0.0006
2025-09-29 00:04:09,300 [INFO] Época 6/30, Batch 150/3348, Loss: 0.0005
2025-09-29 00:04:09,563 [INFO] Época 6/30, Batch 200/3348, Loss: 0.0006
2025-09-29 00:04:09,826 [INFO] Época 6/30, Batch 250/3348, Loss: 0.0005
2025-09-29 00:04:10,090 [INFO] Época 6/30, Batch 300/3348, Loss: 0.0005
2025-09-29 00:04:10,354 [INFO] Época 6/30, Batch 350/3348, Loss: 0.0008
2025-09-29 00:04:10,617 [INFO] Época 6/30, Batch 400/3348, Loss: 0.0003
2025-09-29 00:04:10,881 [INFO] Época 6/30, Batch 450/3348, Loss: 0.0005
2025-09-29 00:04:11,144 [INFO] Época 6/30, Batch 500/3348, Loss: 0.0004
2025-09-29 00:04:11,406 [INFO] Época 6/30, Batch 550/3348, Loss: 0.0006
2025-09-29 00:04:11,667 [INFO] Época 6/30, Batch 600/3348, Loss: 0.0004
2025-09-29 00:04:11,928 [INFO] Época 6/30, Batch 650/3348, Loss: 0.0003
2025-09-29 00:04:12,187 [INFO] Época 6/30, Batch 700/3348, Loss: 0.0005
2025-09-29 00:04:12,448 [INFO] Época 6/30, Batch 750/3348, Loss: 0.0003
2025-09-29 00:04:12,709 [INFO] Época 6/30, Batch 800/3348, Loss: 0.0004
2025-09-29 00:04:12,970 [INFO] Época 6/30, Batch 850/3348, Loss: 0.0005
2025-09-29 00:04:13,232 [INFO] Época 6/30, Batch 900/3348, Loss: 0.0006
2025-09-29 00:04:13,505 [INFO] Época 6/30, Batch 950/3348, Loss: 4.0184
2025-09-29 00:04:13,768 [INFO] Época 6/30, Batch 1000/3348, Loss: 0.0004
2025-09-29 00:04:14,030 [INFO] Época 6/30, Batch 1050/3348, Loss: 0.0006
2025-09-29 00:04:14,294 [INFO] Época 6/30, Batch 1100/3348, Loss: 0.0003
2025-09-29 00:04:14,557 [INFO] Época 6/30, Batch 1150/3348, Loss: 0.0007
2025-09-29 00:04:14,818 [INFO] Época 6/30, Batch 1200/3348, Loss: 0.0005
2025-09-29 00:04:15,079 [INFO] Época 6/30, Batch 1250/3348, Loss: 0.0006
2025-09-29 00:04:15,342 [INFO] Época 6/30, Batch 1300/3348, Loss: 0.0005
2025-09-29 00:04:15,603 [INFO] Época 6/30, Batch 1350/3348, Loss: 0.0005
2025-09-29 00:04:15,866 [INFO] Época 6/30, Batch 1400/3348, Loss: 0.0005
2025-09-29 00:04:16,129 [INFO] Época 6/30, Batch 1450/3348, Loss: 0.0005
2025-09-29 00:04:16,389 [INFO] Época 6/30, Batch 1500/3348, Loss: 0.0004
2025-09-29 00:04:16,646 [INFO] Época 6/30, Batch 1550/3348, Loss: 0.0005
2025-09-29 00:04:16,900 [INFO] Época 6/30, Batch 1600/3348, Loss: 0.0005
2025-09-29 00:04:17,159 [INFO] Época 6/30, Batch 1650/3348, Loss: 0.0004
2025-09-29 00:04:17,416 [INFO] Época 6/30, Batch 1700/3348, Loss: 0.0004
2025-09-29 00:04:17,673 [INFO] Época 6/30, Batch 1750/3348, Loss: 0.0003
2025-09-29 00:04:17,928 [INFO] Época 6/30, Batch 1800/3348, Loss: 0.0004
2025-09-29 00:04:18,184 [INFO] Época 6/30, Batch 1850/3348, Loss: 0.0005
2025-09-29 00:04:18,442 [INFO] Época 6/30, Batch 1900/3348, Loss: 0.0003
2025-09-29 00:04:18,707 [INFO] Época 6/30, Batch 1950/3348, Loss: 0.0004
2025-09-29 00:04:18,963 [INFO] Época 6/30, Batch 2000/3348, Loss: 0.0004
2025-09-29 00:04:19,220 [INFO] Época 6/30, Batch 2050/3348, Loss: 0.0004
2025-09-29 00:04:19,477 [INFO] Época 6/30, Batch 2100/3348, Loss: 0.0005
2025-09-29 00:04:19,736 [INFO] Época 6/30, Batch 2150/3348, Loss: 0.0003
2025-09-29 00:04:19,993 [INFO] Época 6/30, Batch 2200/3348, Loss: 0.0006
2025-09-29 00:04:20,249 [INFO] Época 6/30, Batch 2250/3348, Loss: 0.0004
2025-09-29 00:04:20,505 [INFO] Época 6/30, Batch 2300/3348, Loss: 0.0004
2025-09-29 00:04:20,762 [INFO] Época 6/30, Batch 2350/3348, Loss: 0.0002
2025-09-29 00:04:21,018 [INFO] Época 6/30, Batch 2400/3348, Loss: 0.0004
2025-09-29 00:04:21,274 [INFO] Época 6/30, Batch 2450/3348, Loss: 0.0004
2025-09-29 00:04:21,531 [INFO] Época 6/30, Batch 2500/3348, Loss: 0.0005
2025-09-29 00:04:21,786 [INFO] Época 6/30, Batch 2550/3348, Loss: 0.0004
2025-09-29 00:04:22,043 [INFO] Época 6/30, Batch 2600/3348, Loss: 0.0007
2025-09-29 00:04:22,299 [INFO] Época 6/30, Batch 2650/3348, Loss: 0.0004
2025-09-29 00:04:22,557 [INFO] Época 6/30, Batch 2700/3348, Loss: 0.0005
2025-09-29 00:04:22,816 [INFO] Época 6/30, Batch 2750/3348, Loss: 0.0004
2025-09-29 00:04:23,072 [INFO] Época 6/30, Batch 2800/3348, Loss: 0.0004
2025-09-29 00:04:23,327 [INFO] Época 6/30, Batch 2850/3348, Loss: 0.0008
2025-09-29 00:04:23,583 [INFO] Época 6/30, Batch 2900/3348, Loss: 0.0003
2025-09-29 00:04:23,839 [INFO] Época 6/30, Batch 2950/3348, Loss: 0.0007
2025-09-29 00:04:24,095 [INFO] Época 6/30, Batch 3000/3348, Loss: 0.0003
2025-09-29 00:04:24,352 [INFO] Época 6/30, Batch 3050/3348, Loss: 0.0006
2025-09-29 00:04:24,608 [INFO] Época 6/30, Batch 3100/3348, Loss: 0.0004
2025-09-29 00:04:24,867 [INFO] Época 6/30, Batch 3150/3348, Loss: 0.0003
2025-09-29 00:04:25,129 [INFO] Época 6/30, Batch 3200/3348, Loss: 0.0005
2025-09-29 00:04:25,388 [INFO] Época 6/30, Batch 3250/3348, Loss: 0.0005
2025-09-29 00:04:25,647 [INFO] Época 6/30, Batch 3300/3348, Loss: 0.0006
2025-09-29 00:04:27,468 [INFO] [6/30] Train Loss: 0.0049 | Val Loss: 0.0006 | Tempo: 19.26s
2025-09-29 00:04:28,035 [INFO] Época 7/30, Batch 50/3348, Loss: 0.0004
2025-09-29 00:04:28,299 [INFO] Época 7/30, Batch 100/3348, Loss: 0.0004
2025-09-29 00:04:28,561 [INFO] Época 7/30, Batch 150/3348, Loss: 0.0004
2025-09-29 00:04:28,823 [INFO] Época 7/30, Batch 200/3348, Loss: 0.0004
2025-09-29 00:04:29,176 [INFO] Época 7/30, Batch 250/3348, Loss: 0.0005
2025-09-29 00:04:29,435 [INFO] Época 7/30, Batch 300/3348, Loss: 0.0004
2025-09-29 00:04:29,695 [INFO] Época 7/30, Batch 350/3348, Loss: 0.0004
2025-09-29 00:04:29,954 [INFO] Época 7/30, Batch 400/3348, Loss: 0.0006
2025-09-29 00:04:30,214 [INFO] Época 7/30, Batch 450/3348, Loss: 0.0005
2025-09-29 00:04:30,474 [INFO] Época 7/30, Batch 500/3348, Loss: 0.0006
2025-09-29 00:04:30,733 [INFO] Época 7/30, Batch 550/3348, Loss: 0.0005
2025-09-29 00:04:30,994 [INFO] Época 7/30, Batch 600/3348, Loss: 0.0004
2025-09-29 00:04:31,254 [INFO] Época 7/30, Batch 650/3348, Loss: 0.0004
2025-09-29 00:04:31,514 [INFO] Época 7/30, Batch 700/3348, Loss: 0.0005
2025-09-29 00:04:31,772 [INFO] Época 7/30, Batch 750/3348, Loss: 0.0003
2025-09-29 00:04:32,030 [INFO] Época 7/30, Batch 800/3348, Loss: 0.0004
2025-09-29 00:04:32,284 [INFO] Época 7/30, Batch 850/3348, Loss: 0.0004
2025-09-29 00:04:32,532 [INFO] Época 7/30, Batch 900/3348, Loss: 0.0008
2025-09-29 00:04:32,778 [INFO] Época 7/30, Batch 950/3348, Loss: 0.0003
2025-09-29 00:04:33,026 [INFO] Época 7/30, Batch 1000/3348, Loss: 0.0004
2025-09-29 00:04:33,272 [INFO] Época 7/30, Batch 1050/3348, Loss: 0.0006
2025-09-29 00:04:33,520 [INFO] Época 7/30, Batch 1100/3348, Loss: 0.0006
2025-09-29 00:04:33,768 [INFO] Época 7/30, Batch 1150/3348, Loss: 0.0004
2025-09-29 00:04:34,016 [INFO] Época 7/30, Batch 1200/3348, Loss: 0.0004
2025-09-29 00:04:34,279 [INFO] Época 7/30, Batch 1250/3348, Loss: 0.0003
2025-09-29 00:04:34,537 [INFO] Época 7/30, Batch 1300/3348, Loss: 0.0003
2025-09-29 00:04:34,796 [INFO] Época 7/30, Batch 1350/3348, Loss: 0.0005
2025-09-29 00:04:35,056 [INFO] Época 7/30, Batch 1400/3348, Loss: 0.0004
2025-09-29 00:04:35,316 [INFO] Época 7/30, Batch 1450/3348, Loss: 0.0005
2025-09-29 00:04:35,576 [INFO] Época 7/30, Batch 1500/3348, Loss: 0.0006
2025-09-29 00:04:35,835 [INFO] Época 7/30, Batch 1550/3348, Loss: 0.0004
2025-09-29 00:04:36,094 [INFO] Época 7/30, Batch 1600/3348, Loss: 0.0004
2025-09-29 00:04:36,351 [INFO] Época 7/30, Batch 1650/3348, Loss: 0.0004
2025-09-29 00:04:36,611 [INFO] Época 7/30, Batch 1700/3348, Loss: 0.0007
2025-09-29 00:04:36,868 [INFO] Época 7/30, Batch 1750/3348, Loss: 0.0005
2025-09-29 00:04:37,126 [INFO] Época 7/30, Batch 1800/3348, Loss: 0.0005
2025-09-29 00:04:37,384 [INFO] Época 7/30, Batch 1850/3348, Loss: 0.0005
2025-09-29 00:04:37,643 [INFO] Época 7/30, Batch 1900/3348, Loss: 0.0006
2025-09-29 00:04:37,903 [INFO] Época 7/30, Batch 1950/3348, Loss: 0.0003
2025-09-29 00:04:38,160 [INFO] Época 7/30, Batch 2000/3348, Loss: 0.0005
2025-09-29 00:04:38,418 [INFO] Época 7/30, Batch 2050/3348, Loss: 0.0004
2025-09-29 00:04:38,675 [INFO] Época 7/30, Batch 2100/3348, Loss: 0.0004
2025-09-29 00:04:38,933 [INFO] Época 7/30, Batch 2150/3348, Loss: 0.0003
2025-09-29 00:04:39,195 [INFO] Época 7/30, Batch 2200/3348, Loss: 0.0006
2025-09-29 00:04:39,456 [INFO] Época 7/30, Batch 2250/3348, Loss: 0.0003
2025-09-29 00:04:39,714 [INFO] Época 7/30, Batch 2300/3348, Loss: 0.0005
2025-09-29 00:04:39,972 [INFO] Época 7/30, Batch 2350/3348, Loss: 0.0004
2025-09-29 00:04:40,232 [INFO] Época 7/30, Batch 2400/3348, Loss: 0.0004
2025-09-29 00:04:40,493 [INFO] Época 7/30, Batch 2450/3348, Loss: 0.0005
2025-09-29 00:04:40,752 [INFO] Época 7/30, Batch 2500/3348, Loss: 0.0005
2025-09-29 00:04:41,013 [INFO] Época 7/30, Batch 2550/3348, Loss: 0.0004
2025-09-29 00:04:41,273 [INFO] Época 7/30, Batch 2600/3348, Loss: 0.0004
2025-09-29 00:04:41,533 [INFO] Época 7/30, Batch 2650/3348, Loss: 0.0004
2025-09-29 00:04:41,795 [INFO] Época 7/30, Batch 2700/3348, Loss: 0.0004
2025-09-29 00:04:42,053 [INFO] Época 7/30, Batch 2750/3348, Loss: 0.0005
2025-09-29 00:04:42,312 [INFO] Época 7/30, Batch 2800/3348, Loss: 0.0006
2025-09-29 00:04:42,570 [INFO] Época 7/30, Batch 2850/3348, Loss: 0.0008
2025-09-29 00:04:42,828 [INFO] Época 7/30, Batch 2900/3348, Loss: 0.0004
2025-09-29 00:04:43,087 [INFO] Época 7/30, Batch 2950/3348, Loss: 0.0005
2025-09-29 00:04:43,345 [INFO] Época 7/30, Batch 3000/3348, Loss: 0.0006
2025-09-29 00:04:43,605 [INFO] Época 7/30, Batch 3050/3348, Loss: 0.0006
2025-09-29 00:04:43,864 [INFO] Época 7/30, Batch 3100/3348, Loss: 0.0006
2025-09-29 00:04:44,124 [INFO] Época 7/30, Batch 3150/3348, Loss: 0.0005
2025-09-29 00:04:44,383 [INFO] Época 7/30, Batch 3200/3348, Loss: 0.0004
2025-09-29 00:04:44,654 [INFO] Época 7/30, Batch 3250/3348, Loss: 0.0004
2025-09-29 00:04:44,914 [INFO] Época 7/30, Batch 3300/3348, Loss: 0.0006
2025-09-29 00:04:46,681 [INFO] [7/30] Train Loss: 0.0049 | Val Loss: 0.0004 | Tempo: 19.21s
2025-09-29 00:04:47,240 [INFO] Época 8/30, Batch 50/3348, Loss: 0.0005
2025-09-29 00:04:47,504 [INFO] Época 8/30, Batch 100/3348, Loss: 0.0004
2025-09-29 00:04:47,769 [INFO] Época 8/30, Batch 150/3348, Loss: 0.0004
2025-09-29 00:04:48,033 [INFO] Época 8/30, Batch 200/3348, Loss: 0.0003
2025-09-29 00:04:48,295 [INFO] Época 8/30, Batch 250/3348, Loss: 0.0004
2025-09-29 00:04:48,555 [INFO] Época 8/30, Batch 300/3348, Loss: 0.0004
2025-09-29 00:04:48,815 [INFO] Época 8/30, Batch 350/3348, Loss: 0.0004
2025-09-29 00:04:49,077 [INFO] Época 8/30, Batch 400/3348, Loss: 0.0006
2025-09-29 00:04:49,340 [INFO] Época 8/30, Batch 450/3348, Loss: 0.0004
2025-09-29 00:04:49,602 [INFO] Época 8/30, Batch 500/3348, Loss: 0.0004
2025-09-29 00:04:49,861 [INFO] Época 8/30, Batch 550/3348, Loss: 0.0005
2025-09-29 00:04:50,119 [INFO] Época 8/30, Batch 600/3348, Loss: 0.0005
2025-09-29 00:04:50,377 [INFO] Época 8/30, Batch 650/3348, Loss: 0.0003
2025-09-29 00:04:50,637 [INFO] Época 8/30, Batch 700/3348, Loss: 0.0006
2025-09-29 00:04:50,895 [INFO] Época 8/30, Batch 750/3348, Loss: 0.0004
2025-09-29 00:04:51,150 [INFO] Época 8/30, Batch 800/3348, Loss: 0.0004
2025-09-29 00:04:51,407 [INFO] Época 8/30, Batch 850/3348, Loss: 0.0007
2025-09-29 00:04:51,663 [INFO] Época 8/30, Batch 900/3348, Loss: 0.0005
2025-09-29 00:04:51,922 [INFO] Época 8/30, Batch 950/3348, Loss: 0.0006
2025-09-29 00:04:52,179 [INFO] Época 8/30, Batch 1000/3348, Loss: 0.0005
2025-09-29 00:04:52,436 [INFO] Época 8/30, Batch 1050/3348, Loss: 0.0015
2025-09-29 00:04:52,691 [INFO] Época 8/30, Batch 1100/3348, Loss: 0.0007
2025-09-29 00:04:52,948 [INFO] Época 8/30, Batch 1150/3348, Loss: 0.0003
2025-09-29 00:04:53,204 [INFO] Época 8/30, Batch 1200/3348, Loss: 0.0004
2025-09-29 00:04:53,463 [INFO] Época 8/30, Batch 1250/3348, Loss: 0.0004
2025-09-29 00:04:53,725 [INFO] Época 8/30, Batch 1300/3348, Loss: 0.0005
2025-09-29 00:04:53,987 [INFO] Época 8/30, Batch 1350/3348, Loss: 0.0006
2025-09-29 00:04:54,249 [INFO] Época 8/30, Batch 1400/3348, Loss: 0.0004
2025-09-29 00:04:54,512 [INFO] Época 8/30, Batch 1450/3348, Loss: 0.0004
2025-09-29 00:04:54,773 [INFO] Época 8/30, Batch 1500/3348, Loss: 0.0004
2025-09-29 00:04:55,034 [INFO] Época 8/30, Batch 1550/3348, Loss: 0.0005
2025-09-29 00:04:55,294 [INFO] Época 8/30, Batch 1600/3348, Loss: 0.0005
2025-09-29 00:04:55,553 [INFO] Época 8/30, Batch 1650/3348, Loss: 0.0004
2025-09-29 00:04:55,813 [INFO] Época 8/30, Batch 1700/3348, Loss: 0.0006
2025-09-29 00:04:56,077 [INFO] Época 8/30, Batch 1750/3348, Loss: 0.0004
2025-09-29 00:04:56,337 [INFO] Época 8/30, Batch 1800/3348, Loss: 0.0005
2025-09-29 00:04:56,596 [INFO] Época 8/30, Batch 1850/3348, Loss: 0.0005
2025-09-29 00:04:56,854 [INFO] Época 8/30, Batch 1900/3348, Loss: 0.0005
2025-09-29 00:04:57,113 [INFO] Época 8/30, Batch 1950/3348, Loss: 0.0004
2025-09-29 00:04:57,372 [INFO] Época 8/30, Batch 2000/3348, Loss: 0.0004
2025-09-29 00:04:57,630 [INFO] Época 8/30, Batch 2050/3348, Loss: 0.0008
2025-09-29 00:04:57,890 [INFO] Época 8/30, Batch 2100/3348, Loss: 0.0008
2025-09-29 00:04:58,150 [INFO] Época 8/30, Batch 2150/3348, Loss: 0.0005
2025-09-29 00:04:58,409 [INFO] Época 8/30, Batch 2200/3348, Loss: 0.0005
2025-09-29 00:04:58,669 [INFO] Época 8/30, Batch 2250/3348, Loss: 0.0005
2025-09-29 00:04:58,929 [INFO] Época 8/30, Batch 2300/3348, Loss: 0.0005
2025-09-29 00:04:59,190 [INFO] Época 8/30, Batch 2350/3348, Loss: 0.0004
2025-09-29 00:04:59,449 [INFO] Época 8/30, Batch 2400/3348, Loss: 0.0004
2025-09-29 00:04:59,709 [INFO] Época 8/30, Batch 2450/3348, Loss: 0.0006
2025-09-29 00:04:59,969 [INFO] Época 8/30, Batch 2500/3348, Loss: 0.0005
2025-09-29 00:05:00,240 [INFO] Época 8/30, Batch 2550/3348, Loss: 0.0004
2025-09-29 00:05:00,500 [INFO] Época 8/30, Batch 2600/3348, Loss: 0.0010
2025-09-29 00:05:00,758 [INFO] Época 8/30, Batch 2650/3348, Loss: 0.0006
2025-09-29 00:05:01,019 [INFO] Época 8/30, Batch 2700/3348, Loss: 0.0004
2025-09-29 00:05:01,280 [INFO] Época 8/30, Batch 2750/3348, Loss: 0.0007
2025-09-29 00:05:01,540 [INFO] Época 8/30, Batch 2800/3348, Loss: 0.0006
2025-09-29 00:05:01,798 [INFO] Época 8/30, Batch 2850/3348, Loss: 0.0005
2025-09-29 00:05:02,056 [INFO] Época 8/30, Batch 2900/3348, Loss: 0.0006
2025-09-29 00:05:02,314 [INFO] Época 8/30, Batch 2950/3348, Loss: 0.0003
2025-09-29 00:05:02,574 [INFO] Época 8/30, Batch 3000/3348, Loss: 0.0005
2025-09-29 00:05:02,831 [INFO] Época 8/30, Batch 3050/3348, Loss: 0.0005
2025-09-29 00:05:03,089 [INFO] Época 8/30, Batch 3100/3348, Loss: 0.0005
2025-09-29 00:05:03,348 [INFO] Época 8/30, Batch 3150/3348, Loss: 0.0006
2025-09-29 00:05:03,608 [INFO] Época 8/30, Batch 3200/3348, Loss: 0.0005
2025-09-29 00:05:03,870 [INFO] Época 8/30, Batch 3250/3348, Loss: 0.0004
2025-09-29 00:05:04,130 [INFO] Época 8/30, Batch 3300/3348, Loss: 0.0004
2025-09-29 00:05:05,858 [INFO] [8/30] Train Loss: 0.0049 | Val Loss: 0.0007 | Tempo: 19.18s
2025-09-29 00:05:06,413 [INFO] Época 9/30, Batch 50/3348, Loss: 0.0006
2025-09-29 00:05:06,677 [INFO] Época 9/30, Batch 100/3348, Loss: 0.0005
2025-09-29 00:05:06,941 [INFO] Época 9/30, Batch 150/3348, Loss: 0.0005
2025-09-29 00:05:07,206 [INFO] Época 9/30, Batch 200/3348, Loss: 0.0004
2025-09-29 00:05:07,471 [INFO] Época 9/30, Batch 250/3348, Loss: 0.0007
2025-09-29 00:05:07,733 [INFO] Época 9/30, Batch 300/3348, Loss: 0.0004
2025-09-29 00:05:07,997 [INFO] Época 9/30, Batch 350/3348, Loss: 0.0004
2025-09-29 00:05:08,262 [INFO] Época 9/30, Batch 400/3348, Loss: 0.0004
2025-09-29 00:05:08,526 [INFO] Época 9/30, Batch 450/3348, Loss: 0.0005
2025-09-29 00:05:08,787 [INFO] Época 9/30, Batch 500/3348, Loss: 0.0004
2025-09-29 00:05:09,047 [INFO] Época 9/30, Batch 550/3348, Loss: 0.0004
2025-09-29 00:05:09,309 [INFO] Época 9/30, Batch 600/3348, Loss: 0.0004
2025-09-29 00:05:09,569 [INFO] Época 9/30, Batch 650/3348, Loss: 0.0004
2025-09-29 00:05:09,830 [INFO] Época 9/30, Batch 700/3348, Loss: 0.0003
2025-09-29 00:05:10,089 [INFO] Época 9/30, Batch 750/3348, Loss: 0.0004
2025-09-29 00:05:10,349 [INFO] Época 9/30, Batch 800/3348, Loss: 0.0003
2025-09-29 00:05:10,609 [INFO] Época 9/30, Batch 850/3348, Loss: 0.0003
2025-09-29 00:05:10,866 [INFO] Época 9/30, Batch 900/3348, Loss: 0.0011
2025-09-29 00:05:11,125 [INFO] Época 9/30, Batch 950/3348, Loss: 0.0007
2025-09-29 00:05:11,384 [INFO] Época 9/30, Batch 1000/3348, Loss: 0.0005
2025-09-29 00:05:11,641 [INFO] Época 9/30, Batch 1050/3348, Loss: 0.0004
2025-09-29 00:05:11,902 [INFO] Época 9/30, Batch 1100/3348, Loss: 0.0004
2025-09-29 00:05:12,164 [INFO] Época 9/30, Batch 1150/3348, Loss: 0.0004
2025-09-29 00:05:12,426 [INFO] Época 9/30, Batch 1200/3348, Loss: 0.0003
2025-09-29 00:05:12,693 [INFO] Época 9/30, Batch 1250/3348, Loss: 0.0007
2025-09-29 00:05:12,956 [INFO] Época 9/30, Batch 1300/3348, Loss: 0.0004
2025-09-29 00:05:13,219 [INFO] Época 9/30, Batch 1350/3348, Loss: 0.0003
2025-09-29 00:05:13,483 [INFO] Época 9/30, Batch 1400/3348, Loss: 0.0004
2025-09-29 00:05:13,747 [INFO] Época 9/30, Batch 1450/3348, Loss: 0.0008
2025-09-29 00:05:14,012 [INFO] Época 9/30, Batch 1500/3348, Loss: 0.0007
2025-09-29 00:05:14,274 [INFO] Época 9/30, Batch 1550/3348, Loss: 0.0006
2025-09-29 00:05:14,536 [INFO] Época 9/30, Batch 1600/3348, Loss: 0.0003
2025-09-29 00:05:14,797 [INFO] Época 9/30, Batch 1650/3348, Loss: 0.0007
2025-09-29 00:05:15,057 [INFO] Época 9/30, Batch 1700/3348, Loss: 0.0004
2025-09-29 00:05:15,319 [INFO] Época 9/30, Batch 1750/3348, Loss: 0.0005
2025-09-29 00:05:15,580 [INFO] Época 9/30, Batch 1800/3348, Loss: 0.0004
2025-09-29 00:05:15,841 [INFO] Época 9/30, Batch 1850/3348, Loss: 0.0005
2025-09-29 00:05:16,100 [INFO] Época 9/30, Batch 1900/3348, Loss: 0.0004
2025-09-29 00:05:16,370 [INFO] Época 9/30, Batch 1950/3348, Loss: 0.0005
2025-09-29 00:05:16,632 [INFO] Época 9/30, Batch 2000/3348, Loss: 0.0006
2025-09-29 00:05:16,896 [INFO] Época 9/30, Batch 2050/3348, Loss: 0.0005
2025-09-29 00:05:17,160 [INFO] Época 9/30, Batch 2100/3348, Loss: 0.0004
2025-09-29 00:05:17,422 [INFO] Época 9/30, Batch 2150/3348, Loss: 0.0004
2025-09-29 00:05:17,687 [INFO] Época 9/30, Batch 2200/3348, Loss: 0.0007
2025-09-29 00:05:17,951 [INFO] Época 9/30, Batch 2250/3348, Loss: 0.0003
2025-09-29 00:05:18,215 [INFO] Época 9/30, Batch 2300/3348, Loss: 0.0005
2025-09-29 00:05:18,480 [INFO] Época 9/30, Batch 2350/3348, Loss: 0.0003
2025-09-29 00:05:18,742 [INFO] Época 9/30, Batch 2400/3348, Loss: 0.0006
2025-09-29 00:05:19,005 [INFO] Época 9/30, Batch 2450/3348, Loss: 0.0004
2025-09-29 00:05:19,268 [INFO] Época 9/30, Batch 2500/3348, Loss: 0.0004
2025-09-29 00:05:19,532 [INFO] Época 9/30, Batch 2550/3348, Loss: 0.0004
2025-09-29 00:05:19,797 [INFO] Época 9/30, Batch 2600/3348, Loss: 0.0005
2025-09-29 00:05:20,060 [INFO] Época 9/30, Batch 2650/3348, Loss: 0.0004
2025-09-29 00:05:20,324 [INFO] Época 9/30, Batch 2700/3348, Loss: 0.0006
2025-09-29 00:05:20,590 [INFO] Época 9/30, Batch 2750/3348, Loss: 0.0004
2025-09-29 00:05:20,858 [INFO] Época 9/30, Batch 2800/3348, Loss: 0.0005
2025-09-29 00:05:21,125 [INFO] Época 9/30, Batch 2850/3348, Loss: 0.0005
2025-09-29 00:05:21,403 [INFO] Época 9/30, Batch 2900/3348, Loss: 0.0005
2025-09-29 00:05:21,664 [INFO] Época 9/30, Batch 2950/3348, Loss: 0.0005
2025-09-29 00:05:21,924 [INFO] Época 9/30, Batch 3000/3348, Loss: 0.0005
2025-09-29 00:05:22,185 [INFO] Época 9/30, Batch 3050/3348, Loss: 0.0005
2025-09-29 00:05:22,444 [INFO] Época 9/30, Batch 3100/3348, Loss: 0.0004
2025-09-29 00:05:22,703 [INFO] Época 9/30, Batch 3150/3348, Loss: 0.0003
2025-09-29 00:05:22,962 [INFO] Época 9/30, Batch 3200/3348, Loss: 0.0004
2025-09-29 00:05:23,221 [INFO] Época 9/30, Batch 3250/3348, Loss: 0.0005
2025-09-29 00:05:23,481 [INFO] Época 9/30, Batch 3300/3348, Loss: 0.0006
2025-09-29 00:05:25,263 [INFO] [9/30] Train Loss: 0.0049 | Val Loss: 0.0005 | Tempo: 19.40s
2025-09-29 00:05:25,838 [INFO] Época 10/30, Batch 50/3348, Loss: 0.0004
2025-09-29 00:05:26,116 [INFO] Época 10/30, Batch 100/3348, Loss: 0.0004
2025-09-29 00:05:26,392 [INFO] Época 10/30, Batch 150/3348, Loss: 0.0005
2025-09-29 00:05:26,664 [INFO] Época 10/30, Batch 200/3348, Loss: 0.0006
2025-09-29 00:05:26,936 [INFO] Época 10/30, Batch 250/3348, Loss: 0.0005
2025-09-29 00:05:27,206 [INFO] Época 10/30, Batch 300/3348, Loss: 0.0004
2025-09-29 00:05:27,479 [INFO] Época 10/30, Batch 350/3348, Loss: 0.0004
2025-09-29 00:05:27,750 [INFO] Época 10/30, Batch 400/3348, Loss: 0.0003
2025-09-29 00:05:28,022 [INFO] Época 10/30, Batch 450/3348, Loss: 0.0004
2025-09-29 00:05:28,294 [INFO] Época 10/30, Batch 500/3348, Loss: 0.0006
2025-09-29 00:05:28,568 [INFO] Época 10/30, Batch 550/3348, Loss: 0.0004
2025-09-29 00:05:28,826 [INFO] Época 10/30, Batch 600/3348, Loss: 0.0020
2025-09-29 00:05:29,083 [INFO] Época 10/30, Batch 650/3348, Loss: 0.0005
2025-09-29 00:05:29,341 [INFO] Época 10/30, Batch 700/3348, Loss: 0.0004
2025-09-29 00:05:29,602 [INFO] Época 10/30, Batch 750/3348, Loss: 0.0004
2025-09-29 00:05:29,861 [INFO] Época 10/30, Batch 800/3348, Loss: 0.0003
2025-09-29 00:05:30,120 [INFO] Época 10/30, Batch 850/3348, Loss: 0.0006
2025-09-29 00:05:30,379 [INFO] Época 10/30, Batch 900/3348, Loss: 0.0003
2025-09-29 00:05:30,637 [INFO] Época 10/30, Batch 950/3348, Loss: 0.0010
2025-09-29 00:05:30,895 [INFO] Época 10/30, Batch 1000/3348, Loss: 0.0004
2025-09-29 00:05:31,155 [INFO] Época 10/30, Batch 1050/3348, Loss: 0.0005
2025-09-29 00:05:31,411 [INFO] Época 10/30, Batch 1100/3348, Loss: 0.0004
2025-09-29 00:05:31,673 [INFO] Época 10/30, Batch 1150/3348, Loss: 0.0004
2025-09-29 00:05:31,924 [INFO] Época 10/30, Batch 1200/3348, Loss: 0.0006
2025-09-29 00:05:32,176 [INFO] Época 10/30, Batch 1250/3348, Loss: 0.0005
2025-09-29 00:05:32,432 [INFO] Época 10/30, Batch 1300/3348, Loss: 0.0003
2025-09-29 00:05:32,689 [INFO] Época 10/30, Batch 1350/3348, Loss: 0.0004
2025-09-29 00:05:32,945 [INFO] Época 10/30, Batch 1400/3348, Loss: 0.0004
2025-09-29 00:05:33,202 [INFO] Época 10/30, Batch 1450/3348, Loss: 0.0006
2025-09-29 00:05:33,458 [INFO] Época 10/30, Batch 1500/3348, Loss: 0.0003
2025-09-29 00:05:33,716 [INFO] Época 10/30, Batch 1550/3348, Loss: 0.0003
2025-09-29 00:05:33,975 [INFO] Época 10/30, Batch 1600/3348, Loss: 0.0006
2025-09-29 00:05:34,236 [INFO] Época 10/30, Batch 1650/3348, Loss: 0.0006
2025-09-29 00:05:34,496 [INFO] Época 10/30, Batch 1700/3348, Loss: 0.0005
2025-09-29 00:05:34,756 [INFO] Época 10/30, Batch 1750/3348, Loss: 0.0004
2025-09-29 00:05:35,013 [INFO] Época 10/30, Batch 1800/3348, Loss: 0.0005
2025-09-29 00:05:35,270 [INFO] Época 10/30, Batch 1850/3348, Loss: 0.0004
2025-09-29 00:05:35,527 [INFO] Época 10/30, Batch 1900/3348, Loss: 0.0006
2025-09-29 00:05:35,788 [INFO] Época 10/30, Batch 1950/3348, Loss: 0.0004
2025-09-29 00:05:36,048 [INFO] Época 10/30, Batch 2000/3348, Loss: 0.0005
2025-09-29 00:05:36,310 [INFO] Época 10/30, Batch 2050/3348, Loss: 0.0004
2025-09-29 00:05:36,572 [INFO] Época 10/30, Batch 2100/3348, Loss: 0.0004
2025-09-29 00:05:36,840 [INFO] Época 10/30, Batch 2150/3348, Loss: 0.0007
2025-09-29 00:05:37,099 [INFO] Época 10/30, Batch 2200/3348, Loss: 0.0004
2025-09-29 00:05:37,356 [INFO] Época 10/30, Batch 2250/3348, Loss: 0.0004
2025-09-29 00:05:37,615 [INFO] Época 10/30, Batch 2300/3348, Loss: 0.0005
2025-09-29 00:05:37,874 [INFO] Época 10/30, Batch 2350/3348, Loss: 0.0004
2025-09-29 00:05:38,130 [INFO] Época 10/30, Batch 2400/3348, Loss: 0.0003
2025-09-29 00:05:38,387 [INFO] Época 10/30, Batch 2450/3348, Loss: 0.0005
2025-09-29 00:05:38,644 [INFO] Época 10/30, Batch 2500/3348, Loss: 0.0005
2025-09-29 00:05:38,905 [INFO] Época 10/30, Batch 2550/3348, Loss: 0.0003
2025-09-29 00:05:39,164 [INFO] Época 10/30, Batch 2600/3348, Loss: 0.0005
2025-09-29 00:05:39,423 [INFO] Época 10/30, Batch 2650/3348, Loss: 0.0005
2025-09-29 00:05:39,683 [INFO] Época 10/30, Batch 2700/3348, Loss: 0.0006
2025-09-29 00:05:39,941 [INFO] Época 10/30, Batch 2750/3348, Loss: 0.0003
2025-09-29 00:05:40,198 [INFO] Época 10/30, Batch 2800/3348, Loss: 0.0006
2025-09-29 00:05:40,455 [INFO] Época 10/30, Batch 2850/3348, Loss: 0.0004
2025-09-29 00:05:40,711 [INFO] Época 10/30, Batch 2900/3348, Loss: 0.0004
2025-09-29 00:05:40,969 [INFO] Época 10/30, Batch 2950/3348, Loss: 0.0005
2025-09-29 00:05:41,226 [INFO] Época 10/30, Batch 3000/3348, Loss: 0.0004
2025-09-29 00:05:41,482 [INFO] Época 10/30, Batch 3050/3348, Loss: 0.0004
2025-09-29 00:05:41,741 [INFO] Época 10/30, Batch 3100/3348, Loss: 0.0005
2025-09-29 00:05:42,002 [INFO] Época 10/30, Batch 3150/3348, Loss: 0.0004
2025-09-29 00:05:42,261 [INFO] Época 10/30, Batch 3200/3348, Loss: 0.0006
2025-09-29 00:05:42,522 [INFO] Época 10/30, Batch 3250/3348, Loss: 0.0006
2025-09-29 00:05:42,782 [INFO] Época 10/30, Batch 3300/3348, Loss: 0.0004
2025-09-29 00:05:44,629 [INFO] [10/30] Train Loss: 0.0049 | Val Loss: 0.0003 | Tempo: 19.36s
2025-09-29 00:05:44,633 [INFO] Melhor modelo salvo em: /mnt/hdd/home/jdurao/ToolBox-ChemXAI/models/mlp_qm9_EState_att0.pth
2025-09-29 00:05:45,189 [INFO] Época 11/30, Batch 50/3348, Loss: 0.0005
2025-09-29 00:05:45,451 [INFO] Época 11/30, Batch 100/3348, Loss: 0.0004
2025-09-29 00:05:45,714 [INFO] Época 11/30, Batch 150/3348, Loss: 0.0004
2025-09-29 00:05:45,973 [INFO] Época 11/30, Batch 200/3348, Loss: 0.0006
2025-09-29 00:05:46,233 [INFO] Época 11/30, Batch 250/3348, Loss: 0.0004
2025-09-29 00:05:46,493 [INFO] Época 11/30, Batch 300/3348, Loss: 0.0004
2025-09-29 00:05:46,752 [INFO] Época 11/30, Batch 350/3348, Loss: 0.0004
2025-09-29 00:05:47,013 [INFO] Época 11/30, Batch 400/3348, Loss: 0.0004
2025-09-29 00:05:47,272 [INFO] Época 11/30, Batch 450/3348, Loss: 0.0004
2025-09-29 00:05:47,530 [INFO] Época 11/30, Batch 500/3348, Loss: 0.0004
2025-09-29 00:05:47,790 [INFO] Época 11/30, Batch 550/3348, Loss: 0.0005
2025-09-29 00:05:48,053 [INFO] Época 11/30, Batch 600/3348, Loss: 0.0004
2025-09-29 00:05:48,314 [INFO] Época 11/30, Batch 650/3348, Loss: 0.0007
2025-09-29 00:05:48,576 [INFO] Época 11/30, Batch 700/3348, Loss: 0.0004
2025-09-29 00:05:48,838 [INFO] Época 11/30, Batch 750/3348, Loss: 0.0006
2025-09-29 00:05:49,102 [INFO] Época 11/30, Batch 800/3348, Loss: 0.0004
2025-09-29 00:05:49,362 [INFO] Época 11/30, Batch 850/3348, Loss: 0.0007
2025-09-29 00:05:49,623 [INFO] Época 11/30, Batch 900/3348, Loss: 0.0005
2025-09-29 00:05:49,883 [INFO] Época 11/30, Batch 950/3348, Loss: 0.0005
2025-09-29 00:05:50,146 [INFO] Época 11/30, Batch 1000/3348, Loss: 0.0004
2025-09-29 00:05:50,408 [INFO] Época 11/30, Batch 1050/3348, Loss: 0.0004
2025-09-29 00:05:50,669 [INFO] Época 11/30, Batch 1100/3348, Loss: 0.0003
2025-09-29 00:05:50,931 [INFO] Época 11/30, Batch 1150/3348, Loss: 0.0004
2025-09-29 00:05:51,194 [INFO] Época 11/30, Batch 1200/3348, Loss: 0.0004
2025-09-29 00:05:51,455 [INFO] Época 11/30, Batch 1250/3348, Loss: 0.0004
2025-09-29 00:05:51,719 [INFO] Época 11/30, Batch 1300/3348, Loss: 0.0005
2025-09-29 00:05:51,980 [INFO] Época 11/30, Batch 1350/3348, Loss: 0.0004
2025-09-29 00:05:52,254 [INFO] Época 11/30, Batch 1400/3348, Loss: 0.0003
2025-09-29 00:05:52,518 [INFO] Época 11/30, Batch 1450/3348, Loss: 0.0004
2025-09-29 00:05:52,776 [INFO] Época 11/30, Batch 1500/3348, Loss: 0.0006
2025-09-29 00:05:53,036 [INFO] Época 11/30, Batch 1550/3348, Loss: 0.0005
2025-09-29 00:05:53,299 [INFO] Época 11/30, Batch 1600/3348, Loss: 0.0003
2025-09-29 00:05:53,559 [INFO] Época 11/30, Batch 1650/3348, Loss: 0.0004
2025-09-29 00:05:53,820 [INFO] Época 11/30, Batch 1700/3348, Loss: 0.0004
2025-09-29 00:05:54,078 [INFO] Época 11/30, Batch 1750/3348, Loss: 0.0005
2025-09-29 00:05:54,339 [INFO] Época 11/30, Batch 1800/3348, Loss: 0.0004
2025-09-29 00:05:54,603 [INFO] Época 11/30, Batch 1850/3348, Loss: 0.0004
2025-09-29 00:05:54,863 [INFO] Época 11/30, Batch 1900/3348, Loss: 0.0003
2025-09-29 00:05:55,124 [INFO] Época 11/30, Batch 1950/3348, Loss: 0.0005
2025-09-29 00:05:55,382 [INFO] Época 11/30, Batch 2000/3348, Loss: 0.0004
2025-09-29 00:05:55,642 [INFO] Época 11/30, Batch 2050/3348, Loss: 0.0005
2025-09-29 00:05:55,901 [INFO] Época 11/30, Batch 2100/3348, Loss: 0.0005
2025-09-29 00:05:56,161 [INFO] Época 11/30, Batch 2150/3348, Loss: 0.0004
2025-09-29 00:05:56,420 [INFO] Época 11/30, Batch 2200/3348, Loss: 0.0004
2025-09-29 00:05:56,680 [INFO] Época 11/30, Batch 2250/3348, Loss: 0.0003
2025-09-29 00:05:56,945 [INFO] Época 11/30, Batch 2300/3348, Loss: 0.0004
2025-09-29 00:05:57,209 [INFO] Época 11/30, Batch 2350/3348, Loss: 0.0004
2025-09-29 00:05:57,473 [INFO] Época 11/30, Batch 2400/3348, Loss: 0.0005
2025-09-29 00:05:57,737 [INFO] Época 11/30, Batch 2450/3348, Loss: 0.0004
2025-09-29 00:05:58,000 [INFO] Época 11/30, Batch 2500/3348, Loss: 0.0004
2025-09-29 00:05:58,264 [INFO] Época 11/30, Batch 2550/3348, Loss: 0.0005
2025-09-29 00:05:58,529 [INFO] Época 11/30, Batch 2600/3348, Loss: 0.0003
2025-09-29 00:05:58,792 [INFO] Época 11/30, Batch 2650/3348, Loss: 0.0003
2025-09-29 00:05:59,056 [INFO] Época 11/30, Batch 2700/3348, Loss: 0.0006
2025-09-29 00:05:59,317 [INFO] Época 11/30, Batch 2750/3348, Loss: 0.0005
2025-09-29 00:05:59,578 [INFO] Época 11/30, Batch 2800/3348, Loss: 0.0005
2025-09-29 00:05:59,838 [INFO] Época 11/30, Batch 2850/3348, Loss: 0.0004
2025-09-29 00:06:00,099 [INFO] Época 11/30, Batch 2900/3348, Loss: 0.0005
2025-09-29 00:06:00,359 [INFO] Época 11/30, Batch 2950/3348, Loss: 0.0005
2025-09-29 00:06:00,620 [INFO] Época 11/30, Batch 3000/3348, Loss: 0.0004
2025-09-29 00:06:00,880 [INFO] Época 11/30, Batch 3050/3348, Loss: 0.0005
2025-09-29 00:06:01,143 [INFO] Época 11/30, Batch 3100/3348, Loss: 0.0006
2025-09-29 00:06:01,403 [INFO] Época 11/30, Batch 3150/3348, Loss: 0.0003
2025-09-29 00:06:01,665 [INFO] Época 11/30, Batch 3200/3348, Loss: 0.0004
2025-09-29 00:06:01,926 [INFO] Época 11/30, Batch 3250/3348, Loss: 0.0004
2025-09-29 00:06:02,186 [INFO] Época 11/30, Batch 3300/3348, Loss: 0.0016
2025-09-29 00:06:04,014 [INFO] [11/30] Train Loss: 0.0049 | Val Loss: 0.0004 | Tempo: 19.38s
2025-09-29 00:06:04,572 [INFO] Época 12/30, Batch 50/3348, Loss: 0.0006
2025-09-29 00:06:04,838 [INFO] Época 12/30, Batch 100/3348, Loss: 0.0003
2025-09-29 00:06:05,099 [INFO] Época 12/30, Batch 150/3348, Loss: 0.0004
2025-09-29 00:06:05,360 [INFO] Época 12/30, Batch 200/3348, Loss: 0.0019
2025-09-29 00:06:05,620 [INFO] Época 12/30, Batch 250/3348, Loss: 0.0004
2025-09-29 00:06:05,880 [INFO] Época 12/30, Batch 300/3348, Loss: 0.0004
2025-09-29 00:06:06,142 [INFO] Época 12/30, Batch 350/3348, Loss: 0.0006
2025-09-29 00:06:06,402 [INFO] Época 12/30, Batch 400/3348, Loss: 0.0004
2025-09-29 00:06:06,660 [INFO] Época 12/30, Batch 450/3348, Loss: 0.0005
2025-09-29 00:06:06,918 [INFO] Época 12/30, Batch 500/3348, Loss: 0.0003
2025-09-29 00:06:07,176 [INFO] Época 12/30, Batch 550/3348, Loss: 0.0003
2025-09-29 00:06:07,438 [INFO] Época 12/30, Batch 600/3348, Loss: 0.0006
2025-09-29 00:06:07,697 [INFO] Época 12/30, Batch 650/3348, Loss: 0.0005
2025-09-29 00:06:07,955 [INFO] Época 12/30, Batch 700/3348, Loss: 0.0003
2025-09-29 00:06:08,213 [INFO] Época 12/30, Batch 750/3348, Loss: 0.0004
2025-09-29 00:06:08,471 [INFO] Época 12/30, Batch 800/3348, Loss: 0.0006
2025-09-29 00:06:08,730 [INFO] Época 12/30, Batch 850/3348, Loss: 0.0005
2025-09-29 00:06:08,986 [INFO] Época 12/30, Batch 900/3348, Loss: 0.0003
2025-09-29 00:06:09,244 [INFO] Época 12/30, Batch 950/3348, Loss: 0.0003
2025-09-29 00:06:09,512 [INFO] Época 12/30, Batch 1000/3348, Loss: 0.0004
2025-09-29 00:06:09,770 [INFO] Época 12/30, Batch 1050/3348, Loss: 0.0003
2025-09-29 00:06:10,029 [INFO] Época 12/30, Batch 1100/3348, Loss: 0.0005
2025-09-29 00:06:10,284 [INFO] Época 12/30, Batch 1150/3348, Loss: 0.0005
2025-09-29 00:06:10,541 [INFO] Época 12/30, Batch 1200/3348, Loss: 0.0003
2025-09-29 00:06:10,800 [INFO] Época 12/30, Batch 1250/3348, Loss: 0.0006
2025-09-29 00:06:11,061 [INFO] Época 12/30, Batch 1300/3348, Loss: 0.0004
2025-09-29 00:06:11,322 [INFO] Época 12/30, Batch 1350/3348, Loss: 0.0004
2025-09-29 00:06:11,581 [INFO] Época 12/30, Batch 1400/3348, Loss: 0.0005
2025-09-29 00:06:11,839 [INFO] Época 12/30, Batch 1450/3348, Loss: 0.0005
2025-09-29 00:06:12,098 [INFO] Época 12/30, Batch 1500/3348, Loss: 0.0004
2025-09-29 00:06:12,355 [INFO] Época 12/30, Batch 1550/3348, Loss: 0.0004
2025-09-29 00:06:12,615 [INFO] Época 12/30, Batch 1600/3348, Loss: 0.0004
2025-09-29 00:06:12,874 [INFO] Época 12/30, Batch 1650/3348, Loss: 0.0008
2025-09-29 00:06:13,132 [INFO] Época 12/30, Batch 1700/3348, Loss: 0.0006
2025-09-29 00:06:13,390 [INFO] Época 12/30, Batch 1750/3348, Loss: 0.0004
2025-09-29 00:06:13,648 [INFO] Época 12/30, Batch 1800/3348, Loss: 0.0004
2025-09-29 00:06:13,912 [INFO] Época 12/30, Batch 1850/3348, Loss: 0.0003
2025-09-29 00:06:14,180 [INFO] Época 12/30, Batch 1900/3348, Loss: 0.0005
2025-09-29 00:06:14,447 [INFO] Época 12/30, Batch 1950/3348, Loss: 0.0005
2025-09-29 00:06:14,714 [INFO] Época 12/30, Batch 2000/3348, Loss: 0.0003
2025-09-29 00:06:14,983 [INFO] Época 12/30, Batch 2050/3348, Loss: 0.0006
2025-09-29 00:06:15,250 [INFO] Época 12/30, Batch 2100/3348, Loss: 0.0005
2025-09-29 00:06:15,518 [INFO] Época 12/30, Batch 2150/3348, Loss: 0.0004
2025-09-29 00:06:15,779 [INFO] Época 12/30, Batch 2200/3348, Loss: 0.0003
2025-09-29 00:06:16,044 [INFO] Época 12/30, Batch 2250/3348, Loss: 0.0004
2025-09-29 00:06:16,310 [INFO] Época 12/30, Batch 2300/3348, Loss: 0.0006
2025-09-29 00:06:16,579 [INFO] Época 12/30, Batch 2350/3348, Loss: 0.0004
2025-09-29 00:06:16,847 [INFO] Época 12/30, Batch 2400/3348, Loss: 0.0004
2025-09-29 00:06:17,115 [INFO] Época 12/30, Batch 2450/3348, Loss: 0.0006
2025-09-29 00:06:17,381 [INFO] Época 12/30, Batch 2500/3348, Loss: 0.0006
2025-09-29 00:06:17,649 [INFO] Época 12/30, Batch 2550/3348, Loss: 0.0003
2025-09-29 00:06:17,918 [INFO] Época 12/30, Batch 2600/3348, Loss: 0.0006
2025-09-29 00:06:18,188 [INFO] Época 12/30, Batch 2650/3348, Loss: 0.0004
2025-09-29 00:06:18,456 [INFO] Época 12/30, Batch 2700/3348, Loss: 0.0003
2025-09-29 00:06:18,720 [INFO] Época 12/30, Batch 2750/3348, Loss: 0.0004
2025-09-29 00:06:18,977 [INFO] Época 12/30, Batch 2800/3348, Loss: 0.0004
2025-09-29 00:06:19,234 [INFO] Época 12/30, Batch 2850/3348, Loss: 0.0003
2025-09-29 00:06:19,505 [INFO] Época 12/30, Batch 2900/3348, Loss: 0.0007
2025-09-29 00:06:19,775 [INFO] Época 12/30, Batch 2950/3348, Loss: 0.0004
2025-09-29 00:06:20,041 [INFO] Época 12/30, Batch 3000/3348, Loss: 0.0003
2025-09-29 00:06:20,308 [INFO] Época 12/30, Batch 3050/3348, Loss: 0.0004
2025-09-29 00:06:20,572 [INFO] Época 12/30, Batch 3100/3348, Loss: 0.0003
2025-09-29 00:06:20,829 [INFO] Época 12/30, Batch 3150/3348, Loss: 0.0006
2025-09-29 00:06:21,086 [INFO] Época 12/30, Batch 3200/3348, Loss: 0.0005
2025-09-29 00:06:21,344 [INFO] Época 12/30, Batch 3250/3348, Loss: 0.0003
2025-09-29 00:06:21,603 [INFO] Época 12/30, Batch 3300/3348, Loss: 0.0003
2025-09-29 00:06:23,390 [INFO] [12/30] Train Loss: 0.0049 | Val Loss: 0.0004 | Tempo: 19.38s
2025-09-29 00:06:23,952 [INFO] Época 13/30, Batch 50/3348, Loss: 0.0005
2025-09-29 00:06:24,225 [INFO] Época 13/30, Batch 100/3348, Loss: 0.0004
2025-09-29 00:06:24,492 [INFO] Época 13/30, Batch 150/3348, Loss: 0.0005
2025-09-29 00:06:24,757 [INFO] Época 13/30, Batch 200/3348, Loss: 0.0004
2025-09-29 00:06:25,018 [INFO] Época 13/30, Batch 250/3348, Loss: 0.0005
2025-09-29 00:06:25,279 [INFO] Época 13/30, Batch 300/3348, Loss: 0.0007
2025-09-29 00:06:25,543 [INFO] Época 13/30, Batch 350/3348, Loss: 0.0003
2025-09-29 00:06:25,802 [INFO] Época 13/30, Batch 400/3348, Loss: 0.0007
2025-09-29 00:06:26,063 [INFO] Época 13/30, Batch 450/3348, Loss: 0.0005
2025-09-29 00:06:26,322 [INFO] Época 13/30, Batch 500/3348, Loss: 0.0004
2025-09-29 00:06:26,582 [INFO] Época 13/30, Batch 550/3348, Loss: 0.0005
2025-09-29 00:06:26,842 [INFO] Época 13/30, Batch 600/3348, Loss: 0.0003
2025-09-29 00:06:27,104 [INFO] Época 13/30, Batch 650/3348, Loss: 0.0008
2025-09-29 00:06:27,365 [INFO] Época 13/30, Batch 700/3348, Loss: 0.0007
2025-09-29 00:06:27,618 [INFO] Época 13/30, Batch 750/3348, Loss: 0.0003
2025-09-29 00:06:27,870 [INFO] Época 13/30, Batch 800/3348, Loss: 0.0003
2025-09-29 00:06:28,119 [INFO] Época 13/30, Batch 850/3348, Loss: 0.0003
2025-09-29 00:06:28,370 [INFO] Época 13/30, Batch 900/3348, Loss: 0.0005
2025-09-29 00:06:28,620 [INFO] Época 13/30, Batch 950/3348, Loss: 0.0004
2025-09-29 00:06:28,871 [INFO] Época 13/30, Batch 1000/3348, Loss: 0.0003
2025-09-29 00:06:29,120 [INFO] Época 13/30, Batch 1050/3348, Loss: 0.0004
2025-09-29 00:06:29,371 [INFO] Época 13/30, Batch 1100/3348, Loss: 0.0005
2025-09-29 00:06:29,632 [INFO] Época 13/30, Batch 1150/3348, Loss: 0.0003
2025-09-29 00:06:29,892 [INFO] Época 13/30, Batch 1200/3348, Loss: 0.0004
2025-09-29 00:06:30,152 [INFO] Época 13/30, Batch 1250/3348, Loss: 0.0003
2025-09-29 00:06:30,410 [INFO] Época 13/30, Batch 1300/3348, Loss: 0.0005
2025-09-29 00:06:30,670 [INFO] Época 13/30, Batch 1350/3348, Loss: 0.0003
2025-09-29 00:06:30,928 [INFO] Época 13/30, Batch 1400/3348, Loss: 0.0003
2025-09-29 00:06:31,187 [INFO] Época 13/30, Batch 1450/3348, Loss: 0.0003
2025-09-29 00:06:31,447 [INFO] Época 13/30, Batch 1500/3348, Loss: 0.0005
2025-09-29 00:06:31,708 [INFO] Época 13/30, Batch 1550/3348, Loss: 0.0004
2025-09-29 00:06:31,969 [INFO] Época 13/30, Batch 1600/3348, Loss: 0.0004
2025-09-29 00:06:32,231 [INFO] Época 13/30, Batch 1650/3348, Loss: 0.0005
2025-09-29 00:06:32,491 [INFO] Época 13/30, Batch 1700/3348, Loss: 0.0004
2025-09-29 00:06:32,753 [INFO] Época 13/30, Batch 1750/3348, Loss: 0.0003
2025-09-29 00:06:33,014 [INFO] Época 13/30, Batch 1800/3348, Loss: 0.0007
2025-09-29 00:06:33,275 [INFO] Época 13/30, Batch 1850/3348, Loss: 0.0005
2025-09-29 00:06:33,536 [INFO] Época 13/30, Batch 1900/3348, Loss: 0.0005
2025-09-29 00:06:33,798 [INFO] Época 13/30, Batch 1950/3348, Loss: 0.0004
2025-09-29 00:06:34,060 [INFO] Época 13/30, Batch 2000/3348, Loss: 0.0006
2025-09-29 00:06:34,323 [INFO] Época 13/30, Batch 2050/3348, Loss: 0.0004
2025-09-29 00:06:34,588 [INFO] Época 13/30, Batch 2100/3348, Loss: 0.0003
2025-09-29 00:06:34,856 [INFO] Época 13/30, Batch 2150/3348, Loss: 0.0004
2025-09-29 00:06:35,121 [INFO] Época 13/30, Batch 2200/3348, Loss: 0.0003
2025-09-29 00:06:35,394 [INFO] Época 13/30, Batch 2250/3348, Loss: 0.0005
2025-09-29 00:06:35,658 [INFO] Época 13/30, Batch 2300/3348, Loss: 0.0004
2025-09-29 00:06:35,925 [INFO] Época 13/30, Batch 2350/3348, Loss: 0.0005
2025-09-29 00:06:36,193 [INFO] Época 13/30, Batch 2400/3348, Loss: 0.0003
2025-09-29 00:06:36,460 [INFO] Época 13/30, Batch 2450/3348, Loss: 0.0005
2025-09-29 00:06:36,726 [INFO] Época 13/30, Batch 2500/3348, Loss: 0.0005
2025-09-29 00:06:36,991 [INFO] Época 13/30, Batch 2550/3348, Loss: 0.0005
2025-09-29 00:06:37,256 [INFO] Época 13/30, Batch 2600/3348, Loss: 0.0006
2025-09-29 00:06:37,526 [INFO] Época 13/30, Batch 2650/3348, Loss: 0.0007
2025-09-29 00:06:37,792 [INFO] Época 13/30, Batch 2700/3348, Loss: 0.0005
2025-09-29 00:06:38,057 [INFO] Época 13/30, Batch 2750/3348, Loss: 0.0005
2025-09-29 00:06:38,323 [INFO] Época 13/30, Batch 2800/3348, Loss: 0.0005
2025-09-29 00:06:38,587 [INFO] Época 13/30, Batch 2850/3348, Loss: 0.0004
2025-09-29 00:06:38,851 [INFO] Época 13/30, Batch 2900/3348, Loss: 0.0003
2025-09-29 00:06:39,116 [INFO] Época 13/30, Batch 2950/3348, Loss: 0.0004
2025-09-29 00:06:39,380 [INFO] Época 13/30, Batch 3000/3348, Loss: 0.0006
2025-09-29 00:06:39,645 [INFO] Época 13/30, Batch 3050/3348, Loss: 0.0004
2025-09-29 00:06:39,910 [INFO] Época 13/30, Batch 3100/3348, Loss: 0.0008
2025-09-29 00:06:40,175 [INFO] Época 13/30, Batch 3150/3348, Loss: 0.0004
2025-09-29 00:06:40,452 [INFO] Época 13/30, Batch 3200/3348, Loss: 0.0004
2025-09-29 00:06:40,717 [INFO] Época 13/30, Batch 3250/3348, Loss: 0.0005
2025-09-29 00:06:40,983 [INFO] Época 13/30, Batch 3300/3348, Loss: 0.0004
2025-09-29 00:06:42,821 [INFO] [13/30] Train Loss: 0.0049 | Val Loss: 0.0004 | Tempo: 19.43s
2025-09-29 00:06:43,374 [INFO] Época 14/30, Batch 50/3348, Loss: 0.0003
2025-09-29 00:06:43,638 [INFO] Época 14/30, Batch 100/3348, Loss: 0.0004
2025-09-29 00:06:43,899 [INFO] Época 14/30, Batch 150/3348, Loss: 0.0006
2025-09-29 00:06:44,157 [INFO] Época 14/30, Batch 200/3348, Loss: 0.0003
2025-09-29 00:06:44,416 [INFO] Época 14/30, Batch 250/3348, Loss: 0.0004
2025-09-29 00:06:44,675 [INFO] Época 14/30, Batch 300/3348, Loss: 0.0004
2025-09-29 00:06:44,936 [INFO] Época 14/30, Batch 350/3348, Loss: 0.0005
2025-09-29 00:06:45,196 [INFO] Época 14/30, Batch 400/3348, Loss: 0.0005
2025-09-29 00:06:45,456 [INFO] Época 14/30, Batch 450/3348, Loss: 0.0004
2025-09-29 00:06:45,715 [INFO] Época 14/30, Batch 500/3348, Loss: 0.0004
2025-09-29 00:06:45,973 [INFO] Época 14/30, Batch 550/3348, Loss: 0.0005
2025-09-29 00:06:46,231 [INFO] Época 14/30, Batch 600/3348, Loss: 0.0004
2025-09-29 00:06:46,489 [INFO] Época 14/30, Batch 650/3348, Loss: 0.0005
2025-09-29 00:06:46,746 [INFO] Época 14/30, Batch 700/3348, Loss: 0.0003
2025-09-29 00:06:47,005 [INFO] Época 14/30, Batch 750/3348, Loss: 0.0004
2025-09-29 00:06:47,264 [INFO] Época 14/30, Batch 800/3348, Loss: 0.0004
2025-09-29 00:06:47,520 [INFO] Época 14/30, Batch 850/3348, Loss: 0.0004
2025-09-29 00:06:47,769 [INFO] Época 14/30, Batch 900/3348, Loss: 0.0005
2025-09-29 00:06:48,018 [INFO] Época 14/30, Batch 950/3348, Loss: 0.0006
2025-09-29 00:06:48,265 [INFO] Época 14/30, Batch 1000/3348, Loss: 0.0003
2025-09-29 00:06:48,515 [INFO] Época 14/30, Batch 1050/3348, Loss: 0.0004
2025-09-29 00:06:48,768 [INFO] Época 14/30, Batch 1100/3348, Loss: 0.0004
2025-09-29 00:06:49,021 [INFO] Época 14/30, Batch 1150/3348, Loss: 0.0004
2025-09-29 00:06:49,274 [INFO] Época 14/30, Batch 1200/3348, Loss: 0.0004
2025-09-29 00:06:49,527 [INFO] Época 14/30, Batch 1250/3348, Loss: 0.0005
2025-09-29 00:06:49,788 [INFO] Época 14/30, Batch 1300/3348, Loss: 0.0005
2025-09-29 00:06:50,049 [INFO] Época 14/30, Batch 1350/3348, Loss: 0.0004
2025-09-29 00:06:50,307 [INFO] Época 14/30, Batch 1400/3348, Loss: 0.0005
2025-09-29 00:06:50,570 [INFO] Época 14/30, Batch 1450/3348, Loss: 0.0003
2025-09-29 00:06:50,830 [INFO] Época 14/30, Batch 1500/3348, Loss: 0.0006
2025-09-29 00:06:51,090 [INFO] Época 14/30, Batch 1550/3348, Loss: 0.0004
2025-09-29 00:06:51,350 [INFO] Época 14/30, Batch 1600/3348, Loss: 0.0004
2025-09-29 00:06:51,609 [INFO] Época 14/30, Batch 1650/3348, Loss: 0.0005
2025-09-29 00:06:51,869 [INFO] Época 14/30, Batch 1700/3348, Loss: 0.0004
2025-09-29 00:06:52,128 [INFO] Época 14/30, Batch 1750/3348, Loss: 0.0004
2025-09-29 00:06:52,388 [INFO] Época 14/30, Batch 1800/3348, Loss: 0.0007
2025-09-29 00:06:52,648 [INFO] Época 14/30, Batch 1850/3348, Loss: 0.0004
2025-09-29 00:06:52,910 [INFO] Época 14/30, Batch 1900/3348, Loss: 0.0003
2025-09-29 00:06:53,170 [INFO] Época 14/30, Batch 1950/3348, Loss: 0.0003
2025-09-29 00:06:53,426 [INFO] Época 14/30, Batch 2000/3348, Loss: 0.0005
2025-09-29 00:06:53,683 [INFO] Época 14/30, Batch 2050/3348, Loss: 0.0007
2025-09-29 00:06:53,945 [INFO] Época 14/30, Batch 2100/3348, Loss: 0.0004
2025-09-29 00:06:54,206 [INFO] Época 14/30, Batch 2150/3348, Loss: 0.0004
2025-09-29 00:06:54,469 [INFO] Época 14/30, Batch 2200/3348, Loss: 0.0004
2025-09-29 00:06:54,728 [INFO] Época 14/30, Batch 2250/3348, Loss: 0.0004
2025-09-29 00:06:54,988 [INFO] Época 14/30, Batch 2300/3348, Loss: 0.0005
2025-09-29 00:06:55,246 [INFO] Época 14/30, Batch 2350/3348, Loss: 0.0003
2025-09-29 00:06:55,504 [INFO] Época 14/30, Batch 2400/3348, Loss: 0.0004
2025-09-29 00:06:55,765 [INFO] Época 14/30, Batch 2450/3348, Loss: 0.0006
2025-09-29 00:06:56,023 [INFO] Época 14/30, Batch 2500/3348, Loss: 0.0004
2025-09-29 00:06:56,281 [INFO] Época 14/30, Batch 2550/3348, Loss: 0.0003
2025-09-29 00:06:56,538 [INFO] Época 14/30, Batch 2600/3348, Loss: 0.0006
2025-09-29 00:06:56,793 [INFO] Época 14/30, Batch 2650/3348, Loss: 0.0003
2025-09-29 00:06:57,051 [INFO] Época 14/30, Batch 2700/3348, Loss: 0.0004
2025-09-29 00:06:57,307 [INFO] Época 14/30, Batch 2750/3348, Loss: 0.0005
2025-09-29 00:06:57,565 [INFO] Época 14/30, Batch 2800/3348, Loss: 0.0004
2025-09-29 00:06:57,823 [INFO] Época 14/30, Batch 2850/3348, Loss: 0.0003
2025-09-29 00:06:58,079 [INFO] Época 14/30, Batch 2900/3348, Loss: 0.0004
2025-09-29 00:06:58,337 [INFO] Época 14/30, Batch 2950/3348, Loss: 0.0003
2025-09-29 00:06:58,594 [INFO] Época 14/30, Batch 3000/3348, Loss: 0.0006
2025-09-29 00:06:58,851 [INFO] Época 14/30, Batch 3050/3348, Loss: 0.0004
2025-09-29 00:06:59,107 [INFO] Época 14/30, Batch 3100/3348, Loss: 0.0005
2025-09-29 00:06:59,364 [INFO] Época 14/30, Batch 3150/3348, Loss: 0.0004
2025-09-29 00:06:59,622 [INFO] Época 14/30, Batch 3200/3348, Loss: 0.0003
2025-09-29 00:06:59,880 [INFO] Época 14/30, Batch 3250/3348, Loss: 0.0006
2025-09-29 00:07:00,139 [INFO] Época 14/30, Batch 3300/3348, Loss: 0.0004
2025-09-29 00:07:01,947 [INFO] [14/30] Train Loss: 0.0048 | Val Loss: 0.0004 | Tempo: 19.13s
2025-09-29 00:07:02,521 [INFO] Época 15/30, Batch 50/3348, Loss: 0.0004
2025-09-29 00:07:02,796 [INFO] Época 15/30, Batch 100/3348, Loss: 0.0003
2025-09-29 00:07:03,069 [INFO] Época 15/30, Batch 150/3348, Loss: 0.0006
2025-09-29 00:07:03,342 [INFO] Época 15/30, Batch 200/3348, Loss: 0.0004
2025-09-29 00:07:03,613 [INFO] Época 15/30, Batch 250/3348, Loss: 0.0004
2025-09-29 00:07:03,884 [INFO] Época 15/30, Batch 300/3348, Loss: 0.0003
2025-09-29 00:07:04,155 [INFO] Época 15/30, Batch 350/3348, Loss: 0.0005
2025-09-29 00:07:04,426 [INFO] Época 15/30, Batch 400/3348, Loss: 0.0004
2025-09-29 00:07:04,700 [INFO] Época 15/30, Batch 450/3348, Loss: 0.0005
2025-09-29 00:07:04,971 [INFO] Época 15/30, Batch 500/3348, Loss: 0.0003
2025-09-29 00:07:05,235 [INFO] Época 15/30, Batch 550/3348, Loss: 0.0004
2025-09-29 00:07:05,496 [INFO] Época 15/30, Batch 600/3348, Loss: 0.0004
2025-09-29 00:07:05,757 [INFO] Época 15/30, Batch 650/3348, Loss: 0.0005
2025-09-29 00:07:06,020 [INFO] Época 15/30, Batch 700/3348, Loss: 0.0005
2025-09-29 00:07:06,279 [INFO] Época 15/30, Batch 750/3348, Loss: 0.0003
2025-09-29 00:07:06,538 [INFO] Época 15/30, Batch 800/3348, Loss: 0.0003
2025-09-29 00:07:06,797 [INFO] Época 15/30, Batch 850/3348, Loss: 0.0004
2025-09-29 00:07:07,058 [INFO] Época 15/30, Batch 900/3348, Loss: 0.0003
2025-09-29 00:07:07,329 [INFO] Época 15/30, Batch 950/3348, Loss: 0.0004
2025-09-29 00:07:07,590 [INFO] Época 15/30, Batch 1000/3348, Loss: 0.0004
2025-09-29 00:07:07,850 [INFO] Época 15/30, Batch 1050/3348, Loss: 0.0003
2025-09-29 00:07:08,110 [INFO] Época 15/30, Batch 1100/3348, Loss: 0.0005
2025-09-29 00:07:08,371 [INFO] Época 15/30, Batch 1150/3348, Loss: 0.0004
2025-09-29 00:07:08,635 [INFO] Época 15/30, Batch 1200/3348, Loss: 0.0004
2025-09-29 00:07:08,895 [INFO] Época 15/30, Batch 1250/3348, Loss: 0.0006
2025-09-29 00:07:09,156 [INFO] Época 15/30, Batch 1300/3348, Loss: 0.0006
2025-09-29 00:07:09,419 [INFO] Época 15/30, Batch 1350/3348, Loss: 0.0006
2025-09-29 00:07:09,682 [INFO] Época 15/30, Batch 1400/3348, Loss: 0.0004
2025-09-29 00:07:09,944 [INFO] Época 15/30, Batch 1450/3348, Loss: 0.0004
2025-09-29 00:07:10,205 [INFO] Época 15/30, Batch 1500/3348, Loss: 0.0006
2025-09-29 00:07:10,467 [INFO] Época 15/30, Batch 1550/3348, Loss: 0.0004
2025-09-29 00:07:10,735 [INFO] Época 15/30, Batch 1600/3348, Loss: 0.0004
2025-09-29 00:07:11,004 [INFO] Época 15/30, Batch 1650/3348, Loss: 0.0003
2025-09-29 00:07:11,273 [INFO] Época 15/30, Batch 1700/3348, Loss: 0.0004
2025-09-29 00:07:11,545 [INFO] Época 15/30, Batch 1750/3348, Loss: 0.0006
2025-09-29 00:07:11,815 [INFO] Época 15/30, Batch 1800/3348, Loss: 0.0005
2025-09-29 00:07:12,084 [INFO] Época 15/30, Batch 1850/3348, Loss: 0.0004
2025-09-29 00:07:12,364 [INFO] Época 15/30, Batch 1900/3348, Loss: 0.0005
2025-09-29 00:07:12,632 [INFO] Época 15/30, Batch 1950/3348, Loss: 0.0004
2025-09-29 00:07:12,894 [INFO] Época 15/30, Batch 2000/3348, Loss: 0.0006
2025-09-29 00:07:13,154 [INFO] Época 15/30, Batch 2050/3348, Loss: 0.0003
2025-09-29 00:07:13,415 [INFO] Época 15/30, Batch 2100/3348, Loss: 0.0005
2025-09-29 00:07:13,680 [INFO] Época 15/30, Batch 2150/3348, Loss: 0.0003
2025-09-29 00:07:13,951 [INFO] Época 15/30, Batch 2200/3348, Loss: 0.0004
2025-09-29 00:07:14,222 [INFO] Época 15/30, Batch 2250/3348, Loss: 0.0003
2025-09-29 00:07:14,493 [INFO] Época 15/30, Batch 2300/3348, Loss: 0.0005
2025-09-29 00:07:14,764 [INFO] Época 15/30, Batch 2350/3348, Loss: 0.0003
2025-09-29 00:07:15,034 [INFO] Época 15/30, Batch 2400/3348, Loss: 0.0005
2025-09-29 00:07:15,306 [INFO] Época 15/30, Batch 2450/3348, Loss: 0.0004
2025-09-29 00:07:15,577 [INFO] Época 15/30, Batch 2500/3348, Loss: 0.0004
2025-09-29 00:07:15,849 [INFO] Época 15/30, Batch 2550/3348, Loss: 0.0004
2025-09-29 00:07:16,119 [INFO] Época 15/30, Batch 2600/3348, Loss: 0.0004
2025-09-29 00:07:16,390 [INFO] Época 15/30, Batch 2650/3348, Loss: 0.0006
2025-09-29 00:07:16,658 [INFO] Época 15/30, Batch 2700/3348, Loss: 0.0005
2025-09-29 00:07:16,920 [INFO] Época 15/30, Batch 2750/3348, Loss: 0.0006
2025-09-29 00:07:17,182 [INFO] Época 15/30, Batch 2800/3348, Loss: 0.0005
2025-09-29 00:07:17,443 [INFO] Época 15/30, Batch 2850/3348, Loss: 0.0004
2025-09-29 00:07:17,705 [INFO] Época 15/30, Batch 2900/3348, Loss: 0.0005
2025-09-29 00:07:17,966 [INFO] Época 15/30, Batch 2950/3348, Loss: 0.0006
2025-09-29 00:07:18,226 [INFO] Época 15/30, Batch 3000/3348, Loss: 0.0004
2025-09-29 00:07:18,486 [INFO] Época 15/30, Batch 3050/3348, Loss: 0.0005
2025-09-29 00:07:18,742 [INFO] Época 15/30, Batch 3100/3348, Loss: 0.0004
2025-09-29 00:07:19,000 [INFO] Época 15/30, Batch 3150/3348, Loss: 0.0004
2025-09-29 00:07:19,258 [INFO] Época 15/30, Batch 3200/3348, Loss: 0.0004
2025-09-29 00:07:19,519 [INFO] Época 15/30, Batch 3250/3348, Loss: 0.0006
2025-09-29 00:07:19,778 [INFO] Época 15/30, Batch 3300/3348, Loss: 0.0004
2025-09-29 00:07:21,607 [INFO] [15/30] Train Loss: 0.0048 | Val Loss: 0.0004 | Tempo: 19.66s
2025-09-29 00:07:22,172 [INFO] Época 16/30, Batch 50/3348, Loss: 0.0004
2025-09-29 00:07:22,435 [INFO] Época 16/30, Batch 100/3348, Loss: 0.0003
2025-09-29 00:07:22,701 [INFO] Época 16/30, Batch 150/3348, Loss: 0.0004
2025-09-29 00:07:22,963 [INFO] Época 16/30, Batch 200/3348, Loss: 0.0004
2025-09-29 00:07:23,222 [INFO] Época 16/30, Batch 250/3348, Loss: 0.0007
2025-09-29 00:07:23,484 [INFO] Época 16/30, Batch 300/3348, Loss: 0.0008
2025-09-29 00:07:23,744 [INFO] Época 16/30, Batch 350/3348, Loss: 0.0003
2025-09-29 00:07:24,005 [INFO] Época 16/30, Batch 400/3348, Loss: 0.0009
2025-09-29 00:07:24,263 [INFO] Época 16/30, Batch 450/3348, Loss: 0.0004
2025-09-29 00:07:24,524 [INFO] Época 16/30, Batch 500/3348, Loss: 0.0006
2025-09-29 00:07:24,783 [INFO] Época 16/30, Batch 550/3348, Loss: 0.0004
2025-09-29 00:07:25,041 [INFO] Época 16/30, Batch 600/3348, Loss: 0.0005
2025-09-29 00:07:25,297 [INFO] Época 16/30, Batch 650/3348, Loss: 0.0004
2025-09-29 00:07:25,554 [INFO] Época 16/30, Batch 700/3348, Loss: 0.0004
2025-09-29 00:07:25,813 [INFO] Época 16/30, Batch 750/3348, Loss: 0.0004
2025-09-29 00:07:26,071 [INFO] Época 16/30, Batch 800/3348, Loss: 0.0005
2025-09-29 00:07:26,329 [INFO] Época 16/30, Batch 850/3348, Loss: 0.0003
2025-09-29 00:07:26,587 [INFO] Época 16/30, Batch 900/3348, Loss: 0.0006
2025-09-29 00:07:26,843 [INFO] Época 16/30, Batch 950/3348, Loss: 0.0005
2025-09-29 00:07:27,100 [INFO] Época 16/30, Batch 1000/3348, Loss: 0.0004
2025-09-29 00:07:27,358 [INFO] Época 16/30, Batch 1050/3348, Loss: 0.0003
2025-09-29 00:07:27,615 [INFO] Época 16/30, Batch 1100/3348, Loss: 0.0006
2025-09-29 00:07:27,881 [INFO] Época 16/30, Batch 1150/3348, Loss: 0.0005
2025-09-29 00:07:28,138 [INFO] Época 16/30, Batch 1200/3348, Loss: 0.0003
2025-09-29 00:07:28,396 [INFO] Época 16/30, Batch 1250/3348, Loss: 0.0004
2025-09-29 00:07:28,655 [INFO] Época 16/30, Batch 1300/3348, Loss: 0.0005
2025-09-29 00:07:28,914 [INFO] Época 16/30, Batch 1350/3348, Loss: 0.0003
2025-09-29 00:07:29,172 [INFO] Época 16/30, Batch 1400/3348, Loss: 0.0004
2025-09-29 00:07:29,431 [INFO] Época 16/30, Batch 1450/3348, Loss: 0.0004
2025-09-29 00:07:29,692 [INFO] Época 16/30, Batch 1500/3348, Loss: 0.0005
2025-09-29 00:07:29,950 [INFO] Época 16/30, Batch 1550/3348, Loss: 0.0005
2025-09-29 00:07:30,210 [INFO] Época 16/30, Batch 1600/3348, Loss: 0.0003
2025-09-29 00:07:30,472 [INFO] Época 16/30, Batch 1650/3348, Loss: 0.0008
2025-09-29 00:07:30,731 [INFO] Época 16/30, Batch 1700/3348, Loss: 0.0004
2025-09-29 00:07:30,989 [INFO] Época 16/30, Batch 1750/3348, Loss: 0.0003
2025-09-29 00:07:31,248 [INFO] Época 16/30, Batch 1800/3348, Loss: 0.0005
2025-09-29 00:07:31,507 [INFO] Época 16/30, Batch 1850/3348, Loss: 0.0002
2025-09-29 00:07:31,766 [INFO] Época 16/30, Batch 1900/3348, Loss: 0.0005
2025-09-29 00:07:32,024 [INFO] Época 16/30, Batch 1950/3348, Loss: 0.0004
2025-09-29 00:07:32,283 [INFO] Época 16/30, Batch 2000/3348, Loss: 0.0005
2025-09-29 00:07:32,542 [INFO] Época 16/30, Batch 2050/3348, Loss: 0.0003
2025-09-29 00:07:32,801 [INFO] Época 16/30, Batch 2100/3348, Loss: 0.0004
2025-09-29 00:07:33,059 [INFO] Época 16/30, Batch 2150/3348, Loss: 0.0004
2025-09-29 00:07:33,319 [INFO] Época 16/30, Batch 2200/3348, Loss: 0.0004
2025-09-29 00:07:33,579 [INFO] Época 16/30, Batch 2250/3348, Loss: 0.0005
2025-09-29 00:07:33,840 [INFO] Época 16/30, Batch 2300/3348, Loss: 0.0004
2025-09-29 00:07:34,100 [INFO] Época 16/30, Batch 2350/3348, Loss: 0.0003
2025-09-29 00:07:34,356 [INFO] Época 16/30, Batch 2400/3348, Loss: 0.0006
2025-09-29 00:07:34,616 [INFO] Época 16/30, Batch 2450/3348, Loss: 0.0005
2025-09-29 00:07:34,875 [INFO] Época 16/30, Batch 2500/3348, Loss: 0.0004
2025-09-29 00:07:35,137 [INFO] Época 16/30, Batch 2550/3348, Loss: 0.0005
2025-09-29 00:07:35,399 [INFO] Época 16/30, Batch 2600/3348, Loss: 0.0004
2025-09-29 00:07:35,660 [INFO] Época 16/30, Batch 2650/3348, Loss: 0.0005
2025-09-29 00:07:35,920 [INFO] Época 16/30, Batch 2700/3348, Loss: 0.0004
2025-09-29 00:07:36,181 [INFO] Época 16/30, Batch 2750/3348, Loss: 0.0006
2025-09-29 00:07:36,444 [INFO] Época 16/30, Batch 2800/3348, Loss: 0.0006
2025-09-29 00:07:36,703 [INFO] Época 16/30, Batch 2850/3348, Loss: 0.0005
2025-09-29 00:07:36,964 [INFO] Época 16/30, Batch 2900/3348, Loss: 0.0004
2025-09-29 00:07:37,225 [INFO] Época 16/30, Batch 2950/3348, Loss: 0.0004
2025-09-29 00:07:37,485 [INFO] Época 16/30, Batch 3000/3348, Loss: 0.0006
2025-09-29 00:07:37,745 [INFO] Época 16/30, Batch 3050/3348, Loss: 0.0006
2025-09-29 00:07:38,007 [INFO] Época 16/30, Batch 3100/3348, Loss: 0.0004
2025-09-29 00:07:38,280 [INFO] Época 16/30, Batch 3150/3348, Loss: 0.0005
2025-09-29 00:07:38,542 [INFO] Época 16/30, Batch 3200/3348, Loss: 0.0002
2025-09-29 00:07:38,802 [INFO] Época 16/30, Batch 3250/3348, Loss: 0.0004
2025-09-29 00:07:39,067 [INFO] Época 16/30, Batch 3300/3348, Loss: 0.0004
2025-09-29 00:07:40,801 [INFO] [16/30] Train Loss: 0.0048 | Val Loss: 0.0004 | Tempo: 19.19s
2025-09-29 00:07:41,359 [INFO] Época 17/30, Batch 50/3348, Loss: 0.0004
2025-09-29 00:07:41,624 [INFO] Época 17/30, Batch 100/3348, Loss: 0.0003
2025-09-29 00:07:41,887 [INFO] Época 17/30, Batch 150/3348, Loss: 0.0005
2025-09-29 00:07:42,163 [INFO] Época 17/30, Batch 200/3348, Loss: 0.0005
2025-09-29 00:07:42,425 [INFO] Época 17/30, Batch 250/3348, Loss: 0.0004
2025-09-29 00:07:42,685 [INFO] Época 17/30, Batch 300/3348, Loss: 0.0006
2025-09-29 00:07:42,947 [INFO] Época 17/30, Batch 350/3348, Loss: 0.0004
2025-09-29 00:07:43,216 [INFO] Época 17/30, Batch 400/3348, Loss: 0.0004
2025-09-29 00:07:43,494 [INFO] Época 17/30, Batch 450/3348, Loss: 0.0003
2025-09-29 00:07:43,763 [INFO] Época 17/30, Batch 500/3348, Loss: 0.0004
2025-09-29 00:07:44,031 [INFO] Época 17/30, Batch 550/3348, Loss: 0.0004
2025-09-29 00:07:44,301 [INFO] Época 17/30, Batch 600/3348, Loss: 0.0004
2025-09-29 00:07:44,569 [INFO] Época 17/30, Batch 650/3348, Loss: 0.0004
2025-09-29 00:07:44,839 [INFO] Época 17/30, Batch 700/3348, Loss: 0.0002
2025-09-29 00:07:45,109 [INFO] Época 17/30, Batch 750/3348, Loss: 0.0004
2025-09-29 00:07:45,377 [INFO] Época 17/30, Batch 800/3348, Loss: 0.0004
2025-09-29 00:07:45,646 [INFO] Época 17/30, Batch 850/3348, Loss: 0.0004
2025-09-29 00:07:45,915 [INFO] Época 17/30, Batch 900/3348, Loss: 0.0005
2025-09-29 00:07:46,182 [INFO] Época 17/30, Batch 950/3348, Loss: 0.0005
2025-09-29 00:07:46,450 [INFO] Época 17/30, Batch 1000/3348, Loss: 0.0006
2025-09-29 00:07:46,719 [INFO] Época 17/30, Batch 1050/3348, Loss: 0.0006
2025-09-29 00:07:46,988 [INFO] Época 17/30, Batch 1100/3348, Loss: 0.0004
2025-09-29 00:07:47,254 [INFO] Época 17/30, Batch 1150/3348, Loss: 0.0003
2025-09-29 00:07:47,522 [INFO] Época 17/30, Batch 1200/3348, Loss: 0.0005
2025-09-29 00:07:47,784 [INFO] Época 17/30, Batch 1250/3348, Loss: 0.0004
2025-09-29 00:07:48,047 [INFO] Época 17/30, Batch 1300/3348, Loss: 0.0006
2025-09-29 00:07:48,312 [INFO] Época 17/30, Batch 1350/3348, Loss: 0.0005
2025-09-29 00:07:48,581 [INFO] Época 17/30, Batch 1400/3348, Loss: 0.0005
2025-09-29 00:07:48,848 [INFO] Época 17/30, Batch 1450/3348, Loss: 0.0004
2025-09-29 00:07:49,117 [INFO] Época 17/30, Batch 1500/3348, Loss: 0.0004
2025-09-29 00:07:49,387 [INFO] Época 17/30, Batch 1550/3348, Loss: 0.0004
2025-09-29 00:07:49,656 [INFO] Época 17/30, Batch 1600/3348, Loss: 0.0004
2025-09-29 00:07:49,916 [INFO] Época 17/30, Batch 1650/3348, Loss: 0.0004
2025-09-29 00:07:50,177 [INFO] Época 17/30, Batch 1700/3348, Loss: 0.0006
2025-09-29 00:07:50,439 [INFO] Época 17/30, Batch 1750/3348, Loss: 0.0007
2025-09-29 00:07:50,702 [INFO] Época 17/30, Batch 1800/3348, Loss: 0.0005
2025-09-29 00:07:50,964 [INFO] Época 17/30, Batch 1850/3348, Loss: 0.0003
2025-09-29 00:07:51,228 [INFO] Época 17/30, Batch 1900/3348, Loss: 0.0003
2025-09-29 00:07:51,489 [INFO] Época 17/30, Batch 1950/3348, Loss: 0.0005
2025-09-29 00:07:51,751 [INFO] Época 17/30, Batch 2000/3348, Loss: 0.0005
2025-09-29 00:07:52,012 [INFO] Época 17/30, Batch 2050/3348, Loss: 0.0004
2025-09-29 00:07:52,279 [INFO] Época 17/30, Batch 2100/3348, Loss: 0.0003
2025-09-29 00:07:52,547 [INFO] Época 17/30, Batch 2150/3348, Loss: 0.0004
2025-09-29 00:07:52,814 [INFO] Época 17/30, Batch 2200/3348, Loss: 0.0003
2025-09-29 00:07:53,082 [INFO] Época 17/30, Batch 2250/3348, Loss: 0.0005
2025-09-29 00:07:53,353 [INFO] Época 17/30, Batch 2300/3348, Loss: 0.0004
2025-09-29 00:07:53,631 [INFO] Época 17/30, Batch 2350/3348, Loss: 0.0003
2025-09-29 00:07:53,900 [INFO] Época 17/30, Batch 2400/3348, Loss: 0.0003
2025-09-29 00:07:54,169 [INFO] Época 17/30, Batch 2450/3348, Loss: 0.0006
2025-09-29 00:07:54,439 [INFO] Época 17/30, Batch 2500/3348, Loss: 0.0004
2025-09-29 00:07:54,707 [INFO] Época 17/30, Batch 2550/3348, Loss: 0.0007
2025-09-29 00:07:54,975 [INFO] Época 17/30, Batch 2600/3348, Loss: 0.0004
2025-09-29 00:07:55,241 [INFO] Época 17/30, Batch 2650/3348, Loss: 0.0005
2025-09-29 00:07:55,509 [INFO] Época 17/30, Batch 2700/3348, Loss: 0.0004
2025-09-29 00:07:55,778 [INFO] Época 17/30, Batch 2750/3348, Loss: 0.0005
2025-09-29 00:07:56,039 [INFO] Época 17/30, Batch 2800/3348, Loss: 0.0005
2025-09-29 00:07:56,299 [INFO] Época 17/30, Batch 2850/3348, Loss: 0.0006
2025-09-29 00:07:56,568 [INFO] Época 17/30, Batch 2900/3348, Loss: 0.0005
2025-09-29 00:07:56,830 [INFO] Época 17/30, Batch 2950/3348, Loss: 0.0005
2025-09-29 00:07:57,091 [INFO] Época 17/30, Batch 3000/3348, Loss: 0.0004
2025-09-29 00:07:57,352 [INFO] Época 17/30, Batch 3050/3348, Loss: 0.0004
2025-09-29 00:07:57,613 [INFO] Época 17/30, Batch 3100/3348, Loss: 0.0003
2025-09-29 00:07:57,874 [INFO] Época 17/30, Batch 3150/3348, Loss: 0.0004
2025-09-29 00:07:58,136 [INFO] Época 17/30, Batch 3200/3348, Loss: 0.0004
2025-09-29 00:07:58,396 [INFO] Época 17/30, Batch 3250/3348, Loss: 0.0005
2025-09-29 00:07:58,670 [INFO] Época 17/30, Batch 3300/3348, Loss: 0.0004
2025-09-29 00:08:00,508 [INFO] [17/30] Train Loss: 0.0048 | Val Loss: 0.0004 | Tempo: 19.71s
2025-09-29 00:08:01,075 [INFO] Época 18/30, Batch 50/3348, Loss: 0.0004
2025-09-29 00:08:01,343 [INFO] Época 18/30, Batch 100/3348, Loss: 0.0004
2025-09-29 00:08:01,608 [INFO] Época 18/30, Batch 150/3348, Loss: 0.0004
2025-09-29 00:08:01,872 [INFO] Época 18/30, Batch 200/3348, Loss: 0.0005
2025-09-29 00:08:02,134 [INFO] Época 18/30, Batch 250/3348, Loss: 0.0003
2025-09-29 00:08:02,399 [INFO] Época 18/30, Batch 300/3348, Loss: 0.0005
2025-09-29 00:08:02,664 [INFO] Época 18/30, Batch 350/3348, Loss: 0.0004
2025-09-29 00:08:02,926 [INFO] Época 18/30, Batch 400/3348, Loss: 0.0004
2025-09-29 00:08:03,189 [INFO] Época 18/30, Batch 450/3348, Loss: 0.0005
2025-09-29 00:08:03,450 [INFO] Época 18/30, Batch 500/3348, Loss: 0.0004
2025-09-29 00:08:03,712 [INFO] Época 18/30, Batch 550/3348, Loss: 0.0004
2025-09-29 00:08:03,971 [INFO] Época 18/30, Batch 600/3348, Loss: 0.0006
2025-09-29 00:08:04,228 [INFO] Época 18/30, Batch 650/3348, Loss: 0.0003
2025-09-29 00:08:04,485 [INFO] Época 18/30, Batch 700/3348, Loss: 0.0004
2025-09-29 00:08:04,745 [INFO] Época 18/30, Batch 750/3348, Loss: 0.0003
2025-09-29 00:08:05,004 [INFO] Época 18/30, Batch 800/3348, Loss: 0.0004
2025-09-29 00:08:05,261 [INFO] Época 18/30, Batch 850/3348, Loss: 0.0004
2025-09-29 00:08:05,519 [INFO] Época 18/30, Batch 900/3348, Loss: 0.0004
2025-09-29 00:08:05,778 [INFO] Época 18/30, Batch 950/3348, Loss: 0.0006
2025-09-29 00:08:06,036 [INFO] Época 18/30, Batch 1000/3348, Loss: 0.0004
2025-09-29 00:08:06,296 [INFO] Época 18/30, Batch 1050/3348, Loss: 0.0004
2025-09-29 00:08:06,553 [INFO] Época 18/30, Batch 1100/3348, Loss: 0.0005
2025-09-29 00:08:06,814 [INFO] Época 18/30, Batch 1150/3348, Loss: 0.0003
2025-09-29 00:08:07,075 [INFO] Época 18/30, Batch 1200/3348, Loss: 0.0004
2025-09-29 00:08:07,335 [INFO] Época 18/30, Batch 1250/3348, Loss: 0.0004
2025-09-29 00:08:07,596 [INFO] Época 18/30, Batch 1300/3348, Loss: 0.0004
2025-09-29 00:08:07,857 [INFO] Época 18/30, Batch 1350/3348, Loss: 0.0005
2025-09-29 00:08:08,118 [INFO] Época 18/30, Batch 1400/3348, Loss: 0.0006
2025-09-29 00:08:08,378 [INFO] Época 18/30, Batch 1450/3348, Loss: 0.0003
2025-09-29 00:08:08,635 [INFO] Época 18/30, Batch 1500/3348, Loss: 0.0004
2025-09-29 00:08:08,894 [INFO] Época 18/30, Batch 1550/3348, Loss: 0.0008
2025-09-29 00:08:09,154 [INFO] Época 18/30, Batch 1600/3348, Loss: 0.0004
2025-09-29 00:08:09,412 [INFO] Época 18/30, Batch 1650/3348, Loss: 0.0004
2025-09-29 00:08:09,669 [INFO] Época 18/30, Batch 1700/3348, Loss: 0.0004
2025-09-29 00:08:09,927 [INFO] Época 18/30, Batch 1750/3348, Loss: 0.0005
2025-09-29 00:08:10,185 [INFO] Época 18/30, Batch 1800/3348, Loss: 0.0004
2025-09-29 00:08:10,444 [INFO] Época 18/30, Batch 1850/3348, Loss: 0.0005
2025-09-29 00:08:10,702 [INFO] Época 18/30, Batch 1900/3348, Loss: 0.0004
2025-09-29 00:08:10,960 [INFO] Época 18/30, Batch 1950/3348, Loss: 0.0004
2025-09-29 00:08:11,218 [INFO] Época 18/30, Batch 2000/3348, Loss: 0.0004
2025-09-29 00:08:11,476 [INFO] Época 18/30, Batch 2050/3348, Loss: 0.0004
2025-09-29 00:08:11,733 [INFO] Época 18/30, Batch 2100/3348, Loss: 0.0005
2025-09-29 00:08:11,993 [INFO] Época 18/30, Batch 2150/3348, Loss: 0.0005
2025-09-29 00:08:12,251 [INFO] Época 18/30, Batch 2200/3348, Loss: 0.0005
2025-09-29 00:08:12,509 [INFO] Época 18/30, Batch 2250/3348, Loss: 0.0005
2025-09-29 00:08:12,769 [INFO] Época 18/30, Batch 2300/3348, Loss: 0.0004
2025-09-29 00:08:13,028 [INFO] Época 18/30, Batch 2350/3348, Loss: 0.0007
2025-09-29 00:08:13,286 [INFO] Época 18/30, Batch 2400/3348, Loss: 0.0004
2025-09-29 00:08:13,543 [INFO] Época 18/30, Batch 2450/3348, Loss: 0.0005
2025-09-29 00:08:13,803 [INFO] Época 18/30, Batch 2500/3348, Loss: 0.0004
2025-09-29 00:08:14,070 [INFO] Época 18/30, Batch 2550/3348, Loss: 0.0004
2025-09-29 00:08:14,329 [INFO] Época 18/30, Batch 2600/3348, Loss: 0.0005
2025-09-29 00:08:14,593 [INFO] Época 18/30, Batch 2650/3348, Loss: 0.0005
2025-09-29 00:08:14,864 [INFO] Época 18/30, Batch 2700/3348, Loss: 0.0005
2025-09-29 00:08:15,138 [INFO] Época 18/30, Batch 2750/3348, Loss: 0.0005
2025-09-29 00:08:15,407 [INFO] Época 18/30, Batch 2800/3348, Loss: 0.0006
2025-09-29 00:08:15,668 [INFO] Época 18/30, Batch 2850/3348, Loss: 0.0005
2025-09-29 00:08:15,927 [INFO] Época 18/30, Batch 2900/3348, Loss: 0.0005
2025-09-29 00:08:16,188 [INFO] Época 18/30, Batch 2950/3348, Loss: 0.0003
2025-09-29 00:08:16,445 [INFO] Época 18/30, Batch 3000/3348, Loss: 0.0006
2025-09-29 00:08:16,703 [INFO] Época 18/30, Batch 3050/3348, Loss: 0.0005
2025-09-29 00:08:16,961 [INFO] Época 18/30, Batch 3100/3348, Loss: 0.0004
2025-09-29 00:08:17,217 [INFO] Época 18/30, Batch 3150/3348, Loss: 0.0004
2025-09-29 00:08:17,474 [INFO] Época 18/30, Batch 3200/3348, Loss: 0.0004
2025-09-29 00:08:17,731 [INFO] Época 18/30, Batch 3250/3348, Loss: 0.0003
2025-09-29 00:08:17,986 [INFO] Época 18/30, Batch 3300/3348, Loss: 0.0004
2025-09-29 00:08:19,831 [INFO] [18/30] Train Loss: 0.0048 | Val Loss: 0.0004 | Tempo: 19.32s
2025-09-29 00:08:20,396 [INFO] Época 19/30, Batch 50/3348, Loss: 0.0004
2025-09-29 00:08:20,668 [INFO] Época 19/30, Batch 100/3348, Loss: 0.0005
2025-09-29 00:08:20,939 [INFO] Época 19/30, Batch 150/3348, Loss: 0.0004
2025-09-29 00:08:21,203 [INFO] Época 19/30, Batch 200/3348, Loss: 0.0005
2025-09-29 00:08:21,461 [INFO] Época 19/30, Batch 250/3348, Loss: 0.0004
2025-09-29 00:08:21,720 [INFO] Época 19/30, Batch 300/3348, Loss: 0.0005
2025-09-29 00:08:21,981 [INFO] Época 19/30, Batch 350/3348, Loss: 0.0004
2025-09-29 00:08:22,240 [INFO] Época 19/30, Batch 400/3348, Loss: 0.0004
2025-09-29 00:08:22,499 [INFO] Época 19/30, Batch 450/3348, Loss: 0.0004
2025-09-29 00:08:22,758 [INFO] Época 19/30, Batch 500/3348, Loss: 0.0005
2025-09-29 00:08:23,016 [INFO] Época 19/30, Batch 550/3348, Loss: 0.0004
2025-09-29 00:08:23,277 [INFO] Época 19/30, Batch 600/3348, Loss: 0.0004
2025-09-29 00:08:23,534 [INFO] Época 19/30, Batch 650/3348, Loss: 0.0003
2025-09-29 00:08:23,793 [INFO] Época 19/30, Batch 700/3348, Loss: 0.0005
2025-09-29 00:08:24,050 [INFO] Época 19/30, Batch 750/3348, Loss: 0.0004
2025-09-29 00:08:24,309 [INFO] Época 19/30, Batch 800/3348, Loss: 0.0004
2025-09-29 00:08:24,570 [INFO] Época 19/30, Batch 850/3348, Loss: 0.0005
2025-09-29 00:08:24,827 [INFO] Época 19/30, Batch 900/3348, Loss: 0.0004
2025-09-29 00:08:25,087 [INFO] Época 19/30, Batch 950/3348, Loss: 0.0004
2025-09-29 00:08:25,357 [INFO] Época 19/30, Batch 1000/3348, Loss: 0.0003
2025-09-29 00:08:25,618 [INFO] Época 19/30, Batch 1050/3348, Loss: 0.0004
2025-09-29 00:08:25,877 [INFO] Época 19/30, Batch 1100/3348, Loss: 0.0003
2025-09-29 00:08:26,137 [INFO] Época 19/30, Batch 1150/3348, Loss: 0.0004
2025-09-29 00:08:26,395 [INFO] Época 19/30, Batch 1200/3348, Loss: 0.0005
2025-09-29 00:08:26,655 [INFO] Época 19/30, Batch 1250/3348, Loss: 0.0004
2025-09-29 00:08:26,916 [INFO] Época 19/30, Batch 1300/3348, Loss: 0.0005
2025-09-29 00:08:27,180 [INFO] Época 19/30, Batch 1350/3348, Loss: 0.0004
2025-09-29 00:08:27,444 [INFO] Época 19/30, Batch 1400/3348, Loss: 0.0006
2025-09-29 00:08:27,705 [INFO] Época 19/30, Batch 1450/3348, Loss: 0.0004
2025-09-29 00:08:27,964 [INFO] Época 19/30, Batch 1500/3348, Loss: 0.0008
2025-09-29 00:08:28,222 [INFO] Época 19/30, Batch 1550/3348, Loss: 0.0004
2025-09-29 00:08:28,484 [INFO] Época 19/30, Batch 1600/3348, Loss: 0.0005
2025-09-29 00:08:28,749 [INFO] Época 19/30, Batch 1650/3348, Loss: 0.0004
2025-09-29 00:08:29,013 [INFO] Época 19/30, Batch 1700/3348, Loss: 0.0004
2025-09-29 00:08:29,276 [INFO] Época 19/30, Batch 1750/3348, Loss: 0.0004
2025-09-29 00:08:29,539 [INFO] Época 19/30, Batch 1800/3348, Loss: 0.0004
2025-09-29 00:08:29,803 [INFO] Época 19/30, Batch 1850/3348, Loss: 0.0004
2025-09-29 00:08:30,062 [INFO] Época 19/30, Batch 1900/3348, Loss: 0.0004
2025-09-29 00:08:30,320 [INFO] Época 19/30, Batch 1950/3348, Loss: 0.0004
2025-09-29 00:08:30,588 [INFO] Época 19/30, Batch 2000/3348, Loss: 0.0004
2025-09-29 00:08:30,844 [INFO] Época 19/30, Batch 2050/3348, Loss: 0.0004
2025-09-29 00:08:31,104 [INFO] Época 19/30, Batch 2100/3348, Loss: 0.0005
2025-09-29 00:08:31,362 [INFO] Época 19/30, Batch 2150/3348, Loss: 0.0004
2025-09-29 00:08:31,619 [INFO] Época 19/30, Batch 2200/3348, Loss: 0.0004
2025-09-29 00:08:31,875 [INFO] Época 19/30, Batch 2250/3348, Loss: 0.0004
2025-09-29 00:08:32,134 [INFO] Época 19/30, Batch 2300/3348, Loss: 0.0004
2025-09-29 00:08:32,392 [INFO] Época 19/30, Batch 2350/3348, Loss: 0.0006
2025-09-29 00:08:32,653 [INFO] Época 19/30, Batch 2400/3348, Loss: 0.0004
2025-09-29 00:08:32,919 [INFO] Época 19/30, Batch 2450/3348, Loss: 0.0005
2025-09-29 00:08:33,181 [INFO] Época 19/30, Batch 2500/3348, Loss: 0.0005
2025-09-29 00:08:33,445 [INFO] Época 19/30, Batch 2550/3348, Loss: 0.0005
2025-09-29 00:08:33,705 [INFO] Época 19/30, Batch 2600/3348, Loss: 0.0004
2025-09-29 00:08:33,967 [INFO] Época 19/30, Batch 2650/3348, Loss: 0.0005
2025-09-29 00:08:34,229 [INFO] Época 19/30, Batch 2700/3348, Loss: 0.0003
2025-09-29 00:08:34,486 [INFO] Época 19/30, Batch 2750/3348, Loss: 0.0004
2025-09-29 00:08:34,743 [INFO] Época 19/30, Batch 2800/3348, Loss: 0.0004
2025-09-29 00:08:34,999 [INFO] Época 19/30, Batch 2850/3348, Loss: 0.0005
2025-09-29 00:08:35,258 [INFO] Época 19/30, Batch 2900/3348, Loss: 0.0005
2025-09-29 00:08:35,513 [INFO] Época 19/30, Batch 2950/3348, Loss: 0.0005
2025-09-29 00:08:35,770 [INFO] Época 19/30, Batch 3000/3348, Loss: 0.0005
2025-09-29 00:08:36,026 [INFO] Época 19/30, Batch 3050/3348, Loss: 0.0004
2025-09-29 00:08:36,283 [INFO] Época 19/30, Batch 3100/3348, Loss: 0.0003
2025-09-29 00:08:36,542 [INFO] Época 19/30, Batch 3150/3348, Loss: 0.0004
2025-09-29 00:08:36,799 [INFO] Época 19/30, Batch 3200/3348, Loss: 0.0005
2025-09-29 00:08:37,057 [INFO] Época 19/30, Batch 3250/3348, Loss: 0.0006
2025-09-29 00:08:37,313 [INFO] Época 19/30, Batch 3300/3348, Loss: 0.0004
2025-09-29 00:08:39,092 [INFO] [19/30] Train Loss: 0.0048 | Val Loss: 0.0004 | Tempo: 19.26s
2025-09-29 00:08:39,662 [INFO] Época 20/30, Batch 50/3348, Loss: 0.0004
2025-09-29 00:08:39,927 [INFO] Época 20/30, Batch 100/3348, Loss: 0.0004
2025-09-29 00:08:40,189 [INFO] Época 20/30, Batch 150/3348, Loss: 0.0004
2025-09-29 00:08:40,449 [INFO] Época 20/30, Batch 200/3348, Loss: 0.0005
2025-09-29 00:08:40,712 [INFO] Época 20/30, Batch 250/3348, Loss: 0.0005
2025-09-29 00:08:40,983 [INFO] Época 20/30, Batch 300/3348, Loss: 0.0004
2025-09-29 00:08:41,249 [INFO] Época 20/30, Batch 350/3348, Loss: 0.0004
2025-09-29 00:08:41,510 [INFO] Época 20/30, Batch 400/3348, Loss: 0.0005
2025-09-29 00:08:41,769 [INFO] Época 20/30, Batch 450/3348, Loss: 0.0004
2025-09-29 00:08:42,029 [INFO] Época 20/30, Batch 500/3348, Loss: 0.0005
2025-09-29 00:08:42,289 [INFO] Época 20/30, Batch 550/3348, Loss: 0.0005
2025-09-29 00:08:42,548 [INFO] Época 20/30, Batch 600/3348, Loss: 0.0004
2025-09-29 00:08:42,807 [INFO] Época 20/30, Batch 650/3348, Loss: 0.0004
2025-09-29 00:08:43,067 [INFO] Época 20/30, Batch 700/3348, Loss: 0.0004
2025-09-29 00:08:43,325 [INFO] Época 20/30, Batch 750/3348, Loss: 0.0003
2025-09-29 00:08:43,584 [INFO] Época 20/30, Batch 800/3348, Loss: 0.0004
2025-09-29 00:08:43,843 [INFO] Época 20/30, Batch 850/3348, Loss: 0.0004
2025-09-29 00:08:44,102 [INFO] Época 20/30, Batch 900/3348, Loss: 0.0004
2025-09-29 00:08:44,361 [INFO] Época 20/30, Batch 950/3348, Loss: 0.0004
2025-09-29 00:08:44,619 [INFO] Época 20/30, Batch 1000/3348, Loss: 0.0004
2025-09-29 00:08:44,879 [INFO] Época 20/30, Batch 1050/3348, Loss: 0.0005
2025-09-29 00:08:45,137 [INFO] Época 20/30, Batch 1100/3348, Loss: 0.0007
2025-09-29 00:08:45,396 [INFO] Época 20/30, Batch 1150/3348, Loss: 0.0003
2025-09-29 00:08:45,655 [INFO] Época 20/30, Batch 1200/3348, Loss: 0.0004
2025-09-29 00:08:45,913 [INFO] Época 20/30, Batch 1250/3348, Loss: 0.0005
2025-09-29 00:08:46,183 [INFO] Época 20/30, Batch 1300/3348, Loss: 0.0004
2025-09-29 00:08:46,441 [INFO] Época 20/30, Batch 1350/3348, Loss: 0.0004
2025-09-29 00:08:46,701 [INFO] Época 20/30, Batch 1400/3348, Loss: 0.0004
2025-09-29 00:08:46,960 [INFO] Época 20/30, Batch 1450/3348, Loss: 0.0012
2025-09-29 00:08:47,219 [INFO] Época 20/30, Batch 1500/3348, Loss: 0.0005
2025-09-29 00:08:47,478 [INFO] Época 20/30, Batch 1550/3348, Loss: 0.0005
2025-09-29 00:08:47,736 [INFO] Época 20/30, Batch 1600/3348, Loss: 0.0003
2025-09-29 00:08:47,997 [INFO] Época 20/30, Batch 1650/3348, Loss: 0.0003
2025-09-29 00:08:48,260 [INFO] Época 20/30, Batch 1700/3348, Loss: 0.0004
2025-09-29 00:08:48,529 [INFO] Época 20/30, Batch 1750/3348, Loss: 0.0002
2025-09-29 00:08:48,796 [INFO] Época 20/30, Batch 1800/3348, Loss: 0.0018
2025-09-29 00:08:49,055 [INFO] Época 20/30, Batch 1850/3348, Loss: 0.0003
2025-09-29 00:08:49,315 [INFO] Época 20/30, Batch 1900/3348, Loss: 0.0007
2025-09-29 00:08:49,574 [INFO] Época 20/30, Batch 1950/3348, Loss: 0.0004
2025-09-29 00:08:49,832 [INFO] Época 20/30, Batch 2000/3348, Loss: 0.0004
2025-09-29 00:08:50,090 [INFO] Época 20/30, Batch 2050/3348, Loss: 0.0004
2025-09-29 00:08:50,350 [INFO] Época 20/30, Batch 2100/3348, Loss: 0.0003
2025-09-29 00:08:50,611 [INFO] Época 20/30, Batch 2150/3348, Loss: 0.0004
2025-09-29 00:08:50,869 [INFO] Época 20/30, Batch 2200/3348, Loss: 0.0003
2025-09-29 00:08:51,127 [INFO] Época 20/30, Batch 2250/3348, Loss: 0.0004
2025-09-29 00:08:51,386 [INFO] Época 20/30, Batch 2300/3348, Loss: 0.0004
2025-09-29 00:08:51,651 [INFO] Época 20/30, Batch 2350/3348, Loss: 0.0004
2025-09-29 00:08:51,920 [INFO] Época 20/30, Batch 2400/3348, Loss: 0.0003
2025-09-29 00:08:52,189 [INFO] Época 20/30, Batch 2450/3348, Loss: 0.0003
2025-09-29 00:08:52,458 [INFO] Época 20/30, Batch 2500/3348, Loss: 0.0008
2025-09-29 00:08:52,726 [INFO] Época 20/30, Batch 2550/3348, Loss: 0.0004
2025-09-29 00:08:52,996 [INFO] Época 20/30, Batch 2600/3348, Loss: 0.0004
2025-09-29 00:08:53,265 [INFO] Época 20/30, Batch 2650/3348, Loss: 0.0004
2025-09-29 00:08:53,533 [INFO] Época 20/30, Batch 2700/3348, Loss: 0.0004
2025-09-29 00:08:53,792 [INFO] Época 20/30, Batch 2750/3348, Loss: 0.0004
2025-09-29 00:08:54,049 [INFO] Época 20/30, Batch 2800/3348, Loss: 0.0005
2025-09-29 00:08:54,310 [INFO] Época 20/30, Batch 2850/3348, Loss: 0.0005
2025-09-29 00:08:54,571 [INFO] Época 20/30, Batch 2900/3348, Loss: 0.0003
2025-09-29 00:08:54,833 [INFO] Época 20/30, Batch 2950/3348, Loss: 0.0004
2025-09-29 00:08:55,093 [INFO] Época 20/30, Batch 3000/3348, Loss: 0.0006
2025-09-29 00:08:55,354 [INFO] Época 20/30, Batch 3050/3348, Loss: 0.0005
2025-09-29 00:08:55,622 [INFO] Época 20/30, Batch 3100/3348, Loss: 0.0004
2025-09-29 00:08:55,903 [INFO] Época 20/30, Batch 3150/3348, Loss: 0.0004
2025-09-29 00:08:56,185 [INFO] Época 20/30, Batch 3200/3348, Loss: 0.0005
2025-09-29 00:08:56,477 [INFO] Época 20/30, Batch 3250/3348, Loss: 0.0005
2025-09-29 00:08:56,757 [INFO] Época 20/30, Batch 3300/3348, Loss: 0.0003
2025-09-29 00:08:58,515 [INFO] [20/30] Train Loss: 0.0048 | Val Loss: 0.0005 | Tempo: 19.42s
2025-09-29 00:08:58,516 [INFO] Early stopping ativado após 10 épocas sem melhoria
2025-09-29 00:08:58,516 [INFO] Treinamento concluído em 386.27 segundos (6.44 minutos)
2025-09-29 00:08:58,516 [INFO] Iniciando avaliação no conjunto de teste...
2025-09-29 00:09:00,050 [INFO] Avaliação do teste concluída em 1.53 segundos
2025-09-29 00:09:00,050 [INFO] MSE no teste: 0.0000
2025-09-29 00:09:00,050 [INFO] RMSE no teste: 0.0007
2025-09-29 00:09:00,050 [INFO] MAE no teste: 0.0005
2025-09-29 00:09:00,051 [INFO] Métricas salvas em /mnt/hdd/home/jdurao/ToolBox-ChemXAI/logs/mlp_att0_EState_metrics.json
