2025-10-09 21:30:58,682 [INFO] Iniciando treinamento do modelo mlp_att4_Physicochemical
2025-10-09 21:30:58,682 [INFO] Configuração: att_index=4, epochs=30, layers=[128, 64, 32], lr=0.001, batch_size=32, descriptor_type=Physicochemical
2025-10-09 21:30:58,682 [INFO] Diretório para modelos: /mnt/hdd/home/jdurao/ToolBox-ChemXAI/models
2025-10-09 21:30:58,682 [INFO] Carregando dados...
2025-10-09 21:30:58,767 [INFO] Preparando dataloaders sem ruído...
2025-10-09 21:40:24,489 [INFO] Dados carregados em 565.81 segundos
2025-10-09 21:40:24,489 [INFO] Tamanhos dos conjuntos - Treino: 107108, Validação: 13388, Teste: 13389
2025-10-09 21:40:24,489 [INFO] Usando dispositivo: cuda
2025-10-09 21:40:25,627 [INFO] Dimensão de entrada: 9, Dimensão de saída: 1
2025-10-09 21:40:25,628 [INFO] Criando modelo MLP com camadas: [128, 64, 32]
2025-10-09 21:40:25,631 [INFO] Modelo criado com 11649 parâmetros
2025-10-09 21:40:25,650 [INFO] Iniciando treinamento com 30 épocas...
2025-10-09 21:40:26,246 [INFO] Época 1/30, Batch 50/3348, Loss: 0.4092
2025-10-09 21:40:26,508 [INFO] Época 1/30, Batch 100/3348, Loss: 0.2579
2025-10-09 21:40:26,767 [INFO] Época 1/30, Batch 150/3348, Loss: 0.3202
2025-10-09 21:40:27,030 [INFO] Época 1/30, Batch 200/3348, Loss: 0.3538
2025-10-09 21:40:27,287 [INFO] Época 1/30, Batch 250/3348, Loss: 0.3137
2025-10-09 21:40:27,541 [INFO] Época 1/30, Batch 300/3348, Loss: 0.2973
2025-10-09 21:40:27,795 [INFO] Época 1/30, Batch 350/3348, Loss: 0.4110
2025-10-09 21:40:28,054 [INFO] Época 1/30, Batch 400/3348, Loss: 0.2700
2025-10-09 21:40:28,314 [INFO] Época 1/30, Batch 450/3348, Loss: 0.2846
2025-10-09 21:40:28,574 [INFO] Época 1/30, Batch 500/3348, Loss: 0.3071
2025-10-09 21:40:28,831 [INFO] Época 1/30, Batch 550/3348, Loss: 0.2514
2025-10-09 21:40:29,091 [INFO] Época 1/30, Batch 600/3348, Loss: 0.3121
2025-10-09 21:40:29,348 [INFO] Época 1/30, Batch 650/3348, Loss: 0.3397
2025-10-09 21:40:29,607 [INFO] Época 1/30, Batch 700/3348, Loss: 0.4038
2025-10-09 21:40:29,866 [INFO] Época 1/30, Batch 750/3348, Loss: 0.2166
2025-10-09 21:40:30,122 [INFO] Época 1/30, Batch 800/3348, Loss: 0.2406
2025-10-09 21:40:30,380 [INFO] Época 1/30, Batch 850/3348, Loss: 0.4698
2025-10-09 21:40:30,639 [INFO] Época 1/30, Batch 900/3348, Loss: 0.3069
2025-10-09 21:40:30,898 [INFO] Época 1/30, Batch 950/3348, Loss: 0.3263
2025-10-09 21:40:31,159 [INFO] Época 1/30, Batch 1000/3348, Loss: 0.3566
2025-10-09 21:40:31,419 [INFO] Época 1/30, Batch 1050/3348, Loss: 0.2778
2025-10-09 21:40:31,679 [INFO] Época 1/30, Batch 1100/3348, Loss: 0.2643
2025-10-09 21:40:31,937 [INFO] Época 1/30, Batch 1150/3348, Loss: 0.4232
2025-10-09 21:40:32,196 [INFO] Época 1/30, Batch 1200/3348, Loss: 0.3208
2025-10-09 21:40:32,453 [INFO] Época 1/30, Batch 1250/3348, Loss: 0.2891
2025-10-09 21:40:32,713 [INFO] Época 1/30, Batch 1300/3348, Loss: 0.5048
2025-10-09 21:40:32,973 [INFO] Época 1/30, Batch 1350/3348, Loss: 0.3185
2025-10-09 21:40:33,231 [INFO] Época 1/30, Batch 1400/3348, Loss: 0.2585
2025-10-09 21:40:33,489 [INFO] Época 1/30, Batch 1450/3348, Loss: 0.4194
2025-10-09 21:40:33,749 [INFO] Época 1/30, Batch 1500/3348, Loss: 0.4804
2025-10-09 21:40:34,007 [INFO] Época 1/30, Batch 1550/3348, Loss: 0.2875
2025-10-09 21:40:34,266 [INFO] Época 1/30, Batch 1600/3348, Loss: 0.3059
2025-10-09 21:40:34,521 [INFO] Época 1/30, Batch 1650/3348, Loss: 0.2949
2025-10-09 21:40:34,775 [INFO] Época 1/30, Batch 1700/3348, Loss: 0.2539
2025-10-09 21:40:35,032 [INFO] Época 1/30, Batch 1750/3348, Loss: 0.3328
2025-10-09 21:40:35,289 [INFO] Época 1/30, Batch 1800/3348, Loss: 0.2467
2025-10-09 21:40:35,546 [INFO] Época 1/30, Batch 1850/3348, Loss: 0.3471
2025-10-09 21:40:35,801 [INFO] Época 1/30, Batch 1900/3348, Loss: 0.2786
2025-10-09 21:40:36,058 [INFO] Época 1/30, Batch 1950/3348, Loss: 0.2756
2025-10-09 21:40:36,316 [INFO] Época 1/30, Batch 2000/3348, Loss: 0.3696
2025-10-09 21:40:36,576 [INFO] Época 1/30, Batch 2050/3348, Loss: 0.2820
2025-10-09 21:40:36,835 [INFO] Época 1/30, Batch 2100/3348, Loss: 0.3565
2025-10-09 21:40:37,093 [INFO] Época 1/30, Batch 2150/3348, Loss: 0.2326
2025-10-09 21:40:37,353 [INFO] Época 1/30, Batch 2200/3348, Loss: 0.3605
2025-10-09 21:40:37,613 [INFO] Época 1/30, Batch 2250/3348, Loss: 0.4278
2025-10-09 21:40:37,871 [INFO] Época 1/30, Batch 2300/3348, Loss: 0.2246
2025-10-09 21:40:38,130 [INFO] Época 1/30, Batch 2350/3348, Loss: 0.2141
2025-10-09 21:40:38,387 [INFO] Época 1/30, Batch 2400/3348, Loss: 0.2389
2025-10-09 21:40:38,646 [INFO] Época 1/30, Batch 2450/3348, Loss: 0.2547
2025-10-09 21:40:38,904 [INFO] Época 1/30, Batch 2500/3348, Loss: 0.2049
2025-10-09 21:40:39,161 [INFO] Época 1/30, Batch 2550/3348, Loss: 0.3078
2025-10-09 21:40:39,421 [INFO] Época 1/30, Batch 2600/3348, Loss: 0.2551
2025-10-09 21:40:39,683 [INFO] Época 1/30, Batch 2650/3348, Loss: 0.2830
2025-10-09 21:40:39,942 [INFO] Época 1/30, Batch 2700/3348, Loss: 0.2625
2025-10-09 21:40:40,203 [INFO] Época 1/30, Batch 2750/3348, Loss: 0.2707
2025-10-09 21:40:40,464 [INFO] Época 1/30, Batch 2800/3348, Loss: 0.2885
2025-10-09 21:40:40,722 [INFO] Época 1/30, Batch 2850/3348, Loss: 0.2734
2025-10-09 21:40:40,982 [INFO] Época 1/30, Batch 2900/3348, Loss: 0.2814
2025-10-09 21:40:41,242 [INFO] Época 1/30, Batch 2950/3348, Loss: 0.2213
2025-10-09 21:40:41,503 [INFO] Época 1/30, Batch 3000/3348, Loss: 0.2672
2025-10-09 21:40:41,765 [INFO] Época 1/30, Batch 3050/3348, Loss: 0.3301
2025-10-09 21:40:42,026 [INFO] Época 1/30, Batch 3100/3348, Loss: 0.2853
2025-10-09 21:40:42,287 [INFO] Época 1/30, Batch 3150/3348, Loss: 0.2278
2025-10-09 21:40:42,552 [INFO] Época 1/30, Batch 3200/3348, Loss: 0.2683
2025-10-09 21:40:42,810 [INFO] Época 1/30, Batch 3250/3348, Loss: 0.2977
2025-10-09 21:40:43,067 [INFO] Época 1/30, Batch 3300/3348, Loss: 0.3245
2025-10-09 21:40:44,868 [INFO] [1/30] Train Loss: 0.2906 | Val Loss: 0.2078 | Tempo: 19.22s
2025-10-09 21:40:44,872 [INFO] Melhor modelo salvo em: /mnt/hdd/home/jdurao/ToolBox-ChemXAI/models/mlp_qm9_Physicochemical_att4_large.pth
2025-10-09 21:40:45,468 [INFO] Época 2/30, Batch 50/3348, Loss: 0.3126
2025-10-09 21:40:45,737 [INFO] Época 2/30, Batch 100/3348, Loss: 0.3402
2025-10-09 21:40:46,005 [INFO] Época 2/30, Batch 150/3348, Loss: 0.2692
2025-10-09 21:40:46,271 [INFO] Época 2/30, Batch 200/3348, Loss: 0.2318
2025-10-09 21:40:46,540 [INFO] Época 2/30, Batch 250/3348, Loss: 0.2500
2025-10-09 21:40:46,808 [INFO] Época 2/30, Batch 300/3348, Loss: 0.2702
2025-10-09 21:40:47,073 [INFO] Época 2/30, Batch 350/3348, Loss: 0.3190
2025-10-09 21:40:47,338 [INFO] Época 2/30, Batch 400/3348, Loss: 0.3122
2025-10-09 21:40:47,605 [INFO] Época 2/30, Batch 450/3348, Loss: 0.2419
2025-10-09 21:40:47,872 [INFO] Época 2/30, Batch 500/3348, Loss: 0.2673
2025-10-09 21:40:48,138 [INFO] Época 2/30, Batch 550/3348, Loss: 0.2478
2025-10-09 21:40:48,406 [INFO] Época 2/30, Batch 600/3348, Loss: 0.2824
2025-10-09 21:40:48,674 [INFO] Época 2/30, Batch 650/3348, Loss: 0.2268
2025-10-09 21:40:48,939 [INFO] Época 2/30, Batch 700/3348, Loss: 0.2258
2025-10-09 21:40:49,207 [INFO] Época 2/30, Batch 750/3348, Loss: 0.3044
2025-10-09 21:40:49,473 [INFO] Época 2/30, Batch 800/3348, Loss: 0.2225
2025-10-09 21:40:49,734 [INFO] Época 2/30, Batch 850/3348, Loss: 0.2380
2025-10-09 21:40:49,999 [INFO] Época 2/30, Batch 900/3348, Loss: 0.2455
2025-10-09 21:40:50,258 [INFO] Época 2/30, Batch 950/3348, Loss: 0.2247
2025-10-09 21:40:50,516 [INFO] Época 2/30, Batch 1000/3348, Loss: 0.2283
2025-10-09 21:40:50,778 [INFO] Época 2/30, Batch 1050/3348, Loss: 0.2759
2025-10-09 21:40:51,043 [INFO] Época 2/30, Batch 1100/3348, Loss: 0.2625
2025-10-09 21:40:51,308 [INFO] Época 2/30, Batch 1150/3348, Loss: 0.2270
2025-10-09 21:40:51,572 [INFO] Época 2/30, Batch 1200/3348, Loss: 0.2394
2025-10-09 21:40:51,838 [INFO] Época 2/30, Batch 1250/3348, Loss: 0.2317
2025-10-09 21:40:52,104 [INFO] Época 2/30, Batch 1300/3348, Loss: 0.2096
2025-10-09 21:40:52,369 [INFO] Época 2/30, Batch 1350/3348, Loss: 0.2506
2025-10-09 21:40:52,635 [INFO] Época 2/30, Batch 1400/3348, Loss: 0.2026
2025-10-09 21:40:52,900 [INFO] Época 2/30, Batch 1450/3348, Loss: 0.2884
2025-10-09 21:40:53,164 [INFO] Época 2/30, Batch 1500/3348, Loss: 0.3263
2025-10-09 21:40:53,430 [INFO] Época 2/30, Batch 1550/3348, Loss: 0.2114
2025-10-09 21:40:53,695 [INFO] Época 2/30, Batch 1600/3348, Loss: 0.2166
2025-10-09 21:40:53,962 [INFO] Época 2/30, Batch 1650/3348, Loss: 0.2515
2025-10-09 21:40:54,227 [INFO] Época 2/30, Batch 1700/3348, Loss: 0.3299
2025-10-09 21:40:54,492 [INFO] Época 2/30, Batch 1750/3348, Loss: 0.2610
2025-10-09 21:40:54,760 [INFO] Época 2/30, Batch 1800/3348, Loss: 0.2359
2025-10-09 21:40:55,032 [INFO] Época 2/30, Batch 1850/3348, Loss: 0.2615
2025-10-09 21:40:55,301 [INFO] Época 2/30, Batch 1900/3348, Loss: 0.2920
2025-10-09 21:40:55,569 [INFO] Época 2/30, Batch 1950/3348, Loss: 0.1784
2025-10-09 21:40:55,835 [INFO] Época 2/30, Batch 2000/3348, Loss: 0.2113
2025-10-09 21:40:56,103 [INFO] Época 2/30, Batch 2050/3348, Loss: 0.2486
2025-10-09 21:40:56,369 [INFO] Época 2/30, Batch 2100/3348, Loss: 0.2250
2025-10-09 21:40:56,630 [INFO] Época 2/30, Batch 2150/3348, Loss: 0.2112
2025-10-09 21:40:56,895 [INFO] Época 2/30, Batch 2200/3348, Loss: 0.3034
2025-10-09 21:40:57,161 [INFO] Época 2/30, Batch 2250/3348, Loss: 0.2389
2025-10-09 21:40:57,427 [INFO] Época 2/30, Batch 2300/3348, Loss: 0.1629
2025-10-09 21:40:57,691 [INFO] Época 2/30, Batch 2350/3348, Loss: 0.3349
2025-10-09 21:40:57,956 [INFO] Época 2/30, Batch 2400/3348, Loss: 0.2085
2025-10-09 21:40:58,220 [INFO] Época 2/30, Batch 2450/3348, Loss: 0.2111
2025-10-09 21:40:58,487 [INFO] Época 2/30, Batch 2500/3348, Loss: 0.2251
2025-10-09 21:40:58,755 [INFO] Época 2/30, Batch 2550/3348, Loss: 0.2123
2025-10-09 21:40:59,020 [INFO] Época 2/30, Batch 2600/3348, Loss: 0.3265
2025-10-09 21:40:59,285 [INFO] Época 2/30, Batch 2650/3348, Loss: 0.2072
2025-10-09 21:40:59,552 [INFO] Época 2/30, Batch 2700/3348, Loss: 0.2743
2025-10-09 21:40:59,819 [INFO] Época 2/30, Batch 2750/3348, Loss: 0.3241
2025-10-09 21:41:00,086 [INFO] Época 2/30, Batch 2800/3348, Loss: 0.2163
2025-10-09 21:41:00,354 [INFO] Época 2/30, Batch 2850/3348, Loss: 0.1929
2025-10-09 21:41:00,623 [INFO] Época 2/30, Batch 2900/3348, Loss: 0.3351
2025-10-09 21:41:00,889 [INFO] Época 2/30, Batch 2950/3348, Loss: 0.2339
2025-10-09 21:41:01,155 [INFO] Época 2/30, Batch 3000/3348, Loss: 0.3246
2025-10-09 21:41:01,423 [INFO] Época 2/30, Batch 3050/3348, Loss: 0.2278
2025-10-09 21:41:01,691 [INFO] Época 2/30, Batch 3100/3348, Loss: 0.2185
2025-10-09 21:41:01,957 [INFO] Época 2/30, Batch 3150/3348, Loss: 0.2409
2025-10-09 21:41:02,223 [INFO] Época 2/30, Batch 3200/3348, Loss: 0.2740
2025-10-09 21:41:02,491 [INFO] Época 2/30, Batch 3250/3348, Loss: 0.2341
2025-10-09 21:41:02,759 [INFO] Época 2/30, Batch 3300/3348, Loss: 0.1925
2025-10-09 21:41:04,653 [INFO] [2/30] Train Loss: 0.2540 | Val Loss: 0.1930 | Tempo: 19.78s
2025-10-09 21:41:04,657 [INFO] Melhor modelo salvo em: /mnt/hdd/home/jdurao/ToolBox-ChemXAI/models/mlp_qm9_Physicochemical_att4_large.pth
2025-10-09 21:41:05,265 [INFO] Época 3/30, Batch 50/3348, Loss: 0.2960
2025-10-09 21:41:05,542 [INFO] Época 3/30, Batch 100/3348, Loss: 0.2259
2025-10-09 21:41:05,821 [INFO] Época 3/30, Batch 150/3348, Loss: 0.3100
2025-10-09 21:41:06,088 [INFO] Época 3/30, Batch 200/3348, Loss: 0.2964
2025-10-09 21:41:06,357 [INFO] Época 3/30, Batch 250/3348, Loss: 0.2768
2025-10-09 21:41:06,630 [INFO] Época 3/30, Batch 300/3348, Loss: 0.2584
2025-10-09 21:41:06,903 [INFO] Época 3/30, Batch 350/3348, Loss: 0.2312
2025-10-09 21:41:07,176 [INFO] Época 3/30, Batch 400/3348, Loss: 0.2848
2025-10-09 21:41:07,448 [INFO] Época 3/30, Batch 450/3348, Loss: 0.2360
2025-10-09 21:41:07,718 [INFO] Época 3/30, Batch 500/3348, Loss: 0.2585
2025-10-09 21:41:07,983 [INFO] Época 3/30, Batch 550/3348, Loss: 0.2376
2025-10-09 21:41:08,237 [INFO] Época 3/30, Batch 600/3348, Loss: 0.2389
2025-10-09 21:41:08,491 [INFO] Época 3/30, Batch 650/3348, Loss: 0.2199
2025-10-09 21:41:08,750 [INFO] Época 3/30, Batch 700/3348, Loss: 0.1869
2025-10-09 21:41:09,010 [INFO] Época 3/30, Batch 750/3348, Loss: 0.2110
2025-10-09 21:41:09,266 [INFO] Época 3/30, Batch 800/3348, Loss: 0.2511
2025-10-09 21:41:09,518 [INFO] Época 3/30, Batch 850/3348, Loss: 0.3363
2025-10-09 21:41:09,773 [INFO] Época 3/30, Batch 900/3348, Loss: 0.2821
2025-10-09 21:41:10,034 [INFO] Época 3/30, Batch 950/3348, Loss: 0.2563
2025-10-09 21:41:10,287 [INFO] Época 3/30, Batch 1000/3348, Loss: 0.2148
2025-10-09 21:41:10,538 [INFO] Época 3/30, Batch 1050/3348, Loss: 0.1798
2025-10-09 21:41:10,795 [INFO] Época 3/30, Batch 1100/3348, Loss: 0.2316
2025-10-09 21:41:11,053 [INFO] Época 3/30, Batch 1150/3348, Loss: 0.2406
2025-10-09 21:41:11,322 [INFO] Época 3/30, Batch 1200/3348, Loss: 0.3148
2025-10-09 21:41:11,593 [INFO] Época 3/30, Batch 1250/3348, Loss: 0.2263
2025-10-09 21:41:11,855 [INFO] Época 3/30, Batch 1300/3348, Loss: 0.2674
2025-10-09 21:41:12,116 [INFO] Época 3/30, Batch 1350/3348, Loss: 0.2005
2025-10-09 21:41:12,379 [INFO] Época 3/30, Batch 1400/3348, Loss: 0.2552
2025-10-09 21:41:12,640 [INFO] Época 3/30, Batch 1450/3348, Loss: 0.1685
2025-10-09 21:41:12,909 [INFO] Época 3/30, Batch 1500/3348, Loss: 0.2197
2025-10-09 21:41:13,171 [INFO] Época 3/30, Batch 1550/3348, Loss: 0.2100
2025-10-09 21:41:13,431 [INFO] Época 3/30, Batch 1600/3348, Loss: 0.2181
2025-10-09 21:41:13,691 [INFO] Época 3/30, Batch 1650/3348, Loss: 0.2388
2025-10-09 21:41:13,946 [INFO] Época 3/30, Batch 1700/3348, Loss: 0.2010
2025-10-09 21:41:14,204 [INFO] Época 3/30, Batch 1750/3348, Loss: 0.2435
2025-10-09 21:41:14,462 [INFO] Época 3/30, Batch 1800/3348, Loss: 0.2469
2025-10-09 21:41:14,718 [INFO] Época 3/30, Batch 1850/3348, Loss: 0.1974
2025-10-09 21:41:14,976 [INFO] Época 3/30, Batch 1900/3348, Loss: 0.2570
2025-10-09 21:41:15,235 [INFO] Época 3/30, Batch 1950/3348, Loss: 0.2062
2025-10-09 21:41:15,492 [INFO] Época 3/30, Batch 2000/3348, Loss: 0.2763
2025-10-09 21:41:15,752 [INFO] Época 3/30, Batch 2050/3348, Loss: 0.3012
2025-10-09 21:41:16,008 [INFO] Época 3/30, Batch 2100/3348, Loss: 0.2678
2025-10-09 21:41:16,266 [INFO] Época 3/30, Batch 2150/3348, Loss: 0.2291
2025-10-09 21:41:16,531 [INFO] Época 3/30, Batch 2200/3348, Loss: 0.2234
2025-10-09 21:41:16,794 [INFO] Época 3/30, Batch 2250/3348, Loss: 0.3084
2025-10-09 21:41:17,056 [INFO] Época 3/30, Batch 2300/3348, Loss: 0.2212
2025-10-09 21:41:17,313 [INFO] Época 3/30, Batch 2350/3348, Loss: 0.2498
2025-10-09 21:41:17,572 [INFO] Época 3/30, Batch 2400/3348, Loss: 0.2137
2025-10-09 21:41:17,831 [INFO] Época 3/30, Batch 2450/3348, Loss: 0.1825
2025-10-09 21:41:18,089 [INFO] Época 3/30, Batch 2500/3348, Loss: 0.1712
2025-10-09 21:41:18,350 [INFO] Época 3/30, Batch 2550/3348, Loss: 0.2375
2025-10-09 21:41:18,608 [INFO] Época 3/30, Batch 2600/3348, Loss: 0.1901
2025-10-09 21:41:18,863 [INFO] Época 3/30, Batch 2650/3348, Loss: 0.2682
2025-10-09 21:41:19,122 [INFO] Época 3/30, Batch 2700/3348, Loss: 0.2102
2025-10-09 21:41:19,384 [INFO] Época 3/30, Batch 2750/3348, Loss: 0.2099
2025-10-09 21:41:19,647 [INFO] Época 3/30, Batch 2800/3348, Loss: 0.1817
2025-10-09 21:41:19,909 [INFO] Época 3/30, Batch 2850/3348, Loss: 0.2103
2025-10-09 21:41:20,170 [INFO] Época 3/30, Batch 2900/3348, Loss: 0.2650
2025-10-09 21:41:20,435 [INFO] Época 3/30, Batch 2950/3348, Loss: 0.3010
2025-10-09 21:41:20,698 [INFO] Época 3/30, Batch 3000/3348, Loss: 0.3037
2025-10-09 21:41:20,960 [INFO] Época 3/30, Batch 3050/3348, Loss: 0.2002
2025-10-09 21:41:21,222 [INFO] Época 3/30, Batch 3100/3348, Loss: 0.2184
2025-10-09 21:41:21,484 [INFO] Época 3/30, Batch 3150/3348, Loss: 0.1629
2025-10-09 21:41:21,746 [INFO] Época 3/30, Batch 3200/3348, Loss: 0.2768
2025-10-09 21:41:22,006 [INFO] Época 3/30, Batch 3250/3348, Loss: 0.2426
2025-10-09 21:41:22,267 [INFO] Época 3/30, Batch 3300/3348, Loss: 0.2555
2025-10-09 21:41:24,086 [INFO] [3/30] Train Loss: 0.2413 | Val Loss: 0.1863 | Tempo: 19.43s
2025-10-09 21:41:24,092 [INFO] Melhor modelo salvo em: /mnt/hdd/home/jdurao/ToolBox-ChemXAI/models/mlp_qm9_Physicochemical_att4_large.pth
2025-10-09 21:41:24,690 [INFO] Época 4/30, Batch 50/3348, Loss: 0.1897
2025-10-09 21:41:24,955 [INFO] Época 4/30, Batch 100/3348, Loss: 0.2968
2025-10-09 21:41:25,214 [INFO] Época 4/30, Batch 150/3348, Loss: 0.1986
2025-10-09 21:41:25,483 [INFO] Época 4/30, Batch 200/3348, Loss: 0.3320
2025-10-09 21:41:25,749 [INFO] Época 4/30, Batch 250/3348, Loss: 0.1989
2025-10-09 21:41:26,015 [INFO] Época 4/30, Batch 300/3348, Loss: 0.2915
2025-10-09 21:41:26,277 [INFO] Época 4/30, Batch 350/3348, Loss: 0.2113
2025-10-09 21:41:26,536 [INFO] Época 4/30, Batch 400/3348, Loss: 0.1983
2025-10-09 21:41:26,792 [INFO] Época 4/30, Batch 450/3348, Loss: 0.2245
2025-10-09 21:41:27,048 [INFO] Época 4/30, Batch 500/3348, Loss: 0.2147
2025-10-09 21:41:27,307 [INFO] Época 4/30, Batch 550/3348, Loss: 0.2456
2025-10-09 21:41:27,567 [INFO] Época 4/30, Batch 600/3348, Loss: 0.3705
2025-10-09 21:41:27,822 [INFO] Época 4/30, Batch 650/3348, Loss: 0.1711
2025-10-09 21:41:28,084 [INFO] Época 4/30, Batch 700/3348, Loss: 0.2461
2025-10-09 21:41:28,330 [INFO] Época 4/30, Batch 750/3348, Loss: 0.1871
2025-10-09 21:41:28,578 [INFO] Época 4/30, Batch 800/3348, Loss: 0.3451
2025-10-09 21:41:28,824 [INFO] Época 4/30, Batch 850/3348, Loss: 0.2279
2025-10-09 21:41:29,073 [INFO] Época 4/30, Batch 900/3348, Loss: 0.2700
2025-10-09 21:41:29,319 [INFO] Época 4/30, Batch 950/3348, Loss: 0.2024
2025-10-09 21:41:29,567 [INFO] Época 4/30, Batch 1000/3348, Loss: 0.1988
2025-10-09 21:41:29,814 [INFO] Época 4/30, Batch 1050/3348, Loss: 0.3960
2025-10-09 21:41:30,062 [INFO] Época 4/30, Batch 1100/3348, Loss: 0.2068
2025-10-09 21:41:30,310 [INFO] Época 4/30, Batch 1150/3348, Loss: 0.2314
2025-10-09 21:41:30,558 [INFO] Época 4/30, Batch 1200/3348, Loss: 0.2161
2025-10-09 21:41:30,805 [INFO] Época 4/30, Batch 1250/3348, Loss: 0.2668
2025-10-09 21:41:31,060 [INFO] Época 4/30, Batch 1300/3348, Loss: 0.2625
2025-10-09 21:41:31,317 [INFO] Época 4/30, Batch 1350/3348, Loss: 0.1885
2025-10-09 21:41:31,572 [INFO] Época 4/30, Batch 1400/3348, Loss: 0.2652
2025-10-09 21:41:31,829 [INFO] Época 4/30, Batch 1450/3348, Loss: 0.2177
2025-10-09 21:41:32,086 [INFO] Época 4/30, Batch 1500/3348, Loss: 0.2079
2025-10-09 21:41:32,340 [INFO] Época 4/30, Batch 1550/3348, Loss: 0.2176
2025-10-09 21:41:32,596 [INFO] Época 4/30, Batch 1600/3348, Loss: 0.2200
2025-10-09 21:41:32,854 [INFO] Época 4/30, Batch 1650/3348, Loss: 0.1848
2025-10-09 21:41:33,112 [INFO] Época 4/30, Batch 1700/3348, Loss: 0.1879
2025-10-09 21:41:33,368 [INFO] Época 4/30, Batch 1750/3348, Loss: 0.2384
2025-10-09 21:41:33,625 [INFO] Época 4/30, Batch 1800/3348, Loss: 0.1687
2025-10-09 21:41:33,883 [INFO] Época 4/30, Batch 1850/3348, Loss: 0.2250
2025-10-09 21:41:34,140 [INFO] Época 4/30, Batch 1900/3348, Loss: 0.2316
2025-10-09 21:41:34,396 [INFO] Época 4/30, Batch 1950/3348, Loss: 0.1796
2025-10-09 21:41:34,653 [INFO] Época 4/30, Batch 2000/3348, Loss: 0.1959
2025-10-09 21:41:34,907 [INFO] Época 4/30, Batch 2050/3348, Loss: 0.2714
2025-10-09 21:41:35,164 [INFO] Época 4/30, Batch 2100/3348, Loss: 0.2555
2025-10-09 21:41:35,418 [INFO] Época 4/30, Batch 2150/3348, Loss: 0.2168
2025-10-09 21:41:35,673 [INFO] Época 4/30, Batch 2200/3348, Loss: 0.2293
2025-10-09 21:41:35,932 [INFO] Época 4/30, Batch 2250/3348, Loss: 0.1781
2025-10-09 21:41:36,187 [INFO] Época 4/30, Batch 2300/3348, Loss: 0.2803
2025-10-09 21:41:36,443 [INFO] Época 4/30, Batch 2350/3348, Loss: 0.2174
2025-10-09 21:41:36,696 [INFO] Época 4/30, Batch 2400/3348, Loss: 0.1902
2025-10-09 21:41:36,952 [INFO] Época 4/30, Batch 2450/3348, Loss: 0.2167
2025-10-09 21:41:37,208 [INFO] Época 4/30, Batch 2500/3348, Loss: 0.2002
2025-10-09 21:41:37,463 [INFO] Época 4/30, Batch 2550/3348, Loss: 0.2549
2025-10-09 21:41:37,720 [INFO] Época 4/30, Batch 2600/3348, Loss: 0.2371
2025-10-09 21:41:37,976 [INFO] Época 4/30, Batch 2650/3348, Loss: 0.2003
2025-10-09 21:41:38,231 [INFO] Época 4/30, Batch 2700/3348, Loss: 0.1703
2025-10-09 21:41:38,486 [INFO] Época 4/30, Batch 2750/3348, Loss: 0.2791
2025-10-09 21:41:38,741 [INFO] Época 4/30, Batch 2800/3348, Loss: 0.1889
2025-10-09 21:41:38,996 [INFO] Época 4/30, Batch 2850/3348, Loss: 0.2009
2025-10-09 21:41:39,255 [INFO] Época 4/30, Batch 2900/3348, Loss: 0.1937
2025-10-09 21:41:39,512 [INFO] Época 4/30, Batch 2950/3348, Loss: 0.2264
2025-10-09 21:41:39,768 [INFO] Época 4/30, Batch 3000/3348, Loss: 0.2598
2025-10-09 21:41:40,026 [INFO] Época 4/30, Batch 3050/3348, Loss: 0.2141
2025-10-09 21:41:40,292 [INFO] Época 4/30, Batch 3100/3348, Loss: 0.2123
2025-10-09 21:41:40,555 [INFO] Época 4/30, Batch 3150/3348, Loss: 0.2245
2025-10-09 21:41:40,812 [INFO] Época 4/30, Batch 3200/3348, Loss: 0.2897
2025-10-09 21:41:41,069 [INFO] Época 4/30, Batch 3250/3348, Loss: 0.2692
2025-10-09 21:41:41,324 [INFO] Época 4/30, Batch 3300/3348, Loss: 0.1852
2025-10-09 21:41:43,208 [INFO] [4/30] Train Loss: 0.2321 | Val Loss: 0.1857 | Tempo: 19.12s
2025-10-09 21:41:43,212 [INFO] Melhor modelo salvo em: /mnt/hdd/home/jdurao/ToolBox-ChemXAI/models/mlp_qm9_Physicochemical_att4_large.pth
2025-10-09 21:41:43,810 [INFO] Época 5/30, Batch 50/3348, Loss: 0.2203
2025-10-09 21:41:44,086 [INFO] Época 5/30, Batch 100/3348, Loss: 0.2999
2025-10-09 21:41:44,362 [INFO] Época 5/30, Batch 150/3348, Loss: 0.2087
2025-10-09 21:41:44,632 [INFO] Época 5/30, Batch 200/3348, Loss: 0.1863
2025-10-09 21:41:44,901 [INFO] Época 5/30, Batch 250/3348, Loss: 0.2781
2025-10-09 21:41:45,170 [INFO] Época 5/30, Batch 300/3348, Loss: 0.2705
2025-10-09 21:41:45,437 [INFO] Época 5/30, Batch 350/3348, Loss: 0.2147
2025-10-09 21:41:45,707 [INFO] Época 5/30, Batch 400/3348, Loss: 0.3153
2025-10-09 21:41:45,973 [INFO] Época 5/30, Batch 450/3348, Loss: 0.2007
2025-10-09 21:41:46,239 [INFO] Época 5/30, Batch 500/3348, Loss: 0.1915
2025-10-09 21:41:46,507 [INFO] Época 5/30, Batch 550/3348, Loss: 0.2683
2025-10-09 21:41:46,776 [INFO] Época 5/30, Batch 600/3348, Loss: 0.2098
2025-10-09 21:41:47,043 [INFO] Época 5/30, Batch 650/3348, Loss: 0.1486
2025-10-09 21:41:47,307 [INFO] Época 5/30, Batch 700/3348, Loss: 0.2616
2025-10-09 21:41:47,563 [INFO] Época 5/30, Batch 750/3348, Loss: 0.2255
2025-10-09 21:41:47,819 [INFO] Época 5/30, Batch 800/3348, Loss: 0.2472
2025-10-09 21:41:48,085 [INFO] Época 5/30, Batch 850/3348, Loss: 0.2147
2025-10-09 21:41:48,342 [INFO] Época 5/30, Batch 900/3348, Loss: 0.1811
2025-10-09 21:41:48,599 [INFO] Época 5/30, Batch 950/3348, Loss: 0.2053
2025-10-09 21:41:48,847 [INFO] Época 5/30, Batch 1000/3348, Loss: 0.1856
2025-10-09 21:41:49,099 [INFO] Época 5/30, Batch 1050/3348, Loss: 0.2309
2025-10-09 21:41:49,356 [INFO] Época 5/30, Batch 1100/3348, Loss: 0.1796
2025-10-09 21:41:49,612 [INFO] Época 5/30, Batch 1150/3348, Loss: 0.2154
2025-10-09 21:41:49,870 [INFO] Época 5/30, Batch 1200/3348, Loss: 0.1738
2025-10-09 21:41:50,138 [INFO] Época 5/30, Batch 1250/3348, Loss: 0.1923
2025-10-09 21:41:50,406 [INFO] Época 5/30, Batch 1300/3348, Loss: 0.1936
2025-10-09 21:41:50,669 [INFO] Época 5/30, Batch 1350/3348, Loss: 0.2576
2025-10-09 21:41:50,927 [INFO] Época 5/30, Batch 1400/3348, Loss: 0.2285
2025-10-09 21:41:51,183 [INFO] Época 5/30, Batch 1450/3348, Loss: 0.1838
2025-10-09 21:41:51,440 [INFO] Época 5/30, Batch 1500/3348, Loss: 0.2130
2025-10-09 21:41:51,698 [INFO] Época 5/30, Batch 1550/3348, Loss: 0.1937
2025-10-09 21:41:51,954 [INFO] Época 5/30, Batch 1600/3348, Loss: 0.1805
2025-10-09 21:41:52,212 [INFO] Época 5/30, Batch 1650/3348, Loss: 0.2362
2025-10-09 21:41:52,467 [INFO] Época 5/30, Batch 1700/3348, Loss: 0.2057
2025-10-09 21:41:52,722 [INFO] Época 5/30, Batch 1750/3348, Loss: 0.2219
2025-10-09 21:41:52,977 [INFO] Época 5/30, Batch 1800/3348, Loss: 0.1599
2025-10-09 21:41:53,232 [INFO] Época 5/30, Batch 1850/3348, Loss: 0.2217
2025-10-09 21:41:53,491 [INFO] Época 5/30, Batch 1900/3348, Loss: 0.2186
2025-10-09 21:41:53,766 [INFO] Época 5/30, Batch 1950/3348, Loss: 0.2545
2025-10-09 21:41:54,033 [INFO] Época 5/30, Batch 2000/3348, Loss: 0.2094
2025-10-09 21:41:54,298 [INFO] Época 5/30, Batch 2050/3348, Loss: 0.1634
2025-10-09 21:41:54,563 [INFO] Época 5/30, Batch 2100/3348, Loss: 0.2615
2025-10-09 21:41:54,828 [INFO] Época 5/30, Batch 2150/3348, Loss: 0.2850
2025-10-09 21:41:55,093 [INFO] Época 5/30, Batch 2200/3348, Loss: 0.2581
2025-10-09 21:41:55,357 [INFO] Época 5/30, Batch 2250/3348, Loss: 0.2632
2025-10-09 21:41:55,620 [INFO] Época 5/30, Batch 2300/3348, Loss: 0.2124
2025-10-09 21:41:55,884 [INFO] Época 5/30, Batch 2350/3348, Loss: 0.2490
2025-10-09 21:41:56,148 [INFO] Época 5/30, Batch 2400/3348, Loss: 0.1866
2025-10-09 21:41:56,414 [INFO] Época 5/30, Batch 2450/3348, Loss: 0.2775
2025-10-09 21:41:56,679 [INFO] Época 5/30, Batch 2500/3348, Loss: 0.2519
2025-10-09 21:41:56,938 [INFO] Época 5/30, Batch 2550/3348, Loss: 0.2183
2025-10-09 21:41:57,194 [INFO] Época 5/30, Batch 2600/3348, Loss: 0.1857
2025-10-09 21:41:57,451 [INFO] Época 5/30, Batch 2650/3348, Loss: 0.2466
2025-10-09 21:41:57,706 [INFO] Época 5/30, Batch 2700/3348, Loss: 0.2275
2025-10-09 21:41:57,970 [INFO] Época 5/30, Batch 2750/3348, Loss: 0.1907
2025-10-09 21:41:58,235 [INFO] Época 5/30, Batch 2800/3348, Loss: 0.1908
2025-10-09 21:41:58,500 [INFO] Época 5/30, Batch 2850/3348, Loss: 0.2411
2025-10-09 21:41:58,772 [INFO] Época 5/30, Batch 2900/3348, Loss: 0.2279
2025-10-09 21:41:59,036 [INFO] Época 5/30, Batch 2950/3348, Loss: 0.3041
2025-10-09 21:41:59,300 [INFO] Época 5/30, Batch 3000/3348, Loss: 0.2633
2025-10-09 21:41:59,565 [INFO] Época 5/30, Batch 3050/3348, Loss: 0.2920
2025-10-09 21:41:59,829 [INFO] Época 5/30, Batch 3100/3348, Loss: 0.4177
2025-10-09 21:42:00,096 [INFO] Época 5/30, Batch 3150/3348, Loss: 0.2386
2025-10-09 21:42:00,358 [INFO] Época 5/30, Batch 3200/3348, Loss: 0.2506
2025-10-09 21:42:00,620 [INFO] Época 5/30, Batch 3250/3348, Loss: 0.1898
2025-10-09 21:42:00,877 [INFO] Época 5/30, Batch 3300/3348, Loss: 0.2664
2025-10-09 21:42:02,608 [INFO] [5/30] Train Loss: 0.2260 | Val Loss: 0.1917 | Tempo: 19.40s
2025-10-09 21:42:03,175 [INFO] Época 6/30, Batch 50/3348, Loss: 0.2586
2025-10-09 21:42:03,439 [INFO] Época 6/30, Batch 100/3348, Loss: 0.2689
2025-10-09 21:42:03,698 [INFO] Época 6/30, Batch 150/3348, Loss: 0.1412
2025-10-09 21:42:03,955 [INFO] Época 6/30, Batch 200/3348, Loss: 0.2457
2025-10-09 21:42:04,212 [INFO] Época 6/30, Batch 250/3348, Loss: 0.2400
2025-10-09 21:42:04,470 [INFO] Época 6/30, Batch 300/3348, Loss: 0.2162
2025-10-09 21:42:04,727 [INFO] Época 6/30, Batch 350/3348, Loss: 0.1967
2025-10-09 21:42:04,982 [INFO] Época 6/30, Batch 400/3348, Loss: 0.2563
2025-10-09 21:42:05,239 [INFO] Época 6/30, Batch 450/3348, Loss: 0.1792
2025-10-09 21:42:05,496 [INFO] Época 6/30, Batch 500/3348, Loss: 0.3900
2025-10-09 21:42:05,752 [INFO] Época 6/30, Batch 550/3348, Loss: 0.2758
2025-10-09 21:42:06,009 [INFO] Época 6/30, Batch 600/3348, Loss: 0.1993
2025-10-09 21:42:06,264 [INFO] Época 6/30, Batch 650/3348, Loss: 0.1838
2025-10-09 21:42:06,522 [INFO] Época 6/30, Batch 700/3348, Loss: 0.1998
2025-10-09 21:42:06,776 [INFO] Época 6/30, Batch 750/3348, Loss: 0.1970
2025-10-09 21:42:07,030 [INFO] Época 6/30, Batch 800/3348, Loss: 0.1965
2025-10-09 21:42:07,281 [INFO] Época 6/30, Batch 850/3348, Loss: 0.2039
2025-10-09 21:42:07,533 [INFO] Época 6/30, Batch 900/3348, Loss: 0.2213
2025-10-09 21:42:07,783 [INFO] Época 6/30, Batch 950/3348, Loss: 0.2613
2025-10-09 21:42:08,033 [INFO] Época 6/30, Batch 1000/3348, Loss: 0.2335
2025-10-09 21:42:08,280 [INFO] Época 6/30, Batch 1050/3348, Loss: 0.1764
2025-10-09 21:42:08,530 [INFO] Época 6/30, Batch 1100/3348, Loss: 0.2432
2025-10-09 21:42:08,781 [INFO] Época 6/30, Batch 1150/3348, Loss: 0.1982
2025-10-09 21:42:09,040 [INFO] Época 6/30, Batch 1200/3348, Loss: 0.2226
2025-10-09 21:42:09,300 [INFO] Época 6/30, Batch 1250/3348, Loss: 0.2182
2025-10-09 21:42:09,559 [INFO] Época 6/30, Batch 1300/3348, Loss: 0.2024
2025-10-09 21:42:09,816 [INFO] Época 6/30, Batch 1350/3348, Loss: 0.2337
2025-10-09 21:42:10,073 [INFO] Época 6/30, Batch 1400/3348, Loss: 0.1996
2025-10-09 21:42:10,331 [INFO] Época 6/30, Batch 1450/3348, Loss: 0.1608
2025-10-09 21:42:10,590 [INFO] Época 6/30, Batch 1500/3348, Loss: 0.2628
2025-10-09 21:42:10,850 [INFO] Época 6/30, Batch 1550/3348, Loss: 0.1549
2025-10-09 21:42:11,108 [INFO] Época 6/30, Batch 1600/3348, Loss: 0.1851
2025-10-09 21:42:11,366 [INFO] Época 6/30, Batch 1650/3348, Loss: 0.1584
2025-10-09 21:42:11,629 [INFO] Época 6/30, Batch 1700/3348, Loss: 0.1938
2025-10-09 21:42:11,888 [INFO] Época 6/30, Batch 1750/3348, Loss: 0.2011
2025-10-09 21:42:12,147 [INFO] Época 6/30, Batch 1800/3348, Loss: 0.2336
2025-10-09 21:42:12,406 [INFO] Época 6/30, Batch 1850/3348, Loss: 0.2128
2025-10-09 21:42:12,667 [INFO] Época 6/30, Batch 1900/3348, Loss: 0.1790
2025-10-09 21:42:12,928 [INFO] Época 6/30, Batch 1950/3348, Loss: 0.2811
2025-10-09 21:42:13,187 [INFO] Época 6/30, Batch 2000/3348, Loss: 0.1891
2025-10-09 21:42:13,444 [INFO] Época 6/30, Batch 2050/3348, Loss: 0.1981
2025-10-09 21:42:13,701 [INFO] Época 6/30, Batch 2100/3348, Loss: 0.2018
2025-10-09 21:42:13,956 [INFO] Época 6/30, Batch 2150/3348, Loss: 0.2237
2025-10-09 21:42:14,214 [INFO] Época 6/30, Batch 2200/3348, Loss: 0.3239
2025-10-09 21:42:14,469 [INFO] Época 6/30, Batch 2250/3348, Loss: 0.2655
2025-10-09 21:42:14,723 [INFO] Época 6/30, Batch 2300/3348, Loss: 0.2477
2025-10-09 21:42:14,980 [INFO] Época 6/30, Batch 2350/3348, Loss: 0.2132
2025-10-09 21:42:15,235 [INFO] Época 6/30, Batch 2400/3348, Loss: 0.2091
2025-10-09 21:42:15,494 [INFO] Época 6/30, Batch 2450/3348, Loss: 0.2358
2025-10-09 21:42:15,749 [INFO] Época 6/30, Batch 2500/3348, Loss: 0.1969
2025-10-09 21:42:16,008 [INFO] Época 6/30, Batch 2550/3348, Loss: 0.2108
2025-10-09 21:42:16,268 [INFO] Época 6/30, Batch 2600/3348, Loss: 0.2134
2025-10-09 21:42:16,527 [INFO] Época 6/30, Batch 2650/3348, Loss: 0.2081
2025-10-09 21:42:16,785 [INFO] Época 6/30, Batch 2700/3348, Loss: 0.4070
2025-10-09 21:42:17,042 [INFO] Época 6/30, Batch 2750/3348, Loss: 0.2590
2025-10-09 21:42:17,301 [INFO] Época 6/30, Batch 2800/3348, Loss: 0.2609
2025-10-09 21:42:17,560 [INFO] Época 6/30, Batch 2850/3348, Loss: 0.1762
2025-10-09 21:42:17,820 [INFO] Época 6/30, Batch 2900/3348, Loss: 0.2230
2025-10-09 21:42:18,081 [INFO] Época 6/30, Batch 2950/3348, Loss: 0.2133
2025-10-09 21:42:18,338 [INFO] Época 6/30, Batch 3000/3348, Loss: 0.2448
2025-10-09 21:42:18,599 [INFO] Época 6/30, Batch 3050/3348, Loss: 0.2272
2025-10-09 21:42:18,856 [INFO] Época 6/30, Batch 3100/3348, Loss: 0.3741
2025-10-09 21:42:19,117 [INFO] Época 6/30, Batch 3150/3348, Loss: 0.2242
2025-10-09 21:42:19,380 [INFO] Época 6/30, Batch 3200/3348, Loss: 0.1710
2025-10-09 21:42:19,641 [INFO] Época 6/30, Batch 3250/3348, Loss: 0.1525
2025-10-09 21:42:19,902 [INFO] Época 6/30, Batch 3300/3348, Loss: 0.2594
2025-10-09 21:42:21,641 [INFO] [6/30] Train Loss: 0.2215 | Val Loss: 0.1860 | Tempo: 19.03s
2025-10-09 21:42:22,215 [INFO] Época 7/30, Batch 50/3348, Loss: 0.2202
2025-10-09 21:42:22,482 [INFO] Época 7/30, Batch 100/3348, Loss: 0.4598
2025-10-09 21:42:22,744 [INFO] Época 7/30, Batch 150/3348, Loss: 0.2566
2025-10-09 21:42:23,006 [INFO] Época 7/30, Batch 200/3348, Loss: 0.2305
2025-10-09 21:42:23,265 [INFO] Época 7/30, Batch 250/3348, Loss: 0.1819
2025-10-09 21:42:23,522 [INFO] Época 7/30, Batch 300/3348, Loss: 0.1678
2025-10-09 21:42:23,783 [INFO] Época 7/30, Batch 350/3348, Loss: 0.2297
2025-10-09 21:42:24,041 [INFO] Época 7/30, Batch 400/3348, Loss: 0.2197
2025-10-09 21:42:24,301 [INFO] Época 7/30, Batch 450/3348, Loss: 0.1596
2025-10-09 21:42:24,559 [INFO] Época 7/30, Batch 500/3348, Loss: 0.2283
2025-10-09 21:42:24,817 [INFO] Época 7/30, Batch 550/3348, Loss: 0.2152
2025-10-09 21:42:25,076 [INFO] Época 7/30, Batch 600/3348, Loss: 0.2004
2025-10-09 21:42:25,333 [INFO] Época 7/30, Batch 650/3348, Loss: 0.2577
2025-10-09 21:42:25,591 [INFO] Época 7/30, Batch 700/3348, Loss: 0.2463
2025-10-09 21:42:25,839 [INFO] Época 7/30, Batch 750/3348, Loss: 0.2330
2025-10-09 21:42:26,091 [INFO] Época 7/30, Batch 800/3348, Loss: 0.2177
2025-10-09 21:42:26,340 [INFO] Época 7/30, Batch 850/3348, Loss: 0.1654
2025-10-09 21:42:26,587 [INFO] Época 7/30, Batch 900/3348, Loss: 0.2186
2025-10-09 21:42:26,834 [INFO] Época 7/30, Batch 950/3348, Loss: 0.2048
2025-10-09 21:42:27,081 [INFO] Época 7/30, Batch 1000/3348, Loss: 0.2021
2025-10-09 21:42:27,326 [INFO] Época 7/30, Batch 1050/3348, Loss: 0.2487
2025-10-09 21:42:27,571 [INFO] Época 7/30, Batch 1100/3348, Loss: 0.2446
2025-10-09 21:42:27,812 [INFO] Época 7/30, Batch 1150/3348, Loss: 0.2406
2025-10-09 21:42:28,062 [INFO] Época 7/30, Batch 1200/3348, Loss: 0.1578
2025-10-09 21:42:28,315 [INFO] Época 7/30, Batch 1250/3348, Loss: 0.1505
2025-10-09 21:42:28,566 [INFO] Época 7/30, Batch 1300/3348, Loss: 0.3403
2025-10-09 21:42:28,822 [INFO] Época 7/30, Batch 1350/3348, Loss: 0.2188
2025-10-09 21:42:29,078 [INFO] Época 7/30, Batch 1400/3348, Loss: 0.2646
2025-10-09 21:42:29,337 [INFO] Época 7/30, Batch 1450/3348, Loss: 0.1740
2025-10-09 21:42:29,593 [INFO] Época 7/30, Batch 1500/3348, Loss: 0.2256
2025-10-09 21:42:29,850 [INFO] Época 7/30, Batch 1550/3348, Loss: 0.2721
2025-10-09 21:42:30,106 [INFO] Época 7/30, Batch 1600/3348, Loss: 0.1979
2025-10-09 21:42:30,361 [INFO] Época 7/30, Batch 1650/3348, Loss: 0.2377
2025-10-09 21:42:30,617 [INFO] Época 7/30, Batch 1700/3348, Loss: 0.2364
2025-10-09 21:42:30,877 [INFO] Época 7/30, Batch 1750/3348, Loss: 0.1744
2025-10-09 21:42:31,149 [INFO] Época 7/30, Batch 1800/3348, Loss: 0.2027
2025-10-09 21:42:31,424 [INFO] Época 7/30, Batch 1850/3348, Loss: 0.1787
2025-10-09 21:42:31,698 [INFO] Época 7/30, Batch 1900/3348, Loss: 0.1762
2025-10-09 21:42:31,971 [INFO] Época 7/30, Batch 1950/3348, Loss: 0.3166
2025-10-09 21:42:32,247 [INFO] Época 7/30, Batch 2000/3348, Loss: 0.2271
2025-10-09 21:42:32,520 [INFO] Época 7/30, Batch 2050/3348, Loss: 0.2184
2025-10-09 21:42:32,793 [INFO] Época 7/30, Batch 2100/3348, Loss: 0.2271
2025-10-09 21:42:33,066 [INFO] Época 7/30, Batch 2150/3348, Loss: 0.1675
2025-10-09 21:42:33,340 [INFO] Época 7/30, Batch 2200/3348, Loss: 0.2009
2025-10-09 21:42:33,613 [INFO] Época 7/30, Batch 2250/3348, Loss: 0.2291
2025-10-09 21:42:33,885 [INFO] Época 7/30, Batch 2300/3348, Loss: 0.1883
2025-10-09 21:42:34,159 [INFO] Época 7/30, Batch 2350/3348, Loss: 0.2097
2025-10-09 21:42:34,432 [INFO] Época 7/30, Batch 2400/3348, Loss: 0.2277
2025-10-09 21:42:34,704 [INFO] Época 7/30, Batch 2450/3348, Loss: 0.2196
2025-10-09 21:42:34,979 [INFO] Época 7/30, Batch 2500/3348, Loss: 0.2397
2025-10-09 21:42:35,252 [INFO] Época 7/30, Batch 2550/3348, Loss: 0.2090
2025-10-09 21:42:35,526 [INFO] Época 7/30, Batch 2600/3348, Loss: 0.1916
2025-10-09 21:42:35,798 [INFO] Época 7/30, Batch 2650/3348, Loss: 0.2404
2025-10-09 21:42:36,073 [INFO] Época 7/30, Batch 2700/3348, Loss: 0.2246
2025-10-09 21:42:36,348 [INFO] Época 7/30, Batch 2750/3348, Loss: 0.1507
2025-10-09 21:42:36,621 [INFO] Época 7/30, Batch 2800/3348, Loss: 0.1905
2025-10-09 21:42:36,894 [INFO] Época 7/30, Batch 2850/3348, Loss: 0.1862
2025-10-09 21:42:37,167 [INFO] Época 7/30, Batch 2900/3348, Loss: 0.1757
2025-10-09 21:42:37,438 [INFO] Época 7/30, Batch 2950/3348, Loss: 0.2112
2025-10-09 21:42:37,713 [INFO] Época 7/30, Batch 3000/3348, Loss: 0.2133
2025-10-09 21:42:37,989 [INFO] Época 7/30, Batch 3050/3348, Loss: 0.1990
2025-10-09 21:42:38,261 [INFO] Época 7/30, Batch 3100/3348, Loss: 0.2358
2025-10-09 21:42:38,536 [INFO] Época 7/30, Batch 3150/3348, Loss: 0.2944
2025-10-09 21:42:38,799 [INFO] Época 7/30, Batch 3200/3348, Loss: 0.1932
2025-10-09 21:42:39,058 [INFO] Época 7/30, Batch 3250/3348, Loss: 0.2452
2025-10-09 21:42:39,313 [INFO] Época 7/30, Batch 3300/3348, Loss: 0.3097
2025-10-09 21:42:41,061 [INFO] [7/30] Train Loss: 0.2178 | Val Loss: 0.1839 | Tempo: 19.42s
2025-10-09 21:42:41,065 [INFO] Melhor modelo salvo em: /mnt/hdd/home/jdurao/ToolBox-ChemXAI/models/mlp_qm9_Physicochemical_att4_large.pth
2025-10-09 21:42:41,637 [INFO] Época 8/30, Batch 50/3348, Loss: 0.1651
2025-10-09 21:42:41,898 [INFO] Época 8/30, Batch 100/3348, Loss: 0.1529
2025-10-09 21:42:42,157 [INFO] Época 8/30, Batch 150/3348, Loss: 0.2291
2025-10-09 21:42:42,416 [INFO] Época 8/30, Batch 200/3348, Loss: 0.2669
2025-10-09 21:42:42,673 [INFO] Época 8/30, Batch 250/3348, Loss: 0.2866
2025-10-09 21:42:42,931 [INFO] Época 8/30, Batch 300/3348, Loss: 0.2173
2025-10-09 21:42:43,189 [INFO] Época 8/30, Batch 350/3348, Loss: 0.2175
2025-10-09 21:42:43,447 [INFO] Época 8/30, Batch 400/3348, Loss: 0.2666
2025-10-09 21:42:43,705 [INFO] Época 8/30, Batch 450/3348, Loss: 0.1824
2025-10-09 21:42:43,963 [INFO] Época 8/30, Batch 500/3348, Loss: 0.2317
2025-10-09 21:42:44,221 [INFO] Época 8/30, Batch 550/3348, Loss: 0.2214
2025-10-09 21:42:44,479 [INFO] Época 8/30, Batch 600/3348, Loss: 0.2140
2025-10-09 21:42:44,738 [INFO] Época 8/30, Batch 650/3348, Loss: 0.1817
2025-10-09 21:42:44,997 [INFO] Época 8/30, Batch 700/3348, Loss: 0.2202
2025-10-09 21:42:45,255 [INFO] Época 8/30, Batch 750/3348, Loss: 0.1582
2025-10-09 21:42:45,512 [INFO] Época 8/30, Batch 800/3348, Loss: 0.2144
2025-10-09 21:42:45,769 [INFO] Época 8/30, Batch 850/3348, Loss: 0.1966
2025-10-09 21:42:46,025 [INFO] Época 8/30, Batch 900/3348, Loss: 0.3094
2025-10-09 21:42:46,283 [INFO] Época 8/30, Batch 950/3348, Loss: 0.2058
2025-10-09 21:42:46,539 [INFO] Época 8/30, Batch 1000/3348, Loss: 0.1724
2025-10-09 21:42:46,795 [INFO] Época 8/30, Batch 1050/3348, Loss: 0.1733
2025-10-09 21:42:47,053 [INFO] Época 8/30, Batch 1100/3348, Loss: 0.1602
2025-10-09 21:42:47,312 [INFO] Época 8/30, Batch 1150/3348, Loss: 0.2352
2025-10-09 21:42:47,567 [INFO] Época 8/30, Batch 1200/3348, Loss: 0.1992
2025-10-09 21:42:47,821 [INFO] Época 8/30, Batch 1250/3348, Loss: 0.1729
2025-10-09 21:42:48,073 [INFO] Época 8/30, Batch 1300/3348, Loss: 0.2623
2025-10-09 21:42:48,327 [INFO] Época 8/30, Batch 1350/3348, Loss: 0.3618
2025-10-09 21:42:48,582 [INFO] Época 8/30, Batch 1400/3348, Loss: 0.2738
2025-10-09 21:42:48,837 [INFO] Época 8/30, Batch 1450/3348, Loss: 0.1326
2025-10-09 21:42:49,093 [INFO] Época 8/30, Batch 1500/3348, Loss: 0.2154
2025-10-09 21:42:49,348 [INFO] Época 8/30, Batch 1550/3348, Loss: 0.1981
2025-10-09 21:42:49,601 [INFO] Época 8/30, Batch 1600/3348, Loss: 0.2028
2025-10-09 21:42:49,855 [INFO] Época 8/30, Batch 1650/3348, Loss: 0.1870
2025-10-09 21:42:50,107 [INFO] Época 8/30, Batch 1700/3348, Loss: 0.1937
2025-10-09 21:42:50,362 [INFO] Época 8/30, Batch 1750/3348, Loss: 0.2304
2025-10-09 21:42:50,615 [INFO] Época 8/30, Batch 1800/3348, Loss: 0.1720
2025-10-09 21:42:50,868 [INFO] Época 8/30, Batch 1850/3348, Loss: 0.1716
2025-10-09 21:42:51,128 [INFO] Época 8/30, Batch 1900/3348, Loss: 0.2394
2025-10-09 21:42:51,384 [INFO] Época 8/30, Batch 1950/3348, Loss: 0.2006
2025-10-09 21:42:51,640 [INFO] Época 8/30, Batch 2000/3348, Loss: 0.2805
2025-10-09 21:42:51,899 [INFO] Época 8/30, Batch 2050/3348, Loss: 0.1906
2025-10-09 21:42:52,157 [INFO] Época 8/30, Batch 2100/3348, Loss: 0.1888
2025-10-09 21:42:52,415 [INFO] Época 8/30, Batch 2150/3348, Loss: 0.2053
2025-10-09 21:42:52,673 [INFO] Época 8/30, Batch 2200/3348, Loss: 0.2225
2025-10-09 21:42:52,932 [INFO] Época 8/30, Batch 2250/3348, Loss: 0.2032
2025-10-09 21:42:53,193 [INFO] Época 8/30, Batch 2300/3348, Loss: 0.1141
2025-10-09 21:42:53,451 [INFO] Época 8/30, Batch 2350/3348, Loss: 0.2063
2025-10-09 21:42:53,707 [INFO] Época 8/30, Batch 2400/3348, Loss: 0.2755
2025-10-09 21:42:53,964 [INFO] Época 8/30, Batch 2450/3348, Loss: 0.1685
2025-10-09 21:42:54,222 [INFO] Época 8/30, Batch 2500/3348, Loss: 0.3716
2025-10-09 21:42:54,477 [INFO] Época 8/30, Batch 2550/3348, Loss: 0.2260
2025-10-09 21:42:54,733 [INFO] Época 8/30, Batch 2600/3348, Loss: 0.2020
2025-10-09 21:42:54,988 [INFO] Época 8/30, Batch 2650/3348, Loss: 0.2565
2025-10-09 21:42:55,245 [INFO] Época 8/30, Batch 2700/3348, Loss: 0.1618
2025-10-09 21:42:55,501 [INFO] Época 8/30, Batch 2750/3348, Loss: 0.1726
2025-10-09 21:42:55,758 [INFO] Época 8/30, Batch 2800/3348, Loss: 0.1999
2025-10-09 21:42:56,011 [INFO] Época 8/30, Batch 2850/3348, Loss: 0.2265
2025-10-09 21:42:56,265 [INFO] Época 8/30, Batch 2900/3348, Loss: 0.2232
2025-10-09 21:42:56,520 [INFO] Época 8/30, Batch 2950/3348, Loss: 0.2280
2025-10-09 21:42:56,777 [INFO] Época 8/30, Batch 3000/3348, Loss: 0.1668
2025-10-09 21:42:57,034 [INFO] Época 8/30, Batch 3050/3348, Loss: 0.2739
2025-10-09 21:42:57,291 [INFO] Época 8/30, Batch 3100/3348, Loss: 0.2299
2025-10-09 21:42:57,547 [INFO] Época 8/30, Batch 3150/3348, Loss: 0.2324
2025-10-09 21:42:57,803 [INFO] Época 8/30, Batch 3200/3348, Loss: 0.2367
2025-10-09 21:42:58,061 [INFO] Época 8/30, Batch 3250/3348, Loss: 0.2178
2025-10-09 21:42:58,316 [INFO] Época 8/30, Batch 3300/3348, Loss: 0.2551
2025-10-09 21:43:00,079 [INFO] [8/30] Train Loss: 0.2145 | Val Loss: 0.1756 | Tempo: 19.01s
2025-10-09 21:43:00,083 [INFO] Melhor modelo salvo em: /mnt/hdd/home/jdurao/ToolBox-ChemXAI/models/mlp_qm9_Physicochemical_att4_large.pth
2025-10-09 21:43:00,656 [INFO] Época 9/30, Batch 50/3348, Loss: 0.3652
2025-10-09 21:43:00,918 [INFO] Época 9/30, Batch 100/3348, Loss: 0.1427
2025-10-09 21:43:01,184 [INFO] Época 9/30, Batch 150/3348, Loss: 0.1903
2025-10-09 21:43:01,443 [INFO] Época 9/30, Batch 200/3348, Loss: 0.3113
2025-10-09 21:43:01,703 [INFO] Época 9/30, Batch 250/3348, Loss: 0.2216
2025-10-09 21:43:01,961 [INFO] Época 9/30, Batch 300/3348, Loss: 0.1937
2025-10-09 21:43:02,218 [INFO] Época 9/30, Batch 350/3348, Loss: 0.3795
2025-10-09 21:43:02,475 [INFO] Época 9/30, Batch 400/3348, Loss: 0.1988
2025-10-09 21:43:02,733 [INFO] Época 9/30, Batch 450/3348, Loss: 0.2445
2025-10-09 21:43:02,992 [INFO] Época 9/30, Batch 500/3348, Loss: 0.2249
2025-10-09 21:43:03,248 [INFO] Época 9/30, Batch 550/3348, Loss: 0.1893
2025-10-09 21:43:03,507 [INFO] Época 9/30, Batch 600/3348, Loss: 0.2741
2025-10-09 21:43:03,766 [INFO] Época 9/30, Batch 650/3348, Loss: 0.2302
2025-10-09 21:43:04,024 [INFO] Época 9/30, Batch 700/3348, Loss: 0.2271
2025-10-09 21:43:04,283 [INFO] Época 9/30, Batch 750/3348, Loss: 0.2340
2025-10-09 21:43:04,533 [INFO] Época 9/30, Batch 800/3348, Loss: 0.4816
2025-10-09 21:43:04,786 [INFO] Época 9/30, Batch 850/3348, Loss: 0.1923
2025-10-09 21:43:05,037 [INFO] Época 9/30, Batch 900/3348, Loss: 0.1509
2025-10-09 21:43:05,285 [INFO] Época 9/30, Batch 950/3348, Loss: 0.1955
2025-10-09 21:43:05,536 [INFO] Época 9/30, Batch 1000/3348, Loss: 0.2143
2025-10-09 21:43:05,784 [INFO] Época 9/30, Batch 1050/3348, Loss: 0.2403
2025-10-09 21:43:06,035 [INFO] Época 9/30, Batch 1100/3348, Loss: 0.1400
2025-10-09 21:43:06,298 [INFO] Época 9/30, Batch 1150/3348, Loss: 0.1965
2025-10-09 21:43:06,557 [INFO] Época 9/30, Batch 1200/3348, Loss: 0.2135
2025-10-09 21:43:06,818 [INFO] Época 9/30, Batch 1250/3348, Loss: 0.2221
2025-10-09 21:43:07,076 [INFO] Época 9/30, Batch 1300/3348, Loss: 0.1143
2025-10-09 21:43:07,333 [INFO] Época 9/30, Batch 1350/3348, Loss: 0.2148
2025-10-09 21:43:07,590 [INFO] Época 9/30, Batch 1400/3348, Loss: 0.2092
2025-10-09 21:43:07,847 [INFO] Época 9/30, Batch 1450/3348, Loss: 0.2251
2025-10-09 21:43:08,104 [INFO] Época 9/30, Batch 1500/3348, Loss: 0.2418
2025-10-09 21:43:08,361 [INFO] Época 9/30, Batch 1550/3348, Loss: 0.1777
2025-10-09 21:43:08,620 [INFO] Época 9/30, Batch 1600/3348, Loss: 0.2228
2025-10-09 21:43:08,879 [INFO] Época 9/30, Batch 1650/3348, Loss: 0.1795
2025-10-09 21:43:09,136 [INFO] Época 9/30, Batch 1700/3348, Loss: 0.1773
2025-10-09 21:43:09,394 [INFO] Época 9/30, Batch 1750/3348, Loss: 0.1732
2025-10-09 21:43:09,654 [INFO] Época 9/30, Batch 1800/3348, Loss: 0.2590
2025-10-09 21:43:09,918 [INFO] Época 9/30, Batch 1850/3348, Loss: 0.2411
2025-10-09 21:43:10,181 [INFO] Época 9/30, Batch 1900/3348, Loss: 0.2589
2025-10-09 21:43:10,438 [INFO] Época 9/30, Batch 1950/3348, Loss: 0.2161
2025-10-09 21:43:10,696 [INFO] Época 9/30, Batch 2000/3348, Loss: 0.2057
2025-10-09 21:43:10,955 [INFO] Época 9/30, Batch 2050/3348, Loss: 0.1975
2025-10-09 21:43:11,213 [INFO] Época 9/30, Batch 2100/3348, Loss: 0.1346
2025-10-09 21:43:11,470 [INFO] Época 9/30, Batch 2150/3348, Loss: 0.1838
2025-10-09 21:43:11,727 [INFO] Época 9/30, Batch 2200/3348, Loss: 0.1660
2025-10-09 21:43:11,987 [INFO] Época 9/30, Batch 2250/3348, Loss: 0.2631
2025-10-09 21:43:12,247 [INFO] Época 9/30, Batch 2300/3348, Loss: 0.2513
2025-10-09 21:43:12,504 [INFO] Época 9/30, Batch 2350/3348, Loss: 0.2248
2025-10-09 21:43:12,763 [INFO] Época 9/30, Batch 2400/3348, Loss: 0.2136
2025-10-09 21:43:13,019 [INFO] Época 9/30, Batch 2450/3348, Loss: 0.1627
2025-10-09 21:43:13,275 [INFO] Época 9/30, Batch 2500/3348, Loss: 0.2251
2025-10-09 21:43:13,530 [INFO] Época 9/30, Batch 2550/3348, Loss: 0.1406
2025-10-09 21:43:13,786 [INFO] Época 9/30, Batch 2600/3348, Loss: 0.2106
2025-10-09 21:43:14,046 [INFO] Época 9/30, Batch 2650/3348, Loss: 0.1712
2025-10-09 21:43:14,303 [INFO] Época 9/30, Batch 2700/3348, Loss: 0.1609
2025-10-09 21:43:14,561 [INFO] Época 9/30, Batch 2750/3348, Loss: 0.1677
2025-10-09 21:43:14,817 [INFO] Época 9/30, Batch 2800/3348, Loss: 0.1753
2025-10-09 21:43:15,071 [INFO] Época 9/30, Batch 2850/3348, Loss: 0.2264
2025-10-09 21:43:15,327 [INFO] Época 9/30, Batch 2900/3348, Loss: 0.1503
2025-10-09 21:43:15,583 [INFO] Época 9/30, Batch 2950/3348, Loss: 0.1793
2025-10-09 21:43:15,841 [INFO] Época 9/30, Batch 3000/3348, Loss: 0.2187
2025-10-09 21:43:16,098 [INFO] Época 9/30, Batch 3050/3348, Loss: 0.2132
2025-10-09 21:43:16,355 [INFO] Época 9/30, Batch 3100/3348, Loss: 0.1849
2025-10-09 21:43:16,612 [INFO] Época 9/30, Batch 3150/3348, Loss: 0.1763
2025-10-09 21:43:16,873 [INFO] Época 9/30, Batch 3200/3348, Loss: 0.1902
2025-10-09 21:43:17,127 [INFO] Época 9/30, Batch 3250/3348, Loss: 0.1432
2025-10-09 21:43:17,383 [INFO] Época 9/30, Batch 3300/3348, Loss: 0.1761
2025-10-09 21:43:19,129 [INFO] [9/30] Train Loss: 0.2123 | Val Loss: 0.1640 | Tempo: 19.05s
2025-10-09 21:43:19,133 [INFO] Melhor modelo salvo em: /mnt/hdd/home/jdurao/ToolBox-ChemXAI/models/mlp_qm9_Physicochemical_att4_large.pth
2025-10-09 21:43:19,705 [INFO] Época 10/30, Batch 50/3348, Loss: 0.1926
2025-10-09 21:43:19,964 [INFO] Época 10/30, Batch 100/3348, Loss: 0.1811
2025-10-09 21:43:20,220 [INFO] Época 10/30, Batch 150/3348, Loss: 0.2490
2025-10-09 21:43:20,473 [INFO] Época 10/30, Batch 200/3348, Loss: 0.1805
2025-10-09 21:43:20,727 [INFO] Época 10/30, Batch 250/3348, Loss: 0.2418
2025-10-09 21:43:20,979 [INFO] Época 10/30, Batch 300/3348, Loss: 0.2014
2025-10-09 21:43:21,231 [INFO] Época 10/30, Batch 350/3348, Loss: 0.1864
2025-10-09 21:43:21,484 [INFO] Época 10/30, Batch 400/3348, Loss: 0.1749
2025-10-09 21:43:21,736 [INFO] Época 10/30, Batch 450/3348, Loss: 0.2047
2025-10-09 21:43:21,988 [INFO] Época 10/30, Batch 500/3348, Loss: 0.1620
2025-10-09 21:43:22,243 [INFO] Época 10/30, Batch 550/3348, Loss: 0.2079
2025-10-09 21:43:22,493 [INFO] Época 10/30, Batch 600/3348, Loss: 0.1881
2025-10-09 21:43:22,743 [INFO] Época 10/30, Batch 650/3348, Loss: 0.1626
2025-10-09 21:43:22,995 [INFO] Época 10/30, Batch 700/3348, Loss: 0.1931
2025-10-09 21:43:23,243 [INFO] Época 10/30, Batch 750/3348, Loss: 0.4257
2025-10-09 21:43:23,492 [INFO] Época 10/30, Batch 800/3348, Loss: 0.2083
2025-10-09 21:43:23,740 [INFO] Época 10/30, Batch 850/3348, Loss: 0.2378
2025-10-09 21:43:23,987 [INFO] Época 10/30, Batch 900/3348, Loss: 0.2085
2025-10-09 21:43:24,235 [INFO] Época 10/30, Batch 950/3348, Loss: 0.1594
2025-10-09 21:43:24,484 [INFO] Época 10/30, Batch 1000/3348, Loss: 0.2687
2025-10-09 21:43:24,738 [INFO] Época 10/30, Batch 1050/3348, Loss: 0.1791
2025-10-09 21:43:24,986 [INFO] Época 10/30, Batch 1100/3348, Loss: 0.1448
2025-10-09 21:43:25,235 [INFO] Época 10/30, Batch 1150/3348, Loss: 0.2072
2025-10-09 21:43:25,482 [INFO] Época 10/30, Batch 1200/3348, Loss: 0.1845
2025-10-09 21:43:25,730 [INFO] Época 10/30, Batch 1250/3348, Loss: 0.1805
2025-10-09 21:43:25,980 [INFO] Época 10/30, Batch 1300/3348, Loss: 0.1901
2025-10-09 21:43:26,231 [INFO] Época 10/30, Batch 1350/3348, Loss: 0.2105
2025-10-09 21:43:26,483 [INFO] Época 10/30, Batch 1400/3348, Loss: 0.1993
2025-10-09 21:43:26,734 [INFO] Época 10/30, Batch 1450/3348, Loss: 0.2038
2025-10-09 21:43:26,987 [INFO] Época 10/30, Batch 1500/3348, Loss: 0.1974
2025-10-09 21:43:27,242 [INFO] Época 10/30, Batch 1550/3348, Loss: 0.2313
2025-10-09 21:43:27,494 [INFO] Época 10/30, Batch 1600/3348, Loss: 0.1724
2025-10-09 21:43:27,747 [INFO] Época 10/30, Batch 1650/3348, Loss: 0.1680
2025-10-09 21:43:27,999 [INFO] Época 10/30, Batch 1700/3348, Loss: 0.1646
2025-10-09 21:43:28,253 [INFO] Época 10/30, Batch 1750/3348, Loss: 0.3897
2025-10-09 21:43:28,506 [INFO] Época 10/30, Batch 1800/3348, Loss: 0.1592
2025-10-09 21:43:28,758 [INFO] Época 10/30, Batch 1850/3348, Loss: 0.2022
2025-10-09 21:43:29,012 [INFO] Época 10/30, Batch 1900/3348, Loss: 0.1602
2025-10-09 21:43:29,268 [INFO] Época 10/30, Batch 1950/3348, Loss: 0.1566
2025-10-09 21:43:29,524 [INFO] Época 10/30, Batch 2000/3348, Loss: 0.1925
2025-10-09 21:43:29,781 [INFO] Época 10/30, Batch 2050/3348, Loss: 0.1453
2025-10-09 21:43:30,040 [INFO] Época 10/30, Batch 2100/3348, Loss: 0.1587
2025-10-09 21:43:30,296 [INFO] Época 10/30, Batch 2150/3348, Loss: 0.1834
2025-10-09 21:43:30,552 [INFO] Época 10/30, Batch 2200/3348, Loss: 0.2788
2025-10-09 21:43:30,808 [INFO] Época 10/30, Batch 2250/3348, Loss: 0.1760
2025-10-09 21:43:31,066 [INFO] Época 10/30, Batch 2300/3348, Loss: 0.2526
2025-10-09 21:43:31,323 [INFO] Época 10/30, Batch 2350/3348, Loss: 0.1681
2025-10-09 21:43:31,576 [INFO] Época 10/30, Batch 2400/3348, Loss: 0.1467
2025-10-09 21:43:31,827 [INFO] Época 10/30, Batch 2450/3348, Loss: 0.2016
2025-10-09 21:43:32,076 [INFO] Época 10/30, Batch 2500/3348, Loss: 0.1962
2025-10-09 21:43:32,329 [INFO] Época 10/30, Batch 2550/3348, Loss: 0.1684
2025-10-09 21:43:32,586 [INFO] Época 10/30, Batch 2600/3348, Loss: 0.2299
2025-10-09 21:43:32,848 [INFO] Época 10/30, Batch 2650/3348, Loss: 0.2836
2025-10-09 21:43:33,108 [INFO] Época 10/30, Batch 2700/3348, Loss: 0.2098
2025-10-09 21:43:33,368 [INFO] Época 10/30, Batch 2750/3348, Loss: 0.2137
2025-10-09 21:43:33,627 [INFO] Época 10/30, Batch 2800/3348, Loss: 0.2348
2025-10-09 21:43:33,883 [INFO] Época 10/30, Batch 2850/3348, Loss: 0.2174
2025-10-09 21:43:34,138 [INFO] Época 10/30, Batch 2900/3348, Loss: 0.1854
2025-10-09 21:43:34,393 [INFO] Época 10/30, Batch 2950/3348, Loss: 0.2537
2025-10-09 21:43:34,652 [INFO] Época 10/30, Batch 3000/3348, Loss: 0.2882
2025-10-09 21:43:34,918 [INFO] Época 10/30, Batch 3050/3348, Loss: 0.1981
2025-10-09 21:43:35,183 [INFO] Época 10/30, Batch 3100/3348, Loss: 0.2094
2025-10-09 21:43:35,450 [INFO] Época 10/30, Batch 3150/3348, Loss: 0.2060
2025-10-09 21:43:35,715 [INFO] Época 10/30, Batch 3200/3348, Loss: 0.1669
2025-10-09 21:43:35,976 [INFO] Época 10/30, Batch 3250/3348, Loss: 0.1827
2025-10-09 21:43:36,239 [INFO] Época 10/30, Batch 3300/3348, Loss: 0.2703
2025-10-09 21:43:37,961 [INFO] [10/30] Train Loss: 0.2092 | Val Loss: 0.1719 | Tempo: 18.83s
2025-10-09 21:43:38,532 [INFO] Época 11/30, Batch 50/3348, Loss: 0.2301
2025-10-09 21:43:38,797 [INFO] Época 11/30, Batch 100/3348, Loss: 0.1614
2025-10-09 21:43:39,061 [INFO] Época 11/30, Batch 150/3348, Loss: 0.1441
2025-10-09 21:43:39,320 [INFO] Época 11/30, Batch 200/3348, Loss: 0.1287
2025-10-09 21:43:39,580 [INFO] Época 11/30, Batch 250/3348, Loss: 0.2265
2025-10-09 21:43:39,842 [INFO] Época 11/30, Batch 300/3348, Loss: 0.1530
2025-10-09 21:43:40,099 [INFO] Época 11/30, Batch 350/3348, Loss: 0.2432
2025-10-09 21:43:40,356 [INFO] Época 11/30, Batch 400/3348, Loss: 0.3237
2025-10-09 21:43:40,611 [INFO] Época 11/30, Batch 450/3348, Loss: 0.2229
2025-10-09 21:43:40,866 [INFO] Época 11/30, Batch 500/3348, Loss: 0.2211
2025-10-09 21:43:41,120 [INFO] Época 11/30, Batch 550/3348, Loss: 0.2061
2025-10-09 21:43:41,375 [INFO] Época 11/30, Batch 600/3348, Loss: 0.1866
2025-10-09 21:43:41,632 [INFO] Época 11/30, Batch 650/3348, Loss: 0.2372
2025-10-09 21:43:41,888 [INFO] Época 11/30, Batch 700/3348, Loss: 0.1011
2025-10-09 21:43:42,141 [INFO] Época 11/30, Batch 750/3348, Loss: 0.1791
2025-10-09 21:43:42,395 [INFO] Época 11/30, Batch 800/3348, Loss: 0.2644
2025-10-09 21:43:42,652 [INFO] Época 11/30, Batch 850/3348, Loss: 0.2101
2025-10-09 21:43:42,908 [INFO] Época 11/30, Batch 900/3348, Loss: 0.2389
2025-10-09 21:43:43,162 [INFO] Época 11/30, Batch 950/3348, Loss: 0.2028
2025-10-09 21:43:43,417 [INFO] Época 11/30, Batch 1000/3348, Loss: 0.2364
2025-10-09 21:43:43,671 [INFO] Época 11/30, Batch 1050/3348, Loss: 0.1818
2025-10-09 21:43:43,926 [INFO] Época 11/30, Batch 1100/3348, Loss: 0.1979
2025-10-09 21:43:44,180 [INFO] Época 11/30, Batch 1150/3348, Loss: 0.1640
2025-10-09 21:43:44,436 [INFO] Época 11/30, Batch 1200/3348, Loss: 0.2084
2025-10-09 21:43:44,691 [INFO] Época 11/30, Batch 1250/3348, Loss: 0.1925
2025-10-09 21:43:44,947 [INFO] Época 11/30, Batch 1300/3348, Loss: 0.1079
2025-10-09 21:43:45,206 [INFO] Época 11/30, Batch 1350/3348, Loss: 0.1315
2025-10-09 21:43:45,462 [INFO] Época 11/30, Batch 1400/3348, Loss: 0.1183
2025-10-09 21:43:45,721 [INFO] Época 11/30, Batch 1450/3348, Loss: 0.1523
2025-10-09 21:43:45,977 [INFO] Época 11/30, Batch 1500/3348, Loss: 0.3550
2025-10-09 21:43:46,234 [INFO] Época 11/30, Batch 1550/3348, Loss: 0.1712
2025-10-09 21:43:46,490 [INFO] Época 11/30, Batch 1600/3348, Loss: 0.3306
2025-10-09 21:43:46,750 [INFO] Época 11/30, Batch 1650/3348, Loss: 0.2059
2025-10-09 21:43:47,005 [INFO] Época 11/30, Batch 1700/3348, Loss: 0.2152
2025-10-09 21:43:47,266 [INFO] Época 11/30, Batch 1750/3348, Loss: 0.2049
2025-10-09 21:43:47,524 [INFO] Época 11/30, Batch 1800/3348, Loss: 0.1764
2025-10-09 21:43:47,781 [INFO] Época 11/30, Batch 1850/3348, Loss: 0.2309
2025-10-09 21:43:48,039 [INFO] Época 11/30, Batch 1900/3348, Loss: 0.2188
2025-10-09 21:43:48,296 [INFO] Época 11/30, Batch 1950/3348, Loss: 0.1516
2025-10-09 21:43:48,552 [INFO] Época 11/30, Batch 2000/3348, Loss: 0.2415
2025-10-09 21:43:48,803 [INFO] Época 11/30, Batch 2050/3348, Loss: 0.1664
2025-10-09 21:43:49,061 [INFO] Época 11/30, Batch 2100/3348, Loss: 0.2159
2025-10-09 21:43:49,318 [INFO] Época 11/30, Batch 2150/3348, Loss: 0.2204
2025-10-09 21:43:49,576 [INFO] Época 11/30, Batch 2200/3348, Loss: 0.1973
2025-10-09 21:43:49,842 [INFO] Época 11/30, Batch 2250/3348, Loss: 0.2505
2025-10-09 21:43:50,099 [INFO] Época 11/30, Batch 2300/3348, Loss: 0.2125
2025-10-09 21:43:50,354 [INFO] Época 11/30, Batch 2350/3348, Loss: 0.2314
2025-10-09 21:43:50,607 [INFO] Época 11/30, Batch 2400/3348, Loss: 0.1927
2025-10-09 21:43:50,860 [INFO] Época 11/30, Batch 2450/3348, Loss: 0.1887
2025-10-09 21:43:51,117 [INFO] Época 11/30, Batch 2500/3348, Loss: 0.1974
2025-10-09 21:43:51,373 [INFO] Época 11/30, Batch 2550/3348, Loss: 0.1666
2025-10-09 21:43:51,630 [INFO] Época 11/30, Batch 2600/3348, Loss: 0.1782
2025-10-09 21:43:51,886 [INFO] Época 11/30, Batch 2650/3348, Loss: 0.2561
2025-10-09 21:43:52,141 [INFO] Época 11/30, Batch 2700/3348, Loss: 0.2736
2025-10-09 21:43:52,399 [INFO] Época 11/30, Batch 2750/3348, Loss: 0.1987
2025-10-09 21:43:52,654 [INFO] Época 11/30, Batch 2800/3348, Loss: 0.3550
2025-10-09 21:43:52,911 [INFO] Época 11/30, Batch 2850/3348, Loss: 0.1849
2025-10-09 21:43:53,166 [INFO] Época 11/30, Batch 2900/3348, Loss: 0.2100
2025-10-09 21:43:53,419 [INFO] Época 11/30, Batch 2950/3348, Loss: 0.2270
2025-10-09 21:43:53,674 [INFO] Época 11/30, Batch 3000/3348, Loss: 0.1449
2025-10-09 21:43:53,929 [INFO] Época 11/30, Batch 3050/3348, Loss: 0.2812
2025-10-09 21:43:54,184 [INFO] Época 11/30, Batch 3100/3348, Loss: 0.2349
2025-10-09 21:43:54,441 [INFO] Época 11/30, Batch 3150/3348, Loss: 0.1700
2025-10-09 21:43:54,697 [INFO] Época 11/30, Batch 3200/3348, Loss: 0.1560
2025-10-09 21:43:54,950 [INFO] Época 11/30, Batch 3250/3348, Loss: 0.2145
2025-10-09 21:43:55,203 [INFO] Época 11/30, Batch 3300/3348, Loss: 0.2076
2025-10-09 21:43:57,027 [INFO] [11/30] Train Loss: 0.2071 | Val Loss: 0.1686 | Tempo: 19.07s
2025-10-09 21:43:57,609 [INFO] Época 12/30, Batch 50/3348, Loss: 0.1452
2025-10-09 21:43:57,878 [INFO] Época 12/30, Batch 100/3348, Loss: 0.1858
2025-10-09 21:43:58,134 [INFO] Época 12/30, Batch 150/3348, Loss: 0.1856
2025-10-09 21:43:58,395 [INFO] Época 12/30, Batch 200/3348, Loss: 0.1555
2025-10-09 21:43:58,660 [INFO] Época 12/30, Batch 250/3348, Loss: 0.2146
2025-10-09 21:43:58,925 [INFO] Época 12/30, Batch 300/3348, Loss: 0.1643
2025-10-09 21:43:59,190 [INFO] Época 12/30, Batch 350/3348, Loss: 0.2444
2025-10-09 21:43:59,455 [INFO] Época 12/30, Batch 400/3348, Loss: 0.1921
2025-10-09 21:43:59,713 [INFO] Época 12/30, Batch 450/3348, Loss: 0.1690
2025-10-09 21:43:59,965 [INFO] Época 12/30, Batch 500/3348, Loss: 0.1900
2025-10-09 21:44:00,222 [INFO] Época 12/30, Batch 550/3348, Loss: 0.1613
2025-10-09 21:44:00,481 [INFO] Época 12/30, Batch 600/3348, Loss: 0.2024
2025-10-09 21:44:00,735 [INFO] Época 12/30, Batch 650/3348, Loss: 0.2344
2025-10-09 21:44:00,987 [INFO] Época 12/30, Batch 700/3348, Loss: 0.2294
2025-10-09 21:44:01,239 [INFO] Época 12/30, Batch 750/3348, Loss: 0.2794
2025-10-09 21:44:01,490 [INFO] Época 12/30, Batch 800/3348, Loss: 0.1993
2025-10-09 21:44:01,744 [INFO] Época 12/30, Batch 850/3348, Loss: 0.1829
2025-10-09 21:44:01,998 [INFO] Época 12/30, Batch 900/3348, Loss: 0.3462
2025-10-09 21:44:02,252 [INFO] Época 12/30, Batch 950/3348, Loss: 0.1673
2025-10-09 21:44:02,506 [INFO] Época 12/30, Batch 1000/3348, Loss: 0.2219
2025-10-09 21:44:02,762 [INFO] Época 12/30, Batch 1050/3348, Loss: 0.2044
2025-10-09 21:44:03,017 [INFO] Época 12/30, Batch 1100/3348, Loss: 0.1904
2025-10-09 21:44:03,272 [INFO] Época 12/30, Batch 1150/3348, Loss: 0.2097
2025-10-09 21:44:03,528 [INFO] Época 12/30, Batch 1200/3348, Loss: 0.1261
2025-10-09 21:44:03,783 [INFO] Época 12/30, Batch 1250/3348, Loss: 0.1691
2025-10-09 21:44:04,043 [INFO] Época 12/30, Batch 1300/3348, Loss: 0.2046
2025-10-09 21:44:04,301 [INFO] Época 12/30, Batch 1350/3348, Loss: 0.1918
2025-10-09 21:44:04,557 [INFO] Época 12/30, Batch 1400/3348, Loss: 0.1738
2025-10-09 21:44:04,816 [INFO] Época 12/30, Batch 1450/3348, Loss: 0.1620
2025-10-09 21:44:05,075 [INFO] Época 12/30, Batch 1500/3348, Loss: 0.1081
2025-10-09 21:44:05,333 [INFO] Época 12/30, Batch 1550/3348, Loss: 0.1732
2025-10-09 21:44:05,589 [INFO] Época 12/30, Batch 1600/3348, Loss: 0.2831
2025-10-09 21:44:05,849 [INFO] Época 12/30, Batch 1650/3348, Loss: 0.2251
2025-10-09 21:44:06,106 [INFO] Época 12/30, Batch 1700/3348, Loss: 0.2364
2025-10-09 21:44:06,367 [INFO] Época 12/30, Batch 1750/3348, Loss: 0.2528
2025-10-09 21:44:06,622 [INFO] Época 12/30, Batch 1800/3348, Loss: 0.1654
2025-10-09 21:44:06,878 [INFO] Época 12/30, Batch 1850/3348, Loss: 0.1726
2025-10-09 21:44:07,132 [INFO] Época 12/30, Batch 1900/3348, Loss: 0.2571
2025-10-09 21:44:07,388 [INFO] Época 12/30, Batch 1950/3348, Loss: 0.1855
2025-10-09 21:44:07,642 [INFO] Época 12/30, Batch 2000/3348, Loss: 0.1853
2025-10-09 21:44:07,896 [INFO] Época 12/30, Batch 2050/3348, Loss: 0.2129
2025-10-09 21:44:08,149 [INFO] Época 12/30, Batch 2100/3348, Loss: 0.2838
2025-10-09 21:44:08,405 [INFO] Época 12/30, Batch 2150/3348, Loss: 0.1673
2025-10-09 21:44:08,661 [INFO] Época 12/30, Batch 2200/3348, Loss: 0.1387
2025-10-09 21:44:08,917 [INFO] Época 12/30, Batch 2250/3348, Loss: 0.1895
2025-10-09 21:44:09,174 [INFO] Época 12/30, Batch 2300/3348, Loss: 0.1629
2025-10-09 21:44:09,430 [INFO] Época 12/30, Batch 2350/3348, Loss: 0.1824
2025-10-09 21:44:09,690 [INFO] Época 12/30, Batch 2400/3348, Loss: 0.1739
2025-10-09 21:44:09,947 [INFO] Época 12/30, Batch 2450/3348, Loss: 0.2320
2025-10-09 21:44:10,203 [INFO] Época 12/30, Batch 2500/3348, Loss: 0.1559
2025-10-09 21:44:10,460 [INFO] Época 12/30, Batch 2550/3348, Loss: 0.2401
2025-10-09 21:44:10,721 [INFO] Época 12/30, Batch 2600/3348, Loss: 0.1803
2025-10-09 21:44:10,978 [INFO] Época 12/30, Batch 2650/3348, Loss: 0.1968
2025-10-09 21:44:11,237 [INFO] Época 12/30, Batch 2700/3348, Loss: 0.2200
2025-10-09 21:44:11,493 [INFO] Época 12/30, Batch 2750/3348, Loss: 0.1961
2025-10-09 21:44:11,748 [INFO] Época 12/30, Batch 2800/3348, Loss: 0.1863
2025-10-09 21:44:12,005 [INFO] Época 12/30, Batch 2850/3348, Loss: 0.1845
2025-10-09 21:44:12,263 [INFO] Época 12/30, Batch 2900/3348, Loss: 0.1967
2025-10-09 21:44:12,520 [INFO] Época 12/30, Batch 2950/3348, Loss: 0.2106
2025-10-09 21:44:12,779 [INFO] Época 12/30, Batch 3000/3348, Loss: 0.1816
2025-10-09 21:44:13,039 [INFO] Época 12/30, Batch 3050/3348, Loss: 0.2028
2025-10-09 21:44:13,298 [INFO] Época 12/30, Batch 3100/3348, Loss: 0.2094
2025-10-09 21:44:13,556 [INFO] Época 12/30, Batch 3150/3348, Loss: 0.2072
2025-10-09 21:44:13,814 [INFO] Época 12/30, Batch 3200/3348, Loss: 0.1496
2025-10-09 21:44:14,074 [INFO] Época 12/30, Batch 3250/3348, Loss: 0.1960
2025-10-09 21:44:14,334 [INFO] Época 12/30, Batch 3300/3348, Loss: 0.1687
2025-10-09 21:44:16,135 [INFO] [12/30] Train Loss: 0.2051 | Val Loss: 0.1748 | Tempo: 19.11s
2025-10-09 21:44:16,719 [INFO] Época 13/30, Batch 50/3348, Loss: 0.2165
2025-10-09 21:44:16,984 [INFO] Época 13/30, Batch 100/3348, Loss: 0.2198
2025-10-09 21:44:17,249 [INFO] Época 13/30, Batch 150/3348, Loss: 0.2046
2025-10-09 21:44:17,509 [INFO] Época 13/30, Batch 200/3348, Loss: 0.3924
2025-10-09 21:44:17,769 [INFO] Época 13/30, Batch 250/3348, Loss: 0.2376
2025-10-09 21:44:18,026 [INFO] Época 13/30, Batch 300/3348, Loss: 0.2033
2025-10-09 21:44:18,287 [INFO] Época 13/30, Batch 350/3348, Loss: 0.1792
2025-10-09 21:44:18,549 [INFO] Época 13/30, Batch 400/3348, Loss: 0.1769
2025-10-09 21:44:18,810 [INFO] Época 13/30, Batch 450/3348, Loss: 0.2071
2025-10-09 21:44:19,070 [INFO] Época 13/30, Batch 500/3348, Loss: 0.1828
2025-10-09 21:44:19,331 [INFO] Época 13/30, Batch 550/3348, Loss: 0.2016
2025-10-09 21:44:19,591 [INFO] Época 13/30, Batch 600/3348, Loss: 0.2453
2025-10-09 21:44:19,852 [INFO] Época 13/30, Batch 650/3348, Loss: 0.2026
2025-10-09 21:44:20,111 [INFO] Época 13/30, Batch 700/3348, Loss: 0.2425
2025-10-09 21:44:20,371 [INFO] Época 13/30, Batch 750/3348, Loss: 0.2116
2025-10-09 21:44:20,631 [INFO] Época 13/30, Batch 800/3348, Loss: 0.1814
2025-10-09 21:44:20,886 [INFO] Época 13/30, Batch 850/3348, Loss: 0.2388
2025-10-09 21:44:21,143 [INFO] Época 13/30, Batch 900/3348, Loss: 0.1934
2025-10-09 21:44:21,401 [INFO] Época 13/30, Batch 950/3348, Loss: 0.2042
2025-10-09 21:44:21,659 [INFO] Época 13/30, Batch 1000/3348, Loss: 0.1577
2025-10-09 21:44:21,918 [INFO] Época 13/30, Batch 1050/3348, Loss: 0.1993
2025-10-09 21:44:22,177 [INFO] Época 13/30, Batch 1100/3348, Loss: 0.1778
2025-10-09 21:44:22,440 [INFO] Época 13/30, Batch 1150/3348, Loss: 0.2378
2025-10-09 21:44:22,699 [INFO] Época 13/30, Batch 1200/3348, Loss: 0.2235
2025-10-09 21:44:22,956 [INFO] Época 13/30, Batch 1250/3348, Loss: 0.2131
2025-10-09 21:44:23,210 [INFO] Época 13/30, Batch 1300/3348, Loss: 0.1744
2025-10-09 21:44:23,467 [INFO] Época 13/30, Batch 1350/3348, Loss: 0.2371
2025-10-09 21:44:23,729 [INFO] Época 13/30, Batch 1400/3348, Loss: 0.1727
2025-10-09 21:44:23,988 [INFO] Época 13/30, Batch 1450/3348, Loss: 0.1745
2025-10-09 21:44:24,245 [INFO] Época 13/30, Batch 1500/3348, Loss: 0.1602
2025-10-09 21:44:24,501 [INFO] Época 13/30, Batch 1550/3348, Loss: 0.1425
2025-10-09 21:44:24,758 [INFO] Época 13/30, Batch 1600/3348, Loss: 0.2205
2025-10-09 21:44:25,013 [INFO] Época 13/30, Batch 1650/3348, Loss: 0.1880
2025-10-09 21:44:25,271 [INFO] Época 13/30, Batch 1700/3348, Loss: 0.1617
2025-10-09 21:44:25,528 [INFO] Época 13/30, Batch 1750/3348, Loss: 0.2369
2025-10-09 21:44:25,785 [INFO] Época 13/30, Batch 1800/3348, Loss: 0.1802
2025-10-09 21:44:26,043 [INFO] Época 13/30, Batch 1850/3348, Loss: 0.2009
2025-10-09 21:44:26,301 [INFO] Época 13/30, Batch 1900/3348, Loss: 0.3248
2025-10-09 21:44:26,559 [INFO] Época 13/30, Batch 1950/3348, Loss: 0.2113
2025-10-09 21:44:26,814 [INFO] Época 13/30, Batch 2000/3348, Loss: 0.1907
2025-10-09 21:44:27,072 [INFO] Época 13/30, Batch 2050/3348, Loss: 0.1679
2025-10-09 21:44:27,330 [INFO] Época 13/30, Batch 2100/3348, Loss: 0.2127
2025-10-09 21:44:27,588 [INFO] Época 13/30, Batch 2150/3348, Loss: 0.1585
2025-10-09 21:44:27,848 [INFO] Época 13/30, Batch 2200/3348, Loss: 0.1704
2025-10-09 21:44:28,106 [INFO] Época 13/30, Batch 2250/3348, Loss: 0.1847
2025-10-09 21:44:28,362 [INFO] Época 13/30, Batch 2300/3348, Loss: 0.1871
2025-10-09 21:44:28,619 [INFO] Época 13/30, Batch 2350/3348, Loss: 0.2606
2025-10-09 21:44:28,877 [INFO] Época 13/30, Batch 2400/3348, Loss: 0.2035
2025-10-09 21:44:29,134 [INFO] Época 13/30, Batch 2450/3348, Loss: 0.1529
2025-10-09 21:44:29,389 [INFO] Época 13/30, Batch 2500/3348, Loss: 0.1586
2025-10-09 21:44:29,648 [INFO] Época 13/30, Batch 2550/3348, Loss: 0.1834
2025-10-09 21:44:29,906 [INFO] Época 13/30, Batch 2600/3348, Loss: 0.2659
2025-10-09 21:44:30,163 [INFO] Época 13/30, Batch 2650/3348, Loss: 0.2626
2025-10-09 21:44:30,424 [INFO] Época 13/30, Batch 2700/3348, Loss: 0.2093
2025-10-09 21:44:30,684 [INFO] Época 13/30, Batch 2750/3348, Loss: 0.2141
2025-10-09 21:44:30,944 [INFO] Época 13/30, Batch 2800/3348, Loss: 0.2077
2025-10-09 21:44:31,205 [INFO] Época 13/30, Batch 2850/3348, Loss: 0.2385
2025-10-09 21:44:31,465 [INFO] Época 13/30, Batch 2900/3348, Loss: 0.1676
2025-10-09 21:44:31,725 [INFO] Época 13/30, Batch 2950/3348, Loss: 0.1393
2025-10-09 21:44:31,982 [INFO] Época 13/30, Batch 3000/3348, Loss: 0.1353
2025-10-09 21:44:32,239 [INFO] Época 13/30, Batch 3050/3348, Loss: 0.1725
2025-10-09 21:44:32,500 [INFO] Época 13/30, Batch 3100/3348, Loss: 0.1679
2025-10-09 21:44:32,760 [INFO] Época 13/30, Batch 3150/3348, Loss: 0.2074
2025-10-09 21:44:33,023 [INFO] Época 13/30, Batch 3200/3348, Loss: 0.1971
2025-10-09 21:44:33,282 [INFO] Época 13/30, Batch 3250/3348, Loss: 0.3767
2025-10-09 21:44:33,540 [INFO] Época 13/30, Batch 3300/3348, Loss: 0.1695
2025-10-09 21:44:35,444 [INFO] [13/30] Train Loss: 0.2038 | Val Loss: 0.1652 | Tempo: 19.31s
2025-10-09 21:44:36,072 [INFO] Época 14/30, Batch 50/3348, Loss: 0.1824
2025-10-09 21:44:36,339 [INFO] Época 14/30, Batch 100/3348, Loss: 0.2170
2025-10-09 21:44:36,598 [INFO] Época 14/30, Batch 150/3348, Loss: 0.2954
2025-10-09 21:44:36,858 [INFO] Época 14/30, Batch 200/3348, Loss: 0.2052
2025-10-09 21:44:37,114 [INFO] Época 14/30, Batch 250/3348, Loss: 0.2027
2025-10-09 21:44:37,372 [INFO] Época 14/30, Batch 300/3348, Loss: 0.2069
2025-10-09 21:44:37,629 [INFO] Época 14/30, Batch 350/3348, Loss: 0.2386
2025-10-09 21:44:37,883 [INFO] Época 14/30, Batch 400/3348, Loss: 0.1538
2025-10-09 21:44:38,135 [INFO] Época 14/30, Batch 450/3348, Loss: 0.1728
2025-10-09 21:44:38,388 [INFO] Época 14/30, Batch 500/3348, Loss: 0.2167
2025-10-09 21:44:38,640 [INFO] Época 14/30, Batch 550/3348, Loss: 0.1883
2025-10-09 21:44:38,892 [INFO] Época 14/30, Batch 600/3348, Loss: 0.2413
2025-10-09 21:44:39,144 [INFO] Época 14/30, Batch 650/3348, Loss: 0.2167
2025-10-09 21:44:39,398 [INFO] Época 14/30, Batch 700/3348, Loss: 0.1458
2025-10-09 21:44:39,648 [INFO] Época 14/30, Batch 750/3348, Loss: 0.1777
2025-10-09 21:44:39,901 [INFO] Época 14/30, Batch 800/3348, Loss: 0.1789
2025-10-09 21:44:40,152 [INFO] Época 14/30, Batch 850/3348, Loss: 0.1604
2025-10-09 21:44:40,405 [INFO] Época 14/30, Batch 900/3348, Loss: 0.2049
2025-10-09 21:44:40,658 [INFO] Época 14/30, Batch 950/3348, Loss: 0.2022
2025-10-09 21:44:40,909 [INFO] Época 14/30, Batch 1000/3348, Loss: 0.1695
2025-10-09 21:44:41,157 [INFO] Época 14/30, Batch 1050/3348, Loss: 0.2132
2025-10-09 21:44:41,403 [INFO] Época 14/30, Batch 1100/3348, Loss: 0.2243
2025-10-09 21:44:41,649 [INFO] Época 14/30, Batch 1150/3348, Loss: 0.2130
2025-10-09 21:44:41,895 [INFO] Época 14/30, Batch 1200/3348, Loss: 0.2729
2025-10-09 21:44:42,140 [INFO] Época 14/30, Batch 1250/3348, Loss: 0.2216
2025-10-09 21:44:42,393 [INFO] Época 14/30, Batch 1300/3348, Loss: 0.2420
2025-10-09 21:44:42,650 [INFO] Época 14/30, Batch 1350/3348, Loss: 0.1880
2025-10-09 21:44:42,910 [INFO] Época 14/30, Batch 1400/3348, Loss: 0.1702
2025-10-09 21:44:43,173 [INFO] Época 14/30, Batch 1450/3348, Loss: 0.1906
2025-10-09 21:44:43,435 [INFO] Época 14/30, Batch 1500/3348, Loss: 0.1802
2025-10-09 21:44:43,695 [INFO] Época 14/30, Batch 1550/3348, Loss: 0.2203
2025-10-09 21:44:43,950 [INFO] Época 14/30, Batch 1600/3348, Loss: 0.1781
2025-10-09 21:44:44,203 [INFO] Época 14/30, Batch 1650/3348, Loss: 0.2197
2025-10-09 21:44:44,459 [INFO] Época 14/30, Batch 1700/3348, Loss: 0.2744
2025-10-09 21:44:44,712 [INFO] Época 14/30, Batch 1750/3348, Loss: 0.2170
2025-10-09 21:44:44,963 [INFO] Época 14/30, Batch 1800/3348, Loss: 0.2095
2025-10-09 21:44:45,215 [INFO] Época 14/30, Batch 1850/3348, Loss: 0.2511
2025-10-09 21:44:45,470 [INFO] Época 14/30, Batch 1900/3348, Loss: 0.2151
2025-10-09 21:44:45,725 [INFO] Época 14/30, Batch 1950/3348, Loss: 0.1738
2025-10-09 21:44:45,977 [INFO] Época 14/30, Batch 2000/3348, Loss: 0.1932
2025-10-09 21:44:46,232 [INFO] Época 14/30, Batch 2050/3348, Loss: 0.1721
2025-10-09 21:44:46,485 [INFO] Época 14/30, Batch 2100/3348, Loss: 0.1934
2025-10-09 21:44:46,752 [INFO] Época 14/30, Batch 2150/3348, Loss: 0.2090
2025-10-09 21:44:47,011 [INFO] Época 14/30, Batch 2200/3348, Loss: 0.2112
2025-10-09 21:44:47,273 [INFO] Época 14/30, Batch 2250/3348, Loss: 0.2165
2025-10-09 21:44:47,535 [INFO] Época 14/30, Batch 2300/3348, Loss: 0.2367
2025-10-09 21:44:47,792 [INFO] Época 14/30, Batch 2350/3348, Loss: 0.2130
2025-10-09 21:44:48,047 [INFO] Época 14/30, Batch 2400/3348, Loss: 0.2220
2025-10-09 21:44:48,302 [INFO] Época 14/30, Batch 2450/3348, Loss: 0.1508
2025-10-09 21:44:48,557 [INFO] Época 14/30, Batch 2500/3348, Loss: 0.2146
2025-10-09 21:44:48,812 [INFO] Época 14/30, Batch 2550/3348, Loss: 0.2098
2025-10-09 21:44:49,067 [INFO] Época 14/30, Batch 2600/3348, Loss: 0.1766
2025-10-09 21:44:49,320 [INFO] Época 14/30, Batch 2650/3348, Loss: 0.1669
2025-10-09 21:44:49,574 [INFO] Época 14/30, Batch 2700/3348, Loss: 0.2079
2025-10-09 21:44:49,830 [INFO] Época 14/30, Batch 2750/3348, Loss: 0.1750
2025-10-09 21:44:50,085 [INFO] Época 14/30, Batch 2800/3348, Loss: 0.2326
2025-10-09 21:44:50,340 [INFO] Época 14/30, Batch 2850/3348, Loss: 0.1705
2025-10-09 21:44:50,593 [INFO] Época 14/30, Batch 2900/3348, Loss: 0.1679
2025-10-09 21:44:50,847 [INFO] Época 14/30, Batch 2950/3348, Loss: 0.1834
2025-10-09 21:44:51,103 [INFO] Época 14/30, Batch 3000/3348, Loss: 0.3061
2025-10-09 21:44:51,358 [INFO] Época 14/30, Batch 3050/3348, Loss: 0.1595
2025-10-09 21:44:51,611 [INFO] Época 14/30, Batch 3100/3348, Loss: 0.1858
2025-10-09 21:44:51,870 [INFO] Época 14/30, Batch 3150/3348, Loss: 0.1179
2025-10-09 21:44:52,129 [INFO] Época 14/30, Batch 3200/3348, Loss: 0.1913
2025-10-09 21:44:52,392 [INFO] Época 14/30, Batch 3250/3348, Loss: 0.1990
2025-10-09 21:44:52,655 [INFO] Época 14/30, Batch 3300/3348, Loss: 0.3436
2025-10-09 21:44:54,520 [INFO] [14/30] Train Loss: 0.2023 | Val Loss: 0.1704 | Tempo: 19.08s
2025-10-09 21:44:55,084 [INFO] Época 15/30, Batch 50/3348, Loss: 0.1769
2025-10-09 21:44:55,348 [INFO] Época 15/30, Batch 100/3348, Loss: 0.2393
2025-10-09 21:44:55,611 [INFO] Época 15/30, Batch 150/3348, Loss: 0.1990
2025-10-09 21:44:55,876 [INFO] Época 15/30, Batch 200/3348, Loss: 0.3162
2025-10-09 21:44:56,140 [INFO] Época 15/30, Batch 250/3348, Loss: 0.1707
2025-10-09 21:44:56,403 [INFO] Época 15/30, Batch 300/3348, Loss: 0.2294
2025-10-09 21:44:56,670 [INFO] Época 15/30, Batch 350/3348, Loss: 0.3100
2025-10-09 21:44:56,934 [INFO] Época 15/30, Batch 400/3348, Loss: 0.1444
2025-10-09 21:44:57,198 [INFO] Época 15/30, Batch 450/3348, Loss: 0.2291
2025-10-09 21:44:57,459 [INFO] Época 15/30, Batch 500/3348, Loss: 0.1702
2025-10-09 21:44:57,722 [INFO] Época 15/30, Batch 550/3348, Loss: 0.1969
2025-10-09 21:44:57,982 [INFO] Época 15/30, Batch 600/3348, Loss: 0.1933
2025-10-09 21:44:58,242 [INFO] Época 15/30, Batch 650/3348, Loss: 0.1840
2025-10-09 21:44:58,500 [INFO] Época 15/30, Batch 700/3348, Loss: 0.1708
2025-10-09 21:44:58,754 [INFO] Época 15/30, Batch 750/3348, Loss: 0.2207
2025-10-09 21:44:59,010 [INFO] Época 15/30, Batch 800/3348, Loss: 0.2225
2025-10-09 21:44:59,274 [INFO] Época 15/30, Batch 850/3348, Loss: 0.1885
2025-10-09 21:44:59,529 [INFO] Época 15/30, Batch 900/3348, Loss: 0.1812
2025-10-09 21:44:59,791 [INFO] Época 15/30, Batch 950/3348, Loss: 0.2171
2025-10-09 21:45:00,043 [INFO] Época 15/30, Batch 1000/3348, Loss: 0.2112
2025-10-09 21:45:00,293 [INFO] Época 15/30, Batch 1050/3348, Loss: 0.2776
2025-10-09 21:45:00,544 [INFO] Época 15/30, Batch 1100/3348, Loss: 0.1658
2025-10-09 21:45:00,796 [INFO] Época 15/30, Batch 1150/3348, Loss: 0.2699
2025-10-09 21:45:01,046 [INFO] Época 15/30, Batch 1200/3348, Loss: 0.2616
2025-10-09 21:45:01,298 [INFO] Época 15/30, Batch 1250/3348, Loss: 0.1921
2025-10-09 21:45:01,562 [INFO] Época 15/30, Batch 1300/3348, Loss: 0.2234
2025-10-09 21:45:01,821 [INFO] Época 15/30, Batch 1350/3348, Loss: 0.1930
2025-10-09 21:45:02,082 [INFO] Época 15/30, Batch 1400/3348, Loss: 0.1391
2025-10-09 21:45:02,341 [INFO] Época 15/30, Batch 1450/3348, Loss: 0.1881
2025-10-09 21:45:02,599 [INFO] Época 15/30, Batch 1500/3348, Loss: 0.2105
2025-10-09 21:45:02,865 [INFO] Época 15/30, Batch 1550/3348, Loss: 0.1787
2025-10-09 21:45:03,127 [INFO] Época 15/30, Batch 1600/3348, Loss: 0.1991
2025-10-09 21:45:03,389 [INFO] Época 15/30, Batch 1650/3348, Loss: 0.2192
2025-10-09 21:45:03,654 [INFO] Época 15/30, Batch 1700/3348, Loss: 0.1799
2025-10-09 21:45:03,920 [INFO] Época 15/30, Batch 1750/3348, Loss: 0.1790
2025-10-09 21:45:04,181 [INFO] Época 15/30, Batch 1800/3348, Loss: 0.2656
2025-10-09 21:45:04,445 [INFO] Época 15/30, Batch 1850/3348, Loss: 0.2879
2025-10-09 21:45:04,703 [INFO] Época 15/30, Batch 1900/3348, Loss: 0.1922
2025-10-09 21:45:04,960 [INFO] Época 15/30, Batch 1950/3348, Loss: 0.1520
2025-10-09 21:45:05,218 [INFO] Época 15/30, Batch 2000/3348, Loss: 0.2089
2025-10-09 21:45:05,474 [INFO] Época 15/30, Batch 2050/3348, Loss: 0.1848
2025-10-09 21:45:05,732 [INFO] Época 15/30, Batch 2100/3348, Loss: 0.1698
2025-10-09 21:45:05,988 [INFO] Época 15/30, Batch 2150/3348, Loss: 0.2483
2025-10-09 21:45:06,246 [INFO] Época 15/30, Batch 2200/3348, Loss: 0.2675
2025-10-09 21:45:06,506 [INFO] Época 15/30, Batch 2250/3348, Loss: 0.1978
2025-10-09 21:45:06,769 [INFO] Época 15/30, Batch 2300/3348, Loss: 0.1800
2025-10-09 21:45:07,028 [INFO] Época 15/30, Batch 2350/3348, Loss: 0.1604
2025-10-09 21:45:07,285 [INFO] Época 15/30, Batch 2400/3348, Loss: 0.2048
2025-10-09 21:45:07,543 [INFO] Época 15/30, Batch 2450/3348, Loss: 0.1830
2025-10-09 21:45:07,804 [INFO] Época 15/30, Batch 2500/3348, Loss: 0.2272
2025-10-09 21:45:08,062 [INFO] Época 15/30, Batch 2550/3348, Loss: 0.1600
2025-10-09 21:45:08,318 [INFO] Época 15/30, Batch 2600/3348, Loss: 0.1267
2025-10-09 21:45:08,577 [INFO] Época 15/30, Batch 2650/3348, Loss: 0.2212
2025-10-09 21:45:08,836 [INFO] Época 15/30, Batch 2700/3348, Loss: 0.1352
2025-10-09 21:45:09,097 [INFO] Época 15/30, Batch 2750/3348, Loss: 0.2112
2025-10-09 21:45:09,353 [INFO] Época 15/30, Batch 2800/3348, Loss: 0.2643
2025-10-09 21:45:09,608 [INFO] Época 15/30, Batch 2850/3348, Loss: 0.1459
2025-10-09 21:45:09,865 [INFO] Época 15/30, Batch 2900/3348, Loss: 0.1982
2025-10-09 21:45:10,121 [INFO] Época 15/30, Batch 2950/3348, Loss: 0.1899
2025-10-09 21:45:10,380 [INFO] Época 15/30, Batch 3000/3348, Loss: 0.1631
2025-10-09 21:45:10,639 [INFO] Época 15/30, Batch 3050/3348, Loss: 0.1880
2025-10-09 21:45:10,894 [INFO] Época 15/30, Batch 3100/3348, Loss: 0.3032
2025-10-09 21:45:11,150 [INFO] Época 15/30, Batch 3150/3348, Loss: 0.1421
2025-10-09 21:45:11,407 [INFO] Época 15/30, Batch 3200/3348, Loss: 0.2133
2025-10-09 21:45:11,663 [INFO] Época 15/30, Batch 3250/3348, Loss: 0.1954
2025-10-09 21:45:11,921 [INFO] Época 15/30, Batch 3300/3348, Loss: 0.1012
2025-10-09 21:45:13,691 [INFO] [15/30] Train Loss: 0.2006 | Val Loss: 0.1593 | Tempo: 19.17s
2025-10-09 21:45:13,695 [INFO] Melhor modelo salvo em: /mnt/hdd/home/jdurao/ToolBox-ChemXAI/models/mlp_qm9_Physicochemical_att4_large.pth
2025-10-09 21:45:14,265 [INFO] Época 16/30, Batch 50/3348, Loss: 0.1729
2025-10-09 21:45:14,523 [INFO] Época 16/30, Batch 100/3348, Loss: 0.1890
2025-10-09 21:45:14,780 [INFO] Época 16/30, Batch 150/3348, Loss: 0.1408
2025-10-09 21:45:15,041 [INFO] Época 16/30, Batch 200/3348, Loss: 0.2431
2025-10-09 21:45:15,303 [INFO] Época 16/30, Batch 250/3348, Loss: 0.1869
2025-10-09 21:45:15,560 [INFO] Época 16/30, Batch 300/3348, Loss: 0.1864
2025-10-09 21:45:15,820 [INFO] Época 16/30, Batch 350/3348, Loss: 0.2477
2025-10-09 21:45:16,080 [INFO] Época 16/30, Batch 400/3348, Loss: 0.1986
2025-10-09 21:45:16,339 [INFO] Época 16/30, Batch 450/3348, Loss: 0.2590
2025-10-09 21:45:16,600 [INFO] Época 16/30, Batch 500/3348, Loss: 0.1891
2025-10-09 21:45:16,857 [INFO] Época 16/30, Batch 550/3348, Loss: 0.1514
2025-10-09 21:45:17,110 [INFO] Época 16/30, Batch 600/3348, Loss: 0.1907
2025-10-09 21:45:17,364 [INFO] Época 16/30, Batch 650/3348, Loss: 0.2267
2025-10-09 21:45:17,621 [INFO] Época 16/30, Batch 700/3348, Loss: 0.1403
2025-10-09 21:45:17,884 [INFO] Época 16/30, Batch 750/3348, Loss: 0.1722
2025-10-09 21:45:18,145 [INFO] Época 16/30, Batch 800/3348, Loss: 0.1965
2025-10-09 21:45:18,403 [INFO] Época 16/30, Batch 850/3348, Loss: 0.2417
2025-10-09 21:45:18,649 [INFO] Época 16/30, Batch 900/3348, Loss: 0.1783
2025-10-09 21:45:18,897 [INFO] Época 16/30, Batch 950/3348, Loss: 0.3382
2025-10-09 21:45:19,144 [INFO] Época 16/30, Batch 1000/3348, Loss: 0.1939
2025-10-09 21:45:19,391 [INFO] Época 16/30, Batch 1050/3348, Loss: 0.1493
2025-10-09 21:45:19,639 [INFO] Época 16/30, Batch 1100/3348, Loss: 0.2056
2025-10-09 21:45:19,876 [INFO] Época 16/30, Batch 1150/3348, Loss: 0.2233
2025-10-09 21:45:20,114 [INFO] Época 16/30, Batch 1200/3348, Loss: 0.2550
2025-10-09 21:45:20,353 [INFO] Época 16/30, Batch 1250/3348, Loss: 0.1620
2025-10-09 21:45:20,592 [INFO] Época 16/30, Batch 1300/3348, Loss: 0.1621
2025-10-09 21:45:20,835 [INFO] Época 16/30, Batch 1350/3348, Loss: 0.2429
2025-10-09 21:45:21,072 [INFO] Época 16/30, Batch 1400/3348, Loss: 0.2270
2025-10-09 21:45:21,311 [INFO] Época 16/30, Batch 1450/3348, Loss: 0.2647
2025-10-09 21:45:21,556 [INFO] Época 16/30, Batch 1500/3348, Loss: 0.2752
2025-10-09 21:45:21,806 [INFO] Época 16/30, Batch 1550/3348, Loss: 0.1631
2025-10-09 21:45:22,054 [INFO] Época 16/30, Batch 1600/3348, Loss: 0.1529
2025-10-09 21:45:22,301 [INFO] Época 16/30, Batch 1650/3348, Loss: 0.1819
2025-10-09 21:45:22,548 [INFO] Época 16/30, Batch 1700/3348, Loss: 0.1834
2025-10-09 21:45:22,800 [INFO] Época 16/30, Batch 1750/3348, Loss: 0.2030
2025-10-09 21:45:23,053 [INFO] Época 16/30, Batch 1800/3348, Loss: 0.1996
2025-10-09 21:45:23,301 [INFO] Época 16/30, Batch 1850/3348, Loss: 0.1771
2025-10-09 21:45:23,549 [INFO] Época 16/30, Batch 1900/3348, Loss: 0.2002
2025-10-09 21:45:23,799 [INFO] Época 16/30, Batch 1950/3348, Loss: 0.1121
2025-10-09 21:45:24,045 [INFO] Época 16/30, Batch 2000/3348, Loss: 0.1954
2025-10-09 21:45:24,294 [INFO] Época 16/30, Batch 2050/3348, Loss: 0.2151
2025-10-09 21:45:24,540 [INFO] Época 16/30, Batch 2100/3348, Loss: 0.2043
2025-10-09 21:45:24,790 [INFO] Época 16/30, Batch 2150/3348, Loss: 0.1957
2025-10-09 21:45:25,046 [INFO] Época 16/30, Batch 2200/3348, Loss: 0.1987
2025-10-09 21:45:25,300 [INFO] Época 16/30, Batch 2250/3348, Loss: 0.3015
2025-10-09 21:45:25,556 [INFO] Época 16/30, Batch 2300/3348, Loss: 0.2034
2025-10-09 21:45:25,807 [INFO] Época 16/30, Batch 2350/3348, Loss: 0.1785
2025-10-09 21:45:26,057 [INFO] Época 16/30, Batch 2400/3348, Loss: 0.2335
2025-10-09 21:45:26,310 [INFO] Época 16/30, Batch 2450/3348, Loss: 0.1818
2025-10-09 21:45:26,564 [INFO] Época 16/30, Batch 2500/3348, Loss: 0.2170
2025-10-09 21:45:26,819 [INFO] Época 16/30, Batch 2550/3348, Loss: 0.1820
2025-10-09 21:45:27,071 [INFO] Época 16/30, Batch 2600/3348, Loss: 0.2019
2025-10-09 21:45:27,325 [INFO] Época 16/30, Batch 2650/3348, Loss: 0.1479
2025-10-09 21:45:27,576 [INFO] Época 16/30, Batch 2700/3348, Loss: 0.2169
2025-10-09 21:45:27,833 [INFO] Época 16/30, Batch 2750/3348, Loss: 0.1673
2025-10-09 21:45:28,091 [INFO] Época 16/30, Batch 2800/3348, Loss: 0.1744
2025-10-09 21:45:28,349 [INFO] Época 16/30, Batch 2850/3348, Loss: 0.1815
2025-10-09 21:45:28,605 [INFO] Época 16/30, Batch 2900/3348, Loss: 0.1393
2025-10-09 21:45:28,861 [INFO] Época 16/30, Batch 2950/3348, Loss: 0.1936
2025-10-09 21:45:29,117 [INFO] Época 16/30, Batch 3000/3348, Loss: 0.1815
2025-10-09 21:45:29,380 [INFO] Época 16/30, Batch 3050/3348, Loss: 0.2052
2025-10-09 21:45:29,641 [INFO] Época 16/30, Batch 3100/3348, Loss: 0.2085
2025-10-09 21:45:29,905 [INFO] Época 16/30, Batch 3150/3348, Loss: 0.2069
2025-10-09 21:45:30,168 [INFO] Época 16/30, Batch 3200/3348, Loss: 0.3088
2025-10-09 21:45:30,432 [INFO] Época 16/30, Batch 3250/3348, Loss: 0.2222
2025-10-09 21:45:30,695 [INFO] Época 16/30, Batch 3300/3348, Loss: 0.1980
2025-10-09 21:45:32,415 [INFO] [16/30] Train Loss: 0.1993 | Val Loss: 0.1639 | Tempo: 18.72s
2025-10-09 21:45:32,997 [INFO] Época 17/30, Batch 50/3348, Loss: 0.2129
2025-10-09 21:45:33,270 [INFO] Época 17/30, Batch 100/3348, Loss: 0.1662
2025-10-09 21:45:33,537 [INFO] Época 17/30, Batch 150/3348, Loss: 0.2020
2025-10-09 21:45:33,797 [INFO] Época 17/30, Batch 200/3348, Loss: 0.2008
2025-10-09 21:45:34,056 [INFO] Época 17/30, Batch 250/3348, Loss: 0.2204
2025-10-09 21:45:34,313 [INFO] Época 17/30, Batch 300/3348, Loss: 0.2096
2025-10-09 21:45:34,570 [INFO] Época 17/30, Batch 350/3348, Loss: 0.1814
2025-10-09 21:45:34,828 [INFO] Época 17/30, Batch 400/3348, Loss: 0.1573
2025-10-09 21:45:35,087 [INFO] Época 17/30, Batch 450/3348, Loss: 0.2062
2025-10-09 21:45:35,344 [INFO] Época 17/30, Batch 500/3348, Loss: 0.2040
2025-10-09 21:45:35,605 [INFO] Época 17/30, Batch 550/3348, Loss: 0.2171
2025-10-09 21:45:35,858 [INFO] Época 17/30, Batch 600/3348, Loss: 0.1453
2025-10-09 21:45:36,114 [INFO] Época 17/30, Batch 650/3348, Loss: 0.2131
2025-10-09 21:45:36,367 [INFO] Época 17/30, Batch 700/3348, Loss: 0.2408
2025-10-09 21:45:36,624 [INFO] Época 17/30, Batch 750/3348, Loss: 0.2312
2025-10-09 21:45:36,879 [INFO] Época 17/30, Batch 800/3348, Loss: 0.2151
2025-10-09 21:45:37,135 [INFO] Época 17/30, Batch 850/3348, Loss: 0.1554
2025-10-09 21:45:37,389 [INFO] Época 17/30, Batch 900/3348, Loss: 0.2318
2025-10-09 21:45:37,643 [INFO] Época 17/30, Batch 950/3348, Loss: 0.1768
2025-10-09 21:45:37,898 [INFO] Época 17/30, Batch 1000/3348, Loss: 0.1796
2025-10-09 21:45:38,155 [INFO] Época 17/30, Batch 1050/3348, Loss: 0.1430
2025-10-09 21:45:38,411 [INFO] Época 17/30, Batch 1100/3348, Loss: 0.1773
2025-10-09 21:45:38,666 [INFO] Época 17/30, Batch 1150/3348, Loss: 0.1993
2025-10-09 21:45:38,920 [INFO] Época 17/30, Batch 1200/3348, Loss: 0.1636
2025-10-09 21:45:39,171 [INFO] Época 17/30, Batch 1250/3348, Loss: 0.2723
2025-10-09 21:45:39,426 [INFO] Época 17/30, Batch 1300/3348, Loss: 0.2748
2025-10-09 21:45:39,677 [INFO] Época 17/30, Batch 1350/3348, Loss: 0.1966
2025-10-09 21:45:39,932 [INFO] Época 17/30, Batch 1400/3348, Loss: 0.1608
2025-10-09 21:45:40,186 [INFO] Época 17/30, Batch 1450/3348, Loss: 0.1643
2025-10-09 21:45:40,441 [INFO] Época 17/30, Batch 1500/3348, Loss: 0.1783
2025-10-09 21:45:40,698 [INFO] Época 17/30, Batch 1550/3348, Loss: 0.1351
2025-10-09 21:45:40,953 [INFO] Época 17/30, Batch 1600/3348, Loss: 0.2278
2025-10-09 21:45:41,209 [INFO] Época 17/30, Batch 1650/3348, Loss: 0.1754
2025-10-09 21:45:41,466 [INFO] Época 17/30, Batch 1700/3348, Loss: 0.3482
2025-10-09 21:45:41,724 [INFO] Época 17/30, Batch 1750/3348, Loss: 0.1615
2025-10-09 21:45:41,981 [INFO] Época 17/30, Batch 1800/3348, Loss: 0.1960
2025-10-09 21:45:42,238 [INFO] Época 17/30, Batch 1850/3348, Loss: 0.1881
2025-10-09 21:45:42,494 [INFO] Época 17/30, Batch 1900/3348, Loss: 0.1684
2025-10-09 21:45:42,749 [INFO] Época 17/30, Batch 1950/3348, Loss: 0.2928
2025-10-09 21:45:43,012 [INFO] Época 17/30, Batch 2000/3348, Loss: 0.1999
2025-10-09 21:45:43,270 [INFO] Época 17/30, Batch 2050/3348, Loss: 0.1251
2025-10-09 21:45:43,527 [INFO] Época 17/30, Batch 2100/3348, Loss: 0.1829
2025-10-09 21:45:43,779 [INFO] Época 17/30, Batch 2150/3348, Loss: 0.2547
2025-10-09 21:45:44,036 [INFO] Época 17/30, Batch 2200/3348, Loss: 0.1691
2025-10-09 21:45:44,290 [INFO] Época 17/30, Batch 2250/3348, Loss: 0.2076
2025-10-09 21:45:44,547 [INFO] Época 17/30, Batch 2300/3348, Loss: 0.2357
2025-10-09 21:45:44,799 [INFO] Época 17/30, Batch 2350/3348, Loss: 0.1429
2025-10-09 21:45:45,053 [INFO] Época 17/30, Batch 2400/3348, Loss: 0.1513
2025-10-09 21:45:45,307 [INFO] Época 17/30, Batch 2450/3348, Loss: 0.1726
2025-10-09 21:45:45,560 [INFO] Época 17/30, Batch 2500/3348, Loss: 0.2004
2025-10-09 21:45:45,823 [INFO] Época 17/30, Batch 2550/3348, Loss: 0.1717
2025-10-09 21:45:46,089 [INFO] Época 17/30, Batch 2600/3348, Loss: 0.2788
2025-10-09 21:45:46,352 [INFO] Época 17/30, Batch 2650/3348, Loss: 0.2213
2025-10-09 21:45:46,617 [INFO] Época 17/30, Batch 2700/3348, Loss: 0.1670
2025-10-09 21:45:46,880 [INFO] Época 17/30, Batch 2750/3348, Loss: 0.1760
2025-10-09 21:45:47,144 [INFO] Época 17/30, Batch 2800/3348, Loss: 0.1473
2025-10-09 21:45:47,410 [INFO] Época 17/30, Batch 2850/3348, Loss: 0.1808
2025-10-09 21:45:47,671 [INFO] Época 17/30, Batch 2900/3348, Loss: 0.2008
2025-10-09 21:45:47,926 [INFO] Época 17/30, Batch 2950/3348, Loss: 0.2380
2025-10-09 21:45:48,182 [INFO] Época 17/30, Batch 3000/3348, Loss: 0.3075
2025-10-09 21:45:48,436 [INFO] Época 17/30, Batch 3050/3348, Loss: 0.1823
2025-10-09 21:45:48,691 [INFO] Época 17/30, Batch 3100/3348, Loss: 0.2099
2025-10-09 21:45:48,943 [INFO] Época 17/30, Batch 3150/3348, Loss: 0.2093
2025-10-09 21:45:49,195 [INFO] Época 17/30, Batch 3200/3348, Loss: 0.1889
2025-10-09 21:45:49,447 [INFO] Época 17/30, Batch 3250/3348, Loss: 0.1853
2025-10-09 21:45:49,703 [INFO] Época 17/30, Batch 3300/3348, Loss: 0.3251
2025-10-09 21:45:51,401 [INFO] [17/30] Train Loss: 0.1979 | Val Loss: 0.1602 | Tempo: 18.99s
2025-10-09 21:45:51,962 [INFO] Época 18/30, Batch 50/3348, Loss: 0.1788
2025-10-09 21:45:52,215 [INFO] Época 18/30, Batch 100/3348, Loss: 0.1291
2025-10-09 21:45:52,470 [INFO] Época 18/30, Batch 150/3348, Loss: 0.1972
2025-10-09 21:45:52,725 [INFO] Época 18/30, Batch 200/3348, Loss: 0.2317
2025-10-09 21:45:52,977 [INFO] Época 18/30, Batch 250/3348, Loss: 0.1721
2025-10-09 21:45:53,228 [INFO] Época 18/30, Batch 300/3348, Loss: 0.1969
2025-10-09 21:45:53,475 [INFO] Época 18/30, Batch 350/3348, Loss: 0.1656
2025-10-09 21:45:53,726 [INFO] Época 18/30, Batch 400/3348, Loss: 0.1738
2025-10-09 21:45:53,972 [INFO] Época 18/30, Batch 450/3348, Loss: 0.2129
2025-10-09 21:45:54,215 [INFO] Época 18/30, Batch 500/3348, Loss: 0.2251
2025-10-09 21:45:54,466 [INFO] Época 18/30, Batch 550/3348, Loss: 0.2009
2025-10-09 21:45:54,718 [INFO] Época 18/30, Batch 600/3348, Loss: 0.1867
2025-10-09 21:45:54,969 [INFO] Época 18/30, Batch 650/3348, Loss: 0.2311
2025-10-09 21:45:55,214 [INFO] Época 18/30, Batch 700/3348, Loss: 0.1415
2025-10-09 21:45:55,454 [INFO] Época 18/30, Batch 750/3348, Loss: 0.1606
2025-10-09 21:45:55,695 [INFO] Época 18/30, Batch 800/3348, Loss: 0.1048
2025-10-09 21:45:55,933 [INFO] Época 18/30, Batch 850/3348, Loss: 0.2162
2025-10-09 21:45:56,170 [INFO] Época 18/30, Batch 900/3348, Loss: 0.1686
2025-10-09 21:45:56,406 [INFO] Época 18/30, Batch 950/3348, Loss: 0.2186
2025-10-09 21:45:56,645 [INFO] Época 18/30, Batch 1000/3348, Loss: 0.2126
2025-10-09 21:45:56,884 [INFO] Época 18/30, Batch 1050/3348, Loss: 0.2056
2025-10-09 21:45:57,124 [INFO] Época 18/30, Batch 1100/3348, Loss: 0.1771
2025-10-09 21:45:57,362 [INFO] Época 18/30, Batch 1150/3348, Loss: 0.1661
2025-10-09 21:45:57,606 [INFO] Época 18/30, Batch 1200/3348, Loss: 0.2041
2025-10-09 21:45:57,852 [INFO] Época 18/30, Batch 1250/3348, Loss: 0.2190
2025-10-09 21:45:58,095 [INFO] Época 18/30, Batch 1300/3348, Loss: 0.1767
2025-10-09 21:45:58,340 [INFO] Época 18/30, Batch 1350/3348, Loss: 0.1573
2025-10-09 21:45:58,585 [INFO] Época 18/30, Batch 1400/3348, Loss: 0.1477
2025-10-09 21:45:58,834 [INFO] Época 18/30, Batch 1450/3348, Loss: 0.1454
2025-10-09 21:45:59,078 [INFO] Época 18/30, Batch 1500/3348, Loss: 0.2956
2025-10-09 21:45:59,328 [INFO] Época 18/30, Batch 1550/3348, Loss: 0.1890
2025-10-09 21:45:59,573 [INFO] Época 18/30, Batch 1600/3348, Loss: 0.2077
2025-10-09 21:45:59,826 [INFO] Época 18/30, Batch 1650/3348, Loss: 0.2402
2025-10-09 21:46:00,083 [INFO] Época 18/30, Batch 1700/3348, Loss: 0.1892
2025-10-09 21:46:00,340 [INFO] Época 18/30, Batch 1750/3348, Loss: 0.1921
2025-10-09 21:46:00,591 [INFO] Época 18/30, Batch 1800/3348, Loss: 0.2703
2025-10-09 21:46:00,849 [INFO] Época 18/30, Batch 1850/3348, Loss: 0.1534
2025-10-09 21:46:01,106 [INFO] Época 18/30, Batch 1900/3348, Loss: 0.1886
2025-10-09 21:46:01,363 [INFO] Época 18/30, Batch 1950/3348, Loss: 0.1755
2025-10-09 21:46:01,620 [INFO] Época 18/30, Batch 2000/3348, Loss: 0.1773
2025-10-09 21:46:01,874 [INFO] Época 18/30, Batch 2050/3348, Loss: 0.1844
2025-10-09 21:46:02,126 [INFO] Época 18/30, Batch 2100/3348, Loss: 0.2358
2025-10-09 21:46:02,376 [INFO] Época 18/30, Batch 2150/3348, Loss: 0.2051
2025-10-09 21:46:02,626 [INFO] Época 18/30, Batch 2200/3348, Loss: 0.2239
2025-10-09 21:46:02,876 [INFO] Época 18/30, Batch 2250/3348, Loss: 0.1536
2025-10-09 21:46:03,127 [INFO] Época 18/30, Batch 2300/3348, Loss: 0.1872
2025-10-09 21:46:03,379 [INFO] Época 18/30, Batch 2350/3348, Loss: 0.1812
2025-10-09 21:46:03,631 [INFO] Época 18/30, Batch 2400/3348, Loss: 0.1617
2025-10-09 21:46:03,881 [INFO] Época 18/30, Batch 2450/3348, Loss: 0.1801
2025-10-09 21:46:04,131 [INFO] Época 18/30, Batch 2500/3348, Loss: 0.1691
2025-10-09 21:46:04,382 [INFO] Época 18/30, Batch 2550/3348, Loss: 0.1535
2025-10-09 21:46:04,637 [INFO] Época 18/30, Batch 2600/3348, Loss: 0.1826
2025-10-09 21:46:04,894 [INFO] Época 18/30, Batch 2650/3348, Loss: 0.2004
2025-10-09 21:46:05,150 [INFO] Época 18/30, Batch 2700/3348, Loss: 0.1374
2025-10-09 21:46:05,403 [INFO] Época 18/30, Batch 2750/3348, Loss: 0.1694
2025-10-09 21:46:05,654 [INFO] Época 18/30, Batch 2800/3348, Loss: 0.1892
2025-10-09 21:46:05,909 [INFO] Época 18/30, Batch 2850/3348, Loss: 0.1659
2025-10-09 21:46:06,163 [INFO] Época 18/30, Batch 2900/3348, Loss: 0.1568
2025-10-09 21:46:06,417 [INFO] Época 18/30, Batch 2950/3348, Loss: 0.3016
2025-10-09 21:46:06,670 [INFO] Época 18/30, Batch 3000/3348, Loss: 0.1666
2025-10-09 21:46:06,919 [INFO] Época 18/30, Batch 3050/3348, Loss: 0.2039
2025-10-09 21:46:07,169 [INFO] Época 18/30, Batch 3100/3348, Loss: 0.2209
2025-10-09 21:46:07,422 [INFO] Época 18/30, Batch 3150/3348, Loss: 0.1234
2025-10-09 21:46:07,674 [INFO] Época 18/30, Batch 3200/3348, Loss: 0.1605
2025-10-09 21:46:07,927 [INFO] Época 18/30, Batch 3250/3348, Loss: 0.2857
2025-10-09 21:46:08,178 [INFO] Época 18/30, Batch 3300/3348, Loss: 0.1677
2025-10-09 21:46:10,044 [INFO] [18/30] Train Loss: 0.1966 | Val Loss: 0.1713 | Tempo: 18.64s
2025-10-09 21:46:10,631 [INFO] Época 19/30, Batch 50/3348, Loss: 0.1734
2025-10-09 21:46:10,901 [INFO] Época 19/30, Batch 100/3348, Loss: 0.2185
2025-10-09 21:46:11,166 [INFO] Época 19/30, Batch 150/3348, Loss: 0.1611
2025-10-09 21:46:11,428 [INFO] Época 19/30, Batch 200/3348, Loss: 0.1869
2025-10-09 21:46:11,691 [INFO] Época 19/30, Batch 250/3348, Loss: 0.2204
2025-10-09 21:46:11,952 [INFO] Época 19/30, Batch 300/3348, Loss: 0.1768
2025-10-09 21:46:12,214 [INFO] Época 19/30, Batch 350/3348, Loss: 0.1717
2025-10-09 21:46:12,474 [INFO] Época 19/30, Batch 400/3348, Loss: 0.1999
2025-10-09 21:46:12,735 [INFO] Época 19/30, Batch 450/3348, Loss: 0.3297
2025-10-09 21:46:12,993 [INFO] Época 19/30, Batch 500/3348, Loss: 0.2130
2025-10-09 21:46:13,251 [INFO] Época 19/30, Batch 550/3348, Loss: 0.1454
2025-10-09 21:46:13,510 [INFO] Época 19/30, Batch 600/3348, Loss: 0.1434
2025-10-09 21:46:13,766 [INFO] Época 19/30, Batch 650/3348, Loss: 0.1939
2025-10-09 21:46:14,023 [INFO] Época 19/30, Batch 700/3348, Loss: 0.1895
2025-10-09 21:46:14,275 [INFO] Época 19/30, Batch 750/3348, Loss: 0.1730
2025-10-09 21:46:14,529 [INFO] Época 19/30, Batch 800/3348, Loss: 0.1793
2025-10-09 21:46:14,787 [INFO] Época 19/30, Batch 850/3348, Loss: 0.1795
2025-10-09 21:46:15,043 [INFO] Época 19/30, Batch 900/3348, Loss: 0.1685
2025-10-09 21:46:15,301 [INFO] Época 19/30, Batch 950/3348, Loss: 0.1778
2025-10-09 21:46:15,561 [INFO] Época 19/30, Batch 1000/3348, Loss: 0.1882
2025-10-09 21:46:15,829 [INFO] Época 19/30, Batch 1050/3348, Loss: 0.1798
2025-10-09 21:46:16,097 [INFO] Época 19/30, Batch 1100/3348, Loss: 0.2261
2025-10-09 21:46:16,360 [INFO] Época 19/30, Batch 1150/3348, Loss: 0.1709
2025-10-09 21:46:16,628 [INFO] Época 19/30, Batch 1200/3348, Loss: 0.2246
2025-10-09 21:46:16,896 [INFO] Época 19/30, Batch 1250/3348, Loss: 0.2234
2025-10-09 21:46:17,165 [INFO] Época 19/30, Batch 1300/3348, Loss: 0.1733
2025-10-09 21:46:17,442 [INFO] Época 19/30, Batch 1350/3348, Loss: 0.2377
2025-10-09 21:46:17,710 [INFO] Época 19/30, Batch 1400/3348, Loss: 0.1143
2025-10-09 21:46:17,979 [INFO] Época 19/30, Batch 1450/3348, Loss: 0.1313
2025-10-09 21:46:18,246 [INFO] Época 19/30, Batch 1500/3348, Loss: 0.1859
2025-10-09 21:46:18,515 [INFO] Época 19/30, Batch 1550/3348, Loss: 0.1592
2025-10-09 21:46:18,770 [INFO] Época 19/30, Batch 1600/3348, Loss: 0.1679
2025-10-09 21:46:19,029 [INFO] Época 19/30, Batch 1650/3348, Loss: 0.2310
2025-10-09 21:46:19,288 [INFO] Época 19/30, Batch 1700/3348, Loss: 0.2231
2025-10-09 21:46:19,551 [INFO] Época 19/30, Batch 1750/3348, Loss: 0.1599
2025-10-09 21:46:19,816 [INFO] Época 19/30, Batch 1800/3348, Loss: 0.2068
2025-10-09 21:46:20,083 [INFO] Época 19/30, Batch 1850/3348, Loss: 0.2355
2025-10-09 21:46:20,349 [INFO] Época 19/30, Batch 1900/3348, Loss: 0.2042
2025-10-09 21:46:20,615 [INFO] Época 19/30, Batch 1950/3348, Loss: 0.1910
2025-10-09 21:46:20,881 [INFO] Época 19/30, Batch 2000/3348, Loss: 0.1716
2025-10-09 21:46:21,150 [INFO] Época 19/30, Batch 2050/3348, Loss: 0.1857
2025-10-09 21:46:21,419 [INFO] Época 19/30, Batch 2100/3348, Loss: 0.1834
2025-10-09 21:46:21,690 [INFO] Época 19/30, Batch 2150/3348, Loss: 0.1878
2025-10-09 21:46:21,959 [INFO] Época 19/30, Batch 2200/3348, Loss: 0.2063
2025-10-09 21:46:22,228 [INFO] Época 19/30, Batch 2250/3348, Loss: 0.2448
2025-10-09 21:46:22,496 [INFO] Época 19/30, Batch 2300/3348, Loss: 0.1483
2025-10-09 21:46:22,766 [INFO] Época 19/30, Batch 2350/3348, Loss: 0.1802
2025-10-09 21:46:23,039 [INFO] Época 19/30, Batch 2400/3348, Loss: 0.2109
2025-10-09 21:46:23,311 [INFO] Época 19/30, Batch 2450/3348, Loss: 0.2065
2025-10-09 21:46:23,579 [INFO] Época 19/30, Batch 2500/3348, Loss: 0.2059
2025-10-09 21:46:23,848 [INFO] Época 19/30, Batch 2550/3348, Loss: 0.1985
2025-10-09 21:46:24,118 [INFO] Época 19/30, Batch 2600/3348, Loss: 0.1669
2025-10-09 21:46:24,389 [INFO] Época 19/30, Batch 2650/3348, Loss: 0.1553
2025-10-09 21:46:24,656 [INFO] Época 19/30, Batch 2700/3348, Loss: 0.1714
2025-10-09 21:46:24,924 [INFO] Época 19/30, Batch 2750/3348, Loss: 0.2096
2025-10-09 21:46:25,186 [INFO] Época 19/30, Batch 2800/3348, Loss: 0.1489
2025-10-09 21:46:25,444 [INFO] Época 19/30, Batch 2850/3348, Loss: 0.1898
2025-10-09 21:46:25,705 [INFO] Época 19/30, Batch 2900/3348, Loss: 0.1187
2025-10-09 21:46:25,963 [INFO] Época 19/30, Batch 2950/3348, Loss: 0.2047
2025-10-09 21:46:26,218 [INFO] Época 19/30, Batch 3000/3348, Loss: 0.1527
2025-10-09 21:46:26,477 [INFO] Época 19/30, Batch 3050/3348, Loss: 0.1642
2025-10-09 21:46:26,735 [INFO] Época 19/30, Batch 3100/3348, Loss: 0.1451
2025-10-09 21:46:26,995 [INFO] Época 19/30, Batch 3150/3348, Loss: 0.1965
2025-10-09 21:46:27,253 [INFO] Época 19/30, Batch 3200/3348, Loss: 0.3307
2025-10-09 21:46:27,511 [INFO] Época 19/30, Batch 3250/3348, Loss: 0.1930
2025-10-09 21:46:27,777 [INFO] Época 19/30, Batch 3300/3348, Loss: 0.1528
2025-10-09 21:46:29,541 [INFO] [19/30] Train Loss: 0.1957 | Val Loss: 0.1654 | Tempo: 19.50s
2025-10-09 21:46:30,115 [INFO] Época 20/30, Batch 50/3348, Loss: 0.1973
2025-10-09 21:46:30,376 [INFO] Época 20/30, Batch 100/3348, Loss: 0.1755
2025-10-09 21:46:30,637 [INFO] Época 20/30, Batch 150/3348, Loss: 0.1965
2025-10-09 21:46:30,899 [INFO] Época 20/30, Batch 200/3348, Loss: 0.1780
2025-10-09 21:46:31,158 [INFO] Época 20/30, Batch 250/3348, Loss: 0.2130
2025-10-09 21:46:31,415 [INFO] Época 20/30, Batch 300/3348, Loss: 0.1893
2025-10-09 21:46:31,673 [INFO] Época 20/30, Batch 350/3348, Loss: 0.1640
2025-10-09 21:46:31,933 [INFO] Época 20/30, Batch 400/3348, Loss: 0.2279
2025-10-09 21:46:32,191 [INFO] Época 20/30, Batch 450/3348, Loss: 0.2000
2025-10-09 21:46:32,450 [INFO] Época 20/30, Batch 500/3348, Loss: 0.2260
2025-10-09 21:46:32,708 [INFO] Época 20/30, Batch 550/3348, Loss: 0.1463
2025-10-09 21:46:32,967 [INFO] Época 20/30, Batch 600/3348, Loss: 0.1837
2025-10-09 21:46:33,225 [INFO] Época 20/30, Batch 650/3348, Loss: 0.1618
2025-10-09 21:46:33,485 [INFO] Época 20/30, Batch 700/3348, Loss: 0.2202
2025-10-09 21:46:33,744 [INFO] Época 20/30, Batch 750/3348, Loss: 0.1630
2025-10-09 21:46:34,004 [INFO] Época 20/30, Batch 800/3348, Loss: 0.2089
2025-10-09 21:46:34,262 [INFO] Época 20/30, Batch 850/3348, Loss: 0.2416
2025-10-09 21:46:34,522 [INFO] Época 20/30, Batch 900/3348, Loss: 0.1589
2025-10-09 21:46:34,780 [INFO] Época 20/30, Batch 950/3348, Loss: 0.1631
2025-10-09 21:46:35,037 [INFO] Época 20/30, Batch 1000/3348, Loss: 0.1602
2025-10-09 21:46:35,291 [INFO] Época 20/30, Batch 1050/3348, Loss: 0.1774
2025-10-09 21:46:35,547 [INFO] Época 20/30, Batch 1100/3348, Loss: 0.2050
2025-10-09 21:46:35,806 [INFO] Época 20/30, Batch 1150/3348, Loss: 0.1410
2025-10-09 21:46:36,067 [INFO] Época 20/30, Batch 1200/3348, Loss: 0.2601
2025-10-09 21:46:36,328 [INFO] Época 20/30, Batch 1250/3348, Loss: 0.1707
2025-10-09 21:46:36,588 [INFO] Época 20/30, Batch 1300/3348, Loss: 0.1469
2025-10-09 21:46:36,851 [INFO] Época 20/30, Batch 1350/3348, Loss: 0.1854
2025-10-09 21:46:37,114 [INFO] Época 20/30, Batch 1400/3348, Loss: 0.3681
2025-10-09 21:46:37,377 [INFO] Época 20/30, Batch 1450/3348, Loss: 0.1623
2025-10-09 21:46:37,638 [INFO] Época 20/30, Batch 1500/3348, Loss: 0.1517
2025-10-09 21:46:37,900 [INFO] Época 20/30, Batch 1550/3348, Loss: 0.1623
2025-10-09 21:46:38,163 [INFO] Época 20/30, Batch 1600/3348, Loss: 0.1786
2025-10-09 21:46:38,424 [INFO] Época 20/30, Batch 1650/3348, Loss: 0.1883
2025-10-09 21:46:38,681 [INFO] Época 20/30, Batch 1700/3348, Loss: 0.1805
2025-10-09 21:46:38,940 [INFO] Época 20/30, Batch 1750/3348, Loss: 0.3463
2025-10-09 21:46:39,196 [INFO] Época 20/30, Batch 1800/3348, Loss: 0.1470
2025-10-09 21:46:39,452 [INFO] Época 20/30, Batch 1850/3348, Loss: 0.1709
2025-10-09 21:46:39,707 [INFO] Época 20/30, Batch 1900/3348, Loss: 0.1731
2025-10-09 21:46:39,963 [INFO] Época 20/30, Batch 1950/3348, Loss: 0.2140
2025-10-09 21:46:40,222 [INFO] Época 20/30, Batch 2000/3348, Loss: 0.2006
2025-10-09 21:46:40,478 [INFO] Época 20/30, Batch 2050/3348, Loss: 0.2468
2025-10-09 21:46:40,736 [INFO] Época 20/30, Batch 2100/3348, Loss: 0.1567
2025-10-09 21:46:40,993 [INFO] Época 20/30, Batch 2150/3348, Loss: 0.2180
2025-10-09 21:46:41,250 [INFO] Época 20/30, Batch 2200/3348, Loss: 0.1789
2025-10-09 21:46:41,504 [INFO] Época 20/30, Batch 2250/3348, Loss: 0.2544
2025-10-09 21:46:41,760 [INFO] Época 20/30, Batch 2300/3348, Loss: 0.1671
2025-10-09 21:46:42,016 [INFO] Época 20/30, Batch 2350/3348, Loss: 0.1809
2025-10-09 21:46:42,273 [INFO] Época 20/30, Batch 2400/3348, Loss: 0.1996
2025-10-09 21:46:42,532 [INFO] Época 20/30, Batch 2450/3348, Loss: 0.2159
2025-10-09 21:46:42,786 [INFO] Época 20/30, Batch 2500/3348, Loss: 0.1434
2025-10-09 21:46:43,042 [INFO] Época 20/30, Batch 2550/3348, Loss: 0.2233
2025-10-09 21:46:43,300 [INFO] Época 20/30, Batch 2600/3348, Loss: 0.2389
2025-10-09 21:46:43,555 [INFO] Época 20/30, Batch 2650/3348, Loss: 0.1600
2025-10-09 21:46:43,815 [INFO] Época 20/30, Batch 2700/3348, Loss: 0.1655
2025-10-09 21:46:44,077 [INFO] Época 20/30, Batch 2750/3348, Loss: 0.1479
2025-10-09 21:46:44,340 [INFO] Época 20/30, Batch 2800/3348, Loss: 0.1369
2025-10-09 21:46:44,602 [INFO] Época 20/30, Batch 2850/3348, Loss: 0.1485
2025-10-09 21:46:44,864 [INFO] Época 20/30, Batch 2900/3348, Loss: 0.1768
2025-10-09 21:46:45,123 [INFO] Época 20/30, Batch 2950/3348, Loss: 0.2850
2025-10-09 21:46:45,380 [INFO] Época 20/30, Batch 3000/3348, Loss: 0.2105
2025-10-09 21:46:45,642 [INFO] Época 20/30, Batch 3050/3348, Loss: 0.1280
2025-10-09 21:46:45,906 [INFO] Época 20/30, Batch 3100/3348, Loss: 0.2766
2025-10-09 21:46:46,168 [INFO] Época 20/30, Batch 3150/3348, Loss: 0.1435
2025-10-09 21:46:46,429 [INFO] Época 20/30, Batch 3200/3348, Loss: 0.2744
2025-10-09 21:46:46,688 [INFO] Época 20/30, Batch 3250/3348, Loss: 0.2386
2025-10-09 21:46:46,944 [INFO] Época 20/30, Batch 3300/3348, Loss: 0.2214
2025-10-09 21:46:48,806 [INFO] [20/30] Train Loss: 0.1943 | Val Loss: 0.1600 | Tempo: 19.26s
2025-10-09 21:46:49,376 [INFO] Época 21/30, Batch 50/3348, Loss: 0.2172
2025-10-09 21:46:49,650 [INFO] Época 21/30, Batch 100/3348, Loss: 0.3915
2025-10-09 21:46:49,924 [INFO] Época 21/30, Batch 150/3348, Loss: 0.1645
2025-10-09 21:46:50,194 [INFO] Época 21/30, Batch 200/3348, Loss: 0.2235
2025-10-09 21:46:50,465 [INFO] Época 21/30, Batch 250/3348, Loss: 0.2362
2025-10-09 21:46:50,737 [INFO] Época 21/30, Batch 300/3348, Loss: 0.2539
2025-10-09 21:46:51,008 [INFO] Época 21/30, Batch 350/3348, Loss: 0.2509
2025-10-09 21:46:51,278 [INFO] Época 21/30, Batch 400/3348, Loss: 0.1662
2025-10-09 21:46:51,542 [INFO] Época 21/30, Batch 450/3348, Loss: 0.1686
2025-10-09 21:46:51,802 [INFO] Época 21/30, Batch 500/3348, Loss: 0.1306
2025-10-09 21:46:52,063 [INFO] Época 21/30, Batch 550/3348, Loss: 0.2089
2025-10-09 21:46:52,326 [INFO] Época 21/30, Batch 600/3348, Loss: 0.1721
2025-10-09 21:46:52,589 [INFO] Época 21/30, Batch 650/3348, Loss: 0.2273
2025-10-09 21:46:52,846 [INFO] Época 21/30, Batch 700/3348, Loss: 0.1913
2025-10-09 21:46:53,097 [INFO] Época 21/30, Batch 750/3348, Loss: 0.2948
2025-10-09 21:46:53,348 [INFO] Época 21/30, Batch 800/3348, Loss: 0.2528
2025-10-09 21:46:53,597 [INFO] Época 21/30, Batch 850/3348, Loss: 0.1162
2025-10-09 21:46:53,853 [INFO] Época 21/30, Batch 900/3348, Loss: 0.2592
2025-10-09 21:46:54,112 [INFO] Época 21/30, Batch 950/3348, Loss: 0.1721
2025-10-09 21:46:54,370 [INFO] Época 21/30, Batch 1000/3348, Loss: 0.2125
2025-10-09 21:46:54,628 [INFO] Época 21/30, Batch 1050/3348, Loss: 0.1544
2025-10-09 21:46:54,886 [INFO] Época 21/30, Batch 1100/3348, Loss: 0.1407
2025-10-09 21:46:55,144 [INFO] Época 21/30, Batch 1150/3348, Loss: 0.1589
2025-10-09 21:46:55,404 [INFO] Época 21/30, Batch 1200/3348, Loss: 0.2823
2025-10-09 21:46:55,668 [INFO] Época 21/30, Batch 1250/3348, Loss: 0.2354
2025-10-09 21:46:55,944 [INFO] Época 21/30, Batch 1300/3348, Loss: 0.2588
2025-10-09 21:46:56,220 [INFO] Época 21/30, Batch 1350/3348, Loss: 0.2229
2025-10-09 21:46:56,496 [INFO] Época 21/30, Batch 1400/3348, Loss: 0.1814
2025-10-09 21:46:56,776 [INFO] Época 21/30, Batch 1450/3348, Loss: 0.2686
2025-10-09 21:46:57,050 [INFO] Época 21/30, Batch 1500/3348, Loss: 0.1707
2025-10-09 21:46:57,305 [INFO] Época 21/30, Batch 1550/3348, Loss: 0.1298
2025-10-09 21:46:57,557 [INFO] Época 21/30, Batch 1600/3348, Loss: 0.2359
2025-10-09 21:46:57,822 [INFO] Época 21/30, Batch 1650/3348, Loss: 0.1579
2025-10-09 21:46:58,093 [INFO] Época 21/30, Batch 1700/3348, Loss: 0.1584
2025-10-09 21:46:58,364 [INFO] Época 21/30, Batch 1750/3348, Loss: 0.1963
2025-10-09 21:46:58,634 [INFO] Época 21/30, Batch 1800/3348, Loss: 0.1846
2025-10-09 21:46:58,903 [INFO] Época 21/30, Batch 1850/3348, Loss: 0.2117
2025-10-09 21:46:59,175 [INFO] Época 21/30, Batch 1900/3348, Loss: 0.2351
2025-10-09 21:46:59,447 [INFO] Época 21/30, Batch 1950/3348, Loss: 0.1722
2025-10-09 21:46:59,708 [INFO] Época 21/30, Batch 2000/3348, Loss: 0.3085
2025-10-09 21:46:59,964 [INFO] Época 21/30, Batch 2050/3348, Loss: 0.2242
2025-10-09 21:47:00,220 [INFO] Época 21/30, Batch 2100/3348, Loss: 0.1995
2025-10-09 21:47:00,475 [INFO] Época 21/30, Batch 2150/3348, Loss: 0.2323
2025-10-09 21:47:00,733 [INFO] Época 21/30, Batch 2200/3348, Loss: 0.1762
2025-10-09 21:47:00,989 [INFO] Época 21/30, Batch 2250/3348, Loss: 0.1367
2025-10-09 21:47:01,252 [INFO] Época 21/30, Batch 2300/3348, Loss: 0.1445
2025-10-09 21:47:01,514 [INFO] Época 21/30, Batch 2350/3348, Loss: 0.1417
2025-10-09 21:47:01,779 [INFO] Época 21/30, Batch 2400/3348, Loss: 0.1746
2025-10-09 21:47:02,044 [INFO] Época 21/30, Batch 2450/3348, Loss: 0.2187
2025-10-09 21:47:02,308 [INFO] Época 21/30, Batch 2500/3348, Loss: 0.1639
2025-10-09 21:47:02,571 [INFO] Época 21/30, Batch 2550/3348, Loss: 0.2967
2025-10-09 21:47:02,835 [INFO] Época 21/30, Batch 2600/3348, Loss: 0.2820
2025-10-09 21:47:03,097 [INFO] Época 21/30, Batch 2650/3348, Loss: 0.1816
2025-10-09 21:47:03,363 [INFO] Época 21/30, Batch 2700/3348, Loss: 0.1291
2025-10-09 21:47:03,625 [INFO] Época 21/30, Batch 2750/3348, Loss: 0.1611
2025-10-09 21:47:03,894 [INFO] Época 21/30, Batch 2800/3348, Loss: 0.1936
2025-10-09 21:47:04,164 [INFO] Época 21/30, Batch 2850/3348, Loss: 0.2037
2025-10-09 21:47:04,432 [INFO] Época 21/30, Batch 2900/3348, Loss: 0.1834
2025-10-09 21:47:04,703 [INFO] Época 21/30, Batch 2950/3348, Loss: 0.1406
2025-10-09 21:47:04,975 [INFO] Época 21/30, Batch 3000/3348, Loss: 0.1668
2025-10-09 21:47:05,249 [INFO] Época 21/30, Batch 3050/3348, Loss: 0.2498
2025-10-09 21:47:05,523 [INFO] Época 21/30, Batch 3100/3348, Loss: 0.1717
2025-10-09 21:47:05,796 [INFO] Época 21/30, Batch 3150/3348, Loss: 0.1501
2025-10-09 21:47:06,066 [INFO] Época 21/30, Batch 3200/3348, Loss: 0.1460
2025-10-09 21:47:06,339 [INFO] Época 21/30, Batch 3250/3348, Loss: 0.2166
2025-10-09 21:47:06,610 [INFO] Época 21/30, Batch 3300/3348, Loss: 0.2279
2025-10-09 21:47:08,351 [INFO] [21/30] Train Loss: 0.1938 | Val Loss: 0.1646 | Tempo: 19.54s
2025-10-09 21:47:08,909 [INFO] Época 22/30, Batch 50/3348, Loss: 0.2153
2025-10-09 21:47:09,171 [INFO] Época 22/30, Batch 100/3348, Loss: 0.1564
2025-10-09 21:47:09,433 [INFO] Época 22/30, Batch 150/3348, Loss: 0.1977
2025-10-09 21:47:09,694 [INFO] Época 22/30, Batch 200/3348, Loss: 0.2013
2025-10-09 21:47:09,954 [INFO] Época 22/30, Batch 250/3348, Loss: 0.3362
2025-10-09 21:47:10,214 [INFO] Época 22/30, Batch 300/3348, Loss: 0.2019
2025-10-09 21:47:10,473 [INFO] Época 22/30, Batch 350/3348, Loss: 0.1738
2025-10-09 21:47:10,735 [INFO] Época 22/30, Batch 400/3348, Loss: 0.1935
2025-10-09 21:47:10,994 [INFO] Época 22/30, Batch 450/3348, Loss: 0.3913
2025-10-09 21:47:11,249 [INFO] Época 22/30, Batch 500/3348, Loss: 0.1460
2025-10-09 21:47:11,506 [INFO] Época 22/30, Batch 550/3348, Loss: 0.1724
2025-10-09 21:47:11,763 [INFO] Época 22/30, Batch 600/3348, Loss: 0.2185
2025-10-09 21:47:12,019 [INFO] Época 22/30, Batch 650/3348, Loss: 0.2437
2025-10-09 21:47:12,278 [INFO] Época 22/30, Batch 700/3348, Loss: 0.1715
2025-10-09 21:47:12,535 [INFO] Época 22/30, Batch 750/3348, Loss: 0.1503
2025-10-09 21:47:12,791 [INFO] Época 22/30, Batch 800/3348, Loss: 0.1276
2025-10-09 21:47:13,047 [INFO] Época 22/30, Batch 850/3348, Loss: 0.1941
2025-10-09 21:47:13,303 [INFO] Época 22/30, Batch 900/3348, Loss: 0.3119
2025-10-09 21:47:13,561 [INFO] Época 22/30, Batch 950/3348, Loss: 0.2296
2025-10-09 21:47:13,817 [INFO] Época 22/30, Batch 1000/3348, Loss: 0.2300
2025-10-09 21:47:14,073 [INFO] Época 22/30, Batch 1050/3348, Loss: 0.2133
2025-10-09 21:47:14,329 [INFO] Época 22/30, Batch 1100/3348, Loss: 0.1731
2025-10-09 21:47:14,586 [INFO] Época 22/30, Batch 1150/3348, Loss: 0.1279
2025-10-09 21:47:14,844 [INFO] Época 22/30, Batch 1200/3348, Loss: 0.1623
2025-10-09 21:47:15,101 [INFO] Época 22/30, Batch 1250/3348, Loss: 0.2165
2025-10-09 21:47:15,359 [INFO] Época 22/30, Batch 1300/3348, Loss: 0.2436
2025-10-09 21:47:15,618 [INFO] Época 22/30, Batch 1350/3348, Loss: 0.1530
2025-10-09 21:47:15,882 [INFO] Época 22/30, Batch 1400/3348, Loss: 0.2058
2025-10-09 21:47:16,141 [INFO] Época 22/30, Batch 1450/3348, Loss: 0.1263
2025-10-09 21:47:16,401 [INFO] Época 22/30, Batch 1500/3348, Loss: 0.1664
2025-10-09 21:47:16,661 [INFO] Época 22/30, Batch 1550/3348, Loss: 0.2124
2025-10-09 21:47:16,920 [INFO] Época 22/30, Batch 1600/3348, Loss: 0.2561
2025-10-09 21:47:17,179 [INFO] Época 22/30, Batch 1650/3348, Loss: 0.2242
2025-10-09 21:47:17,438 [INFO] Época 22/30, Batch 1700/3348, Loss: 0.1911
2025-10-09 21:47:17,698 [INFO] Época 22/30, Batch 1750/3348, Loss: 0.1692
2025-10-09 21:47:17,959 [INFO] Época 22/30, Batch 1800/3348, Loss: 0.1806
2025-10-09 21:47:18,216 [INFO] Época 22/30, Batch 1850/3348, Loss: 0.1417
2025-10-09 21:47:18,474 [INFO] Época 22/30, Batch 1900/3348, Loss: 0.1564
2025-10-09 21:47:18,731 [INFO] Época 22/30, Batch 1950/3348, Loss: 0.1603
2025-10-09 21:47:18,990 [INFO] Época 22/30, Batch 2000/3348, Loss: 0.2311
2025-10-09 21:47:19,249 [INFO] Época 22/30, Batch 2050/3348, Loss: 0.1661
2025-10-09 21:47:19,507 [INFO] Época 22/30, Batch 2100/3348, Loss: 0.1790
2025-10-09 21:47:19,767 [INFO] Época 22/30, Batch 2150/3348, Loss: 0.1275
2025-10-09 21:47:20,028 [INFO] Época 22/30, Batch 2200/3348, Loss: 0.1641
2025-10-09 21:47:20,289 [INFO] Época 22/30, Batch 2250/3348, Loss: 0.1668
2025-10-09 21:47:20,549 [INFO] Época 22/30, Batch 2300/3348, Loss: 0.1866
2025-10-09 21:47:20,808 [INFO] Época 22/30, Batch 2350/3348, Loss: 0.2011
2025-10-09 21:47:21,064 [INFO] Época 22/30, Batch 2400/3348, Loss: 0.1828
2025-10-09 21:47:21,320 [INFO] Época 22/30, Batch 2450/3348, Loss: 0.1910
2025-10-09 21:47:21,577 [INFO] Época 22/30, Batch 2500/3348, Loss: 0.1764
2025-10-09 21:47:21,835 [INFO] Época 22/30, Batch 2550/3348, Loss: 0.1661
2025-10-09 21:47:22,091 [INFO] Época 22/30, Batch 2600/3348, Loss: 0.2122
2025-10-09 21:47:22,348 [INFO] Época 22/30, Batch 2650/3348, Loss: 0.1927
2025-10-09 21:47:22,604 [INFO] Época 22/30, Batch 2700/3348, Loss: 0.2056
2025-10-09 21:47:22,864 [INFO] Época 22/30, Batch 2750/3348, Loss: 0.1989
2025-10-09 21:47:23,120 [INFO] Época 22/30, Batch 2800/3348, Loss: 0.2100
2025-10-09 21:47:23,377 [INFO] Época 22/30, Batch 2850/3348, Loss: 0.1698
2025-10-09 21:47:23,634 [INFO] Época 22/30, Batch 2900/3348, Loss: 0.1337
2025-10-09 21:47:23,892 [INFO] Época 22/30, Batch 2950/3348, Loss: 0.1694
2025-10-09 21:47:24,152 [INFO] Época 22/30, Batch 3000/3348, Loss: 0.1929
2025-10-09 21:47:24,409 [INFO] Época 22/30, Batch 3050/3348, Loss: 0.2060
2025-10-09 21:47:24,666 [INFO] Época 22/30, Batch 3100/3348, Loss: 0.1787
2025-10-09 21:47:24,923 [INFO] Época 22/30, Batch 3150/3348, Loss: 0.1539
2025-10-09 21:47:25,181 [INFO] Época 22/30, Batch 3200/3348, Loss: 0.2308
2025-10-09 21:47:25,439 [INFO] Época 22/30, Batch 3250/3348, Loss: 0.2784
2025-10-09 21:47:25,691 [INFO] Época 22/30, Batch 3300/3348, Loss: 0.1998
2025-10-09 21:47:27,435 [INFO] [22/30] Train Loss: 0.1926 | Val Loss: 0.1690 | Tempo: 19.08s
2025-10-09 21:47:28,022 [INFO] Época 23/30, Batch 50/3348, Loss: 0.1798
2025-10-09 21:47:28,298 [INFO] Época 23/30, Batch 100/3348, Loss: 0.1495
2025-10-09 21:47:28,574 [INFO] Época 23/30, Batch 150/3348, Loss: 0.1858
2025-10-09 21:47:28,843 [INFO] Época 23/30, Batch 200/3348, Loss: 0.2636
2025-10-09 21:47:29,108 [INFO] Época 23/30, Batch 250/3348, Loss: 0.1745
2025-10-09 21:47:29,372 [INFO] Época 23/30, Batch 300/3348, Loss: 0.1879
2025-10-09 21:47:29,637 [INFO] Época 23/30, Batch 350/3348, Loss: 0.1569
2025-10-09 21:47:29,906 [INFO] Época 23/30, Batch 400/3348, Loss: 0.1477
2025-10-09 21:47:30,174 [INFO] Época 23/30, Batch 450/3348, Loss: 0.1666
2025-10-09 21:47:30,444 [INFO] Época 23/30, Batch 500/3348, Loss: 0.2804
2025-10-09 21:47:30,711 [INFO] Época 23/30, Batch 550/3348, Loss: 0.2101
2025-10-09 21:47:30,975 [INFO] Época 23/30, Batch 600/3348, Loss: 0.1856
2025-10-09 21:47:31,237 [INFO] Época 23/30, Batch 650/3348, Loss: 0.1548
2025-10-09 21:47:31,492 [INFO] Época 23/30, Batch 700/3348, Loss: 0.2050
2025-10-09 21:47:31,756 [INFO] Época 23/30, Batch 750/3348, Loss: 0.1840
2025-10-09 21:47:32,007 [INFO] Época 23/30, Batch 800/3348, Loss: 0.1448
2025-10-09 21:47:32,258 [INFO] Época 23/30, Batch 850/3348, Loss: 0.1856
2025-10-09 21:47:32,510 [INFO] Época 23/30, Batch 900/3348, Loss: 0.1917
2025-10-09 21:47:32,760 [INFO] Época 23/30, Batch 950/3348, Loss: 0.1798
2025-10-09 21:47:33,015 [INFO] Época 23/30, Batch 1000/3348, Loss: 0.2805
2025-10-09 21:47:33,273 [INFO] Época 23/30, Batch 1050/3348, Loss: 0.1765
2025-10-09 21:47:33,529 [INFO] Época 23/30, Batch 1100/3348, Loss: 0.1913
2025-10-09 21:47:33,790 [INFO] Época 23/30, Batch 1150/3348, Loss: 0.2382
2025-10-09 21:47:34,060 [INFO] Época 23/30, Batch 1200/3348, Loss: 0.1263
2025-10-09 21:47:34,330 [INFO] Época 23/30, Batch 1250/3348, Loss: 0.1705
2025-10-09 21:47:34,601 [INFO] Época 23/30, Batch 1300/3348, Loss: 0.1894
2025-10-09 21:47:34,872 [INFO] Época 23/30, Batch 1350/3348, Loss: 0.2170
2025-10-09 21:47:35,142 [INFO] Época 23/30, Batch 1400/3348, Loss: 0.2769
2025-10-09 21:47:35,410 [INFO] Época 23/30, Batch 1450/3348, Loss: 0.1441
2025-10-09 21:47:35,682 [INFO] Época 23/30, Batch 1500/3348, Loss: 0.1963
2025-10-09 21:47:35,951 [INFO] Época 23/30, Batch 1550/3348, Loss: 0.3519
2025-10-09 21:47:36,219 [INFO] Época 23/30, Batch 1600/3348, Loss: 0.1896
2025-10-09 21:47:36,490 [INFO] Época 23/30, Batch 1650/3348, Loss: 0.1731
2025-10-09 21:47:36,760 [INFO] Época 23/30, Batch 1700/3348, Loss: 0.2512
2025-10-09 21:47:37,024 [INFO] Época 23/30, Batch 1750/3348, Loss: 0.1615
2025-10-09 21:47:37,287 [INFO] Época 23/30, Batch 1800/3348, Loss: 0.1740
2025-10-09 21:47:37,548 [INFO] Época 23/30, Batch 1850/3348, Loss: 0.2509
2025-10-09 21:47:37,808 [INFO] Época 23/30, Batch 1900/3348, Loss: 0.2110
2025-10-09 21:47:38,074 [INFO] Época 23/30, Batch 1950/3348, Loss: 0.2602
2025-10-09 21:47:38,342 [INFO] Época 23/30, Batch 2000/3348, Loss: 0.1844
2025-10-09 21:47:38,612 [INFO] Época 23/30, Batch 2050/3348, Loss: 0.0981
2025-10-09 21:47:38,878 [INFO] Época 23/30, Batch 2100/3348, Loss: 0.2447
2025-10-09 21:47:39,145 [INFO] Época 23/30, Batch 2150/3348, Loss: 0.1769
2025-10-09 21:47:39,413 [INFO] Época 23/30, Batch 2200/3348, Loss: 0.1865
2025-10-09 21:47:39,680 [INFO] Época 23/30, Batch 2250/3348, Loss: 0.2163
2025-10-09 21:47:39,948 [INFO] Época 23/30, Batch 2300/3348, Loss: 0.1530
2025-10-09 21:47:40,213 [INFO] Época 23/30, Batch 2350/3348, Loss: 0.2625
2025-10-09 21:47:40,480 [INFO] Época 23/30, Batch 2400/3348, Loss: 0.1558
2025-10-09 21:47:40,749 [INFO] Época 23/30, Batch 2450/3348, Loss: 0.1884
2025-10-09 21:47:41,015 [INFO] Época 23/30, Batch 2500/3348, Loss: 0.1754
2025-10-09 21:47:41,283 [INFO] Época 23/30, Batch 2550/3348, Loss: 0.1668
2025-10-09 21:47:41,549 [INFO] Época 23/30, Batch 2600/3348, Loss: 0.2110
2025-10-09 21:47:41,808 [INFO] Época 23/30, Batch 2650/3348, Loss: 0.2376
2025-10-09 21:47:42,074 [INFO] Época 23/30, Batch 2700/3348, Loss: 0.1740
2025-10-09 21:47:42,341 [INFO] Época 23/30, Batch 2750/3348, Loss: 0.1679
2025-10-09 21:47:42,611 [INFO] Época 23/30, Batch 2800/3348, Loss: 0.1693
2025-10-09 21:47:42,878 [INFO] Época 23/30, Batch 2850/3348, Loss: 0.2091
2025-10-09 21:47:43,146 [INFO] Época 23/30, Batch 2900/3348, Loss: 0.1660
2025-10-09 21:47:43,413 [INFO] Época 23/30, Batch 2950/3348, Loss: 0.1701
2025-10-09 21:47:43,680 [INFO] Época 23/30, Batch 3000/3348, Loss: 0.1479
2025-10-09 21:47:43,947 [INFO] Época 23/30, Batch 3050/3348, Loss: 0.2124
2025-10-09 21:47:44,212 [INFO] Época 23/30, Batch 3100/3348, Loss: 0.1702
2025-10-09 21:47:44,480 [INFO] Época 23/30, Batch 3150/3348, Loss: 0.1779
2025-10-09 21:47:44,746 [INFO] Época 23/30, Batch 3200/3348, Loss: 0.1690
2025-10-09 21:47:45,013 [INFO] Época 23/30, Batch 3250/3348, Loss: 0.2561
2025-10-09 21:47:45,276 [INFO] Época 23/30, Batch 3300/3348, Loss: 0.1718
2025-10-09 21:47:47,181 [INFO] [23/30] Train Loss: 0.1917 | Val Loss: 0.1536 | Tempo: 19.75s
2025-10-09 21:47:47,185 [INFO] Melhor modelo salvo em: /mnt/hdd/home/jdurao/ToolBox-ChemXAI/models/mlp_qm9_Physicochemical_att4_large.pth
2025-10-09 21:47:47,805 [INFO] Época 24/30, Batch 50/3348, Loss: 0.1933
2025-10-09 21:47:48,070 [INFO] Época 24/30, Batch 100/3348, Loss: 0.1461
2025-10-09 21:47:48,331 [INFO] Época 24/30, Batch 150/3348, Loss: 0.1762
2025-10-09 21:47:48,587 [INFO] Época 24/30, Batch 200/3348, Loss: 0.1614
2025-10-09 21:47:48,845 [INFO] Época 24/30, Batch 250/3348, Loss: 0.2648
2025-10-09 21:47:49,105 [INFO] Época 24/30, Batch 300/3348, Loss: 0.1864
2025-10-09 21:47:49,362 [INFO] Época 24/30, Batch 350/3348, Loss: 0.1534
2025-10-09 21:47:49,619 [INFO] Época 24/30, Batch 400/3348, Loss: 0.1576
2025-10-09 21:47:49,873 [INFO] Época 24/30, Batch 450/3348, Loss: 0.1715
2025-10-09 21:47:50,128 [INFO] Época 24/30, Batch 500/3348, Loss: 0.2055
2025-10-09 21:47:50,383 [INFO] Época 24/30, Batch 550/3348, Loss: 0.2207
2025-10-09 21:47:50,638 [INFO] Época 24/30, Batch 600/3348, Loss: 0.4170
2025-10-09 21:47:50,896 [INFO] Época 24/30, Batch 650/3348, Loss: 0.1602
2025-10-09 21:47:51,154 [INFO] Época 24/30, Batch 700/3348, Loss: 0.2719
2025-10-09 21:47:51,412 [INFO] Época 24/30, Batch 750/3348, Loss: 0.1431
2025-10-09 21:47:51,671 [INFO] Época 24/30, Batch 800/3348, Loss: 0.2547
2025-10-09 21:47:51,924 [INFO] Época 24/30, Batch 850/3348, Loss: 0.1733
2025-10-09 21:47:52,170 [INFO] Época 24/30, Batch 900/3348, Loss: 0.2434
2025-10-09 21:47:52,417 [INFO] Época 24/30, Batch 950/3348, Loss: 0.2397
2025-10-09 21:47:52,665 [INFO] Época 24/30, Batch 1000/3348, Loss: 0.2650
2025-10-09 21:47:52,916 [INFO] Época 24/30, Batch 1050/3348, Loss: 0.1999
2025-10-09 21:47:53,166 [INFO] Época 24/30, Batch 1100/3348, Loss: 0.1778
2025-10-09 21:47:53,416 [INFO] Época 24/30, Batch 1150/3348, Loss: 0.1993
2025-10-09 21:47:53,666 [INFO] Época 24/30, Batch 1200/3348, Loss: 0.2424
2025-10-09 21:47:53,918 [INFO] Época 24/30, Batch 1250/3348, Loss: 0.1915
2025-10-09 21:47:54,178 [INFO] Época 24/30, Batch 1300/3348, Loss: 0.2474
2025-10-09 21:47:54,436 [INFO] Época 24/30, Batch 1350/3348, Loss: 0.2247
2025-10-09 21:47:54,693 [INFO] Época 24/30, Batch 1400/3348, Loss: 0.1409
2025-10-09 21:47:54,950 [INFO] Época 24/30, Batch 1450/3348, Loss: 0.2095
2025-10-09 21:47:55,207 [INFO] Época 24/30, Batch 1500/3348, Loss: 0.1567
2025-10-09 21:47:55,467 [INFO] Época 24/30, Batch 1550/3348, Loss: 0.1907
2025-10-09 21:47:55,726 [INFO] Época 24/30, Batch 1600/3348, Loss: 0.2557
2025-10-09 21:47:55,982 [INFO] Época 24/30, Batch 1650/3348, Loss: 0.1750
2025-10-09 21:47:56,239 [INFO] Época 24/30, Batch 1700/3348, Loss: 0.1795
2025-10-09 21:47:56,496 [INFO] Época 24/30, Batch 1750/3348, Loss: 0.1989
2025-10-09 21:47:56,758 [INFO] Época 24/30, Batch 1800/3348, Loss: 0.1402
2025-10-09 21:47:57,027 [INFO] Época 24/30, Batch 1850/3348, Loss: 0.2540
2025-10-09 21:47:57,285 [INFO] Época 24/30, Batch 1900/3348, Loss: 0.1212
2025-10-09 21:47:57,545 [INFO] Época 24/30, Batch 1950/3348, Loss: 0.1472
2025-10-09 21:47:57,802 [INFO] Época 24/30, Batch 2000/3348, Loss: 0.1635
2025-10-09 21:47:58,061 [INFO] Época 24/30, Batch 2050/3348, Loss: 0.2176
2025-10-09 21:47:58,319 [INFO] Época 24/30, Batch 2100/3348, Loss: 0.1705
2025-10-09 21:47:58,576 [INFO] Época 24/30, Batch 2150/3348, Loss: 0.2964
2025-10-09 21:47:58,837 [INFO] Época 24/30, Batch 2200/3348, Loss: 0.2531
2025-10-09 21:47:59,095 [INFO] Época 24/30, Batch 2250/3348, Loss: 0.1452
2025-10-09 21:47:59,355 [INFO] Época 24/30, Batch 2300/3348, Loss: 0.1476
2025-10-09 21:47:59,613 [INFO] Época 24/30, Batch 2350/3348, Loss: 0.1539
2025-10-09 21:47:59,873 [INFO] Época 24/30, Batch 2400/3348, Loss: 0.1913
2025-10-09 21:48:00,133 [INFO] Época 24/30, Batch 2450/3348, Loss: 0.1936
2025-10-09 21:48:00,392 [INFO] Época 24/30, Batch 2500/3348, Loss: 0.1519
2025-10-09 21:48:00,650 [INFO] Época 24/30, Batch 2550/3348, Loss: 0.2025
2025-10-09 21:48:00,912 [INFO] Época 24/30, Batch 2600/3348, Loss: 0.1533
2025-10-09 21:48:01,169 [INFO] Época 24/30, Batch 2650/3348, Loss: 0.1979
2025-10-09 21:48:01,426 [INFO] Época 24/30, Batch 2700/3348, Loss: 0.2165
2025-10-09 21:48:01,682 [INFO] Época 24/30, Batch 2750/3348, Loss: 0.1365
2025-10-09 21:48:01,938 [INFO] Época 24/30, Batch 2800/3348, Loss: 0.1293
2025-10-09 21:48:02,198 [INFO] Época 24/30, Batch 2850/3348, Loss: 0.1341
2025-10-09 21:48:02,457 [INFO] Época 24/30, Batch 2900/3348, Loss: 0.1489
2025-10-09 21:48:02,713 [INFO] Época 24/30, Batch 2950/3348, Loss: 0.1584
2025-10-09 21:48:02,973 [INFO] Época 24/30, Batch 3000/3348, Loss: 0.1800
2025-10-09 21:48:03,229 [INFO] Época 24/30, Batch 3050/3348, Loss: 0.2360
2025-10-09 21:48:03,486 [INFO] Época 24/30, Batch 3100/3348, Loss: 0.1871
2025-10-09 21:48:03,742 [INFO] Época 24/30, Batch 3150/3348, Loss: 0.2180
2025-10-09 21:48:04,000 [INFO] Época 24/30, Batch 3200/3348, Loss: 0.1460
2025-10-09 21:48:04,259 [INFO] Época 24/30, Batch 3250/3348, Loss: 0.1677
2025-10-09 21:48:04,518 [INFO] Época 24/30, Batch 3300/3348, Loss: 0.2058
2025-10-09 21:48:06,390 [INFO] [24/30] Train Loss: 0.1910 | Val Loss: 0.1581 | Tempo: 19.20s
2025-10-09 21:48:06,980 [INFO] Época 25/30, Batch 50/3348, Loss: 0.1972
2025-10-09 21:48:07,252 [INFO] Época 25/30, Batch 100/3348, Loss: 0.1385
2025-10-09 21:48:07,521 [INFO] Época 25/30, Batch 150/3348, Loss: 0.1632
2025-10-09 21:48:07,789 [INFO] Época 25/30, Batch 200/3348, Loss: 0.3248
2025-10-09 21:48:08,058 [INFO] Época 25/30, Batch 250/3348, Loss: 0.1677
2025-10-09 21:48:08,328 [INFO] Época 25/30, Batch 300/3348, Loss: 0.1566
2025-10-09 21:48:08,598 [INFO] Época 25/30, Batch 350/3348, Loss: 0.1782
2025-10-09 21:48:08,860 [INFO] Época 25/30, Batch 400/3348, Loss: 0.1737
2025-10-09 21:48:09,116 [INFO] Época 25/30, Batch 450/3348, Loss: 0.1658
2025-10-09 21:48:09,369 [INFO] Época 25/30, Batch 500/3348, Loss: 0.2768
2025-10-09 21:48:09,624 [INFO] Época 25/30, Batch 550/3348, Loss: 0.2235
2025-10-09 21:48:09,888 [INFO] Época 25/30, Batch 600/3348, Loss: 0.2155
2025-10-09 21:48:10,141 [INFO] Época 25/30, Batch 650/3348, Loss: 0.1677
2025-10-09 21:48:10,393 [INFO] Época 25/30, Batch 700/3348, Loss: 0.1840
2025-10-09 21:48:10,646 [INFO] Época 25/30, Batch 750/3348, Loss: 0.1663
2025-10-09 21:48:10,904 [INFO] Época 25/30, Batch 800/3348, Loss: 0.2681
2025-10-09 21:48:11,158 [INFO] Época 25/30, Batch 850/3348, Loss: 0.2291
2025-10-09 21:48:11,413 [INFO] Época 25/30, Batch 900/3348, Loss: 0.1539
2025-10-09 21:48:11,667 [INFO] Época 25/30, Batch 950/3348, Loss: 0.1854
2025-10-09 21:48:11,934 [INFO] Época 25/30, Batch 1000/3348, Loss: 0.1824
2025-10-09 21:48:12,197 [INFO] Época 25/30, Batch 1050/3348, Loss: 0.2104
2025-10-09 21:48:12,462 [INFO] Época 25/30, Batch 1100/3348, Loss: 0.1750
2025-10-09 21:48:12,724 [INFO] Época 25/30, Batch 1150/3348, Loss: 0.1878
2025-10-09 21:48:12,987 [INFO] Época 25/30, Batch 1200/3348, Loss: 0.1841
2025-10-09 21:48:13,252 [INFO] Época 25/30, Batch 1250/3348, Loss: 0.1591
2025-10-09 21:48:13,516 [INFO] Época 25/30, Batch 1300/3348, Loss: 0.1480
2025-10-09 21:48:13,783 [INFO] Época 25/30, Batch 1350/3348, Loss: 0.1646
2025-10-09 21:48:14,041 [INFO] Época 25/30, Batch 1400/3348, Loss: 0.1993
2025-10-09 21:48:14,297 [INFO] Época 25/30, Batch 1450/3348, Loss: 0.1787
2025-10-09 21:48:14,555 [INFO] Época 25/30, Batch 1500/3348, Loss: 0.1421
2025-10-09 21:48:14,811 [INFO] Época 25/30, Batch 1550/3348, Loss: 0.1880
2025-10-09 21:48:15,068 [INFO] Época 25/30, Batch 1600/3348, Loss: 0.1333
2025-10-09 21:48:15,325 [INFO] Época 25/30, Batch 1650/3348, Loss: 0.2264
2025-10-09 21:48:15,589 [INFO] Época 25/30, Batch 1700/3348, Loss: 0.1631
2025-10-09 21:48:15,846 [INFO] Época 25/30, Batch 1750/3348, Loss: 0.1933
2025-10-09 21:48:16,101 [INFO] Época 25/30, Batch 1800/3348, Loss: 0.1473
2025-10-09 21:48:16,359 [INFO] Época 25/30, Batch 1850/3348, Loss: 0.1895
2025-10-09 21:48:16,619 [INFO] Época 25/30, Batch 1900/3348, Loss: 0.1449
2025-10-09 21:48:16,877 [INFO] Época 25/30, Batch 1950/3348, Loss: 0.1740
2025-10-09 21:48:17,131 [INFO] Época 25/30, Batch 2000/3348, Loss: 0.2543
2025-10-09 21:48:17,386 [INFO] Época 25/30, Batch 2050/3348, Loss: 0.2155
2025-10-09 21:48:17,645 [INFO] Época 25/30, Batch 2100/3348, Loss: 0.1411
2025-10-09 21:48:17,901 [INFO] Época 25/30, Batch 2150/3348, Loss: 0.1303
2025-10-09 21:48:18,156 [INFO] Época 25/30, Batch 2200/3348, Loss: 0.2204
2025-10-09 21:48:18,412 [INFO] Época 25/30, Batch 2250/3348, Loss: 0.2059
2025-10-09 21:48:18,669 [INFO] Época 25/30, Batch 2300/3348, Loss: 0.1753
2025-10-09 21:48:18,928 [INFO] Época 25/30, Batch 2350/3348, Loss: 0.1499
2025-10-09 21:48:19,188 [INFO] Época 25/30, Batch 2400/3348, Loss: 0.1645
2025-10-09 21:48:19,447 [INFO] Época 25/30, Batch 2450/3348, Loss: 0.2121
2025-10-09 21:48:19,709 [INFO] Época 25/30, Batch 2500/3348, Loss: 0.2344
2025-10-09 21:48:19,972 [INFO] Época 25/30, Batch 2550/3348, Loss: 0.2062
2025-10-09 21:48:20,235 [INFO] Época 25/30, Batch 2600/3348, Loss: 0.2933
2025-10-09 21:48:20,495 [INFO] Época 25/30, Batch 2650/3348, Loss: 0.2031
2025-10-09 21:48:20,753 [INFO] Época 25/30, Batch 2700/3348, Loss: 0.2021
2025-10-09 21:48:21,011 [INFO] Época 25/30, Batch 2750/3348, Loss: 0.1843
2025-10-09 21:48:21,270 [INFO] Época 25/30, Batch 2800/3348, Loss: 0.2212
2025-10-09 21:48:21,528 [INFO] Época 25/30, Batch 2850/3348, Loss: 0.1200
2025-10-09 21:48:21,785 [INFO] Época 25/30, Batch 2900/3348, Loss: 0.1679
2025-10-09 21:48:22,039 [INFO] Época 25/30, Batch 2950/3348, Loss: 0.1622
2025-10-09 21:48:22,297 [INFO] Época 25/30, Batch 3000/3348, Loss: 0.2035
2025-10-09 21:48:22,554 [INFO] Época 25/30, Batch 3050/3348, Loss: 0.2665
2025-10-09 21:48:22,811 [INFO] Época 25/30, Batch 3100/3348, Loss: 0.2881
2025-10-09 21:48:23,068 [INFO] Época 25/30, Batch 3150/3348, Loss: 0.1783
2025-10-09 21:48:23,325 [INFO] Época 25/30, Batch 3200/3348, Loss: 0.1673
2025-10-09 21:48:23,581 [INFO] Época 25/30, Batch 3250/3348, Loss: 0.1725
2025-10-09 21:48:23,837 [INFO] Época 25/30, Batch 3300/3348, Loss: 0.1510
2025-10-09 21:48:25,574 [INFO] [25/30] Train Loss: 0.1904 | Val Loss: 0.1562 | Tempo: 19.18s
2025-10-09 21:48:26,134 [INFO] Época 26/30, Batch 50/3348, Loss: 0.1935
2025-10-09 21:48:26,394 [INFO] Época 26/30, Batch 100/3348, Loss: 0.1470
2025-10-09 21:48:26,651 [INFO] Época 26/30, Batch 150/3348, Loss: 0.1365
2025-10-09 21:48:26,907 [INFO] Época 26/30, Batch 200/3348, Loss: 0.1237
2025-10-09 21:48:27,164 [INFO] Época 26/30, Batch 250/3348, Loss: 0.1737
2025-10-09 21:48:27,420 [INFO] Época 26/30, Batch 300/3348, Loss: 0.2460
2025-10-09 21:48:27,675 [INFO] Época 26/30, Batch 350/3348, Loss: 0.1675
2025-10-09 21:48:27,930 [INFO] Época 26/30, Batch 400/3348, Loss: 0.2658
2025-10-09 21:48:28,183 [INFO] Época 26/30, Batch 450/3348, Loss: 0.1596
2025-10-09 21:48:28,435 [INFO] Época 26/30, Batch 500/3348, Loss: 0.1615
2025-10-09 21:48:28,688 [INFO] Época 26/30, Batch 550/3348, Loss: 0.1525
2025-10-09 21:48:28,942 [INFO] Época 26/30, Batch 600/3348, Loss: 0.1476
2025-10-09 21:48:29,198 [INFO] Época 26/30, Batch 650/3348, Loss: 0.1989
2025-10-09 21:48:29,464 [INFO] Época 26/30, Batch 700/3348, Loss: 0.1980
2025-10-09 21:48:29,729 [INFO] Época 26/30, Batch 750/3348, Loss: 0.1836
2025-10-09 21:48:29,988 [INFO] Época 26/30, Batch 800/3348, Loss: 0.2458
2025-10-09 21:48:30,245 [INFO] Época 26/30, Batch 850/3348, Loss: 0.1753
2025-10-09 21:48:30,495 [INFO] Época 26/30, Batch 900/3348, Loss: 0.2056
2025-10-09 21:48:30,745 [INFO] Época 26/30, Batch 950/3348, Loss: 0.2103
2025-10-09 21:48:30,995 [INFO] Época 26/30, Batch 1000/3348, Loss: 0.1445
2025-10-09 21:48:31,245 [INFO] Época 26/30, Batch 1050/3348, Loss: 0.2255
2025-10-09 21:48:31,497 [INFO] Época 26/30, Batch 1100/3348, Loss: 0.2656
2025-10-09 21:48:31,748 [INFO] Época 26/30, Batch 1150/3348, Loss: 0.1529
2025-10-09 21:48:32,000 [INFO] Época 26/30, Batch 1200/3348, Loss: 0.2287
2025-10-09 21:48:32,259 [INFO] Época 26/30, Batch 1250/3348, Loss: 0.1849
2025-10-09 21:48:32,519 [INFO] Época 26/30, Batch 1300/3348, Loss: 0.1823
2025-10-09 21:48:32,777 [INFO] Época 26/30, Batch 1350/3348, Loss: 0.2374
2025-10-09 21:48:33,037 [INFO] Época 26/30, Batch 1400/3348, Loss: 0.1601
2025-10-09 21:48:33,297 [INFO] Época 26/30, Batch 1450/3348, Loss: 0.1635
2025-10-09 21:48:33,552 [INFO] Época 26/30, Batch 1500/3348, Loss: 0.1760
2025-10-09 21:48:33,797 [INFO] Época 26/30, Batch 1550/3348, Loss: 0.2674
2025-10-09 21:48:34,046 [INFO] Época 26/30, Batch 1600/3348, Loss: 0.1920
2025-10-09 21:48:34,292 [INFO] Época 26/30, Batch 1650/3348, Loss: 0.2082
2025-10-09 21:48:34,536 [INFO] Época 26/30, Batch 1700/3348, Loss: 0.1852
2025-10-09 21:48:34,783 [INFO] Época 26/30, Batch 1750/3348, Loss: 0.1950
2025-10-09 21:48:35,029 [INFO] Época 26/30, Batch 1800/3348, Loss: 0.1482
2025-10-09 21:48:35,277 [INFO] Época 26/30, Batch 1850/3348, Loss: 0.1889
2025-10-09 21:48:35,526 [INFO] Época 26/30, Batch 1900/3348, Loss: 0.2048
2025-10-09 21:48:35,775 [INFO] Época 26/30, Batch 1950/3348, Loss: 0.1879
2025-10-09 21:48:36,024 [INFO] Época 26/30, Batch 2000/3348, Loss: 0.2299
2025-10-09 21:48:36,274 [INFO] Época 26/30, Batch 2050/3348, Loss: 0.1582
2025-10-09 21:48:36,523 [INFO] Época 26/30, Batch 2100/3348, Loss: 0.1482
2025-10-09 21:48:36,774 [INFO] Época 26/30, Batch 2150/3348, Loss: 0.1490
2025-10-09 21:48:37,028 [INFO] Época 26/30, Batch 2200/3348, Loss: 0.1477
2025-10-09 21:48:37,283 [INFO] Época 26/30, Batch 2250/3348, Loss: 0.1973
2025-10-09 21:48:37,538 [INFO] Época 26/30, Batch 2300/3348, Loss: 0.1694
2025-10-09 21:48:37,792 [INFO] Época 26/30, Batch 2350/3348, Loss: 0.2094
2025-10-09 21:48:38,049 [INFO] Época 26/30, Batch 2400/3348, Loss: 0.2134
2025-10-09 21:48:38,305 [INFO] Época 26/30, Batch 2450/3348, Loss: 0.1609
2025-10-09 21:48:38,560 [INFO] Época 26/30, Batch 2500/3348, Loss: 0.1439
2025-10-09 21:48:38,814 [INFO] Época 26/30, Batch 2550/3348, Loss: 0.2227
2025-10-09 21:48:39,069 [INFO] Época 26/30, Batch 2600/3348, Loss: 0.1818
2025-10-09 21:48:39,324 [INFO] Época 26/30, Batch 2650/3348, Loss: 0.1621
2025-10-09 21:48:39,578 [INFO] Época 26/30, Batch 2700/3348, Loss: 0.1941
2025-10-09 21:48:39,845 [INFO] Época 26/30, Batch 2750/3348, Loss: 0.1985
2025-10-09 21:48:40,101 [INFO] Época 26/30, Batch 2800/3348, Loss: 0.1909
2025-10-09 21:48:40,354 [INFO] Época 26/30, Batch 2850/3348, Loss: 0.1784
2025-10-09 21:48:40,610 [INFO] Época 26/30, Batch 2900/3348, Loss: 0.2294
2025-10-09 21:48:40,864 [INFO] Época 26/30, Batch 2950/3348, Loss: 0.1802
2025-10-09 21:48:41,118 [INFO] Época 26/30, Batch 3000/3348, Loss: 0.2012
2025-10-09 21:48:41,372 [INFO] Época 26/30, Batch 3050/3348, Loss: 0.1645
2025-10-09 21:48:41,625 [INFO] Época 26/30, Batch 3100/3348, Loss: 0.1208
2025-10-09 21:48:41,879 [INFO] Época 26/30, Batch 3150/3348, Loss: 0.3192
2025-10-09 21:48:42,133 [INFO] Época 26/30, Batch 3200/3348, Loss: 0.2271
2025-10-09 21:48:42,386 [INFO] Época 26/30, Batch 3250/3348, Loss: 0.1813
2025-10-09 21:48:42,639 [INFO] Época 26/30, Batch 3300/3348, Loss: 0.2029
2025-10-09 21:48:44,352 [INFO] [26/30] Train Loss: 0.1896 | Val Loss: 0.1558 | Tempo: 18.78s
2025-10-09 21:48:44,932 [INFO] Época 27/30, Batch 50/3348, Loss: 0.2079
2025-10-09 21:48:45,201 [INFO] Época 27/30, Batch 100/3348, Loss: 0.2210
2025-10-09 21:48:45,465 [INFO] Época 27/30, Batch 150/3348, Loss: 0.2519
2025-10-09 21:48:45,728 [INFO] Época 27/30, Batch 200/3348, Loss: 0.2044
2025-10-09 21:48:45,989 [INFO] Época 27/30, Batch 250/3348, Loss: 0.2486
2025-10-09 21:48:46,249 [INFO] Época 27/30, Batch 300/3348, Loss: 0.1936
2025-10-09 21:48:46,508 [INFO] Época 27/30, Batch 350/3348, Loss: 0.1002
2025-10-09 21:48:46,767 [INFO] Época 27/30, Batch 400/3348, Loss: 0.1636
2025-10-09 21:48:47,026 [INFO] Época 27/30, Batch 450/3348, Loss: 0.1694
2025-10-09 21:48:47,286 [INFO] Época 27/30, Batch 500/3348, Loss: 0.1922
2025-10-09 21:48:47,547 [INFO] Época 27/30, Batch 550/3348, Loss: 0.1866
2025-10-09 21:48:47,804 [INFO] Época 27/30, Batch 600/3348, Loss: 0.3192
2025-10-09 21:48:48,065 [INFO] Época 27/30, Batch 650/3348, Loss: 0.1755
2025-10-09 21:48:48,323 [INFO] Época 27/30, Batch 700/3348, Loss: 0.1828
2025-10-09 21:48:48,582 [INFO] Época 27/30, Batch 750/3348, Loss: 0.1407
2025-10-09 21:48:48,840 [INFO] Época 27/30, Batch 800/3348, Loss: 0.1587
2025-10-09 21:48:49,097 [INFO] Época 27/30, Batch 850/3348, Loss: 0.1804
2025-10-09 21:48:49,355 [INFO] Época 27/30, Batch 900/3348, Loss: 0.1681
2025-10-09 21:48:49,613 [INFO] Época 27/30, Batch 950/3348, Loss: 0.1504
2025-10-09 21:48:49,870 [INFO] Época 27/30, Batch 1000/3348, Loss: 0.2308
2025-10-09 21:48:50,126 [INFO] Época 27/30, Batch 1050/3348, Loss: 0.2112
2025-10-09 21:48:50,383 [INFO] Época 27/30, Batch 1100/3348, Loss: 0.1850
2025-10-09 21:48:50,643 [INFO] Época 27/30, Batch 1150/3348, Loss: 0.1969
2025-10-09 21:48:50,903 [INFO] Época 27/30, Batch 1200/3348, Loss: 0.1591
2025-10-09 21:48:51,161 [INFO] Época 27/30, Batch 1250/3348, Loss: 0.1861
2025-10-09 21:48:51,419 [INFO] Época 27/30, Batch 1300/3348, Loss: 0.1888
2025-10-09 21:48:51,677 [INFO] Época 27/30, Batch 1350/3348, Loss: 0.1428
2025-10-09 21:48:51,935 [INFO] Época 27/30, Batch 1400/3348, Loss: 0.1867
2025-10-09 21:48:52,193 [INFO] Época 27/30, Batch 1450/3348, Loss: 0.2196
2025-10-09 21:48:52,451 [INFO] Época 27/30, Batch 1500/3348, Loss: 0.2109
2025-10-09 21:48:52,711 [INFO] Época 27/30, Batch 1550/3348, Loss: 0.2025
2025-10-09 21:48:52,970 [INFO] Época 27/30, Batch 1600/3348, Loss: 0.1825
2025-10-09 21:48:53,230 [INFO] Época 27/30, Batch 1650/3348, Loss: 0.1731
2025-10-09 21:48:53,489 [INFO] Época 27/30, Batch 1700/3348, Loss: 0.1746
2025-10-09 21:48:53,748 [INFO] Época 27/30, Batch 1750/3348, Loss: 0.3159
2025-10-09 21:48:54,005 [INFO] Época 27/30, Batch 1800/3348, Loss: 0.1644
2025-10-09 21:48:54,264 [INFO] Época 27/30, Batch 1850/3348, Loss: 0.1891
2025-10-09 21:48:54,524 [INFO] Época 27/30, Batch 1900/3348, Loss: 0.1760
2025-10-09 21:48:54,786 [INFO] Época 27/30, Batch 1950/3348, Loss: 0.1853
2025-10-09 21:48:55,044 [INFO] Época 27/30, Batch 2000/3348, Loss: 0.1808
2025-10-09 21:48:55,306 [INFO] Época 27/30, Batch 2050/3348, Loss: 0.1660
2025-10-09 21:48:55,567 [INFO] Época 27/30, Batch 2100/3348, Loss: 0.1827
2025-10-09 21:48:55,830 [INFO] Época 27/30, Batch 2150/3348, Loss: 0.1535
2025-10-09 21:48:56,088 [INFO] Época 27/30, Batch 2200/3348, Loss: 0.2153
2025-10-09 21:48:56,350 [INFO] Época 27/30, Batch 2250/3348, Loss: 0.2910
2025-10-09 21:48:56,610 [INFO] Época 27/30, Batch 2300/3348, Loss: 0.0978
2025-10-09 21:48:56,870 [INFO] Época 27/30, Batch 2350/3348, Loss: 0.1550
2025-10-09 21:48:57,130 [INFO] Época 27/30, Batch 2400/3348, Loss: 0.2972
2025-10-09 21:48:57,391 [INFO] Época 27/30, Batch 2450/3348, Loss: 0.2018
2025-10-09 21:48:57,652 [INFO] Época 27/30, Batch 2500/3348, Loss: 0.2276
2025-10-09 21:48:57,914 [INFO] Época 27/30, Batch 2550/3348, Loss: 0.2161
2025-10-09 21:48:58,174 [INFO] Época 27/30, Batch 2600/3348, Loss: 0.1503
2025-10-09 21:48:58,433 [INFO] Época 27/30, Batch 2650/3348, Loss: 0.2214
2025-10-09 21:48:58,694 [INFO] Época 27/30, Batch 2700/3348, Loss: 0.1515
2025-10-09 21:48:58,955 [INFO] Época 27/30, Batch 2750/3348, Loss: 0.1702
2025-10-09 21:48:59,214 [INFO] Época 27/30, Batch 2800/3348, Loss: 0.2158
2025-10-09 21:48:59,473 [INFO] Época 27/30, Batch 2850/3348, Loss: 0.1376
2025-10-09 21:48:59,731 [INFO] Época 27/30, Batch 2900/3348, Loss: 0.1790
2025-10-09 21:48:59,992 [INFO] Época 27/30, Batch 2950/3348, Loss: 0.2700
2025-10-09 21:49:00,253 [INFO] Época 27/30, Batch 3000/3348, Loss: 0.2339
2025-10-09 21:49:00,513 [INFO] Época 27/30, Batch 3050/3348, Loss: 0.1577
2025-10-09 21:49:00,771 [INFO] Época 27/30, Batch 3100/3348, Loss: 0.2889
2025-10-09 21:49:01,030 [INFO] Época 27/30, Batch 3150/3348, Loss: 0.1800
2025-10-09 21:49:01,288 [INFO] Época 27/30, Batch 3200/3348, Loss: 0.2275
2025-10-09 21:49:01,546 [INFO] Época 27/30, Batch 3250/3348, Loss: 0.1644
2025-10-09 21:49:01,804 [INFO] Época 27/30, Batch 3300/3348, Loss: 0.2369
2025-10-09 21:49:03,653 [INFO] [27/30] Train Loss: 0.1892 | Val Loss: 0.1556 | Tempo: 19.30s
2025-10-09 21:49:04,235 [INFO] Época 28/30, Batch 50/3348, Loss: 0.1715
2025-10-09 21:49:04,502 [INFO] Época 28/30, Batch 100/3348, Loss: 0.1946
2025-10-09 21:49:04,769 [INFO] Época 28/30, Batch 150/3348, Loss: 0.1650
2025-10-09 21:49:05,033 [INFO] Época 28/30, Batch 200/3348, Loss: 0.1913
2025-10-09 21:49:05,295 [INFO] Época 28/30, Batch 250/3348, Loss: 0.1367
2025-10-09 21:49:05,558 [INFO] Época 28/30, Batch 300/3348, Loss: 0.1793
2025-10-09 21:49:05,821 [INFO] Época 28/30, Batch 350/3348, Loss: 0.1755
2025-10-09 21:49:06,085 [INFO] Época 28/30, Batch 400/3348, Loss: 0.1915
2025-10-09 21:49:06,349 [INFO] Época 28/30, Batch 450/3348, Loss: 0.1343
2025-10-09 21:49:06,613 [INFO] Época 28/30, Batch 500/3348, Loss: 0.1785
2025-10-09 21:49:06,875 [INFO] Época 28/30, Batch 550/3348, Loss: 0.2137
2025-10-09 21:49:07,138 [INFO] Época 28/30, Batch 600/3348, Loss: 0.2007
2025-10-09 21:49:07,406 [INFO] Época 28/30, Batch 650/3348, Loss: 0.1703
2025-10-09 21:49:07,669 [INFO] Época 28/30, Batch 700/3348, Loss: 0.1427
2025-10-09 21:49:07,924 [INFO] Época 28/30, Batch 750/3348, Loss: 0.1550
2025-10-09 21:49:08,174 [INFO] Época 28/30, Batch 800/3348, Loss: 0.1651
2025-10-09 21:49:08,423 [INFO] Época 28/30, Batch 850/3348, Loss: 0.1761
2025-10-09 21:49:08,673 [INFO] Época 28/30, Batch 900/3348, Loss: 0.1153
2025-10-09 21:49:08,926 [INFO] Época 28/30, Batch 950/3348, Loss: 0.2176
2025-10-09 21:49:09,178 [INFO] Época 28/30, Batch 1000/3348, Loss: 0.2200
2025-10-09 21:49:09,429 [INFO] Época 28/30, Batch 1050/3348, Loss: 0.1395
2025-10-09 21:49:09,680 [INFO] Época 28/30, Batch 1100/3348, Loss: 0.1505
2025-10-09 21:49:09,933 [INFO] Época 28/30, Batch 1150/3348, Loss: 0.1479
2025-10-09 21:49:10,194 [INFO] Época 28/30, Batch 1200/3348, Loss: 0.1741
2025-10-09 21:49:10,456 [INFO] Época 28/30, Batch 1250/3348, Loss: 0.1661
2025-10-09 21:49:10,718 [INFO] Época 28/30, Batch 1300/3348, Loss: 0.1960
2025-10-09 21:49:10,981 [INFO] Época 28/30, Batch 1350/3348, Loss: 0.1996
2025-10-09 21:49:11,243 [INFO] Época 28/30, Batch 1400/3348, Loss: 0.1324
2025-10-09 21:49:11,508 [INFO] Época 28/30, Batch 1450/3348, Loss: 0.2260
2025-10-09 21:49:11,772 [INFO] Época 28/30, Batch 1500/3348, Loss: 0.1323
2025-10-09 21:49:12,034 [INFO] Época 28/30, Batch 1550/3348, Loss: 0.1633
2025-10-09 21:49:12,297 [INFO] Época 28/30, Batch 1600/3348, Loss: 0.1776
2025-10-09 21:49:12,562 [INFO] Época 28/30, Batch 1650/3348, Loss: 0.1276
2025-10-09 21:49:12,827 [INFO] Época 28/30, Batch 1700/3348, Loss: 0.1953
2025-10-09 21:49:13,087 [INFO] Época 28/30, Batch 1750/3348, Loss: 0.1912
2025-10-09 21:49:13,346 [INFO] Época 28/30, Batch 1800/3348, Loss: 0.2604
2025-10-09 21:49:13,609 [INFO] Época 28/30, Batch 1850/3348, Loss: 0.1554
2025-10-09 21:49:13,871 [INFO] Época 28/30, Batch 1900/3348, Loss: 0.1681
2025-10-09 21:49:14,134 [INFO] Época 28/30, Batch 1950/3348, Loss: 0.1431
2025-10-09 21:49:14,397 [INFO] Época 28/30, Batch 2000/3348, Loss: 0.1934
2025-10-09 21:49:14,657 [INFO] Época 28/30, Batch 2050/3348, Loss: 0.3464
2025-10-09 21:49:14,916 [INFO] Época 28/30, Batch 2100/3348, Loss: 0.2085
2025-10-09 21:49:15,174 [INFO] Época 28/30, Batch 2150/3348, Loss: 0.2037
2025-10-09 21:49:15,434 [INFO] Época 28/30, Batch 2200/3348, Loss: 0.1401
2025-10-09 21:49:15,692 [INFO] Época 28/30, Batch 2250/3348, Loss: 0.1728
2025-10-09 21:49:15,948 [INFO] Época 28/30, Batch 2300/3348, Loss: 0.1399
2025-10-09 21:49:16,206 [INFO] Época 28/30, Batch 2350/3348, Loss: 0.2338
2025-10-09 21:49:16,465 [INFO] Época 28/30, Batch 2400/3348, Loss: 0.1559
2025-10-09 21:49:16,727 [INFO] Época 28/30, Batch 2450/3348, Loss: 0.1795
2025-10-09 21:49:16,992 [INFO] Época 28/30, Batch 2500/3348, Loss: 0.1403
2025-10-09 21:49:17,254 [INFO] Época 28/30, Batch 2550/3348, Loss: 0.1907
2025-10-09 21:49:17,513 [INFO] Época 28/30, Batch 2600/3348, Loss: 0.1494
2025-10-09 21:49:17,771 [INFO] Época 28/30, Batch 2650/3348, Loss: 0.1689
2025-10-09 21:49:18,032 [INFO] Época 28/30, Batch 2700/3348, Loss: 0.1736
2025-10-09 21:49:18,292 [INFO] Época 28/30, Batch 2750/3348, Loss: 0.1857
2025-10-09 21:49:18,554 [INFO] Época 28/30, Batch 2800/3348, Loss: 0.2056
2025-10-09 21:49:18,816 [INFO] Época 28/30, Batch 2850/3348, Loss: 0.1804
2025-10-09 21:49:19,077 [INFO] Época 28/30, Batch 2900/3348, Loss: 0.2007
2025-10-09 21:49:19,338 [INFO] Época 28/30, Batch 2950/3348, Loss: 0.1470
2025-10-09 21:49:19,600 [INFO] Época 28/30, Batch 3000/3348, Loss: 0.1806
2025-10-09 21:49:19,862 [INFO] Época 28/30, Batch 3050/3348, Loss: 0.1996
2025-10-09 21:49:20,121 [INFO] Época 28/30, Batch 3100/3348, Loss: 0.1859
2025-10-09 21:49:20,379 [INFO] Época 28/30, Batch 3150/3348, Loss: 0.1904
2025-10-09 21:49:20,638 [INFO] Época 28/30, Batch 3200/3348, Loss: 0.1930
2025-10-09 21:49:20,900 [INFO] Época 28/30, Batch 3250/3348, Loss: 0.2038
2025-10-09 21:49:21,158 [INFO] Época 28/30, Batch 3300/3348, Loss: 0.1359
2025-10-09 21:49:23,069 [INFO] [28/30] Train Loss: 0.1884 | Val Loss: 0.1604 | Tempo: 19.41s
2025-10-09 21:49:23,651 [INFO] Época 29/30, Batch 50/3348, Loss: 0.1946
2025-10-09 21:49:23,924 [INFO] Época 29/30, Batch 100/3348, Loss: 0.1883
2025-10-09 21:49:24,193 [INFO] Época 29/30, Batch 150/3348, Loss: 0.1727
2025-10-09 21:49:24,463 [INFO] Época 29/30, Batch 200/3348, Loss: 0.1918
2025-10-09 21:49:24,727 [INFO] Época 29/30, Batch 250/3348, Loss: 0.2397
2025-10-09 21:49:24,992 [INFO] Época 29/30, Batch 300/3348, Loss: 0.2092
2025-10-09 21:49:25,256 [INFO] Época 29/30, Batch 350/3348, Loss: 0.2142
2025-10-09 21:49:25,520 [INFO] Época 29/30, Batch 400/3348, Loss: 0.1185
2025-10-09 21:49:25,785 [INFO] Época 29/30, Batch 450/3348, Loss: 0.2428
2025-10-09 21:49:26,048 [INFO] Época 29/30, Batch 500/3348, Loss: 0.1625
2025-10-09 21:49:26,305 [INFO] Época 29/30, Batch 550/3348, Loss: 0.2021
2025-10-09 21:49:26,559 [INFO] Época 29/30, Batch 600/3348, Loss: 0.2159
2025-10-09 21:49:26,813 [INFO] Época 29/30, Batch 650/3348, Loss: 0.1686
2025-10-09 21:49:27,067 [INFO] Época 29/30, Batch 700/3348, Loss: 0.1533
2025-10-09 21:49:27,316 [INFO] Época 29/30, Batch 750/3348, Loss: 0.2163
2025-10-09 21:49:27,562 [INFO] Época 29/30, Batch 800/3348, Loss: 0.1935
2025-10-09 21:49:27,810 [INFO] Época 29/30, Batch 850/3348, Loss: 0.2262
2025-10-09 21:49:28,058 [INFO] Época 29/30, Batch 900/3348, Loss: 0.4143
2025-10-09 21:49:28,305 [INFO] Época 29/30, Batch 950/3348, Loss: 0.1866
2025-10-09 21:49:28,552 [INFO] Época 29/30, Batch 1000/3348, Loss: 0.1460
2025-10-09 21:49:28,799 [INFO] Época 29/30, Batch 1050/3348, Loss: 0.1691
2025-10-09 21:49:29,052 [INFO] Época 29/30, Batch 1100/3348, Loss: 0.2001
2025-10-09 21:49:29,307 [INFO] Época 29/30, Batch 1150/3348, Loss: 0.1820
2025-10-09 21:49:29,566 [INFO] Época 29/30, Batch 1200/3348, Loss: 0.2059
2025-10-09 21:49:29,823 [INFO] Época 29/30, Batch 1250/3348, Loss: 0.1638
2025-10-09 21:49:30,082 [INFO] Época 29/30, Batch 1300/3348, Loss: 0.2184
2025-10-09 21:49:30,339 [INFO] Época 29/30, Batch 1350/3348, Loss: 0.1313
2025-10-09 21:49:30,595 [INFO] Época 29/30, Batch 1400/3348, Loss: 0.1303
2025-10-09 21:49:30,850 [INFO] Época 29/30, Batch 1450/3348, Loss: 0.2185
2025-10-09 21:49:31,105 [INFO] Época 29/30, Batch 1500/3348, Loss: 0.1913
2025-10-09 21:49:31,370 [INFO] Época 29/30, Batch 1550/3348, Loss: 0.2340
2025-10-09 21:49:31,637 [INFO] Época 29/30, Batch 1600/3348, Loss: 0.2145
2025-10-09 21:49:31,900 [INFO] Época 29/30, Batch 1650/3348, Loss: 0.1701
2025-10-09 21:49:32,166 [INFO] Época 29/30, Batch 1700/3348, Loss: 0.1892
2025-10-09 21:49:32,430 [INFO] Época 29/30, Batch 1750/3348, Loss: 0.1218
2025-10-09 21:49:32,698 [INFO] Época 29/30, Batch 1800/3348, Loss: 0.1834
2025-10-09 21:49:32,959 [INFO] Época 29/30, Batch 1850/3348, Loss: 0.1341
2025-10-09 21:49:33,225 [INFO] Época 29/30, Batch 1900/3348, Loss: 0.1884
2025-10-09 21:49:33,490 [INFO] Época 29/30, Batch 1950/3348, Loss: 0.1950
2025-10-09 21:49:33,757 [INFO] Época 29/30, Batch 2000/3348, Loss: 0.3918
2025-10-09 21:49:34,024 [INFO] Época 29/30, Batch 2050/3348, Loss: 0.1556
2025-10-09 21:49:34,290 [INFO] Época 29/30, Batch 2100/3348, Loss: 0.2028
2025-10-09 21:49:34,553 [INFO] Época 29/30, Batch 2150/3348, Loss: 0.1060
2025-10-09 21:49:34,816 [INFO] Época 29/30, Batch 2200/3348, Loss: 0.2292
2025-10-09 21:49:35,087 [INFO] Época 29/30, Batch 2250/3348, Loss: 0.1844
2025-10-09 21:49:35,354 [INFO] Época 29/30, Batch 2300/3348, Loss: 0.1612
2025-10-09 21:49:35,623 [INFO] Época 29/30, Batch 2350/3348, Loss: 0.1537
2025-10-09 21:49:35,892 [INFO] Época 29/30, Batch 2400/3348, Loss: 0.1933
2025-10-09 21:49:36,157 [INFO] Época 29/30, Batch 2450/3348, Loss: 0.1266
2025-10-09 21:49:36,427 [INFO] Época 29/30, Batch 2500/3348, Loss: 0.1903
2025-10-09 21:49:36,693 [INFO] Época 29/30, Batch 2550/3348, Loss: 0.1777
2025-10-09 21:49:36,958 [INFO] Época 29/30, Batch 2600/3348, Loss: 0.1395
2025-10-09 21:49:37,224 [INFO] Época 29/30, Batch 2650/3348, Loss: 0.1781
2025-10-09 21:49:37,494 [INFO] Época 29/30, Batch 2700/3348, Loss: 0.1383
2025-10-09 21:49:37,761 [INFO] Época 29/30, Batch 2750/3348, Loss: 0.1933
2025-10-09 21:49:38,029 [INFO] Época 29/30, Batch 2800/3348, Loss: 0.2271
2025-10-09 21:49:38,286 [INFO] Época 29/30, Batch 2850/3348, Loss: 0.1970
2025-10-09 21:49:38,542 [INFO] Época 29/30, Batch 2900/3348, Loss: 0.1554
2025-10-09 21:49:38,796 [INFO] Época 29/30, Batch 2950/3348, Loss: 0.1862
2025-10-09 21:49:39,051 [INFO] Época 29/30, Batch 3000/3348, Loss: 0.1651
2025-10-09 21:49:39,308 [INFO] Época 29/30, Batch 3050/3348, Loss: 0.2024
2025-10-09 21:49:39,584 [INFO] Época 29/30, Batch 3100/3348, Loss: 0.2293
2025-10-09 21:49:39,844 [INFO] Época 29/30, Batch 3150/3348, Loss: 0.2055
2025-10-09 21:49:40,108 [INFO] Época 29/30, Batch 3200/3348, Loss: 0.1931
2025-10-09 21:49:40,378 [INFO] Época 29/30, Batch 3250/3348, Loss: 0.1641
2025-10-09 21:49:40,648 [INFO] Época 29/30, Batch 3300/3348, Loss: 0.1625
2025-10-09 21:49:42,431 [INFO] [29/30] Train Loss: 0.1880 | Val Loss: 0.1667 | Tempo: 19.36s
2025-10-09 21:49:43,011 [INFO] Época 30/30, Batch 50/3348, Loss: 0.2101
2025-10-09 21:49:43,272 [INFO] Época 30/30, Batch 100/3348, Loss: 0.2258
2025-10-09 21:49:43,532 [INFO] Época 30/30, Batch 150/3348, Loss: 0.1589
2025-10-09 21:49:43,791 [INFO] Época 30/30, Batch 200/3348, Loss: 0.1922
2025-10-09 21:49:44,052 [INFO] Época 30/30, Batch 250/3348, Loss: 0.1197
2025-10-09 21:49:44,308 [INFO] Época 30/30, Batch 300/3348, Loss: 0.1302
2025-10-09 21:49:44,562 [INFO] Época 30/30, Batch 350/3348, Loss: 0.1683
2025-10-09 21:49:44,816 [INFO] Época 30/30, Batch 400/3348, Loss: 0.1478
2025-10-09 21:49:45,077 [INFO] Época 30/30, Batch 450/3348, Loss: 0.1095
2025-10-09 21:49:45,334 [INFO] Época 30/30, Batch 500/3348, Loss: 0.2004
2025-10-09 21:49:45,589 [INFO] Época 30/30, Batch 550/3348, Loss: 0.1632
2025-10-09 21:49:45,847 [INFO] Época 30/30, Batch 600/3348, Loss: 0.2070
2025-10-09 21:49:46,104 [INFO] Época 30/30, Batch 650/3348, Loss: 0.1476
2025-10-09 21:49:46,370 [INFO] Época 30/30, Batch 700/3348, Loss: 0.1663
2025-10-09 21:49:46,626 [INFO] Época 30/30, Batch 750/3348, Loss: 0.1330
2025-10-09 21:49:46,876 [INFO] Época 30/30, Batch 800/3348, Loss: 0.2028
2025-10-09 21:49:47,130 [INFO] Época 30/30, Batch 850/3348, Loss: 0.2058
2025-10-09 21:49:47,387 [INFO] Época 30/30, Batch 900/3348, Loss: 0.2196
2025-10-09 21:49:47,645 [INFO] Época 30/30, Batch 950/3348, Loss: 0.1471
2025-10-09 21:49:47,903 [INFO] Época 30/30, Batch 1000/3348, Loss: 0.2600
2025-10-09 21:49:48,159 [INFO] Época 30/30, Batch 1050/3348, Loss: 0.2402
2025-10-09 21:49:48,415 [INFO] Época 30/30, Batch 1100/3348, Loss: 0.2012
2025-10-09 21:49:48,671 [INFO] Época 30/30, Batch 1150/3348, Loss: 0.1809
2025-10-09 21:49:48,925 [INFO] Época 30/30, Batch 1200/3348, Loss: 0.1832
2025-10-09 21:49:49,181 [INFO] Época 30/30, Batch 1250/3348, Loss: 0.1939
2025-10-09 21:49:49,436 [INFO] Época 30/30, Batch 1300/3348, Loss: 0.1199
2025-10-09 21:49:49,690 [INFO] Época 30/30, Batch 1350/3348, Loss: 0.2119
2025-10-09 21:49:49,943 [INFO] Época 30/30, Batch 1400/3348, Loss: 0.1407
2025-10-09 21:49:50,195 [INFO] Época 30/30, Batch 1450/3348, Loss: 0.1334
2025-10-09 21:49:50,449 [INFO] Época 30/30, Batch 1500/3348, Loss: 0.1451
2025-10-09 21:49:50,702 [INFO] Época 30/30, Batch 1550/3348, Loss: 0.1456
2025-10-09 21:49:50,957 [INFO] Época 30/30, Batch 1600/3348, Loss: 0.1400
2025-10-09 21:49:51,211 [INFO] Época 30/30, Batch 1650/3348, Loss: 0.2173
2025-10-09 21:49:51,464 [INFO] Época 30/30, Batch 1700/3348, Loss: 0.1358
2025-10-09 21:49:51,721 [INFO] Época 30/30, Batch 1750/3348, Loss: 0.1304
2025-10-09 21:49:51,976 [INFO] Época 30/30, Batch 1800/3348, Loss: 0.1643
2025-10-09 21:49:52,237 [INFO] Época 30/30, Batch 1850/3348, Loss: 0.1933
2025-10-09 21:49:52,492 [INFO] Época 30/30, Batch 1900/3348, Loss: 0.2053
2025-10-09 21:49:52,749 [INFO] Época 30/30, Batch 1950/3348, Loss: 0.1879
2025-10-09 21:49:53,007 [INFO] Época 30/30, Batch 2000/3348, Loss: 0.2190
2025-10-09 21:49:53,262 [INFO] Época 30/30, Batch 2050/3348, Loss: 0.1588
2025-10-09 21:49:53,517 [INFO] Época 30/30, Batch 2100/3348, Loss: 0.2552
2025-10-09 21:49:53,772 [INFO] Época 30/30, Batch 2150/3348, Loss: 0.1655
2025-10-09 21:49:54,028 [INFO] Época 30/30, Batch 2200/3348, Loss: 0.2339
2025-10-09 21:49:54,289 [INFO] Época 30/30, Batch 2250/3348, Loss: 0.1438
2025-10-09 21:49:54,550 [INFO] Época 30/30, Batch 2300/3348, Loss: 0.1870
2025-10-09 21:49:54,805 [INFO] Época 30/30, Batch 2350/3348, Loss: 0.1500
2025-10-09 21:49:55,063 [INFO] Época 30/30, Batch 2400/3348, Loss: 0.1345
2025-10-09 21:49:55,323 [INFO] Época 30/30, Batch 2450/3348, Loss: 0.1532
2025-10-09 21:49:55,587 [INFO] Época 30/30, Batch 2500/3348, Loss: 0.1624
2025-10-09 21:49:55,844 [INFO] Época 30/30, Batch 2550/3348, Loss: 0.1511
2025-10-09 21:49:56,100 [INFO] Época 30/30, Batch 2600/3348, Loss: 0.2514
2025-10-09 21:49:56,355 [INFO] Época 30/30, Batch 2650/3348, Loss: 0.1568
2025-10-09 21:49:56,612 [INFO] Época 30/30, Batch 2700/3348, Loss: 0.1596
2025-10-09 21:49:56,867 [INFO] Época 30/30, Batch 2750/3348, Loss: 0.2425
2025-10-09 21:49:57,126 [INFO] Época 30/30, Batch 2800/3348, Loss: 0.1651
2025-10-09 21:49:57,383 [INFO] Época 30/30, Batch 2850/3348, Loss: 0.1572
2025-10-09 21:49:57,639 [INFO] Época 30/30, Batch 2900/3348, Loss: 0.1543
2025-10-09 21:49:57,894 [INFO] Época 30/30, Batch 2950/3348, Loss: 0.1695
2025-10-09 21:49:58,150 [INFO] Época 30/30, Batch 3000/3348, Loss: 0.1980
2025-10-09 21:49:58,407 [INFO] Época 30/30, Batch 3050/3348, Loss: 0.1626
2025-10-09 21:49:58,664 [INFO] Época 30/30, Batch 3100/3348, Loss: 0.2171
2025-10-09 21:49:58,920 [INFO] Época 30/30, Batch 3150/3348, Loss: 0.1582
2025-10-09 21:49:59,175 [INFO] Época 30/30, Batch 3200/3348, Loss: 0.1789
2025-10-09 21:49:59,431 [INFO] Época 30/30, Batch 3250/3348, Loss: 0.1886
2025-10-09 21:49:59,689 [INFO] Época 30/30, Batch 3300/3348, Loss: 0.2161
2025-10-09 21:50:01,476 [INFO] [30/30] Train Loss: 0.1869 | Val Loss: 0.1545 | Tempo: 19.04s
2025-10-09 21:50:01,477 [INFO] Treinamento concluído em 575.83 segundos (9.60 minutos)
2025-10-09 21:50:01,477 [INFO] Iniciando avaliação no conjunto de teste...
2025-10-09 21:50:02,911 [INFO] Avaliação do teste concluída em 1.43 segundos
2025-10-09 21:50:02,911 [INFO] MSE no teste: 0.7998
2025-10-09 21:50:02,911 [INFO] RMSE no teste: 0.8943
2025-10-09 21:50:02,912 [INFO] MAE no teste: 0.4224
2025-10-09 21:50:02,912 [INFO] Métricas salvas em /mnt/hdd/home/jdurao/ToolBox-ChemXAI/logs/mlp_att4_Physicochemical_metrics.json
