2025-10-10 05:28:38,150 [INFO] Iniciando treinamento do modelo mlp_att9_Physicochemical
2025-10-10 05:28:38,151 [INFO] Configuração: att_index=9, epochs=30, layers=[128, 64, 32], lr=0.001, batch_size=32, descriptor_type=Physicochemical
2025-10-10 05:28:38,151 [INFO] Diretório para modelos: /mnt/hdd/home/jdurao/ToolBox-ChemXAI/models
2025-10-10 05:28:38,151 [INFO] Carregando dados...
2025-10-10 05:28:38,236 [INFO] Preparando dataloaders sem ruído...
2025-10-10 05:37:55,497 [INFO] Dados carregados em 557.35 segundos
2025-10-10 05:37:55,498 [INFO] Tamanhos dos conjuntos - Treino: 107108, Validação: 13388, Teste: 13389
2025-10-10 05:37:55,498 [INFO] Usando dispositivo: cuda
2025-10-10 05:37:56,397 [INFO] Dimensão de entrada: 9, Dimensão de saída: 1
2025-10-10 05:37:56,398 [INFO] Criando modelo MLP com camadas: [128, 64, 32]
2025-10-10 05:37:56,400 [INFO] Modelo criado com 11649 parâmetros
2025-10-10 05:37:56,419 [INFO] Iniciando treinamento com 30 épocas...
2025-10-10 05:37:56,963 [INFO] Época 1/30, Batch 50/3348, Loss: 0.3513
2025-10-10 05:37:57,224 [INFO] Época 1/30, Batch 100/3348, Loss: 0.3858
2025-10-10 05:37:57,486 [INFO] Época 1/30, Batch 150/3348, Loss: 0.3451
2025-10-10 05:37:57,745 [INFO] Época 1/30, Batch 200/3348, Loss: 0.3197
2025-10-10 05:37:58,002 [INFO] Época 1/30, Batch 250/3348, Loss: 0.2607
2025-10-10 05:37:58,262 [INFO] Época 1/30, Batch 300/3348, Loss: 0.2360
2025-10-10 05:37:58,522 [INFO] Época 1/30, Batch 350/3348, Loss: 0.3732
2025-10-10 05:37:58,782 [INFO] Época 1/30, Batch 400/3348, Loss: 0.2020
2025-10-10 05:37:59,041 [INFO] Época 1/30, Batch 450/3348, Loss: 0.2786
2025-10-10 05:37:59,302 [INFO] Época 1/30, Batch 500/3348, Loss: 0.2478
2025-10-10 05:37:59,562 [INFO] Época 1/30, Batch 550/3348, Loss: 0.2613
2025-10-10 05:37:59,822 [INFO] Época 1/30, Batch 600/3348, Loss: 0.2909
2025-10-10 05:38:01,617 [INFO] Época 1/30, Batch 650/3348, Loss: 0.3088
2025-10-10 05:38:01,878 [INFO] Época 1/30, Batch 700/3348, Loss: 0.3110
2025-10-10 05:38:02,138 [INFO] Época 1/30, Batch 750/3348, Loss: 0.2559
2025-10-10 05:38:02,399 [INFO] Época 1/30, Batch 800/3348, Loss: 0.2474
2025-10-10 05:38:02,659 [INFO] Época 1/30, Batch 850/3348, Loss: 0.2202
2025-10-10 05:38:02,918 [INFO] Época 1/30, Batch 900/3348, Loss: 0.2446
2025-10-10 05:38:03,178 [INFO] Época 1/30, Batch 950/3348, Loss: 0.2042
2025-10-10 05:38:03,438 [INFO] Época 1/30, Batch 1000/3348, Loss: 0.2363
2025-10-10 05:38:03,700 [INFO] Época 1/30, Batch 1050/3348, Loss: 0.2425
2025-10-10 05:38:03,959 [INFO] Época 1/30, Batch 1100/3348, Loss: 0.2365
2025-10-10 05:38:04,218 [INFO] Época 1/30, Batch 1150/3348, Loss: 0.3655
2025-10-10 05:38:04,474 [INFO] Época 1/30, Batch 1200/3348, Loss: 0.2763
2025-10-10 05:38:04,734 [INFO] Época 1/30, Batch 1250/3348, Loss: 0.2615
2025-10-10 05:38:04,994 [INFO] Época 1/30, Batch 1300/3348, Loss: 0.2098
2025-10-10 05:38:05,262 [INFO] Época 1/30, Batch 1350/3348, Loss: 0.2635
2025-10-10 05:38:05,519 [INFO] Época 1/30, Batch 1400/3348, Loss: 0.2076
2025-10-10 05:38:05,778 [INFO] Época 1/30, Batch 1450/3348, Loss: 0.2513
2025-10-10 05:38:06,036 [INFO] Época 1/30, Batch 1500/3348, Loss: 0.3437
2025-10-10 05:38:06,294 [INFO] Época 1/30, Batch 1550/3348, Loss: 0.2244
2025-10-10 05:38:06,551 [INFO] Época 1/30, Batch 1600/3348, Loss: 0.2083
2025-10-10 05:38:06,807 [INFO] Época 1/30, Batch 1650/3348, Loss: 0.2671
2025-10-10 05:38:07,065 [INFO] Época 1/30, Batch 1700/3348, Loss: 0.2912
2025-10-10 05:38:07,324 [INFO] Época 1/30, Batch 1750/3348, Loss: 0.1532
2025-10-10 05:38:07,585 [INFO] Época 1/30, Batch 1800/3348, Loss: 0.1932
2025-10-10 05:38:07,843 [INFO] Época 1/30, Batch 1850/3348, Loss: 0.2345
2025-10-10 05:38:08,101 [INFO] Época 1/30, Batch 1900/3348, Loss: 0.2465
2025-10-10 05:38:08,361 [INFO] Época 1/30, Batch 1950/3348, Loss: 0.2075
2025-10-10 05:38:08,617 [INFO] Época 1/30, Batch 2000/3348, Loss: 0.2705
2025-10-10 05:38:08,872 [INFO] Época 1/30, Batch 2050/3348, Loss: 0.2312
2025-10-10 05:38:09,125 [INFO] Época 1/30, Batch 2100/3348, Loss: 0.3014
2025-10-10 05:38:09,378 [INFO] Época 1/30, Batch 2150/3348, Loss: 0.2108
2025-10-10 05:38:09,633 [INFO] Época 1/30, Batch 2200/3348, Loss: 0.2359
2025-10-10 05:38:09,886 [INFO] Época 1/30, Batch 2250/3348, Loss: 0.3039
2025-10-10 05:38:10,140 [INFO] Época 1/30, Batch 2300/3348, Loss: 0.1940
2025-10-10 05:38:10,393 [INFO] Época 1/30, Batch 2350/3348, Loss: 0.1636
2025-10-10 05:38:10,646 [INFO] Época 1/30, Batch 2400/3348, Loss: 0.2078
2025-10-10 05:38:10,899 [INFO] Época 1/30, Batch 2450/3348, Loss: 0.2396
2025-10-10 05:38:11,151 [INFO] Época 1/30, Batch 2500/3348, Loss: 0.2504
2025-10-10 05:38:11,403 [INFO] Época 1/30, Batch 2550/3348, Loss: 0.2620
2025-10-10 05:38:11,658 [INFO] Época 1/30, Batch 2600/3348, Loss: 0.2528
2025-10-10 05:38:11,911 [INFO] Época 1/30, Batch 2650/3348, Loss: 0.2328
2025-10-10 05:38:12,164 [INFO] Época 1/30, Batch 2700/3348, Loss: 0.2111
2025-10-10 05:38:12,416 [INFO] Época 1/30, Batch 2750/3348, Loss: 0.2134
2025-10-10 05:38:12,670 [INFO] Época 1/30, Batch 2800/3348, Loss: 0.1480
2025-10-10 05:38:12,927 [INFO] Época 1/30, Batch 2850/3348, Loss: 0.2467
2025-10-10 05:38:13,185 [INFO] Época 1/30, Batch 2900/3348, Loss: 0.2636
2025-10-10 05:38:13,442 [INFO] Época 1/30, Batch 2950/3348, Loss: 0.1653
2025-10-10 05:38:13,698 [INFO] Época 1/30, Batch 3000/3348, Loss: 0.1974
2025-10-10 05:38:13,956 [INFO] Época 1/30, Batch 3050/3348, Loss: 0.2224
2025-10-10 05:38:14,216 [INFO] Época 1/30, Batch 3100/3348, Loss: 0.2083
2025-10-10 05:38:14,474 [INFO] Época 1/30, Batch 3150/3348, Loss: 0.1693
2025-10-10 05:38:14,732 [INFO] Época 1/30, Batch 3200/3348, Loss: 0.2264
2025-10-10 05:38:14,989 [INFO] Época 1/30, Batch 3250/3348, Loss: 0.2443
2025-10-10 05:38:15,248 [INFO] Época 1/30, Batch 3300/3348, Loss: 0.2529
2025-10-10 05:38:16,951 [INFO] [1/30] Train Loss: 0.2515 | Val Loss: 0.1616 | Tempo: 20.53s
2025-10-10 05:38:16,955 [INFO] Melhor modelo salvo em: /mnt/hdd/home/jdurao/ToolBox-ChemXAI/models/mlp_qm9_Physicochemical_att9_large.pth
2025-10-10 05:38:17,505 [INFO] Época 2/30, Batch 50/3348, Loss: 0.2609
2025-10-10 05:38:17,778 [INFO] Época 2/30, Batch 100/3348, Loss: 0.2704
2025-10-10 05:38:18,047 [INFO] Época 2/30, Batch 150/3348, Loss: 0.1734
2025-10-10 05:38:18,316 [INFO] Época 2/30, Batch 200/3348, Loss: 0.1911
2025-10-10 05:38:18,583 [INFO] Época 2/30, Batch 250/3348, Loss: 0.1988
2025-10-10 05:38:18,844 [INFO] Época 2/30, Batch 300/3348, Loss: 0.2637
2025-10-10 05:38:19,102 [INFO] Época 2/30, Batch 350/3348, Loss: 0.2880
2025-10-10 05:38:19,360 [INFO] Época 2/30, Batch 400/3348, Loss: 0.1584
2025-10-10 05:38:19,614 [INFO] Época 2/30, Batch 450/3348, Loss: 0.2222
2025-10-10 05:38:19,870 [INFO] Época 2/30, Batch 500/3348, Loss: 0.2546
2025-10-10 05:38:20,125 [INFO] Época 2/30, Batch 550/3348, Loss: 0.2155
2025-10-10 05:38:20,382 [INFO] Época 2/30, Batch 600/3348, Loss: 0.2108
2025-10-10 05:38:20,654 [INFO] Época 2/30, Batch 650/3348, Loss: 0.1773
2025-10-10 05:38:20,921 [INFO] Época 2/30, Batch 700/3348, Loss: 0.2509
2025-10-10 05:38:21,189 [INFO] Época 2/30, Batch 750/3348, Loss: 0.2253
2025-10-10 05:38:21,457 [INFO] Época 2/30, Batch 800/3348, Loss: 0.1124
2025-10-10 05:38:21,728 [INFO] Época 2/30, Batch 850/3348, Loss: 0.2156
2025-10-10 05:38:21,997 [INFO] Época 2/30, Batch 900/3348, Loss: 0.2287
2025-10-10 05:38:22,265 [INFO] Época 2/30, Batch 950/3348, Loss: 0.2229
2025-10-10 05:38:22,534 [INFO] Época 2/30, Batch 1000/3348, Loss: 0.1368
2025-10-10 05:38:22,798 [INFO] Época 2/30, Batch 1050/3348, Loss: 0.1636
2025-10-10 05:38:23,057 [INFO] Época 2/30, Batch 1100/3348, Loss: 0.2272
2025-10-10 05:38:23,315 [INFO] Época 2/30, Batch 1150/3348, Loss: 0.1770
2025-10-10 05:38:23,574 [INFO] Época 2/30, Batch 1200/3348, Loss: 0.1861
2025-10-10 05:38:23,829 [INFO] Época 2/30, Batch 1250/3348, Loss: 0.2081
2025-10-10 05:38:24,085 [INFO] Época 2/30, Batch 1300/3348, Loss: 0.1682
2025-10-10 05:38:24,343 [INFO] Época 2/30, Batch 1350/3348, Loss: 0.3265
2025-10-10 05:38:24,597 [INFO] Época 2/30, Batch 1400/3348, Loss: 0.1953
2025-10-10 05:38:24,852 [INFO] Época 2/30, Batch 1450/3348, Loss: 0.2607
2025-10-10 05:38:25,107 [INFO] Época 2/30, Batch 1500/3348, Loss: 0.2250
2025-10-10 05:38:25,361 [INFO] Época 2/30, Batch 1550/3348, Loss: 0.1582
2025-10-10 05:38:25,614 [INFO] Época 2/30, Batch 1600/3348, Loss: 0.2270
2025-10-10 05:38:25,869 [INFO] Época 2/30, Batch 1650/3348, Loss: 0.1937
2025-10-10 05:38:26,124 [INFO] Época 2/30, Batch 1700/3348, Loss: 0.1851
2025-10-10 05:38:26,378 [INFO] Época 2/30, Batch 1750/3348, Loss: 0.2316
2025-10-10 05:38:26,635 [INFO] Época 2/30, Batch 1800/3348, Loss: 0.1473
2025-10-10 05:38:26,890 [INFO] Época 2/30, Batch 1850/3348, Loss: 0.2158
2025-10-10 05:38:27,146 [INFO] Época 2/30, Batch 1900/3348, Loss: 0.2466
2025-10-10 05:38:27,402 [INFO] Época 2/30, Batch 1950/3348, Loss: 0.2066
2025-10-10 05:38:27,662 [INFO] Época 2/30, Batch 2000/3348, Loss: 0.2089
2025-10-10 05:38:27,916 [INFO] Época 2/30, Batch 2050/3348, Loss: 0.2080
2025-10-10 05:38:28,173 [INFO] Época 2/30, Batch 2100/3348, Loss: 0.2258
2025-10-10 05:38:28,429 [INFO] Época 2/30, Batch 2150/3348, Loss: 0.1340
2025-10-10 05:38:28,684 [INFO] Época 2/30, Batch 2200/3348, Loss: 0.1825
2025-10-10 05:38:28,938 [INFO] Época 2/30, Batch 2250/3348, Loss: 0.2010
2025-10-10 05:38:29,194 [INFO] Época 2/30, Batch 2300/3348, Loss: 0.1854
2025-10-10 05:38:29,451 [INFO] Época 2/30, Batch 2350/3348, Loss: 0.2418
2025-10-10 05:38:29,707 [INFO] Época 2/30, Batch 2400/3348, Loss: 0.1260
2025-10-10 05:38:29,963 [INFO] Época 2/30, Batch 2450/3348, Loss: 0.1655
2025-10-10 05:38:30,219 [INFO] Época 2/30, Batch 2500/3348, Loss: 0.1773
2025-10-10 05:38:30,475 [INFO] Época 2/30, Batch 2550/3348, Loss: 0.1881
2025-10-10 05:38:30,730 [INFO] Época 2/30, Batch 2600/3348, Loss: 0.1567
2025-10-10 05:38:30,987 [INFO] Época 2/30, Batch 2650/3348, Loss: 0.1780
2025-10-10 05:38:31,242 [INFO] Época 2/30, Batch 2700/3348, Loss: 0.1788
2025-10-10 05:38:31,497 [INFO] Época 2/30, Batch 2750/3348, Loss: 0.2418
2025-10-10 05:38:31,754 [INFO] Época 2/30, Batch 2800/3348, Loss: 0.1557
2025-10-10 05:38:32,009 [INFO] Época 2/30, Batch 2850/3348, Loss: 0.1797
2025-10-10 05:38:32,266 [INFO] Época 2/30, Batch 2900/3348, Loss: 0.2513
2025-10-10 05:38:32,524 [INFO] Época 2/30, Batch 2950/3348, Loss: 0.2271
2025-10-10 05:38:32,780 [INFO] Época 2/30, Batch 3000/3348, Loss: 0.2779
2025-10-10 05:38:33,038 [INFO] Época 2/30, Batch 3050/3348, Loss: 0.1604
2025-10-10 05:38:33,294 [INFO] Época 2/30, Batch 3100/3348, Loss: 0.1734
2025-10-10 05:38:33,551 [INFO] Época 2/30, Batch 3150/3348, Loss: 0.1683
2025-10-10 05:38:33,807 [INFO] Época 2/30, Batch 3200/3348, Loss: 0.2509
2025-10-10 05:38:34,063 [INFO] Época 2/30, Batch 3250/3348, Loss: 0.2557
2025-10-10 05:38:34,320 [INFO] Época 2/30, Batch 3300/3348, Loss: 0.1366
2025-10-10 05:38:36,139 [INFO] [2/30] Train Loss: 0.2054 | Val Loss: 0.1639 | Tempo: 19.18s
2025-10-10 05:38:36,698 [INFO] Época 3/30, Batch 50/3348, Loss: 0.2093
2025-10-10 05:38:36,964 [INFO] Época 3/30, Batch 100/3348, Loss: 0.1635
2025-10-10 05:38:37,227 [INFO] Época 3/30, Batch 150/3348, Loss: 0.1972
2025-10-10 05:38:37,488 [INFO] Época 3/30, Batch 200/3348, Loss: 0.1873
2025-10-10 05:38:37,749 [INFO] Época 3/30, Batch 250/3348, Loss: 0.1878
2025-10-10 05:38:38,009 [INFO] Época 3/30, Batch 300/3348, Loss: 0.2279
2025-10-10 05:38:38,270 [INFO] Época 3/30, Batch 350/3348, Loss: 0.2069
2025-10-10 05:38:38,528 [INFO] Época 3/30, Batch 400/3348, Loss: 0.2412
2025-10-10 05:38:38,786 [INFO] Época 3/30, Batch 450/3348, Loss: 0.1650
2025-10-10 05:38:39,045 [INFO] Época 3/30, Batch 500/3348, Loss: 0.2527
2025-10-10 05:38:39,303 [INFO] Época 3/30, Batch 550/3348, Loss: 0.2439
2025-10-10 05:38:39,563 [INFO] Época 3/30, Batch 600/3348, Loss: 0.1410
2025-10-10 05:38:39,822 [INFO] Época 3/30, Batch 650/3348, Loss: 0.1920
2025-10-10 05:38:40,083 [INFO] Época 3/30, Batch 700/3348, Loss: 0.1322
2025-10-10 05:38:40,343 [INFO] Época 3/30, Batch 750/3348, Loss: 0.1645
2025-10-10 05:38:40,604 [INFO] Época 3/30, Batch 800/3348, Loss: 0.2348
2025-10-10 05:38:40,870 [INFO] Época 3/30, Batch 850/3348, Loss: 0.1924
2025-10-10 05:38:41,135 [INFO] Época 3/30, Batch 900/3348, Loss: 0.1852
2025-10-10 05:38:41,399 [INFO] Época 3/30, Batch 950/3348, Loss: 0.1909
2025-10-10 05:38:41,660 [INFO] Época 3/30, Batch 1000/3348, Loss: 0.1767
2025-10-10 05:38:41,920 [INFO] Época 3/30, Batch 1050/3348, Loss: 0.1704
2025-10-10 05:38:42,182 [INFO] Época 3/30, Batch 1100/3348, Loss: 0.2306
2025-10-10 05:38:42,447 [INFO] Época 3/30, Batch 1150/3348, Loss: 0.1694
2025-10-10 05:38:42,708 [INFO] Época 3/30, Batch 1200/3348, Loss: 0.1826
2025-10-10 05:38:42,964 [INFO] Época 3/30, Batch 1250/3348, Loss: 0.2025
2025-10-10 05:38:43,219 [INFO] Época 3/30, Batch 1300/3348, Loss: 0.2868
2025-10-10 05:38:43,473 [INFO] Época 3/30, Batch 1350/3348, Loss: 0.1514
2025-10-10 05:38:43,735 [INFO] Época 3/30, Batch 1400/3348, Loss: 0.2460
2025-10-10 05:38:43,993 [INFO] Época 3/30, Batch 1450/3348, Loss: 0.1921
2025-10-10 05:38:44,252 [INFO] Época 3/30, Batch 1500/3348, Loss: 0.2312
2025-10-10 05:38:44,511 [INFO] Época 3/30, Batch 1550/3348, Loss: 0.1443
2025-10-10 05:38:44,770 [INFO] Época 3/30, Batch 1600/3348, Loss: 0.1675
2025-10-10 05:38:45,031 [INFO] Época 3/30, Batch 1650/3348, Loss: 0.2300
2025-10-10 05:38:45,290 [INFO] Época 3/30, Batch 1700/3348, Loss: 0.1735
2025-10-10 05:38:45,551 [INFO] Época 3/30, Batch 1750/3348, Loss: 0.2497
2025-10-10 05:38:45,811 [INFO] Época 3/30, Batch 1800/3348, Loss: 0.2036
2025-10-10 05:38:46,070 [INFO] Época 3/30, Batch 1850/3348, Loss: 0.2011
2025-10-10 05:38:46,329 [INFO] Época 3/30, Batch 1900/3348, Loss: 0.2043
2025-10-10 05:38:46,590 [INFO] Época 3/30, Batch 1950/3348, Loss: 0.1762
2025-10-10 05:38:46,865 [INFO] Época 3/30, Batch 2000/3348, Loss: 0.2408
2025-10-10 05:38:47,130 [INFO] Época 3/30, Batch 2050/3348, Loss: 0.2430
2025-10-10 05:38:47,398 [INFO] Época 3/30, Batch 2100/3348, Loss: 0.1920
2025-10-10 05:38:47,664 [INFO] Época 3/30, Batch 2150/3348, Loss: 0.2415
2025-10-10 05:38:47,931 [INFO] Época 3/30, Batch 2200/3348, Loss: 0.1410
2025-10-10 05:38:48,195 [INFO] Época 3/30, Batch 2250/3348, Loss: 0.2235
2025-10-10 05:38:48,457 [INFO] Época 3/30, Batch 2300/3348, Loss: 0.1757
2025-10-10 05:38:48,717 [INFO] Época 3/30, Batch 2350/3348, Loss: 0.2134
2025-10-10 05:38:48,977 [INFO] Época 3/30, Batch 2400/3348, Loss: 0.1766
2025-10-10 05:38:49,238 [INFO] Época 3/30, Batch 2450/3348, Loss: 0.1824
2025-10-10 05:38:49,496 [INFO] Época 3/30, Batch 2500/3348, Loss: 0.1638
2025-10-10 05:38:49,755 [INFO] Época 3/30, Batch 2550/3348, Loss: 0.1945
2025-10-10 05:38:50,016 [INFO] Época 3/30, Batch 2600/3348, Loss: 0.1563
2025-10-10 05:38:50,280 [INFO] Época 3/30, Batch 2650/3348, Loss: 0.1283
2025-10-10 05:38:50,542 [INFO] Época 3/30, Batch 2700/3348, Loss: 0.2122
2025-10-10 05:38:50,802 [INFO] Época 3/30, Batch 2750/3348, Loss: 0.1678
2025-10-10 05:38:51,062 [INFO] Época 3/30, Batch 2800/3348, Loss: 0.1631
2025-10-10 05:38:51,322 [INFO] Época 3/30, Batch 2850/3348, Loss: 0.1668
2025-10-10 05:38:51,583 [INFO] Época 3/30, Batch 2900/3348, Loss: 0.2539
2025-10-10 05:38:51,841 [INFO] Época 3/30, Batch 2950/3348, Loss: 0.1847
2025-10-10 05:38:52,111 [INFO] Época 3/30, Batch 3000/3348, Loss: 0.2162
2025-10-10 05:38:52,371 [INFO] Época 3/30, Batch 3050/3348, Loss: 0.2184
2025-10-10 05:38:52,631 [INFO] Época 3/30, Batch 3100/3348, Loss: 0.2273
2025-10-10 05:38:52,892 [INFO] Época 3/30, Batch 3150/3348, Loss: 0.1739
2025-10-10 05:38:53,153 [INFO] Época 3/30, Batch 3200/3348, Loss: 0.1664
2025-10-10 05:38:53,412 [INFO] Época 3/30, Batch 3250/3348, Loss: 0.1210
2025-10-10 05:38:53,671 [INFO] Época 3/30, Batch 3300/3348, Loss: 0.2038
2025-10-10 05:38:55,415 [INFO] [3/30] Train Loss: 0.1911 | Val Loss: 0.1359 | Tempo: 19.27s
2025-10-10 05:38:55,420 [INFO] Melhor modelo salvo em: /mnt/hdd/home/jdurao/ToolBox-ChemXAI/models/mlp_qm9_Physicochemical_att9_large.pth
2025-10-10 05:38:55,970 [INFO] Época 4/30, Batch 50/3348, Loss: 0.1493
2025-10-10 05:38:56,241 [INFO] Época 4/30, Batch 100/3348, Loss: 0.2746
2025-10-10 05:38:56,510 [INFO] Época 4/30, Batch 150/3348, Loss: 0.1707
2025-10-10 05:38:56,774 [INFO] Época 4/30, Batch 200/3348, Loss: 0.2006
2025-10-10 05:38:57,037 [INFO] Época 4/30, Batch 250/3348, Loss: 0.1452
2025-10-10 05:38:57,316 [INFO] Época 4/30, Batch 300/3348, Loss: 0.1959
2025-10-10 05:38:57,584 [INFO] Época 4/30, Batch 350/3348, Loss: 0.2037
2025-10-10 05:38:57,846 [INFO] Época 4/30, Batch 400/3348, Loss: 0.1827
2025-10-10 05:38:58,105 [INFO] Época 4/30, Batch 450/3348, Loss: 0.1364
2025-10-10 05:38:58,367 [INFO] Época 4/30, Batch 500/3348, Loss: 0.2467
2025-10-10 05:38:58,629 [INFO] Época 4/30, Batch 550/3348, Loss: 0.1692
2025-10-10 05:38:58,890 [INFO] Época 4/30, Batch 600/3348, Loss: 0.2058
2025-10-10 05:38:59,151 [INFO] Época 4/30, Batch 650/3348, Loss: 0.2063
2025-10-10 05:38:59,413 [INFO] Época 4/30, Batch 700/3348, Loss: 0.2586
2025-10-10 05:38:59,674 [INFO] Época 4/30, Batch 750/3348, Loss: 0.2276
2025-10-10 05:38:59,936 [INFO] Época 4/30, Batch 800/3348, Loss: 0.2243
2025-10-10 05:39:00,198 [INFO] Época 4/30, Batch 850/3348, Loss: 0.1616
2025-10-10 05:39:00,461 [INFO] Época 4/30, Batch 900/3348, Loss: 0.2680
2025-10-10 05:39:00,724 [INFO] Época 4/30, Batch 950/3348, Loss: 0.1577
2025-10-10 05:39:00,986 [INFO] Época 4/30, Batch 1000/3348, Loss: 0.1454
2025-10-10 05:39:01,248 [INFO] Época 4/30, Batch 1050/3348, Loss: 0.2352
2025-10-10 05:39:01,509 [INFO] Época 4/30, Batch 1100/3348, Loss: 0.1822
2025-10-10 05:39:01,772 [INFO] Época 4/30, Batch 1150/3348, Loss: 0.1462
2025-10-10 05:39:02,035 [INFO] Época 4/30, Batch 1200/3348, Loss: 0.1881
2025-10-10 05:39:02,295 [INFO] Época 4/30, Batch 1250/3348, Loss: 0.1835
2025-10-10 05:39:02,565 [INFO] Época 4/30, Batch 1300/3348, Loss: 0.1510
2025-10-10 05:39:02,826 [INFO] Época 4/30, Batch 1350/3348, Loss: 0.1967
2025-10-10 05:39:03,087 [INFO] Época 4/30, Batch 1400/3348, Loss: 0.1898
2025-10-10 05:39:03,349 [INFO] Época 4/30, Batch 1450/3348, Loss: 0.1808
2025-10-10 05:39:03,611 [INFO] Época 4/30, Batch 1500/3348, Loss: 0.2423
2025-10-10 05:39:03,870 [INFO] Época 4/30, Batch 1550/3348, Loss: 0.2002
2025-10-10 05:39:04,131 [INFO] Época 4/30, Batch 1600/3348, Loss: 0.1822
2025-10-10 05:39:04,393 [INFO] Época 4/30, Batch 1650/3348, Loss: 0.1512
2025-10-10 05:39:04,654 [INFO] Época 4/30, Batch 1700/3348, Loss: 0.1280
2025-10-10 05:39:04,915 [INFO] Época 4/30, Batch 1750/3348, Loss: 0.1533
2025-10-10 05:39:05,179 [INFO] Época 4/30, Batch 1800/3348, Loss: 0.1325
2025-10-10 05:39:05,441 [INFO] Época 4/30, Batch 1850/3348, Loss: 0.1861
2025-10-10 05:39:05,704 [INFO] Época 4/30, Batch 1900/3348, Loss: 0.1965
2025-10-10 05:39:05,968 [INFO] Época 4/30, Batch 1950/3348, Loss: 0.1421
2025-10-10 05:39:06,226 [INFO] Época 4/30, Batch 2000/3348, Loss: 0.1447
2025-10-10 05:39:06,485 [INFO] Época 4/30, Batch 2050/3348, Loss: 0.1693
2025-10-10 05:39:06,745 [INFO] Época 4/30, Batch 2100/3348, Loss: 0.1726
2025-10-10 05:39:07,003 [INFO] Época 4/30, Batch 2150/3348, Loss: 0.1602
2025-10-10 05:39:07,266 [INFO] Época 4/30, Batch 2200/3348, Loss: 0.1720
2025-10-10 05:39:07,527 [INFO] Época 4/30, Batch 2250/3348, Loss: 0.1462
2025-10-10 05:39:07,797 [INFO] Época 4/30, Batch 2300/3348, Loss: 0.2057
2025-10-10 05:39:08,056 [INFO] Época 4/30, Batch 2350/3348, Loss: 0.1486
2025-10-10 05:39:08,317 [INFO] Época 4/30, Batch 2400/3348, Loss: 0.1454
2025-10-10 05:39:08,579 [INFO] Época 4/30, Batch 2450/3348, Loss: 0.1585
2025-10-10 05:39:08,838 [INFO] Época 4/30, Batch 2500/3348, Loss: 0.1573
2025-10-10 05:39:09,099 [INFO] Época 4/30, Batch 2550/3348, Loss: 0.1850
2025-10-10 05:39:09,359 [INFO] Época 4/30, Batch 2600/3348, Loss: 0.2084
2025-10-10 05:39:09,616 [INFO] Época 4/30, Batch 2650/3348, Loss: 0.1636
2025-10-10 05:39:09,876 [INFO] Época 4/30, Batch 2700/3348, Loss: 0.1801
2025-10-10 05:39:10,136 [INFO] Época 4/30, Batch 2750/3348, Loss: 0.1640
2025-10-10 05:39:10,398 [INFO] Época 4/30, Batch 2800/3348, Loss: 0.1490
2025-10-10 05:39:10,661 [INFO] Época 4/30, Batch 2850/3348, Loss: 0.1632
2025-10-10 05:39:10,921 [INFO] Época 4/30, Batch 2900/3348, Loss: 0.1428
2025-10-10 05:39:11,185 [INFO] Época 4/30, Batch 2950/3348, Loss: 0.2112
2025-10-10 05:39:11,455 [INFO] Época 4/30, Batch 3000/3348, Loss: 0.2206
2025-10-10 05:39:11,724 [INFO] Época 4/30, Batch 3050/3348, Loss: 0.1623
2025-10-10 05:39:11,993 [INFO] Época 4/30, Batch 3100/3348, Loss: 0.1557
2025-10-10 05:39:12,258 [INFO] Época 4/30, Batch 3150/3348, Loss: 0.1720
2025-10-10 05:39:12,525 [INFO] Época 4/30, Batch 3200/3348, Loss: 0.1462
2025-10-10 05:39:12,791 [INFO] Época 4/30, Batch 3250/3348, Loss: 0.1661
2025-10-10 05:39:13,058 [INFO] Época 4/30, Batch 3300/3348, Loss: 0.1632
2025-10-10 05:39:14,847 [INFO] [4/30] Train Loss: 0.1797 | Val Loss: 0.1284 | Tempo: 19.43s
2025-10-10 05:39:14,851 [INFO] Melhor modelo salvo em: /mnt/hdd/home/jdurao/ToolBox-ChemXAI/models/mlp_qm9_Physicochemical_att9_large.pth
2025-10-10 05:39:15,412 [INFO] Época 5/30, Batch 50/3348, Loss: 0.1829
2025-10-10 05:39:15,689 [INFO] Época 5/30, Batch 100/3348, Loss: 0.1631
2025-10-10 05:39:15,966 [INFO] Época 5/30, Batch 150/3348, Loss: 0.1461
2025-10-10 05:39:16,241 [INFO] Época 5/30, Batch 200/3348, Loss: 0.1564
2025-10-10 05:39:16,517 [INFO] Época 5/30, Batch 250/3348, Loss: 0.2445
2025-10-10 05:39:16,788 [INFO] Época 5/30, Batch 300/3348, Loss: 0.1483
2025-10-10 05:39:17,057 [INFO] Época 5/30, Batch 350/3348, Loss: 0.1563
2025-10-10 05:39:17,326 [INFO] Época 5/30, Batch 400/3348, Loss: 0.1645
2025-10-10 05:39:17,596 [INFO] Época 5/30, Batch 450/3348, Loss: 0.2257
2025-10-10 05:39:17,857 [INFO] Época 5/30, Batch 500/3348, Loss: 0.1557
2025-10-10 05:39:18,116 [INFO] Época 5/30, Batch 550/3348, Loss: 0.2008
2025-10-10 05:39:18,376 [INFO] Época 5/30, Batch 600/3348, Loss: 0.1797
2025-10-10 05:39:18,636 [INFO] Época 5/30, Batch 650/3348, Loss: 0.1380
2025-10-10 05:39:18,896 [INFO] Época 5/30, Batch 700/3348, Loss: 0.1313
2025-10-10 05:39:19,153 [INFO] Época 5/30, Batch 750/3348, Loss: 0.2075
2025-10-10 05:39:19,414 [INFO] Época 5/30, Batch 800/3348, Loss: 0.1422
2025-10-10 05:39:19,676 [INFO] Época 5/30, Batch 850/3348, Loss: 0.1943
2025-10-10 05:39:19,934 [INFO] Época 5/30, Batch 900/3348, Loss: 0.1612
2025-10-10 05:39:20,194 [INFO] Época 5/30, Batch 950/3348, Loss: 0.1235
2025-10-10 05:39:20,454 [INFO] Época 5/30, Batch 1000/3348, Loss: 0.1295
2025-10-10 05:39:20,716 [INFO] Época 5/30, Batch 1050/3348, Loss: 0.1043
2025-10-10 05:39:20,978 [INFO] Época 5/30, Batch 1100/3348, Loss: 0.1754
2025-10-10 05:39:21,239 [INFO] Época 5/30, Batch 1150/3348, Loss: 0.1881
2025-10-10 05:39:21,502 [INFO] Época 5/30, Batch 1200/3348, Loss: 0.1644
2025-10-10 05:39:21,763 [INFO] Época 5/30, Batch 1250/3348, Loss: 0.1552
2025-10-10 05:39:22,025 [INFO] Época 5/30, Batch 1300/3348, Loss: 0.1494
2025-10-10 05:39:22,286 [INFO] Época 5/30, Batch 1350/3348, Loss: 0.1994
2025-10-10 05:39:22,550 [INFO] Época 5/30, Batch 1400/3348, Loss: 0.1285
2025-10-10 05:39:22,813 [INFO] Época 5/30, Batch 1450/3348, Loss: 0.1843
2025-10-10 05:39:23,083 [INFO] Época 5/30, Batch 1500/3348, Loss: 0.1491
2025-10-10 05:39:23,361 [INFO] Época 5/30, Batch 1550/3348, Loss: 0.1243
2025-10-10 05:39:23,628 [INFO] Época 5/30, Batch 1600/3348, Loss: 0.1725
2025-10-10 05:39:23,887 [INFO] Época 5/30, Batch 1650/3348, Loss: 0.2050
2025-10-10 05:39:24,147 [INFO] Época 5/30, Batch 1700/3348, Loss: 0.1747
2025-10-10 05:39:24,406 [INFO] Época 5/30, Batch 1750/3348, Loss: 0.1225
2025-10-10 05:39:24,666 [INFO] Época 5/30, Batch 1800/3348, Loss: 0.1270
2025-10-10 05:39:24,927 [INFO] Época 5/30, Batch 1850/3348, Loss: 0.1459
2025-10-10 05:39:25,188 [INFO] Época 5/30, Batch 1900/3348, Loss: 0.1951
2025-10-10 05:39:25,452 [INFO] Época 5/30, Batch 1950/3348, Loss: 0.1657
2025-10-10 05:39:25,713 [INFO] Época 5/30, Batch 2000/3348, Loss: 0.2160
2025-10-10 05:39:25,972 [INFO] Época 5/30, Batch 2050/3348, Loss: 0.1090
2025-10-10 05:39:26,231 [INFO] Época 5/30, Batch 2100/3348, Loss: 0.1657
2025-10-10 05:39:26,491 [INFO] Época 5/30, Batch 2150/3348, Loss: 0.2371
2025-10-10 05:39:26,750 [INFO] Época 5/30, Batch 2200/3348, Loss: 0.2445
2025-10-10 05:39:27,009 [INFO] Época 5/30, Batch 2250/3348, Loss: 0.1611
2025-10-10 05:39:27,269 [INFO] Época 5/30, Batch 2300/3348, Loss: 0.1980
2025-10-10 05:39:27,527 [INFO] Época 5/30, Batch 2350/3348, Loss: 0.1394
2025-10-10 05:39:27,787 [INFO] Época 5/30, Batch 2400/3348, Loss: 0.1761
2025-10-10 05:39:28,045 [INFO] Época 5/30, Batch 2450/3348, Loss: 0.1491
2025-10-10 05:39:28,305 [INFO] Época 5/30, Batch 2500/3348, Loss: 0.1307
2025-10-10 05:39:28,565 [INFO] Época 5/30, Batch 2550/3348, Loss: 0.1203
2025-10-10 05:39:28,825 [INFO] Época 5/30, Batch 2600/3348, Loss: 0.1517
2025-10-10 05:39:29,083 [INFO] Época 5/30, Batch 2650/3348, Loss: 0.2033
2025-10-10 05:39:29,344 [INFO] Época 5/30, Batch 2700/3348, Loss: 0.1850
2025-10-10 05:39:29,610 [INFO] Época 5/30, Batch 2750/3348, Loss: 0.1751
2025-10-10 05:39:29,878 [INFO] Época 5/30, Batch 2800/3348, Loss: 0.1103
2025-10-10 05:39:30,153 [INFO] Época 5/30, Batch 2850/3348, Loss: 0.1793
2025-10-10 05:39:30,422 [INFO] Época 5/30, Batch 2900/3348, Loss: 0.2054
2025-10-10 05:39:30,692 [INFO] Época 5/30, Batch 2950/3348, Loss: 0.1687
2025-10-10 05:39:30,965 [INFO] Época 5/30, Batch 3000/3348, Loss: 0.2050
2025-10-10 05:39:31,235 [INFO] Época 5/30, Batch 3050/3348, Loss: 0.2010
2025-10-10 05:39:31,507 [INFO] Época 5/30, Batch 3100/3348, Loss: 0.2718
2025-10-10 05:39:31,777 [INFO] Época 5/30, Batch 3150/3348, Loss: 0.1486
2025-10-10 05:39:32,046 [INFO] Época 5/30, Batch 3200/3348, Loss: 0.2142
2025-10-10 05:39:32,317 [INFO] Época 5/30, Batch 3250/3348, Loss: 0.1377
2025-10-10 05:39:32,586 [INFO] Época 5/30, Batch 3300/3348, Loss: 0.2027
2025-10-10 05:39:34,255 [INFO] [5/30] Train Loss: 0.1686 | Val Loss: 0.1312 | Tempo: 19.40s
2025-10-10 05:39:34,804 [INFO] Época 6/30, Batch 50/3348, Loss: 0.0967
2025-10-10 05:39:35,069 [INFO] Época 6/30, Batch 100/3348, Loss: 0.1373
2025-10-10 05:39:35,331 [INFO] Época 6/30, Batch 150/3348, Loss: 0.1172
2025-10-10 05:39:35,595 [INFO] Época 6/30, Batch 200/3348, Loss: 0.2421
2025-10-10 05:39:35,859 [INFO] Época 6/30, Batch 250/3348, Loss: 0.2110
2025-10-10 05:39:36,122 [INFO] Época 6/30, Batch 300/3348, Loss: 0.1429
2025-10-10 05:39:36,384 [INFO] Época 6/30, Batch 350/3348, Loss: 0.1628
2025-10-10 05:39:36,646 [INFO] Época 6/30, Batch 400/3348, Loss: 0.1703
2025-10-10 05:39:36,910 [INFO] Época 6/30, Batch 450/3348, Loss: 0.1481
2025-10-10 05:39:37,172 [INFO] Época 6/30, Batch 500/3348, Loss: 0.2498
2025-10-10 05:39:37,435 [INFO] Época 6/30, Batch 550/3348, Loss: 0.1460
2025-10-10 05:39:37,697 [INFO] Época 6/30, Batch 600/3348, Loss: 0.2108
2025-10-10 05:39:37,960 [INFO] Época 6/30, Batch 650/3348, Loss: 0.1709
2025-10-10 05:39:38,224 [INFO] Época 6/30, Batch 700/3348, Loss: 0.2012
2025-10-10 05:39:38,487 [INFO] Época 6/30, Batch 750/3348, Loss: 0.1214
2025-10-10 05:39:38,741 [INFO] Época 6/30, Batch 800/3348, Loss: 0.1698
2025-10-10 05:39:38,996 [INFO] Época 6/30, Batch 850/3348, Loss: 0.1586
2025-10-10 05:39:39,257 [INFO] Época 6/30, Batch 900/3348, Loss: 0.1634
2025-10-10 05:39:39,525 [INFO] Época 6/30, Batch 950/3348, Loss: 0.1819
2025-10-10 05:39:39,784 [INFO] Época 6/30, Batch 1000/3348, Loss: 0.1338
2025-10-10 05:39:40,040 [INFO] Época 6/30, Batch 1050/3348, Loss: 0.1304
2025-10-10 05:39:40,297 [INFO] Época 6/30, Batch 1100/3348, Loss: 0.1775
2025-10-10 05:39:40,553 [INFO] Época 6/30, Batch 1150/3348, Loss: 0.1449
2025-10-10 05:39:40,816 [INFO] Época 6/30, Batch 1200/3348, Loss: 0.1668
2025-10-10 05:39:41,077 [INFO] Época 6/30, Batch 1250/3348, Loss: 0.1113
2025-10-10 05:39:41,337 [INFO] Época 6/30, Batch 1300/3348, Loss: 0.1846
2025-10-10 05:39:41,597 [INFO] Época 6/30, Batch 1350/3348, Loss: 0.1331
2025-10-10 05:39:41,857 [INFO] Época 6/30, Batch 1400/3348, Loss: 0.1666
2025-10-10 05:39:42,117 [INFO] Época 6/30, Batch 1450/3348, Loss: 0.1935
2025-10-10 05:39:42,379 [INFO] Época 6/30, Batch 1500/3348, Loss: 0.1372
2025-10-10 05:39:42,637 [INFO] Época 6/30, Batch 1550/3348, Loss: 0.1579
2025-10-10 05:39:42,895 [INFO] Época 6/30, Batch 1600/3348, Loss: 0.1411
2025-10-10 05:39:43,152 [INFO] Época 6/30, Batch 1650/3348, Loss: 0.1469
2025-10-10 05:39:43,408 [INFO] Época 6/30, Batch 1700/3348, Loss: 0.1838
2025-10-10 05:39:43,667 [INFO] Época 6/30, Batch 1750/3348, Loss: 0.1328
2025-10-10 05:39:43,924 [INFO] Época 6/30, Batch 1800/3348, Loss: 0.1935
2025-10-10 05:39:44,181 [INFO] Época 6/30, Batch 1850/3348, Loss: 0.1369
2025-10-10 05:39:44,437 [INFO] Época 6/30, Batch 1900/3348, Loss: 0.1709
2025-10-10 05:39:44,702 [INFO] Época 6/30, Batch 1950/3348, Loss: 0.1814
2025-10-10 05:39:44,970 [INFO] Época 6/30, Batch 2000/3348, Loss: 0.1433
2025-10-10 05:39:45,236 [INFO] Época 6/30, Batch 2050/3348, Loss: 0.1598
2025-10-10 05:39:45,503 [INFO] Época 6/30, Batch 2100/3348, Loss: 0.1914
2025-10-10 05:39:45,767 [INFO] Época 6/30, Batch 2150/3348, Loss: 0.1348
2025-10-10 05:39:46,034 [INFO] Época 6/30, Batch 2200/3348, Loss: 0.2820
2025-10-10 05:39:46,302 [INFO] Época 6/30, Batch 2250/3348, Loss: 0.1840
2025-10-10 05:39:46,569 [INFO] Época 6/30, Batch 2300/3348, Loss: 0.1581
2025-10-10 05:39:46,836 [INFO] Época 6/30, Batch 2350/3348, Loss: 0.1398
2025-10-10 05:39:47,104 [INFO] Época 6/30, Batch 2400/3348, Loss: 0.1619
2025-10-10 05:39:47,370 [INFO] Época 6/30, Batch 2450/3348, Loss: 0.1601
2025-10-10 05:39:47,640 [INFO] Época 6/30, Batch 2500/3348, Loss: 0.0969
2025-10-10 05:39:47,901 [INFO] Época 6/30, Batch 2550/3348, Loss: 0.1769
2025-10-10 05:39:48,161 [INFO] Época 6/30, Batch 2600/3348, Loss: 0.1737
2025-10-10 05:39:48,422 [INFO] Época 6/30, Batch 2650/3348, Loss: 0.1065
2025-10-10 05:39:48,683 [INFO] Época 6/30, Batch 2700/3348, Loss: 0.2520
2025-10-10 05:39:48,946 [INFO] Época 6/30, Batch 2750/3348, Loss: 0.1591
2025-10-10 05:39:49,207 [INFO] Época 6/30, Batch 2800/3348, Loss: 0.1460
2025-10-10 05:39:49,467 [INFO] Época 6/30, Batch 2850/3348, Loss: 0.1608
2025-10-10 05:39:49,740 [INFO] Época 6/30, Batch 2900/3348, Loss: 0.1998
2025-10-10 05:39:50,003 [INFO] Época 6/30, Batch 2950/3348, Loss: 0.1403
2025-10-10 05:39:50,265 [INFO] Época 6/30, Batch 3000/3348, Loss: 0.2563
2025-10-10 05:39:50,526 [INFO] Época 6/30, Batch 3050/3348, Loss: 0.1503
2025-10-10 05:39:50,786 [INFO] Época 6/30, Batch 3100/3348, Loss: 0.2097
2025-10-10 05:39:51,049 [INFO] Época 6/30, Batch 3150/3348, Loss: 0.1984
2025-10-10 05:39:51,310 [INFO] Época 6/30, Batch 3200/3348, Loss: 0.1555
2025-10-10 05:39:51,571 [INFO] Época 6/30, Batch 3250/3348, Loss: 0.1186
2025-10-10 05:39:51,840 [INFO] Época 6/30, Batch 3300/3348, Loss: 0.2237
2025-10-10 05:39:53,638 [INFO] [6/30] Train Loss: 0.1592 | Val Loss: 0.1144 | Tempo: 19.38s
2025-10-10 05:39:53,642 [INFO] Melhor modelo salvo em: /mnt/hdd/home/jdurao/ToolBox-ChemXAI/models/mlp_qm9_Physicochemical_att9_large.pth
2025-10-10 05:39:54,195 [INFO] Época 7/30, Batch 50/3348, Loss: 0.1674
2025-10-10 05:39:54,470 [INFO] Época 7/30, Batch 100/3348, Loss: 0.2206
2025-10-10 05:39:54,759 [INFO] Época 7/30, Batch 150/3348, Loss: 0.1899
2025-10-10 05:39:55,035 [INFO] Época 7/30, Batch 200/3348, Loss: 0.1945
2025-10-10 05:39:55,309 [INFO] Época 7/30, Batch 250/3348, Loss: 0.1495
2025-10-10 05:39:55,573 [INFO] Época 7/30, Batch 300/3348, Loss: 0.1309
2025-10-10 05:39:55,834 [INFO] Época 7/30, Batch 350/3348, Loss: 0.2070
2025-10-10 05:39:56,095 [INFO] Época 7/30, Batch 400/3348, Loss: 0.2135
2025-10-10 05:39:56,357 [INFO] Época 7/30, Batch 450/3348, Loss: 0.1109
2025-10-10 05:39:56,619 [INFO] Época 7/30, Batch 500/3348, Loss: 0.2311
2025-10-10 05:39:56,878 [INFO] Época 7/30, Batch 550/3348, Loss: 0.1632
2025-10-10 05:39:57,140 [INFO] Época 7/30, Batch 600/3348, Loss: 0.1734
2025-10-10 05:39:57,400 [INFO] Época 7/30, Batch 650/3348, Loss: 0.1399
2025-10-10 05:39:57,660 [INFO] Época 7/30, Batch 700/3348, Loss: 0.1291
2025-10-10 05:39:57,913 [INFO] Época 7/30, Batch 750/3348, Loss: 0.1823
2025-10-10 05:39:58,163 [INFO] Época 7/30, Batch 800/3348, Loss: 0.1545
2025-10-10 05:39:58,416 [INFO] Época 7/30, Batch 850/3348, Loss: 0.1674
2025-10-10 05:39:58,669 [INFO] Época 7/30, Batch 900/3348, Loss: 0.1352
2025-10-10 05:39:58,920 [INFO] Época 7/30, Batch 950/3348, Loss: 0.1536
2025-10-10 05:39:59,170 [INFO] Época 7/30, Batch 1000/3348, Loss: 0.1129
2025-10-10 05:39:59,422 [INFO] Época 7/30, Batch 1050/3348, Loss: 0.1281
2025-10-10 05:39:59,674 [INFO] Época 7/30, Batch 1100/3348, Loss: 0.1126
2025-10-10 05:39:59,924 [INFO] Época 7/30, Batch 1150/3348, Loss: 0.1329
2025-10-10 05:40:00,175 [INFO] Época 7/30, Batch 1200/3348, Loss: 0.1012
2025-10-10 05:40:00,428 [INFO] Época 7/30, Batch 1250/3348, Loss: 0.1123
2025-10-10 05:40:00,681 [INFO] Época 7/30, Batch 1300/3348, Loss: 0.2350
2025-10-10 05:40:00,962 [INFO] Época 7/30, Batch 1350/3348, Loss: 0.1174
2025-10-10 05:40:01,240 [INFO] Época 7/30, Batch 1400/3348, Loss: 0.1155
2025-10-10 05:40:01,517 [INFO] Época 7/30, Batch 1450/3348, Loss: 0.1124
2025-10-10 05:40:01,794 [INFO] Época 7/30, Batch 1500/3348, Loss: 0.1475
2025-10-10 05:40:02,074 [INFO] Época 7/30, Batch 1550/3348, Loss: 0.1683
2025-10-10 05:40:02,351 [INFO] Época 7/30, Batch 1600/3348, Loss: 0.1750
2025-10-10 05:40:02,628 [INFO] Época 7/30, Batch 1650/3348, Loss: 0.1694
2025-10-10 05:40:02,903 [INFO] Época 7/30, Batch 1700/3348, Loss: 0.1958
2025-10-10 05:40:03,179 [INFO] Época 7/30, Batch 1750/3348, Loss: 0.1687
2025-10-10 05:40:03,457 [INFO] Época 7/30, Batch 1800/3348, Loss: 0.1815
2025-10-10 05:40:03,731 [INFO] Época 7/30, Batch 1850/3348, Loss: 0.1075
2025-10-10 05:40:04,007 [INFO] Época 7/30, Batch 1900/3348, Loss: 0.1867
2025-10-10 05:40:04,286 [INFO] Época 7/30, Batch 1950/3348, Loss: 0.1755
2025-10-10 05:40:04,562 [INFO] Época 7/30, Batch 2000/3348, Loss: 0.1775
2025-10-10 05:40:04,838 [INFO] Época 7/30, Batch 2050/3348, Loss: 0.1456
2025-10-10 05:40:05,114 [INFO] Época 7/30, Batch 2100/3348, Loss: 0.1453
2025-10-10 05:40:05,392 [INFO] Época 7/30, Batch 2150/3348, Loss: 0.1358
2025-10-10 05:40:05,665 [INFO] Época 7/30, Batch 2200/3348, Loss: 0.1718
2025-10-10 05:40:05,925 [INFO] Época 7/30, Batch 2250/3348, Loss: 0.1698
2025-10-10 05:40:06,188 [INFO] Época 7/30, Batch 2300/3348, Loss: 0.1232
2025-10-10 05:40:06,448 [INFO] Época 7/30, Batch 2350/3348, Loss: 0.1811
2025-10-10 05:40:06,707 [INFO] Época 7/30, Batch 2400/3348, Loss: 0.2191
2025-10-10 05:40:06,970 [INFO] Época 7/30, Batch 2450/3348, Loss: 0.1877
2025-10-10 05:40:07,233 [INFO] Época 7/30, Batch 2500/3348, Loss: 0.2099
2025-10-10 05:40:07,503 [INFO] Época 7/30, Batch 2550/3348, Loss: 0.1706
2025-10-10 05:40:07,770 [INFO] Época 7/30, Batch 2600/3348, Loss: 0.1098
2025-10-10 05:40:08,038 [INFO] Época 7/30, Batch 2650/3348, Loss: 0.1607
2025-10-10 05:40:08,306 [INFO] Época 7/30, Batch 2700/3348, Loss: 0.1652
2025-10-10 05:40:08,574 [INFO] Época 7/30, Batch 2750/3348, Loss: 0.1420
2025-10-10 05:40:08,846 [INFO] Época 7/30, Batch 2800/3348, Loss: 0.1321
2025-10-10 05:40:09,113 [INFO] Época 7/30, Batch 2850/3348, Loss: 0.1247
2025-10-10 05:40:09,380 [INFO] Época 7/30, Batch 2900/3348, Loss: 0.0811
2025-10-10 05:40:09,647 [INFO] Época 7/30, Batch 2950/3348, Loss: 0.1504
2025-10-10 05:40:09,915 [INFO] Época 7/30, Batch 3000/3348, Loss: 0.1350
2025-10-10 05:40:10,194 [INFO] Época 7/30, Batch 3050/3348, Loss: 0.1360
2025-10-10 05:40:10,460 [INFO] Época 7/30, Batch 3100/3348, Loss: 0.0924
2025-10-10 05:40:10,727 [INFO] Época 7/30, Batch 3150/3348, Loss: 0.1193
2025-10-10 05:40:10,995 [INFO] Época 7/30, Batch 3200/3348, Loss: 0.1341
2025-10-10 05:40:11,261 [INFO] Época 7/30, Batch 3250/3348, Loss: 0.1999
2025-10-10 05:40:11,528 [INFO] Época 7/30, Batch 3300/3348, Loss: 0.2105
2025-10-10 05:40:13,345 [INFO] [7/30] Train Loss: 0.1506 | Val Loss: 0.1058 | Tempo: 19.70s
2025-10-10 05:40:13,349 [INFO] Melhor modelo salvo em: /mnt/hdd/home/jdurao/ToolBox-ChemXAI/models/mlp_qm9_Physicochemical_att9_large.pth
2025-10-10 05:40:13,912 [INFO] Época 8/30, Batch 50/3348, Loss: 0.1204
2025-10-10 05:40:14,189 [INFO] Época 8/30, Batch 100/3348, Loss: 0.1535
2025-10-10 05:40:14,466 [INFO] Época 8/30, Batch 150/3348, Loss: 0.1415
2025-10-10 05:40:14,743 [INFO] Época 8/30, Batch 200/3348, Loss: 0.2070
2025-10-10 05:40:15,007 [INFO] Época 8/30, Batch 250/3348, Loss: 0.1486
2025-10-10 05:40:15,279 [INFO] Época 8/30, Batch 300/3348, Loss: 0.2068
2025-10-10 05:40:15,541 [INFO] Época 8/30, Batch 350/3348, Loss: 0.1571
2025-10-10 05:40:15,803 [INFO] Época 8/30, Batch 400/3348, Loss: 0.2051
2025-10-10 05:40:16,064 [INFO] Época 8/30, Batch 450/3348, Loss: 0.0966
2025-10-10 05:40:16,323 [INFO] Época 8/30, Batch 500/3348, Loss: 0.1658
2025-10-10 05:40:16,586 [INFO] Época 8/30, Batch 550/3348, Loss: 0.1620
2025-10-10 05:40:16,846 [INFO] Época 8/30, Batch 600/3348, Loss: 0.1673
2025-10-10 05:40:17,105 [INFO] Época 8/30, Batch 650/3348, Loss: 0.1339
2025-10-10 05:40:17,367 [INFO] Época 8/30, Batch 700/3348, Loss: 0.1108
2025-10-10 05:40:17,626 [INFO] Época 8/30, Batch 750/3348, Loss: 0.1222
2025-10-10 05:40:17,891 [INFO] Época 8/30, Batch 800/3348, Loss: 0.1966
2025-10-10 05:40:18,156 [INFO] Época 8/30, Batch 850/3348, Loss: 0.1300
2025-10-10 05:40:18,419 [INFO] Época 8/30, Batch 900/3348, Loss: 0.1340
2025-10-10 05:40:18,680 [INFO] Época 8/30, Batch 950/3348, Loss: 0.0972
2025-10-10 05:40:18,940 [INFO] Época 8/30, Batch 1000/3348, Loss: 0.0749
2025-10-10 05:40:19,198 [INFO] Época 8/30, Batch 1050/3348, Loss: 0.1358
2025-10-10 05:40:19,458 [INFO] Época 8/30, Batch 1100/3348, Loss: 0.1648
2025-10-10 05:40:19,717 [INFO] Época 8/30, Batch 1150/3348, Loss: 0.1097
2025-10-10 05:40:19,983 [INFO] Época 8/30, Batch 1200/3348, Loss: 0.1559
2025-10-10 05:40:20,250 [INFO] Época 8/30, Batch 1250/3348, Loss: 0.1622
2025-10-10 05:40:20,531 [INFO] Época 8/30, Batch 1300/3348, Loss: 0.1174
2025-10-10 05:40:20,795 [INFO] Época 8/30, Batch 1350/3348, Loss: 0.2207
2025-10-10 05:40:21,056 [INFO] Época 8/30, Batch 1400/3348, Loss: 0.1508
2025-10-10 05:40:21,318 [INFO] Época 8/30, Batch 1450/3348, Loss: 0.1334
2025-10-10 05:40:21,581 [INFO] Época 8/30, Batch 1500/3348, Loss: 0.1810
2025-10-10 05:40:21,844 [INFO] Época 8/30, Batch 1550/3348, Loss: 0.1534
2025-10-10 05:40:22,106 [INFO] Época 8/30, Batch 1600/3348, Loss: 0.1581
2025-10-10 05:40:22,361 [INFO] Época 8/30, Batch 1650/3348, Loss: 0.0946
2025-10-10 05:40:22,619 [INFO] Época 8/30, Batch 1700/3348, Loss: 0.1440
2025-10-10 05:40:22,881 [INFO] Época 8/30, Batch 1750/3348, Loss: 0.1785
2025-10-10 05:40:23,145 [INFO] Época 8/30, Batch 1800/3348, Loss: 0.1376
2025-10-10 05:40:23,404 [INFO] Época 8/30, Batch 1850/3348, Loss: 0.1409
2025-10-10 05:40:23,664 [INFO] Época 8/30, Batch 1900/3348, Loss: 0.1544
2025-10-10 05:40:23,928 [INFO] Época 8/30, Batch 1950/3348, Loss: 0.1046
2025-10-10 05:40:24,189 [INFO] Época 8/30, Batch 2000/3348, Loss: 0.1807
2025-10-10 05:40:24,449 [INFO] Época 8/30, Batch 2050/3348, Loss: 0.1244
2025-10-10 05:40:24,708 [INFO] Época 8/30, Batch 2100/3348, Loss: 0.1353
2025-10-10 05:40:24,968 [INFO] Época 8/30, Batch 2150/3348, Loss: 0.1336
2025-10-10 05:40:25,227 [INFO] Época 8/30, Batch 2200/3348, Loss: 0.1634
2025-10-10 05:40:25,486 [INFO] Época 8/30, Batch 2250/3348, Loss: 0.1066
2025-10-10 05:40:25,759 [INFO] Época 8/30, Batch 2300/3348, Loss: 0.1541
2025-10-10 05:40:26,025 [INFO] Época 8/30, Batch 2350/3348, Loss: 0.2237
2025-10-10 05:40:26,293 [INFO] Época 8/30, Batch 2400/3348, Loss: 0.1424
2025-10-10 05:40:26,562 [INFO] Época 8/30, Batch 2450/3348, Loss: 0.1298
2025-10-10 05:40:26,831 [INFO] Época 8/30, Batch 2500/3348, Loss: 0.2417
2025-10-10 05:40:27,100 [INFO] Época 8/30, Batch 2550/3348, Loss: 0.2172
2025-10-10 05:40:27,371 [INFO] Época 8/30, Batch 2600/3348, Loss: 0.0869
2025-10-10 05:40:27,640 [INFO] Época 8/30, Batch 2650/3348, Loss: 0.1338
2025-10-10 05:40:27,900 [INFO] Época 8/30, Batch 2700/3348, Loss: 0.1461
2025-10-10 05:40:28,157 [INFO] Época 8/30, Batch 2750/3348, Loss: 0.1230
2025-10-10 05:40:28,415 [INFO] Época 8/30, Batch 2800/3348, Loss: 0.1521
2025-10-10 05:40:28,678 [INFO] Época 8/30, Batch 2850/3348, Loss: 0.1548
2025-10-10 05:40:28,941 [INFO] Época 8/30, Batch 2900/3348, Loss: 0.1540
2025-10-10 05:40:29,204 [INFO] Época 8/30, Batch 2950/3348, Loss: 0.1320
2025-10-10 05:40:29,470 [INFO] Época 8/30, Batch 3000/3348, Loss: 0.0996
2025-10-10 05:40:29,732 [INFO] Época 8/30, Batch 3050/3348, Loss: 0.1222
2025-10-10 05:40:29,994 [INFO] Época 8/30, Batch 3100/3348, Loss: 0.1961
2025-10-10 05:40:30,256 [INFO] Época 8/30, Batch 3150/3348, Loss: 0.1302
2025-10-10 05:40:30,517 [INFO] Época 8/30, Batch 3200/3348, Loss: 0.1165
2025-10-10 05:40:30,776 [INFO] Época 8/30, Batch 3250/3348, Loss: 0.1308
2025-10-10 05:40:31,036 [INFO] Época 8/30, Batch 3300/3348, Loss: 0.1426
2025-10-10 05:40:32,860 [INFO] [8/30] Train Loss: 0.1422 | Val Loss: 0.0975 | Tempo: 19.51s
2025-10-10 05:40:32,864 [INFO] Melhor modelo salvo em: /mnt/hdd/home/jdurao/ToolBox-ChemXAI/models/mlp_qm9_Physicochemical_att9_large.pth
2025-10-10 05:40:33,418 [INFO] Época 9/30, Batch 50/3348, Loss: 0.2860
2025-10-10 05:40:33,684 [INFO] Época 9/30, Batch 100/3348, Loss: 0.1080
2025-10-10 05:40:33,946 [INFO] Época 9/30, Batch 150/3348, Loss: 0.0984
2025-10-10 05:40:34,207 [INFO] Época 9/30, Batch 200/3348, Loss: 0.1913
2025-10-10 05:40:34,466 [INFO] Época 9/30, Batch 250/3348, Loss: 0.1567
2025-10-10 05:40:34,728 [INFO] Época 9/30, Batch 300/3348, Loss: 0.0903
2025-10-10 05:40:34,994 [INFO] Época 9/30, Batch 350/3348, Loss: 0.2559
2025-10-10 05:40:35,260 [INFO] Época 9/30, Batch 400/3348, Loss: 0.1371
2025-10-10 05:40:35,523 [INFO] Época 9/30, Batch 450/3348, Loss: 0.1860
2025-10-10 05:40:35,800 [INFO] Época 9/30, Batch 500/3348, Loss: 0.1368
2025-10-10 05:40:36,067 [INFO] Época 9/30, Batch 550/3348, Loss: 0.1165
2025-10-10 05:40:36,334 [INFO] Época 9/30, Batch 600/3348, Loss: 0.1519
2025-10-10 05:40:36,600 [INFO] Época 9/30, Batch 650/3348, Loss: 0.1619
2025-10-10 05:40:36,856 [INFO] Época 9/30, Batch 700/3348, Loss: 0.1200
2025-10-10 05:40:37,106 [INFO] Época 9/30, Batch 750/3348, Loss: 0.1558
2025-10-10 05:40:37,355 [INFO] Época 9/30, Batch 800/3348, Loss: 0.4256
2025-10-10 05:40:37,607 [INFO] Época 9/30, Batch 850/3348, Loss: 0.1467
2025-10-10 05:40:37,859 [INFO] Época 9/30, Batch 900/3348, Loss: 0.1063
2025-10-10 05:40:38,109 [INFO] Época 9/30, Batch 950/3348, Loss: 0.1137
2025-10-10 05:40:38,360 [INFO] Época 9/30, Batch 1000/3348, Loss: 0.1414
2025-10-10 05:40:38,609 [INFO] Época 9/30, Batch 1050/3348, Loss: 0.1208
2025-10-10 05:40:38,860 [INFO] Época 9/30, Batch 1100/3348, Loss: 0.0957
2025-10-10 05:40:39,108 [INFO] Época 9/30, Batch 1150/3348, Loss: 0.0941
2025-10-10 05:40:39,360 [INFO] Época 9/30, Batch 1200/3348, Loss: 0.1783
2025-10-10 05:40:39,611 [INFO] Época 9/30, Batch 1250/3348, Loss: 0.1681
2025-10-10 05:40:39,866 [INFO] Época 9/30, Batch 1300/3348, Loss: 0.0865
2025-10-10 05:40:40,128 [INFO] Época 9/30, Batch 1350/3348, Loss: 0.1420
2025-10-10 05:40:40,386 [INFO] Época 9/30, Batch 1400/3348, Loss: 0.2298
2025-10-10 05:40:40,646 [INFO] Época 9/30, Batch 1450/3348, Loss: 0.1500
2025-10-10 05:40:40,908 [INFO] Época 9/30, Batch 1500/3348, Loss: 0.0895
2025-10-10 05:40:41,177 [INFO] Época 9/30, Batch 1550/3348, Loss: 0.1606
2025-10-10 05:40:41,444 [INFO] Época 9/30, Batch 1600/3348, Loss: 0.1572
2025-10-10 05:40:41,710 [INFO] Época 9/30, Batch 1650/3348, Loss: 0.0914
2025-10-10 05:40:41,970 [INFO] Época 9/30, Batch 1700/3348, Loss: 0.1067
2025-10-10 05:40:42,229 [INFO] Época 9/30, Batch 1750/3348, Loss: 0.1801
2025-10-10 05:40:42,490 [INFO] Época 9/30, Batch 1800/3348, Loss: 0.1048
2025-10-10 05:40:42,750 [INFO] Época 9/30, Batch 1850/3348, Loss: 0.1310
2025-10-10 05:40:43,009 [INFO] Época 9/30, Batch 1900/3348, Loss: 0.1676
2025-10-10 05:40:43,270 [INFO] Época 9/30, Batch 1950/3348, Loss: 0.1196
2025-10-10 05:40:43,529 [INFO] Época 9/30, Batch 2000/3348, Loss: 0.1756
2025-10-10 05:40:43,787 [INFO] Época 9/30, Batch 2050/3348, Loss: 0.1014
2025-10-10 05:40:44,045 [INFO] Época 9/30, Batch 2100/3348, Loss: 0.1471
2025-10-10 05:40:44,304 [INFO] Época 9/30, Batch 2150/3348, Loss: 0.1060
2025-10-10 05:40:44,563 [INFO] Época 9/30, Batch 2200/3348, Loss: 0.0988
2025-10-10 05:40:44,825 [INFO] Época 9/30, Batch 2250/3348, Loss: 0.1553
2025-10-10 05:40:45,083 [INFO] Época 9/30, Batch 2300/3348, Loss: 0.1481
2025-10-10 05:40:45,344 [INFO] Época 9/30, Batch 2350/3348, Loss: 0.1475
2025-10-10 05:40:45,603 [INFO] Época 9/30, Batch 2400/3348, Loss: 0.0992
2025-10-10 05:40:45,863 [INFO] Época 9/30, Batch 2450/3348, Loss: 0.1366
2025-10-10 05:40:46,123 [INFO] Época 9/30, Batch 2500/3348, Loss: 0.1143
2025-10-10 05:40:46,380 [INFO] Época 9/30, Batch 2550/3348, Loss: 0.0898
2025-10-10 05:40:46,639 [INFO] Época 9/30, Batch 2600/3348, Loss: 0.1325
2025-10-10 05:40:46,897 [INFO] Época 9/30, Batch 2650/3348, Loss: 0.1087
2025-10-10 05:40:47,155 [INFO] Época 9/30, Batch 2700/3348, Loss: 0.1119
2025-10-10 05:40:47,414 [INFO] Época 9/30, Batch 2750/3348, Loss: 0.1096
2025-10-10 05:40:47,673 [INFO] Época 9/30, Batch 2800/3348, Loss: 0.1095
2025-10-10 05:40:47,932 [INFO] Época 9/30, Batch 2850/3348, Loss: 0.1056
2025-10-10 05:40:48,192 [INFO] Época 9/30, Batch 2900/3348, Loss: 0.0992
2025-10-10 05:40:48,452 [INFO] Época 9/30, Batch 2950/3348, Loss: 0.1125
2025-10-10 05:40:48,711 [INFO] Época 9/30, Batch 3000/3348, Loss: 0.1213
2025-10-10 05:40:48,980 [INFO] Época 9/30, Batch 3050/3348, Loss: 0.1219
2025-10-10 05:40:49,245 [INFO] Época 9/30, Batch 3100/3348, Loss: 0.1101
2025-10-10 05:40:49,512 [INFO] Época 9/30, Batch 3150/3348, Loss: 0.1272
2025-10-10 05:40:49,780 [INFO] Época 9/30, Batch 3200/3348, Loss: 0.0976
2025-10-10 05:40:50,049 [INFO] Época 9/30, Batch 3250/3348, Loss: 0.1048
2025-10-10 05:40:50,318 [INFO] Época 9/30, Batch 3300/3348, Loss: 0.1364
2025-10-10 05:40:51,997 [INFO] [9/30] Train Loss: 0.1337 | Val Loss: 0.1032 | Tempo: 19.13s
2025-10-10 05:40:52,543 [INFO] Época 10/30, Batch 50/3348, Loss: 0.0979
2025-10-10 05:40:52,808 [INFO] Época 10/30, Batch 100/3348, Loss: 0.1298
2025-10-10 05:40:53,075 [INFO] Época 10/30, Batch 150/3348, Loss: 0.1202
2025-10-10 05:40:53,339 [INFO] Época 10/30, Batch 200/3348, Loss: 0.0807
2025-10-10 05:40:53,605 [INFO] Época 10/30, Batch 250/3348, Loss: 0.0946
2025-10-10 05:40:53,862 [INFO] Época 10/30, Batch 300/3348, Loss: 0.0862
2025-10-10 05:40:54,124 [INFO] Época 10/30, Batch 350/3348, Loss: 0.1519
2025-10-10 05:40:54,390 [INFO] Época 10/30, Batch 400/3348, Loss: 0.1397
2025-10-10 05:40:54,654 [INFO] Época 10/30, Batch 450/3348, Loss: 0.1380
2025-10-10 05:40:54,919 [INFO] Época 10/30, Batch 500/3348, Loss: 0.1259
2025-10-10 05:40:55,180 [INFO] Época 10/30, Batch 550/3348, Loss: 0.1238
2025-10-10 05:40:55,443 [INFO] Época 10/30, Batch 600/3348, Loss: 0.1529
2025-10-10 05:40:55,709 [INFO] Época 10/30, Batch 650/3348, Loss: 0.0977
2025-10-10 05:40:55,975 [INFO] Época 10/30, Batch 700/3348, Loss: 0.1013
2025-10-10 05:40:56,242 [INFO] Época 10/30, Batch 750/3348, Loss: 0.2098
2025-10-10 05:40:56,507 [INFO] Época 10/30, Batch 800/3348, Loss: 0.1113
2025-10-10 05:40:56,770 [INFO] Época 10/30, Batch 850/3348, Loss: 0.1623
2025-10-10 05:40:57,025 [INFO] Época 10/30, Batch 900/3348, Loss: 0.1190
2025-10-10 05:40:57,291 [INFO] Época 10/30, Batch 950/3348, Loss: 0.0878
2025-10-10 05:40:57,548 [INFO] Época 10/30, Batch 1000/3348, Loss: 0.1432
2025-10-10 05:40:57,805 [INFO] Época 10/30, Batch 1050/3348, Loss: 0.1059
2025-10-10 05:40:58,063 [INFO] Época 10/30, Batch 1100/3348, Loss: 0.0902
2025-10-10 05:40:58,319 [INFO] Época 10/30, Batch 1150/3348, Loss: 0.1106
2025-10-10 05:40:58,575 [INFO] Época 10/30, Batch 1200/3348, Loss: 0.1059
2025-10-10 05:40:58,832 [INFO] Época 10/30, Batch 1250/3348, Loss: 0.0888
2025-10-10 05:40:59,090 [INFO] Época 10/30, Batch 1300/3348, Loss: 0.0941
2025-10-10 05:40:59,346 [INFO] Época 10/30, Batch 1350/3348, Loss: 0.1324
2025-10-10 05:40:59,604 [INFO] Época 10/30, Batch 1400/3348, Loss: 0.1605
2025-10-10 05:40:59,859 [INFO] Época 10/30, Batch 1450/3348, Loss: 0.1241
2025-10-10 05:41:00,115 [INFO] Época 10/30, Batch 1500/3348, Loss: 0.1446
2025-10-10 05:41:00,371 [INFO] Época 10/30, Batch 1550/3348, Loss: 0.0986
2025-10-10 05:41:00,627 [INFO] Época 10/30, Batch 1600/3348, Loss: 0.1073
2025-10-10 05:41:00,882 [INFO] Época 10/30, Batch 1650/3348, Loss: 0.1018
2025-10-10 05:41:01,139 [INFO] Época 10/30, Batch 1700/3348, Loss: 0.0951
2025-10-10 05:41:01,395 [INFO] Época 10/30, Batch 1750/3348, Loss: 0.2119
2025-10-10 05:41:01,650 [INFO] Época 10/30, Batch 1800/3348, Loss: 0.1098
2025-10-10 05:41:01,906 [INFO] Época 10/30, Batch 1850/3348, Loss: 0.1345
2025-10-10 05:41:02,163 [INFO] Época 10/30, Batch 1900/3348, Loss: 0.0922
2025-10-10 05:41:02,420 [INFO] Época 10/30, Batch 1950/3348, Loss: 0.1334
2025-10-10 05:41:02,678 [INFO] Época 10/30, Batch 2000/3348, Loss: 0.1286
2025-10-10 05:41:02,933 [INFO] Época 10/30, Batch 2050/3348, Loss: 0.1379
2025-10-10 05:41:03,190 [INFO] Época 10/30, Batch 2100/3348, Loss: 0.0987
2025-10-10 05:41:03,446 [INFO] Época 10/30, Batch 2150/3348, Loss: 0.1536
2025-10-10 05:41:03,703 [INFO] Época 10/30, Batch 2200/3348, Loss: 0.1559
2025-10-10 05:41:03,958 [INFO] Época 10/30, Batch 2250/3348, Loss: 0.0900
2025-10-10 05:41:04,215 [INFO] Época 10/30, Batch 2300/3348, Loss: 0.1134
2025-10-10 05:41:04,471 [INFO] Época 10/30, Batch 2350/3348, Loss: 0.1487
2025-10-10 05:41:04,731 [INFO] Época 10/30, Batch 2400/3348, Loss: 0.1249
2025-10-10 05:41:04,987 [INFO] Época 10/30, Batch 2450/3348, Loss: 0.1581
2025-10-10 05:41:05,244 [INFO] Época 10/30, Batch 2500/3348, Loss: 0.1515
2025-10-10 05:41:05,501 [INFO] Época 10/30, Batch 2550/3348, Loss: 0.1050
2025-10-10 05:41:05,758 [INFO] Época 10/30, Batch 2600/3348, Loss: 0.1386
2025-10-10 05:41:06,017 [INFO] Época 10/30, Batch 2650/3348, Loss: 0.0862
2025-10-10 05:41:06,274 [INFO] Época 10/30, Batch 2700/3348, Loss: 0.0885
2025-10-10 05:41:06,531 [INFO] Época 10/30, Batch 2750/3348, Loss: 0.1304
2025-10-10 05:41:06,789 [INFO] Época 10/30, Batch 2800/3348, Loss: 0.1299
2025-10-10 05:41:07,046 [INFO] Época 10/30, Batch 2850/3348, Loss: 0.1091
2025-10-10 05:41:07,303 [INFO] Época 10/30, Batch 2900/3348, Loss: 0.0864
2025-10-10 05:41:07,562 [INFO] Época 10/30, Batch 2950/3348, Loss: 0.1421
2025-10-10 05:41:07,819 [INFO] Época 10/30, Batch 3000/3348, Loss: 0.2131
2025-10-10 05:41:08,074 [INFO] Época 10/30, Batch 3050/3348, Loss: 0.0972
2025-10-10 05:41:08,330 [INFO] Época 10/30, Batch 3100/3348, Loss: 0.1358
2025-10-10 05:41:08,589 [INFO] Época 10/30, Batch 3150/3348, Loss: 0.1206
2025-10-10 05:41:08,844 [INFO] Época 10/30, Batch 3200/3348, Loss: 0.1158
2025-10-10 05:41:09,098 [INFO] Época 10/30, Batch 3250/3348, Loss: 0.0961
2025-10-10 05:41:09,354 [INFO] Época 10/30, Batch 3300/3348, Loss: 0.1182
2025-10-10 05:41:11,050 [INFO] [10/30] Train Loss: 0.1268 | Val Loss: 0.0850 | Tempo: 19.04s
2025-10-10 05:41:11,053 [INFO] Melhor modelo salvo em: /mnt/hdd/home/jdurao/ToolBox-ChemXAI/models/mlp_qm9_Physicochemical_att9_large.pth
2025-10-10 05:41:11,597 [INFO] Época 11/30, Batch 50/3348, Loss: 0.1463
2025-10-10 05:41:11,869 [INFO] Época 11/30, Batch 100/3348, Loss: 0.1448
2025-10-10 05:41:12,138 [INFO] Época 11/30, Batch 150/3348, Loss: 0.0846
2025-10-10 05:41:12,408 [INFO] Época 11/30, Batch 200/3348, Loss: 0.0821
2025-10-10 05:41:12,685 [INFO] Época 11/30, Batch 250/3348, Loss: 0.1567
2025-10-10 05:41:12,953 [INFO] Época 11/30, Batch 300/3348, Loss: 0.1068
2025-10-10 05:41:13,221 [INFO] Época 11/30, Batch 350/3348, Loss: 0.1055
2025-10-10 05:41:13,489 [INFO] Época 11/30, Batch 400/3348, Loss: 0.0882
2025-10-10 05:41:13,755 [INFO] Época 11/30, Batch 450/3348, Loss: 0.1316
2025-10-10 05:41:14,021 [INFO] Época 11/30, Batch 500/3348, Loss: 0.1277
2025-10-10 05:41:14,288 [INFO] Época 11/30, Batch 550/3348, Loss: 0.1060
2025-10-10 05:41:14,553 [INFO] Época 11/30, Batch 600/3348, Loss: 0.1191
2025-10-10 05:41:14,815 [INFO] Época 11/30, Batch 650/3348, Loss: 0.1194
2025-10-10 05:41:15,072 [INFO] Época 11/30, Batch 700/3348, Loss: 0.1403
2025-10-10 05:41:15,324 [INFO] Época 11/30, Batch 750/3348, Loss: 0.1159
2025-10-10 05:41:15,576 [INFO] Época 11/30, Batch 800/3348, Loss: 0.0931
2025-10-10 05:41:15,839 [INFO] Época 11/30, Batch 850/3348, Loss: 0.1252
2025-10-10 05:41:16,096 [INFO] Época 11/30, Batch 900/3348, Loss: 0.0778
2025-10-10 05:41:16,351 [INFO] Época 11/30, Batch 950/3348, Loss: 0.1003
2025-10-10 05:41:16,607 [INFO] Época 11/30, Batch 1000/3348, Loss: 0.1617
2025-10-10 05:41:16,861 [INFO] Época 11/30, Batch 1050/3348, Loss: 0.1313
2025-10-10 05:41:17,116 [INFO] Época 11/30, Batch 1100/3348, Loss: 0.1449
2025-10-10 05:41:17,371 [INFO] Época 11/30, Batch 1150/3348, Loss: 0.0692
2025-10-10 05:41:17,625 [INFO] Época 11/30, Batch 1200/3348, Loss: 0.1350
2025-10-10 05:41:17,875 [INFO] Época 11/30, Batch 1250/3348, Loss: 0.0793
2025-10-10 05:41:18,135 [INFO] Época 11/30, Batch 1300/3348, Loss: 0.0700
2025-10-10 05:41:18,393 [INFO] Época 11/30, Batch 1350/3348, Loss: 0.1373
2025-10-10 05:41:18,653 [INFO] Época 11/30, Batch 1400/3348, Loss: 0.1226
2025-10-10 05:41:18,911 [INFO] Época 11/30, Batch 1450/3348, Loss: 0.0909
2025-10-10 05:41:19,171 [INFO] Época 11/30, Batch 1500/3348, Loss: 0.0820
2025-10-10 05:41:19,431 [INFO] Época 11/30, Batch 1550/3348, Loss: 0.0926
2025-10-10 05:41:19,692 [INFO] Época 11/30, Batch 1600/3348, Loss: 0.1441
2025-10-10 05:41:19,953 [INFO] Época 11/30, Batch 1650/3348, Loss: 0.1937
2025-10-10 05:41:20,210 [INFO] Época 11/30, Batch 1700/3348, Loss: 0.1097
2025-10-10 05:41:20,470 [INFO] Época 11/30, Batch 1750/3348, Loss: 0.0740
2025-10-10 05:41:20,734 [INFO] Época 11/30, Batch 1800/3348, Loss: 0.1205
2025-10-10 05:41:21,000 [INFO] Época 11/30, Batch 1850/3348, Loss: 0.1548
2025-10-10 05:41:21,266 [INFO] Época 11/30, Batch 1900/3348, Loss: 0.1492
2025-10-10 05:41:21,534 [INFO] Época 11/30, Batch 1950/3348, Loss: 0.1044
2025-10-10 05:41:21,801 [INFO] Época 11/30, Batch 2000/3348, Loss: 0.1205
2025-10-10 05:41:22,069 [INFO] Época 11/30, Batch 2050/3348, Loss: 0.1008
2025-10-10 05:41:22,335 [INFO] Época 11/30, Batch 2100/3348, Loss: 0.1261
2025-10-10 05:41:22,603 [INFO] Época 11/30, Batch 2150/3348, Loss: 0.1139
2025-10-10 05:41:22,871 [INFO] Época 11/30, Batch 2200/3348, Loss: 0.1230
2025-10-10 05:41:23,149 [INFO] Época 11/30, Batch 2250/3348, Loss: 0.1548
2025-10-10 05:41:23,417 [INFO] Época 11/30, Batch 2300/3348, Loss: 0.0797
2025-10-10 05:41:23,685 [INFO] Época 11/30, Batch 2350/3348, Loss: 0.1762
2025-10-10 05:41:23,952 [INFO] Época 11/30, Batch 2400/3348, Loss: 0.1146
2025-10-10 05:41:24,220 [INFO] Época 11/30, Batch 2450/3348, Loss: 0.1113
2025-10-10 05:41:24,488 [INFO] Época 11/30, Batch 2500/3348, Loss: 0.1161
2025-10-10 05:41:24,759 [INFO] Época 11/30, Batch 2550/3348, Loss: 0.0939
2025-10-10 05:41:25,029 [INFO] Época 11/30, Batch 2600/3348, Loss: 0.1165
2025-10-10 05:41:25,299 [INFO] Época 11/30, Batch 2650/3348, Loss: 0.1492
2025-10-10 05:41:25,570 [INFO] Época 11/30, Batch 2700/3348, Loss: 0.1457
2025-10-10 05:41:25,839 [INFO] Época 11/30, Batch 2750/3348, Loss: 0.1291
2025-10-10 05:41:26,108 [INFO] Época 11/30, Batch 2800/3348, Loss: 0.1859
2025-10-10 05:41:26,376 [INFO] Época 11/30, Batch 2850/3348, Loss: 0.1280
2025-10-10 05:41:26,643 [INFO] Época 11/30, Batch 2900/3348, Loss: 0.1055
2025-10-10 05:41:26,912 [INFO] Época 11/30, Batch 2950/3348, Loss: 0.0850
2025-10-10 05:41:27,179 [INFO] Época 11/30, Batch 3000/3348, Loss: 0.0825
2025-10-10 05:41:27,445 [INFO] Época 11/30, Batch 3050/3348, Loss: 0.1215
2025-10-10 05:41:27,715 [INFO] Época 11/30, Batch 3100/3348, Loss: 0.1206
2025-10-10 05:41:27,982 [INFO] Época 11/30, Batch 3150/3348, Loss: 0.0820
2025-10-10 05:41:28,260 [INFO] Época 11/30, Batch 3200/3348, Loss: 0.1368
2025-10-10 05:41:28,530 [INFO] Época 11/30, Batch 3250/3348, Loss: 0.1507
2025-10-10 05:41:28,797 [INFO] Época 11/30, Batch 3300/3348, Loss: 0.0778
2025-10-10 05:41:30,578 [INFO] [11/30] Train Loss: 0.1219 | Val Loss: 0.0796 | Tempo: 19.52s
2025-10-10 05:41:30,582 [INFO] Melhor modelo salvo em: /mnt/hdd/home/jdurao/ToolBox-ChemXAI/models/mlp_qm9_Physicochemical_att9_large.pth
2025-10-10 05:41:31,131 [INFO] Época 12/30, Batch 50/3348, Loss: 0.0794
2025-10-10 05:41:31,403 [INFO] Época 12/30, Batch 100/3348, Loss: 0.1495
2025-10-10 05:41:31,671 [INFO] Época 12/30, Batch 150/3348, Loss: 0.0809
2025-10-10 05:41:31,939 [INFO] Época 12/30, Batch 200/3348, Loss: 0.1065
2025-10-10 05:41:32,205 [INFO] Época 12/30, Batch 250/3348, Loss: 0.1142
2025-10-10 05:41:32,471 [INFO] Época 12/30, Batch 300/3348, Loss: 0.1148
2025-10-10 05:41:32,737 [INFO] Época 12/30, Batch 350/3348, Loss: 0.1193
2025-10-10 05:41:33,001 [INFO] Época 12/30, Batch 400/3348, Loss: 0.1192
2025-10-10 05:41:33,287 [INFO] Época 12/30, Batch 450/3348, Loss: 0.1136
2025-10-10 05:41:33,561 [INFO] Época 12/30, Batch 500/3348, Loss: 0.1213
2025-10-10 05:41:33,834 [INFO] Época 12/30, Batch 550/3348, Loss: 0.1249
2025-10-10 05:41:34,110 [INFO] Época 12/30, Batch 600/3348, Loss: 0.0868
2025-10-10 05:41:34,385 [INFO] Época 12/30, Batch 650/3348, Loss: 0.0968
2025-10-10 05:41:34,658 [INFO] Época 12/30, Batch 700/3348, Loss: 0.1159
2025-10-10 05:41:34,910 [INFO] Época 12/30, Batch 750/3348, Loss: 0.1161
2025-10-10 05:41:35,157 [INFO] Época 12/30, Batch 800/3348, Loss: 0.0936
2025-10-10 05:41:35,406 [INFO] Época 12/30, Batch 850/3348, Loss: 0.1123
2025-10-10 05:41:35,653 [INFO] Época 12/30, Batch 900/3348, Loss: 0.1897
2025-10-10 05:41:35,901 [INFO] Época 12/30, Batch 950/3348, Loss: 0.1065
2025-10-10 05:41:36,149 [INFO] Época 12/30, Batch 1000/3348, Loss: 0.1087
2025-10-10 05:41:36,394 [INFO] Época 12/30, Batch 1050/3348, Loss: 0.0795
2025-10-10 05:41:36,640 [INFO] Época 12/30, Batch 1100/3348, Loss: 0.1388
2025-10-10 05:41:36,886 [INFO] Época 12/30, Batch 1150/3348, Loss: 0.1208
2025-10-10 05:41:37,144 [INFO] Época 12/30, Batch 1200/3348, Loss: 0.1033
2025-10-10 05:41:37,400 [INFO] Época 12/30, Batch 1250/3348, Loss: 0.1014
2025-10-10 05:41:37,655 [INFO] Época 12/30, Batch 1300/3348, Loss: 0.1095
2025-10-10 05:41:37,910 [INFO] Época 12/30, Batch 1350/3348, Loss: 0.1142
2025-10-10 05:41:38,170 [INFO] Época 12/30, Batch 1400/3348, Loss: 0.1044
2025-10-10 05:41:38,436 [INFO] Época 12/30, Batch 1450/3348, Loss: 0.0751
2025-10-10 05:41:38,691 [INFO] Época 12/30, Batch 1500/3348, Loss: 0.1011
2025-10-10 05:41:38,953 [INFO] Época 12/30, Batch 1550/3348, Loss: 0.1135
2025-10-10 05:41:39,225 [INFO] Época 12/30, Batch 1600/3348, Loss: 0.1609
2025-10-10 05:41:39,497 [INFO] Época 12/30, Batch 1650/3348, Loss: 0.1441
2025-10-10 05:41:39,771 [INFO] Época 12/30, Batch 1700/3348, Loss: 0.1187
2025-10-10 05:41:40,045 [INFO] Época 12/30, Batch 1750/3348, Loss: 0.1003
2025-10-10 05:41:40,318 [INFO] Época 12/30, Batch 1800/3348, Loss: 0.0909
2025-10-10 05:41:40,591 [INFO] Época 12/30, Batch 1850/3348, Loss: 0.0922
2025-10-10 05:41:40,863 [INFO] Época 12/30, Batch 1900/3348, Loss: 0.1284
2025-10-10 05:41:41,140 [INFO] Época 12/30, Batch 1950/3348, Loss: 0.1383
2025-10-10 05:41:41,417 [INFO] Época 12/30, Batch 2000/3348, Loss: 0.1362
2025-10-10 05:41:41,694 [INFO] Época 12/30, Batch 2050/3348, Loss: 0.0726
2025-10-10 05:41:41,969 [INFO] Época 12/30, Batch 2100/3348, Loss: 0.1059
2025-10-10 05:41:42,246 [INFO] Época 12/30, Batch 2150/3348, Loss: 0.1100
2025-10-10 05:41:42,523 [INFO] Época 12/30, Batch 2200/3348, Loss: 0.0839
2025-10-10 05:41:42,799 [INFO] Época 12/30, Batch 2250/3348, Loss: 0.1056
2025-10-10 05:41:43,074 [INFO] Época 12/30, Batch 2300/3348, Loss: 0.1226
2025-10-10 05:41:43,349 [INFO] Época 12/30, Batch 2350/3348, Loss: 0.1047
2025-10-10 05:41:43,628 [INFO] Época 12/30, Batch 2400/3348, Loss: 0.0773
2025-10-10 05:41:43,885 [INFO] Época 12/30, Batch 2450/3348, Loss: 0.1152
2025-10-10 05:41:44,143 [INFO] Época 12/30, Batch 2500/3348, Loss: 0.0965
2025-10-10 05:41:44,403 [INFO] Época 12/30, Batch 2550/3348, Loss: 0.1036
2025-10-10 05:41:44,661 [INFO] Época 12/30, Batch 2600/3348, Loss: 0.1117
2025-10-10 05:41:44,917 [INFO] Época 12/30, Batch 2650/3348, Loss: 0.1117
2025-10-10 05:41:45,175 [INFO] Época 12/30, Batch 2700/3348, Loss: 0.0746
2025-10-10 05:41:45,434 [INFO] Época 12/30, Batch 2750/3348, Loss: 0.1056
2025-10-10 05:41:45,692 [INFO] Época 12/30, Batch 2800/3348, Loss: 0.1175
2025-10-10 05:41:45,951 [INFO] Época 12/30, Batch 2850/3348, Loss: 0.0955
2025-10-10 05:41:46,209 [INFO] Época 12/30, Batch 2900/3348, Loss: 0.1339
2025-10-10 05:41:46,471 [INFO] Época 12/30, Batch 2950/3348, Loss: 0.0910
2025-10-10 05:41:46,733 [INFO] Época 12/30, Batch 3000/3348, Loss: 0.1370
2025-10-10 05:41:46,994 [INFO] Época 12/30, Batch 3050/3348, Loss: 0.0827
2025-10-10 05:41:47,255 [INFO] Época 12/30, Batch 3100/3348, Loss: 0.1222
2025-10-10 05:41:47,515 [INFO] Época 12/30, Batch 3150/3348, Loss: 0.1091
2025-10-10 05:41:47,776 [INFO] Época 12/30, Batch 3200/3348, Loss: 0.0691
2025-10-10 05:41:48,037 [INFO] Época 12/30, Batch 3250/3348, Loss: 0.1583
2025-10-10 05:41:48,306 [INFO] Época 12/30, Batch 3300/3348, Loss: 0.1165
2025-10-10 05:41:50,010 [INFO] [12/30] Train Loss: 0.1173 | Val Loss: 0.0773 | Tempo: 19.43s
2025-10-10 05:41:50,014 [INFO] Melhor modelo salvo em: /mnt/hdd/home/jdurao/ToolBox-ChemXAI/models/mlp_qm9_Physicochemical_att9_large.pth
2025-10-10 05:41:50,570 [INFO] Época 13/30, Batch 50/3348, Loss: 0.1102
2025-10-10 05:41:50,843 [INFO] Época 13/30, Batch 100/3348, Loss: 0.1165
2025-10-10 05:41:51,116 [INFO] Época 13/30, Batch 150/3348, Loss: 0.2017
2025-10-10 05:41:51,388 [INFO] Época 13/30, Batch 200/3348, Loss: 0.1636
2025-10-10 05:41:51,656 [INFO] Época 13/30, Batch 250/3348, Loss: 0.0981
2025-10-10 05:41:51,922 [INFO] Época 13/30, Batch 300/3348, Loss: 0.0995
2025-10-10 05:41:52,185 [INFO] Época 13/30, Batch 350/3348, Loss: 0.0926
2025-10-10 05:41:52,445 [INFO] Época 13/30, Batch 400/3348, Loss: 0.0964
2025-10-10 05:41:52,707 [INFO] Época 13/30, Batch 450/3348, Loss: 0.0896
2025-10-10 05:41:52,966 [INFO] Época 13/30, Batch 500/3348, Loss: 0.1144
2025-10-10 05:41:53,226 [INFO] Época 13/30, Batch 550/3348, Loss: 0.0870
2025-10-10 05:41:53,487 [INFO] Época 13/30, Batch 600/3348, Loss: 0.1341
2025-10-10 05:41:53,747 [INFO] Época 13/30, Batch 650/3348, Loss: 0.1117
2025-10-10 05:41:54,006 [INFO] Época 13/30, Batch 700/3348, Loss: 0.1672
2025-10-10 05:41:54,264 [INFO] Época 13/30, Batch 750/3348, Loss: 0.1310
2025-10-10 05:41:54,521 [INFO] Época 13/30, Batch 800/3348, Loss: 0.0759
2025-10-10 05:41:54,773 [INFO] Época 13/30, Batch 850/3348, Loss: 0.1251
2025-10-10 05:41:55,025 [INFO] Época 13/30, Batch 900/3348, Loss: 0.1533
2025-10-10 05:41:55,294 [INFO] Época 13/30, Batch 950/3348, Loss: 0.1442
2025-10-10 05:41:55,552 [INFO] Época 13/30, Batch 1000/3348, Loss: 0.1032
2025-10-10 05:41:55,810 [INFO] Época 13/30, Batch 1050/3348, Loss: 0.1164
2025-10-10 05:41:56,073 [INFO] Época 13/30, Batch 1100/3348, Loss: 0.1087
2025-10-10 05:41:56,339 [INFO] Época 13/30, Batch 1150/3348, Loss: 0.1136
2025-10-10 05:41:56,604 [INFO] Época 13/30, Batch 1200/3348, Loss: 0.1034
2025-10-10 05:41:56,872 [INFO] Época 13/30, Batch 1250/3348, Loss: 0.1012
2025-10-10 05:41:57,140 [INFO] Época 13/30, Batch 1300/3348, Loss: 0.1050
2025-10-10 05:41:57,407 [INFO] Época 13/30, Batch 1350/3348, Loss: 0.1303
2025-10-10 05:41:57,673 [INFO] Época 13/30, Batch 1400/3348, Loss: 0.1804
2025-10-10 05:41:57,940 [INFO] Época 13/30, Batch 1450/3348, Loss: 0.1431
2025-10-10 05:41:58,208 [INFO] Época 13/30, Batch 1500/3348, Loss: 0.0981
2025-10-10 05:41:58,474 [INFO] Época 13/30, Batch 1550/3348, Loss: 0.0792
2025-10-10 05:41:58,739 [INFO] Época 13/30, Batch 1600/3348, Loss: 0.0988
2025-10-10 05:41:59,004 [INFO] Época 13/30, Batch 1650/3348, Loss: 0.1024
2025-10-10 05:41:59,270 [INFO] Época 13/30, Batch 1700/3348, Loss: 0.1662
2025-10-10 05:41:59,535 [INFO] Época 13/30, Batch 1750/3348, Loss: 0.0933
2025-10-10 05:41:59,801 [INFO] Época 13/30, Batch 1800/3348, Loss: 0.0985
2025-10-10 05:42:00,068 [INFO] Época 13/30, Batch 1850/3348, Loss: 0.0895
2025-10-10 05:42:00,347 [INFO] Época 13/30, Batch 1900/3348, Loss: 0.1685
2025-10-10 05:42:00,612 [INFO] Época 13/30, Batch 1950/3348, Loss: 0.0765
2025-10-10 05:42:00,881 [INFO] Época 13/30, Batch 2000/3348, Loss: 0.1236
2025-10-10 05:42:01,150 [INFO] Época 13/30, Batch 2050/3348, Loss: 0.0837
2025-10-10 05:42:01,417 [INFO] Época 13/30, Batch 2100/3348, Loss: 0.1339
2025-10-10 05:42:01,684 [INFO] Época 13/30, Batch 2150/3348, Loss: 0.0821
2025-10-10 05:42:01,945 [INFO] Época 13/30, Batch 2200/3348, Loss: 0.1222
2025-10-10 05:42:02,206 [INFO] Época 13/30, Batch 2250/3348, Loss: 0.1373
2025-10-10 05:42:02,466 [INFO] Época 13/30, Batch 2300/3348, Loss: 0.0854
2025-10-10 05:42:02,727 [INFO] Época 13/30, Batch 2350/3348, Loss: 0.0957
2025-10-10 05:42:02,988 [INFO] Época 13/30, Batch 2400/3348, Loss: 0.1108
2025-10-10 05:42:03,249 [INFO] Época 13/30, Batch 2450/3348, Loss: 0.0934
2025-10-10 05:42:03,511 [INFO] Época 13/30, Batch 2500/3348, Loss: 0.1025
2025-10-10 05:42:03,771 [INFO] Época 13/30, Batch 2550/3348, Loss: 0.1662
2025-10-10 05:42:04,032 [INFO] Época 13/30, Batch 2600/3348, Loss: 0.0816
2025-10-10 05:42:04,293 [INFO] Época 13/30, Batch 2650/3348, Loss: 0.0956
2025-10-10 05:42:04,554 [INFO] Época 13/30, Batch 2700/3348, Loss: 0.1868
2025-10-10 05:42:04,817 [INFO] Época 13/30, Batch 2750/3348, Loss: 0.1160
2025-10-10 05:42:05,080 [INFO] Época 13/30, Batch 2800/3348, Loss: 0.1069
2025-10-10 05:42:05,358 [INFO] Época 13/30, Batch 2850/3348, Loss: 0.1284
2025-10-10 05:42:05,625 [INFO] Época 13/30, Batch 2900/3348, Loss: 0.1137
2025-10-10 05:42:05,893 [INFO] Época 13/30, Batch 2950/3348, Loss: 0.0910
2025-10-10 05:42:06,162 [INFO] Época 13/30, Batch 3000/3348, Loss: 0.1082
2025-10-10 05:42:06,431 [INFO] Época 13/30, Batch 3050/3348, Loss: 0.1097
2025-10-10 05:42:06,697 [INFO] Época 13/30, Batch 3100/3348, Loss: 0.0941
2025-10-10 05:42:06,965 [INFO] Época 13/30, Batch 3150/3348, Loss: 0.1005
2025-10-10 05:42:07,231 [INFO] Época 13/30, Batch 3200/3348, Loss: 0.1043
2025-10-10 05:42:07,498 [INFO] Época 13/30, Batch 3250/3348, Loss: 0.2160
2025-10-10 05:42:07,763 [INFO] Época 13/30, Batch 3300/3348, Loss: 0.1372
2025-10-10 05:42:09,407 [INFO] [13/30] Train Loss: 0.1138 | Val Loss: 0.0804 | Tempo: 19.39s
2025-10-10 05:42:09,966 [INFO] Época 14/30, Batch 50/3348, Loss: 0.1256
2025-10-10 05:42:10,238 [INFO] Época 14/30, Batch 100/3348, Loss: 0.1532
2025-10-10 05:42:10,505 [INFO] Época 14/30, Batch 150/3348, Loss: 0.1735
2025-10-10 05:42:10,768 [INFO] Época 14/30, Batch 200/3348, Loss: 0.1663
2025-10-10 05:42:11,024 [INFO] Época 14/30, Batch 250/3348, Loss: 0.0784
2025-10-10 05:42:11,278 [INFO] Época 14/30, Batch 300/3348, Loss: 0.1064
2025-10-10 05:42:11,532 [INFO] Época 14/30, Batch 350/3348, Loss: 0.1089
2025-10-10 05:42:11,787 [INFO] Época 14/30, Batch 400/3348, Loss: 0.0690
2025-10-10 05:42:12,042 [INFO] Época 14/30, Batch 450/3348, Loss: 0.1400
2025-10-10 05:42:12,299 [INFO] Época 14/30, Batch 500/3348, Loss: 0.1073
2025-10-10 05:42:12,557 [INFO] Época 14/30, Batch 550/3348, Loss: 0.0899
2025-10-10 05:42:12,827 [INFO] Época 14/30, Batch 600/3348, Loss: 0.1286
2025-10-10 05:42:13,097 [INFO] Época 14/30, Batch 650/3348, Loss: 0.1370
2025-10-10 05:42:13,366 [INFO] Época 14/30, Batch 700/3348, Loss: 0.1408
2025-10-10 05:42:13,631 [INFO] Época 14/30, Batch 750/3348, Loss: 0.1131
2025-10-10 05:42:13,912 [INFO] Época 14/30, Batch 800/3348, Loss: 0.1156
2025-10-10 05:42:14,181 [INFO] Época 14/30, Batch 850/3348, Loss: 0.0931
2025-10-10 05:42:14,452 [INFO] Época 14/30, Batch 900/3348, Loss: 0.1160
2025-10-10 05:42:14,721 [INFO] Época 14/30, Batch 950/3348, Loss: 0.1614
2025-10-10 05:42:14,991 [INFO] Época 14/30, Batch 1000/3348, Loss: 0.1134
2025-10-10 05:42:15,261 [INFO] Época 14/30, Batch 1050/3348, Loss: 0.0724
2025-10-10 05:42:15,544 [INFO] Época 14/30, Batch 1100/3348, Loss: 0.0820
2025-10-10 05:42:15,803 [INFO] Época 14/30, Batch 1150/3348, Loss: 0.0968
2025-10-10 05:42:16,060 [INFO] Época 14/30, Batch 1200/3348, Loss: 0.0893
2025-10-10 05:42:16,318 [INFO] Época 14/30, Batch 1250/3348, Loss: 0.1319
2025-10-10 05:42:16,574 [INFO] Época 14/30, Batch 1300/3348, Loss: 0.1139
2025-10-10 05:42:16,846 [INFO] Época 14/30, Batch 1350/3348, Loss: 0.1208
2025-10-10 05:42:17,116 [INFO] Época 14/30, Batch 1400/3348, Loss: 0.0676
2025-10-10 05:42:17,384 [INFO] Época 14/30, Batch 1450/3348, Loss: 0.0908
2025-10-10 05:42:17,658 [INFO] Época 14/30, Batch 1500/3348, Loss: 0.0920
2025-10-10 05:42:17,927 [INFO] Época 14/30, Batch 1550/3348, Loss: 0.1065
2025-10-10 05:42:18,196 [INFO] Época 14/30, Batch 1600/3348, Loss: 0.1356
2025-10-10 05:42:18,464 [INFO] Época 14/30, Batch 1650/3348, Loss: 0.1081
2025-10-10 05:42:18,732 [INFO] Época 14/30, Batch 1700/3348, Loss: 0.1212
2025-10-10 05:42:19,001 [INFO] Época 14/30, Batch 1750/3348, Loss: 0.1422
2025-10-10 05:42:19,265 [INFO] Época 14/30, Batch 1800/3348, Loss: 0.1269
2025-10-10 05:42:19,527 [INFO] Época 14/30, Batch 1850/3348, Loss: 0.0487
2025-10-10 05:42:19,786 [INFO] Época 14/30, Batch 1900/3348, Loss: 0.0673
2025-10-10 05:42:20,046 [INFO] Época 14/30, Batch 1950/3348, Loss: 0.1233
2025-10-10 05:42:20,304 [INFO] Época 14/30, Batch 2000/3348, Loss: 0.1225
2025-10-10 05:42:20,566 [INFO] Época 14/30, Batch 2050/3348, Loss: 0.0792
2025-10-10 05:42:20,826 [INFO] Época 14/30, Batch 2100/3348, Loss: 0.1039
2025-10-10 05:42:21,086 [INFO] Época 14/30, Batch 2150/3348, Loss: 0.0872
2025-10-10 05:42:21,346 [INFO] Época 14/30, Batch 2200/3348, Loss: 0.1114
2025-10-10 05:42:21,611 [INFO] Época 14/30, Batch 2250/3348, Loss: 0.1286
2025-10-10 05:42:21,881 [INFO] Época 14/30, Batch 2300/3348, Loss: 0.1250
2025-10-10 05:42:22,148 [INFO] Época 14/30, Batch 2350/3348, Loss: 0.1254
2025-10-10 05:42:22,417 [INFO] Época 14/30, Batch 2400/3348, Loss: 0.0972
2025-10-10 05:42:22,691 [INFO] Época 14/30, Batch 2450/3348, Loss: 0.0620
2025-10-10 05:42:22,970 [INFO] Época 14/30, Batch 2500/3348, Loss: 0.1156
2025-10-10 05:42:23,250 [INFO] Época 14/30, Batch 2550/3348, Loss: 0.0829
2025-10-10 05:42:23,527 [INFO] Época 14/30, Batch 2600/3348, Loss: 0.1020
2025-10-10 05:42:23,791 [INFO] Época 14/30, Batch 2650/3348, Loss: 0.0664
2025-10-10 05:42:24,043 [INFO] Época 14/30, Batch 2700/3348, Loss: 0.1248
2025-10-10 05:42:24,294 [INFO] Época 14/30, Batch 2750/3348, Loss: 0.1293
2025-10-10 05:42:24,547 [INFO] Época 14/30, Batch 2800/3348, Loss: 0.1725
2025-10-10 05:42:24,798 [INFO] Época 14/30, Batch 2850/3348, Loss: 0.1034
2025-10-10 05:42:25,049 [INFO] Época 14/30, Batch 2900/3348, Loss: 0.1154
2025-10-10 05:42:25,300 [INFO] Época 14/30, Batch 2950/3348, Loss: 0.0710
2025-10-10 05:42:25,553 [INFO] Época 14/30, Batch 3000/3348, Loss: 0.1232
2025-10-10 05:42:25,822 [INFO] Época 14/30, Batch 3050/3348, Loss: 0.1062
2025-10-10 05:42:26,085 [INFO] Época 14/30, Batch 3100/3348, Loss: 0.1617
2025-10-10 05:42:26,347 [INFO] Época 14/30, Batch 3150/3348, Loss: 0.0881
2025-10-10 05:42:26,607 [INFO] Época 14/30, Batch 3200/3348, Loss: 0.1577
2025-10-10 05:42:26,869 [INFO] Época 14/30, Batch 3250/3348, Loss: 0.0612
2025-10-10 05:42:27,128 [INFO] Época 14/30, Batch 3300/3348, Loss: 0.1294
2025-10-10 05:42:28,922 [INFO] [14/30] Train Loss: 0.1108 | Val Loss: 0.0813 | Tempo: 19.51s
2025-10-10 05:42:29,474 [INFO] Época 15/30, Batch 50/3348, Loss: 0.1040
2025-10-10 05:42:29,740 [INFO] Época 15/30, Batch 100/3348, Loss: 0.0872
2025-10-10 05:42:30,005 [INFO] Época 15/30, Batch 150/3348, Loss: 0.0763
2025-10-10 05:42:30,265 [INFO] Época 15/30, Batch 200/3348, Loss: 0.1866
2025-10-10 05:42:30,527 [INFO] Época 15/30, Batch 250/3348, Loss: 0.1503
2025-10-10 05:42:30,788 [INFO] Época 15/30, Batch 300/3348, Loss: 0.0768
2025-10-10 05:42:31,056 [INFO] Época 15/30, Batch 350/3348, Loss: 0.2162
2025-10-10 05:42:31,317 [INFO] Época 15/30, Batch 400/3348, Loss: 0.0800
2025-10-10 05:42:31,576 [INFO] Época 15/30, Batch 450/3348, Loss: 0.0848
2025-10-10 05:42:31,832 [INFO] Época 15/30, Batch 500/3348, Loss: 0.1062
2025-10-10 05:42:32,093 [INFO] Época 15/30, Batch 550/3348, Loss: 0.0690
2025-10-10 05:42:32,353 [INFO] Época 15/30, Batch 600/3348, Loss: 0.0687
2025-10-10 05:42:32,613 [INFO] Época 15/30, Batch 650/3348, Loss: 0.1158
2025-10-10 05:42:32,872 [INFO] Época 15/30, Batch 700/3348, Loss: 0.0752
2025-10-10 05:42:33,130 [INFO] Época 15/30, Batch 750/3348, Loss: 0.1147
2025-10-10 05:42:33,391 [INFO] Época 15/30, Batch 800/3348, Loss: 0.1259
2025-10-10 05:42:33,649 [INFO] Época 15/30, Batch 850/3348, Loss: 0.0899
2025-10-10 05:42:33,907 [INFO] Época 15/30, Batch 900/3348, Loss: 0.0728
2025-10-10 05:42:34,165 [INFO] Época 15/30, Batch 950/3348, Loss: 0.1266
2025-10-10 05:42:34,424 [INFO] Época 15/30, Batch 1000/3348, Loss: 0.0937
2025-10-10 05:42:34,684 [INFO] Época 15/30, Batch 1050/3348, Loss: 0.0856
2025-10-10 05:42:34,944 [INFO] Época 15/30, Batch 1100/3348, Loss: 0.0943
2025-10-10 05:42:35,198 [INFO] Época 15/30, Batch 1150/3348, Loss: 0.1232
2025-10-10 05:42:35,451 [INFO] Época 15/30, Batch 1200/3348, Loss: 0.0682
2025-10-10 05:42:35,703 [INFO] Época 15/30, Batch 1250/3348, Loss: 0.1209
2025-10-10 05:42:35,959 [INFO] Época 15/30, Batch 1300/3348, Loss: 0.1442
2025-10-10 05:42:36,216 [INFO] Época 15/30, Batch 1350/3348, Loss: 0.1131
2025-10-10 05:42:36,476 [INFO] Época 15/30, Batch 1400/3348, Loss: 0.1487
2025-10-10 05:42:36,736 [INFO] Época 15/30, Batch 1450/3348, Loss: 0.1301
2025-10-10 05:42:36,993 [INFO] Época 15/30, Batch 1500/3348, Loss: 0.0977
2025-10-10 05:42:37,251 [INFO] Época 15/30, Batch 1550/3348, Loss: 0.1153
2025-10-10 05:42:37,509 [INFO] Época 15/30, Batch 1600/3348, Loss: 0.1476
2025-10-10 05:42:37,764 [INFO] Época 15/30, Batch 1650/3348, Loss: 0.0648
2025-10-10 05:42:38,023 [INFO] Época 15/30, Batch 1700/3348, Loss: 0.1134
2025-10-10 05:42:38,280 [INFO] Época 15/30, Batch 1750/3348, Loss: 0.0717
2025-10-10 05:42:38,538 [INFO] Época 15/30, Batch 1800/3348, Loss: 0.1215
2025-10-10 05:42:38,796 [INFO] Época 15/30, Batch 1850/3348, Loss: 0.1951
2025-10-10 05:42:39,054 [INFO] Época 15/30, Batch 1900/3348, Loss: 0.0826
2025-10-10 05:42:39,312 [INFO] Época 15/30, Batch 1950/3348, Loss: 0.1005
2025-10-10 05:42:39,570 [INFO] Época 15/30, Batch 2000/3348, Loss: 0.0989
2025-10-10 05:42:39,830 [INFO] Época 15/30, Batch 2050/3348, Loss: 0.1286
2025-10-10 05:42:40,086 [INFO] Época 15/30, Batch 2100/3348, Loss: 0.0589
2025-10-10 05:42:40,342 [INFO] Época 15/30, Batch 2150/3348, Loss: 0.1474
2025-10-10 05:42:40,599 [INFO] Época 15/30, Batch 2200/3348, Loss: 0.1085
2025-10-10 05:42:40,858 [INFO] Época 15/30, Batch 2250/3348, Loss: 0.0809
2025-10-10 05:42:41,115 [INFO] Época 15/30, Batch 2300/3348, Loss: 0.1651
2025-10-10 05:42:41,383 [INFO] Época 15/30, Batch 2350/3348, Loss: 0.1088
2025-10-10 05:42:41,640 [INFO] Época 15/30, Batch 2400/3348, Loss: 0.0852
2025-10-10 05:42:41,899 [INFO] Época 15/30, Batch 2450/3348, Loss: 0.1308
2025-10-10 05:42:42,156 [INFO] Época 15/30, Batch 2500/3348, Loss: 0.1036
2025-10-10 05:42:42,412 [INFO] Época 15/30, Batch 2550/3348, Loss: 0.0899
2025-10-10 05:42:42,671 [INFO] Época 15/30, Batch 2600/3348, Loss: 0.0575
2025-10-10 05:42:42,929 [INFO] Época 15/30, Batch 2650/3348, Loss: 0.0907
2025-10-10 05:42:43,187 [INFO] Época 15/30, Batch 2700/3348, Loss: 0.0965
2025-10-10 05:42:43,445 [INFO] Época 15/30, Batch 2750/3348, Loss: 0.0883
2025-10-10 05:42:43,703 [INFO] Época 15/30, Batch 2800/3348, Loss: 0.1612
2025-10-10 05:42:43,962 [INFO] Época 15/30, Batch 2850/3348, Loss: 0.1221
2025-10-10 05:42:44,220 [INFO] Época 15/30, Batch 2900/3348, Loss: 0.0886
2025-10-10 05:42:44,478 [INFO] Época 15/30, Batch 2950/3348, Loss: 0.0935
2025-10-10 05:42:44,737 [INFO] Época 15/30, Batch 3000/3348, Loss: 0.0656
2025-10-10 05:42:44,994 [INFO] Época 15/30, Batch 3050/3348, Loss: 0.0709
2025-10-10 05:42:45,253 [INFO] Época 15/30, Batch 3100/3348, Loss: 0.1994
2025-10-10 05:42:45,511 [INFO] Época 15/30, Batch 3150/3348, Loss: 0.0645
2025-10-10 05:42:45,769 [INFO] Época 15/30, Batch 3200/3348, Loss: 0.1148
2025-10-10 05:42:46,026 [INFO] Época 15/30, Batch 3250/3348, Loss: 0.0723
2025-10-10 05:42:46,283 [INFO] Época 15/30, Batch 3300/3348, Loss: 0.1129
2025-10-10 05:42:48,000 [INFO] [15/30] Train Loss: 0.1086 | Val Loss: 0.0681 | Tempo: 19.08s
2025-10-10 05:42:48,004 [INFO] Melhor modelo salvo em: /mnt/hdd/home/jdurao/ToolBox-ChemXAI/models/mlp_qm9_Physicochemical_att9_large.pth
2025-10-10 05:42:48,558 [INFO] Época 16/30, Batch 50/3348, Loss: 0.1046
2025-10-10 05:42:48,833 [INFO] Época 16/30, Batch 100/3348, Loss: 0.0964
2025-10-10 05:42:49,104 [INFO] Época 16/30, Batch 150/3348, Loss: 0.0610
2025-10-10 05:42:49,376 [INFO] Época 16/30, Batch 200/3348, Loss: 0.1048
2025-10-10 05:42:49,645 [INFO] Época 16/30, Batch 250/3348, Loss: 0.0722
2025-10-10 05:42:49,905 [INFO] Época 16/30, Batch 300/3348, Loss: 0.0686
2025-10-10 05:42:50,165 [INFO] Época 16/30, Batch 350/3348, Loss: 0.0721
2025-10-10 05:42:50,425 [INFO] Época 16/30, Batch 400/3348, Loss: 0.1128
2025-10-10 05:42:50,684 [INFO] Época 16/30, Batch 450/3348, Loss: 0.1698
2025-10-10 05:42:50,954 [INFO] Época 16/30, Batch 500/3348, Loss: 0.0802
2025-10-10 05:42:51,225 [INFO] Época 16/30, Batch 550/3348, Loss: 0.0684
2025-10-10 05:42:51,493 [INFO] Época 16/30, Batch 600/3348, Loss: 0.1314
2025-10-10 05:42:51,761 [INFO] Época 16/30, Batch 650/3348, Loss: 0.0824
2025-10-10 05:42:52,029 [INFO] Época 16/30, Batch 700/3348, Loss: 0.0766
2025-10-10 05:42:52,295 [INFO] Época 16/30, Batch 750/3348, Loss: 0.1306
2025-10-10 05:42:52,563 [INFO] Época 16/30, Batch 800/3348, Loss: 0.0928
2025-10-10 05:42:52,825 [INFO] Época 16/30, Batch 850/3348, Loss: 0.1147
2025-10-10 05:42:53,083 [INFO] Época 16/30, Batch 900/3348, Loss: 0.0821
2025-10-10 05:42:53,342 [INFO] Época 16/30, Batch 950/3348, Loss: 0.2125
2025-10-10 05:42:53,610 [INFO] Época 16/30, Batch 1000/3348, Loss: 0.0901
2025-10-10 05:42:53,884 [INFO] Época 16/30, Batch 1050/3348, Loss: 0.0781
2025-10-10 05:42:54,147 [INFO] Época 16/30, Batch 1100/3348, Loss: 0.1008
2025-10-10 05:42:54,405 [INFO] Época 16/30, Batch 1150/3348, Loss: 0.1127
2025-10-10 05:42:54,666 [INFO] Época 16/30, Batch 1200/3348, Loss: 0.1072
2025-10-10 05:42:54,930 [INFO] Época 16/30, Batch 1250/3348, Loss: 0.0813
2025-10-10 05:42:55,188 [INFO] Época 16/30, Batch 1300/3348, Loss: 0.0823
2025-10-10 05:42:55,448 [INFO] Época 16/30, Batch 1350/3348, Loss: 0.0718
2025-10-10 05:42:55,705 [INFO] Época 16/30, Batch 1400/3348, Loss: 0.0845
2025-10-10 05:42:55,964 [INFO] Época 16/30, Batch 1450/3348, Loss: 0.1398
2025-10-10 05:42:56,224 [INFO] Época 16/30, Batch 1500/3348, Loss: 0.1337
2025-10-10 05:42:56,486 [INFO] Época 16/30, Batch 1550/3348, Loss: 0.0897
2025-10-10 05:42:56,748 [INFO] Época 16/30, Batch 1600/3348, Loss: 0.0918
2025-10-10 05:42:57,018 [INFO] Época 16/30, Batch 1650/3348, Loss: 0.0885
2025-10-10 05:42:57,276 [INFO] Época 16/30, Batch 1700/3348, Loss: 0.1223
2025-10-10 05:42:57,533 [INFO] Época 16/30, Batch 1750/3348, Loss: 0.0799
2025-10-10 05:42:57,789 [INFO] Época 16/30, Batch 1800/3348, Loss: 0.1263
2025-10-10 05:42:58,046 [INFO] Época 16/30, Batch 1850/3348, Loss: 0.1184
2025-10-10 05:42:58,302 [INFO] Época 16/30, Batch 1900/3348, Loss: 0.0790
2025-10-10 05:42:58,559 [INFO] Época 16/30, Batch 1950/3348, Loss: 0.0987
2025-10-10 05:42:58,816 [INFO] Época 16/30, Batch 2000/3348, Loss: 0.0892
2025-10-10 05:42:59,071 [INFO] Época 16/30, Batch 2050/3348, Loss: 0.1391
2025-10-10 05:42:59,330 [INFO] Época 16/30, Batch 2100/3348, Loss: 0.0897
2025-10-10 05:42:59,590 [INFO] Época 16/30, Batch 2150/3348, Loss: 0.1415
2025-10-10 05:42:59,846 [INFO] Época 16/30, Batch 2200/3348, Loss: 0.1007
2025-10-10 05:43:00,101 [INFO] Época 16/30, Batch 2250/3348, Loss: 0.1740
2025-10-10 05:43:00,356 [INFO] Época 16/30, Batch 2300/3348, Loss: 0.1177
2025-10-10 05:43:00,613 [INFO] Época 16/30, Batch 2350/3348, Loss: 0.1058
2025-10-10 05:43:00,868 [INFO] Época 16/30, Batch 2400/3348, Loss: 0.1169
2025-10-10 05:43:01,127 [INFO] Época 16/30, Batch 2450/3348, Loss: 0.0583
2025-10-10 05:43:01,382 [INFO] Época 16/30, Batch 2500/3348, Loss: 0.1208
2025-10-10 05:43:01,640 [INFO] Época 16/30, Batch 2550/3348, Loss: 0.1495
2025-10-10 05:43:01,896 [INFO] Época 16/30, Batch 2600/3348, Loss: 0.0953
2025-10-10 05:43:02,162 [INFO] Época 16/30, Batch 2650/3348, Loss: 0.0793
2025-10-10 05:43:02,419 [INFO] Época 16/30, Batch 2700/3348, Loss: 0.1151
2025-10-10 05:43:02,675 [INFO] Época 16/30, Batch 2750/3348, Loss: 0.0866
2025-10-10 05:43:02,932 [INFO] Época 16/30, Batch 2800/3348, Loss: 0.0769
2025-10-10 05:43:03,190 [INFO] Época 16/30, Batch 2850/3348, Loss: 0.0639
2025-10-10 05:43:03,447 [INFO] Época 16/30, Batch 2900/3348, Loss: 0.0690
2025-10-10 05:43:03,704 [INFO] Época 16/30, Batch 2950/3348, Loss: 0.1018
2025-10-10 05:43:03,958 [INFO] Época 16/30, Batch 3000/3348, Loss: 0.0820
2025-10-10 05:43:04,215 [INFO] Época 16/30, Batch 3050/3348, Loss: 0.0771
2025-10-10 05:43:04,474 [INFO] Época 16/30, Batch 3100/3348, Loss: 0.1127
2025-10-10 05:43:04,732 [INFO] Época 16/30, Batch 3150/3348, Loss: 0.1316
2025-10-10 05:43:04,989 [INFO] Época 16/30, Batch 3200/3348, Loss: 0.1029
2025-10-10 05:43:05,247 [INFO] Época 16/30, Batch 3250/3348, Loss: 0.1002
2025-10-10 05:43:05,507 [INFO] Época 16/30, Batch 3300/3348, Loss: 0.1153
2025-10-10 05:43:07,263 [INFO] [16/30] Train Loss: 0.1058 | Val Loss: 0.0721 | Tempo: 19.26s
2025-10-10 05:43:07,829 [INFO] Época 17/30, Batch 50/3348, Loss: 0.1000
2025-10-10 05:43:08,093 [INFO] Época 17/30, Batch 100/3348, Loss: 0.1347
2025-10-10 05:43:08,352 [INFO] Época 17/30, Batch 150/3348, Loss: 0.1107
2025-10-10 05:43:08,612 [INFO] Época 17/30, Batch 200/3348, Loss: 0.1157
2025-10-10 05:43:08,872 [INFO] Época 17/30, Batch 250/3348, Loss: 0.1154
2025-10-10 05:43:09,131 [INFO] Época 17/30, Batch 300/3348, Loss: 0.1301
2025-10-10 05:43:09,392 [INFO] Época 17/30, Batch 350/3348, Loss: 0.0987
2025-10-10 05:43:09,651 [INFO] Época 17/30, Batch 400/3348, Loss: 0.1162
2025-10-10 05:43:09,913 [INFO] Época 17/30, Batch 450/3348, Loss: 0.1133
2025-10-10 05:43:10,170 [INFO] Época 17/30, Batch 500/3348, Loss: 0.0819
2025-10-10 05:43:10,430 [INFO] Época 17/30, Batch 550/3348, Loss: 0.1506
2025-10-10 05:43:10,690 [INFO] Época 17/30, Batch 600/3348, Loss: 0.0683
2025-10-10 05:43:10,947 [INFO] Época 17/30, Batch 650/3348, Loss: 0.0645
2025-10-10 05:43:11,206 [INFO] Época 17/30, Batch 700/3348, Loss: 0.1195
2025-10-10 05:43:11,462 [INFO] Época 17/30, Batch 750/3348, Loss: 0.0941
2025-10-10 05:43:11,719 [INFO] Época 17/30, Batch 800/3348, Loss: 0.0973
2025-10-10 05:43:11,977 [INFO] Época 17/30, Batch 850/3348, Loss: 0.0676
2025-10-10 05:43:12,225 [INFO] Época 17/30, Batch 900/3348, Loss: 0.1181
2025-10-10 05:43:12,469 [INFO] Época 17/30, Batch 950/3348, Loss: 0.1169
2025-10-10 05:43:12,714 [INFO] Época 17/30, Batch 1000/3348, Loss: 0.0831
2025-10-10 05:43:12,957 [INFO] Época 17/30, Batch 1050/3348, Loss: 0.0640
2025-10-10 05:43:13,202 [INFO] Época 17/30, Batch 1100/3348, Loss: 0.1352
2025-10-10 05:43:13,444 [INFO] Época 17/30, Batch 1150/3348, Loss: 0.1187
2025-10-10 05:43:13,692 [INFO] Época 17/30, Batch 1200/3348, Loss: 0.0858
2025-10-10 05:43:13,943 [INFO] Época 17/30, Batch 1250/3348, Loss: 0.0986
2025-10-10 05:43:14,199 [INFO] Época 17/30, Batch 1300/3348, Loss: 0.1268
2025-10-10 05:43:14,462 [INFO] Época 17/30, Batch 1350/3348, Loss: 0.1001
2025-10-10 05:43:14,726 [INFO] Época 17/30, Batch 1400/3348, Loss: 0.1572
2025-10-10 05:43:14,990 [INFO] Época 17/30, Batch 1450/3348, Loss: 0.0741
2025-10-10 05:43:15,253 [INFO] Época 17/30, Batch 1500/3348, Loss: 0.1347
2025-10-10 05:43:15,516 [INFO] Época 17/30, Batch 1550/3348, Loss: 0.1038
2025-10-10 05:43:15,775 [INFO] Época 17/30, Batch 1600/3348, Loss: 0.1368
2025-10-10 05:43:16,030 [INFO] Época 17/30, Batch 1650/3348, Loss: 0.0923
2025-10-10 05:43:16,282 [INFO] Época 17/30, Batch 1700/3348, Loss: 0.1177
2025-10-10 05:43:16,532 [INFO] Época 17/30, Batch 1750/3348, Loss: 0.0560
2025-10-10 05:43:16,784 [INFO] Época 17/30, Batch 1800/3348, Loss: 0.0639
2025-10-10 05:43:17,035 [INFO] Época 17/30, Batch 1850/3348, Loss: 0.1093
2025-10-10 05:43:17,286 [INFO] Época 17/30, Batch 1900/3348, Loss: 0.1626
2025-10-10 05:43:17,537 [INFO] Época 17/30, Batch 1950/3348, Loss: 0.1215
2025-10-10 05:43:17,801 [INFO] Época 17/30, Batch 2000/3348, Loss: 0.1457
2025-10-10 05:43:18,052 [INFO] Época 17/30, Batch 2050/3348, Loss: 0.0991
2025-10-10 05:43:18,305 [INFO] Época 17/30, Batch 2100/3348, Loss: 0.1182
2025-10-10 05:43:18,557 [INFO] Época 17/30, Batch 2150/3348, Loss: 0.1082
2025-10-10 05:43:18,809 [INFO] Época 17/30, Batch 2200/3348, Loss: 0.1203
2025-10-10 05:43:19,062 [INFO] Época 17/30, Batch 2250/3348, Loss: 0.1351
2025-10-10 05:43:19,314 [INFO] Época 17/30, Batch 2300/3348, Loss: 0.0666
2025-10-10 05:43:19,567 [INFO] Época 17/30, Batch 2350/3348, Loss: 0.0561
2025-10-10 05:43:19,831 [INFO] Época 17/30, Batch 2400/3348, Loss: 0.0721
2025-10-10 05:43:20,093 [INFO] Época 17/30, Batch 2450/3348, Loss: 0.0660
2025-10-10 05:43:20,357 [INFO] Época 17/30, Batch 2500/3348, Loss: 0.1266
2025-10-10 05:43:20,621 [INFO] Época 17/30, Batch 2550/3348, Loss: 0.1064
2025-10-10 05:43:20,875 [INFO] Época 17/30, Batch 2600/3348, Loss: 0.1657
2025-10-10 05:43:21,131 [INFO] Época 17/30, Batch 2650/3348, Loss: 0.0805
2025-10-10 05:43:21,394 [INFO] Época 17/30, Batch 2700/3348, Loss: 0.1734
2025-10-10 05:43:21,659 [INFO] Época 17/30, Batch 2750/3348, Loss: 0.1083
2025-10-10 05:43:21,925 [INFO] Época 17/30, Batch 2800/3348, Loss: 0.1332
2025-10-10 05:43:22,192 [INFO] Época 17/30, Batch 2850/3348, Loss: 0.1374
2025-10-10 05:43:22,460 [INFO] Época 17/30, Batch 2900/3348, Loss: 0.1429
2025-10-10 05:43:22,724 [INFO] Época 17/30, Batch 2950/3348, Loss: 0.1106
2025-10-10 05:43:22,999 [INFO] Época 17/30, Batch 3000/3348, Loss: 0.1734
2025-10-10 05:43:23,265 [INFO] Época 17/30, Batch 3050/3348, Loss: 0.1574
2025-10-10 05:43:23,532 [INFO] Época 17/30, Batch 3100/3348, Loss: 0.0559
2025-10-10 05:43:23,797 [INFO] Época 17/30, Batch 3150/3348, Loss: 0.1418
2025-10-10 05:43:24,062 [INFO] Época 17/30, Batch 3200/3348, Loss: 0.0758
2025-10-10 05:43:24,326 [INFO] Época 17/30, Batch 3250/3348, Loss: 0.0769
2025-10-10 05:43:24,593 [INFO] Época 17/30, Batch 3300/3348, Loss: 0.2271
2025-10-10 05:43:26,318 [INFO] [17/30] Train Loss: 0.1036 | Val Loss: 0.0742 | Tempo: 19.05s
2025-10-10 05:43:26,863 [INFO] Época 18/30, Batch 50/3348, Loss: 0.1111
2025-10-10 05:43:27,135 [INFO] Época 18/30, Batch 100/3348, Loss: 0.0975
2025-10-10 05:43:27,404 [INFO] Época 18/30, Batch 150/3348, Loss: 0.0727
2025-10-10 05:43:27,670 [INFO] Época 18/30, Batch 200/3348, Loss: 0.1293
2025-10-10 05:43:27,935 [INFO] Época 18/30, Batch 250/3348, Loss: 0.0444
2025-10-10 05:43:28,199 [INFO] Época 18/30, Batch 300/3348, Loss: 0.0983
2025-10-10 05:43:28,463 [INFO] Época 18/30, Batch 350/3348, Loss: 0.0796
2025-10-10 05:43:28,727 [INFO] Época 18/30, Batch 400/3348, Loss: 0.0681
2025-10-10 05:43:28,986 [INFO] Época 18/30, Batch 450/3348, Loss: 0.0918
2025-10-10 05:43:29,245 [INFO] Época 18/30, Batch 500/3348, Loss: 0.1271
2025-10-10 05:43:29,504 [INFO] Época 18/30, Batch 550/3348, Loss: 0.1076
2025-10-10 05:43:29,767 [INFO] Época 18/30, Batch 600/3348, Loss: 0.0805
2025-10-10 05:43:30,031 [INFO] Época 18/30, Batch 650/3348, Loss: 0.1388
2025-10-10 05:43:30,292 [INFO] Época 18/30, Batch 700/3348, Loss: 0.1083
2025-10-10 05:43:30,549 [INFO] Época 18/30, Batch 750/3348, Loss: 0.1072
2025-10-10 05:43:30,810 [INFO] Época 18/30, Batch 800/3348, Loss: 0.0676
2025-10-10 05:43:31,067 [INFO] Época 18/30, Batch 850/3348, Loss: 0.0764
2025-10-10 05:43:31,328 [INFO] Época 18/30, Batch 900/3348, Loss: 0.0613
2025-10-10 05:43:31,589 [INFO] Época 18/30, Batch 950/3348, Loss: 0.0825
2025-10-10 05:43:31,852 [INFO] Época 18/30, Batch 1000/3348, Loss: 0.1291
2025-10-10 05:43:32,110 [INFO] Época 18/30, Batch 1050/3348, Loss: 0.0997
2025-10-10 05:43:32,371 [INFO] Época 18/30, Batch 1100/3348, Loss: 0.1181
2025-10-10 05:43:32,633 [INFO] Época 18/30, Batch 1150/3348, Loss: 0.0886
2025-10-10 05:43:32,893 [INFO] Época 18/30, Batch 1200/3348, Loss: 0.0948
2025-10-10 05:43:33,147 [INFO] Época 18/30, Batch 1250/3348, Loss: 0.1127
2025-10-10 05:43:33,411 [INFO] Época 18/30, Batch 1300/3348, Loss: 0.1071
2025-10-10 05:43:33,665 [INFO] Época 18/30, Batch 1350/3348, Loss: 0.1176
2025-10-10 05:43:33,918 [INFO] Época 18/30, Batch 1400/3348, Loss: 0.1147
2025-10-10 05:43:34,172 [INFO] Época 18/30, Batch 1450/3348, Loss: 0.0609
2025-10-10 05:43:34,425 [INFO] Época 18/30, Batch 1500/3348, Loss: 0.0958
2025-10-10 05:43:34,683 [INFO] Época 18/30, Batch 1550/3348, Loss: 0.1050
2025-10-10 05:43:34,947 [INFO] Época 18/30, Batch 1600/3348, Loss: 0.1007
2025-10-10 05:43:35,212 [INFO] Época 18/30, Batch 1650/3348, Loss: 0.0922
2025-10-10 05:43:35,469 [INFO] Época 18/30, Batch 1700/3348, Loss: 0.0776
2025-10-10 05:43:35,723 [INFO] Época 18/30, Batch 1750/3348, Loss: 0.0943
2025-10-10 05:43:35,974 [INFO] Época 18/30, Batch 1800/3348, Loss: 0.0973
2025-10-10 05:43:36,225 [INFO] Época 18/30, Batch 1850/3348, Loss: 0.0836
2025-10-10 05:43:36,477 [INFO] Época 18/30, Batch 1900/3348, Loss: 0.1240
2025-10-10 05:43:36,729 [INFO] Época 18/30, Batch 1950/3348, Loss: 0.1043
2025-10-10 05:43:36,982 [INFO] Época 18/30, Batch 2000/3348, Loss: 0.1025
2025-10-10 05:43:37,232 [INFO] Época 18/30, Batch 2050/3348, Loss: 0.0942
2025-10-10 05:43:37,487 [INFO] Época 18/30, Batch 2100/3348, Loss: 0.1060
2025-10-10 05:43:37,745 [INFO] Época 18/30, Batch 2150/3348, Loss: 0.1810
2025-10-10 05:43:38,006 [INFO] Época 18/30, Batch 2200/3348, Loss: 0.0827
2025-10-10 05:43:38,265 [INFO] Época 18/30, Batch 2250/3348, Loss: 0.0628
2025-10-10 05:43:38,538 [INFO] Época 18/30, Batch 2300/3348, Loss: 0.0834
2025-10-10 05:43:38,797 [INFO] Época 18/30, Batch 2350/3348, Loss: 0.1050
2025-10-10 05:43:39,058 [INFO] Época 18/30, Batch 2400/3348, Loss: 0.0930
2025-10-10 05:43:39,318 [INFO] Época 18/30, Batch 2450/3348, Loss: 0.0723
2025-10-10 05:43:39,578 [INFO] Época 18/30, Batch 2500/3348, Loss: 0.1636
2025-10-10 05:43:39,837 [INFO] Época 18/30, Batch 2550/3348, Loss: 0.1512
2025-10-10 05:43:40,097 [INFO] Época 18/30, Batch 2600/3348, Loss: 0.0869
2025-10-10 05:43:40,358 [INFO] Época 18/30, Batch 2650/3348, Loss: 0.1172
2025-10-10 05:43:40,620 [INFO] Época 18/30, Batch 2700/3348, Loss: 0.0661
2025-10-10 05:43:40,880 [INFO] Época 18/30, Batch 2750/3348, Loss: 0.0998
2025-10-10 05:43:41,142 [INFO] Época 18/30, Batch 2800/3348, Loss: 0.0890
2025-10-10 05:43:41,402 [INFO] Época 18/30, Batch 2850/3348, Loss: 0.0959
2025-10-10 05:43:41,660 [INFO] Época 18/30, Batch 2900/3348, Loss: 0.1016
2025-10-10 05:43:41,921 [INFO] Época 18/30, Batch 2950/3348, Loss: 0.1353
2025-10-10 05:43:42,181 [INFO] Época 18/30, Batch 3000/3348, Loss: 0.1009
2025-10-10 05:43:42,441 [INFO] Época 18/30, Batch 3050/3348, Loss: 0.0935
2025-10-10 05:43:42,701 [INFO] Época 18/30, Batch 3100/3348, Loss: 0.1568
2025-10-10 05:43:42,961 [INFO] Época 18/30, Batch 3150/3348, Loss: 0.0742
2025-10-10 05:43:43,223 [INFO] Época 18/30, Batch 3200/3348, Loss: 0.1144
2025-10-10 05:43:43,482 [INFO] Época 18/30, Batch 3250/3348, Loss: 0.0599
2025-10-10 05:43:43,744 [INFO] Época 18/30, Batch 3300/3348, Loss: 0.1129
2025-10-10 05:43:45,540 [INFO] [18/30] Train Loss: 0.1015 | Val Loss: 0.0710 | Tempo: 19.22s
2025-10-10 05:43:46,092 [INFO] Época 19/30, Batch 50/3348, Loss: 0.0976
2025-10-10 05:43:46,355 [INFO] Época 19/30, Batch 100/3348, Loss: 0.1177
2025-10-10 05:43:46,618 [INFO] Época 19/30, Batch 150/3348, Loss: 0.0719
2025-10-10 05:43:46,881 [INFO] Época 19/30, Batch 200/3348, Loss: 0.0768
2025-10-10 05:43:47,140 [INFO] Época 19/30, Batch 250/3348, Loss: 0.1466
2025-10-10 05:43:47,398 [INFO] Época 19/30, Batch 300/3348, Loss: 0.0911
2025-10-10 05:43:47,658 [INFO] Época 19/30, Batch 350/3348, Loss: 0.0878
2025-10-10 05:43:47,918 [INFO] Época 19/30, Batch 400/3348, Loss: 0.0823
2025-10-10 05:43:48,176 [INFO] Época 19/30, Batch 450/3348, Loss: 0.1543
2025-10-10 05:43:48,431 [INFO] Época 19/30, Batch 500/3348, Loss: 0.1060
2025-10-10 05:43:48,689 [INFO] Época 19/30, Batch 550/3348, Loss: 0.1298
2025-10-10 05:43:48,950 [INFO] Época 19/30, Batch 600/3348, Loss: 0.0715
2025-10-10 05:43:49,213 [INFO] Época 19/30, Batch 650/3348, Loss: 0.1096
2025-10-10 05:43:49,476 [INFO] Época 19/30, Batch 700/3348, Loss: 0.1096
2025-10-10 05:43:49,734 [INFO] Época 19/30, Batch 750/3348, Loss: 0.0928
2025-10-10 05:43:49,993 [INFO] Época 19/30, Batch 800/3348, Loss: 0.1192
2025-10-10 05:43:50,251 [INFO] Época 19/30, Batch 850/3348, Loss: 0.0494
2025-10-10 05:43:50,509 [INFO] Época 19/30, Batch 900/3348, Loss: 0.1038
2025-10-10 05:43:50,768 [INFO] Época 19/30, Batch 950/3348, Loss: 0.0813
2025-10-10 05:43:51,026 [INFO] Época 19/30, Batch 1000/3348, Loss: 0.0976
2025-10-10 05:43:51,282 [INFO] Época 19/30, Batch 1050/3348, Loss: 0.0828
2025-10-10 05:43:51,533 [INFO] Época 19/30, Batch 1100/3348, Loss: 0.0926
2025-10-10 05:43:51,783 [INFO] Época 19/30, Batch 1150/3348, Loss: 0.0799
2025-10-10 05:43:52,036 [INFO] Época 19/30, Batch 1200/3348, Loss: 0.0670
2025-10-10 05:43:52,290 [INFO] Época 19/30, Batch 1250/3348, Loss: 0.0911
2025-10-10 05:43:52,549 [INFO] Época 19/30, Batch 1300/3348, Loss: 0.0905
2025-10-10 05:43:52,809 [INFO] Época 19/30, Batch 1350/3348, Loss: 0.1524
2025-10-10 05:43:53,067 [INFO] Época 19/30, Batch 1400/3348, Loss: 0.0923
2025-10-10 05:43:53,326 [INFO] Época 19/30, Batch 1450/3348, Loss: 0.1094
2025-10-10 05:43:53,587 [INFO] Época 19/30, Batch 1500/3348, Loss: 0.0957
2025-10-10 05:43:53,846 [INFO] Época 19/30, Batch 1550/3348, Loss: 0.0588
2025-10-10 05:43:54,106 [INFO] Época 19/30, Batch 1600/3348, Loss: 0.0830
2025-10-10 05:43:54,367 [INFO] Época 19/30, Batch 1650/3348, Loss: 0.1830
2025-10-10 05:43:54,628 [INFO] Época 19/30, Batch 1700/3348, Loss: 0.1335
2025-10-10 05:43:54,888 [INFO] Época 19/30, Batch 1750/3348, Loss: 0.1011
2025-10-10 05:43:55,149 [INFO] Época 19/30, Batch 1800/3348, Loss: 0.0926
2025-10-10 05:43:55,412 [INFO] Época 19/30, Batch 1850/3348, Loss: 0.0956
2025-10-10 05:43:55,670 [INFO] Época 19/30, Batch 1900/3348, Loss: 0.0760
2025-10-10 05:43:55,931 [INFO] Época 19/30, Batch 1950/3348, Loss: 0.0984
2025-10-10 05:43:56,190 [INFO] Época 19/30, Batch 2000/3348, Loss: 0.1048
2025-10-10 05:43:56,449 [INFO] Época 19/30, Batch 2050/3348, Loss: 0.1101
2025-10-10 05:43:56,710 [INFO] Época 19/30, Batch 2100/3348, Loss: 0.1018
2025-10-10 05:43:56,972 [INFO] Época 19/30, Batch 2150/3348, Loss: 0.0842
2025-10-10 05:43:57,234 [INFO] Época 19/30, Batch 2200/3348, Loss: 0.1342
2025-10-10 05:43:57,495 [INFO] Época 19/30, Batch 2250/3348, Loss: 0.1519
2025-10-10 05:43:57,757 [INFO] Época 19/30, Batch 2300/3348, Loss: 0.1234
2025-10-10 05:43:58,015 [INFO] Época 19/30, Batch 2350/3348, Loss: 0.1408
2025-10-10 05:43:58,273 [INFO] Época 19/30, Batch 2400/3348, Loss: 0.0959
2025-10-10 05:43:58,532 [INFO] Época 19/30, Batch 2450/3348, Loss: 0.0912
2025-10-10 05:43:58,794 [INFO] Época 19/30, Batch 2500/3348, Loss: 0.1077
2025-10-10 05:43:59,055 [INFO] Época 19/30, Batch 2550/3348, Loss: 0.1160
2025-10-10 05:43:59,325 [INFO] Época 19/30, Batch 2600/3348, Loss: 0.1195
2025-10-10 05:43:59,583 [INFO] Época 19/30, Batch 2650/3348, Loss: 0.0764
2025-10-10 05:43:59,843 [INFO] Época 19/30, Batch 2700/3348, Loss: 0.0990
2025-10-10 05:44:00,103 [INFO] Época 19/30, Batch 2750/3348, Loss: 0.1049
2025-10-10 05:44:00,362 [INFO] Época 19/30, Batch 2800/3348, Loss: 0.0734
2025-10-10 05:44:00,623 [INFO] Época 19/30, Batch 2850/3348, Loss: 0.0775
2025-10-10 05:44:00,883 [INFO] Época 19/30, Batch 2900/3348, Loss: 0.1065
2025-10-10 05:44:01,149 [INFO] Época 19/30, Batch 2950/3348, Loss: 0.0927
2025-10-10 05:44:01,418 [INFO] Época 19/30, Batch 3000/3348, Loss: 0.0495
2025-10-10 05:44:01,683 [INFO] Época 19/30, Batch 3050/3348, Loss: 0.1040
2025-10-10 05:44:01,946 [INFO] Época 19/30, Batch 3100/3348, Loss: 0.0908
2025-10-10 05:44:02,207 [INFO] Época 19/30, Batch 3150/3348, Loss: 0.1025
2025-10-10 05:44:02,470 [INFO] Época 19/30, Batch 3200/3348, Loss: 0.1271
2025-10-10 05:44:02,735 [INFO] Época 19/30, Batch 3250/3348, Loss: 0.0854
2025-10-10 05:44:02,999 [INFO] Época 19/30, Batch 3300/3348, Loss: 0.1167
2025-10-10 05:44:04,810 [INFO] [19/30] Train Loss: 0.0994 | Val Loss: 0.0604 | Tempo: 19.27s
2025-10-10 05:44:04,817 [INFO] Melhor modelo salvo em: /mnt/hdd/home/jdurao/ToolBox-ChemXAI/models/mlp_qm9_Physicochemical_att9_large.pth
2025-10-10 05:44:05,367 [INFO] Época 20/30, Batch 50/3348, Loss: 0.1037
2025-10-10 05:44:05,630 [INFO] Época 20/30, Batch 100/3348, Loss: 0.0840
2025-10-10 05:44:05,890 [INFO] Época 20/30, Batch 150/3348, Loss: 0.0856
2025-10-10 05:44:06,152 [INFO] Época 20/30, Batch 200/3348, Loss: 0.0540
2025-10-10 05:44:06,411 [INFO] Época 20/30, Batch 250/3348, Loss: 0.0429
2025-10-10 05:44:06,669 [INFO] Época 20/30, Batch 300/3348, Loss: 0.0724
2025-10-10 05:44:06,926 [INFO] Época 20/30, Batch 350/3348, Loss: 0.0737
2025-10-10 05:44:07,185 [INFO] Época 20/30, Batch 400/3348, Loss: 0.1233
2025-10-10 05:44:07,445 [INFO] Época 20/30, Batch 450/3348, Loss: 0.1675
2025-10-10 05:44:07,703 [INFO] Época 20/30, Batch 500/3348, Loss: 0.1201
2025-10-10 05:44:07,959 [INFO] Época 20/30, Batch 550/3348, Loss: 0.1104
2025-10-10 05:44:08,217 [INFO] Época 20/30, Batch 600/3348, Loss: 0.0707
2025-10-10 05:44:08,475 [INFO] Época 20/30, Batch 650/3348, Loss: 0.0917
2025-10-10 05:44:08,731 [INFO] Época 20/30, Batch 700/3348, Loss: 0.1567
2025-10-10 05:44:08,987 [INFO] Época 20/30, Batch 750/3348, Loss: 0.1226
2025-10-10 05:44:09,244 [INFO] Época 20/30, Batch 800/3348, Loss: 0.0930
2025-10-10 05:44:09,498 [INFO] Época 20/30, Batch 850/3348, Loss: 0.0791
2025-10-10 05:44:09,746 [INFO] Época 20/30, Batch 900/3348, Loss: 0.0680
2025-10-10 05:44:09,996 [INFO] Época 20/30, Batch 950/3348, Loss: 0.0782
2025-10-10 05:44:10,257 [INFO] Época 20/30, Batch 1000/3348, Loss: 0.0902
2025-10-10 05:44:10,506 [INFO] Época 20/30, Batch 1050/3348, Loss: 0.0815
2025-10-10 05:44:10,757 [INFO] Época 20/30, Batch 1100/3348, Loss: 0.1257
2025-10-10 05:44:11,004 [INFO] Época 20/30, Batch 1150/3348, Loss: 0.0501
2025-10-10 05:44:11,253 [INFO] Época 20/30, Batch 1200/3348, Loss: 0.0980
2025-10-10 05:44:11,510 [INFO] Época 20/30, Batch 1250/3348, Loss: 0.0678
2025-10-10 05:44:11,768 [INFO] Época 20/30, Batch 1300/3348, Loss: 0.1021
2025-10-10 05:44:12,026 [INFO] Época 20/30, Batch 1350/3348, Loss: 0.0759
2025-10-10 05:44:12,280 [INFO] Época 20/30, Batch 1400/3348, Loss: 0.1536
2025-10-10 05:44:12,537 [INFO] Época 20/30, Batch 1450/3348, Loss: 0.0585
2025-10-10 05:44:12,795 [INFO] Época 20/30, Batch 1500/3348, Loss: 0.0524
2025-10-10 05:44:13,053 [INFO] Época 20/30, Batch 1550/3348, Loss: 0.0718
2025-10-10 05:44:13,312 [INFO] Época 20/30, Batch 1600/3348, Loss: 0.0810
2025-10-10 05:44:13,568 [INFO] Época 20/30, Batch 1650/3348, Loss: 0.1089
2025-10-10 05:44:13,825 [INFO] Época 20/30, Batch 1700/3348, Loss: 0.1061
2025-10-10 05:44:14,086 [INFO] Época 20/30, Batch 1750/3348, Loss: 0.2046
2025-10-10 05:44:14,344 [INFO] Época 20/30, Batch 1800/3348, Loss: 0.0803
2025-10-10 05:44:14,603 [INFO] Época 20/30, Batch 1850/3348, Loss: 0.0973
2025-10-10 05:44:14,861 [INFO] Época 20/30, Batch 1900/3348, Loss: 0.0498
2025-10-10 05:44:15,118 [INFO] Época 20/30, Batch 1950/3348, Loss: 0.1262
2025-10-10 05:44:15,378 [INFO] Época 20/30, Batch 2000/3348, Loss: 0.0793
2025-10-10 05:44:15,636 [INFO] Época 20/30, Batch 2050/3348, Loss: 0.0743
2025-10-10 05:44:15,892 [INFO] Época 20/30, Batch 2100/3348, Loss: 0.0723
2025-10-10 05:44:16,149 [INFO] Época 20/30, Batch 2150/3348, Loss: 0.0759
2025-10-10 05:44:16,405 [INFO] Época 20/30, Batch 2200/3348, Loss: 0.0661
2025-10-10 05:44:16,663 [INFO] Época 20/30, Batch 2250/3348, Loss: 0.0732
2025-10-10 05:44:16,924 [INFO] Época 20/30, Batch 2300/3348, Loss: 0.1229
2025-10-10 05:44:17,186 [INFO] Época 20/30, Batch 2350/3348, Loss: 0.0975
2025-10-10 05:44:17,447 [INFO] Época 20/30, Batch 2400/3348, Loss: 0.0944
2025-10-10 05:44:17,708 [INFO] Época 20/30, Batch 2450/3348, Loss: 0.1236
2025-10-10 05:44:17,971 [INFO] Época 20/30, Batch 2500/3348, Loss: 0.1188
2025-10-10 05:44:18,231 [INFO] Época 20/30, Batch 2550/3348, Loss: 0.0961
2025-10-10 05:44:18,492 [INFO] Época 20/30, Batch 2600/3348, Loss: 0.0663
2025-10-10 05:44:18,754 [INFO] Época 20/30, Batch 2650/3348, Loss: 0.1163
2025-10-10 05:44:19,013 [INFO] Época 20/30, Batch 2700/3348, Loss: 0.0839
2025-10-10 05:44:19,271 [INFO] Época 20/30, Batch 2750/3348, Loss: 0.0524
2025-10-10 05:44:19,528 [INFO] Época 20/30, Batch 2800/3348, Loss: 0.0909
2025-10-10 05:44:19,783 [INFO] Época 20/30, Batch 2850/3348, Loss: 0.0706
2025-10-10 05:44:20,041 [INFO] Época 20/30, Batch 2900/3348, Loss: 0.1025
2025-10-10 05:44:20,296 [INFO] Época 20/30, Batch 2950/3348, Loss: 0.1683
2025-10-10 05:44:20,565 [INFO] Época 20/30, Batch 3000/3348, Loss: 0.0844
2025-10-10 05:44:20,819 [INFO] Época 20/30, Batch 3050/3348, Loss: 0.0822
2025-10-10 05:44:21,072 [INFO] Época 20/30, Batch 3100/3348, Loss: 0.0918
2025-10-10 05:44:21,325 [INFO] Época 20/30, Batch 3150/3348, Loss: 0.1427
2025-10-10 05:44:21,582 [INFO] Época 20/30, Batch 3200/3348, Loss: 0.0863
2025-10-10 05:44:21,837 [INFO] Época 20/30, Batch 3250/3348, Loss: 0.1217
2025-10-10 05:44:22,093 [INFO] Época 20/30, Batch 3300/3348, Loss: 0.1360
2025-10-10 05:44:23,903 [INFO] [20/30] Train Loss: 0.0977 | Val Loss: 0.0626 | Tempo: 19.09s
2025-10-10 05:44:24,458 [INFO] Época 21/30, Batch 50/3348, Loss: 0.1431
2025-10-10 05:44:24,720 [INFO] Época 21/30, Batch 100/3348, Loss: 0.1191
2025-10-10 05:44:24,983 [INFO] Época 21/30, Batch 150/3348, Loss: 0.0972
2025-10-10 05:44:25,245 [INFO] Época 21/30, Batch 200/3348, Loss: 0.0892
2025-10-10 05:44:25,504 [INFO] Época 21/30, Batch 250/3348, Loss: 0.1373
2025-10-10 05:44:25,764 [INFO] Época 21/30, Batch 300/3348, Loss: 0.0690
2025-10-10 05:44:26,025 [INFO] Época 21/30, Batch 350/3348, Loss: 0.1394
2025-10-10 05:44:26,284 [INFO] Época 21/30, Batch 400/3348, Loss: 0.0952
2025-10-10 05:44:26,543 [INFO] Época 21/30, Batch 450/3348, Loss: 0.0669
2025-10-10 05:44:26,802 [INFO] Época 21/30, Batch 500/3348, Loss: 0.1015
2025-10-10 05:44:27,060 [INFO] Época 21/30, Batch 550/3348, Loss: 0.0847
2025-10-10 05:44:27,318 [INFO] Época 21/30, Batch 600/3348, Loss: 0.1538
2025-10-10 05:44:27,577 [INFO] Época 21/30, Batch 650/3348, Loss: 0.1136
2025-10-10 05:44:27,835 [INFO] Época 21/30, Batch 700/3348, Loss: 0.0831
2025-10-10 05:44:28,095 [INFO] Época 21/30, Batch 750/3348, Loss: 0.0879
2025-10-10 05:44:28,355 [INFO] Época 21/30, Batch 800/3348, Loss: 0.1129
2025-10-10 05:44:28,613 [INFO] Época 21/30, Batch 850/3348, Loss: 0.0657
2025-10-10 05:44:28,874 [INFO] Época 21/30, Batch 900/3348, Loss: 0.1009
2025-10-10 05:44:29,133 [INFO] Época 21/30, Batch 950/3348, Loss: 0.1062
2025-10-10 05:44:29,393 [INFO] Época 21/30, Batch 1000/3348, Loss: 0.1034
2025-10-10 05:44:29,654 [INFO] Época 21/30, Batch 1050/3348, Loss: 0.0787
2025-10-10 05:44:29,914 [INFO] Época 21/30, Batch 1100/3348, Loss: 0.0868
2025-10-10 05:44:30,175 [INFO] Época 21/30, Batch 1150/3348, Loss: 0.0720
2025-10-10 05:44:30,435 [INFO] Época 21/30, Batch 1200/3348, Loss: 0.1181
2025-10-10 05:44:30,697 [INFO] Época 21/30, Batch 1250/3348, Loss: 0.1081
2025-10-10 05:44:30,955 [INFO] Época 21/30, Batch 1300/3348, Loss: 0.1160
2025-10-10 05:44:31,217 [INFO] Época 21/30, Batch 1350/3348, Loss: 0.1096
2025-10-10 05:44:31,475 [INFO] Época 21/30, Batch 1400/3348, Loss: 0.0842
2025-10-10 05:44:31,733 [INFO] Época 21/30, Batch 1450/3348, Loss: 0.1132
2025-10-10 05:44:31,994 [INFO] Época 21/30, Batch 1500/3348, Loss: 0.0570
2025-10-10 05:44:32,253 [INFO] Época 21/30, Batch 1550/3348, Loss: 0.0503
2025-10-10 05:44:32,512 [INFO] Época 21/30, Batch 1600/3348, Loss: 0.1240
2025-10-10 05:44:32,772 [INFO] Época 21/30, Batch 1650/3348, Loss: 0.0674
2025-10-10 05:44:33,034 [INFO] Época 21/30, Batch 1700/3348, Loss: 0.0802
2025-10-10 05:44:33,295 [INFO] Época 21/30, Batch 1750/3348, Loss: 0.0790
2025-10-10 05:44:33,555 [INFO] Época 21/30, Batch 1800/3348, Loss: 0.1510
2025-10-10 05:44:33,814 [INFO] Época 21/30, Batch 1850/3348, Loss: 0.1180
2025-10-10 05:44:34,072 [INFO] Época 21/30, Batch 1900/3348, Loss: 0.1169
2025-10-10 05:44:34,332 [INFO] Época 21/30, Batch 1950/3348, Loss: 0.1132
2025-10-10 05:44:34,591 [INFO] Época 21/30, Batch 2000/3348, Loss: 0.1564
2025-10-10 05:44:34,852 [INFO] Época 21/30, Batch 2050/3348, Loss: 0.1586
2025-10-10 05:44:35,112 [INFO] Época 21/30, Batch 2100/3348, Loss: 0.0813
2025-10-10 05:44:35,374 [INFO] Época 21/30, Batch 2150/3348, Loss: 0.1271
2025-10-10 05:44:35,637 [INFO] Época 21/30, Batch 2200/3348, Loss: 0.0897
2025-10-10 05:44:35,899 [INFO] Época 21/30, Batch 2250/3348, Loss: 0.0531
2025-10-10 05:44:36,174 [INFO] Época 21/30, Batch 2300/3348, Loss: 0.0645
2025-10-10 05:44:36,434 [INFO] Época 21/30, Batch 2350/3348, Loss: 0.1030
2025-10-10 05:44:36,694 [INFO] Época 21/30, Batch 2400/3348, Loss: 0.1017
2025-10-10 05:44:36,954 [INFO] Época 21/30, Batch 2450/3348, Loss: 0.1302
2025-10-10 05:44:37,212 [INFO] Época 21/30, Batch 2500/3348, Loss: 0.0672
2025-10-10 05:44:37,474 [INFO] Época 21/30, Batch 2550/3348, Loss: 0.1639
2025-10-10 05:44:37,733 [INFO] Época 21/30, Batch 2600/3348, Loss: 0.0956
2025-10-10 05:44:37,995 [INFO] Época 21/30, Batch 2650/3348, Loss: 0.0588
2025-10-10 05:44:38,255 [INFO] Época 21/30, Batch 2700/3348, Loss: 0.0575
2025-10-10 05:44:38,514 [INFO] Época 21/30, Batch 2750/3348, Loss: 0.0935
2025-10-10 05:44:38,777 [INFO] Época 21/30, Batch 2800/3348, Loss: 0.0693
2025-10-10 05:44:39,038 [INFO] Época 21/30, Batch 2850/3348, Loss: 0.1348
2025-10-10 05:44:39,297 [INFO] Época 21/30, Batch 2900/3348, Loss: 0.1100
2025-10-10 05:44:39,559 [INFO] Época 21/30, Batch 2950/3348, Loss: 0.0803
2025-10-10 05:44:39,819 [INFO] Época 21/30, Batch 3000/3348, Loss: 0.1191
2025-10-10 05:44:40,081 [INFO] Época 21/30, Batch 3050/3348, Loss: 0.0964
2025-10-10 05:44:40,340 [INFO] Época 21/30, Batch 3100/3348, Loss: 0.1258
2025-10-10 05:44:40,600 [INFO] Época 21/30, Batch 3150/3348, Loss: 0.1059
2025-10-10 05:44:40,860 [INFO] Época 21/30, Batch 3200/3348, Loss: 0.0750
2025-10-10 05:44:41,120 [INFO] Época 21/30, Batch 3250/3348, Loss: 0.0794
2025-10-10 05:44:41,391 [INFO] Época 21/30, Batch 3300/3348, Loss: 0.1632
2025-10-10 05:44:43,110 [INFO] [21/30] Train Loss: 0.0957 | Val Loss: 0.0622 | Tempo: 19.21s
2025-10-10 05:44:43,657 [INFO] Época 22/30, Batch 50/3348, Loss: 0.1165
2025-10-10 05:44:43,925 [INFO] Época 22/30, Batch 100/3348, Loss: 0.0836
2025-10-10 05:44:44,190 [INFO] Época 22/30, Batch 150/3348, Loss: 0.0834
2025-10-10 05:44:44,454 [INFO] Época 22/30, Batch 200/3348, Loss: 0.0960
2025-10-10 05:44:44,717 [INFO] Época 22/30, Batch 250/3348, Loss: 0.1376
2025-10-10 05:44:44,980 [INFO] Época 22/30, Batch 300/3348, Loss: 0.0905
2025-10-10 05:44:45,243 [INFO] Época 22/30, Batch 350/3348, Loss: 0.1023
2025-10-10 05:44:45,506 [INFO] Época 22/30, Batch 400/3348, Loss: 0.0932
2025-10-10 05:44:45,769 [INFO] Época 22/30, Batch 450/3348, Loss: 0.2209
2025-10-10 05:44:46,029 [INFO] Época 22/30, Batch 500/3348, Loss: 0.0772
2025-10-10 05:44:46,291 [INFO] Época 22/30, Batch 550/3348, Loss: 0.0745
2025-10-10 05:44:46,553 [INFO] Época 22/30, Batch 600/3348, Loss: 0.1157
2025-10-10 05:44:46,815 [INFO] Época 22/30, Batch 650/3348, Loss: 0.1257
2025-10-10 05:44:47,075 [INFO] Época 22/30, Batch 700/3348, Loss: 0.0730
2025-10-10 05:44:47,333 [INFO] Época 22/30, Batch 750/3348, Loss: 0.0676
2025-10-10 05:44:47,591 [INFO] Época 22/30, Batch 800/3348, Loss: 0.0752
2025-10-10 05:44:47,851 [INFO] Época 22/30, Batch 850/3348, Loss: 0.1071
2025-10-10 05:44:48,109 [INFO] Época 22/30, Batch 900/3348, Loss: 0.1453
2025-10-10 05:44:48,366 [INFO] Época 22/30, Batch 950/3348, Loss: 0.0754
2025-10-10 05:44:48,624 [INFO] Época 22/30, Batch 1000/3348, Loss: 0.0932
2025-10-10 05:44:48,884 [INFO] Época 22/30, Batch 1050/3348, Loss: 0.0705
2025-10-10 05:44:49,145 [INFO] Época 22/30, Batch 1100/3348, Loss: 0.0461
2025-10-10 05:44:49,405 [INFO] Época 22/30, Batch 1150/3348, Loss: 0.0532
2025-10-10 05:44:49,664 [INFO] Época 22/30, Batch 1200/3348, Loss: 0.0707
2025-10-10 05:44:49,925 [INFO] Época 22/30, Batch 1250/3348, Loss: 0.0816
2025-10-10 05:44:50,186 [INFO] Época 22/30, Batch 1300/3348, Loss: 0.1411
2025-10-10 05:44:50,444 [INFO] Época 22/30, Batch 1350/3348, Loss: 0.0971
2025-10-10 05:44:50,703 [INFO] Época 22/30, Batch 1400/3348, Loss: 0.0550
2025-10-10 05:44:50,960 [INFO] Época 22/30, Batch 1450/3348, Loss: 0.1066
2025-10-10 05:44:51,224 [INFO] Época 22/30, Batch 1500/3348, Loss: 0.1080
2025-10-10 05:44:51,488 [INFO] Época 22/30, Batch 1550/3348, Loss: 0.0787
2025-10-10 05:44:51,756 [INFO] Época 22/30, Batch 1600/3348, Loss: 0.0483
2025-10-10 05:44:52,014 [INFO] Época 22/30, Batch 1650/3348, Loss: 0.1236
2025-10-10 05:44:52,271 [INFO] Época 22/30, Batch 1700/3348, Loss: 0.0686
2025-10-10 05:44:52,529 [INFO] Época 22/30, Batch 1750/3348, Loss: 0.0497
2025-10-10 05:44:52,788 [INFO] Época 22/30, Batch 1800/3348, Loss: 0.1004
2025-10-10 05:44:53,044 [INFO] Época 22/30, Batch 1850/3348, Loss: 0.0616
2025-10-10 05:44:53,302 [INFO] Época 22/30, Batch 1900/3348, Loss: 0.0655
2025-10-10 05:44:53,560 [INFO] Época 22/30, Batch 1950/3348, Loss: 0.0649
2025-10-10 05:44:53,820 [INFO] Época 22/30, Batch 2000/3348, Loss: 0.0685
2025-10-10 05:44:54,082 [INFO] Época 22/30, Batch 2050/3348, Loss: 0.0994
2025-10-10 05:44:54,343 [INFO] Época 22/30, Batch 2100/3348, Loss: 0.1337
2025-10-10 05:44:54,605 [INFO] Época 22/30, Batch 2150/3348, Loss: 0.0702
2025-10-10 05:44:54,865 [INFO] Época 22/30, Batch 2200/3348, Loss: 0.0770
2025-10-10 05:44:55,127 [INFO] Época 22/30, Batch 2250/3348, Loss: 0.0978
2025-10-10 05:44:55,386 [INFO] Época 22/30, Batch 2300/3348, Loss: 0.0687
2025-10-10 05:44:55,641 [INFO] Época 22/30, Batch 2350/3348, Loss: 0.1117
2025-10-10 05:44:55,900 [INFO] Época 22/30, Batch 2400/3348, Loss: 0.1104
2025-10-10 05:44:56,161 [INFO] Época 22/30, Batch 2450/3348, Loss: 0.0670
2025-10-10 05:44:56,417 [INFO] Época 22/30, Batch 2500/3348, Loss: 0.0763
2025-10-10 05:44:56,672 [INFO] Época 22/30, Batch 2550/3348, Loss: 0.1086
2025-10-10 05:44:56,941 [INFO] Época 22/30, Batch 2600/3348, Loss: 0.0742
2025-10-10 05:44:57,199 [INFO] Época 22/30, Batch 2650/3348, Loss: 0.0919
2025-10-10 05:44:57,458 [INFO] Época 22/30, Batch 2700/3348, Loss: 0.0765
2025-10-10 05:44:57,718 [INFO] Época 22/30, Batch 2750/3348, Loss: 0.0977
2025-10-10 05:44:57,977 [INFO] Época 22/30, Batch 2800/3348, Loss: 0.1076
2025-10-10 05:44:58,238 [INFO] Época 22/30, Batch 2850/3348, Loss: 0.1069
2025-10-10 05:44:58,496 [INFO] Época 22/30, Batch 2900/3348, Loss: 0.0780
2025-10-10 05:44:58,756 [INFO] Época 22/30, Batch 2950/3348, Loss: 0.0768
2025-10-10 05:44:59,015 [INFO] Época 22/30, Batch 3000/3348, Loss: 0.1137
2025-10-10 05:44:59,276 [INFO] Época 22/30, Batch 3050/3348, Loss: 0.0743
2025-10-10 05:44:59,538 [INFO] Época 22/30, Batch 3100/3348, Loss: 0.0824
2025-10-10 05:44:59,800 [INFO] Época 22/30, Batch 3150/3348, Loss: 0.0704
2025-10-10 05:45:00,060 [INFO] Época 22/30, Batch 3200/3348, Loss: 0.1110
2025-10-10 05:45:00,319 [INFO] Época 22/30, Batch 3250/3348, Loss: 0.0932
2025-10-10 05:45:00,580 [INFO] Época 22/30, Batch 3300/3348, Loss: 0.0597
2025-10-10 05:45:02,393 [INFO] [22/30] Train Loss: 0.0940 | Val Loss: 0.0588 | Tempo: 19.28s
2025-10-10 05:45:02,397 [INFO] Melhor modelo salvo em: /mnt/hdd/home/jdurao/ToolBox-ChemXAI/models/mlp_qm9_Physicochemical_att9_large.pth
2025-10-10 05:45:02,940 [INFO] Época 23/30, Batch 50/3348, Loss: 0.0599
2025-10-10 05:45:03,196 [INFO] Época 23/30, Batch 100/3348, Loss: 0.0805
2025-10-10 05:45:03,450 [INFO] Época 23/30, Batch 150/3348, Loss: 0.0601
2025-10-10 05:45:03,703 [INFO] Época 23/30, Batch 200/3348, Loss: 0.1130
2025-10-10 05:45:03,954 [INFO] Época 23/30, Batch 250/3348, Loss: 0.0778
2025-10-10 05:45:04,208 [INFO] Época 23/30, Batch 300/3348, Loss: 0.0683
2025-10-10 05:45:04,466 [INFO] Época 23/30, Batch 350/3348, Loss: 0.0872
2025-10-10 05:45:04,721 [INFO] Época 23/30, Batch 400/3348, Loss: 0.1309
2025-10-10 05:45:04,976 [INFO] Época 23/30, Batch 450/3348, Loss: 0.1307
2025-10-10 05:45:05,230 [INFO] Época 23/30, Batch 500/3348, Loss: 0.1806
2025-10-10 05:45:05,485 [INFO] Época 23/30, Batch 550/3348, Loss: 0.1584
2025-10-10 05:45:05,740 [INFO] Época 23/30, Batch 600/3348, Loss: 0.0560
2025-10-10 05:45:05,995 [INFO] Época 23/30, Batch 650/3348, Loss: 0.0559
2025-10-10 05:45:06,256 [INFO] Época 23/30, Batch 700/3348, Loss: 0.1145
2025-10-10 05:45:06,509 [INFO] Época 23/30, Batch 750/3348, Loss: 0.0610
2025-10-10 05:45:06,756 [INFO] Época 23/30, Batch 800/3348, Loss: 0.0716
2025-10-10 05:45:07,003 [INFO] Época 23/30, Batch 850/3348, Loss: 0.0585
2025-10-10 05:45:07,249 [INFO] Época 23/30, Batch 900/3348, Loss: 0.1447
2025-10-10 05:45:07,508 [INFO] Época 23/30, Batch 950/3348, Loss: 0.1107
2025-10-10 05:45:07,766 [INFO] Época 23/30, Batch 1000/3348, Loss: 0.0934
2025-10-10 05:45:08,023 [INFO] Época 23/30, Batch 1050/3348, Loss: 0.0828
2025-10-10 05:45:08,280 [INFO] Época 23/30, Batch 1100/3348, Loss: 0.1090
2025-10-10 05:45:08,534 [INFO] Época 23/30, Batch 1150/3348, Loss: 0.1021
2025-10-10 05:45:08,789 [INFO] Época 23/30, Batch 1200/3348, Loss: 0.0890
2025-10-10 05:45:09,047 [INFO] Época 23/30, Batch 1250/3348, Loss: 0.1007
2025-10-10 05:45:09,306 [INFO] Época 23/30, Batch 1300/3348, Loss: 0.1150
2025-10-10 05:45:09,568 [INFO] Época 23/30, Batch 1350/3348, Loss: 0.1163
2025-10-10 05:45:09,834 [INFO] Época 23/30, Batch 1400/3348, Loss: 0.1419
2025-10-10 05:45:10,098 [INFO] Época 23/30, Batch 1450/3348, Loss: 0.1039
2025-10-10 05:45:10,366 [INFO] Época 23/30, Batch 1500/3348, Loss: 0.0875
2025-10-10 05:45:10,632 [INFO] Época 23/30, Batch 1550/3348, Loss: 0.0774
2025-10-10 05:45:10,894 [INFO] Época 23/30, Batch 1600/3348, Loss: 0.1089
2025-10-10 05:45:11,156 [INFO] Época 23/30, Batch 1650/3348, Loss: 0.0658
2025-10-10 05:45:11,418 [INFO] Época 23/30, Batch 1700/3348, Loss: 0.1245
2025-10-10 05:45:11,678 [INFO] Época 23/30, Batch 1750/3348, Loss: 0.0862
2025-10-10 05:45:11,937 [INFO] Época 23/30, Batch 1800/3348, Loss: 0.0881
2025-10-10 05:45:12,195 [INFO] Época 23/30, Batch 1850/3348, Loss: 0.0673
2025-10-10 05:45:12,454 [INFO] Época 23/30, Batch 1900/3348, Loss: 0.0837
2025-10-10 05:45:12,715 [INFO] Época 23/30, Batch 1950/3348, Loss: 0.1579
2025-10-10 05:45:12,976 [INFO] Época 23/30, Batch 2000/3348, Loss: 0.1460
2025-10-10 05:45:13,236 [INFO] Época 23/30, Batch 2050/3348, Loss: 0.0701
2025-10-10 05:45:13,495 [INFO] Época 23/30, Batch 2100/3348, Loss: 0.0720
2025-10-10 05:45:13,756 [INFO] Época 23/30, Batch 2150/3348, Loss: 0.0659
2025-10-10 05:45:14,016 [INFO] Época 23/30, Batch 2200/3348, Loss: 0.0955
2025-10-10 05:45:14,274 [INFO] Época 23/30, Batch 2250/3348, Loss: 0.1092
2025-10-10 05:45:14,531 [INFO] Época 23/30, Batch 2300/3348, Loss: 0.0916
2025-10-10 05:45:14,795 [INFO] Época 23/30, Batch 2350/3348, Loss: 0.0777
2025-10-10 05:45:15,066 [INFO] Época 23/30, Batch 2400/3348, Loss: 0.0575
2025-10-10 05:45:15,327 [INFO] Época 23/30, Batch 2450/3348, Loss: 0.0865
2025-10-10 05:45:15,588 [INFO] Época 23/30, Batch 2500/3348, Loss: 0.0644
2025-10-10 05:45:15,851 [INFO] Época 23/30, Batch 2550/3348, Loss: 0.1258
2025-10-10 05:45:16,115 [INFO] Época 23/30, Batch 2600/3348, Loss: 0.1188
2025-10-10 05:45:16,378 [INFO] Época 23/30, Batch 2650/3348, Loss: 0.0817
2025-10-10 05:45:16,641 [INFO] Época 23/30, Batch 2700/3348, Loss: 0.0912
2025-10-10 05:45:16,906 [INFO] Época 23/30, Batch 2750/3348, Loss: 0.0458
2025-10-10 05:45:17,167 [INFO] Época 23/30, Batch 2800/3348, Loss: 0.1281
2025-10-10 05:45:17,430 [INFO] Época 23/30, Batch 2850/3348, Loss: 0.1267
2025-10-10 05:45:17,694 [INFO] Época 23/30, Batch 2900/3348, Loss: 0.1390
2025-10-10 05:45:17,956 [INFO] Época 23/30, Batch 2950/3348, Loss: 0.0692
2025-10-10 05:45:18,217 [INFO] Época 23/30, Batch 3000/3348, Loss: 0.1098
2025-10-10 05:45:18,477 [INFO] Época 23/30, Batch 3050/3348, Loss: 0.1545
2025-10-10 05:45:18,738 [INFO] Época 23/30, Batch 3100/3348, Loss: 0.0466
2025-10-10 05:45:18,998 [INFO] Época 23/30, Batch 3150/3348, Loss: 0.1217
2025-10-10 05:45:19,254 [INFO] Época 23/30, Batch 3200/3348, Loss: 0.0592
2025-10-10 05:45:19,510 [INFO] Época 23/30, Batch 3250/3348, Loss: 0.0807
2025-10-10 05:45:19,765 [INFO] Época 23/30, Batch 3300/3348, Loss: 0.0891
2025-10-10 05:45:21,459 [INFO] [23/30] Train Loss: 0.0927 | Val Loss: 0.0572 | Tempo: 19.06s
2025-10-10 05:45:21,463 [INFO] Melhor modelo salvo em: /mnt/hdd/home/jdurao/ToolBox-ChemXAI/models/mlp_qm9_Physicochemical_att9_large.pth
2025-10-10 05:45:22,012 [INFO] Época 24/30, Batch 50/3348, Loss: 0.0615
2025-10-10 05:45:22,289 [INFO] Época 24/30, Batch 100/3348, Loss: 0.0668
2025-10-10 05:45:22,559 [INFO] Época 24/30, Batch 150/3348, Loss: 0.0762
2025-10-10 05:45:22,837 [INFO] Época 24/30, Batch 200/3348, Loss: 0.0850
2025-10-10 05:45:23,114 [INFO] Época 24/30, Batch 250/3348, Loss: 0.1143
2025-10-10 05:45:23,402 [INFO] Época 24/30, Batch 300/3348, Loss: 0.1197
2025-10-10 05:45:23,677 [INFO] Época 24/30, Batch 350/3348, Loss: 0.0905
2025-10-10 05:45:23,945 [INFO] Época 24/30, Batch 400/3348, Loss: 0.0600
2025-10-10 05:45:24,211 [INFO] Época 24/30, Batch 450/3348, Loss: 0.0703
2025-10-10 05:45:24,479 [INFO] Época 24/30, Batch 500/3348, Loss: 0.0850
2025-10-10 05:45:24,745 [INFO] Época 24/30, Batch 550/3348, Loss: 0.0780
2025-10-10 05:45:25,008 [INFO] Época 24/30, Batch 600/3348, Loss: 0.3492
2025-10-10 05:45:25,270 [INFO] Época 24/30, Batch 650/3348, Loss: 0.0766
2025-10-10 05:45:25,530 [INFO] Época 24/30, Batch 700/3348, Loss: 0.1009
2025-10-10 05:45:25,780 [INFO] Época 24/30, Batch 750/3348, Loss: 0.1127
2025-10-10 05:45:26,029 [INFO] Época 24/30, Batch 800/3348, Loss: 0.1257
2025-10-10 05:45:26,277 [INFO] Época 24/30, Batch 850/3348, Loss: 0.0733
2025-10-10 05:45:26,534 [INFO] Época 24/30, Batch 900/3348, Loss: 0.0750
2025-10-10 05:45:26,796 [INFO] Época 24/30, Batch 950/3348, Loss: 0.0713
2025-10-10 05:45:27,057 [INFO] Época 24/30, Batch 1000/3348, Loss: 0.0868
2025-10-10 05:45:27,316 [INFO] Época 24/30, Batch 1050/3348, Loss: 0.1204
2025-10-10 05:45:27,584 [INFO] Época 24/30, Batch 1100/3348, Loss: 0.0850
2025-10-10 05:45:27,853 [INFO] Época 24/30, Batch 1150/3348, Loss: 0.0935
2025-10-10 05:45:28,123 [INFO] Época 24/30, Batch 1200/3348, Loss: 0.1477
2025-10-10 05:45:28,390 [INFO] Época 24/30, Batch 1250/3348, Loss: 0.1179
2025-10-10 05:45:28,651 [INFO] Época 24/30, Batch 1300/3348, Loss: 0.0918
2025-10-10 05:45:28,915 [INFO] Época 24/30, Batch 1350/3348, Loss: 0.0882
2025-10-10 05:45:29,184 [INFO] Época 24/30, Batch 1400/3348, Loss: 0.0662
2025-10-10 05:45:29,454 [INFO] Época 24/30, Batch 1450/3348, Loss: 0.0568
2025-10-10 05:45:29,724 [INFO] Época 24/30, Batch 1500/3348, Loss: 0.0482
2025-10-10 05:45:29,990 [INFO] Época 24/30, Batch 1550/3348, Loss: 0.0626
2025-10-10 05:45:30,249 [INFO] Época 24/30, Batch 1600/3348, Loss: 0.0747
2025-10-10 05:45:30,509 [INFO] Época 24/30, Batch 1650/3348, Loss: 0.0655
2025-10-10 05:45:30,767 [INFO] Época 24/30, Batch 1700/3348, Loss: 0.0756
2025-10-10 05:45:31,026 [INFO] Época 24/30, Batch 1750/3348, Loss: 0.0623
2025-10-10 05:45:31,285 [INFO] Época 24/30, Batch 1800/3348, Loss: 0.0884
2025-10-10 05:45:31,544 [INFO] Época 24/30, Batch 1850/3348, Loss: 0.1342
2025-10-10 05:45:31,804 [INFO] Época 24/30, Batch 1900/3348, Loss: 0.0463
2025-10-10 05:45:32,062 [INFO] Época 24/30, Batch 1950/3348, Loss: 0.0743
2025-10-10 05:45:32,321 [INFO] Época 24/30, Batch 2000/3348, Loss: 0.0642
2025-10-10 05:45:32,576 [INFO] Época 24/30, Batch 2050/3348, Loss: 0.1162
2025-10-10 05:45:32,837 [INFO] Época 24/30, Batch 2100/3348, Loss: 0.0936
2025-10-10 05:45:33,099 [INFO] Época 24/30, Batch 2150/3348, Loss: 0.2374
2025-10-10 05:45:33,357 [INFO] Época 24/30, Batch 2200/3348, Loss: 0.0511
2025-10-10 05:45:33,616 [INFO] Época 24/30, Batch 2250/3348, Loss: 0.1255
2025-10-10 05:45:33,875 [INFO] Época 24/30, Batch 2300/3348, Loss: 0.0998
2025-10-10 05:45:34,132 [INFO] Época 24/30, Batch 2350/3348, Loss: 0.0654
2025-10-10 05:45:34,394 [INFO] Época 24/30, Batch 2400/3348, Loss: 0.1053
2025-10-10 05:45:34,651 [INFO] Época 24/30, Batch 2450/3348, Loss: 0.1012
2025-10-10 05:45:34,917 [INFO] Época 24/30, Batch 2500/3348, Loss: 0.0946
2025-10-10 05:45:35,184 [INFO] Época 24/30, Batch 2550/3348, Loss: 0.0985
2025-10-10 05:45:35,454 [INFO] Época 24/30, Batch 2600/3348, Loss: 0.0951
2025-10-10 05:45:35,714 [INFO] Época 24/30, Batch 2650/3348, Loss: 0.0854
2025-10-10 05:45:35,973 [INFO] Época 24/30, Batch 2700/3348, Loss: 0.0707
2025-10-10 05:45:36,232 [INFO] Época 24/30, Batch 2750/3348, Loss: 0.0880
2025-10-10 05:45:36,492 [INFO] Época 24/30, Batch 2800/3348, Loss: 0.1177
2025-10-10 05:45:36,759 [INFO] Época 24/30, Batch 2850/3348, Loss: 0.0762
2025-10-10 05:45:37,027 [INFO] Época 24/30, Batch 2900/3348, Loss: 0.0770
2025-10-10 05:45:37,296 [INFO] Época 24/30, Batch 2950/3348, Loss: 0.0979
2025-10-10 05:45:37,565 [INFO] Época 24/30, Batch 3000/3348, Loss: 0.0834
2025-10-10 05:45:37,838 [INFO] Época 24/30, Batch 3050/3348, Loss: 0.0958
2025-10-10 05:45:38,101 [INFO] Época 24/30, Batch 3100/3348, Loss: 0.1240
2025-10-10 05:45:38,361 [INFO] Época 24/30, Batch 3150/3348, Loss: 0.1494
2025-10-10 05:45:38,631 [INFO] Época 24/30, Batch 3200/3348, Loss: 0.0503
2025-10-10 05:45:38,890 [INFO] Época 24/30, Batch 3250/3348, Loss: 0.0767
2025-10-10 05:45:39,151 [INFO] Época 24/30, Batch 3300/3348, Loss: 0.1115
2025-10-10 05:45:40,891 [INFO] [24/30] Train Loss: 0.0915 | Val Loss: 0.0634 | Tempo: 19.43s
2025-10-10 05:45:41,421 [INFO] Época 25/30, Batch 50/3348, Loss: 0.0806
2025-10-10 05:45:41,682 [INFO] Época 25/30, Batch 100/3348, Loss: 0.0560
2025-10-10 05:45:41,942 [INFO] Época 25/30, Batch 150/3348, Loss: 0.1302
2025-10-10 05:45:42,202 [INFO] Época 25/30, Batch 200/3348, Loss: 0.0837
2025-10-10 05:45:42,460 [INFO] Época 25/30, Batch 250/3348, Loss: 0.0987
2025-10-10 05:45:42,718 [INFO] Época 25/30, Batch 300/3348, Loss: 0.0572
2025-10-10 05:45:42,975 [INFO] Época 25/30, Batch 350/3348, Loss: 0.0740
2025-10-10 05:45:43,233 [INFO] Época 25/30, Batch 400/3348, Loss: 0.0992
2025-10-10 05:45:43,490 [INFO] Época 25/30, Batch 450/3348, Loss: 0.0850
2025-10-10 05:45:43,751 [INFO] Época 25/30, Batch 500/3348, Loss: 0.1017
2025-10-10 05:45:44,009 [INFO] Época 25/30, Batch 550/3348, Loss: 0.0637
2025-10-10 05:45:44,267 [INFO] Época 25/30, Batch 600/3348, Loss: 0.0864
2025-10-10 05:45:44,527 [INFO] Época 25/30, Batch 650/3348, Loss: 0.0616
2025-10-10 05:45:44,784 [INFO] Época 25/30, Batch 700/3348, Loss: 0.0998
2025-10-10 05:45:45,032 [INFO] Época 25/30, Batch 750/3348, Loss: 0.0923
2025-10-10 05:45:45,280 [INFO] Época 25/30, Batch 800/3348, Loss: 0.0934
2025-10-10 05:45:45,531 [INFO] Época 25/30, Batch 850/3348, Loss: 0.1088
2025-10-10 05:45:45,780 [INFO] Época 25/30, Batch 900/3348, Loss: 0.0828
2025-10-10 05:45:46,026 [INFO] Época 25/30, Batch 950/3348, Loss: 0.0880
2025-10-10 05:45:46,278 [INFO] Época 25/30, Batch 1000/3348, Loss: 0.1379
2025-10-10 05:45:46,529 [INFO] Época 25/30, Batch 1050/3348, Loss: 0.0991
2025-10-10 05:45:46,779 [INFO] Época 25/30, Batch 1100/3348, Loss: 0.0940
2025-10-10 05:45:47,031 [INFO] Época 25/30, Batch 1150/3348, Loss: 0.0895
2025-10-10 05:45:47,281 [INFO] Época 25/30, Batch 1200/3348, Loss: 0.1034
2025-10-10 05:45:47,537 [INFO] Época 25/30, Batch 1250/3348, Loss: 0.1039
2025-10-10 05:45:47,794 [INFO] Época 25/30, Batch 1300/3348, Loss: 0.0878
2025-10-10 05:45:48,053 [INFO] Época 25/30, Batch 1350/3348, Loss: 0.0647
2025-10-10 05:45:48,313 [INFO] Época 25/30, Batch 1400/3348, Loss: 0.0811
2025-10-10 05:45:48,574 [INFO] Época 25/30, Batch 1450/3348, Loss: 0.0805
2025-10-10 05:45:48,833 [INFO] Época 25/30, Batch 1500/3348, Loss: 0.0810
2025-10-10 05:45:49,091 [INFO] Época 25/30, Batch 1550/3348, Loss: 0.1190
2025-10-10 05:45:49,348 [INFO] Época 25/30, Batch 1600/3348, Loss: 0.0839
2025-10-10 05:45:49,609 [INFO] Época 25/30, Batch 1650/3348, Loss: 0.0651
2025-10-10 05:45:49,867 [INFO] Época 25/30, Batch 1700/3348, Loss: 0.0739
2025-10-10 05:45:50,125 [INFO] Época 25/30, Batch 1750/3348, Loss: 0.0710
2025-10-10 05:45:50,382 [INFO] Época 25/30, Batch 1800/3348, Loss: 0.0529
2025-10-10 05:45:50,643 [INFO] Época 25/30, Batch 1850/3348, Loss: 0.0694
2025-10-10 05:45:50,904 [INFO] Época 25/30, Batch 1900/3348, Loss: 0.0847
2025-10-10 05:45:51,164 [INFO] Época 25/30, Batch 1950/3348, Loss: 0.0705
2025-10-10 05:45:51,424 [INFO] Época 25/30, Batch 2000/3348, Loss: 0.0539
2025-10-10 05:45:51,684 [INFO] Época 25/30, Batch 2050/3348, Loss: 0.0663
2025-10-10 05:45:51,945 [INFO] Época 25/30, Batch 2100/3348, Loss: 0.0472
2025-10-10 05:45:52,205 [INFO] Época 25/30, Batch 2150/3348, Loss: 0.0714
2025-10-10 05:45:52,468 [INFO] Época 25/30, Batch 2200/3348, Loss: 0.1232
2025-10-10 05:45:52,727 [INFO] Época 25/30, Batch 2250/3348, Loss: 0.1018
2025-10-10 05:45:52,987 [INFO] Época 25/30, Batch 2300/3348, Loss: 0.0439
2025-10-10 05:45:53,248 [INFO] Época 25/30, Batch 2350/3348, Loss: 0.0526
2025-10-10 05:45:53,509 [INFO] Época 25/30, Batch 2400/3348, Loss: 0.0797
2025-10-10 05:45:53,772 [INFO] Época 25/30, Batch 2450/3348, Loss: 0.0705
2025-10-10 05:45:54,032 [INFO] Época 25/30, Batch 2500/3348, Loss: 0.1140
2025-10-10 05:45:54,292 [INFO] Época 25/30, Batch 2550/3348, Loss: 0.1285
2025-10-10 05:45:54,555 [INFO] Época 25/30, Batch 2600/3348, Loss: 0.1406
2025-10-10 05:45:54,814 [INFO] Época 25/30, Batch 2650/3348, Loss: 0.0825
2025-10-10 05:45:55,074 [INFO] Época 25/30, Batch 2700/3348, Loss: 0.0880
2025-10-10 05:45:55,334 [INFO] Época 25/30, Batch 2750/3348, Loss: 0.0893
2025-10-10 05:45:55,595 [INFO] Época 25/30, Batch 2800/3348, Loss: 0.1361
2025-10-10 05:45:55,856 [INFO] Época 25/30, Batch 2850/3348, Loss: 0.0909
2025-10-10 05:45:56,116 [INFO] Época 25/30, Batch 2900/3348, Loss: 0.1111
2025-10-10 05:45:56,376 [INFO] Época 25/30, Batch 2950/3348, Loss: 0.0676
2025-10-10 05:45:56,637 [INFO] Época 25/30, Batch 3000/3348, Loss: 0.0780
2025-10-10 05:45:56,896 [INFO] Época 25/30, Batch 3050/3348, Loss: 0.1098
2025-10-10 05:45:57,153 [INFO] Época 25/30, Batch 3100/3348, Loss: 0.1446
2025-10-10 05:45:57,411 [INFO] Época 25/30, Batch 3150/3348, Loss: 0.0676
2025-10-10 05:45:57,670 [INFO] Época 25/30, Batch 3200/3348, Loss: 0.0627
2025-10-10 05:45:57,932 [INFO] Época 25/30, Batch 3250/3348, Loss: 0.0695
2025-10-10 05:45:58,190 [INFO] Época 25/30, Batch 3300/3348, Loss: 0.0907
2025-10-10 05:46:00,009 [INFO] [25/30] Train Loss: 0.0899 | Val Loss: 0.0662 | Tempo: 19.12s
2025-10-10 05:46:00,563 [INFO] Época 26/30, Batch 50/3348, Loss: 0.0852
2025-10-10 05:46:00,825 [INFO] Época 26/30, Batch 100/3348, Loss: 0.0704
2025-10-10 05:46:01,086 [INFO] Época 26/30, Batch 150/3348, Loss: 0.0693
2025-10-10 05:46:01,343 [INFO] Época 26/30, Batch 200/3348, Loss: 0.0728
2025-10-10 05:46:01,601 [INFO] Época 26/30, Batch 250/3348, Loss: 0.1032
2025-10-10 05:46:01,857 [INFO] Época 26/30, Batch 300/3348, Loss: 0.0863
2025-10-10 05:46:02,114 [INFO] Época 26/30, Batch 350/3348, Loss: 0.0584
2025-10-10 05:46:02,372 [INFO] Época 26/30, Batch 400/3348, Loss: 0.0973
2025-10-10 05:46:02,629 [INFO] Época 26/30, Batch 450/3348, Loss: 0.0680
2025-10-10 05:46:02,889 [INFO] Época 26/30, Batch 500/3348, Loss: 0.0694
2025-10-10 05:46:03,145 [INFO] Época 26/30, Batch 550/3348, Loss: 0.0720
2025-10-10 05:46:03,399 [INFO] Época 26/30, Batch 600/3348, Loss: 0.0592
2025-10-10 05:46:03,656 [INFO] Época 26/30, Batch 650/3348, Loss: 0.1207
2025-10-10 05:46:03,912 [INFO] Época 26/30, Batch 700/3348, Loss: 0.1296
2025-10-10 05:46:04,168 [INFO] Época 26/30, Batch 750/3348, Loss: 0.1479
2025-10-10 05:46:04,424 [INFO] Época 26/30, Batch 800/3348, Loss: 0.1733
2025-10-10 05:46:04,679 [INFO] Época 26/30, Batch 850/3348, Loss: 0.0556
2025-10-10 05:46:04,934 [INFO] Época 26/30, Batch 900/3348, Loss: 0.0817
2025-10-10 05:46:05,191 [INFO] Época 26/30, Batch 950/3348, Loss: 0.0663
2025-10-10 05:46:05,446 [INFO] Época 26/30, Batch 1000/3348, Loss: 0.0562
2025-10-10 05:46:05,700 [INFO] Época 26/30, Batch 1050/3348, Loss: 0.0949
2025-10-10 05:46:05,955 [INFO] Época 26/30, Batch 1100/3348, Loss: 0.0847
2025-10-10 05:46:06,210 [INFO] Época 26/30, Batch 1150/3348, Loss: 0.0656
2025-10-10 05:46:06,466 [INFO] Época 26/30, Batch 1200/3348, Loss: 0.0637
2025-10-10 05:46:06,722 [INFO] Época 26/30, Batch 1250/3348, Loss: 0.1021
2025-10-10 05:46:06,977 [INFO] Época 26/30, Batch 1300/3348, Loss: 0.0753
2025-10-10 05:46:07,231 [INFO] Época 26/30, Batch 1350/3348, Loss: 0.0456
2025-10-10 05:46:07,485 [INFO] Época 26/30, Batch 1400/3348, Loss: 0.0691
2025-10-10 05:46:07,741 [INFO] Época 26/30, Batch 1450/3348, Loss: 0.1137
2025-10-10 05:46:07,996 [INFO] Época 26/30, Batch 1500/3348, Loss: 0.0490
2025-10-10 05:46:08,250 [INFO] Época 26/30, Batch 1550/3348, Loss: 0.1131
2025-10-10 05:46:08,504 [INFO] Época 26/30, Batch 1600/3348, Loss: 0.0807
2025-10-10 05:46:08,758 [INFO] Época 26/30, Batch 1650/3348, Loss: 0.0987
2025-10-10 05:46:09,017 [INFO] Época 26/30, Batch 1700/3348, Loss: 0.0958
2025-10-10 05:46:09,272 [INFO] Época 26/30, Batch 1750/3348, Loss: 0.0818
2025-10-10 05:46:09,530 [INFO] Época 26/30, Batch 1800/3348, Loss: 0.0680
2025-10-10 05:46:09,788 [INFO] Época 26/30, Batch 1850/3348, Loss: 0.0712
2025-10-10 05:46:10,046 [INFO] Época 26/30, Batch 1900/3348, Loss: 0.0649
2025-10-10 05:46:10,305 [INFO] Época 26/30, Batch 1950/3348, Loss: 0.0691
2025-10-10 05:46:10,565 [INFO] Época 26/30, Batch 2000/3348, Loss: 0.0836
2025-10-10 05:46:10,825 [INFO] Época 26/30, Batch 2050/3348, Loss: 0.0820
2025-10-10 05:46:11,082 [INFO] Época 26/30, Batch 2100/3348, Loss: 0.1621
2025-10-10 05:46:11,341 [INFO] Época 26/30, Batch 2150/3348, Loss: 0.1028
2025-10-10 05:46:11,602 [INFO] Época 26/30, Batch 2200/3348, Loss: 0.0881
2025-10-10 05:46:11,860 [INFO] Época 26/30, Batch 2250/3348, Loss: 0.0923
2025-10-10 05:46:12,118 [INFO] Época 26/30, Batch 2300/3348, Loss: 0.0588
2025-10-10 05:46:12,375 [INFO] Época 26/30, Batch 2350/3348, Loss: 0.0636
2025-10-10 05:46:12,632 [INFO] Época 26/30, Batch 2400/3348, Loss: 0.1369
2025-10-10 05:46:12,893 [INFO] Época 26/30, Batch 2450/3348, Loss: 0.0799
2025-10-10 05:46:13,151 [INFO] Época 26/30, Batch 2500/3348, Loss: 0.0703
2025-10-10 05:46:13,411 [INFO] Época 26/30, Batch 2550/3348, Loss: 0.1034
2025-10-10 05:46:13,670 [INFO] Época 26/30, Batch 2600/3348, Loss: 0.1158
2025-10-10 05:46:13,928 [INFO] Época 26/30, Batch 2650/3348, Loss: 0.0616
2025-10-10 05:46:14,186 [INFO] Época 26/30, Batch 2700/3348, Loss: 0.0948
2025-10-10 05:46:14,446 [INFO] Época 26/30, Batch 2750/3348, Loss: 0.0985
2025-10-10 05:46:14,704 [INFO] Época 26/30, Batch 2800/3348, Loss: 0.0557
2025-10-10 05:46:14,962 [INFO] Época 26/30, Batch 2850/3348, Loss: 0.0636
2025-10-10 05:46:15,221 [INFO] Época 26/30, Batch 2900/3348, Loss: 0.0830
2025-10-10 05:46:15,479 [INFO] Época 26/30, Batch 2950/3348, Loss: 0.0675
2025-10-10 05:46:15,747 [INFO] Época 26/30, Batch 3000/3348, Loss: 0.0861
2025-10-10 05:46:16,004 [INFO] Época 26/30, Batch 3050/3348, Loss: 0.0598
2025-10-10 05:46:16,261 [INFO] Época 26/30, Batch 3100/3348, Loss: 0.0746
2025-10-10 05:46:16,518 [INFO] Época 26/30, Batch 3150/3348, Loss: 0.1292
2025-10-10 05:46:16,776 [INFO] Época 26/30, Batch 3200/3348, Loss: 0.0621
2025-10-10 05:46:17,035 [INFO] Época 26/30, Batch 3250/3348, Loss: 0.1098
2025-10-10 05:46:17,294 [INFO] Época 26/30, Batch 3300/3348, Loss: 0.1370
2025-10-10 05:46:19,138 [INFO] [26/30] Train Loss: 0.0894 | Val Loss: 0.0567 | Tempo: 19.13s
2025-10-10 05:46:19,142 [INFO] Melhor modelo salvo em: /mnt/hdd/home/jdurao/ToolBox-ChemXAI/models/mlp_qm9_Physicochemical_att9_large.pth
2025-10-10 05:46:19,700 [INFO] Época 27/30, Batch 50/3348, Loss: 0.1125
2025-10-10 05:46:19,966 [INFO] Época 27/30, Batch 100/3348, Loss: 0.1292
2025-10-10 05:46:20,236 [INFO] Época 27/30, Batch 150/3348, Loss: 0.1130
2025-10-10 05:46:20,505 [INFO] Época 27/30, Batch 200/3348, Loss: 0.0743
2025-10-10 05:46:20,784 [INFO] Época 27/30, Batch 250/3348, Loss: 0.1296
2025-10-10 05:46:21,050 [INFO] Época 27/30, Batch 300/3348, Loss: 0.0785
2025-10-10 05:46:21,317 [INFO] Época 27/30, Batch 350/3348, Loss: 0.0747
2025-10-10 05:46:21,584 [INFO] Época 27/30, Batch 400/3348, Loss: 0.0556
2025-10-10 05:46:21,852 [INFO] Época 27/30, Batch 450/3348, Loss: 0.1308
2025-10-10 05:46:22,118 [INFO] Época 27/30, Batch 500/3348, Loss: 0.0934
2025-10-10 05:46:22,385 [INFO] Época 27/30, Batch 550/3348, Loss: 0.0793
2025-10-10 05:46:22,650 [INFO] Época 27/30, Batch 600/3348, Loss: 0.1794
2025-10-10 05:46:22,916 [INFO] Época 27/30, Batch 650/3348, Loss: 0.0835
2025-10-10 05:46:23,182 [INFO] Época 27/30, Batch 700/3348, Loss: 0.0787
2025-10-10 05:46:23,448 [INFO] Época 27/30, Batch 750/3348, Loss: 0.0776
2025-10-10 05:46:23,710 [INFO] Época 27/30, Batch 800/3348, Loss: 0.0544
2025-10-10 05:46:23,969 [INFO] Época 27/30, Batch 850/3348, Loss: 0.0670
2025-10-10 05:46:24,226 [INFO] Época 27/30, Batch 900/3348, Loss: 0.0811
2025-10-10 05:46:24,486 [INFO] Época 27/30, Batch 950/3348, Loss: 0.0625
2025-10-10 05:46:24,742 [INFO] Época 27/30, Batch 1000/3348, Loss: 0.0752
2025-10-10 05:46:24,999 [INFO] Época 27/30, Batch 1050/3348, Loss: 0.0622
2025-10-10 05:46:25,258 [INFO] Época 27/30, Batch 1100/3348, Loss: 0.1171
2025-10-10 05:46:25,514 [INFO] Época 27/30, Batch 1150/3348, Loss: 0.0927
2025-10-10 05:46:25,784 [INFO] Época 27/30, Batch 1200/3348, Loss: 0.0809
2025-10-10 05:46:26,044 [INFO] Época 27/30, Batch 1250/3348, Loss: 0.1004
2025-10-10 05:46:26,311 [INFO] Época 27/30, Batch 1300/3348, Loss: 0.0592
2025-10-10 05:46:26,577 [INFO] Época 27/30, Batch 1350/3348, Loss: 0.0779
2025-10-10 05:46:26,846 [INFO] Época 27/30, Batch 1400/3348, Loss: 0.0879
2025-10-10 05:46:27,115 [INFO] Época 27/30, Batch 1450/3348, Loss: 0.1302
2025-10-10 05:46:27,384 [INFO] Época 27/30, Batch 1500/3348, Loss: 0.0620
2025-10-10 05:46:27,655 [INFO] Época 27/30, Batch 1550/3348, Loss: 0.0589
2025-10-10 05:46:27,925 [INFO] Época 27/30, Batch 1600/3348, Loss: 0.1069
2025-10-10 05:46:28,195 [INFO] Época 27/30, Batch 1650/3348, Loss: 0.0921
2025-10-10 05:46:28,463 [INFO] Época 27/30, Batch 1700/3348, Loss: 0.1146
2025-10-10 05:46:28,732 [INFO] Época 27/30, Batch 1750/3348, Loss: 0.1730
2025-10-10 05:46:28,998 [INFO] Época 27/30, Batch 1800/3348, Loss: 0.0727
2025-10-10 05:46:29,264 [INFO] Época 27/30, Batch 1850/3348, Loss: 0.1109
2025-10-10 05:46:29,531 [INFO] Época 27/30, Batch 1900/3348, Loss: 0.0608
2025-10-10 05:46:29,802 [INFO] Época 27/30, Batch 1950/3348, Loss: 0.0492
2025-10-10 05:46:30,069 [INFO] Época 27/30, Batch 2000/3348, Loss: 0.0946
2025-10-10 05:46:30,336 [INFO] Época 27/30, Batch 2050/3348, Loss: 0.0616
2025-10-10 05:46:30,603 [INFO] Época 27/30, Batch 2100/3348, Loss: 0.0838
2025-10-10 05:46:30,881 [INFO] Época 27/30, Batch 2150/3348, Loss: 0.0828
2025-10-10 05:46:31,148 [INFO] Época 27/30, Batch 2200/3348, Loss: 0.0976
2025-10-10 05:46:31,417 [INFO] Época 27/30, Batch 2250/3348, Loss: 0.1479
2025-10-10 05:46:31,683 [INFO] Época 27/30, Batch 2300/3348, Loss: 0.0472
2025-10-10 05:46:31,950 [INFO] Época 27/30, Batch 2350/3348, Loss: 0.0686
2025-10-10 05:46:32,215 [INFO] Época 27/30, Batch 2400/3348, Loss: 0.1042
2025-10-10 05:46:32,482 [INFO] Época 27/30, Batch 2450/3348, Loss: 0.0997
2025-10-10 05:46:32,753 [INFO] Época 27/30, Batch 2500/3348, Loss: 0.0535
2025-10-10 05:46:33,019 [INFO] Época 27/30, Batch 2550/3348, Loss: 0.1241
2025-10-10 05:46:33,289 [INFO] Época 27/30, Batch 2600/3348, Loss: 0.0618
2025-10-10 05:46:33,557 [INFO] Época 27/30, Batch 2650/3348, Loss: 0.0987
2025-10-10 05:46:33,826 [INFO] Época 27/30, Batch 2700/3348, Loss: 0.1034
2025-10-10 05:46:34,097 [INFO] Época 27/30, Batch 2750/3348, Loss: 0.0603
2025-10-10 05:46:34,365 [INFO] Época 27/30, Batch 2800/3348, Loss: 0.1081
2025-10-10 05:46:34,633 [INFO] Época 27/30, Batch 2850/3348, Loss: 0.0687
2025-10-10 05:46:34,902 [INFO] Época 27/30, Batch 2900/3348, Loss: 0.1837
2025-10-10 05:46:35,170 [INFO] Época 27/30, Batch 2950/3348, Loss: 0.0701
2025-10-10 05:46:35,438 [INFO] Época 27/30, Batch 3000/3348, Loss: 0.0836
2025-10-10 05:46:35,706 [INFO] Época 27/30, Batch 3050/3348, Loss: 0.0895
2025-10-10 05:46:35,974 [INFO] Época 27/30, Batch 3100/3348, Loss: 0.0975
2025-10-10 05:46:36,243 [INFO] Época 27/30, Batch 3150/3348, Loss: 0.0693
2025-10-10 05:46:36,512 [INFO] Época 27/30, Batch 3200/3348, Loss: 0.1154
2025-10-10 05:46:36,782 [INFO] Época 27/30, Batch 3250/3348, Loss: 0.0776
2025-10-10 05:46:37,049 [INFO] Época 27/30, Batch 3300/3348, Loss: 0.0864
2025-10-10 05:46:38,880 [INFO] [27/30] Train Loss: 0.0876 | Val Loss: 0.0567 | Tempo: 19.74s
2025-10-10 05:46:38,884 [INFO] Melhor modelo salvo em: /mnt/hdd/home/jdurao/ToolBox-ChemXAI/models/mlp_qm9_Physicochemical_att9_large.pth
2025-10-10 05:46:39,436 [INFO] Época 28/30, Batch 50/3348, Loss: 0.1482
2025-10-10 05:46:39,696 [INFO] Época 28/30, Batch 100/3348, Loss: 0.1014
2025-10-10 05:46:39,956 [INFO] Época 28/30, Batch 150/3348, Loss: 0.0860
2025-10-10 05:46:40,217 [INFO] Época 28/30, Batch 200/3348, Loss: 0.0560
2025-10-10 05:46:40,478 [INFO] Época 28/30, Batch 250/3348, Loss: 0.0554
2025-10-10 05:46:40,738 [INFO] Época 28/30, Batch 300/3348, Loss: 0.0906
2025-10-10 05:46:41,006 [INFO] Época 28/30, Batch 350/3348, Loss: 0.0957
2025-10-10 05:46:41,266 [INFO] Época 28/30, Batch 400/3348, Loss: 0.1449
2025-10-10 05:46:41,525 [INFO] Época 28/30, Batch 450/3348, Loss: 0.0627
2025-10-10 05:46:41,783 [INFO] Época 28/30, Batch 500/3348, Loss: 0.0963
2025-10-10 05:46:42,037 [INFO] Época 28/30, Batch 550/3348, Loss: 0.1232
2025-10-10 05:46:42,294 [INFO] Época 28/30, Batch 600/3348, Loss: 0.0913
2025-10-10 05:46:42,551 [INFO] Época 28/30, Batch 650/3348, Loss: 0.0612
2025-10-10 05:46:42,809 [INFO] Época 28/30, Batch 700/3348, Loss: 0.0752
2025-10-10 05:46:43,067 [INFO] Época 28/30, Batch 750/3348, Loss: 0.1080
2025-10-10 05:46:43,328 [INFO] Época 28/30, Batch 800/3348, Loss: 0.0583
2025-10-10 05:46:43,585 [INFO] Época 28/30, Batch 850/3348, Loss: 0.0964
2025-10-10 05:46:43,842 [INFO] Época 28/30, Batch 900/3348, Loss: 0.1352
2025-10-10 05:46:44,099 [INFO] Época 28/30, Batch 950/3348, Loss: 0.0929
2025-10-10 05:46:44,356 [INFO] Época 28/30, Batch 1000/3348, Loss: 0.0897
2025-10-10 05:46:44,616 [INFO] Época 28/30, Batch 1050/3348, Loss: 0.0390
2025-10-10 05:46:44,874 [INFO] Época 28/30, Batch 1100/3348, Loss: 0.0921
2025-10-10 05:46:45,131 [INFO] Época 28/30, Batch 1150/3348, Loss: 0.0631
2025-10-10 05:46:45,389 [INFO] Época 28/30, Batch 1200/3348, Loss: 0.0814
2025-10-10 05:46:45,648 [INFO] Época 28/30, Batch 1250/3348, Loss: 0.0630
2025-10-10 05:46:45,904 [INFO] Época 28/30, Batch 1300/3348, Loss: 0.0498
2025-10-10 05:46:46,162 [INFO] Época 28/30, Batch 1350/3348, Loss: 0.0838
2025-10-10 05:46:46,420 [INFO] Época 28/30, Batch 1400/3348, Loss: 0.0765
2025-10-10 05:46:46,675 [INFO] Época 28/30, Batch 1450/3348, Loss: 0.1025
2025-10-10 05:46:46,933 [INFO] Época 28/30, Batch 1500/3348, Loss: 0.0630
2025-10-10 05:46:47,190 [INFO] Época 28/30, Batch 1550/3348, Loss: 0.0375
2025-10-10 05:46:47,446 [INFO] Época 28/30, Batch 1600/3348, Loss: 0.0829
2025-10-10 05:46:47,703 [INFO] Época 28/30, Batch 1650/3348, Loss: 0.0597
2025-10-10 05:46:47,958 [INFO] Época 28/30, Batch 1700/3348, Loss: 0.0836
2025-10-10 05:46:48,216 [INFO] Época 28/30, Batch 1750/3348, Loss: 0.0763
2025-10-10 05:46:48,472 [INFO] Época 28/30, Batch 1800/3348, Loss: 0.0945
2025-10-10 05:46:48,728 [INFO] Época 28/30, Batch 1850/3348, Loss: 0.0699
2025-10-10 05:46:48,985 [INFO] Época 28/30, Batch 1900/3348, Loss: 0.0635
2025-10-10 05:46:49,241 [INFO] Época 28/30, Batch 1950/3348, Loss: 0.0687
2025-10-10 05:46:49,499 [INFO] Época 28/30, Batch 2000/3348, Loss: 0.0553
2025-10-10 05:46:49,760 [INFO] Época 28/30, Batch 2050/3348, Loss: 0.1922
2025-10-10 05:46:50,021 [INFO] Época 28/30, Batch 2100/3348, Loss: 0.0753
2025-10-10 05:46:50,279 [INFO] Época 28/30, Batch 2150/3348, Loss: 0.0664
2025-10-10 05:46:50,541 [INFO] Época 28/30, Batch 2200/3348, Loss: 0.0624
2025-10-10 05:46:50,800 [INFO] Época 28/30, Batch 2250/3348, Loss: 0.0493
2025-10-10 05:46:51,062 [INFO] Época 28/30, Batch 2300/3348, Loss: 0.0456
2025-10-10 05:46:51,320 [INFO] Época 28/30, Batch 2350/3348, Loss: 0.1035
2025-10-10 05:46:51,577 [INFO] Época 28/30, Batch 2400/3348, Loss: 0.0701
2025-10-10 05:46:51,836 [INFO] Época 28/30, Batch 2450/3348, Loss: 0.0586
2025-10-10 05:46:52,095 [INFO] Época 28/30, Batch 2500/3348, Loss: 0.0711
2025-10-10 05:46:52,354 [INFO] Época 28/30, Batch 2550/3348, Loss: 0.1875
2025-10-10 05:46:52,612 [INFO] Época 28/30, Batch 2600/3348, Loss: 0.0700
2025-10-10 05:46:52,870 [INFO] Época 28/30, Batch 2650/3348, Loss: 0.0668
2025-10-10 05:46:53,126 [INFO] Época 28/30, Batch 2700/3348, Loss: 0.0660
2025-10-10 05:46:53,382 [INFO] Época 28/30, Batch 2750/3348, Loss: 0.0828
2025-10-10 05:46:53,640 [INFO] Época 28/30, Batch 2800/3348, Loss: 0.0735
2025-10-10 05:46:53,895 [INFO] Época 28/30, Batch 2850/3348, Loss: 0.1013
2025-10-10 05:46:54,151 [INFO] Época 28/30, Batch 2900/3348, Loss: 0.0839
2025-10-10 05:46:54,406 [INFO] Época 28/30, Batch 2950/3348, Loss: 0.0795
2025-10-10 05:46:54,662 [INFO] Época 28/30, Batch 3000/3348, Loss: 0.0602
2025-10-10 05:46:54,918 [INFO] Época 28/30, Batch 3050/3348, Loss: 0.0880
2025-10-10 05:46:55,174 [INFO] Época 28/30, Batch 3100/3348, Loss: 0.0472
2025-10-10 05:46:55,431 [INFO] Época 28/30, Batch 3150/3348, Loss: 0.0834
2025-10-10 05:46:55,691 [INFO] Época 28/30, Batch 3200/3348, Loss: 0.0726
2025-10-10 05:46:55,950 [INFO] Época 28/30, Batch 3250/3348, Loss: 0.0830
2025-10-10 05:46:56,210 [INFO] Época 28/30, Batch 3300/3348, Loss: 0.0667
2025-10-10 05:46:58,063 [INFO] [28/30] Train Loss: 0.0872 | Val Loss: 0.0619 | Tempo: 19.18s
2025-10-10 05:46:58,633 [INFO] Época 29/30, Batch 50/3348, Loss: 0.0737
2025-10-10 05:46:58,906 [INFO] Época 29/30, Batch 100/3348, Loss: 0.1280
2025-10-10 05:46:59,169 [INFO] Época 29/30, Batch 150/3348, Loss: 0.0934
2025-10-10 05:46:59,432 [INFO] Época 29/30, Batch 200/3348, Loss: 0.1022
2025-10-10 05:46:59,695 [INFO] Época 29/30, Batch 250/3348, Loss: 0.1045
2025-10-10 05:46:59,954 [INFO] Época 29/30, Batch 300/3348, Loss: 0.0524
2025-10-10 05:47:00,215 [INFO] Época 29/30, Batch 350/3348, Loss: 0.0725
2025-10-10 05:47:00,476 [INFO] Época 29/30, Batch 400/3348, Loss: 0.0537
2025-10-10 05:47:00,734 [INFO] Época 29/30, Batch 450/3348, Loss: 0.0669
2025-10-10 05:47:00,998 [INFO] Época 29/30, Batch 500/3348, Loss: 0.0927
2025-10-10 05:47:01,265 [INFO] Época 29/30, Batch 550/3348, Loss: 0.0740
2025-10-10 05:47:01,542 [INFO] Época 29/30, Batch 600/3348, Loss: 0.0914
2025-10-10 05:47:01,804 [INFO] Época 29/30, Batch 650/3348, Loss: 0.1079
2025-10-10 05:47:02,069 [INFO] Época 29/30, Batch 700/3348, Loss: 0.0587
2025-10-10 05:47:02,332 [INFO] Época 29/30, Batch 750/3348, Loss: 0.0961
2025-10-10 05:47:02,596 [INFO] Época 29/30, Batch 800/3348, Loss: 0.0635
2025-10-10 05:47:02,857 [INFO] Época 29/30, Batch 850/3348, Loss: 0.0598
2025-10-10 05:47:03,121 [INFO] Época 29/30, Batch 900/3348, Loss: 0.1637
2025-10-10 05:47:03,384 [INFO] Época 29/30, Batch 950/3348, Loss: 0.0559
2025-10-10 05:47:03,642 [INFO] Época 29/30, Batch 1000/3348, Loss: 0.0582
2025-10-10 05:47:03,891 [INFO] Época 29/30, Batch 1050/3348, Loss: 0.0757
2025-10-10 05:47:04,142 [INFO] Época 29/30, Batch 1100/3348, Loss: 0.0775
2025-10-10 05:47:04,395 [INFO] Época 29/30, Batch 1150/3348, Loss: 0.0537
2025-10-10 05:47:04,653 [INFO] Época 29/30, Batch 1200/3348, Loss: 0.0622
2025-10-10 05:47:04,915 [INFO] Época 29/30, Batch 1250/3348, Loss: 0.0792
2025-10-10 05:47:05,183 [INFO] Época 29/30, Batch 1300/3348, Loss: 0.1122
2025-10-10 05:47:05,449 [INFO] Época 29/30, Batch 1350/3348, Loss: 0.0828
2025-10-10 05:47:05,717 [INFO] Época 29/30, Batch 1400/3348, Loss: 0.0528
2025-10-10 05:47:05,985 [INFO] Época 29/30, Batch 1450/3348, Loss: 0.0477
2025-10-10 05:47:06,252 [INFO] Época 29/30, Batch 1500/3348, Loss: 0.0465
2025-10-10 05:47:06,522 [INFO] Época 29/30, Batch 1550/3348, Loss: 0.1148
2025-10-10 05:47:06,789 [INFO] Época 29/30, Batch 1600/3348, Loss: 0.0835
2025-10-10 05:47:07,056 [INFO] Época 29/30, Batch 1650/3348, Loss: 0.0590
2025-10-10 05:47:07,324 [INFO] Época 29/30, Batch 1700/3348, Loss: 0.0636
2025-10-10 05:47:07,593 [INFO] Época 29/30, Batch 1750/3348, Loss: 0.1007
2025-10-10 05:47:07,862 [INFO] Época 29/30, Batch 1800/3348, Loss: 0.1267
2025-10-10 05:47:08,130 [INFO] Época 29/30, Batch 1850/3348, Loss: 0.0691
2025-10-10 05:47:08,397 [INFO] Época 29/30, Batch 1900/3348, Loss: 0.0883
2025-10-10 05:47:08,665 [INFO] Época 29/30, Batch 1950/3348, Loss: 0.0779
2025-10-10 05:47:08,925 [INFO] Época 29/30, Batch 2000/3348, Loss: 0.1344
2025-10-10 05:47:09,188 [INFO] Época 29/30, Batch 2050/3348, Loss: 0.0635
2025-10-10 05:47:09,449 [INFO] Época 29/30, Batch 2100/3348, Loss: 0.0757
2025-10-10 05:47:09,716 [INFO] Época 29/30, Batch 2150/3348, Loss: 0.0890
2025-10-10 05:47:09,984 [INFO] Época 29/30, Batch 2200/3348, Loss: 0.1283
2025-10-10 05:47:10,246 [INFO] Época 29/30, Batch 2250/3348, Loss: 0.0771
2025-10-10 05:47:10,507 [INFO] Época 29/30, Batch 2300/3348, Loss: 0.0498
2025-10-10 05:47:10,768 [INFO] Época 29/30, Batch 2350/3348, Loss: 0.0708
2025-10-10 05:47:11,030 [INFO] Época 29/30, Batch 2400/3348, Loss: 0.0561
2025-10-10 05:47:11,291 [INFO] Época 29/30, Batch 2450/3348, Loss: 0.1023
2025-10-10 05:47:11,552 [INFO] Época 29/30, Batch 2500/3348, Loss: 0.1029
2025-10-10 05:47:11,825 [INFO] Época 29/30, Batch 2550/3348, Loss: 0.0903
2025-10-10 05:47:12,090 [INFO] Época 29/30, Batch 2600/3348, Loss: 0.0723
2025-10-10 05:47:12,349 [INFO] Época 29/30, Batch 2650/3348, Loss: 0.1100
2025-10-10 05:47:12,611 [INFO] Época 29/30, Batch 2700/3348, Loss: 0.0621
2025-10-10 05:47:12,873 [INFO] Época 29/30, Batch 2750/3348, Loss: 0.0745
2025-10-10 05:47:13,131 [INFO] Época 29/30, Batch 2800/3348, Loss: 0.0790
2025-10-10 05:47:13,395 [INFO] Época 29/30, Batch 2850/3348, Loss: 0.0958
2025-10-10 05:47:13,657 [INFO] Época 29/30, Batch 2900/3348, Loss: 0.0719
2025-10-10 05:47:13,924 [INFO] Época 29/30, Batch 2950/3348, Loss: 0.0618
2025-10-10 05:47:14,191 [INFO] Época 29/30, Batch 3000/3348, Loss: 0.0969
2025-10-10 05:47:14,457 [INFO] Época 29/30, Batch 3050/3348, Loss: 0.1347
2025-10-10 05:47:14,726 [INFO] Época 29/30, Batch 3100/3348, Loss: 0.1677
2025-10-10 05:47:14,994 [INFO] Época 29/30, Batch 3150/3348, Loss: 0.0701
2025-10-10 05:47:15,261 [INFO] Época 29/30, Batch 3200/3348, Loss: 0.0698
2025-10-10 05:47:15,527 [INFO] Época 29/30, Batch 3250/3348, Loss: 0.0653
2025-10-10 05:47:15,794 [INFO] Época 29/30, Batch 3300/3348, Loss: 0.0796
2025-10-10 05:47:17,568 [INFO] [29/30] Train Loss: 0.0860 | Val Loss: 0.0492 | Tempo: 19.50s
2025-10-10 05:47:17,572 [INFO] Melhor modelo salvo em: /mnt/hdd/home/jdurao/ToolBox-ChemXAI/models/mlp_qm9_Physicochemical_att9_large.pth
2025-10-10 05:47:18,115 [INFO] Época 30/30, Batch 50/3348, Loss: 0.0823
2025-10-10 05:47:18,378 [INFO] Época 30/30, Batch 100/3348, Loss: 0.0655
2025-10-10 05:47:18,640 [INFO] Época 30/30, Batch 150/3348, Loss: 0.0762
2025-10-10 05:47:18,902 [INFO] Época 30/30, Batch 200/3348, Loss: 0.0847
2025-10-10 05:47:19,160 [INFO] Época 30/30, Batch 250/3348, Loss: 0.1045
2025-10-10 05:47:19,421 [INFO] Época 30/30, Batch 300/3348, Loss: 0.0514
2025-10-10 05:47:19,681 [INFO] Época 30/30, Batch 350/3348, Loss: 0.1032
2025-10-10 05:47:19,940 [INFO] Época 30/30, Batch 400/3348, Loss: 0.0812
2025-10-10 05:47:20,199 [INFO] Época 30/30, Batch 450/3348, Loss: 0.0687
2025-10-10 05:47:20,459 [INFO] Época 30/30, Batch 500/3348, Loss: 0.1014
2025-10-10 05:47:20,721 [INFO] Época 30/30, Batch 550/3348, Loss: 0.1004
2025-10-10 05:47:20,980 [INFO] Época 30/30, Batch 600/3348, Loss: 0.0592
2025-10-10 05:47:21,237 [INFO] Época 30/30, Batch 650/3348, Loss: 0.0992
2025-10-10 05:47:21,495 [INFO] Época 30/30, Batch 700/3348, Loss: 0.0918
2025-10-10 05:47:21,754 [INFO] Época 30/30, Batch 750/3348, Loss: 0.0735
2025-10-10 05:47:22,015 [INFO] Época 30/30, Batch 800/3348, Loss: 0.0605
2025-10-10 05:47:22,275 [INFO] Época 30/30, Batch 850/3348, Loss: 0.0518
2025-10-10 05:47:22,534 [INFO] Época 30/30, Batch 900/3348, Loss: 0.0928
2025-10-10 05:47:22,792 [INFO] Época 30/30, Batch 950/3348, Loss: 0.1027
2025-10-10 05:47:23,049 [INFO] Época 30/30, Batch 1000/3348, Loss: 0.1122
2025-10-10 05:47:23,310 [INFO] Época 30/30, Batch 1050/3348, Loss: 0.0977
2025-10-10 05:47:23,569 [INFO] Época 30/30, Batch 1100/3348, Loss: 0.0770
2025-10-10 05:47:23,827 [INFO] Época 30/30, Batch 1150/3348, Loss: 0.1177
2025-10-10 05:47:24,084 [INFO] Época 30/30, Batch 1200/3348, Loss: 0.0753
2025-10-10 05:47:24,342 [INFO] Época 30/30, Batch 1250/3348, Loss: 0.1277
2025-10-10 05:47:24,600 [INFO] Época 30/30, Batch 1300/3348, Loss: 0.1008
2025-10-10 05:47:24,861 [INFO] Época 30/30, Batch 1350/3348, Loss: 0.1232
2025-10-10 05:47:25,120 [INFO] Época 30/30, Batch 1400/3348, Loss: 0.0649
2025-10-10 05:47:25,381 [INFO] Época 30/30, Batch 1450/3348, Loss: 0.0698
2025-10-10 05:47:25,641 [INFO] Época 30/30, Batch 1500/3348, Loss: 0.0530
2025-10-10 05:47:25,899 [INFO] Época 30/30, Batch 1550/3348, Loss: 0.1418
2025-10-10 05:47:26,156 [INFO] Época 30/30, Batch 1600/3348, Loss: 0.0539
2025-10-10 05:47:26,417 [INFO] Época 30/30, Batch 1650/3348, Loss: 0.0582
2025-10-10 05:47:26,674 [INFO] Época 30/30, Batch 1700/3348, Loss: 0.0591
2025-10-10 05:47:26,931 [INFO] Época 30/30, Batch 1750/3348, Loss: 0.0777
2025-10-10 05:47:27,190 [INFO] Época 30/30, Batch 1800/3348, Loss: 0.0760
2025-10-10 05:47:27,449 [INFO] Época 30/30, Batch 1850/3348, Loss: 0.1066
2025-10-10 05:47:27,706 [INFO] Época 30/30, Batch 1900/3348, Loss: 0.0657
2025-10-10 05:47:27,964 [INFO] Época 30/30, Batch 1950/3348, Loss: 0.0577
2025-10-10 05:47:28,232 [INFO] Época 30/30, Batch 2000/3348, Loss: 0.0553
2025-10-10 05:47:28,489 [INFO] Época 30/30, Batch 2050/3348, Loss: 0.1564
2025-10-10 05:47:28,751 [INFO] Época 30/30, Batch 2100/3348, Loss: 0.0972
2025-10-10 05:47:29,010 [INFO] Época 30/30, Batch 2150/3348, Loss: 0.0704
2025-10-10 05:47:29,269 [INFO] Época 30/30, Batch 2200/3348, Loss: 0.0806
2025-10-10 05:47:29,529 [INFO] Época 30/30, Batch 2250/3348, Loss: 0.0409
2025-10-10 05:47:29,787 [INFO] Época 30/30, Batch 2300/3348, Loss: 0.0533
2025-10-10 05:47:30,048 [INFO] Época 30/30, Batch 2350/3348, Loss: 0.0845
2025-10-10 05:47:30,306 [INFO] Época 30/30, Batch 2400/3348, Loss: 0.1214
2025-10-10 05:47:30,566 [INFO] Época 30/30, Batch 2450/3348, Loss: 0.0817
2025-10-10 05:47:30,825 [INFO] Época 30/30, Batch 2500/3348, Loss: 0.0497
2025-10-10 05:47:31,081 [INFO] Época 30/30, Batch 2550/3348, Loss: 0.0864
2025-10-10 05:47:31,340 [INFO] Época 30/30, Batch 2600/3348, Loss: 0.1230
2025-10-10 05:47:31,599 [INFO] Época 30/30, Batch 2650/3348, Loss: 0.0605
2025-10-10 05:47:31,858 [INFO] Época 30/30, Batch 2700/3348, Loss: 0.0520
2025-10-10 05:47:32,116 [INFO] Época 30/30, Batch 2750/3348, Loss: 0.1471
2025-10-10 05:47:32,374 [INFO] Época 30/30, Batch 2800/3348, Loss: 0.0550
2025-10-10 05:47:32,633 [INFO] Época 30/30, Batch 2850/3348, Loss: 0.0718
2025-10-10 05:47:32,891 [INFO] Época 30/30, Batch 2900/3348, Loss: 0.0664
2025-10-10 05:47:33,148 [INFO] Época 30/30, Batch 2950/3348, Loss: 0.1237
2025-10-10 05:47:33,416 [INFO] Época 30/30, Batch 3000/3348, Loss: 0.0567
2025-10-10 05:47:33,674 [INFO] Época 30/30, Batch 3050/3348, Loss: 0.0723
2025-10-10 05:47:33,934 [INFO] Época 30/30, Batch 3100/3348, Loss: 0.0662
2025-10-10 05:47:34,193 [INFO] Época 30/30, Batch 3150/3348, Loss: 0.1048
2025-10-10 05:47:34,451 [INFO] Época 30/30, Batch 3200/3348, Loss: 0.0813
2025-10-10 05:47:34,714 [INFO] Época 30/30, Batch 3250/3348, Loss: 0.1250
2025-10-10 05:47:34,974 [INFO] Época 30/30, Batch 3300/3348, Loss: 0.1593
2025-10-10 05:47:36,710 [INFO] [30/30] Train Loss: 0.0848 | Val Loss: 0.0499 | Tempo: 19.14s
2025-10-10 05:47:36,710 [INFO] Treinamento concluído em 580.29 segundos (9.67 minutos)
2025-10-10 05:47:36,710 [INFO] Iniciando avaliação no conjunto de teste...
2025-10-10 05:47:38,143 [INFO] Avaliação do teste concluída em 1.43 segundos
2025-10-10 05:47:38,143 [INFO] MSE no teste: 1.1390
2025-10-10 05:47:38,143 [INFO] RMSE no teste: 1.0672
2025-10-10 05:47:38,143 [INFO] MAE no teste: 0.4314
2025-10-10 05:47:38,144 [INFO] Métricas salvas em /mnt/hdd/home/jdurao/ToolBox-ChemXAI/logs/mlp_att9_Physicochemical_metrics.json
