2025-10-09 17:52:13,426 [INFO] Iniciando treinamento do modelo mlp_att1_Pattern
2025-10-09 17:52:13,426 [INFO] Configuração: att_index=1, epochs=30, layers=[128, 64, 32], lr=0.001, batch_size=32, descriptor_type=Pattern
2025-10-09 17:52:13,426 [INFO] Diretório para modelos: /mnt/hdd/home/jdurao/ToolBox-ChemXAI/models
2025-10-09 17:52:13,427 [INFO] Carregando dados...
2025-10-09 17:52:13,518 [INFO] Preparando dataloaders sem ruído...
2025-10-09 17:52:30,666 [INFO] Dados carregados em 17.24 segundos
2025-10-09 17:52:30,667 [INFO] Tamanhos dos conjuntos - Treino: 107108, Validação: 13388, Teste: 13389
2025-10-09 17:52:30,667 [INFO] Usando dispositivo: cuda
2025-10-09 17:52:31,056 [INFO] Dimensão de entrada: 512, Dimensão de saída: 1
2025-10-09 17:52:31,057 [INFO] Criando modelo MLP com camadas: [128, 64, 32]
2025-10-09 17:52:31,062 [INFO] Modelo criado com 76033 parâmetros
2025-10-09 17:52:31,082 [INFO] Iniciando treinamento com 30 épocas...
2025-10-09 17:52:31,696 [INFO] Época 1/30, Batch 50/3348, Loss: 0.1256
2025-10-09 17:52:31,974 [INFO] Época 1/30, Batch 100/3348, Loss: 0.1091
2025-10-09 17:52:32,250 [INFO] Época 1/30, Batch 150/3348, Loss: 0.1522
2025-10-09 17:52:32,520 [INFO] Época 1/30, Batch 200/3348, Loss: 0.1152
2025-10-09 17:52:32,783 [INFO] Época 1/30, Batch 250/3348, Loss: 0.0876
2025-10-09 17:52:33,050 [INFO] Época 1/30, Batch 300/3348, Loss: 0.1659
2025-10-09 17:52:33,319 [INFO] Época 1/30, Batch 350/3348, Loss: 0.1250
2025-10-09 17:52:33,586 [INFO] Época 1/30, Batch 400/3348, Loss: 0.1051
2025-10-09 17:52:33,853 [INFO] Época 1/30, Batch 450/3348, Loss: 0.1092
2025-10-09 17:52:34,121 [INFO] Época 1/30, Batch 500/3348, Loss: 0.1059
2025-10-09 17:52:34,389 [INFO] Época 1/30, Batch 550/3348, Loss: 0.0994
2025-10-09 17:52:34,656 [INFO] Época 1/30, Batch 600/3348, Loss: 0.1182
2025-10-09 17:52:34,926 [INFO] Época 1/30, Batch 650/3348, Loss: 0.1131
2025-10-09 17:52:35,195 [INFO] Época 1/30, Batch 700/3348, Loss: 0.0891
2025-10-09 17:52:35,461 [INFO] Época 1/30, Batch 750/3348, Loss: 0.1272
2025-10-09 17:52:35,727 [INFO] Época 1/30, Batch 800/3348, Loss: 0.1033
2025-10-09 17:52:35,994 [INFO] Época 1/30, Batch 850/3348, Loss: 0.0874
2025-10-09 17:52:36,261 [INFO] Época 1/30, Batch 900/3348, Loss: 0.1057
2025-10-09 17:52:36,529 [INFO] Época 1/30, Batch 950/3348, Loss: 0.1158
2025-10-09 17:52:36,794 [INFO] Época 1/30, Batch 1000/3348, Loss: 0.0984
2025-10-09 17:52:37,062 [INFO] Época 1/30, Batch 1050/3348, Loss: 0.1475
2025-10-09 17:52:37,330 [INFO] Época 1/30, Batch 1100/3348, Loss: 0.1201
2025-10-09 17:52:37,597 [INFO] Época 1/30, Batch 1150/3348, Loss: 0.0797
2025-10-09 17:52:37,865 [INFO] Época 1/30, Batch 1200/3348, Loss: 0.0864
2025-10-09 17:52:38,133 [INFO] Época 1/30, Batch 1250/3348, Loss: 0.0857
2025-10-09 17:52:38,399 [INFO] Época 1/30, Batch 1300/3348, Loss: 0.1058
2025-10-09 17:52:38,664 [INFO] Época 1/30, Batch 1350/3348, Loss: 0.0995
2025-10-09 17:52:38,929 [INFO] Época 1/30, Batch 1400/3348, Loss: 0.1045
2025-10-09 17:52:39,194 [INFO] Época 1/30, Batch 1450/3348, Loss: 0.1210
2025-10-09 17:52:39,456 [INFO] Época 1/30, Batch 1500/3348, Loss: 0.0984
2025-10-09 17:52:39,727 [INFO] Época 1/30, Batch 1550/3348, Loss: 0.0917
2025-10-09 17:52:39,990 [INFO] Época 1/30, Batch 1600/3348, Loss: 0.0672
2025-10-09 17:52:40,254 [INFO] Época 1/30, Batch 1650/3348, Loss: 0.1221
2025-10-09 17:52:40,520 [INFO] Época 1/30, Batch 1700/3348, Loss: 0.1094
2025-10-09 17:52:40,788 [INFO] Época 1/30, Batch 1750/3348, Loss: 0.0829
2025-10-09 17:52:41,053 [INFO] Época 1/30, Batch 1800/3348, Loss: 0.1069
2025-10-09 17:52:41,319 [INFO] Época 1/30, Batch 1850/3348, Loss: 0.1075
2025-10-09 17:52:41,583 [INFO] Época 1/30, Batch 1900/3348, Loss: 0.0783
2025-10-09 17:52:41,846 [INFO] Época 1/30, Batch 1950/3348, Loss: 0.0913
2025-10-09 17:52:42,110 [INFO] Época 1/30, Batch 2000/3348, Loss: 0.1084
2025-10-09 17:52:42,374 [INFO] Época 1/30, Batch 2050/3348, Loss: 0.0863
2025-10-09 17:52:42,638 [INFO] Época 1/30, Batch 2100/3348, Loss: 0.0924
2025-10-09 17:52:42,906 [INFO] Época 1/30, Batch 2150/3348, Loss: 0.1180
2025-10-09 17:52:43,172 [INFO] Época 1/30, Batch 2200/3348, Loss: 0.0953
2025-10-09 17:52:43,440 [INFO] Época 1/30, Batch 2250/3348, Loss: 0.0853
2025-10-09 17:52:43,706 [INFO] Época 1/30, Batch 2300/3348, Loss: 0.0991
2025-10-09 17:52:43,972 [INFO] Época 1/30, Batch 2350/3348, Loss: 0.1166
2025-10-09 17:52:44,240 [INFO] Época 1/30, Batch 2400/3348, Loss: 0.0903
2025-10-09 17:52:44,508 [INFO] Época 1/30, Batch 2450/3348, Loss: 0.0871
2025-10-09 17:52:44,777 [INFO] Época 1/30, Batch 2500/3348, Loss: 0.1044
2025-10-09 17:52:45,042 [INFO] Época 1/30, Batch 2550/3348, Loss: 0.0921
2025-10-09 17:52:45,312 [INFO] Época 1/30, Batch 2600/3348, Loss: 0.0706
2025-10-09 17:52:45,575 [INFO] Época 1/30, Batch 2650/3348, Loss: 0.0887
2025-10-09 17:52:45,840 [INFO] Época 1/30, Batch 2700/3348, Loss: 0.0974
2025-10-09 17:52:46,104 [INFO] Época 1/30, Batch 2750/3348, Loss: 0.0923
2025-10-09 17:52:46,368 [INFO] Época 1/30, Batch 2800/3348, Loss: 0.0810
2025-10-09 17:52:46,630 [INFO] Época 1/30, Batch 2850/3348, Loss: 0.1063
2025-10-09 17:52:46,898 [INFO] Época 1/30, Batch 2900/3348, Loss: 0.0875
2025-10-09 17:52:47,168 [INFO] Época 1/30, Batch 2950/3348, Loss: 0.0905
2025-10-09 17:52:47,434 [INFO] Época 1/30, Batch 3000/3348, Loss: 0.1247
2025-10-09 17:52:47,699 [INFO] Época 1/30, Batch 3050/3348, Loss: 0.1095
2025-10-09 17:52:47,963 [INFO] Época 1/30, Batch 3100/3348, Loss: 0.0680
2025-10-09 17:52:48,229 [INFO] Época 1/30, Batch 3150/3348, Loss: 0.0841
2025-10-09 17:52:48,492 [INFO] Época 1/30, Batch 3200/3348, Loss: 0.0681
2025-10-09 17:52:48,752 [INFO] Época 1/30, Batch 3250/3348, Loss: 0.0943
2025-10-09 17:52:48,997 [INFO] Época 1/30, Batch 3300/3348, Loss: 0.1098
2025-10-09 17:52:50,764 [INFO] [1/30] Train Loss: 0.1083 | Val Loss: 0.0986 | Tempo: 19.68s
2025-10-09 17:52:50,769 [INFO] Melhor modelo salvo em: /mnt/hdd/home/jdurao/ToolBox-ChemXAI/models/mlp_qm9_Pattern_att1_large.pth
2025-10-09 17:52:51,348 [INFO] Época 2/30, Batch 50/3348, Loss: 0.0747
2025-10-09 17:52:51,604 [INFO] Época 2/30, Batch 100/3348, Loss: 0.0961
2025-10-09 17:52:51,857 [INFO] Época 2/30, Batch 150/3348, Loss: 0.0980
2025-10-09 17:52:52,113 [INFO] Época 2/30, Batch 200/3348, Loss: 0.0871
2025-10-09 17:52:52,372 [INFO] Época 2/30, Batch 250/3348, Loss: 0.0910
2025-10-09 17:52:52,646 [INFO] Época 2/30, Batch 300/3348, Loss: 0.0837
2025-10-09 17:52:52,918 [INFO] Época 2/30, Batch 350/3348, Loss: 0.0797
2025-10-09 17:52:53,188 [INFO] Época 2/30, Batch 400/3348, Loss: 0.1084
2025-10-09 17:52:53,459 [INFO] Época 2/30, Batch 450/3348, Loss: 0.1155
2025-10-09 17:52:53,731 [INFO] Época 2/30, Batch 500/3348, Loss: 0.0751
2025-10-09 17:52:54,003 [INFO] Época 2/30, Batch 550/3348, Loss: 0.0733
2025-10-09 17:52:54,274 [INFO] Época 2/30, Batch 600/3348, Loss: 0.0842
2025-10-09 17:52:54,543 [INFO] Época 2/30, Batch 650/3348, Loss: 0.0803
2025-10-09 17:52:54,815 [INFO] Época 2/30, Batch 700/3348, Loss: 0.0781
2025-10-09 17:52:55,086 [INFO] Época 2/30, Batch 750/3348, Loss: 0.1280
2025-10-09 17:52:55,355 [INFO] Época 2/30, Batch 800/3348, Loss: 0.0833
2025-10-09 17:52:55,628 [INFO] Época 2/30, Batch 850/3348, Loss: 0.0835
2025-10-09 17:52:55,889 [INFO] Época 2/30, Batch 900/3348, Loss: 0.0712
2025-10-09 17:52:56,149 [INFO] Época 2/30, Batch 950/3348, Loss: 0.0772
2025-10-09 17:52:56,410 [INFO] Época 2/30, Batch 1000/3348, Loss: 0.0769
2025-10-09 17:52:56,680 [INFO] Época 2/30, Batch 1050/3348, Loss: 0.0636
2025-10-09 17:52:56,947 [INFO] Época 2/30, Batch 1100/3348, Loss: 0.0811
2025-10-09 17:52:57,213 [INFO] Época 2/30, Batch 1150/3348, Loss: 0.1153
2025-10-09 17:52:57,476 [INFO] Época 2/30, Batch 1200/3348, Loss: 0.0857
2025-10-09 17:52:57,738 [INFO] Época 2/30, Batch 1250/3348, Loss: 0.0820
2025-10-09 17:52:58,001 [INFO] Época 2/30, Batch 1300/3348, Loss: 0.1252
2025-10-09 17:52:58,266 [INFO] Época 2/30, Batch 1350/3348, Loss: 0.1198
2025-10-09 17:52:58,533 [INFO] Época 2/30, Batch 1400/3348, Loss: 0.0776
2025-10-09 17:52:58,802 [INFO] Época 2/30, Batch 1450/3348, Loss: 0.0857
2025-10-09 17:52:59,068 [INFO] Época 2/30, Batch 1500/3348, Loss: 0.1003
2025-10-09 17:52:59,338 [INFO] Época 2/30, Batch 1550/3348, Loss: 0.0653
2025-10-09 17:52:59,609 [INFO] Época 2/30, Batch 1600/3348, Loss: 0.0765
2025-10-09 17:52:59,874 [INFO] Época 2/30, Batch 1650/3348, Loss: 0.0796
2025-10-09 17:53:00,135 [INFO] Época 2/30, Batch 1700/3348, Loss: 0.0761
2025-10-09 17:53:00,401 [INFO] Época 2/30, Batch 1750/3348, Loss: 0.0548
2025-10-09 17:53:00,666 [INFO] Época 2/30, Batch 1800/3348, Loss: 0.0826
2025-10-09 17:53:00,929 [INFO] Época 2/30, Batch 1850/3348, Loss: 0.0722
2025-10-09 17:53:01,193 [INFO] Época 2/30, Batch 1900/3348, Loss: 0.1032
2025-10-09 17:53:01,459 [INFO] Época 2/30, Batch 1950/3348, Loss: 0.0699
2025-10-09 17:53:01,724 [INFO] Época 2/30, Batch 2000/3348, Loss: 0.0976
2025-10-09 17:53:01,989 [INFO] Época 2/30, Batch 2050/3348, Loss: 0.0759
2025-10-09 17:53:02,255 [INFO] Época 2/30, Batch 2100/3348, Loss: 0.0812
2025-10-09 17:53:02,523 [INFO] Época 2/30, Batch 2150/3348, Loss: 0.1095
2025-10-09 17:53:02,787 [INFO] Época 2/30, Batch 2200/3348, Loss: 0.0713
2025-10-09 17:53:03,053 [INFO] Época 2/30, Batch 2250/3348, Loss: 0.0678
2025-10-09 17:53:03,319 [INFO] Época 2/30, Batch 2300/3348, Loss: 0.0629
2025-10-09 17:53:03,584 [INFO] Época 2/30, Batch 2350/3348, Loss: 0.0965
2025-10-09 17:53:03,854 [INFO] Época 2/30, Batch 2400/3348, Loss: 0.0872
2025-10-09 17:53:04,126 [INFO] Época 2/30, Batch 2450/3348, Loss: 0.0502
2025-10-09 17:53:04,392 [INFO] Época 2/30, Batch 2500/3348, Loss: 0.0969
2025-10-09 17:53:04,658 [INFO] Época 2/30, Batch 2550/3348, Loss: 0.0659
2025-10-09 17:53:04,929 [INFO] Época 2/30, Batch 2600/3348, Loss: 0.0764
2025-10-09 17:53:05,200 [INFO] Época 2/30, Batch 2650/3348, Loss: 0.1076
2025-10-09 17:53:05,472 [INFO] Época 2/30, Batch 2700/3348, Loss: 0.0622
2025-10-09 17:53:05,741 [INFO] Época 2/30, Batch 2750/3348, Loss: 0.0950
2025-10-09 17:53:06,007 [INFO] Época 2/30, Batch 2800/3348, Loss: 0.0902
2025-10-09 17:53:06,271 [INFO] Época 2/30, Batch 2850/3348, Loss: 0.0747
2025-10-09 17:53:06,535 [INFO] Época 2/30, Batch 2900/3348, Loss: 0.0641
2025-10-09 17:53:06,799 [INFO] Época 2/30, Batch 2950/3348, Loss: 0.0660
2025-10-09 17:53:07,063 [INFO] Época 2/30, Batch 3000/3348, Loss: 0.0535
2025-10-09 17:53:07,329 [INFO] Época 2/30, Batch 3050/3348, Loss: 0.0927
2025-10-09 17:53:07,592 [INFO] Época 2/30, Batch 3100/3348, Loss: 0.0685
2025-10-09 17:53:07,859 [INFO] Época 2/30, Batch 3150/3348, Loss: 0.0857
2025-10-09 17:53:08,132 [INFO] Época 2/30, Batch 3200/3348, Loss: 0.0722
2025-10-09 17:53:08,397 [INFO] Época 2/30, Batch 3250/3348, Loss: 0.0740
2025-10-09 17:53:08,665 [INFO] Época 2/30, Batch 3300/3348, Loss: 0.0913
2025-10-09 17:53:10,484 [INFO] [2/30] Train Loss: 0.0866 | Val Loss: 0.1145 | Tempo: 19.71s
2025-10-09 17:53:11,094 [INFO] Época 3/30, Batch 50/3348, Loss: 0.0515
2025-10-09 17:53:11,365 [INFO] Época 3/30, Batch 100/3348, Loss: 0.0733
2025-10-09 17:53:11,627 [INFO] Época 3/30, Batch 150/3348, Loss: 0.0628
2025-10-09 17:53:11,889 [INFO] Época 3/30, Batch 200/3348, Loss: 0.0571
2025-10-09 17:53:12,151 [INFO] Época 3/30, Batch 250/3348, Loss: 0.0682
2025-10-09 17:53:12,411 [INFO] Época 3/30, Batch 300/3348, Loss: 0.0707
2025-10-09 17:53:12,676 [INFO] Época 3/30, Batch 350/3348, Loss: 0.0680
2025-10-09 17:53:12,940 [INFO] Época 3/30, Batch 400/3348, Loss: 0.0642
2025-10-09 17:53:13,202 [INFO] Época 3/30, Batch 450/3348, Loss: 0.0728
2025-10-09 17:53:13,464 [INFO] Época 3/30, Batch 500/3348, Loss: 0.0786
2025-10-09 17:53:13,727 [INFO] Época 3/30, Batch 550/3348, Loss: 0.0699
2025-10-09 17:53:13,988 [INFO] Época 3/30, Batch 600/3348, Loss: 0.0673
2025-10-09 17:53:14,250 [INFO] Época 3/30, Batch 650/3348, Loss: 0.0622
2025-10-09 17:53:14,515 [INFO] Época 3/30, Batch 700/3348, Loss: 0.0768
2025-10-09 17:53:14,778 [INFO] Época 3/30, Batch 750/3348, Loss: 0.0886
2025-10-09 17:53:15,035 [INFO] Época 3/30, Batch 800/3348, Loss: 0.0609
2025-10-09 17:53:15,286 [INFO] Época 3/30, Batch 850/3348, Loss: 0.0851
2025-10-09 17:53:15,540 [INFO] Época 3/30, Batch 900/3348, Loss: 0.0494
2025-10-09 17:53:15,791 [INFO] Época 3/30, Batch 950/3348, Loss: 0.0710
2025-10-09 17:53:16,042 [INFO] Época 3/30, Batch 1000/3348, Loss: 0.0774
2025-10-09 17:53:16,295 [INFO] Época 3/30, Batch 1050/3348, Loss: 0.0837
2025-10-09 17:53:16,548 [INFO] Época 3/30, Batch 1100/3348, Loss: 0.0805
2025-10-09 17:53:16,800 [INFO] Época 3/30, Batch 1150/3348, Loss: 0.1063
2025-10-09 17:53:17,061 [INFO] Época 3/30, Batch 1200/3348, Loss: 0.0593
2025-10-09 17:53:17,318 [INFO] Época 3/30, Batch 1250/3348, Loss: 0.0600
2025-10-09 17:53:17,577 [INFO] Época 3/30, Batch 1300/3348, Loss: 0.1034
2025-10-09 17:53:17,844 [INFO] Época 3/30, Batch 1350/3348, Loss: 0.0851
2025-10-09 17:53:18,114 [INFO] Época 3/30, Batch 1400/3348, Loss: 0.0694
2025-10-09 17:53:18,375 [INFO] Época 3/30, Batch 1450/3348, Loss: 0.0672
2025-10-09 17:53:18,637 [INFO] Época 3/30, Batch 1500/3348, Loss: 0.0778
2025-10-09 17:53:18,911 [INFO] Época 3/30, Batch 1550/3348, Loss: 0.0917
2025-10-09 17:53:19,183 [INFO] Época 3/30, Batch 1600/3348, Loss: 0.0774
2025-10-09 17:53:19,454 [INFO] Época 3/30, Batch 1650/3348, Loss: 0.0785
2025-10-09 17:53:19,723 [INFO] Época 3/30, Batch 1700/3348, Loss: 0.0825
2025-10-09 17:53:19,986 [INFO] Época 3/30, Batch 1750/3348, Loss: 0.1052
2025-10-09 17:53:20,247 [INFO] Época 3/30, Batch 1800/3348, Loss: 0.0588
2025-10-09 17:53:20,510 [INFO] Época 3/30, Batch 1850/3348, Loss: 0.0673
2025-10-09 17:53:20,774 [INFO] Época 3/30, Batch 1900/3348, Loss: 0.0813
2025-10-09 17:53:21,037 [INFO] Época 3/30, Batch 1950/3348, Loss: 0.0580
2025-10-09 17:53:21,298 [INFO] Época 3/30, Batch 2000/3348, Loss: 0.0573
2025-10-09 17:53:21,563 [INFO] Época 3/30, Batch 2050/3348, Loss: 0.0912
2025-10-09 17:53:21,826 [INFO] Época 3/30, Batch 2100/3348, Loss: 0.0752
2025-10-09 17:53:22,087 [INFO] Época 3/30, Batch 2150/3348, Loss: 0.0754
2025-10-09 17:53:22,354 [INFO] Época 3/30, Batch 2200/3348, Loss: 0.0556
2025-10-09 17:53:22,625 [INFO] Época 3/30, Batch 2250/3348, Loss: 0.0652
2025-10-09 17:53:22,897 [INFO] Época 3/30, Batch 2300/3348, Loss: 0.0906
2025-10-09 17:53:23,169 [INFO] Época 3/30, Batch 2350/3348, Loss: 0.0804
2025-10-09 17:53:23,439 [INFO] Época 3/30, Batch 2400/3348, Loss: 0.0653
2025-10-09 17:53:23,710 [INFO] Época 3/30, Batch 2450/3348, Loss: 0.0752
2025-10-09 17:53:23,981 [INFO] Época 3/30, Batch 2500/3348, Loss: 0.0903
2025-10-09 17:53:24,254 [INFO] Época 3/30, Batch 2550/3348, Loss: 0.0600
2025-10-09 17:53:24,523 [INFO] Época 3/30, Batch 2600/3348, Loss: 0.0561
2025-10-09 17:53:24,795 [INFO] Época 3/30, Batch 2650/3348, Loss: 0.0807
2025-10-09 17:53:25,043 [INFO] Época 3/30, Batch 2700/3348, Loss: 0.0599
2025-10-09 17:53:25,298 [INFO] Época 3/30, Batch 2750/3348, Loss: 0.0585
2025-10-09 17:53:25,559 [INFO] Época 3/30, Batch 2800/3348, Loss: 0.0706
2025-10-09 17:53:25,818 [INFO] Época 3/30, Batch 2850/3348, Loss: 0.0717
2025-10-09 17:53:26,077 [INFO] Época 3/30, Batch 2900/3348, Loss: 0.0621
2025-10-09 17:53:26,319 [INFO] Época 3/30, Batch 2950/3348, Loss: 0.0946
2025-10-09 17:53:26,563 [INFO] Época 3/30, Batch 3000/3348, Loss: 0.0545
2025-10-09 17:53:26,804 [INFO] Época 3/30, Batch 3050/3348, Loss: 0.0869
2025-10-09 17:53:27,056 [INFO] Época 3/30, Batch 3100/3348, Loss: 0.0817
2025-10-09 17:53:27,298 [INFO] Época 3/30, Batch 3150/3348, Loss: 0.0768
2025-10-09 17:53:27,541 [INFO] Época 3/30, Batch 3200/3348, Loss: 0.0572
2025-10-09 17:53:27,787 [INFO] Época 3/30, Batch 3250/3348, Loss: 0.0677
2025-10-09 17:53:28,037 [INFO] Época 3/30, Batch 3300/3348, Loss: 0.0744
2025-10-09 17:53:29,759 [INFO] [3/30] Train Loss: 0.0783 | Val Loss: 0.0902 | Tempo: 19.27s
2025-10-09 17:53:29,764 [INFO] Melhor modelo salvo em: /mnt/hdd/home/jdurao/ToolBox-ChemXAI/models/mlp_qm9_Pattern_att1_large.pth
2025-10-09 17:53:30,363 [INFO] Época 4/30, Batch 50/3348, Loss: 0.0679
2025-10-09 17:53:30,634 [INFO] Época 4/30, Batch 100/3348, Loss: 0.0663
2025-10-09 17:53:30,904 [INFO] Época 4/30, Batch 150/3348, Loss: 0.0606
2025-10-09 17:53:31,170 [INFO] Época 4/30, Batch 200/3348, Loss: 0.0628
2025-10-09 17:53:31,436 [INFO] Época 4/30, Batch 250/3348, Loss: 0.0701
2025-10-09 17:53:31,702 [INFO] Época 4/30, Batch 300/3348, Loss: 0.0551
2025-10-09 17:53:31,967 [INFO] Época 4/30, Batch 350/3348, Loss: 0.0785
2025-10-09 17:53:32,228 [INFO] Época 4/30, Batch 400/3348, Loss: 0.0633
2025-10-09 17:53:32,491 [INFO] Época 4/30, Batch 450/3348, Loss: 0.0769
2025-10-09 17:53:32,753 [INFO] Época 4/30, Batch 500/3348, Loss: 0.0639
2025-10-09 17:53:33,016 [INFO] Época 4/30, Batch 550/3348, Loss: 0.0913
2025-10-09 17:53:33,278 [INFO] Época 4/30, Batch 600/3348, Loss: 0.0635
2025-10-09 17:53:33,539 [INFO] Época 4/30, Batch 650/3348, Loss: 0.0465
2025-10-09 17:53:33,796 [INFO] Época 4/30, Batch 700/3348, Loss: 0.0809
2025-10-09 17:53:34,063 [INFO] Época 4/30, Batch 750/3348, Loss: 0.0599
2025-10-09 17:53:34,342 [INFO] Época 4/30, Batch 800/3348, Loss: 0.0713
2025-10-09 17:53:34,597 [INFO] Época 4/30, Batch 850/3348, Loss: 0.0549
2025-10-09 17:53:34,851 [INFO] Época 4/30, Batch 900/3348, Loss: 0.0609
2025-10-09 17:53:35,106 [INFO] Época 4/30, Batch 950/3348, Loss: 0.1065
2025-10-09 17:53:35,360 [INFO] Época 4/30, Batch 1000/3348, Loss: 0.0733
2025-10-09 17:53:35,614 [INFO] Época 4/30, Batch 1050/3348, Loss: 0.0685
2025-10-09 17:53:35,869 [INFO] Época 4/30, Batch 1100/3348, Loss: 0.0784
2025-10-09 17:53:36,136 [INFO] Época 4/30, Batch 1150/3348, Loss: 0.0692
2025-10-09 17:53:36,401 [INFO] Época 4/30, Batch 1200/3348, Loss: 0.0859
2025-10-09 17:53:36,664 [INFO] Época 4/30, Batch 1250/3348, Loss: 0.0555
2025-10-09 17:53:36,928 [INFO] Época 4/30, Batch 1300/3348, Loss: 0.0637
2025-10-09 17:53:37,193 [INFO] Época 4/30, Batch 1350/3348, Loss: 0.0719
2025-10-09 17:53:37,456 [INFO] Época 4/30, Batch 1400/3348, Loss: 0.0775
2025-10-09 17:53:37,720 [INFO] Época 4/30, Batch 1450/3348, Loss: 0.0985
2025-10-09 17:53:37,982 [INFO] Época 4/30, Batch 1500/3348, Loss: 0.0886
2025-10-09 17:53:38,246 [INFO] Época 4/30, Batch 1550/3348, Loss: 0.0634
2025-10-09 17:53:38,509 [INFO] Época 4/30, Batch 1600/3348, Loss: 0.0661
2025-10-09 17:53:38,771 [INFO] Época 4/30, Batch 1650/3348, Loss: 0.0762
2025-10-09 17:53:39,034 [INFO] Época 4/30, Batch 1700/3348, Loss: 0.0859
2025-10-09 17:53:39,299 [INFO] Época 4/30, Batch 1750/3348, Loss: 0.0736
2025-10-09 17:53:39,564 [INFO] Época 4/30, Batch 1800/3348, Loss: 0.0564
2025-10-09 17:53:39,829 [INFO] Época 4/30, Batch 1850/3348, Loss: 0.0897
2025-10-09 17:53:40,095 [INFO] Época 4/30, Batch 1900/3348, Loss: 0.0522
2025-10-09 17:53:40,364 [INFO] Época 4/30, Batch 1950/3348, Loss: 0.0639
2025-10-09 17:53:40,632 [INFO] Época 4/30, Batch 2000/3348, Loss: 0.0678
2025-10-09 17:53:40,894 [INFO] Época 4/30, Batch 2050/3348, Loss: 0.0649
2025-10-09 17:53:41,162 [INFO] Época 4/30, Batch 2100/3348, Loss: 0.0637
2025-10-09 17:53:41,431 [INFO] Época 4/30, Batch 2150/3348, Loss: 0.0589
2025-10-09 17:53:41,698 [INFO] Época 4/30, Batch 2200/3348, Loss: 0.0721
2025-10-09 17:53:41,969 [INFO] Época 4/30, Batch 2250/3348, Loss: 0.0662
2025-10-09 17:53:42,238 [INFO] Época 4/30, Batch 2300/3348, Loss: 0.0645
2025-10-09 17:53:42,509 [INFO] Época 4/30, Batch 2350/3348, Loss: 0.0659
2025-10-09 17:53:42,779 [INFO] Época 4/30, Batch 2400/3348, Loss: 0.0757
2025-10-09 17:53:43,046 [INFO] Época 4/30, Batch 2450/3348, Loss: 0.0752
2025-10-09 17:53:43,315 [INFO] Época 4/30, Batch 2500/3348, Loss: 0.0688
2025-10-09 17:53:43,581 [INFO] Época 4/30, Batch 2550/3348, Loss: 0.0707
2025-10-09 17:53:43,851 [INFO] Época 4/30, Batch 2600/3348, Loss: 0.0801
2025-10-09 17:53:44,119 [INFO] Época 4/30, Batch 2650/3348, Loss: 0.2161
2025-10-09 17:53:44,388 [INFO] Época 4/30, Batch 2700/3348, Loss: 0.0735
2025-10-09 17:53:44,654 [INFO] Época 4/30, Batch 2750/3348, Loss: 0.0764
2025-10-09 17:53:44,915 [INFO] Época 4/30, Batch 2800/3348, Loss: 0.0611
2025-10-09 17:53:45,175 [INFO] Época 4/30, Batch 2850/3348, Loss: 0.0745
2025-10-09 17:53:45,434 [INFO] Época 4/30, Batch 2900/3348, Loss: 0.0753
2025-10-09 17:53:45,696 [INFO] Época 4/30, Batch 2950/3348, Loss: 0.0603
2025-10-09 17:53:45,957 [INFO] Época 4/30, Batch 3000/3348, Loss: 0.0567
2025-10-09 17:53:46,224 [INFO] Época 4/30, Batch 3050/3348, Loss: 0.0831
2025-10-09 17:53:46,489 [INFO] Época 4/30, Batch 3100/3348, Loss: 0.0706
2025-10-09 17:53:46,750 [INFO] Época 4/30, Batch 3150/3348, Loss: 0.0806
2025-10-09 17:53:47,010 [INFO] Época 4/30, Batch 3200/3348, Loss: 0.0479
2025-10-09 17:53:47,272 [INFO] Época 4/30, Batch 3250/3348, Loss: 0.0683
2025-10-09 17:53:47,532 [INFO] Época 4/30, Batch 3300/3348, Loss: 0.0886
2025-10-09 17:53:49,368 [INFO] [4/30] Train Loss: 0.0720 | Val Loss: 0.0984 | Tempo: 19.60s
2025-10-09 17:53:49,973 [INFO] Época 5/30, Batch 50/3348, Loss: 0.0740
2025-10-09 17:53:50,252 [INFO] Época 5/30, Batch 100/3348, Loss: 0.0742
2025-10-09 17:53:50,528 [INFO] Época 5/30, Batch 150/3348, Loss: 0.0738
2025-10-09 17:53:50,797 [INFO] Época 5/30, Batch 200/3348, Loss: 0.0479
2025-10-09 17:53:51,062 [INFO] Época 5/30, Batch 250/3348, Loss: 0.0857
2025-10-09 17:53:51,327 [INFO] Época 5/30, Batch 300/3348, Loss: 0.0723
2025-10-09 17:53:51,596 [INFO] Época 5/30, Batch 350/3348, Loss: 0.0601
2025-10-09 17:53:51,861 [INFO] Época 5/30, Batch 400/3348, Loss: 0.0698
2025-10-09 17:53:52,130 [INFO] Época 5/30, Batch 450/3348, Loss: 0.0900
2025-10-09 17:53:52,394 [INFO] Época 5/30, Batch 500/3348, Loss: 0.0699
2025-10-09 17:53:52,659 [INFO] Época 5/30, Batch 550/3348, Loss: 0.0595
2025-10-09 17:53:52,925 [INFO] Época 5/30, Batch 600/3348, Loss: 0.0600
2025-10-09 17:53:53,189 [INFO] Época 5/30, Batch 650/3348, Loss: 0.0608
2025-10-09 17:53:53,445 [INFO] Época 5/30, Batch 700/3348, Loss: 0.0684
2025-10-09 17:53:53,698 [INFO] Época 5/30, Batch 750/3348, Loss: 0.0767
2025-10-09 17:53:53,954 [INFO] Época 5/30, Batch 800/3348, Loss: 0.0727
2025-10-09 17:53:54,210 [INFO] Época 5/30, Batch 850/3348, Loss: 0.0816
2025-10-09 17:53:54,462 [INFO] Época 5/30, Batch 900/3348, Loss: 0.0605
2025-10-09 17:53:54,715 [INFO] Época 5/30, Batch 950/3348, Loss: 0.0534
2025-10-09 17:53:54,969 [INFO] Época 5/30, Batch 1000/3348, Loss: 0.0592
2025-10-09 17:53:55,223 [INFO] Época 5/30, Batch 1050/3348, Loss: 0.0671
2025-10-09 17:53:55,476 [INFO] Época 5/30, Batch 1100/3348, Loss: 0.0732
2025-10-09 17:53:55,728 [INFO] Época 5/30, Batch 1150/3348, Loss: 0.0673
2025-10-09 17:53:55,981 [INFO] Época 5/30, Batch 1200/3348, Loss: 0.0451
2025-10-09 17:53:56,240 [INFO] Época 5/30, Batch 1250/3348, Loss: 0.0550
2025-10-09 17:53:56,499 [INFO] Época 5/30, Batch 1300/3348, Loss: 0.0538
2025-10-09 17:53:56,758 [INFO] Época 5/30, Batch 1350/3348, Loss: 0.0481
2025-10-09 17:53:57,018 [INFO] Época 5/30, Batch 1400/3348, Loss: 0.0720
2025-10-09 17:53:57,277 [INFO] Época 5/30, Batch 1450/3348, Loss: 0.0729
2025-10-09 17:53:57,536 [INFO] Época 5/30, Batch 1500/3348, Loss: 0.0635
2025-10-09 17:53:57,795 [INFO] Época 5/30, Batch 1550/3348, Loss: 0.0724
2025-10-09 17:53:58,057 [INFO] Época 5/30, Batch 1600/3348, Loss: 0.0701
2025-10-09 17:53:58,317 [INFO] Época 5/30, Batch 1650/3348, Loss: 0.0502
2025-10-09 17:53:58,576 [INFO] Época 5/30, Batch 1700/3348, Loss: 0.1023
2025-10-09 17:53:58,835 [INFO] Época 5/30, Batch 1750/3348, Loss: 0.0647
2025-10-09 17:53:59,096 [INFO] Época 5/30, Batch 1800/3348, Loss: 0.0578
2025-10-09 17:53:59,356 [INFO] Época 5/30, Batch 1850/3348, Loss: 0.0467
2025-10-09 17:53:59,615 [INFO] Época 5/30, Batch 1900/3348, Loss: 0.0746
2025-10-09 17:53:59,872 [INFO] Época 5/30, Batch 1950/3348, Loss: 0.0512
2025-10-09 17:54:00,132 [INFO] Época 5/30, Batch 2000/3348, Loss: 0.0831
2025-10-09 17:54:00,390 [INFO] Época 5/30, Batch 2050/3348, Loss: 0.0512
2025-10-09 17:54:00,650 [INFO] Época 5/30, Batch 2100/3348, Loss: 0.0657
2025-10-09 17:54:00,909 [INFO] Época 5/30, Batch 2150/3348, Loss: 0.0813
2025-10-09 17:54:01,167 [INFO] Época 5/30, Batch 2200/3348, Loss: 0.0706
2025-10-09 17:54:01,426 [INFO] Época 5/30, Batch 2250/3348, Loss: 0.0718
2025-10-09 17:54:01,687 [INFO] Época 5/30, Batch 2300/3348, Loss: 0.0477
2025-10-09 17:54:01,945 [INFO] Época 5/30, Batch 2350/3348, Loss: 0.0798
2025-10-09 17:54:02,206 [INFO] Época 5/30, Batch 2400/3348, Loss: 0.0575
2025-10-09 17:54:02,465 [INFO] Época 5/30, Batch 2450/3348, Loss: 0.0500
2025-10-09 17:54:02,722 [INFO] Época 5/30, Batch 2500/3348, Loss: 0.0531
2025-10-09 17:54:02,980 [INFO] Época 5/30, Batch 2550/3348, Loss: 0.0523
2025-10-09 17:54:03,255 [INFO] Época 5/30, Batch 2600/3348, Loss: 0.0586
2025-10-09 17:54:03,530 [INFO] Época 5/30, Batch 2650/3348, Loss: 0.0790
2025-10-09 17:54:03,773 [INFO] Época 5/30, Batch 2700/3348, Loss: 0.0768
2025-10-09 17:54:04,015 [INFO] Época 5/30, Batch 2750/3348, Loss: 0.0631
2025-10-09 17:54:04,275 [INFO] Época 5/30, Batch 2800/3348, Loss: 0.0428
2025-10-09 17:54:04,528 [INFO] Época 5/30, Batch 2850/3348, Loss: 0.0668
2025-10-09 17:54:04,773 [INFO] Época 5/30, Batch 2900/3348, Loss: 0.0595
2025-10-09 17:54:05,012 [INFO] Época 5/30, Batch 2950/3348, Loss: 0.0466
2025-10-09 17:54:05,251 [INFO] Época 5/30, Batch 3000/3348, Loss: 0.0733
2025-10-09 17:54:05,491 [INFO] Época 5/30, Batch 3050/3348, Loss: 0.0572
2025-10-09 17:54:05,731 [INFO] Época 5/30, Batch 3100/3348, Loss: 0.0660
2025-10-09 17:54:05,972 [INFO] Época 5/30, Batch 3150/3348, Loss: 0.0684
2025-10-09 17:54:06,212 [INFO] Época 5/30, Batch 3200/3348, Loss: 0.0678
2025-10-09 17:54:06,453 [INFO] Época 5/30, Batch 3250/3348, Loss: 0.0537
2025-10-09 17:54:06,693 [INFO] Época 5/30, Batch 3300/3348, Loss: 0.0691
2025-10-09 17:54:08,548 [INFO] [5/30] Train Loss: 0.0705 | Val Loss: 0.0868 | Tempo: 19.18s
2025-10-09 17:54:08,554 [INFO] Melhor modelo salvo em: /mnt/hdd/home/jdurao/ToolBox-ChemXAI/models/mlp_qm9_Pattern_att1_large.pth
2025-10-09 17:54:09,154 [INFO] Época 6/30, Batch 50/3348, Loss: 0.0603
2025-10-09 17:54:09,431 [INFO] Época 6/30, Batch 100/3348, Loss: 0.0572
2025-10-09 17:54:09,703 [INFO] Época 6/30, Batch 150/3348, Loss: 0.0781
2025-10-09 17:54:09,969 [INFO] Época 6/30, Batch 200/3348, Loss: 0.0712
2025-10-09 17:54:10,235 [INFO] Época 6/30, Batch 250/3348, Loss: 0.0534
2025-10-09 17:54:10,501 [INFO] Época 6/30, Batch 300/3348, Loss: 0.0470
2025-10-09 17:54:10,769 [INFO] Época 6/30, Batch 350/3348, Loss: 0.0576
2025-10-09 17:54:11,036 [INFO] Época 6/30, Batch 400/3348, Loss: 0.0488
2025-10-09 17:54:11,303 [INFO] Época 6/30, Batch 450/3348, Loss: 0.0544
2025-10-09 17:54:11,570 [INFO] Época 6/30, Batch 500/3348, Loss: 0.0491
2025-10-09 17:54:11,835 [INFO] Época 6/30, Batch 550/3348, Loss: 0.0762
2025-10-09 17:54:12,102 [INFO] Época 6/30, Batch 600/3348, Loss: 0.0918
2025-10-09 17:54:12,368 [INFO] Época 6/30, Batch 650/3348, Loss: 0.0633
2025-10-09 17:54:12,634 [INFO] Época 6/30, Batch 700/3348, Loss: 0.0662
2025-10-09 17:54:12,900 [INFO] Época 6/30, Batch 750/3348, Loss: 0.0557
2025-10-09 17:54:13,164 [INFO] Época 6/30, Batch 800/3348, Loss: 0.0782
2025-10-09 17:54:13,420 [INFO] Época 6/30, Batch 850/3348, Loss: 0.0680
2025-10-09 17:54:13,673 [INFO] Época 6/30, Batch 900/3348, Loss: 0.0782
2025-10-09 17:54:13,929 [INFO] Época 6/30, Batch 950/3348, Loss: 0.0622
2025-10-09 17:54:14,186 [INFO] Época 6/30, Batch 1000/3348, Loss: 0.0533
2025-10-09 17:54:14,441 [INFO] Época 6/30, Batch 1050/3348, Loss: 0.0561
2025-10-09 17:54:14,695 [INFO] Época 6/30, Batch 1100/3348, Loss: 0.0695
2025-10-09 17:54:14,952 [INFO] Época 6/30, Batch 1150/3348, Loss: 0.0376
2025-10-09 17:54:15,213 [INFO] Época 6/30, Batch 1200/3348, Loss: 0.0593
2025-10-09 17:54:15,480 [INFO] Época 6/30, Batch 1250/3348, Loss: 0.0448
2025-10-09 17:54:15,747 [INFO] Época 6/30, Batch 1300/3348, Loss: 0.0975
2025-10-09 17:54:16,011 [INFO] Época 6/30, Batch 1350/3348, Loss: 0.0421
2025-10-09 17:54:16,278 [INFO] Época 6/30, Batch 1400/3348, Loss: 0.0713
2025-10-09 17:54:16,544 [INFO] Época 6/30, Batch 1450/3348, Loss: 0.0732
2025-10-09 17:54:16,809 [INFO] Época 6/30, Batch 1500/3348, Loss: 0.0596
2025-10-09 17:54:17,075 [INFO] Época 6/30, Batch 1550/3348, Loss: 0.0604
2025-10-09 17:54:17,340 [INFO] Época 6/30, Batch 1600/3348, Loss: 0.0485
2025-10-09 17:54:17,606 [INFO] Época 6/30, Batch 1650/3348, Loss: 0.0572
2025-10-09 17:54:17,874 [INFO] Época 6/30, Batch 1700/3348, Loss: 0.0552
2025-10-09 17:54:18,141 [INFO] Época 6/30, Batch 1750/3348, Loss: 0.0644
2025-10-09 17:54:18,408 [INFO] Época 6/30, Batch 1800/3348, Loss: 0.0668
2025-10-09 17:54:18,673 [INFO] Época 6/30, Batch 1850/3348, Loss: 0.0623
2025-10-09 17:54:18,942 [INFO] Época 6/30, Batch 1900/3348, Loss: 0.0738
2025-10-09 17:54:19,211 [INFO] Época 6/30, Batch 1950/3348, Loss: 0.0501
2025-10-09 17:54:19,480 [INFO] Época 6/30, Batch 2000/3348, Loss: 0.0738
2025-10-09 17:54:19,750 [INFO] Época 6/30, Batch 2050/3348, Loss: 0.0483
2025-10-09 17:54:20,020 [INFO] Época 6/30, Batch 2100/3348, Loss: 0.0830
2025-10-09 17:54:20,287 [INFO] Época 6/30, Batch 2150/3348, Loss: 0.0551
2025-10-09 17:54:20,557 [INFO] Época 6/30, Batch 2200/3348, Loss: 0.0673
2025-10-09 17:54:20,824 [INFO] Época 6/30, Batch 2250/3348, Loss: 0.0833
2025-10-09 17:54:21,091 [INFO] Época 6/30, Batch 2300/3348, Loss: 0.0585
2025-10-09 17:54:21,356 [INFO] Época 6/30, Batch 2350/3348, Loss: 0.0745
2025-10-09 17:54:21,623 [INFO] Época 6/30, Batch 2400/3348, Loss: 0.0721
2025-10-09 17:54:21,892 [INFO] Época 6/30, Batch 2450/3348, Loss: 0.0777
2025-10-09 17:54:22,160 [INFO] Época 6/30, Batch 2500/3348, Loss: 0.0486
2025-10-09 17:54:22,429 [INFO] Época 6/30, Batch 2550/3348, Loss: 0.0507
2025-10-09 17:54:22,699 [INFO] Época 6/30, Batch 2600/3348, Loss: 0.0752
2025-10-09 17:54:22,969 [INFO] Época 6/30, Batch 2650/3348, Loss: 0.0768
2025-10-09 17:54:23,240 [INFO] Época 6/30, Batch 2700/3348, Loss: 0.0669
2025-10-09 17:54:23,509 [INFO] Época 6/30, Batch 2750/3348, Loss: 0.0677
2025-10-09 17:54:23,775 [INFO] Época 6/30, Batch 2800/3348, Loss: 0.0495
2025-10-09 17:54:24,045 [INFO] Época 6/30, Batch 2850/3348, Loss: 0.0771
2025-10-09 17:54:24,309 [INFO] Época 6/30, Batch 2900/3348, Loss: 0.0710
2025-10-09 17:54:24,577 [INFO] Época 6/30, Batch 2950/3348, Loss: 0.0651
2025-10-09 17:54:24,843 [INFO] Época 6/30, Batch 3000/3348, Loss: 0.0551
2025-10-09 17:54:25,109 [INFO] Época 6/30, Batch 3050/3348, Loss: 0.0430
2025-10-09 17:54:25,383 [INFO] Época 6/30, Batch 3100/3348, Loss: 0.0541
2025-10-09 17:54:25,651 [INFO] Época 6/30, Batch 3150/3348, Loss: 0.0610
2025-10-09 17:54:25,920 [INFO] Época 6/30, Batch 3200/3348, Loss: 0.0553
2025-10-09 17:54:26,188 [INFO] Época 6/30, Batch 3250/3348, Loss: 0.0515
2025-10-09 17:54:26,458 [INFO] Época 6/30, Batch 3300/3348, Loss: 0.0629
2025-10-09 17:54:28,343 [INFO] [6/30] Train Loss: 0.0688 | Val Loss: 0.0883 | Tempo: 19.79s
2025-10-09 17:54:28,919 [INFO] Época 7/30, Batch 50/3348, Loss: 0.0471
2025-10-09 17:54:29,191 [INFO] Época 7/30, Batch 100/3348, Loss: 0.0550
2025-10-09 17:54:29,462 [INFO] Época 7/30, Batch 150/3348, Loss: 0.0501
2025-10-09 17:54:29,731 [INFO] Época 7/30, Batch 200/3348, Loss: 0.0604
2025-10-09 17:54:29,999 [INFO] Época 7/30, Batch 250/3348, Loss: 0.0658
2025-10-09 17:54:30,268 [INFO] Época 7/30, Batch 300/3348, Loss: 0.0621
2025-10-09 17:54:30,534 [INFO] Época 7/30, Batch 350/3348, Loss: 0.0652
2025-10-09 17:54:30,797 [INFO] Época 7/30, Batch 400/3348, Loss: 0.0622
2025-10-09 17:54:31,064 [INFO] Época 7/30, Batch 450/3348, Loss: 0.0695
2025-10-09 17:54:31,326 [INFO] Época 7/30, Batch 500/3348, Loss: 0.0555
2025-10-09 17:54:31,591 [INFO] Época 7/30, Batch 550/3348, Loss: 0.0625
2025-10-09 17:54:31,853 [INFO] Época 7/30, Batch 600/3348, Loss: 0.0782
2025-10-09 17:54:32,116 [INFO] Época 7/30, Batch 650/3348, Loss: 0.0683
2025-10-09 17:54:32,378 [INFO] Época 7/30, Batch 700/3348, Loss: 0.0616
2025-10-09 17:54:32,641 [INFO] Época 7/30, Batch 750/3348, Loss: 0.0791
2025-10-09 17:54:32,901 [INFO] Época 7/30, Batch 800/3348, Loss: 0.0602
2025-10-09 17:54:33,160 [INFO] Época 7/30, Batch 850/3348, Loss: 0.0619
2025-10-09 17:54:33,420 [INFO] Época 7/30, Batch 900/3348, Loss: 0.0560
2025-10-09 17:54:33,679 [INFO] Época 7/30, Batch 950/3348, Loss: 0.0568
2025-10-09 17:54:33,941 [INFO] Época 7/30, Batch 1000/3348, Loss: 0.1028
2025-10-09 17:54:34,199 [INFO] Época 7/30, Batch 1050/3348, Loss: 0.0685
2025-10-09 17:54:34,457 [INFO] Época 7/30, Batch 1100/3348, Loss: 0.0409
2025-10-09 17:54:34,717 [INFO] Época 7/30, Batch 1150/3348, Loss: 0.0698
2025-10-09 17:54:34,976 [INFO] Época 7/30, Batch 1200/3348, Loss: 0.0614
2025-10-09 17:54:35,235 [INFO] Época 7/30, Batch 1250/3348, Loss: 0.0476
2025-10-09 17:54:35,495 [INFO] Época 7/30, Batch 1300/3348, Loss: 0.0733
2025-10-09 17:54:35,758 [INFO] Época 7/30, Batch 1350/3348, Loss: 0.0458
2025-10-09 17:54:36,017 [INFO] Época 7/30, Batch 1400/3348, Loss: 0.0623
2025-10-09 17:54:36,276 [INFO] Época 7/30, Batch 1450/3348, Loss: 0.0642
2025-10-09 17:54:36,533 [INFO] Época 7/30, Batch 1500/3348, Loss: 0.0568
2025-10-09 17:54:36,792 [INFO] Época 7/30, Batch 1550/3348, Loss: 0.0772
2025-10-09 17:54:37,050 [INFO] Época 7/30, Batch 1600/3348, Loss: 0.0663
2025-10-09 17:54:37,308 [INFO] Época 7/30, Batch 1650/3348, Loss: 0.0525
2025-10-09 17:54:37,567 [INFO] Época 7/30, Batch 1700/3348, Loss: 0.0721
2025-10-09 17:54:37,823 [INFO] Época 7/30, Batch 1750/3348, Loss: 0.0554
2025-10-09 17:54:38,084 [INFO] Época 7/30, Batch 1800/3348, Loss: 0.0479
2025-10-09 17:54:38,344 [INFO] Época 7/30, Batch 1850/3348, Loss: 0.0744
2025-10-09 17:54:38,604 [INFO] Época 7/30, Batch 1900/3348, Loss: 0.0572
2025-10-09 17:54:38,864 [INFO] Época 7/30, Batch 1950/3348, Loss: 0.0534
2025-10-09 17:54:39,123 [INFO] Época 7/30, Batch 2000/3348, Loss: 0.0702
2025-10-09 17:54:39,387 [INFO] Época 7/30, Batch 2050/3348, Loss: 0.0724
2025-10-09 17:54:39,658 [INFO] Época 7/30, Batch 2100/3348, Loss: 0.0553
2025-10-09 17:54:39,915 [INFO] Época 7/30, Batch 2150/3348, Loss: 0.0635
2025-10-09 17:54:40,171 [INFO] Época 7/30, Batch 2200/3348, Loss: 0.0439
2025-10-09 17:54:40,425 [INFO] Época 7/30, Batch 2250/3348, Loss: 0.0702
2025-10-09 17:54:40,679 [INFO] Época 7/30, Batch 2300/3348, Loss: 0.0636
2025-10-09 17:54:40,929 [INFO] Época 7/30, Batch 2350/3348, Loss: 0.0647
2025-10-09 17:54:41,169 [INFO] Época 7/30, Batch 2400/3348, Loss: 0.0372
2025-10-09 17:54:41,409 [INFO] Época 7/30, Batch 2450/3348, Loss: 0.0719
2025-10-09 17:54:41,648 [INFO] Época 7/30, Batch 2500/3348, Loss: 0.0667
2025-10-09 17:54:41,887 [INFO] Época 7/30, Batch 2550/3348, Loss: 0.0509
2025-10-09 17:54:42,125 [INFO] Época 7/30, Batch 2600/3348, Loss: 0.0514
2025-10-09 17:54:42,364 [INFO] Época 7/30, Batch 2650/3348, Loss: 0.0590
2025-10-09 17:54:42,600 [INFO] Época 7/30, Batch 2700/3348, Loss: 0.0611
2025-10-09 17:54:42,833 [INFO] Época 7/30, Batch 2750/3348, Loss: 0.0511
2025-10-09 17:54:43,069 [INFO] Época 7/30, Batch 2800/3348, Loss: 0.0579
2025-10-09 17:54:43,309 [INFO] Época 7/30, Batch 2850/3348, Loss: 0.0565
2025-10-09 17:54:43,551 [INFO] Época 7/30, Batch 2900/3348, Loss: 0.0531
2025-10-09 17:54:43,789 [INFO] Época 7/30, Batch 2950/3348, Loss: 0.0664
2025-10-09 17:54:44,027 [INFO] Época 7/30, Batch 3000/3348, Loss: 0.0686
2025-10-09 17:54:44,262 [INFO] Época 7/30, Batch 3050/3348, Loss: 0.0572
2025-10-09 17:54:44,498 [INFO] Época 7/30, Batch 3100/3348, Loss: 0.0712
2025-10-09 17:54:44,733 [INFO] Época 7/30, Batch 3150/3348, Loss: 0.0589
2025-10-09 17:54:44,986 [INFO] Época 7/30, Batch 3200/3348, Loss: 0.0935
2025-10-09 17:54:45,248 [INFO] Época 7/30, Batch 3250/3348, Loss: 0.0562
2025-10-09 17:54:45,508 [INFO] Época 7/30, Batch 3300/3348, Loss: 0.0759
2025-10-09 17:54:47,342 [INFO] [7/30] Train Loss: 0.0625 | Val Loss: 0.0948 | Tempo: 19.00s
2025-10-09 17:54:47,935 [INFO] Época 8/30, Batch 50/3348, Loss: 0.0714
2025-10-09 17:54:48,213 [INFO] Época 8/30, Batch 100/3348, Loss: 0.0655
2025-10-09 17:54:48,487 [INFO] Época 8/30, Batch 150/3348, Loss: 0.0603
2025-10-09 17:54:48,761 [INFO] Época 8/30, Batch 200/3348, Loss: 0.0406
2025-10-09 17:54:49,030 [INFO] Época 8/30, Batch 250/3348, Loss: 0.0533
2025-10-09 17:54:49,294 [INFO] Época 8/30, Batch 300/3348, Loss: 0.0582
2025-10-09 17:54:49,557 [INFO] Época 8/30, Batch 350/3348, Loss: 0.0693
2025-10-09 17:54:49,820 [INFO] Época 8/30, Batch 400/3348, Loss: 0.0564
2025-10-09 17:54:50,088 [INFO] Época 8/30, Batch 450/3348, Loss: 0.0483
2025-10-09 17:54:50,358 [INFO] Época 8/30, Batch 500/3348, Loss: 0.0765
2025-10-09 17:54:50,631 [INFO] Época 8/30, Batch 550/3348, Loss: 0.0519
2025-10-09 17:54:50,901 [INFO] Época 8/30, Batch 600/3348, Loss: 0.0575
2025-10-09 17:54:51,168 [INFO] Época 8/30, Batch 650/3348, Loss: 0.0414
2025-10-09 17:54:51,430 [INFO] Época 8/30, Batch 700/3348, Loss: 0.0644
2025-10-09 17:54:51,692 [INFO] Época 8/30, Batch 750/3348, Loss: 0.0695
2025-10-09 17:54:51,952 [INFO] Época 8/30, Batch 800/3348, Loss: 0.0464
2025-10-09 17:54:52,214 [INFO] Época 8/30, Batch 850/3348, Loss: 0.0577
2025-10-09 17:54:52,475 [INFO] Época 8/30, Batch 900/3348, Loss: 0.0452
2025-10-09 17:54:52,738 [INFO] Época 8/30, Batch 950/3348, Loss: 0.0612
2025-10-09 17:54:53,001 [INFO] Época 8/30, Batch 1000/3348, Loss: 0.0545
2025-10-09 17:54:53,261 [INFO] Época 8/30, Batch 1050/3348, Loss: 0.0397
2025-10-09 17:54:53,522 [INFO] Época 8/30, Batch 1100/3348, Loss: 0.0655
2025-10-09 17:54:53,784 [INFO] Época 8/30, Batch 1150/3348, Loss: 0.0484
2025-10-09 17:54:54,045 [INFO] Época 8/30, Batch 1200/3348, Loss: 0.0602
2025-10-09 17:54:54,305 [INFO] Época 8/30, Batch 1250/3348, Loss: 0.0513
2025-10-09 17:54:54,567 [INFO] Época 8/30, Batch 1300/3348, Loss: 0.0636
2025-10-09 17:54:54,830 [INFO] Época 8/30, Batch 1350/3348, Loss: 0.0724
2025-10-09 17:54:55,102 [INFO] Época 8/30, Batch 1400/3348, Loss: 0.0452
2025-10-09 17:54:55,375 [INFO] Época 8/30, Batch 1450/3348, Loss: 0.0537
2025-10-09 17:54:55,644 [INFO] Época 8/30, Batch 1500/3348, Loss: 0.0636
2025-10-09 17:54:55,908 [INFO] Época 8/30, Batch 1550/3348, Loss: 0.0485
2025-10-09 17:54:56,170 [INFO] Época 8/30, Batch 1600/3348, Loss: 0.0485
2025-10-09 17:54:56,439 [INFO] Época 8/30, Batch 1650/3348, Loss: 0.0642
2025-10-09 17:54:56,710 [INFO] Época 8/30, Batch 1700/3348, Loss: 0.0511
2025-10-09 17:54:56,980 [INFO] Época 8/30, Batch 1750/3348, Loss: 0.0539
2025-10-09 17:54:57,253 [INFO] Época 8/30, Batch 1800/3348, Loss: 0.0667
2025-10-09 17:54:57,525 [INFO] Época 8/30, Batch 1850/3348, Loss: 0.0572
2025-10-09 17:54:57,797 [INFO] Época 8/30, Batch 1900/3348, Loss: 0.0750
2025-10-09 17:54:58,071 [INFO] Época 8/30, Batch 1950/3348, Loss: 0.0580
2025-10-09 17:54:58,344 [INFO] Época 8/30, Batch 2000/3348, Loss: 0.0739
2025-10-09 17:54:58,611 [INFO] Época 8/30, Batch 2050/3348, Loss: 0.0559
2025-10-09 17:54:58,879 [INFO] Época 8/30, Batch 2100/3348, Loss: 0.0589
2025-10-09 17:54:59,151 [INFO] Época 8/30, Batch 2150/3348, Loss: 0.0479
2025-10-09 17:54:59,422 [INFO] Época 8/30, Batch 2200/3348, Loss: 0.0626
2025-10-09 17:54:59,696 [INFO] Época 8/30, Batch 2250/3348, Loss: 0.0541
2025-10-09 17:54:59,966 [INFO] Época 8/30, Batch 2300/3348, Loss: 0.0549
2025-10-09 17:55:00,228 [INFO] Época 8/30, Batch 2350/3348, Loss: 0.0472
2025-10-09 17:55:00,490 [INFO] Época 8/30, Batch 2400/3348, Loss: 0.0535
2025-10-09 17:55:00,758 [INFO] Época 8/30, Batch 2450/3348, Loss: 0.0559
2025-10-09 17:55:01,027 [INFO] Época 8/30, Batch 2500/3348, Loss: 0.0689
2025-10-09 17:55:01,289 [INFO] Época 8/30, Batch 2550/3348, Loss: 0.0689
2025-10-09 17:55:01,552 [INFO] Época 8/30, Batch 2600/3348, Loss: 0.0503
2025-10-09 17:55:01,813 [INFO] Época 8/30, Batch 2650/3348, Loss: 0.0586
2025-10-09 17:55:02,077 [INFO] Época 8/30, Batch 2700/3348, Loss: 0.0456
2025-10-09 17:55:02,346 [INFO] Época 8/30, Batch 2750/3348, Loss: 0.0577
2025-10-09 17:55:02,617 [INFO] Época 8/30, Batch 2800/3348, Loss: 0.0558
2025-10-09 17:55:02,888 [INFO] Época 8/30, Batch 2850/3348, Loss: 0.0430
2025-10-09 17:55:03,163 [INFO] Época 8/30, Batch 2900/3348, Loss: 0.0366
2025-10-09 17:55:03,436 [INFO] Época 8/30, Batch 2950/3348, Loss: 0.0530
2025-10-09 17:55:03,709 [INFO] Época 8/30, Batch 3000/3348, Loss: 0.0672
2025-10-09 17:55:03,975 [INFO] Época 8/30, Batch 3050/3348, Loss: 0.0539
2025-10-09 17:55:04,237 [INFO] Época 8/30, Batch 3100/3348, Loss: 0.0715
2025-10-09 17:55:04,500 [INFO] Época 8/30, Batch 3150/3348, Loss: 0.0569
2025-10-09 17:55:04,767 [INFO] Época 8/30, Batch 3200/3348, Loss: 0.0662
2025-10-09 17:55:05,039 [INFO] Época 8/30, Batch 3250/3348, Loss: 0.0754
2025-10-09 17:55:05,310 [INFO] Época 8/30, Batch 3300/3348, Loss: 0.0620
2025-10-09 17:55:07,133 [INFO] [8/30] Train Loss: 0.0608 | Val Loss: 0.0877 | Tempo: 19.79s
2025-10-09 17:55:07,731 [INFO] Época 9/30, Batch 50/3348, Loss: 0.0592
2025-10-09 17:55:07,997 [INFO] Época 9/30, Batch 100/3348, Loss: 0.0450
2025-10-09 17:55:08,259 [INFO] Época 9/30, Batch 150/3348, Loss: 0.0580
2025-10-09 17:55:08,522 [INFO] Época 9/30, Batch 200/3348, Loss: 0.0336
2025-10-09 17:55:08,784 [INFO] Época 9/30, Batch 250/3348, Loss: 0.0693
2025-10-09 17:55:09,046 [INFO] Época 9/30, Batch 300/3348, Loss: 0.0695
2025-10-09 17:55:09,310 [INFO] Época 9/30, Batch 350/3348, Loss: 0.0479
2025-10-09 17:55:09,570 [INFO] Época 9/30, Batch 400/3348, Loss: 0.0597
2025-10-09 17:55:09,834 [INFO] Época 9/30, Batch 450/3348, Loss: 0.0469
2025-10-09 17:55:10,096 [INFO] Época 9/30, Batch 500/3348, Loss: 0.0539
2025-10-09 17:55:10,356 [INFO] Época 9/30, Batch 550/3348, Loss: 0.0430
2025-10-09 17:55:10,619 [INFO] Época 9/30, Batch 600/3348, Loss: 0.0587
2025-10-09 17:55:10,878 [INFO] Época 9/30, Batch 650/3348, Loss: 0.0569
2025-10-09 17:55:11,144 [INFO] Época 9/30, Batch 700/3348, Loss: 0.0446
2025-10-09 17:55:11,403 [INFO] Época 9/30, Batch 750/3348, Loss: 0.0440
2025-10-09 17:55:11,661 [INFO] Época 9/30, Batch 800/3348, Loss: 0.0462
2025-10-09 17:55:11,917 [INFO] Época 9/30, Batch 850/3348, Loss: 0.0455
2025-10-09 17:55:12,170 [INFO] Época 9/30, Batch 900/3348, Loss: 0.0617
2025-10-09 17:55:12,423 [INFO] Época 9/30, Batch 950/3348, Loss: 0.0549
2025-10-09 17:55:12,676 [INFO] Época 9/30, Batch 1000/3348, Loss: 0.0467
2025-10-09 17:55:12,931 [INFO] Época 9/30, Batch 1050/3348, Loss: 0.0664
2025-10-09 17:55:13,186 [INFO] Época 9/30, Batch 1100/3348, Loss: 0.0458
2025-10-09 17:55:13,441 [INFO] Época 9/30, Batch 1150/3348, Loss: 0.0678
2025-10-09 17:55:13,697 [INFO] Época 9/30, Batch 1200/3348, Loss: 0.0884
2025-10-09 17:55:13,953 [INFO] Época 9/30, Batch 1250/3348, Loss: 0.0648
2025-10-09 17:55:14,209 [INFO] Época 9/30, Batch 1300/3348, Loss: 0.0482
2025-10-09 17:55:14,470 [INFO] Época 9/30, Batch 1350/3348, Loss: 0.0617
2025-10-09 17:55:14,732 [INFO] Época 9/30, Batch 1400/3348, Loss: 0.0517
2025-10-09 17:55:14,993 [INFO] Época 9/30, Batch 1450/3348, Loss: 0.0471
2025-10-09 17:55:15,255 [INFO] Época 9/30, Batch 1500/3348, Loss: 0.0612
2025-10-09 17:55:15,514 [INFO] Época 9/30, Batch 1550/3348, Loss: 0.0637
2025-10-09 17:55:15,772 [INFO] Época 9/30, Batch 1600/3348, Loss: 0.0606
2025-10-09 17:55:16,030 [INFO] Época 9/30, Batch 1650/3348, Loss: 0.0723
2025-10-09 17:55:16,287 [INFO] Época 9/30, Batch 1700/3348, Loss: 0.0790
2025-10-09 17:55:16,544 [INFO] Época 9/30, Batch 1750/3348, Loss: 0.0537
2025-10-09 17:55:16,800 [INFO] Época 9/30, Batch 1800/3348, Loss: 0.0588
2025-10-09 17:55:17,057 [INFO] Época 9/30, Batch 1850/3348, Loss: 0.0681
2025-10-09 17:55:17,315 [INFO] Época 9/30, Batch 1900/3348, Loss: 0.0448
2025-10-09 17:55:17,573 [INFO] Época 9/30, Batch 1950/3348, Loss: 0.0635
2025-10-09 17:55:17,834 [INFO] Época 9/30, Batch 2000/3348, Loss: 0.0515
2025-10-09 17:55:18,096 [INFO] Época 9/30, Batch 2050/3348, Loss: 0.0639
2025-10-09 17:55:18,361 [INFO] Época 9/30, Batch 2100/3348, Loss: 0.0578
2025-10-09 17:55:18,623 [INFO] Época 9/30, Batch 2150/3348, Loss: 0.0538
2025-10-09 17:55:18,886 [INFO] Época 9/30, Batch 2200/3348, Loss: 0.0650
2025-10-09 17:55:19,144 [INFO] Época 9/30, Batch 2250/3348, Loss: 0.0594
2025-10-09 17:55:19,387 [INFO] Época 9/30, Batch 2300/3348, Loss: 0.0786
2025-10-09 17:55:19,630 [INFO] Época 9/30, Batch 2350/3348, Loss: 0.0605
2025-10-09 17:55:19,867 [INFO] Época 9/30, Batch 2400/3348, Loss: 0.0822
2025-10-09 17:55:20,103 [INFO] Época 9/30, Batch 2450/3348, Loss: 0.0523
2025-10-09 17:55:20,353 [INFO] Época 9/30, Batch 2500/3348, Loss: 0.0367
2025-10-09 17:55:20,594 [INFO] Época 9/30, Batch 2550/3348, Loss: 0.0683
2025-10-09 17:55:20,835 [INFO] Época 9/30, Batch 2600/3348, Loss: 0.0657
2025-10-09 17:55:21,074 [INFO] Época 9/30, Batch 2650/3348, Loss: 0.0573
2025-10-09 17:55:21,313 [INFO] Época 9/30, Batch 2700/3348, Loss: 0.0641
2025-10-09 17:55:21,555 [INFO] Época 9/30, Batch 2750/3348, Loss: 0.0754
2025-10-09 17:55:21,807 [INFO] Época 9/30, Batch 2800/3348, Loss: 0.0726
2025-10-09 17:55:22,086 [INFO] Época 9/30, Batch 2850/3348, Loss: 0.0494
2025-10-09 17:55:22,372 [INFO] Época 9/30, Batch 2900/3348, Loss: 0.0501
2025-10-09 17:55:22,653 [INFO] Época 9/30, Batch 2950/3348, Loss: 0.0387
2025-10-09 17:55:22,912 [INFO] Época 9/30, Batch 3000/3348, Loss: 0.0700
2025-10-09 17:55:23,174 [INFO] Época 9/30, Batch 3050/3348, Loss: 0.0561
2025-10-09 17:55:23,438 [INFO] Época 9/30, Batch 3100/3348, Loss: 0.0668
2025-10-09 17:55:23,709 [INFO] Época 9/30, Batch 3150/3348, Loss: 0.0509
2025-10-09 17:55:23,981 [INFO] Época 9/30, Batch 3200/3348, Loss: 0.0495
2025-10-09 17:55:24,251 [INFO] Época 9/30, Batch 3250/3348, Loss: 0.0753
2025-10-09 17:55:24,521 [INFO] Época 9/30, Batch 3300/3348, Loss: 0.0583
2025-10-09 17:55:26,430 [INFO] [9/30] Train Loss: 0.0607 | Val Loss: 0.0815 | Tempo: 19.30s
2025-10-09 17:55:26,435 [INFO] Melhor modelo salvo em: /mnt/hdd/home/jdurao/ToolBox-ChemXAI/models/mlp_qm9_Pattern_att1_large.pth
2025-10-09 17:55:27,035 [INFO] Época 10/30, Batch 50/3348, Loss: 0.0519
2025-10-09 17:55:27,311 [INFO] Época 10/30, Batch 100/3348, Loss: 0.0570
2025-10-09 17:55:27,582 [INFO] Época 10/30, Batch 150/3348, Loss: 0.0578
2025-10-09 17:55:27,850 [INFO] Época 10/30, Batch 200/3348, Loss: 0.0773
2025-10-09 17:55:28,123 [INFO] Época 10/30, Batch 250/3348, Loss: 0.0876
2025-10-09 17:55:28,394 [INFO] Época 10/30, Batch 300/3348, Loss: 0.0685
2025-10-09 17:55:28,667 [INFO] Época 10/30, Batch 350/3348, Loss: 0.0710
2025-10-09 17:55:28,935 [INFO] Época 10/30, Batch 400/3348, Loss: 0.0570
2025-10-09 17:55:29,198 [INFO] Época 10/30, Batch 450/3348, Loss: 0.0508
2025-10-09 17:55:29,460 [INFO] Época 10/30, Batch 500/3348, Loss: 0.0484
2025-10-09 17:55:29,720 [INFO] Época 10/30, Batch 550/3348, Loss: 0.0541
2025-10-09 17:55:29,980 [INFO] Época 10/30, Batch 600/3348, Loss: 0.0408
2025-10-09 17:55:30,240 [INFO] Época 10/30, Batch 650/3348, Loss: 0.0728
2025-10-09 17:55:30,500 [INFO] Época 10/30, Batch 700/3348, Loss: 0.0452
2025-10-09 17:55:30,762 [INFO] Época 10/30, Batch 750/3348, Loss: 0.0653
2025-10-09 17:55:31,021 [INFO] Época 10/30, Batch 800/3348, Loss: 0.0463
2025-10-09 17:55:31,281 [INFO] Época 10/30, Batch 850/3348, Loss: 0.0579
2025-10-09 17:55:31,540 [INFO] Época 10/30, Batch 900/3348, Loss: 0.0486
2025-10-09 17:55:31,800 [INFO] Época 10/30, Batch 950/3348, Loss: 0.0432
2025-10-09 17:55:32,059 [INFO] Época 10/30, Batch 1000/3348, Loss: 0.0552
2025-10-09 17:55:32,319 [INFO] Época 10/30, Batch 1050/3348, Loss: 0.0767
2025-10-09 17:55:32,578 [INFO] Época 10/30, Batch 1100/3348, Loss: 0.0396
2025-10-09 17:55:32,838 [INFO] Época 10/30, Batch 1150/3348, Loss: 0.0429
2025-10-09 17:55:33,097 [INFO] Época 10/30, Batch 1200/3348, Loss: 0.0490
2025-10-09 17:55:33,355 [INFO] Época 10/30, Batch 1250/3348, Loss: 0.0528
2025-10-09 17:55:33,616 [INFO] Época 10/30, Batch 1300/3348, Loss: 0.0440
2025-10-09 17:55:33,877 [INFO] Época 10/30, Batch 1350/3348, Loss: 0.0577
2025-10-09 17:55:34,144 [INFO] Época 10/30, Batch 1400/3348, Loss: 0.0524
2025-10-09 17:55:34,406 [INFO] Época 10/30, Batch 1450/3348, Loss: 0.0578
2025-10-09 17:55:34,670 [INFO] Época 10/30, Batch 1500/3348, Loss: 0.0572
2025-10-09 17:55:34,932 [INFO] Época 10/30, Batch 1550/3348, Loss: 0.0426
2025-10-09 17:55:35,194 [INFO] Época 10/30, Batch 1600/3348, Loss: 0.0615
2025-10-09 17:55:35,457 [INFO] Época 10/30, Batch 1650/3348, Loss: 0.0529
2025-10-09 17:55:35,719 [INFO] Época 10/30, Batch 1700/3348, Loss: 0.0664
2025-10-09 17:55:35,977 [INFO] Época 10/30, Batch 1750/3348, Loss: 0.0574
2025-10-09 17:55:36,238 [INFO] Época 10/30, Batch 1800/3348, Loss: 0.0449
2025-10-09 17:55:36,498 [INFO] Época 10/30, Batch 1850/3348, Loss: 0.0605
2025-10-09 17:55:36,757 [INFO] Época 10/30, Batch 1900/3348, Loss: 0.0473
2025-10-09 17:55:37,017 [INFO] Época 10/30, Batch 1950/3348, Loss: 0.0402
2025-10-09 17:55:37,276 [INFO] Época 10/30, Batch 2000/3348, Loss: 0.0561
2025-10-09 17:55:37,538 [INFO] Época 10/30, Batch 2050/3348, Loss: 0.0407
2025-10-09 17:55:37,797 [INFO] Época 10/30, Batch 2100/3348, Loss: 0.0687
2025-10-09 17:55:38,057 [INFO] Época 10/30, Batch 2150/3348, Loss: 0.0604
2025-10-09 17:55:38,318 [INFO] Época 10/30, Batch 2200/3348, Loss: 0.0825
2025-10-09 17:55:38,578 [INFO] Época 10/30, Batch 2250/3348, Loss: 0.0485
2025-10-09 17:55:38,841 [INFO] Época 10/30, Batch 2300/3348, Loss: 0.0484
2025-10-09 17:55:39,101 [INFO] Época 10/30, Batch 2350/3348, Loss: 0.0483
2025-10-09 17:55:39,362 [INFO] Época 10/30, Batch 2400/3348, Loss: 0.0633
2025-10-09 17:55:39,624 [INFO] Época 10/30, Batch 2450/3348, Loss: 0.0432
2025-10-09 17:55:39,894 [INFO] Época 10/30, Batch 2500/3348, Loss: 0.0531
2025-10-09 17:55:40,166 [INFO] Época 10/30, Batch 2550/3348, Loss: 0.0565
2025-10-09 17:55:40,434 [INFO] Época 10/30, Batch 2600/3348, Loss: 0.0530
2025-10-09 17:55:40,704 [INFO] Época 10/30, Batch 2650/3348, Loss: 0.0466
2025-10-09 17:55:40,973 [INFO] Época 10/30, Batch 2700/3348, Loss: 0.0552
2025-10-09 17:55:41,243 [INFO] Época 10/30, Batch 2750/3348, Loss: 0.0552
2025-10-09 17:55:41,517 [INFO] Época 10/30, Batch 2800/3348, Loss: 0.0465
2025-10-09 17:55:41,787 [INFO] Época 10/30, Batch 2850/3348, Loss: 0.0673
2025-10-09 17:55:42,057 [INFO] Época 10/30, Batch 2900/3348, Loss: 0.0584
2025-10-09 17:55:42,328 [INFO] Época 10/30, Batch 2950/3348, Loss: 0.0554
2025-10-09 17:55:42,598 [INFO] Época 10/30, Batch 3000/3348, Loss: 0.0474
2025-10-09 17:55:42,867 [INFO] Época 10/30, Batch 3050/3348, Loss: 0.0677
2025-10-09 17:55:43,133 [INFO] Época 10/30, Batch 3100/3348, Loss: 0.0379
2025-10-09 17:55:43,393 [INFO] Época 10/30, Batch 3150/3348, Loss: 0.0453
2025-10-09 17:55:43,654 [INFO] Época 10/30, Batch 3200/3348, Loss: 0.0614
2025-10-09 17:55:43,913 [INFO] Época 10/30, Batch 3250/3348, Loss: 0.0551
2025-10-09 17:55:44,175 [INFO] Época 10/30, Batch 3300/3348, Loss: 0.0683
2025-10-09 17:55:46,026 [INFO] [10/30] Train Loss: 0.0587 | Val Loss: 0.0877 | Tempo: 19.59s
2025-10-09 17:55:46,617 [INFO] Época 11/30, Batch 50/3348, Loss: 0.0579
2025-10-09 17:55:46,893 [INFO] Época 11/30, Batch 100/3348, Loss: 0.0449
2025-10-09 17:55:47,175 [INFO] Época 11/30, Batch 150/3348, Loss: 0.0614
2025-10-09 17:55:47,454 [INFO] Época 11/30, Batch 200/3348, Loss: 0.0449
2025-10-09 17:55:47,725 [INFO] Época 11/30, Batch 250/3348, Loss: 0.0700
2025-10-09 17:55:47,996 [INFO] Época 11/30, Batch 300/3348, Loss: 0.0461
2025-10-09 17:55:48,265 [INFO] Época 11/30, Batch 350/3348, Loss: 0.0515
2025-10-09 17:55:48,534 [INFO] Época 11/30, Batch 400/3348, Loss: 0.0441
2025-10-09 17:55:48,805 [INFO] Época 11/30, Batch 450/3348, Loss: 0.0496
2025-10-09 17:55:49,080 [INFO] Época 11/30, Batch 500/3348, Loss: 0.0441
2025-10-09 17:55:49,347 [INFO] Época 11/30, Batch 550/3348, Loss: 0.0854
2025-10-09 17:55:49,611 [INFO] Época 11/30, Batch 600/3348, Loss: 0.0549
2025-10-09 17:55:49,876 [INFO] Época 11/30, Batch 650/3348, Loss: 0.0623
2025-10-09 17:55:50,131 [INFO] Época 11/30, Batch 700/3348, Loss: 0.0439
2025-10-09 17:55:50,390 [INFO] Época 11/30, Batch 750/3348, Loss: 0.0402
2025-10-09 17:55:50,649 [INFO] Época 11/30, Batch 800/3348, Loss: 0.0575
2025-10-09 17:55:50,905 [INFO] Época 11/30, Batch 850/3348, Loss: 0.0470
2025-10-09 17:55:51,161 [INFO] Época 11/30, Batch 900/3348, Loss: 0.0449
2025-10-09 17:55:51,419 [INFO] Época 11/30, Batch 950/3348, Loss: 0.0660
2025-10-09 17:55:51,683 [INFO] Época 11/30, Batch 1000/3348, Loss: 0.0628
2025-10-09 17:55:51,944 [INFO] Época 11/30, Batch 1050/3348, Loss: 0.0548
2025-10-09 17:55:52,206 [INFO] Época 11/30, Batch 1100/3348, Loss: 0.0522
2025-10-09 17:55:52,480 [INFO] Época 11/30, Batch 1150/3348, Loss: 0.0445
2025-10-09 17:55:52,747 [INFO] Época 11/30, Batch 1200/3348, Loss: 0.0499
2025-10-09 17:55:53,017 [INFO] Época 11/30, Batch 1250/3348, Loss: 0.0445
2025-10-09 17:55:53,287 [INFO] Época 11/30, Batch 1300/3348, Loss: 0.0617
2025-10-09 17:55:53,556 [INFO] Época 11/30, Batch 1350/3348, Loss: 0.0594
2025-10-09 17:55:53,841 [INFO] Época 11/30, Batch 1400/3348, Loss: 0.0497
2025-10-09 17:55:54,125 [INFO] Época 11/30, Batch 1450/3348, Loss: 0.0565
2025-10-09 17:55:54,390 [INFO] Época 11/30, Batch 1500/3348, Loss: 0.0516
2025-10-09 17:55:54,651 [INFO] Época 11/30, Batch 1550/3348, Loss: 0.0499
2025-10-09 17:55:54,914 [INFO] Época 11/30, Batch 1600/3348, Loss: 0.0427
2025-10-09 17:55:55,176 [INFO] Época 11/30, Batch 1650/3348, Loss: 0.0454
2025-10-09 17:55:55,439 [INFO] Época 11/30, Batch 1700/3348, Loss: 0.0459
2025-10-09 17:55:55,694 [INFO] Época 11/30, Batch 1750/3348, Loss: 0.0418
2025-10-09 17:55:55,936 [INFO] Época 11/30, Batch 1800/3348, Loss: 0.0515
2025-10-09 17:55:56,180 [INFO] Época 11/30, Batch 1850/3348, Loss: 0.0368
2025-10-09 17:55:56,421 [INFO] Época 11/30, Batch 1900/3348, Loss: 0.0556
2025-10-09 17:55:56,663 [INFO] Época 11/30, Batch 1950/3348, Loss: 0.0580
2025-10-09 17:55:56,901 [INFO] Época 11/30, Batch 2000/3348, Loss: 0.0515
2025-10-09 17:55:57,146 [INFO] Época 11/30, Batch 2050/3348, Loss: 0.0697
2025-10-09 17:55:57,386 [INFO] Época 11/30, Batch 2100/3348, Loss: 0.0493
2025-10-09 17:55:57,627 [INFO] Época 11/30, Batch 2150/3348, Loss: 0.0638
2025-10-09 17:55:57,864 [INFO] Época 11/30, Batch 2200/3348, Loss: 0.0666
2025-10-09 17:55:58,104 [INFO] Época 11/30, Batch 2250/3348, Loss: 0.0427
2025-10-09 17:55:58,341 [INFO] Época 11/30, Batch 2300/3348, Loss: 0.0539
2025-10-09 17:55:58,578 [INFO] Época 11/30, Batch 2350/3348, Loss: 0.0573
2025-10-09 17:55:58,816 [INFO] Época 11/30, Batch 2400/3348, Loss: 0.0673
2025-10-09 17:55:59,057 [INFO] Época 11/30, Batch 2450/3348, Loss: 0.0736
2025-10-09 17:55:59,298 [INFO] Época 11/30, Batch 2500/3348, Loss: 0.0497
2025-10-09 17:55:59,554 [INFO] Época 11/30, Batch 2550/3348, Loss: 0.0617
2025-10-09 17:55:59,818 [INFO] Época 11/30, Batch 2600/3348, Loss: 0.0437
2025-10-09 17:56:00,082 [INFO] Época 11/30, Batch 2650/3348, Loss: 0.0582
2025-10-09 17:56:00,343 [INFO] Época 11/30, Batch 2700/3348, Loss: 0.0465
2025-10-09 17:56:00,604 [INFO] Época 11/30, Batch 2750/3348, Loss: 0.0560
2025-10-09 17:56:00,864 [INFO] Época 11/30, Batch 2800/3348, Loss: 0.0691
2025-10-09 17:56:01,125 [INFO] Época 11/30, Batch 2850/3348, Loss: 0.0504
2025-10-09 17:56:01,386 [INFO] Época 11/30, Batch 2900/3348, Loss: 0.0574
2025-10-09 17:56:01,647 [INFO] Época 11/30, Batch 2950/3348, Loss: 0.0550
2025-10-09 17:56:01,907 [INFO] Época 11/30, Batch 3000/3348, Loss: 0.0628
2025-10-09 17:56:02,171 [INFO] Época 11/30, Batch 3050/3348, Loss: 0.0544
2025-10-09 17:56:02,433 [INFO] Época 11/30, Batch 3100/3348, Loss: 0.0467
2025-10-09 17:56:02,696 [INFO] Época 11/30, Batch 3150/3348, Loss: 0.0512
2025-10-09 17:56:02,961 [INFO] Época 11/30, Batch 3200/3348, Loss: 0.0436
2025-10-09 17:56:03,224 [INFO] Época 11/30, Batch 3250/3348, Loss: 0.0563
2025-10-09 17:56:03,487 [INFO] Época 11/30, Batch 3300/3348, Loss: 0.0503
2025-10-09 17:56:05,372 [INFO] [11/30] Train Loss: 0.0590 | Val Loss: 0.0853 | Tempo: 19.34s
2025-10-09 17:56:05,984 [INFO] Época 12/30, Batch 50/3348, Loss: 0.0510
2025-10-09 17:56:06,251 [INFO] Época 12/30, Batch 100/3348, Loss: 0.1245
2025-10-09 17:56:06,516 [INFO] Época 12/30, Batch 150/3348, Loss: 0.0477
2025-10-09 17:56:06,778 [INFO] Época 12/30, Batch 200/3348, Loss: 0.0649
2025-10-09 17:56:07,041 [INFO] Época 12/30, Batch 250/3348, Loss: 0.0553
2025-10-09 17:56:07,305 [INFO] Época 12/30, Batch 300/3348, Loss: 0.0702
2025-10-09 17:56:07,569 [INFO] Época 12/30, Batch 350/3348, Loss: 0.0489
2025-10-09 17:56:07,832 [INFO] Época 12/30, Batch 400/3348, Loss: 0.1119
2025-10-09 17:56:08,094 [INFO] Época 12/30, Batch 450/3348, Loss: 0.0475
2025-10-09 17:56:08,359 [INFO] Época 12/30, Batch 500/3348, Loss: 0.0359
2025-10-09 17:56:08,622 [INFO] Época 12/30, Batch 550/3348, Loss: 0.0498
2025-10-09 17:56:08,887 [INFO] Época 12/30, Batch 600/3348, Loss: 0.0493
2025-10-09 17:56:09,150 [INFO] Época 12/30, Batch 650/3348, Loss: 0.0455
2025-10-09 17:56:09,406 [INFO] Época 12/30, Batch 700/3348, Loss: 0.0577
2025-10-09 17:56:09,658 [INFO] Época 12/30, Batch 750/3348, Loss: 0.0469
2025-10-09 17:56:09,912 [INFO] Época 12/30, Batch 800/3348, Loss: 0.0527
2025-10-09 17:56:10,166 [INFO] Época 12/30, Batch 850/3348, Loss: 0.0466
2025-10-09 17:56:10,421 [INFO] Época 12/30, Batch 900/3348, Loss: 0.0518
2025-10-09 17:56:10,676 [INFO] Época 12/30, Batch 950/3348, Loss: 0.0672
2025-10-09 17:56:10,932 [INFO] Época 12/30, Batch 1000/3348, Loss: 0.0524
2025-10-09 17:56:11,186 [INFO] Época 12/30, Batch 1050/3348, Loss: 0.0397
2025-10-09 17:56:11,447 [INFO] Época 12/30, Batch 1100/3348, Loss: 0.0398
2025-10-09 17:56:11,716 [INFO] Época 12/30, Batch 1150/3348, Loss: 0.0449
2025-10-09 17:56:11,981 [INFO] Época 12/30, Batch 1200/3348, Loss: 0.0564
2025-10-09 17:56:12,249 [INFO] Época 12/30, Batch 1250/3348, Loss: 0.0511
2025-10-09 17:56:12,514 [INFO] Época 12/30, Batch 1300/3348, Loss: 0.0434
2025-10-09 17:56:12,780 [INFO] Época 12/30, Batch 1350/3348, Loss: 0.0623
2025-10-09 17:56:13,045 [INFO] Época 12/30, Batch 1400/3348, Loss: 0.0442
2025-10-09 17:56:13,308 [INFO] Época 12/30, Batch 1450/3348, Loss: 0.0609
2025-10-09 17:56:13,570 [INFO] Época 12/30, Batch 1500/3348, Loss: 0.0518
2025-10-09 17:56:13,831 [INFO] Época 12/30, Batch 1550/3348, Loss: 0.0483
2025-10-09 17:56:14,096 [INFO] Época 12/30, Batch 1600/3348, Loss: 0.0512
2025-10-09 17:56:14,358 [INFO] Época 12/30, Batch 1650/3348, Loss: 0.0483
2025-10-09 17:56:14,620 [INFO] Época 12/30, Batch 1700/3348, Loss: 0.0557
2025-10-09 17:56:14,883 [INFO] Época 12/30, Batch 1750/3348, Loss: 0.0532
2025-10-09 17:56:15,145 [INFO] Época 12/30, Batch 1800/3348, Loss: 0.0484
2025-10-09 17:56:15,407 [INFO] Época 12/30, Batch 1850/3348, Loss: 0.0467
2025-10-09 17:56:15,671 [INFO] Época 12/30, Batch 1900/3348, Loss: 0.0542
2025-10-09 17:56:15,935 [INFO] Época 12/30, Batch 1950/3348, Loss: 0.0559
2025-10-09 17:56:16,199 [INFO] Época 12/30, Batch 2000/3348, Loss: 0.0548
2025-10-09 17:56:16,463 [INFO] Época 12/30, Batch 2050/3348, Loss: 0.0403
2025-10-09 17:56:16,729 [INFO] Época 12/30, Batch 2100/3348, Loss: 0.0655
2025-10-09 17:56:16,997 [INFO] Época 12/30, Batch 2150/3348, Loss: 0.0387
2025-10-09 17:56:17,262 [INFO] Época 12/30, Batch 2200/3348, Loss: 0.0528
2025-10-09 17:56:17,527 [INFO] Época 12/30, Batch 2250/3348, Loss: 0.0484
2025-10-09 17:56:17,790 [INFO] Época 12/30, Batch 2300/3348, Loss: 0.0467
2025-10-09 17:56:18,054 [INFO] Época 12/30, Batch 2350/3348, Loss: 0.0457
2025-10-09 17:56:18,320 [INFO] Época 12/30, Batch 2400/3348, Loss: 0.0665
2025-10-09 17:56:18,584 [INFO] Época 12/30, Batch 2450/3348, Loss: 0.0437
2025-10-09 17:56:18,848 [INFO] Época 12/30, Batch 2500/3348, Loss: 0.0535
2025-10-09 17:56:19,112 [INFO] Época 12/30, Batch 2550/3348, Loss: 0.0475
2025-10-09 17:56:19,375 [INFO] Época 12/30, Batch 2600/3348, Loss: 0.0680
2025-10-09 17:56:19,640 [INFO] Época 12/30, Batch 2650/3348, Loss: 0.0518
2025-10-09 17:56:19,902 [INFO] Época 12/30, Batch 2700/3348, Loss: 0.0521
2025-10-09 17:56:20,164 [INFO] Época 12/30, Batch 2750/3348, Loss: 0.0468
2025-10-09 17:56:20,426 [INFO] Época 12/30, Batch 2800/3348, Loss: 0.0521
2025-10-09 17:56:20,690 [INFO] Época 12/30, Batch 2850/3348, Loss: 0.0512
2025-10-09 17:56:20,955 [INFO] Época 12/30, Batch 2900/3348, Loss: 0.0430
2025-10-09 17:56:21,220 [INFO] Época 12/30, Batch 2950/3348, Loss: 0.0510
2025-10-09 17:56:21,485 [INFO] Época 12/30, Batch 3000/3348, Loss: 0.0562
2025-10-09 17:56:21,750 [INFO] Época 12/30, Batch 3050/3348, Loss: 0.0643
2025-10-09 17:56:22,012 [INFO] Época 12/30, Batch 3100/3348, Loss: 0.0622
2025-10-09 17:56:22,276 [INFO] Época 12/30, Batch 3150/3348, Loss: 0.0604
2025-10-09 17:56:22,538 [INFO] Época 12/30, Batch 3200/3348, Loss: 0.0541
2025-10-09 17:56:22,800 [INFO] Época 12/30, Batch 3250/3348, Loss: 0.0443
2025-10-09 17:56:23,065 [INFO] Época 12/30, Batch 3300/3348, Loss: 0.0433
2025-10-09 17:56:24,913 [INFO] [12/30] Train Loss: 0.0566 | Val Loss: 0.0920 | Tempo: 19.54s
2025-10-09 17:56:25,526 [INFO] Época 13/30, Batch 50/3348, Loss: 0.0458
2025-10-09 17:56:25,799 [INFO] Época 13/30, Batch 100/3348, Loss: 0.0492
2025-10-09 17:56:26,066 [INFO] Época 13/30, Batch 150/3348, Loss: 0.0450
2025-10-09 17:56:26,330 [INFO] Época 13/30, Batch 200/3348, Loss: 0.0598
2025-10-09 17:56:26,597 [INFO] Época 13/30, Batch 250/3348, Loss: 0.0673
2025-10-09 17:56:26,862 [INFO] Época 13/30, Batch 300/3348, Loss: 0.0495
2025-10-09 17:56:27,126 [INFO] Época 13/30, Batch 350/3348, Loss: 0.0437
2025-10-09 17:56:27,387 [INFO] Época 13/30, Batch 400/3348, Loss: 0.0481
2025-10-09 17:56:27,647 [INFO] Época 13/30, Batch 450/3348, Loss: 0.0528
2025-10-09 17:56:27,911 [INFO] Época 13/30, Batch 500/3348, Loss: 0.0490
2025-10-09 17:56:28,176 [INFO] Época 13/30, Batch 550/3348, Loss: 0.0437
2025-10-09 17:56:28,441 [INFO] Época 13/30, Batch 600/3348, Loss: 0.0324
2025-10-09 17:56:28,704 [INFO] Época 13/30, Batch 650/3348, Loss: 0.0705
2025-10-09 17:56:28,969 [INFO] Época 13/30, Batch 700/3348, Loss: 0.0559
2025-10-09 17:56:29,233 [INFO] Época 13/30, Batch 750/3348, Loss: 0.0737
2025-10-09 17:56:29,496 [INFO] Época 13/30, Batch 800/3348, Loss: 0.0378
2025-10-09 17:56:29,759 [INFO] Época 13/30, Batch 850/3348, Loss: 0.0500
2025-10-09 17:56:30,021 [INFO] Época 13/30, Batch 900/3348, Loss: 0.0483
2025-10-09 17:56:30,284 [INFO] Época 13/30, Batch 950/3348, Loss: 0.0500
2025-10-09 17:56:30,547 [INFO] Época 13/30, Batch 1000/3348, Loss: 0.0584
2025-10-09 17:56:30,803 [INFO] Época 13/30, Batch 1050/3348, Loss: 0.0542
2025-10-09 17:56:31,058 [INFO] Época 13/30, Batch 1100/3348, Loss: 0.0510
2025-10-09 17:56:31,314 [INFO] Época 13/30, Batch 1150/3348, Loss: 0.0602
2025-10-09 17:56:31,578 [INFO] Época 13/30, Batch 1200/3348, Loss: 0.0479
2025-10-09 17:56:31,844 [INFO] Época 13/30, Batch 1250/3348, Loss: 0.0850
2025-10-09 17:56:32,107 [INFO] Época 13/30, Batch 1300/3348, Loss: 0.0540
2025-10-09 17:56:32,372 [INFO] Época 13/30, Batch 1350/3348, Loss: 0.0356
2025-10-09 17:56:32,637 [INFO] Época 13/30, Batch 1400/3348, Loss: 0.0494
2025-10-09 17:56:32,897 [INFO] Época 13/30, Batch 1450/3348, Loss: 0.0374
2025-10-09 17:56:33,140 [INFO] Época 13/30, Batch 1500/3348, Loss: 0.0608
2025-10-09 17:56:33,382 [INFO] Época 13/30, Batch 1550/3348, Loss: 0.0586
2025-10-09 17:56:33,623 [INFO] Época 13/30, Batch 1600/3348, Loss: 0.0433
2025-10-09 17:56:33,869 [INFO] Época 13/30, Batch 1650/3348, Loss: 0.0535
2025-10-09 17:56:34,115 [INFO] Época 13/30, Batch 1700/3348, Loss: 0.0439
2025-10-09 17:56:34,358 [INFO] Época 13/30, Batch 1750/3348, Loss: 0.0703
2025-10-09 17:56:34,602 [INFO] Época 13/30, Batch 1800/3348, Loss: 0.0557
2025-10-09 17:56:34,846 [INFO] Época 13/30, Batch 1850/3348, Loss: 0.0656
2025-10-09 17:56:35,089 [INFO] Época 13/30, Batch 1900/3348, Loss: 0.0455
2025-10-09 17:56:35,332 [INFO] Época 13/30, Batch 1950/3348, Loss: 0.0460
2025-10-09 17:56:35,574 [INFO] Época 13/30, Batch 2000/3348, Loss: 0.0619
2025-10-09 17:56:35,816 [INFO] Época 13/30, Batch 2050/3348, Loss: 0.0706
2025-10-09 17:56:36,058 [INFO] Época 13/30, Batch 2100/3348, Loss: 0.0655
2025-10-09 17:56:36,303 [INFO] Época 13/30, Batch 2150/3348, Loss: 0.0645
2025-10-09 17:56:36,547 [INFO] Época 13/30, Batch 2200/3348, Loss: 0.0511
2025-10-09 17:56:36,805 [INFO] Época 13/30, Batch 2250/3348, Loss: 0.0568
2025-10-09 17:56:37,069 [INFO] Época 13/30, Batch 2300/3348, Loss: 0.0475
2025-10-09 17:56:37,333 [INFO] Época 13/30, Batch 2350/3348, Loss: 0.0618
2025-10-09 17:56:37,596 [INFO] Época 13/30, Batch 2400/3348, Loss: 0.0472
2025-10-09 17:56:37,860 [INFO] Época 13/30, Batch 2450/3348, Loss: 0.0537
2025-10-09 17:56:38,125 [INFO] Época 13/30, Batch 2500/3348, Loss: 0.0503
2025-10-09 17:56:38,387 [INFO] Época 13/30, Batch 2550/3348, Loss: 0.0385
2025-10-09 17:56:38,651 [INFO] Época 13/30, Batch 2600/3348, Loss: 0.0474
2025-10-09 17:56:38,916 [INFO] Época 13/30, Batch 2650/3348, Loss: 0.0534
2025-10-09 17:56:39,179 [INFO] Época 13/30, Batch 2700/3348, Loss: 0.0384
2025-10-09 17:56:39,440 [INFO] Época 13/30, Batch 2750/3348, Loss: 0.0608
2025-10-09 17:56:39,705 [INFO] Época 13/30, Batch 2800/3348, Loss: 0.0510
2025-10-09 17:56:39,969 [INFO] Época 13/30, Batch 2850/3348, Loss: 0.0620
2025-10-09 17:56:40,232 [INFO] Época 13/30, Batch 2900/3348, Loss: 0.0409
2025-10-09 17:56:40,494 [INFO] Época 13/30, Batch 2950/3348, Loss: 0.0533
2025-10-09 17:56:40,758 [INFO] Época 13/30, Batch 3000/3348, Loss: 0.0556
2025-10-09 17:56:41,020 [INFO] Época 13/30, Batch 3050/3348, Loss: 0.0866
2025-10-09 17:56:41,283 [INFO] Época 13/30, Batch 3100/3348, Loss: 0.0552
2025-10-09 17:56:41,547 [INFO] Época 13/30, Batch 3150/3348, Loss: 0.0580
2025-10-09 17:56:41,812 [INFO] Época 13/30, Batch 3200/3348, Loss: 0.0383
2025-10-09 17:56:42,075 [INFO] Época 13/30, Batch 3250/3348, Loss: 0.0371
2025-10-09 17:56:42,338 [INFO] Época 13/30, Batch 3300/3348, Loss: 0.0497
2025-10-09 17:56:44,237 [INFO] [13/30] Train Loss: 0.0566 | Val Loss: 0.0863 | Tempo: 19.32s
2025-10-09 17:56:44,815 [INFO] Época 14/30, Batch 50/3348, Loss: 0.0526
2025-10-09 17:56:45,084 [INFO] Época 14/30, Batch 100/3348, Loss: 0.0419
2025-10-09 17:56:45,352 [INFO] Época 14/30, Batch 150/3348, Loss: 0.0522
2025-10-09 17:56:45,617 [INFO] Época 14/30, Batch 200/3348, Loss: 0.0499
2025-10-09 17:56:45,881 [INFO] Época 14/30, Batch 250/3348, Loss: 0.0527
2025-10-09 17:56:46,144 [INFO] Época 14/30, Batch 300/3348, Loss: 0.0480
2025-10-09 17:56:46,408 [INFO] Época 14/30, Batch 350/3348, Loss: 0.0395
2025-10-09 17:56:46,671 [INFO] Época 14/30, Batch 400/3348, Loss: 0.0372
2025-10-09 17:56:46,933 [INFO] Época 14/30, Batch 450/3348, Loss: 0.0475
2025-10-09 17:56:47,205 [INFO] Época 14/30, Batch 500/3348, Loss: 0.0537
2025-10-09 17:56:47,465 [INFO] Época 14/30, Batch 550/3348, Loss: 0.0532
2025-10-09 17:56:47,726 [INFO] Época 14/30, Batch 600/3348, Loss: 0.0742
2025-10-09 17:56:47,988 [INFO] Época 14/30, Batch 650/3348, Loss: 0.0407
2025-10-09 17:56:48,250 [INFO] Época 14/30, Batch 700/3348, Loss: 0.0486
2025-10-09 17:56:48,512 [INFO] Época 14/30, Batch 750/3348, Loss: 0.0599
2025-10-09 17:56:48,777 [INFO] Época 14/30, Batch 800/3348, Loss: 0.0331
2025-10-09 17:56:49,036 [INFO] Época 14/30, Batch 850/3348, Loss: 0.0719
2025-10-09 17:56:49,294 [INFO] Época 14/30, Batch 900/3348, Loss: 0.0550
2025-10-09 17:56:49,551 [INFO] Época 14/30, Batch 950/3348, Loss: 0.0609
2025-10-09 17:56:49,807 [INFO] Época 14/30, Batch 1000/3348, Loss: 0.0535
2025-10-09 17:56:50,065 [INFO] Época 14/30, Batch 1050/3348, Loss: 0.0580
2025-10-09 17:56:50,321 [INFO] Época 14/30, Batch 1100/3348, Loss: 0.0405
2025-10-09 17:56:50,585 [INFO] Época 14/30, Batch 1150/3348, Loss: 0.0758
2025-10-09 17:56:50,846 [INFO] Época 14/30, Batch 1200/3348, Loss: 0.0500
2025-10-09 17:56:51,103 [INFO] Época 14/30, Batch 1250/3348, Loss: 0.0568
2025-10-09 17:56:51,361 [INFO] Época 14/30, Batch 1300/3348, Loss: 0.0646
2025-10-09 17:56:51,617 [INFO] Época 14/30, Batch 1350/3348, Loss: 0.0447
2025-10-09 17:56:51,879 [INFO] Época 14/30, Batch 1400/3348, Loss: 0.0498
2025-10-09 17:56:52,140 [INFO] Época 14/30, Batch 1450/3348, Loss: 0.0502
2025-10-09 17:56:52,401 [INFO] Época 14/30, Batch 1500/3348, Loss: 0.0578
2025-10-09 17:56:52,662 [INFO] Época 14/30, Batch 1550/3348, Loss: 0.0525
2025-10-09 17:56:52,918 [INFO] Época 14/30, Batch 1600/3348, Loss: 0.0556
2025-10-09 17:56:53,173 [INFO] Época 14/30, Batch 1650/3348, Loss: 0.0531
2025-10-09 17:56:53,439 [INFO] Época 14/30, Batch 1700/3348, Loss: 0.0443
2025-10-09 17:56:53,698 [INFO] Época 14/30, Batch 1750/3348, Loss: 0.0376
2025-10-09 17:56:53,958 [INFO] Época 14/30, Batch 1800/3348, Loss: 0.0551
2025-10-09 17:56:54,233 [INFO] Época 14/30, Batch 1850/3348, Loss: 0.0346
2025-10-09 17:56:54,506 [INFO] Época 14/30, Batch 1900/3348, Loss: 0.0494
2025-10-09 17:56:54,779 [INFO] Época 14/30, Batch 1950/3348, Loss: 0.0709
2025-10-09 17:56:55,041 [INFO] Época 14/30, Batch 2000/3348, Loss: 0.0406
2025-10-09 17:56:55,303 [INFO] Época 14/30, Batch 2050/3348, Loss: 0.0453
2025-10-09 17:56:55,563 [INFO] Época 14/30, Batch 2100/3348, Loss: 0.0393
2025-10-09 17:56:55,823 [INFO] Época 14/30, Batch 2150/3348, Loss: 0.0554
2025-10-09 17:56:56,082 [INFO] Época 14/30, Batch 2200/3348, Loss: 0.0430
2025-10-09 17:56:56,341 [INFO] Época 14/30, Batch 2250/3348, Loss: 0.0681
2025-10-09 17:56:56,601 [INFO] Época 14/30, Batch 2300/3348, Loss: 0.0412
2025-10-09 17:56:56,862 [INFO] Época 14/30, Batch 2350/3348, Loss: 0.0411
2025-10-09 17:56:57,122 [INFO] Época 14/30, Batch 2400/3348, Loss: 0.0479
2025-10-09 17:56:57,385 [INFO] Época 14/30, Batch 2450/3348, Loss: 0.0555
2025-10-09 17:56:57,645 [INFO] Época 14/30, Batch 2500/3348, Loss: 0.0561
2025-10-09 17:56:57,905 [INFO] Época 14/30, Batch 2550/3348, Loss: 0.8775
2025-10-09 17:56:58,164 [INFO] Época 14/30, Batch 2600/3348, Loss: 0.0395
2025-10-09 17:56:58,424 [INFO] Época 14/30, Batch 2650/3348, Loss: 0.0504
2025-10-09 17:56:58,687 [INFO] Época 14/30, Batch 2700/3348, Loss: 0.0679
2025-10-09 17:56:58,945 [INFO] Época 14/30, Batch 2750/3348, Loss: 0.0637
2025-10-09 17:56:59,206 [INFO] Época 14/30, Batch 2800/3348, Loss: 0.0406
2025-10-09 17:56:59,465 [INFO] Época 14/30, Batch 2850/3348, Loss: 0.0444
2025-10-09 17:56:59,722 [INFO] Época 14/30, Batch 2900/3348, Loss: 0.0477
2025-10-09 17:56:59,983 [INFO] Época 14/30, Batch 2950/3348, Loss: 0.0422
2025-10-09 17:57:00,241 [INFO] Época 14/30, Batch 3000/3348, Loss: 0.0562
2025-10-09 17:57:00,503 [INFO] Época 14/30, Batch 3050/3348, Loss: 0.0496
2025-10-09 17:57:00,763 [INFO] Época 14/30, Batch 3100/3348, Loss: 0.0574
2025-10-09 17:57:01,019 [INFO] Época 14/30, Batch 3150/3348, Loss: 0.0425
2025-10-09 17:57:01,277 [INFO] Época 14/30, Batch 3200/3348, Loss: 0.0436
2025-10-09 17:57:01,536 [INFO] Época 14/30, Batch 3250/3348, Loss: 0.0346
2025-10-09 17:57:01,795 [INFO] Época 14/30, Batch 3300/3348, Loss: 0.0487
2025-10-09 17:57:03,571 [INFO] [14/30] Train Loss: 0.0561 | Val Loss: 0.0846 | Tempo: 19.33s
2025-10-09 17:57:04,168 [INFO] Época 15/30, Batch 50/3348, Loss: 0.0482
2025-10-09 17:57:04,439 [INFO] Época 15/30, Batch 100/3348, Loss: 0.0368
2025-10-09 17:57:04,708 [INFO] Época 15/30, Batch 150/3348, Loss: 0.0549
2025-10-09 17:57:04,976 [INFO] Época 15/30, Batch 200/3348, Loss: 0.0431
2025-10-09 17:57:05,240 [INFO] Época 15/30, Batch 250/3348, Loss: 0.0676
2025-10-09 17:57:05,505 [INFO] Época 15/30, Batch 300/3348, Loss: 0.0413
2025-10-09 17:57:05,772 [INFO] Época 15/30, Batch 350/3348, Loss: 0.0509
2025-10-09 17:57:06,036 [INFO] Época 15/30, Batch 400/3348, Loss: 0.0398
2025-10-09 17:57:06,301 [INFO] Época 15/30, Batch 450/3348, Loss: 0.0483
2025-10-09 17:57:06,567 [INFO] Época 15/30, Batch 500/3348, Loss: 0.0824
2025-10-09 17:57:06,835 [INFO] Época 15/30, Batch 550/3348, Loss: 0.0482
2025-10-09 17:57:07,100 [INFO] Época 15/30, Batch 600/3348, Loss: 0.0659
2025-10-09 17:57:07,367 [INFO] Época 15/30, Batch 650/3348, Loss: 0.0583
2025-10-09 17:57:07,633 [INFO] Época 15/30, Batch 700/3348, Loss: 0.0424
2025-10-09 17:57:07,897 [INFO] Época 15/30, Batch 750/3348, Loss: 0.0499
2025-10-09 17:57:08,163 [INFO] Época 15/30, Batch 800/3348, Loss: 0.0719
2025-10-09 17:57:08,423 [INFO] Época 15/30, Batch 850/3348, Loss: 0.0472
2025-10-09 17:57:08,685 [INFO] Época 15/30, Batch 900/3348, Loss: 0.0475
2025-10-09 17:57:08,950 [INFO] Época 15/30, Batch 950/3348, Loss: 0.0468
2025-10-09 17:57:09,216 [INFO] Época 15/30, Batch 1000/3348, Loss: 0.0424
2025-10-09 17:57:09,480 [INFO] Época 15/30, Batch 1050/3348, Loss: 0.0544
2025-10-09 17:57:09,741 [INFO] Época 15/30, Batch 1100/3348, Loss: 0.0626
2025-10-09 17:57:10,003 [INFO] Época 15/30, Batch 1150/3348, Loss: 0.0627
2025-10-09 17:57:10,263 [INFO] Época 15/30, Batch 1200/3348, Loss: 0.0482
2025-10-09 17:57:10,516 [INFO] Época 15/30, Batch 1250/3348, Loss: 0.0527
2025-10-09 17:57:10,765 [INFO] Época 15/30, Batch 1300/3348, Loss: 0.0537
2025-10-09 17:57:11,005 [INFO] Época 15/30, Batch 1350/3348, Loss: 0.0593
2025-10-09 17:57:11,247 [INFO] Época 15/30, Batch 1400/3348, Loss: 0.0375
2025-10-09 17:57:11,490 [INFO] Época 15/30, Batch 1450/3348, Loss: 0.0413
2025-10-09 17:57:11,730 [INFO] Época 15/30, Batch 1500/3348, Loss: 0.0380
2025-10-09 17:57:11,973 [INFO] Época 15/30, Batch 1550/3348, Loss: 0.0429
2025-10-09 17:57:12,217 [INFO] Época 15/30, Batch 1600/3348, Loss: 0.0749
2025-10-09 17:57:12,457 [INFO] Época 15/30, Batch 1650/3348, Loss: 0.0698
2025-10-09 17:57:12,698 [INFO] Época 15/30, Batch 1700/3348, Loss: 0.0459
2025-10-09 17:57:12,940 [INFO] Época 15/30, Batch 1750/3348, Loss: 0.0770
2025-10-09 17:57:13,182 [INFO] Época 15/30, Batch 1800/3348, Loss: 0.0621
2025-10-09 17:57:13,425 [INFO] Época 15/30, Batch 1850/3348, Loss: 0.0829
2025-10-09 17:57:13,668 [INFO] Época 15/30, Batch 1900/3348, Loss: 0.0342
2025-10-09 17:57:13,910 [INFO] Época 15/30, Batch 1950/3348, Loss: 0.0523
2025-10-09 17:57:14,166 [INFO] Época 15/30, Batch 2000/3348, Loss: 0.0484
2025-10-09 17:57:14,431 [INFO] Época 15/30, Batch 2050/3348, Loss: 0.0468
2025-10-09 17:57:14,697 [INFO] Época 15/30, Batch 2100/3348, Loss: 0.0401
2025-10-09 17:57:14,964 [INFO] Época 15/30, Batch 2150/3348, Loss: 0.0550
2025-10-09 17:57:15,230 [INFO] Época 15/30, Batch 2200/3348, Loss: 0.0629
2025-10-09 17:57:15,492 [INFO] Época 15/30, Batch 2250/3348, Loss: 0.0536
2025-10-09 17:57:15,755 [INFO] Época 15/30, Batch 2300/3348, Loss: 0.0573
2025-10-09 17:57:16,017 [INFO] Época 15/30, Batch 2350/3348, Loss: 0.0907
2025-10-09 17:57:16,280 [INFO] Época 15/30, Batch 2400/3348, Loss: 0.0600
2025-10-09 17:57:16,543 [INFO] Época 15/30, Batch 2450/3348, Loss: 0.0436
2025-10-09 17:57:16,808 [INFO] Época 15/30, Batch 2500/3348, Loss: 0.0646
2025-10-09 17:57:17,071 [INFO] Época 15/30, Batch 2550/3348, Loss: 0.0407
2025-10-09 17:57:17,333 [INFO] Época 15/30, Batch 2600/3348, Loss: 0.0627
2025-10-09 17:57:17,594 [INFO] Época 15/30, Batch 2650/3348, Loss: 0.0413
2025-10-09 17:57:17,857 [INFO] Época 15/30, Batch 2700/3348, Loss: 0.0508
2025-10-09 17:57:18,120 [INFO] Época 15/30, Batch 2750/3348, Loss: 0.0539
2025-10-09 17:57:18,385 [INFO] Época 15/30, Batch 2800/3348, Loss: 0.0451
2025-10-09 17:57:18,649 [INFO] Época 15/30, Batch 2850/3348, Loss: 0.0533
2025-10-09 17:57:18,910 [INFO] Época 15/30, Batch 2900/3348, Loss: 0.0498
2025-10-09 17:57:19,172 [INFO] Época 15/30, Batch 2950/3348, Loss: 0.0752
2025-10-09 17:57:19,438 [INFO] Época 15/30, Batch 3000/3348, Loss: 0.0537
2025-10-09 17:57:19,701 [INFO] Época 15/30, Batch 3050/3348, Loss: 0.0600
2025-10-09 17:57:19,965 [INFO] Época 15/30, Batch 3100/3348, Loss: 0.0625
2025-10-09 17:57:20,230 [INFO] Época 15/30, Batch 3150/3348, Loss: 0.0522
2025-10-09 17:57:20,492 [INFO] Época 15/30, Batch 3200/3348, Loss: 0.0517
2025-10-09 17:57:20,757 [INFO] Época 15/30, Batch 3250/3348, Loss: 0.0462
2025-10-09 17:57:21,022 [INFO] Época 15/30, Batch 3300/3348, Loss: 0.0431
2025-10-09 17:57:22,851 [INFO] [15/30] Train Loss: 0.0552 | Val Loss: 0.0861 | Tempo: 19.28s
2025-10-09 17:57:23,458 [INFO] Época 16/30, Batch 50/3348, Loss: 0.0533
2025-10-09 17:57:23,737 [INFO] Época 16/30, Batch 100/3348, Loss: 0.0615
2025-10-09 17:57:24,014 [INFO] Época 16/30, Batch 150/3348, Loss: 0.0539
2025-10-09 17:57:24,290 [INFO] Época 16/30, Batch 200/3348, Loss: 0.0618
2025-10-09 17:57:24,563 [INFO] Época 16/30, Batch 250/3348, Loss: 0.0528
2025-10-09 17:57:24,837 [INFO] Época 16/30, Batch 300/3348, Loss: 0.0394
2025-10-09 17:57:25,107 [INFO] Época 16/30, Batch 350/3348, Loss: 0.0533
2025-10-09 17:57:25,381 [INFO] Época 16/30, Batch 400/3348, Loss: 0.0498
2025-10-09 17:57:25,653 [INFO] Época 16/30, Batch 450/3348, Loss: 0.0533
2025-10-09 17:57:25,925 [INFO] Época 16/30, Batch 500/3348, Loss: 0.0453
2025-10-09 17:57:26,196 [INFO] Época 16/30, Batch 550/3348, Loss: 0.0488
2025-10-09 17:57:26,469 [INFO] Época 16/30, Batch 600/3348, Loss: 0.0402
2025-10-09 17:57:26,741 [INFO] Época 16/30, Batch 650/3348, Loss: 0.0430
2025-10-09 17:57:27,013 [INFO] Época 16/30, Batch 700/3348, Loss: 0.0514
2025-10-09 17:57:27,286 [INFO] Época 16/30, Batch 750/3348, Loss: 0.0517
2025-10-09 17:57:27,553 [INFO] Época 16/30, Batch 800/3348, Loss: 0.0455
2025-10-09 17:57:27,807 [INFO] Época 16/30, Batch 850/3348, Loss: 0.0524
2025-10-09 17:57:28,061 [INFO] Época 16/30, Batch 900/3348, Loss: 0.0354
2025-10-09 17:57:28,312 [INFO] Época 16/30, Batch 950/3348, Loss: 0.0395
2025-10-09 17:57:28,563 [INFO] Época 16/30, Batch 1000/3348, Loss: 0.0627
2025-10-09 17:57:28,813 [INFO] Época 16/30, Batch 1050/3348, Loss: 0.0516
2025-10-09 17:57:29,063 [INFO] Época 16/30, Batch 1100/3348, Loss: 0.0434
2025-10-09 17:57:29,313 [INFO] Época 16/30, Batch 1150/3348, Loss: 0.0482
2025-10-09 17:57:29,567 [INFO] Época 16/30, Batch 1200/3348, Loss: 0.0452
2025-10-09 17:57:29,830 [INFO] Época 16/30, Batch 1250/3348, Loss: 0.0456
2025-10-09 17:57:30,091 [INFO] Época 16/30, Batch 1300/3348, Loss: 0.0364
2025-10-09 17:57:30,350 [INFO] Época 16/30, Batch 1350/3348, Loss: 0.0330
2025-10-09 17:57:30,610 [INFO] Época 16/30, Batch 1400/3348, Loss: 0.0390
2025-10-09 17:57:30,881 [INFO] Época 16/30, Batch 1450/3348, Loss: 0.0483
2025-10-09 17:57:31,153 [INFO] Época 16/30, Batch 1500/3348, Loss: 0.0601
2025-10-09 17:57:31,424 [INFO] Época 16/30, Batch 1550/3348, Loss: 0.0549
2025-10-09 17:57:31,695 [INFO] Época 16/30, Batch 1600/3348, Loss: 0.0421
2025-10-09 17:57:31,964 [INFO] Época 16/30, Batch 1650/3348, Loss: 0.0547
2025-10-09 17:57:32,234 [INFO] Época 16/30, Batch 1700/3348, Loss: 0.0657
2025-10-09 17:57:32,505 [INFO] Época 16/30, Batch 1750/3348, Loss: 0.0423
2025-10-09 17:57:32,775 [INFO] Época 16/30, Batch 1800/3348, Loss: 0.0440
2025-10-09 17:57:33,048 [INFO] Época 16/30, Batch 1850/3348, Loss: 0.0494
2025-10-09 17:57:33,323 [INFO] Época 16/30, Batch 1900/3348, Loss: 0.0701
2025-10-09 17:57:33,592 [INFO] Época 16/30, Batch 1950/3348, Loss: 0.0581
2025-10-09 17:57:33,868 [INFO] Época 16/30, Batch 2000/3348, Loss: 0.0370
2025-10-09 17:57:34,140 [INFO] Época 16/30, Batch 2050/3348, Loss: 0.0480
2025-10-09 17:57:34,412 [INFO] Época 16/30, Batch 2100/3348, Loss: 0.0507
2025-10-09 17:57:34,686 [INFO] Época 16/30, Batch 2150/3348, Loss: 0.0577
2025-10-09 17:57:34,964 [INFO] Época 16/30, Batch 2200/3348, Loss: 0.0460
2025-10-09 17:57:35,236 [INFO] Época 16/30, Batch 2250/3348, Loss: 0.0516
2025-10-09 17:57:35,510 [INFO] Época 16/30, Batch 2300/3348, Loss: 0.0483
2025-10-09 17:57:35,779 [INFO] Época 16/30, Batch 2350/3348, Loss: 0.0583
2025-10-09 17:57:36,044 [INFO] Época 16/30, Batch 2400/3348, Loss: 0.0450
2025-10-09 17:57:36,307 [INFO] Época 16/30, Batch 2450/3348, Loss: 0.0442
2025-10-09 17:57:36,579 [INFO] Época 16/30, Batch 2500/3348, Loss: 0.0311
2025-10-09 17:57:36,850 [INFO] Época 16/30, Batch 2550/3348, Loss: 0.0410
2025-10-09 17:57:37,123 [INFO] Época 16/30, Batch 2600/3348, Loss: 0.0444
2025-10-09 17:57:37,398 [INFO] Época 16/30, Batch 2650/3348, Loss: 0.0504
2025-10-09 17:57:37,669 [INFO] Época 16/30, Batch 2700/3348, Loss: 0.0640
2025-10-09 17:57:37,934 [INFO] Época 16/30, Batch 2750/3348, Loss: 0.0348
2025-10-09 17:57:38,198 [INFO] Época 16/30, Batch 2800/3348, Loss: 0.0493
2025-10-09 17:57:38,465 [INFO] Época 16/30, Batch 2850/3348, Loss: 0.0547
2025-10-09 17:57:38,731 [INFO] Época 16/30, Batch 2900/3348, Loss: 0.0543
2025-10-09 17:57:38,993 [INFO] Época 16/30, Batch 2950/3348, Loss: 0.0515
2025-10-09 17:57:39,254 [INFO] Época 16/30, Batch 3000/3348, Loss: 0.0463
2025-10-09 17:57:39,513 [INFO] Época 16/30, Batch 3050/3348, Loss: 0.0435
2025-10-09 17:57:39,771 [INFO] Época 16/30, Batch 3100/3348, Loss: 0.0613
2025-10-09 17:57:40,029 [INFO] Época 16/30, Batch 3150/3348, Loss: 0.0395
2025-10-09 17:57:40,289 [INFO] Época 16/30, Batch 3200/3348, Loss: 0.0405
2025-10-09 17:57:40,545 [INFO] Época 16/30, Batch 3250/3348, Loss: 0.0494
2025-10-09 17:57:40,804 [INFO] Época 16/30, Batch 3300/3348, Loss: 0.0628
2025-10-09 17:57:42,584 [INFO] [16/30] Train Loss: 0.0535 | Val Loss: 0.0821 | Tempo: 19.73s
2025-10-09 17:57:43,185 [INFO] Época 17/30, Batch 50/3348, Loss: 0.0398
2025-10-09 17:57:43,458 [INFO] Época 17/30, Batch 100/3348, Loss: 0.0451
2025-10-09 17:57:43,729 [INFO] Época 17/30, Batch 150/3348, Loss: 0.0936
2025-10-09 17:57:43,995 [INFO] Época 17/30, Batch 200/3348, Loss: 0.0367
2025-10-09 17:57:44,263 [INFO] Época 17/30, Batch 250/3348, Loss: 0.0379
2025-10-09 17:57:44,527 [INFO] Época 17/30, Batch 300/3348, Loss: 0.0461
2025-10-09 17:57:44,793 [INFO] Época 17/30, Batch 350/3348, Loss: 0.0575
2025-10-09 17:57:45,057 [INFO] Época 17/30, Batch 400/3348, Loss: 0.0555
2025-10-09 17:57:45,321 [INFO] Época 17/30, Batch 450/3348, Loss: 0.0365
2025-10-09 17:57:45,588 [INFO] Época 17/30, Batch 500/3348, Loss: 0.0426
2025-10-09 17:57:45,853 [INFO] Época 17/30, Batch 550/3348, Loss: 0.0516
2025-10-09 17:57:46,118 [INFO] Época 17/30, Batch 600/3348, Loss: 0.0609
2025-10-09 17:57:46,381 [INFO] Época 17/30, Batch 650/3348, Loss: 0.0625
2025-10-09 17:57:46,641 [INFO] Época 17/30, Batch 700/3348, Loss: 0.0754
2025-10-09 17:57:46,903 [INFO] Época 17/30, Batch 750/3348, Loss: 0.0550
2025-10-09 17:57:47,161 [INFO] Época 17/30, Batch 800/3348, Loss: 0.0484
2025-10-09 17:57:47,417 [INFO] Época 17/30, Batch 850/3348, Loss: 0.0443
2025-10-09 17:57:47,675 [INFO] Época 17/30, Batch 900/3348, Loss: 0.0529
2025-10-09 17:57:47,924 [INFO] Época 17/30, Batch 950/3348, Loss: 0.0446
2025-10-09 17:57:48,162 [INFO] Época 17/30, Batch 1000/3348, Loss: 0.0600
2025-10-09 17:57:48,399 [INFO] Época 17/30, Batch 1050/3348, Loss: 0.0403
2025-10-09 17:57:48,638 [INFO] Época 17/30, Batch 1100/3348, Loss: 0.0327
2025-10-09 17:57:48,880 [INFO] Época 17/30, Batch 1150/3348, Loss: 0.0389
2025-10-09 17:57:49,121 [INFO] Época 17/30, Batch 1200/3348, Loss: 0.0438
2025-10-09 17:57:49,363 [INFO] Época 17/30, Batch 1250/3348, Loss: 0.0436
2025-10-09 17:57:49,605 [INFO] Época 17/30, Batch 1300/3348, Loss: 0.0507
2025-10-09 17:57:49,851 [INFO] Época 17/30, Batch 1350/3348, Loss: 0.0556
2025-10-09 17:57:50,102 [INFO] Época 17/30, Batch 1400/3348, Loss: 0.0363
2025-10-09 17:57:50,345 [INFO] Época 17/30, Batch 1450/3348, Loss: 0.0436
2025-10-09 17:57:50,584 [INFO] Época 17/30, Batch 1500/3348, Loss: 0.0410
2025-10-09 17:57:50,827 [INFO] Época 17/30, Batch 1550/3348, Loss: 0.0546
2025-10-09 17:57:51,067 [INFO] Época 17/30, Batch 1600/3348, Loss: 0.0594
2025-10-09 17:57:51,310 [INFO] Época 17/30, Batch 1650/3348, Loss: 0.0510
2025-10-09 17:57:51,567 [INFO] Época 17/30, Batch 1700/3348, Loss: 0.0707
2025-10-09 17:57:51,837 [INFO] Época 17/30, Batch 1750/3348, Loss: 0.0517
2025-10-09 17:57:52,107 [INFO] Época 17/30, Batch 1800/3348, Loss: 0.0420
2025-10-09 17:57:52,375 [INFO] Época 17/30, Batch 1850/3348, Loss: 0.0563
2025-10-09 17:57:52,644 [INFO] Época 17/30, Batch 1900/3348, Loss: 0.0343
2025-10-09 17:57:52,915 [INFO] Época 17/30, Batch 1950/3348, Loss: 0.0601
2025-10-09 17:57:53,185 [INFO] Época 17/30, Batch 2000/3348, Loss: 0.0563
2025-10-09 17:57:53,456 [INFO] Época 17/30, Batch 2050/3348, Loss: 0.0483
2025-10-09 17:57:53,723 [INFO] Época 17/30, Batch 2100/3348, Loss: 0.0614
2025-10-09 17:57:53,987 [INFO] Época 17/30, Batch 2150/3348, Loss: 0.0476
2025-10-09 17:57:54,251 [INFO] Época 17/30, Batch 2200/3348, Loss: 0.0507
2025-10-09 17:57:54,518 [INFO] Época 17/30, Batch 2250/3348, Loss: 0.0624
2025-10-09 17:57:54,784 [INFO] Época 17/30, Batch 2300/3348, Loss: 0.0449
2025-10-09 17:57:55,048 [INFO] Época 17/30, Batch 2350/3348, Loss: 0.0470
2025-10-09 17:57:55,312 [INFO] Época 17/30, Batch 2400/3348, Loss: 0.0415
2025-10-09 17:57:55,577 [INFO] Época 17/30, Batch 2450/3348, Loss: 0.0384
2025-10-09 17:57:55,843 [INFO] Época 17/30, Batch 2500/3348, Loss: 0.0475
2025-10-09 17:57:56,115 [INFO] Época 17/30, Batch 2550/3348, Loss: 0.0373
2025-10-09 17:57:56,388 [INFO] Época 17/30, Batch 2600/3348, Loss: 0.0505
2025-10-09 17:57:56,660 [INFO] Época 17/30, Batch 2650/3348, Loss: 0.0399
2025-10-09 17:57:56,932 [INFO] Época 17/30, Batch 2700/3348, Loss: 0.0583
2025-10-09 17:57:57,203 [INFO] Época 17/30, Batch 2750/3348, Loss: 0.0745
2025-10-09 17:57:57,475 [INFO] Época 17/30, Batch 2800/3348, Loss: 0.0481
2025-10-09 17:57:57,742 [INFO] Época 17/30, Batch 2850/3348, Loss: 0.0425
2025-10-09 17:57:58,004 [INFO] Época 17/30, Batch 2900/3348, Loss: 0.0567
2025-10-09 17:57:58,270 [INFO] Época 17/30, Batch 2950/3348, Loss: 0.0488
2025-10-09 17:57:58,535 [INFO] Época 17/30, Batch 3000/3348, Loss: 0.0546
2025-10-09 17:57:58,799 [INFO] Época 17/30, Batch 3050/3348, Loss: 0.0450
2025-10-09 17:57:59,063 [INFO] Época 17/30, Batch 3100/3348, Loss: 0.0537
2025-10-09 17:57:59,330 [INFO] Época 17/30, Batch 3150/3348, Loss: 0.0425
2025-10-09 17:57:59,594 [INFO] Época 17/30, Batch 3200/3348, Loss: 0.0482
2025-10-09 17:57:59,860 [INFO] Época 17/30, Batch 3250/3348, Loss: 0.0335
2025-10-09 17:58:00,125 [INFO] Época 17/30, Batch 3300/3348, Loss: 0.0453
2025-10-09 17:58:02,049 [INFO] [17/30] Train Loss: 0.0537 | Val Loss: 0.0886 | Tempo: 19.46s
2025-10-09 17:58:02,649 [INFO] Época 18/30, Batch 50/3348, Loss: 0.0453
2025-10-09 17:58:02,922 [INFO] Época 18/30, Batch 100/3348, Loss: 0.0428
2025-10-09 17:58:03,193 [INFO] Época 18/30, Batch 150/3348, Loss: 0.0787
2025-10-09 17:58:03,462 [INFO] Época 18/30, Batch 200/3348, Loss: 0.0474
2025-10-09 17:58:03,731 [INFO] Época 18/30, Batch 250/3348, Loss: 0.0482
2025-10-09 17:58:04,000 [INFO] Época 18/30, Batch 300/3348, Loss: 0.0566
2025-10-09 17:58:04,267 [INFO] Época 18/30, Batch 350/3348, Loss: 0.0501
2025-10-09 17:58:04,533 [INFO] Época 18/30, Batch 400/3348, Loss: 0.0458
2025-10-09 17:58:04,799 [INFO] Época 18/30, Batch 450/3348, Loss: 0.0453
2025-10-09 17:58:05,062 [INFO] Época 18/30, Batch 500/3348, Loss: 0.0414
2025-10-09 17:58:05,327 [INFO] Época 18/30, Batch 550/3348, Loss: 0.0547
2025-10-09 17:58:05,590 [INFO] Época 18/30, Batch 600/3348, Loss: 0.0473
2025-10-09 17:58:05,856 [INFO] Época 18/30, Batch 650/3348, Loss: 0.0399
2025-10-09 17:58:06,118 [INFO] Época 18/30, Batch 700/3348, Loss: 0.0428
2025-10-09 17:58:06,380 [INFO] Época 18/30, Batch 750/3348, Loss: 0.0621
2025-10-09 17:58:06,648 [INFO] Época 18/30, Batch 800/3348, Loss: 0.0535
2025-10-09 17:58:06,916 [INFO] Época 18/30, Batch 850/3348, Loss: 0.0495
2025-10-09 17:58:07,181 [INFO] Época 18/30, Batch 900/3348, Loss: 0.2876
2025-10-09 17:58:07,444 [INFO] Época 18/30, Batch 950/3348, Loss: 0.0426
2025-10-09 17:58:07,702 [INFO] Época 18/30, Batch 1000/3348, Loss: 0.0470
2025-10-09 17:58:07,960 [INFO] Época 18/30, Batch 1050/3348, Loss: 0.0554
2025-10-09 17:58:08,217 [INFO] Época 18/30, Batch 1100/3348, Loss: 0.0384
2025-10-09 17:58:08,476 [INFO] Época 18/30, Batch 1150/3348, Loss: 0.0412
2025-10-09 17:58:08,736 [INFO] Época 18/30, Batch 1200/3348, Loss: 0.1206
2025-10-09 17:58:08,997 [INFO] Época 18/30, Batch 1250/3348, Loss: 0.0776
2025-10-09 17:58:09,261 [INFO] Época 18/30, Batch 1300/3348, Loss: 0.0459
2025-10-09 17:58:09,525 [INFO] Época 18/30, Batch 1350/3348, Loss: 0.0509
2025-10-09 17:58:09,788 [INFO] Época 18/30, Batch 1400/3348, Loss: 0.0523
2025-10-09 17:58:10,049 [INFO] Época 18/30, Batch 1450/3348, Loss: 0.0429
2025-10-09 17:58:10,313 [INFO] Época 18/30, Batch 1500/3348, Loss: 0.0527
2025-10-09 17:58:10,578 [INFO] Época 18/30, Batch 1550/3348, Loss: 0.0487
2025-10-09 17:58:10,843 [INFO] Época 18/30, Batch 1600/3348, Loss: 0.0621
2025-10-09 17:58:11,108 [INFO] Época 18/30, Batch 1650/3348, Loss: 0.0491
2025-10-09 17:58:11,376 [INFO] Época 18/30, Batch 1700/3348, Loss: 0.0424
2025-10-09 17:58:11,644 [INFO] Época 18/30, Batch 1750/3348, Loss: 0.0665
2025-10-09 17:58:11,912 [INFO] Época 18/30, Batch 1800/3348, Loss: 0.0440
2025-10-09 17:58:12,174 [INFO] Época 18/30, Batch 1850/3348, Loss: 0.0477
2025-10-09 17:58:12,441 [INFO] Época 18/30, Batch 1900/3348, Loss: 0.0575
2025-10-09 17:58:12,707 [INFO] Época 18/30, Batch 1950/3348, Loss: 0.0535
2025-10-09 17:58:12,973 [INFO] Época 18/30, Batch 2000/3348, Loss: 0.0522
2025-10-09 17:58:13,235 [INFO] Época 18/30, Batch 2050/3348, Loss: 0.0514
2025-10-09 17:58:13,500 [INFO] Época 18/30, Batch 2100/3348, Loss: 0.0376
2025-10-09 17:58:13,765 [INFO] Época 18/30, Batch 2150/3348, Loss: 0.0431
2025-10-09 17:58:14,031 [INFO] Época 18/30, Batch 2200/3348, Loss: 0.0581
2025-10-09 17:58:14,298 [INFO] Época 18/30, Batch 2250/3348, Loss: 0.0439
2025-10-09 17:58:14,564 [INFO] Época 18/30, Batch 2300/3348, Loss: 0.0571
2025-10-09 17:58:14,830 [INFO] Época 18/30, Batch 2350/3348, Loss: 0.0682
2025-10-09 17:58:15,101 [INFO] Época 18/30, Batch 2400/3348, Loss: 0.0533
2025-10-09 17:58:15,372 [INFO] Época 18/30, Batch 2450/3348, Loss: 0.0499
2025-10-09 17:58:15,646 [INFO] Época 18/30, Batch 2500/3348, Loss: 0.0497
2025-10-09 17:58:15,917 [INFO] Época 18/30, Batch 2550/3348, Loss: 0.0513
2025-10-09 17:58:16,191 [INFO] Época 18/30, Batch 2600/3348, Loss: 0.0330
2025-10-09 17:58:16,462 [INFO] Época 18/30, Batch 2650/3348, Loss: 0.0543
2025-10-09 17:58:16,733 [INFO] Época 18/30, Batch 2700/3348, Loss: 0.0531
2025-10-09 17:58:17,003 [INFO] Época 18/30, Batch 2750/3348, Loss: 0.0386
2025-10-09 17:58:17,273 [INFO] Época 18/30, Batch 2800/3348, Loss: 0.0728
2025-10-09 17:58:17,545 [INFO] Época 18/30, Batch 2850/3348, Loss: 0.0444
2025-10-09 17:58:17,818 [INFO] Época 18/30, Batch 2900/3348, Loss: 0.0444
2025-10-09 17:58:18,093 [INFO] Época 18/30, Batch 2950/3348, Loss: 0.0380
2025-10-09 17:58:18,357 [INFO] Época 18/30, Batch 3000/3348, Loss: 0.0533
2025-10-09 17:58:18,618 [INFO] Época 18/30, Batch 3050/3348, Loss: 0.0690
2025-10-09 17:58:18,888 [INFO] Época 18/30, Batch 3100/3348, Loss: 0.0441
2025-10-09 17:58:19,152 [INFO] Época 18/30, Batch 3150/3348, Loss: 0.0427
2025-10-09 17:58:19,417 [INFO] Época 18/30, Batch 3200/3348, Loss: 0.0393
2025-10-09 17:58:19,681 [INFO] Época 18/30, Batch 3250/3348, Loss: 0.0443
2025-10-09 17:58:19,951 [INFO] Época 18/30, Batch 3300/3348, Loss: 0.0601
2025-10-09 17:58:21,822 [INFO] [18/30] Train Loss: 0.0530 | Val Loss: 0.0799 | Tempo: 19.77s
2025-10-09 17:58:21,828 [INFO] Melhor modelo salvo em: /mnt/hdd/home/jdurao/ToolBox-ChemXAI/models/mlp_qm9_Pattern_att1_large.pth
2025-10-09 17:58:22,424 [INFO] Época 19/30, Batch 50/3348, Loss: 0.0583
2025-10-09 17:58:22,694 [INFO] Época 19/30, Batch 100/3348, Loss: 0.0375
2025-10-09 17:58:22,959 [INFO] Época 19/30, Batch 150/3348, Loss: 0.0442
2025-10-09 17:58:23,225 [INFO] Época 19/30, Batch 200/3348, Loss: 0.0464
2025-10-09 17:58:23,488 [INFO] Época 19/30, Batch 250/3348, Loss: 0.0390
2025-10-09 17:58:23,753 [INFO] Época 19/30, Batch 300/3348, Loss: 0.0493
2025-10-09 17:58:24,011 [INFO] Época 19/30, Batch 350/3348, Loss: 0.0323
2025-10-09 17:58:24,266 [INFO] Época 19/30, Batch 400/3348, Loss: 0.0414
2025-10-09 17:58:24,524 [INFO] Época 19/30, Batch 450/3348, Loss: 0.0578
2025-10-09 17:58:24,785 [INFO] Época 19/30, Batch 500/3348, Loss: 0.0536
2025-10-09 17:58:25,044 [INFO] Época 19/30, Batch 550/3348, Loss: 0.0499
2025-10-09 17:58:25,288 [INFO] Época 19/30, Batch 600/3348, Loss: 0.0559
2025-10-09 17:58:25,532 [INFO] Época 19/30, Batch 650/3348, Loss: 0.0521
2025-10-09 17:58:25,772 [INFO] Época 19/30, Batch 700/3348, Loss: 0.0386
2025-10-09 17:58:26,009 [INFO] Época 19/30, Batch 750/3348, Loss: 0.0514
2025-10-09 17:58:26,247 [INFO] Época 19/30, Batch 800/3348, Loss: 0.0443
2025-10-09 17:58:26,484 [INFO] Época 19/30, Batch 850/3348, Loss: 0.0403
2025-10-09 17:58:26,722 [INFO] Época 19/30, Batch 900/3348, Loss: 0.0576
2025-10-09 17:58:26,958 [INFO] Época 19/30, Batch 950/3348, Loss: 0.0521
2025-10-09 17:58:27,195 [INFO] Época 19/30, Batch 1000/3348, Loss: 0.0410
2025-10-09 17:58:27,432 [INFO] Época 19/30, Batch 1050/3348, Loss: 0.0464
2025-10-09 17:58:27,670 [INFO] Época 19/30, Batch 1100/3348, Loss: 0.0451
2025-10-09 17:58:27,906 [INFO] Época 19/30, Batch 1150/3348, Loss: 0.0505
2025-10-09 17:58:28,144 [INFO] Época 19/30, Batch 1200/3348, Loss: 0.0634
2025-10-09 17:58:28,380 [INFO] Época 19/30, Batch 1250/3348, Loss: 0.0699
2025-10-09 17:58:28,618 [INFO] Época 19/30, Batch 1300/3348, Loss: 0.0554
2025-10-09 17:58:28,876 [INFO] Época 19/30, Batch 1350/3348, Loss: 0.0402
2025-10-09 17:58:29,140 [INFO] Época 19/30, Batch 1400/3348, Loss: 0.0549
2025-10-09 17:58:29,406 [INFO] Época 19/30, Batch 1450/3348, Loss: 0.0491
2025-10-09 17:58:29,674 [INFO] Época 19/30, Batch 1500/3348, Loss: 0.0430
2025-10-09 17:58:29,941 [INFO] Época 19/30, Batch 1550/3348, Loss: 0.0432
2025-10-09 17:58:30,212 [INFO] Época 19/30, Batch 1600/3348, Loss: 0.0529
2025-10-09 17:58:30,478 [INFO] Época 19/30, Batch 1650/3348, Loss: 0.0361
2025-10-09 17:58:30,740 [INFO] Época 19/30, Batch 1700/3348, Loss: 0.0515
2025-10-09 17:58:31,003 [INFO] Época 19/30, Batch 1750/3348, Loss: 0.0617
2025-10-09 17:58:31,265 [INFO] Época 19/30, Batch 1800/3348, Loss: 0.0546
2025-10-09 17:58:31,527 [INFO] Época 19/30, Batch 1850/3348, Loss: 0.0722
2025-10-09 17:58:31,790 [INFO] Época 19/30, Batch 1900/3348, Loss: 0.0526
2025-10-09 17:58:32,053 [INFO] Época 19/30, Batch 1950/3348, Loss: 0.0423
2025-10-09 17:58:32,318 [INFO] Época 19/30, Batch 2000/3348, Loss: 0.0410
2025-10-09 17:58:32,581 [INFO] Época 19/30, Batch 2050/3348, Loss: 0.0518
2025-10-09 17:58:32,846 [INFO] Época 19/30, Batch 2100/3348, Loss: 0.0429
2025-10-09 17:58:33,109 [INFO] Época 19/30, Batch 2150/3348, Loss: 0.0364
2025-10-09 17:58:33,375 [INFO] Época 19/30, Batch 2200/3348, Loss: 0.0429
2025-10-09 17:58:33,637 [INFO] Época 19/30, Batch 2250/3348, Loss: 0.0587
2025-10-09 17:58:33,899 [INFO] Época 19/30, Batch 2300/3348, Loss: 0.0482
2025-10-09 17:58:34,165 [INFO] Época 19/30, Batch 2350/3348, Loss: 0.0613
2025-10-09 17:58:34,428 [INFO] Época 19/30, Batch 2400/3348, Loss: 0.0390
2025-10-09 17:58:34,691 [INFO] Época 19/30, Batch 2450/3348, Loss: 0.0420
2025-10-09 17:58:34,953 [INFO] Época 19/30, Batch 2500/3348, Loss: 0.0533
2025-10-09 17:58:35,216 [INFO] Época 19/30, Batch 2550/3348, Loss: 0.0502
2025-10-09 17:58:35,479 [INFO] Época 19/30, Batch 2600/3348, Loss: 0.0443
2025-10-09 17:58:35,743 [INFO] Época 19/30, Batch 2650/3348, Loss: 0.0537
2025-10-09 17:58:36,010 [INFO] Época 19/30, Batch 2700/3348, Loss: 0.0390
2025-10-09 17:58:36,273 [INFO] Época 19/30, Batch 2750/3348, Loss: 0.0574
2025-10-09 17:58:36,537 [INFO] Época 19/30, Batch 2800/3348, Loss: 0.0588
2025-10-09 17:58:36,800 [INFO] Época 19/30, Batch 2850/3348, Loss: 0.0427
2025-10-09 17:58:37,065 [INFO] Época 19/30, Batch 2900/3348, Loss: 0.0727
2025-10-09 17:58:37,330 [INFO] Época 19/30, Batch 2950/3348, Loss: 0.0511
2025-10-09 17:58:37,594 [INFO] Época 19/30, Batch 3000/3348, Loss: 0.0512
2025-10-09 17:58:37,857 [INFO] Época 19/30, Batch 3050/3348, Loss: 0.0475
2025-10-09 17:58:38,121 [INFO] Época 19/30, Batch 3100/3348, Loss: 0.0430
2025-10-09 17:58:38,386 [INFO] Época 19/30, Batch 3150/3348, Loss: 0.0647
2025-10-09 17:58:38,648 [INFO] Época 19/30, Batch 3200/3348, Loss: 0.0511
2025-10-09 17:58:38,912 [INFO] Época 19/30, Batch 3250/3348, Loss: 0.0470
2025-10-09 17:58:39,176 [INFO] Época 19/30, Batch 3300/3348, Loss: 0.0668
2025-10-09 17:58:41,060 [INFO] [19/30] Train Loss: 0.0505 | Val Loss: 0.0897 | Tempo: 19.23s
2025-10-09 17:58:41,665 [INFO] Época 20/30, Batch 50/3348, Loss: 0.0394
2025-10-09 17:58:41,938 [INFO] Época 20/30, Batch 100/3348, Loss: 0.0420
2025-10-09 17:58:42,206 [INFO] Época 20/30, Batch 150/3348, Loss: 0.0551
2025-10-09 17:58:42,476 [INFO] Época 20/30, Batch 200/3348, Loss: 0.0651
2025-10-09 17:58:42,745 [INFO] Época 20/30, Batch 250/3348, Loss: 0.0470
2025-10-09 17:58:43,013 [INFO] Época 20/30, Batch 300/3348, Loss: 0.0631
2025-10-09 17:58:43,284 [INFO] Época 20/30, Batch 350/3348, Loss: 0.0412
2025-10-09 17:58:43,549 [INFO] Época 20/30, Batch 400/3348, Loss: 0.0592
2025-10-09 17:58:43,810 [INFO] Época 20/30, Batch 450/3348, Loss: 0.0346
2025-10-09 17:58:44,071 [INFO] Época 20/30, Batch 500/3348, Loss: 0.0374
2025-10-09 17:58:44,332 [INFO] Época 20/30, Batch 550/3348, Loss: 0.0394
2025-10-09 17:58:44,599 [INFO] Época 20/30, Batch 600/3348, Loss: 0.0486
2025-10-09 17:58:44,863 [INFO] Época 20/30, Batch 650/3348, Loss: 0.0641
2025-10-09 17:58:45,130 [INFO] Época 20/30, Batch 700/3348, Loss: 0.0562
2025-10-09 17:58:45,393 [INFO] Época 20/30, Batch 750/3348, Loss: 0.0563
2025-10-09 17:58:45,656 [INFO] Época 20/30, Batch 800/3348, Loss: 0.0328
2025-10-09 17:58:45,921 [INFO] Época 20/30, Batch 850/3348, Loss: 0.0466
2025-10-09 17:58:46,181 [INFO] Época 20/30, Batch 900/3348, Loss: 0.0533
2025-10-09 17:58:46,440 [INFO] Época 20/30, Batch 950/3348, Loss: 0.0474
2025-10-09 17:58:46,700 [INFO] Época 20/30, Batch 1000/3348, Loss: 0.0480
2025-10-09 17:58:46,960 [INFO] Época 20/30, Batch 1050/3348, Loss: 0.0498
2025-10-09 17:58:47,218 [INFO] Época 20/30, Batch 1100/3348, Loss: 0.0438
2025-10-09 17:58:47,479 [INFO] Época 20/30, Batch 1150/3348, Loss: 0.0446
2025-10-09 17:58:47,742 [INFO] Época 20/30, Batch 1200/3348, Loss: 0.0382
2025-10-09 17:58:48,012 [INFO] Época 20/30, Batch 1250/3348, Loss: 0.0594
2025-10-09 17:58:48,283 [INFO] Época 20/30, Batch 1300/3348, Loss: 0.0590
2025-10-09 17:58:48,552 [INFO] Época 20/30, Batch 1350/3348, Loss: 0.0444
2025-10-09 17:58:48,825 [INFO] Época 20/30, Batch 1400/3348, Loss: 0.0710
2025-10-09 17:58:49,096 [INFO] Época 20/30, Batch 1450/3348, Loss: 0.0361
2025-10-09 17:58:49,364 [INFO] Época 20/30, Batch 1500/3348, Loss: 0.0392
2025-10-09 17:58:49,625 [INFO] Época 20/30, Batch 1550/3348, Loss: 0.0547
2025-10-09 17:58:49,896 [INFO] Época 20/30, Batch 1600/3348, Loss: 0.0541
2025-10-09 17:58:50,171 [INFO] Época 20/30, Batch 1650/3348, Loss: 0.0468
2025-10-09 17:58:50,443 [INFO] Época 20/30, Batch 1700/3348, Loss: 0.0527
2025-10-09 17:58:50,708 [INFO] Época 20/30, Batch 1750/3348, Loss: 0.0476
2025-10-09 17:58:50,972 [INFO] Época 20/30, Batch 1800/3348, Loss: 0.0434
2025-10-09 17:58:51,233 [INFO] Época 20/30, Batch 1850/3348, Loss: 0.0400
2025-10-09 17:58:51,507 [INFO] Época 20/30, Batch 1900/3348, Loss: 0.0416
2025-10-09 17:58:51,775 [INFO] Época 20/30, Batch 1950/3348, Loss: 0.0379
2025-10-09 17:58:52,038 [INFO] Época 20/30, Batch 2000/3348, Loss: 0.0476
2025-10-09 17:58:52,311 [INFO] Época 20/30, Batch 2050/3348, Loss: 0.0453
2025-10-09 17:58:52,585 [INFO] Época 20/30, Batch 2100/3348, Loss: 0.0435
2025-10-09 17:58:52,857 [INFO] Época 20/30, Batch 2150/3348, Loss: 0.0489
2025-10-09 17:58:53,129 [INFO] Época 20/30, Batch 2200/3348, Loss: 0.0457
2025-10-09 17:58:53,399 [INFO] Época 20/30, Batch 2250/3348, Loss: 0.0379
2025-10-09 17:58:53,672 [INFO] Época 20/30, Batch 2300/3348, Loss: 0.0451
2025-10-09 17:58:53,941 [INFO] Época 20/30, Batch 2350/3348, Loss: 0.0468
2025-10-09 17:58:54,221 [INFO] Época 20/30, Batch 2400/3348, Loss: 0.0496
2025-10-09 17:58:54,499 [INFO] Época 20/30, Batch 2450/3348, Loss: 0.0541
2025-10-09 17:58:54,772 [INFO] Época 20/30, Batch 2500/3348, Loss: 0.0688
2025-10-09 17:58:55,043 [INFO] Época 20/30, Batch 2550/3348, Loss: 0.0436
2025-10-09 17:58:55,317 [INFO] Época 20/30, Batch 2600/3348, Loss: 0.0317
2025-10-09 17:58:55,589 [INFO] Época 20/30, Batch 2650/3348, Loss: 0.0416
2025-10-09 17:58:55,859 [INFO] Época 20/30, Batch 2700/3348, Loss: 0.0553
2025-10-09 17:58:56,131 [INFO] Época 20/30, Batch 2750/3348, Loss: 0.0432
2025-10-09 17:58:56,403 [INFO] Época 20/30, Batch 2800/3348, Loss: 0.0451
2025-10-09 17:58:56,675 [INFO] Época 20/30, Batch 2850/3348, Loss: 0.0522
2025-10-09 17:58:56,946 [INFO] Época 20/30, Batch 2900/3348, Loss: 0.0771
2025-10-09 17:58:57,218 [INFO] Época 20/30, Batch 2950/3348, Loss: 0.0574
2025-10-09 17:58:57,492 [INFO] Época 20/30, Batch 3000/3348, Loss: 0.0505
2025-10-09 17:58:57,763 [INFO] Época 20/30, Batch 3050/3348, Loss: 0.0425
2025-10-09 17:58:58,034 [INFO] Época 20/30, Batch 3100/3348, Loss: 0.0332
2025-10-09 17:58:58,307 [INFO] Época 20/30, Batch 3150/3348, Loss: 0.0442
2025-10-09 17:58:58,577 [INFO] Época 20/30, Batch 3200/3348, Loss: 0.0399
2025-10-09 17:58:58,849 [INFO] Época 20/30, Batch 3250/3348, Loss: 0.0634
2025-10-09 17:58:59,121 [INFO] Época 20/30, Batch 3300/3348, Loss: 0.0703
2025-10-09 17:59:00,923 [INFO] [20/30] Train Loss: 0.0513 | Val Loss: 0.0848 | Tempo: 19.86s
2025-10-09 17:59:01,525 [INFO] Época 21/30, Batch 50/3348, Loss: 0.0437
2025-10-09 17:59:01,796 [INFO] Época 21/30, Batch 100/3348, Loss: 0.0644
2025-10-09 17:59:02,062 [INFO] Época 21/30, Batch 150/3348, Loss: 0.0422
2025-10-09 17:59:02,328 [INFO] Época 21/30, Batch 200/3348, Loss: 0.0538
2025-10-09 17:59:02,579 [INFO] Época 21/30, Batch 250/3348, Loss: 0.0774
2025-10-09 17:59:02,824 [INFO] Época 21/30, Batch 300/3348, Loss: 0.0420
2025-10-09 17:59:03,070 [INFO] Época 21/30, Batch 350/3348, Loss: 0.0581
2025-10-09 17:59:03,318 [INFO] Época 21/30, Batch 400/3348, Loss: 0.0482
2025-10-09 17:59:03,563 [INFO] Época 21/30, Batch 450/3348, Loss: 0.0331
2025-10-09 17:59:03,805 [INFO] Época 21/30, Batch 500/3348, Loss: 0.0528
2025-10-09 17:59:04,048 [INFO] Época 21/30, Batch 550/3348, Loss: 0.0556
2025-10-09 17:59:04,291 [INFO] Época 21/30, Batch 600/3348, Loss: 0.0413
2025-10-09 17:59:04,531 [INFO] Época 21/30, Batch 650/3348, Loss: 0.0356
2025-10-09 17:59:04,771 [INFO] Época 21/30, Batch 700/3348, Loss: 0.0531
2025-10-09 17:59:05,009 [INFO] Época 21/30, Batch 750/3348, Loss: 0.0467
2025-10-09 17:59:05,249 [INFO] Época 21/30, Batch 800/3348, Loss: 0.0387
2025-10-09 17:59:05,488 [INFO] Época 21/30, Batch 850/3348, Loss: 0.0613
2025-10-09 17:59:05,728 [INFO] Época 21/30, Batch 900/3348, Loss: 0.0453
2025-10-09 17:59:05,958 [INFO] Época 21/30, Batch 950/3348, Loss: 0.0378
2025-10-09 17:59:06,198 [INFO] Época 21/30, Batch 1000/3348, Loss: 0.0364
2025-10-09 17:59:06,443 [INFO] Época 21/30, Batch 1050/3348, Loss: 0.0342
2025-10-09 17:59:06,691 [INFO] Época 21/30, Batch 1100/3348, Loss: 0.0331
2025-10-09 17:59:06,941 [INFO] Época 21/30, Batch 1150/3348, Loss: 0.0493
2025-10-09 17:59:07,190 [INFO] Época 21/30, Batch 1200/3348, Loss: 0.0472
2025-10-09 17:59:07,435 [INFO] Época 21/30, Batch 1250/3348, Loss: 0.0362
2025-10-09 17:59:07,683 [INFO] Época 21/30, Batch 1300/3348, Loss: 0.1154
2025-10-09 17:59:07,942 [INFO] Época 21/30, Batch 1350/3348, Loss: 0.0624
2025-10-09 17:59:08,204 [INFO] Época 21/30, Batch 1400/3348, Loss: 0.0370
2025-10-09 17:59:08,463 [INFO] Época 21/30, Batch 1450/3348, Loss: 0.0574
2025-10-09 17:59:08,726 [INFO] Época 21/30, Batch 1500/3348, Loss: 0.0440
2025-10-09 17:59:08,984 [INFO] Época 21/30, Batch 1550/3348, Loss: 0.0350
2025-10-09 17:59:09,243 [INFO] Época 21/30, Batch 1600/3348, Loss: 0.0503
2025-10-09 17:59:09,503 [INFO] Época 21/30, Batch 1650/3348, Loss: 0.0479
2025-10-09 17:59:09,762 [INFO] Época 21/30, Batch 1700/3348, Loss: 0.0596
2025-10-09 17:59:10,021 [INFO] Época 21/30, Batch 1750/3348, Loss: 0.0498
2025-10-09 17:59:10,281 [INFO] Época 21/30, Batch 1800/3348, Loss: 0.0323
2025-10-09 17:59:10,540 [INFO] Época 21/30, Batch 1850/3348, Loss: 0.0775
2025-10-09 17:59:10,808 [INFO] Época 21/30, Batch 1900/3348, Loss: 0.0717
2025-10-09 17:59:11,074 [INFO] Época 21/30, Batch 1950/3348, Loss: 0.0369
2025-10-09 17:59:11,340 [INFO] Época 21/30, Batch 2000/3348, Loss: 0.0486
2025-10-09 17:59:11,605 [INFO] Época 21/30, Batch 2050/3348, Loss: 0.0443
2025-10-09 17:59:11,868 [INFO] Época 21/30, Batch 2100/3348, Loss: 0.0477
2025-10-09 17:59:12,134 [INFO] Época 21/30, Batch 2150/3348, Loss: 0.0469
2025-10-09 17:59:12,399 [INFO] Época 21/30, Batch 2200/3348, Loss: 0.0520
2025-10-09 17:59:12,665 [INFO] Época 21/30, Batch 2250/3348, Loss: 0.0464
2025-10-09 17:59:12,930 [INFO] Época 21/30, Batch 2300/3348, Loss: 0.0618
2025-10-09 17:59:13,196 [INFO] Época 21/30, Batch 2350/3348, Loss: 0.0479
2025-10-09 17:59:13,461 [INFO] Época 21/30, Batch 2400/3348, Loss: 0.0435
2025-10-09 17:59:13,724 [INFO] Época 21/30, Batch 2450/3348, Loss: 0.0475
2025-10-09 17:59:13,989 [INFO] Época 21/30, Batch 2500/3348, Loss: 0.0425
2025-10-09 17:59:14,256 [INFO] Época 21/30, Batch 2550/3348, Loss: 0.0510
2025-10-09 17:59:14,520 [INFO] Época 21/30, Batch 2600/3348, Loss: 0.0498
2025-10-09 17:59:14,786 [INFO] Época 21/30, Batch 2650/3348, Loss: 0.0581
2025-10-09 17:59:15,051 [INFO] Época 21/30, Batch 2700/3348, Loss: 0.0385
2025-10-09 17:59:15,316 [INFO] Época 21/30, Batch 2750/3348, Loss: 0.1772
2025-10-09 17:59:15,579 [INFO] Época 21/30, Batch 2800/3348, Loss: 0.0418
2025-10-09 17:59:15,843 [INFO] Época 21/30, Batch 2850/3348, Loss: 0.0461
2025-10-09 17:59:16,118 [INFO] Época 21/30, Batch 2900/3348, Loss: 0.0558
2025-10-09 17:59:16,396 [INFO] Época 21/30, Batch 2950/3348, Loss: 0.0455
2025-10-09 17:59:16,675 [INFO] Época 21/30, Batch 3000/3348, Loss: 0.0436
2025-10-09 17:59:16,941 [INFO] Época 21/30, Batch 3050/3348, Loss: 0.0486
2025-10-09 17:59:17,204 [INFO] Época 21/30, Batch 3100/3348, Loss: 0.0462
2025-10-09 17:59:17,467 [INFO] Época 21/30, Batch 3150/3348, Loss: 0.0522
2025-10-09 17:59:17,730 [INFO] Época 21/30, Batch 3200/3348, Loss: 0.0581
2025-10-09 17:59:17,992 [INFO] Época 21/30, Batch 3250/3348, Loss: 0.0462
2025-10-09 17:59:18,257 [INFO] Época 21/30, Batch 3300/3348, Loss: 0.0546
2025-10-09 17:59:20,142 [INFO] [21/30] Train Loss: 0.0510 | Val Loss: 0.0850 | Tempo: 19.22s
2025-10-09 17:59:20,743 [INFO] Época 22/30, Batch 50/3348, Loss: 0.0486
2025-10-09 17:59:21,010 [INFO] Época 22/30, Batch 100/3348, Loss: 0.0393
2025-10-09 17:59:21,274 [INFO] Época 22/30, Batch 150/3348, Loss: 0.0440
2025-10-09 17:59:21,538 [INFO] Época 22/30, Batch 200/3348, Loss: 0.0436
2025-10-09 17:59:21,800 [INFO] Época 22/30, Batch 250/3348, Loss: 0.0411
2025-10-09 17:59:22,063 [INFO] Época 22/30, Batch 300/3348, Loss: 0.0352
2025-10-09 17:59:22,324 [INFO] Época 22/30, Batch 350/3348, Loss: 0.0409
2025-10-09 17:59:22,584 [INFO] Época 22/30, Batch 400/3348, Loss: 0.0330
2025-10-09 17:59:22,849 [INFO] Época 22/30, Batch 450/3348, Loss: 0.0621
2025-10-09 17:59:23,111 [INFO] Época 22/30, Batch 500/3348, Loss: 0.0460
2025-10-09 17:59:23,373 [INFO] Época 22/30, Batch 550/3348, Loss: 0.0305
2025-10-09 17:59:23,633 [INFO] Época 22/30, Batch 600/3348, Loss: 0.0676
2025-10-09 17:59:23,894 [INFO] Época 22/30, Batch 650/3348, Loss: 0.0452
2025-10-09 17:59:24,157 [INFO] Época 22/30, Batch 700/3348, Loss: 0.0580
2025-10-09 17:59:24,417 [INFO] Época 22/30, Batch 750/3348, Loss: 0.0492
2025-10-09 17:59:24,676 [INFO] Época 22/30, Batch 800/3348, Loss: 0.0327
2025-10-09 17:59:24,937 [INFO] Época 22/30, Batch 850/3348, Loss: 0.0396
2025-10-09 17:59:25,200 [INFO] Época 22/30, Batch 900/3348, Loss: 0.0463
2025-10-09 17:59:25,461 [INFO] Época 22/30, Batch 950/3348, Loss: 0.0539
2025-10-09 17:59:25,728 [INFO] Época 22/30, Batch 1000/3348, Loss: 0.0581
2025-10-09 17:59:25,988 [INFO] Época 22/30, Batch 1050/3348, Loss: 0.0422
2025-10-09 17:59:26,250 [INFO] Época 22/30, Batch 1100/3348, Loss: 0.0421
2025-10-09 17:59:26,512 [INFO] Época 22/30, Batch 1150/3348, Loss: 0.0506
2025-10-09 17:59:26,775 [INFO] Época 22/30, Batch 1200/3348, Loss: 0.0400
2025-10-09 17:59:27,039 [INFO] Época 22/30, Batch 1250/3348, Loss: 0.0388
2025-10-09 17:59:27,304 [INFO] Época 22/30, Batch 1300/3348, Loss: 0.0427
2025-10-09 17:59:27,568 [INFO] Época 22/30, Batch 1350/3348, Loss: 0.0401
2025-10-09 17:59:27,829 [INFO] Época 22/30, Batch 1400/3348, Loss: 0.0385
2025-10-09 17:59:28,092 [INFO] Época 22/30, Batch 1450/3348, Loss: 0.0408
2025-10-09 17:59:28,355 [INFO] Época 22/30, Batch 1500/3348, Loss: 0.0416
2025-10-09 17:59:28,617 [INFO] Época 22/30, Batch 1550/3348, Loss: 0.0470
2025-10-09 17:59:28,878 [INFO] Época 22/30, Batch 1600/3348, Loss: 0.0461
2025-10-09 17:59:29,141 [INFO] Época 22/30, Batch 1650/3348, Loss: 0.0425
2025-10-09 17:59:29,406 [INFO] Época 22/30, Batch 1700/3348, Loss: 0.0415
2025-10-09 17:59:29,665 [INFO] Época 22/30, Batch 1750/3348, Loss: 0.0369
2025-10-09 17:59:29,927 [INFO] Época 22/30, Batch 1800/3348, Loss: 0.0446
2025-10-09 17:59:30,189 [INFO] Época 22/30, Batch 1850/3348, Loss: 0.0615
2025-10-09 17:59:30,449 [INFO] Época 22/30, Batch 1900/3348, Loss: 0.0357
2025-10-09 17:59:30,713 [INFO] Época 22/30, Batch 1950/3348, Loss: 0.0371
2025-10-09 17:59:30,974 [INFO] Época 22/30, Batch 2000/3348, Loss: 0.0352
2025-10-09 17:59:31,236 [INFO] Época 22/30, Batch 2050/3348, Loss: 0.0421
2025-10-09 17:59:31,500 [INFO] Época 22/30, Batch 2100/3348, Loss: 0.0469
2025-10-09 17:59:31,762 [INFO] Época 22/30, Batch 2150/3348, Loss: 0.0528
2025-10-09 17:59:32,024 [INFO] Época 22/30, Batch 2200/3348, Loss: 0.0444
2025-10-09 17:59:32,285 [INFO] Época 22/30, Batch 2250/3348, Loss: 0.0512
2025-10-09 17:59:32,546 [INFO] Época 22/30, Batch 2300/3348, Loss: 0.0697
2025-10-09 17:59:32,807 [INFO] Época 22/30, Batch 2350/3348, Loss: 0.0526
2025-10-09 17:59:33,068 [INFO] Época 22/30, Batch 2400/3348, Loss: 0.0564
2025-10-09 17:59:33,329 [INFO] Época 22/30, Batch 2450/3348, Loss: 0.0514
2025-10-09 17:59:33,591 [INFO] Época 22/30, Batch 2500/3348, Loss: 0.0408
2025-10-09 17:59:33,850 [INFO] Época 22/30, Batch 2550/3348, Loss: 0.0426
2025-10-09 17:59:34,111 [INFO] Época 22/30, Batch 2600/3348, Loss: 0.0559
2025-10-09 17:59:34,370 [INFO] Época 22/30, Batch 2650/3348, Loss: 0.0549
2025-10-09 17:59:34,634 [INFO] Época 22/30, Batch 2700/3348, Loss: 0.0388
2025-10-09 17:59:34,902 [INFO] Época 22/30, Batch 2750/3348, Loss: 0.0541
2025-10-09 17:59:35,165 [INFO] Época 22/30, Batch 2800/3348, Loss: 0.0553
2025-10-09 17:59:35,430 [INFO] Época 22/30, Batch 2850/3348, Loss: 0.0429
2025-10-09 17:59:35,694 [INFO] Época 22/30, Batch 2900/3348, Loss: 0.0432
2025-10-09 17:59:35,958 [INFO] Época 22/30, Batch 2950/3348, Loss: 0.0586
2025-10-09 17:59:36,223 [INFO] Época 22/30, Batch 3000/3348, Loss: 0.0364
2025-10-09 17:59:36,485 [INFO] Época 22/30, Batch 3050/3348, Loss: 0.0502
2025-10-09 17:59:36,749 [INFO] Época 22/30, Batch 3100/3348, Loss: 0.0572
2025-10-09 17:59:37,015 [INFO] Época 22/30, Batch 3150/3348, Loss: 0.0280
2025-10-09 17:59:37,277 [INFO] Época 22/30, Batch 3200/3348, Loss: 0.0417
2025-10-09 17:59:37,542 [INFO] Época 22/30, Batch 3250/3348, Loss: 0.0434
2025-10-09 17:59:37,806 [INFO] Época 22/30, Batch 3300/3348, Loss: 0.0353
2025-10-09 17:59:39,675 [INFO] [22/30] Train Loss: 0.0507 | Val Loss: 0.0883 | Tempo: 19.53s
2025-10-09 17:59:40,269 [INFO] Época 23/30, Batch 50/3348, Loss: 0.0577
2025-10-09 17:59:40,519 [INFO] Época 23/30, Batch 100/3348, Loss: 0.0378
2025-10-09 17:59:40,765 [INFO] Época 23/30, Batch 150/3348, Loss: 0.0501
2025-10-09 17:59:41,012 [INFO] Época 23/30, Batch 200/3348, Loss: 0.0480
2025-10-09 17:59:41,257 [INFO] Época 23/30, Batch 250/3348, Loss: 0.0558
2025-10-09 17:59:41,503 [INFO] Época 23/30, Batch 300/3348, Loss: 0.0497
2025-10-09 17:59:41,746 [INFO] Época 23/30, Batch 350/3348, Loss: 0.0430
2025-10-09 17:59:41,989 [INFO] Época 23/30, Batch 400/3348, Loss: 0.0554
2025-10-09 17:59:42,233 [INFO] Época 23/30, Batch 450/3348, Loss: 0.0481
2025-10-09 17:59:42,478 [INFO] Época 23/30, Batch 500/3348, Loss: 0.0344
2025-10-09 17:59:42,720 [INFO] Época 23/30, Batch 550/3348, Loss: 0.0345
2025-10-09 17:59:42,965 [INFO] Época 23/30, Batch 600/3348, Loss: 0.0488
2025-10-09 17:59:43,210 [INFO] Época 23/30, Batch 650/3348, Loss: 0.0516
2025-10-09 17:59:43,459 [INFO] Época 23/30, Batch 700/3348, Loss: 0.0470
2025-10-09 17:59:43,719 [INFO] Época 23/30, Batch 750/3348, Loss: 0.0485
2025-10-09 17:59:43,984 [INFO] Época 23/30, Batch 800/3348, Loss: 0.0528
2025-10-09 17:59:44,251 [INFO] Época 23/30, Batch 850/3348, Loss: 0.0493
2025-10-09 17:59:44,516 [INFO] Época 23/30, Batch 900/3348, Loss: 0.0460
2025-10-09 17:59:44,781 [INFO] Época 23/30, Batch 950/3348, Loss: 0.0599
2025-10-09 17:59:45,047 [INFO] Época 23/30, Batch 1000/3348, Loss: 0.0547
2025-10-09 17:59:45,308 [INFO] Época 23/30, Batch 1050/3348, Loss: 0.0589
2025-10-09 17:59:45,569 [INFO] Época 23/30, Batch 1100/3348, Loss: 0.0587
2025-10-09 17:59:45,835 [INFO] Época 23/30, Batch 1150/3348, Loss: 0.0296
2025-10-09 17:59:46,111 [INFO] Época 23/30, Batch 1200/3348, Loss: 0.0461
2025-10-09 17:59:46,385 [INFO] Época 23/30, Batch 1250/3348, Loss: 0.0368
2025-10-09 17:59:46,658 [INFO] Época 23/30, Batch 1300/3348, Loss: 0.0498
2025-10-09 17:59:46,925 [INFO] Época 23/30, Batch 1350/3348, Loss: 0.0432
2025-10-09 17:59:47,196 [INFO] Época 23/30, Batch 1400/3348, Loss: 0.0396
2025-10-09 17:59:47,466 [INFO] Época 23/30, Batch 1450/3348, Loss: 0.0469
2025-10-09 17:59:47,738 [INFO] Época 23/30, Batch 1500/3348, Loss: 0.0414
2025-10-09 17:59:48,011 [INFO] Época 23/30, Batch 1550/3348, Loss: 0.0614
2025-10-09 17:59:48,281 [INFO] Época 23/30, Batch 1600/3348, Loss: 0.0478
2025-10-09 17:59:48,548 [INFO] Época 23/30, Batch 1650/3348, Loss: 0.0549
2025-10-09 17:59:48,815 [INFO] Época 23/30, Batch 1700/3348, Loss: 0.0430
2025-10-09 17:59:49,084 [INFO] Época 23/30, Batch 1750/3348, Loss: 0.0539
2025-10-09 17:59:49,351 [INFO] Época 23/30, Batch 1800/3348, Loss: 0.0568
2025-10-09 17:59:49,618 [INFO] Época 23/30, Batch 1850/3348, Loss: 0.0826
2025-10-09 17:59:49,885 [INFO] Época 23/30, Batch 1900/3348, Loss: 0.0512
2025-10-09 17:59:50,154 [INFO] Época 23/30, Batch 1950/3348, Loss: 0.0567
2025-10-09 17:59:50,424 [INFO] Época 23/30, Batch 2000/3348, Loss: 0.0413
2025-10-09 17:59:50,693 [INFO] Época 23/30, Batch 2050/3348, Loss: 0.0530
2025-10-09 17:59:50,960 [INFO] Época 23/30, Batch 2100/3348, Loss: 0.0313
2025-10-09 17:59:51,225 [INFO] Época 23/30, Batch 2150/3348, Loss: 0.0446
2025-10-09 17:59:51,490 [INFO] Época 23/30, Batch 2200/3348, Loss: 0.0543
2025-10-09 17:59:51,754 [INFO] Época 23/30, Batch 2250/3348, Loss: 0.0408
2025-10-09 17:59:52,013 [INFO] Época 23/30, Batch 2300/3348, Loss: 0.0433
2025-10-09 17:59:52,273 [INFO] Época 23/30, Batch 2350/3348, Loss: 0.0363
2025-10-09 17:59:52,535 [INFO] Época 23/30, Batch 2400/3348, Loss: 0.0447
2025-10-09 17:59:52,797 [INFO] Época 23/30, Batch 2450/3348, Loss: 0.0530
2025-10-09 17:59:53,058 [INFO] Época 23/30, Batch 2500/3348, Loss: 0.0589
2025-10-09 17:59:53,319 [INFO] Época 23/30, Batch 2550/3348, Loss: 0.0694
2025-10-09 17:59:53,580 [INFO] Época 23/30, Batch 2600/3348, Loss: 0.0415
2025-10-09 17:59:53,841 [INFO] Época 23/30, Batch 2650/3348, Loss: 0.0388
2025-10-09 17:59:54,099 [INFO] Época 23/30, Batch 2700/3348, Loss: 0.0494
2025-10-09 17:59:54,360 [INFO] Época 23/30, Batch 2750/3348, Loss: 0.0604
2025-10-09 17:59:54,618 [INFO] Época 23/30, Batch 2800/3348, Loss: 0.0358
2025-10-09 17:59:54,876 [INFO] Época 23/30, Batch 2850/3348, Loss: 0.0407
2025-10-09 17:59:55,136 [INFO] Época 23/30, Batch 2900/3348, Loss: 0.0570
2025-10-09 17:59:55,395 [INFO] Época 23/30, Batch 2950/3348, Loss: 0.0346
2025-10-09 17:59:55,654 [INFO] Época 23/30, Batch 3000/3348, Loss: 0.0478
2025-10-09 17:59:55,916 [INFO] Época 23/30, Batch 3050/3348, Loss: 0.0533
2025-10-09 17:59:56,178 [INFO] Época 23/30, Batch 3100/3348, Loss: 0.0490
2025-10-09 17:59:56,441 [INFO] Época 23/30, Batch 3150/3348, Loss: 0.0501
2025-10-09 17:59:56,703 [INFO] Época 23/30, Batch 3200/3348, Loss: 0.0462
2025-10-09 17:59:56,966 [INFO] Época 23/30, Batch 3250/3348, Loss: 0.0564
2025-10-09 17:59:57,228 [INFO] Época 23/30, Batch 3300/3348, Loss: 0.0415
2025-10-09 17:59:59,048 [INFO] [23/30] Train Loss: 0.0506 | Val Loss: 0.0778 | Tempo: 19.37s
2025-10-09 17:59:59,054 [INFO] Melhor modelo salvo em: /mnt/hdd/home/jdurao/ToolBox-ChemXAI/models/mlp_qm9_Pattern_att1_large.pth
2025-10-09 17:59:59,663 [INFO] Época 24/30, Batch 50/3348, Loss: 0.0392
2025-10-09 17:59:59,942 [INFO] Época 24/30, Batch 100/3348, Loss: 0.0460
2025-10-09 18:00:00,217 [INFO] Época 24/30, Batch 150/3348, Loss: 0.0441
2025-10-09 18:00:00,491 [INFO] Época 24/30, Batch 200/3348, Loss: 0.0424
2025-10-09 18:00:00,767 [INFO] Época 24/30, Batch 250/3348, Loss: 0.0357
2025-10-09 18:00:01,040 [INFO] Época 24/30, Batch 300/3348, Loss: 0.0361
2025-10-09 18:00:01,313 [INFO] Época 24/30, Batch 350/3348, Loss: 0.0343
2025-10-09 18:00:01,584 [INFO] Época 24/30, Batch 400/3348, Loss: 0.0441
2025-10-09 18:00:01,857 [INFO] Época 24/30, Batch 450/3348, Loss: 0.0590
2025-10-09 18:00:02,129 [INFO] Época 24/30, Batch 500/3348, Loss: 0.0553
2025-10-09 18:00:02,401 [INFO] Época 24/30, Batch 550/3348, Loss: 0.0416
2025-10-09 18:00:02,668 [INFO] Época 24/30, Batch 600/3348, Loss: 0.0502
2025-10-09 18:00:02,938 [INFO] Época 24/30, Batch 650/3348, Loss: 0.0377
2025-10-09 18:00:03,207 [INFO] Época 24/30, Batch 700/3348, Loss: 0.0310
2025-10-09 18:00:03,477 [INFO] Época 24/30, Batch 750/3348, Loss: 0.0532
2025-10-09 18:00:03,746 [INFO] Época 24/30, Batch 800/3348, Loss: 0.0554
2025-10-09 18:00:04,017 [INFO] Época 24/30, Batch 850/3348, Loss: 0.0831
2025-10-09 18:00:04,280 [INFO] Época 24/30, Batch 900/3348, Loss: 0.0799
2025-10-09 18:00:04,545 [INFO] Época 24/30, Batch 950/3348, Loss: 0.0794
2025-10-09 18:00:04,810 [INFO] Época 24/30, Batch 1000/3348, Loss: 0.0365
2025-10-09 18:00:05,074 [INFO] Época 24/30, Batch 1050/3348, Loss: 0.0454
2025-10-09 18:00:05,337 [INFO] Época 24/30, Batch 1100/3348, Loss: 0.0344
2025-10-09 18:00:05,598 [INFO] Época 24/30, Batch 1150/3348, Loss: 0.0391
2025-10-09 18:00:05,853 [INFO] Época 24/30, Batch 1200/3348, Loss: 0.0486
2025-10-09 18:00:06,116 [INFO] Época 24/30, Batch 1250/3348, Loss: 0.0586
2025-10-09 18:00:06,379 [INFO] Época 24/30, Batch 1300/3348, Loss: 0.0553
2025-10-09 18:00:06,642 [INFO] Época 24/30, Batch 1350/3348, Loss: 0.0486
2025-10-09 18:00:06,904 [INFO] Época 24/30, Batch 1400/3348, Loss: 0.0493
2025-10-09 18:00:07,167 [INFO] Época 24/30, Batch 1450/3348, Loss: 0.0384
2025-10-09 18:00:07,428 [INFO] Época 24/30, Batch 1500/3348, Loss: 0.0508
2025-10-09 18:00:07,691 [INFO] Época 24/30, Batch 1550/3348, Loss: 0.0485
2025-10-09 18:00:07,955 [INFO] Época 24/30, Batch 1600/3348, Loss: 0.0377
2025-10-09 18:00:08,225 [INFO] Época 24/30, Batch 1650/3348, Loss: 0.0582
2025-10-09 18:00:08,495 [INFO] Época 24/30, Batch 1700/3348, Loss: 0.0777
2025-10-09 18:00:08,765 [INFO] Época 24/30, Batch 1750/3348, Loss: 0.0471
2025-10-09 18:00:09,035 [INFO] Época 24/30, Batch 1800/3348, Loss: 0.0494
2025-10-09 18:00:09,308 [INFO] Época 24/30, Batch 1850/3348, Loss: 0.0512
2025-10-09 18:00:09,576 [INFO] Época 24/30, Batch 1900/3348, Loss: 0.0440
2025-10-09 18:00:09,840 [INFO] Época 24/30, Batch 1950/3348, Loss: 0.0657
2025-10-09 18:00:10,103 [INFO] Época 24/30, Batch 2000/3348, Loss: 0.0478
2025-10-09 18:00:10,367 [INFO] Época 24/30, Batch 2050/3348, Loss: 0.0376
2025-10-09 18:00:10,636 [INFO] Época 24/30, Batch 2100/3348, Loss: 0.0395
2025-10-09 18:00:10,899 [INFO] Época 24/30, Batch 2150/3348, Loss: 0.0452
2025-10-09 18:00:11,163 [INFO] Época 24/30, Batch 2200/3348, Loss: 0.0477
2025-10-09 18:00:11,424 [INFO] Época 24/30, Batch 2250/3348, Loss: 0.0551
2025-10-09 18:00:11,688 [INFO] Época 24/30, Batch 2300/3348, Loss: 0.0470
2025-10-09 18:00:11,950 [INFO] Época 24/30, Batch 2350/3348, Loss: 0.0708
2025-10-09 18:00:12,214 [INFO] Época 24/30, Batch 2400/3348, Loss: 0.0491
2025-10-09 18:00:12,477 [INFO] Época 24/30, Batch 2450/3348, Loss: 0.0373
2025-10-09 18:00:12,738 [INFO] Época 24/30, Batch 2500/3348, Loss: 0.0464
2025-10-09 18:00:13,000 [INFO] Época 24/30, Batch 2550/3348, Loss: 0.0376
2025-10-09 18:00:13,260 [INFO] Época 24/30, Batch 2600/3348, Loss: 0.0538
2025-10-09 18:00:13,521 [INFO] Época 24/30, Batch 2650/3348, Loss: 0.0412
2025-10-09 18:00:13,784 [INFO] Época 24/30, Batch 2700/3348, Loss: 0.0625
2025-10-09 18:00:14,043 [INFO] Época 24/30, Batch 2750/3348, Loss: 0.0376
2025-10-09 18:00:14,309 [INFO] Época 24/30, Batch 2800/3348, Loss: 0.0425
2025-10-09 18:00:14,572 [INFO] Época 24/30, Batch 2850/3348, Loss: 0.0420
2025-10-09 18:00:14,839 [INFO] Época 24/30, Batch 2900/3348, Loss: 0.0422
2025-10-09 18:00:15,100 [INFO] Época 24/30, Batch 2950/3348, Loss: 0.0460
2025-10-09 18:00:15,362 [INFO] Época 24/30, Batch 3000/3348, Loss: 0.0351
2025-10-09 18:00:15,625 [INFO] Época 24/30, Batch 3050/3348, Loss: 0.0416
2025-10-09 18:00:15,889 [INFO] Época 24/30, Batch 3100/3348, Loss: 0.0513
2025-10-09 18:00:16,152 [INFO] Época 24/30, Batch 3150/3348, Loss: 0.0446
2025-10-09 18:00:16,415 [INFO] Época 24/30, Batch 3200/3348, Loss: 0.0670
2025-10-09 18:00:16,674 [INFO] Época 24/30, Batch 3250/3348, Loss: 0.0610
2025-10-09 18:00:16,937 [INFO] Época 24/30, Batch 3300/3348, Loss: 0.0476
2025-10-09 18:00:18,709 [INFO] [24/30] Train Loss: 0.0505 | Val Loss: 0.0876 | Tempo: 19.65s
2025-10-09 18:00:19,262 [INFO] Época 25/30, Batch 50/3348, Loss: 0.0486
2025-10-09 18:00:19,515 [INFO] Época 25/30, Batch 100/3348, Loss: 0.0412
2025-10-09 18:00:19,766 [INFO] Época 25/30, Batch 150/3348, Loss: 0.0556
2025-10-09 18:00:20,016 [INFO] Época 25/30, Batch 200/3348, Loss: 0.0413
2025-10-09 18:00:20,265 [INFO] Época 25/30, Batch 250/3348, Loss: 0.0468
2025-10-09 18:00:20,525 [INFO] Época 25/30, Batch 300/3348, Loss: 0.0385
2025-10-09 18:00:20,792 [INFO] Época 25/30, Batch 350/3348, Loss: 0.0479
2025-10-09 18:00:21,063 [INFO] Época 25/30, Batch 400/3348, Loss: 0.0550
2025-10-09 18:00:21,337 [INFO] Época 25/30, Batch 450/3348, Loss: 0.0594
2025-10-09 18:00:21,611 [INFO] Época 25/30, Batch 500/3348, Loss: 0.0523
2025-10-09 18:00:21,882 [INFO] Época 25/30, Batch 550/3348, Loss: 0.0409
2025-10-09 18:00:22,155 [INFO] Época 25/30, Batch 600/3348, Loss: 0.0415
2025-10-09 18:00:22,422 [INFO] Época 25/30, Batch 650/3348, Loss: 0.0486
2025-10-09 18:00:22,668 [INFO] Época 25/30, Batch 700/3348, Loss: 0.0322
2025-10-09 18:00:22,910 [INFO] Época 25/30, Batch 750/3348, Loss: 0.0353
2025-10-09 18:00:23,161 [INFO] Época 25/30, Batch 800/3348, Loss: 0.0495
2025-10-09 18:00:23,427 [INFO] Época 25/30, Batch 850/3348, Loss: 0.0524
2025-10-09 18:00:23,677 [INFO] Época 25/30, Batch 900/3348, Loss: 0.0524
2025-10-09 18:00:23,936 [INFO] Época 25/30, Batch 950/3348, Loss: 0.0425
2025-10-09 18:00:24,193 [INFO] Época 25/30, Batch 1000/3348, Loss: 0.0368
2025-10-09 18:00:24,463 [INFO] Época 25/30, Batch 1050/3348, Loss: 0.0493
2025-10-09 18:00:24,730 [INFO] Época 25/30, Batch 1100/3348, Loss: 0.0372
2025-10-09 18:00:24,985 [INFO] Época 25/30, Batch 1150/3348, Loss: 0.0857
2025-10-09 18:00:25,228 [INFO] Época 25/30, Batch 1200/3348, Loss: 0.0429
2025-10-09 18:00:25,472 [INFO] Época 25/30, Batch 1250/3348, Loss: 0.0721
2025-10-09 18:00:25,717 [INFO] Época 25/30, Batch 1300/3348, Loss: 0.0371
2025-10-09 18:00:25,962 [INFO] Época 25/30, Batch 1350/3348, Loss: 0.0429
2025-10-09 18:00:26,212 [INFO] Época 25/30, Batch 1400/3348, Loss: 0.0715
2025-10-09 18:00:26,476 [INFO] Época 25/30, Batch 1450/3348, Loss: 0.0457
2025-10-09 18:00:26,739 [INFO] Época 25/30, Batch 1500/3348, Loss: 0.0567
2025-10-09 18:00:27,000 [INFO] Época 25/30, Batch 1550/3348, Loss: 0.0452
2025-10-09 18:00:27,264 [INFO] Época 25/30, Batch 1600/3348, Loss: 0.0447
2025-10-09 18:00:27,536 [INFO] Época 25/30, Batch 1650/3348, Loss: 0.0535
2025-10-09 18:00:27,804 [INFO] Época 25/30, Batch 1700/3348, Loss: 0.0364
2025-10-09 18:00:28,068 [INFO] Época 25/30, Batch 1750/3348, Loss: 0.1031
2025-10-09 18:00:28,334 [INFO] Época 25/30, Batch 1800/3348, Loss: 0.0501
2025-10-09 18:00:28,598 [INFO] Época 25/30, Batch 1850/3348, Loss: 0.0442
2025-10-09 18:00:28,866 [INFO] Época 25/30, Batch 1900/3348, Loss: 0.0954
2025-10-09 18:00:29,133 [INFO] Época 25/30, Batch 1950/3348, Loss: 0.0430
2025-10-09 18:00:29,400 [INFO] Época 25/30, Batch 2000/3348, Loss: 0.0476
2025-10-09 18:00:29,673 [INFO] Época 25/30, Batch 2050/3348, Loss: 0.0365
2025-10-09 18:00:29,946 [INFO] Época 25/30, Batch 2100/3348, Loss: 0.0500
2025-10-09 18:00:30,218 [INFO] Época 25/30, Batch 2150/3348, Loss: 0.2106
2025-10-09 18:00:30,495 [INFO] Época 25/30, Batch 2200/3348, Loss: 0.0507
2025-10-09 18:00:30,761 [INFO] Época 25/30, Batch 2250/3348, Loss: 0.0432
2025-10-09 18:00:31,024 [INFO] Época 25/30, Batch 2300/3348, Loss: 0.0580
2025-10-09 18:00:31,290 [INFO] Época 25/30, Batch 2350/3348, Loss: 0.0499
2025-10-09 18:00:31,556 [INFO] Época 25/30, Batch 2400/3348, Loss: 0.0502
2025-10-09 18:00:31,827 [INFO] Época 25/30, Batch 2450/3348, Loss: 0.0404
2025-10-09 18:00:32,100 [INFO] Época 25/30, Batch 2500/3348, Loss: 0.0478
2025-10-09 18:00:32,376 [INFO] Época 25/30, Batch 2550/3348, Loss: 0.0586
2025-10-09 18:00:32,650 [INFO] Época 25/30, Batch 2600/3348, Loss: 0.0568
2025-10-09 18:00:32,921 [INFO] Época 25/30, Batch 2650/3348, Loss: 0.0398
2025-10-09 18:00:33,195 [INFO] Época 25/30, Batch 2700/3348, Loss: 0.0700
2025-10-09 18:00:33,469 [INFO] Época 25/30, Batch 2750/3348, Loss: 0.0715
2025-10-09 18:00:33,741 [INFO] Época 25/30, Batch 2800/3348, Loss: 0.0465
2025-10-09 18:00:34,011 [INFO] Época 25/30, Batch 2850/3348, Loss: 0.0488
2025-10-09 18:00:34,286 [INFO] Época 25/30, Batch 2900/3348, Loss: 0.0415
2025-10-09 18:00:34,559 [INFO] Época 25/30, Batch 2950/3348, Loss: 0.0340
2025-10-09 18:00:34,839 [INFO] Época 25/30, Batch 3000/3348, Loss: 0.0629
2025-10-09 18:00:35,119 [INFO] Época 25/30, Batch 3050/3348, Loss: 0.0455
2025-10-09 18:00:35,398 [INFO] Época 25/30, Batch 3100/3348, Loss: 0.0590
2025-10-09 18:00:35,676 [INFO] Época 25/30, Batch 3150/3348, Loss: 0.0536
2025-10-09 18:00:35,956 [INFO] Época 25/30, Batch 3200/3348, Loss: 0.0413
2025-10-09 18:00:36,236 [INFO] Época 25/30, Batch 3250/3348, Loss: 0.0571
2025-10-09 18:00:36,515 [INFO] Época 25/30, Batch 3300/3348, Loss: 0.0513
2025-10-09 18:00:38,441 [INFO] [25/30] Train Loss: 0.0499 | Val Loss: 0.0892 | Tempo: 19.73s
2025-10-09 18:00:39,007 [INFO] Época 26/30, Batch 50/3348, Loss: 0.0503
2025-10-09 18:00:39,275 [INFO] Época 26/30, Batch 100/3348, Loss: 0.0388
2025-10-09 18:00:39,542 [INFO] Época 26/30, Batch 150/3348, Loss: 0.0451
2025-10-09 18:00:39,807 [INFO] Época 26/30, Batch 200/3348, Loss: 0.0533
2025-10-09 18:00:40,069 [INFO] Época 26/30, Batch 250/3348, Loss: 0.2444
2025-10-09 18:00:40,333 [INFO] Época 26/30, Batch 300/3348, Loss: 0.0432
2025-10-09 18:00:40,596 [INFO] Época 26/30, Batch 350/3348, Loss: 0.0461
2025-10-09 18:00:40,859 [INFO] Época 26/30, Batch 400/3348, Loss: 0.0574
2025-10-09 18:00:41,121 [INFO] Época 26/30, Batch 450/3348, Loss: 0.0581
2025-10-09 18:00:41,380 [INFO] Época 26/30, Batch 500/3348, Loss: 0.0413
2025-10-09 18:00:41,642 [INFO] Época 26/30, Batch 550/3348, Loss: 0.0459
2025-10-09 18:00:41,907 [INFO] Época 26/30, Batch 600/3348, Loss: 0.0351
2025-10-09 18:00:42,179 [INFO] Época 26/30, Batch 650/3348, Loss: 0.0515
2025-10-09 18:00:42,444 [INFO] Época 26/30, Batch 700/3348, Loss: 0.0273
2025-10-09 18:00:42,710 [INFO] Época 26/30, Batch 750/3348, Loss: 0.0534
2025-10-09 18:00:42,974 [INFO] Época 26/30, Batch 800/3348, Loss: 0.0327
2025-10-09 18:00:43,239 [INFO] Época 26/30, Batch 850/3348, Loss: 0.0646
2025-10-09 18:00:43,506 [INFO] Época 26/30, Batch 900/3348, Loss: 0.0429
2025-10-09 18:00:43,768 [INFO] Época 26/30, Batch 950/3348, Loss: 0.0341
2025-10-09 18:00:44,033 [INFO] Época 26/30, Batch 1000/3348, Loss: 0.0471
2025-10-09 18:00:44,298 [INFO] Época 26/30, Batch 1050/3348, Loss: 0.0563
2025-10-09 18:00:44,564 [INFO] Época 26/30, Batch 1100/3348, Loss: 0.0435
2025-10-09 18:00:44,826 [INFO] Época 26/30, Batch 1150/3348, Loss: 0.0606
2025-10-09 18:00:45,089 [INFO] Época 26/30, Batch 1200/3348, Loss: 0.0424
2025-10-09 18:00:45,351 [INFO] Época 26/30, Batch 1250/3348, Loss: 0.0553
2025-10-09 18:00:45,611 [INFO] Época 26/30, Batch 1300/3348, Loss: 0.0443
2025-10-09 18:00:45,874 [INFO] Época 26/30, Batch 1350/3348, Loss: 0.0571
2025-10-09 18:00:46,135 [INFO] Época 26/30, Batch 1400/3348, Loss: 0.0491
2025-10-09 18:00:46,396 [INFO] Época 26/30, Batch 1450/3348, Loss: 0.0501
2025-10-09 18:00:46,657 [INFO] Época 26/30, Batch 1500/3348, Loss: 0.0510
2025-10-09 18:00:46,917 [INFO] Época 26/30, Batch 1550/3348, Loss: 0.0274
2025-10-09 18:00:47,179 [INFO] Época 26/30, Batch 1600/3348, Loss: 0.0351
2025-10-09 18:00:47,439 [INFO] Época 26/30, Batch 1650/3348, Loss: 0.0552
2025-10-09 18:00:47,701 [INFO] Época 26/30, Batch 1700/3348, Loss: 0.0429
2025-10-09 18:00:47,964 [INFO] Época 26/30, Batch 1750/3348, Loss: 0.0420
2025-10-09 18:00:48,226 [INFO] Época 26/30, Batch 1800/3348, Loss: 0.0414
2025-10-09 18:00:48,490 [INFO] Época 26/30, Batch 1850/3348, Loss: 0.0503
2025-10-09 18:00:48,752 [INFO] Época 26/30, Batch 1900/3348, Loss: 0.0538
2025-10-09 18:00:49,016 [INFO] Época 26/30, Batch 1950/3348, Loss: 0.0487
2025-10-09 18:00:49,279 [INFO] Época 26/30, Batch 2000/3348, Loss: 0.0418
2025-10-09 18:00:49,538 [INFO] Época 26/30, Batch 2050/3348, Loss: 0.0718
2025-10-09 18:00:49,803 [INFO] Época 26/30, Batch 2100/3348, Loss: 0.0498
2025-10-09 18:00:50,065 [INFO] Época 26/30, Batch 2150/3348, Loss: 0.0635
2025-10-09 18:00:50,327 [INFO] Época 26/30, Batch 2200/3348, Loss: 0.0706
2025-10-09 18:00:50,586 [INFO] Época 26/30, Batch 2250/3348, Loss: 0.0488
2025-10-09 18:00:50,849 [INFO] Época 26/30, Batch 2300/3348, Loss: 0.0526
2025-10-09 18:00:51,110 [INFO] Época 26/30, Batch 2350/3348, Loss: 0.0614
2025-10-09 18:00:51,371 [INFO] Época 26/30, Batch 2400/3348, Loss: 0.0466
2025-10-09 18:00:51,631 [INFO] Época 26/30, Batch 2450/3348, Loss: 0.0525
2025-10-09 18:00:51,895 [INFO] Época 26/30, Batch 2500/3348, Loss: 0.0414
2025-10-09 18:00:52,156 [INFO] Época 26/30, Batch 2550/3348, Loss: 0.0535
2025-10-09 18:00:52,421 [INFO] Época 26/30, Batch 2600/3348, Loss: 0.0466
2025-10-09 18:00:52,682 [INFO] Época 26/30, Batch 2650/3348, Loss: 0.0395
2025-10-09 18:00:52,944 [INFO] Época 26/30, Batch 2700/3348, Loss: 0.0438
2025-10-09 18:00:53,206 [INFO] Época 26/30, Batch 2750/3348, Loss: 0.0386
2025-10-09 18:00:53,469 [INFO] Época 26/30, Batch 2800/3348, Loss: 0.0355
2025-10-09 18:00:53,732 [INFO] Época 26/30, Batch 2850/3348, Loss: 0.0421
2025-10-09 18:00:53,995 [INFO] Época 26/30, Batch 2900/3348, Loss: 0.0512
2025-10-09 18:00:54,260 [INFO] Época 26/30, Batch 2950/3348, Loss: 0.0443
2025-10-09 18:00:54,522 [INFO] Época 26/30, Batch 3000/3348, Loss: 0.0481
2025-10-09 18:00:54,787 [INFO] Época 26/30, Batch 3050/3348, Loss: 0.0528
2025-10-09 18:00:55,050 [INFO] Época 26/30, Batch 3100/3348, Loss: 0.0617
2025-10-09 18:00:55,316 [INFO] Época 26/30, Batch 3150/3348, Loss: 0.0304
2025-10-09 18:00:55,577 [INFO] Época 26/30, Batch 3200/3348, Loss: 0.0295
2025-10-09 18:00:55,841 [INFO] Época 26/30, Batch 3250/3348, Loss: 0.0630
2025-10-09 18:00:56,101 [INFO] Época 26/30, Batch 3300/3348, Loss: 0.0391
2025-10-09 18:00:57,929 [INFO] [26/30] Train Loss: 0.0515 | Val Loss: 0.0818 | Tempo: 19.49s
2025-10-09 18:00:58,531 [INFO] Época 27/30, Batch 50/3348, Loss: 0.0397
2025-10-09 18:00:58,805 [INFO] Época 27/30, Batch 100/3348, Loss: 0.0397
2025-10-09 18:00:59,075 [INFO] Época 27/30, Batch 150/3348, Loss: 0.0528
2025-10-09 18:00:59,344 [INFO] Época 27/30, Batch 200/3348, Loss: 0.0343
2025-10-09 18:00:59,610 [INFO] Época 27/30, Batch 250/3348, Loss: 0.0462
2025-10-09 18:00:59,865 [INFO] Época 27/30, Batch 300/3348, Loss: 0.0310
2025-10-09 18:01:00,114 [INFO] Época 27/30, Batch 350/3348, Loss: 0.0394
2025-10-09 18:01:00,360 [INFO] Época 27/30, Batch 400/3348, Loss: 0.0487
2025-10-09 18:01:00,611 [INFO] Época 27/30, Batch 450/3348, Loss: 0.0505
2025-10-09 18:01:00,864 [INFO] Época 27/30, Batch 500/3348, Loss: 0.0426
2025-10-09 18:01:01,116 [INFO] Época 27/30, Batch 550/3348, Loss: 0.0321
2025-10-09 18:01:01,368 [INFO] Época 27/30, Batch 600/3348, Loss: 0.0399
2025-10-09 18:01:01,615 [INFO] Época 27/30, Batch 650/3348, Loss: 0.0433
2025-10-09 18:01:01,859 [INFO] Época 27/30, Batch 700/3348, Loss: 0.0436
2025-10-09 18:01:02,100 [INFO] Época 27/30, Batch 750/3348, Loss: 0.0407
2025-10-09 18:01:02,340 [INFO] Época 27/30, Batch 800/3348, Loss: 0.0554
2025-10-09 18:01:02,584 [INFO] Época 27/30, Batch 850/3348, Loss: 0.0550
2025-10-09 18:01:02,824 [INFO] Época 27/30, Batch 900/3348, Loss: 0.0592
2025-10-09 18:01:03,066 [INFO] Época 27/30, Batch 950/3348, Loss: 0.0340
2025-10-09 18:01:03,303 [INFO] Época 27/30, Batch 1000/3348, Loss: 0.0504
2025-10-09 18:01:03,551 [INFO] Época 27/30, Batch 1050/3348, Loss: 0.0492
2025-10-09 18:01:03,808 [INFO] Época 27/30, Batch 1100/3348, Loss: 0.0322
2025-10-09 18:01:04,068 [INFO] Época 27/30, Batch 1150/3348, Loss: 0.0467
2025-10-09 18:01:04,333 [INFO] Época 27/30, Batch 1200/3348, Loss: 0.0422
2025-10-09 18:01:04,596 [INFO] Época 27/30, Batch 1250/3348, Loss: 0.0456
2025-10-09 18:01:04,861 [INFO] Época 27/30, Batch 1300/3348, Loss: 0.0455
2025-10-09 18:01:05,126 [INFO] Época 27/30, Batch 1350/3348, Loss: 0.0313
2025-10-09 18:01:05,397 [INFO] Época 27/30, Batch 1400/3348, Loss: 0.0375
2025-10-09 18:01:05,662 [INFO] Época 27/30, Batch 1450/3348, Loss: 0.0520
2025-10-09 18:01:05,925 [INFO] Época 27/30, Batch 1500/3348, Loss: 0.0479
2025-10-09 18:01:06,187 [INFO] Época 27/30, Batch 1550/3348, Loss: 0.0419
2025-10-09 18:01:06,448 [INFO] Época 27/30, Batch 1600/3348, Loss: 0.0440
2025-10-09 18:01:06,712 [INFO] Época 27/30, Batch 1650/3348, Loss: 0.0669
2025-10-09 18:01:06,975 [INFO] Época 27/30, Batch 1700/3348, Loss: 0.0558
2025-10-09 18:01:07,240 [INFO] Época 27/30, Batch 1750/3348, Loss: 0.0519
2025-10-09 18:01:07,505 [INFO] Época 27/30, Batch 1800/3348, Loss: 0.0330
2025-10-09 18:01:07,774 [INFO] Época 27/30, Batch 1850/3348, Loss: 0.0409
2025-10-09 18:01:08,037 [INFO] Época 27/30, Batch 1900/3348, Loss: 0.0468
2025-10-09 18:01:08,303 [INFO] Época 27/30, Batch 1950/3348, Loss: 0.0397
2025-10-09 18:01:08,568 [INFO] Época 27/30, Batch 2000/3348, Loss: 0.0423
2025-10-09 18:01:08,837 [INFO] Época 27/30, Batch 2050/3348, Loss: 0.0530
2025-10-09 18:01:09,105 [INFO] Época 27/30, Batch 2100/3348, Loss: 0.0372
2025-10-09 18:01:09,372 [INFO] Época 27/30, Batch 2150/3348, Loss: 0.0591
2025-10-09 18:01:09,645 [INFO] Época 27/30, Batch 2200/3348, Loss: 0.0480
2025-10-09 18:01:09,914 [INFO] Época 27/30, Batch 2250/3348, Loss: 0.0467
2025-10-09 18:01:10,181 [INFO] Época 27/30, Batch 2300/3348, Loss: 0.0590
2025-10-09 18:01:10,445 [INFO] Época 27/30, Batch 2350/3348, Loss: 0.0401
2025-10-09 18:01:10,711 [INFO] Época 27/30, Batch 2400/3348, Loss: 0.0363
2025-10-09 18:01:10,975 [INFO] Época 27/30, Batch 2450/3348, Loss: 0.0404
2025-10-09 18:01:11,237 [INFO] Época 27/30, Batch 2500/3348, Loss: 0.0460
2025-10-09 18:01:11,502 [INFO] Época 27/30, Batch 2550/3348, Loss: 0.0527
2025-10-09 18:01:11,766 [INFO] Época 27/30, Batch 2600/3348, Loss: 0.0406
2025-10-09 18:01:12,030 [INFO] Época 27/30, Batch 2650/3348, Loss: 0.0525
2025-10-09 18:01:12,290 [INFO] Época 27/30, Batch 2700/3348, Loss: 0.0705
2025-10-09 18:01:12,552 [INFO] Época 27/30, Batch 2750/3348, Loss: 0.0539
2025-10-09 18:01:12,820 [INFO] Época 27/30, Batch 2800/3348, Loss: 0.0483
2025-10-09 18:01:13,084 [INFO] Época 27/30, Batch 2850/3348, Loss: 0.0396
2025-10-09 18:01:13,349 [INFO] Época 27/30, Batch 2900/3348, Loss: 0.0344
2025-10-09 18:01:13,611 [INFO] Época 27/30, Batch 2950/3348, Loss: 0.0483
2025-10-09 18:01:13,875 [INFO] Época 27/30, Batch 3000/3348, Loss: 0.0452
2025-10-09 18:01:14,138 [INFO] Época 27/30, Batch 3050/3348, Loss: 0.0390
2025-10-09 18:01:14,400 [INFO] Época 27/30, Batch 3100/3348, Loss: 0.0456
2025-10-09 18:01:14,663 [INFO] Época 27/30, Batch 3150/3348, Loss: 0.0519
2025-10-09 18:01:14,926 [INFO] Época 27/30, Batch 3200/3348, Loss: 0.0504
2025-10-09 18:01:15,189 [INFO] Época 27/30, Batch 3250/3348, Loss: 0.0418
2025-10-09 18:01:15,455 [INFO] Época 27/30, Batch 3300/3348, Loss: 0.0413
2025-10-09 18:01:17,285 [INFO] [27/30] Train Loss: 0.0483 | Val Loss: 0.0904 | Tempo: 19.36s
2025-10-09 18:01:17,894 [INFO] Época 28/30, Batch 50/3348, Loss: 0.0397
2025-10-09 18:01:18,174 [INFO] Época 28/30, Batch 100/3348, Loss: 0.0435
2025-10-09 18:01:18,457 [INFO] Época 28/30, Batch 150/3348, Loss: 0.0363
2025-10-09 18:01:18,734 [INFO] Época 28/30, Batch 200/3348, Loss: 0.0363
2025-10-09 18:01:19,009 [INFO] Época 28/30, Batch 250/3348, Loss: 0.0486
2025-10-09 18:01:19,282 [INFO] Época 28/30, Batch 300/3348, Loss: 0.0425
2025-10-09 18:01:19,555 [INFO] Época 28/30, Batch 350/3348, Loss: 0.0411
2025-10-09 18:01:19,829 [INFO] Época 28/30, Batch 400/3348, Loss: 0.0361
2025-10-09 18:01:20,106 [INFO] Época 28/30, Batch 450/3348, Loss: 0.0459
2025-10-09 18:01:20,382 [INFO] Época 28/30, Batch 500/3348, Loss: 0.0378
2025-10-09 18:01:20,660 [INFO] Época 28/30, Batch 550/3348, Loss: 0.0484
2025-10-09 18:01:20,935 [INFO] Época 28/30, Batch 600/3348, Loss: 0.0388
2025-10-09 18:01:21,209 [INFO] Época 28/30, Batch 650/3348, Loss: 0.0400
2025-10-09 18:01:21,481 [INFO] Época 28/30, Batch 700/3348, Loss: 0.0432
2025-10-09 18:01:21,753 [INFO] Época 28/30, Batch 750/3348, Loss: 0.0449
2025-10-09 18:01:22,026 [INFO] Época 28/30, Batch 800/3348, Loss: 0.0397
2025-10-09 18:01:22,298 [INFO] Época 28/30, Batch 850/3348, Loss: 0.0356
2025-10-09 18:01:22,569 [INFO] Época 28/30, Batch 900/3348, Loss: 0.0424
2025-10-09 18:01:22,840 [INFO] Época 28/30, Batch 950/3348, Loss: 0.0417
2025-10-09 18:01:23,110 [INFO] Época 28/30, Batch 1000/3348, Loss: 0.0445
2025-10-09 18:01:23,381 [INFO] Época 28/30, Batch 1050/3348, Loss: 0.0440
2025-10-09 18:01:23,651 [INFO] Época 28/30, Batch 1100/3348, Loss: 0.0410
2025-10-09 18:01:23,915 [INFO] Época 28/30, Batch 1150/3348, Loss: 0.0444
2025-10-09 18:01:24,183 [INFO] Época 28/30, Batch 1200/3348, Loss: 0.0452
2025-10-09 18:01:24,449 [INFO] Época 28/30, Batch 1250/3348, Loss: 0.0477
2025-10-09 18:01:24,716 [INFO] Época 28/30, Batch 1300/3348, Loss: 0.0520
2025-10-09 18:01:24,985 [INFO] Época 28/30, Batch 1350/3348, Loss: 0.0491
2025-10-09 18:01:25,252 [INFO] Época 28/30, Batch 1400/3348, Loss: 0.0523
2025-10-09 18:01:25,518 [INFO] Época 28/30, Batch 1450/3348, Loss: 0.0432
2025-10-09 18:01:25,783 [INFO] Época 28/30, Batch 1500/3348, Loss: 0.0560
2025-10-09 18:01:26,052 [INFO] Época 28/30, Batch 1550/3348, Loss: 0.0301
2025-10-09 18:01:26,320 [INFO] Época 28/30, Batch 1600/3348, Loss: 0.0443
2025-10-09 18:01:26,590 [INFO] Época 28/30, Batch 1650/3348, Loss: 0.0474
2025-10-09 18:01:26,857 [INFO] Época 28/30, Batch 1700/3348, Loss: 0.0436
2025-10-09 18:01:27,126 [INFO] Época 28/30, Batch 1750/3348, Loss: 0.0499
2025-10-09 18:01:27,391 [INFO] Época 28/30, Batch 1800/3348, Loss: 0.0319
2025-10-09 18:01:27,657 [INFO] Época 28/30, Batch 1850/3348, Loss: 0.0398
2025-10-09 18:01:27,922 [INFO] Época 28/30, Batch 1900/3348, Loss: 0.0466
2025-10-09 18:01:28,190 [INFO] Época 28/30, Batch 1950/3348, Loss: 0.0499
2025-10-09 18:01:28,454 [INFO] Época 28/30, Batch 2000/3348, Loss: 0.0487
2025-10-09 18:01:28,720 [INFO] Época 28/30, Batch 2050/3348, Loss: 0.0465
2025-10-09 18:01:28,983 [INFO] Época 28/30, Batch 2100/3348, Loss: 0.0547
2025-10-09 18:01:29,245 [INFO] Época 28/30, Batch 2150/3348, Loss: 0.0390
2025-10-09 18:01:29,510 [INFO] Época 28/30, Batch 2200/3348, Loss: 0.0407
2025-10-09 18:01:29,776 [INFO] Época 28/30, Batch 2250/3348, Loss: 0.0473
2025-10-09 18:01:30,042 [INFO] Época 28/30, Batch 2300/3348, Loss: 0.0494
2025-10-09 18:01:30,308 [INFO] Época 28/30, Batch 2350/3348, Loss: 0.0548
2025-10-09 18:01:30,574 [INFO] Época 28/30, Batch 2400/3348, Loss: 0.0463
2025-10-09 18:01:30,840 [INFO] Época 28/30, Batch 2450/3348, Loss: 0.0586
2025-10-09 18:01:31,101 [INFO] Época 28/30, Batch 2500/3348, Loss: 0.0359
2025-10-09 18:01:31,365 [INFO] Época 28/30, Batch 2550/3348, Loss: 0.0391
2025-10-09 18:01:31,630 [INFO] Época 28/30, Batch 2600/3348, Loss: 0.0419
2025-10-09 18:01:31,896 [INFO] Época 28/30, Batch 2650/3348, Loss: 0.0409
2025-10-09 18:01:32,162 [INFO] Época 28/30, Batch 2700/3348, Loss: 0.0500
2025-10-09 18:01:32,428 [INFO] Época 28/30, Batch 2750/3348, Loss: 0.0421
2025-10-09 18:01:32,693 [INFO] Época 28/30, Batch 2800/3348, Loss: 0.0459
2025-10-09 18:01:32,961 [INFO] Época 28/30, Batch 2850/3348, Loss: 0.0764
2025-10-09 18:01:33,229 [INFO] Época 28/30, Batch 2900/3348, Loss: 0.0696
2025-10-09 18:01:33,499 [INFO] Época 28/30, Batch 2950/3348, Loss: 0.0448
2025-10-09 18:01:33,769 [INFO] Época 28/30, Batch 3000/3348, Loss: 0.0587
2025-10-09 18:01:34,035 [INFO] Época 28/30, Batch 3050/3348, Loss: 0.0409
2025-10-09 18:01:34,302 [INFO] Época 28/30, Batch 3100/3348, Loss: 0.0665
2025-10-09 18:01:34,566 [INFO] Época 28/30, Batch 3150/3348, Loss: 0.0485
2025-10-09 18:01:34,832 [INFO] Época 28/30, Batch 3200/3348, Loss: 0.0684
2025-10-09 18:01:35,098 [INFO] Época 28/30, Batch 3250/3348, Loss: 0.0375
2025-10-09 18:01:35,367 [INFO] Época 28/30, Batch 3300/3348, Loss: 0.0631
2025-10-09 18:01:37,211 [INFO] [28/30] Train Loss: 0.0508 | Val Loss: 0.0832 | Tempo: 19.92s
2025-10-09 18:01:37,773 [INFO] Época 29/30, Batch 50/3348, Loss: 0.0363
2025-10-09 18:01:38,022 [INFO] Época 29/30, Batch 100/3348, Loss: 0.0481
2025-10-09 18:01:38,270 [INFO] Época 29/30, Batch 150/3348, Loss: 0.0388
2025-10-09 18:01:38,515 [INFO] Época 29/30, Batch 200/3348, Loss: 0.0514
2025-10-09 18:01:38,760 [INFO] Época 29/30, Batch 250/3348, Loss: 0.0481
2025-10-09 18:01:39,004 [INFO] Época 29/30, Batch 300/3348, Loss: 0.0443
2025-10-09 18:01:39,248 [INFO] Época 29/30, Batch 350/3348, Loss: 0.0484
2025-10-09 18:01:39,493 [INFO] Época 29/30, Batch 400/3348, Loss: 0.2763
2025-10-09 18:01:39,739 [INFO] Época 29/30, Batch 450/3348, Loss: 0.0677
2025-10-09 18:01:39,984 [INFO] Época 29/30, Batch 500/3348, Loss: 0.0464
2025-10-09 18:01:40,228 [INFO] Época 29/30, Batch 550/3348, Loss: 0.0411
2025-10-09 18:01:40,495 [INFO] Época 29/30, Batch 600/3348, Loss: 0.0445
2025-10-09 18:01:40,758 [INFO] Época 29/30, Batch 650/3348, Loss: 0.0578
2025-10-09 18:01:41,028 [INFO] Época 29/30, Batch 700/3348, Loss: 0.0403
2025-10-09 18:01:41,292 [INFO] Época 29/30, Batch 750/3348, Loss: 0.0493
2025-10-09 18:01:41,554 [INFO] Época 29/30, Batch 800/3348, Loss: 0.0461
2025-10-09 18:01:41,816 [INFO] Época 29/30, Batch 850/3348, Loss: 0.0466
2025-10-09 18:01:42,077 [INFO] Época 29/30, Batch 900/3348, Loss: 0.0474
2025-10-09 18:01:42,337 [INFO] Época 29/30, Batch 950/3348, Loss: 0.0330
2025-10-09 18:01:42,576 [INFO] Época 29/30, Batch 1000/3348, Loss: 0.0493
2025-10-09 18:01:42,815 [INFO] Época 29/30, Batch 1050/3348, Loss: 0.0383
2025-10-09 18:01:43,055 [INFO] Época 29/30, Batch 1100/3348, Loss: 0.0555
2025-10-09 18:01:43,296 [INFO] Época 29/30, Batch 1150/3348, Loss: 0.0553
2025-10-09 18:01:43,537 [INFO] Época 29/30, Batch 1200/3348, Loss: 0.0470
2025-10-09 18:01:43,772 [INFO] Época 29/30, Batch 1250/3348, Loss: 0.0440
2025-10-09 18:01:44,007 [INFO] Época 29/30, Batch 1300/3348, Loss: 0.0445
2025-10-09 18:01:44,246 [INFO] Época 29/30, Batch 1350/3348, Loss: 0.0291
2025-10-09 18:01:44,489 [INFO] Época 29/30, Batch 1400/3348, Loss: 0.0579
2025-10-09 18:01:44,738 [INFO] Época 29/30, Batch 1450/3348, Loss: 0.0428
2025-10-09 18:01:44,985 [INFO] Época 29/30, Batch 1500/3348, Loss: 0.0499
2025-10-09 18:01:45,234 [INFO] Época 29/30, Batch 1550/3348, Loss: 0.0544
2025-10-09 18:01:45,484 [INFO] Época 29/30, Batch 1600/3348, Loss: 0.0483
2025-10-09 18:01:45,731 [INFO] Época 29/30, Batch 1650/3348, Loss: 0.0430
2025-10-09 18:01:45,975 [INFO] Época 29/30, Batch 1700/3348, Loss: 0.0394
2025-10-09 18:01:46,221 [INFO] Época 29/30, Batch 1750/3348, Loss: 0.0322
2025-10-09 18:01:46,493 [INFO] Época 29/30, Batch 1800/3348, Loss: 0.0498
2025-10-09 18:01:46,764 [INFO] Época 29/30, Batch 1850/3348, Loss: 0.0384
2025-10-09 18:01:47,036 [INFO] Época 29/30, Batch 1900/3348, Loss: 0.0454
2025-10-09 18:01:47,299 [INFO] Época 29/30, Batch 1950/3348, Loss: 0.0454
2025-10-09 18:01:47,560 [INFO] Época 29/30, Batch 2000/3348, Loss: 0.0523
2025-10-09 18:01:47,823 [INFO] Época 29/30, Batch 2050/3348, Loss: 0.0455
2025-10-09 18:01:48,082 [INFO] Época 29/30, Batch 2100/3348, Loss: 0.0559
2025-10-09 18:01:48,345 [INFO] Época 29/30, Batch 2150/3348, Loss: 0.0603
2025-10-09 18:01:48,606 [INFO] Época 29/30, Batch 2200/3348, Loss: 0.0483
2025-10-09 18:01:48,867 [INFO] Época 29/30, Batch 2250/3348, Loss: 0.0408
2025-10-09 18:01:49,127 [INFO] Época 29/30, Batch 2300/3348, Loss: 0.0688
2025-10-09 18:01:49,391 [INFO] Época 29/30, Batch 2350/3348, Loss: 0.0563
2025-10-09 18:01:49,651 [INFO] Época 29/30, Batch 2400/3348, Loss: 0.0454
2025-10-09 18:01:49,921 [INFO] Época 29/30, Batch 2450/3348, Loss: 0.0659
2025-10-09 18:01:50,191 [INFO] Época 29/30, Batch 2500/3348, Loss: 0.0600
2025-10-09 18:01:50,460 [INFO] Época 29/30, Batch 2550/3348, Loss: 0.0416
2025-10-09 18:01:50,725 [INFO] Época 29/30, Batch 2600/3348, Loss: 0.0410
2025-10-09 18:01:50,984 [INFO] Época 29/30, Batch 2650/3348, Loss: 0.0572
2025-10-09 18:01:51,245 [INFO] Época 29/30, Batch 2700/3348, Loss: 0.0409
2025-10-09 18:01:51,507 [INFO] Época 29/30, Batch 2750/3348, Loss: 0.0335
2025-10-09 18:01:51,768 [INFO] Época 29/30, Batch 2800/3348, Loss: 0.0569
2025-10-09 18:01:52,027 [INFO] Época 29/30, Batch 2850/3348, Loss: 0.0468
2025-10-09 18:01:52,290 [INFO] Época 29/30, Batch 2900/3348, Loss: 0.0412
2025-10-09 18:01:52,551 [INFO] Época 29/30, Batch 2950/3348, Loss: 0.0664
2025-10-09 18:01:52,816 [INFO] Época 29/30, Batch 3000/3348, Loss: 0.0299
2025-10-09 18:01:53,079 [INFO] Época 29/30, Batch 3050/3348, Loss: 0.0426
2025-10-09 18:01:53,341 [INFO] Época 29/30, Batch 3100/3348, Loss: 0.0430
2025-10-09 18:01:53,604 [INFO] Época 29/30, Batch 3150/3348, Loss: 0.0486
2025-10-09 18:01:53,868 [INFO] Época 29/30, Batch 3200/3348, Loss: 0.0302
2025-10-09 18:01:54,131 [INFO] Época 29/30, Batch 3250/3348, Loss: 0.0350
2025-10-09 18:01:54,393 [INFO] Época 29/30, Batch 3300/3348, Loss: 0.0428
2025-10-09 18:01:56,225 [INFO] [29/30] Train Loss: 0.0495 | Val Loss: 0.0843 | Tempo: 19.01s
2025-10-09 18:01:56,819 [INFO] Época 30/30, Batch 50/3348, Loss: 0.0549
2025-10-09 18:01:57,087 [INFO] Época 30/30, Batch 100/3348, Loss: 0.0413
2025-10-09 18:01:57,353 [INFO] Época 30/30, Batch 150/3348, Loss: 0.0945
2025-10-09 18:01:57,621 [INFO] Época 30/30, Batch 200/3348, Loss: 0.0405
2025-10-09 18:01:57,887 [INFO] Época 30/30, Batch 250/3348, Loss: 0.0322
2025-10-09 18:01:58,150 [INFO] Época 30/30, Batch 300/3348, Loss: 0.0473
2025-10-09 18:01:58,413 [INFO] Época 30/30, Batch 350/3348, Loss: 0.0341
2025-10-09 18:01:58,675 [INFO] Época 30/30, Batch 400/3348, Loss: 0.0505
2025-10-09 18:01:58,940 [INFO] Época 30/30, Batch 450/3348, Loss: 0.0442
2025-10-09 18:01:59,203 [INFO] Época 30/30, Batch 500/3348, Loss: 0.0323
2025-10-09 18:01:59,466 [INFO] Época 30/30, Batch 550/3348, Loss: 0.0519
2025-10-09 18:01:59,737 [INFO] Época 30/30, Batch 600/3348, Loss: 0.0424
2025-10-09 18:02:00,013 [INFO] Época 30/30, Batch 650/3348, Loss: 0.0461
2025-10-09 18:02:00,278 [INFO] Época 30/30, Batch 700/3348, Loss: 0.0413
2025-10-09 18:02:00,539 [INFO] Época 30/30, Batch 750/3348, Loss: 0.0566
2025-10-09 18:02:00,802 [INFO] Época 30/30, Batch 800/3348, Loss: 0.0392
2025-10-09 18:02:01,064 [INFO] Época 30/30, Batch 850/3348, Loss: 0.0361
2025-10-09 18:02:01,327 [INFO] Época 30/30, Batch 900/3348, Loss: 0.0468
2025-10-09 18:02:01,581 [INFO] Época 30/30, Batch 950/3348, Loss: 0.0409
2025-10-09 18:02:01,835 [INFO] Época 30/30, Batch 1000/3348, Loss: 0.0311
2025-10-09 18:02:02,089 [INFO] Época 30/30, Batch 1050/3348, Loss: 0.0349
2025-10-09 18:02:02,348 [INFO] Época 30/30, Batch 1100/3348, Loss: 0.0660
2025-10-09 18:02:02,609 [INFO] Época 30/30, Batch 1150/3348, Loss: 0.0443
2025-10-09 18:02:02,870 [INFO] Época 30/30, Batch 1200/3348, Loss: 0.0421
2025-10-09 18:02:03,133 [INFO] Época 30/30, Batch 1250/3348, Loss: 0.0451
2025-10-09 18:02:03,395 [INFO] Época 30/30, Batch 1300/3348, Loss: 0.0381
2025-10-09 18:02:03,659 [INFO] Época 30/30, Batch 1350/3348, Loss: 0.0413
2025-10-09 18:02:03,921 [INFO] Época 30/30, Batch 1400/3348, Loss: 0.0385
2025-10-09 18:02:04,182 [INFO] Época 30/30, Batch 1450/3348, Loss: 0.0410
2025-10-09 18:02:04,445 [INFO] Época 30/30, Batch 1500/3348, Loss: 0.0605
2025-10-09 18:02:04,707 [INFO] Época 30/30, Batch 1550/3348, Loss: 0.0458
2025-10-09 18:02:04,968 [INFO] Época 30/30, Batch 1600/3348, Loss: 0.0396
2025-10-09 18:02:05,231 [INFO] Época 30/30, Batch 1650/3348, Loss: 0.0392
2025-10-09 18:02:05,491 [INFO] Época 30/30, Batch 1700/3348, Loss: 0.0335
2025-10-09 18:02:05,758 [INFO] Época 30/30, Batch 1750/3348, Loss: 0.0259
2025-10-09 18:02:06,025 [INFO] Época 30/30, Batch 1800/3348, Loss: 0.0465
2025-10-09 18:02:06,287 [INFO] Época 30/30, Batch 1850/3348, Loss: 0.0483
2025-10-09 18:02:06,548 [INFO] Época 30/30, Batch 1900/3348, Loss: 0.0546
2025-10-09 18:02:06,808 [INFO] Época 30/30, Batch 1950/3348, Loss: 0.0384
2025-10-09 18:02:07,071 [INFO] Época 30/30, Batch 2000/3348, Loss: 0.0531
2025-10-09 18:02:07,332 [INFO] Época 30/30, Batch 2050/3348, Loss: 0.0477
2025-10-09 18:02:07,594 [INFO] Época 30/30, Batch 2100/3348, Loss: 0.0410
2025-10-09 18:02:07,855 [INFO] Época 30/30, Batch 2150/3348, Loss: 0.0290
2025-10-09 18:02:08,116 [INFO] Época 30/30, Batch 2200/3348, Loss: 0.0523
2025-10-09 18:02:08,378 [INFO] Época 30/30, Batch 2250/3348, Loss: 0.0438
2025-10-09 18:02:08,641 [INFO] Época 30/30, Batch 2300/3348, Loss: 0.0396
2025-10-09 18:02:08,902 [INFO] Época 30/30, Batch 2350/3348, Loss: 0.0387
2025-10-09 18:02:09,164 [INFO] Época 30/30, Batch 2400/3348, Loss: 0.0332
2025-10-09 18:02:09,426 [INFO] Época 30/30, Batch 2450/3348, Loss: 0.0718
2025-10-09 18:02:09,688 [INFO] Época 30/30, Batch 2500/3348, Loss: 0.0439
2025-10-09 18:02:09,950 [INFO] Época 30/30, Batch 2550/3348, Loss: 0.0512
2025-10-09 18:02:10,213 [INFO] Época 30/30, Batch 2600/3348, Loss: 0.0511
2025-10-09 18:02:10,479 [INFO] Época 30/30, Batch 2650/3348, Loss: 0.0533
2025-10-09 18:02:10,742 [INFO] Época 30/30, Batch 2700/3348, Loss: 0.0396
2025-10-09 18:02:11,004 [INFO] Época 30/30, Batch 2750/3348, Loss: 0.0390
2025-10-09 18:02:11,263 [INFO] Época 30/30, Batch 2800/3348, Loss: 0.0830
2025-10-09 18:02:11,520 [INFO] Época 30/30, Batch 2850/3348, Loss: 0.0509
2025-10-09 18:02:11,778 [INFO] Época 30/30, Batch 2900/3348, Loss: 0.0461
2025-10-09 18:02:12,035 [INFO] Época 30/30, Batch 2950/3348, Loss: 0.0480
2025-10-09 18:02:12,293 [INFO] Época 30/30, Batch 3000/3348, Loss: 0.0445
2025-10-09 18:02:12,550 [INFO] Época 30/30, Batch 3050/3348, Loss: 0.0453
2025-10-09 18:02:12,808 [INFO] Época 30/30, Batch 3100/3348, Loss: 0.0462
2025-10-09 18:02:13,067 [INFO] Época 30/30, Batch 3150/3348, Loss: 0.0421
2025-10-09 18:02:13,324 [INFO] Época 30/30, Batch 3200/3348, Loss: 0.0426
2025-10-09 18:02:13,583 [INFO] Época 30/30, Batch 3250/3348, Loss: 0.0436
2025-10-09 18:02:13,841 [INFO] Época 30/30, Batch 3300/3348, Loss: 0.0464
2025-10-09 18:02:15,620 [INFO] [30/30] Train Loss: 0.0499 | Val Loss: 0.0841 | Tempo: 19.39s
2025-10-09 18:02:15,620 [INFO] Treinamento concluído em 584.54 segundos (9.74 minutos)
2025-10-09 18:02:15,620 [INFO] Iniciando avaliação no conjunto de teste...
2025-10-09 18:02:17,106 [INFO] Avaliação do teste concluída em 1.49 segundos
2025-10-09 18:02:17,107 [INFO] MSE no teste: 0.0087
2025-10-09 18:02:17,107 [INFO] RMSE no teste: 0.0935
2025-10-09 18:02:17,107 [INFO] MAE no teste: 0.0670
2025-10-09 18:02:17,107 [INFO] Métricas salvas em /mnt/hdd/home/jdurao/ToolBox-ChemXAI/logs/mlp_att1_Pattern_metrics.json
