2025-10-10 09:30:52,381 [INFO] Iniciando treinamento do modelo mlp_att12_CM
2025-10-10 09:30:52,381 [INFO] Configuração: att_index=12, epochs=30, layers=[128, 64, 32], lr=0.001, batch_size=32, descriptor_type=CM
2025-10-10 09:30:52,381 [INFO] Diretório para modelos: /mnt/hdd/home/jdurao/ToolBox-ChemXAI/models
2025-10-10 09:30:52,381 [INFO] Carregando dados...
2025-10-10 09:30:52,467 [INFO] Preparando dataloaders sem ruído...
2025-10-10 09:31:10,921 [INFO] Dados carregados em 18.54 segundos
2025-10-10 09:31:10,921 [INFO] Tamanhos dos conjuntos - Treino: 107108, Validação: 13388, Teste: 13389
2025-10-10 09:31:10,921 [INFO] Usando dispositivo: cuda
2025-10-10 09:31:11,339 [INFO] Dimensão de entrada: 841, Dimensão de saída: 1
2025-10-10 09:31:11,340 [INFO] Criando modelo MLP com camadas: [128, 64, 32]
2025-10-10 09:31:11,344 [INFO] Modelo criado com 118145 parâmetros
2025-10-10 09:31:11,364 [INFO] Iniciando treinamento com 30 épocas...
2025-10-10 09:31:11,958 [INFO] Época 1/30, Batch 50/3348, Loss: 0.2991
2025-10-10 09:31:12,230 [INFO] Época 1/30, Batch 100/3348, Loss: 0.2551
2025-10-10 09:31:12,491 [INFO] Época 1/30, Batch 150/3348, Loss: 0.1883
2025-10-10 09:31:12,746 [INFO] Época 1/30, Batch 200/3348, Loss: 0.1592
2025-10-10 09:31:13,021 [INFO] Época 1/30, Batch 250/3348, Loss: 0.1284
2025-10-10 09:31:13,276 [INFO] Época 1/30, Batch 300/3348, Loss: 0.1784
2025-10-10 09:31:13,539 [INFO] Época 1/30, Batch 350/3348, Loss: 0.1031
2025-10-10 09:31:13,805 [INFO] Época 1/30, Batch 400/3348, Loss: 0.1005
2025-10-10 09:31:14,070 [INFO] Época 1/30, Batch 450/3348, Loss: 0.1200
2025-10-10 09:31:14,336 [INFO] Época 1/30, Batch 500/3348, Loss: 0.0508
2025-10-10 09:31:14,601 [INFO] Época 1/30, Batch 550/3348, Loss: 0.0680
2025-10-10 09:31:14,867 [INFO] Época 1/30, Batch 600/3348, Loss: 0.0716
2025-10-10 09:31:15,131 [INFO] Época 1/30, Batch 650/3348, Loss: 0.0861
2025-10-10 09:31:15,397 [INFO] Época 1/30, Batch 700/3348, Loss: 0.0929
2025-10-10 09:31:15,661 [INFO] Época 1/30, Batch 750/3348, Loss: 0.0807
2025-10-10 09:31:15,927 [INFO] Época 1/30, Batch 800/3348, Loss: 0.0613
2025-10-10 09:31:16,191 [INFO] Época 1/30, Batch 850/3348, Loss: 0.0638
2025-10-10 09:31:16,460 [INFO] Época 1/30, Batch 900/3348, Loss: 0.0623
2025-10-10 09:31:16,728 [INFO] Época 1/30, Batch 950/3348, Loss: 0.0768
2025-10-10 09:31:16,992 [INFO] Época 1/30, Batch 1000/3348, Loss: 0.0521
2025-10-10 09:31:17,269 [INFO] Época 1/30, Batch 1050/3348, Loss: 0.0672
2025-10-10 09:31:17,534 [INFO] Época 1/30, Batch 1100/3348, Loss: 0.0458
2025-10-10 09:31:17,803 [INFO] Época 1/30, Batch 1150/3348, Loss: 0.0748
2025-10-10 09:31:18,072 [INFO] Época 1/30, Batch 1200/3348, Loss: 0.0780
2025-10-10 09:31:18,339 [INFO] Época 1/30, Batch 1250/3348, Loss: 0.0570
2025-10-10 09:31:18,613 [INFO] Época 1/30, Batch 1300/3348, Loss: 0.0509
2025-10-10 09:31:18,879 [INFO] Época 1/30, Batch 1350/3348, Loss: 0.0405
2025-10-10 09:31:19,145 [INFO] Época 1/30, Batch 1400/3348, Loss: 0.0911
2025-10-10 09:31:19,410 [INFO] Época 1/30, Batch 1450/3348, Loss: 0.0502
2025-10-10 09:31:19,677 [INFO] Época 1/30, Batch 1500/3348, Loss: 0.0470
2025-10-10 09:31:19,947 [INFO] Época 1/30, Batch 1550/3348, Loss: 0.0604
2025-10-10 09:31:20,212 [INFO] Época 1/30, Batch 1600/3348, Loss: 0.0448
2025-10-10 09:31:20,478 [INFO] Época 1/30, Batch 1650/3348, Loss: 0.0635
2025-10-10 09:31:20,746 [INFO] Época 1/30, Batch 1700/3348, Loss: 0.0393
2025-10-10 09:31:21,012 [INFO] Época 1/30, Batch 1750/3348, Loss: 0.0393
2025-10-10 09:31:21,279 [INFO] Época 1/30, Batch 1800/3348, Loss: 0.0625
2025-10-10 09:31:21,546 [INFO] Época 1/30, Batch 1850/3348, Loss: 0.0327
2025-10-10 09:31:21,812 [INFO] Época 1/30, Batch 1900/3348, Loss: 0.0728
2025-10-10 09:31:22,077 [INFO] Época 1/30, Batch 1950/3348, Loss: 0.0474
2025-10-10 09:31:22,355 [INFO] Época 1/30, Batch 2000/3348, Loss: 0.0310
2025-10-10 09:31:22,623 [INFO] Época 1/30, Batch 2050/3348, Loss: 0.0317
2025-10-10 09:31:22,889 [INFO] Época 1/30, Batch 2100/3348, Loss: 0.0390
2025-10-10 09:31:23,156 [INFO] Época 1/30, Batch 2150/3348, Loss: 0.0381
2025-10-10 09:31:23,424 [INFO] Época 1/30, Batch 2200/3348, Loss: 0.0447
2025-10-10 09:31:23,691 [INFO] Época 1/30, Batch 2250/3348, Loss: 0.0355
2025-10-10 09:31:23,967 [INFO] Época 1/30, Batch 2300/3348, Loss: 0.0327
2025-10-10 09:31:24,240 [INFO] Época 1/30, Batch 2350/3348, Loss: 0.0406
2025-10-10 09:31:24,515 [INFO] Época 1/30, Batch 2400/3348, Loss: 0.0280
2025-10-10 09:31:24,790 [INFO] Época 1/30, Batch 2450/3348, Loss: 0.0416
2025-10-10 09:31:25,065 [INFO] Época 1/30, Batch 2500/3348, Loss: 0.0267
2025-10-10 09:31:25,341 [INFO] Época 1/30, Batch 2550/3348, Loss: 0.0383
2025-10-10 09:31:25,617 [INFO] Época 1/30, Batch 2600/3348, Loss: 0.0365
2025-10-10 09:31:25,884 [INFO] Época 1/30, Batch 2650/3348, Loss: 0.0299
2025-10-10 09:31:26,151 [INFO] Época 1/30, Batch 2700/3348, Loss: 0.0297
2025-10-10 09:31:26,416 [INFO] Época 1/30, Batch 2750/3348, Loss: 0.0341
2025-10-10 09:31:26,681 [INFO] Época 1/30, Batch 2800/3348, Loss: 0.0547
2025-10-10 09:31:26,945 [INFO] Época 1/30, Batch 2850/3348, Loss: 0.0213
2025-10-10 09:31:27,211 [INFO] Época 1/30, Batch 2900/3348, Loss: 0.0692
2025-10-10 09:31:27,483 [INFO] Época 1/30, Batch 2950/3348, Loss: 0.0478
2025-10-10 09:31:27,750 [INFO] Época 1/30, Batch 3000/3348, Loss: 0.0320
2025-10-10 09:31:28,013 [INFO] Época 1/30, Batch 3050/3348, Loss: 0.0223
2025-10-10 09:31:28,282 [INFO] Época 1/30, Batch 3100/3348, Loss: 0.0314
2025-10-10 09:31:28,546 [INFO] Época 1/30, Batch 3150/3348, Loss: 0.0372
2025-10-10 09:31:28,821 [INFO] Época 1/30, Batch 3200/3348, Loss: 0.0309
2025-10-10 09:31:29,094 [INFO] Época 1/30, Batch 3250/3348, Loss: 0.0311
2025-10-10 09:31:29,369 [INFO] Época 1/30, Batch 3300/3348, Loss: 0.0679
2025-10-10 09:31:31,314 [INFO] [1/30] Train Loss: 0.0692 | Val Loss: 0.0530 | Tempo: 19.95s
2025-10-10 09:31:31,319 [INFO] Melhor modelo salvo em: /mnt/hdd/home/jdurao/ToolBox-ChemXAI/models/mlp_qm9_CM_att12_large.pth
2025-10-10 09:31:31,933 [INFO] Época 2/30, Batch 50/3348, Loss: 0.0311
2025-10-10 09:31:32,208 [INFO] Época 2/30, Batch 100/3348, Loss: 0.0556
2025-10-10 09:31:32,481 [INFO] Época 2/30, Batch 150/3348, Loss: 0.0284
2025-10-10 09:31:32,757 [INFO] Época 2/30, Batch 200/3348, Loss: 0.0426
2025-10-10 09:31:33,026 [INFO] Época 2/30, Batch 250/3348, Loss: 0.0452
2025-10-10 09:31:33,297 [INFO] Época 2/30, Batch 300/3348, Loss: 0.0248
2025-10-10 09:31:33,568 [INFO] Época 2/30, Batch 350/3348, Loss: 0.0270
2025-10-10 09:31:33,837 [INFO] Época 2/30, Batch 400/3348, Loss: 0.0311
2025-10-10 09:31:34,106 [INFO] Época 2/30, Batch 450/3348, Loss: 0.0295
2025-10-10 09:31:34,375 [INFO] Época 2/30, Batch 500/3348, Loss: 0.0275
2025-10-10 09:31:34,646 [INFO] Época 2/30, Batch 550/3348, Loss: 0.0474
2025-10-10 09:31:34,912 [INFO] Época 2/30, Batch 600/3348, Loss: 0.0306
2025-10-10 09:31:35,180 [INFO] Época 2/30, Batch 650/3348, Loss: 0.0463
2025-10-10 09:31:35,446 [INFO] Época 2/30, Batch 700/3348, Loss: 0.0343
2025-10-10 09:31:35,702 [INFO] Época 2/30, Batch 750/3348, Loss: 0.0225
2025-10-10 09:31:35,957 [INFO] Época 2/30, Batch 800/3348, Loss: 0.0418
2025-10-10 09:31:36,211 [INFO] Época 2/30, Batch 850/3348, Loss: 0.0304
2025-10-10 09:31:36,465 [INFO] Época 2/30, Batch 900/3348, Loss: 0.0614
2025-10-10 09:31:36,721 [INFO] Época 2/30, Batch 950/3348, Loss: 0.0250
2025-10-10 09:31:36,975 [INFO] Época 2/30, Batch 1000/3348, Loss: 0.0290
2025-10-10 09:31:37,232 [INFO] Época 2/30, Batch 1050/3348, Loss: 0.0422
2025-10-10 09:31:37,485 [INFO] Época 2/30, Batch 1100/3348, Loss: 0.0195
2025-10-10 09:31:37,760 [INFO] Época 2/30, Batch 1150/3348, Loss: 0.0371
2025-10-10 09:31:38,018 [INFO] Época 2/30, Batch 1200/3348, Loss: 0.0258
2025-10-10 09:31:38,276 [INFO] Época 2/30, Batch 1250/3348, Loss: 0.0233
2025-10-10 09:31:38,535 [INFO] Época 2/30, Batch 1300/3348, Loss: 0.0242
2025-10-10 09:31:38,801 [INFO] Época 2/30, Batch 1350/3348, Loss: 0.0166
2025-10-10 09:31:39,067 [INFO] Época 2/30, Batch 1400/3348, Loss: 0.0243
2025-10-10 09:31:39,334 [INFO] Época 2/30, Batch 1450/3348, Loss: 0.0811
2025-10-10 09:31:39,598 [INFO] Época 2/30, Batch 1500/3348, Loss: 0.0383
2025-10-10 09:31:39,867 [INFO] Época 2/30, Batch 1550/3348, Loss: 0.0291
2025-10-10 09:31:40,135 [INFO] Época 2/30, Batch 1600/3348, Loss: 0.0286
2025-10-10 09:31:40,402 [INFO] Época 2/30, Batch 1650/3348, Loss: 0.0263
2025-10-10 09:31:40,671 [INFO] Época 2/30, Batch 1700/3348, Loss: 0.0683
2025-10-10 09:31:40,938 [INFO] Época 2/30, Batch 1750/3348, Loss: 0.0202
2025-10-10 09:31:41,206 [INFO] Época 2/30, Batch 1800/3348, Loss: 0.0287
2025-10-10 09:31:41,476 [INFO] Época 2/30, Batch 1850/3348, Loss: 0.0328
2025-10-10 09:31:41,745 [INFO] Época 2/30, Batch 1900/3348, Loss: 0.0185
2025-10-10 09:31:42,014 [INFO] Época 2/30, Batch 1950/3348, Loss: 0.0348
2025-10-10 09:31:42,282 [INFO] Época 2/30, Batch 2000/3348, Loss: 0.0315
2025-10-10 09:31:42,552 [INFO] Época 2/30, Batch 2050/3348, Loss: 0.0258
2025-10-10 09:31:42,832 [INFO] Época 2/30, Batch 2100/3348, Loss: 0.0320
2025-10-10 09:31:43,101 [INFO] Época 2/30, Batch 2150/3348, Loss: 0.0245
2025-10-10 09:31:43,370 [INFO] Época 2/30, Batch 2200/3348, Loss: 0.0329
2025-10-10 09:31:43,638 [INFO] Época 2/30, Batch 2250/3348, Loss: 0.0201
2025-10-10 09:31:43,907 [INFO] Época 2/30, Batch 2300/3348, Loss: 0.0254
2025-10-10 09:31:44,183 [INFO] Época 2/30, Batch 2350/3348, Loss: 0.0440
2025-10-10 09:31:44,458 [INFO] Época 2/30, Batch 2400/3348, Loss: 0.0206
2025-10-10 09:31:44,727 [INFO] Época 2/30, Batch 2450/3348, Loss: 0.0257
2025-10-10 09:31:44,997 [INFO] Época 2/30, Batch 2500/3348, Loss: 0.0312
2025-10-10 09:31:45,265 [INFO] Época 2/30, Batch 2550/3348, Loss: 0.0396
2025-10-10 09:31:45,536 [INFO] Época 2/30, Batch 2600/3348, Loss: 0.0249
2025-10-10 09:31:45,806 [INFO] Época 2/30, Batch 2650/3348, Loss: 0.0232
2025-10-10 09:31:46,075 [INFO] Época 2/30, Batch 2700/3348, Loss: 0.0373
2025-10-10 09:31:46,342 [INFO] Época 2/30, Batch 2750/3348, Loss: 0.0232
2025-10-10 09:31:46,609 [INFO] Época 2/30, Batch 2800/3348, Loss: 0.0303
2025-10-10 09:31:46,877 [INFO] Época 2/30, Batch 2850/3348, Loss: 0.0319
2025-10-10 09:31:47,143 [INFO] Época 2/30, Batch 2900/3348, Loss: 0.0263
2025-10-10 09:31:47,410 [INFO] Época 2/30, Batch 2950/3348, Loss: 0.0183
2025-10-10 09:31:47,675 [INFO] Época 2/30, Batch 3000/3348, Loss: 0.0276
2025-10-10 09:31:47,955 [INFO] Época 2/30, Batch 3050/3348, Loss: 0.0356
2025-10-10 09:31:48,225 [INFO] Época 2/30, Batch 3100/3348, Loss: 0.0207
2025-10-10 09:31:48,495 [INFO] Época 2/30, Batch 3150/3348, Loss: 0.0343
2025-10-10 09:31:48,762 [INFO] Época 2/30, Batch 3200/3348, Loss: 0.0425
2025-10-10 09:31:49,030 [INFO] Época 2/30, Batch 3250/3348, Loss: 0.0321
2025-10-10 09:31:49,306 [INFO] Época 2/30, Batch 3300/3348, Loss: 0.0221
2025-10-10 09:31:51,143 [INFO] [2/30] Train Loss: 0.0320 | Val Loss: 0.0404 | Tempo: 19.82s
2025-10-10 09:31:51,150 [INFO] Melhor modelo salvo em: /mnt/hdd/home/jdurao/ToolBox-ChemXAI/models/mlp_qm9_CM_att12_large.pth
2025-10-10 09:31:51,761 [INFO] Época 3/30, Batch 50/3348, Loss: 0.0276
2025-10-10 09:31:52,045 [INFO] Época 3/30, Batch 100/3348, Loss: 0.0240
2025-10-10 09:31:52,327 [INFO] Época 3/30, Batch 150/3348, Loss: 0.0213
2025-10-10 09:31:52,606 [INFO] Época 3/30, Batch 200/3348, Loss: 0.0279
2025-10-10 09:31:52,880 [INFO] Época 3/30, Batch 250/3348, Loss: 0.0270
2025-10-10 09:31:53,164 [INFO] Época 3/30, Batch 300/3348, Loss: 0.0420
2025-10-10 09:31:53,439 [INFO] Época 3/30, Batch 350/3348, Loss: 0.0238
2025-10-10 09:31:53,711 [INFO] Época 3/30, Batch 400/3348, Loss: 0.0218
2025-10-10 09:31:53,982 [INFO] Época 3/30, Batch 450/3348, Loss: 0.0233
2025-10-10 09:31:54,251 [INFO] Época 3/30, Batch 500/3348, Loss: 0.0216
2025-10-10 09:31:54,521 [INFO] Época 3/30, Batch 550/3348, Loss: 0.0241
2025-10-10 09:31:54,793 [INFO] Época 3/30, Batch 600/3348, Loss: 0.0275
2025-10-10 09:31:55,063 [INFO] Época 3/30, Batch 650/3348, Loss: 0.0230
2025-10-10 09:31:55,332 [INFO] Época 3/30, Batch 700/3348, Loss: 0.0410
2025-10-10 09:31:55,601 [INFO] Época 3/30, Batch 750/3348, Loss: 0.0279
2025-10-10 09:31:55,865 [INFO] Época 3/30, Batch 800/3348, Loss: 0.0247
2025-10-10 09:31:56,136 [INFO] Época 3/30, Batch 850/3348, Loss: 0.0210
2025-10-10 09:31:56,403 [INFO] Época 3/30, Batch 900/3348, Loss: 0.0268
2025-10-10 09:31:56,672 [INFO] Época 3/30, Batch 950/3348, Loss: 0.0256
2025-10-10 09:31:56,939 [INFO] Época 3/30, Batch 1000/3348, Loss: 0.0149
2025-10-10 09:31:57,208 [INFO] Época 3/30, Batch 1050/3348, Loss: 0.0183
2025-10-10 09:31:57,479 [INFO] Época 3/30, Batch 1100/3348, Loss: 0.0242
2025-10-10 09:31:57,759 [INFO] Época 3/30, Batch 1150/3348, Loss: 0.0270
2025-10-10 09:31:58,036 [INFO] Época 3/30, Batch 1200/3348, Loss: 0.0341
2025-10-10 09:31:58,323 [INFO] Época 3/30, Batch 1250/3348, Loss: 0.0150
2025-10-10 09:31:58,600 [INFO] Época 3/30, Batch 1300/3348, Loss: 0.0222
2025-10-10 09:31:58,877 [INFO] Época 3/30, Batch 1350/3348, Loss: 0.0239
2025-10-10 09:31:59,153 [INFO] Época 3/30, Batch 1400/3348, Loss: 0.0268
2025-10-10 09:31:59,434 [INFO] Época 3/30, Batch 1450/3348, Loss: 0.0223
2025-10-10 09:31:59,711 [INFO] Época 3/30, Batch 1500/3348, Loss: 0.0168
2025-10-10 09:31:59,989 [INFO] Época 3/30, Batch 1550/3348, Loss: 0.0236
2025-10-10 09:32:00,269 [INFO] Época 3/30, Batch 1600/3348, Loss: 0.0138
2025-10-10 09:32:00,548 [INFO] Época 3/30, Batch 1650/3348, Loss: 0.0321
2025-10-10 09:32:00,826 [INFO] Época 3/30, Batch 1700/3348, Loss: 0.0433
2025-10-10 09:32:01,104 [INFO] Época 3/30, Batch 1750/3348, Loss: 0.0267
2025-10-10 09:32:01,381 [INFO] Época 3/30, Batch 1800/3348, Loss: 0.0350
2025-10-10 09:32:01,663 [INFO] Época 3/30, Batch 1850/3348, Loss: 0.0289
2025-10-10 09:32:01,942 [INFO] Época 3/30, Batch 1900/3348, Loss: 0.0274
2025-10-10 09:32:02,219 [INFO] Época 3/30, Batch 1950/3348, Loss: 0.0188
2025-10-10 09:32:02,496 [INFO] Época 3/30, Batch 2000/3348, Loss: 0.0203
2025-10-10 09:32:02,776 [INFO] Época 3/30, Batch 2050/3348, Loss: 0.0215
2025-10-10 09:32:03,053 [INFO] Época 3/30, Batch 2100/3348, Loss: 0.0370
2025-10-10 09:32:03,334 [INFO] Época 3/30, Batch 2150/3348, Loss: 0.0195
2025-10-10 09:32:03,615 [INFO] Época 3/30, Batch 2200/3348, Loss: 0.0285
2025-10-10 09:32:03,898 [INFO] Época 3/30, Batch 2250/3348, Loss: 0.0210
2025-10-10 09:32:04,179 [INFO] Época 3/30, Batch 2300/3348, Loss: 0.0283
2025-10-10 09:32:04,458 [INFO] Época 3/30, Batch 2350/3348, Loss: 0.0262
2025-10-10 09:32:04,740 [INFO] Época 3/30, Batch 2400/3348, Loss: 0.0209
2025-10-10 09:32:05,020 [INFO] Época 3/30, Batch 2450/3348, Loss: 0.0225
2025-10-10 09:32:05,297 [INFO] Época 3/30, Batch 2500/3348, Loss: 0.0280
2025-10-10 09:32:05,575 [INFO] Época 3/30, Batch 2550/3348, Loss: 0.0222
2025-10-10 09:32:05,855 [INFO] Época 3/30, Batch 2600/3348, Loss: 0.0240
2025-10-10 09:32:06,137 [INFO] Época 3/30, Batch 2650/3348, Loss: 0.0261
2025-10-10 09:32:06,417 [INFO] Época 3/30, Batch 2700/3348, Loss: 0.0187
2025-10-10 09:32:06,694 [INFO] Época 3/30, Batch 2750/3348, Loss: 0.0310
2025-10-10 09:32:06,973 [INFO] Época 3/30, Batch 2800/3348, Loss: 0.0212
2025-10-10 09:32:07,250 [INFO] Época 3/30, Batch 2850/3348, Loss: 0.0394
2025-10-10 09:32:07,530 [INFO] Época 3/30, Batch 2900/3348, Loss: 0.0292
2025-10-10 09:32:07,801 [INFO] Época 3/30, Batch 2950/3348, Loss: 0.0350
2025-10-10 09:32:08,073 [INFO] Época 3/30, Batch 3000/3348, Loss: 0.0265
2025-10-10 09:32:08,355 [INFO] Época 3/30, Batch 3050/3348, Loss: 0.0221
2025-10-10 09:32:08,625 [INFO] Época 3/30, Batch 3100/3348, Loss: 0.0276
2025-10-10 09:32:08,898 [INFO] Época 3/30, Batch 3150/3348, Loss: 0.0351
2025-10-10 09:32:09,166 [INFO] Época 3/30, Batch 3200/3348, Loss: 0.0220
2025-10-10 09:32:09,436 [INFO] Época 3/30, Batch 3250/3348, Loss: 0.0444
2025-10-10 09:32:09,708 [INFO] Época 3/30, Batch 3300/3348, Loss: 0.0248
2025-10-10 09:32:11,559 [INFO] [3/30] Train Loss: 0.0263 | Val Loss: 0.0268 | Tempo: 20.41s
2025-10-10 09:32:11,565 [INFO] Melhor modelo salvo em: /mnt/hdd/home/jdurao/ToolBox-ChemXAI/models/mlp_qm9_CM_att12_large.pth
2025-10-10 09:32:12,178 [INFO] Época 4/30, Batch 50/3348, Loss: 0.0217
2025-10-10 09:32:12,447 [INFO] Época 4/30, Batch 100/3348, Loss: 0.0227
2025-10-10 09:32:12,713 [INFO] Época 4/30, Batch 150/3348, Loss: 0.0316
2025-10-10 09:32:12,976 [INFO] Época 4/30, Batch 200/3348, Loss: 0.0211
2025-10-10 09:32:13,241 [INFO] Época 4/30, Batch 250/3348, Loss: 0.0158
2025-10-10 09:32:13,518 [INFO] Época 4/30, Batch 300/3348, Loss: 0.0213
2025-10-10 09:32:13,784 [INFO] Época 4/30, Batch 350/3348, Loss: 0.0221
2025-10-10 09:32:14,047 [INFO] Época 4/30, Batch 400/3348, Loss: 0.0168
2025-10-10 09:32:14,311 [INFO] Época 4/30, Batch 450/3348, Loss: 0.0326
2025-10-10 09:32:14,576 [INFO] Época 4/30, Batch 500/3348, Loss: 0.0200
2025-10-10 09:32:14,837 [INFO] Época 4/30, Batch 550/3348, Loss: 0.0199
2025-10-10 09:32:15,099 [INFO] Época 4/30, Batch 600/3348, Loss: 0.0240
2025-10-10 09:32:15,361 [INFO] Época 4/30, Batch 650/3348, Loss: 0.0188
2025-10-10 09:32:15,623 [INFO] Época 4/30, Batch 700/3348, Loss: 0.0199
2025-10-10 09:32:15,881 [INFO] Época 4/30, Batch 750/3348, Loss: 0.0242
2025-10-10 09:32:16,141 [INFO] Época 4/30, Batch 800/3348, Loss: 0.0325
2025-10-10 09:32:16,401 [INFO] Época 4/30, Batch 850/3348, Loss: 0.0242
2025-10-10 09:32:16,659 [INFO] Época 4/30, Batch 900/3348, Loss: 0.0176
2025-10-10 09:32:16,917 [INFO] Época 4/30, Batch 950/3348, Loss: 0.0165
2025-10-10 09:32:17,174 [INFO] Época 4/30, Batch 1000/3348, Loss: 0.0151
2025-10-10 09:32:17,429 [INFO] Época 4/30, Batch 1050/3348, Loss: 0.0237
2025-10-10 09:32:17,688 [INFO] Época 4/30, Batch 1100/3348, Loss: 0.0287
2025-10-10 09:32:17,958 [INFO] Época 4/30, Batch 1150/3348, Loss: 0.0308
2025-10-10 09:32:18,228 [INFO] Época 4/30, Batch 1200/3348, Loss: 0.0328
2025-10-10 09:32:18,494 [INFO] Época 4/30, Batch 1250/3348, Loss: 0.0154
2025-10-10 09:32:18,772 [INFO] Época 4/30, Batch 1300/3348, Loss: 0.0247
2025-10-10 09:32:19,040 [INFO] Época 4/30, Batch 1350/3348, Loss: 0.0287
2025-10-10 09:32:19,307 [INFO] Época 4/30, Batch 1400/3348, Loss: 0.0175
2025-10-10 09:32:19,573 [INFO] Época 4/30, Batch 1450/3348, Loss: 0.0169
2025-10-10 09:32:19,838 [INFO] Época 4/30, Batch 1500/3348, Loss: 0.0224
2025-10-10 09:32:20,103 [INFO] Época 4/30, Batch 1550/3348, Loss: 0.0212
2025-10-10 09:32:20,369 [INFO] Época 4/30, Batch 1600/3348, Loss: 0.0249
2025-10-10 09:32:20,635 [INFO] Época 4/30, Batch 1650/3348, Loss: 0.0248
2025-10-10 09:32:20,902 [INFO] Época 4/30, Batch 1700/3348, Loss: 0.0208
2025-10-10 09:32:21,169 [INFO] Época 4/30, Batch 1750/3348, Loss: 0.0143
2025-10-10 09:32:21,434 [INFO] Época 4/30, Batch 1800/3348, Loss: 0.0237
2025-10-10 09:32:21,702 [INFO] Época 4/30, Batch 1850/3348, Loss: 0.0280
2025-10-10 09:32:21,966 [INFO] Época 4/30, Batch 1900/3348, Loss: 0.0149
2025-10-10 09:32:22,233 [INFO] Época 4/30, Batch 1950/3348, Loss: 0.0196
2025-10-10 09:32:22,496 [INFO] Época 4/30, Batch 2000/3348, Loss: 0.0355
2025-10-10 09:32:22,762 [INFO] Época 4/30, Batch 2050/3348, Loss: 0.0194
2025-10-10 09:32:23,026 [INFO] Época 4/30, Batch 2100/3348, Loss: 0.0144
2025-10-10 09:32:23,292 [INFO] Época 4/30, Batch 2150/3348, Loss: 0.0268
2025-10-10 09:32:23,559 [INFO] Época 4/30, Batch 2200/3348, Loss: 0.0214
2025-10-10 09:32:23,835 [INFO] Época 4/30, Batch 2250/3348, Loss: 0.0369
2025-10-10 09:32:24,099 [INFO] Época 4/30, Batch 2300/3348, Loss: 0.0120
2025-10-10 09:32:24,364 [INFO] Época 4/30, Batch 2350/3348, Loss: 0.0214
2025-10-10 09:32:24,633 [INFO] Época 4/30, Batch 2400/3348, Loss: 0.0365
2025-10-10 09:32:24,899 [INFO] Época 4/30, Batch 2450/3348, Loss: 0.0363
2025-10-10 09:32:25,166 [INFO] Época 4/30, Batch 2500/3348, Loss: 0.0192
2025-10-10 09:32:25,432 [INFO] Época 4/30, Batch 2550/3348, Loss: 0.0195
2025-10-10 09:32:25,698 [INFO] Época 4/30, Batch 2600/3348, Loss: 0.0296
2025-10-10 09:32:25,964 [INFO] Época 4/30, Batch 2650/3348, Loss: 0.0224
2025-10-10 09:32:26,230 [INFO] Época 4/30, Batch 2700/3348, Loss: 0.0181
2025-10-10 09:32:26,492 [INFO] Época 4/30, Batch 2750/3348, Loss: 0.0182
2025-10-10 09:32:26,756 [INFO] Época 4/30, Batch 2800/3348, Loss: 0.0215
2025-10-10 09:32:27,018 [INFO] Época 4/30, Batch 2850/3348, Loss: 0.0176
2025-10-10 09:32:27,280 [INFO] Época 4/30, Batch 2900/3348, Loss: 0.0196
2025-10-10 09:32:27,542 [INFO] Época 4/30, Batch 2950/3348, Loss: 0.0437
2025-10-10 09:32:27,805 [INFO] Época 4/30, Batch 3000/3348, Loss: 0.0197
2025-10-10 09:32:28,065 [INFO] Época 4/30, Batch 3050/3348, Loss: 0.0105
2025-10-10 09:32:28,327 [INFO] Época 4/30, Batch 3100/3348, Loss: 0.0173
2025-10-10 09:32:28,587 [INFO] Época 4/30, Batch 3150/3348, Loss: 0.0172
2025-10-10 09:32:28,860 [INFO] Época 4/30, Batch 3200/3348, Loss: 0.0203
2025-10-10 09:32:29,121 [INFO] Época 4/30, Batch 3250/3348, Loss: 0.0162
2025-10-10 09:32:29,382 [INFO] Época 4/30, Batch 3300/3348, Loss: 0.0297
2025-10-10 09:32:31,198 [INFO] [4/30] Train Loss: 0.0226 | Val Loss: 0.0251 | Tempo: 19.63s
2025-10-10 09:32:31,204 [INFO] Melhor modelo salvo em: /mnt/hdd/home/jdurao/ToolBox-ChemXAI/models/mlp_qm9_CM_att12_large.pth
2025-10-10 09:32:31,802 [INFO] Época 5/30, Batch 50/3348, Loss: 0.0371
2025-10-10 09:32:32,073 [INFO] Época 5/30, Batch 100/3348, Loss: 0.0254
2025-10-10 09:32:32,341 [INFO] Época 5/30, Batch 150/3348, Loss: 0.0171
2025-10-10 09:32:32,608 [INFO] Época 5/30, Batch 200/3348, Loss: 0.0186
2025-10-10 09:32:32,875 [INFO] Época 5/30, Batch 250/3348, Loss: 0.0176
2025-10-10 09:32:33,142 [INFO] Época 5/30, Batch 300/3348, Loss: 0.0117
2025-10-10 09:32:33,409 [INFO] Época 5/30, Batch 350/3348, Loss: 0.0156
2025-10-10 09:32:33,674 [INFO] Época 5/30, Batch 400/3348, Loss: 0.0285
2025-10-10 09:32:33,950 [INFO] Época 5/30, Batch 450/3348, Loss: 0.0191
2025-10-10 09:32:34,216 [INFO] Época 5/30, Batch 500/3348, Loss: 0.0363
2025-10-10 09:32:34,480 [INFO] Época 5/30, Batch 550/3348, Loss: 0.0206
2025-10-10 09:32:34,746 [INFO] Época 5/30, Batch 600/3348, Loss: 0.0156
2025-10-10 09:32:35,016 [INFO] Época 5/30, Batch 650/3348, Loss: 0.0179
2025-10-10 09:32:35,281 [INFO] Época 5/30, Batch 700/3348, Loss: 0.0172
2025-10-10 09:32:35,546 [INFO] Época 5/30, Batch 750/3348, Loss: 0.0159
2025-10-10 09:32:35,813 [INFO] Época 5/30, Batch 800/3348, Loss: 0.0145
2025-10-10 09:32:36,076 [INFO] Época 5/30, Batch 850/3348, Loss: 0.0189
2025-10-10 09:32:36,343 [INFO] Época 5/30, Batch 900/3348, Loss: 0.0174
2025-10-10 09:32:36,608 [INFO] Época 5/30, Batch 950/3348, Loss: 0.0189
2025-10-10 09:32:36,873 [INFO] Época 5/30, Batch 1000/3348, Loss: 0.0313
2025-10-10 09:32:37,137 [INFO] Época 5/30, Batch 1050/3348, Loss: 0.0382
2025-10-10 09:32:37,394 [INFO] Época 5/30, Batch 1100/3348, Loss: 0.0223
2025-10-10 09:32:37,652 [INFO] Época 5/30, Batch 1150/3348, Loss: 0.0417
2025-10-10 09:32:37,920 [INFO] Época 5/30, Batch 1200/3348, Loss: 0.0238
2025-10-10 09:32:38,187 [INFO] Época 5/30, Batch 1250/3348, Loss: 0.0140
2025-10-10 09:32:38,452 [INFO] Época 5/30, Batch 1300/3348, Loss: 0.0111
2025-10-10 09:32:38,718 [INFO] Época 5/30, Batch 1350/3348, Loss: 0.0174
2025-10-10 09:32:38,996 [INFO] Época 5/30, Batch 1400/3348, Loss: 0.0158
2025-10-10 09:32:39,263 [INFO] Época 5/30, Batch 1450/3348, Loss: 0.0151
2025-10-10 09:32:39,529 [INFO] Época 5/30, Batch 1500/3348, Loss: 0.0166
2025-10-10 09:32:39,796 [INFO] Época 5/30, Batch 1550/3348, Loss: 0.0235
2025-10-10 09:32:40,063 [INFO] Época 5/30, Batch 1600/3348, Loss: 0.0219
2025-10-10 09:32:40,328 [INFO] Época 5/30, Batch 1650/3348, Loss: 0.0172
2025-10-10 09:32:40,596 [INFO] Época 5/30, Batch 1700/3348, Loss: 0.0177
2025-10-10 09:32:40,861 [INFO] Época 5/30, Batch 1750/3348, Loss: 0.0154
2025-10-10 09:32:41,126 [INFO] Época 5/30, Batch 1800/3348, Loss: 0.0184
2025-10-10 09:32:41,394 [INFO] Época 5/30, Batch 1850/3348, Loss: 0.0138
2025-10-10 09:32:41,661 [INFO] Época 5/30, Batch 1900/3348, Loss: 0.0287
2025-10-10 09:32:41,928 [INFO] Época 5/30, Batch 1950/3348, Loss: 0.0193
2025-10-10 09:32:42,193 [INFO] Época 5/30, Batch 2000/3348, Loss: 0.0186
2025-10-10 09:32:42,458 [INFO] Época 5/30, Batch 2050/3348, Loss: 0.0201
2025-10-10 09:32:42,724 [INFO] Época 5/30, Batch 2100/3348, Loss: 0.0309
2025-10-10 09:32:42,993 [INFO] Época 5/30, Batch 2150/3348, Loss: 0.0166
2025-10-10 09:32:43,263 [INFO] Época 5/30, Batch 2200/3348, Loss: 0.0167
2025-10-10 09:32:43,530 [INFO] Época 5/30, Batch 2250/3348, Loss: 0.0131
2025-10-10 09:32:43,800 [INFO] Época 5/30, Batch 2300/3348, Loss: 0.0142
2025-10-10 09:32:44,079 [INFO] Época 5/30, Batch 2350/3348, Loss: 0.0134
2025-10-10 09:32:44,347 [INFO] Época 5/30, Batch 2400/3348, Loss: 0.0204
2025-10-10 09:32:44,617 [INFO] Época 5/30, Batch 2450/3348, Loss: 0.0168
2025-10-10 09:32:44,885 [INFO] Época 5/30, Batch 2500/3348, Loss: 0.0123
2025-10-10 09:32:45,154 [INFO] Época 5/30, Batch 2550/3348, Loss: 0.0250
2025-10-10 09:32:45,424 [INFO] Época 5/30, Batch 2600/3348, Loss: 0.0149
2025-10-10 09:32:45,694 [INFO] Época 5/30, Batch 2650/3348, Loss: 0.0272
2025-10-10 09:32:45,963 [INFO] Época 5/30, Batch 2700/3348, Loss: 0.0175
2025-10-10 09:32:46,233 [INFO] Época 5/30, Batch 2750/3348, Loss: 0.0129
2025-10-10 09:32:46,509 [INFO] Época 5/30, Batch 2800/3348, Loss: 0.0195
2025-10-10 09:32:46,783 [INFO] Época 5/30, Batch 2850/3348, Loss: 0.0445
2025-10-10 09:32:47,056 [INFO] Época 5/30, Batch 2900/3348, Loss: 0.0104
2025-10-10 09:32:47,331 [INFO] Época 5/30, Batch 2950/3348, Loss: 0.0337
2025-10-10 09:32:47,604 [INFO] Época 5/30, Batch 3000/3348, Loss: 0.0240
2025-10-10 09:32:47,878 [INFO] Época 5/30, Batch 3050/3348, Loss: 0.0237
2025-10-10 09:32:48,153 [INFO] Época 5/30, Batch 3100/3348, Loss: 0.0437
2025-10-10 09:32:48,428 [INFO] Época 5/30, Batch 3150/3348, Loss: 0.0167
2025-10-10 09:32:48,704 [INFO] Época 5/30, Batch 3200/3348, Loss: 0.0156
2025-10-10 09:32:48,975 [INFO] Época 5/30, Batch 3250/3348, Loss: 0.0199
2025-10-10 09:32:49,245 [INFO] Época 5/30, Batch 3300/3348, Loss: 0.0229
2025-10-10 09:32:51,187 [INFO] [5/30] Train Loss: 0.0196 | Val Loss: 0.0230 | Tempo: 19.98s
2025-10-10 09:32:51,193 [INFO] Melhor modelo salvo em: /mnt/hdd/home/jdurao/ToolBox-ChemXAI/models/mlp_qm9_CM_att12_large.pth
2025-10-10 09:32:51,815 [INFO] Época 6/30, Batch 50/3348, Loss: 0.0109
2025-10-10 09:32:52,100 [INFO] Época 6/30, Batch 100/3348, Loss: 0.0145
2025-10-10 09:32:52,380 [INFO] Época 6/30, Batch 150/3348, Loss: 0.0160
2025-10-10 09:32:52,660 [INFO] Época 6/30, Batch 200/3348, Loss: 0.0166
2025-10-10 09:32:52,940 [INFO] Época 6/30, Batch 250/3348, Loss: 0.0263
2025-10-10 09:32:53,221 [INFO] Época 6/30, Batch 300/3348, Loss: 0.0180
2025-10-10 09:32:53,499 [INFO] Época 6/30, Batch 350/3348, Loss: 0.0196
2025-10-10 09:32:53,776 [INFO] Época 6/30, Batch 400/3348, Loss: 0.0326
2025-10-10 09:32:54,045 [INFO] Época 6/30, Batch 450/3348, Loss: 0.0108
2025-10-10 09:32:54,321 [INFO] Época 6/30, Batch 500/3348, Loss: 0.0159
2025-10-10 09:32:54,588 [INFO] Época 6/30, Batch 550/3348, Loss: 0.0179
2025-10-10 09:32:54,854 [INFO] Época 6/30, Batch 600/3348, Loss: 0.0168
2025-10-10 09:32:55,120 [INFO] Época 6/30, Batch 650/3348, Loss: 0.0176
2025-10-10 09:32:55,386 [INFO] Época 6/30, Batch 700/3348, Loss: 0.0133
2025-10-10 09:32:55,651 [INFO] Época 6/30, Batch 750/3348, Loss: 0.0118
2025-10-10 09:32:55,919 [INFO] Época 6/30, Batch 800/3348, Loss: 0.0193
2025-10-10 09:32:56,192 [INFO] Época 6/30, Batch 850/3348, Loss: 0.0134
2025-10-10 09:32:56,468 [INFO] Época 6/30, Batch 900/3348, Loss: 0.0243
2025-10-10 09:32:56,743 [INFO] Época 6/30, Batch 950/3348, Loss: 0.0238
2025-10-10 09:32:57,017 [INFO] Época 6/30, Batch 1000/3348, Loss: 0.0215
2025-10-10 09:32:57,290 [INFO] Época 6/30, Batch 1050/3348, Loss: 0.0226
2025-10-10 09:32:57,563 [INFO] Época 6/30, Batch 1100/3348, Loss: 0.0155
2025-10-10 09:32:57,838 [INFO] Época 6/30, Batch 1150/3348, Loss: 0.0145
2025-10-10 09:32:58,113 [INFO] Época 6/30, Batch 1200/3348, Loss: 0.0257
2025-10-10 09:32:58,387 [INFO] Época 6/30, Batch 1250/3348, Loss: 0.0124
2025-10-10 09:32:58,661 [INFO] Época 6/30, Batch 1300/3348, Loss: 0.0307
2025-10-10 09:32:58,936 [INFO] Época 6/30, Batch 1350/3348, Loss: 0.0156
2025-10-10 09:32:59,211 [INFO] Época 6/30, Batch 1400/3348, Loss: 0.0128
2025-10-10 09:32:59,498 [INFO] Época 6/30, Batch 1450/3348, Loss: 0.0201
2025-10-10 09:32:59,772 [INFO] Época 6/30, Batch 1500/3348, Loss: 0.0166
2025-10-10 09:33:00,046 [INFO] Época 6/30, Batch 1550/3348, Loss: 0.0249
2025-10-10 09:33:00,312 [INFO] Época 6/30, Batch 1600/3348, Loss: 0.0202
2025-10-10 09:33:00,577 [INFO] Época 6/30, Batch 1650/3348, Loss: 0.0296
2025-10-10 09:33:00,843 [INFO] Época 6/30, Batch 1700/3348, Loss: 0.0188
2025-10-10 09:33:01,108 [INFO] Época 6/30, Batch 1750/3348, Loss: 0.0157
2025-10-10 09:33:01,374 [INFO] Época 6/30, Batch 1800/3348, Loss: 0.0198
2025-10-10 09:33:01,640 [INFO] Época 6/30, Batch 1850/3348, Loss: 0.0152
2025-10-10 09:33:01,905 [INFO] Época 6/30, Batch 1900/3348, Loss: 0.0115
2025-10-10 09:33:02,170 [INFO] Época 6/30, Batch 1950/3348, Loss: 0.0133
2025-10-10 09:33:02,437 [INFO] Época 6/30, Batch 2000/3348, Loss: 0.0158
2025-10-10 09:33:02,704 [INFO] Época 6/30, Batch 2050/3348, Loss: 0.0213
2025-10-10 09:33:02,969 [INFO] Época 6/30, Batch 2100/3348, Loss: 0.0105
2025-10-10 09:33:03,235 [INFO] Época 6/30, Batch 2150/3348, Loss: 0.0140
2025-10-10 09:33:03,507 [INFO] Época 6/30, Batch 2200/3348, Loss: 0.0157
2025-10-10 09:33:03,785 [INFO] Época 6/30, Batch 2250/3348, Loss: 0.0233
2025-10-10 09:33:04,061 [INFO] Época 6/30, Batch 2300/3348, Loss: 0.0208
2025-10-10 09:33:04,337 [INFO] Época 6/30, Batch 2350/3348, Loss: 0.0143
2025-10-10 09:33:04,610 [INFO] Época 6/30, Batch 2400/3348, Loss: 0.0204
2025-10-10 09:33:04,878 [INFO] Época 6/30, Batch 2450/3348, Loss: 0.0076
2025-10-10 09:33:05,144 [INFO] Época 6/30, Batch 2500/3348, Loss: 0.0165
2025-10-10 09:33:05,412 [INFO] Época 6/30, Batch 2550/3348, Loss: 0.0158
2025-10-10 09:33:05,677 [INFO] Época 6/30, Batch 2600/3348, Loss: 0.0196
2025-10-10 09:33:05,949 [INFO] Época 6/30, Batch 2650/3348, Loss: 0.0164
2025-10-10 09:33:06,217 [INFO] Época 6/30, Batch 2700/3348, Loss: 0.0261
2025-10-10 09:33:06,493 [INFO] Época 6/30, Batch 2750/3348, Loss: 0.0182
2025-10-10 09:33:06,766 [INFO] Época 6/30, Batch 2800/3348, Loss: 0.0181
2025-10-10 09:33:07,032 [INFO] Época 6/30, Batch 2850/3348, Loss: 0.0269
2025-10-10 09:33:07,297 [INFO] Época 6/30, Batch 2900/3348, Loss: 0.0163
2025-10-10 09:33:07,562 [INFO] Época 6/30, Batch 2950/3348, Loss: 0.0284
2025-10-10 09:33:07,827 [INFO] Época 6/30, Batch 3000/3348, Loss: 0.0241
2025-10-10 09:33:08,091 [INFO] Época 6/30, Batch 3050/3348, Loss: 0.0217
2025-10-10 09:33:08,358 [INFO] Época 6/30, Batch 3100/3348, Loss: 0.0189
2025-10-10 09:33:08,626 [INFO] Época 6/30, Batch 3150/3348, Loss: 0.0133
2025-10-10 09:33:08,891 [INFO] Época 6/30, Batch 3200/3348, Loss: 0.0120
2025-10-10 09:33:09,158 [INFO] Época 6/30, Batch 3250/3348, Loss: 0.0181
2025-10-10 09:33:09,422 [INFO] Época 6/30, Batch 3300/3348, Loss: 0.0123
2025-10-10 09:33:11,377 [INFO] [6/30] Train Loss: 0.0184 | Val Loss: 0.0268 | Tempo: 20.18s
2025-10-10 09:33:11,994 [INFO] Época 7/30, Batch 50/3348, Loss: 0.0084
2025-10-10 09:33:12,274 [INFO] Época 7/30, Batch 100/3348, Loss: 0.0126
2025-10-10 09:33:12,554 [INFO] Época 7/30, Batch 150/3348, Loss: 0.0106
2025-10-10 09:33:12,836 [INFO] Época 7/30, Batch 200/3348, Loss: 0.0092
2025-10-10 09:33:13,115 [INFO] Época 7/30, Batch 250/3348, Loss: 0.0101
2025-10-10 09:33:13,392 [INFO] Época 7/30, Batch 300/3348, Loss: 0.0285
2025-10-10 09:33:13,666 [INFO] Época 7/30, Batch 350/3348, Loss: 0.0098
2025-10-10 09:33:13,934 [INFO] Época 7/30, Batch 400/3348, Loss: 0.0220
2025-10-10 09:33:14,202 [INFO] Época 7/30, Batch 450/3348, Loss: 0.0127
2025-10-10 09:33:14,470 [INFO] Época 7/30, Batch 500/3348, Loss: 0.0119
2025-10-10 09:33:14,747 [INFO] Época 7/30, Batch 550/3348, Loss: 0.0122
2025-10-10 09:33:15,014 [INFO] Época 7/30, Batch 600/3348, Loss: 0.0287
2025-10-10 09:33:15,276 [INFO] Época 7/30, Batch 650/3348, Loss: 0.0104
2025-10-10 09:33:15,532 [INFO] Época 7/30, Batch 700/3348, Loss: 0.0154
2025-10-10 09:33:15,795 [INFO] Época 7/30, Batch 750/3348, Loss: 0.0137
2025-10-10 09:33:16,055 [INFO] Época 7/30, Batch 800/3348, Loss: 0.0130
2025-10-10 09:33:16,314 [INFO] Época 7/30, Batch 850/3348, Loss: 0.0178
2025-10-10 09:33:16,575 [INFO] Época 7/30, Batch 900/3348, Loss: 0.0143
2025-10-10 09:33:16,843 [INFO] Época 7/30, Batch 950/3348, Loss: 0.0207
2025-10-10 09:33:17,114 [INFO] Época 7/30, Batch 1000/3348, Loss: 0.0159
2025-10-10 09:33:17,385 [INFO] Época 7/30, Batch 1050/3348, Loss: 0.0189
2025-10-10 09:33:17,654 [INFO] Época 7/30, Batch 1100/3348, Loss: 0.0160
2025-10-10 09:33:17,921 [INFO] Época 7/30, Batch 1150/3348, Loss: 0.0187
2025-10-10 09:33:18,190 [INFO] Época 7/30, Batch 1200/3348, Loss: 0.0133
2025-10-10 09:33:18,459 [INFO] Época 7/30, Batch 1250/3348, Loss: 0.0214
2025-10-10 09:33:18,726 [INFO] Época 7/30, Batch 1300/3348, Loss: 0.0210
2025-10-10 09:33:18,994 [INFO] Época 7/30, Batch 1350/3348, Loss: 0.0234
2025-10-10 09:33:19,262 [INFO] Época 7/30, Batch 1400/3348, Loss: 0.0211
2025-10-10 09:33:19,530 [INFO] Época 7/30, Batch 1450/3348, Loss: 0.0190
2025-10-10 09:33:19,810 [INFO] Época 7/30, Batch 1500/3348, Loss: 0.0123
2025-10-10 09:33:20,079 [INFO] Época 7/30, Batch 1550/3348, Loss: 0.0096
2025-10-10 09:33:20,345 [INFO] Época 7/30, Batch 1600/3348, Loss: 0.0156
2025-10-10 09:33:20,613 [INFO] Época 7/30, Batch 1650/3348, Loss: 0.0148
2025-10-10 09:33:20,878 [INFO] Época 7/30, Batch 1700/3348, Loss: 0.0212
2025-10-10 09:33:21,146 [INFO] Época 7/30, Batch 1750/3348, Loss: 0.0140
2025-10-10 09:33:21,412 [INFO] Época 7/30, Batch 1800/3348, Loss: 0.0113
2025-10-10 09:33:21,681 [INFO] Época 7/30, Batch 1850/3348, Loss: 0.0200
2025-10-10 09:33:21,949 [INFO] Época 7/30, Batch 1900/3348, Loss: 0.0157
2025-10-10 09:33:22,215 [INFO] Época 7/30, Batch 1950/3348, Loss: 0.0165
2025-10-10 09:33:22,481 [INFO] Época 7/30, Batch 2000/3348, Loss: 0.0116
2025-10-10 09:33:22,747 [INFO] Época 7/30, Batch 2050/3348, Loss: 0.0202
2025-10-10 09:33:23,015 [INFO] Época 7/30, Batch 2100/3348, Loss: 0.0172
2025-10-10 09:33:23,281 [INFO] Época 7/30, Batch 2150/3348, Loss: 0.0119
2025-10-10 09:33:23,548 [INFO] Época 7/30, Batch 2200/3348, Loss: 0.0131
2025-10-10 09:33:23,817 [INFO] Época 7/30, Batch 2250/3348, Loss: 0.0173
2025-10-10 09:33:24,082 [INFO] Época 7/30, Batch 2300/3348, Loss: 0.0179
2025-10-10 09:33:24,351 [INFO] Época 7/30, Batch 2350/3348, Loss: 0.0168
2025-10-10 09:33:24,619 [INFO] Época 7/30, Batch 2400/3348, Loss: 0.0104
2025-10-10 09:33:24,900 [INFO] Época 7/30, Batch 2450/3348, Loss: 0.0117
2025-10-10 09:33:25,175 [INFO] Época 7/30, Batch 2500/3348, Loss: 0.0275
2025-10-10 09:33:25,445 [INFO] Época 7/30, Batch 2550/3348, Loss: 0.0161
2025-10-10 09:33:25,717 [INFO] Época 7/30, Batch 2600/3348, Loss: 0.0136
2025-10-10 09:33:25,985 [INFO] Época 7/30, Batch 2650/3348, Loss: 0.0187
2025-10-10 09:33:26,256 [INFO] Época 7/30, Batch 2700/3348, Loss: 0.0164
2025-10-10 09:33:26,525 [INFO] Época 7/30, Batch 2750/3348, Loss: 0.0117
2025-10-10 09:33:26,795 [INFO] Época 7/30, Batch 2800/3348, Loss: 0.0127
2025-10-10 09:33:27,063 [INFO] Época 7/30, Batch 2850/3348, Loss: 0.0142
2025-10-10 09:33:27,333 [INFO] Época 7/30, Batch 2900/3348, Loss: 0.0120
2025-10-10 09:33:27,602 [INFO] Época 7/30, Batch 2950/3348, Loss: 0.0200
2025-10-10 09:33:27,868 [INFO] Época 7/30, Batch 3000/3348, Loss: 0.0163
2025-10-10 09:33:28,135 [INFO] Época 7/30, Batch 3050/3348, Loss: 0.0228
2025-10-10 09:33:28,402 [INFO] Época 7/30, Batch 3100/3348, Loss: 0.0124
2025-10-10 09:33:28,669 [INFO] Época 7/30, Batch 3150/3348, Loss: 0.0136
2025-10-10 09:33:28,936 [INFO] Época 7/30, Batch 3200/3348, Loss: 0.0120
2025-10-10 09:33:29,203 [INFO] Época 7/30, Batch 3250/3348, Loss: 0.0141
2025-10-10 09:33:29,470 [INFO] Época 7/30, Batch 3300/3348, Loss: 0.0114
2025-10-10 09:33:31,333 [INFO] [7/30] Train Loss: 0.0174 | Val Loss: 0.0202 | Tempo: 19.96s
2025-10-10 09:33:31,339 [INFO] Melhor modelo salvo em: /mnt/hdd/home/jdurao/ToolBox-ChemXAI/models/mlp_qm9_CM_att12_large.pth
2025-10-10 09:33:31,924 [INFO] Época 8/30, Batch 50/3348, Loss: 0.0132
2025-10-10 09:33:32,187 [INFO] Época 8/30, Batch 100/3348, Loss: 0.0180
2025-10-10 09:33:32,447 [INFO] Época 8/30, Batch 150/3348, Loss: 0.0247
2025-10-10 09:33:32,709 [INFO] Época 8/30, Batch 200/3348, Loss: 0.0121
2025-10-10 09:33:32,971 [INFO] Época 8/30, Batch 250/3348, Loss: 0.0162
2025-10-10 09:33:33,231 [INFO] Época 8/30, Batch 300/3348, Loss: 0.0195
2025-10-10 09:33:33,493 [INFO] Época 8/30, Batch 350/3348, Loss: 0.0134
2025-10-10 09:33:33,753 [INFO] Época 8/30, Batch 400/3348, Loss: 0.0095
2025-10-10 09:33:34,015 [INFO] Época 8/30, Batch 450/3348, Loss: 0.0149
2025-10-10 09:33:34,276 [INFO] Época 8/30, Batch 500/3348, Loss: 0.0120
2025-10-10 09:33:34,535 [INFO] Época 8/30, Batch 550/3348, Loss: 0.0121
2025-10-10 09:33:34,794 [INFO] Época 8/30, Batch 600/3348, Loss: 0.0271
2025-10-10 09:33:35,052 [INFO] Época 8/30, Batch 650/3348, Loss: 0.0239
2025-10-10 09:33:35,305 [INFO] Época 8/30, Batch 700/3348, Loss: 0.0114
2025-10-10 09:33:35,564 [INFO] Época 8/30, Batch 750/3348, Loss: 0.0111
2025-10-10 09:33:35,850 [INFO] Época 8/30, Batch 800/3348, Loss: 0.0178
2025-10-10 09:33:36,137 [INFO] Época 8/30, Batch 850/3348, Loss: 0.0098
2025-10-10 09:33:36,398 [INFO] Época 8/30, Batch 900/3348, Loss: 0.0181
2025-10-10 09:33:36,667 [INFO] Época 8/30, Batch 950/3348, Loss: 0.0139
2025-10-10 09:33:36,933 [INFO] Época 8/30, Batch 1000/3348, Loss: 0.0276
2025-10-10 09:33:37,198 [INFO] Época 8/30, Batch 1050/3348, Loss: 0.0119
2025-10-10 09:33:37,455 [INFO] Época 8/30, Batch 1100/3348, Loss: 0.0155
2025-10-10 09:33:37,712 [INFO] Época 8/30, Batch 1150/3348, Loss: 0.0101
2025-10-10 09:33:37,974 [INFO] Época 8/30, Batch 1200/3348, Loss: 0.0179
2025-10-10 09:33:38,236 [INFO] Época 8/30, Batch 1250/3348, Loss: 0.0197
2025-10-10 09:33:38,498 [INFO] Época 8/30, Batch 1300/3348, Loss: 0.0175
2025-10-10 09:33:38,761 [INFO] Época 8/30, Batch 1350/3348, Loss: 0.0115
2025-10-10 09:33:39,025 [INFO] Época 8/30, Batch 1400/3348, Loss: 0.0124
2025-10-10 09:33:39,287 [INFO] Época 8/30, Batch 1450/3348, Loss: 0.0076
2025-10-10 09:33:39,551 [INFO] Época 8/30, Batch 1500/3348, Loss: 0.0218
2025-10-10 09:33:39,810 [INFO] Época 8/30, Batch 1550/3348, Loss: 0.0142
2025-10-10 09:33:40,071 [INFO] Época 8/30, Batch 1600/3348, Loss: 0.0134
2025-10-10 09:33:40,331 [INFO] Época 8/30, Batch 1650/3348, Loss: 0.0109
2025-10-10 09:33:40,591 [INFO] Época 8/30, Batch 1700/3348, Loss: 0.0241
2025-10-10 09:33:40,850 [INFO] Época 8/30, Batch 1750/3348, Loss: 0.0152
2025-10-10 09:33:41,113 [INFO] Época 8/30, Batch 1800/3348, Loss: 0.0251
2025-10-10 09:33:41,373 [INFO] Época 8/30, Batch 1850/3348, Loss: 0.0147
2025-10-10 09:33:41,636 [INFO] Época 8/30, Batch 1900/3348, Loss: 0.0158
2025-10-10 09:33:41,897 [INFO] Época 8/30, Batch 1950/3348, Loss: 0.0146
2025-10-10 09:33:42,155 [INFO] Época 8/30, Batch 2000/3348, Loss: 0.0158
2025-10-10 09:33:42,415 [INFO] Época 8/30, Batch 2050/3348, Loss: 0.0164
2025-10-10 09:33:42,683 [INFO] Época 8/30, Batch 2100/3348, Loss: 0.0182
2025-10-10 09:33:42,949 [INFO] Época 8/30, Batch 2150/3348, Loss: 0.0248
2025-10-10 09:33:43,215 [INFO] Época 8/30, Batch 2200/3348, Loss: 0.0148
2025-10-10 09:33:43,476 [INFO] Época 8/30, Batch 2250/3348, Loss: 0.0156
2025-10-10 09:33:43,740 [INFO] Época 8/30, Batch 2300/3348, Loss: 0.0377
2025-10-10 09:33:44,002 [INFO] Época 8/30, Batch 2350/3348, Loss: 0.0139
2025-10-10 09:33:44,261 [INFO] Época 8/30, Batch 2400/3348, Loss: 0.0126
2025-10-10 09:33:44,521 [INFO] Época 8/30, Batch 2450/3348, Loss: 0.0171
2025-10-10 09:33:44,787 [INFO] Época 8/30, Batch 2500/3348, Loss: 0.0088
2025-10-10 09:33:45,058 [INFO] Época 8/30, Batch 2550/3348, Loss: 0.0145
2025-10-10 09:33:45,324 [INFO] Época 8/30, Batch 2600/3348, Loss: 0.0162
2025-10-10 09:33:45,593 [INFO] Época 8/30, Batch 2650/3348, Loss: 0.0134
2025-10-10 09:33:45,856 [INFO] Época 8/30, Batch 2700/3348, Loss: 0.0107
2025-10-10 09:33:46,117 [INFO] Época 8/30, Batch 2750/3348, Loss: 0.0439
2025-10-10 09:33:46,379 [INFO] Época 8/30, Batch 2800/3348, Loss: 0.0177
2025-10-10 09:33:46,642 [INFO] Época 8/30, Batch 2850/3348, Loss: 0.0255
2025-10-10 09:33:46,920 [INFO] Época 8/30, Batch 2900/3348, Loss: 0.0190
2025-10-10 09:33:47,180 [INFO] Época 8/30, Batch 2950/3348, Loss: 0.0126
2025-10-10 09:33:47,441 [INFO] Época 8/30, Batch 3000/3348, Loss: 0.0153
2025-10-10 09:33:47,701 [INFO] Época 8/30, Batch 3050/3348, Loss: 0.0126
2025-10-10 09:33:47,960 [INFO] Época 8/30, Batch 3100/3348, Loss: 0.0163
2025-10-10 09:33:48,220 [INFO] Época 8/30, Batch 3150/3348, Loss: 0.0179
2025-10-10 09:33:48,479 [INFO] Época 8/30, Batch 3200/3348, Loss: 0.0213
2025-10-10 09:33:48,739 [INFO] Época 8/30, Batch 3250/3348, Loss: 0.0323
2025-10-10 09:33:49,012 [INFO] Época 8/30, Batch 3300/3348, Loss: 0.0090
2025-10-10 09:33:50,832 [INFO] [8/30] Train Loss: 0.0164 | Val Loss: 0.0214 | Tempo: 19.49s
2025-10-10 09:33:51,414 [INFO] Época 9/30, Batch 50/3348, Loss: 0.0199
2025-10-10 09:33:51,685 [INFO] Época 9/30, Batch 100/3348, Loss: 0.0083
2025-10-10 09:33:51,966 [INFO] Época 9/30, Batch 150/3348, Loss: 0.0142
2025-10-10 09:33:52,235 [INFO] Época 9/30, Batch 200/3348, Loss: 0.0153
2025-10-10 09:33:52,501 [INFO] Época 9/30, Batch 250/3348, Loss: 0.0166
2025-10-10 09:33:52,769 [INFO] Época 9/30, Batch 300/3348, Loss: 0.0127
2025-10-10 09:33:53,036 [INFO] Época 9/30, Batch 350/3348, Loss: 0.0245
2025-10-10 09:33:53,303 [INFO] Época 9/30, Batch 400/3348, Loss: 0.0119
2025-10-10 09:33:53,569 [INFO] Época 9/30, Batch 450/3348, Loss: 0.0190
2025-10-10 09:33:53,834 [INFO] Época 9/30, Batch 500/3348, Loss: 0.0110
2025-10-10 09:33:54,102 [INFO] Época 9/30, Batch 550/3348, Loss: 0.0168
2025-10-10 09:33:54,368 [INFO] Época 9/30, Batch 600/3348, Loss: 0.0093
2025-10-10 09:33:54,634 [INFO] Época 9/30, Batch 650/3348, Loss: 0.0135
2025-10-10 09:33:54,899 [INFO] Época 9/30, Batch 700/3348, Loss: 0.0194
2025-10-10 09:33:55,164 [INFO] Época 9/30, Batch 750/3348, Loss: 0.0270
2025-10-10 09:33:55,428 [INFO] Época 9/30, Batch 800/3348, Loss: 0.0085
2025-10-10 09:33:55,693 [INFO] Época 9/30, Batch 850/3348, Loss: 0.0202
2025-10-10 09:33:55,958 [INFO] Época 9/30, Batch 900/3348, Loss: 0.0189
2025-10-10 09:33:56,222 [INFO] Época 9/30, Batch 950/3348, Loss: 0.0122
2025-10-10 09:33:56,487 [INFO] Época 9/30, Batch 1000/3348, Loss: 0.0148
2025-10-10 09:33:56,752 [INFO] Época 9/30, Batch 1050/3348, Loss: 0.0157
2025-10-10 09:33:57,019 [INFO] Época 9/30, Batch 1100/3348, Loss: 0.0119
2025-10-10 09:33:57,285 [INFO] Época 9/30, Batch 1150/3348, Loss: 0.0261
2025-10-10 09:33:57,550 [INFO] Época 9/30, Batch 1200/3348, Loss: 0.0117
2025-10-10 09:33:57,817 [INFO] Época 9/30, Batch 1250/3348, Loss: 0.0146
2025-10-10 09:33:58,082 [INFO] Época 9/30, Batch 1300/3348, Loss: 0.0115
2025-10-10 09:33:58,349 [INFO] Época 9/30, Batch 1350/3348, Loss: 0.0207
2025-10-10 09:33:58,614 [INFO] Época 9/30, Batch 1400/3348, Loss: 0.0164
2025-10-10 09:33:58,879 [INFO] Época 9/30, Batch 1450/3348, Loss: 0.0157
2025-10-10 09:33:59,145 [INFO] Época 9/30, Batch 1500/3348, Loss: 0.0163
2025-10-10 09:33:59,412 [INFO] Época 9/30, Batch 1550/3348, Loss: 0.0122
2025-10-10 09:33:59,677 [INFO] Época 9/30, Batch 1600/3348, Loss: 0.0084
2025-10-10 09:33:59,942 [INFO] Época 9/30, Batch 1650/3348, Loss: 0.0149
2025-10-10 09:34:00,208 [INFO] Época 9/30, Batch 1700/3348, Loss: 0.0234
2025-10-10 09:34:00,473 [INFO] Época 9/30, Batch 1750/3348, Loss: 0.0156
2025-10-10 09:34:00,739 [INFO] Época 9/30, Batch 1800/3348, Loss: 0.0240
2025-10-10 09:34:01,005 [INFO] Época 9/30, Batch 1850/3348, Loss: 0.0136
2025-10-10 09:34:01,272 [INFO] Época 9/30, Batch 1900/3348, Loss: 0.0073
2025-10-10 09:34:01,539 [INFO] Época 9/30, Batch 1950/3348, Loss: 0.0177
2025-10-10 09:34:01,805 [INFO] Época 9/30, Batch 2000/3348, Loss: 0.0130
2025-10-10 09:34:02,083 [INFO] Época 9/30, Batch 2050/3348, Loss: 0.0132
2025-10-10 09:34:02,351 [INFO] Época 9/30, Batch 2100/3348, Loss: 0.0118
2025-10-10 09:34:02,619 [INFO] Época 9/30, Batch 2150/3348, Loss: 0.0178
2025-10-10 09:34:02,886 [INFO] Época 9/30, Batch 2200/3348, Loss: 0.0119
2025-10-10 09:34:03,156 [INFO] Época 9/30, Batch 2250/3348, Loss: 0.0118
2025-10-10 09:34:03,426 [INFO] Época 9/30, Batch 2300/3348, Loss: 0.0165
2025-10-10 09:34:03,696 [INFO] Época 9/30, Batch 2350/3348, Loss: 0.0706
2025-10-10 09:34:03,965 [INFO] Época 9/30, Batch 2400/3348, Loss: 0.0241
2025-10-10 09:34:04,237 [INFO] Época 9/30, Batch 2450/3348, Loss: 0.0089
2025-10-10 09:34:04,506 [INFO] Época 9/30, Batch 2500/3348, Loss: 0.0135
2025-10-10 09:34:04,772 [INFO] Época 9/30, Batch 2550/3348, Loss: 0.0157
2025-10-10 09:34:05,041 [INFO] Época 9/30, Batch 2600/3348, Loss: 0.0124
2025-10-10 09:34:05,309 [INFO] Época 9/30, Batch 2650/3348, Loss: 0.0134
2025-10-10 09:34:05,576 [INFO] Época 9/30, Batch 2700/3348, Loss: 0.0159
2025-10-10 09:34:05,840 [INFO] Época 9/30, Batch 2750/3348, Loss: 0.0160
2025-10-10 09:34:06,100 [INFO] Época 9/30, Batch 2800/3348, Loss: 0.0141
2025-10-10 09:34:06,362 [INFO] Época 9/30, Batch 2850/3348, Loss: 0.0108
2025-10-10 09:34:06,626 [INFO] Época 9/30, Batch 2900/3348, Loss: 0.0133
2025-10-10 09:34:06,890 [INFO] Época 9/30, Batch 2950/3348, Loss: 0.0165
2025-10-10 09:34:07,162 [INFO] Época 9/30, Batch 3000/3348, Loss: 0.0191
2025-10-10 09:34:07,424 [INFO] Época 9/30, Batch 3050/3348, Loss: 0.0188
2025-10-10 09:34:07,687 [INFO] Época 9/30, Batch 3100/3348, Loss: 0.0145
2025-10-10 09:34:07,948 [INFO] Época 9/30, Batch 3150/3348, Loss: 0.0100
2025-10-10 09:34:08,208 [INFO] Época 9/30, Batch 3200/3348, Loss: 0.0145
2025-10-10 09:34:08,469 [INFO] Época 9/30, Batch 3250/3348, Loss: 0.0084
2025-10-10 09:34:08,730 [INFO] Época 9/30, Batch 3300/3348, Loss: 0.0134
2025-10-10 09:34:10,622 [INFO] [9/30] Train Loss: 0.0151 | Val Loss: 0.0208 | Tempo: 19.79s
2025-10-10 09:34:11,222 [INFO] Época 10/30, Batch 50/3348, Loss: 0.0149
2025-10-10 09:34:11,498 [INFO] Época 10/30, Batch 100/3348, Loss: 0.0106
2025-10-10 09:34:11,770 [INFO] Época 10/30, Batch 150/3348, Loss: 0.0251
2025-10-10 09:34:12,040 [INFO] Época 10/30, Batch 200/3348, Loss: 0.0154
2025-10-10 09:34:12,310 [INFO] Época 10/30, Batch 250/3348, Loss: 0.0252
2025-10-10 09:34:12,581 [INFO] Época 10/30, Batch 300/3348, Loss: 0.0090
2025-10-10 09:34:12,849 [INFO] Época 10/30, Batch 350/3348, Loss: 0.0194
2025-10-10 09:34:13,117 [INFO] Época 10/30, Batch 400/3348, Loss: 0.0183
2025-10-10 09:34:13,383 [INFO] Época 10/30, Batch 450/3348, Loss: 0.0110
2025-10-10 09:34:13,650 [INFO] Época 10/30, Batch 500/3348, Loss: 0.0141
2025-10-10 09:34:13,916 [INFO] Época 10/30, Batch 550/3348, Loss: 0.0138
2025-10-10 09:34:14,182 [INFO] Época 10/30, Batch 600/3348, Loss: 0.0080
2025-10-10 09:34:14,449 [INFO] Época 10/30, Batch 650/3348, Loss: 0.0074
2025-10-10 09:34:14,714 [INFO] Época 10/30, Batch 700/3348, Loss: 0.0153
2025-10-10 09:34:14,983 [INFO] Época 10/30, Batch 750/3348, Loss: 0.0146
2025-10-10 09:34:15,250 [INFO] Época 10/30, Batch 800/3348, Loss: 0.0077
2025-10-10 09:34:15,517 [INFO] Época 10/30, Batch 850/3348, Loss: 0.0122
2025-10-10 09:34:15,783 [INFO] Época 10/30, Batch 900/3348, Loss: 0.0109
2025-10-10 09:34:16,048 [INFO] Época 10/30, Batch 950/3348, Loss: 0.0206
2025-10-10 09:34:16,313 [INFO] Época 10/30, Batch 1000/3348, Loss: 0.0131
2025-10-10 09:34:16,582 [INFO] Época 10/30, Batch 1050/3348, Loss: 0.0137
2025-10-10 09:34:16,852 [INFO] Época 10/30, Batch 1100/3348, Loss: 0.0150
2025-10-10 09:34:17,119 [INFO] Época 10/30, Batch 1150/3348, Loss: 0.0116
2025-10-10 09:34:17,388 [INFO] Época 10/30, Batch 1200/3348, Loss: 0.0144
2025-10-10 09:34:17,656 [INFO] Época 10/30, Batch 1250/3348, Loss: 0.0121
2025-10-10 09:34:17,922 [INFO] Época 10/30, Batch 1300/3348, Loss: 0.0106
2025-10-10 09:34:18,190 [INFO] Época 10/30, Batch 1350/3348, Loss: 0.0127
2025-10-10 09:34:18,458 [INFO] Época 10/30, Batch 1400/3348, Loss: 0.0130
2025-10-10 09:34:18,726 [INFO] Época 10/30, Batch 1450/3348, Loss: 0.0092
2025-10-10 09:34:18,993 [INFO] Época 10/30, Batch 1500/3348, Loss: 0.0137
2025-10-10 09:34:19,263 [INFO] Época 10/30, Batch 1550/3348, Loss: 0.0085
2025-10-10 09:34:19,532 [INFO] Época 10/30, Batch 1600/3348, Loss: 0.0092
2025-10-10 09:34:19,799 [INFO] Época 10/30, Batch 1650/3348, Loss: 0.0103
2025-10-10 09:34:20,065 [INFO] Época 10/30, Batch 1700/3348, Loss: 0.0158
2025-10-10 09:34:20,332 [INFO] Época 10/30, Batch 1750/3348, Loss: 0.0107
2025-10-10 09:34:20,597 [INFO] Época 10/30, Batch 1800/3348, Loss: 0.0166
2025-10-10 09:34:20,863 [INFO] Época 10/30, Batch 1850/3348, Loss: 0.0091
2025-10-10 09:34:21,129 [INFO] Época 10/30, Batch 1900/3348, Loss: 0.0137
2025-10-10 09:34:21,396 [INFO] Época 10/30, Batch 1950/3348, Loss: 0.0199
2025-10-10 09:34:21,662 [INFO] Época 10/30, Batch 2000/3348, Loss: 0.0201
2025-10-10 09:34:21,929 [INFO] Época 10/30, Batch 2050/3348, Loss: 0.0170
2025-10-10 09:34:22,196 [INFO] Época 10/30, Batch 2100/3348, Loss: 0.0128
2025-10-10 09:34:22,474 [INFO] Época 10/30, Batch 2150/3348, Loss: 0.0092
2025-10-10 09:34:22,741 [INFO] Época 10/30, Batch 2200/3348, Loss: 0.0125
2025-10-10 09:34:23,006 [INFO] Época 10/30, Batch 2250/3348, Loss: 0.0130
2025-10-10 09:34:23,272 [INFO] Época 10/30, Batch 2300/3348, Loss: 0.0125
2025-10-10 09:34:23,539 [INFO] Época 10/30, Batch 2350/3348, Loss: 0.0092
2025-10-10 09:34:23,807 [INFO] Época 10/30, Batch 2400/3348, Loss: 0.0143
2025-10-10 09:34:24,073 [INFO] Época 10/30, Batch 2450/3348, Loss: 0.0094
2025-10-10 09:34:24,338 [INFO] Época 10/30, Batch 2500/3348, Loss: 0.0152
2025-10-10 09:34:24,604 [INFO] Época 10/30, Batch 2550/3348, Loss: 0.0129
2025-10-10 09:34:24,869 [INFO] Época 10/30, Batch 2600/3348, Loss: 0.0117
2025-10-10 09:34:25,133 [INFO] Época 10/30, Batch 2650/3348, Loss: 0.0178
2025-10-10 09:34:25,397 [INFO] Época 10/30, Batch 2700/3348, Loss: 0.0112
2025-10-10 09:34:25,659 [INFO] Época 10/30, Batch 2750/3348, Loss: 0.0187
2025-10-10 09:34:25,921 [INFO] Época 10/30, Batch 2800/3348, Loss: 0.0177
2025-10-10 09:34:26,184 [INFO] Época 10/30, Batch 2850/3348, Loss: 0.0213
2025-10-10 09:34:26,448 [INFO] Época 10/30, Batch 2900/3348, Loss: 0.0152
2025-10-10 09:34:26,711 [INFO] Época 10/30, Batch 2950/3348, Loss: 0.0140
2025-10-10 09:34:26,973 [INFO] Época 10/30, Batch 3000/3348, Loss: 0.0107
2025-10-10 09:34:27,236 [INFO] Época 10/30, Batch 3050/3348, Loss: 0.0159
2025-10-10 09:34:27,511 [INFO] Época 10/30, Batch 3100/3348, Loss: 0.0103
2025-10-10 09:34:27,774 [INFO] Época 10/30, Batch 3150/3348, Loss: 0.0190
2025-10-10 09:34:28,036 [INFO] Época 10/30, Batch 3200/3348, Loss: 0.0099
2025-10-10 09:34:28,298 [INFO] Época 10/30, Batch 3250/3348, Loss: 0.0065
2025-10-10 09:34:28,561 [INFO] Época 10/30, Batch 3300/3348, Loss: 0.0157
2025-10-10 09:34:30,444 [INFO] [10/30] Train Loss: 0.0145 | Val Loss: 0.0209 | Tempo: 19.82s
2025-10-10 09:34:31,049 [INFO] Época 11/30, Batch 50/3348, Loss: 0.0109
2025-10-10 09:34:31,315 [INFO] Época 11/30, Batch 100/3348, Loss: 0.0101
2025-10-10 09:34:31,582 [INFO] Época 11/30, Batch 150/3348, Loss: 0.0191
2025-10-10 09:34:31,848 [INFO] Época 11/30, Batch 200/3348, Loss: 0.0099
2025-10-10 09:34:32,113 [INFO] Época 11/30, Batch 250/3348, Loss: 0.0141
2025-10-10 09:34:32,376 [INFO] Época 11/30, Batch 300/3348, Loss: 0.0156
2025-10-10 09:34:32,642 [INFO] Época 11/30, Batch 350/3348, Loss: 0.0141
2025-10-10 09:34:32,905 [INFO] Época 11/30, Batch 400/3348, Loss: 0.0149
2025-10-10 09:34:33,168 [INFO] Época 11/30, Batch 450/3348, Loss: 0.0200
2025-10-10 09:34:33,431 [INFO] Época 11/30, Batch 500/3348, Loss: 0.0155
2025-10-10 09:34:33,696 [INFO] Época 11/30, Batch 550/3348, Loss: 0.0128
2025-10-10 09:34:33,961 [INFO] Época 11/30, Batch 600/3348, Loss: 0.0134
2025-10-10 09:34:34,227 [INFO] Época 11/30, Batch 650/3348, Loss: 0.0055
2025-10-10 09:34:34,492 [INFO] Época 11/30, Batch 700/3348, Loss: 0.0152
2025-10-10 09:34:34,756 [INFO] Época 11/30, Batch 750/3348, Loss: 0.0206
2025-10-10 09:34:35,012 [INFO] Época 11/30, Batch 800/3348, Loss: 0.0133
2025-10-10 09:34:35,273 [INFO] Época 11/30, Batch 850/3348, Loss: 0.0094
2025-10-10 09:34:35,560 [INFO] Época 11/30, Batch 900/3348, Loss: 0.0060
2025-10-10 09:34:35,830 [INFO] Época 11/30, Batch 950/3348, Loss: 0.0152
2025-10-10 09:34:36,109 [INFO] Época 11/30, Batch 1000/3348, Loss: 0.0112
2025-10-10 09:34:36,386 [INFO] Época 11/30, Batch 1050/3348, Loss: 0.0153
2025-10-10 09:34:36,654 [INFO] Época 11/30, Batch 1100/3348, Loss: 0.0180
2025-10-10 09:34:36,926 [INFO] Época 11/30, Batch 1150/3348, Loss: 0.0058
2025-10-10 09:34:37,214 [INFO] Época 11/30, Batch 1200/3348, Loss: 0.0177
2025-10-10 09:34:37,482 [INFO] Época 11/30, Batch 1250/3348, Loss: 0.0107
2025-10-10 09:34:37,753 [INFO] Época 11/30, Batch 1300/3348, Loss: 0.0109
2025-10-10 09:34:38,029 [INFO] Época 11/30, Batch 1350/3348, Loss: 0.0160
2025-10-10 09:34:38,307 [INFO] Época 11/30, Batch 1400/3348, Loss: 0.0165
2025-10-10 09:34:38,571 [INFO] Época 11/30, Batch 1450/3348, Loss: 0.0085
2025-10-10 09:34:38,835 [INFO] Época 11/30, Batch 1500/3348, Loss: 0.0058
2025-10-10 09:34:39,097 [INFO] Época 11/30, Batch 1550/3348, Loss: 0.0108
2025-10-10 09:34:39,359 [INFO] Época 11/30, Batch 1600/3348, Loss: 0.0069
2025-10-10 09:34:39,622 [INFO] Época 11/30, Batch 1650/3348, Loss: 0.0227
2025-10-10 09:34:39,891 [INFO] Época 11/30, Batch 1700/3348, Loss: 0.0181
2025-10-10 09:34:40,172 [INFO] Época 11/30, Batch 1750/3348, Loss: 0.0149
2025-10-10 09:34:40,451 [INFO] Época 11/30, Batch 1800/3348, Loss: 0.0106
2025-10-10 09:34:40,730 [INFO] Época 11/30, Batch 1850/3348, Loss: 0.0062
2025-10-10 09:34:41,010 [INFO] Época 11/30, Batch 1900/3348, Loss: 0.0100
2025-10-10 09:34:41,287 [INFO] Época 11/30, Batch 1950/3348, Loss: 0.0053
2025-10-10 09:34:41,552 [INFO] Época 11/30, Batch 2000/3348, Loss: 0.0161
2025-10-10 09:34:41,816 [INFO] Época 11/30, Batch 2050/3348, Loss: 0.0151
2025-10-10 09:34:42,079 [INFO] Época 11/30, Batch 2100/3348, Loss: 0.0210
2025-10-10 09:34:42,344 [INFO] Época 11/30, Batch 2150/3348, Loss: 0.0175
2025-10-10 09:34:42,606 [INFO] Época 11/30, Batch 2200/3348, Loss: 0.0165
2025-10-10 09:34:42,879 [INFO] Época 11/30, Batch 2250/3348, Loss: 0.0089
2025-10-10 09:34:43,143 [INFO] Época 11/30, Batch 2300/3348, Loss: 0.0085
2025-10-10 09:34:43,409 [INFO] Época 11/30, Batch 2350/3348, Loss: 0.0135
2025-10-10 09:34:43,674 [INFO] Época 11/30, Batch 2400/3348, Loss: 0.0117
2025-10-10 09:34:43,938 [INFO] Época 11/30, Batch 2450/3348, Loss: 0.0119
2025-10-10 09:34:44,201 [INFO] Época 11/30, Batch 2500/3348, Loss: 0.0114
2025-10-10 09:34:44,466 [INFO] Época 11/30, Batch 2550/3348, Loss: 0.0097
2025-10-10 09:34:44,730 [INFO] Época 11/30, Batch 2600/3348, Loss: 0.0118
2025-10-10 09:34:44,997 [INFO] Época 11/30, Batch 2650/3348, Loss: 0.0191
2025-10-10 09:34:45,261 [INFO] Época 11/30, Batch 2700/3348, Loss: 0.0198
2025-10-10 09:34:45,525 [INFO] Época 11/30, Batch 2750/3348, Loss: 0.0102
2025-10-10 09:34:45,790 [INFO] Época 11/30, Batch 2800/3348, Loss: 0.0135
2025-10-10 09:34:46,056 [INFO] Época 11/30, Batch 2850/3348, Loss: 0.0130
2025-10-10 09:34:46,318 [INFO] Época 11/30, Batch 2900/3348, Loss: 0.0150
2025-10-10 09:34:46,582 [INFO] Época 11/30, Batch 2950/3348, Loss: 0.0167
2025-10-10 09:34:46,846 [INFO] Época 11/30, Batch 3000/3348, Loss: 0.0080
2025-10-10 09:34:47,108 [INFO] Época 11/30, Batch 3050/3348, Loss: 0.0126
2025-10-10 09:34:47,371 [INFO] Época 11/30, Batch 3100/3348, Loss: 0.0121
2025-10-10 09:34:47,633 [INFO] Época 11/30, Batch 3150/3348, Loss: 0.0135
2025-10-10 09:34:47,908 [INFO] Época 11/30, Batch 3200/3348, Loss: 0.0099
2025-10-10 09:34:48,169 [INFO] Época 11/30, Batch 3250/3348, Loss: 0.0078
2025-10-10 09:34:48,433 [INFO] Época 11/30, Batch 3300/3348, Loss: 0.0147
2025-10-10 09:34:50,431 [INFO] [11/30] Train Loss: 0.0141 | Val Loss: 0.0125 | Tempo: 19.99s
2025-10-10 09:34:50,437 [INFO] Melhor modelo salvo em: /mnt/hdd/home/jdurao/ToolBox-ChemXAI/models/mlp_qm9_CM_att12_large.pth
2025-10-10 09:34:51,047 [INFO] Época 12/30, Batch 50/3348, Loss: 0.0096
2025-10-10 09:34:51,318 [INFO] Época 12/30, Batch 100/3348, Loss: 0.0182
2025-10-10 09:34:51,589 [INFO] Época 12/30, Batch 150/3348, Loss: 0.0129
2025-10-10 09:34:51,859 [INFO] Época 12/30, Batch 200/3348, Loss: 0.0101
2025-10-10 09:34:52,126 [INFO] Época 12/30, Batch 250/3348, Loss: 0.0094
2025-10-10 09:34:52,394 [INFO] Época 12/30, Batch 300/3348, Loss: 0.0117
2025-10-10 09:34:52,663 [INFO] Época 12/30, Batch 350/3348, Loss: 0.0126
2025-10-10 09:34:52,942 [INFO] Época 12/30, Batch 400/3348, Loss: 0.0098
2025-10-10 09:34:53,208 [INFO] Época 12/30, Batch 450/3348, Loss: 0.0158
2025-10-10 09:34:53,474 [INFO] Época 12/30, Batch 500/3348, Loss: 0.0104
2025-10-10 09:34:53,741 [INFO] Época 12/30, Batch 550/3348, Loss: 0.0103
2025-10-10 09:34:54,008 [INFO] Época 12/30, Batch 600/3348, Loss: 0.0097
2025-10-10 09:34:54,275 [INFO] Época 12/30, Batch 650/3348, Loss: 0.0088
2025-10-10 09:34:54,541 [INFO] Época 12/30, Batch 700/3348, Loss: 0.0144
2025-10-10 09:34:54,806 [INFO] Época 12/30, Batch 750/3348, Loss: 0.0119
2025-10-10 09:34:55,072 [INFO] Época 12/30, Batch 800/3348, Loss: 0.0124
2025-10-10 09:34:55,338 [INFO] Época 12/30, Batch 850/3348, Loss: 0.0112
2025-10-10 09:34:55,603 [INFO] Época 12/30, Batch 900/3348, Loss: 0.0117
2025-10-10 09:34:55,869 [INFO] Época 12/30, Batch 950/3348, Loss: 0.0151
2025-10-10 09:34:56,132 [INFO] Época 12/30, Batch 1000/3348, Loss: 0.0089
2025-10-10 09:34:56,396 [INFO] Época 12/30, Batch 1050/3348, Loss: 0.0126
2025-10-10 09:34:56,665 [INFO] Época 12/30, Batch 1100/3348, Loss: 0.0076
2025-10-10 09:34:56,935 [INFO] Época 12/30, Batch 1150/3348, Loss: 0.0145
2025-10-10 09:34:57,203 [INFO] Época 12/30, Batch 1200/3348, Loss: 0.0107
2025-10-10 09:34:57,469 [INFO] Época 12/30, Batch 1250/3348, Loss: 0.0099
2025-10-10 09:34:57,737 [INFO] Época 12/30, Batch 1300/3348, Loss: 0.0109
2025-10-10 09:34:58,017 [INFO] Época 12/30, Batch 1350/3348, Loss: 0.0230
2025-10-10 09:34:58,283 [INFO] Época 12/30, Batch 1400/3348, Loss: 0.0131
2025-10-10 09:34:58,550 [INFO] Época 12/30, Batch 1450/3348, Loss: 0.0131
2025-10-10 09:34:58,816 [INFO] Época 12/30, Batch 1500/3348, Loss: 0.0085
2025-10-10 09:34:59,080 [INFO] Época 12/30, Batch 1550/3348, Loss: 0.0107
2025-10-10 09:34:59,346 [INFO] Época 12/30, Batch 1600/3348, Loss: 0.0192
2025-10-10 09:34:59,613 [INFO] Época 12/30, Batch 1650/3348, Loss: 0.0167
2025-10-10 09:34:59,882 [INFO] Época 12/30, Batch 1700/3348, Loss: 0.0110
2025-10-10 09:35:00,148 [INFO] Época 12/30, Batch 1750/3348, Loss: 0.0092
2025-10-10 09:35:00,412 [INFO] Época 12/30, Batch 1800/3348, Loss: 0.0084
2025-10-10 09:35:00,680 [INFO] Época 12/30, Batch 1850/3348, Loss: 0.0091
2025-10-10 09:35:00,945 [INFO] Época 12/30, Batch 1900/3348, Loss: 0.0138
2025-10-10 09:35:01,211 [INFO] Época 12/30, Batch 1950/3348, Loss: 0.0173
2025-10-10 09:35:01,476 [INFO] Época 12/30, Batch 2000/3348, Loss: 0.0125
2025-10-10 09:35:01,743 [INFO] Época 12/30, Batch 2050/3348, Loss: 0.0266
2025-10-10 09:35:02,010 [INFO] Época 12/30, Batch 2100/3348, Loss: 0.0108
2025-10-10 09:35:02,276 [INFO] Época 12/30, Batch 2150/3348, Loss: 0.0093
2025-10-10 09:35:02,540 [INFO] Época 12/30, Batch 2200/3348, Loss: 0.0118
2025-10-10 09:35:02,805 [INFO] Época 12/30, Batch 2250/3348, Loss: 0.0091
2025-10-10 09:35:03,077 [INFO] Época 12/30, Batch 2300/3348, Loss: 0.0136
2025-10-10 09:35:03,342 [INFO] Época 12/30, Batch 2350/3348, Loss: 0.0095
2025-10-10 09:35:03,610 [INFO] Época 12/30, Batch 2400/3348, Loss: 0.0099
2025-10-10 09:35:03,877 [INFO] Época 12/30, Batch 2450/3348, Loss: 0.0097
2025-10-10 09:35:04,143 [INFO] Época 12/30, Batch 2500/3348, Loss: 0.0126
2025-10-10 09:35:04,410 [INFO] Época 12/30, Batch 2550/3348, Loss: 0.0089
2025-10-10 09:35:04,676 [INFO] Época 12/30, Batch 2600/3348, Loss: 0.0083
2025-10-10 09:35:04,943 [INFO] Época 12/30, Batch 2650/3348, Loss: 0.0110
2025-10-10 09:35:05,211 [INFO] Época 12/30, Batch 2700/3348, Loss: 0.0108
2025-10-10 09:35:05,476 [INFO] Época 12/30, Batch 2750/3348, Loss: 0.0101
2025-10-10 09:35:05,742 [INFO] Época 12/30, Batch 2800/3348, Loss: 0.0133
2025-10-10 09:35:06,007 [INFO] Época 12/30, Batch 2850/3348, Loss: 0.0062
2025-10-10 09:35:06,273 [INFO] Época 12/30, Batch 2900/3348, Loss: 0.0103
2025-10-10 09:35:06,538 [INFO] Época 12/30, Batch 2950/3348, Loss: 0.0087
2025-10-10 09:35:06,805 [INFO] Época 12/30, Batch 3000/3348, Loss: 0.0144
2025-10-10 09:35:07,072 [INFO] Época 12/30, Batch 3050/3348, Loss: 0.0089
2025-10-10 09:35:07,336 [INFO] Época 12/30, Batch 3100/3348, Loss: 0.0114
2025-10-10 09:35:07,598 [INFO] Época 12/30, Batch 3150/3348, Loss: 0.0139
2025-10-10 09:35:07,865 [INFO] Época 12/30, Batch 3200/3348, Loss: 0.0080
2025-10-10 09:35:08,140 [INFO] Época 12/30, Batch 3250/3348, Loss: 0.0071
2025-10-10 09:35:08,405 [INFO] Época 12/30, Batch 3300/3348, Loss: 0.0093
2025-10-10 09:35:10,307 [INFO] [12/30] Train Loss: 0.0130 | Val Loss: 0.0141 | Tempo: 19.87s
2025-10-10 09:35:10,924 [INFO] Época 13/30, Batch 50/3348, Loss: 0.0164
2025-10-10 09:35:11,195 [INFO] Época 13/30, Batch 100/3348, Loss: 0.0076
2025-10-10 09:35:11,461 [INFO] Época 13/30, Batch 150/3348, Loss: 0.0070
2025-10-10 09:35:11,730 [INFO] Época 13/30, Batch 200/3348, Loss: 0.0114
2025-10-10 09:35:11,998 [INFO] Época 13/30, Batch 250/3348, Loss: 0.0123
2025-10-10 09:35:12,266 [INFO] Época 13/30, Batch 300/3348, Loss: 0.0215
2025-10-10 09:35:12,533 [INFO] Época 13/30, Batch 350/3348, Loss: 0.0147
2025-10-10 09:35:12,799 [INFO] Época 13/30, Batch 400/3348, Loss: 0.0080
2025-10-10 09:35:13,065 [INFO] Época 13/30, Batch 450/3348, Loss: 0.0099
2025-10-10 09:35:13,341 [INFO] Época 13/30, Batch 500/3348, Loss: 0.0135
2025-10-10 09:35:13,605 [INFO] Época 13/30, Batch 550/3348, Loss: 0.0127
2025-10-10 09:35:13,866 [INFO] Época 13/30, Batch 600/3348, Loss: 0.0101
2025-10-10 09:35:14,130 [INFO] Época 13/30, Batch 650/3348, Loss: 0.0147
2025-10-10 09:35:14,396 [INFO] Época 13/30, Batch 700/3348, Loss: 0.0139
2025-10-10 09:35:14,660 [INFO] Época 13/30, Batch 750/3348, Loss: 0.0146
2025-10-10 09:35:14,925 [INFO] Época 13/30, Batch 800/3348, Loss: 0.0096
2025-10-10 09:35:15,191 [INFO] Época 13/30, Batch 850/3348, Loss: 0.0453
2025-10-10 09:35:15,459 [INFO] Época 13/30, Batch 900/3348, Loss: 0.0124
2025-10-10 09:35:15,726 [INFO] Época 13/30, Batch 950/3348, Loss: 0.0127
2025-10-10 09:35:15,993 [INFO] Época 13/30, Batch 1000/3348, Loss: 0.0132
2025-10-10 09:35:16,267 [INFO] Época 13/30, Batch 1050/3348, Loss: 0.0122
2025-10-10 09:35:16,541 [INFO] Época 13/30, Batch 1100/3348, Loss: 0.0130
2025-10-10 09:35:16,812 [INFO] Época 13/30, Batch 1150/3348, Loss: 0.0117
2025-10-10 09:35:17,089 [INFO] Época 13/30, Batch 1200/3348, Loss: 0.0116
2025-10-10 09:35:17,362 [INFO] Época 13/30, Batch 1250/3348, Loss: 0.0089
2025-10-10 09:35:17,635 [INFO] Época 13/30, Batch 1300/3348, Loss: 0.0120
2025-10-10 09:35:17,906 [INFO] Época 13/30, Batch 1350/3348, Loss: 0.0131
2025-10-10 09:35:18,168 [INFO] Época 13/30, Batch 1400/3348, Loss: 0.0160
2025-10-10 09:35:18,444 [INFO] Época 13/30, Batch 1450/3348, Loss: 0.0182
2025-10-10 09:35:18,707 [INFO] Época 13/30, Batch 1500/3348, Loss: 0.0094
2025-10-10 09:35:18,970 [INFO] Época 13/30, Batch 1550/3348, Loss: 0.0084
2025-10-10 09:35:19,234 [INFO] Época 13/30, Batch 1600/3348, Loss: 0.0086
2025-10-10 09:35:19,497 [INFO] Época 13/30, Batch 1650/3348, Loss: 0.0127
2025-10-10 09:35:19,764 [INFO] Época 13/30, Batch 1700/3348, Loss: 0.0108
2025-10-10 09:35:20,035 [INFO] Época 13/30, Batch 1750/3348, Loss: 0.0128
2025-10-10 09:35:20,306 [INFO] Época 13/30, Batch 1800/3348, Loss: 0.0267
2025-10-10 09:35:20,578 [INFO] Época 13/30, Batch 1850/3348, Loss: 0.0115
2025-10-10 09:35:20,850 [INFO] Época 13/30, Batch 1900/3348, Loss: 0.0096
2025-10-10 09:35:21,122 [INFO] Época 13/30, Batch 1950/3348, Loss: 0.0145
2025-10-10 09:35:21,395 [INFO] Época 13/30, Batch 2000/3348, Loss: 0.0111
2025-10-10 09:35:21,670 [INFO] Época 13/30, Batch 2050/3348, Loss: 0.0195
2025-10-10 09:35:21,943 [INFO] Época 13/30, Batch 2100/3348, Loss: 0.0164
2025-10-10 09:35:22,217 [INFO] Época 13/30, Batch 2150/3348, Loss: 0.0069
2025-10-10 09:35:22,490 [INFO] Época 13/30, Batch 2200/3348, Loss: 0.0106
2025-10-10 09:35:22,763 [INFO] Época 13/30, Batch 2250/3348, Loss: 0.0078
2025-10-10 09:35:23,035 [INFO] Época 13/30, Batch 2300/3348, Loss: 0.0149
2025-10-10 09:35:23,307 [INFO] Época 13/30, Batch 2350/3348, Loss: 0.0099
2025-10-10 09:35:23,587 [INFO] Época 13/30, Batch 2400/3348, Loss: 0.0125
2025-10-10 09:35:23,857 [INFO] Época 13/30, Batch 2450/3348, Loss: 0.0146
2025-10-10 09:35:24,129 [INFO] Época 13/30, Batch 2500/3348, Loss: 0.0169
2025-10-10 09:35:24,400 [INFO] Época 13/30, Batch 2550/3348, Loss: 0.0127
2025-10-10 09:35:24,672 [INFO] Época 13/30, Batch 2600/3348, Loss: 0.0120
2025-10-10 09:35:24,941 [INFO] Época 13/30, Batch 2650/3348, Loss: 0.0097
2025-10-10 09:35:25,211 [INFO] Época 13/30, Batch 2700/3348, Loss: 0.0172
2025-10-10 09:35:25,482 [INFO] Época 13/30, Batch 2750/3348, Loss: 0.0082
2025-10-10 09:35:25,754 [INFO] Época 13/30, Batch 2800/3348, Loss: 0.0122
2025-10-10 09:35:26,026 [INFO] Época 13/30, Batch 2850/3348, Loss: 0.0081
2025-10-10 09:35:26,296 [INFO] Época 13/30, Batch 2900/3348, Loss: 0.0091
2025-10-10 09:35:26,567 [INFO] Época 13/30, Batch 2950/3348, Loss: 0.0079
2025-10-10 09:35:26,839 [INFO] Época 13/30, Batch 3000/3348, Loss: 0.0180
2025-10-10 09:35:27,111 [INFO] Época 13/30, Batch 3050/3348, Loss: 0.0065
2025-10-10 09:35:27,381 [INFO] Época 13/30, Batch 3100/3348, Loss: 0.0144
2025-10-10 09:35:27,652 [INFO] Época 13/30, Batch 3150/3348, Loss: 0.0087
2025-10-10 09:35:27,923 [INFO] Época 13/30, Batch 3200/3348, Loss: 0.0113
2025-10-10 09:35:28,195 [INFO] Época 13/30, Batch 3250/3348, Loss: 0.0153
2025-10-10 09:35:28,468 [INFO] Época 13/30, Batch 3300/3348, Loss: 0.0072
2025-10-10 09:35:30,528 [INFO] [13/30] Train Loss: 0.0130 | Val Loss: 0.0120 | Tempo: 20.22s
2025-10-10 09:35:30,534 [INFO] Melhor modelo salvo em: /mnt/hdd/home/jdurao/ToolBox-ChemXAI/models/mlp_qm9_CM_att12_large.pth
2025-10-10 09:35:31,136 [INFO] Época 14/30, Batch 50/3348, Loss: 0.0126
2025-10-10 09:35:31,407 [INFO] Época 14/30, Batch 100/3348, Loss: 0.0141
2025-10-10 09:35:31,675 [INFO] Época 14/30, Batch 150/3348, Loss: 0.0168
2025-10-10 09:35:31,945 [INFO] Época 14/30, Batch 200/3348, Loss: 0.0328
2025-10-10 09:35:32,211 [INFO] Época 14/30, Batch 250/3348, Loss: 0.0163
2025-10-10 09:35:32,477 [INFO] Época 14/30, Batch 300/3348, Loss: 0.0112
2025-10-10 09:35:32,743 [INFO] Época 14/30, Batch 350/3348, Loss: 0.0099
2025-10-10 09:35:33,012 [INFO] Época 14/30, Batch 400/3348, Loss: 0.0187
2025-10-10 09:35:33,283 [INFO] Época 14/30, Batch 450/3348, Loss: 0.0131
2025-10-10 09:35:33,555 [INFO] Época 14/30, Batch 500/3348, Loss: 0.0096
2025-10-10 09:35:33,835 [INFO] Época 14/30, Batch 550/3348, Loss: 0.0103
2025-10-10 09:35:34,102 [INFO] Época 14/30, Batch 600/3348, Loss: 0.0165
2025-10-10 09:35:34,370 [INFO] Época 14/30, Batch 650/3348, Loss: 0.0120
2025-10-10 09:35:34,636 [INFO] Época 14/30, Batch 700/3348, Loss: 0.0090
2025-10-10 09:35:34,899 [INFO] Época 14/30, Batch 750/3348, Loss: 0.0107
2025-10-10 09:35:35,158 [INFO] Época 14/30, Batch 800/3348, Loss: 0.0082
2025-10-10 09:35:35,415 [INFO] Época 14/30, Batch 850/3348, Loss: 0.0081
2025-10-10 09:35:35,681 [INFO] Época 14/30, Batch 900/3348, Loss: 0.0107
2025-10-10 09:35:35,958 [INFO] Época 14/30, Batch 950/3348, Loss: 0.0087
2025-10-10 09:35:36,235 [INFO] Época 14/30, Batch 1000/3348, Loss: 0.0348
2025-10-10 09:35:36,513 [INFO] Época 14/30, Batch 1050/3348, Loss: 0.0157
2025-10-10 09:35:36,789 [INFO] Época 14/30, Batch 1100/3348, Loss: 0.0127
2025-10-10 09:35:37,064 [INFO] Época 14/30, Batch 1150/3348, Loss: 0.0070
2025-10-10 09:35:37,329 [INFO] Época 14/30, Batch 1200/3348, Loss: 0.0094
2025-10-10 09:35:37,594 [INFO] Época 14/30, Batch 1250/3348, Loss: 0.0124
2025-10-10 09:35:37,858 [INFO] Época 14/30, Batch 1300/3348, Loss: 0.0098
2025-10-10 09:35:38,121 [INFO] Época 14/30, Batch 1350/3348, Loss: 0.0148
2025-10-10 09:35:38,386 [INFO] Época 14/30, Batch 1400/3348, Loss: 0.0124
2025-10-10 09:35:38,648 [INFO] Época 14/30, Batch 1450/3348, Loss: 0.0159
2025-10-10 09:35:38,924 [INFO] Época 14/30, Batch 1500/3348, Loss: 0.0113
2025-10-10 09:35:39,197 [INFO] Época 14/30, Batch 1550/3348, Loss: 0.0104
2025-10-10 09:35:39,472 [INFO] Época 14/30, Batch 1600/3348, Loss: 0.0147
2025-10-10 09:35:39,737 [INFO] Época 14/30, Batch 1650/3348, Loss: 0.0072
2025-10-10 09:35:40,002 [INFO] Época 14/30, Batch 1700/3348, Loss: 0.0266
2025-10-10 09:35:40,270 [INFO] Época 14/30, Batch 1750/3348, Loss: 0.0096
2025-10-10 09:35:40,538 [INFO] Época 14/30, Batch 1800/3348, Loss: 0.0102
2025-10-10 09:35:40,801 [INFO] Época 14/30, Batch 1850/3348, Loss: 0.0071
2025-10-10 09:35:41,065 [INFO] Época 14/30, Batch 1900/3348, Loss: 0.0168
2025-10-10 09:35:41,332 [INFO] Época 14/30, Batch 1950/3348, Loss: 0.0099
2025-10-10 09:35:41,599 [INFO] Época 14/30, Batch 2000/3348, Loss: 0.0096
2025-10-10 09:35:41,864 [INFO] Época 14/30, Batch 2050/3348, Loss: 0.0116
2025-10-10 09:35:42,129 [INFO] Época 14/30, Batch 2100/3348, Loss: 0.0115
2025-10-10 09:35:42,394 [INFO] Época 14/30, Batch 2150/3348, Loss: 0.0122
2025-10-10 09:35:42,658 [INFO] Época 14/30, Batch 2200/3348, Loss: 0.0159
2025-10-10 09:35:42,920 [INFO] Época 14/30, Batch 2250/3348, Loss: 0.0105
2025-10-10 09:35:43,182 [INFO] Época 14/30, Batch 2300/3348, Loss: 0.0063
2025-10-10 09:35:43,444 [INFO] Época 14/30, Batch 2350/3348, Loss: 0.0096
2025-10-10 09:35:43,706 [INFO] Época 14/30, Batch 2400/3348, Loss: 0.0198
2025-10-10 09:35:43,986 [INFO] Época 14/30, Batch 2450/3348, Loss: 0.0099
2025-10-10 09:35:44,254 [INFO] Época 14/30, Batch 2500/3348, Loss: 0.0096
2025-10-10 09:35:44,521 [INFO] Época 14/30, Batch 2550/3348, Loss: 0.0107
2025-10-10 09:35:44,785 [INFO] Época 14/30, Batch 2600/3348, Loss: 0.0188
2025-10-10 09:35:45,048 [INFO] Época 14/30, Batch 2650/3348, Loss: 0.0088
2025-10-10 09:35:45,312 [INFO] Época 14/30, Batch 2700/3348, Loss: 0.0107
2025-10-10 09:35:45,575 [INFO] Época 14/30, Batch 2750/3348, Loss: 0.0091
2025-10-10 09:35:45,840 [INFO] Época 14/30, Batch 2800/3348, Loss: 0.0060
2025-10-10 09:35:46,105 [INFO] Época 14/30, Batch 2850/3348, Loss: 0.0122
2025-10-10 09:35:46,370 [INFO] Época 14/30, Batch 2900/3348, Loss: 0.0070
2025-10-10 09:35:46,631 [INFO] Época 14/30, Batch 2950/3348, Loss: 0.0147
2025-10-10 09:35:46,898 [INFO] Época 14/30, Batch 3000/3348, Loss: 0.0140
2025-10-10 09:35:47,164 [INFO] Época 14/30, Batch 3050/3348, Loss: 0.0110
2025-10-10 09:35:47,430 [INFO] Época 14/30, Batch 3100/3348, Loss: 0.0203
2025-10-10 09:35:47,695 [INFO] Época 14/30, Batch 3150/3348, Loss: 0.0152
2025-10-10 09:35:47,960 [INFO] Época 14/30, Batch 3200/3348, Loss: 0.0092
2025-10-10 09:35:48,228 [INFO] Época 14/30, Batch 3250/3348, Loss: 0.0161
2025-10-10 09:35:48,495 [INFO] Época 14/30, Batch 3300/3348, Loss: 0.0112
2025-10-10 09:35:50,459 [INFO] [14/30] Train Loss: 0.0123 | Val Loss: 0.0179 | Tempo: 19.93s
2025-10-10 09:35:51,080 [INFO] Época 15/30, Batch 50/3348, Loss: 0.0153
2025-10-10 09:35:51,364 [INFO] Época 15/30, Batch 100/3348, Loss: 0.0082
2025-10-10 09:35:51,645 [INFO] Época 15/30, Batch 150/3348, Loss: 0.0081
2025-10-10 09:35:51,924 [INFO] Época 15/30, Batch 200/3348, Loss: 0.0158
2025-10-10 09:35:52,203 [INFO] Época 15/30, Batch 250/3348, Loss: 0.0106
2025-10-10 09:35:52,478 [INFO] Época 15/30, Batch 300/3348, Loss: 0.0067
2025-10-10 09:35:52,755 [INFO] Época 15/30, Batch 350/3348, Loss: 0.0183
2025-10-10 09:35:53,027 [INFO] Época 15/30, Batch 400/3348, Loss: 0.0084
2025-10-10 09:35:53,298 [INFO] Época 15/30, Batch 450/3348, Loss: 0.0145
2025-10-10 09:35:53,573 [INFO] Época 15/30, Batch 500/3348, Loss: 0.0123
2025-10-10 09:35:53,847 [INFO] Época 15/30, Batch 550/3348, Loss: 0.0153
2025-10-10 09:35:54,120 [INFO] Época 15/30, Batch 600/3348, Loss: 0.0097
2025-10-10 09:35:54,380 [INFO] Época 15/30, Batch 650/3348, Loss: 0.0125
2025-10-10 09:35:54,635 [INFO] Época 15/30, Batch 700/3348, Loss: 0.0151
2025-10-10 09:35:54,891 [INFO] Época 15/30, Batch 750/3348, Loss: 0.0145
2025-10-10 09:35:55,153 [INFO] Época 15/30, Batch 800/3348, Loss: 0.0092
2025-10-10 09:35:55,416 [INFO] Época 15/30, Batch 850/3348, Loss: 0.0126
2025-10-10 09:35:55,678 [INFO] Época 15/30, Batch 900/3348, Loss: 0.0116
2025-10-10 09:35:55,943 [INFO] Época 15/30, Batch 950/3348, Loss: 0.0127
2025-10-10 09:35:56,207 [INFO] Época 15/30, Batch 1000/3348, Loss: 0.0179
2025-10-10 09:35:56,471 [INFO] Época 15/30, Batch 1050/3348, Loss: 0.0094
2025-10-10 09:35:56,734 [INFO] Época 15/30, Batch 1100/3348, Loss: 0.0127
2025-10-10 09:35:56,998 [INFO] Época 15/30, Batch 1150/3348, Loss: 0.0093
2025-10-10 09:35:57,263 [INFO] Época 15/30, Batch 1200/3348, Loss: 0.0135
2025-10-10 09:35:57,527 [INFO] Época 15/30, Batch 1250/3348, Loss: 0.0101
2025-10-10 09:35:57,801 [INFO] Época 15/30, Batch 1300/3348, Loss: 0.0085
2025-10-10 09:35:58,076 [INFO] Época 15/30, Batch 1350/3348, Loss: 0.0095
2025-10-10 09:35:58,350 [INFO] Época 15/30, Batch 1400/3348, Loss: 0.0105
2025-10-10 09:35:58,625 [INFO] Época 15/30, Batch 1450/3348, Loss: 0.0119
2025-10-10 09:35:58,900 [INFO] Época 15/30, Batch 1500/3348, Loss: 0.0131
2025-10-10 09:35:59,177 [INFO] Época 15/30, Batch 1550/3348, Loss: 0.0126
2025-10-10 09:35:59,452 [INFO] Época 15/30, Batch 1600/3348, Loss: 0.0123
2025-10-10 09:35:59,725 [INFO] Época 15/30, Batch 1650/3348, Loss: 0.0093
2025-10-10 09:35:59,990 [INFO] Época 15/30, Batch 1700/3348, Loss: 0.0092
2025-10-10 09:36:00,266 [INFO] Época 15/30, Batch 1750/3348, Loss: 0.0113
2025-10-10 09:36:00,536 [INFO] Época 15/30, Batch 1800/3348, Loss: 0.0107
2025-10-10 09:36:00,800 [INFO] Época 15/30, Batch 1850/3348, Loss: 0.0140
2025-10-10 09:36:01,078 [INFO] Época 15/30, Batch 1900/3348, Loss: 0.0089
2025-10-10 09:36:01,348 [INFO] Época 15/30, Batch 1950/3348, Loss: 0.0110
2025-10-10 09:36:01,612 [INFO] Época 15/30, Batch 2000/3348, Loss: 0.0092
2025-10-10 09:36:01,882 [INFO] Época 15/30, Batch 2050/3348, Loss: 0.0205
2025-10-10 09:36:02,147 [INFO] Época 15/30, Batch 2100/3348, Loss: 0.0097
2025-10-10 09:36:02,416 [INFO] Época 15/30, Batch 2150/3348, Loss: 0.0096
2025-10-10 09:36:02,693 [INFO] Época 15/30, Batch 2200/3348, Loss: 0.0080
2025-10-10 09:36:02,971 [INFO] Época 15/30, Batch 2250/3348, Loss: 0.0038
2025-10-10 09:36:03,247 [INFO] Época 15/30, Batch 2300/3348, Loss: 0.0081
2025-10-10 09:36:03,524 [INFO] Época 15/30, Batch 2350/3348, Loss: 0.0090
2025-10-10 09:36:03,798 [INFO] Época 15/30, Batch 2400/3348, Loss: 0.0077
2025-10-10 09:36:04,073 [INFO] Época 15/30, Batch 2450/3348, Loss: 0.0117
2025-10-10 09:36:04,349 [INFO] Época 15/30, Batch 2500/3348, Loss: 0.0118
2025-10-10 09:36:04,614 [INFO] Época 15/30, Batch 2550/3348, Loss: 0.0124
2025-10-10 09:36:04,881 [INFO] Época 15/30, Batch 2600/3348, Loss: 0.0124
2025-10-10 09:36:05,147 [INFO] Época 15/30, Batch 2650/3348, Loss: 0.0131
2025-10-10 09:36:05,412 [INFO] Época 15/30, Batch 2700/3348, Loss: 0.0071
2025-10-10 09:36:05,680 [INFO] Época 15/30, Batch 2750/3348, Loss: 0.0142
2025-10-10 09:36:05,955 [INFO] Época 15/30, Batch 2800/3348, Loss: 0.0127
2025-10-10 09:36:06,241 [INFO] Época 15/30, Batch 2850/3348, Loss: 0.0168
2025-10-10 09:36:06,517 [INFO] Época 15/30, Batch 2900/3348, Loss: 0.0098
2025-10-10 09:36:06,794 [INFO] Época 15/30, Batch 2950/3348, Loss: 0.0152
2025-10-10 09:36:07,069 [INFO] Época 15/30, Batch 3000/3348, Loss: 0.0077
2025-10-10 09:36:07,347 [INFO] Época 15/30, Batch 3050/3348, Loss: 0.0122
2025-10-10 09:36:07,623 [INFO] Época 15/30, Batch 3100/3348, Loss: 0.0146
2025-10-10 09:36:07,891 [INFO] Época 15/30, Batch 3150/3348, Loss: 0.0091
2025-10-10 09:36:08,156 [INFO] Época 15/30, Batch 3200/3348, Loss: 0.0094
2025-10-10 09:36:08,422 [INFO] Época 15/30, Batch 3250/3348, Loss: 0.0094
2025-10-10 09:36:08,688 [INFO] Época 15/30, Batch 3300/3348, Loss: 0.0089
2025-10-10 09:36:10,622 [INFO] [15/30] Train Loss: 0.0122 | Val Loss: 0.0112 | Tempo: 20.16s
2025-10-10 09:36:10,628 [INFO] Melhor modelo salvo em: /mnt/hdd/home/jdurao/ToolBox-ChemXAI/models/mlp_qm9_CM_att12_large.pth
2025-10-10 09:36:11,235 [INFO] Época 16/30, Batch 50/3348, Loss: 0.0414
2025-10-10 09:36:11,516 [INFO] Época 16/30, Batch 100/3348, Loss: 0.0100
2025-10-10 09:36:11,788 [INFO] Época 16/30, Batch 150/3348, Loss: 0.0079
2025-10-10 09:36:12,056 [INFO] Época 16/30, Batch 200/3348, Loss: 0.0105
2025-10-10 09:36:12,322 [INFO] Época 16/30, Batch 250/3348, Loss: 0.0142
2025-10-10 09:36:12,590 [INFO] Época 16/30, Batch 300/3348, Loss: 0.0195
2025-10-10 09:36:12,856 [INFO] Época 16/30, Batch 350/3348, Loss: 0.0099
2025-10-10 09:36:13,122 [INFO] Época 16/30, Batch 400/3348, Loss: 0.0244
2025-10-10 09:36:13,388 [INFO] Época 16/30, Batch 450/3348, Loss: 0.0113
2025-10-10 09:36:13,651 [INFO] Época 16/30, Batch 500/3348, Loss: 0.0104
2025-10-10 09:36:13,918 [INFO] Época 16/30, Batch 550/3348, Loss: 0.0074
2025-10-10 09:36:14,185 [INFO] Época 16/30, Batch 600/3348, Loss: 0.0076
2025-10-10 09:36:14,453 [INFO] Época 16/30, Batch 650/3348, Loss: 0.0108
2025-10-10 09:36:14,718 [INFO] Época 16/30, Batch 700/3348, Loss: 0.0148
2025-10-10 09:36:14,984 [INFO] Época 16/30, Batch 750/3348, Loss: 0.0089
2025-10-10 09:36:15,248 [INFO] Época 16/30, Batch 800/3348, Loss: 0.0105
2025-10-10 09:36:15,504 [INFO] Época 16/30, Batch 850/3348, Loss: 0.0077
2025-10-10 09:36:15,760 [INFO] Época 16/30, Batch 900/3348, Loss: 0.0087
2025-10-10 09:36:16,017 [INFO] Época 16/30, Batch 950/3348, Loss: 0.0154
2025-10-10 09:36:16,271 [INFO] Época 16/30, Batch 1000/3348, Loss: 0.0131
2025-10-10 09:36:16,539 [INFO] Época 16/30, Batch 1050/3348, Loss: 0.0102
2025-10-10 09:36:16,795 [INFO] Época 16/30, Batch 1100/3348, Loss: 0.0172
2025-10-10 09:36:17,053 [INFO] Época 16/30, Batch 1150/3348, Loss: 0.0107
2025-10-10 09:36:17,316 [INFO] Época 16/30, Batch 1200/3348, Loss: 0.0084
2025-10-10 09:36:17,583 [INFO] Época 16/30, Batch 1250/3348, Loss: 0.0148
2025-10-10 09:36:17,850 [INFO] Época 16/30, Batch 1300/3348, Loss: 0.0090
2025-10-10 09:36:18,115 [INFO] Época 16/30, Batch 1350/3348, Loss: 0.0097
2025-10-10 09:36:18,380 [INFO] Época 16/30, Batch 1400/3348, Loss: 0.0114
2025-10-10 09:36:18,646 [INFO] Época 16/30, Batch 1450/3348, Loss: 0.0065
2025-10-10 09:36:18,910 [INFO] Época 16/30, Batch 1500/3348, Loss: 0.0105
2025-10-10 09:36:19,176 [INFO] Época 16/30, Batch 1550/3348, Loss: 0.0105
2025-10-10 09:36:19,439 [INFO] Época 16/30, Batch 1600/3348, Loss: 0.0074
2025-10-10 09:36:19,705 [INFO] Época 16/30, Batch 1650/3348, Loss: 0.0076
2025-10-10 09:36:19,971 [INFO] Época 16/30, Batch 1700/3348, Loss: 0.0125
2025-10-10 09:36:20,239 [INFO] Época 16/30, Batch 1750/3348, Loss: 0.0067
2025-10-10 09:36:20,503 [INFO] Época 16/30, Batch 1800/3348, Loss: 0.0075
2025-10-10 09:36:20,770 [INFO] Época 16/30, Batch 1850/3348, Loss: 0.0095
2025-10-10 09:36:21,035 [INFO] Época 16/30, Batch 1900/3348, Loss: 0.0086
2025-10-10 09:36:21,300 [INFO] Época 16/30, Batch 1950/3348, Loss: 0.0175
2025-10-10 09:36:21,566 [INFO] Época 16/30, Batch 2000/3348, Loss: 0.0135
2025-10-10 09:36:21,832 [INFO] Época 16/30, Batch 2050/3348, Loss: 0.0109
2025-10-10 09:36:22,100 [INFO] Época 16/30, Batch 2100/3348, Loss: 0.0117
2025-10-10 09:36:22,367 [INFO] Época 16/30, Batch 2150/3348, Loss: 0.0408
2025-10-10 09:36:22,632 [INFO] Época 16/30, Batch 2200/3348, Loss: 0.0169
2025-10-10 09:36:22,901 [INFO] Época 16/30, Batch 2250/3348, Loss: 0.0184
2025-10-10 09:36:23,170 [INFO] Época 16/30, Batch 2300/3348, Loss: 0.0101
2025-10-10 09:36:23,439 [INFO] Época 16/30, Batch 2350/3348, Loss: 0.0114
2025-10-10 09:36:23,707 [INFO] Época 16/30, Batch 2400/3348, Loss: 0.0108
2025-10-10 09:36:23,975 [INFO] Época 16/30, Batch 2450/3348, Loss: 0.0205
2025-10-10 09:36:24,243 [INFO] Época 16/30, Batch 2500/3348, Loss: 0.0088
2025-10-10 09:36:24,508 [INFO] Época 16/30, Batch 2550/3348, Loss: 0.0072
2025-10-10 09:36:24,777 [INFO] Época 16/30, Batch 2600/3348, Loss: 0.0103
2025-10-10 09:36:25,044 [INFO] Época 16/30, Batch 2650/3348, Loss: 0.0065
2025-10-10 09:36:25,314 [INFO] Época 16/30, Batch 2700/3348, Loss: 0.0155
2025-10-10 09:36:25,581 [INFO] Época 16/30, Batch 2750/3348, Loss: 0.0085
2025-10-10 09:36:25,848 [INFO] Época 16/30, Batch 2800/3348, Loss: 0.0085
2025-10-10 09:36:26,116 [INFO] Época 16/30, Batch 2850/3348, Loss: 0.0064
2025-10-10 09:36:26,382 [INFO] Época 16/30, Batch 2900/3348, Loss: 0.0093
2025-10-10 09:36:26,660 [INFO] Época 16/30, Batch 2950/3348, Loss: 0.0278
2025-10-10 09:36:26,924 [INFO] Época 16/30, Batch 3000/3348, Loss: 0.0103
2025-10-10 09:36:27,189 [INFO] Época 16/30, Batch 3050/3348, Loss: 0.0117
2025-10-10 09:36:27,454 [INFO] Época 16/30, Batch 3100/3348, Loss: 0.0092
2025-10-10 09:36:27,719 [INFO] Época 16/30, Batch 3150/3348, Loss: 0.0099
2025-10-10 09:36:27,983 [INFO] Época 16/30, Batch 3200/3348, Loss: 0.0082
2025-10-10 09:36:28,247 [INFO] Época 16/30, Batch 3250/3348, Loss: 0.0148
2025-10-10 09:36:28,514 [INFO] Época 16/30, Batch 3300/3348, Loss: 0.0106
2025-10-10 09:36:30,460 [INFO] [16/30] Train Loss: 0.0116 | Val Loss: 0.0116 | Tempo: 19.83s
2025-10-10 09:36:31,077 [INFO] Época 17/30, Batch 50/3348, Loss: 0.0100
2025-10-10 09:36:31,347 [INFO] Época 17/30, Batch 100/3348, Loss: 0.0127
2025-10-10 09:36:31,616 [INFO] Época 17/30, Batch 150/3348, Loss: 0.0144
2025-10-10 09:36:31,883 [INFO] Época 17/30, Batch 200/3348, Loss: 0.0112
2025-10-10 09:36:32,149 [INFO] Época 17/30, Batch 250/3348, Loss: 0.0071
2025-10-10 09:36:32,415 [INFO] Época 17/30, Batch 300/3348, Loss: 0.0093
2025-10-10 09:36:32,681 [INFO] Época 17/30, Batch 350/3348, Loss: 0.0093
2025-10-10 09:36:32,945 [INFO] Época 17/30, Batch 400/3348, Loss: 0.0100
2025-10-10 09:36:33,208 [INFO] Época 17/30, Batch 450/3348, Loss: 0.0168
2025-10-10 09:36:33,473 [INFO] Época 17/30, Batch 500/3348, Loss: 0.0113
2025-10-10 09:36:33,738 [INFO] Época 17/30, Batch 550/3348, Loss: 0.0087
2025-10-10 09:36:34,005 [INFO] Época 17/30, Batch 600/3348, Loss: 0.0070
2025-10-10 09:36:34,271 [INFO] Época 17/30, Batch 650/3348, Loss: 0.0168
2025-10-10 09:36:34,536 [INFO] Época 17/30, Batch 700/3348, Loss: 0.0092
2025-10-10 09:36:34,801 [INFO] Época 17/30, Batch 750/3348, Loss: 0.0152
2025-10-10 09:36:35,067 [INFO] Época 17/30, Batch 800/3348, Loss: 0.0105
2025-10-10 09:36:35,333 [INFO] Época 17/30, Batch 850/3348, Loss: 0.0159
2025-10-10 09:36:35,597 [INFO] Época 17/30, Batch 900/3348, Loss: 0.0089
2025-10-10 09:36:35,862 [INFO] Época 17/30, Batch 950/3348, Loss: 0.0097
2025-10-10 09:36:36,126 [INFO] Época 17/30, Batch 1000/3348, Loss: 0.0116
2025-10-10 09:36:36,390 [INFO] Época 17/30, Batch 1050/3348, Loss: 0.0103
2025-10-10 09:36:36,655 [INFO] Época 17/30, Batch 1100/3348, Loss: 0.0098
2025-10-10 09:36:36,935 [INFO] Época 17/30, Batch 1150/3348, Loss: 0.0130
2025-10-10 09:36:37,199 [INFO] Época 17/30, Batch 1200/3348, Loss: 0.0116
2025-10-10 09:36:37,463 [INFO] Época 17/30, Batch 1250/3348, Loss: 0.0074
2025-10-10 09:36:37,730 [INFO] Época 17/30, Batch 1300/3348, Loss: 0.0062
2025-10-10 09:36:37,996 [INFO] Época 17/30, Batch 1350/3348, Loss: 0.0078
2025-10-10 09:36:38,260 [INFO] Época 17/30, Batch 1400/3348, Loss: 0.0143
2025-10-10 09:36:38,524 [INFO] Época 17/30, Batch 1450/3348, Loss: 0.0273
2025-10-10 09:36:38,788 [INFO] Época 17/30, Batch 1500/3348, Loss: 0.0098
2025-10-10 09:36:39,055 [INFO] Época 17/30, Batch 1550/3348, Loss: 0.0086
2025-10-10 09:36:39,320 [INFO] Época 17/30, Batch 1600/3348, Loss: 0.0096
2025-10-10 09:36:39,585 [INFO] Época 17/30, Batch 1650/3348, Loss: 0.0097
2025-10-10 09:36:39,850 [INFO] Época 17/30, Batch 1700/3348, Loss: 0.0139
2025-10-10 09:36:40,116 [INFO] Época 17/30, Batch 1750/3348, Loss: 0.0549
2025-10-10 09:36:40,381 [INFO] Época 17/30, Batch 1800/3348, Loss: 0.0099
2025-10-10 09:36:40,648 [INFO] Época 17/30, Batch 1850/3348, Loss: 0.0122
2025-10-10 09:36:40,913 [INFO] Época 17/30, Batch 1900/3348, Loss: 0.0075
2025-10-10 09:36:41,178 [INFO] Época 17/30, Batch 1950/3348, Loss: 0.0135
2025-10-10 09:36:41,442 [INFO] Época 17/30, Batch 2000/3348, Loss: 0.0082
2025-10-10 09:36:41,706 [INFO] Época 17/30, Batch 2050/3348, Loss: 0.0081
2025-10-10 09:36:41,983 [INFO] Época 17/30, Batch 2100/3348, Loss: 0.0098
2025-10-10 09:36:42,248 [INFO] Época 17/30, Batch 2150/3348, Loss: 0.0130
2025-10-10 09:36:42,514 [INFO] Época 17/30, Batch 2200/3348, Loss: 0.0100
2025-10-10 09:36:42,779 [INFO] Época 17/30, Batch 2250/3348, Loss: 0.0077
2025-10-10 09:36:43,044 [INFO] Época 17/30, Batch 2300/3348, Loss: 0.0139
2025-10-10 09:36:43,308 [INFO] Época 17/30, Batch 2350/3348, Loss: 0.0067
2025-10-10 09:36:43,574 [INFO] Época 17/30, Batch 2400/3348, Loss: 0.0100
2025-10-10 09:36:43,840 [INFO] Época 17/30, Batch 2450/3348, Loss: 0.0106
2025-10-10 09:36:44,105 [INFO] Época 17/30, Batch 2500/3348, Loss: 0.0122
2025-10-10 09:36:44,370 [INFO] Época 17/30, Batch 2550/3348, Loss: 0.0162
2025-10-10 09:36:44,636 [INFO] Época 17/30, Batch 2600/3348, Loss: 0.0104
2025-10-10 09:36:44,902 [INFO] Época 17/30, Batch 2650/3348, Loss: 0.0334
2025-10-10 09:36:45,169 [INFO] Época 17/30, Batch 2700/3348, Loss: 0.0079
2025-10-10 09:36:45,433 [INFO] Época 17/30, Batch 2750/3348, Loss: 0.0108
2025-10-10 09:36:45,698 [INFO] Época 17/30, Batch 2800/3348, Loss: 0.0112
2025-10-10 09:36:45,963 [INFO] Época 17/30, Batch 2850/3348, Loss: 0.0112
2025-10-10 09:36:46,229 [INFO] Época 17/30, Batch 2900/3348, Loss: 0.0122
2025-10-10 09:36:46,495 [INFO] Época 17/30, Batch 2950/3348, Loss: 0.0068
2025-10-10 09:36:46,760 [INFO] Época 17/30, Batch 3000/3348, Loss: 0.0101
2025-10-10 09:36:47,037 [INFO] Época 17/30, Batch 3050/3348, Loss: 0.0075
2025-10-10 09:36:47,299 [INFO] Época 17/30, Batch 3100/3348, Loss: 0.0103
2025-10-10 09:36:47,563 [INFO] Época 17/30, Batch 3150/3348, Loss: 0.0115
2025-10-10 09:36:47,827 [INFO] Época 17/30, Batch 3200/3348, Loss: 0.0142
2025-10-10 09:36:48,092 [INFO] Época 17/30, Batch 3250/3348, Loss: 0.0096
2025-10-10 09:36:48,358 [INFO] Época 17/30, Batch 3300/3348, Loss: 0.0111
2025-10-10 09:36:50,202 [INFO] [17/30] Train Loss: 0.0119 | Val Loss: 0.0154 | Tempo: 19.74s
2025-10-10 09:36:50,802 [INFO] Época 18/30, Batch 50/3348, Loss: 0.0113
2025-10-10 09:36:51,073 [INFO] Época 18/30, Batch 100/3348, Loss: 0.0066
2025-10-10 09:36:51,343 [INFO] Época 18/30, Batch 150/3348, Loss: 0.0094
2025-10-10 09:36:51,609 [INFO] Época 18/30, Batch 200/3348, Loss: 0.0117
2025-10-10 09:36:51,877 [INFO] Época 18/30, Batch 250/3348, Loss: 0.0131
2025-10-10 09:36:52,145 [INFO] Época 18/30, Batch 300/3348, Loss: 0.0089
2025-10-10 09:36:52,414 [INFO] Época 18/30, Batch 350/3348, Loss: 0.0073
2025-10-10 09:36:52,684 [INFO] Época 18/30, Batch 400/3348, Loss: 0.0122
2025-10-10 09:36:52,957 [INFO] Época 18/30, Batch 450/3348, Loss: 0.0136
2025-10-10 09:36:53,229 [INFO] Época 18/30, Batch 500/3348, Loss: 0.0092
2025-10-10 09:36:53,500 [INFO] Época 18/30, Batch 550/3348, Loss: 0.0080
2025-10-10 09:36:53,779 [INFO] Época 18/30, Batch 600/3348, Loss: 0.0105
2025-10-10 09:36:54,051 [INFO] Época 18/30, Batch 650/3348, Loss: 0.0138
2025-10-10 09:36:54,320 [INFO] Época 18/30, Batch 700/3348, Loss: 0.0122
2025-10-10 09:36:54,587 [INFO] Época 18/30, Batch 750/3348, Loss: 0.0118
2025-10-10 09:36:54,853 [INFO] Época 18/30, Batch 800/3348, Loss: 0.0176
2025-10-10 09:36:55,122 [INFO] Época 18/30, Batch 850/3348, Loss: 0.0062
2025-10-10 09:36:55,389 [INFO] Época 18/30, Batch 900/3348, Loss: 0.0131
2025-10-10 09:36:55,657 [INFO] Época 18/30, Batch 950/3348, Loss: 0.0153
2025-10-10 09:36:55,924 [INFO] Época 18/30, Batch 1000/3348, Loss: 0.0079
2025-10-10 09:36:56,190 [INFO] Época 18/30, Batch 1050/3348, Loss: 0.0105
2025-10-10 09:36:56,459 [INFO] Época 18/30, Batch 1100/3348, Loss: 0.0121
2025-10-10 09:36:56,727 [INFO] Época 18/30, Batch 1150/3348, Loss: 0.0112
2025-10-10 09:36:56,994 [INFO] Época 18/30, Batch 1200/3348, Loss: 0.0130
2025-10-10 09:36:57,271 [INFO] Época 18/30, Batch 1250/3348, Loss: 0.0098
2025-10-10 09:36:57,538 [INFO] Época 18/30, Batch 1300/3348, Loss: 0.0094
2025-10-10 09:36:57,804 [INFO] Época 18/30, Batch 1350/3348, Loss: 0.0094
2025-10-10 09:36:58,075 [INFO] Época 18/30, Batch 1400/3348, Loss: 0.0096
2025-10-10 09:36:58,353 [INFO] Época 18/30, Batch 1450/3348, Loss: 0.0112
2025-10-10 09:36:58,630 [INFO] Época 18/30, Batch 1500/3348, Loss: 0.0116
2025-10-10 09:36:58,908 [INFO] Época 18/30, Batch 1550/3348, Loss: 0.0090
2025-10-10 09:36:59,184 [INFO] Época 18/30, Batch 1600/3348, Loss: 0.0135
2025-10-10 09:36:59,459 [INFO] Época 18/30, Batch 1650/3348, Loss: 0.0110
2025-10-10 09:36:59,733 [INFO] Época 18/30, Batch 1700/3348, Loss: 0.0064
2025-10-10 09:37:00,005 [INFO] Época 18/30, Batch 1750/3348, Loss: 0.0091
2025-10-10 09:37:00,275 [INFO] Época 18/30, Batch 1800/3348, Loss: 0.0076
2025-10-10 09:37:00,546 [INFO] Época 18/30, Batch 1850/3348, Loss: 0.0085
2025-10-10 09:37:00,816 [INFO] Época 18/30, Batch 1900/3348, Loss: 0.0098
2025-10-10 09:37:01,086 [INFO] Época 18/30, Batch 1950/3348, Loss: 0.0134
2025-10-10 09:37:01,357 [INFO] Época 18/30, Batch 2000/3348, Loss: 0.0126
2025-10-10 09:37:01,626 [INFO] Época 18/30, Batch 2050/3348, Loss: 0.0094
2025-10-10 09:37:01,898 [INFO] Época 18/30, Batch 2100/3348, Loss: 0.0098
2025-10-10 09:37:02,166 [INFO] Época 18/30, Batch 2150/3348, Loss: 0.0100
2025-10-10 09:37:02,446 [INFO] Época 18/30, Batch 2200/3348, Loss: 0.0104
2025-10-10 09:37:02,713 [INFO] Época 18/30, Batch 2250/3348, Loss: 0.0106
2025-10-10 09:37:02,980 [INFO] Época 18/30, Batch 2300/3348, Loss: 0.0065
2025-10-10 09:37:03,249 [INFO] Época 18/30, Batch 2350/3348, Loss: 0.0116
2025-10-10 09:37:03,519 [INFO] Época 18/30, Batch 2400/3348, Loss: 0.0058
2025-10-10 09:37:03,791 [INFO] Época 18/30, Batch 2450/3348, Loss: 0.0093
2025-10-10 09:37:04,063 [INFO] Época 18/30, Batch 2500/3348, Loss: 0.0074
2025-10-10 09:37:04,336 [INFO] Época 18/30, Batch 2550/3348, Loss: 0.0098
2025-10-10 09:37:04,607 [INFO] Época 18/30, Batch 2600/3348, Loss: 0.0136
2025-10-10 09:37:04,875 [INFO] Época 18/30, Batch 2650/3348, Loss: 0.0104
2025-10-10 09:37:05,141 [INFO] Época 18/30, Batch 2700/3348, Loss: 0.0070
2025-10-10 09:37:05,411 [INFO] Época 18/30, Batch 2750/3348, Loss: 0.0060
2025-10-10 09:37:05,679 [INFO] Época 18/30, Batch 2800/3348, Loss: 0.0113
2025-10-10 09:37:05,948 [INFO] Época 18/30, Batch 2850/3348, Loss: 0.0123
2025-10-10 09:37:06,216 [INFO] Época 18/30, Batch 2900/3348, Loss: 0.0077
2025-10-10 09:37:06,487 [INFO] Época 18/30, Batch 2950/3348, Loss: 0.0142
2025-10-10 09:37:06,760 [INFO] Época 18/30, Batch 3000/3348, Loss: 0.0082
2025-10-10 09:37:07,026 [INFO] Época 18/30, Batch 3050/3348, Loss: 0.0088
2025-10-10 09:37:07,301 [INFO] Época 18/30, Batch 3100/3348, Loss: 0.0091
2025-10-10 09:37:07,594 [INFO] Época 18/30, Batch 3150/3348, Loss: 0.0157
2025-10-10 09:37:07,862 [INFO] Época 18/30, Batch 3200/3348, Loss: 0.0117
2025-10-10 09:37:08,129 [INFO] Época 18/30, Batch 3250/3348, Loss: 0.0067
2025-10-10 09:37:08,394 [INFO] Época 18/30, Batch 3300/3348, Loss: 0.0118
2025-10-10 09:37:10,367 [INFO] [18/30] Train Loss: 0.0111 | Val Loss: 0.0141 | Tempo: 20.16s
2025-10-10 09:37:10,972 [INFO] Época 19/30, Batch 50/3348, Loss: 0.0124
2025-10-10 09:37:11,246 [INFO] Época 19/30, Batch 100/3348, Loss: 0.0087
2025-10-10 09:37:11,515 [INFO] Época 19/30, Batch 150/3348, Loss: 0.0124
2025-10-10 09:37:11,785 [INFO] Época 19/30, Batch 200/3348, Loss: 0.0099
2025-10-10 09:37:12,054 [INFO] Época 19/30, Batch 250/3348, Loss: 0.0090
2025-10-10 09:37:12,322 [INFO] Época 19/30, Batch 300/3348, Loss: 0.0097
2025-10-10 09:37:12,602 [INFO] Época 19/30, Batch 350/3348, Loss: 0.0123
2025-10-10 09:37:12,871 [INFO] Época 19/30, Batch 400/3348, Loss: 0.0137
2025-10-10 09:37:13,139 [INFO] Época 19/30, Batch 450/3348, Loss: 0.0116
2025-10-10 09:37:13,406 [INFO] Época 19/30, Batch 500/3348, Loss: 0.0093
2025-10-10 09:37:13,673 [INFO] Época 19/30, Batch 550/3348, Loss: 0.0098
2025-10-10 09:37:13,939 [INFO] Época 19/30, Batch 600/3348, Loss: 0.0113
2025-10-10 09:37:14,206 [INFO] Época 19/30, Batch 650/3348, Loss: 0.0108
2025-10-10 09:37:14,470 [INFO] Época 19/30, Batch 700/3348, Loss: 0.0099
2025-10-10 09:37:14,736 [INFO] Época 19/30, Batch 750/3348, Loss: 0.0093
2025-10-10 09:37:15,001 [INFO] Época 19/30, Batch 800/3348, Loss: 0.0117
2025-10-10 09:37:15,266 [INFO] Época 19/30, Batch 850/3348, Loss: 0.0244
2025-10-10 09:37:15,532 [INFO] Época 19/30, Batch 900/3348, Loss: 0.0061
2025-10-10 09:37:15,793 [INFO] Época 19/30, Batch 950/3348, Loss: 0.0302
2025-10-10 09:37:16,051 [INFO] Época 19/30, Batch 1000/3348, Loss: 0.0153
2025-10-10 09:37:16,309 [INFO] Época 19/30, Batch 1050/3348, Loss: 0.0094
2025-10-10 09:37:16,566 [INFO] Época 19/30, Batch 1100/3348, Loss: 0.0137
2025-10-10 09:37:16,823 [INFO] Época 19/30, Batch 1150/3348, Loss: 0.0104
2025-10-10 09:37:17,082 [INFO] Época 19/30, Batch 1200/3348, Loss: 0.0076
2025-10-10 09:37:17,344 [INFO] Época 19/30, Batch 1250/3348, Loss: 0.0113
2025-10-10 09:37:17,622 [INFO] Época 19/30, Batch 1300/3348, Loss: 0.0105
2025-10-10 09:37:17,897 [INFO] Época 19/30, Batch 1350/3348, Loss: 0.0070
2025-10-10 09:37:18,175 [INFO] Época 19/30, Batch 1400/3348, Loss: 0.0044
2025-10-10 09:37:18,455 [INFO] Época 19/30, Batch 1450/3348, Loss: 0.0082
2025-10-10 09:37:18,727 [INFO] Época 19/30, Batch 1500/3348, Loss: 0.0088
2025-10-10 09:37:18,990 [INFO] Época 19/30, Batch 1550/3348, Loss: 0.0072
2025-10-10 09:37:19,255 [INFO] Época 19/30, Batch 1600/3348, Loss: 0.0136
2025-10-10 09:37:19,520 [INFO] Época 19/30, Batch 1650/3348, Loss: 0.0100
2025-10-10 09:37:19,788 [INFO] Época 19/30, Batch 1700/3348, Loss: 0.0085
2025-10-10 09:37:20,054 [INFO] Época 19/30, Batch 1750/3348, Loss: 0.0258
2025-10-10 09:37:20,320 [INFO] Época 19/30, Batch 1800/3348, Loss: 0.0048
2025-10-10 09:37:20,586 [INFO] Época 19/30, Batch 1850/3348, Loss: 0.0115
2025-10-10 09:37:20,853 [INFO] Época 19/30, Batch 1900/3348, Loss: 0.0099
2025-10-10 09:37:21,119 [INFO] Época 19/30, Batch 1950/3348, Loss: 0.0115
2025-10-10 09:37:21,385 [INFO] Época 19/30, Batch 2000/3348, Loss: 0.0073
2025-10-10 09:37:21,650 [INFO] Época 19/30, Batch 2050/3348, Loss: 0.0054
2025-10-10 09:37:21,915 [INFO] Época 19/30, Batch 2100/3348, Loss: 0.0111
2025-10-10 09:37:22,180 [INFO] Época 19/30, Batch 2150/3348, Loss: 0.0100
2025-10-10 09:37:22,447 [INFO] Época 19/30, Batch 2200/3348, Loss: 0.0107
2025-10-10 09:37:22,722 [INFO] Época 19/30, Batch 2250/3348, Loss: 0.0065
2025-10-10 09:37:22,987 [INFO] Época 19/30, Batch 2300/3348, Loss: 0.0113
2025-10-10 09:37:23,252 [INFO] Época 19/30, Batch 2350/3348, Loss: 0.0119
2025-10-10 09:37:23,516 [INFO] Época 19/30, Batch 2400/3348, Loss: 0.0089
2025-10-10 09:37:23,782 [INFO] Época 19/30, Batch 2450/3348, Loss: 0.0106
2025-10-10 09:37:24,049 [INFO] Época 19/30, Batch 2500/3348, Loss: 0.0075
2025-10-10 09:37:24,316 [INFO] Época 19/30, Batch 2550/3348, Loss: 0.0106
2025-10-10 09:37:24,581 [INFO] Época 19/30, Batch 2600/3348, Loss: 0.0120
2025-10-10 09:37:24,848 [INFO] Época 19/30, Batch 2650/3348, Loss: 0.0072
2025-10-10 09:37:25,115 [INFO] Época 19/30, Batch 2700/3348, Loss: 0.0156
2025-10-10 09:37:25,382 [INFO] Época 19/30, Batch 2750/3348, Loss: 0.0111
2025-10-10 09:37:25,648 [INFO] Época 19/30, Batch 2800/3348, Loss: 0.0120
2025-10-10 09:37:25,915 [INFO] Época 19/30, Batch 2850/3348, Loss: 0.0088
2025-10-10 09:37:26,181 [INFO] Época 19/30, Batch 2900/3348, Loss: 0.0091
2025-10-10 09:37:26,450 [INFO] Época 19/30, Batch 2950/3348, Loss: 0.0071
2025-10-10 09:37:26,718 [INFO] Época 19/30, Batch 3000/3348, Loss: 0.0123
2025-10-10 09:37:26,986 [INFO] Época 19/30, Batch 3050/3348, Loss: 0.0124
2025-10-10 09:37:27,252 [INFO] Época 19/30, Batch 3100/3348, Loss: 0.0082
2025-10-10 09:37:27,518 [INFO] Época 19/30, Batch 3150/3348, Loss: 0.0115
2025-10-10 09:37:27,796 [INFO] Época 19/30, Batch 3200/3348, Loss: 0.0090
2025-10-10 09:37:28,063 [INFO] Época 19/30, Batch 3250/3348, Loss: 0.0105
2025-10-10 09:37:28,331 [INFO] Época 19/30, Batch 3300/3348, Loss: 0.0099
2025-10-10 09:37:30,177 [INFO] [19/30] Train Loss: 0.0109 | Val Loss: 0.0141 | Tempo: 19.81s
2025-10-10 09:37:30,775 [INFO] Época 20/30, Batch 50/3348, Loss: 0.0157
2025-10-10 09:37:31,047 [INFO] Época 20/30, Batch 100/3348, Loss: 0.0095
2025-10-10 09:37:31,317 [INFO] Época 20/30, Batch 150/3348, Loss: 0.0103
2025-10-10 09:37:31,588 [INFO] Época 20/30, Batch 200/3348, Loss: 0.0083
2025-10-10 09:37:31,856 [INFO] Época 20/30, Batch 250/3348, Loss: 0.0130
2025-10-10 09:37:32,123 [INFO] Época 20/30, Batch 300/3348, Loss: 0.0085
2025-10-10 09:37:32,388 [INFO] Época 20/30, Batch 350/3348, Loss: 0.0056
2025-10-10 09:37:32,655 [INFO] Época 20/30, Batch 400/3348, Loss: 0.0097
2025-10-10 09:37:32,923 [INFO] Época 20/30, Batch 450/3348, Loss: 0.0095
2025-10-10 09:37:33,188 [INFO] Época 20/30, Batch 500/3348, Loss: 0.0087
2025-10-10 09:37:33,455 [INFO] Época 20/30, Batch 550/3348, Loss: 0.0078
2025-10-10 09:37:33,718 [INFO] Época 20/30, Batch 600/3348, Loss: 0.0079
2025-10-10 09:37:33,982 [INFO] Época 20/30, Batch 650/3348, Loss: 0.0075
2025-10-10 09:37:34,246 [INFO] Época 20/30, Batch 700/3348, Loss: 0.0099
2025-10-10 09:37:34,509 [INFO] Época 20/30, Batch 750/3348, Loss: 0.0104
2025-10-10 09:37:34,772 [INFO] Época 20/30, Batch 800/3348, Loss: 0.0389
2025-10-10 09:37:35,036 [INFO] Época 20/30, Batch 850/3348, Loss: 0.0135
2025-10-10 09:37:35,301 [INFO] Época 20/30, Batch 900/3348, Loss: 0.0085
2025-10-10 09:37:35,565 [INFO] Época 20/30, Batch 950/3348, Loss: 0.0075
2025-10-10 09:37:35,828 [INFO] Época 20/30, Batch 1000/3348, Loss: 0.0140
2025-10-10 09:37:36,091 [INFO] Época 20/30, Batch 1050/3348, Loss: 0.0095
2025-10-10 09:37:36,354 [INFO] Época 20/30, Batch 1100/3348, Loss: 0.0123
2025-10-10 09:37:36,618 [INFO] Época 20/30, Batch 1150/3348, Loss: 0.0089
2025-10-10 09:37:36,883 [INFO] Época 20/30, Batch 1200/3348, Loss: 0.0092
2025-10-10 09:37:37,147 [INFO] Época 20/30, Batch 1250/3348, Loss: 0.0090
2025-10-10 09:37:37,410 [INFO] Época 20/30, Batch 1300/3348, Loss: 0.0057
2025-10-10 09:37:37,674 [INFO] Época 20/30, Batch 1350/3348, Loss: 0.0122
2025-10-10 09:37:37,949 [INFO] Época 20/30, Batch 1400/3348, Loss: 0.0076
2025-10-10 09:37:38,213 [INFO] Época 20/30, Batch 1450/3348, Loss: 0.0287
2025-10-10 09:37:38,476 [INFO] Época 20/30, Batch 1500/3348, Loss: 0.0065
2025-10-10 09:37:38,740 [INFO] Época 20/30, Batch 1550/3348, Loss: 0.0062
2025-10-10 09:37:39,004 [INFO] Época 20/30, Batch 1600/3348, Loss: 0.0107
2025-10-10 09:37:39,266 [INFO] Época 20/30, Batch 1650/3348, Loss: 0.0073
2025-10-10 09:37:39,530 [INFO] Época 20/30, Batch 1700/3348, Loss: 0.0098
2025-10-10 09:37:39,792 [INFO] Época 20/30, Batch 1750/3348, Loss: 0.0061
2025-10-10 09:37:40,057 [INFO] Época 20/30, Batch 1800/3348, Loss: 0.0078
2025-10-10 09:37:40,320 [INFO] Época 20/30, Batch 1850/3348, Loss: 0.0082
2025-10-10 09:37:40,585 [INFO] Época 20/30, Batch 1900/3348, Loss: 0.0084
2025-10-10 09:37:40,849 [INFO] Época 20/30, Batch 1950/3348, Loss: 0.0081
2025-10-10 09:37:41,112 [INFO] Época 20/30, Batch 2000/3348, Loss: 0.0138
2025-10-10 09:37:41,375 [INFO] Época 20/30, Batch 2050/3348, Loss: 0.0101
2025-10-10 09:37:41,638 [INFO] Época 20/30, Batch 2100/3348, Loss: 0.0107
2025-10-10 09:37:41,903 [INFO] Época 20/30, Batch 2150/3348, Loss: 0.0124
2025-10-10 09:37:42,167 [INFO] Época 20/30, Batch 2200/3348, Loss: 0.0109
2025-10-10 09:37:42,434 [INFO] Época 20/30, Batch 2250/3348, Loss: 0.0089
2025-10-10 09:37:42,699 [INFO] Época 20/30, Batch 2300/3348, Loss: 0.0169
2025-10-10 09:37:42,973 [INFO] Época 20/30, Batch 2350/3348, Loss: 0.0085
2025-10-10 09:37:43,236 [INFO] Época 20/30, Batch 2400/3348, Loss: 0.0123
2025-10-10 09:37:43,502 [INFO] Época 20/30, Batch 2450/3348, Loss: 0.0058
2025-10-10 09:37:43,765 [INFO] Época 20/30, Batch 2500/3348, Loss: 0.0090
2025-10-10 09:37:44,029 [INFO] Época 20/30, Batch 2550/3348, Loss: 0.0090
2025-10-10 09:37:44,292 [INFO] Época 20/30, Batch 2600/3348, Loss: 0.0062
2025-10-10 09:37:44,556 [INFO] Época 20/30, Batch 2650/3348, Loss: 0.0080
2025-10-10 09:37:44,820 [INFO] Época 20/30, Batch 2700/3348, Loss: 0.0086
2025-10-10 09:37:45,084 [INFO] Época 20/30, Batch 2750/3348, Loss: 0.0112
2025-10-10 09:37:45,346 [INFO] Época 20/30, Batch 2800/3348, Loss: 0.0078
2025-10-10 09:37:45,609 [INFO] Época 20/30, Batch 2850/3348, Loss: 0.0081
2025-10-10 09:37:45,871 [INFO] Época 20/30, Batch 2900/3348, Loss: 0.0093
2025-10-10 09:37:46,134 [INFO] Época 20/30, Batch 2950/3348, Loss: 0.0081
2025-10-10 09:37:46,400 [INFO] Época 20/30, Batch 3000/3348, Loss: 0.0079
2025-10-10 09:37:46,666 [INFO] Época 20/30, Batch 3050/3348, Loss: 0.0122
2025-10-10 09:37:46,930 [INFO] Época 20/30, Batch 3100/3348, Loss: 0.0136
2025-10-10 09:37:47,195 [INFO] Época 20/30, Batch 3150/3348, Loss: 0.0119
2025-10-10 09:37:47,459 [INFO] Época 20/30, Batch 3200/3348, Loss: 0.0102
2025-10-10 09:37:47,726 [INFO] Época 20/30, Batch 3250/3348, Loss: 0.0081
2025-10-10 09:37:48,002 [INFO] Época 20/30, Batch 3300/3348, Loss: 0.0074
2025-10-10 09:37:49,969 [INFO] [20/30] Train Loss: 0.0106 | Val Loss: 0.0127 | Tempo: 19.79s
2025-10-10 09:37:50,575 [INFO] Época 21/30, Batch 50/3348, Loss: 0.0082
2025-10-10 09:37:50,855 [INFO] Época 21/30, Batch 100/3348, Loss: 0.0097
2025-10-10 09:37:51,128 [INFO] Época 21/30, Batch 150/3348, Loss: 0.0105
2025-10-10 09:37:51,401 [INFO] Época 21/30, Batch 200/3348, Loss: 0.0065
2025-10-10 09:37:51,676 [INFO] Época 21/30, Batch 250/3348, Loss: 0.0082
2025-10-10 09:37:51,950 [INFO] Época 21/30, Batch 300/3348, Loss: 0.0122
2025-10-10 09:37:52,214 [INFO] Época 21/30, Batch 350/3348, Loss: 0.0093
2025-10-10 09:37:52,479 [INFO] Época 21/30, Batch 400/3348, Loss: 0.0065
2025-10-10 09:37:52,744 [INFO] Época 21/30, Batch 450/3348, Loss: 0.0094
2025-10-10 09:37:53,009 [INFO] Época 21/30, Batch 500/3348, Loss: 0.0132
2025-10-10 09:37:53,273 [INFO] Época 21/30, Batch 550/3348, Loss: 0.0119
2025-10-10 09:37:53,536 [INFO] Época 21/30, Batch 600/3348, Loss: 0.0154
2025-10-10 09:37:53,800 [INFO] Época 21/30, Batch 650/3348, Loss: 0.0111
2025-10-10 09:37:54,063 [INFO] Época 21/30, Batch 700/3348, Loss: 0.0150
2025-10-10 09:37:54,327 [INFO] Época 21/30, Batch 750/3348, Loss: 0.0203
2025-10-10 09:37:54,589 [INFO] Época 21/30, Batch 800/3348, Loss: 0.0118
2025-10-10 09:37:54,853 [INFO] Época 21/30, Batch 850/3348, Loss: 0.0115
2025-10-10 09:37:55,117 [INFO] Época 21/30, Batch 900/3348, Loss: 0.0114
2025-10-10 09:37:55,380 [INFO] Época 21/30, Batch 950/3348, Loss: 0.0115
2025-10-10 09:37:55,644 [INFO] Época 21/30, Batch 1000/3348, Loss: 0.0076
2025-10-10 09:37:55,907 [INFO] Época 21/30, Batch 1050/3348, Loss: 0.0089
2025-10-10 09:37:56,171 [INFO] Época 21/30, Batch 1100/3348, Loss: 0.0078
2025-10-10 09:37:56,435 [INFO] Época 21/30, Batch 1150/3348, Loss: 0.0088
2025-10-10 09:37:56,697 [INFO] Época 21/30, Batch 1200/3348, Loss: 0.0149
2025-10-10 09:37:56,962 [INFO] Época 21/30, Batch 1250/3348, Loss: 0.0123
2025-10-10 09:37:57,225 [INFO] Época 21/30, Batch 1300/3348, Loss: 0.0074
2025-10-10 09:37:57,489 [INFO] Época 21/30, Batch 1350/3348, Loss: 0.0125
2025-10-10 09:37:57,752 [INFO] Época 21/30, Batch 1400/3348, Loss: 0.0061
2025-10-10 09:37:58,029 [INFO] Época 21/30, Batch 1450/3348, Loss: 0.0112
2025-10-10 09:37:58,292 [INFO] Época 21/30, Batch 1500/3348, Loss: 0.0090
2025-10-10 09:37:58,556 [INFO] Época 21/30, Batch 1550/3348, Loss: 0.0124
2025-10-10 09:37:58,820 [INFO] Época 21/30, Batch 1600/3348, Loss: 0.0137
2025-10-10 09:37:59,084 [INFO] Época 21/30, Batch 1650/3348, Loss: 0.0123
2025-10-10 09:37:59,346 [INFO] Época 21/30, Batch 1700/3348, Loss: 0.0103
2025-10-10 09:37:59,611 [INFO] Época 21/30, Batch 1750/3348, Loss: 0.0121
2025-10-10 09:37:59,874 [INFO] Época 21/30, Batch 1800/3348, Loss: 0.0102
2025-10-10 09:38:00,140 [INFO] Época 21/30, Batch 1850/3348, Loss: 0.0107
2025-10-10 09:38:00,404 [INFO] Época 21/30, Batch 1900/3348, Loss: 0.0074
2025-10-10 09:38:00,668 [INFO] Época 21/30, Batch 1950/3348, Loss: 0.0083
2025-10-10 09:38:00,932 [INFO] Época 21/30, Batch 2000/3348, Loss: 0.0128
2025-10-10 09:38:01,196 [INFO] Época 21/30, Batch 2050/3348, Loss: 0.0074
2025-10-10 09:38:01,458 [INFO] Época 21/30, Batch 2100/3348, Loss: 0.0068
2025-10-10 09:38:01,720 [INFO] Época 21/30, Batch 2150/3348, Loss: 0.0092
2025-10-10 09:38:01,984 [INFO] Época 21/30, Batch 2200/3348, Loss: 0.0081
2025-10-10 09:38:02,249 [INFO] Época 21/30, Batch 2250/3348, Loss: 0.0087
2025-10-10 09:38:02,513 [INFO] Época 21/30, Batch 2300/3348, Loss: 0.0115
2025-10-10 09:38:02,777 [INFO] Época 21/30, Batch 2350/3348, Loss: 0.0293
2025-10-10 09:38:03,053 [INFO] Época 21/30, Batch 2400/3348, Loss: 0.0098
2025-10-10 09:38:03,317 [INFO] Época 21/30, Batch 2450/3348, Loss: 0.0074
2025-10-10 09:38:03,581 [INFO] Época 21/30, Batch 2500/3348, Loss: 0.0080
2025-10-10 09:38:03,845 [INFO] Época 21/30, Batch 2550/3348, Loss: 0.0094
2025-10-10 09:38:04,108 [INFO] Época 21/30, Batch 2600/3348, Loss: 0.0082
2025-10-10 09:38:04,372 [INFO] Época 21/30, Batch 2650/3348, Loss: 0.0068
2025-10-10 09:38:04,636 [INFO] Época 21/30, Batch 2700/3348, Loss: 0.0065
2025-10-10 09:38:04,901 [INFO] Época 21/30, Batch 2750/3348, Loss: 0.0089
2025-10-10 09:38:05,166 [INFO] Época 21/30, Batch 2800/3348, Loss: 0.0120
2025-10-10 09:38:05,428 [INFO] Época 21/30, Batch 2850/3348, Loss: 0.0109
2025-10-10 09:38:05,693 [INFO] Época 21/30, Batch 2900/3348, Loss: 0.0119
2025-10-10 09:38:05,956 [INFO] Época 21/30, Batch 2950/3348, Loss: 0.0114
2025-10-10 09:38:06,220 [INFO] Época 21/30, Batch 3000/3348, Loss: 0.0103
2025-10-10 09:38:06,486 [INFO] Época 21/30, Batch 3050/3348, Loss: 0.0097
2025-10-10 09:38:06,749 [INFO] Época 21/30, Batch 3100/3348, Loss: 0.0059
2025-10-10 09:38:07,012 [INFO] Época 21/30, Batch 3150/3348, Loss: 0.0068
2025-10-10 09:38:07,276 [INFO] Época 21/30, Batch 3200/3348, Loss: 0.0085
2025-10-10 09:38:07,541 [INFO] Época 21/30, Batch 3250/3348, Loss: 0.0115
2025-10-10 09:38:07,806 [INFO] Época 21/30, Batch 3300/3348, Loss: 0.0105
2025-10-10 09:38:09,670 [INFO] [21/30] Train Loss: 0.0101 | Val Loss: 0.0106 | Tempo: 19.70s
2025-10-10 09:38:09,676 [INFO] Melhor modelo salvo em: /mnt/hdd/home/jdurao/ToolBox-ChemXAI/models/mlp_qm9_CM_att12_large.pth
2025-10-10 09:38:10,290 [INFO] Época 22/30, Batch 50/3348, Loss: 0.0082
2025-10-10 09:38:10,580 [INFO] Época 22/30, Batch 100/3348, Loss: 0.0059
2025-10-10 09:38:10,867 [INFO] Época 22/30, Batch 150/3348, Loss: 0.0125
2025-10-10 09:38:11,154 [INFO] Época 22/30, Batch 200/3348, Loss: 0.0113
2025-10-10 09:38:11,416 [INFO] Época 22/30, Batch 250/3348, Loss: 0.0084
2025-10-10 09:38:11,677 [INFO] Época 22/30, Batch 300/3348, Loss: 0.0120
2025-10-10 09:38:11,937 [INFO] Época 22/30, Batch 350/3348, Loss: 0.0149
2025-10-10 09:38:12,199 [INFO] Época 22/30, Batch 400/3348, Loss: 0.0173
2025-10-10 09:38:12,460 [INFO] Época 22/30, Batch 450/3348, Loss: 0.0051
2025-10-10 09:38:12,721 [INFO] Época 22/30, Batch 500/3348, Loss: 0.0081
2025-10-10 09:38:12,979 [INFO] Época 22/30, Batch 550/3348, Loss: 0.0095
2025-10-10 09:38:13,251 [INFO] Época 22/30, Batch 600/3348, Loss: 0.0064
2025-10-10 09:38:13,511 [INFO] Época 22/30, Batch 650/3348, Loss: 0.0109
2025-10-10 09:38:13,768 [INFO] Época 22/30, Batch 700/3348, Loss: 0.0125
2025-10-10 09:38:14,026 [INFO] Época 22/30, Batch 750/3348, Loss: 0.0091
2025-10-10 09:38:14,283 [INFO] Época 22/30, Batch 800/3348, Loss: 0.0070
2025-10-10 09:38:14,541 [INFO] Época 22/30, Batch 850/3348, Loss: 0.0082
2025-10-10 09:38:14,797 [INFO] Época 22/30, Batch 900/3348, Loss: 0.0092
2025-10-10 09:38:15,053 [INFO] Época 22/30, Batch 950/3348, Loss: 0.0090
2025-10-10 09:38:15,311 [INFO] Época 22/30, Batch 1000/3348, Loss: 0.0104
2025-10-10 09:38:15,568 [INFO] Época 22/30, Batch 1050/3348, Loss: 0.0127
2025-10-10 09:38:15,823 [INFO] Época 22/30, Batch 1100/3348, Loss: 0.0053
2025-10-10 09:38:16,074 [INFO] Época 22/30, Batch 1150/3348, Loss: 0.0217
2025-10-10 09:38:16,326 [INFO] Época 22/30, Batch 1200/3348, Loss: 0.0134
2025-10-10 09:38:16,581 [INFO] Época 22/30, Batch 1250/3348, Loss: 0.0132
2025-10-10 09:38:16,843 [INFO] Época 22/30, Batch 1300/3348, Loss: 0.0232
2025-10-10 09:38:17,102 [INFO] Época 22/30, Batch 1350/3348, Loss: 0.0085
2025-10-10 09:38:17,363 [INFO] Época 22/30, Batch 1400/3348, Loss: 0.0075
2025-10-10 09:38:17,623 [INFO] Época 22/30, Batch 1450/3348, Loss: 0.0156
2025-10-10 09:38:17,885 [INFO] Época 22/30, Batch 1500/3348, Loss: 0.0085
2025-10-10 09:38:18,147 [INFO] Época 22/30, Batch 1550/3348, Loss: 0.0045
2025-10-10 09:38:18,437 [INFO] Época 22/30, Batch 1600/3348, Loss: 0.0101
2025-10-10 09:38:18,723 [INFO] Época 22/30, Batch 1650/3348, Loss: 0.0088
2025-10-10 09:38:18,987 [INFO] Época 22/30, Batch 1700/3348, Loss: 0.0119
2025-10-10 09:38:19,249 [INFO] Época 22/30, Batch 1750/3348, Loss: 0.0081
2025-10-10 09:38:19,512 [INFO] Época 22/30, Batch 1800/3348, Loss: 0.0145
2025-10-10 09:38:19,774 [INFO] Época 22/30, Batch 1850/3348, Loss: 0.0115
2025-10-10 09:38:20,036 [INFO] Época 22/30, Batch 1900/3348, Loss: 0.0089
2025-10-10 09:38:20,298 [INFO] Época 22/30, Batch 1950/3348, Loss: 0.0139
2025-10-10 09:38:20,561 [INFO] Época 22/30, Batch 2000/3348, Loss: 0.0085
2025-10-10 09:38:20,825 [INFO] Época 22/30, Batch 2050/3348, Loss: 0.0103
2025-10-10 09:38:21,086 [INFO] Época 22/30, Batch 2100/3348, Loss: 0.0238
2025-10-10 09:38:21,348 [INFO] Época 22/30, Batch 2150/3348, Loss: 0.0110
2025-10-10 09:38:21,608 [INFO] Época 22/30, Batch 2200/3348, Loss: 0.0078
2025-10-10 09:38:21,870 [INFO] Época 22/30, Batch 2250/3348, Loss: 0.0066
2025-10-10 09:38:22,131 [INFO] Época 22/30, Batch 2300/3348, Loss: 0.0140
2025-10-10 09:38:22,393 [INFO] Época 22/30, Batch 2350/3348, Loss: 0.0066
2025-10-10 09:38:22,654 [INFO] Época 22/30, Batch 2400/3348, Loss: 0.0165
2025-10-10 09:38:22,914 [INFO] Época 22/30, Batch 2450/3348, Loss: 0.0081
2025-10-10 09:38:23,175 [INFO] Época 22/30, Batch 2500/3348, Loss: 0.0089
2025-10-10 09:38:23,451 [INFO] Época 22/30, Batch 2550/3348, Loss: 0.0105
2025-10-10 09:38:23,714 [INFO] Época 22/30, Batch 2600/3348, Loss: 0.0087
2025-10-10 09:38:23,977 [INFO] Época 22/30, Batch 2650/3348, Loss: 0.0073
2025-10-10 09:38:24,240 [INFO] Época 22/30, Batch 2700/3348, Loss: 0.0103
2025-10-10 09:38:24,499 [INFO] Época 22/30, Batch 2750/3348, Loss: 0.0106
2025-10-10 09:38:24,761 [INFO] Época 22/30, Batch 2800/3348, Loss: 0.0102
2025-10-10 09:38:25,021 [INFO] Época 22/30, Batch 2850/3348, Loss: 0.0078
2025-10-10 09:38:25,284 [INFO] Época 22/30, Batch 2900/3348, Loss: 0.0064
2025-10-10 09:38:25,546 [INFO] Época 22/30, Batch 2950/3348, Loss: 0.0079
2025-10-10 09:38:25,809 [INFO] Época 22/30, Batch 3000/3348, Loss: 0.0126
2025-10-10 09:38:26,073 [INFO] Época 22/30, Batch 3050/3348, Loss: 0.0106
2025-10-10 09:38:26,336 [INFO] Época 22/30, Batch 3100/3348, Loss: 0.0126
2025-10-10 09:38:26,592 [INFO] Época 22/30, Batch 3150/3348, Loss: 0.0120
2025-10-10 09:38:26,848 [INFO] Época 22/30, Batch 3200/3348, Loss: 0.0078
2025-10-10 09:38:27,103 [INFO] Época 22/30, Batch 3250/3348, Loss: 0.0083
2025-10-10 09:38:27,360 [INFO] Época 22/30, Batch 3300/3348, Loss: 0.0085
2025-10-10 09:38:29,121 [INFO] [22/30] Train Loss: 0.0101 | Val Loss: 0.0094 | Tempo: 19.44s
2025-10-10 09:38:29,127 [INFO] Melhor modelo salvo em: /mnt/hdd/home/jdurao/ToolBox-ChemXAI/models/mlp_qm9_CM_att12_large.pth
2025-10-10 09:38:29,735 [INFO] Época 23/30, Batch 50/3348, Loss: 0.0084
2025-10-10 09:38:30,009 [INFO] Época 23/30, Batch 100/3348, Loss: 0.0086
2025-10-10 09:38:30,282 [INFO] Época 23/30, Batch 150/3348, Loss: 0.0066
2025-10-10 09:38:30,553 [INFO] Época 23/30, Batch 200/3348, Loss: 0.0127
2025-10-10 09:38:30,822 [INFO] Época 23/30, Batch 250/3348, Loss: 0.0147
2025-10-10 09:38:31,090 [INFO] Época 23/30, Batch 300/3348, Loss: 0.0072
2025-10-10 09:38:31,360 [INFO] Época 23/30, Batch 350/3348, Loss: 0.0100
2025-10-10 09:38:31,629 [INFO] Época 23/30, Batch 400/3348, Loss: 0.0058
2025-10-10 09:38:31,896 [INFO] Época 23/30, Batch 450/3348, Loss: 0.0083
2025-10-10 09:38:32,162 [INFO] Época 23/30, Batch 500/3348, Loss: 0.0068
2025-10-10 09:38:32,429 [INFO] Época 23/30, Batch 550/3348, Loss: 0.0069
2025-10-10 09:38:32,699 [INFO] Época 23/30, Batch 600/3348, Loss: 0.0092
2025-10-10 09:38:32,967 [INFO] Época 23/30, Batch 650/3348, Loss: 0.0137
2025-10-10 09:38:33,227 [INFO] Época 23/30, Batch 700/3348, Loss: 0.0196
2025-10-10 09:38:33,484 [INFO] Época 23/30, Batch 750/3348, Loss: 0.0096
2025-10-10 09:38:33,753 [INFO] Época 23/30, Batch 800/3348, Loss: 0.0065
2025-10-10 09:38:34,028 [INFO] Época 23/30, Batch 850/3348, Loss: 0.0097
2025-10-10 09:38:34,300 [INFO] Época 23/30, Batch 900/3348, Loss: 0.0087
2025-10-10 09:38:34,575 [INFO] Época 23/30, Batch 950/3348, Loss: 0.0098
2025-10-10 09:38:34,851 [INFO] Época 23/30, Batch 1000/3348, Loss: 0.0150
2025-10-10 09:38:35,126 [INFO] Época 23/30, Batch 1050/3348, Loss: 0.0078
2025-10-10 09:38:35,398 [INFO] Época 23/30, Batch 1100/3348, Loss: 0.0113
2025-10-10 09:38:35,672 [INFO] Época 23/30, Batch 1150/3348, Loss: 0.0062
2025-10-10 09:38:35,946 [INFO] Época 23/30, Batch 1200/3348, Loss: 0.0140
2025-10-10 09:38:36,223 [INFO] Época 23/30, Batch 1250/3348, Loss: 0.0065
2025-10-10 09:38:36,499 [INFO] Época 23/30, Batch 1300/3348, Loss: 0.0122
2025-10-10 09:38:36,771 [INFO] Época 23/30, Batch 1350/3348, Loss: 0.0072
2025-10-10 09:38:37,040 [INFO] Época 23/30, Batch 1400/3348, Loss: 0.0137
2025-10-10 09:38:37,308 [INFO] Época 23/30, Batch 1450/3348, Loss: 0.0087
2025-10-10 09:38:37,574 [INFO] Época 23/30, Batch 1500/3348, Loss: 0.0090
2025-10-10 09:38:37,841 [INFO] Época 23/30, Batch 1550/3348, Loss: 0.0074
2025-10-10 09:38:38,116 [INFO] Época 23/30, Batch 1600/3348, Loss: 0.0122
2025-10-10 09:38:38,390 [INFO] Época 23/30, Batch 1650/3348, Loss: 0.0116
2025-10-10 09:38:38,666 [INFO] Época 23/30, Batch 1700/3348, Loss: 0.0129
2025-10-10 09:38:38,934 [INFO] Época 23/30, Batch 1750/3348, Loss: 0.0124
2025-10-10 09:38:39,213 [INFO] Época 23/30, Batch 1800/3348, Loss: 0.0105
2025-10-10 09:38:39,491 [INFO] Época 23/30, Batch 1850/3348, Loss: 0.0086
2025-10-10 09:38:39,778 [INFO] Época 23/30, Batch 1900/3348, Loss: 0.0143
2025-10-10 09:38:40,055 [INFO] Época 23/30, Batch 1950/3348, Loss: 0.0088
2025-10-10 09:38:40,332 [INFO] Época 23/30, Batch 2000/3348, Loss: 0.0092
2025-10-10 09:38:40,607 [INFO] Época 23/30, Batch 2050/3348, Loss: 0.0067
2025-10-10 09:38:40,885 [INFO] Época 23/30, Batch 2100/3348, Loss: 0.0064
2025-10-10 09:38:41,162 [INFO] Época 23/30, Batch 2150/3348, Loss: 0.0066
2025-10-10 09:38:41,438 [INFO] Época 23/30, Batch 2200/3348, Loss: 0.0150
2025-10-10 09:38:41,717 [INFO] Época 23/30, Batch 2250/3348, Loss: 0.0131
2025-10-10 09:38:41,996 [INFO] Época 23/30, Batch 2300/3348, Loss: 0.0068
2025-10-10 09:38:42,275 [INFO] Época 23/30, Batch 2350/3348, Loss: 0.0108
2025-10-10 09:38:42,552 [INFO] Época 23/30, Batch 2400/3348, Loss: 0.0085
2025-10-10 09:38:42,831 [INFO] Época 23/30, Batch 2450/3348, Loss: 0.0116
2025-10-10 09:38:43,108 [INFO] Época 23/30, Batch 2500/3348, Loss: 0.0127
2025-10-10 09:38:43,386 [INFO] Época 23/30, Batch 2550/3348, Loss: 0.0103
2025-10-10 09:38:43,662 [INFO] Época 23/30, Batch 2600/3348, Loss: 0.0063
2025-10-10 09:38:43,929 [INFO] Época 23/30, Batch 2650/3348, Loss: 0.0099
2025-10-10 09:38:44,196 [INFO] Época 23/30, Batch 2700/3348, Loss: 0.0086
2025-10-10 09:38:44,461 [INFO] Época 23/30, Batch 2750/3348, Loss: 0.0804
2025-10-10 09:38:44,729 [INFO] Época 23/30, Batch 2800/3348, Loss: 0.0104
2025-10-10 09:38:45,009 [INFO] Época 23/30, Batch 2850/3348, Loss: 0.0097
2025-10-10 09:38:45,278 [INFO] Época 23/30, Batch 2900/3348, Loss: 0.0110
2025-10-10 09:38:45,543 [INFO] Época 23/30, Batch 2950/3348, Loss: 0.0093
2025-10-10 09:38:45,808 [INFO] Época 23/30, Batch 3000/3348, Loss: 0.0043
2025-10-10 09:38:46,074 [INFO] Época 23/30, Batch 3050/3348, Loss: 0.0106
2025-10-10 09:38:46,342 [INFO] Época 23/30, Batch 3100/3348, Loss: 0.0126
2025-10-10 09:38:46,608 [INFO] Época 23/30, Batch 3150/3348, Loss: 0.0128
2025-10-10 09:38:46,875 [INFO] Época 23/30, Batch 3200/3348, Loss: 0.0080
2025-10-10 09:38:47,140 [INFO] Época 23/30, Batch 3250/3348, Loss: 0.0128
2025-10-10 09:38:47,405 [INFO] Época 23/30, Batch 3300/3348, Loss: 0.0079
2025-10-10 09:38:49,394 [INFO] [23/30] Train Loss: 0.0103 | Val Loss: 0.0128 | Tempo: 20.27s
2025-10-10 09:38:50,004 [INFO] Época 24/30, Batch 50/3348, Loss: 0.0082
2025-10-10 09:38:50,290 [INFO] Época 24/30, Batch 100/3348, Loss: 0.0149
2025-10-10 09:38:50,561 [INFO] Época 24/30, Batch 150/3348, Loss: 0.0110
2025-10-10 09:38:50,826 [INFO] Época 24/30, Batch 200/3348, Loss: 0.0256
2025-10-10 09:38:51,093 [INFO] Época 24/30, Batch 250/3348, Loss: 0.0089
2025-10-10 09:38:51,359 [INFO] Época 24/30, Batch 300/3348, Loss: 0.0087
2025-10-10 09:38:51,624 [INFO] Época 24/30, Batch 350/3348, Loss: 0.0051
2025-10-10 09:38:51,891 [INFO] Época 24/30, Batch 400/3348, Loss: 0.0123
2025-10-10 09:38:52,158 [INFO] Época 24/30, Batch 450/3348, Loss: 0.0083
2025-10-10 09:38:52,425 [INFO] Época 24/30, Batch 500/3348, Loss: 0.0094
2025-10-10 09:38:52,691 [INFO] Época 24/30, Batch 550/3348, Loss: 0.0139
2025-10-10 09:38:52,957 [INFO] Época 24/30, Batch 600/3348, Loss: 0.0116
2025-10-10 09:38:53,222 [INFO] Época 24/30, Batch 650/3348, Loss: 0.0091
2025-10-10 09:38:53,488 [INFO] Época 24/30, Batch 700/3348, Loss: 0.0069
2025-10-10 09:38:53,754 [INFO] Época 24/30, Batch 750/3348, Loss: 0.0153
2025-10-10 09:38:54,019 [INFO] Época 24/30, Batch 800/3348, Loss: 0.0054
2025-10-10 09:38:54,284 [INFO] Época 24/30, Batch 850/3348, Loss: 0.0139
2025-10-10 09:38:54,547 [INFO] Época 24/30, Batch 900/3348, Loss: 0.0057
2025-10-10 09:38:54,805 [INFO] Época 24/30, Batch 950/3348, Loss: 0.0097
2025-10-10 09:38:55,062 [INFO] Época 24/30, Batch 1000/3348, Loss: 0.0089
2025-10-10 09:38:55,332 [INFO] Época 24/30, Batch 1050/3348, Loss: 0.0143
2025-10-10 09:38:55,592 [INFO] Época 24/30, Batch 1100/3348, Loss: 0.0195
2025-10-10 09:38:55,856 [INFO] Época 24/30, Batch 1150/3348, Loss: 0.0063
2025-10-10 09:38:56,121 [INFO] Época 24/30, Batch 1200/3348, Loss: 0.0112
2025-10-10 09:38:56,385 [INFO] Época 24/30, Batch 1250/3348, Loss: 0.0124
2025-10-10 09:38:56,650 [INFO] Época 24/30, Batch 1300/3348, Loss: 0.0092
2025-10-10 09:38:56,914 [INFO] Época 24/30, Batch 1350/3348, Loss: 0.0092
2025-10-10 09:38:57,178 [INFO] Época 24/30, Batch 1400/3348, Loss: 0.0056
2025-10-10 09:38:57,445 [INFO] Época 24/30, Batch 1450/3348, Loss: 0.0088
2025-10-10 09:38:57,712 [INFO] Época 24/30, Batch 1500/3348, Loss: 0.0089
2025-10-10 09:38:57,981 [INFO] Época 24/30, Batch 1550/3348, Loss: 0.0109
2025-10-10 09:38:58,249 [INFO] Época 24/30, Batch 1600/3348, Loss: 0.0083
2025-10-10 09:38:58,519 [INFO] Época 24/30, Batch 1650/3348, Loss: 0.0103
2025-10-10 09:38:58,786 [INFO] Época 24/30, Batch 1700/3348, Loss: 0.0088
2025-10-10 09:38:59,051 [INFO] Época 24/30, Batch 1750/3348, Loss: 0.0101
2025-10-10 09:38:59,317 [INFO] Época 24/30, Batch 1800/3348, Loss: 0.0091
2025-10-10 09:38:59,582 [INFO] Época 24/30, Batch 1850/3348, Loss: 0.0075
2025-10-10 09:38:59,846 [INFO] Época 24/30, Batch 1900/3348, Loss: 0.0152
2025-10-10 09:39:00,112 [INFO] Época 24/30, Batch 1950/3348, Loss: 0.0071
2025-10-10 09:39:00,378 [INFO] Época 24/30, Batch 2000/3348, Loss: 0.0108
2025-10-10 09:39:00,642 [INFO] Época 24/30, Batch 2050/3348, Loss: 0.0105
2025-10-10 09:39:00,908 [INFO] Época 24/30, Batch 2100/3348, Loss: 0.0100
2025-10-10 09:39:01,173 [INFO] Época 24/30, Batch 2150/3348, Loss: 0.0146
2025-10-10 09:39:01,438 [INFO] Época 24/30, Batch 2200/3348, Loss: 0.0077
2025-10-10 09:39:01,702 [INFO] Época 24/30, Batch 2250/3348, Loss: 0.0144
2025-10-10 09:39:01,967 [INFO] Época 24/30, Batch 2300/3348, Loss: 0.0179
2025-10-10 09:39:02,232 [INFO] Época 24/30, Batch 2350/3348, Loss: 0.0066
2025-10-10 09:39:02,498 [INFO] Época 24/30, Batch 2400/3348, Loss: 0.0071
2025-10-10 09:39:02,765 [INFO] Época 24/30, Batch 2450/3348, Loss: 0.0140
2025-10-10 09:39:03,029 [INFO] Época 24/30, Batch 2500/3348, Loss: 0.0063
2025-10-10 09:39:03,293 [INFO] Época 24/30, Batch 2550/3348, Loss: 0.0099
2025-10-10 09:39:03,557 [INFO] Época 24/30, Batch 2600/3348, Loss: 0.0093
2025-10-10 09:39:03,823 [INFO] Época 24/30, Batch 2650/3348, Loss: 0.0078
2025-10-10 09:39:04,089 [INFO] Época 24/30, Batch 2700/3348, Loss: 0.0079
2025-10-10 09:39:04,354 [INFO] Época 24/30, Batch 2750/3348, Loss: 0.0065
2025-10-10 09:39:04,619 [INFO] Época 24/30, Batch 2800/3348, Loss: 0.0093
2025-10-10 09:39:04,883 [INFO] Época 24/30, Batch 2850/3348, Loss: 0.0065
2025-10-10 09:39:05,154 [INFO] Época 24/30, Batch 2900/3348, Loss: 0.0093
2025-10-10 09:39:05,429 [INFO] Época 24/30, Batch 2950/3348, Loss: 0.0093
2025-10-10 09:39:05,696 [INFO] Época 24/30, Batch 3000/3348, Loss: 0.0060
2025-10-10 09:39:05,961 [INFO] Época 24/30, Batch 3050/3348, Loss: 0.0070
2025-10-10 09:39:06,225 [INFO] Época 24/30, Batch 3100/3348, Loss: 0.0089
2025-10-10 09:39:06,491 [INFO] Época 24/30, Batch 3150/3348, Loss: 0.0057
2025-10-10 09:39:06,756 [INFO] Época 24/30, Batch 3200/3348, Loss: 0.0103
2025-10-10 09:39:07,023 [INFO] Época 24/30, Batch 3250/3348, Loss: 0.0072
2025-10-10 09:39:07,289 [INFO] Época 24/30, Batch 3300/3348, Loss: 0.0111
2025-10-10 09:39:09,255 [INFO] [24/30] Train Loss: 0.0099 | Val Loss: 0.0106 | Tempo: 19.86s
2025-10-10 09:39:09,866 [INFO] Época 25/30, Batch 50/3348, Loss: 0.0085
2025-10-10 09:39:10,139 [INFO] Época 25/30, Batch 100/3348, Loss: 0.0088
2025-10-10 09:39:10,406 [INFO] Época 25/30, Batch 150/3348, Loss: 0.0155
2025-10-10 09:39:10,685 [INFO] Época 25/30, Batch 200/3348, Loss: 0.0098
2025-10-10 09:39:10,952 [INFO] Época 25/30, Batch 250/3348, Loss: 0.0094
2025-10-10 09:39:11,217 [INFO] Época 25/30, Batch 300/3348, Loss: 0.0084
2025-10-10 09:39:11,482 [INFO] Época 25/30, Batch 350/3348, Loss: 0.0079
2025-10-10 09:39:11,745 [INFO] Época 25/30, Batch 400/3348, Loss: 0.0104
2025-10-10 09:39:12,007 [INFO] Época 25/30, Batch 450/3348, Loss: 0.0092
2025-10-10 09:39:12,269 [INFO] Época 25/30, Batch 500/3348, Loss: 0.0078
2025-10-10 09:39:12,531 [INFO] Época 25/30, Batch 550/3348, Loss: 0.0124
2025-10-10 09:39:12,794 [INFO] Época 25/30, Batch 600/3348, Loss: 0.0070
2025-10-10 09:39:13,055 [INFO] Época 25/30, Batch 650/3348, Loss: 0.0115
2025-10-10 09:39:13,308 [INFO] Época 25/30, Batch 700/3348, Loss: 0.0126
2025-10-10 09:39:13,561 [INFO] Época 25/30, Batch 750/3348, Loss: 0.0056
2025-10-10 09:39:13,824 [INFO] Época 25/30, Batch 800/3348, Loss: 0.0050
2025-10-10 09:39:14,089 [INFO] Época 25/30, Batch 850/3348, Loss: 0.0082
2025-10-10 09:39:14,352 [INFO] Época 25/30, Batch 900/3348, Loss: 0.0078
2025-10-10 09:39:14,615 [INFO] Época 25/30, Batch 950/3348, Loss: 0.0100
2025-10-10 09:39:14,878 [INFO] Época 25/30, Batch 1000/3348, Loss: 0.0059
2025-10-10 09:39:15,142 [INFO] Época 25/30, Batch 1050/3348, Loss: 0.0089
2025-10-10 09:39:15,405 [INFO] Época 25/30, Batch 1100/3348, Loss: 0.0052
2025-10-10 09:39:15,669 [INFO] Época 25/30, Batch 1150/3348, Loss: 0.0077
2025-10-10 09:39:15,944 [INFO] Época 25/30, Batch 1200/3348, Loss: 0.0122
2025-10-10 09:39:16,209 [INFO] Época 25/30, Batch 1250/3348, Loss: 0.0066
2025-10-10 09:39:16,472 [INFO] Época 25/30, Batch 1300/3348, Loss: 0.0049
2025-10-10 09:39:16,740 [INFO] Época 25/30, Batch 1350/3348, Loss: 0.0068
2025-10-10 09:39:17,003 [INFO] Época 25/30, Batch 1400/3348, Loss: 0.0074
2025-10-10 09:39:17,264 [INFO] Época 25/30, Batch 1450/3348, Loss: 0.0068
2025-10-10 09:39:17,527 [INFO] Época 25/30, Batch 1500/3348, Loss: 0.0142
2025-10-10 09:39:17,788 [INFO] Época 25/30, Batch 1550/3348, Loss: 0.0119
2025-10-10 09:39:18,051 [INFO] Época 25/30, Batch 1600/3348, Loss: 0.0103
2025-10-10 09:39:18,313 [INFO] Época 25/30, Batch 1650/3348, Loss: 0.0146
2025-10-10 09:39:18,575 [INFO] Época 25/30, Batch 1700/3348, Loss: 0.0070
2025-10-10 09:39:18,838 [INFO] Época 25/30, Batch 1750/3348, Loss: 0.0104
2025-10-10 09:39:19,099 [INFO] Época 25/30, Batch 1800/3348, Loss: 0.0144
2025-10-10 09:39:19,361 [INFO] Época 25/30, Batch 1850/3348, Loss: 0.0084
2025-10-10 09:39:19,626 [INFO] Época 25/30, Batch 1900/3348, Loss: 0.0162
2025-10-10 09:39:19,899 [INFO] Época 25/30, Batch 1950/3348, Loss: 0.0061
2025-10-10 09:39:20,171 [INFO] Época 25/30, Batch 2000/3348, Loss: 0.0088
2025-10-10 09:39:20,443 [INFO] Época 25/30, Batch 2050/3348, Loss: 0.0127
2025-10-10 09:39:20,713 [INFO] Época 25/30, Batch 2100/3348, Loss: 0.0080
2025-10-10 09:39:20,998 [INFO] Época 25/30, Batch 2150/3348, Loss: 0.0129
2025-10-10 09:39:21,263 [INFO] Época 25/30, Batch 2200/3348, Loss: 0.0130
2025-10-10 09:39:21,534 [INFO] Época 25/30, Batch 2250/3348, Loss: 0.0092
2025-10-10 09:39:21,806 [INFO] Época 25/30, Batch 2300/3348, Loss: 0.0076
2025-10-10 09:39:22,071 [INFO] Época 25/30, Batch 2350/3348, Loss: 0.0096
2025-10-10 09:39:22,334 [INFO] Época 25/30, Batch 2400/3348, Loss: 0.0050
2025-10-10 09:39:22,599 [INFO] Época 25/30, Batch 2450/3348, Loss: 0.0075
2025-10-10 09:39:22,861 [INFO] Época 25/30, Batch 2500/3348, Loss: 0.0080
2025-10-10 09:39:23,124 [INFO] Época 25/30, Batch 2550/3348, Loss: 0.0073
2025-10-10 09:39:23,386 [INFO] Época 25/30, Batch 2600/3348, Loss: 0.0058
2025-10-10 09:39:23,651 [INFO] Época 25/30, Batch 2650/3348, Loss: 0.0062
2025-10-10 09:39:23,914 [INFO] Época 25/30, Batch 2700/3348, Loss: 0.0079
2025-10-10 09:39:24,176 [INFO] Época 25/30, Batch 2750/3348, Loss: 0.0085
2025-10-10 09:39:24,438 [INFO] Época 25/30, Batch 2800/3348, Loss: 0.0061
2025-10-10 09:39:24,700 [INFO] Época 25/30, Batch 2850/3348, Loss: 0.0061
2025-10-10 09:39:24,963 [INFO] Época 25/30, Batch 2900/3348, Loss: 0.0116
2025-10-10 09:39:25,226 [INFO] Época 25/30, Batch 2950/3348, Loss: 0.0065
2025-10-10 09:39:25,497 [INFO] Época 25/30, Batch 3000/3348, Loss: 0.0060
2025-10-10 09:39:25,770 [INFO] Época 25/30, Batch 3050/3348, Loss: 0.0153
2025-10-10 09:39:26,043 [INFO] Época 25/30, Batch 3100/3348, Loss: 0.0079
2025-10-10 09:39:26,304 [INFO] Época 25/30, Batch 3150/3348, Loss: 0.0080
2025-10-10 09:39:26,568 [INFO] Época 25/30, Batch 3200/3348, Loss: 0.0140
2025-10-10 09:39:26,839 [INFO] Época 25/30, Batch 3250/3348, Loss: 0.0083
2025-10-10 09:39:27,109 [INFO] Época 25/30, Batch 3300/3348, Loss: 0.0106
2025-10-10 09:39:29,052 [INFO] [25/30] Train Loss: 0.0096 | Val Loss: 0.0151 | Tempo: 19.80s
2025-10-10 09:39:29,669 [INFO] Época 26/30, Batch 50/3348, Loss: 0.0101
2025-10-10 09:39:29,949 [INFO] Época 26/30, Batch 100/3348, Loss: 0.0088
2025-10-10 09:39:30,228 [INFO] Época 26/30, Batch 150/3348, Loss: 0.0119
2025-10-10 09:39:30,505 [INFO] Época 26/30, Batch 200/3348, Loss: 0.0124
2025-10-10 09:39:30,782 [INFO] Época 26/30, Batch 250/3348, Loss: 0.0062
2025-10-10 09:39:31,069 [INFO] Época 26/30, Batch 300/3348, Loss: 0.0081
2025-10-10 09:39:31,346 [INFO] Época 26/30, Batch 350/3348, Loss: 0.0060
2025-10-10 09:39:31,621 [INFO] Época 26/30, Batch 400/3348, Loss: 0.0113
2025-10-10 09:39:31,899 [INFO] Época 26/30, Batch 450/3348, Loss: 0.0084
2025-10-10 09:39:32,174 [INFO] Época 26/30, Batch 500/3348, Loss: 0.0095
2025-10-10 09:39:32,450 [INFO] Época 26/30, Batch 550/3348, Loss: 0.0085
2025-10-10 09:39:32,726 [INFO] Época 26/30, Batch 600/3348, Loss: 0.0157
2025-10-10 09:39:33,002 [INFO] Época 26/30, Batch 650/3348, Loss: 0.0089
2025-10-10 09:39:33,274 [INFO] Época 26/30, Batch 700/3348, Loss: 0.0090
2025-10-10 09:39:33,548 [INFO] Época 26/30, Batch 750/3348, Loss: 0.0066
2025-10-10 09:39:33,814 [INFO] Época 26/30, Batch 800/3348, Loss: 0.0098
2025-10-10 09:39:34,076 [INFO] Época 26/30, Batch 850/3348, Loss: 0.0112
2025-10-10 09:39:34,340 [INFO] Época 26/30, Batch 900/3348, Loss: 0.0089
2025-10-10 09:39:34,603 [INFO] Época 26/30, Batch 950/3348, Loss: 0.0058
2025-10-10 09:39:34,867 [INFO] Época 26/30, Batch 1000/3348, Loss: 0.0086
2025-10-10 09:39:35,130 [INFO] Época 26/30, Batch 1050/3348, Loss: 0.0050
2025-10-10 09:39:35,393 [INFO] Época 26/30, Batch 1100/3348, Loss: 0.0114
2025-10-10 09:39:35,658 [INFO] Época 26/30, Batch 1150/3348, Loss: 0.0080
2025-10-10 09:39:35,925 [INFO] Época 26/30, Batch 1200/3348, Loss: 0.0074
2025-10-10 09:39:36,192 [INFO] Época 26/30, Batch 1250/3348, Loss: 0.0098
2025-10-10 09:39:36,457 [INFO] Época 26/30, Batch 1300/3348, Loss: 0.0123
2025-10-10 09:39:36,730 [INFO] Época 26/30, Batch 1350/3348, Loss: 0.0106
2025-10-10 09:39:37,011 [INFO] Época 26/30, Batch 1400/3348, Loss: 0.0121
2025-10-10 09:39:37,292 [INFO] Época 26/30, Batch 1450/3348, Loss: 0.0107
2025-10-10 09:39:37,573 [INFO] Época 26/30, Batch 1500/3348, Loss: 0.0183
2025-10-10 09:39:37,849 [INFO] Época 26/30, Batch 1550/3348, Loss: 0.0083
2025-10-10 09:39:38,123 [INFO] Época 26/30, Batch 1600/3348, Loss: 0.0095
2025-10-10 09:39:38,399 [INFO] Época 26/30, Batch 1650/3348, Loss: 0.0047
2025-10-10 09:39:38,674 [INFO] Época 26/30, Batch 1700/3348, Loss: 0.0066
2025-10-10 09:39:38,948 [INFO] Época 26/30, Batch 1750/3348, Loss: 0.0110
2025-10-10 09:39:39,215 [INFO] Época 26/30, Batch 1800/3348, Loss: 0.0069
2025-10-10 09:39:39,480 [INFO] Época 26/30, Batch 1850/3348, Loss: 0.0089
2025-10-10 09:39:39,748 [INFO] Época 26/30, Batch 1900/3348, Loss: 0.0107
2025-10-10 09:39:40,017 [INFO] Época 26/30, Batch 1950/3348, Loss: 0.0081
2025-10-10 09:39:40,285 [INFO] Época 26/30, Batch 2000/3348, Loss: 0.0068
2025-10-10 09:39:40,552 [INFO] Época 26/30, Batch 2050/3348, Loss: 0.0074
2025-10-10 09:39:40,821 [INFO] Época 26/30, Batch 2100/3348, Loss: 0.0125
2025-10-10 09:39:41,085 [INFO] Época 26/30, Batch 2150/3348, Loss: 0.0091
2025-10-10 09:39:41,354 [INFO] Época 26/30, Batch 2200/3348, Loss: 0.0090
2025-10-10 09:39:41,619 [INFO] Época 26/30, Batch 2250/3348, Loss: 0.0082
2025-10-10 09:39:41,895 [INFO] Época 26/30, Batch 2300/3348, Loss: 0.0095
2025-10-10 09:39:42,176 [INFO] Época 26/30, Batch 2350/3348, Loss: 0.0096
2025-10-10 09:39:42,456 [INFO] Época 26/30, Batch 2400/3348, Loss: 0.0141
2025-10-10 09:39:42,737 [INFO] Época 26/30, Batch 2450/3348, Loss: 0.0111
2025-10-10 09:39:43,015 [INFO] Época 26/30, Batch 2500/3348, Loss: 0.0108
2025-10-10 09:39:43,290 [INFO] Época 26/30, Batch 2550/3348, Loss: 0.0111
2025-10-10 09:39:43,565 [INFO] Época 26/30, Batch 2600/3348, Loss: 0.0253
2025-10-10 09:39:43,839 [INFO] Época 26/30, Batch 2650/3348, Loss: 0.0152
2025-10-10 09:39:44,114 [INFO] Época 26/30, Batch 2700/3348, Loss: 0.0123
2025-10-10 09:39:44,390 [INFO] Época 26/30, Batch 2750/3348, Loss: 0.0146
2025-10-10 09:39:44,661 [INFO] Época 26/30, Batch 2800/3348, Loss: 0.0069
2025-10-10 09:39:44,943 [INFO] Época 26/30, Batch 2850/3348, Loss: 0.0127
2025-10-10 09:39:45,223 [INFO] Época 26/30, Batch 2900/3348, Loss: 0.0051
2025-10-10 09:39:45,505 [INFO] Época 26/30, Batch 2950/3348, Loss: 0.0077
2025-10-10 09:39:45,776 [INFO] Época 26/30, Batch 3000/3348, Loss: 0.0070
2025-10-10 09:39:46,041 [INFO] Época 26/30, Batch 3050/3348, Loss: 0.0101
2025-10-10 09:39:46,305 [INFO] Época 26/30, Batch 3100/3348, Loss: 0.0100
2025-10-10 09:39:46,574 [INFO] Época 26/30, Batch 3150/3348, Loss: 0.0061
2025-10-10 09:39:46,856 [INFO] Época 26/30, Batch 3200/3348, Loss: 0.0080
2025-10-10 09:39:47,121 [INFO] Época 26/30, Batch 3250/3348, Loss: 0.0109
2025-10-10 09:39:47,386 [INFO] Época 26/30, Batch 3300/3348, Loss: 0.0100
2025-10-10 09:39:49,204 [INFO] [26/30] Train Loss: 0.0099 | Val Loss: 0.0146 | Tempo: 20.15s
2025-10-10 09:39:49,809 [INFO] Época 27/30, Batch 50/3348, Loss: 0.0076
2025-10-10 09:39:50,089 [INFO] Época 27/30, Batch 100/3348, Loss: 0.0080
2025-10-10 09:39:50,367 [INFO] Época 27/30, Batch 150/3348, Loss: 0.0055
2025-10-10 09:39:50,645 [INFO] Época 27/30, Batch 200/3348, Loss: 0.0112
2025-10-10 09:39:50,921 [INFO] Época 27/30, Batch 250/3348, Loss: 0.0060
2025-10-10 09:39:51,201 [INFO] Época 27/30, Batch 300/3348, Loss: 0.0063
2025-10-10 09:39:51,480 [INFO] Época 27/30, Batch 350/3348, Loss: 0.0047
2025-10-10 09:39:51,760 [INFO] Época 27/30, Batch 400/3348, Loss: 0.0063
2025-10-10 09:39:52,040 [INFO] Época 27/30, Batch 450/3348, Loss: 0.0101
2025-10-10 09:39:52,321 [INFO] Época 27/30, Batch 500/3348, Loss: 0.0066
2025-10-10 09:39:52,596 [INFO] Época 27/30, Batch 550/3348, Loss: 0.0095
2025-10-10 09:39:52,871 [INFO] Época 27/30, Batch 600/3348, Loss: 0.0157
2025-10-10 09:39:53,132 [INFO] Época 27/30, Batch 650/3348, Loss: 0.0066
2025-10-10 09:39:53,390 [INFO] Época 27/30, Batch 700/3348, Loss: 0.0061
2025-10-10 09:39:53,648 [INFO] Época 27/30, Batch 750/3348, Loss: 0.0248
2025-10-10 09:39:53,920 [INFO] Época 27/30, Batch 800/3348, Loss: 0.0105
2025-10-10 09:39:54,188 [INFO] Época 27/30, Batch 850/3348, Loss: 0.0130
2025-10-10 09:39:54,457 [INFO] Época 27/30, Batch 900/3348, Loss: 0.0131
2025-10-10 09:39:54,723 [INFO] Época 27/30, Batch 950/3348, Loss: 0.0096
2025-10-10 09:39:54,989 [INFO] Época 27/30, Batch 1000/3348, Loss: 0.0074
2025-10-10 09:39:55,261 [INFO] Época 27/30, Batch 1050/3348, Loss: 0.0098
2025-10-10 09:39:55,527 [INFO] Época 27/30, Batch 1100/3348, Loss: 0.0141
2025-10-10 09:39:55,793 [INFO] Época 27/30, Batch 1150/3348, Loss: 0.0071
2025-10-10 09:39:56,061 [INFO] Época 27/30, Batch 1200/3348, Loss: 0.0054
2025-10-10 09:39:56,328 [INFO] Época 27/30, Batch 1250/3348, Loss: 0.0115
2025-10-10 09:39:56,594 [INFO] Época 27/30, Batch 1300/3348, Loss: 0.0064
2025-10-10 09:39:56,875 [INFO] Época 27/30, Batch 1350/3348, Loss: 0.0066
2025-10-10 09:39:57,141 [INFO] Época 27/30, Batch 1400/3348, Loss: 0.0063
2025-10-10 09:39:57,407 [INFO] Época 27/30, Batch 1450/3348, Loss: 0.0082
2025-10-10 09:39:57,673 [INFO] Época 27/30, Batch 1500/3348, Loss: 0.0081
2025-10-10 09:39:57,947 [INFO] Época 27/30, Batch 1550/3348, Loss: 0.0080
2025-10-10 09:39:58,219 [INFO] Época 27/30, Batch 1600/3348, Loss: 0.0095
2025-10-10 09:39:58,492 [INFO] Época 27/30, Batch 1650/3348, Loss: 0.0076
2025-10-10 09:39:58,763 [INFO] Época 27/30, Batch 1700/3348, Loss: 0.0065
2025-10-10 09:39:59,035 [INFO] Época 27/30, Batch 1750/3348, Loss: 0.0286
2025-10-10 09:39:59,307 [INFO] Época 27/30, Batch 1800/3348, Loss: 0.0091
2025-10-10 09:39:59,577 [INFO] Época 27/30, Batch 1850/3348, Loss: 0.0075
2025-10-10 09:39:59,849 [INFO] Época 27/30, Batch 1900/3348, Loss: 0.0073
2025-10-10 09:40:00,121 [INFO] Época 27/30, Batch 1950/3348, Loss: 0.0122
2025-10-10 09:40:00,392 [INFO] Época 27/30, Batch 2000/3348, Loss: 0.0069
2025-10-10 09:40:00,664 [INFO] Época 27/30, Batch 2050/3348, Loss: 0.0096
2025-10-10 09:40:00,935 [INFO] Época 27/30, Batch 2100/3348, Loss: 0.0067
2025-10-10 09:40:01,205 [INFO] Época 27/30, Batch 2150/3348, Loss: 0.0089
2025-10-10 09:40:01,474 [INFO] Época 27/30, Batch 2200/3348, Loss: 0.0053
2025-10-10 09:40:01,743 [INFO] Época 27/30, Batch 2250/3348, Loss: 0.0117
2025-10-10 09:40:02,022 [INFO] Época 27/30, Batch 2300/3348, Loss: 0.0055
2025-10-10 09:40:02,290 [INFO] Época 27/30, Batch 2350/3348, Loss: 0.0127
2025-10-10 09:40:02,556 [INFO] Época 27/30, Batch 2400/3348, Loss: 0.0069
2025-10-10 09:40:02,823 [INFO] Época 27/30, Batch 2450/3348, Loss: 0.0097
2025-10-10 09:40:03,089 [INFO] Época 27/30, Batch 2500/3348, Loss: 0.0095
2025-10-10 09:40:03,353 [INFO] Época 27/30, Batch 2550/3348, Loss: 0.0088
2025-10-10 09:40:03,618 [INFO] Época 27/30, Batch 2600/3348, Loss: 0.0243
2025-10-10 09:40:03,883 [INFO] Época 27/30, Batch 2650/3348, Loss: 0.0058
2025-10-10 09:40:04,149 [INFO] Época 27/30, Batch 2700/3348, Loss: 0.0116
2025-10-10 09:40:04,417 [INFO] Época 27/30, Batch 2750/3348, Loss: 0.0066
2025-10-10 09:40:04,685 [INFO] Época 27/30, Batch 2800/3348, Loss: 0.0083
2025-10-10 09:40:04,955 [INFO] Época 27/30, Batch 2850/3348, Loss: 0.0083
2025-10-10 09:40:05,226 [INFO] Época 27/30, Batch 2900/3348, Loss: 0.0092
2025-10-10 09:40:05,495 [INFO] Época 27/30, Batch 2950/3348, Loss: 0.0068
2025-10-10 09:40:05,763 [INFO] Época 27/30, Batch 3000/3348, Loss: 0.0132
2025-10-10 09:40:06,029 [INFO] Época 27/30, Batch 3050/3348, Loss: 0.0111
2025-10-10 09:40:06,294 [INFO] Época 27/30, Batch 3100/3348, Loss: 0.0229
2025-10-10 09:40:06,561 [INFO] Época 27/30, Batch 3150/3348, Loss: 0.0065
2025-10-10 09:40:06,828 [INFO] Época 27/30, Batch 3200/3348, Loss: 0.0044
2025-10-10 09:40:07,097 [INFO] Época 27/30, Batch 3250/3348, Loss: 0.0094
2025-10-10 09:40:07,364 [INFO] Época 27/30, Batch 3300/3348, Loss: 0.0110
2025-10-10 09:40:09,231 [INFO] [27/30] Train Loss: 0.0092 | Val Loss: 0.0093 | Tempo: 20.03s
2025-10-10 09:40:09,235 [INFO] Melhor modelo salvo em: /mnt/hdd/home/jdurao/ToolBox-ChemXAI/models/mlp_qm9_CM_att12_large.pth
2025-10-10 09:40:09,833 [INFO] Época 28/30, Batch 50/3348, Loss: 0.0064
2025-10-10 09:40:10,116 [INFO] Época 28/30, Batch 100/3348, Loss: 0.0075
2025-10-10 09:40:10,398 [INFO] Época 28/30, Batch 150/3348, Loss: 0.0076
2025-10-10 09:40:10,682 [INFO] Época 28/30, Batch 200/3348, Loss: 0.0091
2025-10-10 09:40:10,960 [INFO] Época 28/30, Batch 250/3348, Loss: 0.0071
2025-10-10 09:40:11,237 [INFO] Época 28/30, Batch 300/3348, Loss: 0.0057
2025-10-10 09:40:11,513 [INFO] Época 28/30, Batch 350/3348, Loss: 0.0132
2025-10-10 09:40:11,791 [INFO] Época 28/30, Batch 400/3348, Loss: 0.0104
2025-10-10 09:40:12,066 [INFO] Época 28/30, Batch 450/3348, Loss: 0.0107
2025-10-10 09:40:12,354 [INFO] Época 28/30, Batch 500/3348, Loss: 0.0067
2025-10-10 09:40:12,628 [INFO] Época 28/30, Batch 550/3348, Loss: 0.0104
2025-10-10 09:40:12,903 [INFO] Época 28/30, Batch 600/3348, Loss: 0.0068
2025-10-10 09:40:13,177 [INFO] Época 28/30, Batch 650/3348, Loss: 0.0089
2025-10-10 09:40:13,455 [INFO] Época 28/30, Batch 700/3348, Loss: 0.0060
2025-10-10 09:40:13,732 [INFO] Época 28/30, Batch 750/3348, Loss: 0.0065
2025-10-10 09:40:14,001 [INFO] Época 28/30, Batch 800/3348, Loss: 0.0156
2025-10-10 09:40:14,270 [INFO] Época 28/30, Batch 850/3348, Loss: 0.0051
2025-10-10 09:40:14,539 [INFO] Época 28/30, Batch 900/3348, Loss: 0.0075
2025-10-10 09:40:14,806 [INFO] Época 28/30, Batch 950/3348, Loss: 0.0162
2025-10-10 09:40:15,074 [INFO] Época 28/30, Batch 1000/3348, Loss: 0.0115
2025-10-10 09:40:15,327 [INFO] Época 28/30, Batch 1050/3348, Loss: 0.0069
2025-10-10 09:40:15,583 [INFO] Época 28/30, Batch 1100/3348, Loss: 0.0070
2025-10-10 09:40:15,845 [INFO] Época 28/30, Batch 1150/3348, Loss: 0.0065
2025-10-10 09:40:16,116 [INFO] Época 28/30, Batch 1200/3348, Loss: 0.0067
2025-10-10 09:40:16,391 [INFO] Época 28/30, Batch 1250/3348, Loss: 0.0072
2025-10-10 09:40:16,666 [INFO] Época 28/30, Batch 1300/3348, Loss: 0.0067
2025-10-10 09:40:16,940 [INFO] Época 28/30, Batch 1350/3348, Loss: 0.0069
2025-10-10 09:40:17,215 [INFO] Época 28/30, Batch 1400/3348, Loss: 0.0099
2025-10-10 09:40:17,492 [INFO] Época 28/30, Batch 1450/3348, Loss: 0.0139
2025-10-10 09:40:17,770 [INFO] Época 28/30, Batch 1500/3348, Loss: 0.0080
2025-10-10 09:40:18,044 [INFO] Época 28/30, Batch 1550/3348, Loss: 0.0140
2025-10-10 09:40:18,319 [INFO] Época 28/30, Batch 1600/3348, Loss: 0.0052
2025-10-10 09:40:18,594 [INFO] Época 28/30, Batch 1650/3348, Loss: 0.0137
2025-10-10 09:40:18,869 [INFO] Época 28/30, Batch 1700/3348, Loss: 0.0082
2025-10-10 09:40:19,147 [INFO] Época 28/30, Batch 1750/3348, Loss: 0.0078
2025-10-10 09:40:19,421 [INFO] Época 28/30, Batch 1800/3348, Loss: 0.0091
2025-10-10 09:40:19,696 [INFO] Época 28/30, Batch 1850/3348, Loss: 0.0090
2025-10-10 09:40:19,970 [INFO] Época 28/30, Batch 1900/3348, Loss: 0.0065
2025-10-10 09:40:20,244 [INFO] Época 28/30, Batch 1950/3348, Loss: 0.0076
2025-10-10 09:40:20,520 [INFO] Época 28/30, Batch 2000/3348, Loss: 0.0081
2025-10-10 09:40:20,793 [INFO] Época 28/30, Batch 2050/3348, Loss: 0.0108
2025-10-10 09:40:21,070 [INFO] Época 28/30, Batch 2100/3348, Loss: 0.0096
2025-10-10 09:40:21,337 [INFO] Época 28/30, Batch 2150/3348, Loss: 0.0080
2025-10-10 09:40:21,604 [INFO] Época 28/30, Batch 2200/3348, Loss: 0.0062
2025-10-10 09:40:21,873 [INFO] Época 28/30, Batch 2250/3348, Loss: 0.0079
2025-10-10 09:40:22,139 [INFO] Época 28/30, Batch 2300/3348, Loss: 0.0079
2025-10-10 09:40:22,405 [INFO] Época 28/30, Batch 2350/3348, Loss: 0.0066
2025-10-10 09:40:22,672 [INFO] Época 28/30, Batch 2400/3348, Loss: 0.0162
2025-10-10 09:40:22,939 [INFO] Época 28/30, Batch 2450/3348, Loss: 0.0084
2025-10-10 09:40:23,207 [INFO] Época 28/30, Batch 2500/3348, Loss: 0.0152
2025-10-10 09:40:23,475 [INFO] Época 28/30, Batch 2550/3348, Loss: 0.0059
2025-10-10 09:40:23,740 [INFO] Época 28/30, Batch 2600/3348, Loss: 0.0097
2025-10-10 09:40:24,005 [INFO] Época 28/30, Batch 2650/3348, Loss: 0.0078
2025-10-10 09:40:24,272 [INFO] Época 28/30, Batch 2700/3348, Loss: 0.0086
2025-10-10 09:40:24,539 [INFO] Época 28/30, Batch 2750/3348, Loss: 0.0113
2025-10-10 09:40:24,805 [INFO] Época 28/30, Batch 2800/3348, Loss: 0.0124
2025-10-10 09:40:25,070 [INFO] Época 28/30, Batch 2850/3348, Loss: 0.0076
2025-10-10 09:40:25,337 [INFO] Época 28/30, Batch 2900/3348, Loss: 0.0087
2025-10-10 09:40:25,602 [INFO] Época 28/30, Batch 2950/3348, Loss: 0.0114
2025-10-10 09:40:25,875 [INFO] Época 28/30, Batch 3000/3348, Loss: 0.0059
2025-10-10 09:40:26,152 [INFO] Época 28/30, Batch 3050/3348, Loss: 0.0055
2025-10-10 09:40:26,425 [INFO] Época 28/30, Batch 3100/3348, Loss: 0.0096
2025-10-10 09:40:26,701 [INFO] Época 28/30, Batch 3150/3348, Loss: 0.0127
2025-10-10 09:40:26,977 [INFO] Época 28/30, Batch 3200/3348, Loss: 0.0070
2025-10-10 09:40:27,248 [INFO] Época 28/30, Batch 3250/3348, Loss: 0.0077
2025-10-10 09:40:27,518 [INFO] Época 28/30, Batch 3300/3348, Loss: 0.0088
2025-10-10 09:40:29,383 [INFO] [28/30] Train Loss: 0.0094 | Val Loss: 0.0107 | Tempo: 20.15s
2025-10-10 09:40:29,980 [INFO] Época 29/30, Batch 50/3348, Loss: 0.0076
2025-10-10 09:40:30,251 [INFO] Época 29/30, Batch 100/3348, Loss: 0.0096
2025-10-10 09:40:30,519 [INFO] Época 29/30, Batch 150/3348, Loss: 0.0085
2025-10-10 09:40:30,790 [INFO] Época 29/30, Batch 200/3348, Loss: 0.0093
2025-10-10 09:40:31,059 [INFO] Época 29/30, Batch 250/3348, Loss: 0.0093
2025-10-10 09:40:31,327 [INFO] Época 29/30, Batch 300/3348, Loss: 0.0096
2025-10-10 09:40:31,595 [INFO] Época 29/30, Batch 350/3348, Loss: 0.0081
2025-10-10 09:40:31,864 [INFO] Época 29/30, Batch 400/3348, Loss: 0.0129
2025-10-10 09:40:32,130 [INFO] Época 29/30, Batch 450/3348, Loss: 0.0036
2025-10-10 09:40:32,396 [INFO] Época 29/30, Batch 500/3348, Loss: 0.0056
2025-10-10 09:40:32,659 [INFO] Época 29/30, Batch 550/3348, Loss: 0.0087
2025-10-10 09:40:32,926 [INFO] Época 29/30, Batch 600/3348, Loss: 0.0101
2025-10-10 09:40:33,191 [INFO] Época 29/30, Batch 650/3348, Loss: 0.0076
2025-10-10 09:40:33,456 [INFO] Época 29/30, Batch 700/3348, Loss: 0.0066
2025-10-10 09:40:33,723 [INFO] Época 29/30, Batch 750/3348, Loss: 0.0048
2025-10-10 09:40:33,991 [INFO] Época 29/30, Batch 800/3348, Loss: 0.0111
2025-10-10 09:40:34,243 [INFO] Época 29/30, Batch 850/3348, Loss: 0.0162
2025-10-10 09:40:34,494 [INFO] Época 29/30, Batch 900/3348, Loss: 0.0081
2025-10-10 09:40:34,746 [INFO] Época 29/30, Batch 950/3348, Loss: 0.0067
2025-10-10 09:40:35,000 [INFO] Época 29/30, Batch 1000/3348, Loss: 0.0084
2025-10-10 09:40:35,252 [INFO] Época 29/30, Batch 1050/3348, Loss: 0.0099
2025-10-10 09:40:35,505 [INFO] Época 29/30, Batch 1100/3348, Loss: 0.0069
2025-10-10 09:40:35,758 [INFO] Época 29/30, Batch 1150/3348, Loss: 0.0081
2025-10-10 09:40:36,010 [INFO] Época 29/30, Batch 1200/3348, Loss: 0.0089
2025-10-10 09:40:36,277 [INFO] Época 29/30, Batch 1250/3348, Loss: 0.0094
2025-10-10 09:40:36,544 [INFO] Época 29/30, Batch 1300/3348, Loss: 0.0091
2025-10-10 09:40:36,813 [INFO] Época 29/30, Batch 1350/3348, Loss: 0.0079
2025-10-10 09:40:37,080 [INFO] Época 29/30, Batch 1400/3348, Loss: 0.0190
2025-10-10 09:40:37,345 [INFO] Época 29/30, Batch 1450/3348, Loss: 0.0064
2025-10-10 09:40:37,610 [INFO] Época 29/30, Batch 1500/3348, Loss: 0.0044
2025-10-10 09:40:37,876 [INFO] Época 29/30, Batch 1550/3348, Loss: 0.0049
2025-10-10 09:40:38,150 [INFO] Época 29/30, Batch 1600/3348, Loss: 0.0058
2025-10-10 09:40:38,418 [INFO] Época 29/30, Batch 1650/3348, Loss: 0.0060
2025-10-10 09:40:38,684 [INFO] Época 29/30, Batch 1700/3348, Loss: 0.0065
2025-10-10 09:40:38,947 [INFO] Época 29/30, Batch 1750/3348, Loss: 0.0103
2025-10-10 09:40:39,212 [INFO] Época 29/30, Batch 1800/3348, Loss: 0.0047
2025-10-10 09:40:39,475 [INFO] Época 29/30, Batch 1850/3348, Loss: 0.0055
2025-10-10 09:40:39,739 [INFO] Época 29/30, Batch 1900/3348, Loss: 0.0075
2025-10-10 09:40:40,004 [INFO] Época 29/30, Batch 1950/3348, Loss: 0.0090
2025-10-10 09:40:40,270 [INFO] Época 29/30, Batch 2000/3348, Loss: 0.0086
2025-10-10 09:40:40,537 [INFO] Época 29/30, Batch 2050/3348, Loss: 0.0134
2025-10-10 09:40:40,803 [INFO] Época 29/30, Batch 2100/3348, Loss: 0.0084
2025-10-10 09:40:41,069 [INFO] Época 29/30, Batch 2150/3348, Loss: 0.0080
2025-10-10 09:40:41,334 [INFO] Época 29/30, Batch 2200/3348, Loss: 0.0054
2025-10-10 09:40:41,601 [INFO] Época 29/30, Batch 2250/3348, Loss: 0.0061
2025-10-10 09:40:41,869 [INFO] Época 29/30, Batch 2300/3348, Loss: 0.0160
2025-10-10 09:40:42,135 [INFO] Época 29/30, Batch 2350/3348, Loss: 0.0083
2025-10-10 09:40:42,402 [INFO] Época 29/30, Batch 2400/3348, Loss: 0.0088
2025-10-10 09:40:42,669 [INFO] Época 29/30, Batch 2450/3348, Loss: 0.0079
2025-10-10 09:40:42,936 [INFO] Época 29/30, Batch 2500/3348, Loss: 0.0081
2025-10-10 09:40:43,215 [INFO] Época 29/30, Batch 2550/3348, Loss: 0.0064
2025-10-10 09:40:43,481 [INFO] Época 29/30, Batch 2600/3348, Loss: 0.0082
2025-10-10 09:40:43,746 [INFO] Época 29/30, Batch 2650/3348, Loss: 0.0148
2025-10-10 09:40:44,010 [INFO] Época 29/30, Batch 2700/3348, Loss: 0.0052
2025-10-10 09:40:44,276 [INFO] Época 29/30, Batch 2750/3348, Loss: 0.0068
2025-10-10 09:40:44,542 [INFO] Época 29/30, Batch 2800/3348, Loss: 0.0070
2025-10-10 09:40:44,808 [INFO] Época 29/30, Batch 2850/3348, Loss: 0.0084
2025-10-10 09:40:45,071 [INFO] Época 29/30, Batch 2900/3348, Loss: 0.0105
2025-10-10 09:40:45,336 [INFO] Época 29/30, Batch 2950/3348, Loss: 0.0107
2025-10-10 09:40:45,602 [INFO] Época 29/30, Batch 3000/3348, Loss: 0.0086
2025-10-10 09:40:45,867 [INFO] Época 29/30, Batch 3050/3348, Loss: 0.0080
2025-10-10 09:40:46,133 [INFO] Época 29/30, Batch 3100/3348, Loss: 0.0067
2025-10-10 09:40:46,396 [INFO] Época 29/30, Batch 3150/3348, Loss: 0.0046
2025-10-10 09:40:46,662 [INFO] Época 29/30, Batch 3200/3348, Loss: 0.0048
2025-10-10 09:40:46,928 [INFO] Época 29/30, Batch 3250/3348, Loss: 0.0122
2025-10-10 09:40:47,192 [INFO] Época 29/30, Batch 3300/3348, Loss: 0.0099
2025-10-10 09:40:49,227 [INFO] [29/30] Train Loss: 0.0090 | Val Loss: 0.0171 | Tempo: 19.84s
2025-10-10 09:40:49,835 [INFO] Época 30/30, Batch 50/3348, Loss: 0.0095
2025-10-10 09:40:50,114 [INFO] Época 30/30, Batch 100/3348, Loss: 0.0183
2025-10-10 09:40:50,392 [INFO] Época 30/30, Batch 150/3348, Loss: 0.0064
2025-10-10 09:40:50,668 [INFO] Época 30/30, Batch 200/3348, Loss: 0.0078
2025-10-10 09:40:50,945 [INFO] Época 30/30, Batch 250/3348, Loss: 0.0090
2025-10-10 09:40:51,220 [INFO] Época 30/30, Batch 300/3348, Loss: 0.0081
2025-10-10 09:40:51,495 [INFO] Época 30/30, Batch 350/3348, Loss: 0.0090
2025-10-10 09:40:51,772 [INFO] Época 30/30, Batch 400/3348, Loss: 0.0072
2025-10-10 09:40:52,043 [INFO] Época 30/30, Batch 450/3348, Loss: 0.0111
2025-10-10 09:40:52,306 [INFO] Época 30/30, Batch 500/3348, Loss: 0.0092
2025-10-10 09:40:52,577 [INFO] Época 30/30, Batch 550/3348, Loss: 0.0095
2025-10-10 09:40:52,850 [INFO] Época 30/30, Batch 600/3348, Loss: 0.0056
2025-10-10 09:40:53,124 [INFO] Época 30/30, Batch 650/3348, Loss: 0.0108
2025-10-10 09:40:53,398 [INFO] Época 30/30, Batch 700/3348, Loss: 0.0077
2025-10-10 09:40:53,670 [INFO] Época 30/30, Batch 750/3348, Loss: 0.0145
2025-10-10 09:40:53,943 [INFO] Época 30/30, Batch 800/3348, Loss: 0.0074
2025-10-10 09:40:54,217 [INFO] Época 30/30, Batch 850/3348, Loss: 0.0079
2025-10-10 09:40:54,488 [INFO] Época 30/30, Batch 900/3348, Loss: 0.0130
2025-10-10 09:40:54,772 [INFO] Época 30/30, Batch 950/3348, Loss: 0.0096
2025-10-10 09:40:55,045 [INFO] Época 30/30, Batch 1000/3348, Loss: 0.0083
2025-10-10 09:40:55,322 [INFO] Época 30/30, Batch 1050/3348, Loss: 0.0077
2025-10-10 09:40:55,594 [INFO] Época 30/30, Batch 1100/3348, Loss: 0.0093
2025-10-10 09:40:55,867 [INFO] Época 30/30, Batch 1150/3348, Loss: 0.0121
2025-10-10 09:40:56,138 [INFO] Época 30/30, Batch 1200/3348, Loss: 0.0277
2025-10-10 09:40:56,411 [INFO] Época 30/30, Batch 1250/3348, Loss: 0.0085
2025-10-10 09:40:56,686 [INFO] Época 30/30, Batch 1300/3348, Loss: 0.0053
2025-10-10 09:40:56,960 [INFO] Época 30/30, Batch 1350/3348, Loss: 0.0060
2025-10-10 09:40:57,232 [INFO] Época 30/30, Batch 1400/3348, Loss: 0.0066
2025-10-10 09:40:57,505 [INFO] Época 30/30, Batch 1450/3348, Loss: 0.0081
2025-10-10 09:40:57,779 [INFO] Época 30/30, Batch 1500/3348, Loss: 0.0111
2025-10-10 09:40:58,054 [INFO] Época 30/30, Batch 1550/3348, Loss: 0.0083
2025-10-10 09:40:58,323 [INFO] Época 30/30, Batch 1600/3348, Loss: 0.0075
2025-10-10 09:40:58,596 [INFO] Época 30/30, Batch 1650/3348, Loss: 0.0045
2025-10-10 09:40:58,869 [INFO] Época 30/30, Batch 1700/3348, Loss: 0.0061
2025-10-10 09:40:59,144 [INFO] Época 30/30, Batch 1750/3348, Loss: 0.0090
2025-10-10 09:40:59,409 [INFO] Época 30/30, Batch 1800/3348, Loss: 0.0049
2025-10-10 09:40:59,673 [INFO] Época 30/30, Batch 1850/3348, Loss: 0.0055
2025-10-10 09:40:59,940 [INFO] Época 30/30, Batch 1900/3348, Loss: 0.0086
2025-10-10 09:41:00,205 [INFO] Época 30/30, Batch 1950/3348, Loss: 0.0140
2025-10-10 09:41:00,469 [INFO] Época 30/30, Batch 2000/3348, Loss: 0.0083
2025-10-10 09:41:00,735 [INFO] Época 30/30, Batch 2050/3348, Loss: 0.0072
2025-10-10 09:41:00,999 [INFO] Época 30/30, Batch 2100/3348, Loss: 0.0125
2025-10-10 09:41:01,264 [INFO] Época 30/30, Batch 2150/3348, Loss: 0.0092
2025-10-10 09:41:01,537 [INFO] Época 30/30, Batch 2200/3348, Loss: 0.0063
2025-10-10 09:41:01,804 [INFO] Época 30/30, Batch 2250/3348, Loss: 0.0095
2025-10-10 09:41:02,068 [INFO] Época 30/30, Batch 2300/3348, Loss: 0.0104
2025-10-10 09:41:02,333 [INFO] Época 30/30, Batch 2350/3348, Loss: 0.0056
2025-10-10 09:41:02,597 [INFO] Época 30/30, Batch 2400/3348, Loss: 0.0065
2025-10-10 09:41:02,862 [INFO] Época 30/30, Batch 2450/3348, Loss: 0.0064
2025-10-10 09:41:03,127 [INFO] Época 30/30, Batch 2500/3348, Loss: 0.0088
2025-10-10 09:41:03,392 [INFO] Época 30/30, Batch 2550/3348, Loss: 0.0124
2025-10-10 09:41:03,660 [INFO] Época 30/30, Batch 2600/3348, Loss: 0.0062
2025-10-10 09:41:03,926 [INFO] Época 30/30, Batch 2650/3348, Loss: 0.0083
2025-10-10 09:41:04,190 [INFO] Época 30/30, Batch 2700/3348, Loss: 0.0080
2025-10-10 09:41:04,457 [INFO] Época 30/30, Batch 2750/3348, Loss: 0.0056
2025-10-10 09:41:04,727 [INFO] Época 30/30, Batch 2800/3348, Loss: 0.0055
2025-10-10 09:41:05,004 [INFO] Época 30/30, Batch 2850/3348, Loss: 0.0073
2025-10-10 09:41:05,269 [INFO] Época 30/30, Batch 2900/3348, Loss: 0.0079
2025-10-10 09:41:05,534 [INFO] Época 30/30, Batch 2950/3348, Loss: 0.0078
2025-10-10 09:41:05,799 [INFO] Época 30/30, Batch 3000/3348, Loss: 0.0063
2025-10-10 09:41:06,064 [INFO] Época 30/30, Batch 3050/3348, Loss: 0.0091
2025-10-10 09:41:06,331 [INFO] Época 30/30, Batch 3100/3348, Loss: 0.0115
2025-10-10 09:41:06,596 [INFO] Época 30/30, Batch 3150/3348, Loss: 0.0076
2025-10-10 09:41:06,862 [INFO] Época 30/30, Batch 3200/3348, Loss: 0.0059
2025-10-10 09:41:07,136 [INFO] Época 30/30, Batch 3250/3348, Loss: 0.0056
2025-10-10 09:41:07,410 [INFO] Época 30/30, Batch 3300/3348, Loss: 0.0097
2025-10-10 09:41:09,279 [INFO] [30/30] Train Loss: 0.0090 | Val Loss: 0.0104 | Tempo: 20.05s
2025-10-10 09:41:09,279 [INFO] Treinamento concluído em 597.92 segundos (9.97 minutos)
2025-10-10 09:41:09,279 [INFO] Iniciando avaliação no conjunto de teste...
2025-10-10 09:41:10,803 [INFO] Avaliação do teste concluída em 1.52 segundos
2025-10-10 09:41:10,815 [INFO] MSE no teste: 0.0055
2025-10-10 09:41:10,815 [INFO] RMSE no teste: 0.0741
2025-10-10 09:41:10,816 [INFO] MAE no teste: 0.0303
2025-10-10 09:41:10,816 [INFO] Métricas salvas em /mnt/hdd/home/jdurao/ToolBox-ChemXAI/logs/mlp_att12_CM_metrics.json
