2025-10-09 22:10:37,561 [INFO] Iniciando treinamento do modelo mlp_att4_AtomPair
2025-10-09 22:10:37,561 [INFO] Configuração: att_index=4, epochs=30, layers=[128, 64, 32], lr=0.001, batch_size=32, descriptor_type=AtomPair
2025-10-09 22:10:37,561 [INFO] Diretório para modelos: /mnt/hdd/home/jdurao/ToolBox-ChemXAI/models
2025-10-09 22:10:37,561 [INFO] Carregando dados...
2025-10-09 22:10:37,648 [INFO] Preparando dataloaders sem ruído...
2025-10-09 22:10:46,275 [INFO] Dados carregados em 8.71 segundos
2025-10-09 22:10:46,275 [INFO] Tamanhos dos conjuntos - Treino: 107108, Validação: 13388, Teste: 13389
2025-10-09 22:10:46,275 [INFO] Usando dispositivo: cuda
2025-10-09 22:10:46,696 [INFO] Dimensão de entrada: 512, Dimensão de saída: 1
2025-10-09 22:10:46,697 [INFO] Criando modelo MLP com camadas: [128, 64, 32]
2025-10-09 22:10:46,701 [INFO] Modelo criado com 76033 parâmetros
2025-10-09 22:10:46,703 [INFO] Iniciando treinamento com 30 épocas...
2025-10-09 22:10:47,315 [INFO] Época 1/30, Batch 50/3348, Loss: 0.4457
2025-10-09 22:10:47,587 [INFO] Época 1/30, Batch 100/3348, Loss: 0.3613
2025-10-09 22:10:47,852 [INFO] Época 1/30, Batch 150/3348, Loss: 0.3699
2025-10-09 22:10:48,114 [INFO] Época 1/30, Batch 200/3348, Loss: 0.3254
2025-10-09 22:10:48,373 [INFO] Época 1/30, Batch 250/3348, Loss: 0.2835
2025-10-09 22:10:48,636 [INFO] Época 1/30, Batch 300/3348, Loss: 0.2874
2025-10-09 22:10:48,899 [INFO] Época 1/30, Batch 350/3348, Loss: 0.2761
2025-10-09 22:10:49,162 [INFO] Época 1/30, Batch 400/3348, Loss: 0.3525
2025-10-09 22:10:49,426 [INFO] Época 1/30, Batch 450/3348, Loss: 0.3149
2025-10-09 22:10:49,692 [INFO] Época 1/30, Batch 500/3348, Loss: 0.3902
2025-10-09 22:10:49,957 [INFO] Época 1/30, Batch 550/3348, Loss: 0.2792
2025-10-09 22:10:50,221 [INFO] Época 1/30, Batch 600/3348, Loss: 0.2436
2025-10-09 22:10:50,485 [INFO] Época 1/30, Batch 650/3348, Loss: 0.2966
2025-10-09 22:10:50,749 [INFO] Época 1/30, Batch 700/3348, Loss: 0.2784
2025-10-09 22:10:51,014 [INFO] Época 1/30, Batch 750/3348, Loss: 0.1980
2025-10-09 22:10:51,277 [INFO] Época 1/30, Batch 800/3348, Loss: 0.2082
2025-10-09 22:10:51,542 [INFO] Época 1/30, Batch 850/3348, Loss: 0.2491
2025-10-09 22:10:51,811 [INFO] Época 1/30, Batch 900/3348, Loss: 0.2676
2025-10-09 22:10:52,078 [INFO] Época 1/30, Batch 950/3348, Loss: 0.1616
2025-10-09 22:10:52,352 [INFO] Época 1/30, Batch 1000/3348, Loss: 0.1724
2025-10-09 22:10:52,618 [INFO] Época 1/30, Batch 1050/3348, Loss: 0.2983
2025-10-09 22:10:52,882 [INFO] Época 1/30, Batch 1100/3348, Loss: 0.3626
2025-10-09 22:10:53,146 [INFO] Época 1/30, Batch 1150/3348, Loss: 0.2382
2025-10-09 22:10:53,413 [INFO] Época 1/30, Batch 1200/3348, Loss: 0.2718
2025-10-09 22:10:53,677 [INFO] Época 1/30, Batch 1250/3348, Loss: 0.2102
2025-10-09 22:10:53,943 [INFO] Época 1/30, Batch 1300/3348, Loss: 0.2954
2025-10-09 22:10:54,206 [INFO] Época 1/30, Batch 1350/3348, Loss: 0.2640
2025-10-09 22:10:54,470 [INFO] Época 1/30, Batch 1400/3348, Loss: 0.2212
2025-10-09 22:10:54,733 [INFO] Época 1/30, Batch 1450/3348, Loss: 0.2302
2025-10-09 22:10:54,996 [INFO] Época 1/30, Batch 1500/3348, Loss: 0.2546
2025-10-09 22:10:55,260 [INFO] Época 1/30, Batch 1550/3348, Loss: 0.2296
2025-10-09 22:10:55,522 [INFO] Época 1/30, Batch 1600/3348, Loss: 0.2698
2025-10-09 22:10:55,785 [INFO] Época 1/30, Batch 1650/3348, Loss: 0.2476
2025-10-09 22:10:56,050 [INFO] Época 1/30, Batch 1700/3348, Loss: 0.1947
2025-10-09 22:10:56,315 [INFO] Época 1/30, Batch 1750/3348, Loss: 0.2062
2025-10-09 22:10:56,585 [INFO] Época 1/30, Batch 1800/3348, Loss: 0.2434
2025-10-09 22:10:56,853 [INFO] Época 1/30, Batch 1850/3348, Loss: 0.2005
2025-10-09 22:10:57,122 [INFO] Época 1/30, Batch 1900/3348, Loss: 0.3369
2025-10-09 22:10:57,387 [INFO] Época 1/30, Batch 1950/3348, Loss: 0.2614
2025-10-09 22:10:57,653 [INFO] Época 1/30, Batch 2000/3348, Loss: 0.2249
2025-10-09 22:10:57,924 [INFO] Época 1/30, Batch 2050/3348, Loss: 0.2295
2025-10-09 22:10:58,193 [INFO] Época 1/30, Batch 2100/3348, Loss: 0.2221
2025-10-09 22:10:58,458 [INFO] Época 1/30, Batch 2150/3348, Loss: 0.2836
2025-10-09 22:10:58,721 [INFO] Época 1/30, Batch 2200/3348, Loss: 0.2103
2025-10-09 22:10:58,984 [INFO] Época 1/30, Batch 2250/3348, Loss: 0.2274
2025-10-09 22:10:59,250 [INFO] Época 1/30, Batch 2300/3348, Loss: 0.2363
2025-10-09 22:10:59,514 [INFO] Época 1/30, Batch 2350/3348, Loss: 0.2237
2025-10-09 22:10:59,777 [INFO] Época 1/30, Batch 2400/3348, Loss: 0.2313
2025-10-09 22:11:00,045 [INFO] Época 1/30, Batch 2450/3348, Loss: 0.2276
2025-10-09 22:11:00,311 [INFO] Época 1/30, Batch 2500/3348, Loss: 0.2279
2025-10-09 22:11:00,579 [INFO] Época 1/30, Batch 2550/3348, Loss: 0.2146
2025-10-09 22:11:00,846 [INFO] Época 1/30, Batch 2600/3348, Loss: 0.1767
2025-10-09 22:11:01,109 [INFO] Época 1/30, Batch 2650/3348, Loss: 0.1915
2025-10-09 22:11:01,373 [INFO] Época 1/30, Batch 2700/3348, Loss: 0.1645
2025-10-09 22:11:01,638 [INFO] Época 1/30, Batch 2750/3348, Loss: 0.1835
2025-10-09 22:11:01,902 [INFO] Época 1/30, Batch 2800/3348, Loss: 0.2172
2025-10-09 22:11:02,172 [INFO] Época 1/30, Batch 2850/3348, Loss: 0.2083
2025-10-09 22:11:02,441 [INFO] Época 1/30, Batch 2900/3348, Loss: 0.3103
2025-10-09 22:11:02,712 [INFO] Época 1/30, Batch 2950/3348, Loss: 0.2336
2025-10-09 22:11:02,978 [INFO] Época 1/30, Batch 3000/3348, Loss: 0.1887
2025-10-09 22:11:03,240 [INFO] Época 1/30, Batch 3050/3348, Loss: 0.2981
2025-10-09 22:11:03,507 [INFO] Época 1/30, Batch 3100/3348, Loss: 0.1252
2025-10-09 22:11:03,771 [INFO] Época 1/30, Batch 3150/3348, Loss: 0.2689
2025-10-09 22:11:04,034 [INFO] Época 1/30, Batch 3200/3348, Loss: 0.1675
2025-10-09 22:11:04,296 [INFO] Época 1/30, Batch 3250/3348, Loss: 0.2262
2025-10-09 22:11:04,559 [INFO] Época 1/30, Batch 3300/3348, Loss: 0.1614
2025-10-09 22:11:06,398 [INFO] [1/30] Train Loss: 0.2548 | Val Loss: 0.2030 | Tempo: 19.69s
2025-10-09 22:11:06,403 [INFO] Melhor modelo salvo em: /mnt/hdd/home/jdurao/ToolBox-ChemXAI/models/mlp_qm9_AtomPair_att4_large.pth
2025-10-09 22:11:07,013 [INFO] Época 2/30, Batch 50/3348, Loss: 0.2603
2025-10-09 22:11:07,294 [INFO] Época 2/30, Batch 100/3348, Loss: 0.2588
2025-10-09 22:11:07,574 [INFO] Época 2/30, Batch 150/3348, Loss: 0.1934
2025-10-09 22:11:07,848 [INFO] Época 2/30, Batch 200/3348, Loss: 0.1687
2025-10-09 22:11:08,125 [INFO] Época 2/30, Batch 250/3348, Loss: 0.1894
2025-10-09 22:11:08,391 [INFO] Época 2/30, Batch 300/3348, Loss: 0.1797
2025-10-09 22:11:08,655 [INFO] Época 2/30, Batch 350/3348, Loss: 0.1884
2025-10-09 22:11:08,928 [INFO] Época 2/30, Batch 400/3348, Loss: 0.1595
2025-10-09 22:11:09,200 [INFO] Época 2/30, Batch 450/3348, Loss: 0.1959
2025-10-09 22:11:09,471 [INFO] Época 2/30, Batch 500/3348, Loss: 0.2053
2025-10-09 22:11:09,746 [INFO] Época 2/30, Batch 550/3348, Loss: 0.2139
2025-10-09 22:11:10,019 [INFO] Época 2/30, Batch 600/3348, Loss: 0.2093
2025-10-09 22:11:10,291 [INFO] Época 2/30, Batch 650/3348, Loss: 0.1518
2025-10-09 22:11:10,561 [INFO] Época 2/30, Batch 700/3348, Loss: 0.1710
2025-10-09 22:11:10,824 [INFO] Época 2/30, Batch 750/3348, Loss: 0.1762
2025-10-09 22:11:11,089 [INFO] Época 2/30, Batch 800/3348, Loss: 0.2339
2025-10-09 22:11:11,352 [INFO] Época 2/30, Batch 850/3348, Loss: 0.2049
2025-10-09 22:11:11,616 [INFO] Época 2/30, Batch 900/3348, Loss: 0.2472
2025-10-09 22:11:11,878 [INFO] Época 2/30, Batch 950/3348, Loss: 0.1816
2025-10-09 22:11:12,141 [INFO] Época 2/30, Batch 1000/3348, Loss: 0.1658
2025-10-09 22:11:12,408 [INFO] Época 2/30, Batch 1050/3348, Loss: 0.2596
2025-10-09 22:11:12,675 [INFO] Época 2/30, Batch 1100/3348, Loss: 0.2154
2025-10-09 22:11:12,952 [INFO] Época 2/30, Batch 1150/3348, Loss: 0.2139
2025-10-09 22:11:13,221 [INFO] Época 2/30, Batch 1200/3348, Loss: 0.2118
2025-10-09 22:11:13,488 [INFO] Época 2/30, Batch 1250/3348, Loss: 0.2010
2025-10-09 22:11:13,754 [INFO] Época 2/30, Batch 1300/3348, Loss: 0.1788
2025-10-09 22:11:14,019 [INFO] Época 2/30, Batch 1350/3348, Loss: 0.1949
2025-10-09 22:11:14,284 [INFO] Época 2/30, Batch 1400/3348, Loss: 0.1681
2025-10-09 22:11:14,550 [INFO] Época 2/30, Batch 1450/3348, Loss: 0.1227
2025-10-09 22:11:14,818 [INFO] Época 2/30, Batch 1500/3348, Loss: 0.2004
2025-10-09 22:11:15,084 [INFO] Época 2/30, Batch 1550/3348, Loss: 0.2021
2025-10-09 22:11:15,347 [INFO] Época 2/30, Batch 1600/3348, Loss: 0.1772
2025-10-09 22:11:15,613 [INFO] Época 2/30, Batch 1650/3348, Loss: 0.1753
2025-10-09 22:11:15,882 [INFO] Época 2/30, Batch 1700/3348, Loss: 0.2181
2025-10-09 22:11:16,148 [INFO] Época 2/30, Batch 1750/3348, Loss: 0.1884
2025-10-09 22:11:16,414 [INFO] Época 2/30, Batch 1800/3348, Loss: 0.1305
2025-10-09 22:11:16,677 [INFO] Época 2/30, Batch 1850/3348, Loss: 0.1712
2025-10-09 22:11:16,939 [INFO] Época 2/30, Batch 1900/3348, Loss: 0.1816
2025-10-09 22:11:17,201 [INFO] Época 2/30, Batch 1950/3348, Loss: 0.1353
2025-10-09 22:11:17,464 [INFO] Época 2/30, Batch 2000/3348, Loss: 0.2284
2025-10-09 22:11:17,726 [INFO] Época 2/30, Batch 2050/3348, Loss: 0.1716
2025-10-09 22:11:17,988 [INFO] Época 2/30, Batch 2100/3348, Loss: 0.1331
2025-10-09 22:11:18,252 [INFO] Época 2/30, Batch 2150/3348, Loss: 0.2702
2025-10-09 22:11:18,514 [INFO] Época 2/30, Batch 2200/3348, Loss: 0.1792
2025-10-09 22:11:18,777 [INFO] Época 2/30, Batch 2250/3348, Loss: 0.2217
2025-10-09 22:11:19,038 [INFO] Época 2/30, Batch 2300/3348, Loss: 0.1545
2025-10-09 22:11:19,301 [INFO] Época 2/30, Batch 2350/3348, Loss: 0.2056
2025-10-09 22:11:19,563 [INFO] Época 2/30, Batch 2400/3348, Loss: 0.1751
2025-10-09 22:11:19,826 [INFO] Época 2/30, Batch 2450/3348, Loss: 0.1364
2025-10-09 22:11:20,088 [INFO] Época 2/30, Batch 2500/3348, Loss: 0.1922
2025-10-09 22:11:20,348 [INFO] Época 2/30, Batch 2550/3348, Loss: 0.2072
2025-10-09 22:11:20,612 [INFO] Época 2/30, Batch 2600/3348, Loss: 0.1778
2025-10-09 22:11:20,874 [INFO] Época 2/30, Batch 2650/3348, Loss: 0.1817
2025-10-09 22:11:21,138 [INFO] Época 2/30, Batch 2700/3348, Loss: 0.2071
2025-10-09 22:11:21,406 [INFO] Época 2/30, Batch 2750/3348, Loss: 0.1685
2025-10-09 22:11:21,672 [INFO] Época 2/30, Batch 2800/3348, Loss: 0.1869
2025-10-09 22:11:21,940 [INFO] Época 2/30, Batch 2850/3348, Loss: 0.2557
2025-10-09 22:11:22,206 [INFO] Época 2/30, Batch 2900/3348, Loss: 0.1617
2025-10-09 22:11:22,472 [INFO] Época 2/30, Batch 2950/3348, Loss: 0.1945
2025-10-09 22:11:22,736 [INFO] Época 2/30, Batch 3000/3348, Loss: 0.1784
2025-10-09 22:11:22,998 [INFO] Época 2/30, Batch 3050/3348, Loss: 0.1610
2025-10-09 22:11:23,261 [INFO] Época 2/30, Batch 3100/3348, Loss: 0.1897
2025-10-09 22:11:23,522 [INFO] Época 2/30, Batch 3150/3348, Loss: 0.2564
2025-10-09 22:11:23,783 [INFO] Época 2/30, Batch 3200/3348, Loss: 0.1842
2025-10-09 22:11:24,045 [INFO] Época 2/30, Batch 3250/3348, Loss: 0.1841
2025-10-09 22:11:24,306 [INFO] Época 2/30, Batch 3300/3348, Loss: 0.2266
2025-10-09 22:11:26,099 [INFO] [2/30] Train Loss: 0.1876 | Val Loss: 0.1876 | Tempo: 19.70s
2025-10-09 22:11:26,104 [INFO] Melhor modelo salvo em: /mnt/hdd/home/jdurao/ToolBox-ChemXAI/models/mlp_qm9_AtomPair_att4_large.pth
2025-10-09 22:11:26,704 [INFO] Época 3/30, Batch 50/3348, Loss: 0.1346
2025-10-09 22:11:26,973 [INFO] Época 3/30, Batch 100/3348, Loss: 0.1362
2025-10-09 22:11:27,238 [INFO] Época 3/30, Batch 150/3348, Loss: 0.1804
2025-10-09 22:11:27,502 [INFO] Época 3/30, Batch 200/3348, Loss: 0.1556
2025-10-09 22:11:27,765 [INFO] Época 3/30, Batch 250/3348, Loss: 0.1665
2025-10-09 22:11:28,028 [INFO] Época 3/30, Batch 300/3348, Loss: 0.1797
2025-10-09 22:11:28,291 [INFO] Época 3/30, Batch 350/3348, Loss: 0.1696
2025-10-09 22:11:28,553 [INFO] Época 3/30, Batch 400/3348, Loss: 0.1642
2025-10-09 22:11:28,812 [INFO] Época 3/30, Batch 450/3348, Loss: 0.1413
2025-10-09 22:11:29,073 [INFO] Época 3/30, Batch 500/3348, Loss: 0.1369
2025-10-09 22:11:29,333 [INFO] Época 3/30, Batch 550/3348, Loss: 0.1288
2025-10-09 22:11:29,595 [INFO] Época 3/30, Batch 600/3348, Loss: 0.2308
2025-10-09 22:11:29,856 [INFO] Época 3/30, Batch 650/3348, Loss: 0.1666
2025-10-09 22:11:30,115 [INFO] Época 3/30, Batch 700/3348, Loss: 0.1171
2025-10-09 22:11:30,376 [INFO] Época 3/30, Batch 750/3348, Loss: 0.1229
2025-10-09 22:11:30,636 [INFO] Época 3/30, Batch 800/3348, Loss: 0.1690
2025-10-09 22:11:30,897 [INFO] Época 3/30, Batch 850/3348, Loss: 0.1873
2025-10-09 22:11:31,156 [INFO] Época 3/30, Batch 900/3348, Loss: 0.2094
2025-10-09 22:11:31,417 [INFO] Época 3/30, Batch 950/3348, Loss: 0.2001
2025-10-09 22:11:31,677 [INFO] Época 3/30, Batch 1000/3348, Loss: 0.1645
2025-10-09 22:11:31,940 [INFO] Época 3/30, Batch 1050/3348, Loss: 0.1427
2025-10-09 22:11:32,199 [INFO] Época 3/30, Batch 1100/3348, Loss: 0.1318
2025-10-09 22:11:32,456 [INFO] Época 3/30, Batch 1150/3348, Loss: 0.1669
2025-10-09 22:11:32,718 [INFO] Época 3/30, Batch 1200/3348, Loss: 0.1974
2025-10-09 22:11:32,980 [INFO] Época 3/30, Batch 1250/3348, Loss: 0.1688
2025-10-09 22:11:33,243 [INFO] Época 3/30, Batch 1300/3348, Loss: 0.1969
2025-10-09 22:11:33,506 [INFO] Época 3/30, Batch 1350/3348, Loss: 0.1492
2025-10-09 22:11:33,768 [INFO] Época 3/30, Batch 1400/3348, Loss: 0.1400
2025-10-09 22:11:34,029 [INFO] Época 3/30, Batch 1450/3348, Loss: 0.1730
2025-10-09 22:11:34,291 [INFO] Época 3/30, Batch 1500/3348, Loss: 0.1539
2025-10-09 22:11:34,552 [INFO] Época 3/30, Batch 1550/3348, Loss: 0.1373
2025-10-09 22:11:34,815 [INFO] Época 3/30, Batch 1600/3348, Loss: 0.1893
2025-10-09 22:11:35,078 [INFO] Época 3/30, Batch 1650/3348, Loss: 0.1587
2025-10-09 22:11:35,338 [INFO] Época 3/30, Batch 1700/3348, Loss: 0.1821
2025-10-09 22:11:35,601 [INFO] Época 3/30, Batch 1750/3348, Loss: 0.1860
2025-10-09 22:11:35,862 [INFO] Época 3/30, Batch 1800/3348, Loss: 0.1725
2025-10-09 22:11:36,124 [INFO] Época 3/30, Batch 1850/3348, Loss: 0.1287
2025-10-09 22:11:36,385 [INFO] Época 3/30, Batch 1900/3348, Loss: 0.1817
2025-10-09 22:11:36,646 [INFO] Época 3/30, Batch 1950/3348, Loss: 0.1600
2025-10-09 22:11:36,908 [INFO] Época 3/30, Batch 2000/3348, Loss: 0.1071
2025-10-09 22:11:37,170 [INFO] Época 3/30, Batch 2050/3348, Loss: 0.1637
2025-10-09 22:11:37,433 [INFO] Época 3/30, Batch 2100/3348, Loss: 0.1391
2025-10-09 22:11:37,695 [INFO] Época 3/30, Batch 2150/3348, Loss: 0.1447
2025-10-09 22:11:37,957 [INFO] Época 3/30, Batch 2200/3348, Loss: 0.1412
2025-10-09 22:11:38,219 [INFO] Época 3/30, Batch 2250/3348, Loss: 0.1491
2025-10-09 22:11:38,479 [INFO] Época 3/30, Batch 2300/3348, Loss: 0.1364
2025-10-09 22:11:38,740 [INFO] Época 3/30, Batch 2350/3348, Loss: 0.2009
2025-10-09 22:11:39,005 [INFO] Época 3/30, Batch 2400/3348, Loss: 0.1643
2025-10-09 22:11:39,266 [INFO] Época 3/30, Batch 2450/3348, Loss: 0.1501
2025-10-09 22:11:39,526 [INFO] Época 3/30, Batch 2500/3348, Loss: 0.1401
2025-10-09 22:11:39,788 [INFO] Época 3/30, Batch 2550/3348, Loss: 0.1340
2025-10-09 22:11:40,049 [INFO] Época 3/30, Batch 2600/3348, Loss: 0.1794
2025-10-09 22:11:40,311 [INFO] Época 3/30, Batch 2650/3348, Loss: 0.1883
2025-10-09 22:11:40,572 [INFO] Época 3/30, Batch 2700/3348, Loss: 0.2252
2025-10-09 22:11:40,832 [INFO] Época 3/30, Batch 2750/3348, Loss: 0.1342
2025-10-09 22:11:41,095 [INFO] Época 3/30, Batch 2800/3348, Loss: 0.1621
2025-10-09 22:11:41,355 [INFO] Época 3/30, Batch 2850/3348, Loss: 0.1369
2025-10-09 22:11:41,618 [INFO] Época 3/30, Batch 2900/3348, Loss: 0.1495
2025-10-09 22:11:41,878 [INFO] Época 3/30, Batch 2950/3348, Loss: 0.1493
2025-10-09 22:11:42,140 [INFO] Época 3/30, Batch 3000/3348, Loss: 0.1678
2025-10-09 22:11:42,401 [INFO] Época 3/30, Batch 3050/3348, Loss: 0.1506
2025-10-09 22:11:42,665 [INFO] Época 3/30, Batch 3100/3348, Loss: 0.1769
2025-10-09 22:11:42,937 [INFO] Época 3/30, Batch 3150/3348, Loss: 0.1322
2025-10-09 22:11:43,207 [INFO] Época 3/30, Batch 3200/3348, Loss: 0.1641
2025-10-09 22:11:43,479 [INFO] Época 3/30, Batch 3250/3348, Loss: 0.1540
2025-10-09 22:11:43,750 [INFO] Época 3/30, Batch 3300/3348, Loss: 0.1662
2025-10-09 22:11:45,612 [INFO] [3/30] Train Loss: 0.1665 | Val Loss: 0.1896 | Tempo: 19.51s
2025-10-09 22:11:46,198 [INFO] Época 4/30, Batch 50/3348, Loss: 0.1419
2025-10-09 22:11:46,469 [INFO] Época 4/30, Batch 100/3348, Loss: 0.1791
2025-10-09 22:11:46,737 [INFO] Época 4/30, Batch 150/3348, Loss: 0.1926
2025-10-09 22:11:47,002 [INFO] Época 4/30, Batch 200/3348, Loss: 0.1634
2025-10-09 22:11:47,268 [INFO] Época 4/30, Batch 250/3348, Loss: 0.1233
2025-10-09 22:11:47,535 [INFO] Época 4/30, Batch 300/3348, Loss: 0.1776
2025-10-09 22:11:47,798 [INFO] Época 4/30, Batch 350/3348, Loss: 0.1373
2025-10-09 22:11:48,060 [INFO] Época 4/30, Batch 400/3348, Loss: 0.1752
2025-10-09 22:11:48,321 [INFO] Época 4/30, Batch 450/3348, Loss: 0.2247
2025-10-09 22:11:48,582 [INFO] Época 4/30, Batch 500/3348, Loss: 0.1344
2025-10-09 22:11:48,844 [INFO] Época 4/30, Batch 550/3348, Loss: 0.1885
2025-10-09 22:11:49,106 [INFO] Época 4/30, Batch 600/3348, Loss: 0.1378
2025-10-09 22:11:49,367 [INFO] Época 4/30, Batch 650/3348, Loss: 0.1896
2025-10-09 22:11:49,630 [INFO] Época 4/30, Batch 700/3348, Loss: 0.1791
2025-10-09 22:11:49,893 [INFO] Época 4/30, Batch 750/3348, Loss: 0.1253
2025-10-09 22:11:50,161 [INFO] Época 4/30, Batch 800/3348, Loss: 0.1489
2025-10-09 22:11:50,425 [INFO] Época 4/30, Batch 850/3348, Loss: 0.1184
2025-10-09 22:11:50,687 [INFO] Época 4/30, Batch 900/3348, Loss: 0.1292
2025-10-09 22:11:50,942 [INFO] Época 4/30, Batch 950/3348, Loss: 0.1625
2025-10-09 22:11:51,199 [INFO] Época 4/30, Batch 1000/3348, Loss: 0.1378
2025-10-09 22:11:51,456 [INFO] Época 4/30, Batch 1050/3348, Loss: 0.1270
2025-10-09 22:11:51,714 [INFO] Época 4/30, Batch 1100/3348, Loss: 0.1523
2025-10-09 22:11:51,971 [INFO] Época 4/30, Batch 1150/3348, Loss: 0.1435
2025-10-09 22:11:52,226 [INFO] Época 4/30, Batch 1200/3348, Loss: 0.1222
2025-10-09 22:11:52,482 [INFO] Época 4/30, Batch 1250/3348, Loss: 0.1807
2025-10-09 22:11:52,743 [INFO] Época 4/30, Batch 1300/3348, Loss: 0.1981
2025-10-09 22:11:53,004 [INFO] Época 4/30, Batch 1350/3348, Loss: 0.1503
2025-10-09 22:11:53,267 [INFO] Época 4/30, Batch 1400/3348, Loss: 0.1604
2025-10-09 22:11:53,527 [INFO] Época 4/30, Batch 1450/3348, Loss: 0.2700
2025-10-09 22:11:53,787 [INFO] Época 4/30, Batch 1500/3348, Loss: 0.2421
2025-10-09 22:11:54,049 [INFO] Época 4/30, Batch 1550/3348, Loss: 0.1181
2025-10-09 22:11:54,311 [INFO] Época 4/30, Batch 1600/3348, Loss: 0.1589
2025-10-09 22:11:54,573 [INFO] Época 4/30, Batch 1650/3348, Loss: 0.1617
2025-10-09 22:11:54,836 [INFO] Época 4/30, Batch 1700/3348, Loss: 0.1344
2025-10-09 22:11:55,100 [INFO] Época 4/30, Batch 1750/3348, Loss: 0.1555
2025-10-09 22:11:55,362 [INFO] Época 4/30, Batch 1800/3348, Loss: 0.1325
2025-10-09 22:11:55,622 [INFO] Época 4/30, Batch 1850/3348, Loss: 0.1181
2025-10-09 22:11:55,886 [INFO] Época 4/30, Batch 1900/3348, Loss: 0.1418
2025-10-09 22:11:56,146 [INFO] Época 4/30, Batch 1950/3348, Loss: 0.1562
2025-10-09 22:11:56,406 [INFO] Época 4/30, Batch 2000/3348, Loss: 0.1550
2025-10-09 22:11:56,667 [INFO] Época 4/30, Batch 2050/3348, Loss: 0.1454
2025-10-09 22:11:56,929 [INFO] Época 4/30, Batch 2100/3348, Loss: 0.1188
2025-10-09 22:11:57,190 [INFO] Época 4/30, Batch 2150/3348, Loss: 0.1482
2025-10-09 22:11:57,449 [INFO] Época 4/30, Batch 2200/3348, Loss: 0.1803
2025-10-09 22:11:57,707 [INFO] Época 4/30, Batch 2250/3348, Loss: 0.1910
2025-10-09 22:11:57,971 [INFO] Época 4/30, Batch 2300/3348, Loss: 0.1369
2025-10-09 22:11:58,233 [INFO] Época 4/30, Batch 2350/3348, Loss: 0.1642
2025-10-09 22:11:58,495 [INFO] Época 4/30, Batch 2400/3348, Loss: 0.1453
2025-10-09 22:11:58,758 [INFO] Época 4/30, Batch 2450/3348, Loss: 0.1745
2025-10-09 22:11:59,020 [INFO] Época 4/30, Batch 2500/3348, Loss: 0.1508
2025-10-09 22:11:59,282 [INFO] Época 4/30, Batch 2550/3348, Loss: 0.1063
2025-10-09 22:11:59,544 [INFO] Época 4/30, Batch 2600/3348, Loss: 0.1765
2025-10-09 22:11:59,808 [INFO] Época 4/30, Batch 2650/3348, Loss: 0.0968
2025-10-09 22:12:00,074 [INFO] Época 4/30, Batch 2700/3348, Loss: 0.1671
2025-10-09 22:12:00,336 [INFO] Época 4/30, Batch 2750/3348, Loss: 0.1487
2025-10-09 22:12:00,597 [INFO] Época 4/30, Batch 2800/3348, Loss: 0.1603
2025-10-09 22:12:00,857 [INFO] Época 4/30, Batch 2850/3348, Loss: 0.1356
2025-10-09 22:12:01,118 [INFO] Época 4/30, Batch 2900/3348, Loss: 0.1288
2025-10-09 22:12:01,378 [INFO] Época 4/30, Batch 2950/3348, Loss: 0.0954
2025-10-09 22:12:01,641 [INFO] Época 4/30, Batch 3000/3348, Loss: 0.1440
2025-10-09 22:12:01,901 [INFO] Época 4/30, Batch 3050/3348, Loss: 0.1414
2025-10-09 22:12:02,161 [INFO] Época 4/30, Batch 3100/3348, Loss: 0.1626
2025-10-09 22:12:02,422 [INFO] Época 4/30, Batch 3150/3348, Loss: 0.1773
2025-10-09 22:12:02,682 [INFO] Época 4/30, Batch 3200/3348, Loss: 0.2144
2025-10-09 22:12:02,941 [INFO] Época 4/30, Batch 3250/3348, Loss: 0.1303
2025-10-09 22:12:03,199 [INFO] Época 4/30, Batch 3300/3348, Loss: 0.1292
2025-10-09 22:12:05,164 [INFO] [4/30] Train Loss: 0.1530 | Val Loss: 0.1556 | Tempo: 19.55s
2025-10-09 22:12:05,169 [INFO] Melhor modelo salvo em: /mnt/hdd/home/jdurao/ToolBox-ChemXAI/models/mlp_qm9_AtomPair_att4_large.pth
2025-10-09 22:12:05,788 [INFO] Época 5/30, Batch 50/3348, Loss: 0.1462
2025-10-09 22:12:06,069 [INFO] Época 5/30, Batch 100/3348, Loss: 0.1852
2025-10-09 22:12:06,349 [INFO] Época 5/30, Batch 150/3348, Loss: 0.1116
2025-10-09 22:12:06,621 [INFO] Época 5/30, Batch 200/3348, Loss: 0.1864
2025-10-09 22:12:06,892 [INFO] Época 5/30, Batch 250/3348, Loss: 0.1360
2025-10-09 22:12:07,161 [INFO] Época 5/30, Batch 300/3348, Loss: 0.1896
2025-10-09 22:12:07,431 [INFO] Época 5/30, Batch 350/3348, Loss: 0.2217
2025-10-09 22:12:07,702 [INFO] Época 5/30, Batch 400/3348, Loss: 0.1151
2025-10-09 22:12:07,977 [INFO] Época 5/30, Batch 450/3348, Loss: 0.1120
2025-10-09 22:12:08,255 [INFO] Época 5/30, Batch 500/3348, Loss: 0.1538
2025-10-09 22:12:08,527 [INFO] Época 5/30, Batch 550/3348, Loss: 0.1730
2025-10-09 22:12:08,795 [INFO] Época 5/30, Batch 600/3348, Loss: 0.1215
2025-10-09 22:12:09,065 [INFO] Época 5/30, Batch 650/3348, Loss: 0.1671
2025-10-09 22:12:09,335 [INFO] Época 5/30, Batch 700/3348, Loss: 0.0978
2025-10-09 22:12:09,603 [INFO] Época 5/30, Batch 750/3348, Loss: 0.1466
2025-10-09 22:12:09,871 [INFO] Época 5/30, Batch 800/3348, Loss: 0.1200
2025-10-09 22:12:10,141 [INFO] Época 5/30, Batch 850/3348, Loss: 0.1692
2025-10-09 22:12:10,411 [INFO] Época 5/30, Batch 900/3348, Loss: 0.1594
2025-10-09 22:12:10,676 [INFO] Época 5/30, Batch 950/3348, Loss: 0.1566
2025-10-09 22:12:10,937 [INFO] Época 5/30, Batch 1000/3348, Loss: 0.2130
2025-10-09 22:12:11,206 [INFO] Época 5/30, Batch 1050/3348, Loss: 0.1119
2025-10-09 22:12:11,474 [INFO] Época 5/30, Batch 1100/3348, Loss: 0.1074
2025-10-09 22:12:11,747 [INFO] Época 5/30, Batch 1150/3348, Loss: 0.1626
2025-10-09 22:12:12,013 [INFO] Época 5/30, Batch 1200/3348, Loss: 0.1928
2025-10-09 22:12:12,274 [INFO] Época 5/30, Batch 1250/3348, Loss: 0.1152
2025-10-09 22:12:12,535 [INFO] Época 5/30, Batch 1300/3348, Loss: 0.1137
2025-10-09 22:12:12,806 [INFO] Época 5/30, Batch 1350/3348, Loss: 0.1592
2025-10-09 22:12:13,075 [INFO] Época 5/30, Batch 1400/3348, Loss: 0.1594
2025-10-09 22:12:13,345 [INFO] Época 5/30, Batch 1450/3348, Loss: 0.1053
2025-10-09 22:12:13,615 [INFO] Época 5/30, Batch 1500/3348, Loss: 0.1394
2025-10-09 22:12:13,888 [INFO] Época 5/30, Batch 1550/3348, Loss: 0.1808
2025-10-09 22:12:14,156 [INFO] Época 5/30, Batch 1600/3348, Loss: 0.1400
2025-10-09 22:12:14,417 [INFO] Época 5/30, Batch 1650/3348, Loss: 0.1090
2025-10-09 22:12:14,677 [INFO] Época 5/30, Batch 1700/3348, Loss: 0.0985
2025-10-09 22:12:14,936 [INFO] Época 5/30, Batch 1750/3348, Loss: 0.1690
2025-10-09 22:12:15,198 [INFO] Época 5/30, Batch 1800/3348, Loss: 0.0779
2025-10-09 22:12:15,459 [INFO] Época 5/30, Batch 1850/3348, Loss: 0.1073
2025-10-09 22:12:15,720 [INFO] Época 5/30, Batch 1900/3348, Loss: 0.1251
2025-10-09 22:12:15,980 [INFO] Época 5/30, Batch 1950/3348, Loss: 0.1351
2025-10-09 22:12:16,240 [INFO] Época 5/30, Batch 2000/3348, Loss: 0.1672
2025-10-09 22:12:16,500 [INFO] Época 5/30, Batch 2050/3348, Loss: 0.1846
2025-10-09 22:12:16,763 [INFO] Época 5/30, Batch 2100/3348, Loss: 0.1300
2025-10-09 22:12:17,023 [INFO] Época 5/30, Batch 2150/3348, Loss: 0.1249
2025-10-09 22:12:17,291 [INFO] Época 5/30, Batch 2200/3348, Loss: 0.1060
2025-10-09 22:12:17,562 [INFO] Época 5/30, Batch 2250/3348, Loss: 0.1190
2025-10-09 22:12:17,832 [INFO] Época 5/30, Batch 2300/3348, Loss: 0.1219
2025-10-09 22:12:18,103 [INFO] Época 5/30, Batch 2350/3348, Loss: 0.1242
2025-10-09 22:12:18,364 [INFO] Época 5/30, Batch 2400/3348, Loss: 0.2081
2025-10-09 22:12:18,630 [INFO] Época 5/30, Batch 2450/3348, Loss: 0.1299
2025-10-09 22:12:18,893 [INFO] Época 5/30, Batch 2500/3348, Loss: 0.1126
2025-10-09 22:12:19,158 [INFO] Época 5/30, Batch 2550/3348, Loss: 0.1156
2025-10-09 22:12:19,421 [INFO] Época 5/30, Batch 2600/3348, Loss: 0.1568
2025-10-09 22:12:19,684 [INFO] Época 5/30, Batch 2650/3348, Loss: 0.1209
2025-10-09 22:12:19,947 [INFO] Época 5/30, Batch 2700/3348, Loss: 0.2134
2025-10-09 22:12:20,209 [INFO] Época 5/30, Batch 2750/3348, Loss: 0.1235
2025-10-09 22:12:20,472 [INFO] Época 5/30, Batch 2800/3348, Loss: 0.3006
2025-10-09 22:12:20,736 [INFO] Época 5/30, Batch 2850/3348, Loss: 0.1587
2025-10-09 22:12:20,998 [INFO] Época 5/30, Batch 2900/3348, Loss: 0.1376
2025-10-09 22:12:21,262 [INFO] Época 5/30, Batch 2950/3348, Loss: 0.1675
2025-10-09 22:12:21,525 [INFO] Época 5/30, Batch 3000/3348, Loss: 0.1085
2025-10-09 22:12:21,791 [INFO] Época 5/30, Batch 3050/3348, Loss: 0.1480
2025-10-09 22:12:22,052 [INFO] Época 5/30, Batch 3100/3348, Loss: 0.1184
2025-10-09 22:12:22,312 [INFO] Época 5/30, Batch 3150/3348, Loss: 0.1620
2025-10-09 22:12:22,583 [INFO] Época 5/30, Batch 3200/3348, Loss: 0.0992
2025-10-09 22:12:22,853 [INFO] Época 5/30, Batch 3250/3348, Loss: 0.1173
2025-10-09 22:12:23,122 [INFO] Época 5/30, Batch 3300/3348, Loss: 0.1581
2025-10-09 22:12:25,006 [INFO] [5/30] Train Loss: 0.1437 | Val Loss: 0.1591 | Tempo: 19.84s
2025-10-09 22:12:25,590 [INFO] Época 6/30, Batch 50/3348, Loss: 0.1049
2025-10-09 22:12:25,859 [INFO] Época 6/30, Batch 100/3348, Loss: 0.1471
2025-10-09 22:12:26,125 [INFO] Época 6/30, Batch 150/3348, Loss: 0.1435
2025-10-09 22:12:26,394 [INFO] Época 6/30, Batch 200/3348, Loss: 0.2509
2025-10-09 22:12:26,659 [INFO] Época 6/30, Batch 250/3348, Loss: 0.1006
2025-10-09 22:12:26,924 [INFO] Época 6/30, Batch 300/3348, Loss: 0.0935
2025-10-09 22:12:27,186 [INFO] Época 6/30, Batch 350/3348, Loss: 0.1398
2025-10-09 22:12:27,449 [INFO] Época 6/30, Batch 400/3348, Loss: 0.0995
2025-10-09 22:12:27,711 [INFO] Época 6/30, Batch 450/3348, Loss: 0.1274
2025-10-09 22:12:27,976 [INFO] Época 6/30, Batch 500/3348, Loss: 0.1655
2025-10-09 22:12:28,241 [INFO] Época 6/30, Batch 550/3348, Loss: 0.1647
2025-10-09 22:12:28,505 [INFO] Época 6/30, Batch 600/3348, Loss: 0.1354
2025-10-09 22:12:28,770 [INFO] Época 6/30, Batch 650/3348, Loss: 0.0843
2025-10-09 22:12:29,034 [INFO] Época 6/30, Batch 700/3348, Loss: 0.1393
2025-10-09 22:12:29,289 [INFO] Época 6/30, Batch 750/3348, Loss: 0.1444
2025-10-09 22:12:29,543 [INFO] Época 6/30, Batch 800/3348, Loss: 0.0993
2025-10-09 22:12:29,807 [INFO] Época 6/30, Batch 850/3348, Loss: 0.1868
2025-10-09 22:12:30,072 [INFO] Época 6/30, Batch 900/3348, Loss: 0.1346
2025-10-09 22:12:30,335 [INFO] Época 6/30, Batch 950/3348, Loss: 0.1327
2025-10-09 22:12:30,596 [INFO] Época 6/30, Batch 1000/3348, Loss: 0.1449
2025-10-09 22:12:30,860 [INFO] Época 6/30, Batch 1050/3348, Loss: 0.0875
2025-10-09 22:12:31,124 [INFO] Época 6/30, Batch 1100/3348, Loss: 0.1378
2025-10-09 22:12:31,389 [INFO] Época 6/30, Batch 1150/3348, Loss: 0.1377
2025-10-09 22:12:31,657 [INFO] Época 6/30, Batch 1200/3348, Loss: 0.1228
2025-10-09 22:12:31,921 [INFO] Época 6/30, Batch 1250/3348, Loss: 0.1223
2025-10-09 22:12:32,183 [INFO] Época 6/30, Batch 1300/3348, Loss: 0.1280
2025-10-09 22:12:32,445 [INFO] Época 6/30, Batch 1350/3348, Loss: 0.1563
2025-10-09 22:12:32,707 [INFO] Época 6/30, Batch 1400/3348, Loss: 0.1441
2025-10-09 22:12:32,970 [INFO] Época 6/30, Batch 1450/3348, Loss: 0.1721
2025-10-09 22:12:33,233 [INFO] Época 6/30, Batch 1500/3348, Loss: 0.1202
2025-10-09 22:12:33,499 [INFO] Época 6/30, Batch 1550/3348, Loss: 0.1547
2025-10-09 22:12:33,765 [INFO] Época 6/30, Batch 1600/3348, Loss: 0.1048
2025-10-09 22:12:34,030 [INFO] Época 6/30, Batch 1650/3348, Loss: 0.1747
2025-10-09 22:12:34,297 [INFO] Época 6/30, Batch 1700/3348, Loss: 0.1296
2025-10-09 22:12:34,561 [INFO] Época 6/30, Batch 1750/3348, Loss: 0.1775
2025-10-09 22:12:34,825 [INFO] Época 6/30, Batch 1800/3348, Loss: 0.1471
2025-10-09 22:12:35,091 [INFO] Época 6/30, Batch 1850/3348, Loss: 0.1105
2025-10-09 22:12:35,358 [INFO] Época 6/30, Batch 1900/3348, Loss: 0.1126
2025-10-09 22:12:35,625 [INFO] Época 6/30, Batch 1950/3348, Loss: 0.1383
2025-10-09 22:12:35,893 [INFO] Época 6/30, Batch 2000/3348, Loss: 0.1793
2025-10-09 22:12:36,160 [INFO] Época 6/30, Batch 2050/3348, Loss: 0.1398
2025-10-09 22:12:36,429 [INFO] Época 6/30, Batch 2100/3348, Loss: 0.1221
2025-10-09 22:12:36,694 [INFO] Época 6/30, Batch 2150/3348, Loss: 0.1409
2025-10-09 22:12:36,957 [INFO] Época 6/30, Batch 2200/3348, Loss: 0.1159
2025-10-09 22:12:37,222 [INFO] Época 6/30, Batch 2250/3348, Loss: 0.1108
2025-10-09 22:12:37,487 [INFO] Época 6/30, Batch 2300/3348, Loss: 0.1424
2025-10-09 22:12:37,756 [INFO] Época 6/30, Batch 2350/3348, Loss: 0.1147
2025-10-09 22:12:38,022 [INFO] Época 6/30, Batch 2400/3348, Loss: 0.1680
2025-10-09 22:12:38,289 [INFO] Época 6/30, Batch 2450/3348, Loss: 0.1277
2025-10-09 22:12:38,556 [INFO] Época 6/30, Batch 2500/3348, Loss: 0.1068
2025-10-09 22:12:38,822 [INFO] Época 6/30, Batch 2550/3348, Loss: 0.1588
2025-10-09 22:12:39,089 [INFO] Época 6/30, Batch 2600/3348, Loss: 0.1405
2025-10-09 22:12:39,354 [INFO] Época 6/30, Batch 2650/3348, Loss: 0.1270
2025-10-09 22:12:39,619 [INFO] Época 6/30, Batch 2700/3348, Loss: 0.1076
2025-10-09 22:12:39,888 [INFO] Época 6/30, Batch 2750/3348, Loss: 0.1565
2025-10-09 22:12:40,155 [INFO] Época 6/30, Batch 2800/3348, Loss: 0.1231
2025-10-09 22:12:40,420 [INFO] Época 6/30, Batch 2850/3348, Loss: 0.1279
2025-10-09 22:12:40,687 [INFO] Época 6/30, Batch 2900/3348, Loss: 0.0980
2025-10-09 22:12:40,953 [INFO] Época 6/30, Batch 2950/3348, Loss: 0.1360
2025-10-09 22:12:41,220 [INFO] Época 6/30, Batch 3000/3348, Loss: 0.1329
2025-10-09 22:12:41,485 [INFO] Época 6/30, Batch 3050/3348, Loss: 0.2053
2025-10-09 22:12:41,752 [INFO] Época 6/30, Batch 3100/3348, Loss: 0.1117
2025-10-09 22:12:42,017 [INFO] Época 6/30, Batch 3150/3348, Loss: 0.1897
2025-10-09 22:12:42,282 [INFO] Época 6/30, Batch 3200/3348, Loss: 0.1232
2025-10-09 22:12:42,547 [INFO] Época 6/30, Batch 3250/3348, Loss: 0.1457
2025-10-09 22:12:42,812 [INFO] Época 6/30, Batch 3300/3348, Loss: 0.1119
2025-10-09 22:12:44,757 [INFO] [6/30] Train Loss: 0.1368 | Val Loss: 0.1566 | Tempo: 19.75s
2025-10-09 22:12:45,377 [INFO] Época 7/30, Batch 50/3348, Loss: 0.1092
2025-10-09 22:12:45,653 [INFO] Época 7/30, Batch 100/3348, Loss: 0.1515
2025-10-09 22:12:45,929 [INFO] Época 7/30, Batch 150/3348, Loss: 0.0674
2025-10-09 22:12:46,203 [INFO] Época 7/30, Batch 200/3348, Loss: 0.1195
2025-10-09 22:12:46,476 [INFO] Época 7/30, Batch 250/3348, Loss: 0.1851
2025-10-09 22:12:46,748 [INFO] Época 7/30, Batch 300/3348, Loss: 0.1358
2025-10-09 22:12:47,019 [INFO] Época 7/30, Batch 350/3348, Loss: 0.1233
2025-10-09 22:12:47,291 [INFO] Época 7/30, Batch 400/3348, Loss: 0.0954
2025-10-09 22:12:47,563 [INFO] Época 7/30, Batch 450/3348, Loss: 0.1264
2025-10-09 22:12:47,835 [INFO] Época 7/30, Batch 500/3348, Loss: 0.1461
2025-10-09 22:12:48,105 [INFO] Época 7/30, Batch 550/3348, Loss: 0.1736
2025-10-09 22:12:48,376 [INFO] Época 7/30, Batch 600/3348, Loss: 0.0977
2025-10-09 22:12:48,647 [INFO] Época 7/30, Batch 650/3348, Loss: 0.1457
2025-10-09 22:12:48,917 [INFO] Época 7/30, Batch 700/3348, Loss: 0.1921
2025-10-09 22:12:49,189 [INFO] Época 7/30, Batch 750/3348, Loss: 0.0995
2025-10-09 22:12:49,456 [INFO] Época 7/30, Batch 800/3348, Loss: 0.1077
2025-10-09 22:12:49,719 [INFO] Época 7/30, Batch 850/3348, Loss: 0.1463
2025-10-09 22:12:49,981 [INFO] Época 7/30, Batch 900/3348, Loss: 0.1214
2025-10-09 22:12:50,242 [INFO] Época 7/30, Batch 950/3348, Loss: 0.1513
2025-10-09 22:12:50,504 [INFO] Época 7/30, Batch 1000/3348, Loss: 0.1240
2025-10-09 22:12:50,765 [INFO] Época 7/30, Batch 1050/3348, Loss: 0.1195
2025-10-09 22:12:51,025 [INFO] Época 7/30, Batch 1100/3348, Loss: 0.2002
2025-10-09 22:12:51,285 [INFO] Época 7/30, Batch 1150/3348, Loss: 0.0746
2025-10-09 22:12:51,547 [INFO] Época 7/30, Batch 1200/3348, Loss: 0.1483
2025-10-09 22:12:51,814 [INFO] Época 7/30, Batch 1250/3348, Loss: 0.1404
2025-10-09 22:12:52,084 [INFO] Época 7/30, Batch 1300/3348, Loss: 0.1464
2025-10-09 22:12:52,355 [INFO] Época 7/30, Batch 1350/3348, Loss: 0.1146
2025-10-09 22:12:52,625 [INFO] Época 7/30, Batch 1400/3348, Loss: 0.1227
2025-10-09 22:12:52,894 [INFO] Época 7/30, Batch 1450/3348, Loss: 0.1631
2025-10-09 22:12:53,165 [INFO] Época 7/30, Batch 1500/3348, Loss: 0.0952
2025-10-09 22:12:53,433 [INFO] Época 7/30, Batch 1550/3348, Loss: 0.1232
2025-10-09 22:12:53,694 [INFO] Época 7/30, Batch 1600/3348, Loss: 0.1037
2025-10-09 22:12:53,954 [INFO] Época 7/30, Batch 1650/3348, Loss: 0.1506
2025-10-09 22:12:54,212 [INFO] Época 7/30, Batch 1700/3348, Loss: 0.1907
2025-10-09 22:12:54,474 [INFO] Época 7/30, Batch 1750/3348, Loss: 0.0978
2025-10-09 22:12:54,735 [INFO] Época 7/30, Batch 1800/3348, Loss: 0.1462
2025-10-09 22:12:54,995 [INFO] Época 7/30, Batch 1850/3348, Loss: 0.1253
2025-10-09 22:12:55,256 [INFO] Época 7/30, Batch 1900/3348, Loss: 0.1300
2025-10-09 22:12:55,517 [INFO] Época 7/30, Batch 1950/3348, Loss: 0.1817
2025-10-09 22:12:55,780 [INFO] Época 7/30, Batch 2000/3348, Loss: 0.1167
2025-10-09 22:12:56,042 [INFO] Época 7/30, Batch 2050/3348, Loss: 0.1251
2025-10-09 22:12:56,304 [INFO] Época 7/30, Batch 2100/3348, Loss: 0.1228
2025-10-09 22:12:56,565 [INFO] Época 7/30, Batch 2150/3348, Loss: 0.1357
2025-10-09 22:12:56,826 [INFO] Época 7/30, Batch 2200/3348, Loss: 0.1522
2025-10-09 22:12:57,094 [INFO] Época 7/30, Batch 2250/3348, Loss: 0.1606
2025-10-09 22:12:57,363 [INFO] Época 7/30, Batch 2300/3348, Loss: 0.0930
2025-10-09 22:12:57,624 [INFO] Época 7/30, Batch 2350/3348, Loss: 0.2079
2025-10-09 22:12:57,890 [INFO] Época 7/30, Batch 2400/3348, Loss: 0.1531
2025-10-09 22:12:58,162 [INFO] Época 7/30, Batch 2450/3348, Loss: 0.1512
2025-10-09 22:12:58,433 [INFO] Época 7/30, Batch 2500/3348, Loss: 0.1757
2025-10-09 22:12:58,701 [INFO] Época 7/30, Batch 2550/3348, Loss: 0.1521
2025-10-09 22:12:58,965 [INFO] Época 7/30, Batch 2600/3348, Loss: 0.1118
2025-10-09 22:12:59,235 [INFO] Época 7/30, Batch 2650/3348, Loss: 0.1447
2025-10-09 22:12:59,502 [INFO] Época 7/30, Batch 2700/3348, Loss: 0.0927
2025-10-09 22:12:59,773 [INFO] Época 7/30, Batch 2750/3348, Loss: 0.1398
2025-10-09 22:13:00,043 [INFO] Época 7/30, Batch 2800/3348, Loss: 0.1054
2025-10-09 22:13:00,311 [INFO] Época 7/30, Batch 2850/3348, Loss: 0.1104
2025-10-09 22:13:00,580 [INFO] Época 7/30, Batch 2900/3348, Loss: 0.0948
2025-10-09 22:13:00,849 [INFO] Época 7/30, Batch 2950/3348, Loss: 0.1559
2025-10-09 22:13:01,119 [INFO] Época 7/30, Batch 3000/3348, Loss: 0.1795
2025-10-09 22:13:01,389 [INFO] Época 7/30, Batch 3050/3348, Loss: 0.1311
2025-10-09 22:13:01,658 [INFO] Época 7/30, Batch 3100/3348, Loss: 0.1736
2025-10-09 22:13:01,928 [INFO] Época 7/30, Batch 3150/3348, Loss: 0.1153
2025-10-09 22:13:02,197 [INFO] Época 7/30, Batch 3200/3348, Loss: 0.1423
2025-10-09 22:13:02,465 [INFO] Época 7/30, Batch 3250/3348, Loss: 0.1067
2025-10-09 22:13:02,734 [INFO] Época 7/30, Batch 3300/3348, Loss: 0.1372
2025-10-09 22:13:04,720 [INFO] [7/30] Train Loss: 0.1315 | Val Loss: 0.1645 | Tempo: 19.96s
2025-10-09 22:13:05,329 [INFO] Época 8/30, Batch 50/3348, Loss: 0.1242
2025-10-09 22:13:05,600 [INFO] Época 8/30, Batch 100/3348, Loss: 0.1087
2025-10-09 22:13:05,868 [INFO] Época 8/30, Batch 150/3348, Loss: 0.1077
2025-10-09 22:13:06,140 [INFO] Época 8/30, Batch 200/3348, Loss: 0.1284
2025-10-09 22:13:06,410 [INFO] Época 8/30, Batch 250/3348, Loss: 0.1218
2025-10-09 22:13:06,680 [INFO] Época 8/30, Batch 300/3348, Loss: 0.1146
2025-10-09 22:13:06,949 [INFO] Época 8/30, Batch 350/3348, Loss: 0.1042
2025-10-09 22:13:07,212 [INFO] Época 8/30, Batch 400/3348, Loss: 0.1111
2025-10-09 22:13:07,474 [INFO] Época 8/30, Batch 450/3348, Loss: 0.1451
2025-10-09 22:13:07,738 [INFO] Época 8/30, Batch 500/3348, Loss: 0.1421
2025-10-09 22:13:08,000 [INFO] Época 8/30, Batch 550/3348, Loss: 0.1484
2025-10-09 22:13:08,262 [INFO] Época 8/30, Batch 600/3348, Loss: 0.1017
2025-10-09 22:13:08,524 [INFO] Época 8/30, Batch 650/3348, Loss: 0.1225
2025-10-09 22:13:08,784 [INFO] Época 8/30, Batch 700/3348, Loss: 0.1442
2025-10-09 22:13:09,035 [INFO] Época 8/30, Batch 750/3348, Loss: 0.1295
2025-10-09 22:13:09,284 [INFO] Época 8/30, Batch 800/3348, Loss: 0.0997
2025-10-09 22:13:09,534 [INFO] Época 8/30, Batch 850/3348, Loss: 0.1542
2025-10-09 22:13:09,784 [INFO] Época 8/30, Batch 900/3348, Loss: 0.1239
2025-10-09 22:13:10,033 [INFO] Época 8/30, Batch 950/3348, Loss: 0.2075
2025-10-09 22:13:10,281 [INFO] Época 8/30, Batch 1000/3348, Loss: 0.1522
2025-10-09 22:13:10,531 [INFO] Época 8/30, Batch 1050/3348, Loss: 0.1245
2025-10-09 22:13:10,780 [INFO] Época 8/30, Batch 1100/3348, Loss: 0.1013
2025-10-09 22:13:11,039 [INFO] Época 8/30, Batch 1150/3348, Loss: 0.1575
2025-10-09 22:13:11,298 [INFO] Época 8/30, Batch 1200/3348, Loss: 0.1067
2025-10-09 22:13:11,556 [INFO] Época 8/30, Batch 1250/3348, Loss: 0.1125
2025-10-09 22:13:11,815 [INFO] Época 8/30, Batch 1300/3348, Loss: 0.1348
2025-10-09 22:13:12,073 [INFO] Época 8/30, Batch 1350/3348, Loss: 0.1808
2025-10-09 22:13:12,332 [INFO] Época 8/30, Batch 1400/3348, Loss: 0.1309
2025-10-09 22:13:12,593 [INFO] Época 8/30, Batch 1450/3348, Loss: 0.0976
2025-10-09 22:13:12,854 [INFO] Época 8/30, Batch 1500/3348, Loss: 0.1312
2025-10-09 22:13:13,115 [INFO] Época 8/30, Batch 1550/3348, Loss: 0.1693
2025-10-09 22:13:13,376 [INFO] Época 8/30, Batch 1600/3348, Loss: 0.1326
2025-10-09 22:13:13,637 [INFO] Época 8/30, Batch 1650/3348, Loss: 0.1113
2025-10-09 22:13:13,900 [INFO] Época 8/30, Batch 1700/3348, Loss: 0.1020
2025-10-09 22:13:14,161 [INFO] Época 8/30, Batch 1750/3348, Loss: 0.1455
2025-10-09 22:13:14,423 [INFO] Época 8/30, Batch 1800/3348, Loss: 0.1865
2025-10-09 22:13:14,683 [INFO] Época 8/30, Batch 1850/3348, Loss: 0.1120
2025-10-09 22:13:14,943 [INFO] Época 8/30, Batch 1900/3348, Loss: 0.1114
2025-10-09 22:13:15,208 [INFO] Época 8/30, Batch 1950/3348, Loss: 0.1614
2025-10-09 22:13:15,470 [INFO] Época 8/30, Batch 2000/3348, Loss: 0.1219
2025-10-09 22:13:15,734 [INFO] Época 8/30, Batch 2050/3348, Loss: 0.1104
2025-10-09 22:13:15,997 [INFO] Época 8/30, Batch 2100/3348, Loss: 0.0968
2025-10-09 22:13:16,257 [INFO] Época 8/30, Batch 2150/3348, Loss: 0.1625
2025-10-09 22:13:16,520 [INFO] Época 8/30, Batch 2200/3348, Loss: 0.1327
2025-10-09 22:13:16,783 [INFO] Época 8/30, Batch 2250/3348, Loss: 0.1327
2025-10-09 22:13:17,044 [INFO] Época 8/30, Batch 2300/3348, Loss: 0.1296
2025-10-09 22:13:17,304 [INFO] Época 8/30, Batch 2350/3348, Loss: 0.2073
2025-10-09 22:13:17,565 [INFO] Época 8/30, Batch 2400/3348, Loss: 0.1037
2025-10-09 22:13:17,826 [INFO] Época 8/30, Batch 2450/3348, Loss: 0.1409
2025-10-09 22:13:18,088 [INFO] Época 8/30, Batch 2500/3348, Loss: 0.2089
2025-10-09 22:13:18,351 [INFO] Época 8/30, Batch 2550/3348, Loss: 0.1387
2025-10-09 22:13:18,612 [INFO] Época 8/30, Batch 2600/3348, Loss: 0.0970
2025-10-09 22:13:18,874 [INFO] Época 8/30, Batch 2650/3348, Loss: 0.1120
2025-10-09 22:13:19,135 [INFO] Época 8/30, Batch 2700/3348, Loss: 0.0996
2025-10-09 22:13:19,395 [INFO] Época 8/30, Batch 2750/3348, Loss: 0.1278
2025-10-09 22:13:19,657 [INFO] Época 8/30, Batch 2800/3348, Loss: 0.1201
2025-10-09 22:13:19,918 [INFO] Época 8/30, Batch 2850/3348, Loss: 0.1664
2025-10-09 22:13:20,178 [INFO] Época 8/30, Batch 2900/3348, Loss: 0.1105
2025-10-09 22:13:20,438 [INFO] Época 8/30, Batch 2950/3348, Loss: 0.1091
2025-10-09 22:13:20,698 [INFO] Época 8/30, Batch 3000/3348, Loss: 0.1260
2025-10-09 22:13:20,959 [INFO] Época 8/30, Batch 3050/3348, Loss: 0.0786
2025-10-09 22:13:21,220 [INFO] Época 8/30, Batch 3100/3348, Loss: 0.1445
2025-10-09 22:13:21,480 [INFO] Época 8/30, Batch 3150/3348, Loss: 0.1143
2025-10-09 22:13:21,740 [INFO] Época 8/30, Batch 3200/3348, Loss: 0.1794
2025-10-09 22:13:22,000 [INFO] Época 8/30, Batch 3250/3348, Loss: 0.0826
2025-10-09 22:13:22,261 [INFO] Época 8/30, Batch 3300/3348, Loss: 0.0955
2025-10-09 22:13:24,194 [INFO] [8/30] Train Loss: 0.1268 | Val Loss: 0.1547 | Tempo: 19.47s
2025-10-09 22:13:24,199 [INFO] Melhor modelo salvo em: /mnt/hdd/home/jdurao/ToolBox-ChemXAI/models/mlp_qm9_AtomPair_att4_large.pth
2025-10-09 22:13:24,807 [INFO] Época 9/30, Batch 50/3348, Loss: 0.1456
2025-10-09 22:13:25,077 [INFO] Época 9/30, Batch 100/3348, Loss: 0.0923
2025-10-09 22:13:25,344 [INFO] Época 9/30, Batch 150/3348, Loss: 0.1562
2025-10-09 22:13:25,608 [INFO] Época 9/30, Batch 200/3348, Loss: 0.0954
2025-10-09 22:13:25,873 [INFO] Época 9/30, Batch 250/3348, Loss: 0.1280
2025-10-09 22:13:26,138 [INFO] Época 9/30, Batch 300/3348, Loss: 0.1454
2025-10-09 22:13:26,405 [INFO] Época 9/30, Batch 350/3348, Loss: 0.1318
2025-10-09 22:13:26,669 [INFO] Época 9/30, Batch 400/3348, Loss: 0.1409
2025-10-09 22:13:26,931 [INFO] Época 9/30, Batch 450/3348, Loss: 0.0948
2025-10-09 22:13:27,193 [INFO] Época 9/30, Batch 500/3348, Loss: 0.1764
2025-10-09 22:13:27,459 [INFO] Época 9/30, Batch 550/3348, Loss: 0.1411
2025-10-09 22:13:27,720 [INFO] Época 9/30, Batch 600/3348, Loss: 0.1502
2025-10-09 22:13:27,983 [INFO] Época 9/30, Batch 650/3348, Loss: 0.1269
2025-10-09 22:13:28,249 [INFO] Época 9/30, Batch 700/3348, Loss: 0.1122
2025-10-09 22:13:28,511 [INFO] Época 9/30, Batch 750/3348, Loss: 0.1041
2025-10-09 22:13:28,775 [INFO] Época 9/30, Batch 800/3348, Loss: 0.1071
2025-10-09 22:13:29,040 [INFO] Época 9/30, Batch 850/3348, Loss: 0.1008
2025-10-09 22:13:29,302 [INFO] Época 9/30, Batch 900/3348, Loss: 0.1095
2025-10-09 22:13:29,564 [INFO] Época 9/30, Batch 950/3348, Loss: 0.0989
2025-10-09 22:13:29,826 [INFO] Época 9/30, Batch 1000/3348, Loss: 0.1077
2025-10-09 22:13:30,091 [INFO] Época 9/30, Batch 1050/3348, Loss: 0.1403
2025-10-09 22:13:30,353 [INFO] Época 9/30, Batch 1100/3348, Loss: 0.1215
2025-10-09 22:13:30,614 [INFO] Época 9/30, Batch 1150/3348, Loss: 0.1523
2025-10-09 22:13:30,875 [INFO] Época 9/30, Batch 1200/3348, Loss: 0.1747
2025-10-09 22:13:31,135 [INFO] Época 9/30, Batch 1250/3348, Loss: 0.1211
2025-10-09 22:13:31,399 [INFO] Época 9/30, Batch 1300/3348, Loss: 0.1214
2025-10-09 22:13:31,662 [INFO] Época 9/30, Batch 1350/3348, Loss: 0.1845
2025-10-09 22:13:31,922 [INFO] Época 9/30, Batch 1400/3348, Loss: 0.1283
2025-10-09 22:13:32,184 [INFO] Época 9/30, Batch 1450/3348, Loss: 0.1351
2025-10-09 22:13:32,443 [INFO] Época 9/30, Batch 1500/3348, Loss: 0.1063
2025-10-09 22:13:32,710 [INFO] Época 9/30, Batch 1550/3348, Loss: 0.1515
2025-10-09 22:13:32,982 [INFO] Época 9/30, Batch 1600/3348, Loss: 0.1477
2025-10-09 22:13:33,253 [INFO] Época 9/30, Batch 1650/3348, Loss: 0.1403
2025-10-09 22:13:33,534 [INFO] Época 9/30, Batch 1700/3348, Loss: 0.1325
2025-10-09 22:13:33,807 [INFO] Época 9/30, Batch 1750/3348, Loss: 0.1272
2025-10-09 22:13:34,077 [INFO] Época 9/30, Batch 1800/3348, Loss: 0.1941
2025-10-09 22:13:34,350 [INFO] Época 9/30, Batch 1850/3348, Loss: 0.0899
2025-10-09 22:13:34,621 [INFO] Época 9/30, Batch 1900/3348, Loss: 0.1088
2025-10-09 22:13:34,893 [INFO] Época 9/30, Batch 1950/3348, Loss: 0.1510
2025-10-09 22:13:35,154 [INFO] Época 9/30, Batch 2000/3348, Loss: 0.1304
2025-10-09 22:13:35,414 [INFO] Época 9/30, Batch 2050/3348, Loss: 0.1470
2025-10-09 22:13:35,675 [INFO] Época 9/30, Batch 2100/3348, Loss: 0.1032
2025-10-09 22:13:35,937 [INFO] Época 9/30, Batch 2150/3348, Loss: 0.0941
2025-10-09 22:13:36,200 [INFO] Época 9/30, Batch 2200/3348, Loss: 0.0898
2025-10-09 22:13:36,472 [INFO] Época 9/30, Batch 2250/3348, Loss: 0.1262
2025-10-09 22:13:36,742 [INFO] Época 9/30, Batch 2300/3348, Loss: 0.1250
2025-10-09 22:13:37,014 [INFO] Época 9/30, Batch 2350/3348, Loss: 0.1107
2025-10-09 22:13:37,285 [INFO] Época 9/30, Batch 2400/3348, Loss: 0.1569
2025-10-09 22:13:37,555 [INFO] Época 9/30, Batch 2450/3348, Loss: 0.1032
2025-10-09 22:13:37,818 [INFO] Época 9/30, Batch 2500/3348, Loss: 0.1114
2025-10-09 22:13:38,079 [INFO] Época 9/30, Batch 2550/3348, Loss: 0.1102
2025-10-09 22:13:38,344 [INFO] Época 9/30, Batch 2600/3348, Loss: 0.1079
2025-10-09 22:13:38,607 [INFO] Época 9/30, Batch 2650/3348, Loss: 0.1136
2025-10-09 22:13:38,869 [INFO] Época 9/30, Batch 2700/3348, Loss: 0.0920
2025-10-09 22:13:39,131 [INFO] Época 9/30, Batch 2750/3348, Loss: 0.0926
2025-10-09 22:13:39,392 [INFO] Época 9/30, Batch 2800/3348, Loss: 0.1069
2025-10-09 22:13:39,655 [INFO] Época 9/30, Batch 2850/3348, Loss: 0.0982
2025-10-09 22:13:39,916 [INFO] Época 9/30, Batch 2900/3348, Loss: 0.1419
2025-10-09 22:13:40,180 [INFO] Época 9/30, Batch 2950/3348, Loss: 0.1197
2025-10-09 22:13:40,441 [INFO] Época 9/30, Batch 3000/3348, Loss: 0.1160
2025-10-09 22:13:40,703 [INFO] Época 9/30, Batch 3050/3348, Loss: 0.1380
2025-10-09 22:13:40,966 [INFO] Época 9/30, Batch 3100/3348, Loss: 0.1223
2025-10-09 22:13:41,228 [INFO] Época 9/30, Batch 3150/3348, Loss: 0.1897
2025-10-09 22:13:41,490 [INFO] Época 9/30, Batch 3200/3348, Loss: 0.1141
2025-10-09 22:13:41,751 [INFO] Época 9/30, Batch 3250/3348, Loss: 0.1396
2025-10-09 22:13:42,013 [INFO] Época 9/30, Batch 3300/3348, Loss: 0.1106
2025-10-09 22:13:43,806 [INFO] [9/30] Train Loss: 0.1231 | Val Loss: 0.1552 | Tempo: 19.61s
2025-10-09 22:13:44,417 [INFO] Época 10/30, Batch 50/3348, Loss: 0.1540
2025-10-09 22:13:44,693 [INFO] Época 10/30, Batch 100/3348, Loss: 0.1194
2025-10-09 22:13:44,961 [INFO] Época 10/30, Batch 150/3348, Loss: 0.1130
2025-10-09 22:13:45,226 [INFO] Época 10/30, Batch 200/3348, Loss: 0.1408
2025-10-09 22:13:45,491 [INFO] Época 10/30, Batch 250/3348, Loss: 0.1238
2025-10-09 22:13:45,755 [INFO] Época 10/30, Batch 300/3348, Loss: 0.0680
2025-10-09 22:13:46,019 [INFO] Época 10/30, Batch 350/3348, Loss: 0.0842
2025-10-09 22:13:46,282 [INFO] Época 10/30, Batch 400/3348, Loss: 0.1220
2025-10-09 22:13:46,543 [INFO] Época 10/30, Batch 450/3348, Loss: 0.1329
2025-10-09 22:13:46,806 [INFO] Época 10/30, Batch 500/3348, Loss: 0.1158
2025-10-09 22:13:47,068 [INFO] Época 10/30, Batch 550/3348, Loss: 0.1037
2025-10-09 22:13:47,330 [INFO] Época 10/30, Batch 600/3348, Loss: 0.1470
2025-10-09 22:13:47,591 [INFO] Época 10/30, Batch 650/3348, Loss: 0.1369
2025-10-09 22:13:47,852 [INFO] Época 10/30, Batch 700/3348, Loss: 0.0979
2025-10-09 22:13:48,113 [INFO] Época 10/30, Batch 750/3348, Loss: 0.1037
2025-10-09 22:13:48,375 [INFO] Época 10/30, Batch 800/3348, Loss: 0.1314
2025-10-09 22:13:48,637 [INFO] Época 10/30, Batch 850/3348, Loss: 0.1037
2025-10-09 22:13:48,897 [INFO] Época 10/30, Batch 900/3348, Loss: 0.1539
2025-10-09 22:13:49,159 [INFO] Época 10/30, Batch 950/3348, Loss: 0.1605
2025-10-09 22:13:49,421 [INFO] Época 10/30, Batch 1000/3348, Loss: 0.1046
2025-10-09 22:13:49,682 [INFO] Época 10/30, Batch 1050/3348, Loss: 0.1097
2025-10-09 22:13:49,943 [INFO] Época 10/30, Batch 1100/3348, Loss: 0.1224
2025-10-09 22:13:50,203 [INFO] Época 10/30, Batch 1150/3348, Loss: 0.0839
2025-10-09 22:13:50,462 [INFO] Época 10/30, Batch 1200/3348, Loss: 0.0804
2025-10-09 22:13:50,722 [INFO] Época 10/30, Batch 1250/3348, Loss: 0.1489
2025-10-09 22:13:50,982 [INFO] Época 10/30, Batch 1300/3348, Loss: 0.1293
2025-10-09 22:13:51,244 [INFO] Época 10/30, Batch 1350/3348, Loss: 0.1064
2025-10-09 22:13:51,505 [INFO] Época 10/30, Batch 1400/3348, Loss: 0.0965
2025-10-09 22:13:51,766 [INFO] Época 10/30, Batch 1450/3348, Loss: 0.1753
2025-10-09 22:13:52,026 [INFO] Época 10/30, Batch 1500/3348, Loss: 0.1137
2025-10-09 22:13:52,287 [INFO] Época 10/30, Batch 1550/3348, Loss: 0.1386
2025-10-09 22:13:52,549 [INFO] Época 10/30, Batch 1600/3348, Loss: 0.1252
2025-10-09 22:13:52,810 [INFO] Época 10/30, Batch 1650/3348, Loss: 0.1070
2025-10-09 22:13:53,072 [INFO] Época 10/30, Batch 1700/3348, Loss: 0.1315
2025-10-09 22:13:53,333 [INFO] Época 10/30, Batch 1750/3348, Loss: 0.1104
2025-10-09 22:13:53,594 [INFO] Época 10/30, Batch 1800/3348, Loss: 0.1286
2025-10-09 22:13:53,857 [INFO] Época 10/30, Batch 1850/3348, Loss: 0.1632
2025-10-09 22:13:54,118 [INFO] Época 10/30, Batch 1900/3348, Loss: 0.1230
2025-10-09 22:13:54,379 [INFO] Época 10/30, Batch 1950/3348, Loss: 0.1575
2025-10-09 22:13:54,642 [INFO] Época 10/30, Batch 2000/3348, Loss: 0.0920
2025-10-09 22:13:54,908 [INFO] Época 10/30, Batch 2050/3348, Loss: 0.1216
2025-10-09 22:13:55,170 [INFO] Época 10/30, Batch 2100/3348, Loss: 0.1215
2025-10-09 22:13:55,432 [INFO] Época 10/30, Batch 2150/3348, Loss: 0.1234
2025-10-09 22:13:55,694 [INFO] Época 10/30, Batch 2200/3348, Loss: 0.1492
2025-10-09 22:13:55,955 [INFO] Época 10/30, Batch 2250/3348, Loss: 0.1090
2025-10-09 22:13:56,214 [INFO] Época 10/30, Batch 2300/3348, Loss: 0.1628
2025-10-09 22:13:56,475 [INFO] Época 10/30, Batch 2350/3348, Loss: 0.1089
2025-10-09 22:13:56,738 [INFO] Época 10/30, Batch 2400/3348, Loss: 0.0952
2025-10-09 22:13:56,999 [INFO] Época 10/30, Batch 2450/3348, Loss: 0.1434
2025-10-09 22:13:57,259 [INFO] Época 10/30, Batch 2500/3348, Loss: 0.1101
2025-10-09 22:13:57,520 [INFO] Época 10/30, Batch 2550/3348, Loss: 0.1221
2025-10-09 22:13:57,781 [INFO] Época 10/30, Batch 2600/3348, Loss: 0.1052
2025-10-09 22:13:58,043 [INFO] Época 10/30, Batch 2650/3348, Loss: 0.1378
2025-10-09 22:13:58,305 [INFO] Época 10/30, Batch 2700/3348, Loss: 0.1192
2025-10-09 22:13:58,566 [INFO] Época 10/30, Batch 2750/3348, Loss: 0.0865
2025-10-09 22:13:58,828 [INFO] Época 10/30, Batch 2800/3348, Loss: 0.1152
2025-10-09 22:13:59,089 [INFO] Época 10/30, Batch 2850/3348, Loss: 0.1087
2025-10-09 22:13:59,350 [INFO] Época 10/30, Batch 2900/3348, Loss: 0.1483
2025-10-09 22:13:59,611 [INFO] Época 10/30, Batch 2950/3348, Loss: 0.0797
2025-10-09 22:13:59,872 [INFO] Época 10/30, Batch 3000/3348, Loss: 0.1259
2025-10-09 22:14:00,133 [INFO] Época 10/30, Batch 3050/3348, Loss: 0.1288
2025-10-09 22:14:00,394 [INFO] Época 10/30, Batch 3100/3348, Loss: 0.0827
2025-10-09 22:14:00,656 [INFO] Época 10/30, Batch 3150/3348, Loss: 0.0985
2025-10-09 22:14:00,918 [INFO] Época 10/30, Batch 3200/3348, Loss: 0.1626
2025-10-09 22:14:01,179 [INFO] Época 10/30, Batch 3250/3348, Loss: 0.0967
2025-10-09 22:14:01,438 [INFO] Época 10/30, Batch 3300/3348, Loss: 0.1373
2025-10-09 22:14:03,424 [INFO] [10/30] Train Loss: 0.1201 | Val Loss: 0.1551 | Tempo: 19.62s
2025-10-09 22:14:04,041 [INFO] Época 11/30, Batch 50/3348, Loss: 0.1556
2025-10-09 22:14:04,320 [INFO] Época 11/30, Batch 100/3348, Loss: 0.0945
2025-10-09 22:14:04,607 [INFO] Época 11/30, Batch 150/3348, Loss: 0.1089
2025-10-09 22:14:04,881 [INFO] Época 11/30, Batch 200/3348, Loss: 0.1065
2025-10-09 22:14:05,157 [INFO] Época 11/30, Batch 250/3348, Loss: 0.0992
2025-10-09 22:14:05,432 [INFO] Época 11/30, Batch 300/3348, Loss: 0.1361
2025-10-09 22:14:05,711 [INFO] Época 11/30, Batch 350/3348, Loss: 0.1052
2025-10-09 22:14:05,985 [INFO] Época 11/30, Batch 400/3348, Loss: 0.0992
2025-10-09 22:14:06,263 [INFO] Época 11/30, Batch 450/3348, Loss: 0.1255
2025-10-09 22:14:06,530 [INFO] Época 11/30, Batch 500/3348, Loss: 0.1261
2025-10-09 22:14:06,803 [INFO] Época 11/30, Batch 550/3348, Loss: 0.1294
2025-10-09 22:14:07,075 [INFO] Época 11/30, Batch 600/3348, Loss: 0.1159
2025-10-09 22:14:07,344 [INFO] Época 11/30, Batch 650/3348, Loss: 0.1408
2025-10-09 22:14:07,603 [INFO] Época 11/30, Batch 700/3348, Loss: 0.1394
2025-10-09 22:14:07,858 [INFO] Época 11/30, Batch 750/3348, Loss: 0.1140
2025-10-09 22:14:08,123 [INFO] Época 11/30, Batch 800/3348, Loss: 0.0914
2025-10-09 22:14:08,386 [INFO] Época 11/30, Batch 850/3348, Loss: 0.0827
2025-10-09 22:14:08,651 [INFO] Época 11/30, Batch 900/3348, Loss: 0.1265
2025-10-09 22:14:08,914 [INFO] Época 11/30, Batch 950/3348, Loss: 0.1116
2025-10-09 22:14:09,178 [INFO] Época 11/30, Batch 1000/3348, Loss: 0.1201
2025-10-09 22:14:09,443 [INFO] Época 11/30, Batch 1050/3348, Loss: 0.2110
2025-10-09 22:14:09,709 [INFO] Época 11/30, Batch 1100/3348, Loss: 0.1418
2025-10-09 22:14:09,974 [INFO] Época 11/30, Batch 1150/3348, Loss: 0.1037
2025-10-09 22:14:10,238 [INFO] Época 11/30, Batch 1200/3348, Loss: 0.0912
2025-10-09 22:14:10,500 [INFO] Época 11/30, Batch 1250/3348, Loss: 0.1177
2025-10-09 22:14:10,766 [INFO] Época 11/30, Batch 1300/3348, Loss: 0.1159
2025-10-09 22:14:11,033 [INFO] Época 11/30, Batch 1350/3348, Loss: 0.0870
2025-10-09 22:14:11,300 [INFO] Época 11/30, Batch 1400/3348, Loss: 0.1284
2025-10-09 22:14:11,567 [INFO] Época 11/30, Batch 1450/3348, Loss: 0.1087
2025-10-09 22:14:11,833 [INFO] Época 11/30, Batch 1500/3348, Loss: 0.1287
2025-10-09 22:14:12,099 [INFO] Época 11/30, Batch 1550/3348, Loss: 0.1172
2025-10-09 22:14:12,366 [INFO] Época 11/30, Batch 1600/3348, Loss: 0.1412
2025-10-09 22:14:12,632 [INFO] Época 11/30, Batch 1650/3348, Loss: 0.0914
2025-10-09 22:14:12,896 [INFO] Época 11/30, Batch 1700/3348, Loss: 0.1043
2025-10-09 22:14:13,158 [INFO] Época 11/30, Batch 1750/3348, Loss: 0.1188
2025-10-09 22:14:13,424 [INFO] Época 11/30, Batch 1800/3348, Loss: 0.0901
2025-10-09 22:14:13,688 [INFO] Época 11/30, Batch 1850/3348, Loss: 0.0976
2025-10-09 22:14:13,952 [INFO] Época 11/30, Batch 1900/3348, Loss: 0.1444
2025-10-09 22:14:14,216 [INFO] Época 11/30, Batch 1950/3348, Loss: 0.1427
2025-10-09 22:14:14,481 [INFO] Época 11/30, Batch 2000/3348, Loss: 0.1142
2025-10-09 22:14:14,756 [INFO] Época 11/30, Batch 2050/3348, Loss: 0.1129
2025-10-09 22:14:15,020 [INFO] Época 11/30, Batch 2100/3348, Loss: 0.1064
2025-10-09 22:14:15,284 [INFO] Época 11/30, Batch 2150/3348, Loss: 0.1479
2025-10-09 22:14:15,549 [INFO] Época 11/30, Batch 2200/3348, Loss: 0.1469
2025-10-09 22:14:15,812 [INFO] Época 11/30, Batch 2250/3348, Loss: 0.1268
2025-10-09 22:14:16,077 [INFO] Época 11/30, Batch 2300/3348, Loss: 0.0908
2025-10-09 22:14:16,342 [INFO] Época 11/30, Batch 2350/3348, Loss: 0.0845
2025-10-09 22:14:16,607 [INFO] Época 11/30, Batch 2400/3348, Loss: 0.0964
2025-10-09 22:14:16,871 [INFO] Época 11/30, Batch 2450/3348, Loss: 0.1591
2025-10-09 22:14:17,135 [INFO] Época 11/30, Batch 2500/3348, Loss: 0.1197
2025-10-09 22:14:17,400 [INFO] Época 11/30, Batch 2550/3348, Loss: 0.1565
2025-10-09 22:14:17,664 [INFO] Época 11/30, Batch 2600/3348, Loss: 0.0983
2025-10-09 22:14:17,928 [INFO] Época 11/30, Batch 2650/3348, Loss: 0.1291
2025-10-09 22:14:18,192 [INFO] Época 11/30, Batch 2700/3348, Loss: 0.1333
2025-10-09 22:14:18,454 [INFO] Época 11/30, Batch 2750/3348, Loss: 0.1673
2025-10-09 22:14:18,719 [INFO] Época 11/30, Batch 2800/3348, Loss: 0.1262
2025-10-09 22:14:18,987 [INFO] Época 11/30, Batch 2850/3348, Loss: 0.1266
2025-10-09 22:14:19,253 [INFO] Época 11/30, Batch 2900/3348, Loss: 0.1000
2025-10-09 22:14:19,519 [INFO] Época 11/30, Batch 2950/3348, Loss: 0.0878
2025-10-09 22:14:19,796 [INFO] Época 11/30, Batch 3000/3348, Loss: 0.1072
2025-10-09 22:14:20,062 [INFO] Época 11/30, Batch 3050/3348, Loss: 0.1136
2025-10-09 22:14:20,328 [INFO] Época 11/30, Batch 3100/3348, Loss: 0.0986
2025-10-09 22:14:20,594 [INFO] Época 11/30, Batch 3150/3348, Loss: 0.1058
2025-10-09 22:14:20,861 [INFO] Época 11/30, Batch 3200/3348, Loss: 0.1454
2025-10-09 22:14:21,127 [INFO] Época 11/30, Batch 3250/3348, Loss: 0.0902
2025-10-09 22:14:21,394 [INFO] Época 11/30, Batch 3300/3348, Loss: 0.1699
2025-10-09 22:14:23,346 [INFO] [11/30] Train Loss: 0.1167 | Val Loss: 0.1527 | Tempo: 19.92s
2025-10-09 22:14:23,351 [INFO] Melhor modelo salvo em: /mnt/hdd/home/jdurao/ToolBox-ChemXAI/models/mlp_qm9_AtomPair_att4_large.pth
2025-10-09 22:14:23,974 [INFO] Época 12/30, Batch 50/3348, Loss: 0.1063
2025-10-09 22:14:24,258 [INFO] Época 12/30, Batch 100/3348, Loss: 0.1064
2025-10-09 22:14:24,542 [INFO] Época 12/30, Batch 150/3348, Loss: 0.0897
2025-10-09 22:14:24,835 [INFO] Época 12/30, Batch 200/3348, Loss: 0.1023
2025-10-09 22:14:25,111 [INFO] Época 12/30, Batch 250/3348, Loss: 0.1344
2025-10-09 22:14:25,377 [INFO] Época 12/30, Batch 300/3348, Loss: 0.0971
2025-10-09 22:14:25,642 [INFO] Época 12/30, Batch 350/3348, Loss: 0.1004
2025-10-09 22:14:25,914 [INFO] Época 12/30, Batch 400/3348, Loss: 0.1028
2025-10-09 22:14:26,187 [INFO] Época 12/30, Batch 450/3348, Loss: 0.1119
2025-10-09 22:14:26,454 [INFO] Época 12/30, Batch 500/3348, Loss: 0.0872
2025-10-09 22:14:26,722 [INFO] Época 12/30, Batch 550/3348, Loss: 0.1208
2025-10-09 22:14:26,993 [INFO] Época 12/30, Batch 600/3348, Loss: 0.1209
2025-10-09 22:14:27,263 [INFO] Época 12/30, Batch 650/3348, Loss: 0.1153
2025-10-09 22:14:27,532 [INFO] Época 12/30, Batch 700/3348, Loss: 0.1301
2025-10-09 22:14:27,796 [INFO] Época 12/30, Batch 750/3348, Loss: 0.1814
2025-10-09 22:14:28,065 [INFO] Época 12/30, Batch 800/3348, Loss: 0.1146
2025-10-09 22:14:28,336 [INFO] Época 12/30, Batch 850/3348, Loss: 0.1082
2025-10-09 22:14:28,605 [INFO] Época 12/30, Batch 900/3348, Loss: 0.1016
2025-10-09 22:14:28,868 [INFO] Época 12/30, Batch 950/3348, Loss: 0.1374
2025-10-09 22:14:29,129 [INFO] Época 12/30, Batch 1000/3348, Loss: 0.1222
2025-10-09 22:14:29,391 [INFO] Época 12/30, Batch 1050/3348, Loss: 0.1485
2025-10-09 22:14:29,654 [INFO] Época 12/30, Batch 1100/3348, Loss: 0.1151
2025-10-09 22:14:29,926 [INFO] Época 12/30, Batch 1150/3348, Loss: 0.0849
2025-10-09 22:14:30,190 [INFO] Época 12/30, Batch 1200/3348, Loss: 0.0870
2025-10-09 22:14:30,450 [INFO] Época 12/30, Batch 1250/3348, Loss: 0.1089
2025-10-09 22:14:30,712 [INFO] Época 12/30, Batch 1300/3348, Loss: 0.1128
2025-10-09 22:14:30,972 [INFO] Época 12/30, Batch 1350/3348, Loss: 0.1262
2025-10-09 22:14:31,233 [INFO] Época 12/30, Batch 1400/3348, Loss: 0.1377
2025-10-09 22:14:31,494 [INFO] Época 12/30, Batch 1450/3348, Loss: 0.1031
2025-10-09 22:14:31,756 [INFO] Época 12/30, Batch 1500/3348, Loss: 0.0892
2025-10-09 22:14:32,016 [INFO] Época 12/30, Batch 1550/3348, Loss: 0.0932
2025-10-09 22:14:32,276 [INFO] Época 12/30, Batch 1600/3348, Loss: 0.1176
2025-10-09 22:14:32,536 [INFO] Época 12/30, Batch 1650/3348, Loss: 0.1366
2025-10-09 22:14:32,798 [INFO] Época 12/30, Batch 1700/3348, Loss: 0.1303
2025-10-09 22:14:33,059 [INFO] Época 12/30, Batch 1750/3348, Loss: 0.1102
2025-10-09 22:14:33,320 [INFO] Época 12/30, Batch 1800/3348, Loss: 0.1285
2025-10-09 22:14:33,582 [INFO] Época 12/30, Batch 1850/3348, Loss: 0.1333
2025-10-09 22:14:33,854 [INFO] Época 12/30, Batch 1900/3348, Loss: 0.0830
2025-10-09 22:14:34,126 [INFO] Época 12/30, Batch 1950/3348, Loss: 0.1265
2025-10-09 22:14:34,396 [INFO] Época 12/30, Batch 2000/3348, Loss: 0.0958
2025-10-09 22:14:34,669 [INFO] Época 12/30, Batch 2050/3348, Loss: 0.1167
2025-10-09 22:14:34,951 [INFO] Época 12/30, Batch 2100/3348, Loss: 0.1077
2025-10-09 22:14:35,223 [INFO] Época 12/30, Batch 2150/3348, Loss: 0.1413
2025-10-09 22:14:35,496 [INFO] Época 12/30, Batch 2200/3348, Loss: 0.1334
2025-10-09 22:14:35,767 [INFO] Época 12/30, Batch 2250/3348, Loss: 0.1141
2025-10-09 22:14:36,038 [INFO] Época 12/30, Batch 2300/3348, Loss: 0.1379
2025-10-09 22:14:36,310 [INFO] Época 12/30, Batch 2350/3348, Loss: 0.1069
2025-10-09 22:14:36,580 [INFO] Época 12/30, Batch 2400/3348, Loss: 0.1426
2025-10-09 22:14:36,851 [INFO] Época 12/30, Batch 2450/3348, Loss: 0.1244
2025-10-09 22:14:37,122 [INFO] Época 12/30, Batch 2500/3348, Loss: 0.1248
2025-10-09 22:14:37,387 [INFO] Época 12/30, Batch 2550/3348, Loss: 0.0965
2025-10-09 22:14:37,647 [INFO] Época 12/30, Batch 2600/3348, Loss: 0.1113
2025-10-09 22:14:37,908 [INFO] Época 12/30, Batch 2650/3348, Loss: 0.1039
2025-10-09 22:14:38,169 [INFO] Época 12/30, Batch 2700/3348, Loss: 0.0946
2025-10-09 22:14:38,431 [INFO] Época 12/30, Batch 2750/3348, Loss: 0.0982
2025-10-09 22:14:38,693 [INFO] Época 12/30, Batch 2800/3348, Loss: 0.1201
2025-10-09 22:14:38,954 [INFO] Época 12/30, Batch 2850/3348, Loss: 0.1087
2025-10-09 22:14:39,214 [INFO] Época 12/30, Batch 2900/3348, Loss: 0.1603
2025-10-09 22:14:39,477 [INFO] Época 12/30, Batch 2950/3348, Loss: 0.1634
2025-10-09 22:14:39,739 [INFO] Época 12/30, Batch 3000/3348, Loss: 0.1470
2025-10-09 22:14:40,014 [INFO] Época 12/30, Batch 3050/3348, Loss: 0.1045
2025-10-09 22:14:40,276 [INFO] Época 12/30, Batch 3100/3348, Loss: 0.0960
2025-10-09 22:14:40,537 [INFO] Época 12/30, Batch 3150/3348, Loss: 0.1109
2025-10-09 22:14:40,800 [INFO] Época 12/30, Batch 3200/3348, Loss: 0.1737
2025-10-09 22:14:41,062 [INFO] Época 12/30, Batch 3250/3348, Loss: 0.1181
2025-10-09 22:14:41,323 [INFO] Época 12/30, Batch 3300/3348, Loss: 0.0830
2025-10-09 22:14:43,105 [INFO] [12/30] Train Loss: 0.1139 | Val Loss: 0.1520 | Tempo: 19.75s
2025-10-09 22:14:43,110 [INFO] Melhor modelo salvo em: /mnt/hdd/home/jdurao/ToolBox-ChemXAI/models/mlp_qm9_AtomPair_att4_large.pth
2025-10-09 22:14:43,710 [INFO] Época 13/30, Batch 50/3348, Loss: 0.0860
2025-10-09 22:14:43,979 [INFO] Época 13/30, Batch 100/3348, Loss: 0.1277
2025-10-09 22:14:44,243 [INFO] Época 13/30, Batch 150/3348, Loss: 0.0922
2025-10-09 22:14:44,507 [INFO] Época 13/30, Batch 200/3348, Loss: 0.0977
2025-10-09 22:14:44,771 [INFO] Época 13/30, Batch 250/3348, Loss: 0.1130
2025-10-09 22:14:45,046 [INFO] Época 13/30, Batch 300/3348, Loss: 0.0776
2025-10-09 22:14:45,307 [INFO] Época 13/30, Batch 350/3348, Loss: 0.1574
2025-10-09 22:14:45,569 [INFO] Época 13/30, Batch 400/3348, Loss: 0.1026
2025-10-09 22:14:45,832 [INFO] Época 13/30, Batch 450/3348, Loss: 0.1069
2025-10-09 22:14:46,094 [INFO] Época 13/30, Batch 500/3348, Loss: 0.1166
2025-10-09 22:14:46,356 [INFO] Época 13/30, Batch 550/3348, Loss: 0.1277
2025-10-09 22:14:46,616 [INFO] Época 13/30, Batch 600/3348, Loss: 0.0793
2025-10-09 22:14:46,880 [INFO] Época 13/30, Batch 650/3348, Loss: 0.1328
2025-10-09 22:14:47,143 [INFO] Época 13/30, Batch 700/3348, Loss: 0.1298
2025-10-09 22:14:47,408 [INFO] Época 13/30, Batch 750/3348, Loss: 0.1639
2025-10-09 22:14:47,674 [INFO] Época 13/30, Batch 800/3348, Loss: 0.0797
2025-10-09 22:14:47,940 [INFO] Época 13/30, Batch 850/3348, Loss: 0.1132
2025-10-09 22:14:48,193 [INFO] Época 13/30, Batch 900/3348, Loss: 0.1522
2025-10-09 22:14:48,446 [INFO] Época 13/30, Batch 950/3348, Loss: 0.0917
2025-10-09 22:14:48,699 [INFO] Época 13/30, Batch 1000/3348, Loss: 0.1050
2025-10-09 22:14:48,949 [INFO] Época 13/30, Batch 1050/3348, Loss: 0.1674
2025-10-09 22:14:49,197 [INFO] Época 13/30, Batch 1100/3348, Loss: 0.0890
2025-10-09 22:14:49,450 [INFO] Época 13/30, Batch 1150/3348, Loss: 0.1142
2025-10-09 22:14:49,705 [INFO] Época 13/30, Batch 1200/3348, Loss: 0.0939
2025-10-09 22:14:49,960 [INFO] Época 13/30, Batch 1250/3348, Loss: 0.0967
2025-10-09 22:14:50,218 [INFO] Época 13/30, Batch 1300/3348, Loss: 0.1165
2025-10-09 22:14:50,480 [INFO] Época 13/30, Batch 1350/3348, Loss: 0.0823
2025-10-09 22:14:50,741 [INFO] Época 13/30, Batch 1400/3348, Loss: 0.1102
2025-10-09 22:14:51,002 [INFO] Época 13/30, Batch 1450/3348, Loss: 0.0808
2025-10-09 22:14:51,265 [INFO] Época 13/30, Batch 1500/3348, Loss: 0.1183
2025-10-09 22:14:51,528 [INFO] Época 13/30, Batch 1550/3348, Loss: 0.1114
2025-10-09 22:14:51,789 [INFO] Época 13/30, Batch 1600/3348, Loss: 0.1343
2025-10-09 22:14:52,050 [INFO] Época 13/30, Batch 1650/3348, Loss: 0.0938
2025-10-09 22:14:52,315 [INFO] Época 13/30, Batch 1700/3348, Loss: 0.0810
2025-10-09 22:14:52,576 [INFO] Época 13/30, Batch 1750/3348, Loss: 0.1345
2025-10-09 22:14:52,838 [INFO] Época 13/30, Batch 1800/3348, Loss: 0.0917
2025-10-09 22:14:53,098 [INFO] Época 13/30, Batch 1850/3348, Loss: 0.1203
2025-10-09 22:14:53,356 [INFO] Época 13/30, Batch 1900/3348, Loss: 0.1184
2025-10-09 22:14:53,613 [INFO] Época 13/30, Batch 1950/3348, Loss: 0.1032
2025-10-09 22:14:53,870 [INFO] Época 13/30, Batch 2000/3348, Loss: 0.1072
2025-10-09 22:14:54,130 [INFO] Época 13/30, Batch 2050/3348, Loss: 0.1145
2025-10-09 22:14:54,394 [INFO] Época 13/30, Batch 2100/3348, Loss: 0.1170
2025-10-09 22:14:54,657 [INFO] Época 13/30, Batch 2150/3348, Loss: 0.1239
2025-10-09 22:14:54,914 [INFO] Época 13/30, Batch 2200/3348, Loss: 0.1030
2025-10-09 22:14:55,176 [INFO] Época 13/30, Batch 2250/3348, Loss: 0.0956
2025-10-09 22:14:55,435 [INFO] Época 13/30, Batch 2300/3348, Loss: 0.1345
2025-10-09 22:14:55,696 [INFO] Época 13/30, Batch 2350/3348, Loss: 0.1219
2025-10-09 22:14:55,952 [INFO] Época 13/30, Batch 2400/3348, Loss: 0.1323
2025-10-09 22:14:56,208 [INFO] Época 13/30, Batch 2450/3348, Loss: 0.1013
2025-10-09 22:14:56,466 [INFO] Época 13/30, Batch 2500/3348, Loss: 0.1097
2025-10-09 22:14:56,722 [INFO] Época 13/30, Batch 2550/3348, Loss: 0.0797
2025-10-09 22:14:56,977 [INFO] Época 13/30, Batch 2600/3348, Loss: 0.0796
2025-10-09 22:14:57,234 [INFO] Época 13/30, Batch 2650/3348, Loss: 0.1352
2025-10-09 22:14:57,489 [INFO] Época 13/30, Batch 2700/3348, Loss: 0.1142
2025-10-09 22:14:57,749 [INFO] Época 13/30, Batch 2750/3348, Loss: 0.1376
2025-10-09 22:14:58,007 [INFO] Época 13/30, Batch 2800/3348, Loss: 0.1121
2025-10-09 22:14:58,265 [INFO] Época 13/30, Batch 2850/3348, Loss: 0.1237
2025-10-09 22:14:58,521 [INFO] Época 13/30, Batch 2900/3348, Loss: 0.1641
2025-10-09 22:14:58,779 [INFO] Época 13/30, Batch 2950/3348, Loss: 0.1022
2025-10-09 22:14:59,037 [INFO] Época 13/30, Batch 3000/3348, Loss: 0.1204
2025-10-09 22:14:59,295 [INFO] Época 13/30, Batch 3050/3348, Loss: 0.1175
2025-10-09 22:14:59,553 [INFO] Época 13/30, Batch 3100/3348, Loss: 0.1624
2025-10-09 22:14:59,810 [INFO] Época 13/30, Batch 3150/3348, Loss: 0.1179
2025-10-09 22:15:00,067 [INFO] Época 13/30, Batch 3200/3348, Loss: 0.1039
2025-10-09 22:15:00,324 [INFO] Época 13/30, Batch 3250/3348, Loss: 0.1324
2025-10-09 22:15:00,593 [INFO] Época 13/30, Batch 3300/3348, Loss: 0.1180
2025-10-09 22:15:02,521 [INFO] [13/30] Train Loss: 0.1118 | Val Loss: 0.1538 | Tempo: 19.41s
2025-10-09 22:15:03,123 [INFO] Época 14/30, Batch 50/3348, Loss: 0.1069
2025-10-09 22:15:03,388 [INFO] Época 14/30, Batch 100/3348, Loss: 0.1083
2025-10-09 22:15:03,649 [INFO] Época 14/30, Batch 150/3348, Loss: 0.0736
2025-10-09 22:15:03,908 [INFO] Época 14/30, Batch 200/3348, Loss: 0.1319
2025-10-09 22:15:04,165 [INFO] Época 14/30, Batch 250/3348, Loss: 0.0739
2025-10-09 22:15:04,422 [INFO] Época 14/30, Batch 300/3348, Loss: 0.0861
2025-10-09 22:15:04,675 [INFO] Época 14/30, Batch 350/3348, Loss: 0.0856
2025-10-09 22:15:04,928 [INFO] Época 14/30, Batch 400/3348, Loss: 0.1040
2025-10-09 22:15:05,183 [INFO] Época 14/30, Batch 450/3348, Loss: 0.1070
2025-10-09 22:15:05,437 [INFO] Época 14/30, Batch 500/3348, Loss: 0.0911
2025-10-09 22:15:05,692 [INFO] Época 14/30, Batch 550/3348, Loss: 0.1053
2025-10-09 22:15:05,950 [INFO] Época 14/30, Batch 600/3348, Loss: 0.0893
2025-10-09 22:15:06,208 [INFO] Época 14/30, Batch 650/3348, Loss: 0.1184
2025-10-09 22:15:06,460 [INFO] Época 14/30, Batch 700/3348, Loss: 0.1136
2025-10-09 22:15:06,710 [INFO] Época 14/30, Batch 750/3348, Loss: 0.1360
2025-10-09 22:15:06,956 [INFO] Época 14/30, Batch 800/3348, Loss: 0.1633
2025-10-09 22:15:07,214 [INFO] Época 14/30, Batch 850/3348, Loss: 0.1354
2025-10-09 22:15:07,469 [INFO] Época 14/30, Batch 900/3348, Loss: 0.1170
2025-10-09 22:15:07,727 [INFO] Época 14/30, Batch 950/3348, Loss: 0.1009
2025-10-09 22:15:07,982 [INFO] Época 14/30, Batch 1000/3348, Loss: 0.1056
2025-10-09 22:15:08,240 [INFO] Época 14/30, Batch 1050/3348, Loss: 0.0995
2025-10-09 22:15:08,493 [INFO] Época 14/30, Batch 1100/3348, Loss: 0.0996
2025-10-09 22:15:08,752 [INFO] Época 14/30, Batch 1150/3348, Loss: 0.1245
2025-10-09 22:15:09,012 [INFO] Época 14/30, Batch 1200/3348, Loss: 0.0983
2025-10-09 22:15:09,290 [INFO] Época 14/30, Batch 1250/3348, Loss: 0.1047
2025-10-09 22:15:09,563 [INFO] Época 14/30, Batch 1300/3348, Loss: 0.1048
2025-10-09 22:15:09,827 [INFO] Época 14/30, Batch 1350/3348, Loss: 0.1236
2025-10-09 22:15:10,083 [INFO] Época 14/30, Batch 1400/3348, Loss: 0.0933
2025-10-09 22:15:10,335 [INFO] Época 14/30, Batch 1450/3348, Loss: 0.1302
2025-10-09 22:15:10,590 [INFO] Época 14/30, Batch 1500/3348, Loss: 0.1071
2025-10-09 22:15:10,846 [INFO] Época 14/30, Batch 1550/3348, Loss: 0.1040
2025-10-09 22:15:11,101 [INFO] Época 14/30, Batch 1600/3348, Loss: 0.1155
2025-10-09 22:15:11,356 [INFO] Época 14/30, Batch 1650/3348, Loss: 0.0767
2025-10-09 22:15:11,609 [INFO] Época 14/30, Batch 1700/3348, Loss: 0.0797
2025-10-09 22:15:11,869 [INFO] Época 14/30, Batch 1750/3348, Loss: 0.1053
2025-10-09 22:15:12,124 [INFO] Época 14/30, Batch 1800/3348, Loss: 0.1072
2025-10-09 22:15:12,377 [INFO] Época 14/30, Batch 1850/3348, Loss: 0.0742
2025-10-09 22:15:12,631 [INFO] Época 14/30, Batch 1900/3348, Loss: 0.0999
2025-10-09 22:15:12,883 [INFO] Época 14/30, Batch 1950/3348, Loss: 0.0954
2025-10-09 22:15:13,137 [INFO] Época 14/30, Batch 2000/3348, Loss: 0.1380
2025-10-09 22:15:13,391 [INFO] Época 14/30, Batch 2050/3348, Loss: 0.0950
2025-10-09 22:15:13,648 [INFO] Época 14/30, Batch 2100/3348, Loss: 0.0898
2025-10-09 22:15:13,927 [INFO] Época 14/30, Batch 2150/3348, Loss: 0.1208
2025-10-09 22:15:14,204 [INFO] Época 14/30, Batch 2200/3348, Loss: 0.0758
2025-10-09 22:15:14,484 [INFO] Época 14/30, Batch 2250/3348, Loss: 0.1271
2025-10-09 22:15:14,761 [INFO] Época 14/30, Batch 2300/3348, Loss: 0.1639
2025-10-09 22:15:15,038 [INFO] Época 14/30, Batch 2350/3348, Loss: 0.0770
2025-10-09 22:15:15,298 [INFO] Época 14/30, Batch 2400/3348, Loss: 0.1027
2025-10-09 22:15:15,552 [INFO] Época 14/30, Batch 2450/3348, Loss: 0.1162
2025-10-09 22:15:15,808 [INFO] Época 14/30, Batch 2500/3348, Loss: 0.1019
2025-10-09 22:15:16,075 [INFO] Época 14/30, Batch 2550/3348, Loss: 0.1130
2025-10-09 22:15:16,328 [INFO] Época 14/30, Batch 2600/3348, Loss: 0.1344
2025-10-09 22:15:16,584 [INFO] Época 14/30, Batch 2650/3348, Loss: 0.1098
2025-10-09 22:15:16,840 [INFO] Época 14/30, Batch 2700/3348, Loss: 0.1257
2025-10-09 22:15:17,099 [INFO] Época 14/30, Batch 2750/3348, Loss: 0.1268
2025-10-09 22:15:17,355 [INFO] Época 14/30, Batch 2800/3348, Loss: 0.1052
2025-10-09 22:15:17,609 [INFO] Época 14/30, Batch 2850/3348, Loss: 0.1010
2025-10-09 22:15:17,863 [INFO] Época 14/30, Batch 2900/3348, Loss: 0.0988
2025-10-09 22:15:18,117 [INFO] Época 14/30, Batch 2950/3348, Loss: 0.1152
2025-10-09 22:15:18,371 [INFO] Época 14/30, Batch 3000/3348, Loss: 0.1178
2025-10-09 22:15:18,625 [INFO] Época 14/30, Batch 3050/3348, Loss: 0.1050
2025-10-09 22:15:18,881 [INFO] Época 14/30, Batch 3100/3348, Loss: 0.1359
2025-10-09 22:15:19,138 [INFO] Época 14/30, Batch 3150/3348, Loss: 0.0778
2025-10-09 22:15:19,394 [INFO] Época 14/30, Batch 3200/3348, Loss: 0.0976
2025-10-09 22:15:19,652 [INFO] Época 14/30, Batch 3250/3348, Loss: 0.0980
2025-10-09 22:15:19,910 [INFO] Época 14/30, Batch 3300/3348, Loss: 0.0946
2025-10-09 22:15:21,829 [INFO] [14/30] Train Loss: 0.1096 | Val Loss: 0.1479 | Tempo: 19.31s
2025-10-09 22:15:21,835 [INFO] Melhor modelo salvo em: /mnt/hdd/home/jdurao/ToolBox-ChemXAI/models/mlp_qm9_AtomPair_att4_large.pth
2025-10-09 22:15:22,437 [INFO] Época 15/30, Batch 50/3348, Loss: 0.0929
2025-10-09 22:15:22,708 [INFO] Época 15/30, Batch 100/3348, Loss: 0.1083
2025-10-09 22:15:22,977 [INFO] Época 15/30, Batch 150/3348, Loss: 0.1462
2025-10-09 22:15:23,245 [INFO] Época 15/30, Batch 200/3348, Loss: 0.1117
2025-10-09 22:15:23,513 [INFO] Época 15/30, Batch 250/3348, Loss: 0.1031
2025-10-09 22:15:23,781 [INFO] Época 15/30, Batch 300/3348, Loss: 0.0951
2025-10-09 22:15:24,047 [INFO] Época 15/30, Batch 350/3348, Loss: 0.0836
2025-10-09 22:15:24,312 [INFO] Época 15/30, Batch 400/3348, Loss: 0.0837
2025-10-09 22:15:24,575 [INFO] Época 15/30, Batch 450/3348, Loss: 0.0965
2025-10-09 22:15:24,841 [INFO] Época 15/30, Batch 500/3348, Loss: 0.1155
2025-10-09 22:15:25,107 [INFO] Época 15/30, Batch 550/3348, Loss: 0.1017
2025-10-09 22:15:25,373 [INFO] Época 15/30, Batch 600/3348, Loss: 0.0990
2025-10-09 22:15:25,637 [INFO] Época 15/30, Batch 650/3348, Loss: 0.1158
2025-10-09 22:15:25,892 [INFO] Época 15/30, Batch 700/3348, Loss: 0.0966
2025-10-09 22:15:26,151 [INFO] Época 15/30, Batch 750/3348, Loss: 0.1305
2025-10-09 22:15:26,410 [INFO] Época 15/30, Batch 800/3348, Loss: 0.1596
2025-10-09 22:15:26,670 [INFO] Época 15/30, Batch 850/3348, Loss: 0.0862
2025-10-09 22:15:26,924 [INFO] Época 15/30, Batch 900/3348, Loss: 0.1131
2025-10-09 22:15:27,180 [INFO] Época 15/30, Batch 950/3348, Loss: 0.0942
2025-10-09 22:15:27,437 [INFO] Época 15/30, Batch 1000/3348, Loss: 0.0922
2025-10-09 22:15:27,694 [INFO] Época 15/30, Batch 1050/3348, Loss: 0.0804
2025-10-09 22:15:27,950 [INFO] Época 15/30, Batch 1100/3348, Loss: 0.0784
2025-10-09 22:15:28,209 [INFO] Época 15/30, Batch 1150/3348, Loss: 0.0745
2025-10-09 22:15:28,472 [INFO] Época 15/30, Batch 1200/3348, Loss: 0.1020
2025-10-09 22:15:28,734 [INFO] Época 15/30, Batch 1250/3348, Loss: 0.0901
2025-10-09 22:15:28,998 [INFO] Época 15/30, Batch 1300/3348, Loss: 0.1043
2025-10-09 22:15:29,263 [INFO] Época 15/30, Batch 1350/3348, Loss: 0.1348
2025-10-09 22:15:29,523 [INFO] Época 15/30, Batch 1400/3348, Loss: 0.0848
2025-10-09 22:15:29,785 [INFO] Época 15/30, Batch 1450/3348, Loss: 0.1467
2025-10-09 22:15:30,049 [INFO] Época 15/30, Batch 1500/3348, Loss: 0.1243
2025-10-09 22:15:30,314 [INFO] Época 15/30, Batch 1550/3348, Loss: 0.1023
2025-10-09 22:15:30,579 [INFO] Época 15/30, Batch 1600/3348, Loss: 0.0953
2025-10-09 22:15:30,843 [INFO] Época 15/30, Batch 1650/3348, Loss: 0.0979
2025-10-09 22:15:31,107 [INFO] Época 15/30, Batch 1700/3348, Loss: 0.0990
2025-10-09 22:15:31,366 [INFO] Época 15/30, Batch 1750/3348, Loss: 0.1187
2025-10-09 22:15:31,629 [INFO] Época 15/30, Batch 1800/3348, Loss: 0.0897
2025-10-09 22:15:31,890 [INFO] Época 15/30, Batch 1850/3348, Loss: 0.1262
2025-10-09 22:15:32,150 [INFO] Época 15/30, Batch 1900/3348, Loss: 0.1239
2025-10-09 22:15:32,412 [INFO] Época 15/30, Batch 1950/3348, Loss: 0.1175
2025-10-09 22:15:32,673 [INFO] Época 15/30, Batch 2000/3348, Loss: 0.1324
2025-10-09 22:15:32,935 [INFO] Época 15/30, Batch 2050/3348, Loss: 0.1193
2025-10-09 22:15:33,198 [INFO] Época 15/30, Batch 2100/3348, Loss: 0.0878
2025-10-09 22:15:33,459 [INFO] Época 15/30, Batch 2150/3348, Loss: 0.0792
2025-10-09 22:15:33,722 [INFO] Época 15/30, Batch 2200/3348, Loss: 0.1031
2025-10-09 22:15:33,985 [INFO] Época 15/30, Batch 2250/3348, Loss: 0.1247
2025-10-09 22:15:34,248 [INFO] Época 15/30, Batch 2300/3348, Loss: 0.1047
2025-10-09 22:15:34,510 [INFO] Época 15/30, Batch 2350/3348, Loss: 0.1131
2025-10-09 22:15:34,772 [INFO] Época 15/30, Batch 2400/3348, Loss: 0.1161
2025-10-09 22:15:35,037 [INFO] Época 15/30, Batch 2450/3348, Loss: 0.1237
2025-10-09 22:15:35,301 [INFO] Época 15/30, Batch 2500/3348, Loss: 0.1090
2025-10-09 22:15:35,567 [INFO] Época 15/30, Batch 2550/3348, Loss: 0.1221
2025-10-09 22:15:35,833 [INFO] Época 15/30, Batch 2600/3348, Loss: 0.0876
2025-10-09 22:15:36,098 [INFO] Época 15/30, Batch 2650/3348, Loss: 0.1121
2025-10-09 22:15:36,361 [INFO] Época 15/30, Batch 2700/3348, Loss: 0.1143
2025-10-09 22:15:36,625 [INFO] Época 15/30, Batch 2750/3348, Loss: 0.1085
2025-10-09 22:15:36,893 [INFO] Época 15/30, Batch 2800/3348, Loss: 0.1344
2025-10-09 22:15:37,158 [INFO] Época 15/30, Batch 2850/3348, Loss: 0.1048
2025-10-09 22:15:37,422 [INFO] Época 15/30, Batch 2900/3348, Loss: 0.1151
2025-10-09 22:15:37,687 [INFO] Época 15/30, Batch 2950/3348, Loss: 0.0990
2025-10-09 22:15:37,951 [INFO] Época 15/30, Batch 3000/3348, Loss: 0.0728
2025-10-09 22:15:38,216 [INFO] Época 15/30, Batch 3050/3348, Loss: 0.1723
2025-10-09 22:15:38,481 [INFO] Época 15/30, Batch 3100/3348, Loss: 0.1100
2025-10-09 22:15:38,745 [INFO] Época 15/30, Batch 3150/3348, Loss: 0.1129
2025-10-09 22:15:39,010 [INFO] Época 15/30, Batch 3200/3348, Loss: 0.0896
2025-10-09 22:15:39,273 [INFO] Época 15/30, Batch 3250/3348, Loss: 0.1118
2025-10-09 22:15:39,536 [INFO] Época 15/30, Batch 3300/3348, Loss: 0.1024
2025-10-09 22:15:41,416 [INFO] [15/30] Train Loss: 0.1075 | Val Loss: 0.1505 | Tempo: 19.58s
2025-10-09 22:15:42,028 [INFO] Época 16/30, Batch 50/3348, Loss: 0.1075
2025-10-09 22:15:42,304 [INFO] Época 16/30, Batch 100/3348, Loss: 0.0833
2025-10-09 22:15:42,576 [INFO] Época 16/30, Batch 150/3348, Loss: 0.1083
2025-10-09 22:15:42,843 [INFO] Época 16/30, Batch 200/3348, Loss: 0.0898
2025-10-09 22:15:43,106 [INFO] Época 16/30, Batch 250/3348, Loss: 0.1004
2025-10-09 22:15:43,369 [INFO] Época 16/30, Batch 300/3348, Loss: 0.0919
2025-10-09 22:15:43,637 [INFO] Época 16/30, Batch 350/3348, Loss: 0.0950
2025-10-09 22:15:43,910 [INFO] Época 16/30, Batch 400/3348, Loss: 0.1460
2025-10-09 22:15:44,183 [INFO] Época 16/30, Batch 450/3348, Loss: 0.1054
2025-10-09 22:15:44,455 [INFO] Época 16/30, Batch 500/3348, Loss: 0.1107
2025-10-09 22:15:44,729 [INFO] Época 16/30, Batch 550/3348, Loss: 0.0793
2025-10-09 22:15:45,000 [INFO] Época 16/30, Batch 600/3348, Loss: 0.0924
2025-10-09 22:15:45,272 [INFO] Época 16/30, Batch 650/3348, Loss: 0.0781
2025-10-09 22:15:45,543 [INFO] Época 16/30, Batch 700/3348, Loss: 0.1244
2025-10-09 22:15:45,805 [INFO] Época 16/30, Batch 750/3348, Loss: 0.0654
2025-10-09 22:15:46,070 [INFO] Época 16/30, Batch 800/3348, Loss: 0.1126
2025-10-09 22:15:46,332 [INFO] Época 16/30, Batch 850/3348, Loss: 0.1431
2025-10-09 22:15:46,596 [INFO] Época 16/30, Batch 900/3348, Loss: 0.1037
2025-10-09 22:15:46,857 [INFO] Época 16/30, Batch 950/3348, Loss: 0.1108
2025-10-09 22:15:47,117 [INFO] Época 16/30, Batch 1000/3348, Loss: 0.0962
2025-10-09 22:15:47,379 [INFO] Época 16/30, Batch 1050/3348, Loss: 0.1035
2025-10-09 22:15:47,640 [INFO] Época 16/30, Batch 1100/3348, Loss: 0.1223
2025-10-09 22:15:47,900 [INFO] Época 16/30, Batch 1150/3348, Loss: 0.1182
2025-10-09 22:15:48,160 [INFO] Época 16/30, Batch 1200/3348, Loss: 0.1114
2025-10-09 22:15:48,419 [INFO] Época 16/30, Batch 1250/3348, Loss: 0.1193
2025-10-09 22:15:48,682 [INFO] Época 16/30, Batch 1300/3348, Loss: 0.0942
2025-10-09 22:15:48,942 [INFO] Época 16/30, Batch 1350/3348, Loss: 0.0859
2025-10-09 22:15:49,204 [INFO] Época 16/30, Batch 1400/3348, Loss: 0.0884
2025-10-09 22:15:49,465 [INFO] Época 16/30, Batch 1450/3348, Loss: 0.0689
2025-10-09 22:15:49,726 [INFO] Época 16/30, Batch 1500/3348, Loss: 0.0807
2025-10-09 22:15:49,988 [INFO] Época 16/30, Batch 1550/3348, Loss: 0.1039
2025-10-09 22:15:50,249 [INFO] Época 16/30, Batch 1600/3348, Loss: 0.1842
2025-10-09 22:15:50,510 [INFO] Época 16/30, Batch 1650/3348, Loss: 0.0943
2025-10-09 22:15:50,771 [INFO] Época 16/30, Batch 1700/3348, Loss: 0.1097
2025-10-09 22:15:51,033 [INFO] Época 16/30, Batch 1750/3348, Loss: 0.0969
2025-10-09 22:15:51,295 [INFO] Época 16/30, Batch 1800/3348, Loss: 0.0769
2025-10-09 22:15:51,556 [INFO] Época 16/30, Batch 1850/3348, Loss: 0.0901
2025-10-09 22:15:51,818 [INFO] Época 16/30, Batch 1900/3348, Loss: 0.1052
2025-10-09 22:15:52,080 [INFO] Época 16/30, Batch 1950/3348, Loss: 0.0786
2025-10-09 22:15:52,343 [INFO] Época 16/30, Batch 2000/3348, Loss: 0.1015
2025-10-09 22:15:52,604 [INFO] Época 16/30, Batch 2050/3348, Loss: 0.1171
2025-10-09 22:15:52,867 [INFO] Época 16/30, Batch 2100/3348, Loss: 0.1227
2025-10-09 22:15:53,129 [INFO] Época 16/30, Batch 2150/3348, Loss: 0.0951
2025-10-09 22:15:53,391 [INFO] Época 16/30, Batch 2200/3348, Loss: 0.0796
2025-10-09 22:15:53,655 [INFO] Época 16/30, Batch 2250/3348, Loss: 0.0943
2025-10-09 22:15:53,916 [INFO] Época 16/30, Batch 2300/3348, Loss: 0.1003
2025-10-09 22:15:54,177 [INFO] Época 16/30, Batch 2350/3348, Loss: 0.1246
2025-10-09 22:15:54,439 [INFO] Época 16/30, Batch 2400/3348, Loss: 0.1007
2025-10-09 22:15:54,701 [INFO] Época 16/30, Batch 2450/3348, Loss: 0.1002
2025-10-09 22:15:54,964 [INFO] Época 16/30, Batch 2500/3348, Loss: 0.1154
2025-10-09 22:15:55,225 [INFO] Época 16/30, Batch 2550/3348, Loss: 0.0742
2025-10-09 22:15:55,489 [INFO] Época 16/30, Batch 2600/3348, Loss: 0.1576
2025-10-09 22:15:55,749 [INFO] Época 16/30, Batch 2650/3348, Loss: 0.1035
2025-10-09 22:15:56,010 [INFO] Época 16/30, Batch 2700/3348, Loss: 0.1005
2025-10-09 22:15:56,270 [INFO] Época 16/30, Batch 2750/3348, Loss: 0.1174
2025-10-09 22:15:56,533 [INFO] Época 16/30, Batch 2800/3348, Loss: 0.0760
2025-10-09 22:15:56,796 [INFO] Época 16/30, Batch 2850/3348, Loss: 0.1042
2025-10-09 22:15:57,057 [INFO] Época 16/30, Batch 2900/3348, Loss: 0.0992
2025-10-09 22:15:57,319 [INFO] Época 16/30, Batch 2950/3348, Loss: 0.1233
2025-10-09 22:15:57,580 [INFO] Época 16/30, Batch 3000/3348, Loss: 0.1126
2025-10-09 22:15:57,843 [INFO] Época 16/30, Batch 3050/3348, Loss: 0.0955
2025-10-09 22:15:58,106 [INFO] Época 16/30, Batch 3100/3348, Loss: 0.1521
2025-10-09 22:15:58,368 [INFO] Época 16/30, Batch 3150/3348, Loss: 0.1076
2025-10-09 22:15:58,629 [INFO] Época 16/30, Batch 3200/3348, Loss: 0.1113
2025-10-09 22:15:58,889 [INFO] Época 16/30, Batch 3250/3348, Loss: 0.0724
2025-10-09 22:15:59,152 [INFO] Época 16/30, Batch 3300/3348, Loss: 0.1161
2025-10-09 22:16:01,044 [INFO] [16/30] Train Loss: 0.1057 | Val Loss: 0.1473 | Tempo: 19.63s
2025-10-09 22:16:01,047 [INFO] Melhor modelo salvo em: /mnt/hdd/home/jdurao/ToolBox-ChemXAI/models/mlp_qm9_AtomPair_att4_large.pth
2025-10-09 22:16:01,639 [INFO] Época 17/30, Batch 50/3348, Loss: 0.0875
2025-10-09 22:16:01,909 [INFO] Época 17/30, Batch 100/3348, Loss: 0.1060
2025-10-09 22:16:02,175 [INFO] Época 17/30, Batch 150/3348, Loss: 0.1034
2025-10-09 22:16:02,440 [INFO] Época 17/30, Batch 200/3348, Loss: 0.0725
2025-10-09 22:16:02,703 [INFO] Época 17/30, Batch 250/3348, Loss: 0.1812
2025-10-09 22:16:02,968 [INFO] Época 17/30, Batch 300/3348, Loss: 0.0880
2025-10-09 22:16:03,233 [INFO] Época 17/30, Batch 350/3348, Loss: 0.1079
2025-10-09 22:16:03,496 [INFO] Época 17/30, Batch 400/3348, Loss: 0.1431
2025-10-09 22:16:03,759 [INFO] Época 17/30, Batch 450/3348, Loss: 0.0927
2025-10-09 22:16:04,021 [INFO] Época 17/30, Batch 500/3348, Loss: 0.1102
2025-10-09 22:16:04,281 [INFO] Época 17/30, Batch 550/3348, Loss: 0.1067
2025-10-09 22:16:04,544 [INFO] Época 17/30, Batch 600/3348, Loss: 0.1020
2025-10-09 22:16:04,808 [INFO] Época 17/30, Batch 650/3348, Loss: 0.0908
2025-10-09 22:16:05,065 [INFO] Época 17/30, Batch 700/3348, Loss: 0.0943
2025-10-09 22:16:05,324 [INFO] Época 17/30, Batch 750/3348, Loss: 0.1152
2025-10-09 22:16:05,583 [INFO] Época 17/30, Batch 800/3348, Loss: 0.0995
2025-10-09 22:16:05,843 [INFO] Época 17/30, Batch 850/3348, Loss: 0.0983
2025-10-09 22:16:06,104 [INFO] Época 17/30, Batch 900/3348, Loss: 0.1341
2025-10-09 22:16:06,367 [INFO] Época 17/30, Batch 950/3348, Loss: 0.1130
2025-10-09 22:16:06,629 [INFO] Época 17/30, Batch 1000/3348, Loss: 0.0784
2025-10-09 22:16:06,890 [INFO] Época 17/30, Batch 1050/3348, Loss: 0.0687
2025-10-09 22:16:07,152 [INFO] Época 17/30, Batch 1100/3348, Loss: 0.0858
2025-10-09 22:16:07,412 [INFO] Época 17/30, Batch 1150/3348, Loss: 0.1535
2025-10-09 22:16:07,675 [INFO] Época 17/30, Batch 1200/3348, Loss: 0.0976
2025-10-09 22:16:07,936 [INFO] Época 17/30, Batch 1250/3348, Loss: 0.1056
2025-10-09 22:16:08,197 [INFO] Época 17/30, Batch 1300/3348, Loss: 0.1092
2025-10-09 22:16:08,463 [INFO] Época 17/30, Batch 1350/3348, Loss: 0.0935
2025-10-09 22:16:08,726 [INFO] Época 17/30, Batch 1400/3348, Loss: 0.0906
2025-10-09 22:16:08,989 [INFO] Época 17/30, Batch 1450/3348, Loss: 0.1110
2025-10-09 22:16:09,252 [INFO] Época 17/30, Batch 1500/3348, Loss: 0.1014
2025-10-09 22:16:09,514 [INFO] Época 17/30, Batch 1550/3348, Loss: 0.1366
2025-10-09 22:16:09,777 [INFO] Época 17/30, Batch 1600/3348, Loss: 0.1183
2025-10-09 22:16:10,039 [INFO] Época 17/30, Batch 1650/3348, Loss: 0.1174
2025-10-09 22:16:10,301 [INFO] Época 17/30, Batch 1700/3348, Loss: 0.1203
2025-10-09 22:16:10,560 [INFO] Época 17/30, Batch 1750/3348, Loss: 0.0923
2025-10-09 22:16:10,822 [INFO] Época 17/30, Batch 1800/3348, Loss: 0.0874
2025-10-09 22:16:11,084 [INFO] Época 17/30, Batch 1850/3348, Loss: 0.1028
2025-10-09 22:16:11,346 [INFO] Época 17/30, Batch 1900/3348, Loss: 0.1054
2025-10-09 22:16:11,607 [INFO] Época 17/30, Batch 1950/3348, Loss: 0.1088
2025-10-09 22:16:11,869 [INFO] Época 17/30, Batch 2000/3348, Loss: 0.1151
2025-10-09 22:16:12,130 [INFO] Época 17/30, Batch 2050/3348, Loss: 0.0856
2025-10-09 22:16:12,391 [INFO] Época 17/30, Batch 2100/3348, Loss: 0.0777
2025-10-09 22:16:12,653 [INFO] Época 17/30, Batch 2150/3348, Loss: 0.1375
2025-10-09 22:16:12,913 [INFO] Época 17/30, Batch 2200/3348, Loss: 0.1139
2025-10-09 22:16:13,170 [INFO] Época 17/30, Batch 2250/3348, Loss: 0.0896
2025-10-09 22:16:13,429 [INFO] Época 17/30, Batch 2300/3348, Loss: 0.1223
2025-10-09 22:16:13,689 [INFO] Época 17/30, Batch 2350/3348, Loss: 0.1184
2025-10-09 22:16:13,950 [INFO] Época 17/30, Batch 2400/3348, Loss: 0.1111
2025-10-09 22:16:14,211 [INFO] Época 17/30, Batch 2450/3348, Loss: 0.1000
2025-10-09 22:16:14,473 [INFO] Época 17/30, Batch 2500/3348, Loss: 0.1187
2025-10-09 22:16:14,733 [INFO] Época 17/30, Batch 2550/3348, Loss: 0.0932
2025-10-09 22:16:14,996 [INFO] Época 17/30, Batch 2600/3348, Loss: 0.1138
2025-10-09 22:16:15,258 [INFO] Época 17/30, Batch 2650/3348, Loss: 0.1123
2025-10-09 22:16:15,518 [INFO] Época 17/30, Batch 2700/3348, Loss: 0.1029
2025-10-09 22:16:15,779 [INFO] Época 17/30, Batch 2750/3348, Loss: 0.1250
2025-10-09 22:16:16,040 [INFO] Época 17/30, Batch 2800/3348, Loss: 0.0734
2025-10-09 22:16:16,302 [INFO] Época 17/30, Batch 2850/3348, Loss: 0.0946
2025-10-09 22:16:16,562 [INFO] Época 17/30, Batch 2900/3348, Loss: 0.1079
2025-10-09 22:16:16,820 [INFO] Época 17/30, Batch 2950/3348, Loss: 0.0994
2025-10-09 22:16:17,078 [INFO] Época 17/30, Batch 3000/3348, Loss: 0.1150
2025-10-09 22:16:17,336 [INFO] Época 17/30, Batch 3050/3348, Loss: 0.1030
2025-10-09 22:16:17,595 [INFO] Época 17/30, Batch 3100/3348, Loss: 0.0930
2025-10-09 22:16:17,853 [INFO] Época 17/30, Batch 3150/3348, Loss: 0.1020
2025-10-09 22:16:18,109 [INFO] Época 17/30, Batch 3200/3348, Loss: 0.0840
2025-10-09 22:16:18,367 [INFO] Época 17/30, Batch 3250/3348, Loss: 0.1019
2025-10-09 22:16:18,630 [INFO] Época 17/30, Batch 3300/3348, Loss: 0.1531
2025-10-09 22:16:20,581 [INFO] [17/30] Train Loss: 0.1044 | Val Loss: 0.1468 | Tempo: 19.53s
2025-10-09 22:16:20,586 [INFO] Melhor modelo salvo em: /mnt/hdd/home/jdurao/ToolBox-ChemXAI/models/mlp_qm9_AtomPair_att4_large.pth
2025-10-09 22:16:21,201 [INFO] Época 18/30, Batch 50/3348, Loss: 0.1061
2025-10-09 22:16:21,464 [INFO] Época 18/30, Batch 100/3348, Loss: 0.0777
2025-10-09 22:16:21,725 [INFO] Época 18/30, Batch 150/3348, Loss: 0.1118
2025-10-09 22:16:21,983 [INFO] Época 18/30, Batch 200/3348, Loss: 0.0897
2025-10-09 22:16:22,244 [INFO] Época 18/30, Batch 250/3348, Loss: 0.0716
2025-10-09 22:16:22,504 [INFO] Época 18/30, Batch 300/3348, Loss: 0.1251
2025-10-09 22:16:22,778 [INFO] Época 18/30, Batch 350/3348, Loss: 0.1002
2025-10-09 22:16:23,048 [INFO] Época 18/30, Batch 400/3348, Loss: 0.1112
2025-10-09 22:16:23,317 [INFO] Época 18/30, Batch 450/3348, Loss: 0.1235
2025-10-09 22:16:23,587 [INFO] Época 18/30, Batch 500/3348, Loss: 0.0888
2025-10-09 22:16:23,857 [INFO] Época 18/30, Batch 550/3348, Loss: 0.1155
2025-10-09 22:16:24,121 [INFO] Época 18/30, Batch 600/3348, Loss: 0.1037
2025-10-09 22:16:24,378 [INFO] Época 18/30, Batch 650/3348, Loss: 0.1588
2025-10-09 22:16:24,639 [INFO] Época 18/30, Batch 700/3348, Loss: 0.0934
2025-10-09 22:16:24,909 [INFO] Época 18/30, Batch 750/3348, Loss: 0.0880
2025-10-09 22:16:25,169 [INFO] Época 18/30, Batch 800/3348, Loss: 0.1067
2025-10-09 22:16:25,428 [INFO] Época 18/30, Batch 850/3348, Loss: 0.1067
2025-10-09 22:16:25,696 [INFO] Época 18/30, Batch 900/3348, Loss: 0.1417
2025-10-09 22:16:25,965 [INFO] Época 18/30, Batch 950/3348, Loss: 0.0817
2025-10-09 22:16:26,233 [INFO] Época 18/30, Batch 1000/3348, Loss: 0.1189
2025-10-09 22:16:26,504 [INFO] Época 18/30, Batch 1050/3348, Loss: 0.0896
2025-10-09 22:16:26,765 [INFO] Época 18/30, Batch 1100/3348, Loss: 0.0943
2025-10-09 22:16:27,018 [INFO] Época 18/30, Batch 1150/3348, Loss: 0.0673
2025-10-09 22:16:27,272 [INFO] Época 18/30, Batch 1200/3348, Loss: 0.1453
2025-10-09 22:16:27,527 [INFO] Época 18/30, Batch 1250/3348, Loss: 0.0909
2025-10-09 22:16:27,784 [INFO] Época 18/30, Batch 1300/3348, Loss: 0.0876
2025-10-09 22:16:28,041 [INFO] Época 18/30, Batch 1350/3348, Loss: 0.1099
2025-10-09 22:16:28,299 [INFO] Época 18/30, Batch 1400/3348, Loss: 0.1703
2025-10-09 22:16:28,557 [INFO] Época 18/30, Batch 1450/3348, Loss: 0.0925
2025-10-09 22:16:28,818 [INFO] Época 18/30, Batch 1500/3348, Loss: 0.1451
2025-10-09 22:16:29,076 [INFO] Época 18/30, Batch 1550/3348, Loss: 0.1074
2025-10-09 22:16:29,332 [INFO] Época 18/30, Batch 1600/3348, Loss: 0.1117
2025-10-09 22:16:29,591 [INFO] Época 18/30, Batch 1650/3348, Loss: 0.0869
2025-10-09 22:16:29,850 [INFO] Época 18/30, Batch 1700/3348, Loss: 0.1024
2025-10-09 22:16:30,110 [INFO] Época 18/30, Batch 1750/3348, Loss: 0.0998
2025-10-09 22:16:30,368 [INFO] Época 18/30, Batch 1800/3348, Loss: 0.1490
2025-10-09 22:16:30,628 [INFO] Época 18/30, Batch 1850/3348, Loss: 0.2029
2025-10-09 22:16:30,889 [INFO] Época 18/30, Batch 1900/3348, Loss: 0.1159
2025-10-09 22:16:31,149 [INFO] Época 18/30, Batch 1950/3348, Loss: 0.0874
2025-10-09 22:16:31,409 [INFO] Época 18/30, Batch 2000/3348, Loss: 0.0995
2025-10-09 22:16:31,668 [INFO] Época 18/30, Batch 2050/3348, Loss: 0.0799
2025-10-09 22:16:31,927 [INFO] Época 18/30, Batch 2100/3348, Loss: 0.1310
2025-10-09 22:16:32,187 [INFO] Época 18/30, Batch 2150/3348, Loss: 0.0690
2025-10-09 22:16:32,446 [INFO] Época 18/30, Batch 2200/3348, Loss: 0.0861
2025-10-09 22:16:32,706 [INFO] Época 18/30, Batch 2250/3348, Loss: 0.0930
2025-10-09 22:16:32,966 [INFO] Época 18/30, Batch 2300/3348, Loss: 0.1062
2025-10-09 22:16:33,227 [INFO] Época 18/30, Batch 2350/3348, Loss: 0.0946
2025-10-09 22:16:33,488 [INFO] Época 18/30, Batch 2400/3348, Loss: 0.1241
2025-10-09 22:16:33,751 [INFO] Época 18/30, Batch 2450/3348, Loss: 0.0979
2025-10-09 22:16:34,014 [INFO] Época 18/30, Batch 2500/3348, Loss: 0.1202
2025-10-09 22:16:34,273 [INFO] Época 18/30, Batch 2550/3348, Loss: 0.0808
2025-10-09 22:16:34,532 [INFO] Época 18/30, Batch 2600/3348, Loss: 0.0900
2025-10-09 22:16:34,792 [INFO] Época 18/30, Batch 2650/3348, Loss: 0.0811
2025-10-09 22:16:35,051 [INFO] Época 18/30, Batch 2700/3348, Loss: 0.1499
2025-10-09 22:16:35,317 [INFO] Época 18/30, Batch 2750/3348, Loss: 0.1160
2025-10-09 22:16:35,580 [INFO] Época 18/30, Batch 2800/3348, Loss: 0.1278
2025-10-09 22:16:35,840 [INFO] Época 18/30, Batch 2850/3348, Loss: 0.0848
2025-10-09 22:16:36,101 [INFO] Época 18/30, Batch 2900/3348, Loss: 0.0986
2025-10-09 22:16:36,360 [INFO] Época 18/30, Batch 2950/3348, Loss: 0.0860
2025-10-09 22:16:36,622 [INFO] Época 18/30, Batch 3000/3348, Loss: 0.0937
2025-10-09 22:16:36,883 [INFO] Época 18/30, Batch 3050/3348, Loss: 0.0851
2025-10-09 22:16:37,142 [INFO] Época 18/30, Batch 3100/3348, Loss: 0.0740
2025-10-09 22:16:37,401 [INFO] Época 18/30, Batch 3150/3348, Loss: 0.0939
2025-10-09 22:16:37,661 [INFO] Época 18/30, Batch 3200/3348, Loss: 0.1048
2025-10-09 22:16:37,921 [INFO] Época 18/30, Batch 3250/3348, Loss: 0.0949
2025-10-09 22:16:38,182 [INFO] Época 18/30, Batch 3300/3348, Loss: 0.1174
2025-10-09 22:16:39,978 [INFO] [18/30] Train Loss: 0.1025 | Val Loss: 0.1492 | Tempo: 19.39s
2025-10-09 22:16:40,584 [INFO] Época 19/30, Batch 50/3348, Loss: 0.0816
2025-10-09 22:16:40,859 [INFO] Época 19/30, Batch 100/3348, Loss: 0.0822
2025-10-09 22:16:41,133 [INFO] Época 19/30, Batch 150/3348, Loss: 0.0980
2025-10-09 22:16:41,406 [INFO] Época 19/30, Batch 200/3348, Loss: 0.0921
2025-10-09 22:16:41,677 [INFO] Época 19/30, Batch 250/3348, Loss: 0.1065
2025-10-09 22:16:41,949 [INFO] Época 19/30, Batch 300/3348, Loss: 0.1253
2025-10-09 22:16:42,219 [INFO] Época 19/30, Batch 350/3348, Loss: 0.0866
2025-10-09 22:16:42,490 [INFO] Época 19/30, Batch 400/3348, Loss: 0.1111
2025-10-09 22:16:42,759 [INFO] Época 19/30, Batch 450/3348, Loss: 0.1042
2025-10-09 22:16:43,023 [INFO] Época 19/30, Batch 500/3348, Loss: 0.0863
2025-10-09 22:16:43,292 [INFO] Época 19/30, Batch 550/3348, Loss: 0.0897
2025-10-09 22:16:43,565 [INFO] Época 19/30, Batch 600/3348, Loss: 0.1795
2025-10-09 22:16:43,834 [INFO] Época 19/30, Batch 650/3348, Loss: 0.0902
2025-10-09 22:16:44,105 [INFO] Época 19/30, Batch 700/3348, Loss: 0.0918
2025-10-09 22:16:44,375 [INFO] Época 19/30, Batch 750/3348, Loss: 0.0721
2025-10-09 22:16:44,643 [INFO] Época 19/30, Batch 800/3348, Loss: 0.1531
2025-10-09 22:16:44,903 [INFO] Época 19/30, Batch 850/3348, Loss: 0.0952
2025-10-09 22:16:45,165 [INFO] Época 19/30, Batch 900/3348, Loss: 0.0870
2025-10-09 22:16:45,425 [INFO] Época 19/30, Batch 950/3348, Loss: 0.0633
2025-10-09 22:16:45,688 [INFO] Época 19/30, Batch 1000/3348, Loss: 0.0803
2025-10-09 22:16:45,957 [INFO] Época 19/30, Batch 1050/3348, Loss: 0.1096
2025-10-09 22:16:46,227 [INFO] Época 19/30, Batch 1100/3348, Loss: 0.0942
2025-10-09 22:16:46,498 [INFO] Época 19/30, Batch 1150/3348, Loss: 0.1396
2025-10-09 22:16:46,767 [INFO] Época 19/30, Batch 1200/3348, Loss: 0.0815
2025-10-09 22:16:47,036 [INFO] Época 19/30, Batch 1250/3348, Loss: 0.1029
2025-10-09 22:16:47,307 [INFO] Época 19/30, Batch 1300/3348, Loss: 0.0963
2025-10-09 22:16:47,576 [INFO] Época 19/30, Batch 1350/3348, Loss: 0.1033
2025-10-09 22:16:47,846 [INFO] Época 19/30, Batch 1400/3348, Loss: 0.0897
2025-10-09 22:16:48,115 [INFO] Época 19/30, Batch 1450/3348, Loss: 0.0848
2025-10-09 22:16:48,385 [INFO] Época 19/30, Batch 1500/3348, Loss: 0.1156
2025-10-09 22:16:48,654 [INFO] Época 19/30, Batch 1550/3348, Loss: 0.0780
2025-10-09 22:16:48,916 [INFO] Época 19/30, Batch 1600/3348, Loss: 0.1002
2025-10-09 22:16:49,176 [INFO] Época 19/30, Batch 1650/3348, Loss: 0.0972
2025-10-09 22:16:49,435 [INFO] Época 19/30, Batch 1700/3348, Loss: 0.1075
2025-10-09 22:16:49,693 [INFO] Época 19/30, Batch 1750/3348, Loss: 0.0719
2025-10-09 22:16:49,952 [INFO] Época 19/30, Batch 1800/3348, Loss: 0.1090
2025-10-09 22:16:50,211 [INFO] Época 19/30, Batch 1850/3348, Loss: 0.1361
2025-10-09 22:16:50,470 [INFO] Época 19/30, Batch 1900/3348, Loss: 0.1058
2025-10-09 22:16:50,735 [INFO] Época 19/30, Batch 1950/3348, Loss: 0.0973
2025-10-09 22:16:51,005 [INFO] Época 19/30, Batch 2000/3348, Loss: 0.1148
2025-10-09 22:16:51,274 [INFO] Época 19/30, Batch 2050/3348, Loss: 0.1211
2025-10-09 22:16:51,542 [INFO] Época 19/30, Batch 2100/3348, Loss: 0.1101
2025-10-09 22:16:51,809 [INFO] Época 19/30, Batch 2150/3348, Loss: 0.1125
2025-10-09 22:16:52,069 [INFO] Época 19/30, Batch 2200/3348, Loss: 0.1194
2025-10-09 22:16:52,327 [INFO] Época 19/30, Batch 2250/3348, Loss: 0.1048
2025-10-09 22:16:52,587 [INFO] Época 19/30, Batch 2300/3348, Loss: 0.0921
2025-10-09 22:16:52,846 [INFO] Época 19/30, Batch 2350/3348, Loss: 0.0953
2025-10-09 22:16:53,106 [INFO] Época 19/30, Batch 2400/3348, Loss: 0.0995
2025-10-09 22:16:53,366 [INFO] Época 19/30, Batch 2450/3348, Loss: 0.0835
2025-10-09 22:16:53,625 [INFO] Época 19/30, Batch 2500/3348, Loss: 0.1115
2025-10-09 22:16:53,893 [INFO] Época 19/30, Batch 2550/3348, Loss: 0.0899
2025-10-09 22:16:54,162 [INFO] Época 19/30, Batch 2600/3348, Loss: 0.0860
2025-10-09 22:16:54,430 [INFO] Época 19/30, Batch 2650/3348, Loss: 0.0827
2025-10-09 22:16:54,698 [INFO] Época 19/30, Batch 2700/3348, Loss: 0.1012
2025-10-09 22:16:54,958 [INFO] Época 19/30, Batch 2750/3348, Loss: 0.1159
2025-10-09 22:16:55,217 [INFO] Época 19/30, Batch 2800/3348, Loss: 0.0898
2025-10-09 22:16:55,477 [INFO] Época 19/30, Batch 2850/3348, Loss: 0.0714
2025-10-09 22:16:55,735 [INFO] Época 19/30, Batch 2900/3348, Loss: 0.1140
2025-10-09 22:16:55,995 [INFO] Época 19/30, Batch 2950/3348, Loss: 0.1483
2025-10-09 22:16:56,253 [INFO] Época 19/30, Batch 3000/3348, Loss: 0.0928
2025-10-09 22:16:56,512 [INFO] Época 19/30, Batch 3050/3348, Loss: 0.1257
2025-10-09 22:16:56,770 [INFO] Época 19/30, Batch 3100/3348, Loss: 0.0793
2025-10-09 22:16:57,030 [INFO] Época 19/30, Batch 3150/3348, Loss: 0.1025
2025-10-09 22:16:57,292 [INFO] Época 19/30, Batch 3200/3348, Loss: 0.0901
2025-10-09 22:16:57,552 [INFO] Época 19/30, Batch 3250/3348, Loss: 0.1445
2025-10-09 22:16:57,813 [INFO] Época 19/30, Batch 3300/3348, Loss: 0.1421
2025-10-09 22:16:59,611 [INFO] [19/30] Train Loss: 0.1012 | Val Loss: 0.1419 | Tempo: 19.63s
2025-10-09 22:16:59,616 [INFO] Melhor modelo salvo em: /mnt/hdd/home/jdurao/ToolBox-ChemXAI/models/mlp_qm9_AtomPair_att4_large.pth
2025-10-09 22:17:00,225 [INFO] Época 20/30, Batch 50/3348, Loss: 0.0709
2025-10-09 22:17:00,505 [INFO] Época 20/30, Batch 100/3348, Loss: 0.0809
2025-10-09 22:17:00,783 [INFO] Época 20/30, Batch 150/3348, Loss: 0.1099
2025-10-09 22:17:01,063 [INFO] Época 20/30, Batch 200/3348, Loss: 0.0906
2025-10-09 22:17:01,331 [INFO] Época 20/30, Batch 250/3348, Loss: 0.0795
2025-10-09 22:17:01,594 [INFO] Época 20/30, Batch 300/3348, Loss: 0.0911
2025-10-09 22:17:01,857 [INFO] Época 20/30, Batch 350/3348, Loss: 0.0765
2025-10-09 22:17:02,124 [INFO] Época 20/30, Batch 400/3348, Loss: 0.1614
2025-10-09 22:17:02,391 [INFO] Época 20/30, Batch 450/3348, Loss: 0.0821
2025-10-09 22:17:02,656 [INFO] Época 20/30, Batch 500/3348, Loss: 0.1142
2025-10-09 22:17:02,917 [INFO] Época 20/30, Batch 550/3348, Loss: 0.1512
2025-10-09 22:17:03,184 [INFO] Época 20/30, Batch 600/3348, Loss: 0.0977
2025-10-09 22:17:03,458 [INFO] Época 20/30, Batch 650/3348, Loss: 0.0806
2025-10-09 22:17:03,729 [INFO] Época 20/30, Batch 700/3348, Loss: 0.0990
2025-10-09 22:17:04,004 [INFO] Época 20/30, Batch 750/3348, Loss: 0.1399
2025-10-09 22:17:04,276 [INFO] Época 20/30, Batch 800/3348, Loss: 0.0770
2025-10-09 22:17:04,546 [INFO] Época 20/30, Batch 850/3348, Loss: 0.0912
2025-10-09 22:17:04,818 [INFO] Época 20/30, Batch 900/3348, Loss: 0.0872
2025-10-09 22:17:05,081 [INFO] Época 20/30, Batch 950/3348, Loss: 0.0968
2025-10-09 22:17:05,348 [INFO] Época 20/30, Batch 1000/3348, Loss: 0.0840
2025-10-09 22:17:05,621 [INFO] Época 20/30, Batch 1050/3348, Loss: 0.0756
2025-10-09 22:17:05,887 [INFO] Época 20/30, Batch 1100/3348, Loss: 0.1422
2025-10-09 22:17:06,152 [INFO] Época 20/30, Batch 1150/3348, Loss: 0.1145
2025-10-09 22:17:06,420 [INFO] Época 20/30, Batch 1200/3348, Loss: 0.0986
2025-10-09 22:17:06,682 [INFO] Época 20/30, Batch 1250/3348, Loss: 0.1062
2025-10-09 22:17:06,947 [INFO] Época 20/30, Batch 1300/3348, Loss: 0.0814
2025-10-09 22:17:07,212 [INFO] Época 20/30, Batch 1350/3348, Loss: 0.0943
2025-10-09 22:17:07,478 [INFO] Época 20/30, Batch 1400/3348, Loss: 0.1197
2025-10-09 22:17:07,745 [INFO] Época 20/30, Batch 1450/3348, Loss: 0.0846
2025-10-09 22:17:08,012 [INFO] Época 20/30, Batch 1500/3348, Loss: 0.0818
2025-10-09 22:17:08,275 [INFO] Época 20/30, Batch 1550/3348, Loss: 0.0851
2025-10-09 22:17:08,538 [INFO] Época 20/30, Batch 1600/3348, Loss: 0.1156
2025-10-09 22:17:08,805 [INFO] Época 20/30, Batch 1650/3348, Loss: 0.0912
2025-10-09 22:17:09,077 [INFO] Época 20/30, Batch 1700/3348, Loss: 0.0968
2025-10-09 22:17:09,348 [INFO] Época 20/30, Batch 1750/3348, Loss: 0.1001
2025-10-09 22:17:09,621 [INFO] Época 20/30, Batch 1800/3348, Loss: 0.1956
2025-10-09 22:17:09,892 [INFO] Época 20/30, Batch 1850/3348, Loss: 0.0914
2025-10-09 22:17:10,163 [INFO] Época 20/30, Batch 1900/3348, Loss: 0.1512
2025-10-09 22:17:10,437 [INFO] Época 20/30, Batch 1950/3348, Loss: 0.0635
2025-10-09 22:17:10,713 [INFO] Época 20/30, Batch 2000/3348, Loss: 0.0837
2025-10-09 22:17:10,983 [INFO] Época 20/30, Batch 2050/3348, Loss: 0.1258
2025-10-09 22:17:11,250 [INFO] Época 20/30, Batch 2100/3348, Loss: 0.0993
2025-10-09 22:17:11,515 [INFO] Época 20/30, Batch 2150/3348, Loss: 0.1030
2025-10-09 22:17:11,781 [INFO] Época 20/30, Batch 2200/3348, Loss: 0.1198
2025-10-09 22:17:12,046 [INFO] Época 20/30, Batch 2250/3348, Loss: 0.0976
2025-10-09 22:17:12,309 [INFO] Época 20/30, Batch 2300/3348, Loss: 0.1059
2025-10-09 22:17:12,573 [INFO] Época 20/30, Batch 2350/3348, Loss: 0.0833
2025-10-09 22:17:12,837 [INFO] Época 20/30, Batch 2400/3348, Loss: 0.0816
2025-10-09 22:17:13,102 [INFO] Época 20/30, Batch 2450/3348, Loss: 0.1071
2025-10-09 22:17:13,368 [INFO] Época 20/30, Batch 2500/3348, Loss: 0.0880
2025-10-09 22:17:13,634 [INFO] Época 20/30, Batch 2550/3348, Loss: 0.0800
2025-10-09 22:17:13,897 [INFO] Época 20/30, Batch 2600/3348, Loss: 0.0890
2025-10-09 22:17:14,161 [INFO] Época 20/30, Batch 2650/3348, Loss: 0.0987
2025-10-09 22:17:14,426 [INFO] Época 20/30, Batch 2700/3348, Loss: 0.0810
2025-10-09 22:17:14,690 [INFO] Época 20/30, Batch 2750/3348, Loss: 0.0783
2025-10-09 22:17:14,954 [INFO] Época 20/30, Batch 2800/3348, Loss: 0.1516
2025-10-09 22:17:15,222 [INFO] Época 20/30, Batch 2850/3348, Loss: 0.1246
2025-10-09 22:17:15,493 [INFO] Época 20/30, Batch 2900/3348, Loss: 0.0975
2025-10-09 22:17:15,765 [INFO] Época 20/30, Batch 2950/3348, Loss: 0.1125
2025-10-09 22:17:16,040 [INFO] Época 20/30, Batch 3000/3348, Loss: 0.0583
2025-10-09 22:17:16,312 [INFO] Época 20/30, Batch 3050/3348, Loss: 0.1064
2025-10-09 22:17:16,583 [INFO] Época 20/30, Batch 3100/3348, Loss: 0.0750
2025-10-09 22:17:16,856 [INFO] Época 20/30, Batch 3150/3348, Loss: 0.1220
2025-10-09 22:17:17,129 [INFO] Época 20/30, Batch 3200/3348, Loss: 0.0890
2025-10-09 22:17:17,400 [INFO] Época 20/30, Batch 3250/3348, Loss: 0.0871
2025-10-09 22:17:17,671 [INFO] Época 20/30, Batch 3300/3348, Loss: 0.1046
2025-10-09 22:17:19,521 [INFO] [20/30] Train Loss: 0.1001 | Val Loss: 0.1435 | Tempo: 19.90s
2025-10-09 22:17:20,121 [INFO] Época 21/30, Batch 50/3348, Loss: 0.0990
2025-10-09 22:17:20,391 [INFO] Época 21/30, Batch 100/3348, Loss: 0.0864
2025-10-09 22:17:20,657 [INFO] Época 21/30, Batch 150/3348, Loss: 0.0729
2025-10-09 22:17:20,922 [INFO] Época 21/30, Batch 200/3348, Loss: 0.0674
2025-10-09 22:17:21,186 [INFO] Época 21/30, Batch 250/3348, Loss: 0.0756
2025-10-09 22:17:21,450 [INFO] Época 21/30, Batch 300/3348, Loss: 0.1108
2025-10-09 22:17:21,714 [INFO] Época 21/30, Batch 350/3348, Loss: 0.0769
2025-10-09 22:17:21,977 [INFO] Época 21/30, Batch 400/3348, Loss: 0.0771
2025-10-09 22:17:22,240 [INFO] Época 21/30, Batch 450/3348, Loss: 0.0797
2025-10-09 22:17:22,503 [INFO] Época 21/30, Batch 500/3348, Loss: 0.0860
2025-10-09 22:17:22,768 [INFO] Época 21/30, Batch 550/3348, Loss: 0.0807
2025-10-09 22:17:23,033 [INFO] Época 21/30, Batch 600/3348, Loss: 0.1963
2025-10-09 22:17:23,298 [INFO] Época 21/30, Batch 650/3348, Loss: 0.0871
2025-10-09 22:17:23,564 [INFO] Época 21/30, Batch 700/3348, Loss: 0.1093
2025-10-09 22:17:23,829 [INFO] Época 21/30, Batch 750/3348, Loss: 0.0920
2025-10-09 22:17:24,094 [INFO] Época 21/30, Batch 800/3348, Loss: 0.1274
2025-10-09 22:17:24,361 [INFO] Época 21/30, Batch 850/3348, Loss: 0.0800
2025-10-09 22:17:24,626 [INFO] Época 21/30, Batch 900/3348, Loss: 0.0848
2025-10-09 22:17:24,890 [INFO] Época 21/30, Batch 950/3348, Loss: 0.0811
2025-10-09 22:17:25,156 [INFO] Época 21/30, Batch 1000/3348, Loss: 0.1253
2025-10-09 22:17:25,421 [INFO] Época 21/30, Batch 1050/3348, Loss: 0.0922
2025-10-09 22:17:25,685 [INFO] Época 21/30, Batch 1100/3348, Loss: 0.0885
2025-10-09 22:17:25,949 [INFO] Época 21/30, Batch 1150/3348, Loss: 0.1390
2025-10-09 22:17:26,213 [INFO] Época 21/30, Batch 1200/3348, Loss: 0.0772
2025-10-09 22:17:26,476 [INFO] Época 21/30, Batch 1250/3348, Loss: 0.1071
2025-10-09 22:17:26,741 [INFO] Época 21/30, Batch 1300/3348, Loss: 0.0752
2025-10-09 22:17:27,005 [INFO] Época 21/30, Batch 1350/3348, Loss: 0.1149
2025-10-09 22:17:27,271 [INFO] Época 21/30, Batch 1400/3348, Loss: 0.0980
2025-10-09 22:17:27,537 [INFO] Época 21/30, Batch 1450/3348, Loss: 0.1131
2025-10-09 22:17:27,803 [INFO] Época 21/30, Batch 1500/3348, Loss: 0.0765
2025-10-09 22:17:28,068 [INFO] Época 21/30, Batch 1550/3348, Loss: 0.1097
2025-10-09 22:17:28,331 [INFO] Época 21/30, Batch 1600/3348, Loss: 0.0956
2025-10-09 22:17:28,592 [INFO] Época 21/30, Batch 1650/3348, Loss: 0.1027
2025-10-09 22:17:28,855 [INFO] Época 21/30, Batch 1700/3348, Loss: 0.0952
2025-10-09 22:17:29,119 [INFO] Época 21/30, Batch 1750/3348, Loss: 0.1086
2025-10-09 22:17:29,382 [INFO] Época 21/30, Batch 1800/3348, Loss: 0.0690
2025-10-09 22:17:29,645 [INFO] Época 21/30, Batch 1850/3348, Loss: 0.0874
2025-10-09 22:17:29,912 [INFO] Época 21/30, Batch 1900/3348, Loss: 0.0795
2025-10-09 22:17:30,181 [INFO] Época 21/30, Batch 1950/3348, Loss: 0.0839
2025-10-09 22:17:30,453 [INFO] Época 21/30, Batch 2000/3348, Loss: 0.0799
2025-10-09 22:17:30,722 [INFO] Época 21/30, Batch 2050/3348, Loss: 0.0777
2025-10-09 22:17:30,995 [INFO] Época 21/30, Batch 2100/3348, Loss: 0.0759
2025-10-09 22:17:31,277 [INFO] Época 21/30, Batch 2150/3348, Loss: 0.1034
2025-10-09 22:17:31,550 [INFO] Época 21/30, Batch 2200/3348, Loss: 0.1419
2025-10-09 22:17:31,816 [INFO] Época 21/30, Batch 2250/3348, Loss: 0.0958
2025-10-09 22:17:32,080 [INFO] Época 21/30, Batch 2300/3348, Loss: 0.0837
2025-10-09 22:17:32,345 [INFO] Época 21/30, Batch 2350/3348, Loss: 0.1110
2025-10-09 22:17:32,618 [INFO] Época 21/30, Batch 2400/3348, Loss: 0.0960
2025-10-09 22:17:32,900 [INFO] Época 21/30, Batch 2450/3348, Loss: 0.1198
2025-10-09 22:17:33,173 [INFO] Época 21/30, Batch 2500/3348, Loss: 0.0520
2025-10-09 22:17:33,438 [INFO] Época 21/30, Batch 2550/3348, Loss: 0.0869
2025-10-09 22:17:33,705 [INFO] Época 21/30, Batch 2600/3348, Loss: 0.0811
2025-10-09 22:17:33,970 [INFO] Época 21/30, Batch 2650/3348, Loss: 0.0881
2025-10-09 22:17:34,235 [INFO] Época 21/30, Batch 2700/3348, Loss: 0.0904
2025-10-09 22:17:34,501 [INFO] Época 21/30, Batch 2750/3348, Loss: 0.1082
2025-10-09 22:17:34,765 [INFO] Época 21/30, Batch 2800/3348, Loss: 0.0853
2025-10-09 22:17:35,034 [INFO] Época 21/30, Batch 2850/3348, Loss: 0.1209
2025-10-09 22:17:35,304 [INFO] Época 21/30, Batch 2900/3348, Loss: 0.0581
2025-10-09 22:17:35,573 [INFO] Época 21/30, Batch 2950/3348, Loss: 0.0767
2025-10-09 22:17:35,843 [INFO] Época 21/30, Batch 3000/3348, Loss: 0.1894
2025-10-09 22:17:36,112 [INFO] Época 21/30, Batch 3050/3348, Loss: 0.1378
2025-10-09 22:17:36,383 [INFO] Época 21/30, Batch 3100/3348, Loss: 0.0804
2025-10-09 22:17:36,652 [INFO] Época 21/30, Batch 3150/3348, Loss: 0.0801
2025-10-09 22:17:36,918 [INFO] Época 21/30, Batch 3200/3348, Loss: 0.0954
2025-10-09 22:17:37,183 [INFO] Época 21/30, Batch 3250/3348, Loss: 0.1095
2025-10-09 22:17:37,449 [INFO] Época 21/30, Batch 3300/3348, Loss: 0.1214
2025-10-09 22:17:39,303 [INFO] [21/30] Train Loss: 0.0990 | Val Loss: 0.1465 | Tempo: 19.78s
2025-10-09 22:17:39,908 [INFO] Época 22/30, Batch 50/3348, Loss: 0.0732
2025-10-09 22:17:40,179 [INFO] Época 22/30, Batch 100/3348, Loss: 0.0893
2025-10-09 22:17:40,450 [INFO] Época 22/30, Batch 150/3348, Loss: 0.0950
2025-10-09 22:17:40,725 [INFO] Época 22/30, Batch 200/3348, Loss: 0.0722
2025-10-09 22:17:40,992 [INFO] Época 22/30, Batch 250/3348, Loss: 0.1196
2025-10-09 22:17:41,259 [INFO] Época 22/30, Batch 300/3348, Loss: 0.0664
2025-10-09 22:17:41,524 [INFO] Época 22/30, Batch 350/3348, Loss: 0.0627
2025-10-09 22:17:41,788 [INFO] Época 22/30, Batch 400/3348, Loss: 0.0900
2025-10-09 22:17:42,054 [INFO] Época 22/30, Batch 450/3348, Loss: 0.0926
2025-10-09 22:17:42,320 [INFO] Época 22/30, Batch 500/3348, Loss: 0.0799
2025-10-09 22:17:42,584 [INFO] Época 22/30, Batch 550/3348, Loss: 0.0860
2025-10-09 22:17:42,849 [INFO] Época 22/30, Batch 600/3348, Loss: 0.0788
2025-10-09 22:17:43,113 [INFO] Época 22/30, Batch 650/3348, Loss: 0.0967
2025-10-09 22:17:43,368 [INFO] Época 22/30, Batch 700/3348, Loss: 0.0749
2025-10-09 22:17:43,622 [INFO] Época 22/30, Batch 750/3348, Loss: 0.1103
2025-10-09 22:17:43,877 [INFO] Época 22/30, Batch 800/3348, Loss: 0.1028
2025-10-09 22:17:44,131 [INFO] Época 22/30, Batch 850/3348, Loss: 0.1309
2025-10-09 22:17:44,389 [INFO] Época 22/30, Batch 900/3348, Loss: 0.0862
2025-10-09 22:17:44,641 [INFO] Época 22/30, Batch 950/3348, Loss: 0.1487
2025-10-09 22:17:44,911 [INFO] Época 22/30, Batch 1000/3348, Loss: 0.1120
2025-10-09 22:17:45,173 [INFO] Época 22/30, Batch 1050/3348, Loss: 0.1244
2025-10-09 22:17:45,446 [INFO] Época 22/30, Batch 1100/3348, Loss: 0.1027
2025-10-09 22:17:45,708 [INFO] Época 22/30, Batch 1150/3348, Loss: 0.0883
2025-10-09 22:17:45,966 [INFO] Época 22/30, Batch 1200/3348, Loss: 0.0829
2025-10-09 22:17:46,229 [INFO] Época 22/30, Batch 1250/3348, Loss: 0.0700
2025-10-09 22:17:46,489 [INFO] Época 22/30, Batch 1300/3348, Loss: 0.0993
2025-10-09 22:17:46,751 [INFO] Época 22/30, Batch 1350/3348, Loss: 0.1095
2025-10-09 22:17:47,011 [INFO] Época 22/30, Batch 1400/3348, Loss: 0.0751
2025-10-09 22:17:47,273 [INFO] Época 22/30, Batch 1450/3348, Loss: 0.1235
2025-10-09 22:17:47,533 [INFO] Época 22/30, Batch 1500/3348, Loss: 0.0633
2025-10-09 22:17:47,798 [INFO] Época 22/30, Batch 1550/3348, Loss: 0.1115
2025-10-09 22:17:48,058 [INFO] Época 22/30, Batch 1600/3348, Loss: 0.0884
2025-10-09 22:17:48,319 [INFO] Época 22/30, Batch 1650/3348, Loss: 0.1292
2025-10-09 22:17:48,581 [INFO] Época 22/30, Batch 1700/3348, Loss: 0.0770
2025-10-09 22:17:48,842 [INFO] Época 22/30, Batch 1750/3348, Loss: 0.0950
2025-10-09 22:17:49,105 [INFO] Época 22/30, Batch 1800/3348, Loss: 0.0989
2025-10-09 22:17:49,366 [INFO] Época 22/30, Batch 1850/3348, Loss: 0.0777
2025-10-09 22:17:49,627 [INFO] Época 22/30, Batch 1900/3348, Loss: 0.1046
2025-10-09 22:17:49,890 [INFO] Época 22/30, Batch 1950/3348, Loss: 0.0955
2025-10-09 22:17:50,154 [INFO] Época 22/30, Batch 2000/3348, Loss: 0.0929
2025-10-09 22:17:50,417 [INFO] Época 22/30, Batch 2050/3348, Loss: 0.0648
2025-10-09 22:17:50,681 [INFO] Época 22/30, Batch 2100/3348, Loss: 0.0635
2025-10-09 22:17:50,941 [INFO] Época 22/30, Batch 2150/3348, Loss: 0.0792
2025-10-09 22:17:51,201 [INFO] Época 22/30, Batch 2200/3348, Loss: 0.0993
2025-10-09 22:17:51,462 [INFO] Época 22/30, Batch 2250/3348, Loss: 0.0991
2025-10-09 22:17:51,725 [INFO] Época 22/30, Batch 2300/3348, Loss: 0.1233
2025-10-09 22:17:51,987 [INFO] Época 22/30, Batch 2350/3348, Loss: 0.0689
2025-10-09 22:17:52,248 [INFO] Época 22/30, Batch 2400/3348, Loss: 0.0905
2025-10-09 22:17:52,508 [INFO] Época 22/30, Batch 2450/3348, Loss: 0.1392
2025-10-09 22:17:52,770 [INFO] Época 22/30, Batch 2500/3348, Loss: 0.0715
2025-10-09 22:17:53,032 [INFO] Época 22/30, Batch 2550/3348, Loss: 0.0898
2025-10-09 22:17:53,292 [INFO] Época 22/30, Batch 2600/3348, Loss: 0.1315
2025-10-09 22:17:53,552 [INFO] Época 22/30, Batch 2650/3348, Loss: 0.1224
2025-10-09 22:17:53,813 [INFO] Época 22/30, Batch 2700/3348, Loss: 0.0851
2025-10-09 22:17:54,074 [INFO] Época 22/30, Batch 2750/3348, Loss: 0.1095
2025-10-09 22:17:54,336 [INFO] Época 22/30, Batch 2800/3348, Loss: 0.0847
2025-10-09 22:17:54,600 [INFO] Época 22/30, Batch 2850/3348, Loss: 0.0916
2025-10-09 22:17:54,866 [INFO] Época 22/30, Batch 2900/3348, Loss: 0.0713
2025-10-09 22:17:55,131 [INFO] Época 22/30, Batch 2950/3348, Loss: 0.0824
2025-10-09 22:17:55,394 [INFO] Época 22/30, Batch 3000/3348, Loss: 0.1126
2025-10-09 22:17:55,656 [INFO] Época 22/30, Batch 3050/3348, Loss: 0.1194
2025-10-09 22:17:55,917 [INFO] Época 22/30, Batch 3100/3348, Loss: 0.0795
2025-10-09 22:17:56,180 [INFO] Época 22/30, Batch 3150/3348, Loss: 0.0843
2025-10-09 22:17:56,441 [INFO] Época 22/30, Batch 3200/3348, Loss: 0.1043
2025-10-09 22:17:56,705 [INFO] Época 22/30, Batch 3250/3348, Loss: 0.0780
2025-10-09 22:17:56,966 [INFO] Época 22/30, Batch 3300/3348, Loss: 0.0974
2025-10-09 22:17:58,848 [INFO] [22/30] Train Loss: 0.0979 | Val Loss: 0.1495 | Tempo: 19.54s
2025-10-09 22:17:59,446 [INFO] Época 23/30, Batch 50/3348, Loss: 0.0902
2025-10-09 22:17:59,713 [INFO] Época 23/30, Batch 100/3348, Loss: 0.0816
2025-10-09 22:17:59,979 [INFO] Época 23/30, Batch 150/3348, Loss: 0.1397
2025-10-09 22:18:00,243 [INFO] Época 23/30, Batch 200/3348, Loss: 0.1010
2025-10-09 22:18:00,505 [INFO] Época 23/30, Batch 250/3348, Loss: 0.0722
2025-10-09 22:18:00,770 [INFO] Época 23/30, Batch 300/3348, Loss: 0.1269
2025-10-09 22:18:01,032 [INFO] Época 23/30, Batch 350/3348, Loss: 0.0809
2025-10-09 22:18:01,294 [INFO] Época 23/30, Batch 400/3348, Loss: 0.0798
2025-10-09 22:18:01,555 [INFO] Época 23/30, Batch 450/3348, Loss: 0.1081
2025-10-09 22:18:01,817 [INFO] Época 23/30, Batch 500/3348, Loss: 0.0875
2025-10-09 22:18:02,081 [INFO] Época 23/30, Batch 550/3348, Loss: 0.0888
2025-10-09 22:18:02,343 [INFO] Época 23/30, Batch 600/3348, Loss: 0.0880
2025-10-09 22:18:02,605 [INFO] Época 23/30, Batch 650/3348, Loss: 0.0880
2025-10-09 22:18:02,867 [INFO] Época 23/30, Batch 700/3348, Loss: 0.1269
2025-10-09 22:18:03,127 [INFO] Época 23/30, Batch 750/3348, Loss: 0.0820
2025-10-09 22:18:03,389 [INFO] Época 23/30, Batch 800/3348, Loss: 0.0860
2025-10-09 22:18:03,648 [INFO] Época 23/30, Batch 850/3348, Loss: 0.0977
2025-10-09 22:18:03,911 [INFO] Época 23/30, Batch 900/3348, Loss: 0.0971
2025-10-09 22:18:04,173 [INFO] Época 23/30, Batch 950/3348, Loss: 0.0721
2025-10-09 22:18:04,435 [INFO] Época 23/30, Batch 1000/3348, Loss: 0.0870
2025-10-09 22:18:04,698 [INFO] Época 23/30, Batch 1050/3348, Loss: 0.0940
2025-10-09 22:18:04,960 [INFO] Época 23/30, Batch 1100/3348, Loss: 0.1258
2025-10-09 22:18:05,222 [INFO] Época 23/30, Batch 1150/3348, Loss: 0.0807
2025-10-09 22:18:05,482 [INFO] Época 23/30, Batch 1200/3348, Loss: 0.1023
2025-10-09 22:18:05,743 [INFO] Época 23/30, Batch 1250/3348, Loss: 0.0652
2025-10-09 22:18:06,005 [INFO] Época 23/30, Batch 1300/3348, Loss: 0.0649
2025-10-09 22:18:06,268 [INFO] Época 23/30, Batch 1350/3348, Loss: 0.0933
2025-10-09 22:18:06,531 [INFO] Época 23/30, Batch 1400/3348, Loss: 0.0751
2025-10-09 22:18:06,792 [INFO] Época 23/30, Batch 1450/3348, Loss: 0.0869
2025-10-09 22:18:07,056 [INFO] Época 23/30, Batch 1500/3348, Loss: 0.0783
2025-10-09 22:18:07,318 [INFO] Época 23/30, Batch 1550/3348, Loss: 0.0993
2025-10-09 22:18:07,580 [INFO] Época 23/30, Batch 1600/3348, Loss: 0.0828
2025-10-09 22:18:07,839 [INFO] Época 23/30, Batch 1650/3348, Loss: 0.0747
2025-10-09 22:18:08,100 [INFO] Época 23/30, Batch 1700/3348, Loss: 0.0944
2025-10-09 22:18:08,362 [INFO] Época 23/30, Batch 1750/3348, Loss: 0.0901
2025-10-09 22:18:08,623 [INFO] Época 23/30, Batch 1800/3348, Loss: 0.0989
2025-10-09 22:18:08,885 [INFO] Época 23/30, Batch 1850/3348, Loss: 0.0830
2025-10-09 22:18:09,146 [INFO] Época 23/30, Batch 1900/3348, Loss: 0.0869
2025-10-09 22:18:09,406 [INFO] Época 23/30, Batch 1950/3348, Loss: 0.0976
2025-10-09 22:18:09,667 [INFO] Época 23/30, Batch 2000/3348, Loss: 0.1118
2025-10-09 22:18:09,929 [INFO] Época 23/30, Batch 2050/3348, Loss: 0.0925
2025-10-09 22:18:10,189 [INFO] Época 23/30, Batch 2100/3348, Loss: 0.0927
2025-10-09 22:18:10,451 [INFO] Época 23/30, Batch 2150/3348, Loss: 0.0893
2025-10-09 22:18:10,714 [INFO] Época 23/30, Batch 2200/3348, Loss: 0.0974
2025-10-09 22:18:10,977 [INFO] Época 23/30, Batch 2250/3348, Loss: 0.1072
2025-10-09 22:18:11,239 [INFO] Época 23/30, Batch 2300/3348, Loss: 0.1267
2025-10-09 22:18:11,501 [INFO] Época 23/30, Batch 2350/3348, Loss: 0.1158
2025-10-09 22:18:11,764 [INFO] Época 23/30, Batch 2400/3348, Loss: 0.0744
2025-10-09 22:18:12,026 [INFO] Época 23/30, Batch 2450/3348, Loss: 0.0994
2025-10-09 22:18:12,287 [INFO] Época 23/30, Batch 2500/3348, Loss: 0.0719
2025-10-09 22:18:12,548 [INFO] Época 23/30, Batch 2550/3348, Loss: 0.0895
2025-10-09 22:18:12,810 [INFO] Época 23/30, Batch 2600/3348, Loss: 0.0922
2025-10-09 22:18:13,072 [INFO] Época 23/30, Batch 2650/3348, Loss: 0.1168
2025-10-09 22:18:13,334 [INFO] Época 23/30, Batch 2700/3348, Loss: 0.0900
2025-10-09 22:18:13,596 [INFO] Época 23/30, Batch 2750/3348, Loss: 0.0978
2025-10-09 22:18:13,856 [INFO] Época 23/30, Batch 2800/3348, Loss: 0.0998
2025-10-09 22:18:14,119 [INFO] Época 23/30, Batch 2850/3348, Loss: 0.1025
2025-10-09 22:18:14,379 [INFO] Época 23/30, Batch 2900/3348, Loss: 0.0969
2025-10-09 22:18:14,639 [INFO] Época 23/30, Batch 2950/3348, Loss: 0.0932
2025-10-09 22:18:14,900 [INFO] Época 23/30, Batch 3000/3348, Loss: 0.0933
2025-10-09 22:18:15,165 [INFO] Época 23/30, Batch 3050/3348, Loss: 0.1081
2025-10-09 22:18:15,431 [INFO] Época 23/30, Batch 3100/3348, Loss: 0.1097
2025-10-09 22:18:15,694 [INFO] Época 23/30, Batch 3150/3348, Loss: 0.0975
2025-10-09 22:18:15,955 [INFO] Época 23/30, Batch 3200/3348, Loss: 0.1030
2025-10-09 22:18:16,216 [INFO] Época 23/30, Batch 3250/3348, Loss: 0.0764
2025-10-09 22:18:16,479 [INFO] Época 23/30, Batch 3300/3348, Loss: 0.1108
2025-10-09 22:18:18,320 [INFO] [23/30] Train Loss: 0.0969 | Val Loss: 0.1457 | Tempo: 19.47s
2025-10-09 22:18:18,929 [INFO] Época 24/30, Batch 50/3348, Loss: 0.1210
2025-10-09 22:18:19,199 [INFO] Época 24/30, Batch 100/3348, Loss: 0.0854
2025-10-09 22:18:19,464 [INFO] Época 24/30, Batch 150/3348, Loss: 0.0860
2025-10-09 22:18:19,730 [INFO] Época 24/30, Batch 200/3348, Loss: 0.1116
2025-10-09 22:18:19,993 [INFO] Época 24/30, Batch 250/3348, Loss: 0.0637
2025-10-09 22:18:20,255 [INFO] Época 24/30, Batch 300/3348, Loss: 0.0759
2025-10-09 22:18:20,516 [INFO] Época 24/30, Batch 350/3348, Loss: 0.1237
2025-10-09 22:18:20,779 [INFO] Época 24/30, Batch 400/3348, Loss: 0.0678
2025-10-09 22:18:21,040 [INFO] Época 24/30, Batch 450/3348, Loss: 0.0991
2025-10-09 22:18:21,300 [INFO] Época 24/30, Batch 500/3348, Loss: 0.1065
2025-10-09 22:18:21,562 [INFO] Época 24/30, Batch 550/3348, Loss: 0.0858
2025-10-09 22:18:21,826 [INFO] Época 24/30, Batch 600/3348, Loss: 0.1129
2025-10-09 22:18:22,086 [INFO] Época 24/30, Batch 650/3348, Loss: 0.1301
2025-10-09 22:18:22,350 [INFO] Época 24/30, Batch 700/3348, Loss: 0.1037
2025-10-09 22:18:22,616 [INFO] Época 24/30, Batch 750/3348, Loss: 0.1146
2025-10-09 22:18:22,882 [INFO] Época 24/30, Batch 800/3348, Loss: 0.1072
2025-10-09 22:18:23,148 [INFO] Época 24/30, Batch 850/3348, Loss: 0.0849
2025-10-09 22:18:23,414 [INFO] Época 24/30, Batch 900/3348, Loss: 0.1427
2025-10-09 22:18:23,681 [INFO] Época 24/30, Batch 950/3348, Loss: 0.1085
2025-10-09 22:18:23,947 [INFO] Época 24/30, Batch 1000/3348, Loss: 0.1201
2025-10-09 22:18:24,221 [INFO] Época 24/30, Batch 1050/3348, Loss: 0.0899
2025-10-09 22:18:24,495 [INFO] Época 24/30, Batch 1100/3348, Loss: 0.1125
2025-10-09 22:18:24,768 [INFO] Época 24/30, Batch 1150/3348, Loss: 0.0853
2025-10-09 22:18:25,038 [INFO] Época 24/30, Batch 1200/3348, Loss: 0.0863
2025-10-09 22:18:25,310 [INFO] Época 24/30, Batch 1250/3348, Loss: 0.0962
2025-10-09 22:18:25,582 [INFO] Época 24/30, Batch 1300/3348, Loss: 0.0817
2025-10-09 22:18:25,853 [INFO] Época 24/30, Batch 1350/3348, Loss: 0.1060
2025-10-09 22:18:26,126 [INFO] Época 24/30, Batch 1400/3348, Loss: 0.1101
2025-10-09 22:18:26,410 [INFO] Época 24/30, Batch 1450/3348, Loss: 0.1062
2025-10-09 22:18:26,683 [INFO] Época 24/30, Batch 1500/3348, Loss: 0.0805
2025-10-09 22:18:26,959 [INFO] Época 24/30, Batch 1550/3348, Loss: 0.0910
2025-10-09 22:18:27,233 [INFO] Época 24/30, Batch 1600/3348, Loss: 0.0762
2025-10-09 22:18:27,503 [INFO] Época 24/30, Batch 1650/3348, Loss: 0.0928
2025-10-09 22:18:27,772 [INFO] Época 24/30, Batch 1700/3348, Loss: 0.1122
2025-10-09 22:18:28,042 [INFO] Época 24/30, Batch 1750/3348, Loss: 0.0702
2025-10-09 22:18:28,313 [INFO] Época 24/30, Batch 1800/3348, Loss: 0.1583
2025-10-09 22:18:28,585 [INFO] Época 24/30, Batch 1850/3348, Loss: 0.1205
2025-10-09 22:18:28,845 [INFO] Época 24/30, Batch 1900/3348, Loss: 0.0828
2025-10-09 22:18:29,106 [INFO] Época 24/30, Batch 1950/3348, Loss: 0.0965
2025-10-09 22:18:29,366 [INFO] Época 24/30, Batch 2000/3348, Loss: 0.0896
2025-10-09 22:18:29,627 [INFO] Época 24/30, Batch 2050/3348, Loss: 0.1021
2025-10-09 22:18:29,894 [INFO] Época 24/30, Batch 2100/3348, Loss: 0.0868
2025-10-09 22:18:30,164 [INFO] Época 24/30, Batch 2150/3348, Loss: 0.1095
2025-10-09 22:18:30,433 [INFO] Época 24/30, Batch 2200/3348, Loss: 0.0833
2025-10-09 22:18:30,700 [INFO] Época 24/30, Batch 2250/3348, Loss: 0.0914
2025-10-09 22:18:30,959 [INFO] Época 24/30, Batch 2300/3348, Loss: 0.0829
2025-10-09 22:18:31,220 [INFO] Época 24/30, Batch 2350/3348, Loss: 0.0843
2025-10-09 22:18:31,481 [INFO] Época 24/30, Batch 2400/3348, Loss: 0.0875
2025-10-09 22:18:31,741 [INFO] Época 24/30, Batch 2450/3348, Loss: 0.0985
2025-10-09 22:18:32,004 [INFO] Época 24/30, Batch 2500/3348, Loss: 0.1525
2025-10-09 22:18:32,265 [INFO] Época 24/30, Batch 2550/3348, Loss: 0.0653
2025-10-09 22:18:32,525 [INFO] Época 24/30, Batch 2600/3348, Loss: 0.1104
2025-10-09 22:18:32,786 [INFO] Época 24/30, Batch 2650/3348, Loss: 0.0820
2025-10-09 22:18:33,046 [INFO] Época 24/30, Batch 2700/3348, Loss: 0.0886
2025-10-09 22:18:33,306 [INFO] Época 24/30, Batch 2750/3348, Loss: 0.0792
2025-10-09 22:18:33,566 [INFO] Época 24/30, Batch 2800/3348, Loss: 0.0841
2025-10-09 22:18:33,827 [INFO] Época 24/30, Batch 2850/3348, Loss: 0.0899
2025-10-09 22:18:34,088 [INFO] Época 24/30, Batch 2900/3348, Loss: 0.0727
2025-10-09 22:18:34,347 [INFO] Época 24/30, Batch 2950/3348, Loss: 0.0728
2025-10-09 22:18:34,608 [INFO] Época 24/30, Batch 3000/3348, Loss: 0.1040
2025-10-09 22:18:34,869 [INFO] Época 24/30, Batch 3050/3348, Loss: 0.0743
2025-10-09 22:18:35,131 [INFO] Época 24/30, Batch 3100/3348, Loss: 0.0865
2025-10-09 22:18:35,394 [INFO] Época 24/30, Batch 3150/3348, Loss: 0.0981
2025-10-09 22:18:35,655 [INFO] Época 24/30, Batch 3200/3348, Loss: 0.0715
2025-10-09 22:18:35,916 [INFO] Época 24/30, Batch 3250/3348, Loss: 0.0951
2025-10-09 22:18:36,177 [INFO] Época 24/30, Batch 3300/3348, Loss: 0.1166
2025-10-09 22:18:38,074 [INFO] [24/30] Train Loss: 0.0957 | Val Loss: 0.1440 | Tempo: 19.75s
2025-10-09 22:18:38,675 [INFO] Época 25/30, Batch 50/3348, Loss: 0.0888
2025-10-09 22:18:38,948 [INFO] Época 25/30, Batch 100/3348, Loss: 0.1097
2025-10-09 22:18:39,217 [INFO] Época 25/30, Batch 150/3348, Loss: 0.1292
2025-10-09 22:18:39,482 [INFO] Época 25/30, Batch 200/3348, Loss: 0.0927
2025-10-09 22:18:39,750 [INFO] Época 25/30, Batch 250/3348, Loss: 0.1066
2025-10-09 22:18:40,014 [INFO] Época 25/30, Batch 300/3348, Loss: 0.2639
2025-10-09 22:18:40,283 [INFO] Época 25/30, Batch 350/3348, Loss: 0.0729
2025-10-09 22:18:40,547 [INFO] Época 25/30, Batch 400/3348, Loss: 0.1032
2025-10-09 22:18:40,809 [INFO] Época 25/30, Batch 450/3348, Loss: 0.1020
2025-10-09 22:18:41,070 [INFO] Época 25/30, Batch 500/3348, Loss: 0.1000
2025-10-09 22:18:41,331 [INFO] Época 25/30, Batch 550/3348, Loss: 0.0897
2025-10-09 22:18:41,594 [INFO] Época 25/30, Batch 600/3348, Loss: 0.0842
2025-10-09 22:18:41,856 [INFO] Época 25/30, Batch 650/3348, Loss: 0.0986
2025-10-09 22:18:42,119 [INFO] Época 25/30, Batch 700/3348, Loss: 0.0671
2025-10-09 22:18:42,379 [INFO] Época 25/30, Batch 750/3348, Loss: 0.0942
2025-10-09 22:18:42,635 [INFO] Época 25/30, Batch 800/3348, Loss: 0.1123
2025-10-09 22:18:42,890 [INFO] Época 25/30, Batch 850/3348, Loss: 0.1088
2025-10-09 22:18:43,141 [INFO] Época 25/30, Batch 900/3348, Loss: 0.0941
2025-10-09 22:18:43,393 [INFO] Época 25/30, Batch 950/3348, Loss: 0.0863
2025-10-09 22:18:43,645 [INFO] Época 25/30, Batch 1000/3348, Loss: 0.0813
2025-10-09 22:18:43,899 [INFO] Época 25/30, Batch 1050/3348, Loss: 0.0776
2025-10-09 22:18:44,155 [INFO] Época 25/30, Batch 1100/3348, Loss: 0.1103
2025-10-09 22:18:44,408 [INFO] Época 25/30, Batch 1150/3348, Loss: 0.0698
2025-10-09 22:18:44,670 [INFO] Época 25/30, Batch 1200/3348, Loss: 0.1167
2025-10-09 22:18:44,933 [INFO] Época 25/30, Batch 1250/3348, Loss: 0.1354
2025-10-09 22:18:45,197 [INFO] Época 25/30, Batch 1300/3348, Loss: 0.0978
2025-10-09 22:18:45,460 [INFO] Época 25/30, Batch 1350/3348, Loss: 0.0970
2025-10-09 22:18:45,725 [INFO] Época 25/30, Batch 1400/3348, Loss: 0.0873
2025-10-09 22:18:45,987 [INFO] Época 25/30, Batch 1450/3348, Loss: 0.0954
2025-10-09 22:18:46,250 [INFO] Época 25/30, Batch 1500/3348, Loss: 0.1007
2025-10-09 22:18:46,512 [INFO] Época 25/30, Batch 1550/3348, Loss: 0.0951
2025-10-09 22:18:46,774 [INFO] Época 25/30, Batch 1600/3348, Loss: 0.0924
2025-10-09 22:18:47,038 [INFO] Época 25/30, Batch 1650/3348, Loss: 0.1393
2025-10-09 22:18:47,300 [INFO] Época 25/30, Batch 1700/3348, Loss: 0.1146
2025-10-09 22:18:47,563 [INFO] Época 25/30, Batch 1750/3348, Loss: 0.1212
2025-10-09 22:18:47,826 [INFO] Época 25/30, Batch 1800/3348, Loss: 0.1054
2025-10-09 22:18:48,088 [INFO] Época 25/30, Batch 1850/3348, Loss: 0.0776
2025-10-09 22:18:48,353 [INFO] Época 25/30, Batch 1900/3348, Loss: 0.1328
2025-10-09 22:18:48,617 [INFO] Época 25/30, Batch 1950/3348, Loss: 0.1184
2025-10-09 22:18:48,881 [INFO] Época 25/30, Batch 2000/3348, Loss: 0.0890
2025-10-09 22:18:49,144 [INFO] Época 25/30, Batch 2050/3348, Loss: 0.0930
2025-10-09 22:18:49,406 [INFO] Época 25/30, Batch 2100/3348, Loss: 0.0986
2025-10-09 22:18:49,670 [INFO] Época 25/30, Batch 2150/3348, Loss: 0.1145
2025-10-09 22:18:49,931 [INFO] Época 25/30, Batch 2200/3348, Loss: 0.1206
2025-10-09 22:18:50,189 [INFO] Época 25/30, Batch 2250/3348, Loss: 0.0837
2025-10-09 22:18:50,450 [INFO] Época 25/30, Batch 2300/3348, Loss: 0.0838
2025-10-09 22:18:50,712 [INFO] Época 25/30, Batch 2350/3348, Loss: 0.0911
2025-10-09 22:18:50,976 [INFO] Época 25/30, Batch 2400/3348, Loss: 0.0999
2025-10-09 22:18:51,236 [INFO] Época 25/30, Batch 2450/3348, Loss: 0.1069
2025-10-09 22:18:51,503 [INFO] Época 25/30, Batch 2500/3348, Loss: 0.0681
2025-10-09 22:18:51,769 [INFO] Época 25/30, Batch 2550/3348, Loss: 0.1058
2025-10-09 22:18:52,035 [INFO] Época 25/30, Batch 2600/3348, Loss: 0.0806
2025-10-09 22:18:52,304 [INFO] Época 25/30, Batch 2650/3348, Loss: 0.1009
2025-10-09 22:18:52,572 [INFO] Época 25/30, Batch 2700/3348, Loss: 0.1029
2025-10-09 22:18:52,842 [INFO] Época 25/30, Batch 2750/3348, Loss: 0.1279
2025-10-09 22:18:53,110 [INFO] Época 25/30, Batch 2800/3348, Loss: 0.0869
2025-10-09 22:18:53,378 [INFO] Época 25/30, Batch 2850/3348, Loss: 0.0906
2025-10-09 22:18:53,647 [INFO] Época 25/30, Batch 2900/3348, Loss: 0.0898
2025-10-09 22:18:53,911 [INFO] Época 25/30, Batch 2950/3348, Loss: 0.0768
2025-10-09 22:18:54,172 [INFO] Época 25/30, Batch 3000/3348, Loss: 0.1044
2025-10-09 22:18:54,434 [INFO] Época 25/30, Batch 3050/3348, Loss: 0.0920
2025-10-09 22:18:54,702 [INFO] Época 25/30, Batch 3100/3348, Loss: 0.0821
2025-10-09 22:18:54,966 [INFO] Época 25/30, Batch 3150/3348, Loss: 0.1107
2025-10-09 22:18:55,230 [INFO] Época 25/30, Batch 3200/3348, Loss: 0.0983
2025-10-09 22:18:55,495 [INFO] Época 25/30, Batch 3250/3348, Loss: 0.0674
2025-10-09 22:18:55,761 [INFO] Época 25/30, Batch 3300/3348, Loss: 0.1055
2025-10-09 22:18:57,647 [INFO] [25/30] Train Loss: 0.0952 | Val Loss: 0.1427 | Tempo: 19.57s
2025-10-09 22:18:58,230 [INFO] Época 26/30, Batch 50/3348, Loss: 0.1005
2025-10-09 22:18:58,497 [INFO] Época 26/30, Batch 100/3348, Loss: 0.0896
2025-10-09 22:18:58,763 [INFO] Época 26/30, Batch 150/3348, Loss: 0.0977
2025-10-09 22:18:59,026 [INFO] Época 26/30, Batch 200/3348, Loss: 0.0573
2025-10-09 22:18:59,289 [INFO] Época 26/30, Batch 250/3348, Loss: 0.1397
2025-10-09 22:18:59,550 [INFO] Época 26/30, Batch 300/3348, Loss: 0.0640
2025-10-09 22:18:59,811 [INFO] Época 26/30, Batch 350/3348, Loss: 0.1105
2025-10-09 22:19:00,072 [INFO] Época 26/30, Batch 400/3348, Loss: 0.0749
2025-10-09 22:19:00,334 [INFO] Época 26/30, Batch 450/3348, Loss: 0.0911
2025-10-09 22:19:00,596 [INFO] Época 26/30, Batch 500/3348, Loss: 0.0698
2025-10-09 22:19:00,857 [INFO] Época 26/30, Batch 550/3348, Loss: 0.1135
2025-10-09 22:19:01,118 [INFO] Época 26/30, Batch 600/3348, Loss: 0.0741
2025-10-09 22:19:01,381 [INFO] Época 26/30, Batch 650/3348, Loss: 0.1444
2025-10-09 22:19:01,642 [INFO] Época 26/30, Batch 700/3348, Loss: 0.0847
2025-10-09 22:19:01,905 [INFO] Época 26/30, Batch 750/3348, Loss: 0.0880
2025-10-09 22:19:02,167 [INFO] Época 26/30, Batch 800/3348, Loss: 0.0768
2025-10-09 22:19:02,427 [INFO] Época 26/30, Batch 850/3348, Loss: 0.1021
2025-10-09 22:19:02,687 [INFO] Época 26/30, Batch 900/3348, Loss: 0.0770
2025-10-09 22:19:02,946 [INFO] Época 26/30, Batch 950/3348, Loss: 0.0916
2025-10-09 22:19:03,210 [INFO] Época 26/30, Batch 1000/3348, Loss: 0.0715
2025-10-09 22:19:03,465 [INFO] Época 26/30, Batch 1050/3348, Loss: 0.1045
2025-10-09 22:19:03,719 [INFO] Época 26/30, Batch 1100/3348, Loss: 0.1057
2025-10-09 22:19:03,975 [INFO] Época 26/30, Batch 1150/3348, Loss: 0.1034
2025-10-09 22:19:04,228 [INFO] Época 26/30, Batch 1200/3348, Loss: 0.0867
2025-10-09 22:19:04,482 [INFO] Época 26/30, Batch 1250/3348, Loss: 0.0683
2025-10-09 22:19:04,741 [INFO] Época 26/30, Batch 1300/3348, Loss: 0.1063
2025-10-09 22:19:05,002 [INFO] Época 26/30, Batch 1350/3348, Loss: 0.0940
2025-10-09 22:19:05,265 [INFO] Época 26/30, Batch 1400/3348, Loss: 0.0752
2025-10-09 22:19:05,526 [INFO] Época 26/30, Batch 1450/3348, Loss: 0.1056
2025-10-09 22:19:05,787 [INFO] Época 26/30, Batch 1500/3348, Loss: 0.0944
2025-10-09 22:19:06,047 [INFO] Época 26/30, Batch 1550/3348, Loss: 0.1144
2025-10-09 22:19:06,307 [INFO] Época 26/30, Batch 1600/3348, Loss: 0.1259
2025-10-09 22:19:06,569 [INFO] Época 26/30, Batch 1650/3348, Loss: 0.1038
2025-10-09 22:19:06,830 [INFO] Época 26/30, Batch 1700/3348, Loss: 0.0895
2025-10-09 22:19:07,090 [INFO] Época 26/30, Batch 1750/3348, Loss: 0.0952
2025-10-09 22:19:07,350 [INFO] Época 26/30, Batch 1800/3348, Loss: 0.0747
2025-10-09 22:19:07,611 [INFO] Época 26/30, Batch 1850/3348, Loss: 0.0989
2025-10-09 22:19:07,871 [INFO] Época 26/30, Batch 1900/3348, Loss: 0.1077
2025-10-09 22:19:08,136 [INFO] Época 26/30, Batch 1950/3348, Loss: 0.1180
2025-10-09 22:19:08,395 [INFO] Época 26/30, Batch 2000/3348, Loss: 0.1313
2025-10-09 22:19:08,657 [INFO] Época 26/30, Batch 2050/3348, Loss: 0.0655
2025-10-09 22:19:08,916 [INFO] Época 26/30, Batch 2100/3348, Loss: 0.1077
2025-10-09 22:19:09,178 [INFO] Época 26/30, Batch 2150/3348, Loss: 0.1196
2025-10-09 22:19:09,440 [INFO] Época 26/30, Batch 2200/3348, Loss: 0.1126
2025-10-09 22:19:09,701 [INFO] Época 26/30, Batch 2250/3348, Loss: 0.1131
2025-10-09 22:19:09,964 [INFO] Época 26/30, Batch 2300/3348, Loss: 0.1433
2025-10-09 22:19:10,226 [INFO] Época 26/30, Batch 2350/3348, Loss: 0.1430
2025-10-09 22:19:10,487 [INFO] Época 26/30, Batch 2400/3348, Loss: 0.0820
2025-10-09 22:19:10,755 [INFO] Época 26/30, Batch 2450/3348, Loss: 0.1178
2025-10-09 22:19:11,021 [INFO] Época 26/30, Batch 2500/3348, Loss: 0.0624
2025-10-09 22:19:11,291 [INFO] Época 26/30, Batch 2550/3348, Loss: 0.0836
2025-10-09 22:19:11,560 [INFO] Época 26/30, Batch 2600/3348, Loss: 0.1116
2025-10-09 22:19:11,824 [INFO] Época 26/30, Batch 2650/3348, Loss: 0.1158
2025-10-09 22:19:12,088 [INFO] Época 26/30, Batch 2700/3348, Loss: 0.0876
2025-10-09 22:19:12,353 [INFO] Época 26/30, Batch 2750/3348, Loss: 0.0979
2025-10-09 22:19:12,619 [INFO] Época 26/30, Batch 2800/3348, Loss: 0.0845
2025-10-09 22:19:12,888 [INFO] Época 26/30, Batch 2850/3348, Loss: 0.0717
2025-10-09 22:19:13,148 [INFO] Época 26/30, Batch 2900/3348, Loss: 0.0884
2025-10-09 22:19:13,410 [INFO] Época 26/30, Batch 2950/3348, Loss: 0.1161
2025-10-09 22:19:13,673 [INFO] Época 26/30, Batch 3000/3348, Loss: 0.1090
2025-10-09 22:19:13,932 [INFO] Época 26/30, Batch 3050/3348, Loss: 0.1391
2025-10-09 22:19:14,192 [INFO] Época 26/30, Batch 3100/3348, Loss: 0.0842
2025-10-09 22:19:14,452 [INFO] Época 26/30, Batch 3150/3348, Loss: 0.1017
2025-10-09 22:19:14,716 [INFO] Época 26/30, Batch 3200/3348, Loss: 0.1030
2025-10-09 22:19:14,977 [INFO] Época 26/30, Batch 3250/3348, Loss: 0.0891
2025-10-09 22:19:15,237 [INFO] Época 26/30, Batch 3300/3348, Loss: 0.0798
2025-10-09 22:19:17,060 [INFO] [26/30] Train Loss: 0.0940 | Val Loss: 0.1458 | Tempo: 19.41s
2025-10-09 22:19:17,650 [INFO] Época 27/30, Batch 50/3348, Loss: 0.0977
2025-10-09 22:19:17,919 [INFO] Época 27/30, Batch 100/3348, Loss: 0.0665
2025-10-09 22:19:18,184 [INFO] Época 27/30, Batch 150/3348, Loss: 0.0907
2025-10-09 22:19:18,448 [INFO] Época 27/30, Batch 200/3348, Loss: 0.0777
2025-10-09 22:19:18,711 [INFO] Época 27/30, Batch 250/3348, Loss: 0.0603
2025-10-09 22:19:18,975 [INFO] Época 27/30, Batch 300/3348, Loss: 0.0828
2025-10-09 22:19:19,239 [INFO] Época 27/30, Batch 350/3348, Loss: 0.0783
2025-10-09 22:19:19,503 [INFO] Época 27/30, Batch 400/3348, Loss: 0.0899
2025-10-09 22:19:19,768 [INFO] Época 27/30, Batch 450/3348, Loss: 0.0696
2025-10-09 22:19:20,031 [INFO] Época 27/30, Batch 500/3348, Loss: 0.0896
2025-10-09 22:19:20,295 [INFO] Época 27/30, Batch 550/3348, Loss: 0.0720
2025-10-09 22:19:20,559 [INFO] Época 27/30, Batch 600/3348, Loss: 0.1054
2025-10-09 22:19:20,823 [INFO] Época 27/30, Batch 650/3348, Loss: 0.0709
2025-10-09 22:19:21,086 [INFO] Época 27/30, Batch 700/3348, Loss: 0.1061
2025-10-09 22:19:21,347 [INFO] Época 27/30, Batch 750/3348, Loss: 0.1267
2025-10-09 22:19:21,608 [INFO] Época 27/30, Batch 800/3348, Loss: 0.0998
2025-10-09 22:19:21,872 [INFO] Época 27/30, Batch 850/3348, Loss: 0.0558
2025-10-09 22:19:22,136 [INFO] Época 27/30, Batch 900/3348, Loss: 0.1380
2025-10-09 22:19:22,399 [INFO] Época 27/30, Batch 950/3348, Loss: 0.1039
2025-10-09 22:19:22,663 [INFO] Época 27/30, Batch 1000/3348, Loss: 0.0871
2025-10-09 22:19:22,926 [INFO] Época 27/30, Batch 1050/3348, Loss: 0.0721
2025-10-09 22:19:23,188 [INFO] Época 27/30, Batch 1100/3348, Loss: 0.0794
2025-10-09 22:19:23,449 [INFO] Época 27/30, Batch 1150/3348, Loss: 0.0980
2025-10-09 22:19:23,713 [INFO] Época 27/30, Batch 1200/3348, Loss: 0.0983
2025-10-09 22:19:23,978 [INFO] Época 27/30, Batch 1250/3348, Loss: 0.1146
2025-10-09 22:19:24,241 [INFO] Época 27/30, Batch 1300/3348, Loss: 0.1011
2025-10-09 22:19:24,504 [INFO] Época 27/30, Batch 1350/3348, Loss: 0.0788
2025-10-09 22:19:24,769 [INFO] Época 27/30, Batch 1400/3348, Loss: 0.0924
2025-10-09 22:19:25,033 [INFO] Época 27/30, Batch 1450/3348, Loss: 0.0938
2025-10-09 22:19:25,294 [INFO] Época 27/30, Batch 1500/3348, Loss: 0.0836
2025-10-09 22:19:25,557 [INFO] Época 27/30, Batch 1550/3348, Loss: 0.0647
2025-10-09 22:19:25,820 [INFO] Época 27/30, Batch 1600/3348, Loss: 0.0629
2025-10-09 22:19:26,081 [INFO] Época 27/30, Batch 1650/3348, Loss: 0.0857
2025-10-09 22:19:26,344 [INFO] Época 27/30, Batch 1700/3348, Loss: 0.0804
2025-10-09 22:19:26,606 [INFO] Época 27/30, Batch 1750/3348, Loss: 0.1314
2025-10-09 22:19:26,869 [INFO] Época 27/30, Batch 1800/3348, Loss: 0.0693
2025-10-09 22:19:27,132 [INFO] Época 27/30, Batch 1850/3348, Loss: 0.0747
2025-10-09 22:19:27,397 [INFO] Época 27/30, Batch 1900/3348, Loss: 0.0802
2025-10-09 22:19:27,659 [INFO] Época 27/30, Batch 1950/3348, Loss: 0.0644
2025-10-09 22:19:27,921 [INFO] Época 27/30, Batch 2000/3348, Loss: 0.0865
2025-10-09 22:19:28,183 [INFO] Época 27/30, Batch 2050/3348, Loss: 0.1149
2025-10-09 22:19:28,445 [INFO] Época 27/30, Batch 2100/3348, Loss: 0.1155
2025-10-09 22:19:28,706 [INFO] Época 27/30, Batch 2150/3348, Loss: 0.0795
2025-10-09 22:19:28,970 [INFO] Época 27/30, Batch 2200/3348, Loss: 0.0921
2025-10-09 22:19:29,234 [INFO] Época 27/30, Batch 2250/3348, Loss: 0.0632
2025-10-09 22:19:29,497 [INFO] Época 27/30, Batch 2300/3348, Loss: 0.0871
2025-10-09 22:19:29,757 [INFO] Época 27/30, Batch 2350/3348, Loss: 0.0948
2025-10-09 22:19:30,020 [INFO] Época 27/30, Batch 2400/3348, Loss: 0.0936
2025-10-09 22:19:30,284 [INFO] Época 27/30, Batch 2450/3348, Loss: 0.0862
2025-10-09 22:19:30,548 [INFO] Época 27/30, Batch 2500/3348, Loss: 0.1069
2025-10-09 22:19:30,811 [INFO] Época 27/30, Batch 2550/3348, Loss: 0.0697
2025-10-09 22:19:31,075 [INFO] Época 27/30, Batch 2600/3348, Loss: 0.0691
2025-10-09 22:19:31,337 [INFO] Época 27/30, Batch 2650/3348, Loss: 0.0955
2025-10-09 22:19:31,600 [INFO] Época 27/30, Batch 2700/3348, Loss: 0.1079
2025-10-09 22:19:31,862 [INFO] Época 27/30, Batch 2750/3348, Loss: 0.0773
2025-10-09 22:19:32,123 [INFO] Época 27/30, Batch 2800/3348, Loss: 0.1263
2025-10-09 22:19:32,385 [INFO] Época 27/30, Batch 2850/3348, Loss: 0.1120
2025-10-09 22:19:32,648 [INFO] Época 27/30, Batch 2900/3348, Loss: 0.0915
2025-10-09 22:19:32,912 [INFO] Época 27/30, Batch 2950/3348, Loss: 0.0924
2025-10-09 22:19:33,177 [INFO] Época 27/30, Batch 3000/3348, Loss: 0.0995
2025-10-09 22:19:33,441 [INFO] Época 27/30, Batch 3050/3348, Loss: 0.0782
2025-10-09 22:19:33,705 [INFO] Época 27/30, Batch 3100/3348, Loss: 0.0917
2025-10-09 22:19:33,969 [INFO] Época 27/30, Batch 3150/3348, Loss: 0.1124
2025-10-09 22:19:34,233 [INFO] Época 27/30, Batch 3200/3348, Loss: 0.1101
2025-10-09 22:19:34,498 [INFO] Época 27/30, Batch 3250/3348, Loss: 0.0647
2025-10-09 22:19:34,761 [INFO] Época 27/30, Batch 3300/3348, Loss: 0.0905
2025-10-09 22:19:36,569 [INFO] [27/30] Train Loss: 0.0929 | Val Loss: 0.1437 | Tempo: 19.51s
2025-10-09 22:19:37,167 [INFO] Época 28/30, Batch 50/3348, Loss: 0.1015
2025-10-09 22:19:37,440 [INFO] Época 28/30, Batch 100/3348, Loss: 0.0913
2025-10-09 22:19:37,709 [INFO] Época 28/30, Batch 150/3348, Loss: 0.0836
2025-10-09 22:19:37,980 [INFO] Época 28/30, Batch 200/3348, Loss: 0.0905
2025-10-09 22:19:38,249 [INFO] Época 28/30, Batch 250/3348, Loss: 0.1207
2025-10-09 22:19:38,518 [INFO] Época 28/30, Batch 300/3348, Loss: 0.0672
2025-10-09 22:19:38,785 [INFO] Época 28/30, Batch 350/3348, Loss: 0.0891
2025-10-09 22:19:39,052 [INFO] Época 28/30, Batch 400/3348, Loss: 0.0944
2025-10-09 22:19:39,320 [INFO] Época 28/30, Batch 450/3348, Loss: 0.0860
2025-10-09 22:19:39,587 [INFO] Época 28/30, Batch 500/3348, Loss: 0.0669
2025-10-09 22:19:39,853 [INFO] Época 28/30, Batch 550/3348, Loss: 0.0852
2025-10-09 22:19:40,122 [INFO] Época 28/30, Batch 600/3348, Loss: 0.0801
2025-10-09 22:19:40,387 [INFO] Época 28/30, Batch 650/3348, Loss: 0.1219
2025-10-09 22:19:40,650 [INFO] Época 28/30, Batch 700/3348, Loss: 0.1000
2025-10-09 22:19:40,929 [INFO] Época 28/30, Batch 750/3348, Loss: 0.0940
2025-10-09 22:19:41,198 [INFO] Época 28/30, Batch 800/3348, Loss: 0.0947
2025-10-09 22:19:41,477 [INFO] Época 28/30, Batch 850/3348, Loss: 0.1230
2025-10-09 22:19:41,744 [INFO] Época 28/30, Batch 900/3348, Loss: 0.0888
2025-10-09 22:19:42,015 [INFO] Época 28/30, Batch 950/3348, Loss: 0.0947
2025-10-09 22:19:42,285 [INFO] Época 28/30, Batch 1000/3348, Loss: 0.0607
2025-10-09 22:19:42,555 [INFO] Época 28/30, Batch 1050/3348, Loss: 0.0822
2025-10-09 22:19:42,828 [INFO] Época 28/30, Batch 1100/3348, Loss: 0.1095
2025-10-09 22:19:43,106 [INFO] Época 28/30, Batch 1150/3348, Loss: 0.1027
2025-10-09 22:19:43,367 [INFO] Época 28/30, Batch 1200/3348, Loss: 0.0952
2025-10-09 22:19:43,630 [INFO] Época 28/30, Batch 1250/3348, Loss: 0.0886
2025-10-09 22:19:43,903 [INFO] Época 28/30, Batch 1300/3348, Loss: 0.1215
2025-10-09 22:19:44,179 [INFO] Época 28/30, Batch 1350/3348, Loss: 0.1054
2025-10-09 22:19:44,454 [INFO] Época 28/30, Batch 1400/3348, Loss: 0.0815
2025-10-09 22:19:44,730 [INFO] Época 28/30, Batch 1450/3348, Loss: 0.0709
2025-10-09 22:19:45,005 [INFO] Época 28/30, Batch 1500/3348, Loss: 0.0742
2025-10-09 22:19:45,281 [INFO] Época 28/30, Batch 1550/3348, Loss: 0.0670
2025-10-09 22:19:45,556 [INFO] Época 28/30, Batch 1600/3348, Loss: 0.1069
2025-10-09 22:19:45,832 [INFO] Época 28/30, Batch 1650/3348, Loss: 0.0722
2025-10-09 22:19:46,105 [INFO] Época 28/30, Batch 1700/3348, Loss: 0.0805
2025-10-09 22:19:46,381 [INFO] Época 28/30, Batch 1750/3348, Loss: 0.0897
2025-10-09 22:19:46,653 [INFO] Época 28/30, Batch 1800/3348, Loss: 0.0880
2025-10-09 22:19:46,929 [INFO] Época 28/30, Batch 1850/3348, Loss: 0.2266
2025-10-09 22:19:47,187 [INFO] Época 28/30, Batch 1900/3348, Loss: 0.1427
2025-10-09 22:19:47,441 [INFO] Época 28/30, Batch 1950/3348, Loss: 0.1046
2025-10-09 22:19:47,697 [INFO] Época 28/30, Batch 2000/3348, Loss: 0.0982
2025-10-09 22:19:47,953 [INFO] Época 28/30, Batch 2050/3348, Loss: 0.0918
2025-10-09 22:19:48,209 [INFO] Época 28/30, Batch 2100/3348, Loss: 0.0864
2025-10-09 22:19:48,464 [INFO] Época 28/30, Batch 2150/3348, Loss: 0.0875
2025-10-09 22:19:48,721 [INFO] Época 28/30, Batch 2200/3348, Loss: 0.0710
2025-10-09 22:19:48,976 [INFO] Época 28/30, Batch 2250/3348, Loss: 0.0762
2025-10-09 22:19:49,231 [INFO] Época 28/30, Batch 2300/3348, Loss: 0.0822
2025-10-09 22:19:49,486 [INFO] Época 28/30, Batch 2350/3348, Loss: 0.0727
2025-10-09 22:19:49,746 [INFO] Época 28/30, Batch 2400/3348, Loss: 0.0924
2025-10-09 22:19:50,022 [INFO] Época 28/30, Batch 2450/3348, Loss: 0.0982
2025-10-09 22:19:50,306 [INFO] Época 28/30, Batch 2500/3348, Loss: 0.1561
2025-10-09 22:19:50,588 [INFO] Época 28/30, Batch 2550/3348, Loss: 0.0954
2025-10-09 22:19:50,858 [INFO] Época 28/30, Batch 2600/3348, Loss: 0.0761
2025-10-09 22:19:51,124 [INFO] Época 28/30, Batch 2650/3348, Loss: 0.0925
2025-10-09 22:19:51,391 [INFO] Época 28/30, Batch 2700/3348, Loss: 0.0664
2025-10-09 22:19:51,659 [INFO] Época 28/30, Batch 2750/3348, Loss: 0.0826
2025-10-09 22:19:51,926 [INFO] Época 28/30, Batch 2800/3348, Loss: 0.0980
2025-10-09 22:19:52,189 [INFO] Época 28/30, Batch 2850/3348, Loss: 0.0775
2025-10-09 22:19:52,455 [INFO] Época 28/30, Batch 2900/3348, Loss: 0.1633
2025-10-09 22:19:52,719 [INFO] Época 28/30, Batch 2950/3348, Loss: 0.0817
2025-10-09 22:19:52,986 [INFO] Época 28/30, Batch 3000/3348, Loss: 0.0709
2025-10-09 22:19:53,252 [INFO] Época 28/30, Batch 3050/3348, Loss: 0.0918
2025-10-09 22:19:53,518 [INFO] Época 28/30, Batch 3100/3348, Loss: 0.1175
2025-10-09 22:19:53,773 [INFO] Época 28/30, Batch 3150/3348, Loss: 0.0775
2025-10-09 22:19:54,029 [INFO] Época 28/30, Batch 3200/3348, Loss: 0.0984
2025-10-09 22:19:54,288 [INFO] Época 28/30, Batch 3250/3348, Loss: 0.1068
2025-10-09 22:19:54,554 [INFO] Época 28/30, Batch 3300/3348, Loss: 0.0878
2025-10-09 22:19:56,428 [INFO] [28/30] Train Loss: 0.0920 | Val Loss: 0.1462 | Tempo: 19.86s
2025-10-09 22:19:57,042 [INFO] Época 29/30, Batch 50/3348, Loss: 0.0989
2025-10-09 22:19:57,320 [INFO] Época 29/30, Batch 100/3348, Loss: 0.0825
2025-10-09 22:19:57,596 [INFO] Época 29/30, Batch 150/3348, Loss: 0.0733
2025-10-09 22:19:57,868 [INFO] Época 29/30, Batch 200/3348, Loss: 0.0823
2025-10-09 22:19:58,142 [INFO] Época 29/30, Batch 250/3348, Loss: 0.0696
2025-10-09 22:19:58,413 [INFO] Época 29/30, Batch 300/3348, Loss: 0.0673
2025-10-09 22:19:58,686 [INFO] Época 29/30, Batch 350/3348, Loss: 0.0821
2025-10-09 22:19:58,956 [INFO] Época 29/30, Batch 400/3348, Loss: 0.1207
2025-10-09 22:19:59,218 [INFO] Época 29/30, Batch 450/3348, Loss: 0.1098
2025-10-09 22:19:59,480 [INFO] Época 29/30, Batch 500/3348, Loss: 0.0722
2025-10-09 22:19:59,743 [INFO] Época 29/30, Batch 550/3348, Loss: 0.0957
2025-10-09 22:20:00,014 [INFO] Época 29/30, Batch 600/3348, Loss: 0.0743
2025-10-09 22:20:00,284 [INFO] Época 29/30, Batch 650/3348, Loss: 0.1611
2025-10-09 22:20:00,554 [INFO] Época 29/30, Batch 700/3348, Loss: 0.0694
2025-10-09 22:20:00,822 [INFO] Época 29/30, Batch 750/3348, Loss: 0.0890
2025-10-09 22:20:01,082 [INFO] Época 29/30, Batch 800/3348, Loss: 0.0726
2025-10-09 22:20:01,343 [INFO] Época 29/30, Batch 850/3348, Loss: 0.0831
2025-10-09 22:20:01,602 [INFO] Época 29/30, Batch 900/3348, Loss: 0.0959
2025-10-09 22:20:01,862 [INFO] Época 29/30, Batch 950/3348, Loss: 0.0915
2025-10-09 22:20:02,124 [INFO] Época 29/30, Batch 1000/3348, Loss: 0.1044
2025-10-09 22:20:02,385 [INFO] Época 29/30, Batch 1050/3348, Loss: 0.0849
2025-10-09 22:20:02,646 [INFO] Época 29/30, Batch 1100/3348, Loss: 0.0942
2025-10-09 22:20:02,906 [INFO] Época 29/30, Batch 1150/3348, Loss: 0.0901
2025-10-09 22:20:03,165 [INFO] Época 29/30, Batch 1200/3348, Loss: 0.0704
2025-10-09 22:20:03,425 [INFO] Época 29/30, Batch 1250/3348, Loss: 0.1027
2025-10-09 22:20:03,686 [INFO] Época 29/30, Batch 1300/3348, Loss: 0.0915
2025-10-09 22:20:03,946 [INFO] Época 29/30, Batch 1350/3348, Loss: 0.0682
2025-10-09 22:20:04,206 [INFO] Época 29/30, Batch 1400/3348, Loss: 0.0892
2025-10-09 22:20:04,465 [INFO] Época 29/30, Batch 1450/3348, Loss: 0.0997
2025-10-09 22:20:04,726 [INFO] Época 29/30, Batch 1500/3348, Loss: 0.0687
2025-10-09 22:20:04,986 [INFO] Época 29/30, Batch 1550/3348, Loss: 0.1104
2025-10-09 22:20:05,245 [INFO] Época 29/30, Batch 1600/3348, Loss: 0.0897
2025-10-09 22:20:05,504 [INFO] Época 29/30, Batch 1650/3348, Loss: 0.0940
2025-10-09 22:20:05,769 [INFO] Época 29/30, Batch 1700/3348, Loss: 0.0736
2025-10-09 22:20:06,037 [INFO] Época 29/30, Batch 1750/3348, Loss: 0.0689
2025-10-09 22:20:06,306 [INFO] Época 29/30, Batch 1800/3348, Loss: 0.0754
2025-10-09 22:20:06,574 [INFO] Época 29/30, Batch 1850/3348, Loss: 0.0667
2025-10-09 22:20:06,842 [INFO] Época 29/30, Batch 1900/3348, Loss: 0.0736
2025-10-09 22:20:07,110 [INFO] Época 29/30, Batch 1950/3348, Loss: 0.0951
2025-10-09 22:20:07,377 [INFO] Época 29/30, Batch 2000/3348, Loss: 0.0941
2025-10-09 22:20:07,647 [INFO] Época 29/30, Batch 2050/3348, Loss: 0.0811
2025-10-09 22:20:07,915 [INFO] Época 29/30, Batch 2100/3348, Loss: 0.1130
2025-10-09 22:20:08,183 [INFO] Época 29/30, Batch 2150/3348, Loss: 0.0746
2025-10-09 22:20:08,451 [INFO] Época 29/30, Batch 2200/3348, Loss: 0.1110
2025-10-09 22:20:08,722 [INFO] Época 29/30, Batch 2250/3348, Loss: 0.0946
2025-10-09 22:20:08,991 [INFO] Época 29/30, Batch 2300/3348, Loss: 0.0853
2025-10-09 22:20:09,257 [INFO] Época 29/30, Batch 2350/3348, Loss: 0.1099
2025-10-09 22:20:09,517 [INFO] Época 29/30, Batch 2400/3348, Loss: 0.1101
2025-10-09 22:20:09,779 [INFO] Época 29/30, Batch 2450/3348, Loss: 0.1000
2025-10-09 22:20:10,040 [INFO] Época 29/30, Batch 2500/3348, Loss: 0.0731
2025-10-09 22:20:10,304 [INFO] Época 29/30, Batch 2550/3348, Loss: 0.0982
2025-10-09 22:20:10,565 [INFO] Época 29/30, Batch 2600/3348, Loss: 0.0863
2025-10-09 22:20:10,830 [INFO] Época 29/30, Batch 2650/3348, Loss: 0.0721
2025-10-09 22:20:11,091 [INFO] Época 29/30, Batch 2700/3348, Loss: 0.0791
2025-10-09 22:20:11,352 [INFO] Época 29/30, Batch 2750/3348, Loss: 0.0805
2025-10-09 22:20:11,615 [INFO] Época 29/30, Batch 2800/3348, Loss: 0.0705
2025-10-09 22:20:11,875 [INFO] Época 29/30, Batch 2850/3348, Loss: 0.1032
2025-10-09 22:20:12,138 [INFO] Época 29/30, Batch 2900/3348, Loss: 0.0810
2025-10-09 22:20:12,398 [INFO] Época 29/30, Batch 2950/3348, Loss: 0.1051
2025-10-09 22:20:12,659 [INFO] Época 29/30, Batch 3000/3348, Loss: 0.0949
2025-10-09 22:20:12,919 [INFO] Época 29/30, Batch 3050/3348, Loss: 0.0808
2025-10-09 22:20:13,178 [INFO] Época 29/30, Batch 3100/3348, Loss: 0.1489
2025-10-09 22:20:13,439 [INFO] Época 29/30, Batch 3150/3348, Loss: 0.1371
2025-10-09 22:20:13,701 [INFO] Época 29/30, Batch 3200/3348, Loss: 0.0674
2025-10-09 22:20:13,962 [INFO] Época 29/30, Batch 3250/3348, Loss: 0.0790
2025-10-09 22:20:14,224 [INFO] Época 29/30, Batch 3300/3348, Loss: 0.0947
2025-10-09 22:20:16,073 [INFO] [29/30] Train Loss: 0.0917 | Val Loss: 0.1522 | Tempo: 19.64s
2025-10-09 22:20:16,073 [INFO] Early stopping ativado após 10 épocas sem melhoria
2025-10-09 22:20:16,073 [INFO] Treinamento concluído em 569.37 segundos (9.49 minutos)
2025-10-09 22:20:16,073 [INFO] Iniciando avaliação no conjunto de teste...
2025-10-09 22:20:17,592 [INFO] Avaliação do teste concluída em 1.52 segundos
2025-10-09 22:20:17,592 [INFO] MSE no teste: 0.2664
2025-10-09 22:20:17,592 [INFO] RMSE no teste: 0.5161
2025-10-09 22:20:17,592 [INFO] MAE no teste: 0.3593
2025-10-09 22:20:17,593 [INFO] Métricas salvas em /mnt/hdd/home/jdurao/ToolBox-ChemXAI/logs/mlp_att4_AtomPair_metrics.json
